Address,GPIB0::22::INSTR
Model,34461A
Serial Number:,MY60051737
Firmware Version,A.03.03-03.15-03.03-00.52-04-03
Start Time,2026-08-18 16:25:53.997
Stop Time,2026-08-18 17:37:00.819
,
Time (s),Channel 1 (Ω)
2026-08-18 16:25:54.490,26674.0414
2026-08-18 16:25:54.917,26680.1995
2026-08-18 16:25:55.330,26683.1983
2026-08-18 16:25:55.744,26686.5667
2026-08-18 16:25:56.167,26696.6939
2026-08-18 16:25:56.595,26683.7523
2026-08-18 16:25:57.007,26679.2047
2026-08-18 16:25:57.419,26666.5573
2026-08-18 16:25:57.832,26661.9014
2026-08-18 16:25:58.245,26643.872
2026-08-18 16:25:58.658,26635.4546
2026-08-18 16:25:59.098,26652.2394
2026-08-18 16:25:59.525,26648.0565
2026-08-18 16:25:59.937,26650.6137
2026-08-18 16:26:00.352,26653.3768
2026-08-18 16:26:00.765,26651.7615
2026-08-18 16:26:01.199,26656.3579
2026-08-18 16:26:01.633,26659.0614
2026-08-18 16:26:02.047,26666.3697
2026-08-18 16:26:02.460,26689.725
2026-08-18 16:26:02.898,26691.0435
2026-08-18 16:26:03.312,26677.8751
2026-08-18 16:26:03.725,26677.9236
2026-08-18 16:26:04.137,26681.3572
2026-08-18 16:26:04.562,26677.7273
2026-08-18 16:26:04.981,26665.9709
2026-08-18 16:26:05.408,26673.0171
2026-08-18 16:26:05.839,26669.7546
2026-08-18 16:26:06.264,26671.3936
2026-08-18 16:26:06.677,26670.4808
2026-08-18 16:26:07.088,26668.45
2026-08-18 16:26:07.516,26668.2664
2026-08-18 16:26:07.929,26678.2858
2026-08-18 16:26:08.351,26687.0199
2026-08-18 16:26:08.764,26679.2299
2026-08-18 16:26:09.176,26680.0003
2026-08-18 16:26:09.595,26681.8916
2026-08-18 16:26:10.086,26684.2432
2026-08-18 16:26:10.512,26683.0542
2026-08-18 16:26:10.925,26683.5968
2026-08-18 16:26:11.354,26684.1904
2026-08-18 16:26:11.785,26673.4099
2026-08-18 16:26:12.198,26674.1312
2026-08-18 16:26:12.610,26683.539
2026-08-18 16:26:13.032,26680.8852
2026-08-18 16:26:13.445,26681.3455
2026-08-18 16:26:13.864,26682.1993
2026-08-18 16:26:14.277,26681.1262
2026-08-18 16:26:14.712,26682.7495
2026-08-18 16:26:15.132,26688.3413
2026-08-18 16:26:15.545,26697.8469
2026-08-18 16:26:15.968,26698.0135
2026-08-18 16:26:16.383,26700.5538
2026-08-18 16:26:16.818,26709.9077
2026-08-18 16:26:17.236,26712.906
2026-08-18 16:26:17.648,26713.3235
2026-08-18 16:26:18.062,26701.9785
2026-08-18 16:26:18.530,26691.5594
2026-08-18 16:26:18.966,26682.2925
2026-08-18 16:26:19.378,26681.4013
2026-08-18 16:26:19.804,26678.3471
2026-08-18 16:26:20.218,26676.1878
2026-08-18 16:26:20.635,26678.6155
2026-08-18 16:26:21.059,26671.5869
2026-08-18 16:26:21.478,26646.4233
2026-08-18 16:26:21.890,26645.5103
2026-08-18 16:26:22.314,26647.2792
2026-08-18 16:26:22.740,26651.708
2026-08-18 16:26:23.167,26653.724
2026-08-18 16:26:23.580,26664.4375
2026-08-18 16:26:23.994,26675.1697
2026-08-18 16:26:24.406,26675.0861
2026-08-18 16:26:24.819,26681.4534
2026-08-18 16:26:25.247,26681.7231
2026-08-18 16:26:25.660,26676.7071
2026-08-18 16:26:26.074,26668.8679
2026-08-18 16:26:26.499,26667.145
2026-08-18 16:26:26.918,26662.5466
2026-08-18 16:26:27.342,26662.513
2026-08-18 16:26:27.755,26671.6624
2026-08-18 16:26:28.170,26672.8144
2026-08-18 16:26:28.583,26660.3476
2026-08-18 16:26:28.999,26659.9566
2026-08-18 16:26:29.416,26665.3678
2026-08-18 16:26:29.884,26664.7297
2026-08-18 16:26:30.345,26659.3308
2026-08-18 16:26:30.791,26660.6863
2026-08-18 16:26:31.220,26657.1869
2026-08-18 16:26:31.633,26655.6064
2026-08-18 16:26:32.058,26650.1456
2026-08-18 16:26:32.484,26642.3521
2026-08-18 16:26:32.908,26636.931
2026-08-18 16:26:33.321,26626.5671
2026-08-18 16:26:33.733,26623.163
2026-08-18 16:26:34.161,26618.4535
2026-08-18 16:26:34.582,26609.5728
2026-08-18 16:26:34.995,26610.4148
2026-08-18 16:26:35.408,26605.5268
2026-08-18 16:26:35.834,26598.3947
2026-08-18 16:26:36.247,26595.0732
2026-08-18 16:26:36.667,26586.3616
2026-08-18 16:26:37.085,26568.7989
2026-08-18 16:26:37.499,26580.5138
2026-08-18 16:26:37.912,26596.6477
2026-08-18 16:26:38.325,26603.1403
2026-08-18 16:26:38.752,26604.4282
2026-08-18 16:26:39.165,26600.6645
2026-08-18 16:26:39.577,26602.7922
2026-08-18 16:26:40.004,26589.5678
2026-08-18 16:26:40.439,26598.6689
2026-08-18 16:26:40.851,26597.3364
2026-08-18 16:26:41.268,26584.0405
2026-08-18 16:26:41.684,26581.815
2026-08-18 16:26:42.113,26576.8101
2026-08-18 16:26:42.538,26581.3391
2026-08-18 16:26:42.950,26593.426
2026-08-18 16:26:43.361,26601.1325
2026-08-18 16:26:43.775,26614.5968
2026-08-18 16:26:44.250,26616.3402
2026-08-18 16:26:44.662,26618.3143
2026-08-18 16:26:45.075,26605.7995
2026-08-18 16:26:45.501,26612.4605
2026-08-18 16:26:45.914,26618.4142
2026-08-18 16:26:46.341,26615.1614
2026-08-18 16:26:46.753,26613.7273
2026-08-18 16:26:47.165,26607.0114
2026-08-18 16:26:47.577,26606.4482
2026-08-18 16:26:47.989,26610.3405
2026-08-18 16:26:48.456,26596.748
2026-08-18 16:26:48.870,26574.0939
2026-08-18 16:26:49.288,26561.148
2026-08-18 16:26:49.700,26557.0722
2026-08-18 16:26:50.114,26556.5138
2026-08-18 16:26:50.547,26553.9559
2026-08-18 16:26:50.965,26566.1048
2026-08-18 16:26:51.379,26568.5543
2026-08-18 16:26:51.791,26563.784
2026-08-18 16:26:52.217,26549.8543
2026-08-18 16:26:52.654,26544.7747
2026-08-18 16:26:53.069,26540.2176
2026-08-18 16:26:53.486,26537.9636
2026-08-18 16:26:53.904,26536.278
2026-08-18 16:26:54.316,26544.0969
2026-08-18 16:26:54.753,26554.3875
2026-08-18 16:26:55.169,26550.2179
2026-08-18 16:26:55.582,26539.5411
2026-08-18 16:26:56.019,26531.5385
2026-08-18 16:26:56.431,26516.6986
2026-08-18 16:26:56.860,26510.9883
2026-08-18 16:26:57.273,26519.4752
2026-08-18 16:26:57.687,26524.6576
2026-08-18 16:26:58.098,26523.3147
2026-08-18 16:26:58.522,26523.4964
2026-08-18 16:26:58.982,26516.0761
2026-08-18 16:26:59.411,26530.3244
2026-08-18 16:26:59.835,26526.3966
2026-08-18 16:27:00.247,26525.5063
2026-08-18 16:27:00.660,26514.7074
2026-08-18 16:27:01.082,26519.5269
2026-08-18 16:27:01.497,26514.5069
2026-08-18 16:27:01.910,26501.9954
2026-08-18 16:27:02.351,26493.4
2026-08-18 16:27:02.765,26479.5457
2026-08-18 16:27:03.185,26482.3309
2026-08-18 16:27:03.606,26456.8231
2026-08-18 16:27:04.019,26458.051
2026-08-18 16:27:04.451,26468.0832
2026-08-18 16:27:04.863,26470.3197
2026-08-18 16:27:05.280,26459.4985
2026-08-18 16:27:05.693,26454.524
2026-08-18 16:27:06.113,26457.0755
2026-08-18 16:27:06.526,26477.2209
2026-08-18 16:27:06.940,26487.757
2026-08-18 16:27:07.400,26484.6755
2026-08-18 16:27:07.812,26486.0463
2026-08-18 16:27:08.238,26489.9697
2026-08-18 16:27:08.652,26483.4615
2026-08-18 16:27:09.079,26482.9967
2026-08-18 16:27:09.500,26472.3449
2026-08-18 16:27:09.928,26469.422
2026-08-18 16:27:10.340,26462.4167
2026-08-18 16:27:10.767,26457.3539
2026-08-18 16:27:11.180,26451.9248
2026-08-18 16:27:11.606,26453.0275
2026-08-18 16:27:12.019,26449.7525
2026-08-18 16:27:12.444,26451.946
2026-08-18 16:27:12.870,26454.3287
2026-08-18 16:27:13.281,26443.3908
2026-08-18 16:27:13.721,26452.5698
2026-08-18 16:27:14.147,26455.8996
2026-08-18 16:27:14.573,26444.3479
2026-08-18 16:27:14.992,26434.1857
2026-08-18 16:27:15.405,26440.1027
2026-08-18 16:27:15.816,26451.2645
2026-08-18 16:27:16.241,26458.2456
2026-08-18 16:27:16.657,26447.1768
2026-08-18 16:27:17.071,26446.6655
2026-08-18 16:27:17.492,26439.6813
2026-08-18 16:27:17.923,26430.5013
2026-08-18 16:27:18.335,26431.5638
2026-08-18 16:27:18.748,26430.0384
2026-08-18 16:27:19.161,26413.7044
2026-08-18 16:27:19.585,26405.7747
2026-08-18 16:27:20.052,26391.5816
2026-08-18 16:27:20.466,26403.9364
2026-08-18 16:27:20.893,26410.7717
2026-08-18 16:27:21.306,26426.45
2026-08-18 16:27:21.723,26443.1928
2026-08-18 16:27:22.148,26429.4476
2026-08-18 16:27:22.560,26415.6998
2026-08-18 16:27:22.973,26402.4136
2026-08-18 16:27:23.396,26393.9955
2026-08-18 16:27:23.817,26383.461
2026-08-18 16:27:24.229,26381.3401
2026-08-18 16:27:24.645,26382.4846
2026-08-18 16:27:25.061,26386.8446
2026-08-18 16:27:25.473,26366.4352
2026-08-18 16:27:25.886,26353.1315
2026-08-18 16:27:26.347,26364.2332
2026-08-18 16:27:26.759,26357.7245
2026-08-18 16:27:27.180,26355.2394
2026-08-18 16:27:27.594,26351.0437
2026-08-18 16:27:28.055,26346.0524
2026-08-18 16:27:28.474,26339.6547
2026-08-18 16:27:28.888,26350.249
2026-08-18 16:27:29.308,26358.7455
2026-08-18 16:27:29.721,26337.3811
2026-08-18 16:27:30.133,26336.6465
2026-08-18 16:27:30.555,26349.1673
2026-08-18 16:27:30.966,26347.055
2026-08-18 16:27:31.389,26352.2804
2026-08-18 16:27:31.815,26351.5578
2026-08-18 16:27:32.229,26348.3472
2026-08-18 16:27:32.660,26340.9782
2026-08-18 16:27:33.099,26344.2004
2026-08-18 16:27:33.516,26342.65
2026-08-18 16:27:33.927,26334.4159
2026-08-18 16:27:34.356,26330.2263
2026-08-18 16:27:34.789,26334.6484
2026-08-18 16:27:35.202,26339.8767
2026-08-18 16:27:35.615,26338.0319
2026-08-18 16:27:36.027,26315.5126
2026-08-18 16:27:36.454,26308.7067
2026-08-18 16:27:36.867,26308.8939
2026-08-18 16:27:37.302,26308.9852
2026-08-18 16:27:37.714,26322.8866
2026-08-18 16:27:38.140,26317.9125
2026-08-18 16:27:38.555,26322.2531
2026-08-18 16:27:38.972,26318.7597
2026-08-18 16:27:39.400,26307.2786
2026-08-18 16:27:39.821,26288.9409
2026-08-18 16:27:40.233,26285.3827
2026-08-18 16:27:40.651,26295.5023
2026-08-18 16:27:41.065,26282.045
2026-08-18 16:27:41.491,26285.1801
2026-08-18 16:27:41.917,26299.5187
2026-08-18 16:27:42.333,26319.0418
2026-08-18 16:27:42.746,26330.0815
2026-08-18 16:27:43.159,26324.4264
2026-08-18 16:27:43.572,26323.3505
2026-08-18 16:27:43.987,26315.202
2026-08-18 16:27:44.400,26317.0626
2026-08-18 16:27:44.813,26316.5253
2026-08-18 16:27:45.248,26309.8645
2026-08-18 16:27:45.674,26300.097
2026-08-18 16:27:46.094,26292.3262
2026-08-18 16:27:46.507,26297.4469
2026-08-18 16:27:46.920,26279.6972
2026-08-18 16:27:47.346,26271.2244
2026-08-18 16:27:47.763,26275.6819
2026-08-18 16:27:48.213,26280.663
2026-08-18 16:27:48.627,26276.1192
2026-08-18 16:27:49.039,26270.9601
2026-08-18 16:27:49.465,26270.1342
2026-08-18 16:27:49.879,26266.3191
2026-08-18 16:27:50.294,26263.4186
2026-08-18 16:27:50.710,26265.2619
2026-08-18 16:27:51.126,26260.9114
2026-08-18 16:27:51.543,26259.3137
2026-08-18 16:27:51.971,26258.4911
2026-08-18 16:27:52.385,26266.2492
2026-08-18 16:27:52.799,26263.1809
2026-08-18 16:27:53.240,26241.8537
2026-08-18 16:27:53.652,26241.8473
2026-08-18 16:27:54.074,26251.7996
2026-08-18 16:27:54.487,26272.9938
2026-08-18 16:27:54.899,26269.47
2026-08-18 16:27:55.312,26266.4239
2026-08-18 16:27:55.725,26276.4826
2026-08-18 16:27:56.154,26278.7867
2026-08-18 16:27:56.565,26281.6198
2026-08-18 16:27:56.993,26283.2627
2026-08-18 16:27:57.419,26290.6701
2026-08-18 16:27:57.898,26288.807
2026-08-18 16:27:58.310,26291.8217
2026-08-18 16:27:58.770,26284.8177
2026-08-18 16:27:59.197,26285.3612
2026-08-18 16:27:59.628,26291.6241
2026-08-18 16:28:00.048,26293.0422
2026-08-18 16:28:00.463,26292.5287
2026-08-18 16:28:00.876,26274.7712
2026-08-18 16:28:01.309,26275.5437
2026-08-18 16:28:01.723,26280.8585
2026-08-18 16:28:02.135,26282.8113
2026-08-18 16:28:02.548,26289.419
2026-08-18 16:28:02.960,26288.6253
2026-08-18 16:28:03.373,26290.2508
2026-08-18 16:28:03.811,26291.7344
2026-08-18 16:28:04.238,26279.6277
2026-08-18 16:28:04.649,26349.3305
2026-08-18 16:28:05.063,26505.6724
2026-08-18 16:28:05.475,26651.281
2026-08-18 16:28:05.915,26803.7902
2026-08-18 16:28:06.342,26965.2791
2026-08-18 16:28:06.768,27129.0911
2026-08-18 16:28:07.180,27307.1016
2026-08-18 16:28:07.605,27473.7171
2026-08-18 16:28:08.037,27646.3512
2026-08-18 16:28:08.448,27826.207
2026-08-18 16:28:08.860,28003.7178
2026-08-18 16:28:09.275,28188.3309
2026-08-18 16:28:09.687,28368.0653
2026-08-18 16:28:10.111,28347.6765
2026-08-18 16:28:10.536,28156.4349
2026-08-18 16:28:10.948,27952.5345
2026-08-18 16:28:11.371,27775.6273
2026-08-18 16:28:11.799,27604.384
2026-08-18 16:28:12.212,27415.1383
2026-08-18 16:28:12.625,27235.4261
2026-08-18 16:28:13.038,27064.4801
2026-08-18 16:28:13.465,26900.4494
2026-08-18 16:28:13.926,26735.0463
2026-08-18 16:28:14.346,26545.4175
2026-08-18 16:28:14.759,26391.7812
2026-08-18 16:28:15.173,26244.888
2026-08-18 16:28:15.585,26299.4201
2026-08-18 16:28:15.997,26475.522
2026-08-18 16:28:16.440,26646.951
2026-08-18 16:28:16.852,26816.0543
2026-08-18 16:28:17.264,26974.1585
2026-08-18 16:28:17.687,27134.1235
2026-08-18 16:28:18.149,27294.9012
2026-08-18 16:28:18.577,27496.7327
2026-08-18 16:28:18.993,27683.9362
2026-08-18 16:28:19.406,27857.3723
2026-08-18 16:28:19.819,28023.7878
2026-08-18 16:28:20.242,28196.6094
2026-08-18 16:28:20.658,28391.2302
2026-08-18 16:28:21.072,28598.4684
2026-08-18 16:28:21.491,28788.4719
2026-08-18 16:28:21.908,28992.2165
2026-08-18 16:28:22.321,29191.7156
2026-08-18 16:28:22.762,29374.2129
2026-08-18 16:28:23.189,29570.8329
2026-08-18 16:28:23.601,29782.1105
2026-08-18 16:28:24.014,29985.1733
2026-08-18 16:28:24.428,30197.2566
2026-08-18 16:28:24.909,30441.5429
2026-08-18 16:28:25.321,30653.2418
2026-08-18 16:28:25.734,30855.9189
2026-08-18 16:28:26.147,30978.937
2026-08-18 16:28:26.561,30796.0003
2026-08-18 16:28:26.974,30592.4581
2026-08-18 16:28:27.389,30378.2845
2026-08-18 16:28:27.805,30168.5301
2026-08-18 16:28:28.218,29955.8421
2026-08-18 16:28:28.643,29748.9639
2026-08-18 16:28:29.072,29535.2328
2026-08-18 16:28:29.499,29324.8668
2026-08-18 16:28:29.912,29127.8399
2026-08-18 16:28:30.333,28924.8701
2026-08-18 16:28:30.759,28734.2543
2026-08-18 16:28:31.179,28547.7734
2026-08-18 16:28:31.591,28368.7387
2026-08-18 16:28:32.020,28176.8631
2026-08-18 16:28:32.432,27989.3276
2026-08-18 16:28:32.894,27808.81
2026-08-18 16:28:33.317,27619.4011
2026-08-18 16:28:33.744,27450.521
2026-08-18 16:28:34.159,27277.9448
2026-08-18 16:28:34.582,27110.7995
2026-08-18 16:28:35.001,26944.6311
2026-08-18 16:28:35.423,26778.34
2026-08-18 16:28:35.836,26620.041
2026-08-18 16:28:36.249,26554.1707
2026-08-18 16:28:36.685,26563.5431
2026-08-18 16:28:37.098,26570.8169
2026-08-18 16:28:37.512,26576.8214
2026-08-18 16:28:37.927,26569.5606
2026-08-18 16:28:38.339,26562.5712
2026-08-18 16:28:38.765,26561.231
2026-08-18 16:28:39.185,26552.1701
2026-08-18 16:28:39.608,26548.8954
2026-08-18 16:28:40.021,26549.1377
2026-08-18 16:28:40.434,26545.9105
2026-08-18 16:28:40.847,26537.9638
2026-08-18 16:28:41.312,26529.137
2026-08-18 16:28:41.733,26519.6872
2026-08-18 16:28:42.152,26530.9233
2026-08-18 16:28:42.567,26576.7735
2026-08-18 16:28:42.985,26652.029
2026-08-18 16:28:43.398,26765.4452
2026-08-18 16:28:43.814,26895.3707
2026-08-18 16:28:44.227,27049.2499
2026-08-18 16:28:44.645,27209.7457
2026-08-18 16:28:45.060,27378.7433
2026-08-18 16:28:45.479,27536.5903
2026-08-18 16:28:45.944,27711.4595
2026-08-18 16:28:46.372,27865.4246
2026-08-18 16:28:46.793,28035.6077
2026-08-18 16:28:47.207,28199.7732
2026-08-18 16:28:47.641,28130.7145
2026-08-18 16:28:48.053,27955.1296
2026-08-18 16:28:48.480,27768.3599
2026-08-18 16:28:48.906,27584.244
2026-08-18 16:28:49.321,27391.3013
2026-08-18 16:28:49.756,27202.2906
2026-08-18 16:28:50.169,27032.4914
2026-08-18 16:28:50.581,26859.3986
2026-08-18 16:28:50.993,26696.1193
2026-08-18 16:28:51.407,26542.0932
2026-08-18 16:28:51.819,26421.5237
2026-08-18 16:28:52.243,26368.8969
2026-08-18 16:28:52.657,26348.8675
2026-08-18 16:28:53.070,26372.8568
2026-08-18 16:28:53.482,26420.7191
2026-08-18 16:28:53.897,26511.1843
2026-08-18 16:28:54.362,26655.4013
2026-08-18 16:28:54.774,26815.9684
2026-08-18 16:28:55.194,26980.4373
2026-08-18 16:28:55.608,27145.5804
2026-08-18 16:28:56.021,27310.0096
2026-08-18 16:28:56.453,27472.398
2026-08-18 16:28:56.880,27660.5803
2026-08-18 16:28:57.292,27836.0586
2026-08-18 16:28:57.706,28016.596
2026-08-18 16:28:58.119,28200.0474
2026-08-18 16:28:58.548,28385.2939
2026-08-18 16:28:58.961,28567.2966
2026-08-18 16:28:59.373,28758.5042
2026-08-18 16:28:59.787,28950.9415
2026-08-18 16:29:00.200,29149.2483
2026-08-18 16:29:00.617,29351.2245
2026-08-18 16:29:01.044,29556.359
2026-08-18 16:29:01.459,29756.6633
2026-08-18 16:29:01.877,29963.7115
2026-08-18 16:29:02.289,30175.1648
2026-08-18 16:29:02.711,30376.6002
2026-08-18 16:29:03.139,30597.267
2026-08-18 16:29:03.562,30767.9383
2026-08-18 16:29:03.974,30594.7387
2026-08-18 16:29:04.394,30387.1462
2026-08-18 16:29:04.813,30167.7502
2026-08-18 16:29:05.227,29940.7014
2026-08-18 16:29:05.642,29734.2324
2026-08-18 16:29:06.056,29532.6005
2026-08-18 16:29:06.476,29328.6076
2026-08-18 16:29:06.889,29136.2039
2026-08-18 16:29:07.319,28928.5424
2026-08-18 16:29:07.746,28735.0098
2026-08-18 16:29:08.166,28548.0264
2026-08-18 16:29:08.578,28353.1929
2026-08-18 16:29:08.992,28164.169
2026-08-18 16:29:09.423,27967.4551
2026-08-18 16:29:09.835,27787.7779
2026-08-18 16:29:10.256,27601.6545
2026-08-18 16:29:10.667,27423.2759
2026-08-18 16:29:11.080,27254.3299
2026-08-18 16:29:11.518,27085.1522
2026-08-18 16:29:11.931,26905.9089
2026-08-18 16:29:12.350,26736.5928
2026-08-18 16:29:12.771,26585.3802
2026-08-18 16:29:13.183,26495.6896
2026-08-18 16:29:13.628,26468.9778
2026-08-18 16:29:14.041,26456.4356
2026-08-18 16:29:14.467,26447.6317
2026-08-18 16:29:14.882,26456.3481
2026-08-18 16:29:15.299,26461.7693
2026-08-18 16:29:15.716,26460.3942
2026-08-18 16:29:16.130,26452.8935
2026-08-18 16:29:16.545,26444.0312
2026-08-18 16:29:16.967,26444.4386
2026-08-18 16:29:17.384,26443.0545
2026-08-18 16:29:17.801,26444.1385
2026-08-18 16:29:18.219,26439.5524
2026-08-18 16:29:18.639,26428.294
2026-08-18 16:29:19.060,26424.2499
2026-08-18 16:29:19.472,26425.145
2026-08-18 16:29:19.896,26433.0344
2026-08-18 16:29:20.308,26458.5819
2026-08-18 16:29:20.744,26527.4872
2026-08-18 16:29:21.158,26674.8123
2026-08-18 16:29:21.570,26828.286
2026-08-18 16:29:21.995,26980.3697
2026-08-18 16:29:22.407,27142.2765
2026-08-18 16:29:22.843,27308.6919
2026-08-18 16:29:23.255,27489.827
2026-08-18 16:29:23.677,27661.9527
2026-08-18 16:29:24.090,27843.9546
2026-08-18 16:29:24.516,28029.6756
2026-08-18 16:29:24.949,28072.4513
2026-08-18 16:29:25.363,27892.9091
2026-08-18 16:29:25.776,27713.1946
2026-08-18 16:29:26.210,27536.0558
2026-08-18 16:29:26.628,27355.5459
2026-08-18 16:29:27.041,27176.6272
2026-08-18 16:29:27.476,26990.8128
2026-08-18 16:29:27.889,26820.0011
2026-08-18 16:29:28.317,26653.5754
2026-08-18 16:29:28.744,26510.5511
2026-08-18 16:29:29.159,26415.0521
2026-08-18 16:29:29.580,26377.2898
2026-08-18 16:29:30.005,26355.5017
2026-08-18 16:29:30.430,26364.0407
2026-08-18 16:29:30.842,26396.7347
2026-08-18 16:29:31.254,26456.0481
2026-08-18 16:29:31.667,26556.5454
2026-08-18 16:29:32.084,26698.9152
2026-08-18 16:29:32.504,26862.7327
2026-08-18 16:29:32.921,27022.7713
2026-08-18 16:29:33.333,27188.0428
2026-08-18 16:29:33.746,27369.5552
2026-08-18 16:29:34.187,27551.606
2026-08-18 16:29:34.613,27735.1388
2026-08-18 16:29:35.026,27908.8139
2026-08-18 16:29:35.438,28081.5597
2026-08-18 16:29:35.852,28268.1604
2026-08-18 16:29:36.280,28473.0618
2026-08-18 16:29:36.704,28663.9161
2026-08-18 16:29:37.131,28865.0679
2026-08-18 16:29:37.545,29067.2967
2026-08-18 16:29:37.958,29258.1393
2026-08-18 16:29:38.373,29458.419
2026-08-18 16:29:38.800,29663.4643
2026-08-18 16:29:39.219,29866.7021
2026-08-18 16:29:39.646,30071.9146
2026-08-18 16:29:40.066,30288.1837
2026-08-18 16:29:40.484,30512.8927
2026-08-18 16:29:40.896,30725.2602
2026-08-18 16:29:41.329,30618.2914
2026-08-18 16:29:41.742,30392.579
2026-08-18 16:29:42.154,30169.6242
2026-08-18 16:29:42.569,29959.9638
2026-08-18 16:29:42.983,29745.5819
2026-08-18 16:29:43.420,29535.4188
2026-08-18 16:29:43.882,29342.744
2026-08-18 16:29:44.299,29111.9806
2026-08-18 16:29:44.712,28911.1533
2026-08-18 16:29:45.123,28704.6869
2026-08-18 16:29:45.537,28514.5399
2026-08-18 16:29:45.949,28326.2702
2026-08-18 16:29:46.383,28140.3814
2026-08-18 16:29:46.798,27953.1745
2026-08-18 16:29:47.211,27774.1066
2026-08-18 16:29:47.623,27598.5128
2026-08-18 16:29:48.035,27429.9099
2026-08-18 16:29:48.448,27257.1371
2026-08-18 16:29:48.914,27053.9998
2026-08-18 16:29:49.335,26880.2621
2026-08-18 16:29:49.796,26697.8464
2026-08-18 16:29:50.247,26567.7284
2026-08-18 16:29:50.661,26511.1179
2026-08-18 16:29:51.075,26491.5508
2026-08-18 16:29:51.494,26477.4623
2026-08-18 16:29:51.923,26466.82
2026-08-18 16:29:52.337,26462.9758
2026-08-18 16:29:52.749,26459.7143
2026-08-18 16:29:53.176,26457.5997
2026-08-18 16:29:53.589,26454.1456
2026-08-18 16:29:54.055,26447.2358
2026-08-18 16:29:54.469,26436.8782
2026-08-18 16:29:54.897,26433.0342
2026-08-18 16:29:55.313,26435.1405
2026-08-18 16:29:55.729,26430.666
2026-08-18 16:29:56.143,26423.1347
2026-08-18 16:29:56.569,26414.6214
2026-08-18 16:29:56.981,26419.9464
2026-08-18 16:29:57.393,26434.4188
2026-08-18 16:29:57.807,26461.5601
2026-08-18 16:29:58.242,26512.2685
2026-08-18 16:29:58.662,26640.6962
2026-08-18 16:29:59.075,26795.9796
2026-08-18 16:29:59.488,26955.9689
2026-08-18 16:29:59.901,27131.7192
2026-08-18 16:30:00.342,27313.8116
2026-08-18 16:30:00.755,27492.7865
2026-08-18 16:30:01.171,27664.4124
2026-08-18 16:30:01.587,27850.3975
2026-08-18 16:30:01.999,28035.612
2026-08-18 16:30:02.441,28033.0075
2026-08-18 16:30:02.853,27841.1317
2026-08-18 16:30:03.265,27665.8926
2026-08-18 16:30:03.677,27486.3644
2026-08-18 16:30:04.099,27300.2888
2026-08-18 16:30:04.560,27101.2584
2026-08-18 16:30:04.974,26921.4909
2026-08-18 16:30:05.411,26763.4078
2026-08-18 16:30:05.838,26611.2385
2026-08-18 16:30:06.252,26487.8869
2026-08-18 16:30:06.679,26428.5734
2026-08-18 16:30:07.099,26393.5323
2026-08-18 16:30:07.512,26377.0855
2026-08-18 16:30:07.924,26389.3719
2026-08-18 16:30:08.339,26424.238
2026-08-18 16:30:08.757,26474.1586
2026-08-18 16:30:09.174,26562.4319
2026-08-18 16:30:09.587,26687.7988
2026-08-18 16:30:10.000,26836.7174
2026-08-18 16:30:10.414,26979.2304
2026-08-18 16:30:10.849,27139.8344
2026-08-18 16:30:11.277,27335.2357
2026-08-18 16:30:11.691,27517.563
2026-08-18 16:30:12.106,27704.3696
2026-08-18 16:30:12.519,27898.6649
2026-08-18 16:30:12.934,28092.02
2026-08-18 16:30:13.346,28273.3901
2026-08-18 16:30:13.807,28488.2923
2026-08-18 16:30:14.220,28684.3016
2026-08-18 16:30:14.633,28866.2059
2026-08-18 16:30:15.046,29071.3747
2026-08-18 16:30:15.462,29279.0063
2026-08-18 16:30:15.938,29511.8338
2026-08-18 16:30:16.352,29722.4275
2026-08-18 16:30:16.764,29928.0375
2026-08-18 16:30:17.178,30134.8472
2026-08-18 16:30:17.598,30351.4647
2026-08-18 16:30:18.010,30573.06
2026-08-18 16:30:18.425,30725.4768
2026-08-18 16:30:18.838,30565.0317
2026-08-18 16:30:19.259,30351.8187
2026-08-18 16:30:19.685,30138.4628
2026-08-18 16:30:20.103,29926.767
2026-08-18 16:30:20.522,29723.6919
2026-08-18 16:30:20.937,29516.7011
2026-08-18 16:30:21.360,29321.3818
2026-08-18 16:30:21.773,29117.1568
2026-08-18 16:30:22.186,28925.9825
2026-08-18 16:30:22.603,28725.2528
2026-08-18 16:30:23.029,28521.5545
2026-08-18 16:30:23.456,28306.7936
2026-08-18 16:30:23.880,28122.9602
2026-08-18 16:30:24.294,27929.9528
2026-08-18 16:30:24.706,27746.62
2026-08-18 16:30:25.134,27568.4663
2026-08-18 16:30:25.546,27382.0389
2026-08-18 16:30:25.958,27204.7251
2026-08-18 16:30:26.370,27033.2473
2026-08-18 16:30:26.783,26865.2316
2026-08-18 16:30:27.196,26709.1738
2026-08-18 16:30:27.664,26582.4339
2026-08-18 16:30:28.079,26536.3057
2026-08-18 16:30:28.543,26509.6848
2026-08-18 16:30:28.966,26495.286
2026-08-18 16:30:29.379,26495.831
2026-08-18 16:30:29.793,26485.024
2026-08-18 16:30:30.204,26478.7565
2026-08-18 16:30:30.618,26471.6257
2026-08-18 16:30:31.030,26483.3776
2026-08-18 16:30:31.473,26490.8527
2026-08-18 16:30:31.895,26484.0312
2026-08-18 16:30:32.320,26483.4792
2026-08-18 16:30:32.733,26475.4889
2026-08-18 16:30:33.166,26464.6932
2026-08-18 16:30:33.578,26459.2795
2026-08-18 16:30:33.990,26465.7854
2026-08-18 16:30:34.415,26465.4493
2026-08-18 16:30:34.839,26489.2516
2026-08-18 16:30:35.255,26535.7245
2026-08-18 16:30:35.671,26610.1341
2026-08-18 16:30:36.083,26712.4283
2026-08-18 16:30:36.495,26852.3277
2026-08-18 16:30:36.962,27005.6947
2026-08-18 16:30:37.388,27185.9273
2026-08-18 16:30:37.807,27358.6675
2026-08-18 16:30:38.220,27539.9069
2026-08-18 16:30:38.654,27726.5169
2026-08-18 16:30:39.071,27911.0376
2026-08-18 16:30:39.492,28092.8724
2026-08-18 16:30:39.906,28024.0574
2026-08-18 16:30:40.318,27832.8614
2026-08-18 16:30:40.740,27647.7427
2026-08-18 16:30:41.154,27467.5342
2026-08-18 16:30:41.575,27307.3512
2026-08-18 16:30:41.989,27145.3445
2026-08-18 16:30:42.433,26995.9579
2026-08-18 16:30:42.847,26834.2623
2026-08-18 16:30:43.270,26696.5316
2026-08-18 16:30:43.683,26590.57
2026-08-18 16:30:44.095,26533.115
2026-08-18 16:30:44.508,26502.832
2026-08-18 16:30:44.921,26482.931
2026-08-18 16:30:45.334,26496.8645
2026-08-18 16:30:45.747,26530.6491
2026-08-18 16:30:46.167,26565.0468
2026-08-18 16:30:46.579,26634.6318
2026-08-18 16:30:46.994,26737.2034
2026-08-18 16:30:47.406,26882.571
2026-08-18 16:30:47.841,27052.0548
2026-08-18 16:30:48.255,27235.86
2026-08-18 16:30:48.673,27412.5057
2026-08-18 16:30:49.086,27597.1981
2026-08-18 16:30:49.500,27773.7583
2026-08-18 16:30:49.921,27953.1208
2026-08-18 16:30:50.387,28158.7195
2026-08-18 16:30:50.813,28346.4524
2026-08-18 16:30:51.227,28530.6055
2026-08-18 16:30:51.640,28720.2036
2026-08-18 16:30:52.053,28914.7084
2026-08-18 16:30:52.476,29108.0183
2026-08-18 16:30:52.905,29303.2718
2026-08-18 16:30:53.317,29513.22
2026-08-18 16:30:53.730,29712.4547
2026-08-18 16:30:54.143,29921.0242
2026-08-18 16:30:54.571,30126.8175
2026-08-18 16:30:54.986,30353.8547
2026-08-18 16:30:55.400,30584.921
2026-08-18 16:30:55.811,30780.9652
2026-08-18 16:30:56.229,30645.3594
2026-08-18 16:30:56.642,30424.4259
2026-08-18 16:30:57.055,30205.1161
2026-08-18 16:30:57.473,29992.1872
2026-08-18 16:30:57.886,29783.8191
2026-08-18 16:30:58.298,29565.4828
2026-08-18 16:30:58.719,29357.1159
2026-08-18 16:30:59.131,29157.9209
2026-08-18 16:30:59.544,28957.0219
2026-08-18 16:30:59.958,28758.14
2026-08-18 16:31:00.417,28536.6696
2026-08-18 16:31:00.831,28344.3338
2026-08-18 16:31:01.255,28155.5359
2026-08-18 16:31:01.673,27965.684
2026-08-18 16:31:02.139,27790.2839
2026-08-18 16:31:02.570,27592.28
2026-08-18 16:31:02.991,27412.0554
2026-08-18 16:31:03.405,27236.537
2026-08-18 16:31:03.818,27069.1059
2026-08-18 16:31:04.231,26907.0923
2026-08-18 16:31:04.644,26753.2061
2026-08-18 16:31:05.077,26643.9132
2026-08-18 16:31:05.490,26601.0484
2026-08-18 16:31:06.001,26585.3067
2026-08-18 16:31:06.418,26559.3041
2026-08-18 16:31:06.845,26543.8894
2026-08-18 16:31:07.258,26531.3841
2026-08-18 16:31:07.689,26523.5095
2026-08-18 16:31:08.109,26513.7384
2026-08-18 16:31:08.525,26508.3215
2026-08-18 16:31:08.952,26495.1638
2026-08-18 16:31:09.364,26488.7189
2026-08-18 16:31:09.778,26478.5577
2026-08-18 16:31:10.191,26482.5394
2026-08-18 16:31:10.604,26491.7672
2026-08-18 16:31:11.018,26489.5599
2026-08-18 16:31:11.434,26491.2697
2026-08-18 16:31:11.846,26487.9469
2026-08-18 16:31:12.272,26519.8545
2026-08-18 16:31:12.691,26556.2599
2026-08-18 16:31:13.108,26604.59
2026-08-18 16:31:13.520,26698.2778
2026-08-18 16:31:13.936,26825.9137
2026-08-18 16:31:14.353,26983.7958
2026-08-18 16:31:14.765,27144.0282
2026-08-18 16:31:15.177,27302.3572
2026-08-18 16:31:15.615,27456.5997
2026-08-18 16:31:16.028,27628.345
2026-08-18 16:31:16.440,27801.9945
2026-08-18 16:31:16.853,27990.5059
2026-08-18 16:31:17.265,27993.8092
2026-08-18 16:31:17.732,27784.7871
2026-08-18 16:31:18.230,27593.3663
2026-08-18 16:31:18.648,27382.5721
2026-08-18 16:31:19.073,27207.7991
2026-08-18 16:31:19.486,27031.2049
2026-08-18 16:31:19.901,26856.1411
2026-08-18 16:31:20.319,26696.429
2026-08-18 16:31:20.733,26557.6621
2026-08-18 16:31:21.156,26465.4843
2026-08-18 16:31:21.575,26413.5569
2026-08-18 16:31:21.986,26383.1321
2026-08-18 16:31:22.403,26371.8705
2026-08-18 16:31:22.816,26384.4041
2026-08-18 16:31:23.228,26409.7322
2026-08-18 16:31:23.641,26452.1163
2026-08-18 16:31:24.061,26520.7162
2026-08-18 16:31:24.472,26641.1605
2026-08-18 16:31:24.906,26794.9225
2026-08-18 16:31:25.323,26959.491
2026-08-18 16:31:25.740,27122.7317
2026-08-18 16:31:26.152,27292.8136
2026-08-18 16:31:26.566,27472.6076
2026-08-18 16:31:26.979,27641.283
2026-08-18 16:31:27.397,27817.5471
2026-08-18 16:31:27.811,28007.1414
2026-08-18 16:31:28.226,28189.3634
2026-08-18 16:31:28.638,28391.3138
2026-08-18 16:31:29.051,28587.4553
2026-08-18 16:31:29.463,28786.8926
2026-08-18 16:31:29.881,28983.3094
2026-08-18 16:31:30.308,29178.269
2026-08-18 16:31:30.799,29414.4058
2026-08-18 16:31:31.211,29623.0454
2026-08-18 16:31:31.628,29833.2843
2026-08-18 16:31:32.048,30060.569
2026-08-18 16:31:32.493,30278.2608
2026-08-18 16:31:32.908,30513.3821
2026-08-18 16:31:33.320,30649.0105
2026-08-18 16:31:33.734,30469.614
2026-08-18 16:31:34.158,30255.6921
2026-08-18 16:31:34.571,30034.3778
2026-08-18 16:31:34.988,29827.2666
2026-08-18 16:31:35.405,29607.7392
2026-08-18 16:31:35.817,29384.2424
2026-08-18 16:31:36.233,29175.7935
2026-08-18 16:31:36.646,28965.0806
2026-08-18 16:31:37.074,28753.4875
2026-08-18 16:31:37.513,28542.9487
2026-08-18 16:31:37.926,28330.3552
2026-08-18 16:31:38.367,28132.6859
2026-08-18 16:31:38.780,27924.2401
2026-08-18 16:31:39.192,27736.5322
2026-08-18 16:31:39.604,27570.94
2026-08-18 16:31:40.031,27399.1059
2026-08-18 16:31:40.448,27229.2411
2026-08-18 16:31:40.861,27063.545
2026-08-18 16:31:41.288,26884.8736
2026-08-18 16:31:41.700,26704.4094
2026-08-18 16:31:42.113,26550.9495
2026-08-18 16:31:42.525,26462.0515
2026-08-18 16:31:42.940,26414.9203
2026-08-18 16:31:43.365,26392.74
2026-08-18 16:31:43.787,26395.6888
2026-08-18 16:31:44.220,26400.4938
2026-08-18 16:31:44.641,26392.8106
2026-08-18 16:31:45.054,26391.1012
2026-08-18 16:31:45.467,26389.0166
2026-08-18 16:31:45.880,26386.4028
2026-08-18 16:31:46.343,26371.1256
2026-08-18 16:31:46.771,26355.8126
2026-08-18 16:31:47.184,26353.7991
2026-08-18 16:31:47.611,26356.8023
2026-08-18 16:31:48.035,26351.4141
2026-08-18 16:31:48.450,26352.1784
2026-08-18 16:31:48.863,26360.5724
2026-08-18 16:31:49.283,26380.5124
2026-08-18 16:31:49.695,26413.8373
2026-08-18 16:31:50.114,26437.1602
2026-08-18 16:31:50.528,26480.9064
2026-08-18 16:31:50.940,26562.3718
2026-08-18 16:31:51.353,26698.3408
2026-08-18 16:31:51.771,26857.4724
2026-08-18 16:31:52.232,27037.5067
2026-08-18 16:31:52.661,27210.4338
2026-08-18 16:31:53.074,27382.5816
2026-08-18 16:31:53.486,27557.4277
2026-08-18 16:31:53.903,27738.5001
2026-08-18 16:31:54.369,27945.1779
2026-08-18 16:31:54.792,27868.7385
2026-08-18 16:31:55.208,27671.1413
2026-08-18 16:31:55.620,27489.6831
2026-08-18 16:31:56.084,27312.4785
2026-08-18 16:31:56.502,27112.8799
2026-08-18 16:31:56.916,26950.6469
2026-08-18 16:31:57.330,26780.1468
2026-08-18 16:31:57.744,26621.3671
2026-08-18 16:31:58.170,26505.8206
2026-08-18 16:31:58.600,26422.6782
2026-08-18 16:31:59.020,26382.1083
2026-08-18 16:31:59.432,26357.9412
2026-08-18 16:31:59.856,26330.4084
2026-08-18 16:32:00.318,26338.8368
2026-08-18 16:32:00.737,26359.6749
2026-08-18 16:32:01.150,26398.6034
2026-08-18 16:32:01.565,26462.7284
2026-08-18 16:32:01.977,26582.3608
2026-08-18 16:32:02.391,26726.847
2026-08-18 16:32:02.804,26891.345
2026-08-18 16:32:03.218,27049.8543
2026-08-18 16:32:03.678,27244.6557
2026-08-18 16:32:04.104,27421.5869
2026-08-18 16:32:04.518,27611.6489
2026-08-18 16:32:04.931,27791.1065
2026-08-18 16:32:05.352,27977.5298
2026-08-18 16:32:05.817,28183.1449
2026-08-18 16:32:06.230,28363.4911
2026-08-18 16:32:06.644,28558.1733
2026-08-18 16:32:07.058,28757.5612
2026-08-18 16:32:07.474,28961.6377
2026-08-18 16:32:07.888,29164.8014
2026-08-18 16:32:08.393,29402.6967
2026-08-18 16:32:08.807,29610.341
2026-08-18 16:32:09.220,29813.3438
2026-08-18 16:32:09.647,30026.186
2026-08-18 16:32:10.092,30239.6087
2026-08-18 16:32:10.515,30478.4107
2026-08-18 16:32:10.930,30478.7029
2026-08-18 16:32:11.343,30261.8608
2026-08-18 16:32:11.808,30045.6637
2026-08-18 16:32:12.238,29804.5605
2026-08-18 16:32:12.650,29591.3676
2026-08-18 16:32:13.063,29374.3212
2026-08-18 16:32:13.476,29175.1789
2026-08-18 16:32:13.889,28983.0479
2026-08-18 16:32:14.367,28757.9345
2026-08-18 16:32:14.786,28547.0946
2026-08-18 16:32:15.200,28349.0408
2026-08-18 16:32:15.625,28152.9394
2026-08-18 16:32:16.037,27967.3913
2026-08-18 16:32:16.465,27792.9505
2026-08-18 16:32:16.879,27601.496
2026-08-18 16:32:17.292,27409.6949
2026-08-18 16:32:17.710,27226.2906
2026-08-18 16:32:18.124,27039.2013
2026-08-18 16:32:18.537,26872.2531
2026-08-18 16:32:18.948,26707.8012
2026-08-18 16:32:19.363,26543.6278
2026-08-18 16:32:19.829,26427.0026
2026-08-18 16:32:20.257,26389.2872
2026-08-18 16:32:20.670,26361.7545
2026-08-18 16:32:21.094,26350.41
2026-08-18 16:32:21.506,26345.5366
2026-08-18 16:32:21.918,26342.7687
2026-08-18 16:32:22.350,26338.7019
2026-08-18 16:32:22.775,26335.3654
2026-08-18 16:32:23.193,26325.5314
2026-08-18 16:32:23.605,26324.0647
2026-08-18 16:32:24.020,26322.0035
2026-08-18 16:32:24.500,26312.6603
2026-08-18 16:32:24.913,26300.7303
2026-08-18 16:32:25.326,26301.708
2026-08-18 16:32:25.737,26303.4836
2026-08-18 16:32:26.149,26300.1292
2026-08-18 16:32:26.617,26307.7302
2026-08-18 16:32:27.031,26322.3094
2026-08-18 16:32:27.446,26337.6771
2026-08-18 16:32:27.858,26376.0689
2026-08-18 16:32:28.270,26447.4537
2026-08-18 16:32:28.683,26556.8616
2026-08-18 16:32:29.100,26703.4943
2026-08-18 16:32:29.548,26871.1056
2026-08-18 16:32:29.961,27049.873
2026-08-18 16:32:30.378,27228.8627
2026-08-18 16:32:30.792,27412.3711
2026-08-18 16:32:31.206,27589.5704
2026-08-18 16:32:31.619,27765.7574
2026-08-18 16:32:32.120,27810.9383
2026-08-18 16:32:32.533,27625.2182
2026-08-18 16:32:32.954,27442.0472
2026-08-18 16:32:33.365,27251.9247
2026-08-18 16:32:33.784,27094.2682
2026-08-18 16:32:34.197,26912.6143
2026-08-18 16:32:34.614,26735.8807
2026-08-18 16:32:35.027,26581.4164
2026-08-18 16:32:35.439,26455.481
2026-08-18 16:32:35.852,26378.4646
2026-08-18 16:32:36.278,26339.4485
2026-08-18 16:32:36.691,26303.4219
2026-08-18 16:32:37.103,26276.167
2026-08-18 16:32:37.521,26276.8206
2026-08-18 16:32:37.936,26289.9545
2026-08-18 16:32:38.349,26310.4439
2026-08-18 16:32:38.767,26350.1962
2026-08-18 16:32:39.213,26429.0714
2026-08-18 16:32:39.625,26580.0235
2026-08-18 16:32:40.043,26735.1796
2026-08-18 16:32:40.455,26902.6358
2026-08-18 16:32:40.871,27068.7792
2026-08-18 16:32:41.284,27237.1686
2026-08-18 16:32:41.695,27413.9471
2026-08-18 16:32:42.108,27592.8999
2026-08-18 16:32:42.521,27772.428
2026-08-18 16:32:42.943,27959.1477
2026-08-18 16:32:43.374,28151.6717
2026-08-18 16:32:43.800,28344.4556
2026-08-18 16:32:44.217,28537.6142
2026-08-18 16:32:44.630,28726.3685
2026-08-18 16:32:45.064,28923.2315
2026-08-18 16:32:45.491,29126.8623
2026-08-18 16:32:45.904,29337.0737
2026-08-18 16:32:46.327,29548.998
2026-08-18 16:32:46.740,29765.0296
2026-08-18 16:32:47.186,29974.6739
2026-08-18 16:32:47.607,30206.7663
2026-08-18 16:32:48.019,30409.057
2026-08-18 16:32:48.436,30329.7592
2026-08-18 16:32:48.850,30106.9916
2026-08-18 16:32:49.265,29892.9917
2026-08-18 16:32:49.677,29680.3193
2026-08-18 16:32:50.123,29477.1063
2026-08-18 16:32:50.536,29262.9548
2026-08-18 16:32:50.959,29068.1596
2026-08-18 16:32:51.375,28858.1033
2026-08-18 16:32:51.788,28665.2237
2026-08-18 16:32:52.250,28445.0955
2026-08-18 16:32:52.661,28249.9445
2026-08-18 16:32:53.075,28052.2798
2026-08-18 16:32:53.488,27866.4903
2026-08-18 16:32:53.912,27688.6821
2026-08-18 16:32:54.333,27503.0299
2026-08-18 16:32:54.839,27284.7693
2026-08-18 16:32:55.251,27118.4627
2026-08-18 16:32:55.664,26949.4407
2026-08-18 16:32:56.083,26774.7461
2026-08-18 16:32:56.495,26609.5723
2026-08-18 16:32:56.918,26477.4985
2026-08-18 16:32:57.350,26395.0035
2026-08-18 16:32:57.768,26357.2331
2026-08-18 16:32:58.180,26338.1689
2026-08-18 16:32:58.593,26316.4584
2026-08-18 16:32:59.011,26306.7584
2026-08-18 16:32:59.473,26305.0251
2026-08-18 16:32:59.899,26302.3827
2026-08-18 16:33:00.312,26291.359
2026-08-18 16:33:00.726,26287.1309
2026-08-18 16:33:01.139,26284.9358
2026-08-18 16:33:01.585,26283.5455
2026-08-18 16:33:02.012,26272.5597
2026-08-18 16:33:02.425,26264.7348
2026-08-18 16:33:02.836,26260.7764
2026-08-18 16:33:03.249,26249.2194
2026-08-18 16:33:03.661,26238.7427
2026-08-18 16:33:04.086,26240.8738
2026-08-18 16:33:04.501,26251.6883
2026-08-18 16:33:04.914,26281.2646
2026-08-18 16:33:05.342,26322.8546
2026-08-18 16:33:05.769,26403.4487
2026-08-18 16:33:06.195,26524.0118
2026-08-18 16:33:06.616,26666.2372
2026-08-18 16:33:07.029,26817.5334
2026-08-18 16:33:07.457,26980.0353
2026-08-18 16:33:07.870,27166.528
2026-08-18 16:33:08.283,27346.1189
2026-08-18 16:33:08.720,27533.4784
2026-08-18 16:33:09.132,27718.9549
2026-08-18 16:33:09.579,27736.6335
2026-08-18 16:33:09.991,27546.9467
2026-08-18 16:33:10.403,27365.0416
2026-08-18 16:33:10.815,27191.5007
2026-08-18 16:33:11.229,27016.2612
2026-08-18 16:33:11.642,26839.3272
2026-08-18 16:33:12.055,26678.368
2026-08-18 16:33:12.480,26519.2788
2026-08-18 16:33:12.899,26383.3531
2026-08-18 16:33:13.312,26300.9845
2026-08-18 16:33:13.745,26246.2845
2026-08-18 16:33:14.157,26220.2021
2026-08-18 16:33:14.585,26207.0806
2026-08-18 16:33:15.006,26213.4776
2026-08-18 16:33:15.426,26231.0012
2026-08-18 16:33:15.840,26252.4067
2026-08-18 16:33:16.253,26298.8861
2026-08-18 16:33:16.684,26397.5028
2026-08-18 16:33:17.101,26529.578
2026-08-18 16:33:17.516,26683.2769
2026-08-18 16:33:17.927,26850.893
2026-08-18 16:33:18.360,27020.8841
2026-08-18 16:33:18.772,27192.9852
2026-08-18 16:33:19.185,27358.857
2026-08-18 16:33:19.599,27532.8513
2026-08-18 16:33:20.012,27712.4215
2026-08-18 16:33:20.425,27892.9882
2026-08-18 16:33:20.838,28089.9416
2026-08-18 16:33:21.254,28277.3579
2026-08-18 16:33:21.666,28476.1
2026-08-18 16:33:22.092,28671.3185
2026-08-18 16:33:22.503,28869.3431
2026-08-18 16:33:22.921,29062.0385
2026-08-18 16:33:23.334,29273.3727
2026-08-18 16:33:23.773,29483.1694
2026-08-18 16:33:24.191,29690.6434
2026-08-18 16:33:24.603,29906.4787
2026-08-18 16:33:25.030,30134.2573
2026-08-18 16:33:25.444,30348.9129
2026-08-18 16:33:25.857,30283.846
2026-08-18 16:33:26.269,30076.1067
2026-08-18 16:33:26.687,29859.2363
2026-08-18 16:33:27.133,29635.3286
2026-08-18 16:33:27.561,29422.2204
2026-08-18 16:33:27.975,29223.8653
2026-08-18 16:33:28.391,29021.1693
2026-08-18 16:33:28.804,28821.3213
2026-08-18 16:33:29.248,28620.4604
2026-08-18 16:33:29.675,28404.7845
2026-08-18 16:33:30.087,28204.7071
2026-08-18 16:33:30.506,28020.15
2026-08-18 16:33:30.922,27828.3461
2026-08-18 16:33:31.360,27638.4575
2026-08-18 16:33:31.773,27452.3884
2026-08-18 16:33:32.186,27277.7167
2026-08-18 16:33:32.605,27100.2392
2026-08-18 16:33:33.018,26920.2847
2026-08-18 16:33:33.437,26733.7893
2026-08-18 16:33:33.850,26560.5715
2026-08-18 16:33:34.315,26400.8497
2026-08-18 16:33:34.742,26322.2331
2026-08-18 16:33:35.168,26282.3518
2026-08-18 16:33:35.582,26255.9084
2026-08-18 16:33:35.998,26241.3167
2026-08-18 16:33:36.411,26225.8955
2026-08-18 16:33:36.840,26232.6315
2026-08-18 16:33:37.252,26234.3567
2026-08-18 16:33:37.680,26236.592
2026-08-18 16:33:38.101,26231.3077
2026-08-18 16:33:38.521,26226.881
2026-08-18 16:33:38.984,26231.5235
2026-08-18 16:33:39.404,26233.9136
2026-08-18 16:33:39.818,26237.4642
2026-08-18 16:33:40.244,26231.203
2026-08-18 16:33:40.673,26231.1485
2026-08-18 16:33:41.091,26230.3627
2026-08-18 16:33:41.510,26236.6437
2026-08-18 16:33:41.922,26246.6841
2026-08-18 16:33:42.336,26261.9432
2026-08-18 16:33:42.748,26308.4556
2026-08-18 16:33:43.159,26376.3304
2026-08-18 16:33:43.574,26482.7324
2026-08-18 16:33:44.006,26614.5352
2026-08-18 16:33:44.440,26774.7525
2026-08-18 16:33:44.854,26969.4984
2026-08-18 16:33:45.272,27153.9586
2026-08-18 16:33:45.687,27336.3349
2026-08-18 16:33:46.100,27515.9765
2026-08-18 16:33:46.570,27728.4448
2026-08-18 16:33:46.985,27758.9926
2026-08-18 16:33:47.398,27577.8592
2026-08-18 16:33:47.810,27399.254
2026-08-18 16:33:48.282,27222.2108
2026-08-18 16:33:48.699,27020.9792
2026-08-18 16:33:49.115,26858.2168
2026-08-18 16:33:49.527,26698.3446
2026-08-18 16:33:49.953,26536.022
2026-08-18 16:33:50.366,26401.7299
2026-08-18 16:33:50.797,26320.5697
2026-08-18 16:33:51.223,26279.8641
2026-08-18 16:33:51.639,26258.9389
2026-08-18 16:33:52.052,26252.9758
2026-08-18 16:33:52.465,26264.1576
2026-08-18 16:33:52.925,26288.2937
2026-08-18 16:33:53.339,26320.3274
2026-08-18 16:33:53.759,26371.673
2026-08-18 16:33:54.174,26471.2709
2026-08-18 16:33:54.592,26613.2495
2026-08-18 16:33:55.058,26795.0195
2026-08-18 16:33:55.470,26957.2181
2026-08-18 16:33:55.892,27123.5574
2026-08-18 16:33:56.306,27299.5984
2026-08-18 16:33:56.720,27474.0775
2026-08-18 16:33:57.132,27654.485
2026-08-18 16:33:57.545,27844.1014
2026-08-18 16:33:57.986,28025.4695
2026-08-18 16:33:58.418,28232.5926
2026-08-18 16:33:58.831,28436.6983
2026-08-18 16:33:59.257,28635.5541
2026-08-18 16:33:59.671,28825.1408
2026-08-18 16:34:00.107,29027.0887
2026-08-18 16:34:00.520,29239.3222
2026-08-18 16:34:00.932,29446.8397
2026-08-18 16:34:01.345,29650.1296
2026-08-18 16:34:01.759,29860.3378
2026-08-18 16:34:02.172,30074.2451
2026-08-18 16:34:02.584,30301.6073
2026-08-18 16:34:02.997,30480.4293
2026-08-18 16:34:03.409,30320.0472
2026-08-18 16:34:03.878,30114.0306
2026-08-18 16:34:04.337,29855.0758
2026-08-18 16:34:04.800,29608.7429
2026-08-18 16:34:05.217,29394.1166
2026-08-18 16:34:05.629,29186.096
2026-08-18 16:34:06.056,28982.9479
2026-08-18 16:34:06.482,28781.3476
2026-08-18 16:34:06.895,28577.3154
2026-08-18 16:34:07.313,28383.6952
2026-08-18 16:34:07.726,28188.9435
2026-08-18 16:34:08.153,27996.5588
2026-08-18 16:34:08.565,27808.3102
2026-08-18 16:34:08.977,27626.1652
2026-08-18 16:34:09.390,27441.8499
2026-08-18 16:34:09.805,27259.0912
2026-08-18 16:34:10.217,27078.1903
2026-08-18 16:34:10.663,26886.6264
2026-08-18 16:34:11.085,26720.0889
2026-08-18 16:34:11.500,26560.8063
2026-08-18 16:34:11.912,26442.4303
2026-08-18 16:34:12.326,26393.0234
2026-08-18 16:34:12.739,26360.3856
2026-08-18 16:34:13.199,26342.2555
2026-08-18 16:34:13.613,26335.5009
2026-08-18 16:34:14.047,26330.0976
2026-08-18 16:34:14.459,26324.6234
2026-08-18 16:34:14.872,26312.853
2026-08-18 16:34:15.300,26307.0906
2026-08-18 16:34:15.711,26311.3156
2026-08-18 16:34:16.124,26308.0032
2026-08-18 16:34:16.549,26306.8836
2026-08-18 16:34:17.002,26290.8949
2026-08-18 16:34:17.414,26291.4669
2026-08-18 16:34:17.827,26294.5348
2026-08-18 16:34:18.243,26289.6074
2026-08-18 16:34:18.655,26288.2825
2026-08-18 16:34:19.077,26301.0919
2026-08-18 16:34:19.570,26321.5037
2026-08-18 16:34:19.994,26352.5838
2026-08-18 16:34:20.406,26400.9387
2026-08-18 16:34:20.833,26498.2874
2026-08-18 16:34:21.245,26629.7472
2026-08-18 16:34:21.663,26782.2329
2026-08-18 16:34:22.083,26945.684
2026-08-18 16:34:22.496,27130.4229
2026-08-18 16:34:22.935,27314.8486
2026-08-18 16:34:23.347,27499.4901
2026-08-18 16:34:23.761,27686.2857
2026-08-18 16:34:24.241,27863.4062
2026-08-18 16:34:24.665,27721.9059
2026-08-18 16:34:25.084,27539.9254
2026-08-18 16:34:25.497,27348.2003
2026-08-18 16:34:25.915,27175.4038
2026-08-18 16:34:26.349,27003.8474
2026-08-18 16:34:26.761,26824.1552
2026-08-18 16:34:27.187,26645.128
2026-08-18 16:34:27.599,26503.6658
2026-08-18 16:34:28.011,26407.5289
2026-08-18 16:34:28.424,26365.7104
2026-08-18 16:34:28.839,26339.5368
2026-08-18 16:34:29.264,26322.1013
2026-08-18 16:34:29.696,26313.8252
2026-08-18 16:34:30.108,26334.1277
2026-08-18 16:34:30.521,26365.4877
2026-08-18 16:34:30.947,26404.1145
2026-08-18 16:34:31.360,26463.3923
2026-08-18 16:34:31.773,26566.2322
2026-08-18 16:34:32.192,26713.563
2026-08-18 16:34:32.606,26869.9306
2026-08-18 16:34:33.020,27032.978
2026-08-18 16:34:33.432,27195.3156
2026-08-18 16:34:33.844,27377.6681
2026-08-18 16:34:34.257,27561.0541
2026-08-18 16:34:34.670,27740.7987
2026-08-18 16:34:35.083,27930.4761
2026-08-18 16:34:35.502,28132.4955
2026-08-18 16:34:35.915,28329.9767
2026-08-18 16:34:36.327,28525.915
2026-08-18 16:34:36.745,28724.0016
2026-08-18 16:34:37.157,28924.0436
2026-08-18 16:34:37.587,29137.7072
2026-08-18 16:34:38.000,29346.7406
2026-08-18 16:34:38.432,29569.5957
2026-08-18 16:34:38.844,29783.238
2026-08-18 16:34:39.257,29989.8165
2026-08-18 16:34:39.699,30204.4967
2026-08-18 16:34:40.117,30444.0888
2026-08-18 16:34:40.531,30558.9484
2026-08-18 16:34:40.944,30356.3037
2026-08-18 16:34:41.371,30131.2912
2026-08-18 16:34:41.814,29922.8534
2026-08-18 16:34:42.229,29690.8703
2026-08-18 16:34:42.644,29484.9734
2026-08-18 16:34:43.058,29286.439
2026-08-18 16:34:43.486,29080.9297
2026-08-18 16:34:43.929,28870.8552
2026-08-18 16:34:44.343,28665.0336
2026-08-18 16:34:44.763,28468.445
2026-08-18 16:34:45.180,28269.7525
2026-08-18 16:34:45.593,28078.9725
2026-08-18 16:34:46.058,27865.0809
2026-08-18 16:34:46.472,27674.7349
2026-08-18 16:34:46.896,27491.8714
2026-08-18 16:34:47.309,27313.3584
2026-08-18 16:34:47.746,27140.376
2026-08-18 16:34:48.160,26963.5407
2026-08-18 16:34:48.582,26796.7307
2026-08-18 16:34:49.009,26645.6154
2026-08-18 16:34:49.423,26543.1004
2026-08-18 16:34:49.835,26497.4727
2026-08-18 16:34:50.256,26475.8377
2026-08-18 16:34:50.674,26458.5644
2026-08-18 16:34:51.112,26441.9178
2026-08-18 16:34:51.534,26436.9821
2026-08-18 16:34:51.949,26440.8143
2026-08-18 16:34:52.362,26444.1278
2026-08-18 16:34:52.774,26445.9503
2026-08-18 16:34:53.187,26447.3246
2026-08-18 16:34:53.614,26443.9118
2026-08-18 16:34:54.026,26447.5062
2026-08-18 16:34:54.448,26445.7079
2026-08-18 16:34:54.868,26440.2877
2026-08-18 16:34:55.282,26435.3783
2026-08-18 16:34:55.694,26430.4191
2026-08-18 16:34:56.122,26425.39
2026-08-18 16:34:56.550,26430.2576
2026-08-18 16:34:57.012,26448.3459
2026-08-18 16:34:57.425,26477.5632
2026-08-18 16:34:57.853,26526.0823
2026-08-18 16:34:58.264,26620.9083
2026-08-18 16:34:58.687,26760.9557
2026-08-18 16:34:59.111,26920.5864
2026-08-18 16:34:59.533,27089.3915
2026-08-18 16:34:59.946,27278.4548
2026-08-18 16:35:00.365,27468.7414
2026-08-18 16:35:00.831,27660.5548
2026-08-18 16:35:01.263,27876.5504
2026-08-18 16:35:01.676,28001.6897
2026-08-18 16:35:02.090,27846.5771
2026-08-18 16:35:02.503,27657.6459
2026-08-18 16:35:02.915,27472.8599
2026-08-18 16:35:03.351,27285.8092
2026-08-18 16:35:03.767,27102.4096
2026-08-18 16:35:04.183,26932.9055
2026-08-18 16:35:04.602,26774.8613
2026-08-18 16:35:05.015,26633.8873
2026-08-18 16:35:05.428,26537.0593
2026-08-18 16:35:05.856,26486.4841
2026-08-18 16:35:06.309,26455.3506
2026-08-18 16:35:06.721,26441.1723
2026-08-18 16:35:07.135,26442.9681
2026-08-18 16:35:07.547,26459.6065
2026-08-18 16:35:07.968,26476.9342
2026-08-18 16:35:08.380,26510.3539
2026-08-18 16:35:08.793,26579.4565
2026-08-18 16:35:09.219,26682.556
2026-08-18 16:35:09.632,26826.1874
2026-08-18 16:35:10.060,26988.1174
2026-08-18 16:35:10.473,27169.8084
2026-08-18 16:35:10.900,27354.219
2026-08-18 16:35:11.313,27533.8652
2026-08-18 16:35:11.726,27713.552
2026-08-18 16:35:12.140,27894.2866
2026-08-18 16:35:12.554,28082.5008
2026-08-18 16:35:13.030,28301.5768
2026-08-18 16:35:13.458,28497.8109
2026-08-18 16:35:13.869,28705.0614
2026-08-18 16:35:14.292,28904.1076
2026-08-18 16:35:14.705,29103.1375
2026-08-18 16:35:15.117,29311.5252
2026-08-18 16:35:15.553,29532.6245
2026-08-18 16:35:15.966,29746.7795
2026-08-18 16:35:16.398,29970.6735
2026-08-18 16:35:16.826,30189.2602
2026-08-18 16:35:17.242,30411.8686
2026-08-18 16:35:17.653,30631.0066
2026-08-18 16:35:18.066,30653.8633
2026-08-18 16:35:18.492,30443.6099
2026-08-18 16:35:18.905,30222.3605
2026-08-18 16:35:19.335,30005.5573
2026-08-18 16:35:19.747,29775.2845
2026-08-18 16:35:20.175,29559.1664
2026-08-18 16:35:20.593,29341.3376
2026-08-18 16:35:21.019,29126.5972
2026-08-18 16:35:21.440,28918.9095
2026-08-18 16:35:21.866,28721.3514
2026-08-18 16:35:22.286,28525.389
2026-08-18 16:35:22.704,28330.3607
2026-08-18 16:35:23.129,28138.6263
2026-08-18 16:35:23.548,27938.8548
2026-08-18 16:35:23.980,27748.9044
2026-08-18 16:35:24.394,27553.3878
2026-08-18 16:35:24.806,27372.6042
2026-08-18 16:35:25.231,27194.4995
2026-08-18 16:35:25.644,27012.6616
2026-08-18 16:35:26.065,26850.9974
2026-08-18 16:35:26.529,26686.8975
2026-08-18 16:35:26.947,26606.3277
2026-08-18 16:35:27.359,26567.4904
2026-08-18 16:35:27.779,26544.373
2026-08-18 16:35:28.191,26530.0474
2026-08-18 16:35:28.608,26519.8118
2026-08-18 16:35:29.050,26520.0142
2026-08-18 16:35:29.478,26522.7905
2026-08-18 16:35:29.890,26522.2286
2026-08-18 16:35:30.303,26513.8564
2026-08-18 16:35:30.716,26501.4284
2026-08-18 16:35:31.129,26494.9355
2026-08-18 16:35:31.541,26491.9106
2026-08-18 16:35:31.978,26485.2782
2026-08-18 16:35:32.391,26478.0758
2026-08-18 16:35:32.813,26477.7945
2026-08-18 16:35:33.225,26479.1468
2026-08-18 16:35:33.701,26479.0865
2026-08-18 16:35:34.119,26492.2954
2026-08-18 16:35:34.552,26513.5303
2026-08-18 16:35:34.971,26551.2464
2026-08-18 16:35:35.385,26610.7801
2026-08-18 16:35:35.799,26711.7631
2026-08-18 16:35:36.211,26861.0753
2026-08-18 16:35:36.622,27013.3258
2026-08-18 16:35:37.050,27178.8121
2026-08-18 16:35:37.462,27366.7558
2026-08-18 16:35:37.874,27543.7884
2026-08-18 16:35:38.302,27735.6091
2026-08-18 16:35:38.721,27925.4113
2026-08-18 16:35:39.133,28046.5082
2026-08-18 16:35:39.545,27889.6987
2026-08-18 16:35:39.958,27709.7823
2026-08-18 16:35:40.381,27526.6741
2026-08-18 16:35:40.818,27342.6635
2026-08-18 16:35:41.247,27156.7485
2026-08-18 16:35:41.659,26981.0899
2026-08-18 16:35:42.087,26829.0222
2026-08-18 16:35:42.499,26695.8136
2026-08-18 16:35:42.937,26604.2548
2026-08-18 16:35:43.349,26552.0878
2026-08-18 16:35:43.783,26521.6018
2026-08-18 16:35:44.195,26506.961
2026-08-18 16:35:44.622,26496.2059
2026-08-18 16:35:45.049,26514.0422
2026-08-18 16:35:45.540,26540.4729
2026-08-18 16:35:45.967,26576.1168
2026-08-18 16:35:46.382,26648.0133
2026-08-18 16:35:46.794,26763.7168
2026-08-18 16:35:47.221,26907.6004
2026-08-18 16:35:47.635,27079.2781
2026-08-18 16:35:48.068,27250.1728
2026-08-18 16:35:48.488,27440.5331
2026-08-18 16:35:48.901,27630.794
2026-08-18 16:35:49.319,27829.5213
2026-08-18 16:35:49.732,28030.538
2026-08-18 16:35:50.145,28225.1051
2026-08-18 16:35:50.558,28425.9574
2026-08-18 16:35:51.026,28655.4641
2026-08-18 16:35:51.439,28857.1885
2026-08-18 16:35:51.853,29061.9979
2026-08-18 16:35:52.266,29269.9076
2026-08-18 16:35:52.678,29472.0595
2026-08-18 16:35:53.092,29683.1149
2026-08-18 16:35:53.590,29940.9531
2026-08-18 16:35:54.002,30155.4153
2026-08-18 16:35:54.413,30369.2998
2026-08-18 16:35:54.826,30584.4536
2026-08-18 16:35:55.251,30781.7357
2026-08-18 16:35:55.745,30607.3945
2026-08-18 16:35:56.159,30386.0311
2026-08-18 16:35:56.571,30168.3382
2026-08-18 16:35:56.982,29952.9293
2026-08-18 16:35:57.395,29747.1277
2026-08-18 16:35:57.818,29543.4369
2026-08-18 16:35:58.232,29334.0578
2026-08-18 16:35:58.645,29124.9973
2026-08-18 16:35:59.077,28919.3568
2026-08-18 16:35:59.490,28720.999
2026-08-18 16:35:59.906,28529.536
2026-08-18 16:36:00.320,28340.1045
2026-08-18 16:36:00.735,28150.0178
2026-08-18 16:36:01.196,27930.9905
2026-08-18 16:36:01.609,27732.3828
2026-08-18 16:36:02.022,27548.331
2026-08-18 16:36:02.450,27378.3722
2026-08-18 16:36:02.910,27202.6456
2026-08-18 16:36:03.328,27013.1901
2026-08-18 16:36:03.741,26858.677
2026-08-18 16:36:04.154,26741.6036
2026-08-18 16:36:04.575,26678.7155
2026-08-18 16:36:04.988,26650.2015
2026-08-18 16:36:05.429,26634.2011
2026-08-18 16:36:05.857,26606.7627
2026-08-18 16:36:06.269,26595.3465
2026-08-18 16:36:06.692,26588.7178
2026-08-18 16:36:07.109,26585.0858
2026-08-18 16:36:07.545,26580.1064
2026-08-18 16:36:07.957,26572.7331
2026-08-18 16:36:08.373,26559.7997
2026-08-18 16:36:08.785,26559.4454
2026-08-18 16:36:09.210,26572.175
2026-08-18 16:36:09.623,26575.7801
2026-08-18 16:36:10.051,26575.9776
2026-08-18 16:36:10.464,26574.8881
2026-08-18 16:36:10.878,26575.2756
2026-08-18 16:36:11.306,26578.8468
2026-08-18 16:36:11.722,26598.7727
2026-08-18 16:36:12.143,26626.5051
2026-08-18 16:36:12.558,26662.8967
2026-08-18 16:36:12.980,26734.4735
2026-08-18 16:36:13.392,26851.0031
2026-08-18 16:36:13.817,26997.4172
2026-08-18 16:36:14.234,27165.4174
2026-08-18 16:36:14.647,27345.7864
2026-08-18 16:36:15.059,27529.9956
2026-08-18 16:36:15.485,27720.0773
2026-08-18 16:36:15.897,27917.0849
2026-08-18 16:36:16.333,28116.4602
2026-08-18 16:36:16.767,28103.2737
2026-08-18 16:36:17.186,27908.5651
2026-08-18 16:36:17.602,27712.3982
2026-08-18 16:36:18.015,27527.8246
2026-08-18 16:36:18.435,27353.5006
2026-08-18 16:36:18.851,27177.8636
2026-08-18 16:36:19.268,27007.5669
2026-08-18 16:36:19.686,26850.4852
2026-08-18 16:36:20.099,26735.21
2026-08-18 16:36:20.531,26664.4281
2026-08-18 16:36:20.954,26626.586
2026-08-18 16:36:21.368,26600.6905
2026-08-18 16:36:21.791,26574.7244
2026-08-18 16:36:22.203,26578.0664
2026-08-18 16:36:22.632,26600.2504
2026-08-18 16:36:23.045,26641.332
2026-08-18 16:36:23.457,26689.5072
2026-08-18 16:36:23.875,26766.834
2026-08-18 16:36:24.290,26891.0305
2026-08-18 16:36:24.751,27064.3207
2026-08-18 16:36:25.168,27228.4677
2026-08-18 16:36:25.581,27407.8981
2026-08-18 16:36:26.000,27586.3377
2026-08-18 16:36:26.419,27761.5076
2026-08-18 16:36:26.847,27948.5011
2026-08-18 16:36:27.259,28152.9609
2026-08-18 16:36:27.672,28347.6118
2026-08-18 16:36:28.084,28546.2214
2026-08-18 16:36:28.497,28751.2726
2026-08-18 16:36:28.911,28954.5429
2026-08-18 16:36:29.389,29189.5535
2026-08-18 16:36:29.803,29401.9325
2026-08-18 16:36:30.227,29609.8705
2026-08-18 16:36:30.640,29828.2629
2026-08-18 16:36:31.105,30071.3715
2026-08-18 16:36:31.532,30304.3257
2026-08-18 16:36:31.946,30527.3089
2026-08-18 16:36:32.370,30748.9137
2026-08-18 16:36:32.783,30904.0352
2026-08-18 16:36:33.222,30712.859
2026-08-18 16:36:33.636,30487.255
2026-08-18 16:36:34.064,30257.3233
2026-08-18 16:36:34.489,30046.2671
2026-08-18 16:36:34.996,29790.9232
2026-08-18 16:36:35.408,29574.6894
2026-08-18 16:36:35.834,29359.839
2026-08-18 16:36:36.247,29150.8863
2026-08-18 16:36:36.674,28936.2067
2026-08-18 16:36:37.085,28731.2382
2026-08-18 16:36:37.498,28536.1745
2026-08-18 16:36:37.910,28336.3617
2026-08-18 16:36:38.334,28151.2659
2026-08-18 16:36:38.764,27955.2057
2026-08-18 16:36:39.187,27757.1668
2026-08-18 16:36:39.600,27570.6694
2026-08-18 16:36:40.012,27395.7659
2026-08-18 16:36:40.426,27220.4175
2026-08-18 16:36:40.905,27026.6576
2026-08-18 16:36:41.318,26875.9024
2026-08-18 16:36:41.739,26793.7208
2026-08-18 16:36:42.153,26752.5703
2026-08-18 16:36:42.587,26729.3983
2026-08-18 16:36:43.000,26714.7061
2026-08-18 16:36:43.415,26708.9449
2026-08-18 16:36:43.831,26704.7204
2026-08-18 16:36:44.245,26694.9213
2026-08-18 16:36:44.656,26697.4845
2026-08-18 16:36:45.083,26694.5446
2026-08-18 16:36:45.507,26689.1958
2026-08-18 16:36:45.921,26678.8231
2026-08-18 16:36:46.333,26668.5842
2026-08-18 16:36:46.793,26666.2733
2026-08-18 16:36:47.220,26670.7558
2026-08-18 16:36:47.646,26660.8758
2026-08-18 16:36:48.064,26655.8031
2026-08-18 16:36:48.479,26648.5565
2026-08-18 16:36:48.906,26645.4846
2026-08-18 16:36:49.340,26663.0595
2026-08-18 16:36:49.752,26698.4109
2026-08-18 16:36:50.169,26742.2036
2026-08-18 16:36:50.581,26823.4121
2026-08-18 16:36:50.997,26945.1709
2026-08-18 16:36:51.411,27099.6597
2026-08-18 16:36:51.823,27265.6669
2026-08-18 16:36:52.236,27441.9161
2026-08-18 16:36:52.648,27623.1175
2026-08-18 16:36:53.061,27810.1114
2026-08-18 16:36:53.480,27996.7725
2026-08-18 16:36:53.971,28171.5803
2026-08-18 16:36:54.384,28023.9689
2026-08-18 16:36:54.797,27842.4513
2026-08-18 16:36:55.262,27662.2389
2026-08-18 16:36:55.685,27454.1966
2026-08-18 16:36:56.097,27279.6185
2026-08-18 16:36:56.519,27098.63
2026-08-18 16:36:56.933,26936.5564
2026-08-18 16:36:57.345,26803.3236
2026-08-18 16:36:57.765,26720.9109
2026-08-18 16:36:58.188,26668.1998
2026-08-18 16:36:58.615,26641.5161
2026-08-18 16:36:59.035,26625.953
2026-08-18 16:36:59.453,26620.9519
2026-08-18 16:36:59.867,26640.9566
2026-08-18 16:37:00.285,26658.486
2026-08-18 16:37:00.700,26706.0518
2026-08-18 16:37:01.114,26769.2717
2026-08-18 16:37:01.526,26872.7676
2026-08-18 16:37:01.961,27020.5677
2026-08-18 16:37:02.374,27188.3882
2026-08-18 16:37:02.786,27350.5465
2026-08-18 16:37:03.200,27518.0212
2026-08-18 16:37:03.613,27712.6195
2026-08-18 16:37:04.026,27908.1114
2026-08-18 16:37:04.488,28104.4778
2026-08-18 16:37:04.906,28320.517
2026-08-18 16:37:05.319,28521.8984
2026-08-18 16:37:05.739,28721.9887
2026-08-18 16:37:06.155,28917.7812
2026-08-18 16:37:06.569,29113.6633
2026-08-18 16:37:06.994,29310.5283
2026-08-18 16:37:07.407,29534.3269
2026-08-18 16:37:07.832,29747.5191
2026-08-18 16:37:08.247,29962.7407
2026-08-18 16:37:08.663,30155.2026
2026-08-18 16:37:09.112,30361.9163
2026-08-18 16:37:09.529,30590.9191
2026-08-18 16:37:09.941,30813.1076
2026-08-18 16:37:10.360,30844.6624
2026-08-18 16:37:10.772,30617.5997
2026-08-18 16:37:11.200,30387.0579
2026-08-18 16:37:11.614,30155.9213
2026-08-18 16:37:12.041,29946.4919
2026-08-18 16:37:12.462,29726.5685
2026-08-18 16:37:12.875,29513.5479
2026-08-18 16:37:13.310,29295.3104
2026-08-18 16:37:13.727,29083.582
2026-08-18 16:37:14.141,28883.124
2026-08-18 16:37:14.553,28686.1759
2026-08-18 16:37:14.980,28465.4804
2026-08-18 16:37:15.413,28261.9464
2026-08-18 16:37:15.826,28070.2691
2026-08-18 16:37:16.248,27892.1452
2026-08-18 16:37:16.662,27718.3498
2026-08-18 16:37:17.087,27543.2001
2026-08-18 16:37:17.501,27358.0249
2026-08-18 16:37:17.914,27181.6945
2026-08-18 16:37:18.350,27011.9474
2026-08-18 16:37:18.785,26858.6393
2026-08-18 16:37:19.198,26777.3016
2026-08-18 16:37:19.626,26726.262
2026-08-18 16:37:20.051,26709.0289
2026-08-18 16:37:20.464,26697.9695
2026-08-18 16:37:20.875,26673.0777
2026-08-18 16:37:21.303,26671.1062
2026-08-18 16:37:21.715,26672.7312
2026-08-18 16:37:22.127,26668.6162
2026-08-18 16:37:22.550,26664.4239
2026-08-18 16:37:22.962,26660.2387
2026-08-18 16:37:23.400,26641.2975
2026-08-18 16:37:23.813,26638.0791
2026-08-18 16:37:24.239,26637.6868
2026-08-18 16:37:24.651,26639.7821
2026-08-18 16:37:25.065,26628.6598
2026-08-18 16:37:25.505,26629.9293
2026-08-18 16:37:25.918,26623.3337
2026-08-18 16:37:26.331,26636.1018
2026-08-18 16:37:26.757,26652.1913
2026-08-18 16:37:27.178,26675.4134
2026-08-18 16:37:27.602,26719.5153
2026-08-18 16:37:28.016,26797.9636
2026-08-18 16:37:28.445,26928.0891
2026-08-18 16:37:28.858,27083.7969
2026-08-18 16:37:29.281,27257.8869
2026-08-18 16:37:29.706,27432.5344
2026-08-18 16:37:30.120,27610.4062
2026-08-18 16:37:30.531,27792.4766
2026-08-18 16:37:30.944,27980.8589
2026-08-18 16:37:31.358,28144.5651
2026-08-18 16:37:31.854,28013.4156
2026-08-18 16:37:32.268,27782.4116
2026-08-18 16:37:32.680,27592.1914
2026-08-18 16:37:33.092,27408.5898
2026-08-18 16:37:33.515,27234.1569
2026-08-18 16:37:33.940,27066.5159
2026-08-18 16:37:34.352,26907.2446
2026-08-18 16:37:34.765,26770.3942
2026-08-18 16:37:35.177,26678.8791
2026-08-18 16:37:35.605,26625.9174
2026-08-18 16:37:36.043,26603.9954
2026-08-18 16:37:36.461,26584.2615
2026-08-18 16:37:36.885,26584.6312
2026-08-18 16:37:37.301,26614.6229
2026-08-18 16:37:37.713,26632.1587
2026-08-18 16:37:38.124,26663.5138
2026-08-18 16:37:38.551,26724.6645
2026-08-18 16:37:38.983,26835.5012
2026-08-18 16:37:39.396,26981.9765
2026-08-18 16:37:39.808,27141.0768
2026-08-18 16:37:40.224,27307.4839
2026-08-18 16:37:40.637,27479.7569
2026-08-18 16:37:41.075,27660.4944
2026-08-18 16:37:41.489,27856.9331
2026-08-18 16:37:41.916,28036.1237
2026-08-18 16:37:42.329,28226.6859
2026-08-18 16:37:42.742,28415.2431
2026-08-18 16:37:43.180,28627.0109
2026-08-18 16:37:43.593,28847.4597
2026-08-18 16:37:44.006,29051.2562
2026-08-18 16:37:44.419,29259.3983
2026-08-18 16:37:44.836,29463.6514
2026-08-18 16:37:45.254,29672.9822
2026-08-18 16:37:45.666,29888.9864
2026-08-18 16:37:46.096,30106.9242
2026-08-18 16:37:46.508,30333.849
2026-08-18 16:37:46.920,30558.9866
2026-08-18 16:37:47.333,30785.1849
2026-08-18 16:37:47.747,30868.292
2026-08-18 16:37:48.161,30650.9395
2026-08-18 16:37:48.589,30430.6335
2026-08-18 16:37:49.001,30205.4833
2026-08-18 16:37:49.414,29987.3699
2026-08-18 16:37:49.839,29768.1339
2026-08-18 16:37:50.261,29540.5421
2026-08-18 16:37:50.673,29320.52
2026-08-18 16:37:51.100,29107.2422
2026-08-18 16:37:51.514,28907.4598
2026-08-18 16:37:51.926,28709.6868
2026-08-18 16:37:52.338,28505.4185
2026-08-18 16:37:52.764,28309.2254
2026-08-18 16:37:53.182,28110.9235
2026-08-18 16:37:53.594,27914.8678
2026-08-18 16:37:54.005,27723.5728
2026-08-18 16:37:54.426,27537.2359
2026-08-18 16:37:54.842,27353.4083
2026-08-18 16:37:55.254,27179.3581
2026-08-18 16:37:55.666,27001.6958
2026-08-18 16:37:56.106,26851.7149
2026-08-18 16:37:56.526,26760.1011
2026-08-18 16:37:56.942,26715.3739
2026-08-18 16:37:57.354,26681.8824
2026-08-18 16:37:57.767,26663.1457
2026-08-18 16:37:58.205,26644.955
2026-08-18 16:37:58.619,26631.0066
2026-08-18 16:37:59.036,26626.9715
2026-08-18 16:37:59.450,26621.4482
2026-08-18 16:37:59.913,26610.595
2026-08-18 16:38:00.338,26608.9301
2026-08-18 16:38:00.751,26605.8046
2026-08-18 16:38:01.170,26599.8949
2026-08-18 16:38:01.583,26591.6837
2026-08-18 16:38:02.015,26589.6963
2026-08-18 16:38:02.428,26589.9016
2026-08-18 16:38:02.840,26588.8791
2026-08-18 16:38:03.254,26585.8748
2026-08-18 16:38:03.666,26591.6726
2026-08-18 16:38:04.102,26600.3837
2026-08-18 16:38:04.526,26625.5134
2026-08-18 16:38:04.950,26673.5738
2026-08-18 16:38:05.365,26753.3517
2026-08-18 16:38:05.777,26863.1167
2026-08-18 16:38:06.189,27009.3588
2026-08-18 16:38:06.626,27177.0278
2026-08-18 16:38:07.038,27365.1515
2026-08-18 16:38:07.451,27550.3014
2026-08-18 16:38:07.877,27741.9847
2026-08-18 16:38:08.289,27943.4239
2026-08-18 16:38:08.722,28137.7246
2026-08-18 16:38:09.134,28067.2013
2026-08-18 16:38:09.548,27877.1883
2026-08-18 16:38:09.969,27687.6667
2026-08-18 16:38:10.383,27503.0778
2026-08-18 16:38:10.796,27318.7192
2026-08-18 16:38:11.208,27133.8874
2026-08-18 16:38:11.676,26953.6947
2026-08-18 16:38:12.088,26819.893
2026-08-18 16:38:12.503,26729.2599
2026-08-18 16:38:12.919,26679.1454
2026-08-18 16:38:13.332,26647.7397
2026-08-18 16:38:13.775,26637.2497
2026-08-18 16:38:14.187,26622.3145
2026-08-18 16:38:14.600,26630.4843
2026-08-18 16:38:15.025,26658.3363
2026-08-18 16:38:15.437,26686.6293
2026-08-18 16:38:15.903,26738.8005
2026-08-18 16:38:16.332,26834.79
2026-08-18 16:38:16.743,26970.6094
2026-08-18 16:38:17.156,27124.9613
2026-08-18 16:38:17.583,27293.9105
2026-08-18 16:38:17.999,27476.5917
2026-08-18 16:38:18.425,27658.4934
2026-08-18 16:38:18.839,27838.4519
2026-08-18 16:38:19.251,28023.7046
2026-08-18 16:38:19.663,28215.0795
2026-08-18 16:38:20.103,28402.7171
2026-08-18 16:38:20.530,28605.1342
2026-08-18 16:38:20.943,28807.9948
2026-08-18 16:38:21.354,29018.0272
2026-08-18 16:38:21.815,29229.0337
2026-08-18 16:38:22.233,29456.9948
2026-08-18 16:38:22.661,29672.2057
2026-08-18 16:38:23.086,29884.3734
2026-08-18 16:38:23.504,30108.9398
2026-08-18 16:38:23.917,30326.6893
2026-08-18 16:38:24.338,30546.2316
2026-08-18 16:38:24.751,30770.0298
2026-08-18 16:38:25.164,30860.6326
2026-08-18 16:38:25.575,30644.6206
2026-08-18 16:38:25.999,30430.1006
2026-08-18 16:38:26.411,30214.0456
2026-08-18 16:38:26.823,29995.7519
2026-08-18 16:38:27.263,29783.0991
2026-08-18 16:38:27.690,29562.3009
2026-08-18 16:38:28.116,29352.4236
2026-08-18 16:38:28.530,29146.6778
2026-08-18 16:38:28.944,28948.9496
2026-08-18 16:38:29.357,28742.8956
2026-08-18 16:38:29.771,28548.4636
2026-08-18 16:38:30.198,28359.4032
2026-08-18 16:38:30.611,28159.7603
2026-08-18 16:38:31.023,27970.5273
2026-08-18 16:38:31.459,27775.405
2026-08-18 16:38:31.871,27583.7553
2026-08-18 16:38:32.298,27393.0793
2026-08-18 16:38:32.711,27204.643
2026-08-18 16:38:33.138,27033.037
2026-08-18 16:38:33.570,26896.5274
2026-08-18 16:38:34.002,26805.8772
2026-08-18 16:38:34.420,26765.9451
2026-08-18 16:38:34.838,26739.5111
2026-08-18 16:38:35.264,26723.3662
2026-08-18 16:38:35.677,26719.378
2026-08-18 16:38:36.095,26719.807
2026-08-18 16:38:36.507,26724.1976
2026-08-18 16:38:36.938,26723.5178
2026-08-18 16:38:37.349,26719.0902
2026-08-18 16:38:37.768,26709.3591
2026-08-18 16:38:38.185,26700.7646
2026-08-18 16:38:38.607,26695.9245
2026-08-18 16:38:39.022,26691.1792
2026-08-18 16:38:39.434,26684.4196
2026-08-18 16:38:39.876,26674.0261
2026-08-18 16:38:40.304,26664.0936
2026-08-18 16:38:40.716,26652.7297
2026-08-18 16:38:41.128,26668.9264
2026-08-18 16:38:41.541,26687.7955
2026-08-18 16:38:41.967,26709.7646
2026-08-18 16:38:42.381,26744.6384
2026-08-18 16:38:42.794,26816.7685
2026-08-18 16:38:43.224,26934.2897
2026-08-18 16:38:43.690,27072.2946
2026-08-18 16:38:44.113,27249.7471
2026-08-18 16:38:44.526,27417.6569
2026-08-18 16:38:44.949,27590.4773
2026-08-18 16:38:45.365,27771.2195
2026-08-18 16:38:45.780,27970.0122
2026-08-18 16:38:46.207,28143.065
2026-08-18 16:38:46.630,28027.5875
2026-08-18 16:38:47.042,27840.8978
2026-08-18 16:38:47.453,27658.409
2026-08-18 16:38:47.866,27479.7746
2026-08-18 16:38:48.294,27298.0983
2026-08-18 16:38:48.709,27128.1869
2026-08-18 16:38:49.123,26972.4153
2026-08-18 16:38:49.547,26835.9039
2026-08-18 16:38:49.960,26730.4031
2026-08-18 16:38:50.398,26669.6386
2026-08-18 16:38:50.822,26647.805
2026-08-18 16:38:51.235,26628.6914
2026-08-18 16:38:51.672,26614.8419
2026-08-18 16:38:52.097,26625.634
2026-08-18 16:38:52.510,26652.6913
2026-08-18 16:38:52.922,26693.1433
2026-08-18 16:38:53.335,26750.4541
2026-08-18 16:38:53.750,26846.6461
2026-08-18 16:38:54.162,26981.335
2026-08-18 16:38:54.597,27143.8279
2026-08-18 16:38:55.023,27324.4576
2026-08-18 16:38:55.435,27503.2648
2026-08-18 16:38:55.848,27686.7972
2026-08-18 16:38:56.311,27871.5344
2026-08-18 16:38:56.731,28078.0041
2026-08-18 16:38:57.144,28260.1835
2026-08-18 16:38:57.561,28447.9584
2026-08-18 16:38:57.974,28643.2179
2026-08-18 16:38:58.398,28848.4631
2026-08-18 16:38:58.816,29056.5635
2026-08-18 16:38:59.236,29261.1412
2026-08-18 16:38:59.657,29474.3753
2026-08-18 16:39:00.085,29691.8376
2026-08-18 16:39:00.502,29917.8165
2026-08-18 16:39:00.916,30136.6266
2026-08-18 16:39:01.331,30354.4194
2026-08-18 16:39:01.760,30584.8208
2026-08-18 16:39:02.193,30827.043
2026-08-18 16:39:02.616,30918.6476
2026-08-18 16:39:03.031,30699.854
2026-08-18 16:39:03.445,30485.5677
2026-08-18 16:39:03.867,30270.3904
2026-08-18 16:39:04.280,30052.5753
2026-08-18 16:39:04.702,29838.5194
2026-08-18 16:39:05.114,29628.3048
2026-08-18 16:39:05.575,29419.2987
2026-08-18 16:39:05.998,29184.1755
2026-08-18 16:39:06.416,28984.3655
2026-08-18 16:39:06.834,28782.5159
2026-08-18 16:39:07.259,28582.9542
2026-08-18 16:39:07.677,28378.8199
2026-08-18 16:39:08.094,28184.2395
2026-08-18 16:39:08.521,27988.9331
2026-08-18 16:39:08.934,27797.4022
2026-08-18 16:39:09.347,27605.6322
2026-08-18 16:39:09.772,27418.3863
2026-08-18 16:39:10.188,27245.7036
2026-08-18 16:39:10.601,27076.2992
2026-08-18 16:39:11.019,26939.6509
2026-08-18 16:39:11.433,26856.9699
2026-08-18 16:39:11.895,26811.0262
2026-08-18 16:39:12.313,26782.8791
2026-08-18 16:39:12.727,26761.1714
2026-08-18 16:39:13.141,26743.8538
2026-08-18 16:39:13.553,26738.5434
2026-08-18 16:39:13.967,26732.4854
2026-08-18 16:39:14.383,26737.6724
2026-08-18 16:39:14.819,26735.049
2026-08-18 16:39:15.235,26731.6135
2026-08-18 16:39:15.653,26724.8269
2026-08-18 16:39:16.065,26713.8818
2026-08-18 16:39:16.488,26704.859
2026-08-18 16:39:16.910,26692.8156
2026-08-18 16:39:17.341,26684.374
2026-08-18 16:39:17.754,26674.2
2026-08-18 16:39:18.169,26664.5404
2026-08-18 16:39:18.593,26664.4239
2026-08-18 16:39:19.007,26681.891
2026-08-18 16:39:19.441,26712.2166
2026-08-18 16:39:19.858,26753.7337
2026-08-18 16:39:20.270,26832.3589
2026-08-18 16:39:20.685,26948.0233
2026-08-18 16:39:21.100,27092.1008
2026-08-18 16:39:21.519,27252.1619
2026-08-18 16:39:21.934,27428.2693
2026-08-18 16:39:22.348,27616.5502
2026-08-18 16:39:22.773,27802.7693
2026-08-18 16:39:23.186,27986.9955
2026-08-18 16:39:23.612,28160.1261
2026-08-18 16:39:24.024,28061.4724
2026-08-18 16:39:24.452,27859.1312
2026-08-18 16:39:24.877,27661.7823
2026-08-18 16:39:25.299,27489.6298
2026-08-18 16:39:25.717,27314.4674
2026-08-18 16:39:26.143,27144.694
2026-08-18 16:39:26.556,26984.2872
2026-08-18 16:39:26.970,26858.0469
2026-08-18 16:39:27.391,26770.2273
2026-08-18 16:39:27.806,26722.1858
2026-08-18 16:39:28.219,26698.8758
2026-08-18 16:39:28.700,26679.2983
2026-08-18 16:39:29.112,26666.7869
2026-08-18 16:39:29.524,26680.6131
2026-08-18 16:39:29.937,26695.2548
2026-08-18 16:39:30.350,26718.7121
2026-08-18 16:39:30.770,26761.2483
2026-08-18 16:39:31.182,26837.9018
2026-08-18 16:39:31.600,26958.0578
2026-08-18 16:39:32.013,27121.4217
2026-08-18 16:39:32.430,27286.5858
2026-08-18 16:39:32.895,27483.9081
2026-08-18 16:39:33.309,27664.919
2026-08-18 16:39:33.736,27845.392
2026-08-18 16:39:34.150,28037.5551
2026-08-18 16:39:34.563,28229.3819
2026-08-18 16:39:34.988,28423.4132
2026-08-18 16:39:35.400,28621.0751
2026-08-18 16:39:35.829,28815.1406
2026-08-18 16:39:36.241,29011.3197
2026-08-18 16:39:36.701,29221.2395
2026-08-18 16:39:37.121,29463.0273
2026-08-18 16:39:37.533,29674.9008
2026-08-18 16:39:37.949,29880.3442
2026-08-18 16:39:38.366,30095.7823
2026-08-18 16:39:38.782,30324.8551
2026-08-18 16:39:39.200,30551.0172
2026-08-18 16:39:39.614,30777.335
2026-08-18 16:39:40.034,30881.1019
2026-08-18 16:39:40.448,30666.617
2026-08-18 16:39:40.874,30441.8241
2026-08-18 16:39:41.300,30220.5988
2026-08-18 16:39:41.719,29998.2708
2026-08-18 16:39:42.132,29782.7523
2026-08-18 16:39:42.552,29572.9184
2026-08-18 16:39:42.965,29359.5639
2026-08-18 16:39:43.398,29142.4899
2026-08-18 16:39:43.810,28939.7851
2026-08-18 16:39:44.223,28745.4426
2026-08-18 16:39:44.636,28557.4195
2026-08-18 16:39:45.061,28365.0607
2026-08-18 16:39:45.526,28137.065
2026-08-18 16:39:45.940,27946.9552
2026-08-18 16:39:46.354,27756.0492
2026-08-18 16:39:46.767,27574.2645
2026-08-18 16:39:47.189,27386.7312
2026-08-18 16:39:47.619,27205.481
2026-08-18 16:39:48.042,27043.9664
2026-08-18 16:39:48.460,26917.9959
2026-08-18 16:39:48.878,26846.1068
2026-08-18 16:39:49.292,26811.1464
2026-08-18 16:39:49.721,26791.6586
2026-08-18 16:39:50.147,26772.269
2026-08-18 16:39:50.561,26752.0444
2026-08-18 16:39:50.977,26744.1222
2026-08-18 16:39:51.390,26738.238
2026-08-18 16:39:51.827,26734.1192
2026-08-18 16:39:52.242,26729.5178
2026-08-18 16:39:52.654,26729.522
2026-08-18 16:39:53.071,26729.8993
2026-08-18 16:39:53.483,26728.2126
2026-08-18 16:39:53.926,26723.2083
2026-08-18 16:39:54.339,26723.3157
2026-08-18 16:39:54.750,26713.3432
2026-08-18 16:39:55.167,26704.316
2026-08-18 16:39:55.579,26701.7077
2026-08-18 16:39:55.992,26709.2815
2026-08-18 16:39:56.468,26728.2928
2026-08-18 16:39:56.894,26754.485
2026-08-18 16:39:57.307,26797.2045
2026-08-18 16:39:57.732,26871.5243
2026-08-18 16:39:58.145,26991.8594
2026-08-18 16:39:58.557,27140.125
2026-08-18 16:39:58.969,27301.2537
2026-08-18 16:39:59.383,27473.0789
2026-08-18 16:39:59.810,27656.0885
2026-08-18 16:40:00.222,27847.2241
2026-08-18 16:40:00.647,28032.93
2026-08-18 16:40:01.062,28206.9113
2026-08-18 16:40:01.475,28100.6459
2026-08-18 16:40:01.889,27911.6946
2026-08-18 16:40:02.301,27717.8729
2026-08-18 16:40:02.713,27534.547
2026-08-18 16:40:03.127,27357.0428
2026-08-18 16:40:03.543,27177.3203
2026-08-18 16:40:03.969,27014.2783
2026-08-18 16:40:04.399,26877.6241
2026-08-18 16:40:04.813,26782.7429
2026-08-18 16:40:05.235,26737.5039
2026-08-18 16:40:05.702,26711.1645
2026-08-18 16:40:06.121,26690.8681
2026-08-18 16:40:06.613,26685.8545
2026-08-18 16:40:07.040,26702.9536
2026-08-18 16:40:07.456,26723.7907
2026-08-18 16:40:07.874,26754.173
2026-08-18 16:40:08.288,26809.9247
2026-08-18 16:40:08.713,26897.5342
2026-08-18 16:40:09.128,27034.6827
2026-08-18 16:40:09.545,27193.3599
2026-08-18 16:40:09.958,27358.2465
2026-08-18 16:40:10.371,27524.5367
2026-08-18 16:40:10.784,27707.096
2026-08-18 16:40:11.250,27919.0303
2026-08-18 16:40:11.671,28126.5306
2026-08-18 16:40:12.097,28311.3012
2026-08-18 16:40:12.511,28511.5111
2026-08-18 16:40:12.938,28709.8218
2026-08-18 16:40:13.349,28908.2739
2026-08-18 16:40:13.761,29092.3466
2026-08-18 16:40:14.175,29310.7943
2026-08-18 16:40:14.587,29512.9125
2026-08-18 16:40:15.001,29712.1588
2026-08-18 16:40:15.412,29917.6386
2026-08-18 16:40:15.843,30126.5664
2026-08-18 16:40:16.270,30360.6199
2026-08-18 16:40:16.684,30595.1502
2026-08-18 16:40:17.098,30820.8536
2026-08-18 16:40:17.512,30877.9027
2026-08-18 16:40:17.951,30667.6645
2026-08-18 16:40:18.378,30440.7475
2026-08-18 16:40:18.790,30212.2925
2026-08-18 16:40:19.218,29982.1268
2026-08-18 16:40:19.630,29769.3849
2026-08-18 16:40:20.057,29556.9483
2026-08-18 16:40:20.485,29335.0234
2026-08-18 16:40:20.898,29134.5293
2026-08-18 16:40:21.312,28930.8371
2026-08-18 16:40:21.724,28728.5245
2026-08-18 16:40:22.164,28527.1336
2026-08-18 16:40:22.598,28311.2097
2026-08-18 16:40:23.024,28108.6148
2026-08-18 16:40:23.437,27909.5134
2026-08-18 16:40:23.849,27723.2039
2026-08-18 16:40:24.274,27542.0509
2026-08-18 16:40:24.687,27357.6212
2026-08-18 16:40:25.099,27179.9144
2026-08-18 16:40:25.512,27015.3456
2026-08-18 16:40:25.927,26889.1645
2026-08-18 16:40:26.407,26798.7695
2026-08-18 16:40:26.820,26758.8007
2026-08-18 16:40:27.238,26731.9906
2026-08-18 16:40:27.651,26713.5243
2026-08-18 16:40:28.089,26712.521
2026-08-18 16:40:28.510,26712.311
2026-08-18 16:40:28.926,26709.8484
2026-08-18 16:40:29.353,26706.529
2026-08-18 16:40:29.769,26697.3681
2026-08-18 16:40:30.185,26683.7292
2026-08-18 16:40:30.598,26676.3852
2026-08-18 16:40:31.011,26668.7761
2026-08-18 16:40:31.434,26664.2908
2026-08-18 16:40:31.847,26660.7596
2026-08-18 16:40:32.259,26658.7919
2026-08-18 16:40:32.692,26659.3709
2026-08-18 16:40:33.106,26659.2246
2026-08-18 16:40:33.518,26662.0747
2026-08-18 16:40:33.930,26674.812
2026-08-18 16:40:34.362,26695.9889
2026-08-18 16:40:34.775,26741.2462
2026-08-18 16:40:35.188,26820.9308
2026-08-18 16:40:35.610,26944.9095
2026-08-18 16:40:36.023,27095.0262
2026-08-18 16:40:36.453,27259.0958
2026-08-18 16:40:36.892,27435.591
2026-08-18 16:40:37.304,27612.0425
2026-08-18 16:40:37.716,27772.8176
2026-08-18 16:40:38.129,27937.7468
2026-08-18 16:40:38.555,28069.8556
2026-08-18 16:40:38.979,27907.3636
2026-08-18 16:40:39.402,27702.0792
2026-08-18 16:40:39.827,27504.6018
2026-08-18 16:40:40.240,27308.918
2026-08-18 16:40:40.676,27131.546
2026-08-18 16:40:41.094,26953.675
2026-08-18 16:40:41.506,26800.3652
2026-08-18 16:40:41.919,26682.5584
2026-08-18 16:40:42.346,26605.3786
2026-08-18 16:40:42.765,26564.2195
2026-08-18 16:40:43.181,26533.6936
2026-08-18 16:40:43.612,26515.0091
2026-08-18 16:40:44.024,26504.8824
2026-08-18 16:40:44.452,26520.9893
2026-08-18 16:40:44.885,26541.9766
2026-08-18 16:40:45.302,26568.8755
2026-08-18 16:40:45.718,26622.3288
2026-08-18 16:40:46.130,26717.1784
2026-08-18 16:40:46.548,26843.793
2026-08-18 16:40:46.962,26996.981
2026-08-18 16:40:47.374,27166.635
2026-08-18 16:40:47.794,27334.3272
2026-08-18 16:40:48.207,27504.8355
2026-08-18 16:40:48.631,27677.4218
2026-08-18 16:40:49.051,27859.7393
2026-08-18 16:40:49.485,28041.1641
2026-08-18 16:40:49.898,28226.2171
2026-08-18 16:40:50.311,28408.2334
2026-08-18 16:40:50.725,28598.6072
2026-08-18 16:40:51.150,28791.7139
2026-08-18 16:40:51.615,29028.0023
2026-08-18 16:40:52.043,29253.9934
2026-08-18 16:40:52.461,29467.9131
2026-08-18 16:40:52.877,29677.9846
2026-08-18 16:40:53.295,29884.4387
2026-08-18 16:40:53.707,30095.0033
2026-08-18 16:40:54.134,30303.4211
2026-08-18 16:40:54.548,30517.8923
2026-08-18 16:40:54.974,30544.7651
2026-08-18 16:40:55.390,30310.8255
2026-08-18 16:40:55.820,30073.8301
2026-08-18 16:40:56.233,29847.886
2026-08-18 16:40:56.645,29629.2998
2026-08-18 16:40:57.071,29420.2678
2026-08-18 16:40:57.491,29205.5019
2026-08-18 16:40:57.909,28998.0117
2026-08-18 16:40:58.322,28792.572
2026-08-18 16:40:58.748,28589.2561
2026-08-18 16:40:59.163,28382.8554
2026-08-18 16:40:59.577,28181.1275
2026-08-18 16:41:00.006,27994.4109
2026-08-18 16:41:00.425,27805.7742
2026-08-18 16:41:00.844,27621.5843
2026-08-18 16:41:01.256,27439.2687
2026-08-18 16:41:01.669,27254.8187
2026-08-18 16:41:02.092,27069.7835
2026-08-18 16:41:02.511,26891.2985
2026-08-18 16:41:02.928,26726.142
2026-08-18 16:41:03.349,26595.5521
2026-08-18 16:41:03.778,26521.3872
2026-08-18 16:41:04.199,26478.1503
2026-08-18 16:41:04.617,26447.3858
2026-08-18 16:41:05.031,26417.9208
2026-08-18 16:41:05.466,26396.2025
2026-08-18 16:41:05.881,26382.4211
2026-08-18 16:41:06.298,26367.4411
2026-08-18 16:41:06.716,26353.2401
2026-08-18 16:41:07.128,26340.431
2026-08-18 16:41:07.541,26336.0544
2026-08-18 16:41:07.955,26324.2178
2026-08-18 16:41:08.380,26309.8954
2026-08-18 16:41:08.800,26305.0745
2026-08-18 16:41:09.212,26300.7994
2026-08-18 16:41:09.639,26299.7415
2026-08-18 16:41:10.066,26296.4831
2026-08-18 16:41:10.531,26293.7942
2026-08-18 16:41:10.948,26303.4962
2026-08-18 16:41:11.447,26323.756
2026-08-18 16:41:11.859,26358.0685
2026-08-18 16:41:12.273,26404.4807
2026-08-18 16:41:12.688,26481.2625
2026-08-18 16:41:13.148,26595.6927
2026-08-18 16:41:13.567,26757.0507
2026-08-18 16:41:13.981,26911.0162
2026-08-18 16:41:14.395,27076.0362
2026-08-18 16:41:14.813,27240.4491
2026-08-18 16:41:15.226,27407.1699
2026-08-18 16:41:15.658,27571.4223
2026-08-18 16:41:16.079,27690.8647
2026-08-18 16:41:16.501,27522.7295
2026-08-18 16:41:16.918,27339.5749
2026-08-18 16:41:17.331,27159.3484
2026-08-18 16:41:17.760,26977.1307
2026-08-18 16:41:18.173,26787.3943
2026-08-18 16:41:18.588,26615.1751
2026-08-18 16:41:19.001,26468.969
2026-08-18 16:41:19.472,26352.5739
2026-08-18 16:41:19.892,26276.4602
2026-08-18 16:41:20.305,26247.0185
2026-08-18 16:41:20.717,26224.7201
2026-08-18 16:41:21.129,26201.9496
2026-08-18 16:41:21.542,26190.8305
2026-08-18 16:41:21.973,26206.3294
2026-08-18 16:41:22.387,26217.9662
2026-08-18 16:41:22.800,26244.0322
2026-08-18 16:41:23.212,26298.7259
2026-08-18 16:41:23.625,26386.8292
2026-08-18 16:41:24.038,26507.724
2026-08-18 16:41:24.515,26683.7492
2026-08-18 16:41:24.940,26848.5302
2026-08-18 16:41:25.354,27018.9906
2026-08-18 16:41:25.822,27191.8724
2026-08-18 16:41:26.255,27402.0188
2026-08-18 16:41:26.680,27579.3898
2026-08-18 16:41:27.092,27763.3492
2026-08-18 16:41:27.505,27948.3264
2026-08-18 16:41:27.943,28142.7009
2026-08-18 16:41:28.357,28335.739
2026-08-18 16:41:28.770,28525.2714
2026-08-18 16:41:29.184,28718.9721
2026-08-18 16:41:29.597,28914.1335
2026-08-18 16:41:30.011,29113.2128
2026-08-18 16:41:30.423,29320.1294
2026-08-18 16:41:30.849,29529.3404
2026-08-18 16:41:31.280,29740.0767
2026-08-18 16:41:31.693,29949.7477
2026-08-18 16:41:32.109,30162.3272
2026-08-18 16:41:32.525,30079.8303
2026-08-18 16:41:32.950,29853.3681
2026-08-18 16:41:33.372,29637.0843
2026-08-18 16:41:33.786,29426.2014
2026-08-18 16:41:34.205,29213.6672
2026-08-18 16:41:34.619,29007.3763
2026-08-18 16:41:35.031,28807.6739
2026-08-18 16:41:35.491,28587.7908
2026-08-18 16:41:35.905,28395.5872
2026-08-18 16:41:36.319,28204.6758
2026-08-18 16:41:36.731,28017.7133
2026-08-18 16:41:37.193,27826.1618
2026-08-18 16:41:37.617,27612.302
2026-08-18 16:41:38.030,27441.7127
2026-08-18 16:41:38.443,27267.9613
2026-08-18 16:41:38.866,27094.4312
2026-08-18 16:41:39.279,26920.1216
2026-08-18 16:41:39.710,26749.3569
2026-08-18 16:41:40.121,26581.8073
2026-08-18 16:41:40.535,26435.1816
2026-08-18 16:41:40.947,26332.5219
2026-08-18 16:41:41.375,26276.477
2026-08-18 16:41:41.811,26249.346
2026-08-18 16:41:42.233,26230.1104
2026-08-18 16:41:42.658,26210.8571
2026-08-18 16:41:43.070,26203.7141
2026-08-18 16:41:43.497,26202.2033
2026-08-18 16:41:43.910,26190.1174
2026-08-18 16:41:44.330,26175.4095
2026-08-18 16:41:44.742,26157.1943
2026-08-18 16:41:45.155,26152.6534
2026-08-18 16:41:45.620,26152.4859
2026-08-18 16:41:46.038,26144.5502
2026-08-18 16:41:46.451,26141.3871
2026-08-18 16:41:46.864,26140.1126
2026-08-18 16:41:47.286,26137.2561
2026-08-18 16:41:47.700,26130.9671
2026-08-18 16:41:48.137,26124.3849
2026-08-18 16:41:48.552,26134.4891
2026-08-18 16:41:48.984,26153.2798
2026-08-18 16:41:49.396,26185.2193
2026-08-18 16:41:49.822,26241.1722
2026-08-18 16:41:50.234,26323.9471
2026-08-18 16:41:50.648,26441.7892
2026-08-18 16:41:51.074,26591.3077
2026-08-18 16:41:51.490,26752.136
2026-08-18 16:41:51.903,26923.6985
2026-08-18 16:41:52.333,27100.5701
2026-08-18 16:41:52.745,27272.7349
2026-08-18 16:41:53.159,27439.5077
2026-08-18 16:41:53.572,27499.9044
2026-08-18 16:41:54.033,27317.9179
2026-08-18 16:41:54.453,27113.4809
2026-08-18 16:41:54.866,26938.434
2026-08-18 16:41:55.277,26768.2797
2026-08-18 16:41:55.691,26603.8517
2026-08-18 16:41:56.114,26444.4319
2026-08-18 16:41:56.544,26305.1267
2026-08-18 16:41:56.972,26202.0199
2026-08-18 16:41:57.386,26138.1363
2026-08-18 16:41:57.799,26102.9297
2026-08-18 16:41:58.215,26081.3125
2026-08-18 16:41:58.643,26054.5518
2026-08-18 16:41:59.062,26055.494
2026-08-18 16:41:59.476,26068.6243
2026-08-18 16:41:59.893,26079.8958
2026-08-18 16:42:00.307,26103.5025
2026-08-18 16:42:00.746,26156.9693
2026-08-18 16:42:01.159,26257.2761
2026-08-18 16:42:01.570,26393.0755
2026-08-18 16:42:01.984,26558.6502
2026-08-18 16:42:02.400,26736.1946
2026-08-18 16:42:02.861,26925.703
2026-08-18 16:42:03.274,27100.1231
2026-08-18 16:42:03.687,27266.5173
2026-08-18 16:42:04.099,27446.9939
2026-08-18 16:42:04.512,27624.9721
2026-08-18 16:42:04.924,27806.9429
2026-08-18 16:42:05.390,28012.5862
2026-08-18 16:42:05.806,28194.0661
2026-08-18 16:42:06.266,28408.1047
2026-08-18 16:42:06.709,28620.6787
2026-08-18 16:42:07.121,28821.8002
2026-08-18 16:42:07.547,29023.1212
2026-08-18 16:42:07.966,29231.3739
2026-08-18 16:42:08.389,29438.2315
2026-08-18 16:42:08.817,29644.9623
2026-08-18 16:42:09.228,29864.2489
2026-08-18 16:42:09.664,30057.3569
2026-08-18 16:42:10.082,29917.424
2026-08-18 16:42:10.500,29701.9252
2026-08-18 16:42:10.913,29494.2145
2026-08-18 16:42:11.325,29291.6071
2026-08-18 16:42:11.738,29097.1715
2026-08-18 16:42:12.204,28908.2085
2026-08-18 16:42:12.635,28680.4708
2026-08-18 16:42:13.049,28473.8283
2026-08-18 16:42:13.474,28278.5669
2026-08-18 16:42:13.889,28066.8164
2026-08-18 16:42:14.304,27879.125
2026-08-18 16:42:14.716,27697.4283
2026-08-18 16:42:15.135,27522.0932
2026-08-18 16:42:15.548,27340.6879
2026-08-18 16:42:15.973,27167.8062
2026-08-18 16:42:16.391,26988.0768
2026-08-18 16:42:16.817,26808.9432
2026-08-18 16:42:17.231,26630.4669
2026-08-18 16:42:17.653,26468.049
2026-08-18 16:42:18.066,26325.0598
2026-08-18 16:42:18.478,26240.1464
2026-08-18 16:42:18.910,26198.4612
2026-08-18 16:42:19.323,26175.2756
2026-08-18 16:42:19.737,26164.4567
2026-08-18 16:42:20.150,26153.9299
2026-08-18 16:42:20.564,26147.8679
2026-08-18 16:42:20.992,26136.3541
2026-08-18 16:42:21.487,26131.0833
2026-08-18 16:42:21.904,26124.5379
2026-08-18 16:42:22.317,26127.6838
2026-08-18 16:42:22.732,26136.4006
2026-08-18 16:42:23.148,26145.7674
2026-08-18 16:42:23.566,26136.389
2026-08-18 16:42:23.987,26125.3714
2026-08-18 16:42:24.402,26118.8022
2026-08-18 16:42:24.814,26117.016
2026-08-18 16:42:25.228,26114.8013
2026-08-18 16:42:25.641,26116.9283
2026-08-18 16:42:26.080,26128.9248
2026-08-18 16:42:26.496,26143.3573
2026-08-18 16:42:26.908,26171.2149
2026-08-18 16:42:27.322,26226.4649
2026-08-18 16:42:27.734,26323.1239
2026-08-18 16:42:28.145,26447.017
2026-08-18 16:42:28.611,26606.1775
2026-08-18 16:42:29.029,26762.7791
2026-08-18 16:42:29.492,26952.2256
2026-08-18 16:42:29.906,27119.9841
2026-08-18 16:42:30.318,27291.7931
2026-08-18 16:42:30.730,27466.301
2026-08-18 16:42:31.145,27452.8611
2026-08-18 16:42:31.570,27263.9838
2026-08-18 16:42:31.982,27086.4867
2026-08-18 16:42:32.405,26916.8197
2026-08-18 16:42:32.822,26736.0837
2026-08-18 16:42:33.252,26562.5335
2026-08-18 16:42:33.666,26397.9209
2026-08-18 16:42:34.078,26271.2187
2026-08-18 16:42:34.501,26183.2167
2026-08-18 16:42:34.915,26133.8603
2026-08-18 16:42:35.334,26109.922
2026-08-18 16:42:35.745,26091.3267
2026-08-18 16:42:36.168,26075.7054
2026-08-18 16:42:36.581,26067.9319
2026-08-18 16:42:37.018,26087.6663
2026-08-18 16:42:37.433,26106.3019
2026-08-18 16:42:37.845,26141.7001
2026-08-18 16:42:38.275,26205.6679
2026-08-18 16:42:38.688,26310.4101
2026-08-18 16:42:39.113,26444.1514
2026-08-18 16:42:39.538,26608.4599
2026-08-18 16:42:39.951,26777.7681
2026-08-18 16:42:40.366,26946.8205
2026-08-18 16:42:40.779,27126.8088
2026-08-18 16:42:41.216,27308.2799
2026-08-18 16:42:41.645,27493.1199
2026-08-18 16:42:42.069,27692.3966
2026-08-18 16:42:42.481,27886.041
2026-08-18 16:42:42.893,28072.945
2026-08-18 16:42:43.306,28262.0707
2026-08-18 16:42:43.768,28466.7923
2026-08-18 16:42:44.178,28671.2237
2026-08-18 16:42:44.593,28866.3865
2026-08-18 16:42:45.006,29067.6572
2026-08-18 16:42:45.418,29272.38
2026-08-18 16:42:45.878,29501.6446
2026-08-18 16:42:46.305,29703.7801
2026-08-18 16:42:46.718,29910.9724
2026-08-18 16:42:47.134,30090.8989
2026-08-18 16:42:47.554,29952.5366
2026-08-18 16:42:47.977,29748.8447
2026-08-18 16:42:48.391,29544.8707
2026-08-18 16:42:48.807,29346.3248
2026-08-18 16:42:49.218,29148.98
2026-08-18 16:42:49.681,28952.3801
2026-08-18 16:42:50.118,28725.103
2026-08-18 16:42:50.532,28526.2786
2026-08-18 16:42:50.944,28333.9362
2026-08-18 16:42:51.371,28137.0812
2026-08-18 16:42:51.785,27947.0167
2026-08-18 16:42:52.197,27759.7473
2026-08-18 16:42:52.610,27582.2754
2026-08-18 16:42:53.024,27407.7342
2026-08-18 16:42:53.438,27235.0938
2026-08-18 16:42:53.864,27058.6038
2026-08-18 16:42:54.291,26877.6711
2026-08-18 16:42:54.704,26697.3073
2026-08-18 16:42:55.116,26541.6511
2026-08-18 16:42:55.540,26406.0828
2026-08-18 16:42:55.952,26307.698
2026-08-18 16:42:56.387,26266.3392
2026-08-18 16:42:56.800,26240.4853
2026-08-18 16:42:57.217,26224.5987
2026-08-18 16:42:57.633,26212.2828
2026-08-18 16:42:58.047,26203.159
2026-08-18 16:42:58.507,26206.4069
2026-08-18 16:42:58.920,26207.002
2026-08-18 16:42:59.333,26204.9809
2026-08-18 16:42:59.748,26198.17
2026-08-18 16:43:00.161,26192.8131
2026-08-18 16:43:00.626,26186.5689
2026-08-18 16:43:01.039,26184.6794
2026-08-18 16:43:01.452,26190.422
2026-08-18 16:43:01.873,26184.6857
2026-08-18 16:43:02.289,26179.4427
2026-08-18 16:43:02.720,26178.2478
2026-08-18 16:43:03.132,26184.6762
2026-08-18 16:43:03.545,26200.0194
2026-08-18 16:43:03.972,26221.9654
2026-08-18 16:43:04.384,26250.3015
2026-08-18 16:43:04.825,26304.706
2026-08-18 16:43:05.237,26398.5242
2026-08-18 16:43:05.660,26528.6908
2026-08-18 16:43:06.072,26678.9992
2026-08-18 16:43:06.485,26827.7961
2026-08-18 16:43:06.927,26989.952
2026-08-18 16:43:07.340,27172.4668
2026-08-18 16:43:07.777,27350.8391
2026-08-18 16:43:08.196,27525.2655
2026-08-18 16:43:08.609,27515.0135
2026-08-18 16:43:09.029,27337.1685
2026-08-18 16:43:09.441,27166.2897
2026-08-18 16:43:09.852,27001.1403
2026-08-18 16:43:10.265,26837.0418
2026-08-18 16:43:10.677,26672.8325
2026-08-18 16:43:11.089,26522.8547
2026-08-18 16:43:11.503,26391.1289
2026-08-18 16:43:11.916,26296.4133
2026-08-18 16:43:12.330,26243.9625
2026-08-18 16:43:12.755,26219.2213
2026-08-18 16:43:13.168,26202.5797
2026-08-18 16:43:13.600,26190.8753
2026-08-18 16:43:14.012,26200.8899
2026-08-18 16:43:14.424,26227.2599
2026-08-18 16:43:14.838,26252.5281
2026-08-18 16:43:15.252,26299.0065
2026-08-18 16:43:15.664,26367.1033
2026-08-18 16:43:16.087,26471.9601
2026-08-18 16:43:16.500,26611.5619
2026-08-18 16:43:16.962,26783.3252
2026-08-18 16:43:17.385,26937.6612
2026-08-18 16:43:17.798,27098.9281
2026-08-18 16:43:18.224,27270.1814
2026-08-18 16:43:18.650,27444.6186
2026-08-18 16:43:19.068,27619.6172
2026-08-18 16:43:19.494,27804.8927
2026-08-18 16:43:19.907,27988.9935
2026-08-18 16:43:20.319,28178.35
2026-08-18 16:43:20.741,28364.9921
2026-08-18 16:43:21.168,28559.2168
2026-08-18 16:43:21.592,28764.1631
2026-08-18 16:43:22.006,28970.2753
2026-08-18 16:43:22.433,29172.9657
2026-08-18 16:43:22.846,29368.2289
2026-08-18 16:43:23.276,29564.555
2026-08-18 16:43:23.688,29786.1439
2026-08-18 16:43:24.112,29995.0595
2026-08-18 16:43:24.538,30189.2719
2026-08-18 16:43:24.965,30068.4599
2026-08-18 16:43:25.380,29846.8843
2026-08-18 16:43:25.816,29627.8377
2026-08-18 16:43:26.229,29415.9089
2026-08-18 16:43:26.648,29212.2992
2026-08-18 16:43:27.061,29007.5604
2026-08-18 16:43:27.484,28809.7666
2026-08-18 16:43:27.897,28606.6364
2026-08-18 16:43:28.311,28411.8045
2026-08-18 16:43:28.745,28221.6405
2026-08-18 16:43:29.157,28031.0971
2026-08-18 16:43:29.596,27836.8423
2026-08-18 16:43:30.008,27644.2151
2026-08-18 16:43:30.427,27465.3988
2026-08-18 16:43:30.841,27283.8841
2026-08-18 16:43:31.255,27106.4416
2026-08-18 16:43:31.732,26911.4671
2026-08-18 16:43:32.144,26747.3245
2026-08-18 16:43:32.572,26585.9324
2026-08-18 16:43:32.998,26440.4854
2026-08-18 16:43:33.412,26342.4706
2026-08-18 16:43:33.840,26309.4401
2026-08-18 16:43:34.254,26286.1156
2026-08-18 16:43:34.667,26267.2821
2026-08-18 16:43:35.092,26260.4927
2026-08-18 16:43:35.509,26255.0676
2026-08-18 16:43:35.923,26254.1589
2026-08-18 16:43:36.336,26252.1062
2026-08-18 16:43:36.760,26247.5639
2026-08-18 16:43:37.172,26238.3062
2026-08-18 16:43:37.610,26228.664
2026-08-18 16:43:38.022,26219.5145
2026-08-18 16:43:38.450,26203.944
2026-08-18 16:43:38.864,26197.6895
2026-08-18 16:43:39.282,26175.3586
2026-08-18 16:43:39.695,26172.414
2026-08-18 16:43:40.111,26177.3446
2026-08-18 16:43:40.522,26182.4128
2026-08-18 16:43:40.935,26208.6389
2026-08-18 16:43:41.348,26217.4221
2026-08-18 16:43:41.763,26261.1916
2026-08-18 16:43:42.223,26323.2807
2026-08-18 16:43:42.651,26415.4375
2026-08-18 16:43:43.065,26542.0809
2026-08-18 16:43:43.478,26694.5385
2026-08-18 16:43:43.904,26857.3577
2026-08-18 16:43:44.322,27026.628
2026-08-18 16:43:44.735,27206.9557
2026-08-18 16:43:45.150,27384.1743
2026-08-18 16:43:45.564,27562.8145
2026-08-18 16:43:45.975,27606.5418
2026-08-18 16:43:46.388,27432.6669
2026-08-18 16:43:46.852,27226.2387
2026-08-18 16:43:47.265,27050.3103
2026-08-18 16:43:47.730,26864.532
2026-08-18 16:43:48.172,26686.9678
2026-08-18 16:43:48.643,26534.7878
2026-08-18 16:43:49.069,26395.3814
2026-08-18 16:43:49.482,26316.1529
2026-08-18 16:43:49.908,26267.2617
2026-08-18 16:43:50.332,26236.5553
2026-08-18 16:43:50.750,26217.9165
2026-08-18 16:43:51.163,26203.0163
2026-08-18 16:43:51.577,26205.7491
2026-08-18 16:43:51.988,26223.8783
2026-08-18 16:43:52.411,26259.6935
2026-08-18 16:43:52.833,26309.992
2026-08-18 16:43:53.265,26387.039
2026-08-18 16:43:53.683,26502.7441
2026-08-18 16:43:54.096,26642.347
2026-08-18 16:43:54.513,26800.8423
2026-08-18 16:43:54.929,26965.7638
2026-08-18 16:43:55.343,27139.332
2026-08-18 16:43:55.767,27319.8488
2026-08-18 16:43:56.180,27499.574
2026-08-18 16:43:56.603,27674.6858
2026-08-18 16:43:57.015,27858.8305
2026-08-18 16:43:57.449,28037.8942
2026-08-18 16:43:57.861,28231.7327
2026-08-18 16:43:58.273,28427.4171
2026-08-18 16:43:58.700,28619.5201
2026-08-18 16:43:59.119,28813.8196
2026-08-18 16:43:59.546,29007.8392
2026-08-18 16:43:59.963,29208.055
2026-08-18 16:44:00.375,29413.5829
2026-08-18 16:44:00.795,29620.1852
2026-08-18 16:44:01.260,29832.0092
2026-08-18 16:44:01.679,30069.7431
2026-08-18 16:44:02.092,30201.2868
2026-08-18 16:44:02.517,30018.0856
2026-08-18 16:44:02.930,29803.7955
2026-08-18 16:44:03.362,29584.7655
2026-08-18 16:44:03.787,29382.6265
2026-08-18 16:44:04.200,29179.4505
2026-08-18 16:44:04.612,28984.7825
2026-08-18 16:44:05.027,28786.0844
2026-08-18 16:44:05.441,28587.0298
2026-08-18 16:44:05.870,28400.0946
2026-08-18 16:44:06.283,28206.4662
2026-08-18 16:44:06.697,28022.0045
2026-08-18 16:44:07.124,27841.5037
2026-08-18 16:44:07.551,27657.4823
2026-08-18 16:44:07.972,27472.6826
2026-08-18 16:44:08.389,27293.386
2026-08-18 16:44:08.801,27123.129
2026-08-18 16:44:09.229,26948.3678
2026-08-18 16:44:09.644,26781.8202
2026-08-18 16:44:10.075,26620.9979
2026-08-18 16:44:10.488,26482.0458
2026-08-18 16:44:10.915,26406.7284
2026-08-18 16:44:11.327,26365.9562
2026-08-18 16:44:11.739,26346.3098
2026-08-18 16:44:12.215,26335.8122
2026-08-18 16:44:12.633,26316.8413
2026-08-18 16:44:13.046,26309.4829
2026-08-18 16:44:13.466,26305.7446
2026-08-18 16:44:13.880,26304.656
2026-08-18 16:44:14.301,26298.7416
2026-08-18 16:44:14.715,26291.8264
2026-08-18 16:44:15.141,26289.7509
2026-08-18 16:44:15.557,26284.6501
2026-08-18 16:44:15.974,26283.2176
2026-08-18 16:44:16.393,26287.2808
2026-08-18 16:44:16.807,26287.7365
2026-08-18 16:44:17.222,26283.9544
2026-08-18 16:44:17.635,26284.2859
2026-08-18 16:44:18.067,26300.1483
2026-08-18 16:44:18.478,26330.3243
2026-08-18 16:44:18.893,26353.1597
2026-08-18 16:44:19.327,26387.854
2026-08-18 16:44:19.740,26447.5641
2026-08-18 16:44:20.160,26536.1316
2026-08-18 16:44:20.573,26669.6321
2026-08-18 16:44:20.986,26824.435
2026-08-18 16:44:21.460,27004.4843
2026-08-18 16:44:21.873,27178.8389
2026-08-18 16:44:22.285,27350.7656
2026-08-18 16:44:22.697,27521.9118
2026-08-18 16:44:23.122,27695.0656
2026-08-18 16:44:23.551,27636.4435
2026-08-18 16:44:23.964,27452.718
2026-08-18 16:44:24.378,27273.06
2026-08-18 16:44:24.791,27098.4802
2026-08-18 16:44:25.204,26928.5771
2026-08-18 16:44:25.639,26761.5837
2026-08-18 16:44:26.052,26588.1396
2026-08-18 16:44:26.466,26474.7668
2026-08-18 16:44:26.890,26397.827
2026-08-18 16:44:27.302,26352.7951
2026-08-18 16:44:27.744,26328.7019
2026-08-18 16:44:28.170,26310.288
2026-08-18 16:44:28.583,26304.4314
2026-08-18 16:44:28.997,26315.1831
2026-08-18 16:44:29.423,26327.7068
2026-08-18 16:44:29.848,26353.1773
2026-08-18 16:44:30.260,26392.6838
2026-08-18 16:44:30.687,26469.7582
2026-08-18 16:44:31.099,26585.9504
2026-08-18 16:44:31.512,26725.2437
2026-08-18 16:44:31.978,26897.893
2026-08-18 16:44:32.395,27065.0062
2026-08-18 16:44:32.807,27241.0899
2026-08-18 16:44:33.219,27417.5846
2026-08-18 16:44:33.679,27595.6727
2026-08-18 16:44:34.108,27796.9774
2026-08-18 16:44:34.520,27987.8902
2026-08-18 16:44:34.937,28176.4473
2026-08-18 16:44:35.351,28366.6991
2026-08-18 16:44:35.764,28553.5896
2026-08-18 16:44:36.181,28743.7504
2026-08-18 16:44:36.600,28935.8409
2026-08-18 16:44:37.015,29133.1158
2026-08-18 16:44:37.427,29332.3377
2026-08-18 16:44:37.855,29529.382
2026-08-18 16:44:38.285,29727.4601
2026-08-18 16:44:38.699,29942.2227
2026-08-18 16:44:39.112,30150.2783
2026-08-18 16:44:39.539,30278.9937
2026-08-18 16:44:39.952,30086.6069
2026-08-18 16:44:40.380,29882.3049
2026-08-18 16:44:40.793,29664.8377
2026-08-18 16:44:41.210,29457.71
2026-08-18 16:44:41.623,29266.0156
2026-08-18 16:44:42.036,29073.9708
2026-08-18 16:44:42.514,28851.4141
2026-08-18 16:44:42.936,28646.162
2026-08-18 16:44:43.354,28459.4473
2026-08-18 16:44:43.769,28264.7181
2026-08-18 16:44:44.182,28078.319
2026-08-18 16:44:44.594,27897.1557
2026-08-18 16:44:45.007,27714.4785
2026-08-18 16:44:45.419,27539.7799
2026-08-18 16:44:45.833,27363.0636
2026-08-18 16:44:46.245,27186.1226
2026-08-18 16:44:46.723,26991.9021
2026-08-18 16:44:47.136,26816.3749
2026-08-18 16:44:47.547,26660.4672
2026-08-18 16:44:47.964,26541.5764
2026-08-18 16:44:48.377,26470.0656
2026-08-18 16:44:48.814,26429.8989
2026-08-18 16:44:49.228,26396.2949
2026-08-18 16:44:49.641,26374.5473
2026-08-18 16:44:50.056,26359.6751
2026-08-18 16:44:50.472,26349.0625
2026-08-18 16:44:50.885,26349.2974
2026-08-18 16:44:51.304,26356.5153
2026-08-18 16:44:51.726,26350.7345
2026-08-18 16:44:52.160,26346.1486
2026-08-18 16:44:52.574,26341.849
2026-08-18 16:44:52.987,26332.2734
2026-08-18 16:44:53.399,26327.8733
2026-08-18 16:44:53.827,26329.3325
2026-08-18 16:44:54.302,26332.3124
2026-08-18 16:44:54.728,26328.4745
2026-08-18 16:44:55.142,26325.1586
2026-08-18 16:44:55.554,26333.1439
2026-08-18 16:44:56.029,26348.8387
2026-08-18 16:44:56.476,26384.0158
2026-08-18 16:44:56.889,26429.1997
2026-08-18 16:44:57.327,26497.8662
2026-08-18 16:44:57.740,26603.0281
2026-08-18 16:44:58.158,26735.6014
2026-08-18 16:44:58.587,26891.8381
2026-08-18 16:44:59.013,27059.7097
2026-08-18 16:44:59.433,27232.3503
2026-08-18 16:44:59.845,27401.5509
2026-08-18 16:45:00.273,27585.1895
2026-08-18 16:45:00.686,27724.4598
2026-08-18 16:45:01.098,27590.4854
2026-08-18 16:45:01.537,27410.0896
2026-08-18 16:45:01.950,27232.5298
2026-08-18 16:45:02.376,27058.6034
2026-08-18 16:45:02.787,26886.2485
2026-08-18 16:45:03.214,26731.5743
2026-08-18 16:45:03.640,26591.4221
2026-08-18 16:45:04.053,26469.9337
2026-08-18 16:45:04.485,26393.6669
2026-08-18 16:45:04.906,26348.4454
2026-08-18 16:45:05.320,26325.1955
2026-08-18 16:45:05.732,26298.7607
2026-08-18 16:45:06.167,26287.6163
2026-08-18 16:45:06.581,26306.4553
2026-08-18 16:45:06.996,26324.3688
2026-08-18 16:45:07.410,26349.2914
2026-08-18 16:45:07.836,26395.4135
2026-08-18 16:45:08.248,26475.4886
2026-08-18 16:45:08.714,26614.9014
2026-08-18 16:45:09.127,26766.1514
2026-08-18 16:45:09.541,26929.9896
2026-08-18 16:45:09.953,27088.2928
2026-08-18 16:45:10.366,27251.8624
2026-08-18 16:45:10.779,27426.4275
2026-08-18 16:45:11.191,27599.5875
2026-08-18 16:45:11.631,27777.5452
2026-08-18 16:45:12.043,27963.1155
2026-08-18 16:45:12.456,28144.6086
2026-08-18 16:45:12.868,28332.7032
2026-08-18 16:45:13.280,28525.3011
2026-08-18 16:45:13.693,28721.8838
2026-08-18 16:45:14.106,28915.1064
2026-08-18 16:45:14.519,29107.3049
2026-08-18 16:45:14.941,29303.6727
2026-08-18 16:45:15.355,29512.6002
2026-08-18 16:45:15.769,29714.5176
2026-08-18 16:45:16.181,29923.7415
2026-08-18 16:45:16.602,30136.6235
2026-08-18 16:45:17.018,30240.0776
2026-08-18 16:45:17.430,30042.1857
2026-08-18 16:45:17.841,29832.2589
2026-08-18 16:45:18.253,29629.9459
2026-08-18 16:45:18.666,29425.3688
2026-08-18 16:45:19.134,29228.7268
2026-08-18 16:45:19.562,28999.5201
2026-08-18 16:45:19.975,28810.1805
2026-08-18 16:45:20.387,28623.9935
2026-08-18 16:45:20.802,28434.2396
2026-08-18 16:45:21.215,28242.1718
2026-08-18 16:45:21.642,28060.3189
2026-08-18 16:45:22.069,27860.7782
2026-08-18 16:45:22.486,27672.2772
2026-08-18 16:45:22.898,27498.4482
2026-08-18 16:45:23.320,27338.5858
2026-08-18 16:45:23.747,27166.8381
2026-08-18 16:45:24.159,26995.2737
2026-08-18 16:45:24.570,26833.9705
2026-08-18 16:45:24.985,26681.3618
2026-08-18 16:45:25.397,26562.2391
2026-08-18 16:45:25.865,26493.1449
2026-08-18 16:45:26.318,26444.5692
2026-08-18 16:45:26.745,26413.7326
2026-08-18 16:45:27.168,26397.4181
2026-08-18 16:45:27.581,26386.7206
2026-08-18 16:45:27.993,26388.4441
2026-08-18 16:45:28.405,26391.246
2026-08-18 16:45:28.818,26388.5437
2026-08-18 16:45:29.244,26380.8181
2026-08-18 16:45:29.657,26376.7344
2026-08-18 16:45:30.095,26370.2798
2026-08-18 16:45:30.521,26366.1206
2026-08-18 16:45:30.933,26364.9883
2026-08-18 16:45:31.362,26365.8158
2026-08-18 16:45:31.775,26366.7374
2026-08-18 16:45:32.204,26364.388
2026-08-18 16:45:32.616,26366.4635
2026-08-18 16:45:33.036,26376.9619
2026-08-18 16:45:33.448,26397.2582
2026-08-18 16:45:33.860,26421.4001
2026-08-18 16:45:34.355,26463.7733
2026-08-18 16:45:34.793,26540.5434
2026-08-18 16:45:35.205,26644.5041
2026-08-18 16:45:35.632,26784.52
2026-08-18 16:45:36.045,26932.3309
2026-08-18 16:45:36.458,27095.3404
2026-08-18 16:45:36.870,27263.9095
2026-08-18 16:45:37.284,27433.2169
2026-08-18 16:45:37.697,27609.3958
2026-08-18 16:45:38.125,27746.4273
2026-08-18 16:45:38.541,27607.2779
2026-08-18 16:45:38.953,27425.1509
2026-08-18 16:45:39.365,27251.2134
2026-08-18 16:45:39.790,27076.8133
2026-08-18 16:45:40.202,26906.5904
2026-08-18 16:45:40.644,26755.3933
2026-08-18 16:45:41.055,26604.225
2026-08-18 16:45:41.469,26495.6519
2026-08-18 16:45:41.883,26427.6772
2026-08-18 16:45:42.296,26384.8921
2026-08-18 16:45:42.757,26357.5103
2026-08-18 16:45:43.175,26339.9829
2026-08-18 16:45:43.588,26335.1094
2026-08-18 16:45:44.008,26346.1474
2026-08-18 16:45:44.422,26364.4857
2026-08-18 16:45:44.858,26391.974
2026-08-18 16:45:45.270,26439.7543
2026-08-18 16:45:45.682,26526.6011
2026-08-18 16:45:46.095,26648.6712
2026-08-18 16:45:46.507,26795.2238
2026-08-18 16:45:46.934,26950.6862
2026-08-18 16:45:47.416,27148.7252
2026-08-18 16:45:47.829,27313.4866
2026-08-18 16:45:48.263,27494.4178
2026-08-18 16:45:48.683,27678.3529
2026-08-18 16:45:49.095,27859.5286
2026-08-18 16:45:49.508,28038.1168
2026-08-18 16:45:49.925,28219.507
2026-08-18 16:45:50.338,28410.2456
2026-08-18 16:45:50.751,28597.527
2026-08-18 16:45:51.164,28790.3157
2026-08-18 16:45:51.576,28988.2307
2026-08-18 16:45:51.989,29186.9003
2026-08-18 16:45:52.405,29386.3983
2026-08-18 16:45:52.818,29587.0404
2026-08-18 16:45:53.230,29788.4021
2026-08-18 16:45:53.646,29994.0053
2026-08-18 16:45:54.069,30203.9239
2026-08-18 16:45:54.488,30275.1933
2026-08-18 16:45:54.901,30065.558
2026-08-18 16:45:55.320,29854.9706
2026-08-18 16:45:55.747,29643.2132
2026-08-18 16:45:56.159,29440.7674
2026-08-18 16:45:56.585,29245.0396
2026-08-18 16:45:56.997,29046.2218
2026-08-18 16:45:57.428,28845.8148
2026-08-18 16:45:57.842,28652.566
2026-08-18 16:45:58.270,28452.6901
2026-08-18 16:45:58.693,28267.8113
2026-08-18 16:45:59.105,28078.0287
2026-08-18 16:45:59.519,27896.895
2026-08-18 16:45:59.936,27722.2698
2026-08-18 16:46:00.348,27547.1173
2026-08-18 16:46:00.761,27371.0347
2026-08-18 16:46:01.176,27201.4325
2026-08-18 16:46:01.590,27029.1854
2026-08-18 16:46:02.067,26848.4122
2026-08-18 16:46:02.479,26693.8553
2026-08-18 16:46:02.908,26581.9583
2026-08-18 16:46:03.332,26515.8936
2026-08-18 16:46:03.745,26469.0226
2026-08-18 16:46:04.171,26457.1373
2026-08-18 16:46:04.588,26443.1493
2026-08-18 16:46:05.001,26424.7263
2026-08-18 16:46:05.437,26429.3387
2026-08-18 16:46:05.850,26431.3178
2026-08-18 16:46:06.277,26418.7124
2026-08-18 16:46:06.689,26403.0137
2026-08-18 16:46:07.110,26394.2243
2026-08-18 16:46:07.523,26384.8449
2026-08-18 16:46:07.941,26373.4832
2026-08-18 16:46:08.356,26366.8759
2026-08-18 16:46:08.771,26371.4483
2026-08-18 16:46:09.187,26366.8427
2026-08-18 16:46:09.599,26366.347
2026-08-18 16:46:10.021,26367.8382
2026-08-18 16:46:10.502,26372.9222
2026-08-18 16:46:10.914,26395.3247
2026-08-18 16:46:11.327,26426.7752
2026-08-18 16:46:11.740,26467.0156
2026-08-18 16:46:12.166,26532.1925
2026-08-18 16:46:12.592,26641.3222
2026-08-18 16:46:13.009,26771.4995
2026-08-18 16:46:13.429,26922.2237
2026-08-18 16:46:13.841,27084.4488
2026-08-18 16:46:14.270,27251.6069
2026-08-18 16:46:14.703,27429.3078
2026-08-18 16:46:15.116,27612.7955
2026-08-18 16:46:15.538,27764.0307
2026-08-18 16:46:15.950,27644.6506
2026-08-18 16:46:16.364,27468.7492
2026-08-18 16:46:16.784,27291.7474
2026-08-18 16:46:17.197,27117.5937
2026-08-18 16:46:17.622,26957.9537
2026-08-18 16:46:18.050,26799.8787
2026-08-18 16:46:18.463,26658.6188
2026-08-18 16:46:18.881,26547.5223
2026-08-18 16:46:19.295,26476.2813
2026-08-18 16:46:19.710,26434.9067
2026-08-18 16:46:20.124,26410.3858
2026-08-18 16:46:20.559,26403.1562
2026-08-18 16:46:20.972,26397.5429
2026-08-18 16:46:21.405,26410.7631
2026-08-18 16:46:21.827,26425.9009
2026-08-18 16:46:22.240,26452.051
2026-08-18 16:46:22.651,26492.6036
2026-08-18 16:46:23.074,26571.027
2026-08-18 16:46:23.538,26692.231
2026-08-18 16:46:23.965,26863.8049
2026-08-18 16:46:24.392,27026.5294
2026-08-18 16:46:24.804,27196.0989
2026-08-18 16:46:25.217,27361.2746
2026-08-18 16:46:25.630,27532.3695
2026-08-18 16:46:26.046,27711.6025
2026-08-18 16:46:26.474,27893.4431
2026-08-18 16:46:26.886,28088.781
2026-08-18 16:46:27.299,28285.1724
2026-08-18 16:46:27.712,28470.5924
2026-08-18 16:46:28.149,28665.1737
2026-08-18 16:46:28.571,28872.5343
2026-08-18 16:46:28.984,29072.7933
2026-08-18 16:46:29.403,29264.2235
2026-08-18 16:46:29.818,29461.9766
2026-08-18 16:46:30.250,29676.1402
2026-08-18 16:46:30.676,29889.6277
2026-08-18 16:46:31.103,30107.0211
2026-08-18 16:46:31.515,30315.1709
2026-08-18 16:46:31.941,30370.9278
2026-08-18 16:46:32.356,30159.7354
2026-08-18 16:46:32.783,29937.7102
2026-08-18 16:46:33.196,29731.1094
2026-08-18 16:46:33.622,29540.7447
2026-08-18 16:46:34.040,29337.2821
2026-08-18 16:46:34.463,29136.9848
2026-08-18 16:46:34.876,28935.7313
2026-08-18 16:46:35.289,28749.2363
2026-08-18 16:46:35.704,28561.2041
2026-08-18 16:46:36.117,28372.4509
2026-08-18 16:46:36.584,28191.3642
2026-08-18 16:46:36.996,28008.1911
2026-08-18 16:46:37.421,27825.015
2026-08-18 16:46:37.833,27652.6467
2026-08-18 16:46:38.271,27492.6409
2026-08-18 16:46:38.683,27324.819
2026-08-18 16:46:39.110,27160.6828
2026-08-18 16:46:39.524,27007.663
2026-08-18 16:46:39.939,26872.4585
2026-08-18 16:46:40.352,26765.5141
2026-08-18 16:46:40.775,26706.9203
2026-08-18 16:46:41.188,26666.5924
2026-08-18 16:46:41.602,26636.4384
2026-08-18 16:46:42.016,26625.6249
2026-08-18 16:46:42.452,26592.3183
2026-08-18 16:46:42.875,26569.8506
2026-08-18 16:46:43.292,26558.4316
2026-08-18 16:46:43.704,26564.9583
2026-08-18 16:46:44.117,26564.8273
2026-08-18 16:46:44.531,26557.942
2026-08-18 16:46:44.957,26558.232
2026-08-18 16:46:45.369,26551.2244
2026-08-18 16:46:45.795,26544.6553
2026-08-18 16:46:46.207,26539.2287
2026-08-18 16:46:46.630,26537.9011
2026-08-18 16:46:47.043,26537.9845
2026-08-18 16:46:47.472,26537.3087
2026-08-18 16:46:47.910,26540.2376
2026-08-18 16:46:48.331,26558.4652
2026-08-18 16:46:48.750,26591.4301
2026-08-18 16:46:49.169,26632.5751
2026-08-18 16:46:49.589,26700.7927
2026-08-18 16:46:50.018,26809.9536
2026-08-18 16:46:50.430,26957.0366
2026-08-18 16:46:50.853,27107.8385
2026-08-18 16:46:51.266,27273.6921
2026-08-18 16:46:51.686,27445.2265
2026-08-18 16:46:52.117,27617.0569
2026-08-18 16:46:52.530,27802.5087
2026-08-18 16:46:52.947,27959.8187
2026-08-18 16:46:53.361,27847.4098
2026-08-18 16:46:53.772,27672.435
2026-08-18 16:46:54.267,27498.6468
2026-08-18 16:46:54.680,27297.4066
2026-08-18 16:46:55.108,27123.4789
2026-08-18 16:46:55.530,26967.7615
2026-08-18 16:46:55.942,26831.9136
2026-08-18 16:46:56.368,26729.1321
2026-08-18 16:46:56.789,26664.6936
2026-08-18 16:46:57.203,26633.402
2026-08-18 16:46:57.640,26613.533
2026-08-18 16:46:58.052,26594.5043
2026-08-18 16:46:58.469,26586.6425
2026-08-18 16:46:58.885,26603.4428
2026-08-18 16:46:59.313,26619.0875
2026-08-18 16:46:59.725,26643.6428
2026-08-18 16:47:00.148,26686.4958
2026-08-18 16:47:00.560,26770.9594
2026-08-18 16:47:00.972,26889.6207
2026-08-18 16:47:01.408,27036.5679
2026-08-18 16:47:01.822,27201.8512
2026-08-18 16:47:02.234,27362.7923
2026-08-18 16:47:02.646,27529.4545
2026-08-18 16:47:03.059,27706.4563
2026-08-18 16:47:03.480,27892.5688
2026-08-18 16:47:03.983,28116.4837
2026-08-18 16:47:04.450,28334.5617
2026-08-18 16:47:04.863,28522.7006
2026-08-18 16:47:05.275,28713.4413
2026-08-18 16:47:05.700,28906.9702
2026-08-18 16:47:06.112,29103.5955
2026-08-18 16:47:06.524,29296.2734
2026-08-18 16:47:06.948,29492.2967
2026-08-18 16:47:07.360,29702.8752
2026-08-18 16:47:07.772,29904.124
2026-08-18 16:47:08.185,30111.6024
2026-08-18 16:47:08.599,30325.9221
2026-08-18 16:47:09.073,30568.3858
2026-08-18 16:47:09.485,30512.7326
2026-08-18 16:47:09.899,30304.8065
2026-08-18 16:47:10.312,30102.9409
2026-08-18 16:47:10.726,29901.8271
2026-08-18 16:47:11.151,29702.2269
2026-08-18 16:47:11.579,29495.298
2026-08-18 16:47:11.991,29287.2586
2026-08-18 16:47:12.415,29095.965
2026-08-18 16:47:12.830,28903.4573
2026-08-18 16:47:13.244,28717.0047
2026-08-18 16:47:13.658,28532.5155
2026-08-18 16:47:14.084,28345.8029
2026-08-18 16:47:14.509,28162.8724
2026-08-18 16:47:14.929,27976.891
2026-08-18 16:47:15.347,27800.9615
2026-08-18 16:47:15.767,27627.9672
2026-08-18 16:47:16.189,27455.3746
2026-08-18 16:47:16.602,27286.0974
2026-08-18 16:47:17.022,27125.8688
2026-08-18 16:47:17.437,26980.6931
2026-08-18 16:47:17.849,26882.9808
2026-08-18 16:47:18.286,26831.772
2026-08-18 16:47:18.705,26803.8305
2026-08-18 16:47:19.125,26776.4936
2026-08-18 16:47:19.537,26768.0953
2026-08-18 16:47:19.959,26763.8728
2026-08-18 16:47:20.372,26756.1086
2026-08-18 16:47:20.795,26755.8911
2026-08-18 16:47:21.223,26752.5746
2026-08-18 16:47:21.637,26747.382
2026-08-18 16:47:22.058,26738.5441
2026-08-18 16:47:22.471,26745.3609
2026-08-18 16:47:22.897,26746.0875
2026-08-18 16:47:23.332,26742.3708
2026-08-18 16:47:23.752,26736.8089
2026-08-18 16:47:24.165,26742.2535
2026-08-18 16:47:24.577,26742.2029
2026-08-18 16:47:24.990,26741.8425
2026-08-18 16:47:25.455,26741.7161
2026-08-18 16:47:25.879,26759.2045
2026-08-18 16:47:26.292,26787.0575
2026-08-18 16:47:26.705,26831.9803
2026-08-18 16:47:27.129,26901.8994
2026-08-18 16:47:27.558,27022.552
2026-08-18 16:47:27.978,27176.8686
2026-08-18 16:47:28.391,27338.7462
2026-08-18 16:47:28.809,27502.7946
2026-08-18 16:47:29.222,27671.1895
2026-08-18 16:47:29.659,27841.0754
2026-08-18 16:47:30.085,28028.2899
2026-08-18 16:47:30.499,28134.9335
2026-08-18 16:47:30.931,27967.6103
2026-08-18 16:47:31.357,27786.8326
2026-08-18 16:47:31.770,27610.1724
2026-08-18 16:47:32.195,27435.6467
2026-08-18 16:47:32.608,27277.1265
2026-08-18 16:47:33.030,27119.8592
2026-08-18 16:47:33.445,26978.0849
2026-08-18 16:47:33.872,26875.2527
2026-08-18 16:47:34.297,26809.5147
2026-08-18 16:47:34.709,26772.4018
2026-08-18 16:47:35.136,26747.954
2026-08-18 16:47:35.549,26724.3056
2026-08-18 16:47:35.970,26717.5787
2026-08-18 16:47:36.382,26729.5865
2026-08-18 16:47:36.801,26746.2352
2026-08-18 16:47:37.218,26777.0806
2026-08-18 16:47:37.630,26829.1352
2026-08-18 16:47:38.064,26913.8088
2026-08-18 16:47:38.478,27045.0197
2026-08-18 16:47:38.895,27202.6029
2026-08-18 16:47:39.321,27364.9153
2026-08-18 16:47:39.738,27537.5928
2026-08-18 16:47:40.167,27715.4283
2026-08-18 16:47:40.579,27897.877
2026-08-18 16:47:40.993,28081.9292
2026-08-18 16:47:41.405,28267.0181
2026-08-18 16:47:41.873,28447.163
2026-08-18 16:47:42.304,28658.5301
2026-08-18 16:47:42.733,28851.3311
2026-08-18 16:47:43.146,29051.2671
2026-08-18 16:47:43.574,29251.9009
2026-08-18 16:47:44.001,29456.5757
2026-08-18 16:47:44.414,29667.2677
2026-08-18 16:47:44.827,29870.7044
2026-08-18 16:47:45.252,30075.4367
2026-08-18 16:47:45.664,30291.3876
2026-08-18 16:47:46.087,30506.7604
2026-08-18 16:47:46.504,30721.798
2026-08-18 16:47:46.919,30674.3262
2026-08-18 16:47:47.332,30458.8772
2026-08-18 16:47:47.746,30247.5508
2026-08-18 16:47:48.159,30038.7893
2026-08-18 16:47:48.584,29835.306
2026-08-18 16:47:48.996,29629.7235
2026-08-18 16:47:49.408,29440.7573
2026-08-18 16:47:49.835,29243.0426
2026-08-18 16:47:50.249,29033.5382
2026-08-18 16:47:50.689,28838.7227
2026-08-18 16:47:51.103,28642.5918
2026-08-18 16:47:51.524,28457.0398
2026-08-18 16:47:51.952,28265.2264
2026-08-18 16:47:52.366,28078.3074
2026-08-18 16:47:52.795,27901.0075
2026-08-18 16:47:53.218,27721.2256
2026-08-18 16:47:53.631,27544.0306
2026-08-18 16:47:54.044,27372.2691
2026-08-18 16:47:54.454,27210.8025
2026-08-18 16:47:54.897,27069.6731
2026-08-18 16:47:55.309,26970.608
2026-08-18 16:47:55.728,26920.4899
2026-08-18 16:47:56.141,26888.9013
2026-08-18 16:47:56.554,26869.5049
2026-08-18 16:47:56.966,26851.9562
2026-08-18 16:47:57.435,26842.204
2026-08-18 16:47:57.853,26836.7147
2026-08-18 16:47:58.271,26832.267
2026-08-18 16:47:58.692,26827.2345
2026-08-18 16:47:59.108,26823.0739
2026-08-18 16:47:59.523,26820.2553
2026-08-18 16:47:59.936,26818.5135
2026-08-18 16:48:00.363,26816.273
2026-08-18 16:48:00.775,26807.6127
2026-08-18 16:48:01.188,26802.6753
2026-08-18 16:48:01.622,26802.2472
2026-08-18 16:48:02.050,26799.1725
2026-08-18 16:48:02.463,26787.2042
2026-08-18 16:48:02.875,26786.7502
2026-08-18 16:48:03.288,26805.6543
2026-08-18 16:48:03.719,26835.6217
2026-08-18 16:48:04.133,26874.5874
2026-08-18 16:48:04.558,26943.0621
2026-08-18 16:48:04.981,27047.426
2026-08-18 16:48:05.394,27181.6418
2026-08-18 16:48:05.806,27334.0564
2026-08-18 16:48:06.226,27493.7843
2026-08-18 16:48:06.639,27665.4746
2026-08-18 16:48:07.053,27833.3555
2026-08-18 16:48:07.468,28010.8208
2026-08-18 16:48:07.880,28143.111
2026-08-18 16:48:08.340,27975.8203
2026-08-18 16:48:08.752,27798.5751
2026-08-18 16:48:09.165,27618.2012
2026-08-18 16:48:09.579,27445.077
2026-08-18 16:48:09.991,27279.3536
2026-08-18 16:48:10.404,27117.3528
2026-08-18 16:48:10.873,26959.7774
2026-08-18 16:48:11.286,26857.6785
2026-08-18 16:48:11.698,26796.9682
2026-08-18 16:48:12.114,26762.7504
2026-08-18 16:48:12.531,26741.5621
2026-08-18 16:48:12.944,26726.6065
2026-08-18 16:48:13.368,26717.5147
2026-08-18 16:48:13.782,26730.2038
2026-08-18 16:48:14.210,26746.6351
2026-08-18 16:48:14.624,26772.4991
2026-08-18 16:48:15.046,26812.8581
2026-08-18 16:48:15.465,26893.6285
2026-08-18 16:48:15.877,27013.7533
2026-08-18 16:48:16.330,27165.2295
2026-08-18 16:48:16.743,27344.6695
2026-08-18 16:48:17.168,27509.4133
2026-08-18 16:48:17.581,27683.3929
2026-08-18 16:48:18.015,27860.7613
2026-08-18 16:48:18.429,28039.9835
2026-08-18 16:48:18.857,28221.9267
2026-08-18 16:48:19.269,28403.4863
2026-08-18 16:48:19.682,28586.8862
2026-08-18 16:48:20.094,28774.8736
2026-08-18 16:48:20.519,28960.3458
2026-08-18 16:48:20.945,29155.3134
2026-08-18 16:48:21.357,29356.8163
2026-08-18 16:48:21.770,29553.1283
2026-08-18 16:48:22.202,29761.8153
2026-08-18 16:48:22.634,29970.6117
2026-08-18 16:48:23.046,30187.4659
2026-08-18 16:48:23.467,30394.3329
2026-08-18 16:48:23.881,30607.4487
2026-08-18 16:48:24.293,30632.6801
2026-08-18 16:48:24.730,30424.1056
2026-08-18 16:48:25.142,30208.4115
2026-08-18 16:48:25.555,30003.427
2026-08-18 16:48:25.976,29798.0666
2026-08-18 16:48:26.394,29591.8735
2026-08-18 16:48:26.808,29397.7605
2026-08-18 16:48:27.236,29198.1763
2026-08-18 16:48:27.660,29010.4122
2026-08-18 16:48:28.073,28816.5003
2026-08-18 16:48:28.486,28626.8299
2026-08-18 16:48:28.898,28450.9729
2026-08-18 16:48:29.361,28301.9613
2026-08-18 16:48:29.783,28113.3027
2026-08-18 16:48:30.195,27943.2454
2026-08-18 16:48:30.630,27764.8854
2026-08-18 16:48:31.042,27588.9631
2026-08-18 16:48:31.455,27425.6074
2026-08-18 16:48:31.871,27266.5666
2026-08-18 16:48:32.283,27123.9612
2026-08-18 16:48:32.708,27022.0602
2026-08-18 16:48:33.124,26968.4658
2026-08-18 16:48:33.537,26936.9956
2026-08-18 16:48:33.948,26914.8797
2026-08-18 16:48:34.363,26899.7998
2026-08-18 16:48:34.799,26884.9955
2026-08-18 16:48:35.212,26883.4536
2026-08-18 16:48:35.623,26879.897
2026-08-18 16:48:36.050,26875.6951
2026-08-18 16:48:36.473,26871.4641
2026-08-18 16:48:36.952,26865.471
2026-08-18 16:48:37.368,26861.2818
2026-08-18 16:48:37.782,26864.4148
2026-08-18 16:48:38.210,26862.4212
2026-08-18 16:48:38.645,26862.3218
2026-08-18 16:48:39.059,26859.136
2026-08-18 16:48:39.484,26855.5899
2026-08-18 16:48:39.900,26850.7073
2026-08-18 16:48:40.313,26861.4894
2026-08-18 16:48:40.740,26876.3814
2026-08-18 16:48:41.166,26902.0319
2026-08-18 16:48:41.579,26948.1912
2026-08-18 16:48:41.992,27017.1392
2026-08-18 16:48:42.419,27123.1336
2026-08-18 16:48:42.848,27263.1058
2026-08-18 16:48:43.261,27428.2132
2026-08-18 16:48:43.673,27594.3284
2026-08-18 16:48:44.102,27763.7618
2026-08-18 16:48:44.528,27944.8603
2026-08-18 16:48:44.949,28123.3567
2026-08-18 16:48:45.362,28240.3111
2026-08-18 16:48:45.825,28090.8474
2026-08-18 16:48:46.243,27887.4738
2026-08-18 16:48:46.657,27711.802
2026-08-18 16:48:47.069,27544.5417
2026-08-18 16:48:47.490,27383.6623
2026-08-18 16:48:47.916,27220.9234
2026-08-18 16:48:48.378,27064.0721
2026-08-18 16:48:48.790,26972.2754
2026-08-18 16:48:49.218,26921.9012
2026-08-18 16:48:49.642,26899.697
2026-08-18 16:48:50.054,26879.8694
2026-08-18 16:48:50.477,26864.715
2026-08-18 16:48:50.891,26864.7237
2026-08-18 16:48:51.306,26885.9691
2026-08-18 16:48:51.719,26914.5006
2026-08-18 16:48:52.138,26947.7565
2026-08-18 16:48:52.598,27004.7712
2026-08-18 16:48:53.011,27094.1195
2026-08-18 16:48:53.438,27222.4993
2026-08-18 16:48:53.860,27382.0852
2026-08-18 16:48:54.273,27545.3732
2026-08-18 16:48:54.701,27722.1653
2026-08-18 16:48:55.114,27893.7444
2026-08-18 16:48:55.537,28072.5082
2026-08-18 16:48:55.950,28250.9772
2026-08-18 16:48:56.362,28430.6439
2026-08-18 16:48:56.787,28616.8695
2026-08-18 16:48:57.199,28801.9676
2026-08-18 16:48:57.611,28989.5122
2026-08-18 16:48:58.038,29186.0734
2026-08-18 16:48:58.451,29395.421
2026-08-18 16:48:58.871,29599.6464
2026-08-18 16:48:59.299,29804.4599
2026-08-18 16:48:59.710,30012.7012
2026-08-18 16:49:00.122,30214.5382
2026-08-18 16:49:00.535,30424.0313
2026-08-18 16:49:00.959,30636.0538
2026-08-18 16:49:01.391,30848.0856
2026-08-18 16:49:01.804,30791.6305
2026-08-18 16:49:02.221,30580.1715
2026-08-18 16:49:02.633,30368.9349
2026-08-18 16:49:03.045,30163.1002
2026-08-18 16:49:03.471,29960.8357
2026-08-18 16:49:03.889,29761.2084
2026-08-18 16:49:04.302,29563.8407
2026-08-18 16:49:04.716,29363.6952
2026-08-18 16:49:05.147,29167.6039
2026-08-18 16:49:05.559,28968.403
2026-08-18 16:49:05.973,28783.3504
2026-08-18 16:49:06.402,28589.404
2026-08-18 16:49:06.813,28406.1366
2026-08-18 16:49:07.225,28229.8252
2026-08-18 16:49:07.639,28050.4072
2026-08-18 16:49:08.066,27873.1018
2026-08-18 16:49:08.479,27694.6577
2026-08-18 16:49:08.893,27526.7254
2026-08-18 16:49:09.304,27366.7443
2026-08-18 16:49:09.732,27225.2974
2026-08-18 16:49:10.144,27124.6559
2026-08-18 16:49:10.558,27063.3004
2026-08-18 16:49:10.969,27031.1716
2026-08-18 16:49:11.381,27009.5853
2026-08-18 16:49:11.794,26993.9825
2026-08-18 16:49:12.220,26977.9665
2026-08-18 16:49:12.634,26970.6263
2026-08-18 16:49:13.046,26963.3009
2026-08-18 16:49:13.468,26963.2757
2026-08-18 16:49:13.884,26957.2098
2026-08-18 16:49:14.297,26954.6898
2026-08-18 16:49:14.710,26951.3389
2026-08-18 16:49:15.180,26947.4554
2026-08-18 16:49:15.612,26945.9827
2026-08-18 16:49:16.028,26944.8981
2026-08-18 16:49:16.441,26937.5764
2026-08-18 16:49:16.879,26929.2314
2026-08-18 16:49:17.307,26924.2741
2026-08-18 16:49:17.722,26934.4102
2026-08-18 16:49:18.144,26945.2069
2026-08-18 16:49:18.557,26963.754
2026-08-18 16:49:18.979,26989.4428
2026-08-18 16:49:19.392,27046.4863
2026-08-18 16:49:19.825,27152.3314
2026-08-18 16:49:20.238,27298.9625
2026-08-18 16:49:20.658,27458.9695
2026-08-18 16:49:21.071,27625.2303
2026-08-18 16:49:21.543,27793.5705
2026-08-18 16:49:21.961,27991.7491
2026-08-18 16:49:22.375,28176.1591
2026-08-18 16:49:22.789,28299.9044
2026-08-18 16:49:23.209,28139.5345
2026-08-18 16:49:23.623,27956.7493
2026-08-18 16:49:24.065,27779.5745
2026-08-18 16:49:24.480,27594.2553
2026-08-18 16:49:24.894,27426.8558
2026-08-18 16:49:25.307,27277.0916
2026-08-18 16:49:25.731,27142.9217
2026-08-18 16:49:26.143,27044.0816
2026-08-18 16:49:26.563,26984.848
2026-08-18 16:49:26.975,26951.3128
2026-08-18 16:49:27.397,26929.9698
2026-08-18 16:49:27.817,26916.0624
2026-08-18 16:49:28.229,26910.7829
2026-08-18 16:49:28.656,26923.6728
2026-08-18 16:49:29.084,26946.235
2026-08-18 16:49:29.497,26974.9302
2026-08-18 16:49:29.936,27022.4239
2026-08-18 16:49:30.351,27108.2712
2026-08-18 16:49:30.765,27227.0727
2026-08-18 16:49:31.179,27370.0721
2026-08-18 16:49:31.592,27529.2662
2026-08-18 16:49:32.069,27715.3981
2026-08-18 16:49:32.481,27889.2135
2026-08-18 16:49:32.908,28069.413
2026-08-18 16:49:33.333,28243.5103
2026-08-18 16:49:33.747,28422.0516
2026-08-18 16:49:34.167,28604.2914
2026-08-18 16:49:34.580,28792.4527
2026-08-18 16:49:35.005,28985.241
2026-08-18 16:49:35.420,29169.215
2026-08-18 16:49:35.832,29358.3879
2026-08-18 16:49:36.245,29552.3806
2026-08-18 16:49:36.671,29743.1404
2026-08-18 16:49:37.084,29944.2582
2026-08-18 16:49:37.509,30155.3291
2026-08-18 16:49:37.923,30360.1892
2026-08-18 16:49:38.335,30566.9078
2026-08-18 16:49:38.747,30773.9376
2026-08-18 16:49:39.172,30786.9599
2026-08-18 16:49:39.598,30563.8419
2026-08-18 16:49:40.016,30340.9918
2026-08-18 16:49:40.430,30126.1716
2026-08-18 16:49:40.855,29924.3014
2026-08-18 16:49:41.269,29715.5226
2026-08-18 16:49:41.682,29513.9214
2026-08-18 16:49:42.109,29316.8773
2026-08-18 16:49:42.523,29117.2307
2026-08-18 16:49:42.936,28930.5359
2026-08-18 16:49:43.380,28718.8089
2026-08-18 16:49:43.809,28527.3214
2026-08-18 16:49:44.227,28337.6844
2026-08-18 16:49:44.643,28157.2087
2026-08-18 16:49:45.122,27953.9274
2026-08-18 16:49:45.535,27769.1713
2026-08-18 16:49:45.947,27596.6691
2026-08-18 16:49:46.365,27429.0723
2026-08-18 16:49:46.778,27262.3575
2026-08-18 16:49:47.221,27117.7802
2026-08-18 16:49:47.634,27012.6554
2026-08-18 16:49:48.063,26961.0135
2026-08-18 16:49:48.476,26927.3317
2026-08-18 16:49:48.895,26912.1586
2026-08-18 16:49:49.337,26892.3288
2026-08-18 16:49:49.749,26879.7094
2026-08-18 16:49:50.176,26878.7005
2026-08-18 16:49:50.589,26875.0421
2026-08-18 16:49:51.001,26871.5238
2026-08-18 16:49:51.478,26866.4832
2026-08-18 16:49:51.894,26861.7838
2026-08-18 16:49:52.308,26858.1711
2026-08-18 16:49:52.724,26854.2842
2026-08-18 16:49:53.137,26846.0559
2026-08-18 16:49:53.577,26840.2931
2026-08-18 16:49:53.991,26838.2477
2026-08-18 16:49:54.409,26829.3008
2026-08-18 16:49:54.823,26829.4728
2026-08-18 16:49:55.236,26838.3803
2026-08-18 16:49:55.702,26857.9868
2026-08-18 16:49:56.128,26880.267
2026-08-18 16:49:56.543,26915.5904
2026-08-18 16:49:56.965,26983.1395
2026-08-18 16:49:57.378,27096.0253
2026-08-18 16:49:57.813,27235.4584
2026-08-18 16:49:58.226,27393.9175
2026-08-18 16:49:58.639,27549.0688
2026-08-18 16:49:59.050,27708.1444
2026-08-18 16:49:59.463,27872.5443
2026-08-18 16:49:59.889,28040.8154
2026-08-18 16:50:00.302,28116.9805
2026-08-18 16:50:00.730,27944.4558
2026-08-18 16:50:01.146,27767.6983
2026-08-18 16:50:01.558,27594.318
2026-08-18 16:50:01.983,27424.6789
2026-08-18 16:50:02.398,27253.4095
2026-08-18 16:50:02.814,27091.5676
2026-08-18 16:50:03.226,26953.3453
2026-08-18 16:50:03.651,26862.401
2026-08-18 16:50:04.064,26809.5485
2026-08-18 16:50:04.482,26780.5816
2026-08-18 16:50:04.904,26759.0429
2026-08-18 16:50:05.318,26746.4309
2026-08-18 16:50:05.746,26740.2964
2026-08-18 16:50:06.158,26736.5815
2026-08-18 16:50:06.593,26748.4246
2026-08-18 16:50:07.005,26771.1497
2026-08-18 16:50:07.420,26816.4949
2026-08-18 16:50:07.833,26898.1141
2026-08-18 16:50:08.246,27016.3617
2026-08-18 16:50:08.673,27163.6464
2026-08-18 16:50:09.097,27319.042
2026-08-18 16:50:09.523,27482.311
2026-08-18 16:50:09.946,27654.3765
2026-08-18 16:50:10.359,27828.2984
2026-08-18 16:50:10.771,28014.2909
2026-08-18 16:50:11.186,28215.2541
2026-08-18 16:50:11.599,28398.4641
2026-08-18 16:50:12.011,28582.5196
2026-08-18 16:50:12.446,28768.7262
2026-08-18 16:50:12.869,28962.7733
2026-08-18 16:50:13.281,29154.9917
2026-08-18 16:50:13.695,29345.8384
2026-08-18 16:50:14.158,29538.8905
2026-08-18 16:50:14.575,29760.8672
2026-08-18 16:50:14.988,29960.1743
2026-08-18 16:50:15.402,30159.0497
2026-08-18 16:50:15.814,30355.7588
2026-08-18 16:50:16.227,30559.2963
2026-08-18 16:50:16.693,30505.1071
2026-08-18 16:50:17.126,30287.7746
2026-08-18 16:50:17.541,30080.6689
2026-08-18 16:50:17.958,29878.8014
2026-08-18 16:50:18.373,29676.9783
2026-08-18 16:50:18.785,29482.0956
2026-08-18 16:50:19.210,29288.3721
2026-08-18 16:50:19.638,29087.0413
2026-08-18 16:50:20.049,28888.2661
2026-08-18 16:50:20.466,28700.1825
2026-08-18 16:50:20.880,28517.834
2026-08-18 16:50:21.294,28337.9486
2026-08-18 16:50:21.707,28155.8199
2026-08-18 16:50:22.121,27976.8148
2026-08-18 16:50:22.535,27797.9296
2026-08-18 16:50:23.011,27621.3403
2026-08-18 16:50:23.442,27433.7773
2026-08-18 16:50:23.855,27265.6283
2026-08-18 16:50:24.267,27108.9519
2026-08-18 16:50:24.686,26975.4637
2026-08-18 16:50:25.099,26894.3951
2026-08-18 16:50:25.560,26848.1782
2026-08-18 16:50:25.974,26819.4009
2026-08-18 16:50:26.408,26799.7312
2026-08-18 16:50:26.821,26782.2451
2026-08-18 16:50:27.250,26768.7074
2026-08-18 16:50:27.664,26765.9668
2026-08-18 16:50:28.091,26758.5432
2026-08-18 16:50:28.527,26754.2177
2026-08-18 16:50:28.952,26750.5085
2026-08-18 16:50:29.368,26749.1096
2026-08-18 16:50:29.782,26744.1027
2026-08-18 16:50:30.209,26736.2186
2026-08-18 16:50:30.651,26733.3436
2026-08-18 16:50:31.065,26731.9355
2026-08-18 16:50:31.480,26733.0003
2026-08-18 16:50:31.892,26730.496
2026-08-18 16:50:32.306,26727.8875
2026-08-18 16:50:32.718,26741.4766
2026-08-18 16:50:33.131,26761.0084
2026-08-18 16:50:33.543,26785.7513
2026-08-18 16:50:33.957,26826.4908
2026-08-18 16:50:34.372,26893.113
2026-08-18 16:50:34.785,27001.1484
2026-08-18 16:50:35.197,27140.5522
2026-08-18 16:50:35.611,27305.4529
2026-08-18 16:50:36.033,27467.0346
2026-08-18 16:50:36.500,27639.6261
2026-08-18 16:50:36.944,27821.7392
2026-08-18 16:50:37.357,27992.6985
2026-08-18 16:50:37.818,28025.6998
2026-08-18 16:50:38.242,27851.6354
2026-08-18 16:50:38.659,27674.1636
2026-08-18 16:50:39.074,27501.2926
2026-08-18 16:50:39.489,27333.4091
2026-08-18 16:50:39.927,27172.5016
2026-08-18 16:50:40.349,27012.3311
2026-08-18 16:50:40.766,26887.6205
2026-08-18 16:50:41.182,26807.4339
2026-08-18 16:50:41.598,26762.7973
2026-08-18 16:50:42.058,26728.6738
2026-08-18 16:50:42.472,26709.2771
2026-08-18 16:50:42.884,26697.7853
2026-08-18 16:50:43.299,26702.5068
2026-08-18 16:50:43.718,26718.0523
2026-08-18 16:50:44.141,26736.9361
2026-08-18 16:50:44.646,26771.1992
2026-08-18 16:50:45.109,26840.9318
2026-08-18 16:50:45.523,26946.7505
2026-08-18 16:50:45.938,27082.3511
2026-08-18 16:50:46.351,27234.6913
2026-08-18 16:50:46.775,27401.5202
2026-08-18 16:50:47.188,27570.6361
2026-08-18 16:50:47.625,27733.5601
2026-08-18 16:50:48.039,27913.6374
2026-08-18 16:50:48.461,28090.6007
2026-08-18 16:50:48.874,28271.6034
2026-08-18 16:50:49.288,28446.6838
2026-08-18 16:50:49.701,28624.8981
2026-08-18 16:50:50.131,28817.2607
2026-08-18 16:50:50.545,29018.0157
2026-08-18 16:50:50.964,29211.2472
2026-08-18 16:50:51.380,29401.9566
2026-08-18 16:50:51.798,29595.8246
2026-08-18 16:50:52.223,29799.1885
2026-08-18 16:50:52.636,30004.5786
2026-08-18 16:50:53.068,30214.481
2026-08-18 16:50:53.480,30419.4445
2026-08-18 16:50:53.894,30555.3703
2026-08-18 16:50:54.320,30371.3838
2026-08-18 16:50:54.754,30159.2992
2026-08-18 16:50:55.175,29951.3777
2026-08-18 16:50:55.591,29745.6995
2026-08-18 16:50:56.007,29545.8094
2026-08-18 16:50:56.419,29347.1595
2026-08-18 16:50:56.831,29154.7007
2026-08-18 16:50:57.244,28964.7862
2026-08-18 16:50:57.744,28739.267
2026-08-18 16:50:58.158,28554.2131
2026-08-18 16:50:58.583,28373.1477
2026-08-18 16:50:58.996,28187.5296
2026-08-18 16:50:59.409,28010.4469
2026-08-18 16:50:59.828,27832.4486
2026-08-18 16:51:00.272,27659.4679
2026-08-18 16:51:00.705,27469.0517
2026-08-18 16:51:01.119,27300.4138
2026-08-18 16:51:01.534,27139.964
2026-08-18 16:51:01.961,26987.5119
2026-08-18 16:51:02.374,26878.5534
2026-08-18 16:51:02.787,26834.6339
2026-08-18 16:51:03.212,26806.2467
2026-08-18 16:51:03.635,26781.7939
2026-08-18 16:51:04.062,26760.5844
2026-08-18 16:51:04.481,26744.5084
2026-08-18 16:51:04.893,26741.5136
2026-08-18 16:51:05.305,26735.6082
2026-08-18 16:51:05.718,26729.3673
2026-08-18 16:51:06.145,26722.8818
2026-08-18 16:51:06.558,26718.0019
2026-08-18 16:51:06.971,26709.1315
2026-08-18 16:51:07.383,26704.6003
2026-08-18 16:51:07.798,26705.9581
2026-08-18 16:51:08.210,26706.6607
2026-08-18 16:51:08.622,26701.6068
2026-08-18 16:51:09.035,26698.7405
2026-08-18 16:51:09.472,26696.7134
2026-08-18 16:51:09.887,26699.5313
2026-08-18 16:51:10.302,26713.4703
2026-08-18 16:51:10.715,26730.1359
2026-08-18 16:51:11.142,26761.1747
2026-08-18 16:51:11.601,26816.733
2026-08-18 16:51:12.021,26910.1425
2026-08-18 16:51:12.439,27034.6317
2026-08-18 16:51:12.861,27179.279
2026-08-18 16:51:13.274,27340.6378
2026-08-18 16:51:13.700,27511.1166
2026-08-18 16:51:14.124,27681.7489
2026-08-18 16:51:14.537,27861.5389
2026-08-18 16:51:14.958,28019.403
2026-08-18 16:51:15.372,27942.246
2026-08-18 16:51:15.813,27764.5875
2026-08-18 16:51:16.228,27583.5973
2026-08-18 16:51:16.646,27414.9118
2026-08-18 16:51:17.060,27249.4749
2026-08-18 16:51:17.489,27091.1348
2026-08-18 16:51:17.933,26951.1877
2026-08-18 16:51:18.346,26833.4506
2026-08-18 16:51:18.761,26766.1345
2026-08-18 16:51:19.187,26726.9088
2026-08-18 16:51:19.601,26701.9413
2026-08-18 16:51:20.013,26682.7994
2026-08-18 16:51:20.439,26673.9822
2026-08-18 16:51:20.853,26683.7311
2026-08-18 16:51:21.279,26700.1135
2026-08-18 16:51:21.696,26727.9542
2026-08-18 16:51:22.109,26769.0042
2026-08-18 16:51:22.529,26835.2697
2026-08-18 16:51:22.942,26939.5034
2026-08-18 16:51:23.354,27072.9914
2026-08-18 16:51:23.767,27226.7836
2026-08-18 16:51:24.180,27391.7225
2026-08-18 16:51:24.593,27560.579
2026-08-18 16:51:25.012,27735.098
2026-08-18 16:51:25.428,27914.5903
2026-08-18 16:51:25.842,28093.5449
2026-08-18 16:51:26.254,28267.2491
2026-08-18 16:51:26.669,28451.2205
2026-08-18 16:51:27.083,28638.6372
2026-08-18 16:51:27.522,28829.5096
2026-08-18 16:51:28.014,29059.6607
2026-08-18 16:51:28.436,29252.5228
2026-08-18 16:51:28.916,29475.4147
2026-08-18 16:51:29.343,29678.1325
2026-08-18 16:51:29.756,29884.4398
2026-08-18 16:51:30.178,30085.5943
2026-08-18 16:51:30.592,30295.3754
2026-08-18 16:51:31.010,30500.1537
2026-08-18 16:51:31.423,30560.7473
2026-08-18 16:51:31.837,30354.7097
2026-08-18 16:51:32.254,30145.6279
2026-08-18 16:51:32.680,29939.9994
2026-08-18 16:51:33.141,29710.5356
2026-08-18 16:51:33.575,29506.9759
2026-08-18 16:51:33.987,29312.5932
2026-08-18 16:51:34.399,29120.7446
2026-08-18 16:51:34.824,28934.9149
2026-08-18 16:51:35.257,28742.5286
2026-08-18 16:51:35.671,28546.6358
2026-08-18 16:51:36.090,28366.0741
2026-08-18 16:51:36.507,28183.1611
2026-08-18 16:51:36.921,28005.5801
2026-08-18 16:51:37.423,27829.188
2026-08-18 16:51:37.836,27618.8631
2026-08-18 16:51:38.250,27448.1542
2026-08-18 16:51:38.675,27289.303
2026-08-18 16:51:39.136,27128.3155
2026-08-18 16:51:39.565,26976.8362
2026-08-18 16:51:39.977,26893.1893
2026-08-18 16:51:40.412,26848.3868
2026-08-18 16:51:40.829,26820.0022
2026-08-18 16:51:41.243,26796.4202
2026-08-18 16:51:41.664,26778.7059
2026-08-18 16:51:42.091,26767.0767
2026-08-18 16:51:42.504,26756.7902
2026-08-18 16:51:42.938,26750.2402
2026-08-18 16:51:43.351,26745.6935
2026-08-18 16:51:43.764,26737.8379
2026-08-18 16:51:44.178,26735.4363
2026-08-18 16:51:44.606,26728.4136
2026-08-18 16:51:45.027,26725.4579
2026-08-18 16:51:45.439,26721.177
2026-08-18 16:51:45.867,26710.1002
2026-08-18 16:51:46.279,26704.2058
2026-08-18 16:51:46.744,26698.5876
2026-08-18 16:51:47.169,26703.3978
2026-08-18 16:51:47.583,26716.4836
2026-08-18 16:51:47.997,26727.7679
2026-08-18 16:51:48.423,26748.9677
2026-08-18 16:51:48.836,26793.2382
2026-08-18 16:51:49.274,26873.037
2026-08-18 16:51:49.703,26986.629
2026-08-18 16:51:50.116,27127.7671
2026-08-18 16:51:50.529,27281.673
2026-08-18 16:51:50.942,27442.9261
2026-08-18 16:51:51.358,27608.0272
2026-08-18 16:51:51.802,27774.4825
2026-08-18 16:51:52.217,27961.3695
2026-08-18 16:51:52.645,28017.9156
2026-08-18 16:51:53.059,27837.9993
2026-08-18 16:51:53.476,27667.1274
2026-08-18 16:51:53.889,27498.3327
2026-08-18 16:51:54.389,27295.6467
2026-08-18 16:51:54.801,27139.0934
2026-08-18 16:51:55.216,26999.0148
2026-08-18 16:51:55.630,26857.9041
2026-08-18 16:51:56.042,26788.1514
2026-08-18 16:51:56.458,26752.1572
2026-08-18 16:51:56.883,26723.2808
2026-08-18 16:51:57.381,26697.0614
2026-08-18 16:51:57.793,26675.4509
2026-08-18 16:51:58.206,26679.2905
2026-08-18 16:51:58.633,26698.0696
2026-08-18 16:51:59.070,26721.0602
2026-08-18 16:51:59.489,26756.5986
2026-08-18 16:51:59.903,26819.4036
2026-08-18 16:52:00.316,26916.3546
2026-08-18 16:52:00.729,27047.7686
2026-08-18 16:52:01.201,27194.7451
2026-08-18 16:52:01.651,27388.9029
2026-08-18 16:52:02.067,27558.0383
2026-08-18 16:52:02.486,27729.28
2026-08-18 16:52:02.899,27901.0992
2026-08-18 16:52:03.341,28072.5257
2026-08-18 16:52:03.764,28264.0082
2026-08-18 16:52:04.177,28444.2858
2026-08-18 16:52:04.591,28613.0653
2026-08-18 16:52:05.005,28799.3808
2026-08-18 16:52:05.419,29002.428
2026-08-18 16:52:05.884,29223.1026
2026-08-18 16:52:06.311,29420.7391
2026-08-18 16:52:06.736,29618.0046
2026-08-18 16:52:07.149,29822.0643
2026-08-18 16:52:07.563,30013.9671
2026-08-18 16:52:07.983,30209.8362
2026-08-18 16:52:08.395,30409.928
2026-08-18 16:52:08.848,30488.6928
2026-08-18 16:52:09.264,30278.2058
2026-08-18 16:52:09.677,30069.9544
2026-08-18 16:52:10.091,29866.3499
2026-08-18 16:52:10.516,29667.4743
2026-08-18 16:52:11.003,29427.6268
2026-08-18 16:52:11.415,29239.1755
2026-08-18 16:52:11.827,29047.4379
2026-08-18 16:52:12.240,28849.7857
2026-08-18 16:52:12.657,28660.0309
2026-08-18 16:52:13.070,28472.1295
2026-08-18 16:52:13.483,28298.9068
2026-08-18 16:52:13.894,28122.9202
2026-08-18 16:52:14.307,27947.9223
2026-08-18 16:52:14.720,27772.2288
2026-08-18 16:52:15.158,27598.0177
2026-08-18 16:52:15.583,27430.0348
2026-08-18 16:52:15.995,27262.5212
2026-08-18 16:52:16.409,27108.0986
2026-08-18 16:52:16.822,26965.9559
2026-08-18 16:52:17.236,26860.6073
2026-08-18 16:52:17.654,26805.2304
2026-08-18 16:52:18.068,26775.9708
2026-08-18 16:52:18.480,26751.5046
2026-08-18 16:52:18.893,26731.516
2026-08-18 16:52:19.306,26713.9848
2026-08-18 16:52:19.743,26705.7982
2026-08-18 16:52:20.162,26697.7298
2026-08-18 16:52:20.581,26691.5545
2026-08-18 16:52:20.995,26688.4367
2026-08-18 16:52:21.408,26691.3039
2026-08-18 16:52:21.888,26689.8141
2026-08-18 16:52:22.305,26682.9821
2026-08-18 16:52:22.732,26685.9361
2026-08-18 16:52:23.151,26689.7442
2026-08-18 16:52:23.563,26687.5502
2026-08-18 16:52:23.980,26688.0118
2026-08-18 16:52:24.393,26688.7978
2026-08-18 16:52:24.820,26692.7456
2026-08-18 16:52:25.233,26710.7442
2026-08-18 16:52:25.660,26734.4155
2026-08-18 16:52:26.074,26765.8513
2026-08-18 16:52:26.485,26820.8245
2026-08-18 16:52:26.917,26907.7734
2026-08-18 16:52:27.332,27042.5577
2026-08-18 16:52:27.744,27174.5447
2026-08-18 16:52:28.163,27322.911
2026-08-18 16:52:28.575,27488.8482
2026-08-18 16:52:28.987,27654.6157
2026-08-18 16:52:29.400,27824.1708
2026-08-18 16:52:29.867,27995.3311
2026-08-18 16:52:30.279,27890.9662
2026-08-18 16:52:30.693,27721.1211
2026-08-18 16:52:31.106,27555.8812
2026-08-18 16:52:31.519,27389.0925
2026-08-18 16:52:31.937,27227.4267
2026-08-18 16:52:32.349,27070.145
2026-08-18 16:52:32.762,26927.6975
2026-08-18 16:52:33.175,26819.1512
2026-08-18 16:52:33.586,26750.2295
2026-08-18 16:52:34.012,26713.7444
2026-08-18 16:52:34.428,26689.395
2026-08-18 16:52:34.856,26670.0506
2026-08-18 16:52:35.268,26657.0881
2026-08-18 16:52:35.679,26664.9063
2026-08-18 16:52:36.093,26676.6335
2026-08-18 16:52:36.506,26694.9318
2026-08-18 16:52:36.932,26732.8326
2026-08-18 16:52:37.399,26804.869
2026-08-18 16:52:37.817,26906.4062
2026-08-18 16:52:38.238,27042.1482
2026-08-18 16:52:38.651,27194.7567
2026-08-18 16:52:39.125,27380.7659
2026-08-18 16:52:39.538,27543.8172
2026-08-18 16:52:39.952,27713.4661
2026-08-18 16:52:40.381,27890.5155
2026-08-18 16:52:40.801,28063.4253
2026-08-18 16:52:41.219,28240.242
2026-08-18 16:52:41.649,28422.5372
2026-08-18 16:52:42.061,28613.9307
2026-08-18 16:52:42.489,28802.4363
2026-08-18 16:52:42.901,28982.5982
2026-08-18 16:52:43.313,29163.0001
2026-08-18 16:52:43.726,29353.7163
2026-08-18 16:52:44.143,29545.8951
2026-08-18 16:52:44.555,29742.8735
2026-08-18 16:52:44.971,29940.8008
2026-08-18 16:52:45.389,30147.797
2026-08-18 16:52:45.803,30349.6818
2026-08-18 16:52:46.216,30461.4911
2026-08-18 16:52:46.655,30261.6029
2026-08-18 16:52:47.074,30052.6708
2026-08-18 16:52:47.502,29850.6699
2026-08-18 16:52:47.939,29635.7221
2026-08-18 16:52:48.353,29434.0822
2026-08-18 16:52:48.766,29239.1699
2026-08-18 16:52:49.179,29046.5757
2026-08-18 16:52:49.592,28859.4697
2026-08-18 16:52:50.009,28672.6313
2026-08-18 16:52:50.423,28488.8641
2026-08-18 16:52:50.835,28310.3844
2026-08-18 16:52:51.247,28135.7011
2026-08-18 16:52:51.675,27959.3963
2026-08-18 16:52:52.101,27779.6352
2026-08-18 16:52:52.514,27603.4776
2026-08-18 16:52:52.937,27433.0769
2026-08-18 16:52:53.350,27265.0745
2026-08-18 16:52:53.777,27106.517
2026-08-18 16:52:54.199,26957.3193
2026-08-18 16:52:54.613,26843.5579
2026-08-18 16:52:55.026,26782.058
2026-08-18 16:52:55.439,26746.2378
2026-08-18 16:52:55.866,26720.9608
2026-08-18 16:52:56.278,26702.7824
2026-08-18 16:52:56.691,26696.1304
2026-08-18 16:52:57.152,26695.9749
2026-08-18 16:52:57.578,26693.8735
2026-08-18 16:52:57.991,26692.4466
2026-08-18 16:52:58.404,26692.3229
2026-08-18 16:52:58.816,26684.5307
2026-08-18 16:52:59.236,26677.2097
2026-08-18 16:52:59.669,26673.1203
2026-08-18 16:53:00.082,26670.4435
2026-08-18 16:53:00.503,26673.221
2026-08-18 16:53:00.915,26670.1194
2026-08-18 16:53:01.334,26667.0218
2026-08-18 16:53:01.749,26668.6751
2026-08-18 16:53:02.168,26673.3914
2026-08-18 16:53:02.580,26686.6995
2026-08-18 16:53:03.014,26705.6517
2026-08-18 16:53:03.427,26742.77
2026-08-18 16:53:03.853,26792.2925
2026-08-18 16:53:04.267,26873.8694
2026-08-18 16:53:04.683,26990.2586
2026-08-18 16:53:05.148,27151.5413
2026-08-18 16:53:05.574,27306.8243
2026-08-18 16:53:05.997,27475.9915
2026-08-18 16:53:06.409,27647.7862
2026-08-18 16:53:06.828,27816.131
2026-08-18 16:53:07.264,27983.664
2026-08-18 16:53:07.677,27900.9993
2026-08-18 16:53:08.095,27725.4935
2026-08-18 16:53:08.509,27555.0699
2026-08-18 16:53:08.923,27391.836
2026-08-18 16:53:09.335,27227.8605
2026-08-18 16:53:09.750,27073.9382
2026-08-18 16:53:10.166,26932.6236
2026-08-18 16:53:10.588,26819.4863
2026-08-18 16:53:11.000,26750.0054
2026-08-18 16:53:11.412,26710.7075
2026-08-18 16:53:11.825,26684.3783
2026-08-18 16:53:12.252,26667.3405
2026-08-18 16:53:12.668,26656.1014
2026-08-18 16:53:13.102,26665.4407
2026-08-18 16:53:13.527,26676.2754
2026-08-18 16:53:13.941,26697.1314
2026-08-18 16:53:14.355,26730.3305
2026-08-18 16:53:14.770,26785.5302
2026-08-18 16:53:15.247,26887.393
2026-08-18 16:53:15.665,27029.9437
2026-08-18 16:53:16.081,27187.8741
2026-08-18 16:53:16.495,27348.8604
2026-08-18 16:53:16.922,27514.4691
2026-08-18 16:53:17.340,27679.3582
2026-08-18 16:53:17.756,27849.2085
2026-08-18 16:53:18.176,28029.991
2026-08-18 16:53:18.592,28213.9669
2026-08-18 16:53:19.057,28398.1341
2026-08-18 16:53:19.476,28607.9268
2026-08-18 16:53:19.903,28794.9119
2026-08-18 16:53:20.315,28989.1938
2026-08-18 16:53:20.744,29181.3657
2026-08-18 16:53:21.156,29379.4023
2026-08-18 16:53:21.589,29574.4508
2026-08-18 16:53:22.003,29780.3877
2026-08-18 16:53:22.428,29979.1899
2026-08-18 16:53:22.841,30188.2977
2026-08-18 16:53:23.254,30392.3597
2026-08-18 16:53:23.667,30494.8341
2026-08-18 16:53:24.082,30303.5448
2026-08-18 16:53:24.560,30068.5494
2026-08-18 16:53:24.987,29856.8898
2026-08-18 16:53:25.403,29648.5077
2026-08-18 16:53:25.816,29451.0335
2026-08-18 16:53:26.249,29245.5207
2026-08-18 16:53:26.677,29043.9953
2026-08-18 16:53:27.091,28858.3372
2026-08-18 16:53:27.504,28671.6331
2026-08-18 16:53:27.917,28491.3939
2026-08-18 16:53:28.331,28315.8097
2026-08-18 16:53:28.744,28142.0703
2026-08-18 16:53:29.161,27969.7168
2026-08-18 16:53:29.605,27796.8557
2026-08-18 16:53:30.021,27617.1109
2026-08-18 16:53:30.441,27452.9359
2026-08-18 16:53:30.854,27288.9196
2026-08-18 16:53:31.266,27134.6413
2026-08-18 16:53:31.676,26996.6521
2026-08-18 16:53:32.102,26894.8853
2026-08-18 16:53:32.566,26832.6848
2026-08-18 16:53:32.991,26800.7475
2026-08-18 16:53:33.416,26777.1498
2026-08-18 16:53:33.836,26762.5808
2026-08-18 16:53:34.248,26753.7648
2026-08-18 16:53:34.675,26750.8165
2026-08-18 16:53:35.100,26745.0492
2026-08-18 16:53:35.515,26742.1124
2026-08-18 16:53:35.932,26740.8545
2026-08-18 16:53:36.346,26739.4679
2026-08-18 16:53:36.759,26738.3063
2026-08-18 16:53:37.171,26735.3973
2026-08-18 16:53:37.600,26729.77
2026-08-18 16:53:38.013,26720.2989
2026-08-18 16:53:38.425,26719.5008
2026-08-18 16:53:38.838,26719.8404
2026-08-18 16:53:39.267,26717.9038
2026-08-18 16:53:39.760,26722.9618
2026-08-18 16:53:40.180,26736.6296
2026-08-18 16:53:40.642,26760.7734
2026-08-18 16:53:41.056,26803.9789
2026-08-18 16:53:41.480,26868.1621
2026-08-18 16:53:41.895,26966.8747
2026-08-18 16:53:42.307,27096.9496
2026-08-18 16:53:42.769,27260.4652
2026-08-18 16:53:43.197,27425.0822
2026-08-18 16:53:43.618,27584.1706
2026-08-18 16:53:44.040,27753.1501
2026-08-18 16:53:44.453,27923.9955
2026-08-18 16:53:44.877,28021.0119
2026-08-18 16:53:45.288,27863.9395
2026-08-18 16:53:45.712,27694.8744
2026-08-18 16:53:46.128,27523.4412
2026-08-18 16:53:46.547,27358.7335
2026-08-18 16:53:46.968,27200.0797
2026-08-18 16:53:47.432,27048.8401
2026-08-18 16:53:47.849,26906.9428
2026-08-18 16:53:48.262,26825.7567
2026-08-18 16:53:48.685,26775.7238
2026-08-18 16:53:49.098,26746.515
2026-08-18 16:53:49.510,26727.7101
2026-08-18 16:53:49.956,26714.3548
2026-08-18 16:53:50.372,26715.5429
2026-08-18 16:53:50.785,26734.3136
2026-08-18 16:53:51.196,26753.9893
2026-08-18 16:53:51.608,26781.827
2026-08-18 16:53:52.022,26827.9147
2026-08-18 16:53:52.434,26904.9221
2026-08-18 16:53:52.847,27020.3753
2026-08-18 16:53:53.260,27159.9907
2026-08-18 16:53:53.673,27312.9724
2026-08-18 16:53:54.105,27479.9598
2026-08-18 16:53:54.527,27648.7568
2026-08-18 16:53:54.940,27821.4831
2026-08-18 16:53:55.351,27992.664
2026-08-18 16:53:55.764,28168.088
2026-08-18 16:53:56.227,28344.561
2026-08-18 16:53:56.655,28552.0024
2026-08-18 16:53:57.067,28735.0702
2026-08-18 16:53:57.480,28919.6199
2026-08-18 16:53:57.904,29103.2205
2026-08-18 16:53:58.316,29302.7633
2026-08-18 16:53:58.752,29496.0867
2026-08-18 16:53:59.177,29702.4415
2026-08-18 16:53:59.595,29904.7089
2026-08-18 16:54:00.007,30106.6258
2026-08-18 16:54:00.419,30307.4033
2026-08-18 16:54:00.832,30511.7056
2026-08-18 16:54:01.244,30508.86
2026-08-18 16:54:01.656,30306.5547
2026-08-18 16:54:02.068,30106.9206
2026-08-18 16:54:02.485,29909.618
2026-08-18 16:54:02.912,29710.6448
2026-08-18 16:54:03.329,29514.3926
2026-08-18 16:54:03.742,29322.0354
2026-08-18 16:54:04.155,29134.1196
2026-08-18 16:54:04.616,28928.7735
2026-08-18 16:54:05.033,28747.2236
2026-08-18 16:54:05.451,28563.8941
2026-08-18 16:54:05.863,28382.6301
2026-08-18 16:54:06.277,28206.8775
2026-08-18 16:54:06.702,28033.1926
2026-08-18 16:54:07.115,27859.6787
2026-08-18 16:54:07.553,27692.1999
2026-08-18 16:54:07.965,27519.3233
2026-08-18 16:54:08.378,27360.0714
2026-08-18 16:54:08.790,27206.2557
2026-08-18 16:54:09.207,27070.7695
2026-08-18 16:54:09.707,26973.5266
2026-08-18 16:54:10.125,26926.2633
2026-08-18 16:54:10.597,26896.9561
2026-08-18 16:54:11.013,26877.8111
2026-08-18 16:54:11.440,26866.2115
2026-08-18 16:54:11.852,26857.0617
2026-08-18 16:54:12.277,26858.4855
2026-08-18 16:54:12.691,26854.2905
2026-08-18 16:54:13.106,26854.7995
2026-08-18 16:54:13.523,26852.3353
2026-08-18 16:54:13.936,26846.4514
2026-08-18 16:54:14.348,26847.1526
2026-08-18 16:54:14.761,26847.1223
2026-08-18 16:54:15.174,26841.3106
2026-08-18 16:54:15.601,26832.4508
2026-08-18 16:54:16.019,26827.6796
2026-08-18 16:54:16.437,26816.7477
2026-08-18 16:54:16.851,26826.5889
2026-08-18 16:54:17.263,26843.539
2026-08-18 16:54:17.676,26861.6282
2026-08-18 16:54:18.090,26879.2362
2026-08-18 16:54:18.507,26915.6228
2026-08-18 16:54:18.988,26990.2996
2026-08-18 16:54:19.401,27099.2728
2026-08-18 16:54:19.824,27235.5231
2026-08-18 16:54:20.237,27389.3059
2026-08-18 16:54:20.650,27551.918
2026-08-18 16:54:21.075,27720.4661
2026-08-18 16:54:21.499,27896.4627
2026-08-18 16:54:21.911,28068.2417
2026-08-18 16:54:22.340,28159.2889
2026-08-18 16:54:22.752,27995.7581
2026-08-18 16:54:23.178,27826.1259
2026-08-18 16:54:23.590,27653.7469
2026-08-18 16:54:24.008,27486.329
2026-08-18 16:54:24.422,27322.2713
2026-08-18 16:54:24.836,27168.6651
2026-08-18 16:54:25.262,27034.4839
2026-08-18 16:54:25.675,26944.5796
2026-08-18 16:54:26.094,26889.6975
2026-08-18 16:54:26.585,26851.2656
2026-08-18 16:54:26.998,26828.4567
2026-08-18 16:54:27.426,26811.8877
2026-08-18 16:54:27.840,26809.5175
2026-08-18 16:54:28.268,26825.6033
2026-08-18 16:54:28.691,26844.4521
2026-08-18 16:54:29.103,26870.7301
2026-08-18 16:54:29.515,26915.0709
2026-08-18 16:54:29.978,26994.9465
2026-08-18 16:54:30.398,27128.2274
2026-08-18 16:54:30.810,27272.14
2026-08-18 16:54:31.247,27431.4031
2026-08-18 16:54:31.659,27593.7966
2026-08-18 16:54:32.078,27758.2274
2026-08-18 16:54:32.492,27928.0221
2026-08-18 16:54:32.904,28097.8765
2026-08-18 16:54:33.318,28269.2585
2026-08-18 16:54:33.733,28445.7442
2026-08-18 16:54:34.145,28626.4684
2026-08-18 16:54:34.576,28805.3933
2026-08-18 16:54:34.988,28994.8291
2026-08-18 16:54:35.414,29177.733
2026-08-18 16:54:35.827,29371.5429
2026-08-18 16:54:36.254,29569.7287
2026-08-18 16:54:36.685,29760.4331
2026-08-18 16:54:37.117,29981.5481
2026-08-18 16:54:37.530,30183.4925
2026-08-18 16:54:37.948,30386.8227
2026-08-18 16:54:38.361,30585.8427
2026-08-18 16:54:38.793,30544.9129
2026-08-18 16:54:39.204,30346.7282
2026-08-18 16:54:39.632,30143.6054
2026-08-18 16:54:40.045,29948.7704
2026-08-18 16:54:40.470,29753.394
2026-08-18 16:54:40.898,29551.5459
2026-08-18 16:54:41.309,29351.6395
2026-08-18 16:54:41.722,29161.3251
2026-08-18 16:54:42.153,28969.6474
2026-08-18 16:54:42.613,28781.9798
2026-08-18 16:54:43.034,28574.4813
2026-08-18 16:54:43.452,28395.954
2026-08-18 16:54:43.869,28218.9342
2026-08-18 16:54:44.292,28040.6053
2026-08-18 16:54:44.709,27867.6177
2026-08-18 16:54:45.123,27702.6775
2026-08-18 16:54:45.553,27528.2078
2026-08-18 16:54:45.965,27361.2853
2026-08-18 16:54:46.385,27211.8332
2026-08-18 16:54:46.797,27089.8937
2026-08-18 16:54:47.209,27014.5706
2026-08-18 16:54:47.622,26971.3115
2026-08-18 16:54:48.045,26941.2304
2026-08-18 16:54:48.471,26917.7443
2026-08-18 16:54:48.885,26895.3647
2026-08-18 16:54:49.298,26882.8229
2026-08-18 16:54:49.722,26879.7828
2026-08-18 16:54:50.152,26891.1076
2026-08-18 16:54:50.578,26892.4583
2026-08-18 16:54:51.003,26889.4094
2026-08-18 16:54:51.420,26883.7986
2026-08-18 16:54:51.841,26880.4006
2026-08-18 16:54:52.255,26879.4014
2026-08-18 16:54:52.674,26878.0992
2026-08-18 16:54:53.088,26872.614
2026-08-18 16:54:53.523,26867.7882
2026-08-18 16:54:53.938,26866.4987
2026-08-18 16:54:54.351,26865.1379
2026-08-18 16:54:54.773,26871.9598
2026-08-18 16:54:55.190,26884.3868
2026-08-18 16:54:55.603,26909.4201
2026-08-18 16:54:56.032,26950.4576
2026-08-18 16:54:56.443,27017.4902
2026-08-18 16:54:56.855,27119.0796
2026-08-18 16:54:57.272,27252.6452
2026-08-18 16:54:57.684,27402.6906
2026-08-18 16:54:58.109,27559.8406
2026-08-18 16:54:58.539,27726.8984
2026-08-18 16:54:58.951,27901.3055
2026-08-18 16:54:59.371,28069.5469
2026-08-18 16:54:59.798,28165.3699
2026-08-18 16:55:00.213,28003.9818
2026-08-18 16:55:00.626,27837.0877
2026-08-18 16:55:01.060,27659.2363
2026-08-18 16:55:01.476,27487.9645
2026-08-18 16:55:01.898,27328.6091
2026-08-18 16:55:02.311,27176.6542
2026-08-18 16:55:02.724,27049.5222
2026-08-18 16:55:03.138,26965.9413
2026-08-18 16:55:03.581,26918.6989
2026-08-18 16:55:03.993,26890.6147
2026-08-18 16:55:04.406,26879.3311
2026-08-18 16:55:04.819,26866.3589
2026-08-18 16:55:05.232,26852.1992
2026-08-18 16:55:05.669,26860.5163
2026-08-18 16:55:06.082,26875.7479
2026-08-18 16:55:06.503,26894.8582
2026-08-18 16:55:06.916,26937.6457
2026-08-18 16:55:07.350,27014.4479
2026-08-18 16:55:07.777,27128.5592
2026-08-18 16:55:08.190,27274.472
2026-08-18 16:55:08.603,27428.7655
2026-08-18 16:55:09.016,27591.0342
2026-08-18 16:55:09.438,27757.5287
2026-08-18 16:55:09.867,27931.1623
2026-08-18 16:55:10.281,28111.9363
2026-08-18 16:55:10.702,28287.5864
2026-08-18 16:55:11.115,28468.4228
2026-08-18 16:55:11.527,28648.9732
2026-08-18 16:55:11.961,28830.8745
2026-08-18 16:55:12.379,29022.5933
2026-08-18 16:55:12.791,29213.9721
2026-08-18 16:55:13.205,29402.2705
2026-08-18 16:55:13.667,29594.9553
2026-08-18 16:55:14.084,29814.5647
2026-08-18 16:55:14.497,30011.3502
2026-08-18 16:55:14.910,30208.3843
2026-08-18 16:55:15.322,30407.2655
2026-08-18 16:55:15.735,30608.3045
2026-08-18 16:55:16.176,30588.3659
2026-08-18 16:55:16.589,30371.626
2026-08-18 16:55:17.002,30170.3045
2026-08-18 16:55:17.415,29971.2509
2026-08-18 16:55:17.827,29773.5751
2026-08-18 16:55:18.241,29580.5514
2026-08-18 16:55:18.656,29389.238
2026-08-18 16:55:19.067,29196.3676
2026-08-18 16:55:19.481,29007.6603
2026-08-18 16:55:19.899,28822.687
2026-08-18 16:55:20.312,28640.328
2026-08-18 16:55:20.737,28461.7656
2026-08-18 16:55:21.158,28278.9727
2026-08-18 16:55:21.571,28095.2558
2026-08-18 16:55:22.000,27922.8902
2026-08-18 16:55:22.426,27745.7342
2026-08-18 16:55:22.838,27575.241
2026-08-18 16:55:23.251,27413.3734
2026-08-18 16:55:23.665,27258.9395
2026-08-18 16:55:24.105,27124.4249
2026-08-18 16:55:24.519,27021.6753
2026-08-18 16:55:24.941,26969.4557
2026-08-18 16:55:25.354,26933.7895
2026-08-18 16:55:25.768,26910.4847
2026-08-18 16:55:26.180,26900.4417
2026-08-18 16:55:26.644,26882.6683
2026-08-18 16:55:27.066,26873.6242
2026-08-18 16:55:27.564,26871.3182
2026-08-18 16:55:27.976,26870.8746
2026-08-18 16:55:28.390,26865.0982
2026-08-18 16:55:28.802,26859.2017
2026-08-18 16:55:29.217,26853.4476
2026-08-18 16:55:29.650,26852.611
2026-08-18 16:55:30.064,26854.5908
2026-08-18 16:55:30.478,26854.495
2026-08-18 16:55:30.892,26858.5265
2026-08-18 16:55:31.306,26861.6088
2026-08-18 16:55:31.743,26864.9721
2026-08-18 16:55:32.155,26878.8186
2026-08-18 16:55:32.568,26894.9299
2026-08-18 16:55:32.980,26916.9874
2026-08-18 16:55:33.392,26950.5931
2026-08-18 16:55:33.804,27013.4305
2026-08-18 16:55:34.218,27109.0214
2026-08-18 16:55:34.631,27235.7783
2026-08-18 16:55:35.047,27381.8596
2026-08-18 16:55:35.459,27542.0035
2026-08-18 16:55:35.872,27706.4927
2026-08-18 16:55:36.298,27870.8249
2026-08-18 16:55:36.710,28046.0455
2026-08-18 16:55:37.124,28183.1942
2026-08-18 16:55:37.552,28056.8542
2026-08-18 16:55:37.984,27875.4932
2026-08-18 16:55:38.399,27705.9039
2026-08-18 16:55:38.817,27540.7442
2026-08-18 16:55:39.229,27382.975
2026-08-18 16:55:39.662,27229.6179
2026-08-18 16:55:40.089,27095.629
2026-08-18 16:55:40.515,27006.3863
2026-08-18 16:55:40.928,26951.4463
2026-08-18 16:55:41.348,26921.198
2026-08-18 16:55:41.771,26901.0799
2026-08-18 16:55:42.185,26885.5072
2026-08-18 16:55:42.608,26879.9075
2026-08-18 16:55:43.034,26891.7685
2026-08-18 16:55:43.447,26898.748
2026-08-18 16:55:43.867,26916.2521
2026-08-18 16:55:44.281,26954.7339
2026-08-18 16:55:44.695,27020.7851
2026-08-18 16:55:45.119,27132.852
2026-08-18 16:55:45.532,27272.9302
2026-08-18 16:55:45.964,27428.553
2026-08-18 16:55:46.385,27602.7337
2026-08-18 16:55:46.800,27780.4433
2026-08-18 16:55:47.220,27951.2454
2026-08-18 16:55:47.635,28128.4493
2026-08-18 16:55:48.066,28306.8447
2026-08-18 16:55:48.486,28498.4771
2026-08-18 16:55:48.914,28685.6707
2026-08-18 16:55:49.328,28876.8847
2026-08-18 16:55:49.751,29062.3579
2026-08-18 16:55:50.183,29258.2316
2026-08-18 16:55:50.597,29454.417
2026-08-18 16:55:51.023,29650.1683
2026-08-18 16:55:51.436,29852.7591
2026-08-18 16:55:51.859,30051.1011
2026-08-18 16:55:52.290,30258.2743
2026-08-18 16:55:52.717,30465.2485
2026-08-18 16:55:53.131,30678.4709
2026-08-18 16:55:53.543,30697.737
2026-08-18 16:55:53.963,30492.5608
2026-08-18 16:55:54.396,30284.104
2026-08-18 16:55:54.823,30077.5264
2026-08-18 16:55:55.235,29871.4553
2026-08-18 16:55:55.648,29673.0606
2026-08-18 16:55:56.068,29476.2577
2026-08-18 16:55:56.496,29279.8005
2026-08-18 16:55:56.908,29084.794
2026-08-18 16:55:57.322,28902.9565
2026-08-18 16:55:57.734,28720.0117
2026-08-18 16:55:58.147,28540.7939
2026-08-18 16:55:58.575,28360.8372
2026-08-18 16:55:58.989,28177.0335
2026-08-18 16:55:59.415,28004.5225
2026-08-18 16:55:59.829,27831.9183
2026-08-18 16:56:00.243,27667.3784
2026-08-18 16:56:00.683,27504.7973
2026-08-18 16:56:01.097,27342.1692
2026-08-18 16:56:01.519,27208.4177
2026-08-18 16:56:01.939,27115.2069
2026-08-18 16:56:02.352,27067.1603
2026-08-18 16:56:02.787,27038.3777
2026-08-18 16:56:03.200,27017.2918
2026-08-18 16:56:03.627,27003.282
2026-08-18 16:56:04.039,26992.0147
2026-08-18 16:56:04.451,26985.6326
2026-08-18 16:56:04.893,26983.0842
2026-08-18 16:56:05.319,26980.0233
2026-08-18 16:56:05.734,26971.7327
2026-08-18 16:56:06.157,26969.973
2026-08-18 16:56:06.585,26962.2285
2026-08-18 16:56:07.001,26952.7673
2026-08-18 16:56:07.431,26955.1591
2026-08-18 16:56:07.849,26957.8645
2026-08-18 16:56:08.262,26960.7786
2026-08-18 16:56:08.685,26962.5655
2026-08-18 16:56:09.117,26960.7161
2026-08-18 16:56:09.530,26975.4138
2026-08-18 16:56:09.954,26996.474
2026-08-18 16:56:10.367,27018.4331
2026-08-18 16:56:10.781,27046.3529
2026-08-18 16:56:11.223,27104.4552
2026-08-18 16:56:11.639,27208.226
2026-08-18 16:56:12.052,27334.8465
2026-08-18 16:56:12.470,27482.064
2026-08-18 16:56:12.888,27639.6558
2026-08-18 16:56:13.309,27802.5147
2026-08-18 16:56:13.721,27971.9411
2026-08-18 16:56:14.139,28139.0965
2026-08-18 16:56:14.552,28280.8884
2026-08-18 16:56:14.989,28157.4814
2026-08-18 16:56:15.434,27987.1469
2026-08-18 16:56:15.847,27803.0871
2026-08-18 16:56:16.259,27634.6178
2026-08-18 16:56:16.671,27469.8263
2026-08-18 16:56:17.091,27316.7087
2026-08-18 16:56:17.521,27184.0563
2026-08-18 16:56:17.934,27087.6838
2026-08-18 16:56:18.354,27034.1634
2026-08-18 16:56:18.769,27016.4348
2026-08-18 16:56:19.184,26999.8085
2026-08-18 16:56:19.661,26987.9467
2026-08-18 16:56:20.079,26985.1456
2026-08-18 16:56:20.498,27001.0682
2026-08-18 16:56:20.916,27019.1336
2026-08-18 16:56:21.331,27042.2327
2026-08-18 16:56:21.745,27083.0204
2026-08-18 16:56:22.157,27155.8639
2026-08-18 16:56:22.577,27262.9065
2026-08-18 16:56:22.990,27402.3837
2026-08-18 16:56:23.402,27554.4483
2026-08-18 16:56:23.869,27735.8539
2026-08-18 16:56:24.290,27905.547
2026-08-18 16:56:24.702,28082.0265
2026-08-18 16:56:25.137,28259.4767
2026-08-18 16:56:25.554,28438.6693
2026-08-18 16:56:25.966,28619.6604
2026-08-18 16:56:26.385,28804.5168
2026-08-18 16:56:26.798,28997.4662
2026-08-18 16:56:27.212,29185.201
2026-08-18 16:56:27.624,29372.9359
2026-08-18 16:56:28.055,29563.5812
2026-08-18 16:56:28.469,29766.0097
2026-08-18 16:56:28.886,29965.1252
2026-08-18 16:56:29.299,30163.5426
2026-08-18 16:56:29.712,30367.4795
2026-08-18 16:56:30.179,30598.1735
2026-08-18 16:56:30.594,30802.8815
2026-08-18 16:56:31.010,30800.7753
2026-08-18 16:56:31.425,30590.2755
2026-08-18 16:56:31.887,30387.3798
2026-08-18 16:56:32.314,30157.6707
2026-08-18 16:56:32.736,29959.0893
2026-08-18 16:56:33.150,29757.7379
2026-08-18 16:56:33.566,29562.6096
2026-08-18 16:56:33.978,29371.4629
2026-08-18 16:56:34.400,29186.169
2026-08-18 16:56:34.818,28998.3264
2026-08-18 16:56:35.232,28815.2546
2026-08-18 16:56:35.645,28634.953
2026-08-18 16:56:36.059,28459.517
2026-08-18 16:56:36.535,28260.9773
2026-08-18 16:56:36.954,28086.992
2026-08-18 16:56:37.368,27915.0718
2026-08-18 16:56:37.784,27750.8662
2026-08-18 16:56:38.196,27587.8487
2026-08-18 16:56:38.622,27438.1097
2026-08-18 16:56:39.040,27308.4134
2026-08-18 16:56:39.453,27227.4174
2026-08-18 16:56:39.866,27185.1878
2026-08-18 16:56:40.294,27155.1431
2026-08-18 16:56:40.718,27137.2987
2026-08-18 16:56:41.139,27123.5508
2026-08-18 16:56:41.566,27113.7354
2026-08-18 16:56:41.985,27115.8548
2026-08-18 16:56:42.398,27117.4162
2026-08-18 16:56:42.826,27119.4707
2026-08-18 16:56:43.239,27116.2692
2026-08-18 16:56:43.658,27111.4779
2026-08-18 16:56:44.076,27106.6977
2026-08-18 16:56:44.489,27100.4238
2026-08-18 16:56:44.924,27094.767
2026-08-18 16:56:45.339,27091.4633
2026-08-18 16:56:45.761,27091.2748
2026-08-18 16:56:46.174,27086.9984
2026-08-18 16:56:46.587,27084.5243
2026-08-18 16:56:47.054,27092.6735
2026-08-18 16:56:47.467,27111.327
2026-08-18 16:56:47.903,27138.4858
2026-08-18 16:56:48.321,27177.3284
2026-08-18 16:56:48.737,27243.2958
2026-08-18 16:56:49.150,27346.5667
2026-08-18 16:56:49.572,27480.8053
2026-08-18 16:56:49.992,27635.1797
2026-08-18 16:56:50.405,27798.7667
2026-08-18 16:56:50.816,27965.5231
2026-08-18 16:56:51.235,28135.6828
2026-08-18 16:56:51.648,28312.6019
2026-08-18 16:56:52.073,28423.2575
2026-08-18 16:56:52.486,28266.5267
2026-08-18 16:56:52.899,28090.7277
2026-08-18 16:56:53.335,27919.447
2026-08-18 16:56:53.769,27736.6637
2026-08-18 16:56:54.189,27573.3582
2026-08-18 16:56:54.602,27419.8205
2026-08-18 16:56:55.021,27293.8777
2026-08-18 16:56:55.445,27208.2371
2026-08-18 16:56:55.868,27157.4818
2026-08-18 16:56:56.281,27125.525
2026-08-18 16:56:56.701,27103.5225
2026-08-18 16:56:57.114,27087.9238
2026-08-18 16:56:57.549,27084.4935
2026-08-18 16:56:57.975,27098.9444
2026-08-18 16:56:58.387,27118.7564
2026-08-18 16:56:58.800,27144.3768
2026-08-18 16:56:59.212,27188.1879
2026-08-18 16:56:59.626,27267.346
2026-08-18 16:57:00.040,27379.7365
2026-08-18 16:57:00.470,27515.6705
2026-08-18 16:57:00.882,27676.9685
2026-08-18 16:57:01.295,27838.7024
2026-08-18 16:57:01.708,28003.6454
2026-08-18 16:57:02.121,28174.7946
2026-08-18 16:57:02.589,28370.2335
2026-08-18 16:57:03.001,28547.5042
2026-08-18 16:57:03.415,28729.9022
2026-08-18 16:57:03.842,28915.8641
2026-08-18 16:57:04.257,29105.2602
2026-08-18 16:57:04.678,29290.3273
2026-08-18 16:57:05.105,29486.2483
2026-08-18 16:57:05.517,29685.6572
2026-08-18 16:57:05.932,29878.3104
2026-08-18 16:57:06.345,30078.3843
2026-08-18 16:57:06.782,30284.9181
2026-08-18 16:57:07.198,30502.0304
2026-08-18 16:57:07.611,30709.5034
2026-08-18 16:57:08.033,30916.5726
2026-08-18 16:57:08.449,30914.7042
2026-08-18 16:57:08.861,30706.397
2026-08-18 16:57:09.300,30496.3768
2026-08-18 16:57:09.713,30288.6644
2026-08-18 16:57:10.130,30087.9611
2026-08-18 16:57:10.543,29886.0076
2026-08-18 16:57:10.957,29693.3602
2026-08-18 16:57:11.370,29501.8436
2026-08-18 16:57:11.836,29285.6352
2026-08-18 16:57:12.250,29096.9462
2026-08-18 16:57:12.674,28912.4889
2026-08-18 16:57:13.086,28725.1874
2026-08-18 16:57:13.500,28547.915
2026-08-18 16:57:13.929,28358.8173
2026-08-18 16:57:14.342,28177.3974
2026-08-18 16:57:14.756,28002.3569
2026-08-18 16:57:15.168,27836.297
2026-08-18 16:57:15.629,27673.4797
2026-08-18 16:57:16.060,27498.8118
2026-08-18 16:57:16.472,27370.7583
2026-08-18 16:57:16.886,27287.8381
2026-08-18 16:57:17.311,27243.6605
2026-08-18 16:57:17.724,27214.8861
2026-08-18 16:57:18.138,27194.5617
2026-08-18 16:57:18.562,27181.3011
2026-08-18 16:57:18.974,27170.7573
2026-08-18 16:57:19.396,27171.0852
2026-08-18 16:57:19.814,27170.0065
2026-08-18 16:57:20.233,27168.7897
2026-08-18 16:57:20.646,27165.6157
2026-08-18 16:57:21.059,27163.5128
2026-08-18 16:57:21.472,27162.4571
2026-08-18 16:57:21.900,27163.799
2026-08-18 16:57:22.366,27165.5157
2026-08-18 16:57:22.795,27166.8531
2026-08-18 16:57:23.208,27162.2858
2026-08-18 16:57:23.623,27158.9791
2026-08-18 16:57:24.037,27156.6407
2026-08-18 16:57:24.458,27172.6845
2026-08-18 16:57:24.871,27188.032
2026-08-18 16:57:25.283,27209.2092
2026-08-18 16:57:25.696,27242.5849
2026-08-18 16:57:26.110,27302.5531
2026-08-18 16:57:26.522,27397.1683
2026-08-18 16:57:26.999,27542.1117
2026-08-18 16:57:27.459,27697.9785
2026-08-18 16:57:27.904,27871.0845
2026-08-18 16:57:28.321,28047.278
2026-08-18 16:57:28.747,28217.269
2026-08-18 16:57:29.167,28394.9245
2026-08-18 16:57:29.581,28453.7715
2026-08-18 16:57:29.996,28283.3969
2026-08-18 16:57:30.420,28112.2821
2026-08-18 16:57:30.834,27938.7906
2026-08-18 16:57:31.269,27768.7757
2026-08-18 16:57:31.683,27608.6573
2026-08-18 16:57:32.099,27461.7109
2026-08-18 16:57:32.518,27339.4651
2026-08-18 16:57:32.933,27259.5267
2026-08-18 16:57:33.348,27211.4966
2026-08-18 16:57:33.773,27179.6778
2026-08-18 16:57:34.192,27160.3365
2026-08-18 16:57:34.604,27145.5978
2026-08-18 16:57:35.016,27147.0028
2026-08-18 16:57:35.428,27158.9258
2026-08-18 16:57:35.841,27175.8012
2026-08-18 16:57:36.260,27203.2851
2026-08-18 16:57:36.750,27261.9323
2026-08-18 16:57:37.167,27345.663
2026-08-18 16:57:37.594,27463.0165
2026-08-18 16:57:38.006,27607.9044
2026-08-18 16:57:38.448,27764.8187
2026-08-18 16:57:38.861,27938.0334
2026-08-18 16:57:39.286,28104.9923
2026-08-18 16:57:39.699,28278.9877
2026-08-18 16:57:40.133,28458.1324
2026-08-18 16:57:40.555,28635.5938
2026-08-18 16:57:40.969,28818.0116
2026-08-18 16:57:41.394,29001.2942
2026-08-18 16:57:41.807,29192.7496
2026-08-18 16:57:42.220,29378.9393
2026-08-18 16:57:42.660,29568.7232
2026-08-18 16:57:43.085,29772.1821
2026-08-18 16:57:43.500,29971.4318
2026-08-18 16:57:43.912,30167.953
2026-08-18 16:57:44.324,30366.4913
2026-08-18 16:57:44.749,30565.5913
2026-08-18 16:57:45.167,30772.5173
2026-08-18 16:57:45.600,30968.0473
2026-08-18 16:57:46.012,30855.7851
2026-08-18 16:57:46.425,30648.6631
2026-08-18 16:57:46.840,30442.1346
2026-08-18 16:57:47.253,30241.6014
2026-08-18 16:57:47.687,30043.0927
2026-08-18 16:57:48.099,29834.6958
2026-08-18 16:57:48.512,29639.8474
2026-08-18 16:57:48.938,29448.9011
2026-08-18 16:57:49.352,29253.3165
2026-08-18 16:57:49.790,29062.3015
2026-08-18 16:57:50.203,28858.882
2026-08-18 16:57:50.616,28679.1342
2026-08-18 16:57:51.029,28511.2771
2026-08-18 16:57:51.464,28330.2639
2026-08-18 16:57:51.894,28154.6365
2026-08-18 16:57:52.308,27977.1282
2026-08-18 16:57:52.727,27813.7401
2026-08-18 16:57:53.140,27649.8695
2026-08-18 16:57:53.604,27500.2059
2026-08-18 16:57:54.022,27367.1689
2026-08-18 16:57:54.434,27300.1042
2026-08-18 16:57:54.847,27260.7401
2026-08-18 16:57:55.259,27233.6987
2026-08-18 16:57:55.671,27214.0164
2026-08-18 16:57:56.105,27199.7887
2026-08-18 16:57:56.532,27185.5292
2026-08-18 16:57:56.945,27183.0958
2026-08-18 16:57:57.362,27184.3979
2026-08-18 16:57:57.775,27183.2117
2026-08-18 16:57:58.214,27180.8135
2026-08-18 16:57:58.639,27178.4441
2026-08-18 16:57:59.052,27176.0105
2026-08-18 16:57:59.480,27167.4774
2026-08-18 16:57:59.901,27167.1481
2026-08-18 16:58:00.314,27161.7493
2026-08-18 16:58:00.747,27161.0447
2026-08-18 16:58:01.161,27163.62
2026-08-18 16:58:01.588,27163.0905
2026-08-18 16:58:02.001,27172.6554
2026-08-18 16:58:02.413,27186.3548
2026-08-18 16:58:02.826,27210.6322
2026-08-18 16:58:03.265,27248.9278
2026-08-18 16:58:03.677,27318.4149
2026-08-18 16:58:04.100,27424.4518
2026-08-18 16:58:04.514,27562.0768
2026-08-18 16:58:04.940,27712.873
2026-08-18 16:58:05.356,27879.4844
2026-08-18 16:58:05.769,28043.8191
2026-08-18 16:58:06.196,28212.0298
2026-08-18 16:58:06.623,28391.5186
2026-08-18 16:58:07.035,28442.5634
2026-08-18 16:58:07.448,28270.8445
2026-08-18 16:58:07.861,28099.9902
2026-08-18 16:58:08.288,27926.9137
2026-08-18 16:58:08.726,27762.6272
2026-08-18 16:58:09.138,27593.9434
2026-08-18 16:58:09.551,27448.2884
2026-08-18 16:58:09.988,27324.9156
2026-08-18 16:58:10.400,27246.145
2026-08-18 16:58:10.832,27198.0728
2026-08-18 16:58:11.248,27167.1707
2026-08-18 16:58:11.663,27144.1497
2026-08-18 16:58:12.077,27129.3759
2026-08-18 16:58:12.491,27129.4927
2026-08-18 16:58:12.903,27151.23
2026-08-18 16:58:13.367,27180.5325
2026-08-18 16:58:13.841,27212.1507
2026-08-18 16:58:14.254,27270.9679
2026-08-18 16:58:14.666,27358.3773
2026-08-18 16:58:15.080,27479.9278
2026-08-18 16:58:15.578,27642.9508
2026-08-18 16:58:15.999,27815.1592
2026-08-18 16:58:16.464,28004.9811
2026-08-18 16:58:16.876,28174.1219
2026-08-18 16:58:17.289,28345.3314
2026-08-18 16:58:17.725,28525.7331
2026-08-18 16:58:18.139,28705.5293
2026-08-18 16:58:18.556,28886.6369
2026-08-18 16:58:18.969,29073.1888
2026-08-18 16:58:19.394,29257.5215
2026-08-18 16:58:19.807,29451.5988
2026-08-18 16:58:20.233,29642.3544
2026-08-18 16:58:20.650,29840.7017
2026-08-18 16:58:21.066,30035.4586
2026-08-18 16:58:21.479,30234.0109
2026-08-18 16:58:21.893,30436.7951
2026-08-18 16:58:22.306,30639.8589
2026-08-18 16:58:22.720,30842.6922
2026-08-18 16:58:23.132,30986.7821
2026-08-18 16:58:23.606,30793.0102
2026-08-18 16:58:24.019,30585.7417
2026-08-18 16:58:24.479,30360.8067
2026-08-18 16:58:24.939,30140.3947
2026-08-18 16:58:25.400,29913.254
2026-08-18 16:58:25.819,29719.5318
2026-08-18 16:58:26.231,29520.1245
2026-08-18 16:58:26.653,29328.3826
2026-08-18 16:58:27.065,29134.797
2026-08-18 16:58:27.486,28948.5523
2026-08-18 16:58:27.917,28759.3737
2026-08-18 16:58:28.332,28576.4643
2026-08-18 16:58:28.746,28396.8799
2026-08-18 16:58:29.163,28226.2094
2026-08-18 16:58:29.577,28056.3492
2026-08-18 16:58:30.004,27891.3384
2026-08-18 16:58:30.417,27720.4972
2026-08-18 16:58:30.839,27566.6443
2026-08-18 16:58:31.262,27432.9874
2026-08-18 16:58:31.676,27340.7169
2026-08-18 16:58:32.117,27291.2701
2026-08-18 16:58:32.530,27264.1129
2026-08-18 16:58:32.944,27244.444
2026-08-18 16:58:33.360,27228.5061
2026-08-18 16:58:33.773,27215.7084
2026-08-18 16:58:34.240,27209.586
2026-08-18 16:58:34.665,27206.6431
2026-08-18 16:58:35.077,27204.4879
2026-08-18 16:58:35.500,27200.2703
2026-08-18 16:58:35.912,27200.1196
2026-08-18 16:58:36.330,27199.0008
2026-08-18 16:58:36.745,27197.89
2026-08-18 16:58:37.173,27195.8966
2026-08-18 16:58:37.592,27193.5682
2026-08-18 16:58:38.018,27191.3091
2026-08-18 16:58:38.439,27190.324
2026-08-18 16:58:38.864,27187.4583
2026-08-18 16:58:39.278,27193.7943
2026-08-18 16:58:39.699,27206.6112
2026-08-18 16:58:40.113,27230.5147
2026-08-18 16:58:40.546,27263.0382
2026-08-18 16:58:40.964,27319.5021
2026-08-18 16:58:41.378,27410.5324
2026-08-18 16:58:41.811,27537.9473
2026-08-18 16:58:42.225,27686.2442
2026-08-18 16:58:42.654,27844.1312
2026-08-18 16:58:43.067,28013.3348
2026-08-18 16:58:43.480,28179.5954
2026-08-18 16:58:43.893,28348.1639
2026-08-18 16:58:44.358,28489.1689
2026-08-18 16:58:44.790,28338.7818
2026-08-18 16:58:45.202,28161.0671
2026-08-18 16:58:45.624,27994.1728
2026-08-18 16:58:46.051,27827.3058
2026-08-18 16:58:46.470,27659.7096
2026-08-18 16:58:46.883,27504.2463
2026-08-18 16:58:47.295,27376.5786
2026-08-18 16:58:47.722,27291.1209
2026-08-18 16:58:48.134,27239.6306
2026-08-18 16:58:48.547,27205.2515
2026-08-18 16:58:48.973,27185.96
2026-08-18 16:58:49.400,27169.707
2026-08-18 16:58:49.814,27164.0195
2026-08-18 16:58:50.239,27173.3946
2026-08-18 16:58:50.659,27190.9873
2026-08-18 16:58:51.080,27213.9953
2026-08-18 16:58:51.495,27256.4114
2026-08-18 16:58:51.910,27328.3295
2026-08-18 16:58:52.331,27435.599
2026-08-18 16:58:52.744,27572.8944
2026-08-18 16:58:53.214,27742.3132
2026-08-18 16:58:53.626,27902.5918
2026-08-18 16:58:54.040,28064.6564
2026-08-18 16:58:54.451,28231.9373
2026-08-18 16:58:54.863,28406.9684
2026-08-18 16:58:55.291,28583.0163
2026-08-18 16:58:55.704,28767.3883
2026-08-18 16:58:56.132,28952.5091
2026-08-18 16:58:56.546,29131.557
2026-08-18 16:58:57.007,29311.6522
2026-08-18 16:58:57.436,29512.0023
2026-08-18 16:58:57.849,29702.0324
2026-08-18 16:58:58.268,29907.5417
2026-08-18 16:58:58.681,30114.5875
2026-08-18 16:58:59.097,30312.2109
2026-08-18 16:58:59.512,30511.7871
2026-08-18 16:58:59.935,30715.4283
2026-08-18 16:59:00.348,30923.3737
2026-08-18 16:59:00.773,30911.1686
2026-08-18 16:59:01.187,30697.6045
2026-08-18 16:59:01.616,30493.794
2026-08-18 16:59:02.041,30284.7072
2026-08-18 16:59:02.453,30077.3639
2026-08-18 16:59:02.867,29880.152
2026-08-18 16:59:03.280,29688.3251
2026-08-18 16:59:03.693,29498.3675
2026-08-18 16:59:04.105,29308.8557
2026-08-18 16:59:04.518,29118.7297
2026-08-18 16:59:04.933,28930.364
2026-08-18 16:59:05.345,28748.0431
2026-08-18 16:59:05.780,28560.9903
2026-08-18 16:59:06.192,28384.3674
2026-08-18 16:59:06.619,28208.2927
2026-08-18 16:59:07.042,28039.084
2026-08-18 16:59:07.468,27863.5783
2026-08-18 16:59:07.925,27679.9853
2026-08-18 16:59:08.387,27515.7189
2026-08-18 16:59:08.802,27393.2584
2026-08-18 16:59:09.214,27317.7449
2026-08-18 16:59:09.632,27273.633
2026-08-18 16:59:10.045,27240.4663
2026-08-18 16:59:10.472,27218.6579
2026-08-18 16:59:10.899,27204.6678
2026-08-18 16:59:11.311,27193.6002
2026-08-18 16:59:11.735,27189.9845
2026-08-18 16:59:12.148,27189.8775
2026-08-18 16:59:12.569,27193.4546
2026-08-18 16:59:12.985,27189.8865
2026-08-18 16:59:13.398,27187.6819
2026-08-18 16:59:13.810,27184.0204
2026-08-18 16:59:14.232,27179.6515
2026-08-18 16:59:14.648,27175.1534
2026-08-18 16:59:15.126,27173.6112
2026-08-18 16:59:15.538,27178.1274
2026-08-18 16:59:15.952,27175.7119
2026-08-18 16:59:16.374,27172.393
2026-08-18 16:59:16.786,27178.8303
2026-08-18 16:59:17.206,27194.6736
2026-08-18 16:59:17.626,27216.5743
2026-08-18 16:59:18.040,27251.5319
2026-08-18 16:59:18.463,27309.4446
2026-08-18 16:59:18.879,27406.2373
2026-08-18 16:59:19.312,27531.7664
2026-08-18 16:59:19.739,27686.521
2026-08-18 16:59:20.152,27849.2231
2026-08-18 16:59:20.575,28009.4387
2026-08-18 16:59:20.994,28177.8804
2026-08-18 16:59:21.418,28352.8487
2026-08-18 16:59:21.838,28452.2035
2026-08-18 16:59:22.250,28292.5828
2026-08-18 16:59:22.664,28124.1963
2026-08-18 16:59:23.076,27961.6993
2026-08-18 16:59:23.502,27798.9406
2026-08-18 16:59:23.990,27607.3054
2026-08-18 16:59:24.404,27463.8332
2026-08-18 16:59:24.829,27347.9088
2026-08-18 16:59:25.243,27272.2242
2026-08-18 16:59:25.673,27226.6839
2026-08-18 16:59:26.088,27196.4454
2026-08-18 16:59:26.502,27174.9341
2026-08-18 16:59:26.921,27163.3621
2026-08-18 16:59:27.338,27157.2339
2026-08-18 16:59:27.812,27168.6262
2026-08-18 16:59:28.227,27184.2193
2026-08-18 16:59:28.640,27211.3227
2026-08-18 16:59:29.053,27257.9779
2026-08-18 16:59:29.471,27341.6387
2026-08-18 16:59:29.899,27453.4409
2026-08-18 16:59:30.327,27596.2206
2026-08-18 16:59:30.739,27759.9171
2026-08-18 16:59:31.152,27923.8895
2026-08-18 16:59:31.563,28091.9086
2026-08-18 16:59:32.004,28261.4547
2026-08-18 16:59:32.433,28444.8551
2026-08-18 16:59:32.845,28624.5784
2026-08-18 16:59:33.268,28802.5594
2026-08-18 16:59:33.680,28985.327
2026-08-18 16:59:34.122,29161.7976
2026-08-18 16:59:34.535,29356.4067
2026-08-18 16:59:34.953,29547.0286
2026-08-18 16:59:35.365,29741.5026
2026-08-18 16:59:35.777,29936.8625
2026-08-18 16:59:36.196,30132.562
2026-08-18 16:59:36.688,30372.1866
2026-08-18 16:59:37.100,30574.851
2026-08-18 16:59:37.520,30780.7741
2026-08-18 16:59:37.937,30953.422
2026-08-18 16:59:38.375,30817.1494
2026-08-18 16:59:38.799,30599.2621
2026-08-18 16:59:39.212,30391.6772
2026-08-18 16:59:39.630,30189.123
2026-08-18 16:59:40.041,29987.4993
2026-08-18 16:59:40.503,29772.4421
2026-08-18 16:59:40.915,29585.3069
2026-08-18 16:59:41.328,29402.4938
2026-08-18 16:59:41.756,29219.8161
2026-08-18 16:59:42.178,29030.7163
2026-08-18 16:59:42.604,28847.3524
2026-08-18 16:59:43.030,28655.5677
2026-08-18 16:59:43.445,28480.7605
2026-08-18 16:59:43.869,28307.9696
2026-08-18 16:59:44.280,28128.2362
2026-08-18 16:59:44.716,27957.8442
2026-08-18 16:59:45.131,27775.5954
2026-08-18 16:59:45.544,27610.9574
2026-08-18 16:59:45.955,27470.1663
2026-08-18 16:59:46.380,27366.3322
2026-08-18 16:59:46.842,27297.4147
2026-08-18 16:59:47.257,27260.838
2026-08-18 16:59:47.682,27238.8406
2026-08-18 16:59:48.098,27231.9462
2026-08-18 16:59:48.510,27219.2326
2026-08-18 16:59:48.928,27213.893
2026-08-18 16:59:49.340,27210.6498
2026-08-18 16:59:49.766,27209.3888
2026-08-18 16:59:50.180,27207.7492
2026-08-18 16:59:50.593,27205.6698
2026-08-18 16:59:51.032,27204.0216
2026-08-18 16:59:51.444,27200.8148
2026-08-18 16:59:51.858,27194.6412
2026-08-18 16:59:52.272,27187.3521
2026-08-18 16:59:52.706,27182.4549
2026-08-18 16:59:53.134,27176.8518
2026-08-18 16:59:53.563,27167.6508
2026-08-18 16:59:53.976,27174.4088
2026-08-18 16:59:54.388,27191.4594
2026-08-18 16:59:54.812,27213.6989
2026-08-18 16:59:55.240,27247.8095
2026-08-18 16:59:55.660,27295.7401
2026-08-18 16:59:56.074,27371.8705
2026-08-18 16:59:56.492,27481.2519
2026-08-18 16:59:56.905,27621.5604
2026-08-18 16:59:57.382,27794.3913
2026-08-18 16:59:57.795,27958.7578
2026-08-18 16:59:58.209,28122.6163
2026-08-18 16:59:58.632,28293.693
2026-08-18 16:59:59.060,28477.5699
2026-08-18 16:59:59.475,28428.4859
2026-08-18 16:59:59.891,28251.9102
2026-08-18 17:00:00.304,28079.4483
2026-08-18 17:00:00.717,27911.8754
2026-08-18 17:00:01.129,27751.2381
2026-08-18 17:00:01.564,27596.2469
2026-08-18 17:00:01.978,27453.1161
2026-08-18 17:00:02.396,27351.3976
2026-08-18 17:00:02.809,27287.2028
2026-08-18 17:00:03.269,27250.6878
2026-08-18 17:00:03.699,27222.6601
2026-08-18 17:00:04.113,27203.2432
2026-08-18 17:00:04.526,27190.9643
2026-08-18 17:00:04.952,27195.9002
2026-08-18 17:00:05.364,27215.2967
2026-08-18 17:00:05.780,27231.3221
2026-08-18 17:00:06.192,27265.4158
2026-08-18 17:00:06.614,27322.1919
2026-08-18 17:00:07.026,27412.8519
2026-08-18 17:00:07.494,27526.5274
2026-08-18 17:00:07.927,27683.8355
2026-08-18 17:00:08.339,27846.6024
2026-08-18 17:00:08.759,28009.0387
2026-08-18 17:00:09.177,28178.5186
2026-08-18 17:00:09.589,28349.331
2026-08-18 17:00:10.006,28526.5288
2026-08-18 17:00:10.420,28709.2975
2026-08-18 17:00:10.847,28902.5177
2026-08-18 17:00:11.259,29082.5378
2026-08-18 17:00:11.672,29264.683
2026-08-18 17:00:12.111,29450.9937
2026-08-18 17:00:12.528,29652.961
2026-08-18 17:00:12.945,29844.6637
2026-08-18 17:00:13.359,30035.1496
2026-08-18 17:00:13.773,30228.5554
2026-08-18 17:00:14.201,30421.2165
2026-08-18 17:00:14.613,30622.6129
2026-08-18 17:00:15.038,30821.7923
2026-08-18 17:00:15.455,30957.2414
2026-08-18 17:00:15.867,30781.8625
2026-08-18 17:00:16.301,30579.2683
2026-08-18 17:00:16.729,30359.6404
2026-08-18 17:00:17.143,30160.8518
2026-08-18 17:00:17.556,29965.4634
2026-08-18 17:00:17.969,29775.2139
2026-08-18 17:00:18.407,29582.859
2026-08-18 17:00:18.840,29376.3245
2026-08-18 17:00:19.267,29188.469
2026-08-18 17:00:19.681,29000.7216
2026-08-18 17:00:20.095,28820.2302
2026-08-18 17:00:20.524,28640.8396
2026-08-18 17:00:20.941,28461.5325
2026-08-18 17:00:21.358,28285.4685
2026-08-18 17:00:21.781,28114.3761
2026-08-18 17:00:22.200,27941.9055
2026-08-18 17:00:22.617,27774.6862
2026-08-18 17:00:23.034,27617.6705
2026-08-18 17:00:23.447,27473.6343
2026-08-18 17:00:23.860,27371.8563
2026-08-18 17:00:24.274,27306.6479
2026-08-18 17:00:24.688,27268.665
2026-08-18 17:00:25.116,27243.7063
2026-08-18 17:00:25.542,27226.2385
2026-08-18 17:00:25.956,27214.5597
2026-08-18 17:00:26.381,27210.2593
2026-08-18 17:00:26.797,27212.906
2026-08-18 17:00:27.212,27214.0091
2026-08-18 17:00:27.648,27211.8403
2026-08-18 17:00:28.060,27220.525
2026-08-18 17:00:28.473,27221.5696
2026-08-18 17:00:28.886,27219.3359
2026-08-18 17:00:29.299,27219.8679
2026-08-18 17:00:29.765,27218.3956
2026-08-18 17:00:30.208,27212.3906
2026-08-18 17:00:30.621,27208.4696
2026-08-18 17:00:31.047,27199.8545
2026-08-18 17:00:31.459,27205.4533
2026-08-18 17:00:31.893,27220.276
2026-08-18 17:00:32.307,27244.3834
2026-08-18 17:00:32.720,27275.5726
2026-08-18 17:00:33.132,27325.2992
2026-08-18 17:00:33.551,27406.0662
2026-08-18 17:00:33.966,27524.9818
2026-08-18 17:00:34.430,27684.6592
2026-08-18 17:00:34.844,27836.5793
2026-08-18 17:00:35.305,28016.3752
2026-08-18 17:00:35.748,28192.3373
2026-08-18 17:00:36.173,28365.8624
2026-08-18 17:00:36.595,28523.1219
2026-08-18 17:00:37.010,28415.3984
2026-08-18 17:00:37.421,28244.126
2026-08-18 17:00:37.832,28078.694
2026-08-18 17:00:38.260,27910.2899
2026-08-18 17:00:38.675,27751.6515
2026-08-18 17:00:39.088,27601.6988
2026-08-18 17:00:39.527,27470.4328
2026-08-18 17:00:39.941,27367.2342
2026-08-18 17:00:40.361,27307.0264
2026-08-18 17:00:40.773,27264.7237
2026-08-18 17:00:41.187,27247.3486
2026-08-18 17:00:41.665,27229.8077
2026-08-18 17:00:42.087,27219.4605
2026-08-18 17:00:42.500,27227.8017
2026-08-18 17:00:42.917,27240.1405
2026-08-18 17:00:43.331,27262.6595
2026-08-18 17:00:43.757,27299.7543
2026-08-18 17:00:44.169,27361.1072
2026-08-18 17:00:44.582,27454.1574
2026-08-18 17:00:45.001,27585.5878
2026-08-18 17:00:45.413,27732.3377
2026-08-18 17:00:45.843,27893.7003
2026-08-18 17:00:46.257,28057.9979
2026-08-18 17:00:46.670,28224.7344
2026-08-18 17:00:47.084,28397.3844
2026-08-18 17:00:47.497,28565.289
2026-08-18 17:00:47.910,28738.0125
2026-08-18 17:00:48.406,28949.3609
2026-08-18 17:00:48.833,29132.8441
2026-08-18 17:00:49.257,29314.0037
2026-08-18 17:00:49.676,29502.7122
2026-08-18 17:00:50.088,29692.5491
2026-08-18 17:00:50.511,29881.2503
2026-08-18 17:00:50.924,30080.983
2026-08-18 17:00:51.335,30278.8704
2026-08-18 17:00:51.763,30475.0019
2026-08-18 17:00:52.182,30683.1724
2026-08-18 17:00:52.596,30886.301
2026-08-18 17:00:53.023,30977.3063
2026-08-18 17:00:53.436,30778.4395
2026-08-18 17:00:53.850,30571.2418
2026-08-18 17:00:54.267,30367.2971
2026-08-18 17:00:54.680,30169.2209
2026-08-18 17:00:55.142,29959.6883
2026-08-18 17:00:55.555,29770.7078
2026-08-18 17:00:55.968,29586.7798
2026-08-18 17:00:56.381,29401.2605
2026-08-18 17:00:56.844,29216.775
2026-08-18 17:00:57.274,29009.76
2026-08-18 17:00:57.686,28828.676
2026-08-18 17:00:58.098,28653.6351
2026-08-18 17:00:58.509,28479.784
2026-08-18 17:00:58.921,28310.431
2026-08-18 17:00:59.347,28142.5827
2026-08-18 17:00:59.760,27971.1988
2026-08-18 17:01:00.172,27808.8541
2026-08-18 17:01:00.584,27656.6589
2026-08-18 17:01:00.997,27526.4049
2026-08-18 17:01:01.409,27432.6326
2026-08-18 17:01:01.822,27377.7731
2026-08-18 17:01:02.246,27342.6662
2026-08-18 17:01:02.663,27314.6466
2026-08-18 17:01:03.076,27292.5694
2026-08-18 17:01:03.489,27280.4532
2026-08-18 17:01:03.903,27279.2094
2026-08-18 17:01:04.315,27279.4376
2026-08-18 17:01:04.733,27281.7672
2026-08-18 17:01:05.153,27278.9704
2026-08-18 17:01:05.568,27274.2444
2026-08-18 17:01:05.983,27269.2147
2026-08-18 17:01:06.395,27265.4384
2026-08-18 17:01:06.861,27265.8902
2026-08-18 17:01:07.278,27263.9671
2026-08-18 17:01:07.692,27264.6752
2026-08-18 17:01:08.104,27264.4993
2026-08-18 17:01:08.517,27260.9715
2026-08-18 17:01:08.931,27266.3899
2026-08-18 17:01:09.357,27278.3342
2026-08-18 17:01:09.778,27295.2858
2026-08-18 17:01:10.204,27322.8259
2026-08-18 17:01:10.616,27369.5194
2026-08-18 17:01:11.038,27443.0958
2026-08-18 17:01:11.464,27552.8759
2026-08-18 17:01:11.876,27690.7311
2026-08-18 17:01:12.289,27838.9125
2026-08-18 17:01:12.709,27994.1453
2026-08-18 17:01:13.123,28158.129
2026-08-18 17:01:13.601,28347.2181
2026-08-18 17:01:14.013,28517.9437
2026-08-18 17:01:14.441,28436.6745
2026-08-18 17:01:14.852,28266.0204
2026-08-18 17:01:15.266,28101.4016
2026-08-18 17:01:15.683,27938.0474
2026-08-18 17:01:16.109,27779.3039
2026-08-18 17:01:16.527,27625.1527
2026-08-18 17:01:16.943,27492.1715
2026-08-18 17:01:17.357,27394.8981
2026-08-18 17:01:17.784,27333.5883
2026-08-18 17:01:18.207,27299.2049
2026-08-18 17:01:18.635,27276.647
2026-08-18 17:01:19.055,27260.6437
2026-08-18 17:01:19.473,27251.6094
2026-08-18 17:01:19.887,27259.1881
2026-08-18 17:01:20.300,27270.7401
2026-08-18 17:01:20.729,27290.613
2026-08-18 17:01:21.142,27321.7233
2026-08-18 17:01:21.566,27376.7672
2026-08-18 17:01:21.979,27469.722
2026-08-18 17:01:22.398,27597.9666
2026-08-18 17:01:22.866,27770.2859
2026-08-18 17:01:23.283,27927.5625
2026-08-18 17:01:23.695,28093.3557
2026-08-18 17:01:24.115,28260.4727
2026-08-18 17:01:24.528,28432.5592
2026-08-18 17:01:24.956,28602.9581
2026-08-18 17:01:25.374,28784.6018
2026-08-18 17:01:25.786,28966.625
2026-08-18 17:01:26.208,29146.6324
2026-08-18 17:01:26.622,29335.2163
2026-08-18 17:01:27.070,29522.6063
2026-08-18 17:01:27.486,29723.481
2026-08-18 17:01:27.899,29910.3793
2026-08-18 17:01:28.318,30099.2912
2026-08-18 17:01:28.732,30295.8639
2026-08-18 17:01:29.166,30500.3782
2026-08-18 17:01:29.578,30700.4193
2026-08-18 17:01:29.999,30901.5292
2026-08-18 17:01:30.413,31029.766
2026-08-18 17:01:30.841,30846.8857
2026-08-18 17:01:31.272,30643.5119
2026-08-18 17:01:31.693,30432.6736
2026-08-18 17:01:32.107,30234.1684
2026-08-18 17:01:32.519,30039.4097
2026-08-18 17:01:32.954,29841.3839
2026-08-18 17:01:33.376,29649.5759
2026-08-18 17:01:33.788,29459.0358
2026-08-18 17:01:34.201,29274.6634
2026-08-18 17:01:34.639,29086.9368
2026-08-18 17:01:35.051,28906.8315
2026-08-18 17:01:35.480,28725.9695
2026-08-18 17:01:35.906,28550.5799
2026-08-18 17:01:36.319,28374.8692
2026-08-18 17:01:36.732,28204.0502
2026-08-18 17:01:37.153,28035.8307
2026-08-18 17:01:37.584,27868.6414
2026-08-18 17:01:38.012,27708.4422
2026-08-18 17:01:38.427,27569.9452
2026-08-18 17:01:38.842,27476.9696
2026-08-18 17:01:39.254,27424.353
2026-08-18 17:01:39.693,27394.4801
2026-08-18 17:01:40.117,27369.8139
2026-08-18 17:01:40.531,27352.4649
2026-08-18 17:01:40.946,27337.578
2026-08-18 17:01:41.361,27325.9103
2026-08-18 17:01:41.794,27322.0889
2026-08-18 17:01:42.207,27319.8092
2026-08-18 17:01:42.619,27314.5777
2026-08-18 17:01:43.032,27308.2829
2026-08-18 17:01:43.459,27303.4193
2026-08-18 17:01:43.907,27297.8194
2026-08-18 17:01:44.322,27297.516
2026-08-18 17:01:44.734,27294.8619
2026-08-18 17:01:45.153,27293.2972
2026-08-18 17:01:45.565,27292.9293
2026-08-18 17:01:46.003,27289.501
2026-08-18 17:01:46.426,27294.8719
2026-08-18 17:01:46.840,27307.5997
2026-08-18 17:01:47.251,27326.4706
2026-08-18 17:01:47.715,27355.0177
2026-08-18 17:01:48.134,27409.0674
2026-08-18 17:01:48.547,27486.8643
2026-08-18 17:01:48.960,27602.6419
2026-08-18 17:01:49.377,27742.7742
2026-08-18 17:01:49.790,27896.3826
2026-08-18 17:01:50.221,28061.5125
2026-08-18 17:01:50.633,28227.3309
2026-08-18 17:01:51.049,28396.4161
2026-08-18 17:01:51.477,28563.9172
2026-08-18 17:01:51.903,28495.6735
2026-08-18 17:01:52.320,28319.9513
2026-08-18 17:01:52.733,28150.9172
2026-08-18 17:01:53.165,27980.3212
2026-08-18 17:01:53.584,27820.9434
2026-08-18 17:01:54.012,27668.0988
2026-08-18 17:01:54.432,27530.6401
2026-08-18 17:01:54.844,27430.2956
2026-08-18 17:01:55.259,27372.7255
2026-08-18 17:01:55.673,27336.6489
2026-08-18 17:01:56.101,27304.6668
2026-08-18 17:01:56.518,27285.6638
2026-08-18 17:01:56.930,27272.5366
2026-08-18 17:01:57.360,27277.7131
2026-08-18 17:01:57.773,27291.844
2026-08-18 17:01:58.193,27312.7228
2026-08-18 17:01:58.607,27345.8236
2026-08-18 17:01:59.018,27407.4783
2026-08-18 17:01:59.484,27520.5893
2026-08-18 17:01:59.897,27646.5009
2026-08-18 17:02:00.319,27793.7583
2026-08-18 17:02:00.732,27954.8251
2026-08-18 17:02:01.150,28116.798
2026-08-18 17:02:01.571,28282.0385
2026-08-18 17:02:01.984,28454.5597
2026-08-18 17:02:02.397,28628.0943
2026-08-18 17:02:02.809,28801.966
2026-08-18 17:02:03.226,28980.1997
2026-08-18 17:02:03.702,29183.6197
2026-08-18 17:02:04.119,29371.8599
2026-08-18 17:02:04.531,29557.0884
2026-08-18 17:02:04.943,29742.0675
2026-08-18 17:02:05.364,29929.0193
2026-08-18 17:02:05.784,30121.751
2026-08-18 17:02:06.196,30316.5125
2026-08-18 17:02:06.611,30511.5719
2026-08-18 17:02:07.024,30707.4413
2026-08-18 17:02:07.438,30909.4177
2026-08-18 17:02:07.901,31033.4477
2026-08-18 17:02:08.319,30843.8404
2026-08-18 17:02:08.744,30637.3303
2026-08-18 17:02:09.157,30428.9656
2026-08-18 17:02:09.583,30223.3587
2026-08-18 17:02:10.013,30026.2283
2026-08-18 17:02:10.427,29827.3807
2026-08-18 17:02:10.855,29630.0179
2026-08-18 17:02:11.278,29443.1371
2026-08-18 17:02:11.690,29256.7079
2026-08-18 17:02:12.103,29077.437
2026-08-18 17:02:12.530,28891.1592
2026-08-18 17:02:12.942,28714.6848
2026-08-18 17:02:13.354,28539.5825
2026-08-18 17:02:13.768,28368.8843
2026-08-18 17:02:14.183,28200.2077
2026-08-18 17:02:14.595,28036.8694
2026-08-18 17:02:15.008,27877.8639
2026-08-18 17:02:15.420,27725.4999
2026-08-18 17:02:15.831,27589.462
2026-08-18 17:02:16.303,27491.9526
2026-08-18 17:02:16.746,27426.6583
2026-08-18 17:02:17.158,27395.0777
2026-08-18 17:02:17.570,27372.2203
2026-08-18 17:02:18.032,27355.0761
2026-08-18 17:02:18.456,27337.8625
2026-08-18 17:02:18.870,27334.5423
2026-08-18 17:02:19.281,27333.8174
2026-08-18 17:02:19.695,27333.6196
2026-08-18 17:02:20.108,27332.119
2026-08-18 17:02:20.532,27330.664
2026-08-18 17:02:20.945,27333.9216
2026-08-18 17:02:21.379,27334.0794
2026-08-18 17:02:21.791,27331.9737
2026-08-18 17:02:22.204,27331.0697
2026-08-18 17:02:22.616,27330.6965
2026-08-18 17:02:23.028,27330.8325
2026-08-18 17:02:23.462,27325.9674
2026-08-18 17:02:23.880,27332.3458
2026-08-18 17:02:24.293,27346.4441
2026-08-18 17:02:24.709,27364.1392
2026-08-18 17:02:25.130,27391.8262
2026-08-18 17:02:25.559,27440.0009
2026-08-18 17:02:25.973,27518.457
2026-08-18 17:02:26.386,27630.0057
2026-08-18 17:02:26.812,27764.0058
2026-08-18 17:02:27.224,27918.4348
2026-08-18 17:02:27.665,28076.0808
2026-08-18 17:02:28.093,28250.6438
2026-08-18 17:02:28.505,28423.1367
2026-08-18 17:02:28.917,28581.9485
2026-08-18 17:02:29.339,28504.3453
2026-08-18 17:02:29.768,28333.2917
2026-08-18 17:02:30.182,28162.7147
2026-08-18 17:02:30.598,28005.8793
2026-08-18 17:02:31.011,27843.5198
2026-08-18 17:02:31.479,27689.6904
2026-08-18 17:02:31.916,27534.2653
2026-08-18 17:02:32.332,27442.1032
2026-08-18 17:02:32.750,27386.7913
2026-08-18 17:02:33.176,27353.9944
2026-08-18 17:02:33.590,27332.4601
2026-08-18 17:02:34.002,27315.232
2026-08-18 17:02:34.427,27307.5209
2026-08-18 17:02:34.839,27317.3305
2026-08-18 17:02:35.253,27330.1114
2026-08-18 17:02:35.665,27349.5387
2026-08-18 17:02:36.090,27378.7995
2026-08-18 17:02:36.506,27437.4634
2026-08-18 17:02:36.920,27529.8954
2026-08-18 17:02:37.332,27654.3682
2026-08-18 17:02:37.745,27797.9339
2026-08-18 17:02:38.173,27948.0868
2026-08-18 17:02:38.587,28113.9962
2026-08-18 17:02:39.001,28275.886
2026-08-18 17:02:39.414,28442.8381
2026-08-18 17:02:39.827,28612.6016
2026-08-18 17:02:40.287,28803.732
2026-08-18 17:02:40.700,28975.9791
2026-08-18 17:02:41.128,29158.9583
2026-08-18 17:02:41.540,29336.7728
2026-08-18 17:02:41.967,29515.9021
2026-08-18 17:02:42.395,29703.8542
2026-08-18 17:02:42.807,29895.9155
2026-08-18 17:02:43.219,30082.9866
2026-08-18 17:02:43.645,30278.0391
2026-08-18 17:02:44.059,30470.5516
2026-08-18 17:02:44.500,30667.2139
2026-08-18 17:02:44.926,30885.9602
2026-08-18 17:02:45.351,30975.6446
2026-08-18 17:02:45.780,30779.0661
2026-08-18 17:02:46.196,30572.0419
2026-08-18 17:02:46.609,30372.0833
2026-08-18 17:02:47.037,30169.916
2026-08-18 17:02:47.463,29976.0766
2026-08-18 17:02:47.875,29778.2398
2026-08-18 17:02:48.286,29592.8639
2026-08-18 17:02:48.708,29409.41
2026-08-18 17:02:49.121,29221.2766
2026-08-18 17:02:49.533,29042.1301
2026-08-18 17:02:49.947,28866.5963
2026-08-18 17:02:50.360,28694.372
2026-08-18 17:02:50.824,28505.7133
2026-08-18 17:02:51.252,28331.8669
2026-08-18 17:02:51.666,28165.9861
2026-08-18 17:02:52.092,27999.701
2026-08-18 17:02:52.504,27842.4934
2026-08-18 17:02:52.929,27693.148
2026-08-18 17:02:53.352,27560.816
2026-08-18 17:02:53.778,27470.2769
2026-08-18 17:02:54.195,27418.7223
2026-08-18 17:02:54.607,27387.2497
2026-08-18 17:02:55.030,27363.2972
2026-08-18 17:02:55.443,27340.5344
2026-08-18 17:02:55.854,27332.2494
2026-08-18 17:02:56.266,27324.0381
2026-08-18 17:02:56.680,27314.3513
2026-08-18 17:02:57.099,27312.6178
2026-08-18 17:02:57.606,27308.8171
2026-08-18 17:02:58.021,27303.6762
2026-08-18 17:02:58.436,27300.6548
2026-08-18 17:02:58.849,27296.9366
2026-08-18 17:02:59.274,27295.0406
2026-08-18 17:02:59.687,27290.4767
2026-08-18 17:03:00.100,27285.8768
2026-08-18 17:03:00.514,27284.6315
2026-08-18 17:03:00.936,27280.4966
2026-08-18 17:03:01.401,27284.6957
2026-08-18 17:03:01.828,27296.4577
2026-08-18 17:03:02.240,27314.0134
2026-08-18 17:03:02.656,27342.9705
2026-08-18 17:03:03.069,27392.6757
2026-08-18 17:03:03.483,27487.1428
2026-08-18 17:03:03.909,27605.2634
2026-08-18 17:03:04.323,27748.1479
2026-08-18 17:03:04.735,27898.6354
2026-08-18 17:03:05.149,28056.9531
2026-08-18 17:03:05.611,28238.6772
2026-08-18 17:03:06.025,28404.757
2026-08-18 17:03:06.444,28538.1851
2026-08-18 17:03:06.858,28409.8619
2026-08-18 17:03:07.272,28235.9256
2026-08-18 17:03:07.709,28068.5532
2026-08-18 17:03:08.132,27900.2024
2026-08-18 17:03:08.545,27745.8544
2026-08-18 17:03:08.961,27602.3013
2026-08-18 17:03:09.376,27479.4364
2026-08-18 17:03:09.817,27391.5069
2026-08-18 17:03:10.231,27337.1017
2026-08-18 17:03:10.658,27304.4323
2026-08-18 17:03:11.074,27282.3689
2026-08-18 17:03:11.491,27272.5894
2026-08-18 17:03:11.920,27269.1024
2026-08-18 17:03:12.332,27282.075
2026-08-18 17:03:12.760,27299.1283
2026-08-18 17:03:13.173,27321.5312
2026-08-18 17:03:13.588,27355.3205
2026-08-18 17:03:14.014,27417.0119
2026-08-18 17:03:14.433,27514.9224
2026-08-18 17:03:14.845,27643.7412
2026-08-18 17:03:15.268,27791.2053
2026-08-18 17:03:15.680,27949.6092
2026-08-18 17:03:16.115,28108.7683
2026-08-18 17:03:16.532,28280.894
2026-08-18 17:03:16.946,28447.1176
2026-08-18 17:03:17.363,28612.109
2026-08-18 17:03:17.777,28779.1436
2026-08-18 17:03:18.209,28949.8127
2026-08-18 17:03:18.621,29139.6388
2026-08-18 17:03:19.047,29317.3869
2026-08-18 17:03:19.470,29498.074
2026-08-18 17:03:19.882,29694.4581
2026-08-18 17:03:20.318,29881.0721
2026-08-18 17:03:20.731,30082.1067
2026-08-18 17:03:21.158,30280.4396
2026-08-18 17:03:21.571,30474.2577
2026-08-18 17:03:21.985,30673.1419
2026-08-18 17:03:22.409,30863.447
2026-08-18 17:03:22.822,30924.1195
2026-08-18 17:03:23.255,30726.4581
2026-08-18 17:03:23.667,30524.3599
2026-08-18 17:03:24.090,30327.008
2026-08-18 17:03:24.504,30128.3721
2026-08-18 17:03:24.968,29936.6297
2026-08-18 17:03:25.397,29718.1975
2026-08-18 17:03:25.822,29519.9398
2026-08-18 17:03:26.236,29331.207
2026-08-18 17:03:26.656,29148.0673
2026-08-18 17:03:27.082,28964.3872
2026-08-18 17:03:27.500,28786.3326
2026-08-18 17:03:27.912,28613.8477
2026-08-18 17:03:28.338,28438.3216
2026-08-18 17:03:28.750,28270.4552
2026-08-18 17:03:29.164,28106.4769
2026-08-18 17:03:29.576,27949.0224
2026-08-18 17:03:29.989,27794.637
2026-08-18 17:03:30.418,27647.4504
2026-08-18 17:03:30.846,27519.5192
2026-08-18 17:03:31.258,27436.0685
2026-08-18 17:03:31.672,27390.2624
2026-08-18 17:03:32.107,27360.2844
2026-08-18 17:03:32.520,27339.3376
2026-08-18 17:03:32.937,27325.9249
2026-08-18 17:03:33.369,27315.2846
2026-08-18 17:03:33.796,27312.7582
2026-08-18 17:03:34.218,27310.5484
2026-08-18 17:03:34.644,27307.1618
2026-08-18 17:03:35.056,27301.9924
2026-08-18 17:03:35.473,27298.6285
2026-08-18 17:03:35.888,27295.218
2026-08-18 17:03:36.302,27293.5207
2026-08-18 17:03:36.716,27290.3913
2026-08-18 17:03:37.178,27287.6557
2026-08-18 17:03:37.605,27284.9098
2026-08-18 17:03:38.018,27281.352
2026-08-18 17:03:38.432,27280.6856
2026-08-18 17:03:38.848,27288.4492
2026-08-18 17:03:39.262,27301.209
2026-08-18 17:03:39.678,27319.5959
2026-08-18 17:03:40.091,27350.4079
2026-08-18 17:03:40.515,27401.5283
2026-08-18 17:03:40.931,27485.0585
2026-08-18 17:03:41.345,27601.8357
2026-08-18 17:03:41.780,27740.8125
2026-08-18 17:03:42.200,27899.495
2026-08-18 17:03:42.613,28060.954
2026-08-18 17:03:43.040,28228.3839
2026-08-18 17:03:43.479,28397.74
2026-08-18 17:03:43.905,28529.5203
2026-08-18 17:03:44.318,28397.0762
2026-08-18 17:03:44.731,28228.4001
2026-08-18 17:03:45.144,28063.7151
2026-08-18 17:03:45.555,27903.5515
2026-08-18 17:03:45.995,27750.7514
2026-08-18 17:03:46.408,27597.8714
2026-08-18 17:03:46.821,27476.3344
2026-08-18 17:03:47.258,27389.3921
2026-08-18 17:03:47.684,27340.6355
2026-08-18 17:03:48.101,27309.8526
2026-08-18 17:03:48.513,27292.7525
2026-08-18 17:03:48.934,27280.8513
2026-08-18 17:03:49.353,27277.7221
2026-08-18 17:03:49.766,27290.6711
2026-08-18 17:03:50.200,27306.8675
2026-08-18 17:03:50.628,27331.5498
2026-08-18 17:03:51.042,27370.0278
2026-08-18 17:03:51.463,27431.8018
2026-08-18 17:03:51.891,27530.7918
2026-08-18 17:03:52.308,27662.3207
2026-08-18 17:03:52.720,27807.4349
2026-08-18 17:03:53.132,27959.8812
2026-08-18 17:03:53.556,28118.1248
2026-08-18 17:03:53.973,28285.8756
2026-08-18 17:03:54.409,28452.3231
2026-08-18 17:03:54.835,28629.3109
2026-08-18 17:03:55.248,28806.3506
2026-08-18 17:03:55.673,28980.1458
2026-08-18 17:03:56.088,29161.4178
2026-08-18 17:03:56.514,29341.9739
2026-08-18 17:03:56.927,29528.3679
2026-08-18 17:03:57.353,29711.7184
2026-08-18 17:03:57.765,29904.3766
2026-08-18 17:03:58.226,30094.9509
2026-08-18 17:03:58.647,30311.3541
2026-08-18 17:03:59.083,30514.1563
2026-08-18 17:03:59.496,30713.4474
2026-08-18 17:03:59.934,30920.6665
2026-08-18 17:04:00.348,30898.6328
2026-08-18 17:04:00.760,30704.0315
2026-08-18 17:04:01.179,30507.4035
2026-08-18 17:04:01.592,30313.5635
2026-08-18 17:04:02.005,30122.4781
2026-08-18 17:04:02.438,29926.5077
2026-08-18 17:04:02.850,29736.9241
2026-08-18 17:04:03.269,29551.9094
2026-08-18 17:04:03.681,29367.1109
2026-08-18 17:04:04.094,29187.8528
2026-08-18 17:04:04.520,29010.6856
2026-08-18 17:04:04.934,28821.2633
2026-08-18 17:04:05.345,28647.7066
2026-08-18 17:04:05.758,28477.2205
2026-08-18 17:04:06.185,28317.1211
2026-08-18 17:04:06.611,28148.9873
2026-08-18 17:04:07.037,27983.5096
2026-08-18 17:04:07.450,27820.8604
2026-08-18 17:04:07.862,27673.1499
2026-08-18 17:04:08.274,27547.775
2026-08-18 17:04:08.687,27462.5447
2026-08-18 17:04:09.099,27415.9019
2026-08-18 17:04:09.574,27384.4919
2026-08-18 17:04:09.986,27365.2403
2026-08-18 17:04:10.448,27348.8679
2026-08-18 17:04:10.890,27338.9036
2026-08-18 17:04:11.303,27336.3998
2026-08-18 17:04:11.729,27335.0201
2026-08-18 17:04:12.141,27333.5534
2026-08-18 17:04:12.579,27333.5425
2026-08-18 17:04:12.990,27327.9089
2026-08-18 17:04:13.402,27323.3057
2026-08-18 17:04:13.818,27318.1465
2026-08-18 17:04:14.279,27315.5114
2026-08-18 17:04:14.699,27312.4436
2026-08-18 17:04:15.112,27313.1157
2026-08-18 17:04:15.533,27311.472
2026-08-18 17:04:15.945,27309.3569
2026-08-18 17:04:16.357,27325.7444
2026-08-18 17:04:16.779,27348.5651
2026-08-18 17:04:17.193,27374.4537
2026-08-18 17:04:17.610,27409.9224
2026-08-18 17:04:18.025,27467.5718
2026-08-18 17:04:18.438,27556.4775
2026-08-18 17:04:18.898,27689.641
2026-08-18 17:04:19.318,27817.2334
2026-08-18 17:04:19.731,27974.0717
2026-08-18 17:04:20.152,28145.7421
2026-08-18 17:04:20.569,28311.8768
2026-08-18 17:04:21.003,28477.1996
2026-08-18 17:04:21.419,28581.4267
2026-08-18 17:04:21.832,28427.413
2026-08-18 17:04:22.258,28255.3824
2026-08-18 17:04:22.671,28091.0823
2026-08-18 17:04:23.106,27934.3556
2026-08-18 17:04:23.518,27769.6725
2026-08-18 17:04:23.931,27628.3339
2026-08-18 17:04:24.343,27510.0621
2026-08-18 17:04:24.761,27430.3776
2026-08-18 17:04:25.182,27382.9606
2026-08-18 17:04:25.684,27348.4288
2026-08-18 17:04:26.100,27333.6033
2026-08-18 17:04:26.516,27321.8987
2026-08-18 17:04:26.931,27321.4596
2026-08-18 17:04:27.363,27334.3434
2026-08-18 17:04:27.777,27350.479
2026-08-18 17:04:28.201,27376.5973
2026-08-18 17:04:28.616,27418.4713
2026-08-18 17:04:29.030,27489.3678
2026-08-18 17:04:29.466,27600.0632
2026-08-18 17:04:29.882,27735.9502
2026-08-18 17:04:30.295,27886.0027
2026-08-18 17:04:30.708,28043.0446
2026-08-18 17:04:31.121,28204.2058
2026-08-18 17:04:31.620,28368.5431
2026-08-18 17:04:32.046,28570.2885
2026-08-18 17:04:32.473,28744.7507
2026-08-18 17:04:32.893,28921.77
2026-08-18 17:04:33.308,29099.6929
2026-08-18 17:04:33.727,29279.1223
2026-08-18 17:04:34.141,29459.3905
2026-08-18 17:04:34.554,29642.3912
2026-08-18 17:04:34.967,29824.8649
2026-08-18 17:04:35.391,30010.9449
2026-08-18 17:04:35.814,30207.0079
2026-08-18 17:04:36.241,30411.5057
2026-08-18 17:04:36.653,30606.3494
2026-08-18 17:04:37.075,30802.608
2026-08-18 17:04:37.487,30994.1905
2026-08-18 17:04:37.917,30903.9164
2026-08-18 17:04:38.330,30698.7832
2026-08-18 17:04:38.758,30494.4778
2026-08-18 17:04:39.172,30297.5986
2026-08-18 17:04:39.590,30105.7734
2026-08-18 17:04:40.024,29913.2341
2026-08-18 17:04:40.436,29714.0109
2026-08-18 17:04:40.849,29530.7073
2026-08-18 17:04:41.262,29354.4383
2026-08-18 17:04:41.689,29182.4821
2026-08-18 17:04:42.150,28978.5019
2026-08-18 17:04:42.572,28800.1161
2026-08-18 17:04:42.984,28621.9328
2026-08-18 17:04:43.416,28447.8399
2026-08-18 17:04:43.828,28277.0603
2026-08-18 17:04:44.240,28110.7838
2026-08-18 17:04:44.653,27949.8737
2026-08-18 17:04:45.066,27796.5092
2026-08-18 17:04:45.481,27658.5088
2026-08-18 17:04:45.903,27552.1189
2026-08-18 17:04:46.368,27479.8993
2026-08-18 17:04:46.796,27445.1668
2026-08-18 17:04:47.221,27422.3364
2026-08-18 17:04:47.634,27404.1158
2026-08-18 17:04:48.048,27392.5258
2026-08-18 17:04:48.480,27385.0739
2026-08-18 17:04:48.891,27383.9505
2026-08-18 17:04:49.304,27380.7312
2026-08-18 17:04:49.718,27378.3237
2026-08-18 17:04:50.131,27374.7052
2026-08-18 17:04:50.566,27371.3701
2026-08-18 17:04:50.994,27368.2122
2026-08-18 17:04:51.410,27365.6697
2026-08-18 17:04:51.822,27363.5514
2026-08-18 17:04:52.234,27360.8061
2026-08-18 17:04:52.671,27358.4225
2026-08-18 17:04:53.084,27356.7256
2026-08-18 17:04:53.509,27358.539
2026-08-18 17:04:53.921,27371.5729
2026-08-18 17:04:54.347,27387.2669
2026-08-18 17:04:54.799,27413.6528
2026-08-18 17:04:55.212,27452.6672
2026-08-18 17:04:55.639,27517.8335
2026-08-18 17:04:56.053,27619.8317
2026-08-18 17:04:56.465,27749.0021
2026-08-18 17:04:56.887,27895.4012
2026-08-18 17:04:57.317,28056.1616
2026-08-18 17:04:57.744,28213.6142
2026-08-18 17:04:58.157,28372.2275
2026-08-18 17:04:58.582,28536.4426
2026-08-18 17:04:59.000,28554.1821
2026-08-18 17:04:59.427,28395.2194
2026-08-18 17:04:59.843,28223.7889
2026-08-18 17:05:00.256,28059.3637
2026-08-18 17:05:00.681,27898.3373
2026-08-18 17:05:01.097,27753.025
2026-08-18 17:05:01.510,27617.9845
2026-08-18 17:05:01.922,27510.7847
2026-08-18 17:05:02.338,27442.7066
2026-08-18 17:05:02.750,27400.6552
2026-08-18 17:05:03.226,27373.5837
2026-08-18 17:05:03.639,27354.3058
2026-08-18 17:05:04.051,27339.5902
2026-08-18 17:05:04.472,27348.158
2026-08-18 17:05:04.896,27365.2788
2026-08-18 17:05:05.311,27385.4713
2026-08-18 17:05:05.728,27413.4001
2026-08-18 17:05:06.147,27461.7377
2026-08-18 17:05:06.565,27541.9835
2026-08-18 17:05:06.982,27658.9637
2026-08-18 17:05:07.424,27801.8101
2026-08-18 17:05:07.838,27956.4016
2026-08-18 17:05:08.252,28112.1791
2026-08-18 17:05:08.680,28279.1831
2026-08-18 17:05:09.117,28451.1573
2026-08-18 17:05:09.530,28622.8014
2026-08-18 17:05:09.943,28795.0958
2026-08-18 17:05:10.370,28975.5142
2026-08-18 17:05:10.784,29151.0305
2026-08-18 17:05:11.197,29329.65
2026-08-18 17:05:11.624,29508.9451
2026-08-18 17:05:12.052,29702.2261
2026-08-18 17:05:12.464,29886.4569
2026-08-18 17:05:12.898,30076.1723
2026-08-18 17:05:13.311,30269.4262
2026-08-18 17:05:13.731,30459.5871
2026-08-18 17:05:14.156,30659.7197
2026-08-18 17:05:14.575,30862.0082
2026-08-18 17:05:14.989,31027.9768
2026-08-18 17:05:15.408,30890.6295
2026-08-18 17:05:15.838,30690.7288
2026-08-18 17:05:16.273,30478.9971
2026-08-18 17:05:16.698,30281.1221
2026-08-18 17:05:17.117,30082.9106
2026-08-18 17:05:17.530,29891.498
2026-08-18 17:05:17.948,29703.7592
2026-08-18 17:05:18.365,29522.5829
2026-08-18 17:05:18.776,29339.1456
2026-08-18 17:05:19.205,29152.7338
2026-08-18 17:05:19.617,28978.9426
2026-08-18 17:05:20.058,28804.1804
2026-08-18 17:05:20.478,28622.9399
2026-08-18 17:05:20.892,28454.0283
2026-08-18 17:05:21.314,28289.5587
2026-08-18 17:05:21.726,28123.395
2026-08-18 17:05:22.147,27965.346
2026-08-18 17:05:22.561,27811.9766
2026-08-18 17:05:22.989,27676.5301
2026-08-18 17:05:23.403,27572.9301
2026-08-18 17:05:23.838,27516.9241
2026-08-18 17:05:24.252,27482.5262
2026-08-18 17:05:24.665,27458.8922
2026-08-18 17:05:25.078,27444.3482
2026-08-18 17:05:25.490,27432.1259
2026-08-18 17:05:25.902,27425.8131
2026-08-18 17:05:26.371,27425.2248
2026-08-18 17:05:26.815,27424.2151
2026-08-18 17:05:27.243,27418.4098
2026-08-18 17:05:27.656,27409.575
2026-08-18 17:05:28.068,27403.535
2026-08-18 17:05:28.492,27397.0885
2026-08-18 17:05:28.906,27388.0068
2026-08-18 17:05:29.321,27383.5233
2026-08-18 17:05:29.737,27392.001
2026-08-18 17:05:30.149,27390.7301
2026-08-18 17:05:30.609,27388.142
2026-08-18 17:05:31.022,27393.5286
2026-08-18 17:05:31.434,27404.6128
2026-08-18 17:05:31.847,27421.6882
2026-08-18 17:05:32.308,27442.7395
2026-08-18 17:05:32.724,27487.0156
2026-08-18 17:05:33.143,27558.5764
2026-08-18 17:05:33.571,27666.3022
2026-08-18 17:05:33.984,27805.0968
2026-08-18 17:05:34.397,27951.9586
2026-08-18 17:05:34.825,28111.209
2026-08-18 17:05:35.238,28272.3648
2026-08-18 17:05:35.651,28438.6763
2026-08-18 17:05:36.063,28606.1925
2026-08-18 17:05:36.475,28574.9749
2026-08-18 17:05:36.913,28409.1612
2026-08-18 17:05:37.327,28233.9591
2026-08-18 17:05:37.763,28069.1438
2026-08-18 17:05:38.177,27909.8428
2026-08-18 17:05:38.591,27761.079
2026-08-18 17:05:39.022,27629.7052
2026-08-18 17:05:39.434,27527.8304
2026-08-18 17:05:39.846,27469.7898
2026-08-18 17:05:40.259,27434.2089
2026-08-18 17:05:40.723,27410.3189
2026-08-18 17:05:41.140,27391.0515
2026-08-18 17:05:41.552,27380.9993
2026-08-18 17:05:41.966,27388.3113
2026-08-18 17:05:42.379,27402.3634
2026-08-18 17:05:42.813,27421.3623
2026-08-18 17:05:43.232,27452.7594
2026-08-18 17:05:43.645,27505.5751
2026-08-18 17:05:44.059,27590.372
2026-08-18 17:05:44.475,27709.0742
2026-08-18 17:05:44.887,27850.6331
2026-08-18 17:05:45.319,28007.4173
2026-08-18 17:05:45.731,28166.1603
2026-08-18 17:05:46.143,28328.6663
2026-08-18 17:05:46.555,28493.18
2026-08-18 17:05:46.974,28659.3554
2026-08-18 17:05:47.392,28829.8748
2026-08-18 17:05:47.895,29033.9006
2026-08-18 17:05:48.309,29212.6504
2026-08-18 17:05:48.732,29388.7372
2026-08-18 17:05:49.144,29572.6019
2026-08-18 17:05:49.576,29753.7417
2026-08-18 17:05:49.999,29951.512
2026-08-18 17:05:50.413,30146.1867
2026-08-18 17:05:50.833,30337.6077
2026-08-18 17:05:51.245,30534.6178
2026-08-18 17:05:51.672,30736.4061
2026-08-18 17:05:52.085,30935.4832
2026-08-18 17:05:52.511,31064.0778
2026-08-18 17:05:52.922,30890.5959
2026-08-18 17:05:53.339,30693.9566
2026-08-18 17:05:53.751,30497.1547
2026-08-18 17:05:54.177,30307.1831
2026-08-18 17:05:54.640,30089.9391
2026-08-18 17:05:55.052,29904.3914
2026-08-18 17:05:55.463,29718.9976
2026-08-18 17:05:55.877,29535.517
2026-08-18 17:05:56.288,29354.4839
2026-08-18 17:05:56.729,29175.4011
2026-08-18 17:05:57.156,28985.6309
2026-08-18 17:05:57.569,28806.9722
2026-08-18 17:05:57.982,28636.6972
2026-08-18 17:05:58.397,28468.3879
2026-08-18 17:05:58.831,28301.4944
2026-08-18 17:05:59.244,28130.4728
2026-08-18 17:05:59.683,27966.4202
2026-08-18 17:06:00.102,27812.0563
2026-08-18 17:06:00.514,27680.3288
2026-08-18 17:06:00.937,27592.3319
2026-08-18 17:06:01.359,27540.5741
2026-08-18 17:06:01.775,27509.4909
2026-08-18 17:06:02.189,27483.5408
2026-08-18 17:06:02.623,27464.6983
2026-08-18 17:06:03.044,27458.7169
2026-08-18 17:06:03.467,27452.9624
2026-08-18 17:06:03.880,27452.4086
2026-08-18 17:06:04.292,27451.3824
2026-08-18 17:06:04.706,27447.3403
2026-08-18 17:06:05.142,27443.6278
2026-08-18 17:06:05.555,27439.0118
2026-08-18 17:06:05.981,27434.4374
2026-08-18 17:06:06.394,27430.3448
2026-08-18 17:06:06.807,27427.8186
2026-08-18 17:06:07.247,27425.985
2026-08-18 17:06:07.670,27423.932
2026-08-18 17:06:08.083,27420.701
2026-08-18 17:06:08.495,27426.4171
2026-08-18 17:06:08.908,27439.502
2026-08-18 17:06:09.343,27453.6631
2026-08-18 17:06:09.757,27476.3163
2026-08-18 17:06:10.176,27517.9777
2026-08-18 17:06:10.601,27589.8623
2026-08-18 17:06:11.017,27697.1222
2026-08-18 17:06:11.447,27830.1662
2026-08-18 17:06:11.860,27983.6208
2026-08-18 17:06:12.273,28139.7823
2026-08-18 17:06:12.708,28305.4126
2026-08-18 17:06:13.135,28471.8239
2026-08-18 17:06:13.550,28638.8547
2026-08-18 17:06:13.984,28571.8435
2026-08-18 17:06:14.397,28401.0126
2026-08-18 17:06:14.811,28237.498
2026-08-18 17:06:15.227,28076.607
2026-08-18 17:06:15.655,27918.2368
2026-08-18 17:06:16.089,27758.3973
2026-08-18 17:06:16.515,27627.4735
2026-08-18 17:06:16.928,27533.9865
2026-08-18 17:06:17.363,27478.2102
2026-08-18 17:06:17.775,27445.7913
2026-08-18 17:06:18.189,27420.6055
2026-08-18 17:06:18.624,27404.6595
2026-08-18 17:06:19.039,27395.4582
2026-08-18 17:06:19.457,27402.3764
2026-08-18 17:06:19.884,27419.9807
2026-08-18 17:06:20.299,27441.4581
2026-08-18 17:06:20.712,27469.8944
2026-08-18 17:06:21.125,27519.2617
2026-08-18 17:06:21.559,27606.4343
2026-08-18 17:06:21.974,27729.451
2026-08-18 17:06:22.387,27873.2262
2026-08-18 17:06:22.802,28025.9375
2026-08-18 17:06:23.217,28185.9592
2026-08-18 17:06:23.631,28350.1747
2026-08-18 17:06:24.063,28516.1353
2026-08-18 17:06:24.475,28693.995
2026-08-18 17:06:24.889,28866.0776
2026-08-18 17:06:25.303,29040.398
2026-08-18 17:06:25.730,29219.2205
2026-08-18 17:06:26.205,29427.9596
2026-08-18 17:06:26.619,29616.0223
2026-08-18 17:06:27.036,29800.5146
2026-08-18 17:06:27.449,29988.7073
2026-08-18 17:06:27.881,30183.4865
2026-08-18 17:06:28.294,30377.854
2026-08-18 17:06:28.718,30569.9171
2026-08-18 17:06:29.146,30769.0817
2026-08-18 17:06:29.565,30977.5872
2026-08-18 17:06:29.978,31125.8831
2026-08-18 17:06:30.391,30964.7834
2026-08-18 17:06:30.818,30763.17
2026-08-18 17:06:31.231,30569.0844
2026-08-18 17:06:31.650,30375.0326
2026-08-18 17:06:32.064,30179.199
2026-08-18 17:06:32.492,29988.9822
2026-08-18 17:06:32.904,29796.83
2026-08-18 17:06:33.331,29606.4065
2026-08-18 17:06:33.744,29425.9142
2026-08-18 17:06:34.170,29247.3747
2026-08-18 17:06:34.587,29065.3902
2026-08-18 17:06:35.000,28890.9243
2026-08-18 17:06:35.425,28712.1621
2026-08-18 17:06:35.849,28545.5341
2026-08-18 17:06:36.263,28373.6112
2026-08-18 17:06:36.694,28210.2381
2026-08-18 17:06:37.107,28044.6819
2026-08-18 17:06:37.523,27888.9025
2026-08-18 17:06:37.937,27750.1653
2026-08-18 17:06:38.365,27651.222
2026-08-18 17:06:38.805,27598.1007
2026-08-18 17:06:39.219,27562.985
2026-08-18 17:06:39.638,27540.682
2026-08-18 17:06:40.052,27523.1518
2026-08-18 17:06:40.466,27508.7288
2026-08-18 17:06:40.894,27502.7489
2026-08-18 17:06:41.306,27500.1237
2026-08-18 17:06:41.747,27497.09
2026-08-18 17:06:42.174,27493.1451
2026-08-18 17:06:42.592,27489.7927
2026-08-18 17:06:43.009,27487.7528
2026-08-18 17:06:43.422,27485.8657
2026-08-18 17:06:43.861,27486.4475
2026-08-18 17:06:44.277,27483.3659
2026-08-18 17:06:44.690,27480.1612
2026-08-18 17:06:45.101,27480.3121
2026-08-18 17:06:45.527,27479.6553
2026-08-18 17:06:45.940,27479.3598
2026-08-18 17:06:46.352,27490.3729
2026-08-18 17:06:46.767,27505.7786
2026-08-18 17:06:47.234,27534.2151
2026-08-18 17:06:47.649,27574.4512
2026-08-18 17:06:48.071,27641.741
2026-08-18 17:06:48.484,27746.8494
2026-08-18 17:06:48.896,27878.7533
2026-08-18 17:06:49.323,28027.8964
2026-08-18 17:06:49.736,28189.5248
2026-08-18 17:06:50.170,28353.9785
2026-08-18 17:06:50.584,28520.6911
2026-08-18 17:06:51.017,28692.3692
2026-08-18 17:06:51.431,28656.4692
2026-08-18 17:06:51.842,28484.9925
2026-08-18 17:06:52.256,28316.9928
2026-08-18 17:06:52.669,28150.6787
2026-08-18 17:06:53.082,27991.3984
2026-08-18 17:06:53.508,27840.162
2026-08-18 17:06:53.923,27701.2578
2026-08-18 17:06:54.338,27600.2496
2026-08-18 17:06:54.751,27537.6967
2026-08-18 17:06:55.163,27499.2302
2026-08-18 17:06:55.576,27474.2777
2026-08-18 17:06:55.987,27457.5616
2026-08-18 17:06:56.401,27444.1502
2026-08-18 17:06:56.812,27445.3491
2026-08-18 17:06:57.253,27457.4259
2026-08-18 17:06:57.665,27477.6224
2026-08-18 17:06:58.079,27504.4046
2026-08-18 17:06:58.506,27547.7566
2026-08-18 17:06:58.972,27618.6516
2026-08-18 17:06:59.400,27743.7176
2026-08-18 17:06:59.812,27884.889
2026-08-18 17:07:00.225,28033.3255
2026-08-18 17:07:00.640,28190.6015
2026-08-18 17:07:01.065,28354.1446
2026-08-18 17:07:01.497,28524.5539
2026-08-18 17:07:01.911,28701.8207
2026-08-18 17:07:02.324,28868.7441
2026-08-18 17:07:02.740,29039.5407
2026-08-18 17:07:03.154,29215.5446
2026-08-18 17:07:03.566,29392.4612
2026-08-18 17:07:03.991,29572.0611
2026-08-18 17:07:04.456,29783.4804
2026-08-18 17:07:04.883,29980.9672
2026-08-18 17:07:05.295,30174.128
2026-08-18 17:07:05.708,30366.5751
2026-08-18 17:07:06.122,30560.5286
2026-08-18 17:07:06.585,30780.2229
2026-08-18 17:07:07.000,30977.272
2026-08-18 17:07:07.413,31148.283
2026-08-18 17:07:07.839,31017.2035
2026-08-18 17:07:08.305,30809.3842
2026-08-18 17:07:08.722,30582.9552
2026-08-18 17:07:09.137,30386.9709
2026-08-18 17:07:09.549,30193.8318
2026-08-18 17:07:09.974,30003.4773
2026-08-18 17:07:10.390,29807.3921
2026-08-18 17:07:10.810,29620.3448
2026-08-18 17:07:11.225,29433.9179
2026-08-18 17:07:11.657,29250.2338
2026-08-18 17:07:12.070,29057.0872
2026-08-18 17:07:12.494,28876.9223
2026-08-18 17:07:12.907,28699.8611
2026-08-18 17:07:13.320,28536.5122
2026-08-18 17:07:13.732,28370.728
2026-08-18 17:07:14.145,28208.7889
2026-08-18 17:07:14.560,28049.4912
2026-08-18 17:07:14.973,27896.149
2026-08-18 17:07:15.387,27758.2608
2026-08-18 17:07:15.801,27655.7623
2026-08-18 17:07:16.213,27595.6732
2026-08-18 17:07:16.625,27559.9052
2026-08-18 17:07:17.051,27534.2654
2026-08-18 17:07:17.552,27515.3625
2026-08-18 17:07:17.977,27494.7231
2026-08-18 17:07:18.390,27487.1466
2026-08-18 17:07:18.815,27482.2323
2026-08-18 17:07:19.241,27480.4128
2026-08-18 17:07:19.652,27475.9134
2026-08-18 17:07:20.064,27470.5282
2026-08-18 17:07:20.482,27466.7933
2026-08-18 17:07:20.894,27463.9562
2026-08-18 17:07:21.314,27459.7796
2026-08-18 17:07:21.730,27455.5667
2026-08-18 17:07:22.142,27451.2711
2026-08-18 17:07:22.555,27446.8313
2026-08-18 17:07:22.973,27441.0078
2026-08-18 17:07:23.387,27441.9598
2026-08-18 17:07:23.811,27451.8917
2026-08-18 17:07:24.226,27464.9317
2026-08-18 17:07:24.638,27484.9979
2026-08-18 17:07:25.052,27519.1046
2026-08-18 17:07:25.477,27579.6069
2026-08-18 17:07:25.895,27672.3079
2026-08-18 17:07:26.327,27796.1628
2026-08-18 17:07:26.741,27943.6479
2026-08-18 17:07:27.168,28095.6975
2026-08-18 17:07:27.594,28260.7848
2026-08-18 17:07:28.008,28429.9563
2026-08-18 17:07:28.420,28597.3687
2026-08-18 17:07:28.853,28638.7729
2026-08-18 17:07:29.272,28465.3475
2026-08-18 17:07:29.683,28296.64
2026-08-18 17:07:30.100,28128.9423
2026-08-18 17:07:30.513,27963.7384
2026-08-18 17:07:30.939,27808.9588
2026-08-18 17:07:31.406,27648.2851
2026-08-18 17:07:31.820,27540.8897
2026-08-18 17:07:32.233,27472.2722
2026-08-18 17:07:32.645,27430.565
2026-08-18 17:07:33.058,27403.6219
2026-08-18 17:07:33.525,27380.6861
2026-08-18 17:07:33.937,27367.6309
2026-08-18 17:07:34.357,27369.4971
2026-08-18 17:07:34.769,27380.8707
2026-08-18 17:07:35.182,27397.6263
2026-08-18 17:07:35.648,27426.2504
2026-08-18 17:07:36.076,27472.2702
2026-08-18 17:07:36.493,27549.8676
2026-08-18 17:07:36.920,27663.8888
2026-08-18 17:07:37.336,27804.952
2026-08-18 17:07:37.764,27955.6522
2026-08-18 17:07:38.177,28114.1937
2026-08-18 17:07:38.589,28272.4796
2026-08-18 17:07:39.010,28434.5323
2026-08-18 17:07:39.426,28604.7159
2026-08-18 17:07:39.840,28777.4428
2026-08-18 17:07:40.252,28952.1375
2026-08-18 17:07:40.663,29128.8922
2026-08-18 17:07:41.084,29305.6007
2026-08-18 17:07:41.498,29486.068
2026-08-18 17:07:41.932,29674.7814
2026-08-18 17:07:42.346,29862.0755
2026-08-18 17:07:42.759,30048.5465
2026-08-18 17:07:43.175,30237.3339
2026-08-18 17:07:43.588,30430.2598
2026-08-18 17:07:44.005,30623.988
2026-08-18 17:07:44.419,30822.0195
2026-08-18 17:07:44.837,31005.4616
2026-08-18 17:07:45.249,30904.9277
2026-08-18 17:07:45.668,30703.7269
2026-08-18 17:07:46.113,30504.6875
2026-08-18 17:07:46.551,30287.7195
2026-08-18 17:07:46.963,30094.2906
2026-08-18 17:07:47.384,29906.2037
2026-08-18 17:07:47.796,29716.6344
2026-08-18 17:07:48.237,29530.7458
2026-08-18 17:07:48.650,29335.4101
2026-08-18 17:07:49.073,29159.0604
2026-08-18 17:07:49.490,28976.4425
2026-08-18 17:07:49.902,28798.9455
2026-08-18 17:07:50.314,28624.0389
2026-08-18 17:07:50.731,28451.0697
2026-08-18 17:07:51.153,28283.4468
2026-08-18 17:07:51.569,28115.0992
2026-08-18 17:07:51.983,27946.6415
2026-08-18 17:07:52.395,27787.2786
2026-08-18 17:07:52.810,27653.6922
2026-08-18 17:07:53.235,27548.5965
2026-08-18 17:07:53.663,27484.6004
2026-08-18 17:07:54.083,27447.7589
2026-08-18 17:07:54.501,27421.722
2026-08-18 17:07:54.915,27403.4519
2026-08-18 17:07:55.327,27389.1648
2026-08-18 17:07:55.740,27379.1124
2026-08-18 17:07:56.153,27375.9289
2026-08-18 17:07:56.568,27371.8453
2026-08-18 17:07:57.032,27366.3908
2026-08-18 17:07:57.459,27360.509
2026-08-18 17:07:57.873,27358.0846
2026-08-18 17:07:58.292,27353.5965
2026-08-18 17:07:58.708,27355.9544
2026-08-18 17:07:59.149,27353.0698
2026-08-18 17:07:59.582,27354.2209
2026-08-18 17:07:59.995,27352.2754
2026-08-18 17:08:00.430,27349.2396
2026-08-18 17:08:00.849,27352.9273
2026-08-18 17:08:01.295,27364.6309
2026-08-18 17:08:01.718,27379.6638
2026-08-18 17:08:02.135,27402.8193
2026-08-18 17:08:02.547,27440.5205
2026-08-18 17:08:02.974,27508.0088
2026-08-18 17:08:03.422,27610.8164
2026-08-18 17:08:03.836,27748.1247
2026-08-18 17:08:04.248,27894.4292
2026-08-18 17:08:04.660,28048.9566
2026-08-18 17:08:05.088,28213.7781
2026-08-18 17:08:05.502,28377.1704
2026-08-18 17:08:05.924,28544.0127
2026-08-18 17:08:06.338,28566.545
2026-08-18 17:08:06.763,28395.5157
2026-08-18 17:08:07.180,28223.3344
2026-08-18 17:08:07.594,28057.7823
2026-08-18 17:08:08.023,27892.6767
2026-08-18 17:08:08.449,27733.8187
2026-08-18 17:08:08.873,27598.6552
2026-08-18 17:08:09.300,27490.3979
2026-08-18 17:08:09.727,27422.5907
2026-08-18 17:08:10.145,27382.4546
2026-08-18 17:08:10.559,27357.0172
2026-08-18 17:08:10.972,27339.9952
2026-08-18 17:08:11.384,27327.1742
2026-08-18 17:08:11.801,27326.7114
2026-08-18 17:08:12.237,27336.8735
2026-08-18 17:08:12.651,27352.0142
2026-08-18 17:08:13.063,27377.8073
2026-08-18 17:08:13.475,27419.7122
2026-08-18 17:08:13.903,27492.9993
2026-08-18 17:08:14.315,27601.3571
2026-08-18 17:08:14.729,27736.1055
2026-08-18 17:08:15.141,27887.0609
2026-08-18 17:08:15.553,28041.1234
2026-08-18 17:08:15.979,28205.2195
2026-08-18 17:08:16.391,28369.2869
2026-08-18 17:08:16.819,28532.3729
2026-08-18 17:08:17.234,28710.7842
2026-08-18 17:08:17.662,28883.9586
2026-08-18 17:08:18.078,29065.1184
2026-08-18 17:08:18.490,29242.826
2026-08-18 17:08:18.923,29426.257
2026-08-18 17:08:19.337,29611.1335
2026-08-18 17:08:19.749,29793.9231
2026-08-18 17:08:20.161,29979.6601
2026-08-18 17:08:20.574,30169.0589
2026-08-18 17:08:20.999,30360.4176
2026-08-18 17:08:21.410,30560.807
2026-08-18 17:08:21.853,30757.6886
2026-08-18 17:08:22.280,30970.073
2026-08-18 17:08:22.701,30908.3925
2026-08-18 17:08:23.119,30704.3576
2026-08-18 17:08:23.531,30503.7428
2026-08-18 17:08:24.003,30282.3819
2026-08-18 17:08:24.419,30086.3362
2026-08-18 17:08:24.833,29895.3935
2026-08-18 17:08:25.259,29708.334
2026-08-18 17:08:25.678,29517.546
2026-08-18 17:08:26.108,29333.7228
2026-08-18 17:08:26.535,29145.9923
2026-08-18 17:08:26.963,28961.675
2026-08-18 17:08:27.375,28779.1161
2026-08-18 17:08:27.788,28606.8244
2026-08-18 17:08:28.202,28437.058
2026-08-18 17:08:28.615,28270.2455
2026-08-18 17:08:29.048,28106.7933
2026-08-18 17:08:29.484,27932.0545
2026-08-18 17:08:29.897,27776.2084
2026-08-18 17:08:30.312,27636.5861
2026-08-18 17:08:30.724,27530.08
2026-08-18 17:08:31.165,27466.5013
2026-08-18 17:08:31.599,27425.5815
2026-08-18 17:08:32.012,27401.7041
2026-08-18 17:08:32.425,27382.9423
2026-08-18 17:08:32.853,27369.3955
2026-08-18 17:08:33.301,27360.7886
2026-08-18 17:08:33.716,27358.817
2026-08-18 17:08:34.129,27355.4122
2026-08-18 17:08:34.551,27352.5566
2026-08-18 17:08:34.978,27349.7062
2026-08-18 17:08:35.457,27345.8304
2026-08-18 17:08:35.870,27341.6699
2026-08-18 17:08:36.287,27338.6131
2026-08-18 17:08:36.699,27336.4045
2026-08-18 17:08:37.113,27332.6829
2026-08-18 17:08:37.548,27328.2179
2026-08-18 17:08:37.960,27326.4978
2026-08-18 17:08:38.373,27328.8768
2026-08-18 17:08:38.801,27341.4069
2026-08-18 17:08:39.232,27357.6545
2026-08-18 17:08:39.646,27381.9565
2026-08-18 17:08:40.073,27419.1916
2026-08-18 17:08:40.492,27485.134
2026-08-18 17:08:40.905,27584.7302
2026-08-18 17:08:41.317,27713.5736
2026-08-18 17:08:41.731,27858.4978
2026-08-18 17:08:42.145,28011.7806
2026-08-18 17:08:42.558,28170.245
2026-08-18 17:08:42.971,28334.2817
2026-08-18 17:08:43.383,28499.5828
2026-08-18 17:08:43.796,28544.6141
2026-08-18 17:08:44.233,28377.6625
2026-08-18 17:08:44.659,28201.8706
2026-08-18 17:08:45.077,28034.1172
2026-08-18 17:08:45.504,27874.4205
2026-08-18 17:08:45.931,27717.9752
2026-08-18 17:08:46.350,27578.8103
2026-08-18 17:08:46.765,27470.9049
2026-08-18 17:08:47.178,27406.5631
2026-08-18 17:08:47.591,27368.3796
2026-08-18 17:08:48.008,27344.4383
2026-08-18 17:08:48.420,27325.8323
2026-08-18 17:08:48.833,27313.0483
2026-08-18 17:08:49.300,27314.1193
2026-08-18 17:08:49.712,27327.2381
2026-08-18 17:08:50.138,27343.649
2026-08-18 17:08:50.564,27368.5998
2026-08-18 17:08:50.977,27412.1878
2026-08-18 17:08:51.411,27483.7707
2026-08-18 17:08:51.835,27596.9773
2026-08-18 17:08:52.249,27735.5409
2026-08-18 17:08:52.669,27882.7892
2026-08-18 17:08:53.096,28039.9085
2026-08-18 17:08:53.549,28220.5164
2026-08-18 17:08:53.979,28389.4962
2026-08-18 17:08:54.392,28554.1434
2026-08-18 17:08:54.811,28723.2516
2026-08-18 17:08:55.223,28897.2749
2026-08-18 17:08:55.659,29077.4776
2026-08-18 17:08:56.072,29258.6764
2026-08-18 17:08:56.485,29438.1611
2026-08-18 17:08:56.898,29620.6729
2026-08-18 17:08:57.316,29804.2064
2026-08-18 17:08:57.733,29992.8126
2026-08-18 17:08:58.148,30183.9049
2026-08-18 17:08:58.592,30375.9791
2026-08-18 17:08:59.021,30586.016
2026-08-18 17:08:59.434,30789.9789
2026-08-18 17:08:59.868,30963.5118
2026-08-18 17:09:00.295,30824.786
2026-08-18 17:09:00.719,30617.569
2026-08-18 17:09:01.132,30414.4784
2026-08-18 17:09:01.544,30217.6754
2026-08-18 17:09:01.959,30022.853
2026-08-18 17:09:02.371,29831.592
2026-08-18 17:09:02.787,29643.3797
2026-08-18 17:09:03.203,29454.1957
2026-08-18 17:09:03.662,29245.3137
2026-08-18 17:09:04.077,29064.0547
2026-08-18 17:09:04.490,28885.5413
2026-08-18 17:09:04.909,28710.5324
2026-08-18 17:09:05.335,28535.0079
2026-08-18 17:09:05.753,28361.2475
2026-08-18 17:09:06.167,28192.7967
2026-08-18 17:09:06.605,28028.3786
2026-08-18 17:09:07.026,27861.1178
2026-08-18 17:09:07.441,27706.7675
2026-08-18 17:09:07.854,27572.9478
2026-08-18 17:09:08.267,27474.4755
2026-08-18 17:09:08.680,27416.832
2026-08-18 17:09:09.093,27382.5891
2026-08-18 17:09:09.507,27355.696
2026-08-18 17:09:09.928,27339.5794
2026-08-18 17:09:10.353,27333.0319
2026-08-18 17:09:10.765,27326.4472
2026-08-18 17:09:11.187,27325.417
2026-08-18 17:09:11.599,27323.5162
2026-08-18 17:09:12.013,27320.6137
2026-08-18 17:09:12.452,27318.6342
2026-08-18 17:09:12.865,27317.1994
2026-08-18 17:09:13.290,27315.055
2026-08-18 17:09:13.703,27312.822
2026-08-18 17:09:14.140,27311.1335
2026-08-18 17:09:14.567,27308.9396
2026-08-18 17:09:14.985,27307.6534
2026-08-18 17:09:15.399,27306.1338
2026-08-18 17:09:15.812,27303.5333
2026-08-18 17:09:16.228,27318.2864
2026-08-18 17:09:16.642,27336.2074
2026-08-18 17:09:17.106,27364.7592
2026-08-18 17:09:17.525,27400.5726
2026-08-18 17:09:17.938,27462.5982
2026-08-18 17:09:18.369,27562.9474
2026-08-18 17:09:18.781,27692.377
2026-08-18 17:09:19.193,27838.006
2026-08-18 17:09:19.605,27992.8744
2026-08-18 17:09:20.033,28152.1114
2026-08-18 17:09:20.449,28322.7349
2026-08-18 17:09:20.876,28498.9552
2026-08-18 17:09:21.289,28521.4935
2026-08-18 17:09:21.702,28353.4565
2026-08-18 17:09:22.115,28187.812
2026-08-18 17:09:22.528,28025.3368
2026-08-18 17:09:22.994,27847.9528
2026-08-18 17:09:23.409,27707.1848
2026-08-18 17:09:23.838,27561.0212
2026-08-18 17:09:24.250,27449.311
2026-08-18 17:09:24.665,27386.4324
2026-08-18 17:09:25.080,27347.8301
2026-08-18 17:09:25.506,27324.0495
2026-08-18 17:09:25.923,27306.6947
2026-08-18 17:09:26.336,27294.4684
2026-08-18 17:09:26.762,27297.7966
2026-08-18 17:09:27.174,27310.4846
2026-08-18 17:09:27.586,27326.1488
2026-08-18 17:09:28.052,27349.3115
2026-08-18 17:09:28.480,27397.9752
2026-08-18 17:09:28.893,27477.5514
2026-08-18 17:09:29.306,27592.8268
2026-08-18 17:09:29.722,27734.4867
2026-08-18 17:09:30.136,27888.4101
2026-08-18 17:09:30.571,28047.1581
2026-08-18 17:09:30.984,28217.8381
2026-08-18 17:09:31.397,28383.7214
2026-08-18 17:09:31.817,28553.7028
2026-08-18 17:09:32.233,28725.7582
2026-08-18 17:09:32.710,28913.9574
2026-08-18 17:09:33.123,29097.6902
2026-08-18 17:09:33.537,29276.6359
2026-08-18 17:09:33.951,29458.294
2026-08-18 17:09:34.364,29642.2916
2026-08-18 17:09:34.776,29827.6786
2026-08-18 17:09:35.193,30016.8093
2026-08-18 17:09:35.620,30206.4121
2026-08-18 17:09:36.051,30407.796
2026-08-18 17:09:36.463,30607.8818
2026-08-18 17:09:36.889,30811.7303
2026-08-18 17:09:37.302,30977.3035
2026-08-18 17:09:37.723,30846.454
2026-08-18 17:09:38.141,30651.4396
2026-08-18 17:09:38.565,30441.3695
2026-08-18 17:09:38.981,30235.5381
2026-08-18 17:09:39.395,30039.311
2026-08-18 17:09:39.807,29848.0842
2026-08-18 17:09:40.220,29659.1376
2026-08-18 17:09:40.634,29472.2884
2026-08-18 17:09:41.047,29288.0038
2026-08-18 17:09:41.484,29097.5235
2026-08-18 17:09:41.897,28911.4809
2026-08-18 17:09:42.309,28733.639
2026-08-18 17:09:42.737,28550.2582
2026-08-18 17:09:43.150,28375.4648
2026-08-18 17:09:43.618,28205.279
2026-08-18 17:09:44.061,28004.6196
2026-08-18 17:09:44.487,27842.9143
2026-08-18 17:09:44.899,27684.9092
2026-08-18 17:09:45.329,27545.9382
2026-08-18 17:09:45.741,27450.5967
2026-08-18 17:09:46.153,27398.315
2026-08-18 17:09:46.586,27368.1566
2026-08-18 17:09:47.008,27344.7507
2026-08-18 17:09:47.434,27327.448
2026-08-18 17:09:47.849,27313.0549
2026-08-18 17:09:48.309,27305.7626
2026-08-18 17:09:48.728,27302.4405
2026-08-18 17:09:49.148,27300.7893
2026-08-18 17:09:49.560,27295.584
2026-08-18 17:09:49.977,27291.4275
2026-08-18 17:09:50.391,27285.319
2026-08-18 17:09:50.803,27281.0177
2026-08-18 17:09:51.233,27276.1373
2026-08-18 17:09:51.647,27272.9943
2026-08-18 17:09:52.060,27269.4778
2026-08-18 17:09:52.478,27266.522
2026-08-18 17:09:52.891,27262.6187
2026-08-18 17:09:53.303,27265.6764
2026-08-18 17:09:53.715,27277.234
2026-08-18 17:09:54.130,27291.0159
2026-08-18 17:09:54.544,27313.547
2026-08-18 17:09:54.963,27351.8768
2026-08-18 17:09:55.375,27413.1077
2026-08-18 17:09:55.801,27505.8099
2026-08-18 17:09:56.215,27634.046
2026-08-18 17:09:56.632,27778.1072
2026-08-18 17:09:57.044,27932.279
2026-08-18 17:09:57.468,28091.1064
2026-08-18 17:09:57.884,28259.4581
2026-08-18 17:09:58.302,28428.9632
2026-08-18 17:09:58.716,28477.9429
2026-08-18 17:09:59.135,28310.0636
2026-08-18 17:09:59.549,28138.5869
2026-08-18 17:09:59.963,27970.3512
2026-08-18 17:10:00.374,27808.3233
2026-08-18 17:10:00.788,27653.6083
2026-08-18 17:10:01.213,27513.0574
2026-08-18 17:10:01.702,27384.9261
2026-08-18 17:10:02.115,27319.887
2026-08-18 17:10:02.541,27282.6695
2026-08-18 17:10:02.968,27257.1751
2026-08-18 17:10:03.396,27238.2357
2026-08-18 17:10:03.822,27223.5074
2026-08-18 17:10:04.234,27224.9943
2026-08-18 17:10:04.647,27238.0765
2026-08-18 17:10:05.059,27254.0644
2026-08-18 17:10:05.474,27277.4495
2026-08-18 17:10:05.940,27322.3995
2026-08-18 17:10:06.359,27395.1209
2026-08-18 17:10:06.772,27504.1358
2026-08-18 17:10:07.186,27640.4247
2026-08-18 17:10:07.601,27791.0318
2026-08-18 17:10:08.015,27950.0489
2026-08-18 17:10:08.428,28112.7243
2026-08-18 17:10:08.872,28289.258
2026-08-18 17:10:09.299,28460.4811
2026-08-18 17:10:09.711,28630.3127
2026-08-18 17:10:10.124,28802.6693
2026-08-18 17:10:10.596,28977.4678
2026-08-18 17:10:11.041,29194.6599
2026-08-18 17:10:11.454,29373.6644
2026-08-18 17:10:11.867,29556.6536
2026-08-18 17:10:12.281,29740.9356
2026-08-18 17:10:12.693,29929.5458
2026-08-18 17:10:13.115,30120.3556
2026-08-18 17:10:13.528,30316.1506
2026-08-18 17:10:13.953,30509.4338
2026-08-18 17:10:14.367,30714.1689
2026-08-18 17:10:14.794,30890.4125
2026-08-18 17:10:15.206,30754.4738
2026-08-18 17:10:15.643,30548.6032
2026-08-18 17:10:16.070,30345.8339
2026-08-18 17:10:16.484,30144.3999
2026-08-18 17:10:16.899,29951.4156
2026-08-18 17:10:17.311,29758.877
2026-08-18 17:10:17.733,29568.7287
2026-08-18 17:10:18.227,29342.4415
2026-08-18 17:10:18.640,29160.0095
2026-08-18 17:10:19.065,28980.0932
2026-08-18 17:10:19.479,28797.4982
2026-08-18 17:10:19.895,28623.49
2026-08-18 17:10:20.310,28450.198
2026-08-18 17:10:20.744,28279.0991
2026-08-18 17:10:21.170,28103.2879
2026-08-18 17:10:21.598,27937.014
2026-08-18 17:10:22.016,27771.8049
2026-08-18 17:10:22.434,27619.4016
2026-08-18 17:10:22.846,27486.741
2026-08-18 17:10:23.265,27396.0716
2026-08-18 17:10:23.692,27343.788
2026-08-18 17:10:24.119,27308.8294
2026-08-18 17:10:24.531,27287.2947
2026-08-18 17:10:24.943,27270.896
2026-08-18 17:10:25.367,27257.7852
2026-08-18 17:10:25.782,27250.2901
2026-08-18 17:10:26.194,27248.1423
2026-08-18 17:10:26.606,27247.2463
2026-08-18 17:10:27.020,27244.3818
2026-08-18 17:10:27.431,27240.0131
2026-08-18 17:10:27.843,27236.5053
2026-08-18 17:10:28.305,27233.2789
2026-08-18 17:10:28.717,27230.8301
2026-08-18 17:10:29.131,27228.2457
2026-08-18 17:10:29.558,27225.6929
2026-08-18 17:10:29.970,27222.3342
2026-08-18 17:10:30.384,27219.0098
2026-08-18 17:10:30.802,27220.9523
2026-08-18 17:10:31.215,27232.623
2026-08-18 17:10:31.628,27248.6185
2026-08-18 17:10:32.046,27271.6756
2026-08-18 17:10:32.458,27308.6045
2026-08-18 17:10:32.872,27368.7849
2026-08-18 17:10:33.301,27466.4242
2026-08-18 17:10:33.714,27590.9645
2026-08-18 17:10:34.127,27732.5478
2026-08-18 17:10:34.539,27884.8318
2026-08-18 17:10:34.983,28043.2875
2026-08-18 17:10:35.397,28218.6759
2026-08-18 17:10:35.809,28384.7907
2026-08-18 17:10:36.223,28409.2842
2026-08-18 17:10:36.641,28241.7205
2026-08-18 17:10:37.067,28074.3311
2026-08-18 17:10:37.479,27906.6954
2026-08-18 17:10:37.921,27747.0784
2026-08-18 17:10:38.335,27586.5746
2026-08-18 17:10:38.760,27452.5323
2026-08-18 17:10:39.177,27348.4162
2026-08-18 17:10:39.589,27284.9864
2026-08-18 17:10:40.054,27244.1357
2026-08-18 17:10:40.478,27219.6216
2026-08-18 17:10:40.890,27201.9827
2026-08-18 17:10:41.303,27189.7144
2026-08-18 17:10:41.719,27194.1944
2026-08-18 17:10:42.134,27206.0539
2026-08-18 17:10:42.546,27221.8533
2026-08-18 17:10:42.959,27247.5436
2026-08-18 17:10:43.371,27289.5647
2026-08-18 17:10:43.803,27360.5162
2026-08-18 17:10:44.216,27473.9207
2026-08-18 17:10:44.637,27610.4803
2026-08-18 17:10:45.053,27762.387
2026-08-18 17:10:45.465,27918.5924
2026-08-18 17:10:45.931,28098.8842
2026-08-18 17:10:46.343,28262.6213
2026-08-18 17:10:46.758,28430.2769
2026-08-18 17:10:47.170,28601.5004
2026-08-18 17:10:47.632,28772.7952
2026-08-18 17:10:48.063,28970.0607
2026-08-18 17:10:48.475,29152.9856
2026-08-18 17:10:48.888,29331.3564
2026-08-18 17:10:49.300,29512.8312
2026-08-18 17:10:49.713,29695.8795
2026-08-18 17:10:50.151,29883.1282
2026-08-18 17:10:50.572,30085.5168
2026-08-18 17:10:50.986,30282.7112
2026-08-18 17:10:51.399,30478.4494
2026-08-18 17:10:51.811,30673.1682
2026-08-18 17:10:52.232,30840.2202
2026-08-18 17:10:52.661,30702.4661
2026-08-18 17:10:53.094,30497.23
2026-08-18 17:10:53.514,30292.1995
2026-08-18 17:10:53.926,30096.358
2026-08-18 17:10:54.340,29904.7193
2026-08-18 17:10:54.752,29715.9487
2026-08-18 17:10:55.164,29530.1906
2026-08-18 17:10:55.577,29346.7605
2026-08-18 17:10:56.039,29143.5855
2026-08-18 17:10:56.452,28961.712
2026-08-18 17:10:56.880,28782.1435
2026-08-18 17:10:57.293,28601.3269
2026-08-18 17:10:57.706,28431.555
2026-08-18 17:10:58.168,28242.7376
2026-08-18 17:10:58.588,28077.4831
2026-08-18 17:10:59.003,27913.8309
2026-08-18 17:10:59.430,27755.63
2026-08-18 17:10:59.843,27600.6814
2026-08-18 17:11:00.282,27469.6062
2026-08-18 17:11:00.693,27373.6794
2026-08-18 17:11:01.105,27323.5542
2026-08-18 17:11:01.518,27292.6512
2026-08-18 17:11:01.932,27271.151
2026-08-18 17:11:02.349,27256.0664
2026-08-18 17:11:02.761,27244.2788
2026-08-18 17:11:03.175,27237.2585
2026-08-18 17:11:03.599,27236.1588
2026-08-18 17:11:04.031,27234.3757
2026-08-18 17:11:04.447,27230.8604
2026-08-18 17:11:04.860,27226.3584
2026-08-18 17:11:05.273,27221.3739
2026-08-18 17:11:05.685,27216.8152
2026-08-18 17:11:06.127,27211.951
2026-08-18 17:11:06.541,27207.9217
2026-08-18 17:11:06.954,27204.411
2026-08-18 17:11:07.367,27200.7285
2026-08-18 17:11:07.792,27198.2413
2026-08-18 17:11:08.266,27200.7176
2026-08-18 17:11:08.680,27211.6034
2026-08-18 17:11:09.108,27224.766
2026-08-18 17:11:09.520,27245.591
2026-08-18 17:11:09.932,27286.3221
2026-08-18 17:11:10.367,27350.2736
2026-08-18 17:11:10.790,27453.5461
2026-08-18 17:11:11.203,27583.9358
2026-08-18 17:11:11.618,27727.0397
2026-08-18 17:11:12.030,27881.4605
2026-08-18 17:11:12.450,28040.3426
2026-08-18 17:11:12.943,28236.506
2026-08-18 17:11:13.417,28397.7714
2026-08-18 17:11:13.847,28314.5343
2026-08-18 17:11:14.266,28142.1298
2026-08-18 17:11:14.679,27974.5189
2026-08-18 17:11:15.106,27808.3408
2026-08-18 17:11:15.520,27647.1976
2026-08-18 17:11:15.945,27493.7149
2026-08-18 17:11:16.360,27364.3333
2026-08-18 17:11:16.773,27281.3132
2026-08-18 17:11:17.188,27232.6252
2026-08-18 17:11:17.603,27210.2632
2026-08-18 17:11:18.021,27192.5252
2026-08-18 17:11:18.454,27178.7802
2026-08-18 17:11:18.867,27168.9012
2026-08-18 17:11:19.324,27179.9538
2026-08-18 17:11:19.740,27195.4666
2026-08-18 17:11:20.202,27220.5741
2026-08-18 17:11:20.615,27255.7567
2026-08-18 17:11:21.027,27312.015
2026-08-18 17:11:21.445,27400.5829
2026-08-18 17:11:21.918,27523.8438
2026-08-18 17:11:22.346,27685.4839
2026-08-18 17:11:22.759,27836.9803
2026-08-18 17:11:23.172,27992.0188
2026-08-18 17:11:23.585,28152.6459
2026-08-18 17:11:24.009,28315.4256
2026-08-18 17:11:24.445,28488.2101
2026-08-18 17:11:24.857,28675.0205
2026-08-18 17:11:25.283,28851.3886
2026-08-18 17:11:25.698,29032.3937
2026-08-18 17:11:26.125,29208.7543
2026-08-18 17:11:26.579,29411.9857
2026-08-18 17:11:26.990,29605.0363
2026-08-18 17:11:27.402,29794.717
2026-08-18 17:11:27.815,29982.9297
2026-08-18 17:11:28.230,30172.0703
2026-08-18 17:11:28.642,30364.8942
2026-08-18 17:11:29.143,30602.9614
2026-08-18 17:11:29.555,30803.028
2026-08-18 17:11:29.981,30767.8972
2026-08-18 17:11:30.395,30562.8567
2026-08-18 17:11:30.809,30366.0376
2026-08-18 17:11:31.233,30170.0493
2026-08-18 17:11:31.660,29972.3125
2026-08-18 17:11:32.074,29770.2984
2026-08-18 17:11:32.488,29572.423
2026-08-18 17:11:32.904,29384.3728
2026-08-18 17:11:33.317,29199.6216
2026-08-18 17:11:33.792,28992.6225
2026-08-18 17:11:34.215,28814.8364
2026-08-18 17:11:34.629,28635.075
2026-08-18 17:11:35.044,28463.87
2026-08-18 17:11:35.459,28293.5371
2026-08-18 17:11:35.872,28122.618
2026-08-18 17:11:36.284,27956.326
2026-08-18 17:11:36.697,27797.1469
2026-08-18 17:11:37.141,27630.835
2026-08-18 17:11:37.563,27488.8515
2026-08-18 17:11:37.975,27378.1398
2026-08-18 17:11:38.390,27313.3696
2026-08-18 17:11:38.802,27275.0504
2026-08-18 17:11:39.216,27250.4197
2026-08-18 17:11:39.676,27229.4782
2026-08-18 17:11:40.089,27216.1572
2026-08-18 17:11:40.502,27206.7948
2026-08-18 17:11:40.929,27204.0357
2026-08-18 17:11:41.342,27202.3652
2026-08-18 17:11:41.767,27200.1998
2026-08-18 17:11:42.186,27196.4159
2026-08-18 17:11:42.629,27192.0018
2026-08-18 17:11:43.043,27188.0635
2026-08-18 17:11:43.472,27185.3682
2026-08-18 17:11:43.884,27179.5682
2026-08-18 17:11:44.295,27179.1121
2026-08-18 17:11:44.736,27179.3781
2026-08-18 17:11:45.150,27182.1676
2026-08-18 17:11:45.561,27180.0405
2026-08-18 17:11:45.975,27182.0625
2026-08-18 17:11:46.388,27193.8256
2026-08-18 17:11:46.801,27211.0012
2026-08-18 17:11:47.267,27244.0904
2026-08-18 17:11:47.679,27296.0713
2026-08-18 17:11:48.103,27383.0078
2026-08-18 17:11:48.516,27504.9998
2026-08-18 17:11:48.929,27643.5736
2026-08-18 17:11:49.356,27799.5318
2026-08-18 17:11:49.828,27956.6991
2026-08-18 17:11:50.277,28153.9909
2026-08-18 17:11:50.692,28318.9265
2026-08-18 17:11:51.105,28379.7107
2026-08-18 17:11:51.517,28226.2661
2026-08-18 17:11:51.931,28062.9282
2026-08-18 17:11:52.397,27880.2987
2026-08-18 17:11:52.809,27722.9267
2026-08-18 17:11:53.223,27576.327
2026-08-18 17:11:53.635,27433.9072
2026-08-18 17:11:54.048,27317.539
2026-08-18 17:11:54.512,27249.5366
2026-08-18 17:11:54.938,27200.3046
2026-08-18 17:11:55.353,27176.8781
2026-08-18 17:11:55.778,27157.3408
2026-08-18 17:11:56.197,27143.665
2026-08-18 17:11:56.613,27146.3702
2026-08-18 17:11:57.037,27157.7061
2026-08-18 17:11:57.450,27173.0565
2026-08-18 17:11:57.862,27196.0854
2026-08-18 17:11:58.295,27235.8316
2026-08-18 17:11:58.708,27299.3578
2026-08-18 17:11:59.121,27397.9267
2026-08-18 17:11:59.535,27526.7104
2026-08-18 17:11:59.975,27674.9567
2026-08-18 17:12:00.388,27839.9542
2026-08-18 17:12:00.800,28000.4941
2026-08-18 17:12:01.213,28165.5983
2026-08-18 17:12:01.640,28334.5903
2026-08-18 17:12:02.053,28510.9135
2026-08-18 17:12:02.551,28714.1788
2026-08-18 17:12:02.979,28880.6149
2026-08-18 17:12:03.394,29059.0002
2026-08-18 17:12:03.806,29245.8104
2026-08-18 17:12:04.222,29424.5399
2026-08-18 17:12:04.639,29608.6861
2026-08-18 17:12:05.072,29795.3075
2026-08-18 17:12:05.484,29990.9429
2026-08-18 17:12:05.906,30181.1779
2026-08-18 17:12:06.325,30377.8897
2026-08-18 17:12:06.738,30576.1818
2026-08-18 17:12:07.201,30773.2751
2026-08-18 17:12:07.612,30654.2608
2026-08-18 17:12:08.026,30456.471
2026-08-18 17:12:08.439,30260.2405
2026-08-18 17:12:08.852,30066.5616
2026-08-18 17:12:09.266,29875.4294
2026-08-18 17:12:09.679,29687.238
2026-08-18 17:12:10.140,29480.7539
2026-08-18 17:12:10.553,29297.7053
2026-08-18 17:12:10.970,29117.6293
2026-08-18 17:12:11.384,28937.6205
2026-08-18 17:12:11.796,28761.454
2026-08-18 17:12:12.211,28588.051
2026-08-18 17:12:12.635,28415.795
2026-08-18 17:12:13.052,28243.914
2026-08-18 17:12:13.469,28076.4027
2026-08-18 17:12:13.896,27913.087
2026-08-18 17:12:14.306,27749.4554
2026-08-18 17:12:14.735,27593.0974
2026-08-18 17:12:15.148,27456.059
2026-08-18 17:12:15.561,27353.8908
2026-08-18 17:12:15.984,27293.9345
2026-08-18 17:12:16.396,27257.5708
2026-08-18 17:12:16.812,27232.4657
2026-08-18 17:12:17.224,27215.4099
2026-08-18 17:12:17.636,27201.7062
2026-08-18 17:12:18.062,27192.7712
2026-08-18 17:12:18.478,27190.0683
2026-08-18 17:12:18.891,27187.8652
2026-08-18 17:12:19.304,27184.9076
2026-08-18 17:12:19.726,27180.6978
2026-08-18 17:12:20.219,27175.2139
2026-08-18 17:12:20.647,27171.0045
2026-08-18 17:12:21.074,27167.9124
2026-08-18 17:12:21.489,27168.0939
2026-08-18 17:12:21.904,27174.9632
2026-08-18 17:12:22.318,27178.4909
2026-08-18 17:12:22.741,27182.3201
2026-08-18 17:12:23.152,27180.2529
2026-08-18 17:12:23.564,27176.4817
2026-08-18 17:12:23.978,27184.9148
2026-08-18 17:12:24.406,27204.7338
2026-08-18 17:12:24.817,27239.8722
2026-08-18 17:12:25.233,27294.7874
2026-08-18 17:12:25.672,27384.1007
2026-08-18 17:12:26.088,27514.9834
2026-08-18 17:12:26.499,27659.7915
2026-08-18 17:12:26.912,27812.5544
2026-08-18 17:12:27.328,27971.6725
2026-08-18 17:12:27.740,28133.7722
2026-08-18 17:12:28.175,28304.2384
2026-08-18 17:12:28.641,28373.009
2026-08-18 17:12:29.053,28209.4103
2026-08-18 17:12:29.470,28043.251
2026-08-18 17:12:29.895,27878.8825
2026-08-18 17:12:30.313,27717.9876
2026-08-18 17:12:30.733,27564.7887
2026-08-18 17:12:31.145,27428.3722
2026-08-18 17:12:31.559,27320.9847
2026-08-18 17:12:31.972,27252.0695
2026-08-18 17:12:32.386,27210.226
2026-08-18 17:12:32.812,27183.8184
2026-08-18 17:12:33.303,27162.0732
2026-08-18 17:12:33.728,27149.8341
2026-08-18 17:12:34.144,27150.543
2026-08-18 17:12:34.560,27164.386
2026-08-18 17:12:34.984,27180.7854
2026-08-18 17:12:35.410,27204.769
2026-08-18 17:12:35.830,27248.6052
2026-08-18 17:12:36.243,27320.5827
2026-08-18 17:12:36.655,27423.6025
2026-08-18 17:12:37.091,27554.4893
2026-08-18 17:12:37.503,27709.5225
2026-08-18 17:12:37.915,27864.4064
2026-08-18 17:12:38.328,28023.3095
2026-08-18 17:12:38.741,28185.7105
2026-08-18 17:12:39.216,28370.9807
2026-08-18 17:12:39.632,28546.421
2026-08-18 17:12:40.058,28723.2907
2026-08-18 17:12:40.471,28906.7393
2026-08-18 17:12:40.886,29084.5127
2026-08-18 17:12:41.302,29265.0713
2026-08-18 17:12:41.714,29445.7137
2026-08-18 17:12:42.126,29629.7936
2026-08-18 17:12:42.542,29815.9185
2026-08-18 17:12:42.955,30006.7757
2026-08-18 17:12:43.377,30198.0775
2026-08-18 17:12:43.790,30395.5041
2026-08-18 17:12:44.223,30598.0214
2026-08-18 17:12:44.651,30795.4799
2026-08-18 17:12:45.065,30733.9349
2026-08-18 17:12:45.478,30535.1896
2026-08-18 17:12:45.892,30339.0508
2026-08-18 17:12:46.306,30145.2706
2026-08-18 17:12:46.718,29953.5567
2026-08-18 17:12:47.158,29764.5185
2026-08-18 17:12:47.571,29565.2067
2026-08-18 17:12:47.998,29380.6221
2026-08-18 17:12:48.411,29193.1159
2026-08-18 17:12:48.827,29014.1092
2026-08-18 17:12:49.274,28835.0654
2026-08-18 17:12:49.692,28645.6135
2026-08-18 17:12:50.107,28472.3386
2026-08-18 17:12:50.523,28303.2001
2026-08-18 17:12:50.936,28135.7599
2026-08-18 17:12:51.351,27973.446
2026-08-18 17:12:51.763,27812.8119
2026-08-18 17:12:52.176,27658.7407
2026-08-18 17:12:52.588,27516.0758
2026-08-18 17:12:53.002,27403.4796
2026-08-18 17:12:53.414,27334.4481
2026-08-18 17:12:53.826,27295.3528
2026-08-18 17:12:54.248,27269.4727
2026-08-18 17:12:54.662,27251.5419
2026-08-18 17:12:55.075,27238.2011
2026-08-18 17:12:55.489,27228.1434
2026-08-18 17:12:55.903,27225.6993
2026-08-18 17:12:56.328,27225.1106
2026-08-18 17:12:56.740,27224.9248
2026-08-18 17:12:57.166,27222.3698
2026-08-18 17:12:57.578,27218.7814
2026-08-18 17:12:57.991,27216.5079
2026-08-18 17:12:58.403,27213.2686
2026-08-18 17:12:58.814,27210.902
2026-08-18 17:12:59.231,27207.6462
2026-08-18 17:12:59.649,27203.4576
2026-08-18 17:13:00.062,27202.9622
2026-08-18 17:13:00.475,27202.8255
2026-08-18 17:13:00.901,27210.758
2026-08-18 17:13:01.313,27224.9999
2026-08-18 17:13:01.727,27242.3803
2026-08-18 17:13:02.142,27268.7022
2026-08-18 17:13:02.562,27311.0055
2026-08-18 17:13:02.978,27381.3143
2026-08-18 17:13:03.393,27485.3371
2026-08-18 17:13:03.805,27616.619
2026-08-18 17:13:04.225,27763.1417
2026-08-18 17:13:04.639,27921.5557
2026-08-18 17:13:05.099,28102.0779
2026-08-18 17:13:05.512,28266.1902
2026-08-18 17:13:05.929,28424.8157
2026-08-18 17:13:06.342,28346.8253
2026-08-18 17:13:06.754,28180.1438
2026-08-18 17:13:07.227,27994.8731
2026-08-18 17:13:07.641,27831.1736
2026-08-18 17:13:08.068,27674.0632
2026-08-18 17:13:08.481,27523.9865
2026-08-18 17:13:08.894,27402.5266
2026-08-18 17:13:09.313,27320.073
2026-08-18 17:13:09.739,27270.7361
2026-08-18 17:13:10.166,27239.5804
2026-08-18 17:13:10.584,27219.4169
2026-08-18 17:13:10.997,27205.1258
2026-08-18 17:13:11.412,27197.0698
2026-08-18 17:13:11.825,27205.8256
2026-08-18 17:13:12.238,27219.9896
2026-08-18 17:13:12.650,27239.6164
2026-08-18 17:13:13.075,27270.413
2026-08-18 17:13:13.508,27318.0254
2026-08-18 17:13:13.926,27401.5409
2026-08-18 17:13:14.338,27518.5754
2026-08-18 17:13:14.751,27657.8781
2026-08-18 17:13:15.163,27807.9516
2026-08-18 17:13:15.641,27986.2228
2026-08-18 17:13:16.053,28155.1
2026-08-18 17:13:16.481,28327.8721
2026-08-18 17:13:16.913,28503.7126
2026-08-18 17:13:17.325,28677.2374
2026-08-18 17:13:17.736,28851.2829
2026-08-18 17:13:18.162,29031.5921
2026-08-18 17:13:18.584,29210.8398
2026-08-18 17:13:18.998,29396.4902
2026-08-18 17:13:19.411,29580.3536
2026-08-18 17:13:19.848,29767.3456
2026-08-18 17:13:20.259,29968.2289
2026-08-18 17:13:20.687,30164.0642
2026-08-18 17:13:21.099,30360.9332
2026-08-18 17:13:21.512,30556.6229
2026-08-18 17:13:21.946,30754.1208
2026-08-18 17:13:22.359,30889.0662
2026-08-18 17:13:22.776,30720.6099
2026-08-18 17:13:23.188,30519.2273
2026-08-18 17:13:23.607,30323.2497
2026-08-18 17:13:24.039,30125.1615
2026-08-18 17:13:24.453,29924.5569
2026-08-18 17:13:24.866,29736.5489
2026-08-18 17:13:25.290,29551.3335
2026-08-18 17:13:25.718,29361.9515
2026-08-18 17:13:26.145,29175.1155
2026-08-18 17:13:26.558,28990.6829
2026-08-18 17:13:26.972,28814.6322
2026-08-18 17:13:27.384,28639.6215
2026-08-18 17:13:27.798,28468.8743
2026-08-18 17:13:28.258,28279.6217
2026-08-18 17:13:28.672,28113.4766
2026-08-18 17:13:29.099,27951.1009
2026-08-18 17:13:29.516,27788.6733
2026-08-18 17:13:29.929,27640.0875
2026-08-18 17:13:30.365,27513.235
2026-08-18 17:13:30.790,27422.4462
2026-08-18 17:13:31.205,27372.9869
2026-08-18 17:13:31.619,27343.215
2026-08-18 17:13:32.079,27321.5735
2026-08-18 17:13:32.497,27299.017
2026-08-18 17:13:32.918,27290.8304
2026-08-18 17:13:33.331,27287.4207
2026-08-18 17:13:33.743,27285.8415
2026-08-18 17:13:34.159,27281.2039
2026-08-18 17:13:34.589,27273.0755
2026-08-18 17:13:35.016,27267.1605
2026-08-18 17:13:35.429,27262.3818
2026-08-18 17:13:35.855,27259.0782
2026-08-18 17:13:36.268,27259.5819
2026-08-18 17:13:36.700,27261.284
2026-08-18 17:13:37.127,27260.7212
2026-08-18 17:13:37.541,27260.1653
2026-08-18 17:13:37.968,27259.0339
2026-08-18 17:13:38.381,27262.8919
2026-08-18 17:13:38.808,27275.6604
2026-08-18 17:13:39.221,27291.9826
2026-08-18 17:13:39.650,27314.1197
2026-08-18 17:13:40.064,27352.6869
2026-08-18 17:13:40.491,27417.0806
2026-08-18 17:13:40.903,27517.8758
2026-08-18 17:13:41.316,27646.8106
2026-08-18 17:13:41.755,27793.6273
2026-08-18 17:13:42.176,27959.0614
2026-08-18 17:13:42.588,28126.3091
2026-08-18 17:13:43.009,28299.6481
2026-08-18 17:13:43.436,28476.5847
2026-08-18 17:13:43.873,28472.5305
2026-08-18 17:13:44.285,28288.4683
2026-08-18 17:13:44.699,28121.8668
2026-08-18 17:13:45.111,27956.4397
2026-08-18 17:13:45.524,27796.8418
2026-08-18 17:13:45.986,27632.7994
2026-08-18 17:13:46.413,27497.7153
2026-08-18 17:13:46.825,27395.5927
2026-08-18 17:13:47.238,27335.6061
2026-08-18 17:13:47.651,27299.8808
2026-08-18 17:13:48.082,27278.115
2026-08-18 17:13:48.500,27259.387
2026-08-18 17:13:48.914,27247.4086
2026-08-18 17:13:49.340,27250.4202
2026-08-18 17:13:49.754,27263.6698
2026-08-18 17:13:50.198,27280.1592
2026-08-18 17:13:50.611,27307.5231
2026-08-18 17:13:51.023,27349.0981
2026-08-18 17:13:51.437,27418.2045
2026-08-18 17:13:51.849,27523.5257
2026-08-18 17:13:52.289,27655.3789
2026-08-18 17:13:52.702,27813.2548
2026-08-18 17:13:53.115,27969.8578
2026-08-18 17:13:53.541,28131.7673
2026-08-18 17:13:53.953,28302.0584
2026-08-18 17:13:54.393,28474.4872
2026-08-18 17:13:54.815,28650.046
2026-08-18 17:13:55.229,28827.6915
2026-08-18 17:13:55.642,29003.4718
2026-08-18 17:13:56.057,29182.3641
2026-08-18 17:13:56.519,29385.5138
2026-08-18 17:13:56.945,29569.7739
2026-08-18 17:13:57.357,29762.1529
2026-08-18 17:13:57.771,29950.0703
2026-08-18 17:13:58.185,30139.4348
2026-08-18 17:13:58.620,30334.549
2026-08-18 17:13:59.032,30538.9958
2026-08-18 17:13:59.444,30734.9833
2026-08-18 17:13:59.856,30925.2607
2026-08-18 17:14:00.268,30864.9445
2026-08-18 17:14:00.746,30642.1757
2026-08-18 17:14:01.163,30438.6102
2026-08-18 17:14:01.577,30239.6636
2026-08-18 17:14:01.991,30045.9901
2026-08-18 17:14:02.404,29856.1084
2026-08-18 17:14:02.825,29668.3734
2026-08-18 17:14:03.239,29480.0631
2026-08-18 17:14:03.651,29297.1986
2026-08-18 17:14:04.063,29117.7291
2026-08-18 17:14:04.475,28939.9859
2026-08-18 17:14:04.899,28764.15
2026-08-18 17:14:05.404,28553.5783
2026-08-18 17:14:05.817,28379.3148
2026-08-18 17:14:06.229,28213.6757
2026-08-18 17:14:06.641,28050.8899
2026-08-18 17:14:07.056,27891.852
2026-08-18 17:14:07.469,27738.4629
2026-08-18 17:14:07.884,27599.5597
2026-08-18 17:14:08.295,27495.2292
2026-08-18 17:14:08.709,27432.8912
2026-08-18 17:14:09.121,27398.4792
2026-08-18 17:14:09.539,27374.2856
2026-08-18 17:14:09.952,27358.2438
2026-08-18 17:14:10.365,27346.3161
2026-08-18 17:14:10.785,27339.5062
2026-08-18 17:14:11.199,27339.0539
2026-08-18 17:14:11.626,27337.606
2026-08-18 17:14:12.039,27337.128
2026-08-18 17:14:12.453,27332.305
2026-08-18 17:14:12.867,27328.6337
2026-08-18 17:14:13.281,27325.6813
2026-08-18 17:14:13.706,27323.1007
2026-08-18 17:14:14.126,27320.9551
2026-08-18 17:14:14.539,27319.6387
2026-08-18 17:14:14.972,27317.9893
2026-08-18 17:14:15.400,27316.3887
2026-08-18 17:14:15.813,27316.0735
2026-08-18 17:14:16.225,27326.0182
2026-08-18 17:14:16.639,27338.918
2026-08-18 17:14:17.080,27357.3047
2026-08-18 17:14:17.493,27388.3023
2026-08-18 17:14:17.907,27436.3729
2026-08-18 17:14:18.319,27517.8238
2026-08-18 17:14:18.732,27633.003
2026-08-18 17:14:19.146,27771.902
2026-08-18 17:14:19.611,27943.4091
2026-08-18 17:14:20.028,28102.4397
2026-08-18 17:14:20.492,28287.5434
2026-08-18 17:14:20.943,28469.6511
2026-08-18 17:14:21.368,28561.4706
2026-08-18 17:14:21.780,28401.0684
2026-08-18 17:14:22.194,28234.1493
2026-08-18 17:14:22.618,28069.863
2026-08-18 17:14:23.031,27905.9029
2026-08-18 17:14:23.445,27752.7188
2026-08-18 17:14:23.857,27612.794
2026-08-18 17:14:24.323,27502.2178
2026-08-18 17:14:24.755,27422.2943
2026-08-18 17:14:25.168,27381.0109
2026-08-18 17:14:25.584,27355.7349
2026-08-18 17:14:25.997,27338.8797
2026-08-18 17:14:26.417,27325.8904
2026-08-18 17:14:26.833,27322.9039
2026-08-18 17:14:27.248,27335.8608
2026-08-18 17:14:27.674,27352.0489
2026-08-18 17:14:28.091,27377.6676
2026-08-18 17:14:28.517,27414.9539
2026-08-18 17:14:28.937,27480.7139
2026-08-18 17:14:29.364,27582.0274
2026-08-18 17:14:29.776,27716.2902
2026-08-18 17:14:30.201,27864.2073
2026-08-18 17:14:30.613,28024.8684
2026-08-18 17:14:31.042,28185.6513
2026-08-18 17:14:31.477,28363.5264
2026-08-18 17:14:31.890,28535.8773
2026-08-18 17:14:32.303,28708.2882
2026-08-18 17:14:32.724,28882.7303
2026-08-18 17:14:33.143,29062.4793
2026-08-18 17:14:33.555,29245.1061
2026-08-18 17:14:33.974,29427.9971
2026-08-18 17:14:34.401,29613.958
2026-08-18 17:14:34.817,29806.5481
2026-08-18 17:14:35.249,29997.6997
2026-08-18 17:14:35.661,30198.0337
2026-08-18 17:14:36.101,30396.9319
2026-08-18 17:14:36.515,30596.7824
2026-08-18 17:14:36.928,30792.3442
2026-08-18 17:14:37.354,30995.2559
2026-08-18 17:14:37.781,30939.595
2026-08-18 17:14:38.194,30737.8435
2026-08-18 17:14:38.619,30543.1857
2026-08-18 17:14:39.032,30343.8149
2026-08-18 17:14:39.451,30150.3857
2026-08-18 17:14:39.863,29955.3304
2026-08-18 17:14:40.276,29767.3669
2026-08-18 17:14:40.702,29576.0622
2026-08-18 17:14:41.113,29392.6351
2026-08-18 17:14:41.549,29212.0778
2026-08-18 17:14:41.963,29019.3543
2026-08-18 17:14:42.376,28842.7989
2026-08-18 17:14:42.797,28668.8063
2026-08-18 17:14:43.209,28493.3578
2026-08-18 17:14:43.674,28304.2401
2026-08-18 17:14:44.095,28139.5068
2026-08-18 17:14:44.510,27977.4687
2026-08-18 17:14:44.932,27821.1306
2026-08-18 17:14:45.345,27678.3594
2026-08-18 17:14:45.759,27571.1642
2026-08-18 17:14:46.179,27507.5651
2026-08-18 17:14:46.591,27469.1533
2026-08-18 17:14:47.017,27443.4087
2026-08-18 17:14:47.432,27425.1667
2026-08-18 17:14:47.860,27410.8237
2026-08-18 17:14:48.285,27400.9979
2026-08-18 17:14:48.699,27397.487
2026-08-18 17:14:49.121,27394.4864
2026-08-18 17:14:49.534,27392.3389
2026-08-18 17:14:49.966,27389.12
2026-08-18 17:14:50.379,27385.5922
2026-08-18 17:14:50.806,27381.9639
2026-08-18 17:14:51.217,27379.251
2026-08-18 17:14:51.630,27377.8517
2026-08-18 17:14:52.067,27376.6633
2026-08-18 17:14:52.480,27375.4823
2026-08-18 17:14:52.902,27372.4369
2026-08-18 17:14:53.315,27369.4385
2026-08-18 17:14:53.736,27376.9938
2026-08-18 17:14:54.161,27390.0244
2026-08-18 17:14:54.580,27409.0492
2026-08-18 17:14:54.993,27439.8488
2026-08-18 17:14:55.411,27492.9147
2026-08-18 17:14:55.827,27574.5767
2026-08-18 17:14:56.265,27690.8097
2026-08-18 17:14:56.676,27836.9288
2026-08-18 17:14:57.089,27988.2159
2026-08-18 17:14:57.523,28151.5957
2026-08-18 17:14:57.936,28316.955
2026-08-18 17:14:58.353,28484.2164
2026-08-18 17:14:58.765,28596.3909
2026-08-18 17:14:59.186,28452.6733
2026-08-18 17:14:59.598,28282.2003
2026-08-18 17:15:00.027,28110.9351
2026-08-18 17:15:00.438,27948.5781
2026-08-18 17:15:00.852,27794.2345
2026-08-18 17:15:01.316,27636.0592
2026-08-18 17:15:01.729,27526.8373
2026-08-18 17:15:02.152,27457.6456
2026-08-18 17:15:02.565,27416.7991
2026-08-18 17:15:02.976,27391.3109
2026-08-18 17:15:03.406,27373.6079
2026-08-18 17:15:03.832,27360.2347
2026-08-18 17:15:04.259,27357.1792
2026-08-18 17:15:04.671,27369.8023
2026-08-18 17:15:05.083,27386.3511
2026-08-18 17:15:05.507,27408.8815
2026-08-18 17:15:05.934,27446.6314
2026-08-18 17:15:06.346,27511.4096
2026-08-18 17:15:06.775,27612.4415
2026-08-18 17:15:07.188,27741.7867
2026-08-18 17:15:07.610,27888.0358
2026-08-18 17:15:08.025,28047.5637
2026-08-18 17:15:08.438,28210.0799
2026-08-18 17:15:08.851,28375.5458
2026-08-18 17:15:09.270,28543.0829
2026-08-18 17:15:09.743,28739.1368
2026-08-18 17:15:10.157,28917.2872
2026-08-18 17:15:10.571,29093.9406
2026-08-18 17:15:10.999,29273.7712
2026-08-18 17:15:11.411,29462.7692
2026-08-18 17:15:11.826,29647.0297
2026-08-18 17:15:12.240,29834.7038
2026-08-18 17:15:12.654,30023.5
2026-08-18 17:15:13.081,30222.1738
2026-08-18 17:15:13.495,30415.2858
2026-08-18 17:15:13.961,30637.286
2026-08-18 17:15:14.375,30836.0859
2026-08-18 17:15:14.791,31035.5279
2026-08-18 17:15:15.204,30991.3951
2026-08-18 17:15:15.617,30790.5269
2026-08-18 17:15:16.051,30584.5485
2026-08-18 17:15:16.465,30385.2347
2026-08-18 17:15:16.892,30183.6619
2026-08-18 17:15:17.304,29991.8358
2026-08-18 17:15:17.730,29804.4152
2026-08-18 17:15:18.150,29612.5979
2026-08-18 17:15:18.576,29426.1388
2026-08-18 17:15:18.992,29239.6406
2026-08-18 17:15:19.404,29060.5433
2026-08-18 17:15:19.867,28885.2047
2026-08-18 17:15:20.289,28688.5098
2026-08-18 17:15:20.702,28516.939
2026-08-18 17:15:21.114,28348.8258
2026-08-18 17:15:21.526,28184.5386
2026-08-18 17:15:21.940,28024.0029
2026-08-18 17:15:22.379,27869.2163
2026-08-18 17:15:22.806,27720.136
2026-08-18 17:15:23.219,27612.2012
2026-08-18 17:15:23.653,27548.3565
2026-08-18 17:15:24.080,27511.9403
2026-08-18 17:15:24.494,27487.3728
2026-08-18 17:15:24.924,27469.5356
2026-08-18 17:15:25.336,27456.837
2026-08-18 17:15:25.749,27448.7323
2026-08-18 17:15:26.162,27447.3222
2026-08-18 17:15:26.601,27446.1921
2026-08-18 17:15:27.026,27444.2518
2026-08-18 17:15:27.445,27440.5099
2026-08-18 17:15:27.858,27438.0605
2026-08-18 17:15:28.281,27435.5835
2026-08-18 17:15:28.707,27433.1295
2026-08-18 17:15:29.119,27429.6632
2026-08-18 17:15:29.533,27427.3677
2026-08-18 17:15:29.946,27424.6063
2026-08-18 17:15:30.359,27422.6558
2026-08-18 17:15:30.771,27422.3649
2026-08-18 17:15:31.249,27434.9252
2026-08-18 17:15:31.671,27451.096
2026-08-18 17:15:32.085,27472.8264
2026-08-18 17:15:32.501,27506.4249
2026-08-18 17:15:32.913,27560.6339
2026-08-18 17:15:33.378,27659.5747
2026-08-18 17:15:33.799,27782.3323
2026-08-18 17:15:34.259,27946.29
2026-08-18 17:15:34.706,28114.3071
2026-08-18 17:15:35.119,28277.4496
2026-08-18 17:15:35.545,28444.2785
2026-08-18 17:15:35.971,28619.7966
2026-08-18 17:15:36.387,28630.5043
2026-08-18 17:15:36.800,28457.8617
2026-08-18 17:15:37.214,28290.2153
2026-08-18 17:15:37.627,28125.4438
2026-08-18 17:15:38.089,27966.0573
2026-08-18 17:15:38.516,27796.7546
2026-08-18 17:15:38.934,27664.0586
2026-08-18 17:15:39.348,27569.3294
2026-08-18 17:15:39.762,27510.9745
2026-08-18 17:15:40.175,27475.7864
2026-08-18 17:15:40.593,27451.748
2026-08-18 17:15:41.032,27431.2325
2026-08-18 17:15:41.445,27419.2118
2026-08-18 17:15:41.858,27422.8032
2026-08-18 17:15:42.275,27436.1984
2026-08-18 17:15:42.689,27455.6139
2026-08-18 17:15:43.122,27483.1669
2026-08-18 17:15:43.538,27527.694
2026-08-18 17:15:43.952,27601.3207
2026-08-18 17:15:44.369,27713.8907
2026-08-18 17:15:44.784,27855.374
2026-08-18 17:15:45.198,28004.3449
2026-08-18 17:15:45.631,28170.9925
2026-08-18 17:15:46.049,28334.8023
2026-08-18 17:15:46.477,28504.7109
2026-08-18 17:15:46.896,28682.4248
2026-08-18 17:15:47.309,28860.4241
2026-08-18 17:15:47.722,29038.1967
2026-08-18 17:15:48.148,29218.1047
2026-08-18 17:15:48.562,29406.4196
2026-08-18 17:15:48.974,29592.083
2026-08-18 17:15:49.386,29776.9555
2026-08-18 17:15:49.810,29964.3377
2026-08-18 17:15:50.274,30161.2954
2026-08-18 17:15:50.692,30380.5646
2026-08-18 17:15:51.114,30577.4608
2026-08-18 17:15:51.527,30780.7516
2026-08-18 17:15:51.956,30990.9434
2026-08-18 17:15:52.368,31169.0871
2026-08-18 17:15:52.788,31047.3892
2026-08-18 17:15:53.212,30842.7432
2026-08-18 17:15:53.624,30637.927
2026-08-18 17:15:54.036,30441.3839
2026-08-18 17:15:54.469,30241.1361
2026-08-18 17:15:54.896,30046.1304
2026-08-18 17:15:55.308,29850.3837
2026-08-18 17:15:55.735,29663.9551
2026-08-18 17:15:56.146,29473.5595
2026-08-18 17:15:56.613,29292.7368
2026-08-18 17:15:57.043,29088.9713
2026-08-18 17:15:57.470,28907.6526
2026-08-18 17:15:57.885,28727.3995
2026-08-18 17:15:58.311,28554.5342
2026-08-18 17:15:58.744,28379.3924
2026-08-18 17:15:59.157,28208.1905
2026-08-18 17:15:59.568,28048.0531
2026-08-18 17:15:59.980,27896.5707
2026-08-18 17:16:00.396,27764.7638
2026-08-18 17:16:00.811,27674.2095
2026-08-18 17:16:01.238,27617.3208
2026-08-18 17:16:01.654,27584.3336
2026-08-18 17:16:02.067,27563.3289
2026-08-18 17:16:02.481,27547.1492
2026-08-18 17:16:02.893,27534.1499
2026-08-18 17:16:03.307,27526.6141
2026-08-18 17:16:03.719,27525.1929
2026-08-18 17:16:04.145,27524.2024
2026-08-18 17:16:04.558,27523.1206
2026-08-18 17:16:04.971,27520.3294
2026-08-18 17:16:05.431,27518.4518
2026-08-18 17:16:05.856,27517.096
2026-08-18 17:16:06.271,27515.6557
2026-08-18 17:16:06.694,27515.132
2026-08-18 17:16:07.114,27515.275
2026-08-18 17:16:07.540,27514.7497
2026-08-18 17:16:07.957,27516.4072
2026-08-18 17:16:08.369,27523.5933
2026-08-18 17:16:08.796,27537.5475
2026-08-18 17:16:09.215,27555.6006
2026-08-18 17:16:09.648,27580.0961
2026-08-18 17:16:10.062,27618.7734
2026-08-18 17:16:10.474,27679.5795
2026-08-18 17:16:10.887,27773.5277
2026-08-18 17:16:11.300,27900.0677
2026-08-18 17:16:11.712,28046.3073
2026-08-18 17:16:12.189,28224.2792
2026-08-18 17:16:12.600,28393.3086
2026-08-18 17:16:13.062,28561.5082
2026-08-18 17:16:13.475,28753.7019
2026-08-18 17:16:13.890,28746.7312
2026-08-18 17:16:14.304,28575.8107
2026-08-18 17:16:14.731,28407.6772
2026-08-18 17:16:15.151,28237.5189
2026-08-18 17:16:15.564,28074.8247
2026-08-18 17:16:15.994,27923.9724
2026-08-18 17:16:16.415,27787.6789
2026-08-18 17:16:16.828,27691.7162
2026-08-18 17:16:17.248,27635.3908
2026-08-18 17:16:17.675,27601.0037
2026-08-18 17:16:18.094,27577.839
2026-08-18 17:16:18.508,27563.1088
2026-08-18 17:16:18.920,27552.9872
2026-08-18 17:16:19.333,27558.5937
2026-08-18 17:16:19.746,27573.9842
2026-08-18 17:16:20.165,27594.1464
2026-08-18 17:16:20.663,27630.354
2026-08-18 17:16:21.079,27680.4258
2026-08-18 17:16:21.493,27762.1372
2026-08-18 17:16:21.910,27878.6393
2026-08-18 17:16:22.337,28022.123
2026-08-18 17:16:22.751,28182.0675
2026-08-18 17:16:23.165,28344.7664
2026-08-18 17:16:23.589,28511.7589
2026-08-18 17:16:24.009,28683.2721
2026-08-18 17:16:24.441,28855.2677
2026-08-18 17:16:24.857,29047.1604
2026-08-18 17:16:25.283,29232.4087
2026-08-18 17:16:25.698,29421.3917
2026-08-18 17:16:26.119,29606.3545
2026-08-18 17:16:26.543,29799.3678
2026-08-18 17:16:26.962,29994.0273
2026-08-18 17:16:27.374,30188.9896
2026-08-18 17:16:27.798,30382.6736
2026-08-18 17:16:28.210,30584.6931
2026-08-18 17:16:28.643,30783.2397
2026-08-18 17:16:29.056,30995.1801
2026-08-18 17:16:29.470,31198.8357
2026-08-18 17:16:29.892,31358.2159
2026-08-18 17:16:30.307,31201.6926
2026-08-18 17:16:30.782,30971.4387
2026-08-18 17:16:31.196,30766.3972
2026-08-18 17:16:31.623,30561.1863
2026-08-18 17:16:32.049,30358.8401
2026-08-18 17:16:32.461,30167.7256
2026-08-18 17:16:32.877,29979.7995
2026-08-18 17:16:33.290,29790.8302
2026-08-18 17:16:33.711,29606.3026
2026-08-18 17:16:34.124,29419.5653
2026-08-18 17:16:34.558,29232.4136
2026-08-18 17:16:34.974,29051.3964
2026-08-18 17:16:35.385,28875.4803
2026-08-18 17:16:35.798,28703.9918
2026-08-18 17:16:36.211,28534.6452
2026-08-18 17:16:36.633,28370.1536
2026-08-18 17:16:37.059,28202.8815
2026-08-18 17:16:37.477,28044.2693
2026-08-18 17:16:37.892,27912.2961
2026-08-18 17:16:38.318,27822.9606
2026-08-18 17:16:38.732,27769.5865
2026-08-18 17:16:39.164,27738.4277
2026-08-18 17:16:39.579,27715.9512
2026-08-18 17:16:40.004,27699.1924
2026-08-18 17:16:40.423,27686.2893
2026-08-18 17:16:40.851,27680.647
2026-08-18 17:16:41.266,27678.6363
2026-08-18 17:16:41.679,27674.6987
2026-08-18 17:16:42.097,27669.8118
2026-08-18 17:16:42.513,27666.9037
2026-08-18 17:16:42.932,27664.766
2026-08-18 17:16:43.360,27661.6391
2026-08-18 17:16:43.773,27657.0492
2026-08-18 17:16:44.192,27654.4172
2026-08-18 17:16:44.608,27655.8732
2026-08-18 17:16:45.021,27657.1394
2026-08-18 17:16:45.501,27656.4918
2026-08-18 17:16:45.913,27659.9752
2026-08-18 17:16:46.325,27666.87
2026-08-18 17:16:46.738,27681.1454
2026-08-18 17:16:47.149,27704.8489
2026-08-18 17:16:47.591,27750.2091
2026-08-18 17:16:48.014,27823.7071
2026-08-18 17:16:48.432,27930.0604
2026-08-18 17:16:48.846,28066.0178
2026-08-18 17:16:49.259,28218.8012
2026-08-18 17:16:49.736,28401.9933
2026-08-18 17:16:50.150,28573.3495
2026-08-18 17:16:50.562,28743.9229
2026-08-18 17:16:50.974,28911.6538
2026-08-18 17:16:51.399,28850.6179
2026-08-18 17:16:51.812,28670.278
2026-08-18 17:16:52.224,28497.9691
2026-08-18 17:16:52.649,28331.2856
2026-08-18 17:16:53.062,28167.3199
2026-08-18 17:16:53.488,28013.3027
2026-08-18 17:16:53.909,27884.5645
2026-08-18 17:16:54.330,27789.9076
2026-08-18 17:16:54.742,27736.2808
2026-08-18 17:16:55.155,27699.3174
2026-08-18 17:16:55.569,27671.6361
2026-08-18 17:16:56.035,27651.0898
2026-08-18 17:16:56.449,27645.8521
2026-08-18 17:16:56.861,27662.3438
2026-08-18 17:16:57.273,27679.6538
2026-08-18 17:16:57.701,27694.6854
2026-08-18 17:16:58.119,27723.8167
2026-08-18 17:16:58.531,27771.7924
2026-08-18 17:16:58.973,27848.8136
2026-08-18 17:16:59.385,27972.8906
2026-08-18 17:16:59.805,28122.8187
2026-08-18 17:17:00.224,28283.237
2026-08-18 17:17:00.687,28450.1179
2026-08-18 17:17:01.104,28642.2641
2026-08-18 17:17:01.516,28813.8632
2026-08-18 17:17:01.928,28988.4023
2026-08-18 17:17:02.349,29159.6937
2026-08-18 17:17:02.765,29341.5684
2026-08-18 17:17:03.205,29527.517
2026-08-18 17:17:03.618,29720.0977
2026-08-18 17:17:04.030,29905.6143
2026-08-18 17:17:04.443,30097.1016
2026-08-18 17:17:04.864,30286.8438
2026-08-18 17:17:05.282,30484.0399
2026-08-18 17:17:05.756,30706.129
2026-08-18 17:17:06.169,30910.4486
2026-08-18 17:17:06.581,31112.7575
2026-08-18 17:17:06.993,31321.8803
2026-08-18 17:17:07.406,31436.0698
2026-08-18 17:17:07.819,31246.2929
2026-08-18 17:17:08.231,31043.7093
2026-08-18 17:17:08.652,30842.1973
2026-08-18 17:17:09.066,30640.9446
2026-08-18 17:17:09.478,30441.9264
2026-08-18 17:17:09.896,30249.0921
2026-08-18 17:17:10.314,30055.1324
2026-08-18 17:17:10.730,29862.6274
2026-08-18 17:17:11.158,29673.2918
2026-08-18 17:17:11.575,29480.2064
2026-08-18 17:17:12.001,29293.568
2026-08-18 17:17:12.414,29109.2406
2026-08-18 17:17:12.832,28935.4464
2026-08-18 17:17:13.244,28763.49
2026-08-18 17:17:13.665,28593.8394
2026-08-18 17:17:14.079,28423.0215
2026-08-18 17:17:14.509,28254.2191
2026-08-18 17:17:14.923,28099.8627
2026-08-18 17:17:15.336,27968.7617
2026-08-18 17:17:15.748,27880.2824
2026-08-18 17:17:16.169,27828.2671
2026-08-18 17:17:16.582,27792.4094
2026-08-18 17:17:17.004,27768.0533
2026-08-18 17:17:17.419,27751.261
2026-08-18 17:17:17.879,27732.9574
2026-08-18 17:17:18.308,27729.9375
2026-08-18 17:17:18.726,27721.67
2026-08-18 17:17:19.140,27720.0736
2026-08-18 17:17:19.552,27716.1321
2026-08-18 17:17:19.973,27712.8956
2026-08-18 17:17:20.390,27709.271
2026-08-18 17:17:20.802,27706.9706
2026-08-18 17:17:21.216,27706.5668
2026-08-18 17:17:21.629,27705.7611
2026-08-18 17:17:22.043,27703.916
2026-08-18 17:17:22.503,27702.2389
2026-08-18 17:17:22.918,27703.6035
2026-08-18 17:17:23.332,27711.4421
2026-08-18 17:17:23.744,27717.6646
2026-08-18 17:17:24.156,27741.8232
2026-08-18 17:17:24.598,27767.3424
2026-08-18 17:17:25.034,27810.3641
2026-08-18 17:17:25.447,27876.9468
2026-08-18 17:17:25.860,27982.0179
2026-08-18 17:17:26.273,28116.4145
2026-08-18 17:17:26.703,28266.8549
2026-08-18 17:17:27.126,28430.4602
2026-08-18 17:17:27.541,28599.904
2026-08-18 17:17:27.954,28768.8684
2026-08-18 17:17:28.417,28941.0635
2026-08-18 17:17:28.835,28904.8553
2026-08-18 17:17:29.247,28729.9589
2026-08-18 17:17:29.660,28560.9102
2026-08-18 17:17:30.083,28394.8443
2026-08-18 17:17:30.497,28231.0716
2026-08-18 17:17:30.922,28080.3655
2026-08-18 17:17:31.335,27944.5017
2026-08-18 17:17:31.749,27850.4202
2026-08-18 17:17:32.163,27792.5896
2026-08-18 17:17:32.597,27754.2589
2026-08-18 17:17:33.033,27729.9483
2026-08-18 17:17:33.447,27713.0622
2026-08-18 17:17:33.859,27703.6604
2026-08-18 17:17:34.272,27709.9552
2026-08-18 17:17:34.698,27725.8359
2026-08-18 17:17:35.174,27748.269
2026-08-18 17:17:35.593,27778.7724
2026-08-18 17:17:36.006,27827.6203
2026-08-18 17:17:36.426,27905.2675
2026-08-18 17:17:36.842,28023.3858
2026-08-18 17:17:37.256,28166.3621
2026-08-18 17:17:37.684,28319.7924
2026-08-18 17:17:38.096,28488.6336
2026-08-18 17:17:38.523,28662.7491
2026-08-18 17:17:38.936,28833.9385
2026-08-18 17:17:39.362,29009.1802
2026-08-18 17:17:39.775,29192.1083
2026-08-18 17:17:40.202,29371.9282
2026-08-18 17:17:40.616,29561.706
2026-08-18 17:17:41.076,29741.296
2026-08-18 17:17:41.496,29947.5674
2026-08-18 17:17:41.914,30138.1991
2026-08-18 17:17:42.328,30330.2528
2026-08-18 17:17:42.740,30523.8493
2026-08-18 17:17:43.159,30721.0682
2026-08-18 17:17:43.573,30923.4895
2026-08-18 17:17:43.987,31125.3856
2026-08-18 17:17:44.399,31329.5164
2026-08-18 17:17:44.814,31475.0771
2026-08-18 17:17:45.229,31308.9686
2026-08-18 17:17:45.688,31079.9408
2026-08-18 17:17:46.102,30877.7835
2026-08-18 17:17:46.516,30677.8989
2026-08-18 17:17:46.929,30482.15
2026-08-18 17:17:47.342,30287.8303
2026-08-18 17:17:47.817,30074.3139
2026-08-18 17:17:48.236,29879.0519
2026-08-18 17:17:48.651,29689.5321
2026-08-18 17:17:49.067,29501.1523
2026-08-18 17:17:49.483,29316.039
2026-08-18 17:17:49.908,29134.8704
2026-08-18 17:17:50.321,28953.6935
2026-08-18 17:17:50.749,28780.8306
2026-08-18 17:17:51.165,28604.7673
2026-08-18 17:17:51.577,28436.369
2026-08-18 17:17:52.017,28273.8935
2026-08-18 17:17:52.441,28110.2561
2026-08-18 17:17:52.853,27980.7207
2026-08-18 17:17:53.272,27901.1127
2026-08-18 17:17:53.684,27853.8598
2026-08-18 17:17:54.117,27824.1774
2026-08-18 17:17:54.532,27802.3591
2026-08-18 17:17:54.947,27788.1884
2026-08-18 17:17:55.360,27774.8193
2026-08-18 17:17:55.772,27769.0718
2026-08-18 17:17:56.190,27767.3754
2026-08-18 17:17:56.680,27764.7025
2026-08-18 17:17:57.094,27761.0168
2026-08-18 17:17:57.565,27757.7789
2026-08-18 17:17:58.008,27755.4748
2026-08-18 17:17:58.424,27755.4034
2026-08-18 17:17:58.837,27758.0191
2026-08-18 17:17:59.251,27763.122
2026-08-18 17:17:59.715,27769.9089
2026-08-18 17:18:00.140,27771.5058
2026-08-18 17:18:00.553,27757.6308
2026-08-18 17:18:00.979,27767.3093
2026-08-18 17:18:01.392,27781.615
2026-08-18 17:18:01.821,27798.1554
2026-08-18 17:18:02.234,27823.4892
2026-08-18 17:18:02.667,27872.3449
2026-08-18 17:18:03.081,27953.598
2026-08-18 17:18:03.494,28065.1095
2026-08-18 17:18:03.926,28207.0023
2026-08-18 17:18:04.350,28360.3657
2026-08-18 17:18:04.764,28526.2835
2026-08-18 17:18:05.193,28702.8519
2026-08-18 17:18:05.617,28875.1965
2026-08-18 17:18:06.030,28998.3378
2026-08-18 17:18:06.442,28855.123
2026-08-18 17:18:06.856,28682.6631
2026-08-18 17:18:07.273,28511.4364
2026-08-18 17:18:07.686,28341.6685
2026-08-18 17:18:08.146,28165.0293
2026-08-18 17:18:08.558,28022.142
2026-08-18 17:18:08.983,27907.9807
2026-08-18 17:18:09.395,27832.1054
2026-08-18 17:18:09.810,27790.1421
2026-08-18 17:18:10.247,27761.9737
2026-08-18 17:18:10.673,27742.2782
2026-08-18 17:18:11.086,27724.7017
2026-08-18 17:18:11.499,27718.9105
2026-08-18 17:18:11.960,27731.5459
2026-08-18 17:18:12.379,27744.9849
2026-08-18 17:18:12.792,27766.8655
2026-08-18 17:18:13.204,27802.0369
2026-08-18 17:18:13.616,27862.3115
2026-08-18 17:18:14.041,27957.7786
2026-08-18 17:18:14.467,28090.1807
2026-08-18 17:18:14.879,28244.5688
2026-08-18 17:18:15.290,28402.6648
2026-08-18 17:18:15.718,28572.0322
2026-08-18 17:18:16.131,28738.4104
2026-08-18 17:18:16.597,28933.467
2026-08-18 17:18:17.009,29109.563
2026-08-18 17:18:17.433,29285.3579
2026-08-18 17:18:17.846,29469.3133
2026-08-18 17:18:18.260,29651.1872
2026-08-18 17:18:18.688,29835.9366
2026-08-18 17:18:19.101,30029.3271
2026-08-18 17:18:19.522,30217.1263
2026-08-18 17:18:19.936,30411.4681
2026-08-18 17:18:20.368,30612.419
2026-08-18 17:18:20.794,30812.8159
2026-08-18 17:18:21.206,31017.5989
2026-08-18 17:18:21.620,31219.042
2026-08-18 17:18:22.034,31423.6018
2026-08-18 17:18:22.446,31415.8213
2026-08-18 17:18:22.860,31208.9707
2026-08-18 17:18:23.335,30979.2164
2026-08-18 17:18:23.762,30772.875
2026-08-18 17:18:24.174,30569.0907
2026-08-18 17:18:24.598,30372.7261
2026-08-18 17:18:25.011,30174.0964
2026-08-18 17:18:25.424,29982.8556
2026-08-18 17:18:25.848,29794.3303
2026-08-18 17:18:26.260,29604.6306
2026-08-18 17:18:26.681,29421.1767
2026-08-18 17:18:27.094,29236.4918
2026-08-18 17:18:27.506,29057.8572
2026-08-18 17:18:27.972,28860.1696
2026-08-18 17:18:28.387,28687.0292
2026-08-18 17:18:28.814,28516.2327
2026-08-18 17:18:29.226,28345.7202
2026-08-18 17:18:29.648,28187.3532
2026-08-18 17:18:30.064,28041.7854
2026-08-18 17:18:30.477,27933.9331
2026-08-18 17:18:30.901,27868.9981
2026-08-18 17:18:31.314,27829.0245
2026-08-18 17:18:31.727,27802.693
2026-08-18 17:18:32.166,27783.9282
2026-08-18 17:18:32.598,27767.8447
2026-08-18 17:18:33.014,27757.2467
2026-08-18 17:18:33.430,27754.4035
2026-08-18 17:18:33.848,27751.1633
2026-08-18 17:18:34.262,27746.7716
2026-08-18 17:18:34.684,27740.3091
2026-08-18 17:18:35.100,27734.9587
2026-08-18 17:18:35.514,27731.0571
2026-08-18 17:18:35.927,27729.8377
2026-08-18 17:18:36.363,27727.0148
2026-08-18 17:18:36.787,27724.5544
2026-08-18 17:18:37.201,27721.2227
2026-08-18 17:18:37.614,27718.0488
2026-08-18 17:18:38.045,27716.7554
2026-08-18 17:18:38.464,27724.6254
2026-08-18 17:18:38.877,27737.8267
2026-08-18 17:18:39.294,27757.0963
2026-08-18 17:18:39.706,27786.8831
2026-08-18 17:18:40.120,27836.5355
2026-08-18 17:18:40.546,27918.0874
2026-08-18 17:18:40.959,28031.0062
2026-08-18 17:18:41.419,28186.6232
2026-08-18 17:18:41.832,28340.5943
2026-08-18 17:18:42.256,28503.3284
2026-08-18 17:18:42.672,28675.7274
2026-08-18 17:18:43.098,28848.4075
2026-08-18 17:18:43.514,28955.9468
2026-08-18 17:18:43.926,28800.4635
2026-08-18 17:18:44.353,28621.9616
2026-08-18 17:18:44.776,28453.0849
2026-08-18 17:18:45.191,28284.0456
2026-08-18 17:18:45.619,28125.7903
2026-08-18 17:18:46.033,27978.9952
2026-08-18 17:18:46.446,27868.1428
2026-08-18 17:18:46.860,27796.2119
2026-08-18 17:18:47.274,27751.6104
2026-08-18 17:18:47.686,27722.7264
2026-08-18 17:18:48.107,27705.6773
2026-08-18 17:18:48.534,27691.4855
2026-08-18 17:18:48.947,27686.308
2026-08-18 17:18:49.361,27697.9689
2026-08-18 17:18:49.774,27713.7789
2026-08-18 17:18:50.199,27736.6398
2026-08-18 17:18:50.676,27779.5575
2026-08-18 17:18:51.090,27842.9845
2026-08-18 17:18:51.508,27940.4596
2026-08-18 17:18:51.933,28072.8207
2026-08-18 17:18:52.347,28227.2838
2026-08-18 17:18:52.764,28388.0621
2026-08-18 17:18:53.194,28558.7904
2026-08-18 17:18:53.607,28728.8101
2026-08-18 17:18:54.021,28899.9843
2026-08-18 17:18:54.444,29073.5688
2026-08-18 17:18:54.873,29254.6167
2026-08-18 17:18:55.299,29442.3204
2026-08-18 17:18:55.714,29631.8262
2026-08-18 17:18:56.141,29818.2549
2026-08-18 17:18:56.558,30012.4227
2026-08-18 17:18:56.974,30205.3875
2026-08-18 17:18:57.386,30398.6893
2026-08-18 17:18:57.813,30593.2411
2026-08-18 17:18:58.227,30796.2867
2026-08-18 17:18:58.658,31000.2176
2026-08-18 17:18:59.075,31204.2797
2026-08-18 17:18:59.489,31410.3983
2026-08-18 17:18:59.901,31385.9513
2026-08-18 17:19:00.328,31173.2831
2026-08-18 17:19:00.747,30968.4356
2026-08-18 17:19:01.174,30762.8293
2026-08-18 17:19:01.592,30556.6196
2026-08-18 17:19:02.018,30358.1814
2026-08-18 17:19:02.438,30160.506
2026-08-18 17:19:02.865,29968.1805
2026-08-18 17:19:03.278,29774.175
2026-08-18 17:19:03.697,29586.9648
2026-08-18 17:19:04.111,29402.3037
2026-08-18 17:19:04.537,29222.6328
2026-08-18 17:19:04.951,29036.9249
2026-08-18 17:19:05.379,28853.8528
2026-08-18 17:19:05.798,28681.9534
2026-08-18 17:19:06.216,28508.2026
2026-08-18 17:19:06.639,28344.3545
2026-08-18 17:19:07.051,28182.7382
2026-08-18 17:19:07.468,28039.7468
2026-08-18 17:19:07.881,27930.221
2026-08-18 17:19:08.319,27864.7123
2026-08-18 17:19:08.731,27822.4927
2026-08-18 17:19:09.145,27795.9185
2026-08-18 17:19:09.558,27775.5947
2026-08-18 17:19:09.971,27760.4497
2026-08-18 17:19:10.445,27747.63
2026-08-18 17:19:10.857,27742.9411
2026-08-18 17:19:11.286,27739.5199
2026-08-18 17:19:11.700,27736.9309
2026-08-18 17:19:12.126,27732.5542
2026-08-18 17:19:12.539,27729.2865
2026-08-18 17:19:12.952,27726.4204
2026-08-18 17:19:13.380,27723.1989
2026-08-18 17:19:13.792,27721.0205
2026-08-18 17:19:14.216,27718.578
2026-08-18 17:19:14.630,27716.3334
2026-08-18 17:19:15.065,27712.7109
2026-08-18 17:19:15.477,27710.488
2026-08-18 17:19:15.889,27720.2773
2026-08-18 17:19:16.305,27734.2881
2026-08-18 17:19:16.721,27754.7753
2026-08-18 17:19:17.134,27784.5776
2026-08-18 17:19:17.547,27832.6209
2026-08-18 17:19:17.962,27913.5049
2026-08-18 17:19:18.390,28026.4386
2026-08-18 17:19:18.804,28171.8124
2026-08-18 17:19:19.218,28326.1449
2026-08-18 17:19:19.652,28494.745
2026-08-18 17:19:20.067,28665.1235
2026-08-18 17:19:20.480,28836.3434
2026-08-18 17:19:20.913,28965.3039
2026-08-18 17:19:21.325,28823.8548
2026-08-18 17:19:21.743,28652.217
2026-08-18 17:19:22.158,28481.0832
2026-08-18 17:19:22.583,28314.2966
2026-08-18 17:19:23.002,28150.5814
2026-08-18 17:19:23.427,28004.3786
2026-08-18 17:19:23.840,27885.4728
2026-08-18 17:19:24.258,27809.2483
2026-08-18 17:19:24.671,27762.8557
2026-08-18 17:19:25.086,27732.9547
2026-08-18 17:19:25.507,27712.5433
2026-08-18 17:19:25.920,27697.1807
2026-08-18 17:19:26.334,27690.2612
2026-08-18 17:19:26.761,27701.7562
2026-08-18 17:19:27.189,27720.4023
2026-08-18 17:19:27.607,27741.1713
2026-08-18 17:19:28.022,27773.6136
2026-08-18 17:19:28.435,27828.1442
2026-08-18 17:19:28.863,27916.6443
2026-08-18 17:19:29.275,28046.554
2026-08-18 17:19:29.709,28192.4545
2026-08-18 17:19:30.123,28358.2221
2026-08-18 17:19:30.556,28528.3306
2026-08-18 17:19:30.970,28700.2995
2026-08-18 17:19:31.382,28872.9149
2026-08-18 17:19:31.808,29047.3929
2026-08-18 17:19:32.220,29230.0248
2026-08-18 17:19:32.646,29408.7929
2026-08-18 17:19:33.061,29595.3574
2026-08-18 17:19:33.473,29780.7568
2026-08-18 17:19:33.906,29967.1053
2026-08-18 17:19:34.319,30166.4215
2026-08-18 17:19:34.744,30358.2231
2026-08-18 17:19:35.158,30558.8733
2026-08-18 17:19:35.571,30756.2923
2026-08-18 17:19:36.008,30956.0166
2026-08-18 17:19:36.420,31171.7834
2026-08-18 17:19:36.833,31377.1001
2026-08-18 17:19:37.245,31461.559
2026-08-18 17:19:37.658,31265.0956
2026-08-18 17:19:38.131,31033.5198
2026-08-18 17:19:38.545,30824.5893
2026-08-18 17:19:38.974,30619.8381
2026-08-18 17:19:39.386,30422.3775
2026-08-18 17:19:39.799,30229.1607
2026-08-18 17:19:40.217,30035.9114
2026-08-18 17:19:40.636,29847.0654
2026-08-18 17:19:41.051,29658.6781
2026-08-18 17:19:41.465,29473.7249
2026-08-18 17:19:41.877,29292.1076
2026-08-18 17:19:42.292,29113.6218
2026-08-18 17:19:42.705,28936.2452
2026-08-18 17:19:43.165,28741.2159
2026-08-18 17:19:43.577,28571.0603
2026-08-18 17:19:43.996,28405.4369
2026-08-18 17:19:44.422,28239.6998
2026-08-18 17:19:44.837,28085.0776
2026-08-18 17:19:45.276,27964.7508
2026-08-18 17:19:45.689,27885.2016
2026-08-18 17:19:46.102,27841.353
2026-08-18 17:19:46.514,27812.5629
2026-08-18 17:19:46.976,27792.2261
2026-08-18 17:19:47.390,27776.2507
2026-08-18 17:19:47.833,27762.8483
2026-08-18 17:19:48.245,27760.3349
2026-08-18 17:19:48.668,27757.9543
2026-08-18 17:19:49.082,27756.5543
2026-08-18 17:19:49.512,27752.8628
2026-08-18 17:19:49.931,27748.6825
2026-08-18 17:19:50.344,27745.8787
2026-08-18 17:19:50.771,27743.8497
2026-08-18 17:19:51.184,27742.5668
2026-08-18 17:19:51.620,27740.3818
2026-08-18 17:19:52.033,27737.7629
2026-08-18 17:19:52.460,27734.2642
2026-08-18 17:19:52.876,27732.0547
2026-08-18 17:19:53.290,27740.2797
2026-08-18 17:19:53.729,27754.0746
2026-08-18 17:19:54.150,27774.3904
2026-08-18 17:19:54.561,27808.0861
2026-08-18 17:19:54.975,27856.3785
2026-08-18 17:19:55.389,27933.6028
2026-08-18 17:19:55.830,28043.8814
2026-08-18 17:19:56.253,28189.1248
2026-08-18 17:19:56.666,28345.8202
2026-08-18 17:19:57.079,28507.0085
2026-08-18 17:19:57.494,28674.4969
2026-08-18 17:19:57.930,28851.958
2026-08-18 17:19:58.356,28998.4637
2026-08-18 17:19:58.770,28870.5211
2026-08-18 17:19:59.182,28697.0375
2026-08-18 17:19:59.645,28527.5652
2026-08-18 17:20:00.064,28339.8215
2026-08-18 17:20:00.478,28182.3427
2026-08-18 17:20:00.901,28038.733
2026-08-18 17:20:01.315,27920.8613
2026-08-18 17:20:01.729,27845.5869
2026-08-18 17:20:02.153,27798.8024
2026-08-18 17:20:02.566,27767.4425
2026-08-18 17:20:02.984,27744.606
2026-08-18 17:20:03.397,27731.4646
2026-08-18 17:20:03.809,27724.0138
2026-08-18 17:20:04.222,27735.6328
2026-08-18 17:20:04.687,27752.0143
2026-08-18 17:20:05.109,27773.5388
2026-08-18 17:20:05.603,27814.6559
2026-08-18 17:20:06.015,27879.9481
2026-08-18 17:20:06.433,27974.2603
2026-08-18 17:20:06.859,28103.5987
2026-08-18 17:20:07.272,28257.8827
2026-08-18 17:20:07.696,28418.3878
2026-08-18 17:20:08.109,28588.5955
2026-08-18 17:20:08.533,28757.6957
2026-08-18 17:20:08.946,28935.389
2026-08-18 17:20:09.358,29110.8131
2026-08-18 17:20:09.799,29288.4973
2026-08-18 17:20:10.225,29489.8604
2026-08-18 17:20:10.638,29673.4225
2026-08-18 17:20:11.050,29859.8379
2026-08-18 17:20:11.463,30048.5842
2026-08-18 17:20:11.897,30239.9286
2026-08-18 17:20:12.311,30443.2471
2026-08-18 17:20:12.724,30640.8133
2026-08-18 17:20:13.137,30840.6385
2026-08-18 17:20:13.550,31042.0483
2026-08-18 17:20:13.963,31245.6057
2026-08-18 17:20:14.382,31454.291
2026-08-18 17:20:14.796,31535.7096
2026-08-18 17:20:15.214,31337.3243
2026-08-18 17:20:15.627,31127.7695
2026-08-18 17:20:16.040,30923.0565
2026-08-18 17:20:16.465,30723.4642
2026-08-18 17:20:16.877,30519.7458
2026-08-18 17:20:17.300,30324.3804
2026-08-18 17:20:17.729,30124.5914
2026-08-18 17:20:18.143,29929.0697
2026-08-18 17:20:18.559,29741.0934
2026-08-18 17:20:18.975,29552.8704
2026-08-18 17:20:19.387,29368.8319
2026-08-18 17:20:19.802,29188.3162
2026-08-18 17:20:20.214,29010.2808
2026-08-18 17:20:20.626,28836.1453
2026-08-18 17:20:21.039,28664.5899
2026-08-18 17:20:21.457,28495.6486
2026-08-18 17:20:21.917,28311.5872
2026-08-18 17:20:22.331,28158.3376
2026-08-18 17:20:22.743,28030.9219
2026-08-18 17:20:23.169,27944.538
2026-08-18 17:20:23.582,27893.889
2026-08-18 17:20:24.019,27862.1142
2026-08-18 17:20:24.431,27837.777
2026-08-18 17:20:24.844,27821.4266
2026-08-18 17:20:25.258,27808.5429
2026-08-18 17:20:25.670,27802.6114
2026-08-18 17:20:26.083,27799.9702
2026-08-18 17:20:26.496,27797.4754
2026-08-18 17:20:26.932,27793.7884
2026-08-18 17:20:27.353,27788.873
2026-08-18 17:20:27.779,27784.8109
2026-08-18 17:20:28.193,27781.541
2026-08-18 17:20:28.621,27778.48
2026-08-18 17:20:29.048,27774.9562
2026-08-18 17:20:29.460,27771.9072
2026-08-18 17:20:29.875,27770.1202
2026-08-18 17:20:30.298,27767.8266
2026-08-18 17:20:30.758,27771.5336
2026-08-18 17:20:31.188,27785.6176
2026-08-18 17:20:31.601,27802.9651
2026-08-18 17:20:32.012,27828.5971
2026-08-18 17:20:32.426,27873.5232
2026-08-18 17:20:32.851,27940.5069
2026-08-18 17:20:33.267,28044.1396
2026-08-18 17:20:33.680,28176.9935
2026-08-18 17:20:34.107,28332.838
2026-08-18 17:20:34.521,28493.5455
2026-08-18 17:20:34.953,28666.3808
2026-08-18 17:20:35.380,28839.4651
2026-08-18 17:20:35.807,29018.9946
2026-08-18 17:20:36.219,28972.4056
2026-08-18 17:20:36.631,28799.023
2026-08-18 17:20:37.046,28626.7118
2026-08-18 17:20:37.472,28457.5764
2026-08-18 17:20:37.898,28288.9973
2026-08-18 17:20:38.310,28132.2945
2026-08-18 17:20:38.730,28002.0316
2026-08-18 17:20:39.143,27906.7927
2026-08-18 17:20:39.568,27849.156
2026-08-18 17:20:39.986,27812.7367
2026-08-18 17:20:40.402,27788.8519
2026-08-18 17:20:40.814,27772.2415
2026-08-18 17:20:41.229,27760.7314
2026-08-18 17:20:41.668,27765.5364
2026-08-18 17:20:42.080,27780.4818
2026-08-18 17:20:42.507,27799.242
2026-08-18 17:20:42.919,27826.0756
2026-08-18 17:20:43.336,27869.3377
2026-08-18 17:20:43.767,27942.6922
2026-08-18 17:20:44.179,28056.6323
2026-08-18 17:20:44.605,28194.5722
2026-08-18 17:20:45.023,28353.9483
2026-08-18 17:20:45.435,28518.2812
2026-08-18 17:20:45.868,28685.6879
2026-08-18 17:20:46.281,28865.4009
2026-08-18 17:20:46.707,29045.9998
2026-08-18 17:20:47.120,29223.2287
2026-08-18 17:20:47.533,29403.7023
2026-08-18 17:20:47.998,29609.4629
2026-08-18 17:20:48.411,29794.5787
2026-08-18 17:20:48.824,29981.5586
2026-08-18 17:20:49.261,30179.7916
2026-08-18 17:20:49.676,30393.9362
2026-08-18 17:20:50.091,30610.0866
2026-08-18 17:20:50.510,30802.2607
2026-08-18 17:20:50.937,30998.0476
2026-08-18 17:20:51.350,31190.6838
2026-08-18 17:20:51.786,31395.1627
2026-08-18 17:20:52.199,31566.4819
2026-08-18 17:20:52.612,31424.8822
2026-08-18 17:20:53.033,31215.2676
2026-08-18 17:20:53.451,31003.4452
2026-08-18 17:20:53.863,30797.6957
2026-08-18 17:20:54.289,30597.6533
2026-08-18 17:20:54.726,30386.8898
2026-08-18 17:20:55.140,30186.9196
2026-08-18 17:20:55.553,29993.4004
2026-08-18 17:20:55.965,29802.8638
2026-08-18 17:20:56.387,29613.5559
2026-08-18 17:20:56.814,29423.827
2026-08-18 17:20:57.228,29235.2325
2026-08-18 17:20:57.640,29053.8401
2026-08-18 17:20:58.067,28871.1801
2026-08-18 17:20:58.488,28696.9565
2026-08-18 17:20:58.901,28523.0147
2026-08-18 17:20:59.327,28351.3518
2026-08-18 17:20:59.748,28192.9691
2026-08-18 17:21:00.165,28050.0883
2026-08-18 17:21:00.593,27949.1389
2026-08-18 17:21:01.006,27888.0564
2026-08-18 17:21:01.428,27851.5526
2026-08-18 17:21:01.840,27827.5899
2026-08-18 17:21:02.254,27809.9941
2026-08-18 17:21:02.691,27795.4961
2026-08-18 17:21:03.116,27785.0335
2026-08-18 17:21:03.535,27782.9394
2026-08-18 17:21:03.962,27779.6944
2026-08-18 17:21:04.374,27775.8101
2026-08-18 17:21:04.801,27771.2867
2026-08-18 17:21:05.225,27767.3847
2026-08-18 17:21:05.639,27763.6595
2026-08-18 17:21:06.052,27758.7661
2026-08-18 17:21:06.477,27753.816
2026-08-18 17:21:06.905,27749.8943
2026-08-18 17:21:07.317,27747.2021
2026-08-18 17:21:07.732,27744.3332
2026-08-18 17:21:08.144,27745.0695
2026-08-18 17:21:08.555,27755.7294
2026-08-18 17:21:08.969,27769.6457
2026-08-18 17:21:09.382,27789.1705
2026-08-18 17:21:09.796,27819.921
2026-08-18 17:21:10.209,27871.7383
2026-08-18 17:21:10.620,27955.5265
2026-08-18 17:21:11.037,28072.7757
2026-08-18 17:21:11.451,28215.6836
2026-08-18 17:21:11.869,28369.846
2026-08-18 17:21:12.281,28533.7857
2026-08-18 17:21:12.694,28700.0936
2026-08-18 17:21:13.122,28876.5395
2026-08-18 17:21:13.544,28978.6393
2026-08-18 17:21:13.969,28819.3865
2026-08-18 17:21:14.385,28641.2927
2026-08-18 17:21:14.802,28470.4819
2026-08-18 17:21:15.229,28303.1174
2026-08-18 17:21:15.660,28140.1959
2026-08-18 17:21:16.086,27988.7496
2026-08-18 17:21:16.510,27881.247
2026-08-18 17:21:16.926,27810.4461
2026-08-18 17:21:17.339,27768.0352
2026-08-18 17:21:17.762,27740.2746
2026-08-18 17:21:18.175,27720.3129
2026-08-18 17:21:18.601,27705.6645
2026-08-18 17:21:19.015,27700.2774
2026-08-18 17:21:19.430,27711.4022
2026-08-18 17:21:19.867,27725.8406
2026-08-18 17:21:20.279,27748.0095
2026-08-18 17:21:20.691,27781.7773
2026-08-18 17:21:21.114,27837.6497
2026-08-18 17:21:21.526,27929.7342
2026-08-18 17:21:21.987,28069.8258
2026-08-18 17:21:22.416,28223.1047
2026-08-18 17:21:22.840,28381.2585
2026-08-18 17:21:23.253,28548.5583
2026-08-18 17:21:23.683,28721.8019
2026-08-18 17:21:24.096,28893.295
2026-08-18 17:21:24.509,29067.5007
2026-08-18 17:21:24.936,29244.3169
2026-08-18 17:21:25.362,29429.6051
2026-08-18 17:21:25.775,29616.9106
2026-08-18 17:21:26.192,29802.7321
2026-08-18 17:21:26.625,29996.2445
2026-08-18 17:21:27.051,30187.4668
2026-08-18 17:21:27.465,30385.8732
2026-08-18 17:21:27.884,30579.9195
2026-08-18 17:21:28.300,30779.3195
2026-08-18 17:21:28.727,30980.3668
2026-08-18 17:21:29.139,31188.156
2026-08-18 17:21:29.553,31391.2526
2026-08-18 17:21:29.967,31399.0503
2026-08-18 17:21:30.432,31164.5116
2026-08-18 17:21:30.846,30959.6377
2026-08-18 17:21:31.272,30756.5147
2026-08-18 17:21:31.686,30549.5467
2026-08-18 17:21:32.113,30345.585
2026-08-18 17:21:32.530,30151.0609
2026-08-18 17:21:32.942,29957.6052
2026-08-18 17:21:33.354,29769.3708
2026-08-18 17:21:33.766,29583.8238
2026-08-18 17:21:34.184,29399.822
2026-08-18 17:21:34.644,29195.4347
2026-08-18 17:21:35.057,29017.8086
2026-08-18 17:21:35.475,28841.8951
2026-08-18 17:21:35.888,28665.9767
2026-08-18 17:21:36.313,28496.2913
2026-08-18 17:21:36.776,28309.5398
2026-08-18 17:21:37.202,28148.2068
2026-08-18 17:21:37.628,28003.0343
2026-08-18 17:21:38.045,27896.7397
2026-08-18 17:21:38.475,27834.0739
2026-08-18 17:21:38.902,27795.1594
2026-08-18 17:21:39.316,27768.0051
2026-08-18 17:21:39.793,27747.4301
2026-08-18 17:21:40.219,27733.5335
2026-08-18 17:21:40.638,27724.3475
2026-08-18 17:21:41.102,27721.9474
2026-08-18 17:21:41.524,27719.5834
2026-08-18 17:21:41.937,27714.8471
2026-08-18 17:21:42.349,27711.0705
2026-08-18 17:21:42.762,27706.5019
2026-08-18 17:21:43.175,27703.0216
2026-08-18 17:21:43.594,27699.8721
2026-08-18 17:21:44.008,27696.5782
2026-08-18 17:21:44.433,27695.1473
2026-08-18 17:21:44.850,27692.1955
2026-08-18 17:21:45.263,27688.7503
2026-08-18 17:21:45.701,27690.1968
2026-08-18 17:21:46.113,27700.7249
2026-08-18 17:21:46.539,27714.3961
2026-08-18 17:21:46.951,27737.3698
2026-08-18 17:21:47.364,27771.7233
2026-08-18 17:21:47.787,27827.039
2026-08-18 17:21:48.200,27916.5457
2026-08-18 17:21:48.619,28039.4678
2026-08-18 17:21:49.054,28187.7757
2026-08-18 17:21:49.467,28347.8344
2026-08-18 17:21:49.880,28511.0964
2026-08-18 17:21:50.292,28678.575
2026-08-18 17:21:50.718,28849.24
2026-08-18 17:21:51.130,28915.9529
2026-08-18 17:21:51.549,28746.6528
2026-08-18 17:21:51.964,28573.6753
2026-08-18 17:21:52.376,28405.1034
2026-08-18 17:21:52.842,28242.6714
2026-08-18 17:21:53.296,28058.4406
2026-08-18 17:21:53.710,27921.938
2026-08-18 17:21:54.124,27824.0192
2026-08-18 17:21:54.538,27762.93
2026-08-18 17:21:54.965,27725.049
2026-08-18 17:21:55.380,27699.4667
2026-08-18 17:21:55.805,27681.006
2026-08-18 17:21:56.217,27668.3605
2026-08-18 17:21:56.632,27669.1635
2026-08-18 17:21:57.063,27681.623
2026-08-18 17:21:57.475,27699.1054
2026-08-18 17:21:57.903,27723.2164
2026-08-18 17:21:58.313,27761.9657
2026-08-18 17:21:58.727,27825.906
2026-08-18 17:21:59.153,27926.2153
2026-08-18 17:21:59.567,28065.4995
2026-08-18 17:21:59.986,28216.6783
2026-08-18 17:22:00.400,28378.7645
2026-08-18 17:22:00.813,28544.3465
2026-08-18 17:22:01.274,28733.1391
2026-08-18 17:22:01.686,28905.2057
2026-08-18 17:22:02.108,29079.9331
2026-08-18 17:22:02.526,29261.9236
2026-08-18 17:22:02.939,29445.3103
2026-08-18 17:22:03.372,29634.7207
2026-08-18 17:22:03.785,29822.0601
2026-08-18 17:22:04.198,30010.458
2026-08-18 17:22:04.610,30200.2439
2026-08-18 17:22:05.022,30391.907
2026-08-18 17:22:05.445,30586.023
2026-08-18 17:22:05.936,30825.7085
2026-08-18 17:22:06.350,31024.8106
2026-08-18 17:22:06.762,31228.0597
2026-08-18 17:22:07.173,31416.8895
2026-08-18 17:22:07.641,31286.5605
2026-08-18 17:22:08.057,31081.5776
2026-08-18 17:22:08.470,30878.4124
2026-08-18 17:22:08.896,30678.2809
2026-08-18 17:22:09.314,30472.3753
2026-08-18 17:22:09.741,30274.187
2026-08-18 17:22:10.154,30075.2613
2026-08-18 17:22:10.583,29879.2058
2026-08-18 17:22:10.995,29693.4274
2026-08-18 17:22:11.423,29509.6412
2026-08-18 17:22:11.846,29321.7728
2026-08-18 17:22:12.259,29138.9368
2026-08-18 17:22:12.681,28962.8872
2026-08-18 17:22:13.094,28787.2112
2026-08-18 17:22:13.555,28618.0512
2026-08-18 17:22:13.985,28430.5093
2026-08-18 17:22:14.399,28265.3021
2026-08-18 17:22:14.811,28114.1612
2026-08-18 17:22:15.243,27977.1629
2026-08-18 17:22:15.658,27887.4768
2026-08-18 17:22:16.085,27835.8229
2026-08-18 17:22:16.498,27802.7333
2026-08-18 17:22:16.926,27778.15
2026-08-18 17:22:17.351,27763.0611
2026-08-18 17:22:17.767,27762.1044
2026-08-18 17:22:18.193,27769.8457
2026-08-18 17:22:18.610,27783.0672
2026-08-18 17:22:19.024,27795.7144
2026-08-18 17:22:19.436,27805.5682
2026-08-18 17:22:19.867,27812.902
2026-08-18 17:22:20.303,27821.249
2026-08-18 17:22:20.723,27824.9312
2026-08-18 17:22:21.183,27811.6262
2026-08-18 17:22:21.604,27785.4089
2026-08-18 17:22:22.069,27736.0454
2026-08-18 17:22:22.513,27713.7854
2026-08-18 17:22:22.934,27699.578
2026-08-18 17:22:23.407,27698.3116
2026-08-18 17:22:23.827,27706.9005
2026-08-18 17:22:24.253,27721.1918
2026-08-18 17:22:24.667,27745.2261
2026-08-18 17:22:25.086,27785.3352
2026-08-18 17:22:25.504,27856.0734
2026-08-18 17:22:25.928,27960.6612
2026-08-18 17:22:26.341,28094.2125
2026-08-18 17:22:26.754,28242.9811
2026-08-18 17:22:27.167,28401.6943
2026-08-18 17:22:27.608,28566.1259
2026-08-18 17:22:28.020,28745.7667
2026-08-18 17:22:28.434,28905.5713
2026-08-18 17:22:28.859,28829.8457
2026-08-18 17:22:29.273,28649.555
2026-08-18 17:22:29.707,28478.7142
2026-08-18 17:22:30.132,28303.8008
2026-08-18 17:22:30.545,28137.9641
2026-08-18 17:22:30.958,27988.5605
2026-08-18 17:22:31.376,27863.1846
2026-08-18 17:22:31.805,27775.8453
2026-08-18 17:22:32.218,27721.181
2026-08-18 17:22:32.648,27687.9218
2026-08-18 17:22:33.062,27665.3701
2026-08-18 17:22:33.523,27649.2365
2026-08-18 17:22:33.954,27636.6272
2026-08-18 17:22:34.366,27643.8764
2026-08-18 17:22:34.780,27655.6974
2026-08-18 17:22:35.198,27674.3493
2026-08-18 17:22:35.611,27702.2967
2026-08-18 17:22:36.029,27749.1891
2026-08-18 17:22:36.455,27828.6871
2026-08-18 17:22:36.868,27947.5623
2026-08-18 17:22:37.280,28088.8172
2026-08-18 17:22:37.692,28241.9934
2026-08-18 17:22:38.132,28402.964
2026-08-18 17:22:38.544,28580.556
2026-08-18 17:22:38.970,28749.4998
2026-08-18 17:22:39.383,28927.2768
2026-08-18 17:22:39.796,29102.9545
2026-08-18 17:22:40.276,29303.2819
2026-08-18 17:22:40.704,29488.1854
2026-08-18 17:22:41.118,29675.7749
2026-08-18 17:22:41.530,29862.063
2026-08-18 17:22:41.961,30059.5486
2026-08-18 17:22:42.389,30258.0847
2026-08-18 17:22:42.814,30454.4709
2026-08-18 17:22:43.286,30683.3899
2026-08-18 17:22:43.700,30885.3443
2026-08-18 17:22:44.160,31087.7916
2026-08-18 17:22:44.586,31313.3172
2026-08-18 17:22:45.016,31359.7043
2026-08-18 17:22:45.428,31156.5147
2026-08-18 17:22:45.840,30951.7116
2026-08-18 17:22:46.254,30750.9883
2026-08-18 17:22:46.681,30545.9305
2026-08-18 17:22:47.104,30355.1137
2026-08-18 17:22:47.519,30159.8381
2026-08-18 17:22:47.931,29970.7935
2026-08-18 17:22:48.349,29790.1276
2026-08-18 17:22:48.813,29607.7949
2026-08-18 17:22:49.232,29402.8944
2026-08-18 17:22:49.644,29214.2497
2026-08-18 17:22:50.071,29024.4665
2026-08-18 17:22:50.483,28840.7254
2026-08-18 17:22:50.896,28664.5504
2026-08-18 17:22:51.316,28493.3636
2026-08-18 17:22:51.731,28322.832
2026-08-18 17:22:52.143,28163.6987
2026-08-18 17:22:52.556,28021.1191
2026-08-18 17:22:52.969,27901.2153
2026-08-18 17:22:53.382,27817.9396
2026-08-18 17:22:53.846,27764.7601
2026-08-18 17:22:54.276,27735.6825
2026-08-18 17:22:54.725,27710.8611
2026-08-18 17:22:55.168,27693.5185
2026-08-18 17:22:55.594,27682.5832
2026-08-18 17:22:56.048,27678.2891
2026-08-18 17:22:56.462,27674.4481
2026-08-18 17:22:56.874,27672.5218
2026-08-18 17:22:57.296,27669.3487
2026-08-18 17:22:57.721,27665.4494
2026-08-18 17:22:58.137,27661.4456
2026-08-18 17:22:58.561,27657.9321
2026-08-18 17:22:58.973,27654.6304
2026-08-18 17:22:59.401,27651.2754
2026-08-18 17:22:59.813,27648.0743
2026-08-18 17:23:00.242,27645.3017
2026-08-18 17:23:00.655,27643.1162
2026-08-18 17:23:01.067,27650.3584
2026-08-18 17:23:01.490,27663.0025
2026-08-18 17:23:01.903,27681.575
2026-08-18 17:23:02.377,27714.4969
2026-08-18 17:23:02.791,27763.6431
2026-08-18 17:23:03.204,27841.3952
2026-08-18 17:23:03.617,27952.8059
2026-08-18 17:23:04.030,28090.0433
2026-08-18 17:23:04.457,28242.2434
2026-08-18 17:23:04.868,28409.4276
2026-08-18 17:23:05.283,28576.3228
2026-08-18 17:23:05.697,28747.2885
2026-08-18 17:23:06.109,28901.078
2026-08-18 17:23:06.584,28794.9745
2026-08-18 17:23:06.998,28615.9546
2026-08-18 17:23:07.411,28444.3305
2026-08-18 17:23:07.835,28277.7298
2026-08-18 17:23:08.253,28113.1541
2026-08-18 17:23:08.679,27963.2163
2026-08-18 17:23:09.093,27835.6748
2026-08-18 17:23:09.512,27752.2308
2026-08-18 17:23:09.937,27700.372
2026-08-18 17:23:10.365,27667.0199
2026-08-18 17:23:10.778,27645.554
2026-08-18 17:23:11.196,27629.9915
2026-08-18 17:23:11.621,27619.3941
2026-08-18 17:23:12.038,27626.9993
2026-08-18 17:23:12.450,27640.8713
2026-08-18 17:23:12.863,27658.649
2026-08-18 17:23:13.276,27686.476
2026-08-18 17:23:13.697,27730.0114
2026-08-18 17:23:14.111,27803.0519
2026-08-18 17:23:14.523,27912.1798
2026-08-18 17:23:14.936,28050.4166
2026-08-18 17:23:15.348,28201.7707
2026-08-18 17:23:15.759,28362.1227
2026-08-18 17:23:16.185,28528.1938
2026-08-18 17:23:16.603,28703.4731
2026-08-18 17:23:17.021,28880.885
2026-08-18 17:23:17.447,29056.9779
2026-08-18 17:23:17.873,29240.6161
2026-08-18 17:23:18.291,29429.3229
2026-08-18 17:23:18.711,29612.9094
2026-08-18 17:23:19.137,29802.5849
2026-08-18 17:23:19.564,29996.705
2026-08-18 17:23:19.978,30194.3659
2026-08-18 17:23:20.395,30387.6664
2026-08-18 17:23:20.808,30585.9839
2026-08-18 17:23:21.240,30791.6708
2026-08-18 17:23:21.653,30994.0753
2026-08-18 17:23:22.066,31196.7566
2026-08-18 17:23:22.480,31388.1075
2026-08-18 17:23:22.892,31316.2904
2026-08-18 17:23:23.304,31113.8745
2026-08-18 17:23:23.731,30902.3436
2026-08-18 17:23:24.144,30699.8249
2026-08-18 17:23:24.557,30499.6955
2026-08-18 17:23:24.969,30301.5922
2026-08-18 17:23:25.435,30105.1641
2026-08-18 17:23:25.854,29882.451
2026-08-18 17:23:26.268,29693.13
2026-08-18 17:23:26.681,29510.5424
2026-08-18 17:23:27.095,29326.7213
2026-08-18 17:23:27.508,29145.9725
2026-08-18 17:23:27.943,28967.0758
2026-08-18 17:23:28.354,28781.9829
2026-08-18 17:23:28.781,28609.3046
2026-08-18 17:23:29.199,28433.4419
2026-08-18 17:23:29.612,28264.6768
2026-08-18 17:23:30.054,28105.2924
2026-08-18 17:23:30.467,27952.4693
2026-08-18 17:23:30.884,27845.7445
2026-08-18 17:23:31.298,27780.7168
2026-08-18 17:23:31.709,27743.299
2026-08-18 17:23:32.124,27717.0663
2026-08-18 17:23:32.550,27697.4341
2026-08-18 17:23:32.969,27681.3824
2026-08-18 17:23:33.393,27669.7755
2026-08-18 17:23:33.806,27665.9034
2026-08-18 17:23:34.217,27663.0564
2026-08-18 17:23:34.643,27660.1983
2026-08-18 17:23:35.065,27656.7986
2026-08-18 17:23:35.478,27653.5752
2026-08-18 17:23:35.897,27650.2404
2026-08-18 17:23:36.309,27647.7071
2026-08-18 17:23:36.721,27645.1656
2026-08-18 17:23:37.218,27642.4799
2026-08-18 17:23:37.632,27638.9343
2026-08-18 17:23:38.054,27636.5864
2026-08-18 17:23:38.468,27636.139
2026-08-18 17:23:38.888,27645.2236
2026-08-18 17:23:39.316,27658.5614
2026-08-18 17:23:39.743,27678.8866
2026-08-18 17:23:40.158,27711.1979
2026-08-18 17:23:40.585,27761.9938
2026-08-18 17:23:41.001,27846.1254
2026-08-18 17:23:41.414,27964.2985
2026-08-18 17:23:41.827,28105.2402
2026-08-18 17:23:42.247,28260.2402
2026-08-18 17:23:42.665,28425.646
2026-08-18 17:23:43.128,28594.329
2026-08-18 17:23:43.546,28788.5763
2026-08-18 17:23:43.960,28872.793
2026-08-18 17:23:44.373,28708.3417
2026-08-18 17:23:44.785,28535.8604
2026-08-18 17:23:45.212,28360.0909
2026-08-18 17:23:45.636,28195.3227
2026-08-18 17:23:46.048,28034.2304
2026-08-18 17:23:46.475,27892.4896
2026-08-18 17:23:46.894,27783.5973
2026-08-18 17:23:47.321,27716.494
2026-08-18 17:23:47.739,27674.5675
2026-08-18 17:23:48.160,27647.7475
2026-08-18 17:23:48.572,27628.9146
2026-08-18 17:23:48.996,27616.1528
2026-08-18 17:23:49.414,27612.7019
2026-08-18 17:23:49.827,27625.7734
2026-08-18 17:23:50.240,27641.8019
2026-08-18 17:23:50.653,27665.0337
2026-08-18 17:23:51.119,27707.41
2026-08-18 17:23:51.539,27770.5229
2026-08-18 17:23:52.008,27884.761
2026-08-18 17:23:52.458,28029.6061
2026-08-18 17:23:52.870,28186.5929
2026-08-18 17:23:53.283,28347.0704
2026-08-18 17:23:53.707,28513.7131
2026-08-18 17:23:54.120,28688.4166
2026-08-18 17:23:54.534,28861.4246
2026-08-18 17:23:54.960,29044.2175
2026-08-18 17:23:55.372,29222.9297
2026-08-18 17:23:55.784,29404.5367
2026-08-18 17:23:56.263,29612.0693
2026-08-18 17:23:56.682,29804.4465
2026-08-18 17:23:57.096,29996.539
2026-08-18 17:23:57.508,30188.8778
2026-08-18 17:23:57.922,30382.5871
2026-08-18 17:23:58.338,30578.4947
2026-08-18 17:23:58.767,30785.0749
2026-08-18 17:23:59.179,30986.2915
2026-08-18 17:23:59.592,31190.3936
2026-08-18 17:24:00.017,31379.4448
2026-08-18 17:24:00.441,31266.2267
2026-08-18 17:24:00.854,31054.7896
2026-08-18 17:24:01.266,30849.8964
2026-08-18 17:24:01.679,30648.2419
2026-08-18 17:24:02.092,30448.894
2026-08-18 17:24:02.588,30251.6263
2026-08-18 17:24:03.001,30018.1459
2026-08-18 17:24:03.412,29827.3869
2026-08-18 17:24:03.824,29639.8359
2026-08-18 17:24:04.286,29454.0046
2026-08-18 17:24:04.712,29246.273
2026-08-18 17:24:05.124,29061.2726
2026-08-18 17:24:05.552,28883.6041
2026-08-18 17:24:05.966,28702.5858
2026-08-18 17:24:06.380,28529.6341
2026-08-18 17:24:06.799,28358.1561
2026-08-18 17:24:07.225,28193.2578
2026-08-18 17:24:07.642,28033.7173
2026-08-18 17:24:08.060,27901.3976
2026-08-18 17:24:08.477,27811.848
2026-08-18 17:24:08.895,27759.9661
2026-08-18 17:24:09.307,27726.5939
2026-08-18 17:24:09.734,27703.1109
2026-08-18 17:24:10.151,27686.1052
2026-08-18 17:24:10.568,27672.7033
2026-08-18 17:24:10.979,27664.7275
2026-08-18 17:24:11.392,27662.3966
2026-08-18 17:24:11.819,27660.9222
2026-08-18 17:24:12.231,27657.5046
2026-08-18 17:24:12.657,27653.1457
2026-08-18 17:24:13.070,27649.6968
2026-08-18 17:24:13.485,27647.0701
2026-08-18 17:24:13.927,27644.6725
2026-08-18 17:24:14.339,27642.2195
2026-08-18 17:24:14.753,27639.5293
2026-08-18 17:24:15.165,27636.69
2026-08-18 17:24:15.591,27634.128
2026-08-18 17:24:16.008,27635.7444
2026-08-18 17:24:16.436,27647.2351
2026-08-18 17:24:16.852,27663.0564
2026-08-18 17:24:17.264,27685.2264
2026-08-18 17:24:17.692,27719.5827
2026-08-18 17:24:18.109,27778.0326
2026-08-18 17:24:18.526,27867.9307
2026-08-18 17:24:18.957,27991.8419
2026-08-18 17:24:19.382,28143.6148
2026-08-18 17:24:19.795,28306.2773
2026-08-18 17:24:20.206,28470.936
2026-08-18 17:24:20.634,28645.4209
2026-08-18 17:24:21.068,28817.6399
2026-08-18 17:24:21.503,28844.1337
2026-08-18 17:24:21.916,28664.3306
2026-08-18 17:24:22.337,28491.7835
2026-08-18 17:24:22.762,28319.6965
2026-08-18 17:24:23.174,28150.2851
2026-08-18 17:24:23.595,27996.1635
2026-08-18 17:24:24.022,27860.0635
2026-08-18 17:24:24.434,27759.731
2026-08-18 17:24:24.857,27700.251
2026-08-18 17:24:25.277,27663.8657
2026-08-18 17:24:25.689,27639.178
2026-08-18 17:24:26.135,27621.0755
2026-08-18 17:24:26.551,27607.5155
2026-08-18 17:24:26.964,27610.7904
2026-08-18 17:24:27.391,27624.1783
2026-08-18 17:24:27.802,27642.1323
2026-08-18 17:24:28.224,27667.5864
2026-08-18 17:24:28.647,27710.0908
2026-08-18 17:24:29.060,27780.2103
2026-08-18 17:24:29.473,27884.3412
2026-08-18 17:24:29.885,28019.6279
2026-08-18 17:24:30.318,28170.9541
2026-08-18 17:24:30.743,28339.7767
2026-08-18 17:24:31.158,28511.3223
2026-08-18 17:24:31.572,28681.844
2026-08-18 17:24:31.997,28854.7096
2026-08-18 17:24:32.410,29035.9506
2026-08-18 17:24:32.824,29216.6912
2026-08-18 17:24:33.246,29398.9232
2026-08-18 17:24:33.660,29587.1707
2026-08-18 17:24:34.125,29773.7096
2026-08-18 17:24:34.542,29988.9022
2026-08-18 17:24:34.955,30180.2844
2026-08-18 17:24:35.367,30373.5772
2026-08-18 17:24:35.780,30569.6167
2026-08-18 17:24:36.207,30768.6833
2026-08-18 17:24:36.622,30977.2424
2026-08-18 17:24:37.048,31181.326
2026-08-18 17:24:37.460,31374.7736
2026-08-18 17:24:37.879,31263.6463
2026-08-18 17:24:38.293,31052.3602
2026-08-18 17:24:38.723,30845.487
2026-08-18 17:24:39.149,30633.8988
2026-08-18 17:24:39.575,30428.1513
2026-08-18 17:24:39.988,30224.7791
2026-08-18 17:24:40.407,30031.0172
2026-08-18 17:24:40.834,29835.9786
2026-08-18 17:24:41.246,29641.1966
2026-08-18 17:24:41.670,29455.0443
2026-08-18 17:24:42.083,29264.5989
2026-08-18 17:24:42.496,29083.3054
2026-08-18 17:24:42.932,28906.758
2026-08-18 17:24:43.347,28720.982
2026-08-18 17:24:43.764,28547.6364
2026-08-18 17:24:44.181,28378.0659
2026-08-18 17:24:44.594,28211.5466
2026-08-18 17:24:45.022,28050.2058
2026-08-18 17:24:45.491,27913.0085
2026-08-18 17:24:45.907,27800.4033
2026-08-18 17:24:46.319,27745.15
2026-08-18 17:24:46.731,27709.6201
2026-08-18 17:24:47.146,27684.3204
2026-08-18 17:24:47.573,27664.4992
2026-08-18 17:24:48.001,27656.214
2026-08-18 17:24:48.414,27650.6272
2026-08-18 17:24:48.848,27649.3803
2026-08-18 17:24:49.265,27648.551
2026-08-18 17:24:49.677,27644.5713
2026-08-18 17:24:50.115,27640.6337
2026-08-18 17:24:50.533,27637.1404
2026-08-18 17:24:50.948,27634.3808
2026-08-18 17:24:51.365,27632.7525
2026-08-18 17:24:51.778,27632.1956
2026-08-18 17:24:52.206,27630.6036
2026-08-18 17:24:52.618,27628.974
2026-08-18 17:24:53.085,27628.1788
2026-08-18 17:24:53.507,27632.2974
2026-08-18 17:24:53.933,27645.2241
2026-08-18 17:24:54.347,27662.4109
2026-08-18 17:24:54.767,27686.2457
2026-08-18 17:24:55.188,27723.8181
2026-08-18 17:24:55.615,27786.1932
2026-08-18 17:24:56.028,27884.823
2026-08-18 17:24:56.440,28012.5417
2026-08-18 17:24:56.911,28160.0152
2026-08-18 17:24:57.338,28343.6346
2026-08-18 17:24:57.766,28514.9678
2026-08-18 17:24:58.180,28692.5803
2026-08-18 17:24:58.592,28865.8124
2026-08-18 17:24:59.005,28824.985
2026-08-18 17:24:59.438,28647.7568
2026-08-18 17:24:59.850,28466.7724
2026-08-18 17:25:00.261,28299.4583
2026-08-18 17:25:00.687,28137.4383
2026-08-18 17:25:01.154,27981.3721
2026-08-18 17:25:01.571,27838.0324
2026-08-18 17:25:01.993,27752.0215
2026-08-18 17:25:02.408,27698.179
2026-08-18 17:25:02.827,27665.4521
2026-08-18 17:25:03.240,27642.8593
2026-08-18 17:25:03.686,27626.1294
2026-08-18 17:25:04.098,27612.8001
2026-08-18 17:25:04.510,27620.4176
2026-08-18 17:25:04.922,27634.3607
2026-08-18 17:25:05.336,27654.7073
2026-08-18 17:25:05.768,27684.8451
2026-08-18 17:25:06.261,27745.9366
2026-08-18 17:25:06.673,27830.5029
2026-08-18 17:25:07.147,27951.4648
2026-08-18 17:25:07.607,28129.9666
2026-08-18 17:25:08.070,28313.3053
2026-08-18 17:25:08.484,28479.897
2026-08-18 17:25:08.896,28652.3902
2026-08-18 17:25:09.311,28824.7037
2026-08-18 17:25:09.725,29001.3558
2026-08-18 17:25:10.137,29179.83
2026-08-18 17:25:10.565,29361.6646
2026-08-18 17:25:10.979,29553.5989
2026-08-18 17:25:11.411,29741.231
2026-08-18 17:25:11.838,29939.7774
2026-08-18 17:25:12.253,30138.2204
2026-08-18 17:25:12.680,30334.0404
2026-08-18 17:25:13.093,30539.9468
2026-08-18 17:25:13.535,30741.3706
2026-08-18 17:25:13.963,30966.9149
2026-08-18 17:25:14.375,31172.6531
2026-08-18 17:25:14.801,31380.1493
2026-08-18 17:25:15.227,31348.371
2026-08-18 17:25:15.643,31134.2184
2026-08-18 17:25:16.056,30928.0857
2026-08-18 17:25:16.483,30725.2439
2026-08-18 17:25:16.896,30517.8013
2026-08-18 17:25:17.323,30320.7428
2026-08-18 17:25:17.735,30119.1646
2026-08-18 17:25:18.170,29919.8232
2026-08-18 17:25:18.582,29725.7865
2026-08-18 17:25:18.997,29538.6461
2026-08-18 17:25:19.430,29354.7665
2026-08-18 17:25:19.844,29164.5588
2026-08-18 17:25:20.257,28984.2223
2026-08-18 17:25:20.668,28807.5649
2026-08-18 17:25:21.081,28634.0228
2026-08-18 17:25:21.493,28462.4456
2026-08-18 17:25:21.926,28290.5362
2026-08-18 17:25:22.366,28127.9447
2026-08-18 17:25:22.788,27975.8109
2026-08-18 17:25:23.202,27868.7425
2026-08-18 17:25:23.616,27807.0129
2026-08-18 17:25:24.032,27769.4231
2026-08-18 17:25:24.512,27740.2824
2026-08-18 17:25:24.926,27721.6161
2026-08-18 17:25:25.338,27707.8596
2026-08-18 17:25:25.751,27698.1496
2026-08-18 17:25:26.164,27696.5976
2026-08-18 17:25:26.613,27694.1406
2026-08-18 17:25:27.025,27691.1456
2026-08-18 17:25:27.445,27686.9687
2026-08-18 17:25:27.863,27682.4122
2026-08-18 17:25:28.289,27682.0741
2026-08-18 17:25:28.703,27679.4829
2026-08-18 17:25:29.116,27675.931
2026-08-18 17:25:29.555,27678.912
2026-08-18 17:25:29.976,27679.4766
2026-08-18 17:25:30.389,27678.3826
2026-08-18 17:25:30.801,27678.3429
2026-08-18 17:25:31.214,27689.6811
2026-08-18 17:25:31.633,27704.7039
2026-08-18 17:25:32.113,27729.7264
2026-08-18 17:25:32.527,27765.0677
2026-08-18 17:25:32.954,27821.8741
2026-08-18 17:25:33.381,27909.9033
2026-08-18 17:25:33.859,28058.0667
2026-08-18 17:25:34.273,28213.5709
2026-08-18 17:25:34.685,28376.1261
2026-08-18 17:25:35.097,28542.971
2026-08-18 17:25:35.519,28715.6314
2026-08-18 17:25:35.951,28896.0325
2026-08-18 17:25:36.379,28923.211
2026-08-18 17:25:36.792,28745.8879
2026-08-18 17:25:37.209,28572.2823
2026-08-18 17:25:37.621,28400.6255
2026-08-18 17:25:38.032,28236.2568
2026-08-18 17:25:38.525,28051.6013
2026-08-18 17:25:38.952,27922.8873
2026-08-18 17:25:39.411,27821.1071
2026-08-18 17:25:39.832,27768.1715
2026-08-18 17:25:40.244,27733.6167
2026-08-18 17:25:40.656,27710.2872
2026-08-18 17:25:41.080,27692.5768
2026-08-18 17:25:41.493,27679.714
2026-08-18 17:25:41.906,27686.2026
2026-08-18 17:25:42.333,27700.1615
2026-08-18 17:25:42.747,27720.0674
2026-08-18 17:25:43.172,27749.8692
2026-08-18 17:25:43.600,27798.1338
2026-08-18 17:25:44.016,27878.6427
2026-08-18 17:25:44.452,27992.3709
2026-08-18 17:25:44.865,28142.3331
2026-08-18 17:25:45.293,28299.4959
2026-08-18 17:25:45.705,28470.576
2026-08-18 17:25:46.173,28640.472
2026-08-18 17:25:46.590,28840.9731
2026-08-18 17:25:47.025,29024.5336
2026-08-18 17:25:47.442,29209.6076
2026-08-18 17:25:47.855,29396.1651
2026-08-18 17:25:48.268,29581.8686
2026-08-18 17:25:48.688,29771.8821
2026-08-18 17:25:49.101,29967.2924
2026-08-18 17:25:49.526,30160.8384
2026-08-18 17:25:49.942,30362.2797
2026-08-18 17:25:50.361,30563.049
2026-08-18 17:25:50.773,30767.244
2026-08-18 17:25:51.238,30969.9622
2026-08-18 17:25:51.666,31209.4748
2026-08-18 17:25:52.087,31418.381
2026-08-18 17:25:52.504,31524.0463
2026-08-18 17:25:52.917,31329.202
2026-08-18 17:25:53.344,31114.3038
2026-08-18 17:25:53.764,30909.6033
2026-08-18 17:25:54.191,30695.3489
2026-08-18 17:25:54.617,30494.5921
2026-08-18 17:25:55.032,30290.4486
2026-08-18 17:25:55.450,30092.9954
2026-08-18 17:25:55.882,29897.6181
2026-08-18 17:25:56.294,29698.374
2026-08-18 17:25:56.709,29511.1633
2026-08-18 17:25:57.127,29324.9342
2026-08-18 17:25:57.593,29140.8004
2026-08-18 17:25:58.010,28936.4039
2026-08-18 17:25:58.423,28760.2123
2026-08-18 17:25:58.838,28587.3353
2026-08-18 17:25:59.249,28418.3495
2026-08-18 17:25:59.662,28255.4131
2026-08-18 17:26:00.097,28099.0308
2026-08-18 17:26:00.511,27978.0969
2026-08-18 17:26:00.977,27896.0124
2026-08-18 17:26:01.390,27855.189
2026-08-18 17:26:01.816,27827.2591
2026-08-18 17:26:02.230,27805.7989
2026-08-18 17:26:02.643,27790.727
2026-08-18 17:26:03.111,27778.9404
2026-08-18 17:26:03.558,27775.0173
2026-08-18 17:26:03.971,27773.0462
2026-08-18 17:26:04.384,27772.0661
2026-08-18 17:26:04.797,27768.6276
2026-08-18 17:26:05.212,27765.2812
2026-08-18 17:26:05.639,27762.5667
2026-08-18 17:26:06.052,27759.9518
2026-08-18 17:26:06.477,27757.2958
2026-08-18 17:26:06.891,27754.8752
2026-08-18 17:26:07.304,27753.333
2026-08-18 17:26:07.717,27751.4568
2026-08-18 17:26:08.143,27750.1651
2026-08-18 17:26:08.639,27761.6944
2026-08-18 17:26:09.052,27776.7498
2026-08-18 17:26:09.480,27797.2537
2026-08-18 17:26:09.893,27829.5182
2026-08-18 17:26:10.306,27880.1682
2026-08-18 17:26:10.718,27960.771
2026-08-18 17:26:11.148,28075.8094
2026-08-18 17:26:11.561,28224.9741
2026-08-18 17:26:11.980,28382.928
2026-08-18 17:26:12.407,28551.671
2026-08-18 17:26:12.833,28728.8956
2026-08-18 17:26:13.247,28909.9633
2026-08-18 17:26:13.677,29026.0859
2026-08-18 17:26:14.105,28862.1325
2026-08-18 17:26:14.533,28678.1513
2026-08-18 17:26:14.957,28504.0993
2026-08-18 17:26:15.383,28330.9312
2026-08-18 17:26:15.801,28165.978
2026-08-18 17:26:16.213,28022.3772
2026-08-18 17:26:16.626,27913.7932
2026-08-18 17:26:17.037,27844.4343
2026-08-18 17:26:17.449,27802.2304
2026-08-18 17:26:17.868,27774.4182
2026-08-18 17:26:18.281,27755.1444
2026-08-18 17:26:18.692,27739.2994
2026-08-18 17:26:19.118,27732.081
2026-08-18 17:26:19.535,27744.3679
2026-08-18 17:26:19.948,27760.6666
2026-08-18 17:26:20.360,27783.0789
2026-08-18 17:26:20.773,27816.5041
2026-08-18 17:26:21.186,27871.5006
2026-08-18 17:26:21.605,27961.7933
2026-08-18 17:26:22.068,28106.3028
2026-08-18 17:26:22.491,28260.2933
2026-08-18 17:26:22.906,28429.5168
2026-08-18 17:26:23.318,28598.4178
2026-08-18 17:26:23.732,28770.8473
2026-08-18 17:26:24.144,28947.7149
2026-08-18 17:26:24.557,29127.0506
2026-08-18 17:26:24.982,29309.2342
2026-08-18 17:26:25.403,29500.4496
2026-08-18 17:26:25.829,29694.6083
2026-08-18 17:26:26.243,29897.6067
2026-08-18 17:26:26.655,30091.9331
2026-08-18 17:26:27.079,30288.2641
2026-08-18 17:26:27.504,30491.7525
2026-08-18 17:26:27.924,30699.1012
2026-08-18 17:26:28.348,30905.7826
2026-08-18 17:26:28.761,31116.9309
2026-08-18 17:26:29.175,31324.5574
2026-08-18 17:26:29.589,31535.1664
2026-08-18 17:26:30.034,31582.9325
2026-08-18 17:26:30.461,31355.734
2026-08-18 17:26:30.878,31139.1327
2026-08-18 17:26:31.291,30928.0042
2026-08-18 17:26:31.753,30722.6736
2026-08-18 17:26:32.186,30487.2818
2026-08-18 17:26:32.599,30284.5878
2026-08-18 17:26:33.018,30088.262
2026-08-18 17:26:33.431,29892.7027
2026-08-18 17:26:33.844,29700.923
2026-08-18 17:26:34.277,29512.3806
2026-08-18 17:26:34.699,29317.6618
2026-08-18 17:26:35.114,29130.1789
2026-08-18 17:26:35.527,28948.3226
2026-08-18 17:26:35.954,28763.6713
2026-08-18 17:26:36.392,28589.8022
2026-08-18 17:26:36.817,28409.8743
2026-08-18 17:26:37.234,28241.7665
2026-08-18 17:26:37.646,28095.7828
2026-08-18 17:26:38.114,27988.4397
2026-08-18 17:26:38.544,27915.4911
2026-08-18 17:26:38.956,27876.8105
2026-08-18 17:26:39.369,27850.9851
2026-08-18 17:26:39.784,27832.2036
2026-08-18 17:26:40.201,27817.9639
2026-08-18 17:26:40.638,27807.5502
2026-08-18 17:26:41.050,27804.1186
2026-08-18 17:26:41.463,27801.3887
2026-08-18 17:26:41.875,27797.8661
2026-08-18 17:26:42.296,27792.7502
2026-08-18 17:26:42.765,27788.4803
2026-08-18 17:26:43.210,27784.5498
2026-08-18 17:26:43.622,27781.3278
2026-08-18 17:26:44.044,27778.8767
2026-08-18 17:26:44.551,27775.14
2026-08-18 17:26:44.963,27771.8868
2026-08-18 17:26:45.390,27768.9949
2026-08-18 17:26:45.803,27771.2791
2026-08-18 17:26:46.245,27783.7945
2026-08-18 17:26:46.669,27800.6886
2026-08-18 17:26:47.086,27824.7242
2026-08-18 17:26:47.506,27862.262
2026-08-18 17:26:47.918,27924.1617
2026-08-18 17:26:48.361,28017.4836
2026-08-18 17:26:48.787,28154.1799
2026-08-18 17:26:49.201,28310.5753
2026-08-18 17:26:49.613,28473.9223
2026-08-18 17:26:50.082,28641.6787
2026-08-18 17:26:50.513,28841.6336
2026-08-18 17:26:50.929,29021.1299
2026-08-18 17:26:51.341,28959.9423
2026-08-18 17:26:51.763,28780.0543
2026-08-18 17:26:52.176,28601.0303
2026-08-18 17:26:52.588,28428.4122
2026-08-18 17:26:53.022,28257.7767
2026-08-18 17:26:53.459,28100.4184
2026-08-18 17:26:53.881,27967.2625
2026-08-18 17:26:54.294,27878.2082
2026-08-18 17:26:54.706,27826.9186
2026-08-18 17:26:55.120,27795.0941
2026-08-18 17:26:55.535,27771.409
2026-08-18 17:26:55.995,27752.6661
2026-08-18 17:26:56.412,27739.365
2026-08-18 17:26:56.840,27747.2796
2026-08-18 17:26:57.253,27761.9628
2026-08-18 17:26:57.666,27781.5831
2026-08-18 17:26:58.079,27811.2924
2026-08-18 17:26:58.497,27859.071
2026-08-18 17:26:58.916,27938.1859
2026-08-18 17:26:59.341,28055.0098
2026-08-18 17:26:59.773,28207.8915
2026-08-18 17:27:00.187,28368.0063
2026-08-18 17:27:00.609,28534.6232
2026-08-18 17:27:01.035,28709.6933
2026-08-18 17:27:01.447,28889.7615
2026-08-18 17:27:01.871,29068.7386
2026-08-18 17:27:02.293,29255.1026
2026-08-18 17:27:02.707,29441.8916
2026-08-18 17:27:03.121,29628.4242
2026-08-18 17:27:03.534,29817.0622
2026-08-18 17:27:03.968,30015.4
2026-08-18 17:27:04.384,30212.5875
2026-08-18 17:27:04.812,30409.9928
2026-08-18 17:27:05.238,30615.4509
2026-08-18 17:27:05.650,30822.4801
2026-08-18 17:27:06.064,31024.9163
2026-08-18 17:27:06.477,31231.0038
2026-08-18 17:27:06.902,31439.087
2026-08-18 17:27:07.314,31584.7622
2026-08-18 17:27:07.781,31379.6124
2026-08-18 17:27:08.199,31168.1384
2026-08-18 17:27:08.610,30954.9902
2026-08-18 17:27:09.023,30748.1409
2026-08-18 17:27:09.434,30544.2297
2026-08-18 17:27:09.898,30343.005
2026-08-18 17:27:10.330,30117.4122
2026-08-18 17:27:10.741,29914.1194
2026-08-18 17:27:11.153,29721.7144
2026-08-18 17:27:11.579,29531.7489
2026-08-18 17:27:11.998,29338.2127
2026-08-18 17:27:12.411,29151.0425
2026-08-18 17:27:12.845,28963.2884
2026-08-18 17:27:13.258,28781.5509
2026-08-18 17:27:13.669,28605.9613
2026-08-18 17:27:14.096,28428.5552
2026-08-18 17:27:14.508,28262.4606
2026-08-18 17:27:14.935,28108.8105
2026-08-18 17:27:15.362,27981.4132
2026-08-18 17:27:15.776,27900.3892
2026-08-18 17:27:16.204,27851.3614
2026-08-18 17:27:16.616,27820.3607
2026-08-18 17:27:17.029,27798.1946
2026-08-18 17:27:17.456,27781.3416
2026-08-18 17:27:17.869,27766.7511
2026-08-18 17:27:18.311,27760.1069
2026-08-18 17:27:18.724,27756.6612
2026-08-18 17:27:19.140,27754.0034
2026-08-18 17:27:19.557,27749.702
2026-08-18 17:27:19.973,27745.5391
2026-08-18 17:27:20.390,27740.951
2026-08-18 17:27:20.857,27736.4925
2026-08-18 17:27:21.287,27733.7228
2026-08-18 17:27:21.699,27729.55
2026-08-18 17:27:22.113,27726.766
2026-08-18 17:27:22.540,27724.2671
2026-08-18 17:27:22.952,27723.2607
2026-08-18 17:27:23.373,27729.6068
2026-08-18 17:27:23.792,27742.4434
2026-08-18 17:27:24.219,27759.5887
2026-08-18 17:27:24.630,27786.1136
2026-08-18 17:27:25.056,27827.7717
2026-08-18 17:27:25.469,27899.0563
2026-08-18 17:27:25.880,28002.2719
2026-08-18 17:27:26.297,28134.6477
2026-08-18 17:27:26.713,28288.0143
2026-08-18 17:27:27.125,28449.3195
2026-08-18 17:27:27.537,28618.2832
2026-08-18 17:27:27.949,28790.3185
2026-08-18 17:27:28.363,28964.3143
2026-08-18 17:27:28.777,28915.1754
2026-08-18 17:27:29.203,28731.7909
2026-08-18 17:27:29.631,28547.9712
2026-08-18 17:27:30.045,28369.4495
2026-08-18 17:27:30.473,28197.5037
2026-08-18 17:27:30.899,28038.4569
2026-08-18 17:27:31.322,27910.6397
2026-08-18 17:27:31.735,27820.4924
2026-08-18 17:27:32.148,27765.2968
2026-08-18 17:27:32.586,27728.9146
2026-08-18 17:27:32.998,27702.9031
2026-08-18 17:27:33.425,27684.9902
2026-08-18 17:27:33.838,27673.2139
2026-08-18 17:27:34.261,27679.6717
2026-08-18 17:27:34.679,27693.9903
2026-08-18 17:27:35.091,27712.9964
2026-08-18 17:27:35.508,27741.5592
2026-08-18 17:27:35.925,27788.8067
2026-08-18 17:27:36.352,27864.7467
2026-08-18 17:27:36.806,27991.2408
2026-08-18 17:27:37.230,28133.797
2026-08-18 17:27:37.642,28295.0611
2026-08-18 17:27:38.056,28460.371
2026-08-18 17:27:38.482,28630.6569
2026-08-18 17:27:38.894,28809.6268
2026-08-18 17:27:39.306,28986.0453
2026-08-18 17:27:39.734,29164.9801
2026-08-18 17:27:40.153,29353.4746
2026-08-18 17:27:40.569,29540.9787
2026-08-18 17:27:40.982,29728.7773
2026-08-18 17:27:41.443,29917.6688
2026-08-18 17:27:41.875,30134.9951
2026-08-18 17:27:42.298,30335.3468
2026-08-18 17:27:42.711,30536.557
2026-08-18 17:27:43.127,30735.3359
2026-08-18 17:27:43.539,30938.4923
2026-08-18 17:27:43.975,31142.156
2026-08-18 17:27:44.395,31360.7963
2026-08-18 17:27:44.810,31493.6284
2026-08-18 17:27:45.237,31308.3498
2026-08-18 17:27:45.652,31089.0308
2026-08-18 17:27:46.065,30878.3789
2026-08-18 17:27:46.478,30671.335
2026-08-18 17:27:46.906,30467.1888
2026-08-18 17:27:47.320,30258.405
2026-08-18 17:27:47.733,30059.2322
2026-08-18 17:27:48.151,29863.607
2026-08-18 17:27:48.565,29668.7178
2026-08-18 17:27:48.977,29477.4265
2026-08-18 17:27:49.389,29290.1189
2026-08-18 17:27:49.803,29105.4388
2026-08-18 17:27:50.267,28899.8239
2026-08-18 17:27:50.697,28720.7919
2026-08-18 17:27:51.110,28538.3122
2026-08-18 17:27:51.537,28360.2091
2026-08-18 17:27:51.962,28193.6533
2026-08-18 17:27:52.382,28034.1303
2026-08-18 17:27:52.828,27904.8086
2026-08-18 17:27:53.250,27816.2093
2026-08-18 17:27:53.663,27767.1019
2026-08-18 17:27:54.075,27734.8211
2026-08-18 17:27:54.490,27711.2226
2026-08-18 17:27:54.926,27693.033
2026-08-18 17:27:55.344,27678.6776
2026-08-18 17:27:55.758,27671.7094
2026-08-18 17:27:56.179,27668.2054
2026-08-18 17:27:56.592,27665.5083
2026-08-18 17:27:57.006,27660.6429
2026-08-18 17:27:57.418,27656.5456
2026-08-18 17:27:57.832,27653.2112
2026-08-18 17:27:58.245,27649.3932
2026-08-18 17:27:58.686,27645.6609
2026-08-18 17:27:59.113,27641.5059
2026-08-18 17:27:59.526,27638.1114
2026-08-18 17:27:59.948,27635.0928
2026-08-18 17:28:00.372,27632.0616
2026-08-18 17:28:00.801,27635.4602
2026-08-18 17:28:01.226,27648.0242
2026-08-18 17:28:01.643,27663.632
2026-08-18 17:28:02.056,27687.2632
2026-08-18 17:28:02.469,27725.2131
2026-08-18 17:28:02.882,27787.1345
2026-08-18 17:28:03.295,27883.3791
2026-08-18 17:28:03.755,28011.6575
2026-08-18 17:28:04.201,28190.2129
2026-08-18 17:28:04.612,28351.7719
2026-08-18 17:28:05.113,28518.7851
2026-08-18 17:28:05.541,28733.891
2026-08-18 17:28:05.961,28881.8409
2026-08-18 17:28:06.374,28758.7491
2026-08-18 17:28:06.787,28581.3257
2026-08-18 17:28:07.239,28406.8908
2026-08-18 17:28:07.659,28220.729
2026-08-18 17:28:08.072,28056.678
2026-08-18 17:28:08.498,27909.2638
2026-08-18 17:28:08.909,27789.8544
2026-08-18 17:28:09.352,27713.9778
2026-08-18 17:28:09.776,27663.8846
2026-08-18 17:28:10.189,27633.2409
2026-08-18 17:28:10.602,27612.0901
2026-08-18 17:28:11.021,27596.4602
2026-08-18 17:28:11.434,27588.3494
2026-08-18 17:28:11.852,27598.5499
2026-08-18 17:28:12.286,27613.3171
2026-08-18 17:28:12.712,27634.9224
2026-08-18 17:28:13.130,27667.9498
2026-08-18 17:28:13.543,27722.2261
2026-08-18 17:28:14.010,27808.9281
2026-08-18 17:28:14.437,27950.2884
2026-08-18 17:28:14.864,28101.7175
2026-08-18 17:28:15.282,28266.5389
2026-08-18 17:28:15.697,28434.8852
2026-08-18 17:28:16.116,28606.9562
2026-08-18 17:28:16.538,28783.2407
2026-08-18 17:28:16.951,28963.6561
2026-08-18 17:28:17.363,29143.2823
2026-08-18 17:28:17.790,29325.2782
2026-08-18 17:28:18.202,29516.5298
2026-08-18 17:28:18.615,29702.8859
2026-08-18 17:28:19.027,29892.4754
2026-08-18 17:28:19.439,30084.4421
2026-08-18 17:28:19.852,30278.5328
2026-08-18 17:28:20.293,30481.9983
2026-08-18 17:28:20.715,30687.5723
2026-08-18 17:28:21.129,30893.1881
2026-08-18 17:28:21.541,31097.3391
2026-08-18 17:28:21.968,31310.3767
2026-08-18 17:28:22.412,31354.7421
2026-08-18 17:28:22.826,31127.5212
2026-08-18 17:28:23.239,30916.8809
2026-08-18 17:28:23.653,30709.5318
2026-08-18 17:28:24.068,30504.68
2026-08-18 17:28:24.480,30301.8924
2026-08-18 17:28:24.900,30103.0497
2026-08-18 17:28:25.312,29903.8281
2026-08-18 17:28:25.725,29710.6869
2026-08-18 17:28:26.146,29519.5473
2026-08-18 17:28:26.560,29327.2649
2026-08-18 17:28:26.972,29141.4412
2026-08-18 17:28:27.386,28959.1499
2026-08-18 17:28:27.799,28778.8652
2026-08-18 17:28:28.212,28601.7562
2026-08-18 17:28:28.627,28427.5436
2026-08-18 17:28:29.049,28255.8947
2026-08-18 17:28:29.468,28088.0566
2026-08-18 17:28:29.896,27934.3269
2026-08-18 17:28:30.308,27809.9935
2026-08-18 17:28:30.721,27733.9204
2026-08-18 17:28:31.134,27687.8669
2026-08-18 17:28:31.550,27657.6631
2026-08-18 17:28:31.989,27635.3938
2026-08-18 17:28:32.402,27617.8212
2026-08-18 17:28:32.830,27604.6158
2026-08-18 17:28:33.242,27598.3561
2026-08-18 17:28:33.654,27595.6926
2026-08-18 17:28:34.120,27593.0287
2026-08-18 17:28:34.534,27588.5722
2026-08-18 17:28:34.959,27584.2494
2026-08-18 17:28:35.371,27580.4498
2026-08-18 17:28:35.835,27576.8902
2026-08-18 17:28:36.264,27572.8406
2026-08-18 17:28:36.677,27569.3831
2026-08-18 17:28:37.091,27566.8853
2026-08-18 17:28:37.503,27564.245
2026-08-18 17:28:37.967,27561.5584
2026-08-18 17:28:38.399,27569.9336
2026-08-18 17:28:38.814,27583.5769
2026-08-18 17:28:39.230,27602.0131
2026-08-18 17:28:39.642,27629.8609
2026-08-18 17:28:40.060,27674.2719
2026-08-18 17:28:40.505,27747.8968
2026-08-18 17:28:40.917,27865.4955
2026-08-18 17:28:41.338,28003.7501
2026-08-18 17:28:41.766,28160.4624
2026-08-18 17:28:42.184,28329.0061
2026-08-18 17:28:42.610,28499.4743
2026-08-18 17:28:43.025,28677.6189
2026-08-18 17:28:43.453,28811.0136
2026-08-18 17:28:43.865,28668.3298
2026-08-18 17:28:44.279,28491.9057
2026-08-18 17:28:44.702,28318.1867
2026-08-18 17:28:45.117,28146.2441
2026-08-18 17:28:45.550,27984.4568
2026-08-18 17:28:45.964,27832.5026
2026-08-18 17:28:46.390,27715.837
2026-08-18 17:28:46.803,27642.526
2026-08-18 17:28:47.215,27597.3118
2026-08-18 17:28:47.658,27567.4165
2026-08-18 17:28:48.071,27545.8241
2026-08-18 17:28:48.484,27531.5273
2026-08-18 17:28:48.896,27525.29
2026-08-18 17:28:49.309,27537.8222
2026-08-18 17:28:49.737,27553.1821
2026-08-18 17:28:50.231,27579.5452
2026-08-18 17:28:50.644,27614.8608
2026-08-18 17:28:51.071,27673.3683
2026-08-18 17:28:51.576,27791.7131
2026-08-18 17:28:51.988,27927.581
2026-08-18 17:28:52.401,28078.4491
2026-08-18 17:28:52.827,28239.883
2026-08-18 17:28:53.239,28413.2146
2026-08-18 17:28:53.666,28591.1207
2026-08-18 17:28:54.086,28764.996
2026-08-18 17:28:54.500,28945.3263
2026-08-18 17:28:54.928,29125.3314
2026-08-18 17:28:55.342,29315.4634
2026-08-18 17:28:55.764,29500.9887
2026-08-18 17:28:56.176,29693.072
2026-08-18 17:28:56.588,29882.8895
2026-08-18 17:28:57.001,30075.3227
2026-08-18 17:28:57.422,30270.6986
2026-08-18 17:28:57.839,30473.7526
2026-08-18 17:28:58.251,30676.338
2026-08-18 17:28:58.663,30878.6869
2026-08-18 17:28:59.098,31090.1668
2026-08-18 17:28:59.524,31299.0032
2026-08-18 17:28:59.937,31239.9035
2026-08-18 17:29:00.355,31030.4575
2026-08-18 17:29:00.783,30820.4525
2026-08-18 17:29:01.197,30608.1061
2026-08-18 17:29:01.609,30405.2592
2026-08-18 17:29:02.022,30205.9986
2026-08-18 17:29:02.447,30009.0213
2026-08-18 17:29:02.913,29785.2816
2026-08-18 17:29:03.325,29594.7721
2026-08-18 17:29:03.737,29407.272
2026-08-18 17:29:04.165,29222.29
2026-08-18 17:29:04.578,29033.3873
2026-08-18 17:29:05.022,28852.709
2026-08-18 17:29:05.446,28661.8167
2026-08-18 17:29:05.858,28483.1687
2026-08-18 17:29:06.270,28311.7259
2026-08-18 17:29:06.684,28144.2037
2026-08-18 17:29:07.107,27985.5191
2026-08-18 17:29:07.521,27843.23
2026-08-18 17:29:07.948,27744.115
2026-08-18 17:29:08.374,27683.5417
2026-08-18 17:29:08.792,27646.2957
2026-08-18 17:29:09.204,27621.3671
2026-08-18 17:29:09.618,27603.0326
2026-08-18 17:29:10.032,27588.6688
2026-08-18 17:29:10.447,27578.5193
2026-08-18 17:29:10.858,27576.5616
2026-08-18 17:29:11.356,27574.0788
2026-08-18 17:29:11.782,27572.4928
2026-08-18 17:29:12.199,27568.4086
2026-08-18 17:29:12.624,27565.4649
2026-08-18 17:29:13.052,27562.1727
2026-08-18 17:29:13.474,27559.0278
2026-08-18 17:29:13.903,27556.7652
2026-08-18 17:29:14.324,27554.22
2026-08-18 17:29:14.737,27552.1437
2026-08-18 17:29:15.150,27548.8491
2026-08-18 17:29:15.563,27548.4087
2026-08-18 17:29:15.993,27561.9287
2026-08-18 17:29:16.418,27579.6308
2026-08-18 17:29:16.831,27602.864
2026-08-18 17:29:17.243,27636.8205
2026-08-18 17:29:17.658,27692.1645
2026-08-18 17:29:18.120,27792.5764
2026-08-18 17:29:18.537,27918.1402
2026-08-18 17:29:18.952,28067.2061
2026-08-18 17:29:19.364,28227.5732
2026-08-18 17:29:19.778,28394.5032
2026-08-18 17:29:20.191,28566.6156
2026-08-18 17:29:20.664,28764.0379
2026-08-18 17:29:21.091,28773.2688
2026-08-18 17:29:21.508,28588.5819
2026-08-18 17:29:21.921,28411.7556
2026-08-18 17:29:22.342,28240.4185
2026-08-18 17:29:22.756,28069.2306
2026-08-18 17:29:23.187,27909.4719
2026-08-18 17:29:23.600,27774.693
2026-08-18 17:29:24.027,27679.8876
2026-08-18 17:29:24.441,27624.6179
2026-08-18 17:29:24.855,27590.4587
2026-08-18 17:29:25.268,27567.6236
2026-08-18 17:29:25.682,27550.4058
2026-08-18 17:29:26.110,27537.2789
2026-08-18 17:29:26.524,27540.8869
2026-08-18 17:29:26.937,27554.9195
2026-08-18 17:29:27.349,27572.1174
2026-08-18 17:29:27.762,27597.1248
2026-08-18 17:29:28.183,27636.6061
2026-08-18 17:29:28.597,27704.1255
2026-08-18 17:29:29.016,27806.859
2026-08-18 17:29:29.430,27943.5517
2026-08-18 17:29:29.865,28104.4434
2026-08-18 17:29:30.283,28272.0102
2026-08-18 17:29:30.695,28443.7988
2026-08-18 17:29:31.108,28616.913
2026-08-18 17:29:31.520,28794.1435
2026-08-18 17:29:31.932,28973.0052
2026-08-18 17:29:32.344,29155.4952
2026-08-18 17:29:32.759,29341.3499
2026-08-18 17:29:33.225,29554.9296
2026-08-18 17:29:33.638,29746.1752
2026-08-18 17:29:34.051,29939.8651
2026-08-18 17:29:34.478,30142.5752
2026-08-18 17:29:34.890,30340.8241
2026-08-18 17:29:35.351,30541.9433
2026-08-18 17:29:35.770,30772.1059
2026-08-18 17:29:36.192,30978.8545
2026-08-18 17:29:36.605,31191.412
2026-08-18 17:29:37.018,31386.5703
2026-08-18 17:29:37.432,31282.0024
2026-08-18 17:29:37.878,31070.9481
2026-08-18 17:29:38.291,30846.4901
2026-08-18 17:29:38.711,30640.4317
2026-08-18 17:29:39.124,30433.597
2026-08-18 17:29:39.536,30231.8509
2026-08-18 17:29:39.963,30034.4848
2026-08-18 17:29:40.429,29812.0919
2026-08-18 17:29:40.853,29634.4844
2026-08-18 17:29:41.268,29446.8592
2026-08-18 17:29:41.697,29251.5662
2026-08-18 17:29:42.110,29053.4249
2026-08-18 17:29:42.522,28866.1309
2026-08-18 17:29:42.986,28663.8905
2026-08-18 17:29:43.399,28488.0145
2026-08-18 17:29:43.812,28315.3144
2026-08-18 17:29:44.225,28147.8911
2026-08-18 17:29:44.638,27990.5219
2026-08-18 17:29:45.051,27858.0165
2026-08-18 17:29:45.464,27767.5837
2026-08-18 17:29:45.879,27713.5636
2026-08-18 17:29:46.293,27678.2527
2026-08-18 17:29:46.718,27653.1546
2026-08-18 17:29:47.143,27635.3531
2026-08-18 17:29:47.555,27621.7335
2026-08-18 17:29:47.968,27613.2485
2026-08-18 17:29:48.380,27610.6652
2026-08-18 17:29:48.793,27607.8724
2026-08-18 17:29:49.207,27605.1839
2026-08-18 17:29:49.621,27600.4869
2026-08-18 17:29:50.033,27596.9251
2026-08-18 17:29:50.456,27593.9241
2026-08-18 17:29:50.869,27590.6697
2026-08-18 17:29:51.281,27587.519
2026-08-18 17:29:51.693,27584.7398
2026-08-18 17:29:52.115,27582.084
2026-08-18 17:29:52.527,27579.6209
2026-08-18 17:29:53.041,27580.215
2026-08-18 17:29:53.453,27591.5812
2026-08-18 17:29:53.869,27606.5821
2026-08-18 17:29:54.296,27628.3994
2026-08-18 17:29:54.709,27661.8851
2026-08-18 17:29:55.123,27716.3119
2026-08-18 17:29:55.536,27804.0431
2026-08-18 17:29:55.951,27925.9273
2026-08-18 17:29:56.362,28072.3932
2026-08-18 17:29:56.775,28232.7345
2026-08-18 17:29:57.202,28405.0181
2026-08-18 17:29:57.615,28575.7257
2026-08-18 17:29:58.034,28750.4206
2026-08-18 17:29:58.446,28822.5396
2026-08-18 17:29:58.860,28649.8595
2026-08-18 17:29:59.331,28449.8526
2026-08-18 17:29:59.750,28274.0114
2026-08-18 17:30:00.163,28105.0539
2026-08-18 17:30:00.589,27943.6791
2026-08-18 17:30:01.002,27807.5288
2026-08-18 17:30:01.417,27706.4916
2026-08-18 17:30:01.829,27643.2735
2026-08-18 17:30:02.293,27599.7534
2026-08-18 17:30:02.720,27574.2085
2026-08-18 17:30:03.133,27555.0352
2026-08-18 17:30:03.544,27541.3638
2026-08-18 17:30:03.967,27543.1678
2026-08-18 17:30:04.384,27556.7072
2026-08-18 17:30:04.798,27574.2156
2026-08-18 17:30:05.234,27599.5773
2026-08-18 17:30:05.647,27642.5083
2026-08-18 17:30:06.062,27710.313
2026-08-18 17:30:06.479,27815.7952
2026-08-18 17:30:06.894,27952.9798
2026-08-18 17:30:07.307,28106.9911
2026-08-18 17:30:07.729,28269.763
2026-08-18 17:30:08.142,28442.2927
2026-08-18 17:30:08.561,28615.2044
2026-08-18 17:30:08.979,28793.9888
2026-08-18 17:30:09.392,28975.5909
2026-08-18 17:30:09.813,29157.5345
2026-08-18 17:30:10.229,29345.4573
2026-08-18 17:30:10.646,29533.6613
2026-08-18 17:30:11.075,29723.9226
2026-08-18 17:30:11.501,29923.3091
2026-08-18 17:30:11.914,30124.2283
2026-08-18 17:30:12.342,30327.7896
2026-08-18 17:30:12.756,30527.7814
2026-08-18 17:30:13.176,30729.5666
2026-08-18 17:30:13.589,30937.3433
2026-08-18 17:30:14.015,31143.3918
2026-08-18 17:30:14.433,31351.4535
2026-08-18 17:30:14.846,31268.3341
2026-08-18 17:30:15.259,31056.399
2026-08-18 17:30:15.670,30846.962
2026-08-18 17:30:16.169,30616.0597
2026-08-18 17:30:16.584,30392.5382
2026-08-18 17:30:17.000,30190.2963
2026-08-18 17:30:17.413,29998.0269
2026-08-18 17:30:17.825,29804.0414
2026-08-18 17:30:18.247,29602.9261
2026-08-18 17:30:18.660,29404.5942
2026-08-18 17:30:19.091,29212.5135
2026-08-18 17:30:19.505,29019.5193
2026-08-18 17:30:19.918,28835.6623
2026-08-18 17:30:20.341,28655.2169
2026-08-18 17:30:20.754,28473.8234
2026-08-18 17:30:21.187,28299.4881
2026-08-18 17:30:21.600,28121.9613
2026-08-18 17:30:22.014,27962.1305
2026-08-18 17:30:22.432,27823.3159
2026-08-18 17:30:22.849,27724.3578
2026-08-18 17:30:23.265,27665.2448
2026-08-18 17:30:23.725,27628.2988
2026-08-18 17:30:24.144,27599.6462
2026-08-18 17:30:24.559,27580.2407
2026-08-18 17:30:24.971,27565.258
2026-08-18 17:30:25.383,27555.4092
2026-08-18 17:30:25.810,27552.8878
2026-08-18 17:30:26.222,27550.0458
2026-08-18 17:30:26.635,27547.3263
2026-08-18 17:30:27.047,27542.0584
2026-08-18 17:30:27.460,27537.894
2026-08-18 17:30:27.873,27534.4118
2026-08-18 17:30:28.291,27531.3806
2026-08-18 17:30:28.703,27528.5309
2026-08-18 17:30:29.119,27525.9872
2026-08-18 17:30:29.532,27523.3756
2026-08-18 17:30:29.946,27520.8428
2026-08-18 17:30:30.361,27520.0217
2026-08-18 17:30:30.775,27529.7409
2026-08-18 17:30:31.187,27543.5327
2026-08-18 17:30:31.649,27564.9623
2026-08-18 17:30:32.071,27596.5009
2026-08-18 17:30:32.487,27650.9897
2026-08-18 17:30:32.912,27735.4875
2026-08-18 17:30:33.324,27857.1198
2026-08-18 17:30:33.758,28000.2526
2026-08-18 17:30:34.183,28171.2885
2026-08-18 17:30:34.597,28337.2004
2026-08-18 17:30:35.010,28509.3353
2026-08-18 17:30:35.424,28685.0387
2026-08-18 17:30:35.854,28790.3044
2026-08-18 17:30:36.269,28624.2165
2026-08-18 17:30:36.682,28446.4001
2026-08-18 17:30:37.095,28272.8775
2026-08-18 17:30:37.512,28104.2343
2026-08-18 17:30:37.987,27923.3732
2026-08-18 17:30:38.399,27780.554
2026-08-18 17:30:38.812,27675.8499
2026-08-18 17:30:39.225,27609.8552
2026-08-18 17:30:39.639,27568.9995
2026-08-18 17:30:40.070,27542.1408
2026-08-18 17:30:40.482,27522.3241
2026-08-18 17:30:40.894,27508.7086
2026-08-18 17:30:41.313,27505.8413
2026-08-18 17:30:41.725,27519.9991
2026-08-18 17:30:42.219,27537.8438
2026-08-18 17:30:42.631,27569.6576
2026-08-18 17:30:43.043,27611.918
2026-08-18 17:30:43.455,27673.5503
2026-08-18 17:30:43.879,27771.73
2026-08-18 17:30:44.311,27907.2936
2026-08-18 17:30:44.730,28067.8177
2026-08-18 17:30:45.143,28234.7265
2026-08-18 17:30:45.562,28405.8529
2026-08-18 17:30:45.974,28583.8651
2026-08-18 17:30:46.413,28762.081
2026-08-18 17:30:46.826,28955.0921
2026-08-18 17:30:47.239,29135.0718
2026-08-18 17:30:47.653,29315.3442
2026-08-18 17:30:48.074,29501.5426
2026-08-18 17:30:48.534,29716.5591
2026-08-18 17:30:48.947,29908.3143
2026-08-18 17:30:49.373,30110.0161
2026-08-18 17:30:49.786,30308.3877
2026-08-18 17:30:50.211,30509.4319
2026-08-18 17:30:50.640,30718.7456
2026-08-18 17:30:51.054,30932.0691
2026-08-18 17:30:51.467,31140.3184
2026-08-18 17:30:51.879,31344.3286
2026-08-18 17:30:52.291,31267.8686
2026-08-18 17:30:52.703,31055.1609
2026-08-18 17:30:53.169,30818.3066
2026-08-18 17:30:53.592,30610.3944
2026-08-18 17:30:54.057,30376.6296
2026-08-18 17:30:54.470,30172.2716
2026-08-18 17:30:54.883,29972.8769
2026-08-18 17:30:55.296,29776.4214
2026-08-18 17:30:55.723,29575.5444
2026-08-18 17:30:56.148,29384.7428
2026-08-18 17:30:56.560,29190.5435
2026-08-18 17:30:56.982,29005.143
2026-08-18 17:30:57.394,28818.5057
2026-08-18 17:30:57.807,28639.0759
2026-08-18 17:30:58.221,28462.4445
2026-08-18 17:30:58.632,28288.0927
2026-08-18 17:30:59.071,28120.2928
2026-08-18 17:30:59.491,27950.4685
2026-08-18 17:30:59.902,27811.9069
2026-08-18 17:31:00.323,27717.7051
2026-08-18 17:31:00.735,27658.9327
2026-08-18 17:31:01.165,27622.5782
2026-08-18 17:31:01.579,27596.4816
2026-08-18 17:31:01.990,27577.7693
2026-08-18 17:31:02.415,27563.2458
2026-08-18 17:31:02.841,27553.2532
2026-08-18 17:31:03.294,27551.0574
2026-08-18 17:31:03.707,27549.2376
2026-08-18 17:31:04.120,27547.4033
2026-08-18 17:31:04.540,27543.8703
2026-08-18 17:31:04.953,27540.9642
2026-08-18 17:31:05.387,27538.7366
2026-08-18 17:31:05.799,27536.4221
2026-08-18 17:31:06.226,27533.4065
2026-08-18 17:31:06.639,27530.7484
2026-08-18 17:31:07.053,27528.594
2026-08-18 17:31:07.492,27527.1898
2026-08-18 17:31:07.904,27528.5568
2026-08-18 17:31:08.330,27540.5179
2026-08-18 17:31:08.742,27557.741
2026-08-18 17:31:09.155,27580.115
2026-08-18 17:31:09.591,27614.0702
2026-08-18 17:31:10.012,27672.0589
2026-08-18 17:31:10.425,27762.417
2026-08-18 17:31:10.854,27891.1765
2026-08-18 17:31:11.280,28039.7474
2026-08-18 17:31:11.697,28208.5063
2026-08-18 17:31:12.110,28376.7664
2026-08-18 17:31:12.522,28549.7959
2026-08-18 17:31:12.934,28726.932
2026-08-18 17:31:13.360,28789.1988
2026-08-18 17:31:13.815,28589.0175
2026-08-18 17:31:14.238,28411.6866
2026-08-18 17:31:14.650,28234.1217
2026-08-18 17:31:15.062,28066.633
2026-08-18 17:31:15.474,27909.0401
2026-08-18 17:31:15.927,27772.6274
2026-08-18 17:31:16.341,27665.0992
2026-08-18 17:31:16.757,27604.8427
2026-08-18 17:31:17.170,27567.1771
2026-08-18 17:31:17.583,27541.5487
2026-08-18 17:31:18.023,27523.1708
2026-08-18 17:31:18.437,27508.5644
2026-08-18 17:31:18.849,27511.1102
2026-08-18 17:31:19.262,27525.0016
2026-08-18 17:31:19.675,27543.0728
2026-08-18 17:31:20.088,27569.5223
2026-08-18 17:31:20.552,27617.1608
2026-08-18 17:31:20.973,27687.8527
2026-08-18 17:31:21.435,27812.4415
2026-08-18 17:31:21.881,27966.6507
2026-08-18 17:31:22.293,28125.8918
2026-08-18 17:31:22.712,28293.5991
2026-08-18 17:31:23.213,28501.3719
2026-08-18 17:31:23.626,28682.1798
2026-08-18 17:31:24.040,28861.7049
2026-08-18 17:31:24.452,29044.5608
2026-08-18 17:31:24.890,29236.1786
2026-08-18 17:31:25.302,29429.3483
2026-08-18 17:31:25.714,29620.0056
2026-08-18 17:31:26.125,29813.0939
2026-08-18 17:31:26.539,30008.3968
2026-08-18 17:31:26.955,30206.4299
2026-08-18 17:31:27.367,30406.5742
2026-08-18 17:31:27.781,30606.8322
2026-08-18 17:31:28.198,30811.5379
2026-08-18 17:31:28.610,31020.0201
2026-08-18 17:31:29.037,31235.0516
2026-08-18 17:31:29.457,31387.4429
2026-08-18 17:31:29.869,31212.672
2026-08-18 17:31:30.304,30991.2902
2026-08-18 17:31:30.730,30776.0202
2026-08-18 17:31:31.143,30561.7673
2026-08-18 17:31:31.556,30356.4287
2026-08-18 17:31:31.975,30153.9344
2026-08-18 17:31:32.388,29951.8816
2026-08-18 17:31:32.820,29754.719
2026-08-18 17:31:33.231,29551.4697
2026-08-18 17:31:33.645,29359.1093
2026-08-18 17:31:34.059,29168.7478
2026-08-18 17:31:34.480,28981.4859
2026-08-18 17:31:34.954,28772.9286
2026-08-18 17:31:35.366,28586.3137
2026-08-18 17:31:35.778,28409.1209
2026-08-18 17:31:36.199,28236.3418
2026-08-18 17:31:36.610,28065.6788
2026-08-18 17:31:37.047,27910.758
2026-08-18 17:31:37.460,27776.8489
2026-08-18 17:31:37.878,27694.677
2026-08-18 17:31:38.292,27644.8897
2026-08-18 17:31:38.711,27612.8665
2026-08-18 17:31:39.142,27589.3866
2026-08-18 17:31:39.572,27570.446
2026-08-18 17:31:40.006,27556.3541
2026-08-18 17:31:40.420,27549.5349
2026-08-18 17:31:40.837,27546.7049
2026-08-18 17:31:41.254,27545.1775
2026-08-18 17:31:41.680,27541.1407
2026-08-18 17:31:42.107,27536.4262
2026-08-18 17:31:42.519,27532.5535
2026-08-18 17:31:42.951,27528.9737
2026-08-18 17:31:43.363,27526.0273
2026-08-18 17:31:43.790,27523.5702
2026-08-18 17:31:44.228,27520.9135
2026-08-18 17:31:44.655,27518.3338
2026-08-18 17:31:45.070,27515.7863
2026-08-18 17:31:45.487,27521.0636
2026-08-18 17:31:45.908,27533.9163
2026-08-18 17:31:46.325,27551.2624
2026-08-18 17:31:46.737,27576.3051
2026-08-18 17:31:47.150,27615.7704
2026-08-18 17:31:47.579,27680.2518
2026-08-18 17:31:47.991,27783.6338
2026-08-18 17:31:48.416,27915.6004
2026-08-18 17:31:48.829,28072.6925
2026-08-18 17:31:49.248,28236.3615
2026-08-18 17:31:49.676,28409.7526
2026-08-18 17:31:50.089,28591.3223
2026-08-18 17:31:50.512,28767.6247
2026-08-18 17:31:50.925,28717.5664
2026-08-18 17:31:51.386,28537.1686
2026-08-18 17:31:51.811,28336.8382
2026-08-18 17:31:52.223,28160.4258
2026-08-18 17:31:52.637,27995.5504
2026-08-18 17:31:53.061,27844.1437
2026-08-18 17:31:53.473,27716.011
2026-08-18 17:31:53.893,27630.6395
2026-08-18 17:31:54.312,27577.4542
2026-08-18 17:31:54.724,27543.2204
2026-08-18 17:31:55.137,27522.8593
2026-08-18 17:31:55.608,27518.3328
2026-08-18 17:31:56.031,27509.807
2026-08-18 17:31:56.445,27520.9758
2026-08-18 17:31:56.858,27530.539
2026-08-18 17:31:57.272,27539.3304
2026-08-18 17:31:57.684,27564.8964
2026-08-18 17:31:58.104,27610.1362
2026-08-18 17:31:58.530,27687.9926
2026-08-18 17:31:58.943,27806.5298
2026-08-18 17:31:59.363,27949.6653
2026-08-18 17:31:59.790,28111.2191
2026-08-18 17:32:00.210,28284.9284
2026-08-18 17:32:00.624,28461.4497
2026-08-18 17:32:01.039,28638.4018
2026-08-18 17:32:01.452,28819.4726
2026-08-18 17:32:01.879,29010.0185
2026-08-18 17:32:02.310,29195.7193
2026-08-18 17:32:02.723,29393.057
2026-08-18 17:32:03.136,29584.0949
2026-08-18 17:32:03.549,29775.4916
2026-08-18 17:32:03.967,29970.8796
2026-08-18 17:32:04.441,30194.4571
2026-08-18 17:32:04.867,30396.1344
2026-08-18 17:32:05.283,30603.5724
2026-08-18 17:32:05.709,30808.9864
2026-08-18 17:32:06.124,31021.869
2026-08-18 17:32:06.539,31231.7832
2026-08-18 17:32:06.951,31351.1984
2026-08-18 17:32:07.386,31151.6465
2026-08-18 17:32:07.819,30933.2549
2026-08-18 17:32:08.232,30711.9372
2026-08-18 17:32:08.659,30503.5861
2026-08-18 17:32:09.072,30290.9439
2026-08-18 17:32:09.495,30087.9333
2026-08-18 17:32:09.909,29881.6381
2026-08-18 17:32:10.339,29681.4938
2026-08-18 17:32:10.752,29480.868
2026-08-18 17:32:11.170,29287.6562
2026-08-18 17:32:11.582,29094.9149
2026-08-18 17:32:11.997,28907.7554
2026-08-18 17:32:12.414,28722.9993
2026-08-18 17:32:12.841,28533.1398
2026-08-18 17:32:13.261,28355.2225
2026-08-18 17:32:13.675,28178.0814
2026-08-18 17:32:14.087,28009.6622
2026-08-18 17:32:14.503,27854.7584
2026-08-18 17:32:14.919,27727.8267
2026-08-18 17:32:15.347,27645.1171
2026-08-18 17:32:15.760,27594.1196
2026-08-18 17:32:16.184,27561.5588
2026-08-18 17:32:16.595,27537.444
2026-08-18 17:32:17.030,27518.8467
2026-08-18 17:32:17.445,27504.287
2026-08-18 17:32:17.857,27496.974
2026-08-18 17:32:18.269,27493.7312
2026-08-18 17:32:18.682,27491.3126
2026-08-18 17:32:19.094,27487.5207
2026-08-18 17:32:19.513,27482.934
2026-08-18 17:32:19.928,27478.3065
2026-08-18 17:32:20.340,27474.3915
2026-08-18 17:32:20.760,27470.7653
2026-08-18 17:32:21.179,27467.405
2026-08-18 17:32:21.606,27465.0038
2026-08-18 17:32:22.019,27461.8018
2026-08-18 17:32:22.433,27459.1785
2026-08-18 17:32:22.850,27465.3188
2026-08-18 17:32:23.275,27474.4884
2026-08-18 17:32:23.694,27488.6141
2026-08-18 17:32:24.111,27510.4809
2026-08-18 17:32:24.525,27544.9452
2026-08-18 17:32:24.950,27604.4651
2026-08-18 17:32:25.363,27695.8261
2026-08-18 17:32:25.778,27821.1884
2026-08-18 17:32:26.191,27970.0786
2026-08-18 17:32:26.605,28131.1403
2026-08-18 17:32:27.072,28321.5279
2026-08-18 17:32:27.484,28495.2758
2026-08-18 17:32:27.896,28671.5452
2026-08-18 17:32:28.308,28671.1831
2026-08-18 17:32:28.721,28489.3941
2026-08-18 17:32:29.187,28288.4377
2026-08-18 17:32:29.608,28114.6446
2026-08-18 17:32:30.020,27943.6931
2026-08-18 17:32:30.448,27782.9192
2026-08-18 17:32:30.868,27652.7728
2026-08-18 17:32:31.283,27560.2801
2026-08-18 17:32:31.709,27502.2565
2026-08-18 17:32:32.123,27466.8218
2026-08-18 17:32:32.549,27442.1992
2026-08-18 17:32:32.963,27423.5647
2026-08-18 17:32:33.390,27409.9163
2026-08-18 17:32:33.802,27414.0715
2026-08-18 17:32:34.219,27427.4021
2026-08-18 17:32:34.632,27444.7943
2026-08-18 17:32:35.045,27469.8766
2026-08-18 17:32:35.458,27509.8111
2026-08-18 17:32:35.923,27587.2738
2026-08-18 17:32:36.336,27694.9918
2026-08-18 17:32:36.750,27832.8944
2026-08-18 17:32:37.177,27989.1306
2026-08-18 17:32:37.590,28159.47
2026-08-18 17:32:38.023,28336.1297
2026-08-18 17:32:38.436,28513.3093
2026-08-18 17:32:38.865,28691.2081
2026-08-18 17:32:39.277,28878.6593
2026-08-18 17:32:39.691,29061.0797
2026-08-18 17:32:40.111,29247.5833
2026-08-18 17:32:40.528,29439.4394
2026-08-18 17:32:40.940,29631.6376
2026-08-18 17:32:41.367,29824.921
2026-08-18 17:32:41.779,30027.7073
2026-08-18 17:32:42.193,30225.8184
2026-08-18 17:32:42.654,30450.5453
2026-08-18 17:32:43.066,30653.4224
2026-08-18 17:32:43.479,30858.4609
2026-08-18 17:32:43.901,31066.2351
2026-08-18 17:32:44.315,31252.5179
2026-08-18 17:32:44.727,31117.7722
2026-08-18 17:32:45.140,30903.496
2026-08-18 17:32:45.600,30666.5829
2026-08-18 17:32:46.013,30457.0255
2026-08-18 17:32:46.424,30251.1682
2026-08-18 17:32:46.838,30047.7034
2026-08-18 17:32:47.300,29846.6053
2026-08-18 17:32:47.724,29622.2425
2026-08-18 17:32:48.138,29424.4704
2026-08-18 17:32:48.550,29231.2729
2026-08-18 17:32:48.962,29041.986
2026-08-18 17:32:49.375,28854.5067
2026-08-18 17:32:49.805,28670.1062
2026-08-18 17:32:50.219,28480.5211
2026-08-18 17:32:50.632,28302.143
2026-08-18 17:32:51.044,28127.9463
2026-08-18 17:32:51.458,27957.4871
2026-08-18 17:32:51.870,27797.9831
2026-08-18 17:32:52.300,27661.8583
2026-08-18 17:32:52.712,27566.9317
2026-08-18 17:32:53.130,27511.5863
2026-08-18 17:32:53.558,27474.8688
2026-08-18 17:32:53.971,27449.595
2026-08-18 17:32:54.387,27430.394
2026-08-18 17:32:54.809,27414.5159
2026-08-18 17:32:55.236,27404.0338
2026-08-18 17:32:55.649,27400.7097
2026-08-18 17:32:56.063,27398.0491
2026-08-18 17:32:56.476,27393.7369
2026-08-18 17:32:56.889,27388.6415
2026-08-18 17:32:57.300,27383.858
2026-08-18 17:32:57.720,27379.3174
2026-08-18 17:32:58.136,27374.8056
2026-08-18 17:32:58.549,27370.8978
2026-08-18 17:32:58.960,27367.3976
2026-08-18 17:32:59.374,27364.1992
2026-08-18 17:32:59.835,27361.1831
2026-08-18 17:33:00.258,27361.4617
2026-08-18 17:33:00.671,27371.7147
2026-08-18 17:33:01.104,27386.3262
2026-08-18 17:33:01.530,27407.1454
2026-08-18 17:33:01.943,27440.3882
2026-08-18 17:33:02.366,27493.6107
2026-08-18 17:33:02.779,27580.1957
2026-08-18 17:33:03.191,27699.5984
2026-08-18 17:33:03.613,27843.8844
2026-08-18 17:33:04.044,28005.2214
2026-08-18 17:33:04.457,28178.1478
2026-08-18 17:33:04.882,28350.3471
2026-08-18 17:33:05.296,28531.1432
2026-08-18 17:33:05.709,28597.7553
2026-08-18 17:33:06.146,28416.3044
2026-08-18 17:33:06.560,28233.1157
2026-08-18 17:33:06.981,28058.6298
2026-08-18 17:33:07.393,27886.3222
2026-08-18 17:33:07.807,27727.2394
2026-08-18 17:33:08.225,27587.757
2026-08-18 17:33:08.720,27468.0342
2026-08-18 17:33:09.138,27407.4882
2026-08-18 17:33:09.555,27369.1187
2026-08-18 17:33:09.967,27342.845
2026-08-18 17:33:10.409,27323.1117
2026-08-18 17:33:10.823,27308.4266
2026-08-18 17:33:11.238,27310.5462
2026-08-18 17:33:11.651,27323.4524
2026-08-18 17:33:12.122,27340.2425
2026-08-18 17:33:12.541,27369.7849
2026-08-18 17:33:12.955,27411.8392
2026-08-18 17:33:13.366,27481.3854
2026-08-18 17:33:13.793,27587.315
2026-08-18 17:33:14.209,27728.3056
2026-08-18 17:33:14.632,27883.8045
2026-08-18 17:33:15.045,28051.2231
2026-08-18 17:33:15.456,28220.5036
2026-08-18 17:33:15.868,28393.5331
2026-08-18 17:33:16.283,28569.3638
2026-08-18 17:33:16.695,28748.8387
2026-08-18 17:33:17.189,28966.2369
2026-08-18 17:33:17.603,29150.7865
2026-08-18 17:33:18.017,29337.9097
2026-08-18 17:33:18.428,29526.8561
2026-08-18 17:33:18.865,29717.6568
2026-08-18 17:33:19.288,29922.0596
2026-08-18 17:33:19.701,30122.6688
2026-08-18 17:33:20.117,30321.0369
2026-08-18 17:33:20.529,30523.0309
2026-08-18 17:33:20.967,30726.2064
2026-08-18 17:33:21.394,30945.2011
2026-08-18 17:33:21.809,31109.9686
2026-08-18 17:33:22.221,30946.1139
2026-08-18 17:33:22.633,30733.2915
2026-08-18 17:33:23.070,30522.9165
2026-08-18 17:33:23.484,30301.8036
2026-08-18 17:33:23.914,30089.5505
2026-08-18 17:33:24.327,29885.7065
2026-08-18 17:33:24.740,29687.0574
2026-08-18 17:33:25.169,29491.0887
2026-08-18 17:33:25.583,29290.4765
2026-08-18 17:33:25.998,29099.9082
2026-08-18 17:33:26.413,28910.2085
2026-08-18 17:33:26.826,28723.7094
2026-08-18 17:33:27.253,28534.1136
2026-08-18 17:33:27.666,28353.5005
2026-08-18 17:33:28.090,28175.7105
2026-08-18 17:33:28.581,27964.8869
2026-08-18 17:33:29.009,27797.9909
2026-08-18 17:33:29.424,27638.2401
2026-08-18 17:33:29.841,27512.7292
2026-08-18 17:33:30.259,27431.011
2026-08-18 17:33:30.671,27381.4296
2026-08-18 17:33:31.102,27349.4321
2026-08-18 17:33:31.523,27325.4614
2026-08-18 17:33:31.936,27307.1971
2026-08-18 17:33:32.349,27293.0649
2026-08-18 17:33:32.762,27285.1681
2026-08-18 17:33:33.196,27281.8593
2026-08-18 17:33:33.623,27278.2294
2026-08-18 17:33:34.037,27272.9622
2026-08-18 17:33:34.450,27267.6932
2026-08-18 17:33:34.863,27263.1699
2026-08-18 17:33:35.292,27258.688
2026-08-18 17:33:35.705,27254.1277
2026-08-18 17:33:36.118,27250.4969
2026-08-18 17:33:36.546,27247.0933
2026-08-18 17:33:37.009,27242.6377
2026-08-18 17:33:37.431,27237.5307
2026-08-18 17:33:37.843,27240.4775
2026-08-18 17:33:38.254,27251.1215
2026-08-18 17:33:38.675,27266.2517
2026-08-18 17:33:39.101,27289.2367
2026-08-18 17:33:39.518,27326.0727
2026-08-18 17:33:39.945,27386.66
2026-08-18 17:33:40.359,27486.8344
2026-08-18 17:33:40.784,27616.3271
2026-08-18 17:33:41.196,27769.1641
2026-08-18 17:33:41.630,27931.823
2026-08-18 17:33:42.058,28100.4645
2026-08-18 17:33:42.471,28279.7969
2026-08-18 17:33:42.885,28450.3081
2026-08-18 17:33:43.298,28393.1895
2026-08-18 17:33:43.709,28213.4281
2026-08-18 17:33:44.127,28036.2682
2026-08-18 17:33:44.554,27861.5121
2026-08-18 17:33:44.966,27691.2258
2026-08-18 17:33:45.387,27538.1782
2026-08-18 17:33:45.806,27407.213
2026-08-18 17:33:46.234,27317.1638
2026-08-18 17:33:46.647,27260.4867
2026-08-18 17:33:47.058,27225.3701
2026-08-18 17:33:47.484,27199.8303
2026-08-18 17:33:47.914,27181.7118
2026-08-18 17:33:48.338,27165.9565
2026-08-18 17:33:48.750,27171.0676
2026-08-18 17:33:49.177,27185.2235
2026-08-18 17:33:49.598,27204.0517
2026-08-18 17:33:50.018,27231.2164
2026-08-18 17:33:50.444,27274.5046
2026-08-18 17:33:50.858,27349.108
2026-08-18 17:33:51.294,27462.5772
2026-08-18 17:33:51.721,27604.1564
2026-08-18 17:33:52.133,27764.4123
2026-08-18 17:33:52.556,27927.6212
2026-08-18 17:33:52.969,28099.0496
2026-08-18 17:33:53.386,28270.1317
2026-08-18 17:33:53.804,28446.631
2026-08-18 17:33:54.228,28625.8055
2026-08-18 17:33:54.641,28810.6083
2026-08-18 17:33:55.054,28992.7882
2026-08-18 17:33:55.468,29177.1351
2026-08-18 17:33:55.894,29370.8512
2026-08-18 17:33:56.328,29559.7038
2026-08-18 17:33:56.741,29761.6258
2026-08-18 17:33:57.155,29956.3621
2026-08-18 17:33:57.567,30153.1854
2026-08-18 17:33:58.030,30353.1073
2026-08-18 17:33:58.447,30583.5468
2026-08-18 17:33:58.861,30787.2359
2026-08-18 17:33:59.274,30931.0371
2026-08-18 17:33:59.686,30758.4771
2026-08-18 17:34:00.102,30547.8311
2026-08-18 17:34:00.529,30336.766
2026-08-18 17:34:00.940,30122.9257
2026-08-18 17:34:01.354,29918.9072
2026-08-18 17:34:01.767,29718.9497
2026-08-18 17:34:02.190,29520.9234
2026-08-18 17:34:02.602,29320.5497
2026-08-18 17:34:03.067,29104.956
2026-08-18 17:34:03.485,28914.2309
2026-08-18 17:34:03.898,28725.5641
2026-08-18 17:34:04.312,28544.7738
2026-08-18 17:34:04.737,28365.8879
2026-08-18 17:34:05.169,28182.8182
2026-08-18 17:34:05.588,28003.4185
2026-08-18 17:34:06.084,27798.9256
2026-08-18 17:34:06.531,27622.0217
2026-08-18 17:34:06.944,27472.5936
2026-08-18 17:34:07.363,27357.885
2026-08-18 17:34:07.825,27278.8101
2026-08-18 17:34:08.236,27237.282
2026-08-18 17:34:08.649,27208.7055
2026-08-18 17:34:09.061,27186.4307
2026-08-18 17:34:09.487,27169.9461
2026-08-18 17:34:09.899,27157.5346
2026-08-18 17:34:10.330,27154.2163
2026-08-18 17:34:10.747,27151.3808
2026-08-18 17:34:11.167,27148.9266
2026-08-18 17:34:11.579,27144.8517
2026-08-18 17:34:11.992,27141.1393
2026-08-18 17:34:12.452,27137.9964
2026-08-18 17:34:12.873,27135.0177
2026-08-18 17:34:13.297,27130.6198
2026-08-18 17:34:13.714,27125.5372
2026-08-18 17:34:14.126,27120.141
2026-08-18 17:34:14.556,27113.6217
2026-08-18 17:34:14.970,27110.2031
2026-08-18 17:34:15.394,27123.005
2026-08-18 17:34:15.807,27136.6266
2026-08-18 17:34:16.220,27153.4851
2026-08-18 17:34:16.660,27180.1372
2026-08-18 17:34:17.072,27223.422
2026-08-18 17:34:17.486,27292.1978
2026-08-18 17:34:17.911,27395.8994
2026-08-18 17:34:18.325,27534.2717
2026-08-18 17:34:18.761,27685.6325
2026-08-18 17:34:19.185,27856.0723
2026-08-18 17:34:19.598,28029.0331
2026-08-18 17:34:20.011,28200.5068
2026-08-18 17:34:20.438,28353.7726
2026-08-18 17:34:20.870,28239.2807
2026-08-18 17:34:21.283,28053.3267
2026-08-18 17:34:21.705,27878.6085
2026-08-18 17:34:22.123,27704.1744
2026-08-18 17:34:22.548,27540.2236
2026-08-18 17:34:22.962,27388.7824
2026-08-18 17:34:23.388,27268.2631
2026-08-18 17:34:23.801,27192.6347
2026-08-18 17:34:24.223,27146.6855
2026-08-18 17:34:24.650,27118.7926
2026-08-18 17:34:25.062,27095.6905
2026-08-18 17:34:25.479,27080.9761
2026-08-18 17:34:25.905,27071.9836
2026-08-18 17:34:26.318,27081.9864
2026-08-18 17:34:26.730,27096.0127
2026-08-18 17:34:27.142,27115.3157
2026-08-18 17:34:27.562,27145.1439
2026-08-18 17:34:28.030,27202.9945
2026-08-18 17:34:28.443,27287.1948
2026-08-18 17:34:28.855,27406.6469
2026-08-18 17:34:29.277,27550.3264
2026-08-18 17:34:29.694,27710.676
2026-08-18 17:34:30.126,27877.2941
2026-08-18 17:34:30.543,28055.8628
2026-08-18 17:34:30.956,28231.0007
2026-08-18 17:34:31.370,28412.4595
2026-08-18 17:34:31.801,28603.3548
2026-08-18 17:34:32.230,28787.7116
2026-08-18 17:34:32.642,28976.7796
2026-08-18 17:34:33.054,29158.4952
2026-08-18 17:34:33.475,29334.2168
2026-08-18 17:34:33.941,29522.6746
2026-08-18 17:34:34.358,29740.0141
2026-08-18 17:34:34.778,29933.6409
2026-08-18 17:34:35.194,30133.948
2026-08-18 17:34:35.607,30333.8259
2026-08-18 17:34:36.019,30534.5686
2026-08-18 17:34:36.440,30738.1368
2026-08-18 17:34:36.853,30798.6972
2026-08-18 17:34:37.267,30590.0299
2026-08-18 17:34:37.679,30380.048
2026-08-18 17:34:38.143,30175.4465
2026-08-18 17:34:38.562,29946.4955
2026-08-18 17:34:38.979,29747.327
2026-08-18 17:34:39.392,29549.3296
2026-08-18 17:34:39.819,29345.5072
2026-08-18 17:34:40.246,29151.2889
2026-08-18 17:34:40.660,28953.8911
2026-08-18 17:34:41.073,28765.5687
2026-08-18 17:34:41.486,28580.3347
2026-08-18 17:34:41.901,28397.9719
2026-08-18 17:34:42.314,28218.9689
2026-08-18 17:34:42.742,28043.2831
2026-08-18 17:34:43.207,27843.3216
2026-08-18 17:34:43.652,27659.6366
2026-08-18 17:34:44.065,27496.5954
2026-08-18 17:34:44.479,27352.4191
2026-08-18 17:34:44.891,27244.5339
2026-08-18 17:34:45.327,27178.4112
2026-08-18 17:34:45.741,27135.3805
2026-08-18 17:34:46.168,27106.8403
2026-08-18 17:34:46.581,27084.8273
2026-08-18 17:34:46.994,27068.7983
2026-08-18 17:34:47.433,27056.3861
2026-08-18 17:34:47.860,27050.8712
2026-08-18 17:34:48.273,27046.6789
2026-08-18 17:34:48.685,27043.0688
2026-08-18 17:34:49.107,27037.39
2026-08-18 17:34:49.540,27031.7844
2026-08-18 17:34:49.952,27027.0072
2026-08-18 17:34:50.367,27022.5463
2026-08-18 17:34:50.779,27018.5282
2026-08-18 17:34:51.244,27015.1504
2026-08-18 17:34:51.673,27011.2873
2026-08-18 17:34:52.086,27007.2649
2026-08-18 17:34:52.506,27004.9007
2026-08-18 17:34:52.920,27012.7586
2026-08-18 17:34:53.339,27024.8217
2026-08-18 17:34:53.757,27042.2653
2026-08-18 17:34:54.172,27068.8523
2026-08-18 17:34:54.586,27112.306
2026-08-18 17:34:54.998,27183.03
2026-08-18 17:34:55.459,27288.6432
2026-08-18 17:34:55.884,27440.6464
2026-08-18 17:34:56.298,27595.1045
2026-08-18 17:34:56.710,27756.2513
2026-08-18 17:34:57.122,27922.2301
2026-08-18 17:34:57.536,28091.213
2026-08-18 17:34:57.953,28220.5997
2026-08-18 17:34:58.366,28082.6856
2026-08-18 17:34:58.782,27907.3475
2026-08-18 17:34:59.195,27734.9456
2026-08-18 17:34:59.618,27568.5474
2026-08-18 17:35:00.030,27405.548
2026-08-18 17:35:00.444,27261.4749
2026-08-18 17:35:00.886,27147.5837
2026-08-18 17:35:01.301,27068.444
2026-08-18 17:35:01.714,27023.1566
2026-08-18 17:35:02.138,26992.0207
2026-08-18 17:35:02.551,26970.9803
2026-08-18 17:35:03.024,26953.9193
2026-08-18 17:35:03.437,26946.7311
2026-08-18 17:35:03.850,26957.0868
2026-08-18 17:35:04.264,26971.4822
2026-08-18 17:35:04.678,26991.4259
2026-08-18 17:35:05.117,27021.5991
2026-08-18 17:35:05.531,27075.4803
2026-08-18 17:35:05.955,27158.5547
2026-08-18 17:35:06.369,27279.784
2026-08-18 17:35:06.782,27422.7037
2026-08-18 17:35:07.243,27596.5978
2026-08-18 17:35:07.654,27759.3638
2026-08-18 17:35:08.068,27925.7852
2026-08-18 17:35:08.500,28103.3351
2026-08-18 17:35:08.916,28278.5019
2026-08-18 17:35:09.329,28455.8125
2026-08-18 17:35:09.742,28634.6527
2026-08-18 17:35:10.159,28817.8525
2026-08-18 17:35:10.572,29001.4588
2026-08-18 17:35:11.005,29194.8523
2026-08-18 17:35:11.418,29385.8048
2026-08-18 17:35:11.830,29576.4518
2026-08-18 17:35:12.272,29769.7801
2026-08-18 17:35:12.684,29979.8924
2026-08-18 17:35:13.096,30178.1515
2026-08-18 17:35:13.520,30378.2517
2026-08-18 17:35:13.934,30587.2883
2026-08-18 17:35:14.394,30666.7335
2026-08-18 17:35:14.806,30465.0514
2026-08-18 17:35:15.220,30257.9617
2026-08-18 17:35:15.632,30054.244
2026-08-18 17:35:16.048,29853.5427
2026-08-18 17:35:16.469,29653.6671
2026-08-18 17:35:16.958,29418.3077
2026-08-18 17:35:17.371,29226.3471
2026-08-18 17:35:17.797,29037.1606
2026-08-18 17:35:18.214,28846.1691
2026-08-18 17:35:18.653,28660.4339
2026-08-18 17:35:19.079,28461.4011
2026-08-18 17:35:19.492,28283.7922
2026-08-18 17:35:19.914,28108.1919
2026-08-18 17:35:20.328,27931.6799
2026-08-18 17:35:20.753,27761.7049
2026-08-18 17:35:21.165,27591.3772
2026-08-18 17:35:21.578,27432.8668
2026-08-18 17:35:21.991,27289.0393
2026-08-18 17:35:22.404,27177.7981
2026-08-18 17:35:22.831,27108.3899
2026-08-18 17:35:23.330,27059.7607
2026-08-18 17:35:23.744,27034.1643
2026-08-18 17:35:24.157,27015.5733
2026-08-18 17:35:24.569,27001.7164
2026-08-18 17:35:25.009,26991.4674
2026-08-18 17:35:25.420,26989.2738
2026-08-18 17:35:25.834,26987.8277
2026-08-18 17:35:26.246,26986.7212
2026-08-18 17:35:26.710,26985.0382
2026-08-18 17:35:27.139,26983.1031
2026-08-18 17:35:27.564,26984.0542
2026-08-18 17:35:27.977,26979.6429
2026-08-18 17:35:28.390,26972.9267
2026-08-18 17:35:28.822,26969.9319
2026-08-18 17:35:29.236,26967.8931
2026-08-18 17:35:29.652,26965.8448
2026-08-18 17:35:30.066,26967.7556
2026-08-18 17:35:30.480,26979.518
2026-08-18 17:35:30.908,26994.3387
2026-08-18 17:35:31.327,27014.3206
2026-08-18 17:35:31.739,27043.0494
2026-08-18 17:35:32.153,27088.5109
2026-08-18 17:35:32.565,27162.0343
2026-08-18 17:35:32.976,27269.4113
2026-08-18 17:35:33.402,27409.6021
2026-08-18 17:35:33.816,27561.3023
2026-08-18 17:35:34.238,27721.5141
2026-08-18 17:35:34.664,27889.7689
2026-08-18 17:35:35.077,28062.5649
2026-08-18 17:35:35.490,28210.33
2026-08-18 17:35:35.903,28101.2743
2026-08-18 17:35:36.369,27903.9407
2026-08-18 17:35:36.803,27726.705
2026-08-18 17:35:37.215,27558.2662
2026-08-18 17:35:37.636,27400.2464
2026-08-18 17:35:38.049,27252.9344
2026-08-18 17:35:38.468,27137.6318
2026-08-18 17:35:38.894,27062.3013
2026-08-18 17:35:39.306,27013.9216
2026-08-18 17:35:39.718,26985.7012
2026-08-18 17:35:40.130,26965.4977
2026-08-18 17:35:40.567,26950.7415
2026-08-18 17:35:40.993,26941.3182
2026-08-18 17:35:41.407,26951.3381
2026-08-18 17:35:41.819,26966.5476
2026-08-18 17:35:42.233,26986.8104
2026-08-18 17:35:42.683,27016.6017
2026-08-18 17:35:43.096,27069.6595
2026-08-18 17:35:43.522,27153.0357
2026-08-18 17:35:43.941,27268.9169
2026-08-18 17:35:44.356,27413.1026
2026-08-18 17:35:44.771,27570.4399
2026-08-18 17:35:45.185,27735.419
2026-08-18 17:35:45.598,27904.6684
2026-08-18 17:35:46.020,28074.8838
2026-08-18 17:35:46.434,28251.2152
2026-08-18 17:35:46.875,28428.4565
2026-08-18 17:35:47.307,28627.0953
2026-08-18 17:35:47.719,28815.7872
2026-08-18 17:35:48.145,29004.5786
2026-08-18 17:35:48.571,29191.316
2026-08-18 17:35:48.982,29387.0631
2026-08-18 17:35:49.405,29578.6487
2026-08-18 17:35:49.817,29781.511
2026-08-18 17:35:50.244,29985.6506
2026-08-18 17:35:50.658,30183.4705
2026-08-18 17:35:51.080,30380.9063
2026-08-18 17:35:51.494,30591.2825
2026-08-18 17:35:51.906,30710.071
2026-08-18 17:35:52.342,30519.0001
2026-08-18 17:35:52.754,30306.4696
2026-08-18 17:35:53.184,30094.2047
2026-08-18 17:35:53.598,29891.9339
2026-08-18 17:35:54.011,29699.4529
2026-08-18 17:35:54.424,29508.7447
2026-08-18 17:35:54.837,29316.7964
2026-08-18 17:35:55.274,29127.8524
2026-08-18 17:35:55.686,28930.0374
2026-08-18 17:35:56.114,28740.1367
2026-08-18 17:35:56.526,28557.7148
2026-08-18 17:35:56.944,28378.3814
2026-08-18 17:35:57.356,28200.0378
2026-08-18 17:35:57.768,28027.0802
2026-08-18 17:35:58.180,27856.1459
2026-08-18 17:35:58.600,27688.4234
2026-08-18 17:35:59.029,27523.0076
2026-08-18 17:35:59.441,27366.9175
2026-08-18 17:35:59.854,27245.5466
2026-08-18 17:36:00.267,27166.2529
2026-08-18 17:36:00.681,27119.2985
2026-08-18 17:36:01.108,27088.4181
2026-08-18 17:36:01.523,27065.9877
2026-08-18 17:36:01.951,27049.4618
2026-08-18 17:36:02.364,27036.8808
2026-08-18 17:36:02.777,27030.959
2026-08-18 17:36:03.205,27029.7638
2026-08-18 17:36:03.619,27028.7917
2026-08-18 17:36:04.045,27026.699
2026-08-18 17:36:04.462,27023.9061
2026-08-18 17:36:04.874,27021.5715
2026-08-18 17:36:05.301,27019.6552
2026-08-18 17:36:05.717,27017.7733
2026-08-18 17:36:06.142,27015.9703
2026-08-18 17:36:06.555,27014.0795
2026-08-18 17:36:06.976,27012.5094
2026-08-18 17:36:07.401,27011.2195
2026-08-18 17:36:07.818,27015.2335
2026-08-18 17:36:08.245,27027.838
2026-08-18 17:36:08.672,27045.1687
2026-08-18 17:36:09.092,27069.045
2026-08-18 17:36:09.508,27106.3755
2026-08-18 17:36:09.920,27166.5301
2026-08-18 17:36:10.361,27259.0918
2026-08-18 17:36:10.774,27394.2471
2026-08-18 17:36:11.186,27542.5981
2026-08-18 17:36:11.599,27702.2972
2026-08-18 17:36:12.012,27869.7446
2026-08-18 17:36:12.452,28039.6513
2026-08-18 17:36:12.866,28225.5232
2026-08-18 17:36:13.292,28246.5754
2026-08-18 17:36:13.705,28065.7669
2026-08-18 17:36:14.132,27886.7634
2026-08-18 17:36:14.559,27717.7794
2026-08-18 17:36:14.971,27549.1781
2026-08-18 17:36:15.388,27395.7693
2026-08-18 17:36:15.801,27261.3493
2026-08-18 17:36:16.233,27162.1059
2026-08-18 17:36:16.662,27102.1039
2026-08-18 17:36:17.074,27064.3499
2026-08-18 17:36:17.487,27040.3131
2026-08-18 17:36:17.914,27023.1921
2026-08-18 17:36:18.328,27010.2151
2026-08-18 17:36:18.770,27010.3719
2026-08-18 17:36:19.184,27025.0022
2026-08-18 17:36:19.604,27041.1533
2026-08-18 17:36:20.020,27066.4964
2026-08-18 17:36:20.433,27104.2589
2026-08-18 17:36:20.848,27165.3129
2026-08-18 17:36:21.261,27260.7448
2026-08-18 17:36:21.692,27389.1747
2026-08-18 17:36:22.119,27551.8583
2026-08-18 17:36:22.532,27712.5695
2026-08-18 17:36:22.950,27879.5928
2026-08-18 17:36:23.363,28052.6747
2026-08-18 17:36:23.807,28227.0687
2026-08-18 17:36:24.221,28418.1716
2026-08-18 17:36:24.650,28605.122
2026-08-18 17:36:25.068,28788.5062
2026-08-18 17:36:25.480,28975.9597
2026-08-18 17:36:25.894,29164.3053
2026-08-18 17:36:26.306,29355.3261
2026-08-18 17:36:26.734,29555.0114
2026-08-18 17:36:27.146,29751.489
2026-08-18 17:36:27.559,29949.7681
2026-08-18 17:36:27.994,30149.918
2026-08-18 17:36:28.421,30369.9181
2026-08-18 17:36:28.842,30572.9092
2026-08-18 17:36:29.255,30780.5585
2026-08-18 17:36:29.668,30768.0678
2026-08-18 17:36:30.099,30548.9626
2026-08-18 17:36:30.512,30340.8218
2026-08-18 17:36:30.937,30135.4149
2026-08-18 17:36:31.350,29926.6798
2026-08-18 17:36:31.762,29727.3339
2026-08-18 17:36:32.191,29531.1036
2026-08-18 17:36:32.617,29330.3994
2026-08-18 17:36:33.030,29133.6687
2026-08-18 17:36:33.442,28946.466
2026-08-18 17:36:33.868,28754.5321
2026-08-18 17:36:34.280,28572.3261
2026-08-18 17:36:34.694,28392.6118
2026-08-18 17:36:35.134,28214.3261
2026-08-18 17:36:35.546,28028.5122
2026-08-18 17:36:35.958,27857.4763
2026-08-18 17:36:36.371,27690.4183
2026-08-18 17:36:36.785,27530.2486
2026-08-18 17:36:37.280,27385.209
2026-08-18 17:36:37.695,27257.81
2026-08-18 17:36:38.108,27195.3616
2026-08-18 17:36:38.525,27156.6562
2026-08-18 17:36:38.937,27130.2617
2026-08-18 17:36:39.371,27111.3098
2026-08-18 17:36:39.797,27095.9692
2026-08-18 17:36:40.208,27085.201
2026-08-18 17:36:40.636,27083.0326
2026-08-18 17:36:41.048,27081.7854
2026-08-18 17:36:41.473,27081.0171
2026-08-18 17:36:41.885,27077.9882
2026-08-18 17:36:42.300,27075.4176
2026-08-18 17:36:42.713,27073.2839
2026-08-18 17:36:43.142,27071.102
2026-08-18 17:36:43.579,27068.6535
2026-08-18 17:36:43.991,27065.9204
2026-08-18 17:36:44.419,27063.6195
2026-08-18 17:36:44.844,27061.1661
2026-08-18 17:36:45.256,27058.9235
2026-08-18 17:36:45.680,27057.1737
2026-08-18 17:36:46.093,27055.5487
2026-08-18 17:36:46.509,27053.8992
2026-08-18 17:36:46.923,27052.3677
2026-08-18 17:36:47.350,27051.2903
2026-08-18 17:36:47.776,27051.074
2026-08-18 17:36:48.189,27050.9336
2026-08-18 17:36:48.602,27050.5605
2026-08-18 17:36:49.016,27049.4798
2026-08-18 17:36:49.430,27049.1368
2026-08-18 17:36:49.869,27050.4957
2026-08-18 17:36:50.292,27050.8179
2026-08-18 17:36:50.720,27047.045
2026-08-18 17:36:51.132,27044.7501
2026-08-18 17:36:51.553,27043.7529
2026-08-18 17:36:51.966,27042.928
2026-08-18 17:36:52.387,27042.3866
2026-08-18 17:36:52.800,27041.5768
2026-08-18 17:36:53.219,27041.1671
2026-08-18 17:36:53.645,27040.8133
2026-08-18 17:36:54.062,27040.4008
2026-08-18 17:36:54.475,27040.5572
2026-08-18 17:36:54.888,27040.8736
2026-08-18 17:36:55.301,27041.59
2026-08-18 17:36:55.725,27042.0869
2026-08-18 17:36:56.192,27042.199
2026-08-18 17:36:56.606,27042.517
2026-08-18 17:36:57.020,27043.0175
2026-08-18 17:36:57.433,27043.3412
2026-08-18 17:36:57.856,27043.6088
2026-08-18 17:36:58.277,27043.6355
2026-08-18 17:36:58.691,27043.9276
2026-08-18 17:36:59.114,27043.9407
2026-08-18 17:36:59.538,27044.6566
2026-08-18 17:36:59.951,27045.0674
2026-08-18 17:37:00.391,27045.1964
