Address,GPIB0::22::INSTR
Model,34461A
Serial Number:,MY60051737
Firmware Version,A.03.03-03.15-03.03-00.52-04-03
Start Time,2026-08-18 20:01:32.146
Stop Time,2026-08-18 20:23:12.516
,
Time (s),Channel 1 (Ω)
2026-08-18 20:01:32.628,29287.9482
2026-08-18 20:01:33.084,29289.6317
2026-08-18 20:01:33.496,29291.1925
2026-08-18 20:01:33.923,29292.8528
2026-08-18 20:01:34.336,29294.3673
2026-08-18 20:01:34.774,29295.7924
2026-08-18 20:01:35.186,29297.4688
2026-08-18 20:01:35.613,29298.9025
2026-08-18 20:01:36.039,29300.4105
2026-08-18 20:01:36.452,29301.9593
2026-08-18 20:01:36.881,29303.4857
2026-08-18 20:01:37.299,29305.2753
2026-08-18 20:01:37.713,29306.6257
2026-08-18 20:01:38.125,29308.0545
2026-08-18 20:01:38.591,29309.3691
2026-08-18 20:01:39.022,29310.8994
2026-08-18 20:01:39.434,29312.2479
2026-08-18 20:01:39.845,29313.2647
2026-08-18 20:01:40.271,29314.2616
2026-08-18 20:01:40.694,29315.4548
2026-08-18 20:01:41.106,29316.7032
2026-08-18 20:01:41.520,29317.9291
2026-08-18 20:01:41.932,29319.3241
2026-08-18 20:01:42.344,29320.5529
2026-08-18 20:01:42.756,29321.9549
2026-08-18 20:01:43.193,29323.3817
2026-08-18 20:01:43.605,29324.7158
2026-08-18 20:01:44.027,29326.0082
2026-08-18 20:01:44.450,29327.4452
2026-08-18 20:01:44.862,29328.8889
2026-08-18 20:01:45.296,29330.2003
2026-08-18 20:01:45.712,29331.7928
2026-08-18 20:01:46.126,29333.2667
2026-08-18 20:01:46.563,29334.8862
2026-08-18 20:01:46.987,29336.6403
2026-08-18 20:01:47.408,29338.2585
2026-08-18 20:01:47.831,29339.8674
2026-08-18 20:01:48.246,29341.3589
2026-08-18 20:01:48.660,29343.0562
2026-08-18 20:01:49.073,29344.6743
2026-08-18 20:01:49.514,29346.4297
2026-08-18 20:01:49.928,29348.2432
2026-08-18 20:01:50.350,29349.8895
2026-08-18 20:01:50.763,29351.5058
2026-08-18 20:01:51.189,29353.0939
2026-08-18 20:01:51.603,29354.7808
2026-08-18 20:01:52.016,29356.4353
2026-08-18 20:01:52.429,29357.9994
2026-08-18 20:01:52.842,29359.2762
2026-08-18 20:01:53.255,29360.56
2026-08-18 20:01:53.672,29361.871
2026-08-18 20:01:54.098,29363.1955
2026-08-18 20:01:54.513,29364.6196
2026-08-18 20:01:54.926,29366.2087
2026-08-18 20:01:55.351,29367.5272
2026-08-18 20:01:55.765,29369.1259
2026-08-18 20:01:56.179,29370.6333
2026-08-18 20:01:56.591,29372.0651
2026-08-18 20:01:57.015,29373.6184
2026-08-18 20:01:57.428,29375.0123
2026-08-18 20:01:57.842,29376.2962
2026-08-18 20:01:58.260,29377.578
2026-08-18 20:01:58.684,29378.8834
2026-08-18 20:01:59.105,29380.4412
2026-08-18 20:01:59.524,29382.0417
2026-08-18 20:01:59.938,29383.5551
2026-08-18 20:02:00.350,29385.0669
2026-08-18 20:02:00.818,29386.6654
2026-08-18 20:02:01.244,29388.4922
2026-08-18 20:02:01.657,29390.0277
2026-08-18 20:02:02.069,29391.636
2026-08-18 20:02:02.483,29393.1478
2026-08-18 20:02:02.908,29394.4616
2026-08-18 20:02:03.334,29395.6696
2026-08-18 20:02:03.746,29396.7963
2026-08-18 20:02:04.166,29397.7952
2026-08-18 20:02:04.582,29398.7967
2026-08-18 20:02:05.047,29399.985
2026-08-18 20:02:05.467,29401.4855
2026-08-18 20:02:05.879,29402.7342
2026-08-18 20:02:06.302,29403.9376
2026-08-18 20:02:06.715,29405.0941
2026-08-18 20:02:07.129,29406.3285
2026-08-18 20:02:07.551,29407.8087
2026-08-18 20:02:07.964,29409.3212
2026-08-18 20:02:08.384,29411.0191
2026-08-18 20:02:08.798,29413.0457
2026-08-18 20:02:09.211,29414.8908
2026-08-18 20:02:09.645,29415.772
2026-08-18 20:02:10.063,29415.9313
2026-08-18 20:02:10.483,29416.2211
2026-08-18 20:02:10.904,29416.6642
2026-08-18 20:02:11.316,29416.1296
2026-08-18 20:02:11.747,29415.3877
2026-08-18 20:02:12.159,29413.6063
2026-08-18 20:02:12.582,29411.8392
2026-08-18 20:02:12.995,29411.2346
2026-08-18 20:02:13.460,29409.3255
2026-08-18 20:02:13.886,29406.0053
2026-08-18 20:02:14.298,29403.6256
2026-08-18 20:02:14.710,29400.8255
2026-08-18 20:02:15.123,29396.7236
2026-08-18 20:02:15.538,29392.9326
2026-08-18 20:02:15.961,29390.026
2026-08-18 20:02:16.375,29387.0801
2026-08-18 20:02:16.788,29384.7532
2026-08-18 20:02:17.200,29382.9645
2026-08-18 20:02:17.671,29381.3407
2026-08-18 20:02:18.091,29379.9623
2026-08-18 20:02:18.513,29378.9482
2026-08-18 20:02:18.934,29376.0801
2026-08-18 20:02:19.351,29373.8039
2026-08-18 20:02:19.772,29372.8545
2026-08-18 20:02:20.184,29371.5286
2026-08-18 20:02:20.597,29369.9481
2026-08-18 20:02:21.009,29368.4345
2026-08-18 20:02:21.421,29366.7306
2026-08-18 20:02:21.842,29365.6893
2026-08-18 20:02:22.290,29364.0917
2026-08-18 20:02:22.713,29362.4155
2026-08-18 20:02:23.126,29361.7574
2026-08-18 20:02:23.553,29361.1845
2026-08-18 20:02:23.967,29361.4337
2026-08-18 20:02:24.385,29361.7977
2026-08-18 20:02:24.799,29362.5347
2026-08-18 20:02:25.222,29363.4564
2026-08-18 20:02:25.636,29364.6395
2026-08-18 20:02:26.049,29365.8479
2026-08-18 20:02:26.477,29367.0758
2026-08-18 20:02:26.891,29368.0925
2026-08-18 20:02:27.304,29368.1737
2026-08-18 20:02:27.718,29368.5241
2026-08-18 20:02:28.130,29369.2129
2026-08-18 20:02:28.544,29370.4094
2026-08-18 20:02:29.009,29370.2312
2026-08-18 20:02:29.425,29368.1507
2026-08-18 20:02:29.923,29364.3888
2026-08-18 20:02:30.340,29360.517
2026-08-18 20:02:30.753,29357.7169
2026-08-18 20:02:31.165,29355.9643
2026-08-18 20:02:31.578,29354.8312
2026-08-18 20:02:32.011,29354.2968
2026-08-18 20:02:32.433,29353.2786
2026-08-18 20:02:32.846,29352.2855
2026-08-18 20:02:33.265,29351.855
2026-08-18 20:02:33.679,29351.7079
2026-08-18 20:02:34.109,29351.3023
2026-08-18 20:02:34.521,29351.5247
2026-08-18 20:02:34.945,29350.9616
2026-08-18 20:02:35.359,29349.7572
2026-08-18 20:02:35.773,29348.9115
2026-08-18 20:02:36.250,29348.6562
2026-08-18 20:02:36.663,29348.8666
2026-08-18 20:02:37.074,29349.1907
2026-08-18 20:02:37.501,29350.0234
2026-08-18 20:02:37.926,29350.9521
2026-08-18 20:02:38.339,29350.4711
2026-08-18 20:02:38.755,29349.4198
2026-08-18 20:02:39.172,29348.0074
2026-08-18 20:02:39.598,29346.5185
2026-08-18 20:02:40.011,29345.6773
2026-08-18 20:02:40.433,29345.1415
2026-08-18 20:02:40.844,29345.1748
2026-08-18 20:02:41.270,29345.3806
2026-08-18 20:02:41.682,29345.6283
2026-08-18 20:02:42.105,29344.9476
2026-08-18 20:02:42.536,29344.9803
2026-08-18 20:02:42.949,29346.0734
2026-08-18 20:02:43.362,29347.3284
2026-08-18 20:02:43.782,29348.458
2026-08-18 20:02:44.208,29348.7698
2026-08-18 20:02:44.621,29348.0151
2026-08-18 20:02:45.034,29347.9558
2026-08-18 20:02:45.446,29347.225
2026-08-18 20:02:45.862,29346.3833
2026-08-18 20:02:46.275,29346.0467
2026-08-18 20:02:46.754,29345.7984
2026-08-18 20:02:47.167,29345.1908
2026-08-18 20:02:47.586,29344.8084
2026-08-18 20:02:48.013,29345.3198
2026-08-18 20:02:48.426,29346.1776
2026-08-18 20:02:48.838,29345.5893
2026-08-18 20:02:49.260,29344.1988
2026-08-18 20:02:49.680,29343.0358
2026-08-18 20:02:50.100,29342.1101
2026-08-18 20:02:50.525,29341.0359
2026-08-18 20:02:50.943,29340.5478
2026-08-18 20:02:51.355,29340.4062
2026-08-18 20:02:51.769,29340.3857
2026-08-18 20:02:52.194,29340.4177
2026-08-18 20:02:52.607,29340.5605
2026-08-18 20:02:53.045,29340.7582
2026-08-18 20:02:53.458,29340.9131
2026-08-18 20:02:53.885,29340.7049
2026-08-18 20:02:54.309,29340.2472
2026-08-18 20:02:54.734,29339.6894
2026-08-18 20:02:55.147,29339.0872
2026-08-18 20:02:55.572,29338.485
2026-08-18 20:02:55.990,29337.9117
2026-08-18 20:02:56.404,29337.2946
2026-08-18 20:02:56.817,29336.6822
2026-08-18 20:02:57.230,29336.0736
2026-08-18 20:02:57.652,29335.5675
2026-08-18 20:02:58.069,29334.8926
2026-08-18 20:02:58.497,29334.1985
2026-08-18 20:02:58.914,29333.4063
2026-08-18 20:02:59.327,29332.7711
2026-08-18 20:02:59.755,29332.2656
2026-08-18 20:03:00.168,29331.8346
2026-08-18 20:03:00.595,29331.2264
2026-08-18 20:03:01.008,29330.7359
2026-08-18 20:03:01.426,29330.3375
2026-08-18 20:03:01.839,29330.0085
2026-08-18 20:03:02.251,29329.8354
2026-08-18 20:03:02.663,29329.7775
2026-08-18 20:03:03.130,29329.8662
2026-08-18 20:03:03.560,29330.1938
2026-08-18 20:03:03.976,29330.5505
2026-08-18 20:03:04.389,29330.9326
2026-08-18 20:03:04.813,29331.1094
2026-08-18 20:03:05.229,29331.0358
2026-08-18 20:03:05.655,29331.3245
2026-08-18 20:03:06.082,29331.511
2026-08-18 20:03:06.494,29331.4262
2026-08-18 20:03:06.907,29331.1001
2026-08-18 20:03:07.319,29330.8187
2026-08-18 20:03:07.739,29330.5353
2026-08-18 20:03:08.164,29330.5297
2026-08-18 20:03:08.577,29330.8525
2026-08-18 20:03:08.990,29331.2695
2026-08-18 20:03:09.403,29331.7722
2026-08-18 20:03:09.849,29332.5113
2026-08-18 20:03:10.261,29333.4527
2026-08-18 20:03:10.687,29334.0332
2026-08-18 20:03:11.101,29334.6759
2026-08-18 20:03:11.518,29335.483
2026-08-18 20:03:11.949,29336.4384
2026-08-18 20:03:12.368,29337.5124
2026-08-18 20:03:12.781,29348.5134
2026-08-18 20:03:13.195,29383.08
2026-08-18 20:03:13.608,29428.0897
2026-08-18 20:03:14.021,29489.3342
2026-08-18 20:03:14.433,29574.7625
2026-08-18 20:03:14.845,29692.4506
2026-08-18 20:03:15.259,29842.5205
2026-08-18 20:03:15.671,30019.0874
2026-08-18 20:03:16.089,30212.7845
2026-08-18 20:03:16.525,30428.0452
2026-08-18 20:03:16.940,30645.0697
2026-08-18 20:03:17.364,30865.2987
2026-08-18 20:03:17.778,31095.7178
2026-08-18 20:03:18.206,31333.5653
2026-08-18 20:03:18.625,31565.4978
2026-08-18 20:03:19.046,31804.8876
2026-08-18 20:03:19.463,32049.648
2026-08-18 20:03:19.876,32295.3264
2026-08-18 20:03:20.291,32540.861
2026-08-18 20:03:20.704,32791.2474
2026-08-18 20:03:21.116,33042.491
2026-08-18 20:03:21.530,33298.1258
2026-08-18 20:03:21.956,33557.582
2026-08-18 20:03:22.371,33829.2507
2026-08-18 20:03:22.785,34097.1252
2026-08-18 20:03:23.199,34366.632
2026-08-18 20:03:23.615,34421.0304
2026-08-18 20:03:24.032,34148.6124
2026-08-18 20:03:24.446,33876.8872
2026-08-18 20:03:24.882,33609.2124
2026-08-18 20:03:25.316,33323.3423
2026-08-18 20:03:25.728,33061.0179
2026-08-18 20:03:26.141,32806.486
2026-08-18 20:03:26.568,32554.0726
2026-08-18 20:03:26.980,32296.571
2026-08-18 20:03:27.394,32051.1809
2026-08-18 20:03:27.816,31807.8903
2026-08-18 20:03:28.228,31563.5842
2026-08-18 20:03:28.642,31328.8322
2026-08-18 20:03:29.124,31067.835
2026-08-18 20:03:29.542,30833.0217
2026-08-18 20:03:29.968,30608.8654
2026-08-18 20:03:30.386,30387.9028
2026-08-18 20:03:30.799,30182.915
2026-08-18 20:03:31.213,30002.9513
2026-08-18 20:03:31.626,29860.1041
2026-08-18 20:03:32.059,29753.8629
2026-08-18 20:03:32.471,29680.51
2026-08-18 20:03:32.892,29626.8196
2026-08-18 20:03:33.318,29584.9334
2026-08-18 20:03:33.731,29552.2356
2026-08-18 20:03:34.162,29527.9723
2026-08-18 20:03:34.574,29534.4377
2026-08-18 20:03:34.988,29554.627
2026-08-18 20:03:35.402,29582.8268
2026-08-18 20:03:35.820,29623.9181
2026-08-18 20:03:36.248,29687.6195
2026-08-18 20:03:36.660,29787.9488
2026-08-18 20:03:37.073,29926.4105
2026-08-18 20:03:37.495,30100.0997
2026-08-18 20:03:37.909,30300.1104
2026-08-18 20:03:38.376,30536.3952
2026-08-18 20:03:38.789,30753.3496
2026-08-18 20:03:39.215,30975.8455
2026-08-18 20:03:39.629,31171.5705
2026-08-18 20:03:40.061,31008.373
2026-08-18 20:03:40.473,30777.9549
2026-08-18 20:03:40.887,30555.5129
2026-08-18 20:03:41.301,30339.3201
2026-08-18 20:03:41.715,30135.3311
2026-08-18 20:03:42.139,29951.3243
2026-08-18 20:03:42.565,29798.6662
2026-08-18 20:03:42.977,29689.1834
2026-08-18 20:03:43.399,29615.7844
2026-08-18 20:03:43.814,29562.126
2026-08-18 20:03:44.239,29522.7658
2026-08-18 20:03:44.666,29492.0044
2026-08-18 20:03:45.085,29473.2992
2026-08-18 20:03:45.505,29488.3632
2026-08-18 20:03:45.932,29513.7587
2026-08-18 20:03:46.346,29549.9995
2026-08-18 20:03:46.762,29601.2038
2026-08-18 20:03:47.176,29678.6183
2026-08-18 20:03:47.590,29793.0508
2026-08-18 20:03:48.003,29947.0899
2026-08-18 20:03:48.416,30130.7667
2026-08-18 20:03:48.829,30330.9314
2026-08-18 20:03:49.245,30541.8334
2026-08-18 20:03:49.659,30761.1155
2026-08-18 20:03:50.072,30983.7254
2026-08-18 20:03:50.486,31157.5107
2026-08-18 20:03:50.911,30985.6935
2026-08-18 20:03:51.338,30752.715
2026-08-18 20:03:51.751,30524.0016
2026-08-18 20:03:52.162,30309.8505
2026-08-18 20:03:52.579,30104.4828
2026-08-18 20:03:53.003,29922.4795
2026-08-18 20:03:53.415,29770.8971
2026-08-18 20:03:53.831,29665.5391
2026-08-18 20:03:54.247,29592.5857
2026-08-18 20:03:54.675,29541.2971
2026-08-18 20:03:55.088,29502.7112
2026-08-18 20:03:55.507,29474.9085
2026-08-18 20:03:55.923,29459.3252
2026-08-18 20:03:56.350,29477.8548
2026-08-18 20:03:56.764,29506.4629
2026-08-18 20:03:57.192,29545.9981
2026-08-18 20:03:57.612,29601.3706
2026-08-18 20:03:58.025,29685.175
2026-08-18 20:03:58.462,29811.3988
2026-08-18 20:03:58.875,29976.2664
2026-08-18 20:03:59.291,30164.6925
2026-08-18 20:03:59.704,30369.7379
2026-08-18 20:04:00.118,30582.7068
2026-08-18 20:04:00.530,30801.4738
2026-08-18 20:04:00.961,31031.9539
2026-08-18 20:04:01.388,31164.5447
2026-08-18 20:04:01.801,30953.5207
2026-08-18 20:04:02.214,30728.6869
2026-08-18 20:04:02.638,30508.4902
2026-08-18 20:04:03.054,30290.2523
2026-08-18 20:04:03.466,30088.0073
2026-08-18 20:04:03.879,29909.3536
2026-08-18 20:04:04.293,29766.3253
2026-08-18 20:04:04.758,29665.0133
2026-08-18 20:04:05.209,29584.5535
2026-08-18 20:04:05.621,29537.9194
2026-08-18 20:04:06.033,29504.2097
2026-08-18 20:04:06.454,29478.579
2026-08-18 20:04:06.883,29465.7541
2026-08-18 20:04:07.301,29464.7874
2026-08-18 20:04:07.715,29464.8275
2026-08-18 20:04:08.130,29462.8591
2026-08-18 20:04:08.590,29460.7846
2026-08-18 20:04:09.012,29459.1203
2026-08-18 20:04:09.426,29457.859
2026-08-18 20:04:09.842,29457.182
2026-08-18 20:04:10.255,29456.4983
2026-08-18 20:04:10.680,29456.0354
2026-08-18 20:04:11.111,29455.4635
2026-08-18 20:04:11.525,29454.9256
2026-08-18 20:04:11.938,29467.3243
2026-08-18 20:04:12.365,29496.2177
2026-08-18 20:04:12.778,29532.9681
2026-08-18 20:04:13.191,29582.8244
2026-08-18 20:04:13.618,29654.7504
2026-08-18 20:04:14.032,29763.0162
2026-08-18 20:04:14.444,29906.7294
2026-08-18 20:04:14.856,30080.8673
2026-08-18 20:04:15.321,30302.0957
2026-08-18 20:04:15.747,30510.0313
2026-08-18 20:04:16.158,30732.9584
2026-08-18 20:04:16.572,30953.0721
2026-08-18 20:04:16.986,31178.4949
2026-08-18 20:04:17.408,31408.2123
2026-08-18 20:04:17.820,31646.1307
2026-08-18 20:04:18.232,31881.6216
2026-08-18 20:04:18.644,32120.0027
2026-08-18 20:04:19.057,32362.107
2026-08-18 20:04:19.475,32607.1514
2026-08-18 20:04:19.967,32907.2627
2026-08-18 20:04:20.379,33159.5583
2026-08-18 20:04:20.790,33414.7474
2026-08-18 20:04:21.204,33672.1218
2026-08-18 20:04:21.680,33965.4111
2026-08-18 20:04:22.101,34240.5299
2026-08-18 20:04:22.519,34454.2198
2026-08-18 20:04:22.933,34252.1938
2026-08-18 20:04:23.360,33983.2433
2026-08-18 20:04:23.774,33708.3489
2026-08-18 20:04:24.188,33446.4607
2026-08-18 20:04:24.601,33187.891
2026-08-18 20:04:25.025,32933.4242
2026-08-18 20:04:25.438,32675.4835
2026-08-18 20:04:25.865,32427.2267
2026-08-18 20:04:26.287,32174.852
2026-08-18 20:04:26.699,31927.4338
2026-08-18 20:04:27.111,31689.5441
2026-08-18 20:04:27.575,31455.577
2026-08-18 20:04:27.993,31194.2456
2026-08-18 20:04:28.410,30967.4422
2026-08-18 20:04:28.823,30743.3255
2026-08-18 20:04:29.249,30526.6955
2026-08-18 20:04:29.663,30312.6167
2026-08-18 20:04:30.083,30123.6157
2026-08-18 20:04:30.509,29964.644
2026-08-18 20:04:30.928,29848.9541
2026-08-18 20:04:31.340,29771.5048
2026-08-18 20:04:31.753,29717.108
2026-08-18 20:04:32.180,29676.2152
2026-08-18 20:04:32.593,29643.6084
2026-08-18 20:04:33.006,29619.0753
2026-08-18 20:04:33.426,29607.9685
2026-08-18 20:04:33.839,29623.2892
2026-08-18 20:04:34.265,29644.6475
2026-08-18 20:04:34.677,29676.0684
2026-08-18 20:04:35.152,29728.0911
2026-08-18 20:04:35.569,29804.9569
2026-08-18 20:04:35.982,29920.6291
2026-08-18 20:04:36.399,30076.8618
2026-08-18 20:04:36.816,30265.6508
2026-08-18 20:04:37.244,30471.565
2026-08-18 20:04:37.656,30693.2804
2026-08-18 20:04:38.077,30913.3383
2026-08-18 20:04:38.504,31143.5714
2026-08-18 20:04:38.922,31189.3014
2026-08-18 20:04:39.349,30959.6844
2026-08-18 20:04:39.760,30729.5406
2026-08-18 20:04:40.174,30512.821
2026-08-18 20:04:40.590,30303.7998
2026-08-18 20:04:41.017,30109.7203
2026-08-18 20:04:41.471,29926.9786
2026-08-18 20:04:41.884,29811.7973
2026-08-18 20:04:42.300,29733.9236
2026-08-18 20:04:42.713,29679.3373
2026-08-18 20:04:43.125,29640.4815
2026-08-18 20:04:43.566,29611.5079
2026-08-18 20:04:43.978,29588.1906
2026-08-18 20:04:44.392,29591.7411
2026-08-18 20:04:44.818,29613.8926
2026-08-18 20:04:45.232,29643.9386
2026-08-18 20:04:45.662,29684.6607
2026-08-18 20:04:46.082,29747.6294
2026-08-18 20:04:46.496,29841.6397
2026-08-18 20:04:46.910,29975.9339
2026-08-18 20:04:47.322,30147.5525
2026-08-18 20:04:47.804,30369.1481
2026-08-18 20:04:48.215,30586.6395
2026-08-18 20:04:48.637,30803.7391
2026-08-18 20:04:49.063,31031.4325
2026-08-18 20:04:49.474,31250.7944
2026-08-18 20:04:49.897,31143.693
2026-08-18 20:04:50.323,30913.0534
2026-08-18 20:04:50.742,30684.5688
2026-08-18 20:04:51.155,30466.1217
2026-08-18 20:04:51.567,30260.7346
2026-08-18 20:04:51.996,30071.9742
2026-08-18 20:04:52.410,29915.5691
2026-08-18 20:04:52.824,29807.0977
2026-08-18 20:04:53.238,29734.0318
2026-08-18 20:04:53.650,29683.3578
2026-08-18 20:04:54.083,29646.8952
2026-08-18 20:04:54.498,29618.4424
2026-08-18 20:04:54.910,29599.8371
2026-08-18 20:04:55.333,29612.328
2026-08-18 20:04:55.746,29637.632
2026-08-18 20:04:56.222,29675.9584
2026-08-18 20:04:56.647,29726.4055
2026-08-18 20:04:57.061,29802.8238
2026-08-18 20:04:57.475,29914.69
2026-08-18 20:04:57.901,30073.378
2026-08-18 20:04:58.315,30258.1356
2026-08-18 20:04:58.729,30461.3615
2026-08-18 20:04:59.155,30675.2618
2026-08-18 20:04:59.569,30902.3853
2026-08-18 20:04:59.985,31126.8263
2026-08-18 20:05:00.406,31300.2223
2026-08-18 20:05:00.828,31120.6224
2026-08-18 20:05:01.241,30890.1781
2026-08-18 20:05:01.669,30662.2053
2026-08-18 20:05:02.082,30448.8572
2026-08-18 20:05:02.503,30246.0716
2026-08-18 20:05:02.917,30061.4379
2026-08-18 20:05:03.330,29917.0602
2026-08-18 20:05:03.751,29815.9103
2026-08-18 20:05:04.168,29746.5449
2026-08-18 20:05:04.601,29699.2802
2026-08-18 20:05:05.026,29663.4429
2026-08-18 20:05:05.443,29637.5067
2026-08-18 20:05:05.856,29622.1693
2026-08-18 20:05:06.269,29621.7493
2026-08-18 20:05:06.705,29621.9529
2026-08-18 20:05:07.138,29622.3176
2026-08-18 20:05:07.551,29620.6734
2026-08-18 20:05:07.965,29619.5675
2026-08-18 20:05:08.377,29618.956
2026-08-18 20:05:08.801,29619.6409
2026-08-18 20:05:09.222,29621.2946
2026-08-18 20:05:09.639,29623.3875
2026-08-18 20:05:10.051,29625.0449
2026-08-18 20:05:10.463,29626.5807
2026-08-18 20:05:10.874,29632.1833
2026-08-18 20:05:11.317,29655.0908
2026-08-18 20:05:11.739,29686.234
2026-08-18 20:05:12.152,29729.9455
2026-08-18 20:05:12.613,29793.3597
2026-08-18 20:05:13.044,29897.9422
2026-08-18 20:05:13.457,30031.7307
2026-08-18 20:05:13.881,30199.9557
2026-08-18 20:05:14.294,30397.9251
2026-08-18 20:05:14.712,30604.1606
2026-08-18 20:05:15.131,30824.6592
2026-08-18 20:05:15.554,31046.6242
2026-08-18 20:05:15.966,31277.5648
2026-08-18 20:05:16.379,31507.0092
2026-08-18 20:05:16.792,31740.6802
2026-08-18 20:05:17.231,31977.9009
2026-08-18 20:05:17.647,32233.4423
2026-08-18 20:05:18.061,32478.9999
2026-08-18 20:05:18.476,32726.4653
2026-08-18 20:05:18.889,32978.1587
2026-08-18 20:05:19.356,33264.4298
2026-08-18 20:05:19.769,33522.1636
2026-08-18 20:05:20.181,33781.9085
2026-08-18 20:05:20.594,34044.5815
2026-08-18 20:05:21.006,34311.6635
2026-08-18 20:05:21.444,34581.521
2026-08-18 20:05:21.856,34550.6027
2026-08-18 20:05:22.277,34282.1036
2026-08-18 20:05:22.704,34010.098
2026-08-18 20:05:23.117,33736.6205
2026-08-18 20:05:23.544,33467.1923
2026-08-18 20:05:23.956,33210.1404
2026-08-18 20:05:24.372,32957.2119
2026-08-18 20:05:24.784,32705.0176
2026-08-18 20:05:25.197,32458.9397
2026-08-18 20:05:25.624,32215.2895
2026-08-18 20:05:26.115,31921.3867
2026-08-18 20:05:26.527,31685.2545
2026-08-18 20:05:26.939,31452.9813
2026-08-18 20:05:27.366,31224.6364
2026-08-18 20:05:27.780,30993.0252
2026-08-18 20:05:28.207,30766.1059
2026-08-18 20:05:28.635,30547.6488
2026-08-18 20:05:29.047,30351.7408
2026-08-18 20:05:29.460,30185.9312
2026-08-18 20:05:29.872,30063.3142
2026-08-18 20:05:30.286,29980.0049
2026-08-18 20:05:30.699,29921.8826
2026-08-18 20:05:31.115,29879.3537
2026-08-18 20:05:31.528,29846.8104
2026-08-18 20:05:31.942,29821.431
2026-08-18 20:05:32.403,29803.5795
2026-08-18 20:05:32.820,29814.9951
2026-08-18 20:05:33.234,29834.5388
2026-08-18 20:05:33.647,29861.966
2026-08-18 20:05:34.060,29901.1907
2026-08-18 20:05:34.474,29960.5896
2026-08-18 20:05:34.900,30053.7265
2026-08-18 20:05:35.318,30195.2045
2026-08-18 20:05:35.745,30373.6626
2026-08-18 20:05:36.157,30580.6756
2026-08-18 20:05:36.583,30800.07
2026-08-18 20:05:37.016,31020.9685
2026-08-18 20:05:37.428,31258.0888
2026-08-18 20:05:37.841,31429.0516
2026-08-18 20:05:38.254,31250.7726
2026-08-18 20:05:38.725,31024.383
2026-08-18 20:05:39.144,30769.2574
2026-08-18 20:05:39.566,30555.7741
2026-08-18 20:05:39.992,30352.0765
2026-08-18 20:05:40.405,30174.2275
2026-08-18 20:05:40.819,30044.0509
2026-08-18 20:05:41.235,29955.8381
2026-08-18 20:05:41.648,29896.6539
2026-08-18 20:05:42.062,29854.8291
2026-08-18 20:05:42.487,29823.7266
2026-08-18 20:05:42.902,29799.652
2026-08-18 20:05:43.330,29789.9165
2026-08-18 20:05:43.743,29809.7037
2026-08-18 20:05:44.158,29835.3237
2026-08-18 20:05:44.578,29870.211
2026-08-18 20:05:45.004,29921.2276
2026-08-18 20:05:45.467,30009.3383
2026-08-18 20:05:45.881,30132.4956
2026-08-18 20:05:46.308,30301.0833
2026-08-18 20:05:46.720,30493.2625
2026-08-18 20:05:47.145,30700.1822
2026-08-18 20:05:47.557,30924.6443
2026-08-18 20:05:47.969,31147.8158
2026-08-18 20:05:48.397,31383.4174
2026-08-18 20:05:48.830,31434.0354
2026-08-18 20:05:49.256,31201.8128
2026-08-18 20:05:49.668,30968.8651
2026-08-18 20:05:50.082,30749.0275
2026-08-18 20:05:50.518,30528.9019
2026-08-18 20:05:50.929,30329.7101
2026-08-18 20:05:51.342,30164.037
2026-08-18 20:05:51.758,30040.6155
2026-08-18 20:05:52.182,29958.8247
2026-08-18 20:05:52.598,29901.5906
2026-08-18 20:05:53.012,29861.8333
2026-08-18 20:05:53.428,29832.4129
2026-08-18 20:05:53.871,29810.0461
2026-08-18 20:05:54.284,29811.1102
2026-08-18 20:05:54.707,29833.7569
2026-08-18 20:05:55.120,29863.6843
2026-08-18 20:05:55.538,29904.6733
2026-08-18 20:05:55.964,29965.173
2026-08-18 20:05:56.387,30059.3948
2026-08-18 20:05:56.800,30196.9862
2026-08-18 20:05:57.227,30376.276
2026-08-18 20:05:57.638,30573.5791
2026-08-18 20:05:58.063,30784.0021
2026-08-18 20:05:58.478,31010.0368
2026-08-18 20:05:58.896,31235.951
2026-08-18 20:05:59.313,31467.215
2026-08-18 20:05:59.726,31422.4856
2026-08-18 20:06:00.191,31164.3622
2026-08-18 20:06:00.613,30939.8883
2026-08-18 20:06:01.029,30716.1453
2026-08-18 20:06:01.443,30505.5073
2026-08-18 20:06:01.861,30313.7972
2026-08-18 20:06:02.279,30153.9192
2026-08-18 20:06:02.693,30038.9772
2026-08-18 20:06:03.120,29963.4878
2026-08-18 20:06:03.533,29910.27
2026-08-18 20:06:03.947,29873.2481
2026-08-18 20:06:04.385,29845.5638
2026-08-18 20:06:04.799,29824.2908
2026-08-18 20:06:05.212,29821.0704
2026-08-18 20:06:05.638,29820.6868
2026-08-18 20:06:06.051,29821.7681
2026-08-18 20:06:06.486,29820.3478
2026-08-18 20:06:06.915,29819.0425
2026-08-18 20:06:07.340,29818.2909
2026-08-18 20:06:07.755,29817.7189
2026-08-18 20:06:08.168,29817.1692
2026-08-18 20:06:08.582,29816.7647
2026-08-18 20:06:09.043,29816.5602
2026-08-18 20:06:09.460,29816.3445
2026-08-18 20:06:09.874,29818.3907
2026-08-18 20:06:10.287,29839.5037
2026-08-18 20:06:10.700,29869.4562
2026-08-18 20:06:11.123,29908.7906
2026-08-18 20:06:11.548,29964.6959
2026-08-18 20:06:11.977,30050.6221
2026-08-18 20:06:12.399,30169.1876
2026-08-18 20:06:12.813,30330.3743
2026-08-18 20:06:13.242,30525.624
2026-08-18 20:06:13.663,30730.7782
2026-08-18 20:06:14.079,30950.5579
2026-08-18 20:06:14.493,31174.5102
2026-08-18 20:06:14.909,31401.9664
2026-08-18 20:06:15.321,31634.9613
2026-08-18 20:06:15.733,31869.6869
2026-08-18 20:06:16.146,32107.5186
2026-08-18 20:06:16.612,32380.4903
2026-08-18 20:06:17.047,32634.8463
2026-08-18 20:06:17.462,32887.9385
2026-08-18 20:06:17.876,33140.8511
2026-08-18 20:06:18.288,33396.1194
2026-08-18 20:06:18.706,33656.4602
2026-08-18 20:06:19.123,33917.4097
2026-08-18 20:06:19.536,34183.7498
2026-08-18 20:06:19.949,34450.936
2026-08-18 20:06:20.364,34721.5397
2026-08-18 20:06:20.841,34840.8838
2026-08-18 20:06:21.252,34565.7855
2026-08-18 20:06:21.667,34295.1223
2026-08-18 20:06:22.080,34026.3129
2026-08-18 20:06:22.494,33761.1211
2026-08-18 20:06:22.936,33500.0969
2026-08-18 20:06:23.357,33223.5796
2026-08-18 20:06:23.771,32964.8106
2026-08-18 20:06:24.183,32713.6282
2026-08-18 20:06:24.606,32466.7452
2026-08-18 20:06:25.031,32216.5017
2026-08-18 20:06:25.443,31968.6504
2026-08-18 20:06:25.856,31732.0174
2026-08-18 20:06:26.268,31499.2524
2026-08-18 20:06:26.743,31262.8342
2026-08-18 20:06:27.160,31010.4632
2026-08-18 20:06:27.593,30786.8513
2026-08-18 20:06:28.007,30580.8076
2026-08-18 20:06:28.434,30397.1013
2026-08-18 20:06:28.846,30263.2644
2026-08-18 20:06:29.266,30171.9105
2026-08-18 20:06:29.693,30108.01
2026-08-18 20:06:30.110,30061.092
2026-08-18 20:06:30.536,30026.015
2026-08-18 20:06:30.955,29998.4789
2026-08-18 20:06:31.380,29977.8623
2026-08-18 20:06:31.801,29982.7845
2026-08-18 20:06:32.213,30000.3917
2026-08-18 20:06:32.628,30024.1049
2026-08-18 20:06:33.041,30058.6714
2026-08-18 20:06:33.454,30110.972
2026-08-18 20:06:33.867,30193.4269
2026-08-18 20:06:34.281,30318.352
2026-08-18 20:06:34.693,30486.2944
2026-08-18 20:06:35.108,30681.8619
2026-08-18 20:06:35.521,30894.2985
2026-08-18 20:06:35.987,31143.9225
2026-08-18 20:06:36.399,31371.6599
2026-08-18 20:06:36.823,31591.4617
2026-08-18 20:06:37.250,31488.7537
2026-08-18 20:06:37.668,31251.3226
2026-08-18 20:06:38.083,31023.1136
2026-08-18 20:06:38.508,30803.6774
2026-08-18 20:06:38.920,30589.5952
2026-08-18 20:06:39.333,30403.3577
2026-08-18 20:06:39.761,30254.6317
2026-08-18 20:06:40.173,30148.754
2026-08-18 20:06:40.592,30080.8939
2026-08-18 20:06:41.004,30033.2354
2026-08-18 20:06:41.432,29999.5466
2026-08-18 20:06:41.845,29973.2886
2026-08-18 20:06:42.258,29955.1517
2026-08-18 20:06:42.725,29964.7121
2026-08-18 20:06:43.172,29992.3885
2026-08-18 20:06:43.587,30023.931
2026-08-18 20:06:44.004,30068.5986
2026-08-18 20:06:44.416,30135.5977
2026-08-18 20:06:44.848,30236.6733
2026-08-18 20:06:45.261,30388.9845
2026-08-18 20:06:45.675,30571.248
2026-08-18 20:06:46.087,30775.3848
2026-08-18 20:06:46.499,30990.3982
2026-08-18 20:06:46.910,31212.9058
2026-08-18 20:06:47.322,31440.53
2026-08-18 20:06:47.735,31645.4883
2026-08-18 20:06:48.152,31508.9262
2026-08-18 20:06:48.605,31276.472
2026-08-18 20:06:49.069,31002.7949
2026-08-18 20:06:49.485,30784.3676
2026-08-18 20:06:49.902,30578.1266
2026-08-18 20:06:50.363,30375.845
2026-08-18 20:06:50.807,30231.3249
2026-08-18 20:06:51.240,30138.9722
2026-08-18 20:06:51.653,30078.908
2026-08-18 20:06:52.081,30035.4594
2026-08-18 20:06:52.503,30004.8549
2026-08-18 20:06:52.921,29981.2956
2026-08-18 20:06:53.334,29972.5113
2026-08-18 20:06:53.746,29993.2903
2026-08-18 20:06:54.160,30020.1106
2026-08-18 20:06:54.600,30056.1083
2026-08-18 20:06:55.013,30111.5208
2026-08-18 20:06:55.424,30191.1475
2026-08-18 20:06:55.836,30310.0081
2026-08-18 20:06:56.250,30471.4593
2026-08-18 20:06:56.674,30663.2762
2026-08-18 20:06:57.085,30877.8281
2026-08-18 20:06:57.514,31095.9443
2026-08-18 20:06:57.927,31329.8496
2026-08-18 20:06:58.340,31558.9666
2026-08-18 20:06:58.752,31665.3132
2026-08-18 20:06:59.219,31446.347
2026-08-18 20:06:59.635,31185.8124
2026-08-18 20:07:00.049,30962.633
2026-08-18 20:07:00.461,30746.1201
2026-08-18 20:07:00.886,30545.1814
2026-08-18 20:07:01.299,30366.8699
2026-08-18 20:07:01.743,30233.096
2026-08-18 20:07:02.154,30145.0863
2026-08-18 20:07:02.581,30086.0326
2026-08-18 20:07:02.994,30045.7411
2026-08-18 20:07:03.410,30015.6214
2026-08-18 20:07:03.822,29992.6291
2026-08-18 20:07:04.254,29983.0348
2026-08-18 20:07:04.667,29982.4305
2026-08-18 20:07:05.084,29982.7722
2026-08-18 20:07:05.499,29980.7524
2026-08-18 20:07:05.922,29978.4176
2026-08-18 20:07:06.341,29976.7767
2026-08-18 20:07:06.765,29975.7609
2026-08-18 20:07:07.179,29974.9512
2026-08-18 20:07:07.598,29974.0213
2026-08-18 20:07:08.030,29973.0751
2026-08-18 20:07:08.443,29972.2698
2026-08-18 20:07:08.869,29971.462
2026-08-18 20:07:09.282,29982.9587
2026-08-18 20:07:09.698,30008.857
2026-08-18 20:07:10.134,30042.493
2026-08-18 20:07:10.548,30090.977
2026-08-18 20:07:10.972,30157.832
2026-08-18 20:07:11.385,30259.4297
2026-08-18 20:07:11.798,30398.8678
2026-08-18 20:07:12.239,30574.2293
2026-08-18 20:07:12.652,30786.5224
2026-08-18 20:07:13.065,30999.555
2026-08-18 20:07:13.490,31220.1393
2026-08-18 20:07:13.902,31453.2123
2026-08-18 20:07:14.363,31710.4882
2026-08-18 20:07:14.788,31945.9404
2026-08-18 20:07:15.215,32191.9501
2026-08-18 20:07:15.630,32442.5526
2026-08-18 20:07:16.043,32689.2648
2026-08-18 20:07:16.460,32937.6423
2026-08-18 20:07:16.873,33192.3139
2026-08-18 20:07:17.285,33447.6791
2026-08-18 20:07:17.699,33705.4433
2026-08-18 20:07:18.111,33966.5061
2026-08-18 20:07:18.579,34264.4114
2026-08-18 20:07:19.006,34534.0987
2026-08-18 20:07:19.420,34814.7846
2026-08-18 20:07:19.831,35044.5908
2026-08-18 20:07:20.244,34861.9003
2026-08-18 20:07:20.661,34586.9044
2026-08-18 20:07:21.083,34313.492
2026-08-18 20:07:21.496,34039.081
2026-08-18 20:07:21.924,33774.4247
2026-08-18 20:07:22.336,33503.7795
2026-08-18 20:07:22.768,33246.4905
2026-08-18 20:07:23.191,32980.0444
2026-08-18 20:07:23.619,32723.4864
2026-08-18 20:07:24.033,32466.8543
2026-08-18 20:07:24.447,32222.2492
2026-08-18 20:07:24.860,31980.4364
2026-08-18 20:07:25.273,31743.9411
2026-08-18 20:07:25.685,31511.4206
2026-08-18 20:07:26.099,31284.3362
2026-08-18 20:07:26.515,31061.2673
2026-08-18 20:07:26.974,30821.216
2026-08-18 20:07:27.386,30627.1598
2026-08-18 20:07:27.800,30468.958
2026-08-18 20:07:28.215,30356.0035
2026-08-18 20:07:28.641,30279.8478
2026-08-18 20:07:29.107,30220.0276
2026-08-18 20:07:29.521,30180.1213
2026-08-18 20:07:29.938,30149.9993
2026-08-18 20:07:30.351,30126.0345
2026-08-18 20:07:30.769,30115.2811
2026-08-18 20:07:31.182,30129.4634
2026-08-18 20:07:31.594,30148.7022
2026-08-18 20:07:32.016,30176.1433
2026-08-18 20:07:32.431,30218.3269
2026-08-18 20:07:32.892,30283.1766
2026-08-18 20:07:33.309,30401.7072
2026-08-18 20:07:33.737,30559.7369
2026-08-18 20:07:34.162,30748.3628
2026-08-18 20:07:34.588,30962.8975
2026-08-18 20:07:35.077,31230.4675
2026-08-18 20:07:35.513,31465.9359
2026-08-18 20:07:35.938,31700.9487
2026-08-18 20:07:36.355,31643.6932
2026-08-18 20:07:36.780,31409.718
2026-08-18 20:07:37.192,31174.9662
2026-08-18 20:07:37.605,30953.7642
2026-08-18 20:07:38.033,30735.4287
2026-08-18 20:07:38.448,30545.6831
2026-08-18 20:07:38.862,30391.7595
2026-08-18 20:07:39.280,30284.1744
2026-08-18 20:07:39.724,30213.7287
2026-08-18 20:07:40.150,30161.5802
2026-08-18 20:07:40.563,30125.5984
2026-08-18 20:07:40.974,30099.1187
2026-08-18 20:07:41.442,30079.9829
2026-08-18 20:07:41.868,30091.982
2026-08-18 20:07:42.282,30115.5068
2026-08-18 20:07:42.696,30146.0052
2026-08-18 20:07:43.110,30189.0998
2026-08-18 20:07:43.523,30253.4616
2026-08-18 20:07:43.935,30351.4049
2026-08-18 20:07:44.352,30493.234
2026-08-18 20:07:44.771,30674.6559
2026-08-18 20:07:45.184,30880.9298
2026-08-18 20:07:45.602,31099.2003
2026-08-18 20:07:46.014,31323.5186
2026-08-18 20:07:46.427,31552.7129
2026-08-18 20:07:46.841,31762.882
2026-08-18 20:07:47.266,31632.3367
2026-08-18 20:07:47.718,31371.486
2026-08-18 20:07:48.136,31144.1895
2026-08-18 20:07:48.549,30921.5385
2026-08-18 20:07:48.974,30713.3387
2026-08-18 20:07:49.393,30522.7003
2026-08-18 20:07:49.820,30375.5294
2026-08-18 20:07:50.234,30273.8483
2026-08-18 20:07:50.678,30209.1478
2026-08-18 20:07:51.090,30160.4146
2026-08-18 20:07:51.502,30127.5681
2026-08-18 20:07:51.929,30102.7097
2026-08-18 20:07:52.341,30088.365
2026-08-18 20:07:52.753,30105.2066
2026-08-18 20:07:53.167,30129.7278
2026-08-18 20:07:53.592,30162.5577
2026-08-18 20:07:54.010,30211.0839
2026-08-18 20:07:54.437,30283.4556
2026-08-18 20:07:54.849,30396.5251
2026-08-18 20:07:55.262,30550.157
2026-08-18 20:07:55.685,30738.0376
2026-08-18 20:07:56.098,30950.3832
2026-08-18 20:07:56.536,31175.682
2026-08-18 20:07:56.963,31407.3191
2026-08-18 20:07:57.391,31644.1617
2026-08-18 20:07:57.803,31788.034
2026-08-18 20:07:58.214,31579.8001
2026-08-18 20:07:58.638,31349.3289
2026-08-18 20:07:59.050,31115.7962
2026-08-18 20:07:59.466,30894.7692
2026-08-18 20:07:59.891,30688.6658
2026-08-18 20:08:00.303,30502.2438
2026-08-18 20:08:00.715,30363.381
2026-08-18 20:08:01.138,30268.917
2026-08-18 20:08:01.564,30203.6336
2026-08-18 20:08:01.977,30158.0162
2026-08-18 20:08:02.398,30125.1343
2026-08-18 20:08:02.811,30099.6754
2026-08-18 20:08:03.223,30085.052
2026-08-18 20:08:03.660,30083.5284
2026-08-18 20:08:04.073,30083.2257
2026-08-18 20:08:04.513,30081.6944
2026-08-18 20:08:04.927,30078.9042
2026-08-18 20:08:05.339,30076.6131
2026-08-18 20:08:05.752,30074.8208
2026-08-18 20:08:06.179,30073.2648
2026-08-18 20:08:06.640,30071.821
2026-08-18 20:08:07.052,30070.4723
2026-08-18 20:08:07.478,30069.0841
2026-08-18 20:08:07.890,30067.8316
2026-08-18 20:08:08.304,30075.1643
2026-08-18 20:08:08.747,30099.429
2026-08-18 20:08:09.173,30133.2494
2026-08-18 20:08:09.586,30177.7396
2026-08-18 20:08:10.000,30240.2633
2026-08-18 20:08:10.418,30333.121
2026-08-18 20:08:10.882,30485.6229
2026-08-18 20:08:11.295,30662.0352
2026-08-18 20:08:11.707,30860.2906
2026-08-18 20:08:12.127,31072.2412
2026-08-18 20:08:12.553,31296.8201
2026-08-18 20:08:12.971,31531.1027
2026-08-18 20:08:13.398,31764.5936
2026-08-18 20:08:13.821,32007.8423
2026-08-18 20:08:14.234,32253.0737
2026-08-18 20:08:14.661,32495.3068
2026-08-18 20:08:15.075,32749.7462
2026-08-18 20:08:15.512,33009.0535
2026-08-18 20:08:15.945,33266.6107
2026-08-18 20:08:16.356,33534.6021
2026-08-18 20:08:16.768,33792.6415
2026-08-18 20:08:17.181,34054.1314
2026-08-18 20:08:17.595,34318.7641
2026-08-18 20:08:18.008,34587.4808
2026-08-18 20:08:18.423,34858.4848
2026-08-18 20:08:18.901,35140.7173
2026-08-18 20:08:19.314,34973.7337
2026-08-18 20:08:19.743,34696.1972
2026-08-18 20:08:20.154,34412.625
2026-08-18 20:08:20.572,34141.8936
2026-08-18 20:08:20.985,33871.0631
2026-08-18 20:08:21.413,33606.4087
2026-08-18 20:08:21.825,33337.0516
2026-08-18 20:08:22.243,33081.0712
2026-08-18 20:08:22.656,32824.1535
2026-08-18 20:08:23.069,32574.3742
2026-08-18 20:08:23.485,32326.5822
2026-08-18 20:08:23.907,32081.7035
2026-08-18 20:08:24.408,31791.4793
2026-08-18 20:08:24.823,31552.7307
2026-08-18 20:08:25.249,31321.5946
2026-08-18 20:08:25.663,31089.9948
2026-08-18 20:08:26.102,30875.1838
2026-08-18 20:08:26.515,30669.2018
2026-08-18 20:08:26.927,30514.4033
2026-08-18 20:08:27.339,30406.1089
2026-08-18 20:08:27.754,30332.7914
2026-08-18 20:08:28.179,30279.8548
2026-08-18 20:08:28.688,30232.5185
2026-08-18 20:08:29.100,30202.0495
2026-08-18 20:08:29.519,30178.513
2026-08-18 20:08:29.932,30172.6606
2026-08-18 20:08:30.364,30188.0245
2026-08-18 20:08:30.777,30209.419
2026-08-18 20:08:31.201,30238.8416
2026-08-18 20:08:31.626,30284.7839
2026-08-18 20:08:32.044,30358.0528
2026-08-18 20:08:32.458,30471.4519
2026-08-18 20:08:32.871,30629.3648
2026-08-18 20:08:33.334,30844.6541
2026-08-18 20:08:33.747,31055.94
2026-08-18 20:08:34.168,31277.6083
2026-08-18 20:08:34.580,31509.8647
2026-08-18 20:08:35.015,31748.8575
2026-08-18 20:08:35.449,31699.2207
2026-08-18 20:08:35.862,31453.1079
2026-08-18 20:08:36.277,31224.0667
2026-08-18 20:08:36.689,30999.4363
2026-08-18 20:08:37.102,30787.5486
2026-08-18 20:08:37.566,30574.7672
2026-08-18 20:08:38.010,30414.133
2026-08-18 20:08:38.427,30314.4653
2026-08-18 20:08:38.851,30247.2923
2026-08-18 20:08:39.343,30191.9226
2026-08-18 20:08:39.769,30159.3946
2026-08-18 20:08:40.189,30133.6349
2026-08-18 20:08:40.603,30119.2326
2026-08-18 20:08:41.029,30134.325
2026-08-18 20:08:41.441,30157.6323
2026-08-18 20:08:41.861,30188.1646
2026-08-18 20:08:42.273,30233.2492
2026-08-18 20:08:42.694,30300.4545
2026-08-18 20:08:43.107,30406.4307
2026-08-18 20:08:43.531,30555.1024
2026-08-18 20:08:43.945,30744.5481
2026-08-18 20:08:44.372,30950.8706
2026-08-18 20:08:44.784,31175.9727
2026-08-18 20:08:45.206,31399.9947
2026-08-18 20:08:45.629,31634.9412
2026-08-18 20:08:46.128,31769.67
2026-08-18 20:08:46.541,31538.0468
2026-08-18 20:08:46.961,31306.5043
2026-08-18 20:08:47.425,31075.4293
2026-08-18 20:08:47.842,30828.878
2026-08-18 20:08:48.256,30628.297
2026-08-18 20:08:48.681,30459.0568
2026-08-18 20:08:49.094,30332.9138
2026-08-18 20:08:49.507,30251.9006
2026-08-18 20:08:49.953,30197.4063
2026-08-18 20:08:50.366,30156.3099
2026-08-18 20:08:50.780,30125.5735
2026-08-18 20:08:51.207,30101.9879
2026-08-18 20:08:51.625,30102.1257
2026-08-18 20:08:52.065,30123.3072
2026-08-18 20:08:52.477,30152.0653
2026-08-18 20:08:52.890,30189.8657
2026-08-18 20:08:53.315,30248.6608
2026-08-18 20:08:53.737,30336.6013
2026-08-18 20:08:54.151,30470.4495
2026-08-18 20:08:54.567,30642.8351
2026-08-18 20:08:55.002,30842.8608
2026-08-18 20:08:55.415,31066.9597
2026-08-18 20:08:55.827,31289.125
2026-08-18 20:08:56.239,31515.869
2026-08-18 20:08:56.655,31745.8792
2026-08-18 20:08:57.069,31701.2578
2026-08-18 20:08:57.487,31465.7315
2026-08-18 20:08:57.899,31232.2268
2026-08-18 20:08:58.311,31007.9376
2026-08-18 20:08:58.735,30791.8346
2026-08-18 20:08:59.147,30588.0349
2026-08-18 20:08:59.562,30422.9711
2026-08-18 20:08:59.979,30303.5739
2026-08-18 20:09:00.392,30223.6935
2026-08-18 20:09:00.807,30169.4132
2026-08-18 20:09:01.221,30129.7791
2026-08-18 20:09:01.634,30100.01
2026-08-18 20:09:02.056,30077.0237
2026-08-18 20:09:02.474,30068.8295
2026-08-18 20:09:02.887,30067.1695
2026-08-18 20:09:03.300,30066.2324
2026-08-18 20:09:03.716,30062.8525
2026-08-18 20:09:04.131,30059.7423
2026-08-18 20:09:04.594,30056.9169
2026-08-18 20:09:05.010,30054.5564
2026-08-18 20:09:05.437,30052.4262
2026-08-18 20:09:05.850,30050.4337
2026-08-18 20:09:06.262,30048.4792
2026-08-18 20:09:06.675,30046.3894
2026-08-18 20:09:07.120,30044.6946
2026-08-18 20:09:07.532,30058.8304
2026-08-18 20:09:07.947,30083.9528
2026-08-18 20:09:08.359,30117.1141
2026-08-18 20:09:08.771,30162.8147
2026-08-18 20:09:09.187,30230.0653
2026-08-18 20:09:09.603,30330.8009
2026-08-18 20:09:10.030,30473.0526
2026-08-18 20:09:10.443,30656.5762
2026-08-18 20:09:10.869,30856.9792
2026-08-18 20:09:11.283,31076.6127
2026-08-18 20:09:11.716,31307.0305
2026-08-18 20:09:12.145,31539.1499
2026-08-18 20:09:12.578,31776.2352
2026-08-18 20:09:13.004,32023.4317
2026-08-18 20:09:13.416,32270.924
2026-08-18 20:09:13.829,32514.0356
2026-08-18 20:09:14.241,32760.2277
2026-08-18 20:09:14.655,33009.395
2026-08-18 20:09:15.067,33262.2427
2026-08-18 20:09:15.512,33517.6107
2026-08-18 20:09:15.924,33796.3248
2026-08-18 20:09:16.343,34058.7513
2026-08-18 20:09:16.771,34328.9152
2026-08-18 20:09:17.184,34607.0377
2026-08-18 20:09:17.626,34879.216
2026-08-18 20:09:18.038,35106.3636
2026-08-18 20:09:18.451,34894.1369
2026-08-18 20:09:18.863,34617.0694
2026-08-18 20:09:19.275,34343.5083
2026-08-18 20:09:19.688,34072.352
2026-08-18 20:09:20.102,33804.5077
2026-08-18 20:09:20.529,33540.1613
2026-08-18 20:09:21.027,33221.2023
2026-08-18 20:09:21.452,32962.0191
2026-08-18 20:09:21.912,32673.0576
2026-08-18 20:09:22.344,32414.2058
2026-08-18 20:09:22.763,32165.0524
2026-08-18 20:09:23.176,31919.4801
2026-08-18 20:09:23.588,31681.0883
2026-08-18 20:09:24.001,31447.31
2026-08-18 20:09:24.413,31218.4731
2026-08-18 20:09:24.848,30987.4051
2026-08-18 20:09:25.274,30772.675
2026-08-18 20:09:25.695,30579.4082
2026-08-18 20:09:26.112,30432.878
2026-08-18 20:09:26.524,30334.4064
2026-08-18 20:09:26.941,30267.6401
2026-08-18 20:09:27.354,30218.8219
2026-08-18 20:09:27.766,30181.4192
2026-08-18 20:09:28.190,30152.014
2026-08-18 20:09:28.604,30127.6591
2026-08-18 20:09:29.068,30123.3582
2026-08-18 20:09:29.482,30137.8075
2026-08-18 20:09:29.893,30157.7126
2026-08-18 20:09:30.306,30186.8622
2026-08-18 20:09:30.720,30231.1862
2026-08-18 20:09:31.146,30301.8984
2026-08-18 20:09:31.560,30417.2819
2026-08-18 20:09:31.975,30575.5915
2026-08-18 20:09:32.399,30766.8724
2026-08-18 20:09:32.812,30981.7664
2026-08-18 20:09:33.223,31200.8904
2026-08-18 20:09:33.637,31426.4094
2026-08-18 20:09:34.051,31657.5173
2026-08-18 20:09:34.470,31650.4239
2026-08-18 20:09:34.886,31410.1456
2026-08-18 20:09:35.347,31151.528
2026-08-18 20:09:35.760,30927.0847
2026-08-18 20:09:36.173,30713.622
2026-08-18 20:09:36.599,30514.7369
2026-08-18 20:09:37.012,30360.9386
2026-08-18 20:09:37.479,30242.5075
2026-08-18 20:09:37.899,30174.4785
2026-08-18 20:09:38.326,30125.8281
2026-08-18 20:09:38.740,30089.373
2026-08-18 20:09:39.153,30062.2453
2026-08-18 20:09:39.621,30041.504
2026-08-18 20:09:40.043,30052.9704
2026-08-18 20:09:40.458,30074.1223
2026-08-18 20:09:40.872,30102.3303
2026-08-18 20:09:41.299,30142.7589
2026-08-18 20:09:41.761,30215.4338
2026-08-18 20:09:42.189,30321.1414
2026-08-18 20:09:42.610,30468.062
2026-08-18 20:09:43.022,30654.9787
2026-08-18 20:09:43.449,30866.6359
2026-08-18 20:09:43.869,31083.2167
2026-08-18 20:09:44.282,31310.3353
2026-08-18 20:09:44.699,31538.8195
2026-08-18 20:09:45.113,31695.7531
2026-08-18 20:09:45.581,31496.6108
2026-08-18 20:09:46.008,31230.0565
2026-08-18 20:09:46.421,30997.9452
2026-08-18 20:09:46.849,30770.9357
2026-08-18 20:09:47.263,30566.5643
2026-08-18 20:09:47.676,30390.5011
2026-08-18 20:09:48.097,30259.3694
2026-08-18 20:09:48.511,30170.2608
2026-08-18 20:09:48.930,30111.65
2026-08-18 20:09:49.344,30069.0186
2026-08-18 20:09:49.756,30037.4093
2026-08-18 20:09:50.169,30013.0629
2026-08-18 20:09:50.601,30003.9201
2026-08-18 20:09:51.013,30023.1468
2026-08-18 20:09:51.425,30047.6685
2026-08-18 20:09:51.852,30081.6671
2026-08-18 20:09:52.270,30133.0712
2026-08-18 20:09:52.685,30210.5832
2026-08-18 20:09:53.100,30327.708
2026-08-18 20:09:53.514,30488.9193
2026-08-18 20:09:53.928,30680.8887
2026-08-18 20:09:54.341,30890.8069
2026-08-18 20:09:54.771,31120.0494
2026-08-18 20:09:55.200,31354.1259
2026-08-18 20:09:55.612,31585.0651
2026-08-18 20:09:56.026,31670.9025
2026-08-18 20:09:56.439,31441.6951
2026-08-18 20:09:56.915,31180.446
2026-08-18 20:09:57.327,30949.134
2026-08-18 20:09:57.739,30731.7307
2026-08-18 20:09:58.152,30530.377
2026-08-18 20:09:58.565,30358.5499
2026-08-18 20:09:58.977,30231.9431
2026-08-18 20:09:59.390,30147.8314
2026-08-18 20:09:59.852,30085.2266
2026-08-18 20:10:00.265,30045.6017
2026-08-18 20:10:00.681,30016.064
2026-08-18 20:10:01.094,29993.3587
2026-08-18 20:10:01.510,29983.9015
2026-08-18 20:10:01.925,29982.327
2026-08-18 20:10:02.343,29981.7721
2026-08-18 20:10:02.789,29978.873
2026-08-18 20:10:03.201,29975.8913
2026-08-18 20:10:03.618,29973.5428
2026-08-18 20:10:04.032,29971.4169
2026-08-18 20:10:04.445,29969.1026
2026-08-18 20:10:04.862,29967.2364
2026-08-18 20:10:05.280,29965.1025
2026-08-18 20:10:05.694,29963.5321
2026-08-18 20:10:06.107,29961.9412
2026-08-18 20:10:06.524,29971.7422
2026-08-18 20:10:06.944,29996.4557
2026-08-18 20:10:07.357,30028.4682
2026-08-18 20:10:07.771,30071.2972
2026-08-18 20:10:08.187,30133.3126
2026-08-18 20:10:08.651,30240.6032
2026-08-18 20:10:09.064,30378.453
2026-08-18 20:10:09.477,30552.9915
2026-08-18 20:10:09.893,30752.4352
2026-08-18 20:10:10.306,30967.51
2026-08-18 20:10:10.719,31189.9458
2026-08-18 20:10:11.131,31417.5357
2026-08-18 20:10:11.545,31649.7412
2026-08-18 20:10:11.960,31886.7689
2026-08-18 20:10:12.373,32127.5615
2026-08-18 20:10:12.822,32390.0813
2026-08-18 20:10:13.234,32639.1769
2026-08-18 20:10:13.647,32888.384
2026-08-18 20:10:14.065,33141.7438
2026-08-18 20:10:14.478,33402.9235
2026-08-18 20:10:14.899,33663.9056
2026-08-18 20:10:15.311,33932.8703
2026-08-18 20:10:15.738,34208.6122
2026-08-18 20:10:16.151,34478.2878
2026-08-18 20:10:16.565,34752.5817
2026-08-18 20:10:16.996,35024.646
2026-08-18 20:10:17.425,34922.6805
2026-08-18 20:10:17.838,34642.9819
2026-08-18 20:10:18.250,34367.5041
2026-08-18 20:10:18.710,34094.0981
2026-08-18 20:10:19.130,33789.8015
2026-08-18 20:10:19.564,33513.7727
2026-08-18 20:10:19.991,33247.5204
2026-08-18 20:10:20.404,32981.0602
2026-08-18 20:10:20.817,32725.2038
2026-08-18 20:10:21.239,32473.6242
2026-08-18 20:10:21.651,32219.2629
2026-08-18 20:10:22.065,31974.3653
2026-08-18 20:10:22.480,31732.2649
2026-08-18 20:10:22.892,31493.3554
2026-08-18 20:10:23.305,31261.3402
2026-08-18 20:10:23.814,30987.8267
2026-08-18 20:10:24.227,30765.9652
2026-08-18 20:10:24.644,30569.7842
2026-08-18 20:10:25.062,30409.1836
2026-08-18 20:10:25.481,30297.4418
2026-08-18 20:10:25.893,30222.652
2026-08-18 20:10:26.322,30169.9044
2026-08-18 20:10:26.736,30129.1779
2026-08-18 20:10:27.149,30098.768
2026-08-18 20:10:27.563,30074.8137
2026-08-18 20:10:27.976,30061.4794
2026-08-18 20:10:28.389,30073.9757
2026-08-18 20:10:28.801,30092.0321
2026-08-18 20:10:29.214,30117.451
2026-08-18 20:10:29.639,30155.0661
2026-08-18 20:10:30.051,30215.3842
2026-08-18 20:10:30.484,30315.0856
2026-08-18 20:10:30.908,30457.0142
2026-08-18 20:10:31.321,30643.739
2026-08-18 20:10:31.733,30849.6039
2026-08-18 20:10:32.145,31067.2521
2026-08-18 20:10:32.558,31292.819
2026-08-18 20:10:33.003,31523.6697
2026-08-18 20:10:33.416,31670.2339
2026-08-18 20:10:33.829,31454.7167
2026-08-18 20:10:34.250,31221.8624
2026-08-18 20:10:34.663,30988.8255
2026-08-18 20:10:35.076,30768.2678
2026-08-18 20:10:35.488,30562.7856
2026-08-18 20:10:35.966,30367.9411
2026-08-18 20:10:36.379,30240.9443
2026-08-18 20:10:36.790,30159.6586
2026-08-18 20:10:37.202,30103.8128
2026-08-18 20:10:37.625,30063.2845
2026-08-18 20:10:38.037,30031.8405
2026-08-18 20:10:38.471,30007.485
2026-08-18 20:10:38.885,30000.2105
2026-08-18 20:10:39.298,30018.0517
2026-08-18 20:10:39.719,30040.8953
2026-08-18 20:10:40.131,30074.2114
2026-08-18 20:10:40.557,30124.7158
2026-08-18 20:10:41.000,30198.6073
2026-08-18 20:10:41.421,30322.3696
2026-08-18 20:10:41.849,30485.2995
2026-08-18 20:10:42.266,30687.3248
2026-08-18 20:10:42.693,30900.8819
2026-08-18 20:10:43.106,31129.4524
2026-08-18 20:10:43.519,31356.996
2026-08-18 20:10:43.936,31588.9819
2026-08-18 20:10:44.349,31612.003
2026-08-18 20:10:44.775,31373.5382
2026-08-18 20:10:45.188,31132.8683
2026-08-18 20:10:45.603,30904.7751
2026-08-18 20:10:46.015,30685.0706
2026-08-18 20:10:46.445,30481.3956
2026-08-18 20:10:46.859,30308.4654
2026-08-18 20:10:47.278,30187.4278
2026-08-18 20:10:47.691,30106.0435
2026-08-18 20:10:48.115,30051.2047
2026-08-18 20:10:48.527,30010.2209
2026-08-18 20:10:48.945,29980.1444
2026-08-18 20:10:49.372,29956.7803
2026-08-18 20:10:49.785,29956.1327
2026-08-18 20:10:50.205,29976.1082
2026-08-18 20:10:50.639,30002.9144
2026-08-18 20:10:51.051,30041.9272
2026-08-18 20:10:51.463,30097.2146
2026-08-18 20:10:51.892,30186.0782
2026-08-18 20:10:52.305,30315.6798
2026-08-18 20:10:52.775,30486.9104
2026-08-18 20:10:53.234,30730.4921
2026-08-18 20:10:53.646,30953.27
2026-08-18 20:10:54.060,31176.8776
2026-08-18 20:10:54.473,31406.2692
2026-08-18 20:10:54.910,31624.3966
2026-08-18 20:10:55.324,31497.1723
2026-08-18 20:10:55.742,31260.2661
2026-08-18 20:10:56.155,31025.5714
2026-08-18 20:10:56.572,30799.8163
2026-08-18 20:10:56.985,30583.2758
2026-08-18 20:10:57.413,30390.311
2026-08-18 20:10:57.869,30217.3559
2026-08-18 20:10:58.293,30115.1119
2026-08-18 20:10:58.707,30045.7291
2026-08-18 20:10:59.141,29996.9762
2026-08-18 20:10:59.554,29961.6918
2026-08-18 20:10:59.986,29935.2131
2026-08-18 20:11:00.403,29916.387
2026-08-18 20:11:00.829,29913.4205
2026-08-18 20:11:01.241,29911.5829
2026-08-18 20:11:01.703,29909.8741
2026-08-18 20:11:02.120,29905.5741
2026-08-18 20:11:02.548,29902.2989
2026-08-18 20:11:02.960,29899.159
2026-08-18 20:11:03.382,29896.1998
2026-08-18 20:11:03.794,29893.3841
2026-08-18 20:11:04.222,29890.8797
2026-08-18 20:11:04.635,29888.3424
2026-08-18 20:11:05.048,29885.937
2026-08-18 20:11:05.461,29888.3934
2026-08-18 20:11:05.887,29908.9486
2026-08-18 20:11:06.300,29937.6379
2026-08-18 20:11:06.713,29975.3461
2026-08-18 20:11:07.126,30029.5305
2026-08-18 20:11:07.550,30110.5107
2026-08-18 20:11:07.963,30231.1963
2026-08-18 20:11:08.382,30392.5124
2026-08-18 20:11:08.810,30583.7945
2026-08-18 20:11:09.223,30799.6537
2026-08-18 20:11:09.636,31018.8874
2026-08-18 20:11:10.049,31245.0726
2026-08-18 20:11:10.462,31474.7308
2026-08-18 20:11:10.899,31709.6652
2026-08-18 20:11:11.315,31961.8206
2026-08-18 20:11:11.727,32206.7469
2026-08-18 20:11:12.154,32461.1479
2026-08-18 20:11:12.566,32709.4692
2026-08-18 20:11:12.980,32961.3979
2026-08-18 20:11:13.445,33250.0025
2026-08-18 20:11:13.862,33508.8066
2026-08-18 20:11:14.276,33773.8838
2026-08-18 20:11:14.688,34039.2074
2026-08-18 20:11:15.115,34316.7997
2026-08-18 20:11:15.534,34589.2014
2026-08-18 20:11:15.962,34867.6746
2026-08-18 20:11:16.378,34914.997
2026-08-18 20:11:16.792,34629.8017
2026-08-18 20:11:17.204,34349.8367
2026-08-18 20:11:17.616,34075.0513
2026-08-18 20:11:18.040,33803.8256
2026-08-18 20:11:18.454,33528.1693
2026-08-18 20:11:18.890,33254.2922
2026-08-18 20:11:19.307,32987.4846
2026-08-18 20:11:19.732,32727.2525
2026-08-18 20:11:20.149,32465.6062
2026-08-18 20:11:20.563,32211.9206
2026-08-18 20:11:20.975,31963.0602
2026-08-18 20:11:21.393,31718.2736
2026-08-18 20:11:21.836,31474.0313
2026-08-18 20:11:22.267,31212.8869
2026-08-18 20:11:22.679,30979.5128
2026-08-18 20:11:23.100,30755.7103
2026-08-18 20:11:23.513,30541.8297
2026-08-18 20:11:23.956,30360.6923
2026-08-18 20:11:24.388,30213.5302
2026-08-18 20:11:24.804,30125.5149
2026-08-18 20:11:25.217,30064.4346
2026-08-18 20:11:25.628,30019.6944
2026-08-18 20:11:26.074,29983.9233
2026-08-18 20:11:26.495,29955.1397
2026-08-18 20:11:26.907,29933.3504
2026-08-18 20:11:27.321,29938.1431
2026-08-18 20:11:27.734,29953.327
2026-08-18 20:11:28.200,29977.3367
2026-08-18 20:11:28.611,30009.5523
2026-08-18 20:11:29.025,30059.5434
2026-08-18 20:11:29.438,30140.5301
2026-08-18 20:11:29.862,30265.8448
2026-08-18 20:11:30.343,30463.8573
2026-08-18 20:11:30.758,30672.9078
2026-08-18 20:11:31.170,30890.5813
2026-08-18 20:11:31.584,31115.1064
2026-08-18 20:11:31.996,31345.5527
2026-08-18 20:11:32.410,31532.5053
2026-08-18 20:11:32.822,31360.6732
2026-08-18 20:11:33.251,31124.6826
2026-08-18 20:11:33.744,30840.2525
2026-08-18 20:11:34.156,30618.7978
2026-08-18 20:11:34.569,30412.024
2026-08-18 20:11:34.983,30234.727
2026-08-18 20:11:35.403,30103.2524
2026-08-18 20:11:35.821,30013.2522
2026-08-18 20:11:36.264,29954.5276
2026-08-18 20:11:36.677,29909.1744
2026-08-18 20:11:37.091,29877.6039
2026-08-18 20:11:37.503,29852.678
2026-08-18 20:11:37.928,29841.7629
2026-08-18 20:11:38.345,29858.686
2026-08-18 20:11:38.778,29881.4505
2026-08-18 20:11:39.211,29913.9279
2026-08-18 20:11:39.623,29962.5952
2026-08-18 20:11:40.049,30035.1022
2026-08-18 20:11:40.461,30150.7396
2026-08-18 20:11:40.875,30308.4864
2026-08-18 20:11:41.345,30500.8189
2026-08-18 20:11:41.792,30760.0705
2026-08-18 20:11:42.204,30983.8346
2026-08-18 20:11:42.615,31213.0543
2026-08-18 20:11:43.028,31447.0527
2026-08-18 20:11:43.440,31463.6683
2026-08-18 20:11:43.886,31206.4139
2026-08-18 20:11:44.313,30971.6714
2026-08-18 20:11:44.725,30735.5759
2026-08-18 20:11:45.138,30517.0857
2026-08-18 20:11:45.551,30316.2858
2026-08-18 20:11:45.964,30150.4946
2026-08-18 20:11:46.407,30031.8265
2026-08-18 20:11:46.820,29948.8195
2026-08-18 20:11:47.232,29896.0058
2026-08-18 20:11:47.660,29856.2323
2026-08-18 20:11:48.074,29826.5871
2026-08-18 20:11:48.489,29803.9492
2026-08-18 20:11:48.903,29807.1319
2026-08-18 20:11:49.346,29827.9606
2026-08-18 20:11:49.771,29857.3287
2026-08-18 20:11:50.191,29897.3265
2026-08-18 20:11:50.604,29956.1984
2026-08-18 20:11:51.030,30046.0736
2026-08-18 20:11:51.443,30185.1126
2026-08-18 20:11:51.854,30361.096
2026-08-18 20:11:52.268,30563.0126
2026-08-18 20:11:52.681,30779.9477
2026-08-18 20:11:53.094,31005.7456
2026-08-18 20:11:53.506,31236.8414
2026-08-18 20:11:53.927,31468.0346
2026-08-18 20:11:54.340,31399.7886
2026-08-18 20:11:54.754,31161.3734
2026-08-18 20:11:55.169,30926.5237
2026-08-18 20:11:55.583,30697.4825
2026-08-18 20:11:55.997,30479.4568
2026-08-18 20:11:56.426,30272.7999
2026-08-18 20:11:56.865,30109.7674
2026-08-18 20:11:57.291,29988.9612
2026-08-18 20:11:57.704,29912.0104
2026-08-18 20:11:58.130,29859.3552
2026-08-18 20:11:58.541,29822.2018
2026-08-18 20:11:58.954,29793.4258
2026-08-18 20:11:59.366,29771.6105
2026-08-18 20:11:59.812,29765.6153
2026-08-18 20:12:00.236,29762.6376
2026-08-18 20:12:00.649,29760.5011
2026-08-18 20:12:01.063,29756.4446
2026-08-18 20:12:01.476,29752.975
2026-08-18 20:12:01.893,29750.1002
2026-08-18 20:12:02.306,29747.0743
2026-08-18 20:12:02.749,29744.2682
2026-08-18 20:12:03.161,29741.5039
2026-08-18 20:12:03.584,29738.7366
2026-08-18 20:12:03.996,29735.8546
2026-08-18 20:12:04.424,29734.4212
2026-08-18 20:12:04.868,29750.7343
2026-08-18 20:12:05.288,29778.1846
2026-08-18 20:12:05.702,29813.3029
2026-08-18 20:12:06.118,29862.0909
2026-08-18 20:12:06.531,29935.3814
2026-08-18 20:12:06.944,30044.4065
2026-08-18 20:12:07.411,30216.0903
2026-08-18 20:12:07.823,30403.8503
2026-08-18 20:12:08.237,30610.9159
2026-08-18 20:12:08.651,30829.9922
2026-08-18 20:12:09.063,31056.9292
2026-08-18 20:12:09.475,31286.8449
2026-08-18 20:12:09.974,31521.6729
2026-08-18 20:12:10.393,31812.2627
2026-08-18 20:12:10.806,32059.0396
2026-08-18 20:12:11.218,32306.7029
2026-08-18 20:12:11.653,32566.0279
2026-08-18 20:12:12.083,32824.9059
2026-08-18 20:12:12.499,33093.2223
2026-08-18 20:12:12.913,33355.7488
2026-08-18 20:12:13.327,33619.9135
2026-08-18 20:12:13.755,33896.3583
2026-08-18 20:12:14.171,34164.8563
2026-08-18 20:12:14.585,34440.5958
2026-08-18 20:12:15.021,34715.6785
2026-08-18 20:12:15.445,34798.5376
2026-08-18 20:12:15.859,34508.7416
2026-08-18 20:12:16.293,34214.9958
2026-08-18 20:12:16.707,33931.7795
2026-08-18 20:12:17.137,33655.5619
2026-08-18 20:12:17.549,33372.5884
2026-08-18 20:12:17.970,33105.1425
2026-08-18 20:12:18.386,32836.3185
2026-08-18 20:12:18.814,32574.0756
2026-08-18 20:12:19.226,32308.1859
2026-08-18 20:12:19.640,32054.0195
2026-08-18 20:12:20.078,31802.3509
2026-08-18 20:12:20.494,31540.8338
2026-08-18 20:12:20.910,31296.5108
2026-08-18 20:12:21.324,31057.4545
2026-08-18 20:12:21.750,30824.1587
2026-08-18 20:12:22.225,30566.3571
2026-08-18 20:12:22.638,30349.6272
2026-08-18 20:12:23.057,30171.4975
2026-08-18 20:12:23.483,30038.5605
2026-08-18 20:12:23.948,29939.8227
2026-08-18 20:12:24.362,29882.2235
2026-08-18 20:12:24.785,29838.7535
2026-08-18 20:12:25.204,29803.8432
2026-08-18 20:12:25.621,29776.4138
2026-08-18 20:12:26.049,29756.7129
2026-08-18 20:12:26.477,29763.8675
2026-08-18 20:12:26.889,29779.6866
2026-08-18 20:12:27.313,29801.4059
2026-08-18 20:12:27.729,29835.3289
2026-08-18 20:12:28.193,29888.0391
2026-08-18 20:12:28.610,29987.1167
2026-08-18 20:12:29.025,30122.9437
2026-08-18 20:12:29.438,30301.4329
2026-08-18 20:12:29.865,30512.118
2026-08-18 20:12:30.277,30730.9432
2026-08-18 20:12:30.694,30956.8899
2026-08-18 20:12:31.108,31190.3921
2026-08-18 20:12:31.541,31359.5346
2026-08-18 20:12:31.953,31154.1559
2026-08-18 20:12:32.367,30915.9235
2026-08-18 20:12:32.783,30682.3387
2026-08-18 20:12:33.203,30455.5651
2026-08-18 20:12:33.616,30241.5779
2026-08-18 20:12:34.029,30059.6232
2026-08-18 20:12:34.442,29924.3609
2026-08-18 20:12:34.861,29832.4781
2026-08-18 20:12:35.306,29770.7802
2026-08-18 20:12:35.721,29723.3146
2026-08-18 20:12:36.134,29690.5356
2026-08-18 20:12:36.546,29664.7395
2026-08-18 20:12:36.958,29650.9141
2026-08-18 20:12:37.381,29665.3216
2026-08-18 20:12:37.800,29687.2858
2026-08-18 20:12:38.244,29716.2933
2026-08-18 20:12:38.679,29764.7632
2026-08-18 20:12:39.092,29835.233
2026-08-18 20:12:39.508,29942.8828
2026-08-18 20:12:39.971,30097.6524
2026-08-18 20:12:40.403,30313.4886
2026-08-18 20:12:40.816,30532.0751
2026-08-18 20:12:41.230,30754.4586
2026-08-18 20:12:41.643,30983.2963
2026-08-18 20:12:42.055,31216.81
2026-08-18 20:12:42.501,31289.1812
2026-08-18 20:12:42.913,31033.5064
2026-08-18 20:12:43.338,30797.1782
2026-08-18 20:12:43.750,30558.4942
2026-08-18 20:12:44.181,30328.747
2026-08-18 20:12:44.595,30121.9283
2026-08-18 20:12:45.008,29950.1215
2026-08-18 20:12:45.420,29826.1059
2026-08-18 20:12:45.832,29744.16
2026-08-18 20:12:46.257,29687.1384
2026-08-18 20:12:46.671,29645.0227
2026-08-18 20:12:47.085,29613.8448
2026-08-18 20:12:47.503,29589.3707
2026-08-18 20:12:47.917,29585.0798
2026-08-18 20:12:48.330,29604.4262
2026-08-18 20:12:48.743,29629.3383
2026-08-18 20:12:49.156,29663.5123
2026-08-18 20:12:49.568,29714.0872
2026-08-18 20:12:49.981,29792.4741
2026-08-18 20:12:50.410,29916.3223
2026-08-18 20:12:50.844,30087.9966
2026-08-18 20:12:51.255,30287.2238
2026-08-18 20:12:51.690,30508.2016
2026-08-18 20:12:52.103,30734.8683
2026-08-18 20:12:52.521,30965.1376
2026-08-18 20:12:52.944,31202.1547
2026-08-18 20:12:53.358,31216.1555
2026-08-18 20:12:53.771,30972.673
2026-08-18 20:12:54.199,30727.0069
2026-08-18 20:12:54.620,30495.4
2026-08-18 20:12:55.056,30268.6966
2026-08-18 20:12:55.481,30053.3548
2026-08-18 20:12:55.893,29880.3865
2026-08-18 20:12:56.318,29760.6581
2026-08-18 20:12:56.744,29678.6199
2026-08-18 20:12:57.176,29622.0429
2026-08-18 20:12:57.597,29580.4109
2026-08-18 20:12:58.016,29549.7641
2026-08-18 20:12:58.429,29526.252
2026-08-18 20:12:58.848,29518.5275
2026-08-18 20:12:59.275,29514.8315
2026-08-18 20:12:59.688,29512.3225
2026-08-18 20:13:00.120,29507.3078
2026-08-18 20:13:00.533,29502.3195
2026-08-18 20:13:00.959,29497.8761
2026-08-18 20:13:01.372,29493.8079
2026-08-18 20:13:01.791,29489.8218
2026-08-18 20:13:02.204,29485.7072
2026-08-18 20:13:02.682,29481.3222
2026-08-18 20:13:03.097,29477.4233
2026-08-18 20:13:03.512,29475.0309
2026-08-18 20:13:03.925,29490.3106
2026-08-18 20:13:04.337,29514.6106
2026-08-18 20:13:04.750,29547.0725
2026-08-18 20:13:05.181,29592.9749
2026-08-18 20:13:05.593,29664.6565
2026-08-18 20:13:06.017,29768.5017
2026-08-18 20:13:06.443,29918.6153
2026-08-18 20:13:06.862,30106.9546
2026-08-18 20:13:07.275,30314.2266
2026-08-18 20:13:07.689,30531.1145
2026-08-18 20:13:08.124,30756.8872
2026-08-18 20:13:08.552,30999.0584
2026-08-18 20:13:08.964,31242.3829
2026-08-18 20:13:09.380,31480.5957
2026-08-18 20:13:09.796,31725.1399
2026-08-18 20:13:10.261,32004.8913
2026-08-18 20:13:10.675,32253.6107
2026-08-18 20:13:11.088,32506.7735
2026-08-18 20:13:11.522,32772.052
2026-08-18 20:13:11.936,33035.0333
2026-08-18 20:13:12.370,33298.0638
2026-08-18 20:13:12.797,33577.6982
2026-08-18 20:13:13.209,33855.0649
2026-08-18 20:13:13.621,34126.6467
2026-08-18 20:13:14.081,34401.5826
2026-08-18 20:13:14.511,34539.3519
2026-08-18 20:13:14.930,34255.5709
2026-08-18 20:13:15.356,33968.2922
2026-08-18 20:13:15.773,33678.6907
2026-08-18 20:13:16.187,33399.7573
2026-08-18 20:13:16.612,33125.9213
2026-08-18 20:13:17.041,32838.8167
2026-08-18 20:13:17.459,32574.0179
2026-08-18 20:13:17.871,32307.9419
2026-08-18 20:13:18.283,32049.8114
2026-08-18 20:13:18.702,31795.0306
2026-08-18 20:13:19.116,31538.5176
2026-08-18 20:13:19.549,31289.1992
2026-08-18 20:13:19.960,31032.9204
2026-08-18 20:13:20.373,30793.2374
2026-08-18 20:13:20.790,30558.3566
2026-08-18 20:13:21.203,30327.6311
2026-08-18 20:13:21.622,30111.2424
2026-08-18 20:13:22.111,29887.0127
2026-08-18 20:13:22.524,29751.2328
2026-08-18 20:13:22.936,29659.1621
2026-08-18 20:13:23.399,29595.1673
2026-08-18 20:13:23.818,29541.8231
2026-08-18 20:13:24.236,29505.3624
2026-08-18 20:13:24.648,29475.7016
2026-08-18 20:13:25.079,29451.8614
2026-08-18 20:13:25.496,29454.2204
2026-08-18 20:13:25.910,29467.6802
2026-08-18 20:13:26.323,29487.0212
2026-08-18 20:13:26.742,29516.2356
2026-08-18 20:13:27.155,29563.3097
2026-08-18 20:13:27.582,29642.1857
2026-08-18 20:13:28.002,29762.3365
2026-08-18 20:13:28.426,29931.6787
2026-08-18 20:13:28.838,30133.8546
2026-08-18 20:13:29.251,30347.7812
2026-08-18 20:13:29.717,30571.0732
2026-08-18 20:13:30.135,30833.2728
2026-08-18 20:13:30.547,31035.979
2026-08-18 20:13:30.961,30882.7923
2026-08-18 20:13:31.376,30641.5753
2026-08-18 20:13:31.791,30404.472
2026-08-18 20:13:32.213,30175.1807
2026-08-18 20:13:32.638,29954.5354
2026-08-18 20:13:33.065,29760.1047
2026-08-18 20:13:33.491,29611.7854
2026-08-18 20:13:33.909,29512.3585
2026-08-18 20:13:34.322,29447.1608
2026-08-18 20:13:34.735,29400.4664
2026-08-18 20:13:35.148,29364.6474
2026-08-18 20:13:35.562,29337.0136
2026-08-18 20:13:35.986,29318.3165
2026-08-18 20:13:36.413,29329.1155
2026-08-18 20:13:36.825,29349.0301
2026-08-18 20:13:37.237,29375.6182
2026-08-18 20:13:37.663,29414.0743
2026-08-18 20:13:38.075,29475.9281
2026-08-18 20:13:38.555,29586.1331
2026-08-18 20:13:38.970,29737.4584
2026-08-18 20:13:39.388,29922.9123
2026-08-18 20:13:39.801,30132.0121
2026-08-18 20:13:40.226,30350.7875
2026-08-18 20:13:40.640,30583.9837
2026-08-18 20:13:41.054,30815.0171
2026-08-18 20:13:41.465,30964.997
2026-08-18 20:13:41.879,30756.9264
2026-08-18 20:13:42.292,30516.9159
2026-08-18 20:13:42.707,30281.4949
2026-08-18 20:13:43.170,30053.5939
2026-08-18 20:13:43.594,29812.4857
2026-08-18 20:13:44.008,29628.3608
2026-08-18 20:13:44.436,29489.0353
2026-08-18 20:13:44.850,29399.3888
2026-08-18 20:13:45.264,29337.9526
2026-08-18 20:13:45.676,29293.1128
2026-08-18 20:13:46.104,29259.2118
2026-08-18 20:13:46.516,29231.5332
2026-08-18 20:13:46.949,29219.9629
2026-08-18 20:13:47.366,29236.9679
2026-08-18 20:13:47.790,29259.452
2026-08-18 20:13:48.217,29291.8662
2026-08-18 20:13:48.633,29340.8686
2026-08-18 20:13:49.052,29415.5516
2026-08-18 20:13:49.477,29532.0985
2026-08-18 20:13:49.892,29697.2964
2026-08-18 20:13:50.309,29891.3367
2026-08-18 20:13:50.721,30104.3796
2026-08-18 20:13:51.134,30325.766
2026-08-18 20:13:51.546,30553.2163
2026-08-18 20:13:51.965,30785.6849
2026-08-18 20:13:52.382,30866.6216
2026-08-18 20:13:52.809,30627.5498
2026-08-18 20:13:53.231,30380.9891
2026-08-18 20:13:53.648,30142.8423
2026-08-18 20:13:54.062,29916.2969
2026-08-18 20:13:54.475,29707.3976
2026-08-18 20:13:54.904,29529.666
2026-08-18 20:13:55.331,29394.2571
2026-08-18 20:13:55.743,29304.7478
2026-08-18 20:13:56.155,29245.5477
2026-08-18 20:13:56.568,29202.2658
2026-08-18 20:13:57.047,29165.161
2026-08-18 20:13:57.459,29139.3439
2026-08-18 20:13:57.871,29128.3164
2026-08-18 20:13:58.284,29124.0089
2026-08-18 20:13:58.709,29120.9932
2026-08-18 20:13:59.131,29115.2598
2026-08-18 20:13:59.552,29109.5672
2026-08-18 20:13:59.965,29104.2608
2026-08-18 20:14:00.377,29099.2893
2026-08-18 20:14:00.837,29094.4644
2026-08-18 20:14:01.254,29089.4141
2026-08-18 20:14:01.681,29084.9261
2026-08-18 20:14:02.096,29080.2111
2026-08-18 20:14:02.521,29075.8758
2026-08-18 20:14:02.940,29086.5413
2026-08-18 20:14:03.353,29109.2308
2026-08-18 20:14:03.765,29139.0285
2026-08-18 20:14:04.201,29182.8093
2026-08-18 20:14:04.614,29247.5085
2026-08-18 20:14:05.028,29343.7365
2026-08-18 20:14:05.455,29481.8747
2026-08-18 20:14:05.886,29671.6128
2026-08-18 20:14:06.299,29873.9421
2026-08-18 20:14:06.718,30088.9081
2026-08-18 20:14:07.145,30316.3197
2026-08-18 20:14:07.564,30556.1642
2026-08-18 20:14:07.992,30799.1867
2026-08-18 20:14:08.404,31036.9261
2026-08-18 20:14:08.816,31277.6221
2026-08-18 20:14:09.241,31521.8787
2026-08-18 20:14:09.658,31776.5591
2026-08-18 20:14:10.078,32031.5361
2026-08-18 20:14:10.491,32291.7706
2026-08-18 20:14:10.917,32559.9076
2026-08-18 20:14:11.345,32821.3538
2026-08-18 20:14:11.758,33095.0634
2026-08-18 20:14:12.186,33362.0353
2026-08-18 20:14:12.599,33643.3092
2026-08-18 20:14:13.025,33927.0539
2026-08-18 20:14:13.437,34152.1247
2026-08-18 20:14:13.862,33953.883
2026-08-18 20:14:14.277,33660.3043
2026-08-18 20:14:14.689,33376.3383
2026-08-18 20:14:15.102,33097.36
2026-08-18 20:14:15.529,32821.0442
2026-08-18 20:14:15.943,32539.3939
2026-08-18 20:14:16.362,32270.5286
2026-08-18 20:14:16.786,32000.6025
2026-08-18 20:14:17.198,31732.423
2026-08-18 20:14:17.612,31473.6109
2026-08-18 20:14:18.025,31218.0299
2026-08-18 20:14:18.494,30966.1183
2026-08-18 20:14:18.913,30682.3673
2026-08-18 20:14:19.327,30438.6672
2026-08-18 20:14:19.741,30200.3258
2026-08-18 20:14:20.179,29959.5393
2026-08-18 20:14:20.595,29732.7007
2026-08-18 20:14:21.011,29532.1223
2026-08-18 20:14:21.426,29372.7921
2026-08-18 20:14:21.854,29262.2741
2026-08-18 20:14:22.279,29184.7542
2026-08-18 20:14:22.695,29128.9317
2026-08-18 20:14:23.111,29086.9124
2026-08-18 20:14:23.525,29053.6684
2026-08-18 20:14:23.954,29026.6376
2026-08-18 20:14:24.367,29012.244
2026-08-18 20:14:24.780,29023.043
2026-08-18 20:14:25.208,29038.5727
2026-08-18 20:14:25.626,29062.4834
2026-08-18 20:14:26.060,29099.521
2026-08-18 20:14:26.473,29162.3835
2026-08-18 20:14:26.899,29263.794
2026-08-18 20:14:27.323,29409.5415
2026-08-18 20:14:27.740,29599.5031
2026-08-18 20:14:28.166,29808.8997
2026-08-18 20:14:28.600,30044.5217
2026-08-18 20:14:29.014,30275.2025
2026-08-18 20:14:29.427,30507.626
2026-08-18 20:14:29.853,30552.5332
2026-08-18 20:14:30.269,30307.4602
2026-08-18 20:14:30.682,30069.4201
2026-08-18 20:14:31.100,29835.887
2026-08-18 20:14:31.516,29609.954
2026-08-18 20:14:31.928,29404.2945
2026-08-18 20:14:32.408,29217.9544
2026-08-18 20:14:32.833,29100.3837
2026-08-18 20:14:33.247,29022.7285
2026-08-18 20:14:33.664,28969.6121
2026-08-18 20:14:34.090,28929.3467
2026-08-18 20:14:34.501,28897.6109
2026-08-18 20:14:34.915,28873.3276
2026-08-18 20:14:35.329,28871.1367
2026-08-18 20:14:35.741,28887.4678
2026-08-18 20:14:36.154,28909.3255
2026-08-18 20:14:36.575,28940.4007
2026-08-18 20:14:36.989,28988.518
2026-08-18 20:14:37.402,29063.1478
2026-08-18 20:14:37.816,29178.4714
2026-08-18 20:14:38.227,29338.6843
2026-08-18 20:14:38.652,29530.3096
2026-08-18 20:14:39.064,29746.9675
2026-08-18 20:14:39.484,29967.9367
2026-08-18 20:14:39.897,30198.9627
2026-08-18 20:14:40.315,30431.0561
2026-08-18 20:14:40.728,30461.3556
2026-08-18 20:14:41.154,30209.7461
2026-08-18 20:14:41.588,29971.2693
2026-08-18 20:14:42.012,29727.0759
2026-08-18 20:14:42.425,29498.2151
2026-08-18 20:14:42.837,29294.5426
2026-08-18 20:14:43.250,29125.986
2026-08-18 20:14:43.691,29005.2316
2026-08-18 20:14:44.104,28919.7789
2026-08-18 20:14:44.518,28864.3822
2026-08-18 20:14:44.932,28823.8777
2026-08-18 20:14:45.345,28792.4363
2026-08-18 20:14:45.810,28765.2242
2026-08-18 20:14:46.221,28768.1096
2026-08-18 20:14:46.644,28786.6111
2026-08-18 20:14:47.059,28811.9702
2026-08-18 20:14:47.486,28847.2252
2026-08-18 20:14:47.901,28903.6042
2026-08-18 20:14:48.320,28989.3226
2026-08-18 20:14:48.734,29120.7283
2026-08-18 20:14:49.150,29293.147
2026-08-18 20:14:49.563,29493.8996
2026-08-18 20:14:50.007,29708.2114
2026-08-18 20:14:50.425,29948.2425
2026-08-18 20:14:50.839,30180.5034
2026-08-18 20:14:51.260,30408.2183
2026-08-18 20:14:51.673,30312.2565
2026-08-18 20:14:52.092,30070.5584
2026-08-18 20:14:52.506,29829.8101
2026-08-18 20:14:52.919,29599.0204
2026-08-18 20:14:53.346,29378.743
2026-08-18 20:14:53.759,29172.3462
2026-08-18 20:14:54.171,29011.4422
2026-08-18 20:14:54.583,28897.8939
2026-08-18 20:14:55.000,28822.161
2026-08-18 20:14:55.412,28768.217
2026-08-18 20:14:55.847,28727.4389
2026-08-18 20:14:56.267,28696.5407
2026-08-18 20:14:56.680,28672.7268
2026-08-18 20:14:57.093,28665.0049
2026-08-18 20:14:57.522,28660.7955
2026-08-18 20:14:57.940,28657.4498
2026-08-18 20:14:58.352,28651.9646
2026-08-18 20:14:58.779,28647.2364
2026-08-18 20:14:59.191,28642.5582
2026-08-18 20:14:59.604,28638.4731
2026-08-18 20:15:00.040,28634.1269
2026-08-18 20:15:00.452,28629.6083
2026-08-18 20:15:00.868,28625.3966
2026-08-18 20:15:01.282,28621.5122
2026-08-18 20:15:01.695,28618.4889
2026-08-18 20:15:02.123,28631.9961
2026-08-18 20:15:02.605,28660.7676
2026-08-18 20:15:03.018,28693.7426
2026-08-18 20:15:03.438,28740.9043
2026-08-18 20:15:03.852,28812.9095
2026-08-18 20:15:04.285,28923.9062
2026-08-18 20:15:04.712,29076.2689
2026-08-18 20:15:05.124,29267.1971
2026-08-18 20:15:05.547,29472.6632
2026-08-18 20:15:05.959,29695.3178
2026-08-18 20:15:06.390,29928.1411
2026-08-18 20:15:06.803,30159.656
2026-08-18 20:15:07.216,30395.0905
2026-08-18 20:15:07.628,30634.025
2026-08-18 20:15:08.042,30876.3559
2026-08-18 20:15:08.461,31122.9671
2026-08-18 20:15:08.968,31423.2001
2026-08-18 20:15:09.386,31686.3334
2026-08-18 20:15:09.802,31946.8769
2026-08-18 20:15:10.215,32208.2521
2026-08-18 20:15:10.639,32471.9117
2026-08-18 20:15:11.053,32745.9995
2026-08-18 20:15:11.475,33016.3081
2026-08-18 20:15:11.888,33296.2932
2026-08-18 20:15:12.351,33572.7709
2026-08-18 20:15:12.780,33647.4004
2026-08-18 20:15:13.192,33355.2474
2026-08-18 20:15:13.603,33073.3361
2026-08-18 20:15:14.027,32794.1733
2026-08-18 20:15:14.441,32510.8821
2026-08-18 20:15:14.869,32228.2632
2026-08-18 20:15:15.281,31959.3844
2026-08-18 20:15:15.709,31693.8408
2026-08-18 20:15:16.124,31423.0956
2026-08-18 20:15:16.550,31162.1265
2026-08-18 20:15:16.964,30897.8231
2026-08-18 20:15:17.377,30645.0276
2026-08-18 20:15:17.797,30397.3234
2026-08-18 20:15:18.210,30148.2826
2026-08-18 20:15:18.623,29908.9519
2026-08-18 20:15:19.060,29674.9426
2026-08-18 20:15:19.472,29435.2699
2026-08-18 20:15:19.885,29222.6082
2026-08-18 20:15:20.305,29039.2197
2026-08-18 20:15:20.718,28899.6594
2026-08-18 20:15:21.196,28798.0557
2026-08-18 20:15:21.612,28735.0538
2026-08-18 20:15:22.030,28687.9775
2026-08-18 20:15:22.443,28651.6834
2026-08-18 20:15:22.880,28622.1258
2026-08-18 20:15:23.294,28600.1129
2026-08-18 20:15:23.707,28605.0742
2026-08-18 20:15:24.119,28619.9809
2026-08-18 20:15:24.541,28640.6191
2026-08-18 20:15:24.954,28671.4851
2026-08-18 20:15:25.387,28718.2844
2026-08-18 20:15:25.801,28799.0129
2026-08-18 20:15:26.226,28921.0135
2026-08-18 20:15:26.639,29093.664
2026-08-18 20:15:27.052,29291.7155
2026-08-18 20:15:27.490,29506.7958
2026-08-18 20:15:27.903,29746.5768
2026-08-18 20:15:28.318,29978.5863
2026-08-18 20:15:28.731,30195.6773
2026-08-18 20:15:29.142,30066.5217
2026-08-18 20:15:29.556,29827.5781
2026-08-18 20:15:29.983,29590.3985
2026-08-18 20:15:30.395,29357.0215
2026-08-18 20:15:30.827,29139.1278
2026-08-18 20:15:31.240,28942.8879
2026-08-18 20:15:31.652,28796.7238
2026-08-18 20:15:32.063,28697.9252
2026-08-18 20:15:32.485,28631.3499
2026-08-18 20:15:32.898,28583.226
2026-08-18 20:15:33.323,28546.8516
2026-08-18 20:15:33.744,28519.692
2026-08-18 20:15:34.159,28499.6879
2026-08-18 20:15:34.572,28509.0782
2026-08-18 20:15:34.992,28528.1593
2026-08-18 20:15:35.417,28554.4331
2026-08-18 20:15:35.839,28593.4947
2026-08-18 20:15:36.252,28652.7698
2026-08-18 20:15:36.680,28748.9592
2026-08-18 20:15:37.093,28887.5431
2026-08-18 20:15:37.510,29069.079
2026-08-18 20:15:37.938,29281.0689
2026-08-18 20:15:38.352,29500.7162
2026-08-18 20:15:38.764,29728.7218
2026-08-18 20:15:39.176,29960.0222
2026-08-18 20:15:39.603,30160.5802
2026-08-18 20:15:40.016,29993.3649
2026-08-18 20:15:40.429,29753.2118
2026-08-18 20:15:40.842,29517.587
2026-08-18 20:15:41.255,29289.1941
2026-08-18 20:15:41.676,29073.3063
2026-08-18 20:15:42.169,28846.7823
2026-08-18 20:15:42.585,28707.5687
2026-08-18 20:15:42.998,28614.0853
2026-08-18 20:15:43.412,28551.4967
2026-08-18 20:15:43.857,28506.6511
2026-08-18 20:15:44.269,28470.8992
2026-08-18 20:15:44.682,28445.4058
2026-08-18 20:15:45.094,28432.2194
2026-08-18 20:15:45.508,28448.5718
2026-08-18 20:15:45.920,28471.6193
2026-08-18 20:15:46.391,28502.4188
2026-08-18 20:15:46.809,28555.2349
2026-08-18 20:15:47.223,28627.7102
2026-08-18 20:15:47.635,28740.0142
2026-08-18 20:15:48.048,28896.7389
2026-08-18 20:15:48.468,29087.5019
2026-08-18 20:15:48.895,29302.5472
2026-08-18 20:15:49.315,29532.2451
2026-08-18 20:15:49.727,29765.4664
2026-08-18 20:15:50.139,29999.0314
2026-08-18 20:15:50.601,30111.7323
2026-08-18 20:15:51.027,29854.2509
2026-08-18 20:15:51.441,29611.0622
2026-08-18 20:15:51.868,29377.5864
2026-08-18 20:15:52.279,29146.4419
2026-08-18 20:15:52.691,28939.5648
2026-08-18 20:15:53.110,28762.2146
2026-08-18 20:15:53.529,28634.1416
2026-08-18 20:15:53.943,28547.4056
2026-08-18 20:15:54.359,28489.4502
2026-08-18 20:15:54.772,28447.1556
2026-08-18 20:15:55.212,28415.4535
2026-08-18 20:15:55.641,28388.6874
2026-08-18 20:15:56.063,28377.7742
2026-08-18 20:15:56.475,28375.183
2026-08-18 20:15:56.887,28373.7146
2026-08-18 20:15:57.305,28369.951
2026-08-18 20:15:57.718,28366.117
2026-08-18 20:15:58.151,28362.3458
2026-08-18 20:15:58.568,28359.2551
2026-08-18 20:15:58.984,28356.3823
2026-08-18 20:15:59.402,28353.5756
2026-08-18 20:15:59.864,28350.6581
2026-08-18 20:16:00.282,28347.5484
2026-08-18 20:16:00.708,28344.7298
2026-08-18 20:16:01.123,28355.9455
2026-08-18 20:16:01.538,28379.7163
2026-08-18 20:16:01.952,28410.7861
2026-08-18 20:16:02.372,28453.7734
2026-08-18 20:16:02.785,28517.5529
2026-08-18 20:16:03.211,28611.7292
2026-08-18 20:16:03.624,28751.5972
2026-08-18 20:16:04.051,28933.5109
2026-08-18 20:16:04.469,29134.8751
2026-08-18 20:16:04.883,29353.0815
2026-08-18 20:16:05.309,29579.0432
2026-08-18 20:16:05.722,29817.2356
2026-08-18 20:16:06.135,30052.4762
2026-08-18 20:16:06.573,30301.3989
2026-08-18 20:16:06.984,30550.7298
2026-08-18 20:16:07.396,30796.7793
2026-08-18 20:16:07.811,31046.7306
2026-08-18 20:16:08.225,31300.857
2026-08-18 20:16:08.639,31558.6331
2026-08-18 20:16:09.052,31820.447
2026-08-18 20:16:09.464,32085.0203
2026-08-18 20:16:09.876,32351.4995
2026-08-18 20:16:10.292,32620.7672
2026-08-18 20:16:10.705,32895.6636
2026-08-18 20:16:11.133,33181.4447
2026-08-18 20:16:11.546,33453.4889
2026-08-18 20:16:11.959,33353.3881
2026-08-18 20:16:12.373,33067.2046
2026-08-18 20:16:12.788,32785.0339
2026-08-18 20:16:13.222,32504.3012
2026-08-18 20:16:13.636,32214.4705
2026-08-18 20:16:14.048,31941.9071
2026-08-18 20:16:14.460,31674.2728
2026-08-18 20:16:14.899,31401.0836
2026-08-18 20:16:15.324,31132.64
2026-08-18 20:16:15.747,30867.9091
2026-08-18 20:16:16.174,30606.904
2026-08-18 20:16:16.590,30348.0689
2026-08-18 20:16:17.004,30099.4268
2026-08-18 20:16:17.422,29856.2563
2026-08-18 20:16:17.834,29615.2355
2026-08-18 20:16:18.260,29383.2553
2026-08-18 20:16:18.673,29152.6651
2026-08-18 20:16:19.085,28946.255
2026-08-18 20:16:19.523,28774.98
2026-08-18 20:16:19.937,28646.0676
2026-08-18 20:16:20.357,28565.5396
2026-08-18 20:16:20.773,28507.7194
2026-08-18 20:16:21.189,28464.9049
2026-08-18 20:16:21.625,28431.3851
2026-08-18 20:16:22.053,28403.4018
2026-08-18 20:16:22.466,28384.7035
2026-08-18 20:16:22.877,28393.0974
2026-08-18 20:16:23.289,28408.8986
2026-08-18 20:16:23.772,28434.9945
2026-08-18 20:16:24.184,28471.5775
2026-08-18 20:16:24.598,28527.2336
2026-08-18 20:16:25.010,28616.9921
2026-08-18 20:16:25.424,28752.549
2026-08-18 20:16:25.852,28930.7813
2026-08-18 20:16:26.268,29143.9991
2026-08-18 20:16:26.684,29365.2244
2026-08-18 20:16:27.097,29594.7919
2026-08-18 20:16:27.560,29827.6674
2026-08-18 20:16:27.987,29979.1945
2026-08-18 20:16:28.400,29750.6632
2026-08-18 20:16:28.827,29504.623
2026-08-18 20:16:29.241,29272.4054
2026-08-18 20:16:29.655,29049.1476
2026-08-18 20:16:30.072,28840.6931
2026-08-18 20:16:30.494,28668.2459
2026-08-18 20:16:30.906,28541.4293
2026-08-18 20:16:31.324,28459.7004
2026-08-18 20:16:31.748,28402.9594
2026-08-18 20:16:32.164,28361.2065
2026-08-18 20:16:32.578,28330.2784
2026-08-18 20:16:33.005,28305.63
2026-08-18 20:16:33.424,28297.28
2026-08-18 20:16:33.836,28314.8154
2026-08-18 20:16:34.265,28337.1716
2026-08-18 20:16:34.677,28369.2122
2026-08-18 20:16:35.089,28414.726
2026-08-18 20:16:35.501,28484.7419
2026-08-18 20:16:35.915,28593.4631
2026-08-18 20:16:36.328,28748.2278
2026-08-18 20:16:36.741,28938.1791
2026-08-18 20:16:37.181,29147.8574
2026-08-18 20:16:37.593,29384.8766
2026-08-18 20:16:38.014,29613.5002
2026-08-18 20:16:38.427,29851.271
2026-08-18 20:16:38.864,29928.9679
2026-08-18 20:16:39.294,29686.6167
2026-08-18 20:16:39.707,29440.0275
2026-08-18 20:16:40.144,29201.3712
2026-08-18 20:16:40.556,28975.1814
2026-08-18 20:16:40.971,28772.6874
2026-08-18 20:16:41.389,28603.4406
2026-08-18 20:16:41.801,28481.5414
2026-08-18 20:16:42.215,28401.8664
2026-08-18 20:16:42.652,28345.5392
2026-08-18 20:16:43.067,28305.2894
2026-08-18 20:16:43.493,28275.6731
2026-08-18 20:16:43.922,28251.4555
2026-08-18 20:16:44.344,28252.0549
2026-08-18 20:16:44.762,28272.46
2026-08-18 20:16:45.183,28298.6378
2026-08-18 20:16:45.597,28335.6306
2026-08-18 20:16:46.010,28389.6062
2026-08-18 20:16:46.423,28472.3479
2026-08-18 20:16:46.835,28597.661
2026-08-18 20:16:47.249,28765.7761
2026-08-18 20:16:47.662,28963.463
2026-08-18 20:16:48.129,29206.3611
2026-08-18 20:16:48.543,29432.6196
2026-08-18 20:16:48.971,29663.7076
2026-08-18 20:16:49.383,29903.7359
2026-08-18 20:16:49.801,29836.2643
2026-08-18 20:16:50.216,29593.569
2026-08-18 20:16:50.628,29357.4188
2026-08-18 20:16:51.041,29128.9858
2026-08-18 20:16:51.454,28910.6664
2026-08-18 20:16:51.866,28711.5906
2026-08-18 20:16:52.278,28549.3719
2026-08-18 20:16:52.696,28434.9033
2026-08-18 20:16:53.198,28346.752
2026-08-18 20:16:53.616,28296.6106
2026-08-18 20:16:54.034,28260.633
2026-08-18 20:16:54.462,28233.1366
2026-08-18 20:16:54.874,28212.6239
2026-08-18 20:16:55.287,28208.5225
2026-08-18 20:16:55.700,28206.292
2026-08-18 20:16:56.112,28205.0268
2026-08-18 20:16:56.538,28201.6312
2026-08-18 20:16:57.013,28198.031
2026-08-18 20:16:57.425,28195.1426
2026-08-18 20:16:57.838,28192.5637
2026-08-18 20:16:58.261,28190.0691
2026-08-18 20:16:58.674,28187.7265
2026-08-18 20:16:59.093,28185.6022
2026-08-18 20:16:59.511,28183.497
2026-08-18 20:16:59.924,28183.5417
2026-08-18 20:17:00.351,28202.2368
2026-08-18 20:17:00.764,28228.1669
2026-08-18 20:17:01.201,28262.7887
2026-08-18 20:17:01.614,28314.5735
2026-08-18 20:17:02.028,28388.053
2026-08-18 20:17:02.462,28501.8763
2026-08-18 20:17:02.874,28656.9165
2026-08-18 20:17:03.306,28850.4243
2026-08-18 20:17:03.726,29059.918
2026-08-18 20:17:04.140,29282.6575
2026-08-18 20:17:04.565,29510.2222
2026-08-18 20:17:04.979,29748.7496
2026-08-18 20:17:05.408,29985.2947
2026-08-18 20:17:05.821,30234.5398
2026-08-18 20:17:06.249,30487.4089
2026-08-18 20:17:06.671,30734.4866
2026-08-18 20:17:07.084,30989.9925
2026-08-18 20:17:07.508,31243.6397
2026-08-18 20:17:07.931,31508.0413
2026-08-18 20:17:08.344,31774.2301
2026-08-18 20:17:08.756,32037.4279
2026-08-18 20:17:09.171,32303.0773
2026-08-18 20:17:09.583,32573.7115
2026-08-18 20:17:10.047,32880.256
2026-08-18 20:17:10.473,33163.8729
2026-08-18 20:17:10.885,33249.6131
2026-08-18 20:17:11.322,32972.5761
2026-08-18 20:17:11.770,32653.1025
2026-08-18 20:17:12.183,32374.2095
2026-08-18 20:17:12.600,32101.141
2026-08-18 20:17:13.064,31798.047
2026-08-18 20:17:13.478,31529.7437
2026-08-18 20:17:13.892,31267.548
2026-08-18 20:17:14.305,31009.004
2026-08-18 20:17:14.717,30753.4642
2026-08-18 20:17:15.133,30502.1345
2026-08-18 20:17:15.548,30252.0322
2026-08-18 20:17:15.971,30006.5705
2026-08-18 20:17:16.392,29759.895
2026-08-18 20:17:16.817,29519.532
2026-08-18 20:17:17.231,29282.1101
2026-08-18 20:17:17.650,29058.7106
2026-08-18 20:17:18.078,28847.154
2026-08-18 20:17:18.507,28657.409
2026-08-18 20:17:18.942,28525.6248
2026-08-18 20:17:19.354,28440.2924
2026-08-18 20:17:19.767,28382.3009
2026-08-18 20:17:20.180,28339.1094
2026-08-18 20:17:20.592,28305.9116
2026-08-18 20:17:21.014,28279.4591
2026-08-18 20:17:21.427,28258.4762
2026-08-18 20:17:21.851,28261.8038
2026-08-18 20:17:22.282,28277.3622
2026-08-18 20:17:22.694,28299.2104
2026-08-18 20:17:23.112,28329.8966
2026-08-18 20:17:23.541,28377.5769
2026-08-18 20:17:23.952,28456.4903
2026-08-18 20:17:24.381,28575.5075
2026-08-18 20:17:24.795,28748.1613
2026-08-18 20:17:25.208,28945.9147
2026-08-18 20:17:25.629,29160.1646
2026-08-18 20:17:26.041,29389.2118
2026-08-18 20:17:26.479,29618.6722
2026-08-18 20:17:26.894,29845.551
2026-08-18 20:17:27.311,29713.1651
2026-08-18 20:17:27.724,29474.2716
2026-08-18 20:17:28.136,29243.9292
2026-08-18 20:17:28.579,29012.1793
2026-08-18 20:17:29.000,28793.8015
2026-08-18 20:17:29.415,28606.4306
2026-08-18 20:17:29.828,28466.9442
2026-08-18 20:17:30.250,28373.9073
2026-08-18 20:17:30.678,28310.7017
2026-08-18 20:17:31.091,28265.6545
2026-08-18 20:17:31.512,28233.4808
2026-08-18 20:17:31.925,28208.5195
2026-08-18 20:17:32.341,28192.1874
2026-08-18 20:17:32.802,28206.7986
2026-08-18 20:17:33.218,28228.3877
2026-08-18 20:17:33.632,28257.5153
2026-08-18 20:17:34.059,28300.2804
2026-08-18 20:17:34.487,28363.0811
2026-08-18 20:17:34.898,28464.622
2026-08-18 20:17:35.319,28608.2803
2026-08-18 20:17:35.732,28794.3517
2026-08-18 20:17:36.165,29007.7967
2026-08-18 20:17:36.577,29230.531
2026-08-18 20:17:37.006,29457.2843
2026-08-18 20:17:37.419,29698.2387
2026-08-18 20:17:37.835,29848.7765
2026-08-18 20:17:38.261,29643.0765
2026-08-18 20:17:38.676,29400.6233
2026-08-18 20:17:39.113,29170.4407
2026-08-18 20:17:39.525,28937.6523
2026-08-18 20:17:39.943,28732.4204
2026-08-18 20:17:40.370,28554.2345
2026-08-18 20:17:40.786,28420.8266
2026-08-18 20:17:41.212,28335.1003
2026-08-18 20:17:41.630,28276.5941
2026-08-18 20:17:42.048,28236.2915
2026-08-18 20:17:42.468,28206.4848
2026-08-18 20:17:42.881,28183.7852
2026-08-18 20:17:43.307,28174.5256
2026-08-18 20:17:43.721,28193.288
2026-08-18 20:17:44.149,28217.1518
2026-08-18 20:17:44.561,28251.106
2026-08-18 20:17:44.979,28299.3406
2026-08-18 20:17:45.408,28373.4343
2026-08-18 20:17:45.826,28488.2972
2026-08-18 20:17:46.268,28647.9372
2026-08-18 20:17:46.685,28851.6998
2026-08-18 20:17:47.100,29065.3598
2026-08-18 20:17:47.512,29288.3609
2026-08-18 20:17:47.924,29515.0212
2026-08-18 20:17:48.364,29746.5556
2026-08-18 20:17:48.776,29822.4138
2026-08-18 20:17:49.191,29587.933
2026-08-18 20:17:49.615,29356.1718
2026-08-18 20:17:50.028,29124.5328
2026-08-18 20:17:50.461,28904.9583
2026-08-18 20:17:50.873,28692.9897
2026-08-18 20:17:51.312,28519.7872
2026-08-18 20:17:51.740,28397.1071
2026-08-18 20:17:52.161,28315.3784
2026-08-18 20:17:52.578,28260.4712
2026-08-18 20:17:52.995,28221.2
2026-08-18 20:17:53.412,28193.8575
2026-08-18 20:17:53.825,28174.1198
2026-08-18 20:17:54.239,28165.532
2026-08-18 20:17:54.656,28162.7928
2026-08-18 20:17:55.079,28162.7236
2026-08-18 20:17:55.495,28161.3024
2026-08-18 20:17:55.908,28160.5729
2026-08-18 20:17:56.371,28158.2226
2026-08-18 20:17:56.790,28155.8038
2026-08-18 20:17:57.207,28152.8852
2026-08-18 20:17:57.623,28150.0455
2026-08-18 20:17:58.051,28147.6686
2026-08-18 20:17:58.467,28146.1573
2026-08-18 20:17:58.884,28145.5578
2026-08-18 20:17:59.311,28159.7285
2026-08-18 20:17:59.723,28185.1984
2026-08-18 20:18:00.149,28217.5954
2026-08-18 20:18:00.577,28263.1007
2026-08-18 20:18:00.996,28328.9567
2026-08-18 20:18:01.410,28425.0589
2026-08-18 20:18:01.838,28566.8735
2026-08-18 20:18:02.262,28742.0472
2026-08-18 20:18:02.690,28947.2157
2026-08-18 20:18:03.112,29169.0719
2026-08-18 20:18:03.524,29397.2807
2026-08-18 20:18:03.951,29633.0768
2026-08-18 20:18:04.369,29865.1168
2026-08-18 20:18:04.782,30103.8344
2026-08-18 20:18:05.215,30352.5707
2026-08-18 20:18:05.627,30599.2048
2026-08-18 20:18:06.045,30845.4772
2026-08-18 20:18:06.470,31097.9824
2026-08-18 20:18:06.887,31358.5084
2026-08-18 20:18:07.300,31618.2317
2026-08-18 20:18:07.713,31878.531
2026-08-18 20:18:08.136,32140.5532
2026-08-18 20:18:08.553,32413.3054
2026-08-18 20:18:08.965,32684.4083
2026-08-18 20:18:09.400,32955.6312
2026-08-18 20:18:09.822,33197.803
2026-08-18 20:18:10.249,33002.8262
2026-08-18 20:18:10.662,32716.0793
2026-08-18 20:18:11.075,32440.7379
2026-08-18 20:18:11.498,32168.4698
2026-08-18 20:18:11.910,31895.2603
2026-08-18 20:18:12.329,31632.6857
2026-08-18 20:18:12.756,31368.2479
2026-08-18 20:18:13.168,31103.6286
2026-08-18 20:18:13.603,30851.7916
2026-08-18 20:18:14.028,30588.9707
2026-08-18 20:18:14.443,30335.9756
2026-08-18 20:18:14.856,30092.2394
2026-08-18 20:18:15.284,29852.8414
2026-08-18 20:18:15.703,29609.4114
2026-08-18 20:18:16.116,29376.0729
2026-08-18 20:18:16.530,29152.596
2026-08-18 20:18:16.966,28931.3762
2026-08-18 20:18:17.383,28735.2437
2026-08-18 20:18:17.809,28582.4006
2026-08-18 20:18:18.221,28476.0815
2026-08-18 20:18:18.646,28407.7293
2026-08-18 20:18:19.061,28357.8973
2026-08-18 20:18:19.474,28321.3749
2026-08-18 20:18:19.915,28294.7104
2026-08-18 20:18:20.328,28276.2982
2026-08-18 20:18:20.742,28269.8927
2026-08-18 20:18:21.154,28275.596
2026-08-18 20:18:21.580,28291.1913
2026-08-18 20:18:22.035,28319.661
2026-08-18 20:18:22.460,28358.1642
2026-08-18 20:18:22.874,28421.1741
2026-08-18 20:18:23.285,28519.8994
2026-08-18 20:18:23.702,28664.2314
2026-08-18 20:18:24.128,28848.8318
2026-08-18 20:18:24.540,29061.3272
2026-08-18 20:18:24.960,29279.0785
2026-08-18 20:18:25.374,29509.5924
2026-08-18 20:18:25.786,29741.012
2026-08-18 20:18:26.253,29787.3428
2026-08-18 20:18:26.665,29551.8157
2026-08-18 20:18:27.093,29322.9778
2026-08-18 20:18:27.520,29092.5675
2026-08-18 20:18:27.938,28874.7629
2026-08-18 20:18:28.352,28683.095
2026-08-18 20:18:28.766,28531.2316
2026-08-18 20:18:29.178,28425.6359
2026-08-18 20:18:29.591,28355.8176
2026-08-18 20:18:30.011,28314.7338
2026-08-18 20:18:30.433,28286.667
2026-08-18 20:18:30.854,28259.8306
2026-08-18 20:18:31.266,28236.3873
2026-08-18 20:18:31.682,28245.2892
2026-08-18 20:18:32.098,28264.0014
2026-08-18 20:18:32.529,28286.7182
2026-08-18 20:18:32.942,28323.3475
2026-08-18 20:18:33.354,28378.0618
2026-08-18 20:18:33.766,28449.6112
2026-08-18 20:18:34.198,28570.3332
2026-08-18 20:18:34.631,28739.7417
2026-08-18 20:18:35.044,28943.5929
2026-08-18 20:18:35.457,29152.3963
2026-08-18 20:18:35.871,29371.454
2026-08-18 20:18:36.298,29609.7229
2026-08-18 20:18:36.753,29872.9194
2026-08-18 20:18:37.166,29777.727
2026-08-18 20:18:37.579,29540.8836
2026-08-18 20:18:37.993,29309.8125
2026-08-18 20:18:38.420,29089.1232
2026-08-18 20:18:38.847,28872.6635
2026-08-18 20:18:39.261,28682.7059
2026-08-18 20:18:39.682,28552.9285
2026-08-18 20:18:40.096,28449.7538
2026-08-18 20:18:40.534,28371.4873
2026-08-18 20:18:40.954,28318.6357
2026-08-18 20:18:41.368,28280.1788
2026-08-18 20:18:41.789,28252.1562
2026-08-18 20:18:42.201,28234.0109
2026-08-18 20:18:42.613,28245.0412
2026-08-18 20:18:43.027,28265.0904
2026-08-18 20:18:43.492,28295.5909
2026-08-18 20:18:43.905,28336.2855
2026-08-18 20:18:44.328,28396.5803
2026-08-18 20:18:44.741,28493.1001
2026-08-18 20:18:45.168,28636.4443
2026-08-18 20:18:45.587,28815.3053
2026-08-18 20:18:46.000,29026.4298
2026-08-18 20:18:46.414,29238.1942
2026-08-18 20:18:46.828,29460.0906
2026-08-18 20:18:47.262,29696.4836
2026-08-18 20:18:47.676,29895.696
2026-08-18 20:18:48.091,29737.6435
2026-08-18 20:18:48.505,29505.1161
2026-08-18 20:18:48.922,29277.9731
2026-08-18 20:18:49.349,29056.0072
2026-08-18 20:18:49.763,28842.363
2026-08-18 20:18:50.174,28659.3395
2026-08-18 20:18:50.588,28517.5936
2026-08-18 20:18:51.048,28412.387
2026-08-18 20:18:51.468,28354.2488
2026-08-18 20:18:51.885,28312.9467
2026-08-18 20:18:52.297,28281.269
2026-08-18 20:18:52.710,28259.7921
2026-08-18 20:18:53.151,28242.3387
2026-08-18 20:18:53.566,28240.7416
2026-08-18 20:18:53.983,28245.066
2026-08-18 20:18:54.395,28254.3877
2026-08-18 20:18:54.822,28246.4818
2026-08-18 20:18:55.263,28243.2945
2026-08-18 20:18:55.690,28241.7758
2026-08-18 20:18:56.102,28241.9923
2026-08-18 20:18:56.517,28241.4615
2026-08-18 20:18:56.930,28241.2486
2026-08-18 20:18:57.390,28239.5648
2026-08-18 20:18:57.824,28239.4306
2026-08-18 20:18:58.236,28247.2885
2026-08-18 20:18:58.663,28279.0735
2026-08-18 20:18:59.076,28304.1594
2026-08-18 20:18:59.493,28339.4775
2026-08-18 20:18:59.906,28393.8578
2026-08-18 20:19:00.320,28475.834
2026-08-18 20:19:00.744,28594.1729
2026-08-18 20:19:01.169,28757.7991
2026-08-18 20:19:01.583,28956.3674
2026-08-18 20:19:02.002,29164.2174
2026-08-18 20:19:02.437,29382.7011
2026-08-18 20:19:02.850,29615.5886
2026-08-18 20:19:03.264,29845.5391
2026-08-18 20:19:03.677,30078.3949
2026-08-18 20:19:04.144,30317.2867
2026-08-18 20:19:04.572,30597.351
2026-08-18 20:19:04.986,30846.4487
2026-08-18 20:19:05.413,31100.4513
2026-08-18 20:19:05.833,31351.1916
2026-08-18 20:19:06.251,31611.9233
2026-08-18 20:19:06.678,31872.8613
2026-08-18 20:19:07.092,32139.8763
2026-08-18 20:19:07.504,32404.9473
2026-08-18 20:19:07.917,32666.52
2026-08-18 20:19:08.329,32936.3957
2026-08-18 20:19:08.763,33207.4118
2026-08-18 20:19:09.176,33166.6546
2026-08-18 20:19:09.589,32893.9728
2026-08-18 20:19:10.001,32624.5132
2026-08-18 20:19:10.413,32361.7346
2026-08-18 20:19:10.857,32091.9131
2026-08-18 20:19:11.283,31809.0163
2026-08-18 20:19:11.695,31540.57
2026-08-18 20:19:12.120,31283.6263
2026-08-18 20:19:12.537,31022.8308
2026-08-18 20:19:12.953,30771.3647
2026-08-18 20:19:13.366,30523.6871
2026-08-18 20:19:13.780,30281.986
2026-08-18 20:19:14.193,30044.5731
2026-08-18 20:19:14.659,29810.7601
2026-08-18 20:19:15.077,29550.3448
2026-08-18 20:19:15.494,29327.5065
2026-08-18 20:19:15.912,29111.3462
2026-08-18 20:19:16.324,28911.4371
2026-08-18 20:19:16.749,28743.2305
2026-08-18 20:19:17.183,28625.1767
2026-08-18 20:19:17.597,28549.303
2026-08-18 20:19:18.023,28495.9596
2026-08-18 20:19:18.443,28458.1405
2026-08-18 20:19:18.860,28428.6534
2026-08-18 20:19:19.274,28405.9375
2026-08-18 20:19:19.688,28390.0564
2026-08-18 20:19:20.102,28399.0657
2026-08-18 20:19:20.517,28415.9447
2026-08-18 20:19:20.929,28438.8644
2026-08-18 20:19:21.362,28471.5341
2026-08-18 20:19:21.776,28523.7971
2026-08-18 20:19:22.190,28603.9057
2026-08-18 20:19:22.605,28727.4909
2026-08-18 20:19:23.017,28894.7156
2026-08-18 20:19:23.479,29114.6471
2026-08-18 20:19:23.893,29328.4394
2026-08-18 20:19:24.306,29551.204
2026-08-18 20:19:24.719,29778.3913
2026-08-18 20:19:25.133,29967.8216
2026-08-18 20:19:25.599,29777.1126
2026-08-18 20:19:26.027,29548.8485
2026-08-18 20:19:26.440,29317.8697
2026-08-18 20:19:26.864,29103.5573
2026-08-18 20:19:27.277,28899.0987
2026-08-18 20:19:27.700,28729.9985
2026-08-18 20:19:28.113,28603.9492
2026-08-18 20:19:28.532,28523.7266
2026-08-18 20:19:28.948,28469.1102
2026-08-18 20:19:29.362,28431.0979
2026-08-18 20:19:29.826,28400.0048
2026-08-18 20:19:30.247,28380.1962
2026-08-18 20:19:30.660,28373.3077
2026-08-18 20:19:31.087,28393.3818
2026-08-18 20:19:31.507,28417.3732
2026-08-18 20:19:31.924,28450.1203
2026-08-18 20:19:32.351,28496.1258
2026-08-18 20:19:32.768,28567.8777
2026-08-18 20:19:33.196,28676.5636
2026-08-18 20:19:33.607,28834.4041
2026-08-18 20:19:34.019,29020.8921
2026-08-18 20:19:34.446,29227.5213
2026-08-18 20:19:34.874,29452.5682
2026-08-18 20:19:35.286,29684.9819
2026-08-18 20:19:35.709,29914.867
2026-08-18 20:19:36.126,29986.0194
2026-08-18 20:19:36.540,29757.0502
2026-08-18 20:19:36.969,29527.5357
2026-08-18 20:19:37.382,29301.1198
2026-08-18 20:19:37.795,29089.7741
2026-08-18 20:19:38.223,28894.9639
2026-08-18 20:19:38.638,28727.12
2026-08-18 20:19:39.062,28611.0401
2026-08-18 20:19:39.485,28534.2252
2026-08-18 20:19:39.898,28482.9387
2026-08-18 20:19:40.311,28447.0188
2026-08-18 20:19:40.724,28420.5066
2026-08-18 20:19:41.159,28400.6981
2026-08-18 20:19:41.573,28399.9073
2026-08-18 20:19:41.985,28420.8429
2026-08-18 20:19:42.398,28446.8271
2026-08-18 20:19:42.811,28482.0165
2026-08-18 20:19:43.223,28532.8082
2026-08-18 20:19:43.638,28609.4054
2026-08-18 20:19:44.051,28726.1605
2026-08-18 20:19:44.465,28885.7016
2026-08-18 20:19:44.892,29084.27
2026-08-18 20:19:45.314,29292.2632
2026-08-18 20:19:45.727,29515.3898
2026-08-18 20:19:46.154,29748.1179
2026-08-18 20:19:46.574,29976.513
2026-08-18 20:19:46.988,30003.5515
2026-08-18 20:19:47.403,29772.2465
2026-08-18 20:19:47.829,29545.4436
2026-08-18 20:19:48.242,29318.0721
2026-08-18 20:19:48.655,29107.2996
2026-08-18 20:19:49.072,28913.0832
2026-08-18 20:19:49.484,28750.7015
2026-08-18 20:19:49.897,28636.0495
2026-08-18 20:19:50.312,28561.2457
2026-08-18 20:19:50.725,28510.5317
2026-08-18 20:19:51.143,28474.9748
2026-08-18 20:19:51.650,28444.3426
2026-08-18 20:19:52.063,28425.3195
2026-08-18 20:19:52.481,28421.4752
2026-08-18 20:19:52.906,28422.1907
2026-08-18 20:19:53.318,28423.8077
2026-08-18 20:19:53.742,28423.0645
2026-08-18 20:19:54.155,28422.3884
2026-08-18 20:19:54.582,28422.1895
2026-08-18 20:19:54.996,28422.2849
2026-08-18 20:19:55.418,28422.285
2026-08-18 20:19:55.843,28422.6057
2026-08-18 20:19:56.258,28422.877
2026-08-18 20:19:56.685,28423.5457
2026-08-18 20:19:57.096,28424.6206
2026-08-18 20:19:57.534,28440.4821
2026-08-18 20:19:57.947,28468.2335
2026-08-18 20:19:58.364,28501.7181
2026-08-18 20:19:58.777,28547.9721
2026-08-18 20:19:59.188,28613.5934
2026-08-18 20:19:59.600,28710.5346
2026-08-18 20:20:00.070,28868.0864
2026-08-18 20:20:00.483,29048.1077
2026-08-18 20:20:00.898,29248.1882
2026-08-18 20:20:01.310,29461.9281
2026-08-18 20:20:01.724,29682.5108
2026-08-18 20:20:02.152,29908.7178
2026-08-18 20:20:02.569,30149.7254
2026-08-18 20:20:02.982,30383.702
2026-08-18 20:20:03.395,30621.3897
2026-08-18 20:20:03.808,30862.368
2026-08-18 20:20:04.220,31106.2667
2026-08-18 20:20:04.685,31384.5348
2026-08-18 20:20:05.113,31643.9021
2026-08-18 20:20:05.532,31898.1556
2026-08-18 20:20:05.950,32159.161
2026-08-18 20:20:06.376,32422.868
2026-08-18 20:20:06.790,32694.958
2026-08-18 20:20:07.211,32960.4844
2026-08-18 20:20:07.638,33236.0978
2026-08-18 20:20:08.051,33425.3028
2026-08-18 20:20:08.471,33197.4224
2026-08-18 20:20:08.882,32922.3307
2026-08-18 20:20:09.295,32655.3649
2026-08-18 20:20:09.707,32391.2947
2026-08-18 20:20:10.124,32131.206
2026-08-18 20:20:10.551,31871.7359
2026-08-18 20:20:11.006,31584.7896
2026-08-18 20:20:11.419,31334.9266
2026-08-18 20:20:11.842,31088.785
2026-08-18 20:20:12.260,30839.2165
2026-08-18 20:20:12.672,30596.3695
2026-08-18 20:20:13.093,30360.7818
2026-08-18 20:20:13.517,30124.0705
2026-08-18 20:20:13.930,29889.9518
2026-08-18 20:20:14.343,29667.1307
2026-08-18 20:20:14.765,29449.6417
2026-08-18 20:20:15.196,29239.1486
2026-08-18 20:20:15.622,29048.6316
2026-08-18 20:20:16.035,28904.7695
2026-08-18 20:20:16.460,28809.683
2026-08-18 20:20:16.874,28748.7054
2026-08-18 20:20:17.302,28704.7612
2026-08-18 20:20:17.724,28670.8724
2026-08-18 20:20:18.137,28645.3105
2026-08-18 20:20:18.548,28625.8586
2026-08-18 20:20:18.966,28620.9257
2026-08-18 20:20:19.379,28636.2814
2026-08-18 20:20:19.797,28655.5548
2026-08-18 20:20:20.258,28686.6022
2026-08-18 20:20:20.684,28728.0181
2026-08-18 20:20:21.102,28795.1441
2026-08-18 20:20:21.515,28900.122
2026-08-18 20:20:21.931,29049.8436
2026-08-18 20:20:22.360,29236.3308
2026-08-18 20:20:22.771,29449.9046
2026-08-18 20:20:23.198,29673.9369
2026-08-18 20:20:23.611,29897.5213
2026-08-18 20:20:24.037,30124.9389
2026-08-18 20:20:24.463,30120.1713
2026-08-18 20:20:24.876,29883.3065
2026-08-18 20:20:25.297,29660.2054
2026-08-18 20:20:25.710,29437.6188
2026-08-18 20:20:26.124,29230.6151
2026-08-18 20:20:26.585,29023.9507
2026-08-18 20:20:27.000,28880.9346
2026-08-18 20:20:27.423,28784.4045
2026-08-18 20:20:27.850,28720.4665
2026-08-18 20:20:28.267,28676.4142
2026-08-18 20:20:28.689,28645.5898
2026-08-18 20:20:29.115,28621.7238
2026-08-18 20:20:29.527,28605.5514
2026-08-18 20:20:29.952,28614.667
2026-08-18 20:20:30.365,28635.9834
2026-08-18 20:20:30.792,28662.8184
2026-08-18 20:20:31.217,28701.1018
2026-08-18 20:20:31.630,28757.8992
2026-08-18 20:20:32.043,28843.0539
2026-08-18 20:20:32.469,28970.1817
2026-08-18 20:20:32.898,29144.8297
2026-08-18 20:20:33.309,29348.1854
2026-08-18 20:20:33.736,29558.5458
2026-08-18 20:20:34.150,29785.5548
2026-08-18 20:20:34.563,30010.6309
2026-08-18 20:20:34.996,30218.7555
2026-08-18 20:20:35.423,30078.029
2026-08-18 20:20:35.842,29851.6645
2026-08-18 20:20:36.257,29627.3496
2026-08-18 20:20:36.684,29411.9292
2026-08-18 20:20:37.096,29203.1195
2026-08-18 20:20:37.515,29025.8509
2026-08-18 20:20:37.929,28887.5886
2026-08-18 20:20:38.342,28797.0173
2026-08-18 20:20:38.756,28737.7688
2026-08-18 20:20:39.168,28697.1338
2026-08-18 20:20:39.646,28664.4536
2026-08-18 20:20:40.059,28642.6925
2026-08-18 20:20:40.521,28631.2905
2026-08-18 20:20:40.935,28650.3673
2026-08-18 20:20:41.356,28674.6623
2026-08-18 20:20:41.769,28707.4674
2026-08-18 20:20:42.185,28752.6871
2026-08-18 20:20:42.597,28820.7178
2026-08-18 20:20:43.016,28923.9485
2026-08-18 20:20:43.430,29072.8639
2026-08-18 20:20:43.909,29280.2479
2026-08-18 20:20:44.329,29491.7022
2026-08-18 20:20:44.744,29710.617
2026-08-18 20:20:45.172,29933.8208
2026-08-18 20:20:45.584,30167.9384
2026-08-18 20:20:46.019,30254.1427
2026-08-18 20:20:46.431,30028.0937
2026-08-18 20:20:46.844,29804.6755
2026-08-18 20:20:47.284,29577.8181
2026-08-18 20:20:47.698,29361.831
2026-08-18 20:20:48.117,29165.1941
2026-08-18 20:20:48.530,29001.6165
2026-08-18 20:20:48.941,28884.7026
2026-08-18 20:20:49.354,28808.4357
2026-08-18 20:20:49.768,28757.3589
2026-08-18 20:20:50.181,28721.217
2026-08-18 20:20:50.607,28694.8346
2026-08-18 20:20:51.035,28674.7003
2026-08-18 20:20:51.451,28666.1794
2026-08-18 20:20:51.865,28667.226
2026-08-18 20:20:52.277,28668.9576
2026-08-18 20:20:52.702,28669.5881
2026-08-18 20:20:53.118,28668.9397
2026-08-18 20:20:53.548,28668.9154
2026-08-18 20:20:53.976,28669.0786
2026-08-18 20:20:54.387,28669.3673
2026-08-18 20:20:54.807,28670.1311
2026-08-18 20:20:55.223,28670.7264
2026-08-18 20:20:55.649,28671.5015
2026-08-18 20:20:56.072,28672.3772
2026-08-18 20:20:56.485,28682.9196
2026-08-18 20:20:56.903,28707.3418
2026-08-18 20:20:57.315,28738.3198
2026-08-18 20:20:57.753,28778.7792
2026-08-18 20:20:58.167,28840.5037
2026-08-18 20:20:58.579,28927.2938
2026-08-18 20:20:58.992,29052.4202
2026-08-18 20:20:59.405,29216.0958
2026-08-18 20:20:59.883,29433.436
2026-08-18 20:21:00.296,29646.6451
2026-08-18 20:21:00.709,29863.4971
2026-08-18 20:21:01.136,30093.4714
2026-08-18 20:21:01.549,30320.9419
2026-08-18 20:21:01.971,30552.1014
2026-08-18 20:21:02.383,30791.317
2026-08-18 20:21:02.808,31028.5934
2026-08-18 20:21:03.224,31276.7054
2026-08-18 20:21:03.636,31522.5869
2026-08-18 20:21:04.076,31768.9248
2026-08-18 20:21:04.489,32035.3076
2026-08-18 20:21:04.913,32289.1365
2026-08-18 20:21:05.329,32552.2613
2026-08-18 20:21:05.755,32813.3391
2026-08-18 20:21:06.182,33083.4282
2026-08-18 20:21:06.598,33357.9101
2026-08-18 20:21:07.010,33608.3515
2026-08-18 20:21:07.422,33474.3384
2026-08-18 20:21:07.836,33206.6629
2026-08-18 20:21:08.259,32940.4052
2026-08-18 20:21:08.678,32671.272
2026-08-18 20:21:09.105,32408.7477
2026-08-18 20:21:09.533,32135.8667
2026-08-18 20:21:09.957,31884.0163
2026-08-18 20:21:10.371,31629.4877
2026-08-18 20:21:10.783,31384.2024
2026-08-18 20:21:11.212,31142.9088
2026-08-18 20:21:11.628,30894.9423
2026-08-18 20:21:12.042,30658.072
2026-08-18 20:21:12.455,30426.5791
2026-08-18 20:21:12.871,30199.4329
2026-08-18 20:21:13.344,29950.3219
2026-08-18 20:21:13.759,29727.476
2026-08-18 20:21:14.185,29520.2103
2026-08-18 20:21:14.601,29326.8475
2026-08-18 20:21:15.016,29177.2448
2026-08-18 20:21:15.433,29075.4064
2026-08-18 20:21:15.859,29009.262
2026-08-18 20:21:16.272,28961.41
2026-08-18 20:21:16.685,28927.3438
2026-08-18 20:21:17.102,28901.0124
2026-08-18 20:21:17.537,28880.3438
2026-08-18 20:21:17.962,28869.0385
2026-08-18 20:21:18.375,28882.5441
2026-08-18 20:21:18.789,28900.8412
2026-08-18 20:21:19.209,28925.6795
2026-08-18 20:21:19.640,28962.3797
2026-08-18 20:21:20.053,29020.7959
2026-08-18 20:21:20.481,29113.7457
2026-08-18 20:21:20.893,29249.296
2026-08-18 20:21:21.305,29424.3282
2026-08-18 20:21:21.767,29646.9863
2026-08-18 20:21:22.190,29860.4823
2026-08-18 20:21:22.602,30086.4939
2026-08-18 20:21:23.015,30310.9704
2026-08-18 20:21:23.428,30404.2229
2026-08-18 20:21:23.857,30187.5847
2026-08-18 20:21:24.268,29957.2792
2026-08-18 20:21:24.694,29741.0466
2026-08-18 20:21:25.108,29527.5976
2026-08-18 20:21:25.527,29337.6258
2026-08-18 20:21:25.957,29178.9886
2026-08-18 20:21:26.371,29065.7802
2026-08-18 20:21:26.784,28996.0189
2026-08-18 20:21:27.198,28949.1631
2026-08-18 20:21:27.624,28916.018
2026-08-18 20:21:28.083,28888.4436
2026-08-18 20:21:28.496,28870.7952
2026-08-18 20:21:28.907,28871.4182
2026-08-18 20:21:29.319,28891.2553
2026-08-18 20:21:29.732,28915.8611
2026-08-18 20:21:30.144,28948.9992
2026-08-18 20:21:30.587,29000.2689
2026-08-18 20:21:31.001,29074.1295
2026-08-18 20:21:31.429,29186.4166
2026-08-18 20:21:31.856,29348.4468
2026-08-18 20:21:32.273,29542.9314
2026-08-18 20:21:32.687,29751.0578
2026-08-18 20:21:33.099,29966.6235
2026-08-18 20:21:33.511,30187.6295
2026-08-18 20:21:33.933,30412.2716
2026-08-18 20:21:34.409,30397.5001
2026-08-18 20:21:34.822,30167.3634
2026-08-18 20:21:35.236,29947.4528
2026-08-18 20:21:35.650,29732.7864
2026-08-18 20:21:36.063,29527.7825
2026-08-18 20:21:36.490,29336.9241
2026-08-18 20:21:36.910,29189.3365
2026-08-18 20:21:37.324,29086.5326
2026-08-18 20:21:37.737,29021.2486
2026-08-18 20:21:38.151,28977.2287
2026-08-18 20:21:38.610,28942.5371
2026-08-18 20:21:39.035,28920.2987
2026-08-18 20:21:39.462,28904.0505
2026-08-18 20:21:39.875,28915.0082
2026-08-18 20:21:40.302,28938.3079
2026-08-18 20:21:40.728,28967.6487
2026-08-18 20:21:41.148,29008.1927
2026-08-18 20:21:41.565,29067.9863
2026-08-18 20:21:41.981,29158.6301
2026-08-18 20:21:42.394,29291.9045
2026-08-18 20:21:42.810,29463.4073
2026-08-18 20:21:43.239,29668.6309
2026-08-18 20:21:43.654,29877.8937
2026-08-18 20:21:44.067,30097.4468
2026-08-18 20:21:44.501,30327.8272
2026-08-18 20:21:44.921,30530.8769
2026-08-18 20:21:45.346,30392.1797
2026-08-18 20:21:45.774,30162.5424
2026-08-18 20:21:46.195,29937.0334
2026-08-18 20:21:46.620,29721.6785
2026-08-18 20:21:47.033,29516.573
2026-08-18 20:21:47.460,29336.3461
2026-08-18 20:21:47.873,29203.6662
2026-08-18 20:21:48.294,29115.6581
2026-08-18 20:21:48.721,29057.0843
2026-08-18 20:21:49.132,29016.823
2026-08-18 20:21:49.554,28989.0103
2026-08-18 20:21:49.968,28968.0411
2026-08-18 20:21:50.381,28955.2449
2026-08-18 20:21:50.799,28955.8993
2026-08-18 20:21:51.212,28957.8969
2026-08-18 20:21:51.626,28960.0253
2026-08-18 20:21:52.040,28959.8727
2026-08-18 20:21:52.453,28960.3195
2026-08-18 20:21:52.864,28961.3111
2026-08-18 20:21:53.277,28962.546
2026-08-18 20:21:53.691,28963.6722
2026-08-18 20:21:54.153,28965.3007
2026-08-18 20:21:54.565,28966.8377
2026-08-18 20:21:54.992,28968.4286
2026-08-18 20:21:55.404,28973.3433
2026-08-18 20:21:55.829,28994.9405
2026-08-18 20:21:56.252,29024.2005
2026-08-18 20:21:56.664,29061.914
2026-08-18 20:21:57.077,29112.4517
2026-08-18 20:21:57.504,29185.9283
2026-08-18 20:21:57.930,29298.0673
2026-08-18 20:21:58.353,29452.5447
2026-08-18 20:21:58.766,29639.7055
2026-08-18 20:21:59.179,29841.1726
2026-08-18 20:21:59.593,30053.9839
2026-08-18 20:22:00.005,30274.2475
2026-08-18 20:22:00.480,30525.5806
2026-08-18 20:22:00.893,30763.5544
2026-08-18 20:22:01.304,30997.1943
2026-08-18 20:22:01.718,31233.8384
2026-08-18 20:22:02.130,31474.8687
2026-08-18 20:22:02.567,31717.7507
2026-08-18 20:22:02.978,31977.5363
2026-08-18 20:22:03.390,32226.7706
2026-08-18 20:22:03.802,32479.1662
2026-08-18 20:22:04.214,32734.6901
2026-08-18 20:22:04.639,32993.0055
2026-08-18 20:22:05.136,33306.6276
2026-08-18 20:22:05.549,33580.4717
2026-08-18 20:22:05.981,33857.1255
2026-08-18 20:22:06.399,33864.4287
2026-08-18 20:22:06.827,33594.4438
2026-08-18 20:22:07.243,33321.1964
2026-08-18 20:22:07.655,33058.9465
2026-08-18 20:22:08.071,32802.3702
2026-08-18 20:22:08.485,32546.8415
2026-08-18 20:22:08.907,32296.3317
2026-08-18 20:22:09.321,32044.5766
2026-08-18 20:22:09.733,31801.2931
2026-08-18 20:22:10.147,31561.9933
2026-08-18 20:22:10.560,31324.253
2026-08-18 20:22:10.972,31090.5985
2026-08-18 20:22:11.393,30861.1804
2026-08-18 20:22:11.806,30630.2091
2026-08-18 20:22:12.225,30405.9384
2026-08-18 20:22:12.638,30188.4072
2026-08-18 20:22:13.052,29977.7512
2026-08-18 20:22:13.477,29780.0087
2026-08-18 20:22:13.891,29606.5275
2026-08-18 20:22:14.311,29482.9139
2026-08-18 20:22:14.724,29400.8129
2026-08-18 20:22:15.143,29347.0628
2026-08-18 20:22:15.574,29308.0555
2026-08-18 20:22:15.991,29279.2195
2026-08-18 20:22:16.405,29257.9558
2026-08-18 20:22:16.818,29242.339
2026-08-18 20:22:17.245,29246.9434
2026-08-18 20:22:17.658,29265.7922
2026-08-18 20:22:18.071,29288.8724
2026-08-18 20:22:18.493,29320.2939
2026-08-18 20:22:18.905,29366.7334
2026-08-18 20:22:19.330,29439.4668
2026-08-18 20:22:19.756,29550.1188
2026-08-18 20:22:20.179,29711.1589
2026-08-18 20:22:20.606,29905.8643
2026-08-18 20:22:21.025,30121.5034
2026-08-18 20:22:21.438,30343.9029
2026-08-18 20:22:21.857,30569.7963
2026-08-18 20:22:22.270,30798.3175
2026-08-18 20:22:22.684,30730.361
2026-08-18 20:22:23.111,30507.5714
2026-08-18 20:22:23.524,30282.0048
2026-08-18 20:22:23.956,30071.0562
2026-08-18 20:22:24.369,29861.7224
2026-08-18 20:22:24.791,29685.2499
2026-08-18 20:22:25.203,29546.6893
2026-08-18 20:22:25.630,29454.3397
2026-08-18 20:22:26.051,29397.4579
2026-08-18 20:22:26.470,29358.2921
2026-08-18 20:22:26.897,29330.4164
2026-08-18 20:22:27.309,29309.8093
2026-08-18 20:22:27.722,29296.1422
2026-08-18 20:22:28.142,29308.2196
2026-08-18 20:22:28.568,29331.6056
2026-08-18 20:22:28.981,29361.466
2026-08-18 20:22:29.398,29400.5593
2026-08-18 20:22:29.818,29457.8629
2026-08-18 20:22:30.246,29546.1013
2026-08-18 20:22:30.678,29685.6655
2026-08-18 20:22:31.092,29860.4962
2026-08-18 20:22:31.512,30058.7262
2026-08-18 20:22:31.925,30274.8503
2026-08-18 20:22:32.355,30503.6819
2026-08-18 20:22:32.779,30730.5904
2026-08-18 20:22:33.193,30937.8428
2026-08-18 20:22:33.606,30799.2057
2026-08-18 20:22:34.018,30576.3958
2026-08-18 20:22:34.451,30357.9022
2026-08-18 20:22:34.870,30135.1733
2026-08-18 20:22:35.283,29932.8982
2026-08-18 20:22:35.695,29756.3707
2026-08-18 20:22:36.108,29621.1274
2026-08-18 20:22:36.520,29531.1428
2026-08-18 20:22:36.985,29467.1979
2026-08-18 20:22:37.403,29429.2868
2026-08-18 20:22:37.883,29399.2687
2026-08-18 20:22:38.312,29378.7734
2026-08-18 20:22:38.726,29371.4638
2026-08-18 20:22:39.188,29393.3093
2026-08-18 20:22:39.600,29419.1609
2026-08-18 20:22:40.012,29452.8073
2026-08-18 20:22:40.425,29499.4969
2026-08-18 20:22:40.852,29568.4304
2026-08-18 20:22:41.308,29690.9599
2026-08-18 20:22:41.730,29845.0709
2026-08-18 20:22:42.158,30036.1314
2026-08-18 20:22:42.574,30249.8
2026-08-18 20:22:43.001,30468.9063
2026-08-18 20:22:43.414,30699.4967
2026-08-18 20:22:43.845,30935.1419
2026-08-18 20:22:44.261,31015.6781
2026-08-18 20:22:44.675,30794.6634
2026-08-18 20:22:45.113,30564.9701
2026-08-18 20:22:45.527,30342.8553
2026-08-18 20:22:45.953,30134.3654
2026-08-18 20:22:46.372,29936.5498
2026-08-18 20:22:46.785,29773.0485
2026-08-18 20:22:47.199,29658.1998
2026-08-18 20:22:47.614,29583.8939
2026-08-18 20:22:48.027,29534.6512
2026-08-18 20:22:48.439,29500.769
2026-08-18 20:22:48.853,29476.3568
2026-08-18 20:22:49.266,29458.2481
2026-08-18 20:22:49.731,29451.0083
2026-08-18 20:22:50.144,29453.2035
2026-08-18 20:22:50.556,29456.203
2026-08-18 20:22:50.972,29457.9114
2026-08-18 20:22:51.384,29458.5515
2026-08-18 20:22:51.819,29459.788
2026-08-18 20:22:52.245,29461.3904
2026-08-18 20:22:52.658,29463.2678
2026-08-18 20:22:53.070,29465.1273
2026-08-18 20:22:53.483,29466.9636
2026-08-18 20:22:53.924,29468.8867
2026-08-18 20:22:54.336,29471.0706
2026-08-18 20:22:54.749,29473.0384
2026-08-18 20:22:55.177,29475.3194
2026-08-18 20:22:55.589,29477.644
2026-08-18 20:22:56.020,29479.8827
2026-08-18 20:22:56.439,29482.3398
2026-08-18 20:22:56.852,29484.75
2026-08-18 20:22:57.264,29487.2881
2026-08-18 20:22:57.677,29489.9682
2026-08-18 20:22:58.090,29492.6003
2026-08-18 20:22:58.509,29495.1055
2026-08-18 20:22:58.941,29497.6388
2026-08-18 20:22:59.367,29500.1473
2026-08-18 20:22:59.779,29502.6259
2026-08-18 20:23:00.191,29505.2006
2026-08-18 20:23:00.604,29507.8908
2026-08-18 20:23:01.018,29510.7827
2026-08-18 20:23:01.433,29513.4568
2026-08-18 20:23:01.864,29516.0513
2026-08-18 20:23:02.276,29518.7584
2026-08-18 20:23:02.705,29521.6746
2026-08-18 20:23:03.145,29524.6721
2026-08-18 20:23:03.570,29527.743
2026-08-18 20:23:03.983,29530.6115
2026-08-18 20:23:04.398,29533.5022
2026-08-18 20:23:04.811,29536.4788
2026-08-18 20:23:05.225,29539.4036
2026-08-18 20:23:05.648,29542.3075
2026-08-18 20:23:06.061,29545.2856
2026-08-18 20:23:06.473,29548.3026
2026-08-18 20:23:06.903,29551.3013
2026-08-18 20:23:07.316,29554.1252
2026-08-18 20:23:07.728,29556.89
2026-08-18 20:23:08.148,29559.6203
2026-08-18 20:23:08.561,29562.2939
2026-08-18 20:23:08.986,29565.112
2026-08-18 20:23:09.399,29567.9265
2026-08-18 20:23:09.814,29570.5438
2026-08-18 20:23:10.255,29573.1189
2026-08-18 20:23:10.668,29576.0966
2026-08-18 20:23:11.081,29578.9123
2026-08-18 20:23:11.497,29581.595
2026-08-18 20:23:11.925,29584.4212
2026-08-18 20:23:12.375,29587.8187
