Address,GPIB0::22::INSTR
Model,34461A
Serial Number:,MY60051737
Firmware Version,A.03.03-03.15-03.03-00.52-04-03
Start Time,2026-08-18 19:32:49.036
Stop Time,2026-08-18 20:01:07.514
,
Time (s),Channel 1 (Ω)
2026-08-18 19:32:49.524,30818.6986
2026-08-18 19:32:49.936,30816.9037
2026-08-18 19:32:50.350,30816.5183
2026-08-18 19:32:50.813,30816.2429
2026-08-18 19:32:51.227,30816.5709
2026-08-18 19:32:51.641,30817.5291
2026-08-18 19:32:52.053,30818.8791
2026-08-18 19:32:52.466,30819.0162
2026-08-18 19:32:52.880,30819.1374
2026-08-18 19:32:53.292,30819.5307
2026-08-18 19:32:53.728,30819.9078
2026-08-18 19:32:54.149,30820.5369
2026-08-18 19:32:54.576,30822.2623
2026-08-18 19:32:55.008,30823.4859
2026-08-18 19:32:55.420,30824.6194
2026-08-18 19:32:55.842,30825.6283
2026-08-18 19:32:56.259,30826.0956
2026-08-18 19:32:56.677,30826.6357
2026-08-18 19:32:57.093,30827.3535
2026-08-18 19:32:57.525,30827.6687
2026-08-18 19:32:57.939,30827.5557
2026-08-18 19:32:58.358,30827.4447
2026-08-18 19:32:58.786,30827.7032
2026-08-18 19:32:59.200,30827.8002
2026-08-18 19:32:59.667,30828.074
2026-08-18 19:33:00.093,30828.4014
2026-08-18 19:33:00.507,30828.0621
2026-08-18 19:33:00.921,30827.9398
2026-08-18 19:33:01.334,30827.8417
2026-08-18 19:33:01.778,30827.6048
2026-08-18 19:33:02.202,30828.124
2026-08-18 19:33:02.617,30827.9082
2026-08-18 19:33:03.029,30828.1765
2026-08-18 19:33:03.441,30828.4234
2026-08-18 19:33:03.855,30828.7608
2026-08-18 19:33:04.321,30828.5587
2026-08-18 19:33:04.745,30827.8863
2026-08-18 19:33:05.158,30828.3809
2026-08-18 19:33:05.584,30828.0687
2026-08-18 19:33:05.997,30828.1608
2026-08-18 19:33:06.410,30828.1701
2026-08-18 19:33:06.843,30828.6266
2026-08-18 19:33:07.270,30829.3379
2026-08-18 19:33:07.684,30828.2985
2026-08-18 19:33:08.096,30827.6297
2026-08-18 19:33:08.519,30827.0292
2026-08-18 19:33:08.933,30826.6523
2026-08-18 19:33:09.378,30827.019
2026-08-18 19:33:09.793,30829.0114
2026-08-18 19:33:10.206,30865.9258
2026-08-18 19:33:10.619,30926.8184
2026-08-18 19:33:11.033,31008.3611
2026-08-18 19:33:11.446,31120.6831
2026-08-18 19:33:11.859,31268.8531
2026-08-18 19:33:12.272,31448.9233
2026-08-18 19:33:12.693,31654.6806
2026-08-18 19:33:13.106,31880.6804
2026-08-18 19:33:13.535,32121.4193
2026-08-18 19:33:13.948,32361.1649
2026-08-18 19:33:14.373,32607.6764
2026-08-18 19:33:14.800,32866.2339
2026-08-18 19:33:15.215,33131.132
2026-08-18 19:33:15.627,33392.5267
2026-08-18 19:33:16.092,33656.2168
2026-08-18 19:33:16.520,33963.17
2026-08-18 19:33:16.932,34241.0283
2026-08-18 19:33:17.350,34517.1777
2026-08-18 19:33:17.765,34801.5221
2026-08-18 19:33:18.178,35087.5565
2026-08-18 19:33:18.612,35375.0184
2026-08-18 19:33:19.039,35682.6622
2026-08-18 19:33:19.464,35987.7111
2026-08-18 19:33:19.880,36293.9956
2026-08-18 19:33:20.292,36597.0969
2026-08-18 19:33:20.707,36786.0308
2026-08-18 19:33:21.123,36519.3397
2026-08-18 19:33:21.554,36211.3056
2026-08-18 19:33:21.968,35894.0799
2026-08-18 19:33:22.382,35592.6537
2026-08-18 19:33:22.793,35296.6372
2026-08-18 19:33:23.206,35006.5224
2026-08-18 19:33:23.632,34718.2865
2026-08-18 19:33:24.051,34421.4563
2026-08-18 19:33:24.470,34142.1964
2026-08-18 19:33:24.888,33861.8626
2026-08-18 19:33:25.312,33587.0648
2026-08-18 19:33:25.725,33311.7766
2026-08-18 19:33:26.156,33038.1536
2026-08-18 19:33:26.571,32775.8052
2026-08-18 19:33:26.986,32519.4312
2026-08-18 19:33:27.432,32268.3934
2026-08-18 19:33:27.845,32008.1355
2026-08-18 19:33:28.258,31782.619
2026-08-18 19:33:28.673,31581.9554
2026-08-18 19:33:29.085,31422.0611
2026-08-18 19:33:29.497,31303.4829
2026-08-18 19:33:29.941,31210.471
2026-08-18 19:33:30.354,31145.5883
2026-08-18 19:33:30.779,31095.195
2026-08-18 19:33:31.191,31055.1758
2026-08-18 19:33:31.604,31040.5042
2026-08-18 19:33:32.018,31064.4988
2026-08-18 19:33:32.483,31104.236
2026-08-18 19:33:32.896,31156.0295
2026-08-18 19:33:33.316,31235.1432
2026-08-18 19:33:33.731,31356.5399
2026-08-18 19:33:34.147,31523.562
2026-08-18 19:33:34.560,31726.3428
2026-08-18 19:33:34.987,31957.7482
2026-08-18 19:33:35.409,32193.9467
2026-08-18 19:33:35.823,32445.8174
2026-08-18 19:33:36.237,32696.8705
2026-08-18 19:33:36.663,32953.1413
2026-08-18 19:33:37.079,32961.3293
2026-08-18 19:33:37.546,32664.5727
2026-08-18 19:33:37.957,32408.5105
2026-08-18 19:33:38.375,32158.7778
2026-08-18 19:33:38.789,31914.2482
2026-08-18 19:33:39.215,31685.2636
2026-08-18 19:33:39.633,31475.748
2026-08-18 19:33:40.046,31311.8181
2026-08-18 19:33:40.459,31193.8152
2026-08-18 19:33:40.875,31109.3014
2026-08-18 19:33:41.292,31047.3925
2026-08-18 19:33:41.719,31000.5432
2026-08-18 19:33:42.131,30963.0985
2026-08-18 19:33:42.543,30968.42
2026-08-18 19:33:42.956,30999.6786
2026-08-18 19:33:43.368,31041.8474
2026-08-18 19:33:43.832,31103.3952
2026-08-18 19:33:44.249,31211.103
2026-08-18 19:33:44.662,31352.1306
2026-08-18 19:33:45.076,31534.7022
2026-08-18 19:33:45.488,31746.3815
2026-08-18 19:33:45.914,31974.502
2026-08-18 19:33:46.326,32220.8547
2026-08-18 19:33:46.760,32476.1113
2026-08-18 19:33:47.179,32730.8823
2026-08-18 19:33:47.603,32975.0066
2026-08-18 19:33:48.017,32845.7121
2026-08-18 19:33:48.430,32583.2671
2026-08-18 19:33:48.843,32326.0099
2026-08-18 19:33:49.305,32046.9893
2026-08-18 19:33:49.719,31805.4221
2026-08-18 19:33:50.130,31581.8641
2026-08-18 19:33:50.549,31386.8715
2026-08-18 19:33:50.961,31230.2957
2026-08-18 19:33:51.436,31104.4174
2026-08-18 19:33:51.857,31028.66
2026-08-18 19:33:52.272,30971.7935
2026-08-18 19:33:52.684,30929.3222
2026-08-18 19:33:53.098,30903.3079
2026-08-18 19:33:53.577,30929.3377
2026-08-18 19:33:53.993,30967.9356
2026-08-18 19:33:54.406,31021.1618
2026-08-18 19:33:54.819,31099.4436
2026-08-18 19:33:55.236,31215.285
2026-08-18 19:33:55.701,31400.6215
2026-08-18 19:33:56.115,31601.7158
2026-08-18 19:33:56.528,31825.6878
2026-08-18 19:33:56.954,32061.9113
2026-08-18 19:33:57.369,32314.4126
2026-08-18 19:33:57.811,32565.7948
2026-08-18 19:33:58.225,32838.9385
2026-08-18 19:33:58.645,32928.7315
2026-08-18 19:33:59.059,32669.7173
2026-08-18 19:33:59.486,32402.0925
2026-08-18 19:33:59.897,32150.6769
2026-08-18 19:34:00.319,31906.1547
2026-08-18 19:34:00.741,31667.5169
2026-08-18 19:34:01.234,31411.9661
2026-08-18 19:34:01.654,31241.839
2026-08-18 19:34:02.131,31102.911
2026-08-18 19:34:02.544,31015.0287
2026-08-18 19:34:02.971,30951.7828
2026-08-18 19:34:03.384,30906.2629
2026-08-18 19:34:03.810,30871.9234
2026-08-18 19:34:04.236,30861.2571
2026-08-18 19:34:04.651,30858.5803
2026-08-18 19:34:05.067,30854.607
2026-08-18 19:34:05.480,30848.086
2026-08-18 19:34:05.906,30842.6989
2026-08-18 19:34:06.372,30837.8277
2026-08-18 19:34:06.800,30833.4725
2026-08-18 19:34:07.212,30829.7824
2026-08-18 19:34:07.635,30826.3781
2026-08-18 19:34:08.049,30821.8129
2026-08-18 19:34:08.494,30818.4778
2026-08-18 19:34:08.916,30818.7565
2026-08-18 19:34:09.329,30846.893
2026-08-18 19:34:09.743,30888.7412
2026-08-18 19:34:10.155,30945.4671
2026-08-18 19:34:10.583,31026.4861
2026-08-18 19:34:10.996,31148.1535
2026-08-18 19:34:11.409,31306.6885
2026-08-18 19:34:11.827,31501.4511
2026-08-18 19:34:12.243,31723.9919
2026-08-18 19:34:12.721,31988.6351
2026-08-18 19:34:13.136,32238.6147
2026-08-18 19:34:13.549,32488.163
2026-08-18 19:34:13.962,32740.4763
2026-08-18 19:34:14.399,33005.9699
2026-08-18 19:34:14.892,33324.9819
2026-08-18 19:34:15.304,33591.7416
2026-08-18 19:34:15.716,33861.0328
2026-08-18 19:34:16.129,34133.0296
2026-08-18 19:34:16.558,34419.643
2026-08-18 19:34:16.978,34700.5015
2026-08-18 19:34:17.395,34988.921
2026-08-18 19:34:17.808,35278.5388
2026-08-18 19:34:18.222,35569.8647
2026-08-18 19:34:18.635,35864.1821
2026-08-18 19:34:19.063,36172.112
2026-08-18 19:34:19.477,36472.7231
2026-08-18 19:34:19.905,36520.681
2026-08-18 19:34:20.342,36198.3914
2026-08-18 19:34:20.769,35882.4544
2026-08-18 19:34:21.195,35567.3376
2026-08-18 19:34:21.608,35257.2495
2026-08-18 19:34:22.021,34960.4668
2026-08-18 19:34:22.435,34666.8389
2026-08-18 19:34:22.847,34377.3707
2026-08-18 19:34:23.260,34094.4273
2026-08-18 19:34:23.679,33814.1468
2026-08-18 19:34:24.105,33532.4838
2026-08-18 19:34:24.530,33250.1846
2026-08-18 19:34:24.944,32973.2648
2026-08-18 19:34:25.372,32698.4302
2026-08-18 19:34:25.784,32436.3439
2026-08-18 19:34:26.229,32172.1648
2026-08-18 19:34:26.666,31904.5166
2026-08-18 19:34:27.079,31661.7947
2026-08-18 19:34:27.495,31445.9022
2026-08-18 19:34:27.922,31266.0208
2026-08-18 19:34:28.349,31129.7299
2026-08-18 19:34:28.762,31033.2402
2026-08-18 19:34:29.176,30963.8571
2026-08-18 19:34:29.588,30910.3531
2026-08-18 19:34:30.003,30867.2993
2026-08-18 19:34:30.416,30833.7372
2026-08-18 19:34:30.894,30838.4968
2026-08-18 19:34:31.317,30865.5385
2026-08-18 19:34:31.742,30900.4967
2026-08-18 19:34:32.156,30955.4163
2026-08-18 19:34:32.568,31039.3304
2026-08-18 19:34:32.985,31166.6065
2026-08-18 19:34:33.399,31341.5662
2026-08-18 19:34:33.813,31548.664
2026-08-18 19:34:34.226,31775.1436
2026-08-18 19:34:34.687,32014.7108
2026-08-18 19:34:35.111,32293.8224
2026-08-18 19:34:35.525,32550.2276
2026-08-18 19:34:35.938,32748.033
2026-08-18 19:34:36.355,32549.7179
2026-08-18 19:34:36.768,32286.7034
2026-08-18 19:34:37.195,32031.4227
2026-08-18 19:34:37.608,31776.3002
2026-08-18 19:34:38.031,31538.9402
2026-08-18 19:34:38.444,31315.3294
2026-08-18 19:34:38.857,31132.4076
2026-08-18 19:34:39.269,30995.5564
2026-08-18 19:34:39.698,30899.0736
2026-08-18 19:34:40.164,30820.956
2026-08-18 19:34:40.576,30771.7539
2026-08-18 19:34:41.003,30734.1932
2026-08-18 19:34:41.417,30713.976
2026-08-18 19:34:41.878,30735.5628
2026-08-18 19:34:42.310,30772.2724
2026-08-18 19:34:42.721,30822.2321
2026-08-18 19:34:43.134,30894.4879
2026-08-18 19:34:43.554,31004.2348
2026-08-18 19:34:43.970,31162.0123
2026-08-18 19:34:44.401,31357.862
2026-08-18 19:34:44.816,31587.5452
2026-08-18 19:34:45.243,31823.9729
2026-08-18 19:34:45.657,32077.6133
2026-08-18 19:34:46.071,32328.3785
2026-08-18 19:34:46.485,32583.6698
2026-08-18 19:34:46.898,32668.9765
2026-08-18 19:34:47.338,32411.5895
2026-08-18 19:34:47.752,32135.1023
2026-08-18 19:34:48.165,31880.3726
2026-08-18 19:34:48.579,31633.5249
2026-08-18 19:34:48.994,31400.1334
2026-08-18 19:34:49.408,31186.9177
2026-08-18 19:34:49.823,31013.6798
2026-08-18 19:34:50.249,30886.9048
2026-08-18 19:34:50.670,30796.2692
2026-08-18 19:34:51.089,30732.7648
2026-08-18 19:34:51.505,30686.062
2026-08-18 19:34:51.917,30649.5318
2026-08-18 19:34:52.345,30639.7465
2026-08-18 19:34:52.759,30665.5793
2026-08-18 19:34:53.196,30702.7014
2026-08-18 19:34:53.610,30756.9485
2026-08-18 19:34:54.022,30837.33
2026-08-18 19:34:54.434,30956.6554
2026-08-18 19:34:54.858,31121.2915
2026-08-18 19:34:55.271,31328.6867
2026-08-18 19:34:55.685,31553.7955
2026-08-18 19:34:56.125,31790.6642
2026-08-18 19:34:56.537,32051.4147
2026-08-18 19:34:56.950,32300.8845
2026-08-18 19:34:57.363,32555.0732
2026-08-18 19:34:57.792,32577.1756
2026-08-18 19:34:58.204,32301.0046
2026-08-18 19:34:58.618,32041.3772
2026-08-18 19:34:59.044,31778.8465
2026-08-18 19:34:59.458,31532.0951
2026-08-18 19:34:59.885,31297.3532
2026-08-18 19:35:00.371,31048.2006
2026-08-18 19:35:00.793,30888.1113
2026-08-18 19:35:01.212,30772.367
2026-08-18 19:35:01.624,30691.8709
2026-08-18 19:35:02.057,30631.9838
2026-08-18 19:35:02.485,30587.1922
2026-08-18 19:35:02.899,30551.4877
2026-08-18 19:35:03.315,30540.2438
2026-08-18 19:35:03.728,30534.5204
2026-08-18 19:35:04.142,30530.3528
2026-08-18 19:35:04.603,30523.8195
2026-08-18 19:35:05.033,30516.0588
2026-08-18 19:35:05.446,30510.9198
2026-08-18 19:35:05.872,30504.2711
2026-08-18 19:35:06.284,30498.5672
2026-08-18 19:35:06.698,30492.771
2026-08-18 19:35:07.112,30487.663
2026-08-18 19:35:07.525,30482.3455
2026-08-18 19:35:07.987,30479.4982
2026-08-18 19:35:08.400,30503.6176
2026-08-18 19:35:08.813,30539.965
2026-08-18 19:35:09.226,30590.4848
2026-08-18 19:35:09.643,30662.324
2026-08-18 19:35:10.055,30769.917
2026-08-18 19:35:10.467,30918.5457
2026-08-18 19:35:10.882,31104.7465
2026-08-18 19:35:11.318,31326.37
2026-08-18 19:35:11.735,31560.2109
2026-08-18 19:35:12.149,31801.4671
2026-08-18 19:35:12.572,32047.9477
2026-08-18 19:35:12.993,32303.8763
2026-08-18 19:35:13.406,32563.5768
2026-08-18 19:35:13.825,32822.0408
2026-08-18 19:35:14.238,33087.9493
2026-08-18 19:35:14.651,33353.5234
2026-08-18 19:35:15.063,33622.5018
2026-08-18 19:35:15.477,33895.4144
2026-08-18 19:35:15.910,34186.7371
2026-08-18 19:35:16.322,34466.1432
2026-08-18 19:35:16.738,34749.3907
2026-08-18 19:35:17.150,35037.7791
2026-08-18 19:35:17.565,35326.797
2026-08-18 19:35:17.976,35620.7305
2026-08-18 19:35:18.423,35916.5208
2026-08-18 19:35:18.850,36144.7934
2026-08-18 19:35:19.271,35878.3579
2026-08-18 19:35:19.683,35560.7277
2026-08-18 19:35:20.105,35253.7037
2026-08-18 19:35:20.518,34941.3818
2026-08-18 19:35:20.937,34640.7011
2026-08-18 19:35:21.362,34339.6722
2026-08-18 19:35:21.774,34038.3335
2026-08-18 19:35:22.199,33750.2815
2026-08-18 19:35:22.611,33457.7096
2026-08-18 19:35:23.045,33167.1172
2026-08-18 19:35:23.476,32885.9352
2026-08-18 19:35:23.888,32600.6493
2026-08-18 19:35:24.315,32322.8488
2026-08-18 19:35:24.728,32058.3564
2026-08-18 19:35:25.141,31798.4711
2026-08-18 19:35:25.555,31544.2556
2026-08-18 19:35:25.967,31300.2589
2026-08-18 19:35:26.409,31071.6104
2026-08-18 19:35:26.821,30861.8517
2026-08-18 19:35:27.240,30713.6777
2026-08-18 19:35:27.668,30607.284
2026-08-18 19:35:28.083,30528.2925
2026-08-18 19:35:28.495,30470.2961
2026-08-18 19:35:28.924,30421.9159
2026-08-18 19:35:29.344,30383.5697
2026-08-18 19:35:29.773,30368.5955
2026-08-18 19:35:30.186,30385.213
2026-08-18 19:35:30.600,30408.9487
2026-08-18 19:35:31.025,30446.0706
2026-08-18 19:35:31.437,30506.798
2026-08-18 19:35:31.912,30618.8645
2026-08-18 19:35:32.339,30767.808
2026-08-18 19:35:32.805,30989.9787
2026-08-18 19:35:33.255,31230.6366
2026-08-18 19:35:33.670,31468.0167
2026-08-18 19:35:34.136,31745.0696
2026-08-18 19:35:34.550,31994.7682
2026-08-18 19:35:34.973,32222.1044
2026-08-18 19:35:35.392,32060.3402
2026-08-18 19:35:35.807,31792.9535
2026-08-18 19:35:36.223,31531.3414
2026-08-18 19:35:36.636,31276.4512
2026-08-18 19:35:37.050,31033.6416
2026-08-18 19:35:37.467,30809.4409
2026-08-18 19:35:37.881,30617.3678
2026-08-18 19:35:38.297,30476.976
2026-08-18 19:35:38.710,30378.0629
2026-08-18 19:35:39.124,30306.6701
2026-08-18 19:35:39.539,30252.9221
2026-08-18 19:35:39.951,30210.4492
2026-08-18 19:35:40.365,30179.1051
2026-08-18 19:35:40.777,30187.2149
2026-08-18 19:35:41.195,30210.8329
2026-08-18 19:35:41.609,30245.6307
2026-08-18 19:35:42.021,30298.1886
2026-08-18 19:35:42.435,30379.9915
2026-08-18 19:35:42.849,30504.719
2026-08-18 19:35:43.276,30675.1774
2026-08-18 19:35:43.688,30886.1875
2026-08-18 19:35:44.120,31117.8085
2026-08-18 19:35:44.551,31355.2666
2026-08-18 19:35:44.978,31610.1874
2026-08-18 19:35:45.399,31868.6047
2026-08-18 19:35:45.816,32086.7564
2026-08-18 19:35:46.231,31906.8973
2026-08-18 19:35:46.668,31640.644
2026-08-18 19:35:47.083,31364.7651
2026-08-18 19:35:47.496,31110.6102
2026-08-18 19:35:47.909,30866.1336
2026-08-18 19:35:48.333,30635.6718
2026-08-18 19:35:48.747,30447.2516
2026-08-18 19:35:49.213,30289.3154
2026-08-18 19:35:49.626,30193.3457
2026-08-18 19:35:50.038,30123.3599
2026-08-18 19:35:50.465,30070.1577
2026-08-18 19:35:50.879,30027.1677
2026-08-18 19:35:51.293,30001.6281
2026-08-18 19:35:51.738,30018.5534
2026-08-18 19:35:52.152,30048.0202
2026-08-18 19:35:52.566,30088.4185
2026-08-18 19:35:52.987,30150.8988
2026-08-18 19:35:53.400,30250.2168
2026-08-18 19:35:53.818,30393.497
2026-08-18 19:35:54.231,30580.7995
2026-08-18 19:35:54.649,30793.762
2026-08-18 19:35:55.068,31024.992
2026-08-18 19:35:55.480,31265.697
2026-08-18 19:35:55.899,31509.5034
2026-08-18 19:35:56.311,31760.1106
2026-08-18 19:35:56.732,31914.0725
2026-08-18 19:35:57.150,31674.9128
2026-08-18 19:35:57.562,31407.4375
2026-08-18 19:35:57.974,31148.4645
2026-08-18 19:35:58.401,30896.5212
2026-08-18 19:35:58.814,30646.5625
2026-08-18 19:35:59.242,30424.9967
2026-08-18 19:35:59.655,30235.581
2026-08-18 19:36:00.068,30100.3731
2026-08-18 19:36:00.489,30005.006
2026-08-18 19:36:00.989,29923.6098
2026-08-18 19:36:01.401,29873.1834
2026-08-18 19:36:01.818,29833.9144
2026-08-18 19:36:02.229,29809.9311
2026-08-18 19:36:02.645,29800.5616
2026-08-18 19:36:03.110,29791.4726
2026-08-18 19:36:03.537,29781.7427
2026-08-18 19:36:03.949,29771.2515
2026-08-18 19:36:04.375,29761.5579
2026-08-18 19:36:04.787,29752.6877
2026-08-18 19:36:05.202,29743.9752
2026-08-18 19:36:05.635,29734.8907
2026-08-18 19:36:06.048,29725.5954
2026-08-18 19:36:06.473,29716.6782
2026-08-18 19:36:06.888,29707.1274
2026-08-18 19:36:07.301,29714.3736
2026-08-18 19:36:07.713,29740.7523
2026-08-18 19:36:08.126,29777.5399
2026-08-18 19:36:08.538,29830.8246
2026-08-18 19:36:08.956,29911.3872
2026-08-18 19:36:09.369,30033.0812
2026-08-18 19:36:09.781,30195.1637
2026-08-18 19:36:10.222,30391.1983
2026-08-18 19:36:10.643,30623.5293
2026-08-18 19:36:11.057,30858.3584
2026-08-18 19:36:11.472,31095.9552
2026-08-18 19:36:11.901,31340.0713
2026-08-18 19:36:12.366,31620.9101
2026-08-18 19:36:12.781,31881.277
2026-08-18 19:36:13.195,32138.9673
2026-08-18 19:36:13.621,32399.0443
2026-08-18 19:36:14.053,32674.0901
2026-08-18 19:36:14.487,32949.4716
2026-08-18 19:36:14.913,33233.2863
2026-08-18 19:36:15.328,33516.2035
2026-08-18 19:36:15.741,33793.9588
2026-08-18 19:36:16.177,34084.8058
2026-08-18 19:36:16.588,34372.8724
2026-08-18 19:36:17.024,34667.8083
2026-08-18 19:36:17.450,34962.7813
2026-08-18 19:36:17.876,35210.8769
2026-08-18 19:36:18.294,34979.4628
2026-08-18 19:36:18.707,34659.5891
2026-08-18 19:36:19.206,34282.881
2026-08-18 19:36:19.618,33974.0633
2026-08-18 19:36:20.031,33670.1816
2026-08-18 19:36:20.443,33370.2015
2026-08-18 19:36:20.935,33030.0058
2026-08-18 19:36:21.352,32727.9167
2026-08-18 19:36:21.768,32437.8474
2026-08-18 19:36:22.184,32151.6405
2026-08-18 19:36:22.603,31869.5911
2026-08-18 19:36:23.015,31590.8791
2026-08-18 19:36:23.428,31318.4989
2026-08-18 19:36:23.890,31020.3465
2026-08-18 19:36:24.303,30758.2327
2026-08-18 19:36:24.716,30502.4675
2026-08-18 19:36:25.145,30257.0483
2026-08-18 19:36:25.556,30023.3911
2026-08-18 19:36:25.969,29836.3655
2026-08-18 19:36:26.387,29697.0835
2026-08-18 19:36:26.812,29596.0904
2026-08-18 19:36:27.225,29520.072
2026-08-18 19:36:27.643,29461.4183
2026-08-18 19:36:28.056,29414.1273
2026-08-18 19:36:28.479,29374.237
2026-08-18 19:36:28.895,29359.511
2026-08-18 19:36:29.307,29371.4973
2026-08-18 19:36:29.754,29390.1978
2026-08-18 19:36:30.171,29424.4449
2026-08-18 19:36:30.586,29480.4757
2026-08-18 19:36:31.002,29573.2848
2026-08-18 19:36:31.415,29714.6381
2026-08-18 19:36:31.828,29897.5801
2026-08-18 19:36:32.253,30107.1978
2026-08-18 19:36:32.670,30339.1942
2026-08-18 19:36:33.084,30575.3572
2026-08-18 19:36:33.502,30817.4412
2026-08-18 19:36:33.915,31062.9324
2026-08-18 19:36:34.329,31032.2488
2026-08-18 19:36:34.741,30763.3373
2026-08-18 19:36:35.217,30500.1771
2026-08-18 19:36:35.634,30200.5718
2026-08-18 19:36:36.052,29954.8871
2026-08-18 19:36:36.466,29723.2976
2026-08-18 19:36:36.879,29527.0644
2026-08-18 19:36:37.292,29378.6804
2026-08-18 19:36:37.704,29273.6691
2026-08-18 19:36:38.168,29197.6175
2026-08-18 19:36:38.600,29132.1211
2026-08-18 19:36:39.014,29085.2598
2026-08-18 19:36:39.436,29050.1068
2026-08-18 19:36:39.861,29053.48
2026-08-18 19:36:40.358,29078.6913
2026-08-18 19:36:40.784,29111.1502
2026-08-18 19:36:41.196,29163.6495
2026-08-18 19:36:41.609,29245.7006
2026-08-18 19:36:42.075,29391.8451
2026-08-18 19:36:42.488,29566.5815
2026-08-18 19:36:42.901,29771.9501
2026-08-18 19:36:43.313,29994.0393
2026-08-18 19:36:43.740,30225.2307
2026-08-18 19:36:44.154,30471.3692
2026-08-18 19:36:44.566,30714.8907
2026-08-18 19:36:45.002,30861.4025
2026-08-18 19:36:45.414,30611.8247
2026-08-18 19:36:45.828,30347.8388
2026-08-18 19:36:46.242,30087.9687
2026-08-18 19:36:46.669,29835.9205
2026-08-18 19:36:47.085,29588.3505
2026-08-18 19:36:47.499,29370.0792
2026-08-18 19:36:47.913,29192.6107
2026-08-18 19:36:48.331,29063.4314
2026-08-18 19:36:48.755,28971.339
2026-08-18 19:36:49.255,28891.8644
2026-08-18 19:36:49.668,28841.9961
2026-08-18 19:36:50.083,28802.329
2026-08-18 19:36:50.498,28787.8785
2026-08-18 19:36:50.910,28805.6551
2026-08-18 19:36:51.333,28831.6855
2026-08-18 19:36:51.745,28872.8909
2026-08-18 19:36:52.157,28936.3382
2026-08-18 19:36:52.589,29037.4842
2026-08-18 19:36:53.002,29189.6427
2026-08-18 19:36:53.430,29382.8524
2026-08-18 19:36:53.848,29594.0349
2026-08-18 19:36:54.264,29821.8012
2026-08-18 19:36:54.698,30057.4701
2026-08-18 19:36:55.125,30309.4191
2026-08-18 19:36:55.545,30560.8208
2026-08-18 19:36:55.963,30552.9048
2026-08-18 19:36:56.375,30281.5009
2026-08-18 19:36:56.793,30019.4061
2026-08-18 19:36:57.220,29760.8137
2026-08-18 19:36:57.635,29504.5465
2026-08-18 19:36:58.054,29270.3611
2026-08-18 19:36:58.480,29061.6362
2026-08-18 19:36:58.899,28895.3062
2026-08-18 19:36:59.312,28779.3326
2026-08-18 19:36:59.724,28698.0661
2026-08-18 19:37:00.142,28637.3093
2026-08-18 19:37:00.582,28589.0314
2026-08-18 19:37:00.994,28548.4077
2026-08-18 19:37:01.414,28530.0467
2026-08-18 19:37:01.840,28518.7607
2026-08-18 19:37:02.254,28509.2152
2026-08-18 19:37:02.696,28498.801
2026-08-18 19:37:03.109,28486.8
2026-08-18 19:37:03.535,28476.2946
2026-08-18 19:37:03.947,28465.1563
2026-08-18 19:37:04.359,28454.6786
2026-08-18 19:37:04.780,28444.356
2026-08-18 19:37:05.246,28433.4637
2026-08-18 19:37:05.723,28423.5675
2026-08-18 19:37:06.141,28414.6399
2026-08-18 19:37:06.587,28433.3339
2026-08-18 19:37:07.002,28461.4387
2026-08-18 19:37:07.479,28510.5825
2026-08-18 19:37:07.892,28578.3763
2026-08-18 19:37:08.305,28679.6744
2026-08-18 19:37:08.717,28823.5997
2026-08-18 19:37:09.130,29004.8115
2026-08-18 19:37:09.543,29211.7582
2026-08-18 19:37:09.964,29433.4897
2026-08-18 19:37:10.380,29669.6422
2026-08-18 19:37:10.793,29909.1321
2026-08-18 19:37:11.205,30151.3707
2026-08-18 19:37:11.640,30406.2409
2026-08-18 19:37:12.054,30661.9241
2026-08-18 19:37:12.488,30925.9626
2026-08-18 19:37:12.902,31190.083
2026-08-18 19:37:13.329,31452.621
2026-08-18 19:37:13.742,31727.4042
2026-08-18 19:37:14.166,31996.9418
2026-08-18 19:37:14.582,32276.913
2026-08-18 19:37:14.993,32555.1623
2026-08-18 19:37:15.412,32833.7835
2026-08-18 19:37:15.837,33120.848
2026-08-18 19:37:16.251,33414.4299
2026-08-18 19:37:16.707,33704.6679
2026-08-18 19:37:17.132,33799.4898
2026-08-18 19:37:17.544,33483.2448
2026-08-18 19:37:17.957,33177.9486
2026-08-18 19:37:18.369,32874.9582
2026-08-18 19:37:18.801,32575.6402
2026-08-18 19:37:19.215,32266.8077
2026-08-18 19:37:19.626,31975.2576
2026-08-18 19:37:20.040,31688.1576
2026-08-18 19:37:20.452,31405.5299
2026-08-18 19:37:20.950,31125.5119
2026-08-18 19:37:21.362,30793.3227
2026-08-18 19:37:21.776,30521.7748
2026-08-18 19:37:22.193,30254.0321
2026-08-18 19:37:22.611,29988.9318
2026-08-18 19:37:23.039,29728.2854
2026-08-18 19:37:23.457,29466.4825
2026-08-18 19:37:23.873,29217.5515
2026-08-18 19:37:24.288,28981.7647
2026-08-18 19:37:24.704,28769.0021
2026-08-18 19:37:25.139,28597.0009
2026-08-18 19:37:25.552,28468.7823
2026-08-18 19:37:25.964,28383.3639
2026-08-18 19:37:26.376,28320.027
2026-08-18 19:37:26.802,28269.0148
2026-08-18 19:37:27.241,28229.0161
2026-08-18 19:37:27.655,28194.8337
2026-08-18 19:37:28.071,28196.2302
2026-08-18 19:37:28.486,28213.7497
2026-08-18 19:37:28.914,28239.195
2026-08-18 19:37:29.336,28280.0189
2026-08-18 19:37:29.749,28345.5382
2026-08-18 19:37:30.163,28448.4682
2026-08-18 19:37:30.577,28599.2516
2026-08-18 19:37:30.989,28790.7468
2026-08-18 19:37:31.461,29007.0315
2026-08-18 19:37:31.904,29287.8366
2026-08-18 19:37:32.317,29527.3008
2026-08-18 19:37:32.730,29772.6979
2026-08-18 19:37:33.197,29982.6327
2026-08-18 19:37:33.615,29771.9763
2026-08-18 19:37:34.029,29514.6871
2026-08-18 19:37:34.442,29261.572
2026-08-18 19:37:34.855,29014.8324
2026-08-18 19:37:35.271,28782.6752
2026-08-18 19:37:35.698,28571.8564
2026-08-18 19:37:36.111,28396.1272
2026-08-18 19:37:36.531,28274.9827
2026-08-18 19:37:36.943,28189.6232
2026-08-18 19:37:37.355,28129.3659
2026-08-18 19:37:37.791,28084.5542
2026-08-18 19:37:38.218,28046.4966
2026-08-18 19:37:38.631,28026.86
2026-08-18 19:37:39.057,28044.4356
2026-08-18 19:37:39.470,28071.8155
2026-08-18 19:37:39.903,28109.8656
2026-08-18 19:37:40.315,28169.8218
2026-08-18 19:37:40.738,28259.6132
2026-08-18 19:37:41.149,28398.0024
2026-08-18 19:37:41.563,28577.2789
2026-08-18 19:37:41.981,28786.7777
2026-08-18 19:37:42.485,29060.7678
2026-08-18 19:37:42.900,29306.3678
2026-08-18 19:37:43.315,29551.4012
2026-08-18 19:37:43.730,29802.154
2026-08-18 19:37:44.162,29872.2756
2026-08-18 19:37:44.574,29605.8224
2026-08-18 19:37:45.005,29343.4116
2026-08-18 19:37:45.418,29093.1152
2026-08-18 19:37:45.846,28852.3562
2026-08-18 19:37:46.260,28618.2788
2026-08-18 19:37:46.673,28419.228
2026-08-18 19:37:47.091,28265.3478
2026-08-18 19:37:47.517,28155.6251
2026-08-18 19:37:47.931,28078.4096
2026-08-18 19:37:48.363,28026.4378
2026-08-18 19:37:48.788,27985.2925
2026-08-18 19:37:49.202,27954.2002
2026-08-18 19:37:49.629,27953.2043
2026-08-18 19:37:50.047,27978.7173
2026-08-18 19:37:50.462,28013.115
2026-08-18 19:37:50.876,28061.6471
2026-08-18 19:37:51.290,28134.4057
2026-08-18 19:37:51.703,28244.7249
2026-08-18 19:37:52.122,28401.5156
2026-08-18 19:37:52.596,28624.9667
2026-08-18 19:37:53.009,28853.3912
2026-08-18 19:37:53.422,29087.7345
2026-08-18 19:37:53.846,29329.1501
2026-08-18 19:37:54.259,29584.0284
2026-08-18 19:37:54.681,29832.6612
2026-08-18 19:37:55.094,29756.9334
2026-08-18 19:37:55.514,29501.7331
2026-08-18 19:37:55.941,29246.2229
2026-08-18 19:37:56.354,28993.3542
2026-08-18 19:37:56.784,28748.7229
2026-08-18 19:37:57.220,28520.1127
2026-08-18 19:37:57.632,28329.7101
2026-08-18 19:37:58.054,28189.8549
2026-08-18 19:37:58.467,28092.0874
2026-08-18 19:37:58.909,28025.6078
2026-08-18 19:37:59.323,27974.4478
2026-08-18 19:37:59.740,27938.6444
2026-08-18 19:38:00.156,27912.4857
2026-08-18 19:38:00.571,27906.4758
2026-08-18 19:38:00.991,27904.2297
2026-08-18 19:38:01.419,27902.3375
2026-08-18 19:38:01.831,27899.0267
2026-08-18 19:38:02.243,27896.6066
2026-08-18 19:38:02.655,27894.6185
2026-08-18 19:38:03.097,27893.0133
2026-08-18 19:38:03.519,27891.1542
2026-08-18 19:38:03.931,27889.304
2026-08-18 19:38:04.343,27887.915
2026-08-18 19:38:04.755,27886.2518
2026-08-18 19:38:05.229,27887.7036
2026-08-18 19:38:05.642,27913.3444
2026-08-18 19:38:06.069,27950.8413
2026-08-18 19:38:06.482,27999.181
2026-08-18 19:38:06.894,28067.629
2026-08-18 19:38:07.305,28167.8641
2026-08-18 19:38:07.719,28309.2946
2026-08-18 19:38:08.140,28491.5796
2026-08-18 19:38:08.553,28706.6137
2026-08-18 19:38:08.966,28934.4811
2026-08-18 19:38:09.397,29173.0595
2026-08-18 19:38:09.809,29428.4997
2026-08-18 19:38:10.237,29686.6943
2026-08-18 19:38:10.664,29949.6036
2026-08-18 19:38:11.076,30208.4062
2026-08-18 19:38:11.500,30470.7494
2026-08-18 19:38:11.926,30744.2287
2026-08-18 19:38:12.340,31022.4847
2026-08-18 19:38:12.752,31297.0282
2026-08-18 19:38:13.174,31573.1405
2026-08-18 19:38:13.601,31859.9708
2026-08-18 19:38:14.016,32152.4446
2026-08-18 19:38:14.452,32440.9819
2026-08-18 19:38:14.865,32747.4454
2026-08-18 19:38:15.278,33040.9526
2026-08-18 19:38:15.691,33338.6318
2026-08-18 19:38:16.167,33507.5095
2026-08-18 19:38:16.585,33192.1176
2026-08-18 19:38:17.004,32891.9244
2026-08-18 19:38:17.420,32590.4621
2026-08-18 19:38:17.833,32296.0188
2026-08-18 19:38:18.248,32007.4819
2026-08-18 19:38:18.660,31721.6628
2026-08-18 19:38:19.088,31431.5464
2026-08-18 19:38:19.515,31154.0205
2026-08-18 19:38:19.927,30871.6856
2026-08-18 19:38:20.340,30602.043
2026-08-18 19:38:20.754,30335.7814
2026-08-18 19:38:21.182,30073.1224
2026-08-18 19:38:21.646,29780.3324
2026-08-18 19:38:22.060,29521.1693
2026-08-18 19:38:22.472,29272.5898
2026-08-18 19:38:22.899,29023.0738
2026-08-18 19:38:23.320,28794.4394
2026-08-18 19:38:23.733,28583.5213
2026-08-18 19:38:24.172,28409.5941
2026-08-18 19:38:24.587,28289.8667
2026-08-18 19:38:25.000,28208.7569
2026-08-18 19:38:25.418,28150.8141
2026-08-18 19:38:25.831,28106.7556
2026-08-18 19:38:26.244,28072.5827
2026-08-18 19:38:26.658,28045.2462
2026-08-18 19:38:27.071,28045.8784
2026-08-18 19:38:27.484,28068.2376
2026-08-18 19:38:27.896,28097.5938
2026-08-18 19:38:28.310,28139.3626
2026-08-18 19:38:28.723,28202.0102
2026-08-18 19:38:29.145,28298.8266
2026-08-18 19:38:29.570,28443.4948
2026-08-18 19:38:29.983,28636.4599
2026-08-18 19:38:30.410,28861.9398
2026-08-18 19:38:30.832,29094.6881
2026-08-18 19:38:31.244,29342.0765
2026-08-18 19:38:31.666,29589.8934
2026-08-18 19:38:32.079,29849.9962
2026-08-18 19:38:32.506,29816.0933
2026-08-18 19:38:32.924,29552.3496
2026-08-18 19:38:33.338,29299.5268
2026-08-18 19:38:33.751,29055.23
2026-08-18 19:38:34.162,28821.0019
2026-08-18 19:38:34.576,28605.2025
2026-08-18 19:38:34.989,28420.4843
2026-08-18 19:38:35.401,28284.219
2026-08-18 19:38:35.864,28182.5134
2026-08-18 19:38:36.277,28121.3809
2026-08-18 19:38:36.701,28077.0386
2026-08-18 19:38:37.115,28045.8001
2026-08-18 19:38:37.543,28022.0063
2026-08-18 19:38:37.972,28032.9805
2026-08-18 19:38:38.386,28063.1811
2026-08-18 19:38:38.798,28100.5883
2026-08-18 19:38:39.211,28152.8491
2026-08-18 19:38:39.630,28230.0682
2026-08-18 19:38:40.095,28365.9296
2026-08-18 19:38:40.509,28534.6329
2026-08-18 19:38:40.922,28740.4692
2026-08-18 19:38:41.347,28975.0829
2026-08-18 19:38:41.759,29214.175
2026-08-18 19:38:42.184,29460.4394
2026-08-18 19:38:42.598,29719.2564
2026-08-18 19:38:43.023,29951.3832
2026-08-18 19:38:43.439,29803.7337
2026-08-18 19:38:43.852,29548.1096
2026-08-18 19:38:44.281,29299.609
2026-08-18 19:38:44.694,29047.7702
2026-08-18 19:38:45.107,28816.2645
2026-08-18 19:38:45.536,28596.3872
2026-08-18 19:38:45.961,28421.0298
2026-08-18 19:38:46.415,28281.0163
2026-08-18 19:38:46.838,28198.6512
2026-08-18 19:38:47.252,28139.9439
2026-08-18 19:38:47.665,28100.6577
2026-08-18 19:38:48.077,28070.4066
2026-08-18 19:38:48.499,28052.4563
2026-08-18 19:38:48.917,28072.9724
2026-08-18 19:38:49.332,28105.2227
2026-08-18 19:38:49.747,28148.3951
2026-08-18 19:38:50.213,28209.1424
2026-08-18 19:38:50.632,28315.5505
2026-08-18 19:38:51.043,28455.7335
2026-08-18 19:38:51.455,28638.5293
2026-08-18 19:38:51.878,28852.3685
2026-08-18 19:38:52.292,29089.3271
2026-08-18 19:38:52.722,29330.655
2026-08-18 19:38:53.148,29589.8251
2026-08-18 19:38:53.560,29850.0969
2026-08-18 19:38:53.974,29998.5347
2026-08-18 19:38:54.387,29771.1823
2026-08-18 19:38:54.852,29486.6835
2026-08-18 19:38:55.267,29240.4507
2026-08-18 19:38:55.679,29001.0184
2026-08-18 19:38:56.092,28775.151
2026-08-18 19:38:56.505,28572.2713
2026-08-18 19:38:56.944,28410.6573
2026-08-18 19:38:57.359,28291.4184
2026-08-18 19:38:57.777,28216.4942
2026-08-18 19:38:58.189,28163.8288
2026-08-18 19:38:58.604,28126.0507
2026-08-18 19:38:59.065,28095.0893
2026-08-18 19:38:59.487,28082.6744
2026-08-18 19:38:59.899,28082.734
2026-08-18 19:39:00.334,28083.6163
2026-08-18 19:39:00.762,28082.7182
2026-08-18 19:39:01.175,28081.4448
2026-08-18 19:39:01.594,28081.0763
2026-08-18 19:39:02.008,28080.4094
2026-08-18 19:39:02.420,28079.9598
2026-08-18 19:39:02.841,28079.7808
2026-08-18 19:39:03.270,28079.932
2026-08-18 19:39:03.683,28080.2361
2026-08-18 19:39:04.109,28080.2635
2026-08-18 19:39:04.523,28093.8988
2026-08-18 19:39:04.935,28126.3375
2026-08-18 19:39:05.375,28167.444
2026-08-18 19:39:05.788,28228.694
2026-08-18 19:39:06.203,28311.8984
2026-08-18 19:39:06.628,28433.1429
2026-08-18 19:39:07.042,28602.7305
2026-08-18 19:39:07.478,28802.8631
2026-08-18 19:39:07.892,29038.786
2026-08-18 19:39:08.305,29274.64
2026-08-18 19:39:08.731,29526.6028
2026-08-18 19:39:09.195,29774.88
2026-08-18 19:39:09.614,30063.5808
2026-08-18 19:39:10.027,30322.0974
2026-08-18 19:39:10.441,30584.5609
2026-08-18 19:39:10.869,30852.061
2026-08-18 19:39:11.281,31131.3163
2026-08-18 19:39:11.699,31403.9123
2026-08-18 19:39:12.118,31684.2464
2026-08-18 19:39:12.532,31968.6001
2026-08-18 19:39:12.945,32252.2666
2026-08-18 19:39:13.409,32539.5473
2026-08-18 19:39:13.836,32868.6576
2026-08-18 19:39:14.262,33169.0314
2026-08-18 19:39:14.676,33474.3883
2026-08-18 19:39:15.095,33727.8269
2026-08-18 19:39:15.508,33525.6894
2026-08-18 19:39:15.925,33223.0767
2026-08-18 19:39:16.339,32927.51
2026-08-18 19:39:16.751,32634.0199
2026-08-18 19:39:17.179,32345.5937
2026-08-18 19:39:17.599,32049.2809
2026-08-18 19:39:18.013,31762.7247
2026-08-18 19:39:18.425,31484.1767
2026-08-18 19:39:18.839,31211.4423
2026-08-18 19:39:19.253,30941.1793
2026-08-18 19:39:19.679,30674.1735
2026-08-18 19:39:20.145,30376.3787
2026-08-18 19:39:20.559,30112.9485
2026-08-18 19:39:20.976,29859.1292
2026-08-18 19:39:21.402,29607.6292
2026-08-18 19:39:21.815,29356.7385
2026-08-18 19:39:22.241,29114.1592
2026-08-18 19:39:22.663,28897.9178
2026-08-18 19:39:23.076,28710.6391
2026-08-18 19:39:23.515,28572.2406
2026-08-18 19:39:23.930,28480.0937
2026-08-18 19:39:24.341,28416.7008
2026-08-18 19:39:24.773,28367.7768
2026-08-18 19:39:25.186,28332.1264
2026-08-18 19:39:25.607,28304.3177
2026-08-18 19:39:26.019,28291.4568
2026-08-18 19:39:26.432,28309.7886
2026-08-18 19:39:26.854,28333.0925
2026-08-18 19:39:27.267,28370.2941
2026-08-18 19:39:27.679,28424.4236
2026-08-18 19:39:28.105,28505.5167
2026-08-18 19:39:28.532,28634.5826
2026-08-18 19:39:28.946,28814.7445
2026-08-18 19:39:29.364,29024.2293
2026-08-18 19:39:29.780,29255.9289
2026-08-18 19:39:30.193,29498.0908
2026-08-18 19:39:30.607,29745.7164
2026-08-18 19:39:31.019,29998.6267
2026-08-18 19:39:31.460,30129.5401
2026-08-18 19:39:31.873,29878.4521
2026-08-18 19:39:32.299,29629.1591
2026-08-18 19:39:32.726,29376.7468
2026-08-18 19:39:33.140,29132.22
2026-08-18 19:39:33.565,28910.2585
2026-08-18 19:39:33.978,28711.4799
2026-08-18 19:39:34.394,28565.986
2026-08-18 19:39:34.809,28466.8845
2026-08-18 19:39:35.223,28399.0173
2026-08-18 19:39:35.653,28349.5718
2026-08-18 19:39:36.088,28313.7512
2026-08-18 19:39:36.501,28287.8309
2026-08-18 19:39:36.926,28284.9815
2026-08-18 19:39:37.348,28310.3879
2026-08-18 19:39:37.760,28344.5808
2026-08-18 19:39:38.186,28390.2288
2026-08-18 19:39:38.617,28459.3332
2026-08-18 19:39:39.030,28564.9903
2026-08-18 19:39:39.457,28721.221
2026-08-18 19:39:39.869,28914.376
2026-08-18 19:39:40.295,29133.4051
2026-08-18 19:39:40.720,29374.3974
2026-08-18 19:39:41.141,29622.5092
2026-08-18 19:39:41.555,29877.0156
2026-08-18 19:39:41.968,30131.507
2026-08-18 19:39:42.381,30121.507
2026-08-18 19:39:42.808,29867.1547
2026-08-18 19:39:43.233,29610.6805
2026-08-18 19:39:43.647,29361.0545
2026-08-18 19:39:44.060,29126.9858
2026-08-18 19:39:44.471,28909.9614
2026-08-18 19:39:44.939,28723.379
2026-08-18 19:39:45.385,28560.2457
2026-08-18 19:39:45.797,28472.3867
2026-08-18 19:39:46.210,28412.9079
2026-08-18 19:39:46.623,28369.868
2026-08-18 19:39:47.061,28337.3948
2026-08-18 19:39:47.473,28312.6205
2026-08-18 19:39:47.886,28327.0935
2026-08-18 19:39:48.300,28356.467
2026-08-18 19:39:48.712,28394.6554
2026-08-18 19:39:49.181,28457.1034
2026-08-18 19:39:49.594,28540.289
2026-08-18 19:39:50.006,28664.3466
2026-08-18 19:39:50.419,28833.8041
2026-08-18 19:39:50.832,29039.0178
2026-08-18 19:39:51.259,29263.8012
2026-08-18 19:39:51.756,29550.2651
2026-08-18 19:39:52.175,29804.4373
2026-08-18 19:39:52.588,30058.3955
2026-08-18 19:39:53.010,30245.2186
2026-08-18 19:39:53.429,30036.1434
2026-08-18 19:39:53.857,29784.5128
2026-08-18 19:39:54.277,29532.5911
2026-08-18 19:39:54.690,29290.25
2026-08-18 19:39:55.103,29062.6894
2026-08-18 19:39:55.521,28858.7001
2026-08-18 19:39:55.934,28690.453
2026-08-18 19:39:56.347,28573.2519
2026-08-18 19:39:56.760,28494.2872
2026-08-18 19:39:57.174,28439.8936
2026-08-18 19:39:57.592,28399.7359
2026-08-18 19:39:58.082,28365.7234
2026-08-18 19:39:58.507,28350.9855
2026-08-18 19:39:58.919,28350.8339
2026-08-18 19:39:59.332,28351.2281
2026-08-18 19:39:59.766,28351.0848
2026-08-18 19:40:00.201,28348.896
2026-08-18 19:40:00.614,28348.557
2026-08-18 19:40:01.042,28348.1716
2026-08-18 19:40:01.454,28348.4919
2026-08-18 19:40:01.868,28348.4118
2026-08-18 19:40:02.281,28348.1125
2026-08-18 19:40:02.694,28349.1645
2026-08-18 19:40:03.120,28350.0645
2026-08-18 19:40:03.533,28359.3179
2026-08-18 19:40:03.998,28393.6353
2026-08-18 19:40:04.416,28433.6626
2026-08-18 19:40:04.829,28488.619
2026-08-18 19:40:05.240,28566.2667
2026-08-18 19:40:05.668,28677.9555
2026-08-18 19:40:06.081,28839.552
2026-08-18 19:40:06.494,29036.6547
2026-08-18 19:40:06.914,29255.835
2026-08-18 19:40:07.330,29492.3193
2026-08-18 19:40:07.744,29733.9627
2026-08-18 19:40:08.203,30009.125
2026-08-18 19:40:08.632,30268.3412
2026-08-18 19:40:09.060,30532.6811
2026-08-18 19:40:09.478,30793.0466
2026-08-18 19:40:09.889,31060.9025
2026-08-18 19:40:10.307,31329.9417
2026-08-18 19:40:10.720,31600.1164
2026-08-18 19:40:11.134,31874.9247
2026-08-18 19:40:11.571,32161.8122
2026-08-18 19:40:11.984,32449.0067
2026-08-18 19:40:12.399,32733.2787
2026-08-18 19:40:12.812,33021.9417
2026-08-18 19:40:13.228,33312.5473
2026-08-18 19:40:13.640,33608.8729
2026-08-18 19:40:14.053,33902.7558
2026-08-18 19:40:14.515,33800.6778
2026-08-18 19:40:14.927,33503.0007
2026-08-18 19:40:15.340,33209.4292
2026-08-18 19:40:15.754,32919.6928
2026-08-18 19:40:16.189,32622.5734
2026-08-18 19:40:16.608,32334.6394
2026-08-18 19:40:17.032,32051.7666
2026-08-18 19:40:17.444,31770.1362
2026-08-18 19:40:17.862,31499.6553
2026-08-18 19:40:18.323,31229.5815
2026-08-18 19:40:18.756,30932.1947
2026-08-18 19:40:19.170,30663.5296
2026-08-18 19:40:19.583,30407.8682
2026-08-18 19:40:19.995,30157.1221
2026-08-18 19:40:20.407,29911.1186
2026-08-18 19:40:20.831,29670.5354
2026-08-18 19:40:21.244,29431.3725
2026-08-18 19:40:21.657,29213.7669
2026-08-18 19:40:22.083,29025.9863
2026-08-18 19:40:22.497,28881.9087
2026-08-18 19:40:22.935,28787.439
2026-08-18 19:40:23.370,28716.7286
2026-08-18 19:40:23.783,28669.5848
2026-08-18 19:40:24.198,28634.3364
2026-08-18 19:40:24.609,28606.9147
2026-08-18 19:40:25.042,28590.6754
2026-08-18 19:40:25.476,28608.6002
2026-08-18 19:40:25.890,28634.1608
2026-08-18 19:40:26.301,28668.6009
2026-08-18 19:40:26.714,28718.0877
2026-08-18 19:40:27.160,28794.26
2026-08-18 19:40:27.575,28923.6476
2026-08-18 19:40:27.987,29093.7979
2026-08-18 19:40:28.413,29299.5406
2026-08-18 19:40:28.827,29533.3099
2026-08-18 19:40:29.240,29771.6298
2026-08-18 19:40:29.653,30017.8
2026-08-18 19:40:30.094,30268.9106
2026-08-18 19:40:30.520,30419.573
2026-08-18 19:40:30.937,30181.1453
2026-08-18 19:40:31.355,29931.7995
2026-08-18 19:40:31.768,29687.0158
2026-08-18 19:40:32.193,29453.2922
2026-08-18 19:40:32.606,29228.5024
2026-08-18 19:40:33.019,29037.4702
2026-08-18 19:40:33.432,28890.7376
2026-08-18 19:40:33.845,28791.4791
2026-08-18 19:40:34.259,28725.3415
2026-08-18 19:40:34.684,28678.9483
2026-08-18 19:40:35.102,28644.7731
2026-08-18 19:40:35.577,28617.3266
2026-08-18 19:40:36.004,28614.4905
2026-08-18 19:40:36.420,28642.1423
2026-08-18 19:40:36.833,28675.8213
2026-08-18 19:40:37.246,28721.2037
2026-08-18 19:40:37.661,28786.4836
2026-08-18 19:40:38.088,28888.5575
2026-08-18 19:40:38.514,29032.8996
2026-08-18 19:40:38.926,29227.0892
2026-08-18 19:40:39.338,29444.1787
2026-08-18 19:40:39.750,29675.8667
2026-08-18 19:40:40.166,29917.3261
2026-08-18 19:40:40.579,30166.8942
2026-08-18 19:40:40.993,30419.3035
2026-08-18 19:40:41.405,30493.3287
2026-08-18 19:40:41.829,30246.8223
2026-08-18 19:40:42.295,29963.2672
2026-08-18 19:40:42.708,29723.2473
2026-08-18 19:40:43.132,29490.6457
2026-08-18 19:40:43.545,29269.0409
2026-08-18 19:40:43.959,29083.3207
2026-08-18 19:40:44.379,28944.2996
2026-08-18 19:40:44.803,28848.7368
2026-08-18 19:40:45.221,28783.9925
2026-08-18 19:40:45.634,28739.9774
2026-08-18 19:40:46.047,28707.917
2026-08-18 19:40:46.482,28683.198
2026-08-18 19:40:46.896,28688.4669
2026-08-18 19:40:47.324,28718.5971
2026-08-18 19:40:47.737,28755.613
2026-08-18 19:40:48.163,28806.2852
2026-08-18 19:40:48.579,28882.352
2026-08-18 19:40:49.010,28998.6476
2026-08-18 19:40:49.422,29159.759
2026-08-18 19:40:49.838,29357.8436
2026-08-18 19:40:50.267,29581.8189
2026-08-18 19:40:50.687,29826.2898
2026-08-18 19:40:51.099,30074.9035
2026-08-18 19:40:51.512,30322.8816
2026-08-18 19:40:51.926,30573.7893
2026-08-18 19:40:52.398,30519.1012
2026-08-18 19:40:52.817,30231.3101
2026-08-18 19:40:53.231,29987.1607
2026-08-18 19:40:53.644,29748.1756
2026-08-18 19:40:54.070,29519.7885
2026-08-18 19:40:54.489,29302.7585
2026-08-18 19:40:54.915,29123.6012
2026-08-18 19:40:55.328,28992.0309
2026-08-18 19:40:55.749,28907.6717
2026-08-18 19:40:56.161,28849.8724
2026-08-18 19:40:56.587,28808.8334
2026-08-18 19:40:57.024,28779.6873
2026-08-18 19:40:57.437,28758.3974
2026-08-18 19:40:57.849,28757.7352
2026-08-18 19:40:58.270,28759.8069
2026-08-18 19:40:58.683,28762.6491
2026-08-18 19:40:59.161,28763.489
2026-08-18 19:40:59.574,28764.6437
2026-08-18 19:40:59.987,28765.8492
2026-08-18 19:41:00.411,28767.4399
2026-08-18 19:41:00.830,28769.3612
2026-08-18 19:41:01.244,28771.2341
2026-08-18 19:41:01.659,28773.2916
2026-08-18 19:41:02.073,28775.3481
2026-08-18 19:41:02.498,28780.4054
2026-08-18 19:41:02.917,28807.9765
2026-08-18 19:41:03.343,28845.5759
2026-08-18 19:41:03.766,28896.0079
2026-08-18 19:41:04.191,28965.6502
2026-08-18 19:41:04.610,29068.3447
2026-08-18 19:41:05.028,29212.495
2026-08-18 19:41:05.447,29398.2657
2026-08-18 19:41:05.859,29613.4262
2026-08-18 19:41:06.271,29842.0737
2026-08-18 19:41:06.689,30080.7668
2026-08-18 19:41:07.102,30330.677
2026-08-18 19:41:07.514,30581.3722
2026-08-18 19:41:07.928,30837.0491
2026-08-18 19:41:08.368,31097.0092
2026-08-18 19:41:08.781,31377.9791
2026-08-18 19:41:09.193,31646.0082
2026-08-18 19:41:09.607,31916.06
2026-08-18 19:41:10.082,32201.3199
2026-08-18 19:41:10.502,32515.1635
2026-08-18 19:41:10.929,32798.2691
2026-08-18 19:41:11.347,33092.8793
2026-08-18 19:41:11.759,33385.6122
2026-08-18 19:41:12.171,33676.6034
2026-08-18 19:41:12.598,33982.1979
2026-08-18 19:41:13.020,34280.5046
2026-08-18 19:41:13.432,34389.0229
2026-08-18 19:41:13.844,34100.9842
2026-08-18 19:41:14.257,33808.533
2026-08-18 19:41:14.684,33519.0175
2026-08-18 19:41:15.105,33223.2714
2026-08-18 19:41:15.518,32934.7173
2026-08-18 19:41:15.931,32655.7124
2026-08-18 19:41:16.344,32380.4292
2026-08-18 19:41:16.787,32109.8305
2026-08-18 19:41:17.225,31813.7234
2026-08-18 19:41:17.638,31542.8004
2026-08-18 19:41:18.051,31282.9204
2026-08-18 19:41:18.478,31017.994
2026-08-18 19:41:18.911,30762.8769
2026-08-18 19:41:19.323,30506.8592
2026-08-18 19:41:19.735,30264.7866
2026-08-18 19:41:20.161,30029.2265
2026-08-18 19:41:20.579,29797.2072
2026-08-18 19:41:21.010,29591.7676
2026-08-18 19:41:21.424,29429.2225
2026-08-18 19:41:21.836,29321.6201
2026-08-18 19:41:22.264,29246.1103
2026-08-18 19:41:22.676,29194.7979
2026-08-18 19:41:23.098,29156.5326
2026-08-18 19:41:23.511,29126.5811
2026-08-18 19:41:23.928,29104.4827
2026-08-18 19:41:24.343,29108.8046
2026-08-18 19:41:24.755,29131.9644
2026-08-18 19:41:25.223,29161.3388
2026-08-18 19:41:25.667,29213.0281
2026-08-18 19:41:26.103,29281.2145
2026-08-18 19:41:26.516,29386.9348
2026-08-18 19:41:26.928,29540.0665
2026-08-18 19:41:27.357,29744.1281
2026-08-18 19:41:27.784,29974.859
2026-08-18 19:41:28.195,30211.4371
2026-08-18 19:41:28.607,30457.1419
2026-08-18 19:41:29.021,30708.1824
2026-08-18 19:41:29.450,30944.0571
2026-08-18 19:41:29.866,30806.3837
2026-08-18 19:41:30.278,30555.8426
2026-08-18 19:41:30.706,30311.5891
2026-08-18 19:41:31.119,30065.7904
2026-08-18 19:41:31.565,29828.7209
2026-08-18 19:41:31.978,29620.2808
2026-08-18 19:41:32.406,29458.8463
2026-08-18 19:41:32.819,29343.6579
2026-08-18 19:41:33.240,29270.1581
2026-08-18 19:41:33.656,29218.9882
2026-08-18 19:41:34.081,29182.3284
2026-08-18 19:41:34.508,29154.9896
2026-08-18 19:41:34.922,29139.9579
2026-08-18 19:41:35.343,29161.6688
2026-08-18 19:41:35.765,29192.9147
2026-08-18 19:41:36.191,29233.4704
2026-08-18 19:41:36.619,29292.5784
2026-08-18 19:41:37.033,29381.4386
2026-08-18 19:41:37.464,29515.5014
2026-08-18 19:41:37.886,29694.6865
2026-08-18 19:41:38.300,29910.4623
2026-08-18 19:41:38.714,30140.3264
2026-08-18 19:41:39.127,30382.4174
2026-08-18 19:41:39.538,30630.3103
2026-08-18 19:41:39.969,30882.5825
2026-08-18 19:41:40.383,31056.261
2026-08-18 19:41:40.806,30838.7064
2026-08-18 19:41:41.233,30584.1622
2026-08-18 19:41:41.651,30332.7736
2026-08-18 19:41:42.075,30093.7111
2026-08-18 19:41:42.489,29866.1141
2026-08-18 19:41:42.910,29669.3972
2026-08-18 19:41:43.323,29512.8964
2026-08-18 19:41:43.784,29408.9229
2026-08-18 19:41:44.202,29331.8766
2026-08-18 19:41:44.614,29286.0341
2026-08-18 19:41:45.027,29252.7836
2026-08-18 19:41:45.463,29227.5596
2026-08-18 19:41:45.875,29223.8012
2026-08-18 19:41:46.291,29251.947
2026-08-18 19:41:46.703,29287.1887
2026-08-18 19:41:47.117,29333.9525
2026-08-18 19:41:47.536,29400.4239
2026-08-18 19:41:47.949,29501.3025
2026-08-18 19:41:48.441,29646.0292
2026-08-18 19:41:48.860,29875.8044
2026-08-18 19:41:49.272,30099.9549
2026-08-18 19:41:49.684,30335.9915
2026-08-18 19:41:50.109,30580.1213
2026-08-18 19:41:50.533,30836.1684
2026-08-18 19:41:50.946,31096.5965
2026-08-18 19:41:51.359,31100.1005
2026-08-18 19:41:51.771,30847.7315
2026-08-18 19:41:52.186,30600.9563
2026-08-18 19:41:52.647,30331.3887
2026-08-18 19:41:53.059,30099.5448
2026-08-18 19:41:53.471,29885.099
2026-08-18 19:41:53.884,29700.6048
2026-08-18 19:41:54.311,29558.7733
2026-08-18 19:41:54.746,29467.8341
2026-08-18 19:41:55.159,29404.2731
2026-08-18 19:41:55.572,29362.1644
2026-08-18 19:41:55.996,29331.3767
2026-08-18 19:41:56.418,29308.6107
2026-08-18 19:41:56.843,29304.8869
2026-08-18 19:41:57.257,29307.4264
2026-08-18 19:41:57.668,29310.3401
2026-08-18 19:41:58.092,29310.9704
2026-08-18 19:41:58.518,29311.9843
2026-08-18 19:41:58.931,29313.1592
2026-08-18 19:41:59.344,29313.4623
2026-08-18 19:41:59.770,29314.5586
2026-08-18 19:42:00.182,29317.4418
2026-08-18 19:42:00.601,29319.983
2026-08-18 19:42:01.014,29322.2804
2026-08-18 19:42:01.436,29324.9356
2026-08-18 19:42:01.911,29350.8503
2026-08-18 19:42:02.326,29387.4785
2026-08-18 19:42:02.740,29434.8385
2026-08-18 19:42:03.166,29501.1098
2026-08-18 19:42:03.587,29593.0546
2026-08-18 19:42:04.016,29729.911
2026-08-18 19:42:04.429,29910.5223
2026-08-18 19:42:04.843,30119.1082
2026-08-18 19:42:05.259,30347.6153
2026-08-18 19:42:05.674,30588.3276
2026-08-18 19:42:06.099,30836.7138
2026-08-18 19:42:06.522,31096.1604
2026-08-18 19:42:06.936,31357.2756
2026-08-18 19:42:07.349,31617.3238
2026-08-18 19:42:07.771,31881.5094
2026-08-18 19:42:08.201,32155.5457
2026-08-18 19:42:08.614,32438.9815
2026-08-18 19:42:09.027,32713.324
2026-08-18 19:42:09.461,33003.728
2026-08-18 19:42:09.888,33290.2638
2026-08-18 19:42:10.313,33585.2467
2026-08-18 19:42:10.726,33882.3048
2026-08-18 19:42:11.150,34174.6156
2026-08-18 19:42:11.563,34478.6868
2026-08-18 19:42:11.991,34788.9657
2026-08-18 19:42:12.432,34991.6865
2026-08-18 19:42:12.847,34726.5472
2026-08-18 19:42:13.259,34430.7488
2026-08-18 19:42:13.671,34139.6589
2026-08-18 19:42:14.085,33851.3178
2026-08-18 19:42:14.514,33565.9415
2026-08-18 19:42:14.927,33274.8852
2026-08-18 19:42:15.365,32987.71
2026-08-18 19:42:15.779,32708.51
2026-08-18 19:42:16.215,32429.6869
2026-08-18 19:42:16.629,32156.7794
2026-08-18 19:42:17.043,31894.2592
2026-08-18 19:42:17.455,31635.6641
2026-08-18 19:42:17.868,31382.3429
2026-08-18 19:42:18.279,31132.0149
2026-08-18 19:42:18.721,30887.6385
2026-08-18 19:42:19.149,30622.7789
2026-08-18 19:42:19.562,30393.8824
2026-08-18 19:42:19.987,30186.0821
2026-08-18 19:42:20.401,30012.7156
2026-08-18 19:42:20.831,29895.0435
2026-08-18 19:42:21.253,29813.52
2026-08-18 19:42:21.667,29758.7655
2026-08-18 19:42:22.101,29718.0747
2026-08-18 19:42:22.516,29687.6405
2026-08-18 19:42:22.935,29664.3169
2026-08-18 19:42:23.346,29662.7513
2026-08-18 19:42:23.758,29686.6283
2026-08-18 19:42:24.173,29715.3467
2026-08-18 19:42:24.600,29756.1098
2026-08-18 19:42:25.048,29813.299
2026-08-18 19:42:25.461,29911.0226
2026-08-18 19:42:25.879,30048.6214
2026-08-18 19:42:26.292,30235.654
2026-08-18 19:42:26.704,30452.376
2026-08-18 19:42:27.143,30686.9532
2026-08-18 19:42:27.555,30947.5378
2026-08-18 19:42:27.967,31198.1784
2026-08-18 19:42:28.382,31453.2999
2026-08-18 19:42:28.794,31460.1862
2026-08-18 19:42:29.214,31208.315
2026-08-18 19:42:29.642,30957.6503
2026-08-18 19:42:30.056,30709.2735
2026-08-18 19:42:30.469,30477.6864
2026-08-18 19:42:30.882,30264.5222
2026-08-18 19:42:31.302,30085.5549
2026-08-18 19:42:31.715,29953.6815
2026-08-18 19:42:32.182,29858.9138
2026-08-18 19:42:32.608,29803.3646
2026-08-18 19:42:33.021,29762.8448
2026-08-18 19:42:33.433,29733.9719
2026-08-18 19:42:33.861,29712.4927
2026-08-18 19:42:34.274,29722.9775
2026-08-18 19:42:34.687,29751.1843
2026-08-18 19:42:35.113,29787.1715
2026-08-18 19:42:35.527,29838.4313
2026-08-18 19:42:35.944,29911.3381
2026-08-18 19:42:36.377,30021.9151
2026-08-18 19:42:36.797,30187.5121
2026-08-18 19:42:37.208,30391.1102
2026-08-18 19:42:37.621,30614.8495
2026-08-18 19:42:38.033,30852.1433
2026-08-18 19:42:38.468,31098.1259
2026-08-18 19:42:38.881,31363.4752
2026-08-18 19:42:39.293,31608.6193
2026-08-18 19:42:39.706,31509.4197
2026-08-18 19:42:40.118,31260.0424
2026-08-18 19:42:40.532,31014.5992
2026-08-18 19:42:40.949,30772.3737
2026-08-18 19:42:41.361,30541.4873
2026-08-18 19:42:41.774,30327.6951
2026-08-18 19:42:42.187,30149.5633
2026-08-18 19:42:42.612,30021.5057
2026-08-18 19:42:43.024,29934.6841
2026-08-18 19:42:43.450,29879.1583
2026-08-18 19:42:43.862,29840.7237
2026-08-18 19:42:44.280,29812.0663
2026-08-18 19:42:44.693,29788.6317
2026-08-18 19:42:45.106,29799.4481
2026-08-18 19:42:45.518,29827.7678
2026-08-18 19:42:45.952,29866.373
2026-08-18 19:42:46.372,29919.3512
2026-08-18 19:42:46.792,29996.539
2026-08-18 19:42:47.212,30114.5695
2026-08-18 19:42:47.627,30283.9524
2026-08-18 19:42:48.041,30489.7602
2026-08-18 19:42:48.466,30715.5381
2026-08-18 19:42:48.878,30957.8492
2026-08-18 19:42:49.301,31203.3323
2026-08-18 19:42:49.716,31460.1424
2026-08-18 19:42:50.129,31703.2758
2026-08-18 19:42:50.590,31561.6731
2026-08-18 19:42:51.002,31310.4004
2026-08-18 19:42:51.416,31064.7477
2026-08-18 19:42:51.841,30824.4639
2026-08-18 19:42:52.254,30588.8214
2026-08-18 19:42:52.686,30379.6067
2026-08-18 19:42:53.100,30201.8341
2026-08-18 19:42:53.512,30083.4228
2026-08-18 19:42:53.925,30005.1631
2026-08-18 19:42:54.346,29949.4187
2026-08-18 19:42:54.805,29903.9898
2026-08-18 19:42:55.217,29875.5755
2026-08-18 19:42:55.631,29857.1925
2026-08-18 19:42:56.046,29857.3588
2026-08-18 19:42:56.507,29859.0832
2026-08-18 19:42:56.926,29860.0436
2026-08-18 19:42:57.338,29858.1354
2026-08-18 19:42:57.750,29858.4816
2026-08-18 19:42:58.162,29859.8276
2026-08-18 19:42:58.575,29862.3773
2026-08-18 19:42:59.011,29865.2238
2026-08-18 19:42:59.425,29867.8144
2026-08-18 19:42:59.838,29871.4077
2026-08-18 19:43:00.250,29875.201
2026-08-18 19:43:00.711,29881.5874
2026-08-18 19:43:01.141,29912.1076
2026-08-18 19:43:01.554,29950.5255
2026-08-18 19:43:01.980,30002.0922
2026-08-18 19:43:02.392,30073.022
2026-08-18 19:43:02.819,30175.7204
2026-08-18 19:43:03.231,30326.9436
2026-08-18 19:43:03.657,30521.0201
2026-08-18 19:43:04.076,30737.607
2026-08-18 19:43:04.489,30973.3966
2026-08-18 19:43:04.916,31215.4222
2026-08-18 19:43:05.330,31472.4892
2026-08-18 19:43:05.749,31726.4226
2026-08-18 19:43:06.161,31988.3847
2026-08-18 19:43:06.579,32250.3039
2026-08-18 19:43:06.992,32519.9419
2026-08-18 19:43:07.408,32790.6967
2026-08-18 19:43:07.821,33064.9701
2026-08-18 19:43:08.232,33340.2265
2026-08-18 19:43:08.740,33672.8415
2026-08-18 19:43:09.157,33964.0458
2026-08-18 19:43:09.570,34253.3803
2026-08-18 19:43:09.985,34542.819
2026-08-18 19:43:10.410,34836.5961
2026-08-18 19:43:10.843,35152.9748
2026-08-18 19:43:11.257,35455.9795
2026-08-18 19:43:11.672,35440.5096
2026-08-18 19:43:12.088,35139.1727
2026-08-18 19:43:12.508,34840.5762
2026-08-18 19:43:12.921,34543.4204
2026-08-18 19:43:13.334,34254.6874
2026-08-18 19:43:13.747,33970.2749
2026-08-18 19:43:14.160,33688.7563
2026-08-18 19:43:14.572,33410.7008
2026-08-18 19:43:14.990,33137.2544
2026-08-18 19:43:15.404,32863.8904
2026-08-18 19:43:15.836,32593.4224
2026-08-18 19:43:16.250,32322.4225
2026-08-18 19:43:16.696,32044.1753
2026-08-18 19:43:17.108,31789.1577
2026-08-18 19:43:17.568,31511.5553
2026-08-18 19:43:17.992,31267.1413
2026-08-18 19:43:18.405,31024.6948
2026-08-18 19:43:18.821,30802.2897
2026-08-18 19:43:19.248,30606.8134
2026-08-18 19:43:19.669,30455.2563
2026-08-18 19:43:20.082,30355.1015
2026-08-18 19:43:20.495,30288.1418
2026-08-18 19:43:20.913,30239.1935
2026-08-18 19:43:21.330,30202.3535
2026-08-18 19:43:21.797,30169.4903
2026-08-18 19:43:22.222,30151.205
2026-08-18 19:43:22.635,30164.159
2026-08-18 19:43:23.048,30186.4842
2026-08-18 19:43:23.472,30217.1013
2026-08-18 19:43:23.892,30264.0191
2026-08-18 19:43:24.314,30333.0479
2026-08-18 19:43:24.730,30441.7805
2026-08-18 19:43:25.154,30598.9105
2026-08-18 19:43:25.569,30802.3021
2026-08-18 19:43:25.997,31027.3241
2026-08-18 19:43:26.410,31272.862
2026-08-18 19:43:26.822,31518.2369
2026-08-18 19:43:27.251,31777.3924
2026-08-18 19:43:27.663,31974.6034
2026-08-18 19:43:28.084,31785.5933
2026-08-18 19:43:28.498,31530.287
2026-08-18 19:43:28.921,31284.6592
2026-08-18 19:43:29.334,31040.1145
2026-08-18 19:43:29.766,30815.1769
2026-08-18 19:43:30.187,30607.3833
2026-08-18 19:43:30.614,30450.8318
2026-08-18 19:43:31.027,30343.7151
2026-08-18 19:43:31.453,30273.0031
2026-08-18 19:43:31.872,30225.1138
2026-08-18 19:43:32.284,30189.4667
2026-08-18 19:43:32.701,30163.8623
2026-08-18 19:43:33.114,30150.3979
2026-08-18 19:43:33.552,30172.2938
2026-08-18 19:43:33.980,30202.6193
2026-08-18 19:43:34.392,30243.684
2026-08-18 19:43:34.820,30300.2608
2026-08-18 19:43:35.238,30389.4458
2026-08-18 19:43:35.650,30520.4943
2026-08-18 19:43:36.090,30696.1519
2026-08-18 19:43:36.511,30919.6873
2026-08-18 19:43:36.929,31153.9832
2026-08-18 19:43:37.342,31396.8958
2026-08-18 19:43:37.758,31644.4814
2026-08-18 19:43:38.190,31898.0045
2026-08-18 19:43:38.615,32025.0626
2026-08-18 19:43:39.030,31779.3338
2026-08-18 19:43:39.444,31529.3979
2026-08-18 19:43:39.856,31285.4543
2026-08-18 19:43:40.294,31050.418
2026-08-18 19:43:40.717,30815.0945
2026-08-18 19:43:41.143,30618.3563
2026-08-18 19:43:41.554,30467.9294
2026-08-18 19:43:41.967,30370.3215
2026-08-18 19:43:42.389,30304.6923
2026-08-18 19:43:42.803,30257.6636
2026-08-18 19:43:43.226,30224.0812
2026-08-18 19:43:43.638,30198.1574
2026-08-18 19:43:44.052,30191.7027
2026-08-18 19:43:44.491,30217.002
2026-08-18 19:43:44.903,30251.7725
2026-08-18 19:43:45.329,30295.5317
2026-08-18 19:43:45.756,30360.3601
2026-08-18 19:43:46.168,30459.7285
2026-08-18 19:43:46.595,30601.5157
2026-08-18 19:43:47.007,30794.4475
2026-08-18 19:43:47.431,31010.1321
2026-08-18 19:43:47.844,31247.6995
2026-08-18 19:43:48.256,31488.5468
2026-08-18 19:43:48.688,31734.917
2026-08-18 19:43:49.109,31997.8911
2026-08-18 19:43:49.526,32047.5637
2026-08-18 19:43:49.944,31793.0737
2026-08-18 19:43:50.360,31541.5937
2026-08-18 19:43:50.788,31297.794
2026-08-18 19:43:51.201,31054.7729
2026-08-18 19:43:51.640,30829.1385
2026-08-18 19:43:52.055,30636.4337
2026-08-18 19:43:52.468,30496.0295
2026-08-18 19:43:52.888,30401.961
2026-08-18 19:43:53.300,30338.1758
2026-08-18 19:43:53.720,30293.7962
2026-08-18 19:43:54.134,30260.4532
2026-08-18 19:43:54.546,30235.7866
2026-08-18 19:43:54.981,30226.832
2026-08-18 19:43:55.409,30226.9671
2026-08-18 19:43:55.829,30228.5041
2026-08-18 19:43:56.242,30228.387
2026-08-18 19:43:56.654,30228.1816
2026-08-18 19:43:57.080,30228.0059
2026-08-18 19:43:57.502,30227.9878
2026-08-18 19:43:57.930,30227.917
2026-08-18 19:43:58.344,30228.3083
2026-08-18 19:43:58.756,30229.0422
2026-08-18 19:43:59.203,30229.6151
2026-08-18 19:43:59.624,30230.4872
2026-08-18 19:44:00.036,30249.207
2026-08-18 19:44:00.449,30281.4553
2026-08-18 19:44:00.872,30322.8272
2026-08-18 19:44:01.285,30380.7442
2026-08-18 19:44:01.713,30464.768
2026-08-18 19:44:02.142,30589.6264
2026-08-18 19:44:02.556,30755.0813
2026-08-18 19:44:02.982,30954.9915
2026-08-18 19:44:03.401,31183.6985
2026-08-18 19:44:03.813,31421.2245
2026-08-18 19:44:04.240,31663.432
2026-08-18 19:44:04.654,31919.3764
2026-08-18 19:44:05.067,32172.816
2026-08-18 19:44:05.500,32429.8184
2026-08-18 19:44:05.913,32702.9548
2026-08-18 19:44:06.339,32967.3676
2026-08-18 19:44:06.752,33243.7849
2026-08-18 19:44:07.177,33513.9958
2026-08-18 19:44:07.601,33797.2552
2026-08-18 19:44:08.014,34081.9736
2026-08-18 19:44:08.427,34363.4416
2026-08-18 19:44:08.840,34648.7051
2026-08-18 19:44:09.258,34936.9928
2026-08-18 19:44:09.723,35270.04
2026-08-18 19:44:10.136,35564.7024
2026-08-18 19:44:10.549,35806.4215
2026-08-18 19:44:10.963,35596.7248
2026-08-18 19:44:11.377,35299.9194
2026-08-18 19:44:11.816,35006.0043
2026-08-18 19:44:12.230,34697.7989
2026-08-18 19:44:12.642,34411.7798
2026-08-18 19:44:13.054,34130.3128
2026-08-18 19:44:13.483,33852.9115
2026-08-18 19:44:13.948,33534.1797
2026-08-18 19:44:14.374,33255.0786
2026-08-18 19:44:14.786,32988.5059
2026-08-18 19:44:15.198,32725.9317
2026-08-18 19:44:15.626,32458.5403
2026-08-18 19:44:16.044,32200.3567
2026-08-18 19:44:16.471,31941.2214
2026-08-18 19:44:16.884,31695.2683
2026-08-18 19:44:17.296,31455.5857
2026-08-18 19:44:17.708,31225.9568
2026-08-18 19:44:18.146,31015.2321
2026-08-18 19:44:18.559,30832.9545
2026-08-18 19:44:18.971,30712.463
2026-08-18 19:44:19.397,30631.2169
2026-08-18 19:44:19.809,30572.2451
2026-08-18 19:44:20.222,30529.6133
2026-08-18 19:44:20.636,30496.809
2026-08-18 19:44:21.060,30470.9096
2026-08-18 19:44:21.550,30462.2885
2026-08-18 19:44:21.963,30481.9691
2026-08-18 19:44:22.376,30507.2402
2026-08-18 19:44:22.836,30542.6878
2026-08-18 19:44:23.254,30603.8507
2026-08-18 19:44:23.671,30690.7204
2026-08-18 19:44:24.083,30824.3624
2026-08-18 19:44:24.500,31003.4379
2026-08-18 19:44:24.926,31217.3068
2026-08-18 19:44:25.340,31454.8035
2026-08-18 19:44:25.763,31695.6688
2026-08-18 19:44:26.176,31949.0187
2026-08-18 19:44:26.611,32209.7631
2026-08-18 19:44:27.025,32177.8729
2026-08-18 19:44:27.446,31925.9191
2026-08-18 19:44:27.860,31674.7911
2026-08-18 19:44:28.272,31434.712
2026-08-18 19:44:28.696,31205.3125
2026-08-18 19:44:29.109,30988.2617
2026-08-18 19:44:29.547,30813.3357
2026-08-18 19:44:29.961,30681.7176
2026-08-18 19:44:30.373,30600.2619
2026-08-18 19:44:30.786,30544.7251
2026-08-18 19:44:31.211,30504.3893
2026-08-18 19:44:31.688,30470.2233
2026-08-18 19:44:32.101,30448.567
2026-08-18 19:44:32.526,30459.4685
2026-08-18 19:44:32.939,30485.9748
2026-08-18 19:44:33.351,30519.492
2026-08-18 19:44:33.766,30565.8458
2026-08-18 19:44:34.178,30635.0755
2026-08-18 19:44:34.591,30739.5926
2026-08-18 19:44:35.004,30892.1491
2026-08-18 19:44:35.419,31085.1857
2026-08-18 19:44:35.830,31305.3493
2026-08-18 19:44:36.327,31584.6136
2026-08-18 19:44:36.754,31828.3371
2026-08-18 19:44:37.171,32084.8938
2026-08-18 19:44:37.588,32307.4678
2026-08-18 19:44:38.011,32150.2297
2026-08-18 19:44:38.424,31894.6174
2026-08-18 19:44:38.844,31649.4235
2026-08-18 19:44:39.259,31407.8221
2026-08-18 19:44:39.672,31180.0924
2026-08-18 19:44:40.138,30950.8562
2026-08-18 19:44:40.552,30791.3423
2026-08-18 19:44:40.965,30680.4986
2026-08-18 19:44:41.378,30607.0398
2026-08-18 19:44:41.791,30555.9485
2026-08-18 19:44:42.226,30518.1379
2026-08-18 19:44:42.640,30490.4958
2026-08-18 19:44:43.066,30475.1956
2026-08-18 19:44:43.494,30496.3401
2026-08-18 19:44:43.907,30527.6066
2026-08-18 19:44:44.333,30567.5866
2026-08-18 19:44:44.761,30626.0814
2026-08-18 19:44:45.181,30714.9989
2026-08-18 19:44:45.599,30846.775
2026-08-18 19:44:46.013,31024.769
2026-08-18 19:44:46.439,31234.2569
2026-08-18 19:44:46.860,31469.0627
2026-08-18 19:44:47.273,31711.0957
2026-08-18 19:44:47.690,31956.4328
2026-08-18 19:44:48.110,32207.798
2026-08-18 19:44:48.539,32357.2283
2026-08-18 19:44:48.971,32113.7284
2026-08-18 19:44:49.397,31862.5483
2026-08-18 19:44:49.810,31612.4187
2026-08-18 19:44:50.222,31377.2585
2026-08-18 19:44:50.652,31155.8659
2026-08-18 19:44:51.066,30953.0645
2026-08-18 19:44:51.479,30803.074
2026-08-18 19:44:51.894,30701.5742
2026-08-18 19:44:52.306,30633.5492
2026-08-18 19:44:52.784,30581.1784
2026-08-18 19:44:53.198,30546.9632
2026-08-18 19:44:53.612,30522.0308
2026-08-18 19:44:54.029,30511.2864
2026-08-18 19:44:54.456,30511.9865
2026-08-18 19:44:54.872,30513.4418
2026-08-18 19:44:55.286,30512.963
2026-08-18 19:44:55.715,30512.3191
2026-08-18 19:44:56.127,30511.8468
2026-08-18 19:44:56.551,30511.615
2026-08-18 19:44:56.978,30511.6361
2026-08-18 19:44:57.391,30511.7411
2026-08-18 19:44:57.803,30512.0291
2026-08-18 19:44:58.216,30512.6855
2026-08-18 19:44:58.628,30513.3036
2026-08-18 19:44:59.090,30528.1474
2026-08-18 19:44:59.504,30558.8278
2026-08-18 19:44:59.916,30597.6216
2026-08-18 19:45:00.328,30650.2154
2026-08-18 19:45:00.794,30725.6503
2026-08-18 19:45:01.219,30854.8634
2026-08-18 19:45:01.632,31018.1043
2026-08-18 19:45:02.059,31214.6849
2026-08-18 19:45:02.472,31441.6883
2026-08-18 19:45:02.901,31683.2002
2026-08-18 19:45:03.314,31925.6649
2026-08-18 19:45:03.742,32181.1787
2026-08-18 19:45:04.172,32442.9605
2026-08-18 19:45:04.590,32698.2634
2026-08-18 19:45:05.005,32960.7946
2026-08-18 19:45:05.419,33225.4301
2026-08-18 19:45:05.833,33492.74
2026-08-18 19:45:06.245,33762.9437
2026-08-18 19:45:06.671,34045.918
2026-08-18 19:45:07.084,34322.1152
2026-08-18 19:45:07.502,34605.5011
2026-08-18 19:45:07.914,34888.3451
2026-08-18 19:45:08.326,35173.9931
2026-08-18 19:45:08.740,35463.2206
2026-08-18 19:45:09.171,35766.744
2026-08-18 19:45:09.603,36045.9261
2026-08-18 19:45:10.029,35884.6181
2026-08-18 19:45:10.444,35579.3176
2026-08-18 19:45:10.879,35276.4509
2026-08-18 19:45:11.292,34981.5514
2026-08-18 19:45:11.709,34697.0774
2026-08-18 19:45:12.122,34413.5032
2026-08-18 19:45:12.549,34127.4696
2026-08-18 19:45:12.967,33853.9405
2026-08-18 19:45:13.380,33580.0445
2026-08-18 19:45:13.810,33314.2723
2026-08-18 19:45:14.223,33039.7399
2026-08-18 19:45:14.642,32781.7615
2026-08-18 19:45:15.055,32522.7052
2026-08-18 19:45:15.469,32271.8259
2026-08-18 19:45:15.930,31998.2836
2026-08-18 19:45:16.342,31758.3547
2026-08-18 19:45:16.769,31527.4608
2026-08-18 19:45:17.181,31307.6271
2026-08-18 19:45:17.609,31125.4579
2026-08-18 19:45:18.027,30998.4089
2026-08-18 19:45:18.455,30911.8344
2026-08-18 19:45:18.867,30853.6559
2026-08-18 19:45:19.294,30810.4133
2026-08-18 19:45:19.707,30776.3839
2026-08-18 19:45:20.124,30750.6926
2026-08-18 19:45:20.538,30737.5139
2026-08-18 19:45:20.951,30754.2091
2026-08-18 19:45:21.363,30777.2527
2026-08-18 19:45:21.776,30808.9426
2026-08-18 19:45:22.250,30862.2396
2026-08-18 19:45:22.666,30940.4638
2026-08-18 19:45:23.079,31059.7695
2026-08-18 19:45:23.491,31227.5369
2026-08-18 19:45:23.904,31432.8923
2026-08-18 19:45:24.327,31659.3699
2026-08-18 19:45:24.742,31903.3845
2026-08-18 19:45:25.154,32149.8703
2026-08-18 19:45:25.571,32399.8947
2026-08-18 19:45:25.987,32531.1448
2026-08-18 19:45:26.407,32297.0036
2026-08-18 19:45:26.898,31998.3472
2026-08-18 19:45:27.324,31757.2487
2026-08-18 19:45:27.787,31490.8097
2026-08-18 19:45:28.202,31278.753
2026-08-18 19:45:28.616,31101.6571
2026-08-18 19:45:29.034,30974.7695
2026-08-18 19:45:29.447,30889.594
2026-08-18 19:45:29.878,30832.4232
2026-08-18 19:45:30.291,30789.6548
2026-08-18 19:45:30.710,30759.0515
2026-08-18 19:45:31.122,30736.1594
2026-08-18 19:45:31.548,30739.0462
2026-08-18 19:45:31.973,30764.6424
2026-08-18 19:45:32.399,30797.096
2026-08-18 19:45:32.817,30842.2314
2026-08-18 19:45:33.230,30907.1474
2026-08-18 19:45:33.666,31009.2055
2026-08-18 19:45:34.097,31160.8854
2026-08-18 19:45:34.510,31357.2534
2026-08-18 19:45:34.924,31575.7146
2026-08-18 19:45:35.338,31808.8323
2026-08-18 19:45:35.754,32051.0084
2026-08-18 19:45:36.169,32300.2545
2026-08-18 19:45:36.580,32552.5883
2026-08-18 19:45:36.994,32508.8662
2026-08-18 19:45:37.410,32256.7804
2026-08-18 19:45:37.837,32008.3482
2026-08-18 19:45:38.254,31759.7298
2026-08-18 19:45:38.683,31526.8761
2026-08-18 19:45:39.145,31285.9441
2026-08-18 19:45:39.558,31111.9562
2026-08-18 19:45:39.993,30986.4802
2026-08-18 19:45:40.412,30905.2722
2026-08-18 19:45:40.903,30841.7516
2026-08-18 19:45:41.316,30804.8252
2026-08-18 19:45:41.743,30776.9034
2026-08-18 19:45:42.157,30759.9235
2026-08-18 19:45:42.591,30779.7066
2026-08-18 19:45:43.005,30809.3421
2026-08-18 19:45:43.418,30848.2443
2026-08-18 19:45:43.830,30903.0506
2026-08-18 19:45:44.256,30988.1665
2026-08-18 19:45:44.696,31112.4689
2026-08-18 19:45:45.112,31295.8052
2026-08-18 19:45:45.539,31505.0103
2026-08-18 19:45:45.956,31740.1527
2026-08-18 19:45:46.369,31980.4946
2026-08-18 19:45:46.794,32225.3463
2026-08-18 19:45:47.206,32482.6343
2026-08-18 19:45:47.620,32646.9833
2026-08-18 19:45:48.046,32431.6643
2026-08-18 19:45:48.460,32174.9373
2026-08-18 19:45:48.895,31930.5979
2026-08-18 19:45:49.321,31682.0147
2026-08-18 19:45:49.734,31452.6343
2026-08-18 19:45:50.146,31255.0231
2026-08-18 19:45:50.559,31101.2277
2026-08-18 19:45:51.033,30985.1956
2026-08-18 19:45:51.447,30916.8746
2026-08-18 19:45:51.858,30869.8876
2026-08-18 19:45:52.271,30835.3956
2026-08-18 19:45:52.685,30809.4879
2026-08-18 19:45:53.116,30795.8663
2026-08-18 19:45:53.538,30795.8832
2026-08-18 19:45:53.956,30796.8915
2026-08-18 19:45:54.370,30795.9734
2026-08-18 19:45:54.781,30794.5069
2026-08-18 19:45:55.215,30793.5514
2026-08-18 19:45:55.627,30792.9621
2026-08-18 19:45:56.045,30792.6003
2026-08-18 19:45:56.460,30792.2823
2026-08-18 19:45:56.874,30792.4086
2026-08-18 19:45:57.340,30792.9135
2026-08-18 19:45:57.754,30792.8573
2026-08-18 19:45:58.169,30804.0728
2026-08-18 19:45:58.594,30834.0743
2026-08-18 19:45:59.010,30872.8283
2026-08-18 19:45:59.425,30924.4369
2026-08-18 19:45:59.852,30997.8636
2026-08-18 19:46:00.269,31109.2813
2026-08-18 19:46:00.682,31263.3801
2026-08-18 19:46:01.095,31454.2382
2026-08-18 19:46:01.527,31669.5
2026-08-18 19:46:01.945,31911.0487
2026-08-18 19:46:02.356,32153.5472
2026-08-18 19:46:02.790,32406.6732
2026-08-18 19:46:03.202,32660.9914
2026-08-18 19:46:03.638,32915.5669
2026-08-18 19:46:04.051,33188.7037
2026-08-18 19:46:04.479,33461.2216
2026-08-18 19:46:04.891,33727.5408
2026-08-18 19:46:05.317,33996.5447
2026-08-18 19:46:05.742,34277.8184
2026-08-18 19:46:06.175,34572.2785
2026-08-18 19:46:06.602,34855.9003
2026-08-18 19:46:07.014,35148.3075
2026-08-18 19:46:07.438,35434.104
2026-08-18 19:46:07.863,35731.5193
2026-08-18 19:46:08.291,36033.8638
2026-08-18 19:46:08.707,36320.0175
2026-08-18 19:46:09.119,36173.4965
2026-08-18 19:46:09.545,35868.2682
2026-08-18 19:46:09.967,35575.0465
2026-08-18 19:46:10.380,35278.2068
2026-08-18 19:46:10.792,34991.8312
2026-08-18 19:46:11.218,34710.3738
2026-08-18 19:46:11.630,34423.3593
2026-08-18 19:46:12.052,34148.8616
2026-08-18 19:46:12.465,33871.8671
2026-08-18 19:46:12.877,33604.3895
2026-08-18 19:46:13.290,33339.8326
2026-08-18 19:46:13.717,33079.3476
2026-08-18 19:46:14.180,32786.2918
2026-08-18 19:46:14.592,32532.3326
2026-08-18 19:46:15.012,32285.624
2026-08-18 19:46:15.429,32040.3542
2026-08-18 19:46:15.841,31805.1121
2026-08-18 19:46:16.262,31589.3106
2026-08-18 19:46:16.676,31403.5918
2026-08-18 19:46:17.091,31271.8632
2026-08-18 19:46:17.508,31182.5439
2026-08-18 19:46:17.924,31120.5655
2026-08-18 19:46:18.400,31069.9582
2026-08-18 19:46:18.813,31035.0634
2026-08-18 19:46:19.232,31006.7534
2026-08-18 19:46:19.645,30992.8059
2026-08-18 19:46:20.062,31008.7273
2026-08-18 19:46:20.486,31030.7113
2026-08-18 19:46:20.900,31061.8699
2026-08-18 19:46:21.312,31106.7904
2026-08-18 19:46:21.726,31176.1235
2026-08-18 19:46:22.139,31285.1048
2026-08-18 19:46:22.557,31442.8703
2026-08-18 19:46:23.062,31687.7783
2026-08-18 19:46:23.474,31922.57
2026-08-18 19:46:23.886,32161.2056
2026-08-18 19:46:24.302,32406.2021
2026-08-18 19:46:24.729,32657.9189
2026-08-18 19:46:25.142,32757.2472
2026-08-18 19:46:25.568,32512.4503
2026-08-18 19:46:25.983,32256.369
2026-08-18 19:46:26.395,32012.5248
2026-08-18 19:46:26.838,31778.895
2026-08-18 19:46:27.259,31546.8439
2026-08-18 19:46:27.678,31359.9174
2026-08-18 19:46:28.094,31224.967
2026-08-18 19:46:28.507,31135.9813
2026-08-18 19:46:28.937,31076.1575
2026-08-18 19:46:29.349,31031.5732
2026-08-18 19:46:29.768,30999.6881
2026-08-18 19:46:30.193,30975.4624
2026-08-18 19:46:30.606,30974.1254
2026-08-18 19:46:31.040,30998.4951
2026-08-18 19:46:31.453,31030.6935
2026-08-18 19:46:31.878,31072.4249
2026-08-18 19:46:32.292,31135.4509
2026-08-18 19:46:32.719,31233.2704
2026-08-18 19:46:33.147,31374.3319
2026-08-18 19:46:33.560,31567.7417
2026-08-18 19:46:33.989,31791.4273
2026-08-18 19:46:34.401,32023.0795
2026-08-18 19:46:34.813,32263.6885
2026-08-18 19:46:35.252,32509.8057
2026-08-18 19:46:35.668,32776.8104
2026-08-18 19:46:36.081,32731.0873
2026-08-18 19:46:36.497,32479.4105
2026-08-18 19:46:36.911,32230.6639
2026-08-18 19:46:37.350,31988.5249
2026-08-18 19:46:37.764,31741.8258
2026-08-18 19:46:38.176,31528.8814
2026-08-18 19:46:38.588,31352.1614
2026-08-18 19:46:39.022,31220.9435
2026-08-18 19:46:39.450,31135.6715
2026-08-18 19:46:39.875,31076.5469
2026-08-18 19:46:40.290,31034.4912
2026-08-18 19:46:40.701,31004.2599
2026-08-18 19:46:41.114,30981.6963
2026-08-18 19:46:41.528,30991.0123
2026-08-18 19:46:41.940,31017.2125
2026-08-18 19:46:42.353,31051.4888
2026-08-18 19:46:42.768,31098.7261
2026-08-18 19:46:43.182,31169.0443
2026-08-18 19:46:43.598,31275.7646
2026-08-18 19:46:44.011,31429.9299
2026-08-18 19:46:44.423,31624.8516
2026-08-18 19:46:44.835,31843.3996
2026-08-18 19:46:45.269,32084.4622
2026-08-18 19:46:45.686,32330.7387
2026-08-18 19:46:46.101,32580.9917
2026-08-18 19:46:46.514,32829.0511
2026-08-18 19:46:46.935,32748.7009
2026-08-18 19:46:47.350,32492.2253
2026-08-18 19:46:47.766,32243.7669
2026-08-18 19:46:48.240,31973.3565
2026-08-18 19:46:48.653,31737.3182
2026-08-18 19:46:49.066,31528.0259
2026-08-18 19:46:49.495,31356.4854
2026-08-18 19:46:49.916,31231.0341
2026-08-18 19:46:50.334,31149.2217
2026-08-18 19:46:50.747,31094.8417
2026-08-18 19:46:51.159,31055.7802
2026-08-18 19:46:51.572,31026.4517
2026-08-18 19:46:51.987,31005.3175
2026-08-18 19:46:52.424,31001.9558
2026-08-18 19:46:52.846,31002.0531
2026-08-18 19:46:53.264,31002.0378
2026-08-18 19:46:53.683,30999.9557
2026-08-18 19:46:54.102,30998.5685
2026-08-18 19:46:54.514,30997.6233
2026-08-18 19:46:54.927,30996.9547
2026-08-18 19:46:55.342,30996.2605
2026-08-18 19:46:55.755,30995.7762
2026-08-18 19:46:56.169,30995.3069
2026-08-18 19:46:56.582,30994.9183
2026-08-18 19:46:56.995,30996.1024
2026-08-18 19:46:57.426,31017.0189
2026-08-18 19:46:57.930,31057.5774
2026-08-18 19:46:58.344,31103.9269
2026-08-18 19:46:58.756,31166.9228
2026-08-18 19:46:59.170,31258.7031
2026-08-18 19:46:59.604,31391.4581
2026-08-18 19:47:00.031,31583.5623
2026-08-18 19:47:00.456,31792.7532
2026-08-18 19:47:00.869,32026.4481
2026-08-18 19:47:01.295,32272.0659
2026-08-18 19:47:01.712,32518.6577
2026-08-18 19:47:02.140,32775.5816
2026-08-18 19:47:02.552,33030.3136
2026-08-18 19:47:02.965,33287.5883
2026-08-18 19:47:03.378,33549.0575
2026-08-18 19:47:03.805,33813.5321
2026-08-18 19:47:04.234,34100.0763
2026-08-18 19:47:04.670,34382.7303
2026-08-18 19:47:05.097,34663.0765
2026-08-18 19:47:05.515,34954.3404
2026-08-18 19:47:05.932,35237.135
2026-08-18 19:47:06.351,35524.3195
2026-08-18 19:47:06.764,35816.4475
2026-08-18 19:47:07.177,36108.2116
2026-08-18 19:47:07.593,36402.9335
2026-08-18 19:47:08.020,36489.8507
2026-08-18 19:47:08.434,36186.0747
2026-08-18 19:47:08.862,35888.4166
2026-08-18 19:47:09.279,35584.7554
2026-08-18 19:47:09.693,35291.8662
2026-08-18 19:47:10.107,35005.0442
2026-08-18 19:47:10.520,34722.3602
2026-08-18 19:47:10.933,34444.5019
2026-08-18 19:47:11.345,34170.0516
2026-08-18 19:47:11.771,33899.2474
2026-08-18 19:47:12.199,33623.7757
2026-08-18 19:47:12.613,33349.9103
2026-08-18 19:47:13.030,33090.5025
2026-08-18 19:47:13.458,32833.2409
2026-08-18 19:47:13.870,32572.9651
2026-08-18 19:47:14.305,32327.5788
2026-08-18 19:47:14.717,32075.9895
2026-08-18 19:47:15.144,31843.2765
2026-08-18 19:47:15.557,31644.2391
2026-08-18 19:47:15.981,31489.2518
2026-08-18 19:47:16.405,31381.4581
2026-08-18 19:47:16.816,31308.2605
2026-08-18 19:47:17.237,31256.6136
2026-08-18 19:47:17.650,31216.335
2026-08-18 19:47:18.077,31184.3184
2026-08-18 19:47:18.515,31158.9165
2026-08-18 19:47:18.941,31161.1939
2026-08-18 19:47:19.354,31180.5985
2026-08-18 19:47:19.781,31206.995
2026-08-18 19:47:20.194,31243.8331
2026-08-18 19:47:20.617,31299.5594
2026-08-18 19:47:21.044,31390.5788
2026-08-18 19:47:21.460,31532.4334
2026-08-18 19:47:21.880,31716.4487
2026-08-18 19:47:22.293,31934.7937
2026-08-18 19:47:22.731,32165.4858
2026-08-18 19:47:23.152,32420.9312
2026-08-18 19:47:23.567,32672.7101
2026-08-18 19:47:23.980,32911.8404
2026-08-18 19:47:24.392,32799.8305
2026-08-18 19:47:24.825,32540.7213
2026-08-18 19:47:25.240,32289.9166
2026-08-18 19:47:25.653,32049.6445
2026-08-18 19:47:26.084,31814.4966
2026-08-18 19:47:26.497,31607.7064
2026-08-18 19:47:26.933,31440.195
2026-08-18 19:47:27.345,31326.4105
2026-08-18 19:47:27.778,31250.7193
2026-08-18 19:47:28.191,31198.5658
2026-08-18 19:47:28.604,31161.0982
2026-08-18 19:47:29.040,31132.2368
2026-08-18 19:47:29.453,31111.9892
2026-08-18 19:47:29.876,31126.3809
2026-08-18 19:47:30.292,31151.7584
2026-08-18 19:47:30.706,31185.2526
2026-08-18 19:47:31.136,31232.754
2026-08-18 19:47:31.549,31307.5587
2026-08-18 19:47:31.976,31418.8591
2026-08-18 19:47:32.389,31583.5471
2026-08-18 19:47:32.803,31782.5072
2026-08-18 19:47:33.245,32003.929
2026-08-18 19:47:33.658,32255.4614
2026-08-18 19:47:34.072,32498.0201
2026-08-18 19:47:34.499,32744.8602
2026-08-18 19:47:34.910,32941.4909
2026-08-18 19:47:35.344,32746.4708
2026-08-18 19:47:35.772,32474.37
2026-08-18 19:47:36.194,32229.3451
2026-08-18 19:47:36.609,31986.3474
2026-08-18 19:47:37.035,31760.704
2026-08-18 19:47:37.450,31556.2444
2026-08-18 19:47:37.868,31402.0453
2026-08-18 19:47:38.282,31296.3328
2026-08-18 19:47:38.710,31226.1113
2026-08-18 19:47:39.122,31175.4818
2026-08-18 19:47:39.544,31139.4994
2026-08-18 19:47:39.958,31111.4181
2026-08-18 19:47:40.375,31098.196
2026-08-18 19:47:40.788,31118.8444
2026-08-18 19:47:41.202,31146.3787
2026-08-18 19:47:41.637,31183.5692
2026-08-18 19:47:42.050,31240.8564
2026-08-18 19:47:42.470,31323.808
2026-08-18 19:47:42.888,31451.887
2026-08-18 19:47:43.300,31626.8527
2026-08-18 19:47:43.767,31860.8667
2026-08-18 19:47:44.182,32087.7901
2026-08-18 19:47:44.605,32325.3174
2026-08-18 19:47:45.020,32575.0936
2026-08-18 19:47:45.433,32823.5378
2026-08-18 19:47:45.862,32920.5378
2026-08-18 19:47:46.284,32674.2128
2026-08-18 19:47:46.698,32420.2345
2026-08-18 19:47:47.112,32176.4389
2026-08-18 19:47:47.575,31941.1626
2026-08-18 19:47:47.995,31692.303
2026-08-18 19:47:48.408,31504.656
2026-08-18 19:47:48.830,31365.0386
2026-08-18 19:47:49.256,31269.7226
2026-08-18 19:47:49.669,31205.3169
2026-08-18 19:47:50.091,31161.9237
2026-08-18 19:47:50.504,31128.4008
2026-08-18 19:47:50.930,31102.4252
2026-08-18 19:47:51.348,31092.8844
2026-08-18 19:47:51.763,31091.8718
2026-08-18 19:47:52.178,31092.9781
2026-08-18 19:47:52.590,31091.3696
2026-08-18 19:47:53.028,31089.8249
2026-08-18 19:47:53.442,31088.9527
2026-08-18 19:47:53.861,31087.0872
2026-08-18 19:47:54.274,31084.9411
2026-08-18 19:47:54.738,31083.5674
2026-08-18 19:47:55.157,31082.319
2026-08-18 19:47:55.570,31081.3814
2026-08-18 19:47:55.982,31080.6214
2026-08-18 19:47:56.403,31095.3269
2026-08-18 19:47:56.821,31124.9272
2026-08-18 19:47:57.248,31163.0363
2026-08-18 19:47:57.677,31218.7152
2026-08-18 19:47:58.091,31295.3934
2026-08-18 19:47:58.504,31408.5566
2026-08-18 19:47:58.930,31565.6075
2026-08-18 19:47:59.353,31765.381
2026-08-18 19:47:59.779,31988.6497
2026-08-18 19:48:00.193,32226.6931
2026-08-18 19:48:00.605,32466.4182
2026-08-18 19:48:01.019,32710.3158
2026-08-18 19:48:01.453,32969.0954
2026-08-18 19:48:01.871,33225.5846
2026-08-18 19:48:02.284,33486.3067
2026-08-18 19:48:02.708,33746.9115
2026-08-18 19:48:03.134,34017.9938
2026-08-18 19:48:03.559,34294.4058
2026-08-18 19:48:03.970,34572.303
2026-08-18 19:48:04.383,34846.2314
2026-08-18 19:48:04.795,35124.6991
2026-08-18 19:48:05.208,35405.7349
2026-08-18 19:48:05.669,35723.4988
2026-08-18 19:48:06.083,36011.8333
2026-08-18 19:48:06.496,36304.598
2026-08-18 19:48:06.913,36553.4273
2026-08-18 19:48:07.325,36355.4631
2026-08-18 19:48:07.778,36059.3906
2026-08-18 19:48:08.190,35738.1261
2026-08-18 19:48:08.617,35438.3135
2026-08-18 19:48:09.040,35152.5224
2026-08-18 19:48:09.453,34863.9334
2026-08-18 19:48:09.866,34585.9735
2026-08-18 19:48:10.295,34301.2579
2026-08-18 19:48:10.706,34030.0903
2026-08-18 19:48:11.134,33763.7998
2026-08-18 19:48:11.550,33490.9634
2026-08-18 19:48:11.962,33229.1621
2026-08-18 19:48:12.374,32974.9209
2026-08-18 19:48:12.788,32723.9735
2026-08-18 19:48:13.201,32477.213
2026-08-18 19:48:13.614,32235.8319
2026-08-18 19:48:14.074,31977.9298
2026-08-18 19:48:14.488,31767.7764
2026-08-18 19:48:14.916,31589.4146
2026-08-18 19:48:15.336,31469.5879
2026-08-18 19:48:15.753,31387.61
2026-08-18 19:48:16.167,31330.0634
2026-08-18 19:48:16.579,31286.7817
2026-08-18 19:48:17.006,31251.8597
2026-08-18 19:48:17.420,31225.073
2026-08-18 19:48:17.832,31212.1914
2026-08-18 19:48:18.265,31227.3422
2026-08-18 19:48:18.678,31249.5384
2026-08-18 19:48:19.091,31279.861
2026-08-18 19:48:19.504,31324.8922
2026-08-18 19:48:19.918,31395.0258
2026-08-18 19:48:20.384,31523.8605
2026-08-18 19:48:20.798,31689.8756
2026-08-18 19:48:21.225,31892.8853
2026-08-18 19:48:21.639,32124.1502
2026-08-18 19:48:22.058,32360.3436
2026-08-18 19:48:22.477,32606.3969
2026-08-18 19:48:22.889,32857.0304
2026-08-18 19:48:23.308,32932.0179
2026-08-18 19:48:23.725,32680.9396
2026-08-18 19:48:24.138,32430.8089
2026-08-18 19:48:24.603,32158.2761
2026-08-18 19:48:25.024,31927.0442
2026-08-18 19:48:25.442,31710.6343
2026-08-18 19:48:25.860,31531.1586
2026-08-18 19:48:26.272,31403.3233
2026-08-18 19:48:26.700,31316.7493
2026-08-18 19:48:27.121,31259.7399
2026-08-18 19:48:27.534,31217.3681
2026-08-18 19:48:27.946,31185.9006
2026-08-18 19:48:28.358,31161.3015
2026-08-18 19:48:28.786,31160.8892
2026-08-18 19:48:29.199,31183.9839
2026-08-18 19:48:29.612,31212.6978
2026-08-18 19:48:30.024,31252.3846
2026-08-18 19:48:30.438,31311.3173
2026-08-18 19:48:30.850,31401.9792
2026-08-18 19:48:31.269,31539.087
2026-08-18 19:48:31.690,31720.1233
2026-08-18 19:48:32.103,31934.9356
2026-08-18 19:48:32.529,32169.9806
2026-08-18 19:48:32.943,32407.5071
2026-08-18 19:48:33.356,32651.0989
2026-08-18 19:48:33.768,32899.4704
2026-08-18 19:48:34.190,32908.1391
2026-08-18 19:48:34.609,32645.8756
2026-08-18 19:48:35.022,32398.4806
2026-08-18 19:48:35.454,32149.1899
2026-08-18 19:48:35.867,31915.0878
2026-08-18 19:48:36.293,31701.4238
2026-08-18 19:48:36.711,31515.8241
2026-08-18 19:48:37.124,31384.8881
2026-08-18 19:48:37.545,31300.2707
2026-08-18 19:48:37.973,31241.1237
2026-08-18 19:48:38.389,31197.9644
2026-08-18 19:48:38.816,31166.5026
2026-08-18 19:48:39.234,31142.1423
2026-08-18 19:48:39.647,31147.7881
2026-08-18 19:48:40.066,31172.028
2026-08-18 19:48:40.492,31203.6433
2026-08-18 19:48:40.954,31254.1752
2026-08-18 19:48:41.367,31323.8077
2026-08-18 19:48:41.800,31433.5507
2026-08-18 19:48:42.212,31589.9752
2026-08-18 19:48:42.626,31783.7908
2026-08-18 19:48:43.039,32002.0386
2026-08-18 19:48:43.466,32233.1636
2026-08-18 19:48:43.878,32480.806
2026-08-18 19:48:44.296,32724.3278
2026-08-18 19:48:44.708,32966.4743
2026-08-18 19:48:45.147,32854.519
2026-08-18 19:48:45.560,32596.2593
2026-08-18 19:48:45.986,32350.7119
2026-08-18 19:48:46.403,32103.7397
2026-08-18 19:48:46.816,31872.6614
2026-08-18 19:48:47.258,31663.2535
2026-08-18 19:48:47.694,31475.6074
2026-08-18 19:48:48.106,31356.1345
2026-08-18 19:48:48.519,31279.0456
2026-08-18 19:48:48.940,31225.2413
2026-08-18 19:48:49.356,31185.327
2026-08-18 19:48:49.769,31155.5201
2026-08-18 19:48:50.184,31133.9983
2026-08-18 19:48:50.597,31130.7674
2026-08-18 19:48:51.009,31129.5587
2026-08-18 19:48:51.474,31129.6155
2026-08-18 19:48:51.917,31126.2991
2026-08-18 19:48:52.346,31123.8437
2026-08-18 19:48:52.759,31121.7448
2026-08-18 19:48:53.186,31119.9513
2026-08-18 19:48:53.599,31118.3048
2026-08-18 19:48:54.027,31116.8642
2026-08-18 19:48:54.440,31115.1397
2026-08-18 19:48:54.852,31113.7016
2026-08-18 19:48:55.285,31116.3412
2026-08-18 19:48:55.697,31140.665
2026-08-18 19:48:56.109,31172.2384
2026-08-18 19:48:56.529,31214.6914
2026-08-18 19:48:56.943,31275.4961
2026-08-18 19:48:57.356,31364.236
2026-08-18 19:48:57.794,31497.8415
2026-08-18 19:48:58.207,31676.0954
2026-08-18 19:48:58.620,31881.2154
2026-08-18 19:48:59.034,32104.1829
2026-08-18 19:48:59.448,32338.5852
2026-08-18 19:48:59.908,32608.7348
2026-08-18 19:49:00.321,32854.3027
2026-08-18 19:49:00.735,33105.7068
2026-08-18 19:49:01.160,33362.0735
2026-08-18 19:49:01.574,33630.0725
2026-08-18 19:49:02.002,33892.8132
2026-08-18 19:49:02.423,34167.6934
2026-08-18 19:49:02.837,34442.262
2026-08-18 19:49:03.249,34715.4212
2026-08-18 19:49:03.661,34990.7504
2026-08-18 19:49:04.074,35269.3339
2026-08-18 19:49:04.541,35587.2389
2026-08-18 19:49:04.954,35873.3675
2026-08-18 19:49:05.366,36162.9479
2026-08-18 19:49:05.780,36455.4132
2026-08-18 19:49:06.202,36548.9796
2026-08-18 19:49:06.614,36251.2367
2026-08-18 19:49:07.046,35955.7163
2026-08-18 19:49:07.462,35649.5583
2026-08-18 19:49:07.882,35358.5746
2026-08-18 19:49:08.309,35068.9944
2026-08-18 19:49:08.722,34779.2711
2026-08-18 19:49:09.151,34501.7008
2026-08-18 19:49:09.585,34207.131
2026-08-18 19:49:09.998,33933.5541
2026-08-18 19:49:10.411,33666.239
2026-08-18 19:49:10.829,33403.2271
2026-08-18 19:49:11.259,33141.4753
2026-08-18 19:49:11.672,32877.3119
2026-08-18 19:49:12.094,32626.7126
2026-08-18 19:49:12.506,32376.2223
2026-08-18 19:49:12.932,32131.3266
2026-08-18 19:49:13.355,31907.1662
2026-08-18 19:49:13.768,31705.0241
2026-08-18 19:49:14.179,31553.9016
2026-08-18 19:49:14.600,31450.8294
2026-08-18 19:49:15.013,31379.2231
2026-08-18 19:49:15.454,31330.2461
2026-08-18 19:49:15.867,31288.6788
2026-08-18 19:49:16.287,31258.655
2026-08-18 19:49:16.713,31236.5683
2026-08-18 19:49:17.127,31239.777
2026-08-18 19:49:17.551,31258.507
2026-08-18 19:49:17.963,31283.5611
2026-08-18 19:49:18.375,31319.3802
2026-08-18 19:49:18.803,31372.601
2026-08-18 19:49:19.265,31460.6237
2026-08-18 19:49:19.684,31611.344
2026-08-18 19:49:20.102,31795.7791
2026-08-18 19:49:20.515,32010.0681
2026-08-18 19:49:20.931,32237.2934
2026-08-18 19:49:21.348,32476.9185
2026-08-18 19:49:21.772,32723.8493
2026-08-18 19:49:22.185,32964.5329
2026-08-18 19:49:22.611,32845.2497
2026-08-18 19:49:23.026,32585.4717
2026-08-18 19:49:23.453,32330.5746
2026-08-18 19:49:23.878,32091.3594
2026-08-18 19:49:24.291,31857.3537
2026-08-18 19:49:24.719,31647.8857
2026-08-18 19:49:25.133,31489.1391
2026-08-18 19:49:25.559,31380.0406
2026-08-18 19:49:25.982,31305.3094
2026-08-18 19:49:26.394,31253.9304
2026-08-18 19:49:26.820,31216.9008
2026-08-18 19:49:27.233,31187.9176
2026-08-18 19:49:27.645,31168.3623
2026-08-18 19:49:28.085,31181.7807
2026-08-18 19:49:28.498,31206.8397
2026-08-18 19:49:28.917,31239.2721
2026-08-18 19:49:29.329,31285.936
2026-08-18 19:49:29.754,31355.5401
2026-08-18 19:49:30.214,31482.3409
2026-08-18 19:49:30.634,31643.2678
2026-08-18 19:49:31.062,31846.5859
2026-08-18 19:49:31.480,32075.0562
2026-08-18 19:49:31.897,32311.6683
2026-08-18 19:49:32.310,32555.2603
2026-08-18 19:49:32.722,32800.7825
2026-08-18 19:49:33.185,32967.6612
2026-08-18 19:49:33.607,32737.665
2026-08-18 19:49:34.020,32482.0853
2026-08-18 19:49:34.433,32237.3834
2026-08-18 19:49:34.846,32000.5149
2026-08-18 19:49:35.259,31777.6797
2026-08-18 19:49:35.681,31580.0306
2026-08-18 19:49:36.094,31429.3598
2026-08-18 19:49:36.506,31328.4943
2026-08-18 19:49:36.923,31259.7544
2026-08-18 19:49:37.351,31211.3465
2026-08-18 19:49:37.762,31174.0368
2026-08-18 19:49:38.175,31146.4901
2026-08-18 19:49:38.603,31133.4552
2026-08-18 19:49:39.022,31154.02
2026-08-18 19:49:39.449,31181.6096
2026-08-18 19:49:39.868,31220.2275
2026-08-18 19:49:40.280,31275.1822
2026-08-18 19:49:40.693,31357.8658
2026-08-18 19:49:41.124,31488.7379
2026-08-18 19:49:41.536,31664.3919
2026-08-18 19:49:41.949,31870.7998
2026-08-18 19:49:42.362,32096.0817
2026-08-18 19:49:42.787,32332
2026-08-18 19:49:43.201,32581.81
2026-08-18 19:49:43.614,32829.9451
2026-08-18 19:49:44.033,32954.3319
2026-08-18 19:49:44.449,32716.1872
2026-08-18 19:49:44.862,32464.7279
2026-08-18 19:49:45.273,32221.0274
2026-08-18 19:49:45.695,31985.7973
2026-08-18 19:49:46.111,31758.2349
2026-08-18 19:49:46.525,31561.9212
2026-08-18 19:49:47.036,31388.0207
2026-08-18 19:49:47.452,31292.367
2026-08-18 19:49:47.864,31229.6029
2026-08-18 19:49:48.276,31185.016
2026-08-18 19:49:48.698,31151.5116
2026-08-18 19:49:49.110,31124.7176
2026-08-18 19:49:49.537,31112.9137
2026-08-18 19:49:49.949,31110.9639
2026-08-18 19:49:50.395,31110.3407
2026-08-18 19:49:50.812,31107.5968
2026-08-18 19:49:51.225,31104.3064
2026-08-18 19:49:51.640,31101.6894
2026-08-18 19:49:52.052,31099.1011
2026-08-18 19:49:52.464,31097.0196
2026-08-18 19:49:52.878,31094.8602
2026-08-18 19:49:53.340,31092.5229
2026-08-18 19:49:53.753,31090.585
2026-08-18 19:49:54.167,31087.8413
2026-08-18 19:49:54.583,31100.9937
2026-08-18 19:49:54.994,31128.6734
2026-08-18 19:49:55.422,31165.371
2026-08-18 19:49:55.833,31214.921
2026-08-18 19:49:56.272,31286.6634
2026-08-18 19:49:56.699,31399.9412
2026-08-18 19:49:57.112,31558.1377
2026-08-18 19:49:57.534,31750.3841
2026-08-18 19:49:57.946,31970.5405
2026-08-18 19:49:58.361,32199.5187
2026-08-18 19:49:58.787,32439.7781
2026-08-18 19:49:59.219,32691.1434
2026-08-18 19:49:59.631,32951.5777
2026-08-18 19:50:00.044,33204.8457
2026-08-18 19:50:00.467,33461.6001
2026-08-18 19:50:00.892,33729.1813
2026-08-18 19:50:01.306,34001.2427
2026-08-18 19:50:01.806,34324.7812
2026-08-18 19:50:02.222,34598.0248
2026-08-18 19:50:02.648,34875.071
2026-08-18 19:50:03.061,35162.4301
2026-08-18 19:50:03.520,35444.6513
2026-08-18 19:50:03.932,35761.0353
2026-08-18 19:50:04.355,36049.382
2026-08-18 19:50:04.769,36349.3413
2026-08-18 19:50:05.204,36550.5067
2026-08-18 19:50:05.623,36286.5779
2026-08-18 19:50:06.037,35988.3789
2026-08-18 19:50:06.463,35683.1974
2026-08-18 19:50:06.882,35392.3021
2026-08-18 19:50:07.294,35101.4436
2026-08-18 19:50:07.706,34819.4818
2026-08-18 19:50:08.118,34539.945
2026-08-18 19:50:08.562,34264.2176
2026-08-18 19:50:08.987,33971.3849
2026-08-18 19:50:09.404,33694.5672
2026-08-18 19:50:09.816,33426.4459
2026-08-18 19:50:10.229,33165.4823
2026-08-18 19:50:10.641,32908.8187
2026-08-18 19:50:11.060,32652.9956
2026-08-18 19:50:11.471,32405.5506
2026-08-18 19:50:11.896,32164.7229
2026-08-18 19:50:12.307,31926.8056
2026-08-18 19:50:12.734,31710.7216
2026-08-18 19:50:13.147,31543.6438
2026-08-18 19:50:13.560,31426.5053
2026-08-18 19:50:13.974,31347.3662
2026-08-18 19:50:14.417,31290.4103
2026-08-18 19:50:14.833,31244.1407
2026-08-18 19:50:15.260,31210.2828
2026-08-18 19:50:15.675,31182.3859
2026-08-18 19:50:16.087,31171.9112
2026-08-18 19:50:16.514,31187.8986
2026-08-18 19:50:16.927,31208.68
2026-08-18 19:50:17.357,31238.636
2026-08-18 19:50:17.771,31286.0888
2026-08-18 19:50:18.183,31358.8317
2026-08-18 19:50:18.596,31473.4001
2026-08-18 19:50:19.024,31644.1618
2026-08-18 19:50:19.490,31874.8566
2026-08-18 19:50:19.903,32100.1682
2026-08-18 19:50:20.315,32336.9532
2026-08-18 19:50:20.730,32579.7254
2026-08-18 19:50:21.146,32828.4842
2026-08-18 19:50:21.623,32821.7073
2026-08-18 19:50:22.035,32561.3223
2026-08-18 19:50:22.463,32304.8299
2026-08-18 19:50:22.875,32061.691
2026-08-18 19:50:23.289,31830.4056
2026-08-18 19:50:23.702,31619.4237
2026-08-18 19:50:24.114,31447.6565
2026-08-18 19:50:24.528,31326.4657
2026-08-18 19:50:24.945,31244.5688
2026-08-18 19:50:25.358,31188.5995
2026-08-18 19:50:25.770,31147.4014
2026-08-18 19:50:26.187,31115.666
2026-08-18 19:50:26.599,31090.8966
2026-08-18 19:50:27.025,31093.3245
2026-08-18 19:50:27.437,31114.8099
2026-08-18 19:50:27.850,31142.6032
2026-08-18 19:50:28.276,31181.6238
2026-08-18 19:50:28.689,31242.357
2026-08-18 19:50:29.101,31334.2942
2026-08-18 19:50:29.528,31477.157
2026-08-18 19:50:29.961,31663.5635
2026-08-18 19:50:30.373,31884.3199
2026-08-18 19:50:30.787,32112.7044
2026-08-18 19:50:31.198,32351.2828
2026-08-18 19:50:31.624,32594.5472
2026-08-18 19:50:32.056,32848.5433
2026-08-18 19:50:32.473,32774.5628
2026-08-18 19:50:32.886,32518.7405
2026-08-18 19:50:33.298,32269.7061
2026-08-18 19:50:33.714,32027.2121
2026-08-18 19:50:34.127,31793.6557
2026-08-18 19:50:34.546,31578.7481
2026-08-18 19:50:34.990,31403.1844
2026-08-18 19:50:35.403,31270.8992
2026-08-18 19:50:35.821,31189.7552
2026-08-18 19:50:36.233,31132.3596
2026-08-18 19:50:36.645,31090.8281
2026-08-18 19:50:37.058,31058.7426
2026-08-18 19:50:37.521,31034.1239
2026-08-18 19:50:37.940,31043.3714
2026-08-18 19:50:38.366,31066.7665
2026-08-18 19:50:38.778,31099.1023
2026-08-18 19:50:39.192,31144.0731
2026-08-18 19:50:39.613,31212.3985
2026-08-18 19:50:40.050,31320.3372
2026-08-18 19:50:40.469,31484.4322
2026-08-18 19:50:40.881,31682.5047
2026-08-18 19:50:41.319,31908.4064
2026-08-18 19:50:41.733,32145.6528
2026-08-18 19:50:42.164,32385.9096
2026-08-18 19:50:42.577,32641.598
2026-08-18 19:50:42.989,32845.2258
2026-08-18 19:50:43.408,32667.5077
2026-08-18 19:50:43.820,32412.3099
2026-08-18 19:50:44.253,32156.5617
2026-08-18 19:50:44.666,31912.9893
2026-08-18 19:50:45.099,31684.4889
2026-08-18 19:50:45.512,31470.1282
2026-08-18 19:50:45.933,31308.7269
2026-08-18 19:50:46.349,31195.3254
2026-08-18 19:50:46.762,31120.1254
2026-08-18 19:50:47.183,31067.5519
2026-08-18 19:50:47.676,31021.2026
2026-08-18 19:50:48.103,30992.2531
2026-08-18 19:50:48.560,30973.8212
2026-08-18 19:50:48.981,30971.0662
2026-08-18 19:50:49.393,30969.2555
2026-08-18 19:50:49.807,30965.0959
2026-08-18 19:50:50.234,30960.3374
2026-08-18 19:50:50.647,30956.3098
2026-08-18 19:50:51.073,30952.7848
2026-08-18 19:50:51.490,30949.3758
2026-08-18 19:50:51.903,30946.3413
2026-08-18 19:50:52.322,30943.2107
2026-08-18 19:50:52.735,30940.2555
2026-08-18 19:50:53.201,30937.3955
2026-08-18 19:50:53.620,30945.7002
2026-08-18 19:50:54.123,30974.0188
2026-08-18 19:50:54.553,31014.1125
2026-08-18 19:50:54.965,31065.4046
2026-08-18 19:50:55.385,31138.6337
2026-08-18 19:50:55.800,31250.4544
2026-08-18 19:50:56.212,31405.1469
2026-08-18 19:50:56.625,31597.1355
2026-08-18 19:50:57.056,31813.2245
2026-08-18 19:50:57.469,32053.8645
2026-08-18 19:50:57.886,32292.6344
2026-08-18 19:50:58.299,32538.9551
2026-08-18 19:50:58.727,32796.295
2026-08-18 19:50:59.138,33049.9706
2026-08-18 19:50:59.551,33307.3219
2026-08-18 19:50:59.994,33567.7831
2026-08-18 19:51:00.407,33851.4203
2026-08-18 19:51:00.831,34119.4574
2026-08-18 19:51:01.259,34397.3717
2026-08-18 19:51:01.672,34681.9574
2026-08-18 19:51:02.115,34958.7819
2026-08-18 19:51:02.545,35269.8881
2026-08-18 19:51:02.957,35555.4193
2026-08-18 19:51:03.370,35842.5319
2026-08-18 19:51:03.782,36132.9079
2026-08-18 19:51:04.243,36382.5295
2026-08-18 19:51:04.656,36147.0144
2026-08-18 19:51:05.068,35847.0383
2026-08-18 19:51:05.482,35551.2411
2026-08-18 19:51:05.896,35257.2361
2026-08-18 19:51:06.313,34967.6495
2026-08-18 19:51:06.737,34679.2499
2026-08-18 19:51:07.202,34362.3324
2026-08-18 19:51:07.629,34077.989
2026-08-18 19:51:08.048,33794.237
2026-08-18 19:51:08.475,33520.2217
2026-08-18 19:51:08.887,33244.6466
2026-08-18 19:51:09.305,32982.7846
2026-08-18 19:51:09.730,32721.0462
2026-08-18 19:51:10.144,32459.4989
2026-08-18 19:51:10.572,32201.4221
2026-08-18 19:51:10.984,31958.4742
2026-08-18 19:51:11.421,31726.9262
2026-08-18 19:51:11.838,31505.7522
2026-08-18 19:51:12.252,31338.9221
2026-08-18 19:51:12.681,31223.9207
2026-08-18 19:51:13.093,31143.744
2026-08-18 19:51:13.511,31087.9317
2026-08-18 19:51:13.936,31044.672
2026-08-18 19:51:14.361,31009.7827
2026-08-18 19:51:14.858,30977.55
2026-08-18 19:51:15.285,30974.912
2026-08-18 19:51:15.702,30991.415
2026-08-18 19:51:16.119,31013.4532
2026-08-18 19:51:16.552,31045.7651
2026-08-18 19:51:16.965,31098.2226
2026-08-18 19:51:17.388,31179.2679
2026-08-18 19:51:17.804,31309.4275
2026-08-18 19:51:18.230,31486.317
2026-08-18 19:51:18.643,31700.9272
2026-08-18 19:51:19.056,31927.8126
2026-08-18 19:51:19.497,32164.2802
2026-08-18 19:51:19.925,32424.3928
2026-08-18 19:51:20.339,32671.6047
2026-08-18 19:51:20.754,32571.7598
2026-08-18 19:51:21.167,32318.3436
2026-08-18 19:51:21.595,32061.6298
2026-08-18 19:51:22.018,31819.9035
2026-08-18 19:51:22.436,31582.2794
2026-08-18 19:51:22.850,31375.9442
2026-08-18 19:51:23.273,31211.6323
2026-08-18 19:51:23.692,31095.3892
2026-08-18 19:51:24.104,31018.4706
2026-08-18 19:51:24.517,30965.0624
2026-08-18 19:51:24.931,30925.3777
2026-08-18 19:51:25.343,30894.2935
2026-08-18 19:51:25.758,30871.041
2026-08-18 19:51:26.200,30878.6362
2026-08-18 19:51:26.621,30902.0566
2026-08-18 19:51:27.034,30932.0485
2026-08-18 19:51:27.447,30974.4087
2026-08-18 19:51:27.912,31038.2226
2026-08-18 19:51:28.344,31153.9937
2026-08-18 19:51:28.777,31323.7599
2026-08-18 19:51:29.192,31520.16
2026-08-18 19:51:29.662,31739.225
2026-08-18 19:51:30.122,32022.9644
2026-08-18 19:51:30.585,32300.2183
2026-08-18 19:51:31.004,32547.6462
2026-08-18 19:51:31.419,32626.1885
2026-08-18 19:51:31.831,32375.3412
2026-08-18 19:51:32.256,32117.7371
2026-08-18 19:51:32.678,31873.4012
2026-08-18 19:51:33.119,31632.3505
2026-08-18 19:51:33.532,31398.9858
2026-08-18 19:51:33.946,31213.412
2026-08-18 19:51:34.359,31077.8332
2026-08-18 19:51:34.781,30986.7542
2026-08-18 19:51:35.216,30923.055
2026-08-18 19:51:35.629,30875.9067
2026-08-18 19:51:36.046,30842.0978
2026-08-18 19:51:36.469,30815.5754
2026-08-18 19:51:36.884,30813.273
2026-08-18 19:51:37.349,30838.8661
2026-08-18 19:51:37.762,30868.445
2026-08-18 19:51:38.176,30909.7215
2026-08-18 19:51:38.597,30971.1804
2026-08-18 19:51:39.011,31068.6249
2026-08-18 19:51:39.423,31210.8828
2026-08-18 19:51:39.851,31403.1065
2026-08-18 19:51:40.262,31616.1909
2026-08-18 19:51:40.675,31844.3241
2026-08-18 19:51:41.104,32082.306
2026-08-18 19:51:41.520,32334.8607
2026-08-18 19:51:41.932,32584.0074
2026-08-18 19:51:42.365,32522.4788
2026-08-18 19:51:42.783,32264.6538
2026-08-18 19:51:43.200,32012.0512
2026-08-18 19:51:43.612,31766.7719
2026-08-18 19:51:44.045,31534.2024
2026-08-18 19:51:44.459,31310.5813
2026-08-18 19:51:44.871,31136.2601
2026-08-18 19:51:45.296,31010.6953
2026-08-18 19:51:45.710,30924.3481
2026-08-18 19:51:46.175,30861.3377
2026-08-18 19:51:46.587,30821.4631
2026-08-18 19:51:47.021,30790.3982
2026-08-18 19:51:47.435,30768.9075
2026-08-18 19:51:47.848,30765.8034
2026-08-18 19:51:48.268,30763.8577
2026-08-18 19:51:48.684,30757.3931
2026-08-18 19:51:49.098,30750.7882
2026-08-18 19:51:49.565,30745.2711
2026-08-18 19:51:49.989,30741.5755
2026-08-18 19:51:50.400,30738.1283
2026-08-18 19:51:50.813,30734.9861
2026-08-18 19:51:51.225,30731.8686
2026-08-18 19:51:51.653,30728.5854
2026-08-18 19:51:52.082,30725.8214
2026-08-18 19:51:52.508,30725.701
2026-08-18 19:51:52.926,30746.7862
2026-08-18 19:51:53.339,30776.8194
2026-08-18 19:51:53.803,30816.1456
2026-08-18 19:51:54.231,30881.1984
2026-08-18 19:51:54.644,30970.5094
2026-08-18 19:51:55.056,31099.0977
2026-08-18 19:51:55.484,31277.1097
2026-08-18 19:51:55.912,31489.1474
2026-08-18 19:51:56.328,31714.8078
2026-08-18 19:51:56.742,31948.0788
2026-08-18 19:51:57.154,32189.4053
2026-08-18 19:51:57.576,32434.0113
2026-08-18 19:51:57.991,32689.8569
2026-08-18 19:51:58.458,32978.4655
2026-08-18 19:51:58.880,33236.8845
2026-08-18 19:51:59.291,33505.3466
2026-08-18 19:51:59.703,33769.6005
2026-08-18 19:52:00.131,34038.236
2026-08-18 19:52:00.544,34320.0962
2026-08-18 19:52:00.971,34605.8743
2026-08-18 19:52:01.389,34884.3103
2026-08-18 19:52:01.813,35169.9085
2026-08-18 19:52:02.230,35462.8986
2026-08-18 19:52:02.644,35755.0426
2026-08-18 19:52:03.056,36048.0037
2026-08-18 19:52:03.469,36114.3286
2026-08-18 19:52:03.880,35816.9145
2026-08-18 19:52:04.292,35519.6256
2026-08-18 19:52:04.705,35225.658
2026-08-18 19:52:05.145,34934.7416
2026-08-18 19:52:05.581,34618.5008
2026-08-18 19:52:05.993,34329.3518
2026-08-18 19:52:06.428,34041.4408
2026-08-18 19:52:06.893,33725.2616
2026-08-18 19:52:07.307,33454.029
2026-08-18 19:52:07.719,33185.1089
2026-08-18 19:52:08.135,32921.6601
2026-08-18 19:52:08.548,32658.9596
2026-08-18 19:52:08.961,32403.3398
2026-08-18 19:52:09.421,32121.7105
2026-08-18 19:52:09.838,31872.7979
2026-08-18 19:52:10.265,31626.6782
2026-08-18 19:52:10.682,31404.6246
2026-08-18 19:52:11.094,31211.2489
2026-08-18 19:52:11.521,31065.8432
2026-08-18 19:52:11.933,30971.4564
2026-08-18 19:52:12.357,30905.2876
2026-08-18 19:52:12.780,30854.6696
2026-08-18 19:52:13.193,30815.3241
2026-08-18 19:52:13.607,30784.4379
2026-08-18 19:52:14.022,30760.5854
2026-08-18 19:52:14.487,30767.4033
2026-08-18 19:52:14.901,30784.5428
2026-08-18 19:52:15.314,30808.9439
2026-08-18 19:52:15.727,30845.3923
2026-08-18 19:52:16.140,30901.7988
2026-08-18 19:52:16.601,31005.5833
2026-08-18 19:52:17.030,31149.7246
2026-08-18 19:52:17.442,31345.571
2026-08-18 19:52:17.855,31560.0092
2026-08-18 19:52:18.268,31790.5827
2026-08-18 19:52:18.681,32032.4931
2026-08-18 19:52:19.096,32277.4166
2026-08-18 19:52:19.575,32480.8555
2026-08-18 19:52:19.993,32261.4067
2026-08-18 19:52:20.405,32006.5015
2026-08-18 19:52:20.824,31759.9206
2026-08-18 19:52:21.240,31517.7554
2026-08-18 19:52:21.674,31292.4821
2026-08-18 19:52:22.096,31089.3122
2026-08-18 19:52:22.512,30942.52
2026-08-18 19:52:22.925,30845.6218
2026-08-18 19:52:23.342,30779.7122
2026-08-18 19:52:23.756,30731.623
2026-08-18 19:52:24.172,30695.0224
2026-08-18 19:52:24.617,30666.3974
2026-08-18 19:52:25.045,30652.0091
2026-08-18 19:52:25.458,30670.004
2026-08-18 19:52:25.872,30693.981
2026-08-18 19:52:26.297,30727.3016
2026-08-18 19:52:26.723,30777.9855
2026-08-18 19:52:27.189,30870.2786
2026-08-18 19:52:27.601,30997.2327
2026-08-18 19:52:28.013,31169.5203
2026-08-18 19:52:28.433,31374.4885
2026-08-18 19:52:28.846,31602.5569
2026-08-18 19:52:29.273,31845.3856
2026-08-18 19:52:29.720,32086.7781
2026-08-18 19:52:30.140,32352.9503
2026-08-18 19:52:30.566,32361.1759
2026-08-18 19:52:30.979,32097.129
2026-08-18 19:52:31.391,31846.375
2026-08-18 19:52:31.824,31600.8957
2026-08-18 19:52:32.239,31353.6715
2026-08-18 19:52:32.653,31136.1491
2026-08-18 19:52:33.068,30955.1447
2026-08-18 19:52:33.484,30824.2562
2026-08-18 19:52:33.897,30736.005
2026-08-18 19:52:34.364,30674.9439
2026-08-18 19:52:34.795,30624.8615
2026-08-18 19:52:35.206,30590.9384
2026-08-18 19:52:35.620,30565.2048
2026-08-18 19:52:36.045,30569.8112
2026-08-18 19:52:36.460,30591.478
2026-08-18 19:52:36.893,30619.9705
2026-08-18 19:52:37.307,30663.2938
2026-08-18 19:52:37.732,30726.4307
2026-08-18 19:52:38.145,30828.1595
2026-08-18 19:52:38.557,30974.1708
2026-08-18 19:52:38.969,31161.5663
2026-08-18 19:52:39.448,31402.9312
2026-08-18 19:52:39.863,31639.0401
2026-08-18 19:52:40.276,31878.0601
2026-08-18 19:52:40.689,32120.1944
2026-08-18 19:52:41.102,32342.3549
2026-08-18 19:52:41.515,32196.4059
2026-08-18 19:52:41.956,31941.2176
2026-08-18 19:52:42.383,31674.6271
2026-08-18 19:52:42.802,31423.6586
2026-08-18 19:52:43.215,31189.1583
2026-08-18 19:52:43.628,30981.4488
2026-08-18 19:52:44.073,30815.1098
2026-08-18 19:52:44.485,30691.1257
2026-08-18 19:52:44.913,30612.3531
2026-08-18 19:52:45.326,30558.3362
2026-08-18 19:52:45.753,30516.3398
2026-08-18 19:52:46.167,30484.4042
2026-08-18 19:52:46.580,30461.5063
2026-08-18 19:52:47.011,30455.2167
2026-08-18 19:52:47.424,30450.8118
2026-08-18 19:52:47.838,30445.8613
2026-08-18 19:52:48.250,30439.1975
2026-08-18 19:52:48.725,30433.3311
2026-08-18 19:52:49.143,30426.7126
2026-08-18 19:52:49.557,30421.046
2026-08-18 19:52:49.968,30415.6756
2026-08-18 19:52:50.382,30410.4318
2026-08-18 19:52:50.818,30405.1584
2026-08-18 19:52:51.231,30399.7741
2026-08-18 19:52:51.711,30401.1182
2026-08-18 19:52:52.125,30423.2414
2026-08-18 19:52:52.537,30452.3015
2026-08-18 19:52:52.950,30492.4322
2026-08-18 19:52:53.361,30550.9369
2026-08-18 19:52:53.786,30639.3742
2026-08-18 19:52:54.198,30774.1724
2026-08-18 19:52:54.622,30947.1572
2026-08-18 19:52:55.046,31156.3409
2026-08-18 19:52:55.459,31383.412
2026-08-18 19:52:55.880,31614.5023
2026-08-18 19:52:56.292,31857.0321
2026-08-18 19:52:56.720,32099.4998
2026-08-18 19:52:57.183,32379.2978
2026-08-18 19:52:57.599,32637.2797
2026-08-18 19:52:58.012,32894.4169
2026-08-18 19:52:58.427,33153.1785
2026-08-18 19:52:58.855,33416.9911
2026-08-18 19:52:59.267,33691.7474
2026-08-18 19:52:59.679,33960.3501
2026-08-18 19:53:00.105,34231.6872
2026-08-18 19:53:00.520,34515.2712
2026-08-18 19:53:00.945,34795.3647
2026-08-18 19:53:01.361,35085.3626
2026-08-18 19:53:01.773,35372.8377
2026-08-18 19:53:02.195,35659.5605
2026-08-18 19:53:02.609,35642.1753
2026-08-18 19:53:03.041,35337.3722
2026-08-18 19:53:03.454,35022.5751
2026-08-18 19:53:03.879,34716.4167
2026-08-18 19:53:04.291,34424.1326
2026-08-18 19:53:04.705,34135.2616
2026-08-18 19:53:05.128,33849.0458
2026-08-18 19:53:05.681,33505.6013
2026-08-18 19:53:06.099,33185.4902
2026-08-18 19:53:06.521,32912.3703
2026-08-18 19:53:06.932,32636.6321
2026-08-18 19:53:07.361,32371.5732
2026-08-18 19:53:07.773,32100.4594
2026-08-18 19:53:08.185,31843.8273
2026-08-18 19:53:08.623,31582.3381
2026-08-18 19:53:09.051,31329.5714
2026-08-18 19:53:09.464,31083.8429
2026-08-18 19:53:09.880,30866.4676
2026-08-18 19:53:10.294,30685.1616
2026-08-18 19:53:10.755,30543.9918
2026-08-18 19:53:11.167,30459.293
2026-08-18 19:53:11.596,30395.62
2026-08-18 19:53:12.019,30348.1403
2026-08-18 19:53:12.481,30308.9037
2026-08-18 19:53:12.909,30273.7979
2026-08-18 19:53:13.323,30258.8363
2026-08-18 19:53:13.750,30269.8282
2026-08-18 19:53:14.165,30286.6538
2026-08-18 19:53:14.591,30311.7423
2026-08-18 19:53:15.003,30353.1913
2026-08-18 19:53:15.421,30419.5672
2026-08-18 19:53:15.847,30528.9065
2026-08-18 19:53:16.260,30692.2549
2026-08-18 19:53:16.673,30889.1782
2026-08-18 19:53:17.093,31107.6192
2026-08-18 19:53:17.507,31341.5774
2026-08-18 19:53:17.923,31579.4704
2026-08-18 19:53:18.335,31823.6803
2026-08-18 19:53:18.749,31889.8551
2026-08-18 19:53:19.161,31635.4663
2026-08-18 19:53:19.591,31382.2182
2026-08-18 19:53:20.004,31123.9988
2026-08-18 19:53:20.423,30885.8655
2026-08-18 19:53:20.849,30662.5606
2026-08-18 19:53:21.261,30472.361
2026-08-18 19:53:21.688,30334.8368
2026-08-18 19:53:22.107,30245.5297
2026-08-18 19:53:22.521,30181.62
2026-08-18 19:53:22.956,30132.7508
2026-08-18 19:53:23.371,30094.9996
2026-08-18 19:53:23.783,30065.3038
2026-08-18 19:53:24.211,30058.2799
2026-08-18 19:53:24.640,30075.1969
2026-08-18 19:53:25.054,30097.4421
2026-08-18 19:53:25.474,30130.2465
2026-08-18 19:53:25.887,30181.8507
2026-08-18 19:53:26.301,30263.6368
2026-08-18 19:53:26.713,30389.8012
2026-08-18 19:53:27.126,30561.1069
2026-08-18 19:53:27.570,30764.2632
2026-08-18 19:53:27.982,31002.1311
2026-08-18 19:53:28.411,31241.8734
2026-08-18 19:53:28.824,31479.6702
2026-08-18 19:53:29.245,31722.4467
2026-08-18 19:53:29.671,31691.2626
2026-08-18 19:53:30.085,31424.7812
2026-08-18 19:53:30.496,31171.0475
2026-08-18 19:53:30.909,30924.7479
2026-08-18 19:53:31.323,30687.54
2026-08-18 19:53:31.738,30469.6443
2026-08-18 19:53:32.173,30286.1533
2026-08-18 19:53:32.593,30148.5769
2026-08-18 19:53:33.012,30059.7331
2026-08-18 19:53:33.426,29997.3121
2026-08-18 19:53:33.853,29949.392
2026-08-18 19:53:34.279,29912.9389
2026-08-18 19:53:34.707,29882.7232
2026-08-18 19:53:35.137,29884.0587
2026-08-18 19:53:35.549,29902.6777
2026-08-18 19:53:35.961,29928.1715
2026-08-18 19:53:36.383,29966.0573
2026-08-18 19:53:36.797,30026.383
2026-08-18 19:53:37.237,30120.934
2026-08-18 19:53:37.650,30272.9244
2026-08-18 19:53:38.077,30458.4724
2026-08-18 19:53:38.491,30676.8725
2026-08-18 19:53:38.926,30910.527
2026-08-18 19:53:39.356,31149.5626
2026-08-18 19:53:39.770,31398.3254
2026-08-18 19:53:40.196,31616.8855
2026-08-18 19:53:40.623,31457.7951
2026-08-18 19:53:41.036,31191.3796
2026-08-18 19:53:41.450,30938.649
2026-08-18 19:53:41.862,30692.2399
2026-08-18 19:53:42.290,30458.2336
2026-08-18 19:53:42.704,30239.0519
2026-08-18 19:53:43.131,30069.318
2026-08-18 19:53:43.542,29946.7225
2026-08-18 19:53:43.958,29866.0057
2026-08-18 19:53:44.371,29806.9232
2026-08-18 19:53:44.801,29761.7791
2026-08-18 19:53:45.217,29725.2092
2026-08-18 19:53:45.634,29697.8114
2026-08-18 19:53:46.047,29687.8517
2026-08-18 19:53:46.461,29680.0901
2026-08-18 19:53:46.896,29671.4792
2026-08-18 19:53:47.311,29661.3183
2026-08-18 19:53:47.725,29651.8559
2026-08-18 19:53:48.138,29642.6837
2026-08-18 19:53:48.551,29633.6441
2026-08-18 19:53:48.978,29624.5981
2026-08-18 19:53:49.390,29616.0705
2026-08-18 19:53:49.804,29607.4291
2026-08-18 19:53:50.229,29598.7663
2026-08-18 19:53:50.642,29592.2849
2026-08-18 19:53:51.053,29606.181
2026-08-18 19:53:51.466,29628.9165
2026-08-18 19:53:51.878,29660.9561
2026-08-18 19:53:52.340,29708.2412
2026-08-18 19:53:52.757,29793.4167
2026-08-18 19:53:53.170,29910.4031
2026-08-18 19:53:53.583,30071.7198
2026-08-18 19:53:53.997,30265.4395
2026-08-18 19:53:54.409,30480.0728
2026-08-18 19:53:54.821,30706.0118
2026-08-18 19:53:55.234,30940.6499
2026-08-18 19:53:55.647,31179.2559
2026-08-18 19:53:56.060,31423.1296
2026-08-18 19:53:56.475,31671.0711
2026-08-18 19:53:56.887,31923.4731
2026-08-18 19:53:57.302,32179.1749
2026-08-18 19:53:57.716,32438.5688
2026-08-18 19:53:58.140,32701.5085
2026-08-18 19:53:58.553,32974.139
2026-08-18 19:53:58.977,33244.0911
2026-08-18 19:53:59.391,33523.3173
2026-08-18 19:53:59.804,33799.112
2026-08-18 19:54:00.218,34076.7255
2026-08-18 19:54:00.630,34358.3823
2026-08-18 19:54:01.043,34642.5313
2026-08-18 19:54:01.460,34866.9165
2026-08-18 19:54:01.886,34637.2296
2026-08-18 19:54:02.318,34322.2735
2026-08-18 19:54:02.730,34005.8461
2026-08-18 19:54:03.148,33707.4041
2026-08-18 19:54:03.561,33409.7432
2026-08-18 19:54:03.989,33109.0201
2026-08-18 19:54:04.401,32822.1039
2026-08-18 19:54:04.814,32539.2232
2026-08-18 19:54:05.229,32258.9096
2026-08-18 19:54:05.649,31980.2449
2026-08-18 19:54:06.073,31703.0514
2026-08-18 19:54:06.486,31426.1871
2026-08-18 19:54:06.898,31161.1496
2026-08-18 19:54:07.310,30900.6534
2026-08-18 19:54:07.732,30645.2395
2026-08-18 19:54:08.161,30389.1232
2026-08-18 19:54:08.588,30140.6387
2026-08-18 19:54:09.007,29913.9503
2026-08-18 19:54:09.419,29733.8514
2026-08-18 19:54:09.833,29607.9059
2026-08-18 19:54:10.246,29519.9625
2026-08-18 19:54:10.658,29455.1146
2026-08-18 19:54:11.169,29394.8828
2026-08-18 19:54:11.581,29353.4544
2026-08-18 19:54:12.016,29318.8743
2026-08-18 19:54:12.430,29297.0258
2026-08-18 19:54:12.843,29284.7402
2026-08-18 19:54:13.313,29272.9688
2026-08-18 19:54:13.752,29258.0626
2026-08-18 19:54:14.171,29244.0668
2026-08-18 19:54:14.591,29230.8758
2026-08-18 19:54:15.003,29218.0784
2026-08-18 19:54:15.416,29205.8228
2026-08-18 19:54:15.831,29193.5782
2026-08-18 19:54:16.253,29181.5907
2026-08-18 19:54:16.670,29169.9427
2026-08-18 19:54:17.083,29159.1593
2026-08-18 19:54:17.510,29148.4101
2026-08-18 19:54:17.948,29137.9296
2026-08-18 19:54:18.377,29126.1244
2026-08-18 19:54:18.794,29115.8103
2026-08-18 19:54:19.207,29105.2622
2026-08-18 19:54:19.669,29094.3949
2026-08-18 19:54:20.098,29082.2203
2026-08-18 19:54:20.510,29071.417
2026-08-18 19:54:20.949,29060.7472
2026-08-18 19:54:21.361,29050.1791
2026-08-18 19:54:21.775,29039.8966
2026-08-18 19:54:22.193,29029.392
2026-08-18 19:54:22.608,29019.4612
2026-08-18 19:54:23.028,29009.5791
2026-08-18 19:54:23.442,28999.5872
2026-08-18 19:54:23.855,28989.9379
2026-08-18 19:54:24.269,28980.191
2026-08-18 19:54:24.681,28970.4054
2026-08-18 19:54:25.161,28959.5876
2026-08-18 19:54:25.580,28949.9333
2026-08-18 19:54:25.993,28940.445
2026-08-18 19:54:26.419,28930.8374
2026-08-18 19:54:26.844,28921.4548
2026-08-18 19:54:27.261,28911.7796
2026-08-18 19:54:27.682,28902.3205
2026-08-18 19:54:28.100,28893.2266
2026-08-18 19:54:28.512,28884.5755
2026-08-18 19:54:28.932,28876.448
2026-08-18 19:54:29.392,28867.736
2026-08-18 19:54:29.821,28858.7901
2026-08-18 19:54:30.234,28851.2913
2026-08-18 19:54:30.646,28843.8244
2026-08-18 19:54:31.109,28835.6658
2026-08-18 19:54:31.540,28826.2939
2026-08-18 19:54:31.953,28817.7455
2026-08-18 19:54:32.365,28810.2236
2026-08-18 19:54:32.777,28801.0349
2026-08-18 19:54:33.194,28792.3872
2026-08-18 19:54:33.607,28783.7281
2026-08-18 19:54:34.019,28775.3899
2026-08-18 19:54:34.432,28767.3434
2026-08-18 19:54:34.844,28759.1426
2026-08-18 19:54:35.258,28750.6856
2026-08-18 19:54:35.698,28742.1327
2026-08-18 19:54:36.109,28733.8412
2026-08-18 19:54:36.524,28725.6853
2026-08-18 19:54:36.950,28717.4106
2026-08-18 19:54:37.362,28708.8467
2026-08-18 19:54:37.785,28700.6686
2026-08-18 19:54:38.198,28692.3923
2026-08-18 19:54:38.622,28684.2802
2026-08-18 19:54:39.040,28676.0365
2026-08-18 19:54:39.453,28667.9592
2026-08-18 19:54:39.880,28659.4935
2026-08-18 19:54:40.306,28651.5722
2026-08-18 19:54:40.718,28643.9599
2026-08-18 19:54:41.155,28636.4017
2026-08-18 19:54:41.585,28628.1982
2026-08-18 19:54:42.012,28620.7966
2026-08-18 19:54:42.424,28613.4626
2026-08-18 19:54:42.838,28606.218
2026-08-18 19:54:43.252,28598.8436
2026-08-18 19:54:43.665,28591.8555
2026-08-18 19:54:44.099,28584.5494
2026-08-18 19:54:44.513,28576.898
2026-08-18 19:54:44.925,28569.4964
2026-08-18 19:54:45.349,28561.9666
2026-08-18 19:54:45.766,28554.1334
2026-08-18 19:54:46.183,28546.5369
2026-08-18 19:54:46.615,28538.9121
2026-08-18 19:54:47.033,28531.1046
2026-08-18 19:54:47.512,28522.5275
2026-08-18 19:54:47.926,28514.8041
2026-08-18 19:54:48.338,28507.3673
2026-08-18 19:54:48.762,28500.1444
2026-08-18 19:54:49.189,28492.6953
2026-08-18 19:54:49.650,28484.5692
2026-08-18 19:54:50.070,28477.3739
2026-08-18 19:54:50.483,28470.0954
2026-08-18 19:54:50.897,28463.1343
2026-08-18 19:54:51.309,28456.5535
2026-08-18 19:54:51.722,28450.0102
2026-08-18 19:54:52.147,28443.3167
2026-08-18 19:54:52.561,28436.1818
2026-08-18 19:54:52.974,28429.5083
2026-08-18 19:54:53.386,28422.7384
2026-08-18 19:54:53.798,28415.975
2026-08-18 19:54:54.210,28409.4215
2026-08-18 19:54:54.630,28403.4832
2026-08-18 19:54:55.044,28397.3671
2026-08-18 19:54:55.455,28391.2459
2026-08-18 19:54:55.871,28384.9763
2026-08-18 19:54:56.282,28378.7785
2026-08-18 19:54:56.727,28372.6921
2026-08-18 19:54:57.154,28366.355
2026-08-18 19:54:57.566,28360.4057
2026-08-18 19:54:57.978,28354.6006
2026-08-18 19:54:58.391,28348.7245
2026-08-18 19:54:58.804,28343.0962
2026-08-18 19:54:59.217,28337.2092
2026-08-18 19:54:59.630,28331.1144
2026-08-18 19:55:00.042,28325.1769
2026-08-18 19:55:00.488,28319.1757
2026-08-18 19:55:00.913,28312.7475
2026-08-18 19:55:01.332,28307.2745
2026-08-18 19:55:01.746,28302.4125
2026-08-18 19:55:02.157,28297.9
2026-08-18 19:55:02.602,28293.177
2026-08-18 19:55:03.016,28287.738
2026-08-18 19:55:03.429,28282.7585
2026-08-18 19:55:03.857,28277.5143
2026-08-18 19:55:04.318,28272.5939
2026-08-18 19:55:04.750,28266.9191
2026-08-18 19:55:05.163,28261.534
2026-08-18 19:55:05.575,28256.5244
2026-08-18 19:55:06.003,28251.4761
2026-08-18 19:55:06.415,28246.1136
2026-08-18 19:55:06.913,28241.4075
2026-08-18 19:55:07.327,28236.298
2026-08-18 19:55:07.739,28232.235
2026-08-18 19:55:08.151,28227.8326
2026-08-18 19:55:08.564,28223.235
2026-08-18 19:55:08.991,28218.6068
2026-08-18 19:55:09.403,28214.2766
2026-08-18 19:55:09.837,28209.6545
2026-08-18 19:55:10.251,28204.7874
2026-08-18 19:55:10.668,28200.5021
2026-08-18 19:55:11.080,28195.8749
2026-08-18 19:55:11.494,28191.6793
2026-08-18 19:55:11.907,28187.1875
2026-08-18 19:55:12.325,28183.04
2026-08-18 19:55:12.785,28178.5275
2026-08-18 19:55:13.222,28174.1336
2026-08-18 19:55:13.633,28170.1558
2026-08-18 19:55:14.047,28165.743
2026-08-18 19:55:14.510,28161.4789
2026-08-18 19:55:14.927,28157.5409
2026-08-18 19:55:15.353,28153.3343
2026-08-18 19:55:15.767,28149.1632
2026-08-18 19:55:16.179,28145.2876
2026-08-18 19:55:16.592,28141.4764
2026-08-18 19:55:17.020,28137.7204
2026-08-18 19:55:17.438,28133.8576
2026-08-18 19:55:17.855,28130.375
2026-08-18 19:55:18.272,28127.1522
2026-08-18 19:55:18.733,28124.0702
2026-08-18 19:55:19.150,28120.5387
2026-08-18 19:55:19.571,28117.3922
2026-08-18 19:55:19.983,28114.1995
2026-08-18 19:55:20.396,28111.2071
2026-08-18 19:55:20.813,28107.9614
2026-08-18 19:55:21.236,28104.6544
2026-08-18 19:55:21.651,28101.2572
2026-08-18 19:55:22.064,28098.3268
2026-08-18 19:55:22.477,28095.452
2026-08-18 19:55:22.890,28092.5852
2026-08-18 19:55:23.366,28089.659
2026-08-18 19:55:23.788,28087.2058
2026-08-18 19:55:24.200,28084.6475
2026-08-18 19:55:24.611,28082.1873
2026-08-18 19:55:25.025,28079.508
2026-08-18 19:55:25.443,28076.6475
2026-08-18 19:55:25.861,28073.6405
2026-08-18 19:55:26.292,28070.6199
2026-08-18 19:55:26.705,28067.6446
2026-08-18 19:55:27.117,28064.9697
2026-08-18 19:55:27.531,28062.4974
2026-08-18 19:55:27.943,28059.9962
2026-08-18 19:55:28.355,28057.4795
2026-08-18 19:55:28.832,28054.7919
2026-08-18 19:55:29.245,28052.3931
2026-08-18 19:55:29.672,28050.1438
2026-08-18 19:55:30.087,28048.2855
2026-08-18 19:55:30.499,28046.7785
2026-08-18 19:55:30.917,28045.2723
2026-08-18 19:55:31.329,28043.6274
2026-08-18 19:55:31.754,28041.8674
2026-08-18 19:55:32.173,28040.1483
2026-08-18 19:55:32.588,28038.3893
2026-08-18 19:55:33.001,28036.5878
2026-08-18 19:55:33.430,28034.4898
2026-08-18 19:55:33.841,28032.4727
2026-08-18 19:55:34.254,28030.4873
2026-08-18 19:55:34.691,28028.4159
2026-08-18 19:55:35.102,28026.2485
2026-08-18 19:55:35.542,28023.8892
2026-08-18 19:55:35.963,28021.979
2026-08-18 19:55:36.380,28020.8855
2026-08-18 19:55:36.792,28019.5764
2026-08-18 19:55:37.261,28017.8776
2026-08-18 19:55:37.691,28016.0509
2026-08-18 19:55:38.108,28014.2745
2026-08-18 19:55:38.522,28012.5256
2026-08-18 19:55:38.934,28010.7236
2026-08-18 19:55:39.346,28008.9458
2026-08-18 19:55:39.770,28007.4021
2026-08-18 19:55:40.184,28006.0355
2026-08-18 19:55:40.596,28004.8395
2026-08-18 19:55:41.008,28003.6029
2026-08-18 19:55:41.421,28002.2738
2026-08-18 19:55:41.921,28000.9698
2026-08-18 19:55:42.335,27999.4049
2026-08-18 19:55:42.758,27998.2184
2026-08-18 19:55:43.171,27997.2934
2026-08-18 19:55:43.585,27996.4454
2026-08-18 19:55:44.016,27995.279
2026-08-18 19:55:44.437,27993.9715
2026-08-18 19:55:44.855,27993.0168
2026-08-18 19:55:45.275,27992.023
2026-08-18 19:55:45.692,27990.788
2026-08-18 19:55:46.113,27989.4477
2026-08-18 19:55:46.526,27988.3356
2026-08-18 19:55:46.944,27987.3271
2026-08-18 19:55:47.356,27986.1248
2026-08-18 19:55:47.768,27985.0191
2026-08-18 19:55:48.181,27983.8132
2026-08-18 19:55:48.613,27982.6136
2026-08-18 19:55:49.027,27981.4577
2026-08-18 19:55:49.555,27980.1361
2026-08-18 19:55:49.969,27978.9733
2026-08-18 19:55:50.390,27977.9213
2026-08-18 19:55:50.803,27976.7879
2026-08-18 19:55:51.216,27975.6069
2026-08-18 19:55:51.644,27974.2915
2026-08-18 19:55:52.056,27972.6724
2026-08-18 19:55:52.468,27971.7142
2026-08-18 19:55:52.895,27971.0927
2026-08-18 19:55:53.309,27970.2963
2026-08-18 19:55:53.748,27969.3111
2026-08-18 19:55:54.161,27968.457
2026-08-18 19:55:54.573,27967.7109
2026-08-18 19:55:55.000,27966.8523
2026-08-18 19:55:55.414,27965.9741
2026-08-18 19:55:55.881,27964.9514
2026-08-18 19:55:56.307,27964.185
2026-08-18 19:55:56.719,27963.515
2026-08-18 19:55:57.132,27962.9265
2026-08-18 19:55:57.546,27962.3222
2026-08-18 19:55:57.982,27961.6944
2026-08-18 19:55:58.394,27961.6908
2026-08-18 19:55:58.809,27962.0699
2026-08-18 19:55:59.223,27962.6001
2026-08-18 19:55:59.636,27963.0201
2026-08-18 19:56:00.107,27963.0866
2026-08-18 19:56:00.520,27962.8679
2026-08-18 19:56:00.934,27963.0035
2026-08-18 19:56:01.347,27962.9064
2026-08-18 19:56:01.760,27963.0873
2026-08-18 19:56:02.194,27963.2523
2026-08-18 19:56:02.607,27963.596
2026-08-18 19:56:03.024,27963.9619
2026-08-18 19:56:03.441,27964.3223
2026-08-18 19:56:03.854,27964.8001
2026-08-18 19:56:04.268,27965.3315
2026-08-18 19:56:04.733,27965.7093
2026-08-18 19:56:05.145,27966.1969
2026-08-18 19:56:05.558,27966.3259
2026-08-18 19:56:05.970,27966.4272
2026-08-18 19:56:06.383,27966.5633
2026-08-18 19:56:06.807,27966.1588
2026-08-18 19:56:07.238,27965.8781
2026-08-18 19:56:07.654,27965.9874
2026-08-18 19:56:08.067,27966.1649
2026-08-18 19:56:08.480,27966.5597
2026-08-18 19:56:08.893,27967.1138
2026-08-18 19:56:09.306,27967.8251
2026-08-18 19:56:09.721,27968.4221
2026-08-18 19:56:10.135,27968.7819
2026-08-18 19:56:10.550,27969.4177
2026-08-18 19:56:10.963,27969.8517
2026-08-18 19:56:11.388,27970.6822
2026-08-18 19:56:11.802,27970.9848
2026-08-18 19:56:12.223,27971.8455
2026-08-18 19:56:12.638,27972.7362
2026-08-18 19:56:13.064,27973.3047
2026-08-18 19:56:13.477,27973.9003
2026-08-18 19:56:13.890,27974.6986
2026-08-18 19:56:14.301,27975.4343
2026-08-18 19:56:14.729,27975.9434
2026-08-18 19:56:15.161,27976.3575
2026-08-18 19:56:15.574,27976.985
2026-08-18 19:56:15.987,27977.1587
2026-08-18 19:56:16.399,27977.7798
2026-08-18 19:56:16.822,27978.3296
2026-08-18 19:56:17.237,27978.7953
2026-08-18 19:56:17.702,27979.4361
2026-08-18 19:56:18.172,27979.4855
2026-08-18 19:56:18.591,27979.7388
2026-08-18 19:56:19.034,27979.9513
2026-08-18 19:56:19.446,27981.071
2026-08-18 19:56:19.861,27981.9212
2026-08-18 19:56:20.275,27982.3577
2026-08-18 19:56:20.691,27983.0414
2026-08-18 19:56:21.109,27983.5803
2026-08-18 19:56:21.531,27984.0478
2026-08-18 19:56:21.945,27984.9
2026-08-18 19:56:22.358,27985.9277
2026-08-18 19:56:22.771,27986.8603
2026-08-18 19:56:23.184,27987.6755
2026-08-18 19:56:23.611,27988.7633
2026-08-18 19:56:24.022,27989.6967
2026-08-18 19:56:24.448,27990.2957
2026-08-18 19:56:24.864,27990.7767
2026-08-18 19:56:25.324,27991.3534
2026-08-18 19:56:25.744,27992.2343
2026-08-18 19:56:26.163,27993.0225
2026-08-18 19:56:26.581,27993.829
2026-08-18 19:56:26.994,27993.9647
2026-08-18 19:56:27.416,27994.7569
2026-08-18 19:56:27.833,27995.518
2026-08-18 19:56:28.246,27996.4915
2026-08-18 19:56:28.683,27997.5962
2026-08-18 19:56:29.096,27998.7984
2026-08-18 19:56:29.516,27999.7076
2026-08-18 19:56:29.937,28000.5548
2026-08-18 19:56:30.350,28001.6637
2026-08-18 19:56:30.764,28002.8172
2026-08-18 19:56:31.176,28003.9643
2026-08-18 19:56:31.589,28005.0281
2026-08-18 19:56:32.059,28006.0337
2026-08-18 19:56:32.504,28007.1587
2026-08-18 19:56:32.924,28008.1918
2026-08-18 19:56:33.339,28009.1234
2026-08-18 19:56:33.753,28010.0715
2026-08-18 19:56:34.194,28011.1379
2026-08-18 19:56:34.608,28012.1395
2026-08-18 19:56:35.020,28013.2354
2026-08-18 19:56:35.438,28014.1792
2026-08-18 19:56:35.851,28015.1932
2026-08-18 19:56:36.316,28016.6346
2026-08-18 19:56:36.731,28018.2192
2026-08-18 19:56:37.143,28019.5978
2026-08-18 19:56:37.556,28020.8503
2026-08-18 19:56:37.970,28022.1935
2026-08-18 19:56:38.407,28023.3867
2026-08-18 19:56:38.819,28024.7035
2026-08-18 19:56:39.233,28025.8276
2026-08-18 19:56:39.658,28027.4359
2026-08-18 19:56:40.079,28029.0977
2026-08-18 19:56:40.511,28030.4029
2026-08-18 19:56:40.924,28031.4918
2026-08-18 19:56:41.347,28032.4781
2026-08-18 19:56:41.761,28033.7171
2026-08-18 19:56:42.174,28035.0938
2026-08-18 19:56:42.647,28037.0284
2026-08-18 19:56:43.060,28039.0359
2026-08-18 19:56:43.472,28041.1033
2026-08-18 19:56:43.885,28043.2129
2026-08-18 19:56:44.300,28045.1664
2026-08-18 19:56:44.728,28046.8646
2026-08-18 19:56:45.141,28048.6823
2026-08-18 19:56:45.567,28050.3038
2026-08-18 19:56:45.981,28051.9763
2026-08-18 19:56:46.410,28053.8883
2026-08-18 19:56:46.830,28055.7546
2026-08-18 19:56:47.243,28057.7179
2026-08-18 19:56:47.655,28059.7214
2026-08-18 19:56:48.068,28061.855
2026-08-18 19:56:48.481,28063.78
2026-08-18 19:56:48.951,28065.7521
2026-08-18 19:56:49.365,28067.7502
2026-08-18 19:56:49.777,28069.8253
2026-08-18 19:56:50.190,28071.9685
2026-08-18 19:56:50.618,28074.1907
2026-08-18 19:56:51.042,28076.2713
2026-08-18 19:56:51.455,28078.0224
2026-08-18 19:56:51.867,28079.5157
2026-08-18 19:56:52.278,28081.509
2026-08-18 19:56:52.699,28083.5845
2026-08-18 19:56:53.113,28085.75
2026-08-18 19:56:53.578,28088.4261
2026-08-18 19:56:54.013,28091.0734
2026-08-18 19:56:54.427,28094.1297
2026-08-18 19:56:54.839,28096.7231
2026-08-18 19:56:55.334,28099.2317
2026-08-18 19:56:55.761,28102.3637
2026-08-18 19:56:56.175,28105.0904
2026-08-18 19:56:56.587,28107.4454
2026-08-18 19:56:57.000,28109.8858
2026-08-18 19:56:57.425,28112.2978
2026-08-18 19:56:57.843,28114.6849
2026-08-18 19:56:58.255,28117.2983
2026-08-18 19:56:58.677,28119.6085
2026-08-18 19:56:59.090,28121.6869
2026-08-18 19:56:59.502,28123.6555
2026-08-18 19:56:59.915,28125.7131
2026-08-18 19:57:00.340,28127.6567
2026-08-18 19:57:00.776,28129.9186
2026-08-18 19:57:01.187,28132.2347
2026-08-18 19:57:01.607,28134.3582
2026-08-18 19:57:02.020,28136.6542
2026-08-18 19:57:02.455,28138.9314
2026-08-18 19:57:02.893,28141.2433
2026-08-18 19:57:03.306,28143.3966
2026-08-18 19:57:03.734,28145.5518
2026-08-18 19:57:04.200,28147.7937
2026-08-18 19:57:04.669,28149.9067
2026-08-18 19:57:05.083,28151.9273
2026-08-18 19:57:05.527,28154.3866
2026-08-18 19:57:05.943,28156.3445
2026-08-18 19:57:06.357,28158.2692
2026-08-18 19:57:06.777,28160.3453
2026-08-18 19:57:07.190,28162.5873
2026-08-18 19:57:07.601,28164.6622
2026-08-18 19:57:08.015,28166.6126
2026-08-18 19:57:08.494,28168.857
2026-08-18 19:57:08.955,28170.7372
2026-08-18 19:57:09.371,28172.8291
2026-08-18 19:57:09.813,28175.1135
2026-08-18 19:57:10.240,28177.0758
2026-08-18 19:57:10.652,28178.9693
2026-08-18 19:57:11.076,28180.6412
2026-08-18 19:57:11.505,28182.4025
2026-08-18 19:57:11.917,28184.2891
2026-08-18 19:57:12.344,28186.1627
2026-08-18 19:57:12.758,28188.2922
2026-08-18 19:57:13.171,28190.2562
2026-08-18 19:57:13.614,28192.4607
2026-08-18 19:57:14.027,28194.7474
2026-08-18 19:57:14.440,28196.9048
2026-08-18 19:57:14.852,28198.9475
2026-08-18 19:57:15.265,28201.2784
2026-08-18 19:57:15.681,28203.2994
2026-08-18 19:57:16.146,28205.4548
2026-08-18 19:57:16.565,28207.4755
2026-08-18 19:57:17.040,28210.0315
2026-08-18 19:57:17.477,28212.2831
2026-08-18 19:57:17.889,28214.5602
2026-08-18 19:57:18.306,28216.5527
2026-08-18 19:57:18.721,28218.4963
2026-08-18 19:57:19.158,28220.7796
2026-08-18 19:57:19.573,28223.1075
2026-08-18 19:57:19.989,28224.9766
2026-08-18 19:57:20.402,28226.8652
2026-08-18 19:57:20.814,28228.753
2026-08-18 19:57:21.313,28230.5456
2026-08-18 19:57:21.735,28232.7251
2026-08-18 19:57:22.153,28234.645
2026-08-18 19:57:22.567,28236.6945
2026-08-18 19:57:22.979,28238.7447
2026-08-18 19:57:23.404,28240.8483
2026-08-18 19:57:23.817,28243.1107
2026-08-18 19:57:24.237,28245.1052
2026-08-18 19:57:24.654,28247.3032
2026-08-18 19:57:25.066,28249.5522
2026-08-18 19:57:25.527,28252.3086
2026-08-18 19:57:25.953,28254.4318
2026-08-18 19:57:26.366,28256.6132
2026-08-18 19:57:26.792,28258.6925
2026-08-18 19:57:27.204,28260.8276
2026-08-18 19:57:27.628,28262.9938
2026-08-18 19:57:28.041,28265.2584
2026-08-18 19:57:28.464,28267.4783
2026-08-18 19:57:28.878,28269.7494
2026-08-18 19:57:29.299,28271.8771
2026-08-18 19:57:29.732,28274.0194
2026-08-18 19:57:30.144,28276.3426
2026-08-18 19:57:30.569,28278.6021
2026-08-18 19:57:30.987,28280.9499
2026-08-18 19:57:31.401,28283.3762
2026-08-18 19:57:31.832,28286.1196
2026-08-18 19:57:32.244,28288.5681
2026-08-18 19:57:32.657,28290.7227
2026-08-18 19:57:33.070,28293.0265
2026-08-18 19:57:33.498,28295.233
2026-08-18 19:57:33.933,28297.3827
2026-08-18 19:57:34.346,28299.3697
2026-08-18 19:57:34.772,28301.3905
2026-08-18 19:57:35.192,28303.5665
2026-08-18 19:57:35.610,28305.5988
2026-08-18 19:57:36.033,28307.6931
2026-08-18 19:57:36.447,28309.8641
2026-08-18 19:57:36.860,28312.0982
2026-08-18 19:57:37.272,28314.3233
2026-08-18 19:57:37.698,28316.4069
2026-08-18 19:57:38.158,28318.5797
2026-08-18 19:57:38.571,28320.4418
2026-08-18 19:57:38.994,28322.3357
2026-08-18 19:57:39.414,28324.1601
2026-08-18 19:57:39.828,28326.008
2026-08-18 19:57:40.248,28328.0117
2026-08-18 19:57:40.673,28329.9845
2026-08-18 19:57:41.085,28332.0868
2026-08-18 19:57:41.498,28334.0928
2026-08-18 19:57:41.923,28335.8871
2026-08-18 19:57:42.391,28338.1569
2026-08-18 19:57:42.804,28340.1506
2026-08-18 19:57:43.225,28342.0555
2026-08-18 19:57:43.638,28343.9938
2026-08-18 19:57:44.051,28345.8379
2026-08-18 19:57:44.471,28347.5319
2026-08-18 19:57:44.883,28349.3244
2026-08-18 19:57:45.298,28351.1322
2026-08-18 19:57:45.712,28352.9643
2026-08-18 19:57:46.177,28354.8346
2026-08-18 19:57:46.594,28356.8733
2026-08-18 19:57:47.007,28358.7654
2026-08-18 19:57:47.420,28360.7243
2026-08-18 19:57:47.832,28362.6212
2026-08-18 19:57:48.248,28364.536
2026-08-18 19:57:48.678,28366.3868
2026-08-18 19:57:49.090,28368.367
2026-08-18 19:57:49.507,28370.2091
2026-08-18 19:57:49.919,28372.2951
2026-08-18 19:57:50.394,28374.577
2026-08-18 19:57:50.813,28377.0055
2026-08-18 19:57:51.227,28379.1702
2026-08-18 19:57:51.652,28381.3489
2026-08-18 19:57:52.065,28383.375
2026-08-18 19:57:52.486,28385.0415
2026-08-18 19:57:52.900,28386.8606
2026-08-18 19:57:53.320,28388.7623
2026-08-18 19:57:53.733,28390.8833
2026-08-18 19:57:54.159,28392.7305
2026-08-18 19:57:54.572,28394.4993
2026-08-18 19:57:55.004,28396.1679
2026-08-18 19:57:55.416,28397.9792
2026-08-18 19:57:55.833,28399.7722
2026-08-18 19:57:56.246,28401.6338
2026-08-18 19:57:56.675,28403.3857
2026-08-18 19:57:57.111,28405.2321
2026-08-18 19:57:57.524,28407.2199
2026-08-18 19:57:57.950,28409.0176
2026-08-18 19:57:58.361,28410.7265
2026-08-18 19:57:58.774,28412.4874
2026-08-18 19:57:59.186,28414.2683
2026-08-18 19:57:59.601,28416.071
2026-08-18 19:58:00.030,28417.5279
2026-08-18 19:58:00.452,28418.5427
2026-08-18 19:58:00.869,28419.9184
2026-08-18 19:58:01.285,28421.4311
2026-08-18 19:58:01.697,28422.9643
2026-08-18 19:58:02.130,28424.4673
2026-08-18 19:58:02.559,28426.2802
2026-08-18 19:58:02.971,28427.9542
2026-08-18 19:58:03.391,28429.6034
2026-08-18 19:58:03.803,28431.4767
2026-08-18 19:58:04.237,28433.2033
2026-08-18 19:58:04.659,28435.0489
2026-08-18 19:58:05.072,28436.7655
2026-08-18 19:58:05.483,28438.3572
2026-08-18 19:58:05.896,28439.8686
2026-08-18 19:58:06.362,28441.5468
2026-08-18 19:58:06.775,28443.1852
2026-08-18 19:58:07.192,28444.7998
2026-08-18 19:58:07.606,28446.4151
2026-08-18 19:58:08.018,28447.9902
2026-08-18 19:58:08.461,28449.5385
2026-08-18 19:58:08.875,28451.1571
2026-08-18 19:58:09.287,28452.6363
2026-08-18 19:58:09.700,28454.3406
2026-08-18 19:58:10.113,28455.8567
2026-08-18 19:58:10.527,28457.173
2026-08-18 19:58:11.021,28458.6775
2026-08-18 19:58:11.436,28459.9643
2026-08-18 19:58:11.848,28461.2344
2026-08-18 19:58:12.263,28462.5962
2026-08-18 19:58:12.723,28464.1207
2026-08-18 19:58:13.147,28465.3059
2026-08-18 19:58:13.566,28466.5807
2026-08-18 19:58:13.984,28467.8371
2026-08-18 19:58:14.398,28469.1654
2026-08-18 19:58:14.830,28470.5192
2026-08-18 19:58:15.241,28471.9926
2026-08-18 19:58:15.667,28473.3749
2026-08-18 19:58:16.084,28474.6909
2026-08-18 19:58:16.547,28476.0716
2026-08-18 19:58:16.964,28477.6983
2026-08-18 19:58:17.386,28479.072
2026-08-18 19:58:17.799,28480.58
2026-08-18 19:58:18.212,28481.9502
2026-08-18 19:58:18.627,28483.4313
2026-08-18 19:58:19.049,28485.0803
2026-08-18 19:58:19.462,28486.7008
2026-08-18 19:58:19.886,28488.2799
2026-08-18 19:58:20.298,28489.7107
2026-08-18 19:58:20.719,28491.1519
2026-08-18 19:58:21.156,28492.5703
2026-08-18 19:58:21.582,28494.222
2026-08-18 19:58:21.994,28495.791
2026-08-18 19:58:22.407,28497.1899
2026-08-18 19:58:22.820,28498.6156
2026-08-18 19:58:23.232,28499.932
2026-08-18 19:58:23.657,28501.3271
2026-08-18 19:58:24.118,28502.9469
2026-08-18 19:58:24.531,28504.2613
2026-08-18 19:58:24.956,28505.6705
2026-08-18 19:58:25.383,28507.008
2026-08-18 19:58:25.795,28508.4482
2026-08-18 19:58:26.227,28509.7886
2026-08-18 19:58:26.640,28511.0606
2026-08-18 19:58:27.052,28512.3088
2026-08-18 19:58:27.468,28513.6232
2026-08-18 19:58:27.880,28515.0714
2026-08-18 19:58:28.293,28516.5887
2026-08-18 19:58:28.711,28518.2097
2026-08-18 19:58:29.125,28519.706
2026-08-18 19:58:29.541,28521.0783
2026-08-18 19:58:29.953,28522.452
2026-08-18 19:58:30.366,28523.929
2026-08-18 19:58:30.793,28525.6399
2026-08-18 19:58:31.205,28527.1267
2026-08-18 19:58:31.627,28528.5741
2026-08-18 19:58:32.045,28529.8083
2026-08-18 19:58:32.462,28531.0047
2026-08-18 19:58:32.878,28532.3333
2026-08-18 19:58:33.292,28533.6743
2026-08-18 19:58:33.754,28535.0752
2026-08-18 19:58:34.178,28536.5075
2026-08-18 19:58:34.592,28537.8907
2026-08-18 19:58:35.004,28539.3154
2026-08-18 19:58:35.429,28540.5333
2026-08-18 19:58:35.842,28541.9238
2026-08-18 19:58:36.263,28543.1293
2026-08-18 19:58:36.685,28544.6048
2026-08-18 19:58:37.099,28546.1762
2026-08-18 19:58:37.512,28547.6729
2026-08-18 19:58:37.925,28549.1767
2026-08-18 19:58:38.362,28550.5577
2026-08-18 19:58:38.786,28552.0913
2026-08-18 19:58:39.200,28553.4614
2026-08-18 19:58:39.628,28554.796
2026-08-18 19:58:40.040,28556.1159
2026-08-18 19:58:40.475,28557.2312
2026-08-18 19:58:40.889,28558.4678
2026-08-18 19:58:41.317,28559.606
2026-08-18 19:58:41.737,28560.7848
2026-08-18 19:58:42.151,28562.0776
2026-08-18 19:58:42.580,28563.4192
2026-08-18 19:58:42.992,28564.5197
2026-08-18 19:58:43.408,28565.7601
2026-08-18 19:58:43.820,28566.7759
2026-08-18 19:58:44.289,28568.0048
2026-08-18 19:58:44.720,28569.3539
2026-08-18 19:58:45.133,28570.5121
2026-08-18 19:58:45.554,28571.8009
2026-08-18 19:58:45.973,28573.029
2026-08-18 19:58:46.385,28574.3269
2026-08-18 19:58:46.803,28575.4807
2026-08-18 19:58:47.230,28576.343
2026-08-18 19:58:47.658,28577.2847
2026-08-18 19:58:48.070,28578.3086
2026-08-18 19:58:48.487,28579.3705
2026-08-18 19:58:48.900,28580.4896
2026-08-18 19:58:49.313,28581.7275
2026-08-18 19:58:49.726,28582.9955
2026-08-18 19:58:50.140,28584.2436
2026-08-18 19:58:50.562,28585.5099
2026-08-18 19:58:50.997,28586.7961
2026-08-18 19:58:51.413,28588.0644
2026-08-18 19:58:51.827,28589.2783
2026-08-18 19:58:52.249,28590.4818
2026-08-18 19:58:52.661,28591.8253
2026-08-18 19:58:53.100,28593.1521
2026-08-18 19:58:53.517,28594.598
2026-08-18 19:58:53.931,28596.0224
2026-08-18 19:58:54.353,28597.3715
2026-08-18 19:58:54.767,28598.7578
2026-08-18 19:58:55.205,28600.056
2026-08-18 19:58:55.616,28601.6374
2026-08-18 19:58:56.032,28603.2451
2026-08-18 19:58:56.451,28604.8583
2026-08-18 19:58:56.878,28606.3285
2026-08-18 19:58:57.300,28607.7049
2026-08-18 19:58:57.716,28609.1939
2026-08-18 19:58:58.130,28610.6884
2026-08-18 19:58:58.542,28612.1864
2026-08-18 19:58:58.955,28613.7625
2026-08-18 19:58:59.416,28615.6354
2026-08-18 19:58:59.830,28617.5536
2026-08-18 19:59:00.254,28620.3924
2026-08-18 19:59:00.666,28624.6611
2026-08-18 19:59:01.094,28627.7678
2026-08-18 19:59:01.522,28627.4475
2026-08-18 19:59:01.942,28629.6007
2026-08-18 19:59:02.358,28630.7742
2026-08-18 19:59:02.775,28631.2749
2026-08-18 19:59:03.188,28632.4061
2026-08-18 19:59:03.654,28633.6927
2026-08-18 19:59:04.068,28635.4531
2026-08-18 19:59:04.480,28636.1636
2026-08-18 19:59:04.892,28637.5754
2026-08-18 19:59:05.304,28637.9168
2026-08-18 19:59:05.744,28638.3254
2026-08-18 19:59:06.172,28638.7553
2026-08-18 19:59:06.586,28639.5018
2026-08-18 19:59:06.998,28640.4576
2026-08-18 19:59:07.410,28641.6074
2026-08-18 19:59:07.851,28642.7522
2026-08-18 19:59:08.264,28643.9013
2026-08-18 19:59:08.677,28644.9057
2026-08-18 19:59:09.090,28645.6842
2026-08-18 19:59:09.559,28646.4407
2026-08-18 19:59:09.978,28647.3901
2026-08-18 19:59:10.390,28648.4981
2026-08-18 19:59:10.803,28650.1423
2026-08-18 19:59:11.216,28651.9732
2026-08-18 19:59:11.629,28653.4998
2026-08-18 19:59:12.075,28654.8698
2026-08-18 19:59:12.487,28656.2791
2026-08-18 19:59:12.900,28657.5573
2026-08-18 19:59:13.311,28659.3101
2026-08-18 19:59:13.725,28661.0586
2026-08-18 19:59:14.136,28662.6422
2026-08-18 19:59:14.549,28663.8262
2026-08-18 19:59:14.963,28665.3257
2026-08-18 19:59:15.375,28666.6018
2026-08-18 19:59:15.794,28668.1118
2026-08-18 19:59:16.209,28669.6183
2026-08-18 19:59:16.621,28671.2925
2026-08-18 19:59:17.034,28672.7305
2026-08-18 19:59:17.495,28674.0034
2026-08-18 19:59:17.911,28675.8408
2026-08-18 19:59:18.325,28677.2544
2026-08-18 19:59:18.737,28678.8559
2026-08-18 19:59:19.149,28680.6529
2026-08-18 19:59:19.574,28682.1691
2026-08-18 19:59:20.041,28683.9204
2026-08-18 19:59:20.460,28685.4884
2026-08-18 19:59:20.873,28687.1541
2026-08-18 19:59:21.292,28688.9051
2026-08-18 19:59:21.704,28690.7626
2026-08-18 19:59:22.127,28692.6194
2026-08-18 19:59:22.543,28694.494
2026-08-18 19:59:22.970,28696.249
2026-08-18 19:59:23.390,28697.997
2026-08-18 19:59:23.810,28699.7494
2026-08-18 19:59:24.229,28701.4701
2026-08-18 19:59:24.642,28703.348
2026-08-18 19:59:25.055,28705.0861
2026-08-18 19:59:25.466,28706.9102
2026-08-18 19:59:25.892,28708.6899
2026-08-18 19:59:26.363,28710.8722
2026-08-18 19:59:26.777,28712.8323
2026-08-18 19:59:27.190,28714.5683
2026-08-18 19:59:27.603,28716.4069
2026-08-18 19:59:28.026,28718.2698
2026-08-18 19:59:28.449,28720.1132
2026-08-18 19:59:28.862,28721.9477
2026-08-18 19:59:29.275,28723.6322
2026-08-18 19:59:29.694,28725.2924
2026-08-18 19:59:30.113,28727.0656
2026-08-18 19:59:30.591,28729.1616
2026-08-18 19:59:31.005,28731.1063
2026-08-18 19:59:31.442,28733.1811
2026-08-18 19:59:31.862,28735.3334
2026-08-18 19:59:32.282,28737.3423
2026-08-18 19:59:32.694,28739.2431
2026-08-18 19:59:33.109,28740.9067
2026-08-18 19:59:33.521,28742.7218
2026-08-18 19:59:33.933,28744.5854
2026-08-18 19:59:34.345,28746.5616
2026-08-18 19:59:34.779,28748.3633
2026-08-18 19:59:35.192,28750.2475
2026-08-18 19:59:35.606,28752.0946
2026-08-18 19:59:36.029,28753.6752
2026-08-18 19:59:36.442,28755.2638
2026-08-18 19:59:36.882,28756.8461
2026-08-18 19:59:37.308,28758.5932
2026-08-18 19:59:37.735,28760.3306
2026-08-18 19:59:38.159,28762.1153
2026-08-18 19:59:38.572,28764.0457
2026-08-18 19:59:38.992,28765.7758
2026-08-18 19:59:39.405,28767.6247
2026-08-18 19:59:39.827,28769.4437
2026-08-18 19:59:40.244,28771.3771
2026-08-18 19:59:40.662,28773.3197
2026-08-18 19:59:41.090,28775.0505
2026-08-18 19:59:41.513,28776.9246
2026-08-18 19:59:41.925,28778.9192
2026-08-18 19:59:42.338,28780.7545
2026-08-18 19:59:42.751,28782.5643
2026-08-18 19:59:43.194,28784.3584
2026-08-18 19:59:43.618,28786.4039
2026-08-18 19:59:44.032,28788.2578
2026-08-18 19:59:44.453,28790.0029
2026-08-18 19:59:44.871,28791.568
2026-08-18 19:59:45.298,28793.1432
2026-08-18 19:59:45.721,28794.6294
2026-08-18 19:59:46.133,28796.1109
2026-08-18 19:59:46.546,28797.5733
2026-08-18 19:59:46.960,28799.1634
2026-08-18 19:59:47.396,28800.8292
2026-08-18 19:59:47.820,28802.4522
2026-08-18 19:59:48.238,28803.8347
2026-08-18 19:59:48.650,28805.2824
2026-08-18 19:59:49.069,28806.8296
2026-08-18 19:59:49.499,28808.5215
2026-08-18 19:59:49.911,28810.2038
2026-08-18 19:59:50.324,28811.831
2026-08-18 19:59:50.742,28813.4043
2026-08-18 19:59:51.155,28815.0782
2026-08-18 19:59:51.566,28816.67
2026-08-18 19:59:51.979,28818.3709
2026-08-18 19:59:52.392,28820.2215
2026-08-18 19:59:52.805,28821.9942
2026-08-18 19:59:53.221,28823.7986
2026-08-18 19:59:53.634,28825.5121
2026-08-18 19:59:54.048,28827.3916
2026-08-18 19:59:54.461,28829.2449
2026-08-18 19:59:54.924,28831.0421
2026-08-18 19:59:55.343,28833.0098
2026-08-18 19:59:55.756,28834.7527
2026-08-18 19:59:56.168,28836.5983
2026-08-18 19:59:56.581,28838.4354
2026-08-18 19:59:56.994,28840.2824
2026-08-18 19:59:57.472,28842.279
2026-08-18 19:59:57.886,28844.2253
2026-08-18 19:59:58.308,28846.1002
2026-08-18 19:59:58.727,28847.8578
2026-08-18 19:59:59.146,28849.7515
2026-08-18 19:59:59.561,28851.7261
2026-08-18 19:59:59.974,28853.5409
2026-08-18 20:00:00.387,28855.4589
2026-08-18 20:00:00.799,28857.2434
2026-08-18 20:00:01.211,28858.9373
2026-08-18 20:00:01.706,28860.6418
2026-08-18 20:00:02.119,28862.8645
2026-08-18 20:00:02.532,28864.6468
2026-08-18 20:00:02.955,28866.4723
2026-08-18 20:00:03.372,28868.3571
2026-08-18 20:00:03.795,28870.1772
2026-08-18 20:00:04.220,28872.0766
2026-08-18 20:00:04.633,28873.9271
2026-08-18 20:00:05.062,28875.7362
2026-08-18 20:00:05.476,28877.4682
2026-08-18 20:00:05.904,28879.1976
2026-08-18 20:00:06.342,28881.1291
2026-08-18 20:00:06.755,28883.022
2026-08-18 20:00:07.168,28885.0323
2026-08-18 20:00:07.582,28887.0582
2026-08-18 20:00:08.017,28889.1018
2026-08-18 20:00:08.447,28891.721
2026-08-18 20:00:08.870,28893.8786
2026-08-18 20:00:09.286,28895.8393
2026-08-18 20:00:09.699,28897.6807
2026-08-18 20:00:10.119,28899.8541
2026-08-18 20:00:10.533,28901.2575
2026-08-18 20:00:10.960,28902.6129
2026-08-18 20:00:11.372,28904.1739
2026-08-18 20:00:11.785,28906.1867
2026-08-18 20:00:12.220,28908.0491
2026-08-18 20:00:12.634,28909.5012
2026-08-18 20:00:13.047,28910.9148
2026-08-18 20:00:13.465,28912.4227
2026-08-18 20:00:13.878,28913.9081
2026-08-18 20:00:14.292,28915.5243
2026-08-18 20:00:14.709,28917.1908
2026-08-18 20:00:15.135,28918.6223
2026-08-18 20:00:15.554,28920.1219
2026-08-18 20:00:15.967,28921.6674
2026-08-18 20:00:16.377,28923.2618
2026-08-18 20:00:16.791,28924.9798
2026-08-18 20:00:17.205,28926.6092
2026-08-18 20:00:17.619,28928.2079
2026-08-18 20:00:18.040,28929.9417
2026-08-18 20:00:18.475,28931.8181
2026-08-18 20:00:18.888,28933.5829
2026-08-18 20:00:19.300,28935.2177
2026-08-18 20:00:19.713,28936.6509
2026-08-18 20:00:20.141,28938.224
2026-08-18 20:00:20.554,28939.6061
2026-08-18 20:00:20.965,28940.3707
2026-08-18 20:00:21.379,28941.3224
2026-08-18 20:00:21.791,28942.2709
2026-08-18 20:00:22.205,28943.385
2026-08-18 20:00:22.634,28944.6743
2026-08-18 20:00:23.048,28946.0565
2026-08-18 20:00:23.504,28947.3724
2026-08-18 20:00:23.964,28948.585
2026-08-18 20:00:24.382,28950.2496
2026-08-18 20:00:24.797,28951.4939
2026-08-18 20:00:25.210,28952.8721
2026-08-18 20:00:25.645,28954.2568
2026-08-18 20:00:26.058,28955.7021
2026-08-18 20:00:26.479,28957.068
2026-08-18 20:00:26.892,28958.6868
2026-08-18 20:00:27.311,28960.2481
2026-08-18 20:00:27.723,28961.9903
2026-08-18 20:00:28.149,28963.6456
2026-08-18 20:00:28.610,28965.6768
2026-08-18 20:00:29.023,28967.2911
2026-08-18 20:00:29.437,28968.8732
2026-08-18 20:00:29.859,28970.4109
2026-08-18 20:00:30.272,28972.0974
2026-08-18 20:00:30.706,28973.7867
2026-08-18 20:00:31.126,28975.481
2026-08-18 20:00:31.539,28977.0399
2026-08-18 20:00:31.953,28978.8068
2026-08-18 20:00:32.366,28980.6739
2026-08-18 20:00:32.843,28982.6149
2026-08-18 20:00:33.256,28984.3063
2026-08-18 20:00:33.678,28985.9929
2026-08-18 20:00:34.095,28987.6697
2026-08-18 20:00:34.509,28989.3719
2026-08-18 20:00:34.921,28990.9794
2026-08-18 20:00:35.348,28992.6517
2026-08-18 20:00:35.761,28994.3648
2026-08-18 20:00:36.198,28996.0562
2026-08-18 20:00:36.611,28997.6968
2026-08-18 20:00:37.027,28999.352
2026-08-18 20:00:37.439,29001.0804
2026-08-18 20:00:37.853,29002.8627
2026-08-18 20:00:38.269,29004.4593
2026-08-18 20:00:38.680,29006.0697
2026-08-18 20:00:39.094,29007.6924
2026-08-18 20:00:39.508,29009.3765
2026-08-18 20:00:39.925,29011.1776
2026-08-18 20:00:40.346,29012.9726
2026-08-18 20:00:40.770,29014.6844
2026-08-18 20:00:41.183,29016.4308
2026-08-18 20:00:41.595,29017.9654
2026-08-18 20:00:42.008,29019.4247
2026-08-18 20:00:42.421,29021.115
2026-08-18 20:00:42.834,29022.9202
2026-08-18 20:00:43.249,29024.6826
2026-08-18 20:00:43.664,29026.354
2026-08-18 20:00:44.076,29028.0039
2026-08-18 20:00:44.490,29029.7371
2026-08-18 20:00:44.902,29031.4663
2026-08-18 20:00:45.329,29033.2975
2026-08-18 20:00:45.789,29035.4911
2026-08-18 20:00:46.203,29037.0745
2026-08-18 20:00:46.615,29038.7789
2026-08-18 20:00:47.033,29040.5085
2026-08-18 20:00:47.446,29042.1858
2026-08-18 20:00:47.885,29043.8445
2026-08-18 20:00:48.299,29045.7139
2026-08-18 20:00:48.718,29047.5522
2026-08-18 20:00:49.134,29049.3599
2026-08-18 20:00:49.597,29051.3232
2026-08-18 20:00:50.016,29053.4111
2026-08-18 20:00:50.431,29055.3502
2026-08-18 20:00:50.852,29057.3017
2026-08-18 20:00:51.265,29059.2324
2026-08-18 20:00:51.677,29061.1558
2026-08-18 20:00:52.099,29062.9918
2026-08-18 20:00:52.524,29064.8776
2026-08-18 20:00:52.937,29066.6749
2026-08-18 20:00:53.351,29068.5105
2026-08-18 20:00:53.764,29070.4249
2026-08-18 20:00:54.205,29072.3194
2026-08-18 20:00:54.618,29074.3184
2026-08-18 20:00:55.030,29076.1092
2026-08-18 20:00:55.444,29077.9028
2026-08-18 20:00:55.870,29079.5266
2026-08-18 20:00:56.308,29080.618
2026-08-18 20:00:56.719,29081.4744
2026-08-18 20:00:57.134,29081.9912
2026-08-18 20:00:57.546,29082.244
2026-08-18 20:00:58.014,29081.7432
2026-08-18 20:00:58.441,29080.6898
2026-08-18 20:00:58.854,29080.9047
2026-08-18 20:00:59.273,29082.068
2026-08-18 20:00:59.685,29083.8083
2026-08-18 20:01:00.098,29085.7372
2026-08-18 20:01:00.514,29087.9346
2026-08-18 20:01:00.927,29090.4074
2026-08-18 20:01:01.347,29092.6027
2026-08-18 20:01:01.761,29095.1609
2026-08-18 20:01:02.182,29097.9855
2026-08-18 20:01:02.647,29101.489
2026-08-18 20:01:03.060,29105.0796
2026-08-18 20:01:03.473,29109.0808
2026-08-18 20:01:03.886,29113.543
2026-08-18 20:01:04.300,29118.0698
2026-08-18 20:01:04.780,29123.7421
2026-08-18 20:01:05.198,29129.4355
2026-08-18 20:01:05.613,29134.9458
2026-08-18 20:01:06.040,29140.6795
2026-08-18 20:01:06.466,29145.9252
2026-08-18 20:01:06.880,29150.988
2026-08-18 20:01:07.292,29155.2362
