Address,GPIB0::22::INSTR
Model,34461A
Serial Number:,MY60051737
Firmware Version,A.03.03-03.15-03.03-00.52-04-03
Start Time,2026-08-18 17:38:03.839
Stop Time,2026-08-18 19:31:42.250
,
Time (s),Channel 1 (Ω)
2026-08-18 17:38:04.319,27123.153
2026-08-18 17:38:04.733,27123.8617
2026-08-18 17:38:05.147,27124.0093
2026-08-18 17:38:05.575,27125.0827
2026-08-18 17:38:06.006,27125.757
2026-08-18 17:38:06.422,27125.5491
2026-08-18 17:38:06.837,27125.9486
2026-08-18 17:38:07.249,27126.3954
2026-08-18 17:38:07.681,27127.0162
2026-08-18 17:38:08.093,27128.3081
2026-08-18 17:38:08.506,27129.7429
2026-08-18 17:38:08.924,27130.6904
2026-08-18 17:38:09.353,27131.3459
2026-08-18 17:38:09.765,27132.1953
2026-08-18 17:38:10.193,27133.0878
2026-08-18 17:38:10.605,27133.8739
2026-08-18 17:38:11.033,27134.5555
2026-08-18 17:38:11.446,27135.4959
2026-08-18 17:38:11.859,27136.1449
2026-08-18 17:38:12.270,27136.4117
2026-08-18 17:38:12.686,27137.0071
2026-08-18 17:38:13.104,27136.8609
2026-08-18 17:38:13.533,27136.8773
2026-08-18 17:38:13.946,27137.5674
2026-08-18 17:38:14.373,27138.3001
2026-08-18 17:38:14.797,27139.0099
2026-08-18 17:38:15.225,27139.8735
2026-08-18 17:38:15.642,27141.0731
2026-08-18 17:38:16.056,27141.7745
2026-08-18 17:38:16.482,27143.2054
2026-08-18 17:38:16.902,27143.6842
2026-08-18 17:38:17.328,27144.7829
2026-08-18 17:38:17.741,27145.3822
2026-08-18 17:38:18.162,27145.53
2026-08-18 17:38:18.582,27145.8334
2026-08-18 17:38:19.001,27145.7015
2026-08-18 17:38:19.414,27146.1752
2026-08-18 17:38:19.832,27146.5109
2026-08-18 17:38:20.245,27146.1608
2026-08-18 17:38:20.678,27146.8339
2026-08-18 17:38:21.090,27146.5483
2026-08-18 17:38:21.515,27145.6376
2026-08-18 17:38:21.933,27144.8844
2026-08-18 17:38:22.348,27144.8417
2026-08-18 17:38:22.785,27144.5325
2026-08-18 17:38:23.204,27144.9134
2026-08-18 17:38:23.621,27145.1484
2026-08-18 17:38:24.040,27145.4566
2026-08-18 17:38:24.453,27147.1251
2026-08-18 17:38:24.889,27148.9917
2026-08-18 17:38:25.304,27150.0656
2026-08-18 17:38:25.730,27150.9396
2026-08-18 17:38:26.143,27151.3707
2026-08-18 17:38:26.603,27151.792
2026-08-18 17:38:27.035,27152.1376
2026-08-18 17:38:27.448,27152.3964
2026-08-18 17:38:27.860,27152.8705
2026-08-18 17:38:28.283,27153.3314
2026-08-18 17:38:28.696,27153.8526
2026-08-18 17:38:29.116,27154.9276
2026-08-18 17:38:29.544,27156.0937
2026-08-18 17:38:29.955,27156.6415
2026-08-18 17:38:30.369,27156.9832
2026-08-18 17:38:30.786,27157.6556
2026-08-18 17:38:31.219,27157.9029
2026-08-18 17:38:31.637,27158.3615
2026-08-18 17:38:32.049,27158.5913
2026-08-18 17:38:32.472,27158.4922
2026-08-18 17:38:32.898,27157.8731
2026-08-18 17:38:33.325,27157.1479
2026-08-18 17:38:33.737,27157.0833
2026-08-18 17:38:34.150,27157.8849
2026-08-18 17:38:34.573,27158.3252
2026-08-18 17:38:34.985,27158.6562
2026-08-18 17:38:35.418,27159.0034
2026-08-18 17:38:35.831,27159.4097
2026-08-18 17:38:36.259,27159.7831
2026-08-18 17:38:36.687,27160.179
2026-08-18 17:38:37.101,27160.2082
2026-08-18 17:38:37.524,27160.5224
2026-08-18 17:38:37.935,27160.8581
2026-08-18 17:38:38.362,27161.1794
2026-08-18 17:38:38.774,27161.6202
2026-08-18 17:38:39.201,27161.3219
2026-08-18 17:38:39.612,27161.5066
2026-08-18 17:38:40.024,27161.6461
2026-08-18 17:38:40.505,27161.3735
2026-08-18 17:38:40.919,27161.371
2026-08-18 17:38:41.332,27161.6557
2026-08-18 17:38:41.744,27161.8199
2026-08-18 17:38:42.156,27161.9705
2026-08-18 17:38:42.596,27162.397
2026-08-18 17:38:43.013,27162.3847
2026-08-18 17:38:43.429,27162.5232
2026-08-18 17:38:43.842,27163.3209
2026-08-18 17:38:44.255,27163.5987
2026-08-18 17:38:44.687,27163.5325
2026-08-18 17:38:45.115,27162.7719
2026-08-18 17:38:45.541,27164.3885
2026-08-18 17:38:45.953,27164.8945
2026-08-18 17:38:46.378,27165.3024
2026-08-18 17:38:46.809,27165.9086
2026-08-18 17:38:47.224,27166.2075
2026-08-18 17:38:47.644,27166.442
2026-08-18 17:38:48.063,27166.6302
2026-08-18 17:38:48.476,27166.7438
2026-08-18 17:38:48.902,27167.4413
2026-08-18 17:38:49.328,27167.8528
2026-08-18 17:38:49.743,27168.2698
2026-08-18 17:38:50.155,27168.7133
2026-08-18 17:38:50.581,27169.1272
2026-08-18 17:38:50.996,27169.6624
2026-08-18 17:38:51.408,27170.3045
2026-08-18 17:38:51.822,27170.7428
2026-08-18 17:38:52.249,27171.1988
2026-08-18 17:38:52.671,27171.7289
2026-08-18 17:38:53.099,27172.2894
2026-08-18 17:38:53.513,27173.0786
2026-08-18 17:38:53.940,27170.2189
2026-08-18 17:38:54.361,27165.6872
2026-08-18 17:38:54.773,27167.2964
2026-08-18 17:38:55.199,27169.7691
2026-08-18 17:38:55.622,27170.8045
2026-08-18 17:38:56.036,27171.0146
2026-08-18 17:38:56.463,27170.8493
2026-08-18 17:38:56.877,27170.7668
2026-08-18 17:38:57.302,27170.8136
2026-08-18 17:38:57.714,27170.8649
2026-08-18 17:38:58.140,27175.8245
2026-08-18 17:38:58.552,27177.9003
2026-08-18 17:38:58.968,27178.828
2026-08-18 17:38:59.443,27179.4226
2026-08-18 17:38:59.855,27179.7196
2026-08-18 17:39:00.268,27180.1785
2026-08-18 17:39:00.680,27180.7662
2026-08-18 17:39:01.092,27181.2256
2026-08-18 17:39:01.534,27181.756
2026-08-18 17:39:01.953,27182.5529
2026-08-18 17:39:02.371,27183.0926
2026-08-18 17:39:02.789,27183.5196
2026-08-18 17:39:03.202,27183.9849
2026-08-18 17:39:03.629,27184.4018
2026-08-18 17:39:04.050,27184.9331
2026-08-18 17:39:04.462,27185.4542
2026-08-18 17:39:04.876,27186.1107
2026-08-18 17:39:05.290,27186.5986
2026-08-18 17:39:05.717,27186.9518
2026-08-18 17:39:06.143,27187.4744
2026-08-18 17:39:06.557,27188.5574
2026-08-18 17:39:06.983,27189.0123
2026-08-18 17:39:07.401,27189.5413
2026-08-18 17:39:07.819,27190.1247
2026-08-18 17:39:08.247,27190.7933
2026-08-18 17:39:08.660,27190.9904
2026-08-18 17:39:09.072,27190.5522
2026-08-18 17:39:09.499,27190.2066
2026-08-18 17:39:09.930,27190.396
2026-08-18 17:39:10.348,27190.6303
2026-08-18 17:39:10.775,27190.7181
2026-08-18 17:39:11.192,27190.2278
2026-08-18 17:39:11.612,27189.7731
2026-08-18 17:39:12.031,27189.8819
2026-08-18 17:39:12.455,27190.3299
2026-08-18 17:39:12.868,27190.0244
2026-08-18 17:39:13.282,27189.9955
2026-08-18 17:39:13.709,27190.1397
2026-08-18 17:39:14.133,27190.3424
2026-08-18 17:39:14.544,27190.4724
2026-08-18 17:39:14.958,27190.6201
2026-08-18 17:39:15.372,27191.0786
2026-08-18 17:39:15.785,27191.3294
2026-08-18 17:39:16.197,27191.7594
2026-08-18 17:39:16.662,27192.4235
2026-08-18 17:39:17.074,27192.7713
2026-08-18 17:39:17.486,27193.1809
2026-08-18 17:39:17.907,27193.4575
2026-08-18 17:39:18.323,27193.9848
2026-08-18 17:39:18.735,27194.7014
2026-08-18 17:39:19.164,27195.3336
2026-08-18 17:39:19.577,27195.5977
2026-08-18 17:39:20.003,27196.0782
2026-08-18 17:39:20.415,27196.7971
2026-08-18 17:39:20.834,27197.5817
2026-08-18 17:39:21.263,27198.3015
2026-08-18 17:39:21.675,27199.1938
2026-08-18 17:39:22.087,27199.2548
2026-08-18 17:39:22.500,27199.3286
2026-08-18 17:39:22.911,27199.1911
2026-08-18 17:39:23.323,27198.9673
2026-08-18 17:39:23.751,27198.9696
2026-08-18 17:39:24.162,27198.8883
2026-08-18 17:39:24.574,27199.0985
2026-08-18 17:39:24.987,27199.87
2026-08-18 17:39:25.409,27200.2807
2026-08-18 17:39:25.822,27199.1532
2026-08-18 17:39:26.249,27198.5724
2026-08-18 17:39:26.671,27198.5078
2026-08-18 17:39:27.085,27198.5835
2026-08-18 17:39:27.498,27198.2753
2026-08-18 17:39:27.912,27198.2815
2026-08-18 17:39:28.340,27198.7468
2026-08-18 17:39:28.753,27199.4839
2026-08-18 17:39:29.173,27199.5543
2026-08-18 17:39:29.584,27199.7
2026-08-18 17:39:29.998,27199.9059
2026-08-18 17:39:30.426,27199.9711
2026-08-18 17:39:30.840,27199.8946
2026-08-18 17:39:31.252,27200.2846
2026-08-18 17:39:31.666,27200.7275
2026-08-18 17:39:32.095,27199.5982
2026-08-18 17:39:32.507,27198.6816
2026-08-18 17:39:32.918,27198.4323
2026-08-18 17:39:33.330,27198.2577
2026-08-18 17:39:33.757,27198.0294
2026-08-18 17:39:34.235,27198.3579
2026-08-18 17:39:34.649,27198.442
2026-08-18 17:39:35.061,27198.5225
2026-08-18 17:39:35.482,27199.0045
2026-08-18 17:39:35.894,27199.3478
2026-08-18 17:39:36.338,27199.4312
2026-08-18 17:39:36.750,27199.9367
2026-08-18 17:39:37.177,27200.3543
2026-08-18 17:39:37.591,27201.1699
2026-08-18 17:39:38.017,27201.6114
2026-08-18 17:39:38.448,27201.5592
2026-08-18 17:39:38.861,27201.8562
2026-08-18 17:39:39.273,27202.2904
2026-08-18 17:39:39.691,27203.08
2026-08-18 17:39:40.105,27204.0352
2026-08-18 17:39:40.523,27204.3342
2026-08-18 17:39:40.936,27204.6029
2026-08-18 17:39:41.362,27205.1456
2026-08-18 17:39:41.774,27205.4487
2026-08-18 17:39:42.186,27205.9106
2026-08-18 17:39:42.647,27206.493
2026-08-18 17:39:43.060,27207.109
2026-08-18 17:39:43.472,27207.8117
2026-08-18 17:39:43.899,27208.8277
2026-08-18 17:39:44.312,27210.0923
2026-08-18 17:39:44.766,27211.449
2026-08-18 17:39:45.180,27212.5337
2026-08-18 17:39:45.609,27213.5923
2026-08-18 17:39:46.034,27214.3633
2026-08-18 17:39:46.451,27211.2084
2026-08-18 17:39:46.864,27209.701
2026-08-18 17:39:47.281,27209.2648
2026-08-18 17:39:47.695,27208.9646
2026-08-18 17:39:48.130,27210.0915
2026-08-18 17:39:48.547,27210.7256
2026-08-18 17:39:48.964,27211.5008
2026-08-18 17:39:49.377,27213.3498
2026-08-18 17:39:49.790,27212.4963
2026-08-18 17:39:50.216,27210.424
2026-08-18 17:39:50.630,27209.6576
2026-08-18 17:39:51.063,27209.4515
2026-08-18 17:39:51.477,27208.9447
2026-08-18 17:39:51.889,27208.792
2026-08-18 17:39:52.302,27208.8086
2026-08-18 17:39:52.727,27208.8785
2026-08-18 17:39:53.149,27208.5878
2026-08-18 17:39:53.639,27208.2291
2026-08-18 17:39:54.066,27208.2177
2026-08-18 17:39:54.479,27207.992
2026-08-18 17:39:54.900,27207.9691
2026-08-18 17:39:55.316,27207.4655
2026-08-18 17:39:55.730,27207.022
2026-08-18 17:39:56.146,27206.7322
2026-08-18 17:39:56.559,27206.6001
2026-08-18 17:39:56.972,27206.7074
2026-08-18 17:39:57.435,27207.1526
2026-08-18 17:39:57.848,27208.6487
2026-08-18 17:39:58.266,27209.7022
2026-08-18 17:39:58.679,27211.4906
2026-08-18 17:39:59.093,27213.6662
2026-08-18 17:39:59.559,27213.7719
2026-08-18 17:39:59.992,27213.8948
2026-08-18 17:40:00.404,27213.9859
2026-08-18 17:40:00.817,27212.6051
2026-08-18 17:40:01.229,27211.8015
2026-08-18 17:40:01.658,27211.5803
2026-08-18 17:40:02.071,27211.7258
2026-08-18 17:40:02.485,27211.8458
2026-08-18 17:40:02.898,27211.7386
2026-08-18 17:40:03.362,27211.9851
2026-08-18 17:40:03.780,27212.3366
2026-08-18 17:40:04.192,27212.6107
2026-08-18 17:40:04.618,27212.967
2026-08-18 17:40:05.031,27213.2504
2026-08-18 17:40:05.460,27213.4764
2026-08-18 17:40:05.892,27213.6381
2026-08-18 17:40:06.307,27213.9301
2026-08-18 17:40:06.721,27214.1573
2026-08-18 17:40:07.135,27214.33
2026-08-18 17:40:07.562,27214.587
2026-08-18 17:40:07.990,27214.7328
2026-08-18 17:40:08.402,27214.9141
2026-08-18 17:40:08.823,27214.9889
2026-08-18 17:40:09.235,27215.3635
2026-08-18 17:40:09.648,27215.7365
2026-08-18 17:40:10.078,27216.3167
2026-08-18 17:40:10.491,27216.5309
2026-08-18 17:40:10.903,27217.1028
2026-08-18 17:40:11.328,27217.3029
2026-08-18 17:40:11.742,27217.6908
2026-08-18 17:40:12.178,27218.4604
2026-08-18 17:40:12.591,27219.0253
2026-08-18 17:40:13.005,27219.4597
2026-08-18 17:40:13.425,27219.7085
2026-08-18 17:40:13.838,27220.0845
2026-08-18 17:40:14.275,27220.3985
2026-08-18 17:40:14.690,27220.8022
2026-08-18 17:40:15.103,27221.3945
2026-08-18 17:40:15.515,27221.3181
2026-08-18 17:40:15.928,27221.0958
2026-08-18 17:40:16.342,27220.8078
2026-08-18 17:40:16.812,27221.2044
2026-08-18 17:40:17.226,27221.6502
2026-08-18 17:40:17.688,27221.9253
2026-08-18 17:40:18.132,27222.1027
2026-08-18 17:40:18.546,27222.3368
2026-08-18 17:40:18.960,27222.4803
2026-08-18 17:40:19.378,27222.7963
2026-08-18 17:40:19.814,27223.4834
2026-08-18 17:40:20.227,27224.0405
2026-08-18 17:40:20.651,27224.6009
2026-08-18 17:40:21.069,27224.7606
2026-08-18 17:40:21.531,27225.039
2026-08-18 17:40:21.965,27225.4083
2026-08-18 17:40:22.392,27225.8823
2026-08-18 17:40:22.816,27226.259
2026-08-18 17:40:23.235,27226.8775
2026-08-18 17:40:23.647,27227.4823
2026-08-18 17:40:24.060,27227.8546
2026-08-18 17:40:24.480,27228.6776
2026-08-18 17:40:24.898,27229.3236
2026-08-18 17:40:25.318,27229.7559
2026-08-18 17:40:25.730,27229.5683
2026-08-18 17:40:26.163,27229.3076
2026-08-18 17:40:26.585,27228.9996
2026-08-18 17:40:26.998,27228.8731
2026-08-18 17:40:27.410,27228.0472
2026-08-18 17:40:27.824,27227.4471
2026-08-18 17:40:28.266,27227.4203
2026-08-18 17:40:28.690,27226.8753
2026-08-18 17:40:29.104,27226.9449
2026-08-18 17:40:29.531,27227.1557
2026-08-18 17:40:29.951,27227.7104
2026-08-18 17:40:30.375,27228.2928
2026-08-18 17:40:30.789,27228.3815
2026-08-18 17:40:31.203,27229.1517
2026-08-18 17:40:31.616,27229.1194
2026-08-18 17:40:32.027,27228.6434
2026-08-18 17:40:32.440,27228.2539
2026-08-18 17:40:32.858,27229.1735
2026-08-18 17:40:33.278,27229.8186
2026-08-18 17:40:33.692,27229.4378
2026-08-18 17:40:34.119,27229.8812
2026-08-18 17:40:34.532,27230.1565
2026-08-18 17:40:34.962,27229.6155
2026-08-18 17:40:35.373,27228.0444
2026-08-18 17:40:35.798,27228.0134
2026-08-18 17:40:36.212,27228.2398
2026-08-18 17:40:36.633,27227.6516
2026-08-18 17:40:37.046,27226.9702
2026-08-18 17:40:37.462,27227.1274
2026-08-18 17:40:37.883,27226.8363
2026-08-18 17:40:38.314,27226.3599
2026-08-18 17:40:38.735,27226.0945
2026-08-18 17:40:39.147,27225.8027
2026-08-18 17:40:39.560,27225.3617
2026-08-18 17:40:39.972,27224.4132
2026-08-18 17:40:40.412,27223.9612
2026-08-18 17:40:40.911,27223.5675
2026-08-18 17:40:41.330,27222.2787
2026-08-18 17:40:41.742,27221.9139
2026-08-18 17:40:42.170,27222.2869
2026-08-18 17:40:42.582,27221.9175
2026-08-18 17:40:42.994,27221.502
2026-08-18 17:40:43.414,27221.2824
2026-08-18 17:40:43.831,27219.8151
2026-08-18 17:40:44.253,27219.0356
2026-08-18 17:40:44.680,27219.7148
2026-08-18 17:40:45.092,27219.9241
2026-08-18 17:40:45.505,27219.9175
2026-08-18 17:40:45.931,27219.3396
2026-08-18 17:40:46.343,27219.2974
2026-08-18 17:40:46.771,27218.2935
2026-08-18 17:40:47.184,27216.9358
2026-08-18 17:40:47.597,27216.6046
2026-08-18 17:40:48.062,27214.0795
2026-08-18 17:40:48.483,27214.3169
2026-08-18 17:40:48.895,27216.9434
2026-08-18 17:40:49.321,27218.0415
2026-08-18 17:40:49.735,27219.8878
2026-08-18 17:40:50.162,27217.2541
2026-08-18 17:40:50.584,27217.9239
2026-08-18 17:40:50.997,27217.6938
2026-08-18 17:40:51.410,27218.8935
2026-08-18 17:40:51.823,27222.9947
2026-08-18 17:40:52.256,27223.8671
2026-08-18 17:40:52.669,27224.5746
2026-08-18 17:40:53.090,27224.5328
2026-08-18 17:40:53.504,27225.0478
2026-08-18 17:40:53.916,27225.6822
2026-08-18 17:40:54.356,27226.2288
2026-08-18 17:40:54.769,27226.5577
2026-08-18 17:40:55.182,27226.206
2026-08-18 17:40:55.594,27226.5658
2026-08-18 17:40:56.015,27227.5956
2026-08-18 17:40:56.474,27228.2074
2026-08-18 17:40:56.887,27228.2024
2026-08-18 17:40:57.301,27228.9737
2026-08-18 17:40:57.720,27226.9742
2026-08-18 17:40:58.132,27225.7061
2026-08-18 17:40:58.607,27226.8098
2026-08-18 17:40:59.020,27227.381
2026-08-18 17:40:59.460,27228.1707
2026-08-18 17:40:59.874,27229.6567
2026-08-18 17:41:00.289,27231.6426
2026-08-18 17:41:00.712,27233.9177
2026-08-18 17:41:01.127,27230.8982
2026-08-18 17:41:01.548,27234.0702
2026-08-18 17:41:01.962,27234.7864
2026-08-18 17:41:02.376,27234.1736
2026-08-18 17:41:02.788,27233.3483
2026-08-18 17:41:03.203,27235.5723
2026-08-18 17:41:03.616,27236.3308
2026-08-18 17:41:04.029,27235.4234
2026-08-18 17:41:04.442,27234.5068
2026-08-18 17:41:04.938,27233.778
2026-08-18 17:41:05.350,27233.7647
2026-08-18 17:41:05.765,27233.6793
2026-08-18 17:41:06.177,27234.3729
2026-08-18 17:41:06.605,27235.0213
2026-08-18 17:41:07.031,27236.6679
2026-08-18 17:41:07.444,27237.6947
2026-08-18 17:41:07.858,27238.3042
2026-08-18 17:41:08.284,27239.2596
2026-08-18 17:41:08.697,27239.6784
2026-08-18 17:41:09.126,27240.2427
2026-08-18 17:41:09.544,27241.3122
2026-08-18 17:41:09.956,27251.0951
2026-08-18 17:41:10.368,27275.6952
2026-08-18 17:41:10.834,27308.9837
2026-08-18 17:41:11.263,27364.9251
2026-08-18 17:41:11.678,27438.9493
2026-08-18 17:41:12.093,27539.6381
2026-08-18 17:41:12.520,27665.606
2026-08-18 17:41:12.932,27814.1283
2026-08-18 17:41:13.349,27969.3562
2026-08-18 17:41:13.775,28134.5361
2026-08-18 17:41:14.190,28308.7514
2026-08-18 17:41:14.602,28483.456
2026-08-18 17:41:15.017,28659.8579
2026-08-18 17:41:15.435,28840.5395
2026-08-18 17:41:15.853,29025.1986
2026-08-18 17:41:16.267,29213.1537
2026-08-18 17:41:16.688,29401.3807
2026-08-18 17:41:17.104,29595.9079
2026-08-18 17:41:17.536,29789.9867
2026-08-18 17:41:17.961,29996.0051
2026-08-18 17:41:18.373,30201.3734
2026-08-18 17:41:18.786,30403.864
2026-08-18 17:41:19.247,30608.4705
2026-08-18 17:41:19.666,30841.6596
2026-08-18 17:41:20.079,31050.9845
2026-08-18 17:41:20.492,31249.4617
2026-08-18 17:41:20.907,31152.7427
2026-08-18 17:41:21.321,30940.9586
2026-08-18 17:41:21.748,30731.9229
2026-08-18 17:41:22.162,30518.9309
2026-08-18 17:41:22.575,30314.9514
2026-08-18 17:41:22.989,30112.6848
2026-08-18 17:41:23.401,29914.2995
2026-08-18 17:41:23.862,29696.253
2026-08-18 17:41:24.289,29503.3432
2026-08-18 17:41:24.702,29306.4646
2026-08-18 17:41:25.114,29118.5538
2026-08-18 17:41:25.526,28933.7908
2026-08-18 17:41:25.965,28751.3844
2026-08-18 17:41:26.379,28559.5475
2026-08-18 17:41:26.811,28377.2593
2026-08-18 17:41:27.223,28201.6116
2026-08-18 17:41:27.636,28033.885
2026-08-18 17:41:28.051,27875.0057
2026-08-18 17:41:28.476,27728.1893
2026-08-18 17:41:28.897,27619.4436
2026-08-18 17:41:29.311,27544.0421
2026-08-18 17:41:29.745,27493.2586
2026-08-18 17:41:30.160,27458.383
2026-08-18 17:41:30.573,27432.7335
2026-08-18 17:41:30.986,27413.355
2026-08-18 17:41:31.399,27401.5922
2026-08-18 17:41:31.813,27410.9035
2026-08-18 17:41:32.279,27425.6639
2026-08-18 17:41:32.726,27452.4748
2026-08-18 17:41:33.139,27489.3994
2026-08-18 17:41:33.553,27549.1857
2026-08-18 17:41:33.965,27642.747
2026-08-18 17:41:34.398,27773.6569
2026-08-18 17:41:34.824,27925.359
2026-08-18 17:41:35.239,28091.2631
2026-08-18 17:41:35.667,28260.2678
2026-08-18 17:41:36.079,28440.4692
2026-08-18 17:41:36.507,28624.2012
2026-08-18 17:41:36.919,28698.6846
2026-08-18 17:41:37.333,28526.3104
2026-08-18 17:41:37.745,28348.3097
2026-08-18 17:41:38.171,28168.8269
2026-08-18 17:41:38.605,27999.1675
2026-08-18 17:41:39.021,27831.5428
2026-08-18 17:41:39.437,27688.0114
2026-08-18 17:41:39.849,27575.8463
2026-08-18 17:41:40.312,27500.4202
2026-08-18 17:41:40.731,27446.4006
2026-08-18 17:41:41.153,27414.5432
2026-08-18 17:41:41.564,27391.6357
2026-08-18 17:41:41.990,27375.7004
2026-08-18 17:41:42.412,27376.1312
2026-08-18 17:41:42.823,27395.6579
2026-08-18 17:41:43.253,27413.8227
2026-08-18 17:41:43.668,27442.9189
2026-08-18 17:41:44.085,27490.3532
2026-08-18 17:41:44.497,27566.126
2026-08-18 17:41:44.932,27679.7812
2026-08-18 17:41:45.344,27821.2908
2026-08-18 17:41:45.784,27982.0292
2026-08-18 17:41:46.196,28151.5315
2026-08-18 17:41:46.618,28321.7823
2026-08-18 17:41:47.037,28500.249
2026-08-18 17:41:47.466,28679.9644
2026-08-18 17:41:47.884,28651.98
2026-08-18 17:41:48.301,28469.596
2026-08-18 17:41:48.720,28291.1494
2026-08-18 17:41:49.147,28117.0507
2026-08-18 17:41:49.567,27944.4691
2026-08-18 17:41:49.982,27784.3938
2026-08-18 17:41:50.394,27646.6651
2026-08-18 17:41:50.827,27540.3166
2026-08-18 17:41:51.239,27472.4323
2026-08-18 17:41:51.652,27428.6088
2026-08-18 17:41:52.070,27398.4288
2026-08-18 17:41:52.481,27377.0851
2026-08-18 17:41:52.894,27361.8202
2026-08-18 17:41:53.317,27367.5166
2026-08-18 17:41:53.731,27385.4605
2026-08-18 17:41:54.173,27410.2244
2026-08-18 17:41:54.585,27445.9058
2026-08-18 17:41:55.006,27500.9499
2026-08-18 17:41:55.419,27588.3122
2026-08-18 17:41:55.832,27707.4693
2026-08-18 17:41:56.310,27873.1799
2026-08-18 17:41:56.723,28038.0141
2026-08-18 17:41:57.150,28211.2464
2026-08-18 17:41:57.564,28384.6406
2026-08-18 17:41:57.985,28560.5724
2026-08-18 17:41:58.410,28720.9024
2026-08-18 17:41:58.831,28604.7519
2026-08-18 17:41:59.244,28420.4179
2026-08-18 17:41:59.679,28238.4852
2026-08-18 17:42:00.095,28063.8697
2026-08-18 17:42:00.520,27898.2909
2026-08-18 17:42:00.932,27741.3069
2026-08-18 17:42:01.345,27612.49
2026-08-18 17:42:01.759,27519.3302
2026-08-18 17:42:02.172,27459.0599
2026-08-18 17:42:02.605,27419.6611
2026-08-18 17:42:03.030,27391.7042
2026-08-18 17:42:03.448,27371.9667
2026-08-18 17:42:03.875,27359.3457
2026-08-18 17:42:04.291,27358.6806
2026-08-18 17:42:04.717,27359.0346
2026-08-18 17:42:05.129,27359.1331
2026-08-18 17:42:05.563,27357.1387
2026-08-18 17:42:05.976,27355.4691
2026-08-18 17:42:06.404,27353.8819
2026-08-18 17:42:06.825,27352.7688
2026-08-18 17:42:07.237,27351.5958
2026-08-18 17:42:07.660,27350.9336
2026-08-18 17:42:08.075,27350.16
2026-08-18 17:42:08.487,27349.6253
2026-08-18 17:42:08.913,27351.7692
2026-08-18 17:42:09.327,27368.9185
2026-08-18 17:42:09.755,27393.2822
2026-08-18 17:42:10.169,27425.5019
2026-08-18 17:42:10.595,27473.7197
2026-08-18 17:42:11.018,27549.0605
2026-08-18 17:42:11.431,27657.5049
2026-08-18 17:42:11.845,27792.3902
2026-08-18 17:42:12.270,27951.6154
2026-08-18 17:42:12.683,28115.0147
2026-08-18 17:42:13.122,28285.3197
2026-08-18 17:42:13.534,28471.3994
2026-08-18 17:42:13.948,28647.9905
2026-08-18 17:42:14.361,28829.5203
2026-08-18 17:42:14.776,29013.2884
2026-08-18 17:42:15.189,29200.6298
2026-08-18 17:42:15.697,29427.9557
2026-08-18 17:42:16.109,29626.198
2026-08-18 17:42:16.536,29827.555
2026-08-18 17:42:16.960,30024.8137
2026-08-18 17:42:17.374,30229.2682
2026-08-18 17:42:17.829,30452.8905
2026-08-18 17:42:18.242,30659.4476
2026-08-18 17:42:18.703,30891.0468
2026-08-18 17:42:19.115,31098.6789
2026-08-18 17:42:19.535,31307.0571
2026-08-18 17:42:19.946,31240.1321
2026-08-18 17:42:20.359,31026.1189
2026-08-18 17:42:20.797,30814.7243
2026-08-18 17:42:21.211,30592.9473
2026-08-18 17:42:21.640,30378.308
2026-08-18 17:42:22.067,30166.9767
2026-08-18 17:42:22.480,29967.2084
2026-08-18 17:42:22.918,29771.0308
2026-08-18 17:42:23.330,29565.1891
2026-08-18 17:42:23.742,29373.7137
2026-08-18 17:42:24.154,29184.7952
2026-08-18 17:42:24.567,28998.0507
2026-08-18 17:42:24.980,28813.7976
2026-08-18 17:42:25.392,28633.3273
2026-08-18 17:42:25.806,28455.3218
2026-08-18 17:42:26.272,28256.9879
2026-08-18 17:42:26.690,28085.0303
2026-08-18 17:42:27.153,27903.2669
2026-08-18 17:42:27.596,27752.8497
2026-08-18 17:42:28.016,27651.0415
2026-08-18 17:42:28.430,27588.6261
2026-08-18 17:42:28.905,27543.2928
2026-08-18 17:42:29.367,27512.5172
2026-08-18 17:42:29.781,27490.9913
2026-08-18 17:42:30.233,27468.5118
2026-08-18 17:42:30.646,27463.02
2026-08-18 17:42:31.074,27474.7434
2026-08-18 17:42:31.495,27491.2908
2026-08-18 17:42:31.907,27514.7851
2026-08-18 17:42:32.343,27553.8156
2026-08-18 17:42:32.760,27619.846
2026-08-18 17:42:33.174,27721.8868
2026-08-18 17:42:33.588,27857.2638
2026-08-18 17:42:34.011,28013.3841
2026-08-18 17:42:34.423,28182.092
2026-08-18 17:42:34.848,28353.2704
2026-08-18 17:42:35.271,28534.7356
2026-08-18 17:42:35.684,28718.7077
2026-08-18 17:42:36.110,28719.4792
2026-08-18 17:42:36.594,28499.1229
2026-08-18 17:42:37.006,28318.0781
2026-08-18 17:42:37.419,28142.5511
2026-08-18 17:42:37.833,27973.561
2026-08-18 17:42:38.275,27816.1453
2026-08-18 17:42:38.706,27671.0653
2026-08-18 17:42:39.118,27577.5565
2026-08-18 17:42:39.531,27519.476
2026-08-18 17:42:39.948,27480.2722
2026-08-18 17:42:40.375,27452.9342
2026-08-18 17:42:40.788,27432.5687
2026-08-18 17:42:41.201,27418.5858
2026-08-18 17:42:41.614,27425.9517
2026-08-18 17:42:42.042,27442.4901
2026-08-18 17:42:42.476,27464.7074
2026-08-18 17:42:42.905,27500.6596
2026-08-18 17:42:43.317,27554.5227
2026-08-18 17:42:43.730,27639.9612
2026-08-18 17:42:44.141,27760.671
2026-08-18 17:42:44.582,27907.1871
2026-08-18 17:42:44.995,28080.0762
2026-08-18 17:42:45.409,28249.86
2026-08-18 17:42:45.822,28423.8181
2026-08-18 17:42:46.234,28598.7338
2026-08-18 17:42:46.650,28758.9183
2026-08-18 17:42:47.064,28651.7955
2026-08-18 17:42:47.480,28469.7123
2026-08-18 17:42:47.895,28289.6591
2026-08-18 17:42:48.315,28114.8911
2026-08-18 17:42:48.730,27944.3663
2026-08-18 17:42:49.157,27782.8732
2026-08-18 17:42:49.578,27652.7565
2026-08-18 17:42:50.003,27558.9317
2026-08-18 17:42:50.418,27498.991
2026-08-18 17:42:50.841,27461.7468
2026-08-18 17:42:51.254,27435.4207
2026-08-18 17:42:51.667,27416.637
2026-08-18 17:42:52.080,27404.6836
2026-08-18 17:42:52.525,27414.96
2026-08-18 17:42:52.938,27433.9187
2026-08-18 17:42:53.349,27458.1355
2026-08-18 17:42:53.762,27494.3929
2026-08-18 17:42:54.239,27552.315
2026-08-18 17:42:54.653,27660.1325
2026-08-18 17:42:55.066,27789.8924
2026-08-18 17:42:55.478,27941.798
2026-08-18 17:42:55.891,28104.9198
2026-08-18 17:42:56.304,28274.9637
2026-08-18 17:42:56.720,28449.7277
2026-08-18 17:42:57.133,28629.0763
2026-08-18 17:42:57.579,28762.5847
2026-08-18 17:42:57.990,28604.892
2026-08-18 17:42:58.425,28418.6581
2026-08-18 17:42:58.837,28237.8477
2026-08-18 17:42:59.251,28065.0986
2026-08-18 17:42:59.678,27893.7047
2026-08-18 17:43:00.090,27742.4167
2026-08-18 17:43:00.511,27618.9536
2026-08-18 17:43:00.939,27530.3338
2026-08-18 17:43:01.367,27476.121
2026-08-18 17:43:01.779,27441.8983
2026-08-18 17:43:02.191,27418.1769
2026-08-18 17:43:02.603,27401.0372
2026-08-18 17:43:03.015,27391.0711
2026-08-18 17:43:03.452,27390.3255
2026-08-18 17:43:03.865,27391.6882
2026-08-18 17:43:04.290,27390.9442
2026-08-18 17:43:04.710,27387.8268
2026-08-18 17:43:05.123,27384.4916
2026-08-18 17:43:05.586,27381.4086
2026-08-18 17:43:06.000,27379.2541
2026-08-18 17:43:06.412,27379.7908
2026-08-18 17:43:06.840,27385.6447
2026-08-18 17:43:07.260,27382.5859
2026-08-18 17:43:07.686,27379.5086
2026-08-18 17:43:08.099,27383.7784
2026-08-18 17:43:08.525,27400.9658
2026-08-18 17:43:08.948,27424.8494
2026-08-18 17:43:09.362,27459.2854
2026-08-18 17:43:09.776,27510.3378
2026-08-18 17:43:10.201,27588.8732
2026-08-18 17:43:10.613,27703.9736
2026-08-18 17:43:11.027,27842.5515
2026-08-18 17:43:11.461,28001.2539
2026-08-18 17:43:11.874,28167.6041
2026-08-18 17:43:12.300,28337.3979
2026-08-18 17:43:12.713,28516.7441
2026-08-18 17:43:13.132,28693.6599
2026-08-18 17:43:13.544,28876.615
2026-08-18 17:43:13.956,29058.892
2026-08-18 17:43:14.397,29244.3555
2026-08-18 17:43:14.823,29446.7995
2026-08-18 17:43:15.240,29644.2744
2026-08-18 17:43:15.657,29840.9502
2026-08-18 17:43:16.069,30039.6325
2026-08-18 17:43:16.481,30238.9807
2026-08-18 17:43:16.911,30449.8739
2026-08-18 17:43:17.337,30662.5058
2026-08-18 17:43:17.751,30869.897
2026-08-18 17:43:18.165,31079.9423
2026-08-18 17:43:18.577,31291.6657
2026-08-18 17:43:18.988,31263.921
2026-08-18 17:43:19.459,31047.2147
2026-08-18 17:43:19.905,30786.216
2026-08-18 17:43:20.322,30574.5018
2026-08-18 17:43:20.735,30363.1832
2026-08-18 17:43:21.151,30157.4167
2026-08-18 17:43:21.617,29927.2986
2026-08-18 17:43:22.030,29727.3946
2026-08-18 17:43:22.455,29530.9381
2026-08-18 17:43:22.867,29332.6316
2026-08-18 17:43:23.280,29143.9211
2026-08-18 17:43:23.693,28952.0197
2026-08-18 17:43:24.104,28765.6696
2026-08-18 17:43:24.516,28582.387
2026-08-18 17:43:24.929,28402.5652
2026-08-18 17:43:25.369,28225.0856
2026-08-18 17:43:25.783,28041.7659
2026-08-18 17:43:26.208,27877.6601
2026-08-18 17:43:26.620,27728.2477
2026-08-18 17:43:27.033,27619.702
2026-08-18 17:43:27.477,27549.1533
2026-08-18 17:43:27.892,27500.41
2026-08-18 17:43:28.306,27468.7426
2026-08-18 17:43:28.738,27444.6349
2026-08-18 17:43:29.151,27426.3454
2026-08-18 17:43:29.630,27414.7134
2026-08-18 17:43:30.043,27423.9006
2026-08-18 17:43:30.456,27436.7065
2026-08-18 17:43:30.882,27456.2808
2026-08-18 17:43:31.295,27487.1435
2026-08-18 17:43:31.708,27538.7384
2026-08-18 17:43:32.122,27623.8067
2026-08-18 17:43:32.547,27745.8305
2026-08-18 17:43:32.960,27897.9933
2026-08-18 17:43:33.373,28060.0307
2026-08-18 17:43:33.796,28229.8029
2026-08-18 17:43:34.210,28408.857
2026-08-18 17:43:34.624,28587.5785
2026-08-18 17:43:35.091,28695.3781
2026-08-18 17:43:35.509,28508.6515
2026-08-18 17:43:35.923,28328.6515
2026-08-18 17:43:36.347,28152.3539
2026-08-18 17:43:36.760,27976.8972
2026-08-18 17:43:37.172,27814.9306
2026-08-18 17:43:37.610,27666.5055
2026-08-18 17:43:38.023,27554.3841
2026-08-18 17:43:38.450,27484.377
2026-08-18 17:43:38.876,27438.7524
2026-08-18 17:43:39.289,27408.7864
2026-08-18 17:43:39.701,27387.8757
2026-08-18 17:43:40.114,27372.3488
2026-08-18 17:43:40.539,27367.4735
2026-08-18 17:43:40.967,27381.7942
2026-08-18 17:43:41.387,27399.5979
2026-08-18 17:43:41.800,27424.8086
2026-08-18 17:43:42.214,27463.0012
2026-08-18 17:43:42.646,27526.9473
2026-08-18 17:43:43.058,27624.8013
2026-08-18 17:43:43.493,27760.9462
2026-08-18 17:43:43.907,27917.4459
2026-08-18 17:43:44.321,28082.7239
2026-08-18 17:43:44.733,28255.2594
2026-08-18 17:43:45.164,28437.2517
2026-08-18 17:43:45.579,28619.0174
2026-08-18 17:43:46.044,28682.8744
2026-08-18 17:43:46.457,28501.2713
2026-08-18 17:43:46.882,28321.5741
2026-08-18 17:43:47.296,28140.3602
2026-08-18 17:43:47.708,27969.2291
2026-08-18 17:43:48.119,27807.3427
2026-08-18 17:43:48.563,27663.0855
2026-08-18 17:43:48.979,27544.8081
2026-08-18 17:43:49.393,27473.9895
2026-08-18 17:43:49.805,27429.4476
2026-08-18 17:43:50.224,27399.6737
2026-08-18 17:43:50.640,27377.9951
2026-08-18 17:43:51.115,27360.5152
2026-08-18 17:43:51.532,27363.765
2026-08-18 17:43:51.949,27379.77
2026-08-18 17:43:52.361,27400.8134
2026-08-18 17:43:52.775,27430.9172
2026-08-18 17:43:53.203,27480.3861
2026-08-18 17:43:53.617,27557.5447
2026-08-18 17:43:54.038,27672.9856
2026-08-18 17:43:54.451,27816.6542
2026-08-18 17:43:54.869,27975.6988
2026-08-18 17:43:55.281,28145.6799
2026-08-18 17:43:55.709,28325.1142
2026-08-18 17:43:56.130,28502.7775
2026-08-18 17:43:56.556,28686.9491
2026-08-18 17:43:56.968,28646.5791
2026-08-18 17:43:57.387,28463.077
2026-08-18 17:43:57.811,28284.0789
2026-08-18 17:43:58.238,28104.4252
2026-08-18 17:43:58.652,27929.5125
2026-08-18 17:43:59.073,27770.0179
2026-08-18 17:43:59.539,27613.1577
2026-08-18 17:43:59.964,27517.0614
2026-08-18 17:44:00.378,27455.3964
2026-08-18 17:44:00.791,27417.5424
2026-08-18 17:44:01.205,27391.2561
2026-08-18 17:44:01.617,27372.7047
2026-08-18 17:44:02.030,27359.3674
2026-08-18 17:44:02.474,27357.6092
2026-08-18 17:44:02.887,27356.54
2026-08-18 17:44:03.313,27356.7675
2026-08-18 17:44:03.740,27354.4584
2026-08-18 17:44:04.153,27352.2912
2026-08-18 17:44:04.593,27350.7149
2026-08-18 17:44:05.005,27349.1977
2026-08-18 17:44:05.431,27347.9456
2026-08-18 17:44:05.845,27346.9361
2026-08-18 17:44:06.276,27345.9441
2026-08-18 17:44:06.694,27345.3136
2026-08-18 17:44:07.110,27346.8357
2026-08-18 17:44:07.528,27362.448
2026-08-18 17:44:07.952,27384.2207
2026-08-18 17:44:08.364,27414.8264
2026-08-18 17:44:08.778,27457.5991
2026-08-18 17:44:09.196,27522.7505
2026-08-18 17:44:09.656,27635.6238
2026-08-18 17:44:10.069,27767.5144
2026-08-18 17:44:10.482,27921.4091
2026-08-18 17:44:10.901,28086.5722
2026-08-18 17:44:11.314,28261.4821
2026-08-18 17:44:11.790,28465.0727
2026-08-18 17:44:12.216,28647.2352
2026-08-18 17:44:12.630,28837.5838
2026-08-18 17:44:13.043,29024.6106
2026-08-18 17:44:13.456,29214.3299
2026-08-18 17:44:13.868,29407.1851
2026-08-18 17:44:14.334,29626.2708
2026-08-18 17:44:14.759,29824.1563
2026-08-18 17:44:15.176,30032.0041
2026-08-18 17:44:15.590,30237.968
2026-08-18 17:44:16.004,30441.1936
2026-08-18 17:44:16.433,30649.0125
2026-08-18 17:44:16.855,30866.9497
2026-08-18 17:44:17.281,31084.4854
2026-08-18 17:44:17.699,31307.0623
2026-08-18 17:44:18.126,31333.2651
2026-08-18 17:44:18.538,31107.9924
2026-08-18 17:44:18.982,30893.0178
2026-08-18 17:44:19.408,30664.569
2026-08-18 17:44:19.821,30448.3553
2026-08-18 17:44:20.247,30241.0565
2026-08-18 17:44:20.660,30030.1164
2026-08-18 17:44:21.106,29827.5748
2026-08-18 17:44:21.541,29606.1497
2026-08-18 17:44:21.953,29406.445
2026-08-18 17:44:22.366,29212.6737
2026-08-18 17:44:22.779,29021.3313
2026-08-18 17:44:23.217,28826.8021
2026-08-18 17:44:23.629,28635.8816
2026-08-18 17:44:24.046,28453.4306
2026-08-18 17:44:24.461,28272.0532
2026-08-18 17:44:24.876,28095.8113
2026-08-18 17:44:25.293,27927.5872
2026-08-18 17:44:25.717,27775.3304
2026-08-18 17:44:26.184,27646.5064
2026-08-18 17:44:26.596,27573.0249
2026-08-18 17:44:27.017,27527.5377
2026-08-18 17:44:27.432,27495.4738
2026-08-18 17:44:27.846,27472.1884
2026-08-18 17:44:28.281,27454.027
2026-08-18 17:44:28.707,27441.4197
2026-08-18 17:44:29.120,27449.003
2026-08-18 17:44:29.533,27461.7155
2026-08-18 17:44:29.946,27479.4233
2026-08-18 17:44:30.360,27507.2433
2026-08-18 17:44:30.831,27561.1548
2026-08-18 17:44:31.255,27643.4988
2026-08-18 17:44:31.715,27782.7655
2026-08-18 17:44:32.138,27935.2238
2026-08-18 17:44:32.553,28102.6798
2026-08-18 17:44:32.966,28276.4744
2026-08-18 17:44:33.380,28454.3769
2026-08-18 17:44:33.857,28663.5722
2026-08-18 17:44:34.294,28723.8068
2026-08-18 17:44:34.720,28536.7302
2026-08-18 17:44:35.133,28348.2922
2026-08-18 17:44:35.549,28169.6515
2026-08-18 17:44:35.978,27995.2318
2026-08-18 17:44:36.390,27826.1612
2026-08-18 17:44:36.804,27684.1897
2026-08-18 17:44:37.217,27577.8038
2026-08-18 17:44:37.645,27508.4638
2026-08-18 17:44:38.057,27466.261
2026-08-18 17:44:38.525,27438.1767
2026-08-18 17:44:38.953,27415.4694
2026-08-18 17:44:39.365,27401.0166
2026-08-18 17:44:39.778,27404.2476
2026-08-18 17:44:40.200,27418.9586
2026-08-18 17:44:40.612,27438.5329
2026-08-18 17:44:41.056,27466.5596
2026-08-18 17:44:41.479,27514.7954
2026-08-18 17:44:41.892,27591.0437
2026-08-18 17:44:42.305,27702.6158
2026-08-18 17:44:42.718,27844.6157
2026-08-18 17:44:43.130,28004.2851
2026-08-18 17:44:43.557,28175.4289
2026-08-18 17:44:43.969,28354.5091
2026-08-18 17:44:44.382,28533.6723
2026-08-18 17:44:44.808,28715.8771
2026-08-18 17:44:45.221,28679.5533
2026-08-18 17:44:45.643,28494.1326
2026-08-18 17:44:46.056,28308.1137
2026-08-18 17:44:46.470,28130.9682
2026-08-18 17:44:46.900,27958.9174
2026-08-18 17:44:47.323,27789.9861
2026-08-18 17:44:47.737,27647.1744
2026-08-18 17:44:48.150,27545.9723
2026-08-18 17:44:48.577,27482.2755
2026-08-18 17:44:49.053,27437.5139
2026-08-18 17:44:49.465,27410.0988
2026-08-18 17:44:49.877,27390.9691
2026-08-18 17:44:50.291,27377.5296
2026-08-18 17:44:50.703,27385.5591
2026-08-18 17:44:51.183,27404.3725
2026-08-18 17:44:51.595,27428.1058
2026-08-18 17:44:52.012,27462.7267
2026-08-18 17:44:52.428,27519.1065
2026-08-18 17:44:52.840,27608.4308
2026-08-18 17:44:53.255,27733.2476
2026-08-18 17:44:53.668,27884.2079
2026-08-18 17:44:54.097,28054.6224
2026-08-18 17:44:54.511,28225.0906
2026-08-18 17:44:54.922,28403.1428
2026-08-18 17:44:55.335,28583.5125
2026-08-18 17:44:55.761,28745.6715
2026-08-18 17:44:56.204,28617.6873
2026-08-18 17:44:56.679,28405.3693
2026-08-18 17:44:57.093,28218.0719
2026-08-18 17:44:57.512,28041.3943
2026-08-18 17:44:57.926,27870.3391
2026-08-18 17:44:58.339,27715.0495
2026-08-18 17:44:58.766,27588.8057
2026-08-18 17:44:59.178,27500.6595
2026-08-18 17:44:59.590,27448.2178
2026-08-18 17:45:00.022,27413.443
2026-08-18 17:45:00.435,27388.2794
2026-08-18 17:45:00.847,27370.8415
2026-08-18 17:45:01.276,27360.091
2026-08-18 17:45:01.689,27359.3277
2026-08-18 17:45:02.123,27359.2708
2026-08-18 17:45:02.536,27358.7821
2026-08-18 17:45:02.954,27356.743
2026-08-18 17:45:03.368,27354.7972
2026-08-18 17:45:03.785,27351.9648
2026-08-18 17:45:04.260,27349.5265
2026-08-18 17:45:04.674,27347.768
2026-08-18 17:45:05.093,27346.3058
2026-08-18 17:45:05.518,27344.7579
2026-08-18 17:45:05.931,27343.3632
2026-08-18 17:45:06.355,27347.2029
2026-08-18 17:45:06.768,27364.7961
2026-08-18 17:45:07.179,27387.2
2026-08-18 17:45:07.594,27418.676
2026-08-18 17:45:08.013,27466.0123
2026-08-18 17:45:08.425,27541.2333
2026-08-18 17:45:08.843,27648.776
2026-08-18 17:45:09.269,27788.0254
2026-08-18 17:45:09.761,27978.6661
2026-08-18 17:45:10.173,28150.2378
2026-08-18 17:45:10.589,28324.6164
2026-08-18 17:45:11.055,28504.3488
2026-08-18 17:45:11.478,28711.8815
2026-08-18 17:45:11.892,28899.5289
2026-08-18 17:45:12.306,29087.9562
2026-08-18 17:45:12.722,29279.5815
2026-08-18 17:45:13.135,29475.0132
2026-08-18 17:45:13.596,29694.2066
2026-08-18 17:45:14.010,29892.5701
2026-08-18 17:45:14.422,30094.2165
2026-08-18 17:45:14.847,30297.2965
2026-08-18 17:45:15.308,30510.7933
2026-08-18 17:45:15.725,30746.8106
2026-08-18 17:45:16.137,30957.9602
2026-08-18 17:45:16.550,31174.4088
2026-08-18 17:45:16.962,31369.4374
2026-08-18 17:45:17.426,31236.7131
2026-08-18 17:45:17.854,30985.2948
2026-08-18 17:45:18.267,30762.1451
2026-08-18 17:45:18.695,30539.7199
2026-08-18 17:45:19.108,30327.7668
2026-08-18 17:45:19.519,30119.5854
2026-08-18 17:45:19.946,29914.6626
2026-08-18 17:45:20.360,29704.8394
2026-08-18 17:45:20.783,29504.1903
2026-08-18 17:45:21.200,29301.0551
2026-08-18 17:45:21.613,29103.9991
2026-08-18 17:45:22.079,28887.274
2026-08-18 17:45:22.492,28697.7946
2026-08-18 17:45:22.907,28511.7106
2026-08-18 17:45:23.320,28328.5986
2026-08-18 17:45:23.734,28149.4167
2026-08-18 17:45:24.196,27955.0926
2026-08-18 17:45:24.608,27793.6069
2026-08-18 17:45:25.020,27657.5254
2026-08-18 17:45:25.447,27561.9011
2026-08-18 17:45:25.864,27500.2168
2026-08-18 17:45:26.291,27460.2222
2026-08-18 17:45:26.704,27430.7641
2026-08-18 17:45:27.130,27409.1917
2026-08-18 17:45:27.542,27391.7036
2026-08-18 17:45:27.970,27385.6611
2026-08-18 17:45:28.382,27395.5181
2026-08-18 17:45:28.799,27408.1903
2026-08-18 17:45:29.212,27428.1502
2026-08-18 17:45:29.626,27460.6616
2026-08-18 17:45:30.067,27515.2638
2026-08-18 17:45:30.480,27612.0104
2026-08-18 17:45:30.892,27740.0862
2026-08-18 17:45:31.303,27892.6974
2026-08-18 17:45:31.716,28058.0512
2026-08-18 17:45:32.129,28230.3852
2026-08-18 17:45:32.544,28408.1166
2026-08-18 17:45:32.956,28589.9868
2026-08-18 17:45:33.370,28652.5545
2026-08-18 17:45:33.802,28470.2132
2026-08-18 17:45:34.215,28278.2656
2026-08-18 17:45:34.628,28098.6558
2026-08-18 17:45:35.064,27918.9558
2026-08-18 17:45:35.477,27751.3346
2026-08-18 17:45:35.892,27607.1415
2026-08-18 17:45:36.308,27499.192
2026-08-18 17:45:36.721,27428.5222
2026-08-18 17:45:37.139,27384.217
2026-08-18 17:45:37.556,27353.56
2026-08-18 17:45:37.971,27331.2567
2026-08-18 17:45:38.398,27314.7933
2026-08-18 17:45:38.810,27310.8619
2026-08-18 17:45:39.241,27324.6879
2026-08-18 17:45:39.680,27342.1758
2026-08-18 17:45:40.097,27369.0103
2026-08-18 17:45:40.516,27411.2696
2026-08-18 17:45:40.930,27481.6093
2026-08-18 17:45:41.342,27587.1653
2026-08-18 17:45:41.807,27744.0144
2026-08-18 17:45:42.219,27902.5832
2026-08-18 17:45:42.642,28070.3778
2026-08-18 17:45:43.056,28248.6424
2026-08-18 17:45:43.469,28426.6522
2026-08-18 17:45:43.881,28606.9573
2026-08-18 17:45:44.302,28577.7777
2026-08-18 17:45:44.728,28386.6692
2026-08-18 17:45:45.141,28197.8663
2026-08-18 17:45:45.556,28018.3469
2026-08-18 17:45:45.975,27844.5569
2026-08-18 17:45:46.388,27678.8096
2026-08-18 17:45:46.847,27523.4708
2026-08-18 17:45:47.273,27423.7887
2026-08-18 17:45:47.687,27360.5508
2026-08-18 17:45:48.110,27320.9128
2026-08-18 17:45:48.523,27292.4099
2026-08-18 17:45:48.950,27272.223
2026-08-18 17:45:49.365,27256.78
2026-08-18 17:45:49.792,27263.3864
2026-08-18 17:45:50.220,27280.8687
2026-08-18 17:45:50.632,27302.6459
2026-08-18 17:45:51.054,27334.9908
2026-08-18 17:45:51.466,27391.1926
2026-08-18 17:45:51.908,27471.1198
2026-08-18 17:45:52.321,27598.374
2026-08-18 17:45:52.744,27745.8997
2026-08-18 17:45:53.161,27912.0335
2026-08-18 17:45:53.626,28083.3577
2026-08-18 17:45:54.045,28282.8414
2026-08-18 17:45:54.457,28461.2154
2026-08-18 17:45:54.869,28602.5877
2026-08-18 17:45:55.294,28464.1681
2026-08-18 17:45:55.719,28273.6233
2026-08-18 17:45:56.149,28085.7625
2026-08-18 17:45:56.576,27901.7074
2026-08-18 17:45:56.991,27727.1899
2026-08-18 17:45:57.409,27570.776
2026-08-18 17:45:57.821,27442.6842
2026-08-18 17:45:58.263,27354.7459
2026-08-18 17:45:58.686,27299.7968
2026-08-18 17:45:59.100,27263.1121
2026-08-18 17:45:59.512,27237.7958
2026-08-18 17:45:59.924,27219.1582
2026-08-18 17:46:00.336,27207.4478
2026-08-18 17:46:00.749,27205.9565
2026-08-18 17:46:01.161,27204.464
2026-08-18 17:46:01.575,27202.6674
2026-08-18 17:46:01.992,27199.2257
2026-08-18 17:46:02.408,27196.2304
2026-08-18 17:46:02.834,27193.3656
2026-08-18 17:46:03.254,27190.6819
2026-08-18 17:46:03.669,27188.0209
2026-08-18 17:46:04.081,27185.5626
2026-08-18 17:46:04.509,27182.984
2026-08-18 17:46:04.930,27180.5904
2026-08-18 17:46:05.348,27181.6705
2026-08-18 17:46:05.762,27196.2737
2026-08-18 17:46:06.178,27216.0185
2026-08-18 17:46:06.593,27244.3563
2026-08-18 17:46:07.005,27286.9318
2026-08-18 17:46:07.418,27352.8378
2026-08-18 17:46:07.879,27465.4608
2026-08-18 17:46:08.290,27598.9126
2026-08-18 17:46:08.715,27751.8642
2026-08-18 17:46:09.133,27920.9123
2026-08-18 17:46:09.546,28094.1125
2026-08-18 17:46:09.971,28269.5427
2026-08-18 17:46:10.384,28454.2094
2026-08-18 17:46:10.811,28636.2794
2026-08-18 17:46:11.224,28827.1483
2026-08-18 17:46:11.646,29014.954
2026-08-18 17:46:12.058,29209.8206
2026-08-18 17:46:12.471,29402.5471
2026-08-18 17:46:12.888,29597.9789
2026-08-18 17:46:13.301,29799.3229
2026-08-18 17:46:13.768,30026.3252
2026-08-18 17:46:14.179,30229.4819
2026-08-18 17:46:14.592,30434.3265
2026-08-18 17:46:15.019,30641.8967
2026-08-18 17:46:15.433,30859.2683
2026-08-18 17:46:15.847,31072.0511
2026-08-18 17:46:16.290,31097.3806
2026-08-18 17:46:16.715,30875.6305
2026-08-18 17:46:17.133,30651.0951
2026-08-18 17:46:17.547,30433.4965
2026-08-18 17:46:17.959,30221.38
2026-08-18 17:46:18.376,30011.8123
2026-08-18 17:46:18.792,29801.8403
2026-08-18 17:46:19.206,29593.6296
2026-08-18 17:46:19.618,29390.5118
2026-08-18 17:46:20.040,29191.9552
2026-08-18 17:46:20.457,28989.0282
2026-08-18 17:46:20.889,28788.9907
2026-08-18 17:46:21.301,28596.7044
2026-08-18 17:46:21.712,28409.6765
2026-08-18 17:46:22.134,28226.0884
2026-08-18 17:46:22.547,28041.2412
2026-08-18 17:46:22.965,27864.188
2026-08-18 17:46:23.378,27691.8442
2026-08-18 17:46:23.887,27506.6522
2026-08-18 17:46:24.299,27388.1487
2026-08-18 17:46:24.711,27313.618
2026-08-18 17:46:25.139,27264.3592
2026-08-18 17:46:25.581,27231.5834
2026-08-18 17:46:26.010,27204.6576
2026-08-18 17:46:26.424,27186.08
2026-08-18 17:46:26.836,27172.6157
2026-08-18 17:46:27.249,27177.5664
2026-08-18 17:46:27.672,27188.3006
2026-08-18 17:46:28.086,27204.1692
2026-08-18 17:46:28.556,27234.5164
2026-08-18 17:46:28.969,27280.7411
2026-08-18 17:46:29.386,27357.9507
2026-08-18 17:46:29.799,27474.973
2026-08-18 17:46:30.221,27622.1142
2026-08-18 17:46:30.687,27811.6612
2026-08-18 17:46:31.107,27982.8571
2026-08-18 17:46:31.519,28155.39
2026-08-18 17:46:31.933,28329.2934
2026-08-18 17:46:32.345,28451.5089
2026-08-18 17:46:32.770,28296.8125
2026-08-18 17:46:33.185,28107.2231
2026-08-18 17:46:33.598,27925.8444
2026-08-18 17:46:34.010,27750.7476
2026-08-18 17:46:34.432,27583.5238
2026-08-18 17:46:34.858,27429.2251
2026-08-18 17:46:35.270,27307.1439
2026-08-18 17:46:35.699,27229.9468
2026-08-18 17:46:36.113,27179.9706
2026-08-18 17:46:36.556,27147.879
2026-08-18 17:46:36.970,27123.4843
2026-08-18 17:46:37.383,27106.3809
2026-08-18 17:46:37.795,27098.7533
2026-08-18 17:46:38.207,27110.32
2026-08-18 17:46:38.624,27126.0065
2026-08-18 17:46:39.038,27148.5488
2026-08-18 17:46:39.454,27183.2576
2026-08-18 17:46:39.874,27240.3076
2026-08-18 17:46:40.305,27334.2198
2026-08-18 17:46:40.731,27466.3056
2026-08-18 17:46:41.142,27622.7516
2026-08-18 17:46:41.555,27786.3663
2026-08-18 17:46:41.968,27957.0973
2026-08-18 17:46:42.382,28133.1106
2026-08-18 17:46:42.798,28312.2694
2026-08-18 17:46:43.219,28415.3381
2026-08-18 17:46:43.635,28244.3762
2026-08-18 17:46:44.060,28060.0126
2026-08-18 17:46:44.472,27874.9142
2026-08-18 17:46:44.885,27700.8672
2026-08-18 17:46:45.345,27534.8011
2026-08-18 17:46:45.766,27368.4508
2026-08-18 17:46:46.188,27252.1682
2026-08-18 17:46:46.601,27176.982
2026-08-18 17:46:47.026,27130.7385
2026-08-18 17:46:47.441,27099.0098
2026-08-18 17:46:47.853,27077.1009
2026-08-18 17:46:48.265,27060.6854
2026-08-18 17:46:48.731,27058.2861
2026-08-18 17:46:49.153,27073.4153
2026-08-18 17:46:49.569,27093.0569
2026-08-18 17:46:49.983,27120.7013
2026-08-18 17:46:50.397,27163.6389
2026-08-18 17:46:50.810,27233.3675
2026-08-18 17:46:51.251,27339.3365
2026-08-18 17:46:51.689,27492.9432
2026-08-18 17:46:52.115,27655.1411
2026-08-18 17:46:52.526,27828.4571
2026-08-18 17:46:52.952,28001.9579
2026-08-18 17:46:53.374,28185.1461
2026-08-18 17:46:53.786,28370.3666
2026-08-18 17:46:54.199,28343.3905
2026-08-18 17:46:54.633,28156.0755
2026-08-18 17:46:55.044,27976.0473
2026-08-18 17:46:55.544,27806.2369
2026-08-18 17:46:55.956,27607.937
2026-08-18 17:46:56.369,27440.5684
2026-08-18 17:46:56.783,27302.4364
2026-08-18 17:46:57.249,27203.0487
2026-08-18 17:46:57.668,27134.3912
2026-08-18 17:46:58.081,27096.8734
2026-08-18 17:46:58.508,27070.0453
2026-08-18 17:46:58.933,27051.4627
2026-08-18 17:46:59.347,27038.3581
2026-08-18 17:46:59.775,27036.4699
2026-08-18 17:47:00.202,27035.0145
2026-08-18 17:47:00.628,27034.6198
2026-08-18 17:47:01.041,27032.749
2026-08-18 17:47:01.453,27030.8331
2026-08-18 17:47:01.881,27029.5384
2026-08-18 17:47:02.300,27028.8152
2026-08-18 17:47:02.714,27027.9899
2026-08-18 17:47:03.128,27026.9676
2026-08-18 17:47:03.543,27025.9315
2026-08-18 17:47:03.956,27024.833
2026-08-18 17:47:04.368,27025.9035
2026-08-18 17:47:04.781,27041.098
2026-08-18 17:47:05.194,27062.3696
2026-08-18 17:47:05.607,27090.8055
2026-08-18 17:47:06.020,27131.3753
2026-08-18 17:47:06.464,27193.8093
2026-08-18 17:47:06.891,27291.6414
2026-08-18 17:47:07.304,27422.5958
2026-08-18 17:47:07.731,27578.3572
2026-08-18 17:47:08.145,27741.2551
2026-08-18 17:47:08.575,27911.5279
2026-08-18 17:47:09.000,28092.8377
2026-08-18 17:47:09.412,28276.6646
2026-08-18 17:47:09.832,28457.9925
2026-08-18 17:47:10.259,28646.5428
2026-08-18 17:47:10.671,28840.5444
2026-08-18 17:47:11.098,29037.9655
2026-08-18 17:47:11.516,29232.1248
2026-08-18 17:47:11.930,29428.0004
2026-08-18 17:47:12.342,29626.5276
2026-08-18 17:47:12.756,29826.6579
2026-08-18 17:47:13.217,30029.7049
2026-08-18 17:47:13.635,30262.1272
2026-08-18 17:47:14.048,30471.0349
2026-08-18 17:47:14.461,30681.8067
2026-08-18 17:47:14.875,30894.9932
2026-08-18 17:47:15.294,30985.8733
2026-08-18 17:47:15.706,30773.5129
2026-08-18 17:47:16.132,30549.0266
2026-08-18 17:47:16.562,30334.5594
2026-08-18 17:47:16.987,30113.6086
2026-08-18 17:47:17.399,29899.145
2026-08-18 17:47:17.835,29686.8906
2026-08-18 17:47:18.248,29479.0942
2026-08-18 17:47:18.680,29271.2193
2026-08-18 17:47:19.092,29071.919
2026-08-18 17:47:19.523,28870.3808
2026-08-18 17:47:19.949,28677.3719
2026-08-18 17:47:20.362,28482.8599
2026-08-18 17:47:20.776,28296.3339
2026-08-18 17:47:21.199,28112.5436
2026-08-18 17:47:21.619,27928.2252
2026-08-18 17:47:22.033,27748.5348
2026-08-18 17:47:22.452,27578.1042
2026-08-18 17:47:22.866,27420.016
2026-08-18 17:47:23.279,27293.7464
2026-08-18 17:47:23.690,27210.8229
2026-08-18 17:47:24.116,27158.8412
2026-08-18 17:47:24.592,27118.4698
2026-08-18 17:47:25.009,27093.4484
2026-08-18 17:47:25.422,27074.5704
2026-08-18 17:47:25.834,27059.9738
2026-08-18 17:47:26.248,27062.3475
2026-08-18 17:47:26.713,27075.6592
2026-08-18 17:47:27.138,27092.0557
2026-08-18 17:47:27.551,27117.6676
2026-08-18 17:47:27.978,27160.691
2026-08-18 17:47:28.391,27230.7491
2026-08-18 17:47:28.825,27339.1439
2026-08-18 17:47:29.238,27487.6716
2026-08-18 17:47:29.665,27648.3879
2026-08-18 17:47:30.079,27824.078
2026-08-18 17:47:30.493,28000.0428
2026-08-18 17:47:30.972,28203.3283
2026-08-18 17:47:31.386,28352.4919
2026-08-18 17:47:31.804,28215.6952
2026-08-18 17:47:32.224,28029.9583
2026-08-18 17:47:32.651,27846.2531
2026-08-18 17:47:33.081,27662.6126
2026-08-18 17:47:33.494,27489.9237
2026-08-18 17:47:33.907,27338.4679
2026-08-18 17:47:34.321,27218.3613
2026-08-18 17:47:34.735,27139.1226
2026-08-18 17:47:35.202,27084.9284
2026-08-18 17:47:35.615,27053.6303
2026-08-18 17:47:36.028,27031.4204
2026-08-18 17:47:36.454,27014.8352
2026-08-18 17:47:36.868,27007.0103
2026-08-18 17:47:37.310,27019.6557
2026-08-18 17:47:37.722,27036.5547
2026-08-18 17:47:38.134,27059.9616
2026-08-18 17:47:38.565,27097.356
2026-08-18 17:47:38.991,27157.3882
2026-08-18 17:47:39.448,27267.9606
2026-08-18 17:47:39.862,27402.3826
2026-08-18 17:47:40.289,27564.5342
2026-08-18 17:47:40.703,27732.1237
2026-08-18 17:47:41.116,27906.1882
2026-08-18 17:47:41.558,28084.6818
2026-08-18 17:47:41.981,28279.4994
2026-08-18 17:47:42.397,28318.0381
2026-08-18 17:47:42.810,28131.6184
2026-08-18 17:47:43.222,27949.137
2026-08-18 17:47:43.700,27747.953
2026-08-18 17:47:44.117,27570.7001
2026-08-18 17:47:44.545,27406.8111
2026-08-18 17:47:44.958,27261.2001
2026-08-18 17:47:45.382,27158.8306
2026-08-18 17:47:45.801,27093.3373
2026-08-18 17:47:46.214,27052.7808
2026-08-18 17:47:46.627,27026.1537
2026-08-18 17:47:47.047,27006.8377
2026-08-18 17:47:47.460,26992.1187
2026-08-18 17:47:47.927,26996.6167
2026-08-18 17:47:48.340,27012.9837
2026-08-18 17:47:48.752,27034.4183
2026-08-18 17:47:49.164,27064.9787
2026-08-18 17:47:49.577,27113.4669
2026-08-18 17:47:50.042,27204.5836
2026-08-18 17:47:50.455,27324.3959
2026-08-18 17:47:50.868,27472.8581
2026-08-18 17:47:51.293,27636.2483
2026-08-18 17:47:51.722,27813.3609
2026-08-18 17:47:52.168,27997.2348
2026-08-18 17:47:52.583,28193.2156
2026-08-18 17:47:53.004,28353.0741
2026-08-18 17:47:53.432,28233.8729
2026-08-18 17:47:53.844,28043.5577
2026-08-18 17:47:54.276,27863.1111
2026-08-18 17:47:54.689,27678.4229
2026-08-18 17:47:55.108,27508.3906
2026-08-18 17:47:55.521,27349.2947
2026-08-18 17:47:55.933,27218.9879
2026-08-18 17:47:56.357,27129.1458
2026-08-18 17:47:56.785,27072.1298
2026-08-18 17:47:57.217,27035.4333
2026-08-18 17:47:57.630,27009.8662
2026-08-18 17:47:58.060,26991.8708
2026-08-18 17:47:58.474,26981.3445
2026-08-18 17:47:58.887,26980.8109
2026-08-18 17:47:59.315,26979.9223
2026-08-18 17:47:59.729,26979.9411
2026-08-18 17:48:00.155,26978.3355
2026-08-18 17:48:00.569,26976.6185
2026-08-18 17:48:00.985,26975.1329
2026-08-18 17:48:01.399,26973.8094
2026-08-18 17:48:01.815,26972.1334
2026-08-18 17:48:02.226,26969.1013
2026-08-18 17:48:02.661,26966.9511
2026-08-18 17:48:03.091,26965.1485
2026-08-18 17:48:03.510,26966.5006
2026-08-18 17:48:03.923,26981.993
2026-08-18 17:48:04.349,27002.7311
2026-08-18 17:48:04.763,27032.6582
2026-08-18 17:48:05.228,27077.5627
2026-08-18 17:48:05.641,27153.2963
2026-08-18 17:48:06.054,27258.6438
2026-08-18 17:48:06.475,27394.8274
2026-08-18 17:48:06.887,27555.1766
2026-08-18 17:48:07.301,27723.649
2026-08-18 17:48:07.716,27898.3202
2026-08-18 17:48:08.131,28078.8119
2026-08-18 17:48:08.543,28261.7298
2026-08-18 17:48:08.966,28447.5421
2026-08-18 17:48:09.392,28641.4179
2026-08-18 17:48:09.805,28837.3656
2026-08-18 17:48:10.232,29031.8394
2026-08-18 17:48:10.644,29237.3953
2026-08-18 17:48:11.084,29436.2985
2026-08-18 17:48:11.509,29643.1362
2026-08-18 17:48:11.922,29849.3351
2026-08-18 17:48:12.335,30053.5146
2026-08-18 17:48:12.747,30261.7541
2026-08-18 17:48:13.215,30471.653
2026-08-18 17:48:13.664,30730.0634
2026-08-18 17:48:14.076,30947.6257
2026-08-18 17:48:14.490,30928.1983
2026-08-18 17:48:14.908,30704.4827
2026-08-18 17:48:15.349,30486.503
2026-08-18 17:48:15.763,30255.8272
2026-08-18 17:48:16.176,30043.1353
2026-08-18 17:48:16.590,29832.8933
2026-08-18 17:48:17.015,29624.9945
2026-08-18 17:48:17.428,29414.8713
2026-08-18 17:48:17.925,29172.3638
2026-08-18 17:48:18.338,28973.8118
2026-08-18 17:48:18.750,28778.484
2026-08-18 17:48:19.218,28585.5765
2026-08-18 17:48:19.668,28370.9567
2026-08-18 17:48:20.083,28167.5744
2026-08-18 17:48:20.496,27983.8521
2026-08-18 17:48:20.908,27804.6356
2026-08-18 17:48:21.326,27628.1979
2026-08-18 17:48:21.770,27463.4815
2026-08-18 17:48:22.194,27310.2376
2026-08-18 17:48:22.606,27206.3704
2026-08-18 17:48:23.019,27143.5934
2026-08-18 17:48:23.440,27102.5087
2026-08-18 17:48:23.851,27072.8162
2026-08-18 17:48:24.350,27047.3091
2026-08-18 17:48:24.776,27031.3614
2026-08-18 17:48:25.191,27025.3008
2026-08-18 17:48:25.607,27035.2316
2026-08-18 17:48:26.021,27048.5964
2026-08-18 17:48:26.433,27068.3044
2026-08-18 17:48:26.865,27099.7632
2026-08-18 17:48:27.279,27156.0771
2026-08-18 17:48:27.707,27249.5199
2026-08-18 17:48:28.124,27377.966
2026-08-18 17:48:28.536,27532.8091
2026-08-18 17:48:28.948,27698.5492
2026-08-18 17:48:29.393,27885.1868
2026-08-18 17:48:29.821,28071.0194
2026-08-18 17:48:30.234,28253.4139
2026-08-18 17:48:30.646,28284.5943
2026-08-18 17:48:31.112,28074.2329
2026-08-18 17:48:31.532,27890.8172
2026-08-18 17:48:31.945,27709.045
2026-08-18 17:48:32.359,27535.9671
2026-08-18 17:48:32.771,27373.822
2026-08-18 17:48:33.184,27234.5796
2026-08-18 17:48:33.650,27124.2428
2026-08-18 17:48:34.077,27064.3616
2026-08-18 17:48:34.503,27024.7809
2026-08-18 17:48:34.916,26998.4302
2026-08-18 17:48:35.344,26978.6649
2026-08-18 17:48:35.790,26964.2381
2026-08-18 17:48:36.202,26970.8512
2026-08-18 17:48:36.627,26985.29
2026-08-18 17:48:37.040,27005.2939
2026-08-18 17:48:37.456,27034.7232
2026-08-18 17:48:37.869,27082.4276
2026-08-18 17:48:38.281,27160.0839
2026-08-18 17:48:38.709,27279.4848
2026-08-18 17:48:39.133,27424.504
2026-08-18 17:48:39.546,27591.1648
2026-08-18 17:48:39.964,27761.9403
2026-08-18 17:48:40.392,27942.2601
2026-08-18 17:48:40.805,28126.7338
2026-08-18 17:48:41.218,28293.4113
2026-08-18 17:48:41.646,28185.5263
2026-08-18 17:48:42.058,27999.4592
2026-08-18 17:48:42.473,27817.5571
2026-08-18 17:48:42.886,27638.8183
2026-08-18 17:48:43.299,27467.5823
2026-08-18 17:48:43.718,27308.684
2026-08-18 17:48:44.131,27174.0803
2026-08-18 17:48:44.591,27072.7861
2026-08-18 17:48:45.003,27017.7155
2026-08-18 17:48:45.430,26981.8578
2026-08-18 17:48:45.845,26955.8432
2026-08-18 17:48:46.264,26937.3068
2026-08-18 17:48:46.685,26924.8649
2026-08-18 17:48:47.110,26934.0566
2026-08-18 17:48:47.522,26949.9642
2026-08-18 17:48:47.941,26971.4749
2026-08-18 17:48:48.358,27003.875
2026-08-18 17:48:48.784,27055.6564
2026-08-18 17:48:49.197,27141.9314
2026-08-18 17:48:49.611,27263.1481
2026-08-18 17:48:50.023,27411.4593
2026-08-18 17:48:50.439,27573.857
2026-08-18 17:48:50.905,27768.3548
2026-08-18 17:48:51.328,27945.1208
2026-08-18 17:48:51.746,28129.917
2026-08-18 17:48:52.160,28274.7603
2026-08-18 17:48:52.580,28135.6038
2026-08-18 17:48:52.995,27947.0542
2026-08-18 17:48:53.411,27764.1861
2026-08-18 17:48:53.825,27585.8138
2026-08-18 17:48:54.252,27415.5147
2026-08-18 17:48:54.678,27253.9258
2026-08-18 17:48:55.094,27122.596
2026-08-18 17:48:55.507,27035.5642
2026-08-18 17:48:55.919,26981.209
2026-08-18 17:48:56.332,26945.7347
2026-08-18 17:48:56.745,26921.2533
2026-08-18 17:48:57.161,26903.4844
2026-08-18 17:48:57.651,26890.6828
2026-08-18 17:48:58.065,26889.9003
2026-08-18 17:48:58.477,26889.1807
2026-08-18 17:48:58.893,26888.2586
2026-08-18 17:48:59.307,26885.7316
2026-08-18 17:48:59.723,26883.2581
2026-08-18 17:49:00.136,26880.9588
2026-08-18 17:49:00.548,26879.0138
2026-08-18 17:49:00.969,26877.1022
2026-08-18 17:49:01.382,26875.29
2026-08-18 17:49:01.811,26873.6432
2026-08-18 17:49:02.228,26872.0824
2026-08-18 17:49:02.641,26873.7555
2026-08-18 17:49:03.068,26888.8265
2026-08-18 17:49:03.481,26909.9607
2026-08-18 17:49:03.893,26938.5546
2026-08-18 17:49:04.332,26981.3253
2026-08-18 17:49:04.746,27053.689
2026-08-18 17:49:05.173,27159.9814
2026-08-18 17:49:05.585,27294.1567
2026-08-18 17:49:05.998,27447.7625
2026-08-18 17:49:06.428,27612.5382
2026-08-18 17:49:06.842,27791.3436
2026-08-18 17:49:07.269,27967.9112
2026-08-18 17:49:07.683,28153.3255
2026-08-18 17:49:08.097,28336.5112
2026-08-18 17:49:08.538,28522.8714
2026-08-18 17:49:08.951,28724.246
2026-08-18 17:49:09.378,28915.4589
2026-08-18 17:49:09.805,29115.9529
2026-08-18 17:49:10.218,29318.6933
2026-08-18 17:49:10.637,29517.4722
2026-08-18 17:49:11.051,29721.7027
2026-08-18 17:49:11.463,29925.7913
2026-08-18 17:49:11.877,30131.5346
2026-08-18 17:49:12.295,30341.3115
2026-08-18 17:49:12.707,30554.3584
2026-08-18 17:49:13.120,30767.247
2026-08-18 17:49:13.557,30816.1766
2026-08-18 17:49:13.973,30590.8201
2026-08-18 17:49:14.387,30371.0359
2026-08-18 17:49:14.800,30154.8073
2026-08-18 17:49:15.213,29941.5974
2026-08-18 17:49:15.644,29724.9833
2026-08-18 17:49:16.056,29516.1777
2026-08-18 17:49:16.482,29312.5699
2026-08-18 17:49:16.900,29105.6747
2026-08-18 17:49:17.317,28905.5981
2026-08-18 17:49:17.743,28708.0887
2026-08-18 17:49:18.158,28509.5708
2026-08-18 17:49:18.577,28319.2742
2026-08-18 17:49:18.992,28130.6073
2026-08-18 17:49:19.405,27946.8574
2026-08-18 17:49:19.832,27764.8279
2026-08-18 17:49:20.246,27581.6515
2026-08-18 17:49:20.672,27406.4694
2026-08-18 17:49:21.085,27251.559
2026-08-18 17:49:21.499,27127.9448
2026-08-18 17:49:21.934,27044.3792
2026-08-18 17:49:22.349,26993.8012
2026-08-18 17:49:22.766,26959.5808
2026-08-18 17:49:23.180,26935.2269
2026-08-18 17:49:23.594,26916.3062
2026-08-18 17:49:24.020,26901.5774
2026-08-18 17:49:24.436,26902.1665
2026-08-18 17:49:24.864,26912.8241
2026-08-18 17:49:25.290,26927.8889
2026-08-18 17:49:25.718,26951.1513
2026-08-18 17:49:26.136,26989.7794
2026-08-18 17:49:26.554,27054.6444
2026-08-18 17:49:26.965,27158.0621
2026-08-18 17:49:27.379,27294.1662
2026-08-18 17:49:27.791,27451.0441
2026-08-18 17:49:28.215,27618.3717
2026-08-18 17:49:28.676,27796.6988
2026-08-18 17:49:29.107,27996.896
2026-08-18 17:49:29.524,28169.3381
2026-08-18 17:49:29.937,28071.6049
2026-08-18 17:49:30.350,27886.9238
2026-08-18 17:49:30.768,27706.1659
2026-08-18 17:49:31.202,27527.5009
2026-08-18 17:49:31.622,27349.2366
2026-08-18 17:49:32.036,27191.2893
2026-08-18 17:49:32.449,27064.1468
2026-08-18 17:49:32.867,26978.2233
2026-08-18 17:49:33.287,26924.7608
2026-08-18 17:49:33.713,26889.5275
2026-08-18 17:49:34.127,26865.391
2026-08-18 17:49:34.546,26848.5528
2026-08-18 17:49:34.966,26839.0193
2026-08-18 17:49:35.391,26849.2715
2026-08-18 17:49:35.814,26865.1265
2026-08-18 17:49:36.226,26886.69
2026-08-18 17:49:36.646,26917.5581
2026-08-18 17:49:37.060,26968.6437
2026-08-18 17:49:37.525,27063.1458
2026-08-18 17:49:37.945,27185.6253
2026-08-18 17:49:38.359,27336.3553
2026-08-18 17:49:38.772,27498.5155
2026-08-18 17:49:39.190,27668.0882
2026-08-18 17:49:39.619,27845.0161
2026-08-18 17:49:40.033,28029.5401
2026-08-18 17:49:40.450,28156.7579
2026-08-18 17:49:40.864,28004.9046
2026-08-18 17:49:41.298,27816.1596
2026-08-18 17:49:41.725,27636.8209
2026-08-18 17:49:42.139,27467.6738
2026-08-18 17:49:42.553,27300.5655
2026-08-18 17:49:42.979,27138.1717
2026-08-18 17:49:43.392,27010.6874
2026-08-18 17:49:43.826,26929.8692
2026-08-18 17:49:44.245,26877.9572
2026-08-18 17:49:44.659,26845.8357
2026-08-18 17:49:45.070,26823.5533
2026-08-18 17:49:45.482,26807.54
2026-08-18 17:49:45.921,26800.0054
2026-08-18 17:49:46.334,26812.6086
2026-08-18 17:49:46.762,26829.7586
2026-08-18 17:49:47.175,26853.6724
2026-08-18 17:49:47.587,26891.2973
2026-08-18 17:49:48.044,26952.1483
2026-08-18 17:49:48.456,27059.6384
2026-08-18 17:49:48.868,27192.4565
2026-08-18 17:49:49.282,27345.9203
2026-08-18 17:49:49.702,27511.1784
2026-08-18 17:49:50.134,27685.2037
2026-08-18 17:49:50.554,27869.0696
2026-08-18 17:49:50.970,28050.1998
2026-08-18 17:49:51.385,28111.0745
2026-08-18 17:49:51.802,27929.1349
2026-08-18 17:49:52.229,27745.4444
2026-08-18 17:49:52.659,27554.3948
2026-08-18 17:49:53.074,27380.1431
2026-08-18 17:49:53.487,27215.2094
2026-08-18 17:49:53.917,27064.7252
2026-08-18 17:49:54.328,26952.97
2026-08-18 17:49:54.742,26882.0986
2026-08-18 17:49:55.164,26837.7435
2026-08-18 17:49:55.590,26807.8785
2026-08-18 17:49:56.009,26786.1237
2026-08-18 17:49:56.434,26770.2778
2026-08-18 17:49:56.846,26763.8319
2026-08-18 17:49:57.259,26762.701
2026-08-18 17:49:57.671,26762.6856
2026-08-18 17:49:58.084,26760.9417
2026-08-18 17:49:58.513,26758.3594
2026-08-18 17:49:59.007,26755.5818
2026-08-18 17:49:59.424,26753.5966
2026-08-18 17:49:59.838,26751.4571
2026-08-18 17:50:00.250,26749.7356
2026-08-18 17:50:00.672,26747.9903
2026-08-18 17:50:01.084,26746.408
2026-08-18 17:50:01.503,26745.2476
2026-08-18 17:50:01.916,26754.4025
2026-08-18 17:50:02.328,26772.2799
2026-08-18 17:50:02.807,26799.8664
2026-08-18 17:50:03.223,26835.6422
2026-08-18 17:50:03.641,26890.8205
2026-08-18 17:50:04.066,26977.1428
2026-08-18 17:50:04.485,27100.2447
2026-08-18 17:50:04.899,27247.579
2026-08-18 17:50:05.311,27406.8992
2026-08-18 17:50:05.726,27574.3644
2026-08-18 17:50:06.154,27747.886
2026-08-18 17:50:06.565,27930.8674
2026-08-18 17:50:06.996,28110.2157
2026-08-18 17:50:07.409,28300.7368
2026-08-18 17:50:07.821,28486.1836
2026-08-18 17:50:08.233,28673.6613
2026-08-18 17:50:08.645,28864.0081
2026-08-18 17:50:09.062,29056.3441
2026-08-18 17:50:09.475,29254.0997
2026-08-18 17:50:09.889,29452.2478
2026-08-18 17:50:10.301,29652.8315
2026-08-18 17:50:10.724,29858.5573
2026-08-18 17:50:11.138,30066.1259
2026-08-18 17:50:11.551,30273.8369
2026-08-18 17:50:11.975,30484.022
2026-08-18 17:50:12.401,30684.266
2026-08-18 17:50:12.822,30563.345
2026-08-18 17:50:13.235,30341.9498
2026-08-18 17:50:13.652,30127.4173
2026-08-18 17:50:14.064,29914.0887
2026-08-18 17:50:14.476,29705.8863
2026-08-18 17:50:14.944,29473.2955
2026-08-18 17:50:15.357,29270.5112
2026-08-18 17:50:15.770,29071.2104
2026-08-18 17:50:16.197,28867.1839
2026-08-18 17:50:16.610,28673.8249
2026-08-18 17:50:17.050,28475.2277
2026-08-18 17:50:17.476,28281.2499
2026-08-18 17:50:17.896,28089.8089
2026-08-18 17:50:18.313,27904.7029
2026-08-18 17:50:18.727,27723.9969
2026-08-18 17:50:19.148,27547.8591
2026-08-18 17:50:19.576,27373.7103
2026-08-18 17:50:19.987,27208.7233
2026-08-18 17:50:20.402,27072.0492
2026-08-18 17:50:20.824,26974.7013
2026-08-18 17:50:21.251,26913.0434
2026-08-18 17:50:21.670,26873.5799
2026-08-18 17:50:22.083,26846.4578
2026-08-18 17:50:22.495,26826.5297
2026-08-18 17:50:22.923,26810.8278
2026-08-18 17:50:23.335,26803.2592
2026-08-18 17:50:23.760,26812.6319
2026-08-18 17:50:24.178,26825.7721
2026-08-18 17:50:24.596,26844.4161
2026-08-18 17:50:25.009,26874.222
2026-08-18 17:50:25.425,26923.1328
2026-08-18 17:50:25.841,27005.2255
2026-08-18 17:50:26.274,27125.8612
2026-08-18 17:50:26.699,27280.6324
2026-08-18 17:50:27.126,27447.9421
2026-08-18 17:50:27.538,27624.3946
2026-08-18 17:50:27.970,27806.5054
2026-08-18 17:50:28.382,27987.5406
2026-08-18 17:50:28.798,28066.2761
2026-08-18 17:50:29.211,27891.3502
2026-08-18 17:50:29.641,27705.3865
2026-08-18 17:50:30.055,27527.4907
2026-08-18 17:50:30.485,27348.9235
2026-08-18 17:50:30.922,27182.1998
2026-08-18 17:50:31.338,27038.3426
2026-08-18 17:50:31.751,26934.0762
2026-08-18 17:50:32.177,26867.8486
2026-08-18 17:50:32.590,26828.2264
2026-08-18 17:50:33.007,26801.468
2026-08-18 17:50:33.435,26782.0312
2026-08-18 17:50:33.859,26767.3427
2026-08-18 17:50:34.272,26766.6419
2026-08-18 17:50:34.698,26781.065
2026-08-18 17:50:35.116,26799.585
2026-08-18 17:50:35.533,26825.3321
2026-08-18 17:50:35.946,26865.4083
2026-08-18 17:50:36.359,26930.5832
2026-08-18 17:50:36.772,27031.4304
2026-08-18 17:50:37.237,27166.1822
2026-08-18 17:50:37.651,27342.1761
2026-08-18 17:50:38.066,27509.5518
2026-08-18 17:50:38.480,27682.7974
2026-08-18 17:50:38.906,27859.8483
2026-08-18 17:50:39.318,28045.6593
2026-08-18 17:50:39.730,28038.717
2026-08-18 17:50:40.143,27855.6386
2026-08-18 17:50:40.559,27676.2373
2026-08-18 17:50:40.981,27499.7239
2026-08-18 17:50:41.394,27326.9924
2026-08-18 17:50:41.831,27161.9943
2026-08-18 17:50:42.243,27021.1503
2026-08-18 17:50:42.668,26918.556
2026-08-18 17:50:43.090,26856.7976
2026-08-18 17:50:43.502,26817.4258
2026-08-18 17:50:43.925,26790.7121
2026-08-18 17:50:44.337,26771.0939
2026-08-18 17:50:44.764,26757.7982
2026-08-18 17:50:45.184,26763.4146
2026-08-18 17:50:45.599,26779.6733
2026-08-18 17:50:46.011,26800.4544
2026-08-18 17:50:46.438,26831.4028
2026-08-18 17:50:46.849,26877.9746
2026-08-18 17:50:47.271,26953.5217
2026-08-18 17:50:47.705,27068.2071
2026-08-18 17:50:48.117,27218.1113
2026-08-18 17:50:48.542,27382.8937
2026-08-18 17:50:48.968,27551.0078
2026-08-18 17:50:49.382,27730.3904
2026-08-18 17:50:49.802,27908.3151
2026-08-18 17:50:50.217,28085.2222
2026-08-18 17:50:50.630,28014.0668
2026-08-18 17:50:51.043,27832.1254
2026-08-18 17:50:51.460,27653.6023
2026-08-18 17:50:51.922,27457.44
2026-08-18 17:50:52.339,27289.6709
2026-08-18 17:50:52.767,27132.302
2026-08-18 17:50:53.179,26997.5083
2026-08-18 17:50:53.597,26907.1462
2026-08-18 17:50:54.010,26850.5481
2026-08-18 17:50:54.423,26815.2597
2026-08-18 17:50:54.837,26791.1249
2026-08-18 17:50:55.249,26773.7284
2026-08-18 17:50:55.669,26761.743
2026-08-18 17:50:56.085,26760.9342
2026-08-18 17:50:56.499,26760.9033
2026-08-18 17:50:56.966,26761.7395
2026-08-18 17:50:57.392,26760.4039
2026-08-18 17:50:57.805,26759.4766
2026-08-18 17:50:58.217,26758.641
2026-08-18 17:50:58.630,26758.1055
2026-08-18 17:50:59.053,26757.6966
2026-08-18 17:50:59.466,26757.3795
2026-08-18 17:50:59.880,26757.1997
2026-08-18 17:51:00.301,26756.8872
2026-08-18 17:51:00.714,26758.0351
2026-08-18 17:51:01.180,26774.1141
2026-08-18 17:51:01.600,26794.5297
2026-08-18 17:51:02.019,26822.9836
2026-08-18 17:51:02.431,26864.6925
2026-08-18 17:51:02.849,26928.4592
2026-08-18 17:51:03.273,27025.8394
2026-08-18 17:51:03.692,27158.2349
2026-08-18 17:51:04.107,27311.3344
2026-08-18 17:51:04.521,27475.4208
2026-08-18 17:51:04.934,27645.9484
2026-08-18 17:51:05.348,27821.1417
2026-08-18 17:51:05.761,27999.7118
2026-08-18 17:51:06.202,28188.4135
2026-08-18 17:51:06.624,28378.8735
2026-08-18 17:51:07.036,28570.4341
2026-08-18 17:51:07.462,28760.1231
2026-08-18 17:51:07.875,28958.466
2026-08-18 17:51:08.306,29153.35
2026-08-18 17:51:08.718,29359.3977
2026-08-18 17:51:09.138,29558.8743
2026-08-18 17:51:09.565,29764.7289
2026-08-18 17:51:09.979,29976.555
2026-08-18 17:51:10.410,30184.4671
2026-08-18 17:51:10.825,30403.3618
2026-08-18 17:51:11.238,30616.3928
2026-08-18 17:51:11.654,30714.4123
2026-08-18 17:51:12.116,30509.6425
2026-08-18 17:51:12.537,30267.1549
2026-08-18 17:51:12.956,30053.9951
2026-08-18 17:51:13.382,29842.0304
2026-08-18 17:51:13.795,29629.7376
2026-08-18 17:51:14.216,29427.0662
2026-08-18 17:51:14.629,29222.6804
2026-08-18 17:51:15.043,29025.2771
2026-08-18 17:51:15.461,28830.5969
2026-08-18 17:51:15.876,28636.0009
2026-08-18 17:51:16.289,28445.6669
2026-08-18 17:51:16.702,28259.2229
2026-08-18 17:51:17.130,28069.7158
2026-08-18 17:51:17.543,27889.8271
2026-08-18 17:51:17.971,27706.6355
2026-08-18 17:51:18.384,27533.6764
2026-08-18 17:51:18.796,27367.3135
2026-08-18 17:51:19.210,27213.8242
2026-08-18 17:51:19.641,27088.9608
2026-08-18 17:51:20.061,27005.7935
2026-08-18 17:51:20.473,26954.0682
2026-08-18 17:51:20.886,26920.4807
2026-08-18 17:51:21.349,26896.4645
2026-08-18 17:51:21.776,26876.4888
2026-08-18 17:51:22.189,26863.1118
2026-08-18 17:51:22.601,26865.3859
2026-08-18 17:51:23.017,26877.1569
2026-08-18 17:51:23.430,26892.6572
2026-08-18 17:51:23.844,26915.4241
2026-08-18 17:51:24.271,26951.9912
2026-08-18 17:51:24.686,27015.7521
2026-08-18 17:51:25.098,27115.2845
2026-08-18 17:51:25.540,27255.113
2026-08-18 17:51:25.970,27417.7852
2026-08-18 17:51:26.386,27591.3826
2026-08-18 17:51:26.799,27765.8596
2026-08-18 17:51:27.213,27943.8088
2026-08-18 17:51:27.627,28122.882
2026-08-18 17:51:28.041,28070.3029
2026-08-18 17:51:28.459,27889.0488
2026-08-18 17:51:28.878,27706.0785
2026-08-18 17:51:29.305,27531.4969
2026-08-18 17:51:29.731,27358.2828
2026-08-18 17:51:30.147,27198.0096
2026-08-18 17:51:30.573,27068.7651
2026-08-18 17:51:30.986,26977.9645
2026-08-18 17:51:31.398,26924.2299
2026-08-18 17:51:31.813,26890.1689
2026-08-18 17:51:32.225,26867.077
2026-08-18 17:51:32.639,26850.1872
2026-08-18 17:51:33.101,26836.4897
2026-08-18 17:51:33.519,26844.582
2026-08-18 17:51:33.932,26860.21
2026-08-18 17:51:34.350,26880.8988
2026-08-18 17:51:34.763,26911.8118
2026-08-18 17:51:35.201,26962.1725
2026-08-18 17:51:35.627,27043.6693
2026-08-18 17:51:36.053,27164.8042
2026-08-18 17:51:36.465,27315.8121
2026-08-18 17:51:36.876,27477.1276
2026-08-18 17:51:37.307,27646.4938
2026-08-18 17:51:37.720,27828.5978
2026-08-18 17:51:38.132,28007.844
2026-08-18 17:51:38.546,28164.2882
2026-08-18 17:51:38.959,28048.8966
2026-08-18 17:51:39.425,27845.1508
2026-08-18 17:51:39.838,27668.3324
2026-08-18 17:51:40.264,27496.0707
2026-08-18 17:51:40.678,27325.7562
2026-08-18 17:51:41.090,27174.2516
2026-08-18 17:51:41.515,27052.72
2026-08-18 17:51:41.927,26969.2332
2026-08-18 17:51:42.340,26919.9605
2026-08-18 17:51:42.752,26888.2381
2026-08-18 17:51:43.165,26866.4104
2026-08-18 17:51:43.591,26850.8638
2026-08-18 17:51:44.073,26843.1229
2026-08-18 17:51:44.485,26857.4866
2026-08-18 17:51:44.899,26875.8502
2026-08-18 17:51:45.311,26900.9006
2026-08-18 17:51:45.740,26938.3361
2026-08-18 17:51:46.152,27001.3219
2026-08-18 17:51:46.565,27096.6605
2026-08-18 17:51:46.977,27226.547
2026-08-18 17:51:47.390,27379.5467
2026-08-18 17:51:47.802,27544.8642
2026-08-18 17:51:48.215,27716.6116
2026-08-18 17:51:48.628,27893.4567
2026-08-18 17:51:49.042,28073.2188
2026-08-18 17:51:49.473,28193.358
2026-08-18 17:51:49.887,28033.2786
2026-08-18 17:51:50.300,27852.7638
2026-08-18 17:51:50.733,27670.3695
2026-08-18 17:51:51.147,27496.3034
2026-08-18 17:51:51.565,27332.6167
2026-08-18 17:51:51.994,27180.9292
2026-08-18 17:51:52.409,27061.399
2026-08-18 17:51:52.820,26988.0741
2026-08-18 17:51:53.233,26940.4184
2026-08-18 17:51:53.647,26914.1044
2026-08-18 17:51:54.066,26891.981
2026-08-18 17:51:54.486,26875.4033
2026-08-18 17:51:54.899,26865.9513
2026-08-18 17:51:55.311,26864.7832
2026-08-18 17:51:55.738,26866.6337
2026-08-18 17:51:56.151,26866.9463
2026-08-18 17:51:56.572,26869.9675
2026-08-18 17:51:56.986,26868.7714
2026-08-18 17:51:57.400,26865.505
2026-08-18 17:51:57.827,26865.1489
2026-08-18 17:51:58.246,26867.9652
2026-08-18 17:51:58.675,26865.7518
2026-08-18 17:51:59.088,26866.1591
2026-08-18 17:51:59.516,26867.3253
2026-08-18 17:51:59.929,26870.3785
2026-08-18 17:52:00.342,26889.0076
2026-08-18 17:52:00.778,26910.5067
2026-08-18 17:52:01.191,26942.059
2026-08-18 17:52:01.603,26987.9387
2026-08-18 17:52:02.026,27058.6731
2026-08-18 17:52:02.441,27165.5248
2026-08-18 17:52:02.907,27321.0217
2026-08-18 17:52:03.321,27475.4819
2026-08-18 17:52:03.734,27639.9349
2026-08-18 17:52:04.161,27811.3144
2026-08-18 17:52:04.574,27993.443
2026-08-18 17:52:04.996,28173.2909
2026-08-18 17:52:05.422,28360.6408
2026-08-18 17:52:05.835,28553.0002
2026-08-18 17:52:06.264,28749.2574
2026-08-18 17:52:06.677,28941.7723
2026-08-18 17:52:07.099,29136.6387
2026-08-18 17:52:07.511,29337.9228
2026-08-18 17:52:07.933,29537.1958
2026-08-18 17:52:08.346,29743.7063
2026-08-18 17:52:08.759,29948.174
2026-08-18 17:52:09.193,30161.8927
2026-08-18 17:52:09.606,30375.5481
2026-08-18 17:52:10.033,30588.1102
2026-08-18 17:52:10.447,30811.0971
2026-08-18 17:52:10.858,30796.1405
2026-08-18 17:52:11.280,30581.578
2026-08-18 17:52:11.692,30365.0013
2026-08-18 17:52:12.105,30155.1399
2026-08-18 17:52:12.519,29946.9184
2026-08-18 17:52:12.947,29734.9146
2026-08-18 17:52:13.375,29525.1332
2026-08-18 17:52:13.793,29325.4744
2026-08-18 17:52:14.220,29126.7237
2026-08-18 17:52:14.644,28927.1078
2026-08-18 17:52:15.061,28729.2922
2026-08-18 17:52:15.475,28540.4783
2026-08-18 17:52:15.887,28354.6264
2026-08-18 17:52:16.307,28172.271
2026-08-18 17:52:16.722,27988.921
2026-08-18 17:52:17.161,27810.8761
2026-08-18 17:52:17.581,27627.8114
2026-08-18 17:52:17.996,27460.671
2026-08-18 17:52:18.409,27312.1494
2026-08-18 17:52:18.821,27198.9845
2026-08-18 17:52:19.248,27125.3296
2026-08-18 17:52:19.662,27081.6413
2026-08-18 17:52:20.080,27052.5538
2026-08-18 17:52:20.571,27028.0364
2026-08-18 17:52:20.999,27013.3985
2026-08-18 17:52:21.410,27003.9595
2026-08-18 17:52:21.834,27012.8503
2026-08-18 17:52:22.254,27026.8868
2026-08-18 17:52:22.670,27045.6563
2026-08-18 17:52:23.084,27072.9843
2026-08-18 17:52:23.496,27117.6307
2026-08-18 17:52:23.915,27192.109
2026-08-18 17:52:24.391,27324.1789
2026-08-18 17:52:24.804,27475.2006
2026-08-18 17:52:25.217,27637.6883
2026-08-18 17:52:25.628,27809.0039
2026-08-18 17:52:26.041,27985.928
2026-08-18 17:52:26.469,28166.1645
2026-08-18 17:52:26.882,28298.603
2026-08-18 17:52:27.306,28147.1153
2026-08-18 17:52:27.720,27961.2715
2026-08-18 17:52:28.145,27782.9734
2026-08-18 17:52:28.571,27605.3847
2026-08-18 17:52:28.985,27435.7773
2026-08-18 17:52:29.398,27288.2921
2026-08-18 17:52:29.811,27174.5278
2026-08-18 17:52:30.227,27101.3994
2026-08-18 17:52:30.639,27056.1844
2026-08-18 17:52:31.150,27022.3196
2026-08-18 17:52:31.562,27002.5537
2026-08-18 17:52:31.974,26988.9124
2026-08-18 17:52:32.387,26986.5524
2026-08-18 17:52:32.830,27001.1799
2026-08-18 17:52:33.249,27020.7786
2026-08-18 17:52:33.675,27046.9293
2026-08-18 17:52:34.087,27087.8987
2026-08-18 17:52:34.500,27152.3316
2026-08-18 17:52:34.931,27252.5124
2026-08-18 17:52:35.343,27393.3794
2026-08-18 17:52:35.755,27549.7004
2026-08-18 17:52:36.169,27716.9762
2026-08-18 17:52:36.589,27890.8992
2026-08-18 17:52:37.051,28092.8933
2026-08-18 17:52:37.476,28275.3433
2026-08-18 17:52:37.891,28272.5072
2026-08-18 17:52:38.305,28088.3315
2026-08-18 17:52:38.718,27908.0177
2026-08-18 17:52:39.154,27726.1354
2026-08-18 17:52:39.566,27553.1267
2026-08-18 17:52:39.979,27394.0556
2026-08-18 17:52:40.393,27256.028
2026-08-18 17:52:40.805,27155.4631
2026-08-18 17:52:41.228,27093.274
2026-08-18 17:52:41.731,27048.5176
2026-08-18 17:52:42.144,27023.9939
2026-08-18 17:52:42.559,27007.0909
2026-08-18 17:52:42.973,26994.6578
2026-08-18 17:52:43.399,27002.5748
2026-08-18 17:52:43.811,27019.1372
2026-08-18 17:52:44.239,27040.7239
2026-08-18 17:52:44.651,27073.3946
2026-08-18 17:52:45.089,27125.6915
2026-08-18 17:52:45.520,27210.9225
2026-08-18 17:52:45.933,27335.3443
2026-08-18 17:52:46.345,27483.1895
2026-08-18 17:52:46.764,27645.3719
2026-08-18 17:52:47.182,27819.1722
2026-08-18 17:52:47.613,27997.0009
2026-08-18 17:52:48.027,28184.4945
2026-08-18 17:52:48.454,28344.5277
2026-08-18 17:52:48.866,28223.2807
2026-08-18 17:52:49.280,28042.4138
2026-08-18 17:52:49.711,27864.0313
2026-08-18 17:52:50.125,27682.3238
2026-08-18 17:52:50.548,27514.8147
2026-08-18 17:52:50.962,27356.7185
2026-08-18 17:52:51.375,27229.2105
2026-08-18 17:52:51.788,27142.187
2026-08-18 17:52:52.199,27089.0823
2026-08-18 17:52:52.667,27055.0833
2026-08-18 17:52:53.115,27028.1573
2026-08-18 17:52:53.527,27012.2949
2026-08-18 17:52:53.940,27003.3718
2026-08-18 17:52:54.353,27003.6455
2026-08-18 17:52:54.795,27003.9469
2026-08-18 17:52:55.215,27004.9555
2026-08-18 17:52:55.629,27003.7268
2026-08-18 17:52:56.043,27002.8903
2026-08-18 17:52:56.470,27002.4873
2026-08-18 17:52:56.899,27002.2317
2026-08-18 17:52:57.316,27002.0959
2026-08-18 17:52:57.733,27001.8167
2026-08-18 17:52:58.147,27001.6631
2026-08-18 17:52:58.560,27001.0538
2026-08-18 17:52:59.005,27004.4534
2026-08-18 17:52:59.419,27022.4021
2026-08-18 17:52:59.834,27044.5063
2026-08-18 17:53:00.261,27075.3794
2026-08-18 17:53:00.678,27123.1735
2026-08-18 17:53:01.095,27194.5452
2026-08-18 17:53:01.508,27299.7465
2026-08-18 17:53:01.921,27435.4248
2026-08-18 17:53:02.355,27596.2368
2026-08-18 17:53:02.771,27765.2729
2026-08-18 17:53:03.192,27939.2015
2026-08-18 17:53:03.605,28121.1451
2026-08-18 17:53:04.022,28303.6037
2026-08-18 17:53:04.434,28489.9629
2026-08-18 17:53:04.847,28678.3498
2026-08-18 17:53:05.276,28875.5617
2026-08-18 17:53:05.738,29068.9844
2026-08-18 17:53:06.155,29288.959
2026-08-18 17:53:06.568,29488.1634
2026-08-18 17:53:06.982,29693.0191
2026-08-18 17:53:07.409,29903.0085
2026-08-18 17:53:07.821,30106.2246
2026-08-18 17:53:08.248,30313.1278
2026-08-18 17:53:08.661,30530.3185
2026-08-18 17:53:09.075,30743.0004
2026-08-18 17:53:09.489,30958.352
2026-08-18 17:53:09.915,30973.9101
2026-08-18 17:53:10.380,30728.8233
2026-08-18 17:53:10.793,30508.4606
2026-08-18 17:53:11.229,30289.2468
2026-08-18 17:53:11.642,30076.2718
2026-08-18 17:53:12.057,29870.4273
2026-08-18 17:53:12.475,29665.5164
2026-08-18 17:53:12.887,29462.8892
2026-08-18 17:53:13.299,29265.9211
2026-08-18 17:53:13.712,29071.8605
2026-08-18 17:53:14.137,28879.9539
2026-08-18 17:53:14.558,28684.3641
2026-08-18 17:53:14.970,28493.4397
2026-08-18 17:53:15.392,28310.7375
2026-08-18 17:53:15.809,28126.904
2026-08-18 17:53:16.225,27947.7941
2026-08-18 17:53:16.663,27773.8819
2026-08-18 17:53:17.085,27598.4018
2026-08-18 17:53:17.500,27448.6381
2026-08-18 17:53:17.913,27335.9735
2026-08-18 17:53:18.327,27267.0601
2026-08-18 17:53:18.765,27223.9111
2026-08-18 17:53:19.186,27192.7241
2026-08-18 17:53:19.599,27172.5274
2026-08-18 17:53:20.017,27156.955
2026-08-18 17:53:20.433,27146.114
2026-08-18 17:53:20.864,27153.1491
2026-08-18 17:53:21.290,27166.5043
2026-08-18 17:53:21.705,27184.1952
2026-08-18 17:53:22.119,27210.2174
2026-08-18 17:53:22.545,27254.6565
2026-08-18 17:53:22.969,27327.0792
2026-08-18 17:53:23.393,27442.0236
2026-08-18 17:53:23.820,27590.7941
2026-08-18 17:53:24.241,27758.6904
2026-08-18 17:53:24.654,27933.985
2026-08-18 17:53:25.065,28112.3189
2026-08-18 17:53:25.479,28293.523
2026-08-18 17:53:25.908,28448.4104
2026-08-18 17:53:26.321,28319.0469
2026-08-18 17:53:26.756,28130.5081
2026-08-18 17:53:27.170,27949.6755
2026-08-18 17:53:27.584,27776.3259
2026-08-18 17:53:28.003,27610.7364
2026-08-18 17:53:28.423,27458.0143
2026-08-18 17:53:28.849,27337.2989
2026-08-18 17:53:29.270,27258.2039
2026-08-18 17:53:29.683,27211.6937
2026-08-18 17:53:30.099,27181.4918
2026-08-18 17:53:30.516,27160.6451
2026-08-18 17:53:30.982,27144.8927
2026-08-18 17:53:31.410,27138.4647
2026-08-18 17:53:31.823,27153.5204
2026-08-18 17:53:32.236,27171.7642
2026-08-18 17:53:32.671,27196.9982
2026-08-18 17:53:33.086,27234.7669
2026-08-18 17:53:33.503,27295.1613
2026-08-18 17:53:33.918,27390.6846
2026-08-18 17:53:34.330,27521.812
2026-08-18 17:53:34.762,27681.6873
2026-08-18 17:53:35.174,27850.7333
2026-08-18 17:53:35.607,28030.0879
2026-08-18 17:53:36.019,28211.6353
2026-08-18 17:53:36.447,28399.9206
2026-08-18 17:53:36.874,28476.377
2026-08-18 17:53:37.301,28298.6252
2026-08-18 17:53:37.716,28111.3854
2026-08-18 17:53:38.133,27932.6668
2026-08-18 17:53:38.560,27758.8802
2026-08-18 17:53:38.973,27590.0049
2026-08-18 17:53:39.386,27445.2817
2026-08-18 17:53:39.813,27335.5211
2026-08-18 17:53:40.225,27264.4006
2026-08-18 17:53:40.638,27222.0571
2026-08-18 17:53:41.052,27195.0204
2026-08-18 17:53:41.477,27175.9413
2026-08-18 17:53:41.904,27161.58
2026-08-18 17:53:42.319,27160.4782
2026-08-18 17:53:42.736,27176.8935
2026-08-18 17:53:43.151,27197.0414
2026-08-18 17:53:43.564,27224.7198
2026-08-18 17:53:43.994,27266.6308
2026-08-18 17:53:44.408,27337.945
2026-08-18 17:53:44.821,27446.4137
2026-08-18 17:53:45.233,27587.3142
2026-08-18 17:53:45.648,27748.4808
2026-08-18 17:53:46.062,27918.1103
2026-08-18 17:53:46.475,28086.1325
2026-08-18 17:53:46.888,28263.0969
2026-08-18 17:53:47.304,28443.7764
2026-08-18 17:53:47.718,28502.3175
2026-08-18 17:53:48.137,28320.5275
2026-08-18 17:53:48.552,28136.5892
2026-08-18 17:53:48.964,27958.2363
2026-08-18 17:53:49.377,27785.6584
2026-08-18 17:53:49.812,27619.9581
2026-08-18 17:53:50.238,27461.1912
2026-08-18 17:53:50.651,27351.4244
2026-08-18 17:53:51.065,27281.1412
2026-08-18 17:53:51.484,27237.5214
2026-08-18 17:53:51.912,27208.6244
2026-08-18 17:53:52.325,27187.9129
2026-08-18 17:53:52.736,27172.9891
2026-08-18 17:53:53.151,27166.8393
2026-08-18 17:53:53.564,27167.5972
2026-08-18 17:53:53.976,27169.4945
2026-08-18 17:53:54.441,27170.1857
2026-08-18 17:53:54.861,27168.7858
2026-08-18 17:53:55.274,27167.1169
2026-08-18 17:53:55.687,27166.1578
2026-08-18 17:53:56.099,27165.6167
2026-08-18 17:53:56.514,27165.1538
2026-08-18 17:53:56.953,27164.7818
2026-08-18 17:53:57.366,27164.2161
2026-08-18 17:53:57.777,27163.6054
2026-08-18 17:53:58.190,27170.7756
2026-08-18 17:53:58.616,27188.8164
2026-08-18 17:53:59.071,27215.6928
2026-08-18 17:53:59.484,27250.1912
2026-08-18 17:53:59.898,27302.369
2026-08-18 17:54:00.311,27383.0461
2026-08-18 17:54:00.727,27497.5429
2026-08-18 17:54:01.141,27641.6047
2026-08-18 17:54:01.575,27807.8678
2026-08-18 17:54:02.003,27979.2141
2026-08-18 17:54:02.416,28160.1869
2026-08-18 17:54:02.829,28339.5526
2026-08-18 17:54:03.242,28521.5728
2026-08-18 17:54:03.704,28707.026
2026-08-18 17:54:04.133,28919.1352
2026-08-18 17:54:04.547,29115.5245
2026-08-18 17:54:04.960,29309.801
2026-08-18 17:54:05.372,29505.2447
2026-08-18 17:54:05.797,29703.2353
2026-08-18 17:54:06.226,29912.3373
2026-08-18 17:54:06.654,30121.0979
2026-08-18 17:54:07.070,30334.3851
2026-08-18 17:54:07.486,30544.8291
2026-08-18 17:54:07.915,30756.4034
2026-08-18 17:54:08.331,30977.5404
2026-08-18 17:54:08.744,31164.5136
2026-08-18 17:54:09.156,31024.5434
2026-08-18 17:54:09.569,30801.2295
2026-08-18 17:54:09.983,30580.973
2026-08-18 17:54:10.398,30363.9059
2026-08-18 17:54:10.810,30150.4498
2026-08-18 17:54:11.224,29941.9314
2026-08-18 17:54:11.638,29735.29
2026-08-18 17:54:12.051,29532.4337
2026-08-18 17:54:12.464,29332.7709
2026-08-18 17:54:12.934,29111.2629
2026-08-18 17:54:13.347,28915.547
2026-08-18 17:54:13.770,28724.4473
2026-08-18 17:54:14.188,28531.9715
2026-08-18 17:54:14.601,28345.0514
2026-08-18 17:54:15.025,28163.853
2026-08-18 17:54:15.443,27981.2471
2026-08-18 17:54:15.858,27806.0237
2026-08-18 17:54:16.271,27641.6237
2026-08-18 17:54:16.687,27500.5423
2026-08-18 17:54:17.114,27397.599
2026-08-18 17:54:17.538,27331.4796
2026-08-18 17:54:17.952,27289.7447
2026-08-18 17:54:18.365,27260.6598
2026-08-18 17:54:18.790,27239.1712
2026-08-18 17:54:19.206,27221.7607
2026-08-18 17:54:19.643,27210.6721
2026-08-18 17:54:20.068,27217.3638
2026-08-18 17:54:20.479,27228.1558
2026-08-18 17:54:20.897,27244.5447
2026-08-18 17:54:21.324,27271.4501
2026-08-18 17:54:21.750,27318.9898
2026-08-18 17:54:22.178,27403.8489
2026-08-18 17:54:22.600,27524.2399
2026-08-18 17:54:23.013,27676.729
2026-08-18 17:54:23.426,27839.3003
2026-08-18 17:54:23.848,28010.3495
2026-08-18 17:54:24.272,28188.8461
2026-08-18 17:54:24.685,28371.7446
2026-08-18 17:54:25.107,28458.2666
2026-08-18 17:54:25.534,28280.0583
2026-08-18 17:54:25.960,28089.8484
2026-08-18 17:54:26.387,27905.3845
2026-08-18 17:54:26.799,27726.5524
2026-08-18 17:54:27.225,27562.9422
2026-08-18 17:54:27.638,27415.1613
2026-08-18 17:54:28.051,27309.388
2026-08-18 17:54:28.464,27242.5439
2026-08-18 17:54:28.906,27199.3937
2026-08-18 17:54:29.319,27169.9225
2026-08-18 17:54:29.733,27149.4189
2026-08-18 17:54:30.147,27134.0942
2026-08-18 17:54:30.572,27130.7491
2026-08-18 17:54:31.049,27146.1462
2026-08-18 17:54:31.462,27164.0783
2026-08-18 17:54:31.874,27189.5166
2026-08-18 17:54:32.301,27230.7162
2026-08-18 17:54:32.713,27296.5665
2026-08-18 17:54:33.131,27398.0298
2026-08-18 17:54:33.551,27534.2387
2026-08-18 17:54:33.964,27691.147
2026-08-18 17:54:34.386,27855.3428
2026-08-18 17:54:34.803,28030.0601
2026-08-18 17:54:35.234,28206.7295
2026-08-18 17:54:35.658,28392.4817
2026-08-18 17:54:36.076,28367.381
2026-08-18 17:54:36.488,28181.7375
2026-08-18 17:54:36.928,27995.8194
2026-08-18 17:54:37.355,27812.9467
2026-08-18 17:54:37.783,27639.492
2026-08-18 17:54:38.200,27476.1407
2026-08-18 17:54:38.613,27341.2482
2026-08-18 17:54:39.028,27247.0698
2026-08-18 17:54:39.487,27183.111
2026-08-18 17:54:39.918,27146.4452
2026-08-18 17:54:40.330,27121.7458
2026-08-18 17:54:40.757,27103.4137
2026-08-18 17:54:41.174,27091.681
2026-08-18 17:54:41.587,27100.0011
2026-08-18 17:54:42.001,27115.1412
2026-08-18 17:54:42.413,27135.6952
2026-08-18 17:54:42.827,27166.2768
2026-08-18 17:54:43.246,27215.1653
2026-08-18 17:54:43.712,27308.2215
2026-08-18 17:54:44.124,27428.1711
2026-08-18 17:54:44.537,27573.9491
2026-08-18 17:54:44.950,27734.0242
2026-08-18 17:54:45.364,27901.4544
2026-08-18 17:54:45.796,28074.7336
2026-08-18 17:54:46.208,28259.4442
2026-08-18 17:54:46.642,28410.0196
2026-08-18 17:54:47.055,28277.5113
2026-08-18 17:54:47.469,28096.8026
2026-08-18 17:54:47.884,27918.6969
2026-08-18 17:54:48.298,27745.4023
2026-08-18 17:54:48.715,27578.6433
2026-08-18 17:54:49.126,27423.5453
2026-08-18 17:54:49.549,27297.5896
2026-08-18 17:54:49.963,27209.6788
2026-08-18 17:54:50.377,27156.958
2026-08-18 17:54:50.790,27122.9149
2026-08-18 17:54:51.209,27099.2945
2026-08-18 17:54:51.621,27081.9989
2026-08-18 17:54:52.040,27070.3116
2026-08-18 17:54:52.458,27069.1571
2026-08-18 17:54:52.872,27067.9617
2026-08-18 17:54:53.285,27068.1412
2026-08-18 17:54:53.699,27066.38
2026-08-18 17:54:54.128,27064.4165
2026-08-18 17:54:54.561,27062.517
2026-08-18 17:54:54.975,27060.9942
2026-08-18 17:54:55.402,27059.7288
2026-08-18 17:54:55.825,27058.5992
2026-08-18 17:54:56.251,27057.6862
2026-08-18 17:54:56.662,27057.0598
2026-08-18 17:54:57.091,27058.7877
2026-08-18 17:54:57.504,27072.9932
2026-08-18 17:54:57.930,27092.4611
2026-08-18 17:54:58.342,27120.4297
2026-08-18 17:54:58.757,27160.8811
2026-08-18 17:54:59.173,27223.9874
2026-08-18 17:54:59.586,27320.6095
2026-08-18 17:55:00.026,27450.5459
2026-08-18 17:55:00.442,27603.0251
2026-08-18 17:55:00.882,27765.2539
2026-08-18 17:55:01.293,27944.1955
2026-08-18 17:55:01.705,28116.5913
2026-08-18 17:55:02.119,28292.6703
2026-08-18 17:55:02.531,28472.9348
2026-08-18 17:55:02.997,28678.8871
2026-08-18 17:55:03.419,28864.5425
2026-08-18 17:55:03.846,29057.5245
2026-08-18 17:55:04.259,29254.5496
2026-08-18 17:55:04.672,29447.9584
2026-08-18 17:55:05.091,29643.0528
2026-08-18 17:55:05.515,29844.2454
2026-08-18 17:55:05.928,30049.88
2026-08-18 17:55:06.340,30252.4001
2026-08-18 17:55:06.753,30457.2749
2026-08-18 17:55:07.192,30665.0375
2026-08-18 17:55:07.605,30888.3294
2026-08-18 17:55:08.018,30956.4273
2026-08-18 17:55:08.431,30745.998
2026-08-18 17:55:08.850,30532.764
2026-08-18 17:55:09.310,30294.0762
2026-08-18 17:55:09.730,30086.821
2026-08-18 17:55:10.158,29877.9498
2026-08-18 17:55:10.574,29669.2912
2026-08-18 17:55:10.988,29468.6791
2026-08-18 17:55:11.419,29272.1978
2026-08-18 17:55:11.846,29063.557
2026-08-18 17:55:12.259,28872.8262
2026-08-18 17:55:12.683,28684.6028
2026-08-18 17:55:13.096,28494.2231
2026-08-18 17:55:13.509,28312.0047
2026-08-18 17:55:13.934,28132.8574
2026-08-18 17:55:14.346,27951.618
2026-08-18 17:55:14.782,27773.9326
2026-08-18 17:55:15.196,27605.4975
2026-08-18 17:55:15.610,27455.2013
2026-08-18 17:55:16.023,27337.2435
2026-08-18 17:55:16.437,27260.949
2026-08-18 17:55:16.848,27213.7386
2026-08-18 17:55:17.265,27182.0547
2026-08-18 17:55:17.685,27158.6296
2026-08-18 17:55:18.178,27138.1588
2026-08-18 17:55:18.592,27126.0675
2026-08-18 17:55:19.003,27130.1066
2026-08-18 17:55:19.415,27142.1216
2026-08-18 17:55:19.875,27159.8703
2026-08-18 17:55:20.295,27184.4516
2026-08-18 17:55:20.708,27225.823
2026-08-18 17:55:21.120,27294.414
2026-08-18 17:55:21.580,27400.3105
2026-08-18 17:55:22.006,27558.2517
2026-08-18 17:55:22.423,27719.5784
2026-08-18 17:55:22.838,27888.5857
2026-08-18 17:55:23.253,28062.9903
2026-08-18 17:55:23.667,28240.877
2026-08-18 17:55:24.083,28389.2168
2026-08-18 17:55:24.495,28263.2795
2026-08-18 17:55:24.915,28083.9076
2026-08-18 17:55:25.331,27904.023
2026-08-18 17:55:25.744,27731.3276
2026-08-18 17:55:26.158,27567.0327
2026-08-18 17:55:26.570,27416.7079
2026-08-18 17:55:26.982,27296.9986
2026-08-18 17:55:27.405,27217.4108
2026-08-18 17:55:27.820,27168.1803
2026-08-18 17:55:28.238,27136.5547
2026-08-18 17:55:28.650,27114.9872
2026-08-18 17:55:29.076,27099.3396
2026-08-18 17:55:29.490,27089.6357
2026-08-18 17:55:29.902,27100.1149
2026-08-18 17:55:30.313,27116.1322
2026-08-18 17:55:30.735,27137.4943
2026-08-18 17:55:31.156,27169.9022
2026-08-18 17:55:31.571,27221.4456
2026-08-18 17:55:31.988,27304.5504
2026-08-18 17:55:32.415,27425.3422
2026-08-18 17:55:32.844,27575.4062
2026-08-18 17:55:33.257,27742.7769
2026-08-18 17:55:33.669,27911.4215
2026-08-18 17:55:34.082,28085.4207
2026-08-18 17:55:34.494,28262.625
2026-08-18 17:55:34.933,28407.6325
2026-08-18 17:55:35.350,28268.6257
2026-08-18 17:55:35.765,28087.223
2026-08-18 17:55:36.191,27910.3179
2026-08-18 17:55:36.605,27733.5532
2026-08-18 17:55:37.036,27569.4893
2026-08-18 17:55:37.449,27413.7535
2026-08-18 17:55:37.877,27292.1514
2026-08-18 17:55:38.296,27215.4884
2026-08-18 17:55:38.709,27167.3985
2026-08-18 17:55:39.145,27136.6547
2026-08-18 17:55:39.572,27113.0583
2026-08-18 17:55:39.993,27095.5957
2026-08-18 17:55:40.410,27088.6194
2026-08-18 17:55:40.822,27102.0432
2026-08-18 17:55:41.252,27119.5271
2026-08-18 17:55:41.665,27145.1262
2026-08-18 17:55:42.084,27182.5255
2026-08-18 17:55:42.497,27243.6707
2026-08-18 17:55:42.922,27338.2763
2026-08-18 17:55:43.379,27487.7212
2026-08-18 17:55:43.791,27641.8876
2026-08-18 17:55:44.216,27806.3294
2026-08-18 17:55:44.628,27982.8927
2026-08-18 17:55:45.041,28158.1956
2026-08-18 17:55:45.474,28345.3608
2026-08-18 17:55:45.907,28396.2513
2026-08-18 17:55:46.320,28214.5524
2026-08-18 17:55:46.731,28036.4199
2026-08-18 17:55:47.145,27862.1351
2026-08-18 17:55:47.572,27692.6105
2026-08-18 17:55:47.999,27525.9128
2026-08-18 17:55:48.412,27378.6927
2026-08-18 17:55:48.826,27271.6865
2026-08-18 17:55:49.239,27203.2196
2026-08-18 17:55:49.668,27160.8525
2026-08-18 17:55:50.081,27132.2361
2026-08-18 17:55:50.509,27112.1948
2026-08-18 17:55:50.922,27098.3343
2026-08-18 17:55:51.335,27093.5647
2026-08-18 17:55:51.770,27093.8636
2026-08-18 17:55:52.182,27095.1484
2026-08-18 17:55:52.601,27094.4602
2026-08-18 17:55:53.015,27093.3441
2026-08-18 17:55:53.429,27092.5001
2026-08-18 17:55:53.872,27091.9252
2026-08-18 17:55:54.285,27091.3295
2026-08-18 17:55:54.708,27090.6126
2026-08-18 17:55:55.120,27090.3149
2026-08-18 17:55:55.547,27089.895
2026-08-18 17:55:56.009,27089.6895
2026-08-18 17:55:56.423,27099.9278
2026-08-18 17:55:56.835,27118.3202
2026-08-18 17:55:57.252,27142.2355
2026-08-18 17:55:57.664,27176.7664
2026-08-18 17:55:58.094,27230.7481
2026-08-18 17:55:58.508,27312.612
2026-08-18 17:55:58.925,27427.8708
2026-08-18 17:55:59.352,27572.2428
2026-08-18 17:55:59.769,27736.3803
2026-08-18 17:56:00.198,27904.4723
2026-08-18 17:56:00.611,28083.892
2026-08-18 17:56:01.032,28260.4508
2026-08-18 17:56:01.457,28443.5524
2026-08-18 17:56:01.879,28631.3985
2026-08-18 17:56:02.301,28821.1179
2026-08-18 17:56:02.725,29013.481
2026-08-18 17:56:03.137,29209.1673
2026-08-18 17:56:03.551,29401.8396
2026-08-18 17:56:03.964,29598.2289
2026-08-18 17:56:04.405,29797.1778
2026-08-18 17:56:04.816,30011.7776
2026-08-18 17:56:05.238,30214.5091
2026-08-18 17:56:05.651,30424.2341
2026-08-18 17:56:06.063,30632.4441
2026-08-18 17:56:06.482,30842.1976
2026-08-18 17:56:06.974,31041.0341
2026-08-18 17:56:07.386,30871.4521
2026-08-18 17:56:07.813,30657.7052
2026-08-18 17:56:08.225,30438.7639
2026-08-18 17:56:08.656,30229.6279
2026-08-18 17:56:09.070,30014.2491
2026-08-18 17:56:09.483,29810.786
2026-08-18 17:56:09.896,29610.5393
2026-08-18 17:56:10.310,29413.1418
2026-08-18 17:56:10.726,29218.2379
2026-08-18 17:56:11.142,29024.5999
2026-08-18 17:56:11.555,28832.9673
2026-08-18 17:56:11.966,28644.9601
2026-08-18 17:56:12.384,28460.0497
2026-08-18 17:56:12.802,28276.208
2026-08-18 17:56:13.232,28093.4822
2026-08-18 17:56:13.647,27913.7036
2026-08-18 17:56:14.059,27744.1445
2026-08-18 17:56:14.477,27585.7075
2026-08-18 17:56:14.905,27447.5588
2026-08-18 17:56:15.318,27348.4074
2026-08-18 17:56:15.730,27290.2262
2026-08-18 17:56:16.150,27252.9297
2026-08-18 17:56:16.563,27226.7825
2026-08-18 17:56:16.975,27207.6162
2026-08-18 17:56:17.387,27193.0665
2026-08-18 17:56:17.810,27185.7083
2026-08-18 17:56:18.271,27196.674
2026-08-18 17:56:18.691,27209.9248
2026-08-18 17:56:19.103,27229.4827
2026-08-18 17:56:19.530,27260.8239
2026-08-18 17:56:19.944,27311.4495
2026-08-18 17:56:20.370,27395.4091
2026-08-18 17:56:20.782,27521.2665
2026-08-18 17:56:21.198,27670.2879
2026-08-18 17:56:21.615,27834.9026
2026-08-18 17:56:22.028,28006.5698
2026-08-18 17:56:22.494,28205.1594
2026-08-18 17:56:22.927,28390.7576
2026-08-18 17:56:23.340,28433.4229
2026-08-18 17:56:23.753,28252.4944
2026-08-18 17:56:24.171,28073.7919
2026-08-18 17:56:24.588,27894.6165
2026-08-18 17:56:25.007,27725.5613
2026-08-18 17:56:25.429,27563.6944
2026-08-18 17:56:25.842,27422.4133
2026-08-18 17:56:26.256,27322.0809
2026-08-18 17:56:26.689,27259.7638
2026-08-18 17:56:27.101,27219.158
2026-08-18 17:56:27.529,27192.885
2026-08-18 17:56:27.947,27173.1832
2026-08-18 17:56:28.362,27159.0953
2026-08-18 17:56:28.802,27159.2817
2026-08-18 17:56:29.215,27174.5264
2026-08-18 17:56:29.627,27192.6704
2026-08-18 17:56:30.053,27218.6956
2026-08-18 17:56:30.480,27260.8553
2026-08-18 17:56:30.895,27330.1641
2026-08-18 17:56:31.322,27439.396
2026-08-18 17:56:31.735,27576.6113
2026-08-18 17:56:32.149,27733.4224
2026-08-18 17:56:32.565,27899.8293
2026-08-18 17:56:33.002,28073.7146
2026-08-18 17:56:33.415,28260.3727
2026-08-18 17:56:33.838,28439.7025
2026-08-18 17:56:34.252,28405.6499
2026-08-18 17:56:34.684,28217.9551
2026-08-18 17:56:35.103,28037.638
2026-08-18 17:56:35.516,27861.487
2026-08-18 17:56:35.934,27693.5015
2026-08-18 17:56:36.347,27533.8633
2026-08-18 17:56:36.766,27399.842
2026-08-18 17:56:37.183,27302.9215
2026-08-18 17:56:37.598,27243.4661
2026-08-18 17:56:38.040,27206.6105
2026-08-18 17:56:38.453,27180.3476
2026-08-18 17:56:38.881,27162.4257
2026-08-18 17:56:39.293,27150.145
2026-08-18 17:56:39.706,27157.5678
2026-08-18 17:56:40.131,27173.6499
2026-08-18 17:56:40.557,27195.3462
2026-08-18 17:56:40.968,27226.8501
2026-08-18 17:56:41.381,27274.7001
2026-08-18 17:56:41.817,27355.4095
2026-08-18 17:56:42.236,27473.3805
2026-08-18 17:56:42.662,27621.533
2026-08-18 17:56:43.080,27788.683
2026-08-18 17:56:43.494,27958.1363
2026-08-18 17:56:43.907,28131.8696
2026-08-18 17:56:44.338,28308.8691
2026-08-18 17:56:44.751,28480.0307
2026-08-18 17:56:45.163,28379.3475
2026-08-18 17:56:45.576,28198.6399
2026-08-18 17:56:45.989,28020.9681
2026-08-18 17:56:46.413,27847.6479
2026-08-18 17:56:46.839,27676.2433
2026-08-18 17:56:47.297,27500.6283
2026-08-18 17:56:47.710,27374.7387
2026-08-18 17:56:48.126,27288.953
2026-08-18 17:56:48.539,27235.8966
2026-08-18 17:56:48.952,27202.3807
2026-08-18 17:56:49.385,27179.3588
2026-08-18 17:56:49.797,27162.3253
2026-08-18 17:56:50.214,27151.6263
2026-08-18 17:56:50.641,27151.3506
2026-08-18 17:56:51.059,27151.7963
2026-08-18 17:56:51.491,27152.8981
2026-08-18 17:56:51.916,27152.0341
2026-08-18 17:56:52.333,27150.6685
2026-08-18 17:56:52.746,27149.4779
2026-08-18 17:56:53.175,27148.7528
2026-08-18 17:56:53.590,27148.0998
2026-08-18 17:56:54.018,27147.4549
2026-08-18 17:56:54.431,27147.0582
2026-08-18 17:56:54.845,27146.7773
2026-08-18 17:56:55.256,27148.48
2026-08-18 17:56:55.691,27160.0152
2026-08-18 17:56:56.103,27178.9127
2026-08-18 17:56:56.514,27205.6429
2026-08-18 17:56:56.926,27245.5807
2026-08-18 17:56:57.339,27307.8139
2026-08-18 17:56:57.811,27402.3317
2026-08-18 17:56:58.255,27559.7702
2026-08-18 17:56:58.668,27712.7415
2026-08-18 17:56:59.080,27876.6831
2026-08-18 17:56:59.557,28069.049
2026-08-18 17:56:59.971,28250.3702
2026-08-18 17:57:00.398,28436.9776
2026-08-18 17:57:00.810,28620.0681
2026-08-18 17:57:01.275,28829.2479
2026-08-18 17:57:01.694,29016.3401
2026-08-18 17:57:02.106,29209.8082
2026-08-18 17:57:02.534,29408.5426
2026-08-18 17:57:02.946,29603.7075
2026-08-18 17:57:03.370,29800.2007
2026-08-18 17:57:03.798,30012.3954
2026-08-18 17:57:04.234,30222.0869
2026-08-18 17:57:04.650,30432.1784
2026-08-18 17:57:05.067,30640.776
2026-08-18 17:57:05.498,30852.3781
2026-08-18 17:57:05.917,31063.7362
2026-08-18 17:57:06.344,30985.6852
2026-08-18 17:57:06.761,30763.0985
2026-08-18 17:57:07.179,30548.2072
2026-08-18 17:57:07.605,30334.5426
2026-08-18 17:57:08.031,30119.8724
2026-08-18 17:57:08.444,29908.5507
2026-08-18 17:57:08.857,29706.8095
2026-08-18 17:57:09.271,29507.8684
2026-08-18 17:57:09.686,29311.2341
2026-08-18 17:57:10.100,29116.9099
2026-08-18 17:57:10.514,28925.7581
2026-08-18 17:57:10.926,28737.3669
2026-08-18 17:57:11.352,28546.3694
2026-08-18 17:57:11.784,28364.2814
2026-08-18 17:57:12.196,28177.3131
2026-08-18 17:57:12.618,28002.0725
2026-08-18 17:57:13.031,27826.7548
2026-08-18 17:57:13.492,27663.8692
2026-08-18 17:57:13.918,27503.9389
2026-08-18 17:57:14.332,27400.1406
2026-08-18 17:57:14.755,27337.4564
2026-08-18 17:57:15.169,27296.2889
2026-08-18 17:57:15.581,27268.8055
2026-08-18 17:57:15.997,27248.7903
2026-08-18 17:57:16.423,27233.6323
2026-08-18 17:57:16.836,27224.0658
2026-08-18 17:57:17.254,27232.1005
2026-08-18 17:57:17.680,27244.566
2026-08-18 17:57:18.094,27262.1525
2026-08-18 17:57:18.511,27288.6987
2026-08-18 17:57:18.923,27333.2085
2026-08-18 17:57:19.337,27407.1791
2026-08-18 17:57:19.748,27519.7148
2026-08-18 17:57:20.217,27662.2962
2026-08-18 17:57:20.663,27856.6456
2026-08-18 17:57:21.076,28027.038
2026-08-18 17:57:21.489,28201.7736
2026-08-18 17:57:21.902,28380.1416
2026-08-18 17:57:22.343,28489.4441
2026-08-18 17:57:22.756,28317.6638
2026-08-18 17:57:23.169,28138.2028
2026-08-18 17:57:23.582,27962.4831
2026-08-18 17:57:24.007,27791.3379
2026-08-18 17:57:24.469,27607.3691
2026-08-18 17:57:24.884,27465.3647
2026-08-18 17:57:25.307,27360.3021
2026-08-18 17:57:25.733,27293.7598
2026-08-18 17:57:26.150,27252.6401
2026-08-18 17:57:26.563,27225.93
2026-08-18 17:57:26.979,27207.1244
2026-08-18 17:57:27.393,27193.0416
2026-08-18 17:57:27.818,27190.8924
2026-08-18 17:57:28.229,27204.6783
2026-08-18 17:57:28.659,27221.7064
2026-08-18 17:57:29.072,27247.1822
2026-08-18 17:57:29.485,27284.7789
2026-08-18 17:57:29.898,27346.2968
2026-08-18 17:57:30.363,27443.2284
2026-08-18 17:57:30.785,27594.814
2026-08-18 17:57:31.198,27751.9543
2026-08-18 17:57:31.610,27917.6141
2026-08-18 17:57:32.025,28089.283
2026-08-18 17:57:32.441,28266.3894
2026-08-18 17:57:32.870,28447.0383
2026-08-18 17:57:33.282,28460.4491
2026-08-18 17:57:33.695,28278.1702
2026-08-18 17:57:34.116,28099.6598
2026-08-18 17:57:34.532,27921.5058
2026-08-18 17:57:34.999,27728.8361
2026-08-18 17:57:35.413,27569.9138
2026-08-18 17:57:35.834,27433.5137
2026-08-18 17:57:36.247,27334.5841
2026-08-18 17:57:36.659,27274.4564
2026-08-18 17:57:37.084,27236.9224
2026-08-18 17:57:37.498,27210.948
2026-08-18 17:57:37.924,27193.2779
2026-08-18 17:57:38.336,27179.9548
2026-08-18 17:57:38.797,27185.1213
2026-08-18 17:57:39.219,27203.3796
2026-08-18 17:57:39.631,27224.7498
2026-08-18 17:57:40.044,27255.1732
2026-08-18 17:57:40.456,27302.7935
2026-08-18 17:57:40.880,27379.7353
2026-08-18 17:57:41.323,27496.8041
2026-08-18 17:57:41.741,27651.5101
2026-08-18 17:57:42.153,27813.6834
2026-08-18 17:57:42.581,27987.4106
2026-08-18 17:57:42.994,28161.3544
2026-08-18 17:57:43.409,28338.3795
2026-08-18 17:57:43.821,28505.3715
2026-08-18 17:57:44.246,28411.5839
2026-08-18 17:57:44.659,28225.7074
2026-08-18 17:57:45.095,28042.189
2026-08-18 17:57:45.515,27864.7434
2026-08-18 17:57:45.936,27695.6288
2026-08-18 17:57:46.350,27537.6584
2026-08-18 17:57:46.764,27408.594
2026-08-18 17:57:47.175,27319.7338
2026-08-18 17:57:47.613,27265.1238
2026-08-18 17:57:48.025,27228.7776
2026-08-18 17:57:48.460,27204.6726
2026-08-18 17:57:48.874,27187.919
2026-08-18 17:57:49.301,27176.9771
2026-08-18 17:57:49.727,27176.7114
2026-08-18 17:57:50.139,27177.0178
2026-08-18 17:57:50.552,27177.6851
2026-08-18 17:57:50.964,27176.2068
2026-08-18 17:57:51.376,27175.0963
2026-08-18 17:57:51.790,27174.4506
2026-08-18 17:57:52.204,27173.7822
2026-08-18 17:57:52.627,27174.0722
2026-08-18 17:57:53.133,27174.5417
2026-08-18 17:57:53.558,27174.4406
2026-08-18 17:57:53.971,27173.6514
2026-08-18 17:57:54.383,27176.6362
2026-08-18 17:57:54.810,27193.0354
2026-08-18 17:57:55.243,27215.5988
2026-08-18 17:57:55.670,27245.18
2026-08-18 17:57:56.084,27290.794
2026-08-18 17:57:56.514,27362.4822
2026-08-18 17:57:56.927,27466.1832
2026-08-18 17:57:57.341,27600.0051
2026-08-18 17:57:57.754,27753.4654
2026-08-18 17:57:58.181,27922.5742
2026-08-18 17:57:58.593,28092.9158
2026-08-18 17:57:59.008,28268.6439
2026-08-18 17:57:59.430,28448.6841
2026-08-18 17:57:59.844,28635.7207
2026-08-18 17:58:00.272,28829.4073
2026-08-18 17:58:00.697,29021.1507
2026-08-18 17:58:01.112,29213.2098
2026-08-18 17:58:01.525,29404.1562
2026-08-18 17:58:01.941,29598.228
2026-08-18 17:58:02.368,29798.2464
2026-08-18 17:58:02.827,30003.7534
2026-08-18 17:58:03.258,30231.6744
2026-08-18 17:58:03.671,30443.0467
2026-08-18 17:58:04.091,30650.5425
2026-08-18 17:58:04.518,30865.0947
2026-08-18 17:58:04.933,31085.1737
2026-08-18 17:58:05.367,31062.082
2026-08-18 17:58:05.780,30843.5057
2026-08-18 17:58:06.193,30630.4158
2026-08-18 17:58:06.626,30412.6126
2026-08-18 17:58:07.042,30202.1063
2026-08-18 17:58:07.454,29995.6499
2026-08-18 17:58:07.868,29794.0923
2026-08-18 17:58:08.282,29594.5058
2026-08-18 17:58:08.714,29391.4485
2026-08-18 17:58:09.130,29196.0567
2026-08-18 17:58:09.560,29000.8399
2026-08-18 17:58:09.972,28806.917
2026-08-18 17:58:10.384,28622.4615
2026-08-18 17:58:10.807,28440.8497
2026-08-18 17:58:11.220,28257.6934
2026-08-18 17:58:11.656,28076.0887
2026-08-18 17:58:12.071,27900.629
2026-08-18 17:58:12.484,27736.3392
2026-08-18 17:58:12.896,27590.1885
2026-08-18 17:58:13.312,27479.4677
2026-08-18 17:58:13.724,27407.462
2026-08-18 17:58:14.191,27362.9878
2026-08-18 17:58:14.608,27329.774
2026-08-18 17:58:15.022,27309.0388
2026-08-18 17:58:15.435,27293.3015
2026-08-18 17:58:15.861,27282.5307
2026-08-18 17:58:16.272,27289.465
2026-08-18 17:58:16.701,27302.4767
2026-08-18 17:58:17.114,27319.4598
2026-08-18 17:58:17.526,27344.9381
2026-08-18 17:58:17.953,27386.2907
2026-08-18 17:58:18.367,27458.5385
2026-08-18 17:58:18.808,27567.582
2026-08-18 17:58:19.226,27719.2731
2026-08-18 17:58:19.639,27882.0197
2026-08-18 17:58:20.051,28051.5783
2026-08-18 17:58:20.512,28227.0288
2026-08-18 17:58:20.931,28429.8134
2026-08-18 17:58:21.353,28571.0125
2026-08-18 17:58:21.767,28430.3542
2026-08-18 17:58:22.180,28250.9728
2026-08-18 17:58:22.598,28078.3839
2026-08-18 17:58:23.014,27906.0876
2026-08-18 17:58:23.427,27740.7212
2026-08-18 17:58:23.857,27586.2243
2026-08-18 17:58:24.269,27472.1254
2026-08-18 17:58:24.683,27396.618
2026-08-18 17:58:25.120,27350.7101
2026-08-18 17:58:25.538,27315.8883
2026-08-18 17:58:25.957,27292.8721
2026-08-18 17:58:26.371,27276.834
2026-08-18 17:58:26.786,27269.3423
2026-08-18 17:58:27.232,27281.6623
2026-08-18 17:58:27.645,27299.6399
2026-08-18 17:58:28.062,27322.9315
2026-08-18 17:58:28.475,27357.9524
2026-08-18 17:58:28.886,27413.6079
2026-08-18 17:58:29.318,27502.2341
2026-08-18 17:58:29.732,27634.1819
2026-08-18 17:58:30.146,27785.7867
2026-08-18 17:58:30.581,27956.3852
2026-08-18 17:58:30.994,28131.5877
2026-08-18 17:58:31.431,28308.2634
2026-08-18 17:58:31.850,28498.4867
2026-08-18 17:58:32.266,28591.0084
2026-08-18 17:58:32.680,28419.4011
2026-08-18 17:58:33.094,28238.371
2026-08-18 17:58:33.519,28061.174
2026-08-18 17:58:33.932,27885.1028
2026-08-18 17:58:34.348,27722.1282
2026-08-18 17:58:34.766,27574.8592
2026-08-18 17:58:35.179,27460.8532
2026-08-18 17:58:35.606,27388.7992
2026-08-18 17:58:36.020,27343.3738
2026-08-18 17:58:36.455,27314.8047
2026-08-18 17:58:36.881,27293.8028
2026-08-18 17:58:37.296,27278.9659
2026-08-18 17:58:37.712,27276.8684
2026-08-18 17:58:38.124,27292.5674
2026-08-18 17:58:38.555,27311.3607
2026-08-18 17:58:38.968,27338.9485
2026-08-18 17:58:39.380,27379.429
2026-08-18 17:58:39.793,27444.8061
2026-08-18 17:58:40.206,27545.4089
2026-08-18 17:58:40.680,27680.3329
2026-08-18 17:58:41.125,27873.0677
2026-08-18 17:58:41.539,28043.0795
2026-08-18 17:58:41.952,28217.9567
2026-08-18 17:58:42.372,28397.0467
2026-08-18 17:58:42.813,28581.9488
2026-08-18 17:58:43.225,28571.2528
2026-08-18 17:58:43.638,28388.8212
2026-08-18 17:58:44.052,28208.6041
2026-08-18 17:58:44.466,28032.4288
2026-08-18 17:58:44.907,27861.8421
2026-08-18 17:58:45.319,27690.6224
2026-08-18 17:58:45.739,27552.6499
2026-08-18 17:58:46.152,27450.5357
2026-08-18 17:58:46.565,27388.0385
2026-08-18 17:58:47.026,27345.7028
2026-08-18 17:58:47.446,27320.7641
2026-08-18 17:58:47.859,27302.879
2026-08-18 17:58:48.272,27290.5134
2026-08-18 17:58:48.697,27288.727
2026-08-18 17:58:49.110,27288.8768
2026-08-18 17:58:49.523,27290.3648
2026-08-18 17:58:49.935,27289.8816
2026-08-18 17:58:50.349,27288.987
2026-08-18 17:58:50.761,27288.2718
2026-08-18 17:58:51.183,27287.6585
2026-08-18 17:58:51.596,27287.39
2026-08-18 17:58:52.016,27287.2481
2026-08-18 17:58:52.434,27287.8036
2026-08-18 17:58:52.848,27287.7405
2026-08-18 17:58:53.262,27287.9295
2026-08-18 17:58:53.687,27298.4462
2026-08-18 17:58:54.100,27317.8676
2026-08-18 17:58:54.526,27342.9057
2026-08-18 17:58:54.939,27379.4682
2026-08-18 17:58:55.351,27433.6315
2026-08-18 17:58:55.767,27516.5407
2026-08-18 17:58:56.178,27634.9008
2026-08-18 17:58:56.592,27779.0251
2026-08-18 17:58:57.004,27939.0777
2026-08-18 17:58:57.431,28112.912
2026-08-18 17:58:57.943,28306.6793
2026-08-18 17:58:58.361,28511.6299
2026-08-18 17:58:58.774,28694.6273
2026-08-18 17:58:59.200,28880.4911
2026-08-18 17:58:59.613,29075.2313
2026-08-18 17:59:00.037,29266.4778
2026-08-18 17:59:00.452,29465.7798
2026-08-18 17:59:00.864,29662.4637
2026-08-18 17:59:01.279,29861.2887
2026-08-18 17:59:01.691,30063.4315
2026-08-18 17:59:02.103,30266.5393
2026-08-18 17:59:02.521,30473.184
2026-08-18 17:59:02.956,30684.0626
2026-08-18 17:59:03.370,30907.0903
2026-08-18 17:59:03.785,31120.4883
2026-08-18 17:59:04.200,31292.2392
2026-08-18 17:59:04.614,31137.4247
2026-08-18 17:59:05.075,30895.0134
2026-08-18 17:59:05.487,30674.1844
2026-08-18 17:59:05.909,30461.0803
2026-08-18 17:59:06.321,30246.4483
2026-08-18 17:59:06.734,30040.6695
2026-08-18 17:59:07.173,29830.5404
2026-08-18 17:59:07.586,29624.7659
2026-08-18 17:59:07.998,29427.6161
2026-08-18 17:59:08.414,29233.1706
2026-08-18 17:59:08.827,29039.8445
2026-08-18 17:59:09.242,28851.7666
2026-08-18 17:59:09.719,28642.4047
2026-08-18 17:59:10.131,28453.8791
2026-08-18 17:59:10.545,28274.2656
2026-08-18 17:59:10.963,28097.7754
2026-08-18 17:59:11.425,27906.1993
2026-08-18 17:59:11.872,27738.1933
2026-08-18 17:59:12.287,27612.4859
2026-08-18 17:59:12.703,27529.8083
2026-08-18 17:59:13.121,27478.5867
2026-08-18 17:59:13.552,27444.7134
2026-08-18 17:59:13.965,27419.6974
2026-08-18 17:59:14.386,27401.2994
2026-08-18 17:59:14.814,27386.9538
2026-08-18 17:59:15.227,27386.4137
2026-08-18 17:59:15.655,27397.8527
2026-08-18 17:59:16.067,27412.582
2026-08-18 17:59:16.484,27433.4941
2026-08-18 17:59:16.897,27469.2027
2026-08-18 17:59:17.356,27526.7226
2026-08-18 17:59:17.800,27634.0561
2026-08-18 17:59:18.212,27779.0291
2026-08-18 17:59:18.625,27936.0111
2026-08-18 17:59:19.051,28103.4977
2026-08-18 17:59:19.464,28284.0115
2026-08-18 17:59:19.883,28462.4286
2026-08-18 17:59:20.295,28643.5418
2026-08-18 17:59:20.719,28583.6982
2026-08-18 17:59:21.130,28395.2513
2026-08-18 17:59:21.542,28215.337
2026-08-18 17:59:21.957,28039.4963
2026-08-18 17:59:22.451,27836.7505
2026-08-18 17:59:22.863,27682.828
2026-08-18 17:59:23.281,27559.9993
2026-08-18 17:59:23.695,27482.083
2026-08-18 17:59:24.161,27420.648
2026-08-18 17:59:24.576,27387.2929
2026-08-18 17:59:24.993,27364.289
2026-08-18 17:59:25.405,27348.0046
2026-08-18 17:59:25.834,27338.2648
2026-08-18 17:59:26.250,27348.2245
2026-08-18 17:59:26.664,27363.632
2026-08-18 17:59:27.079,27385.0276
2026-08-18 17:59:27.491,27416.9315
2026-08-18 17:59:27.904,27467.5611
2026-08-18 17:59:28.316,27550.2138
2026-08-18 17:59:28.780,27687.9521
2026-08-18 17:59:29.207,27838.0719
2026-08-18 17:59:29.632,28008.2842
2026-08-18 17:59:30.053,28186.8052
2026-08-18 17:59:30.466,28368.896
2026-08-18 17:59:30.884,28550.4122
2026-08-18 17:59:31.297,28665.1488
2026-08-18 17:59:31.717,28499.8502
2026-08-18 17:59:32.131,28312.2402
2026-08-18 17:59:32.549,28132.2409
2026-08-18 17:59:32.962,27956.4128
2026-08-18 17:59:33.394,27785.1096
2026-08-18 17:59:33.820,27633.9013
2026-08-18 17:59:34.232,27514.369
2026-08-18 17:59:34.645,27439.4773
2026-08-18 17:59:35.072,27393.1638
2026-08-18 17:59:35.503,27366.6253
2026-08-18 17:59:35.928,27342.2499
2026-08-18 17:59:36.354,27324.2994
2026-08-18 17:59:36.781,27319.0485
2026-08-18 17:59:37.194,27333.0533
2026-08-18 17:59:37.620,27351.2846
2026-08-18 17:59:38.033,27376.9954
2026-08-18 17:59:38.462,27417.5809
2026-08-18 17:59:38.874,27482.1649
2026-08-18 17:59:39.288,27582.3024
2026-08-18 17:59:39.713,27717.0666
2026-08-18 17:59:40.125,27877.0587
2026-08-18 17:59:40.550,28043.1118
2026-08-18 17:59:40.963,28221.8269
2026-08-18 17:59:41.375,28399.8481
2026-08-18 17:59:41.814,28582.4015
2026-08-18 17:59:42.226,28632.1432
2026-08-18 17:59:42.649,28444.9825
2026-08-18 17:59:43.064,28257.5185
2026-08-18 17:59:43.478,28078.1936
2026-08-18 17:59:43.938,27884.4752
2026-08-18 17:59:44.352,27721.1555
2026-08-18 17:59:44.766,27578.7141
2026-08-18 17:59:45.179,27473.1562
2026-08-18 17:59:45.597,27407.1967
2026-08-18 17:59:46.061,27361.5309
2026-08-18 17:59:46.475,27336.8539
2026-08-18 17:59:46.888,27321.2576
2026-08-18 17:59:47.324,27305.0515
2026-08-18 17:59:47.744,27298.3133
2026-08-18 17:59:48.163,27296.4151
2026-08-18 17:59:48.577,27296.0553
2026-08-18 17:59:49.001,27294.5364
2026-08-18 17:59:49.414,27291.6074
2026-08-18 17:59:49.841,27289.5544
2026-08-18 17:59:50.256,27287.4819
2026-08-18 17:59:50.668,27285.8774
2026-08-18 17:59:51.081,27284.3779
2026-08-18 17:59:51.515,27282.9799
2026-08-18 17:59:51.928,27281.7732
2026-08-18 17:59:52.358,27281.7163
2026-08-18 17:59:52.786,27294.0622
2026-08-18 17:59:53.207,27314.9982
2026-08-18 17:59:53.619,27343.3966
2026-08-18 17:59:54.035,27374.0044
2026-08-18 17:59:54.454,27426.135
2026-08-18 17:59:54.869,27510.2919
2026-08-18 17:59:55.289,27628.5146
2026-08-18 17:59:55.702,27775.2124
2026-08-18 17:59:56.130,27940.6442
2026-08-18 17:59:56.564,28109.162
2026-08-18 17:59:56.976,28292.5428
2026-08-18 17:59:57.400,28470.0957
2026-08-18 17:59:57.814,28655.6193
2026-08-18 17:59:58.227,28839.8397
2026-08-18 17:59:58.708,29051.6226
2026-08-18 17:59:59.121,29249.0276
2026-08-18 17:59:59.547,29442.2191
2026-08-18 17:59:59.960,29644.2953
2026-08-18 18:00:00.387,29843.8609
2026-08-18 18:00:00.799,30053.5621
2026-08-18 18:00:01.222,30251.6625
2026-08-18 18:00:01.635,30459.817
2026-08-18 18:00:02.051,30666.1714
2026-08-18 18:00:02.464,30876.8949
2026-08-18 18:00:02.902,31088.1413
2026-08-18 18:00:03.327,31245.7196
2026-08-18 18:00:03.740,31056.7955
2026-08-18 18:00:04.168,30831.6011
2026-08-18 18:00:04.579,30616.3669
2026-08-18 18:00:04.992,30404.7558
2026-08-18 18:00:05.406,30196.2519
2026-08-18 18:00:05.844,29991.8038
2026-08-18 18:00:06.271,29779.2776
2026-08-18 18:00:06.683,29568.0626
2026-08-18 18:00:07.099,29367.9034
2026-08-18 18:00:07.511,29170.3768
2026-08-18 18:00:07.941,28977.8174
2026-08-18 18:00:08.369,28779.2706
2026-08-18 18:00:08.796,28585.8421
2026-08-18 18:00:09.210,28395.8903
2026-08-18 18:00:09.628,28215.6369
2026-08-18 18:00:10.043,28036.2906
2026-08-18 18:00:10.454,27864.4048
2026-08-18 18:00:10.889,27701.0206
2026-08-18 18:00:11.302,27567.6099
2026-08-18 18:00:11.735,27476.7382
2026-08-18 18:00:12.154,27422.4514
2026-08-18 18:00:12.580,27386.238
2026-08-18 18:00:12.995,27359.774
2026-08-18 18:00:13.417,27340.4538
2026-08-18 18:00:13.830,27325.4538
2026-08-18 18:00:14.256,27322.3799
2026-08-18 18:00:14.669,27333.2491
2026-08-18 18:00:15.101,27348.2999
2026-08-18 18:00:15.528,27374.1864
2026-08-18 18:00:15.954,27412.8537
2026-08-18 18:00:16.368,27464.126
2026-08-18 18:00:16.794,27553.6455
2026-08-18 18:00:17.212,27686.3561
2026-08-18 18:00:17.626,27841.4501
2026-08-18 18:00:18.052,28006.931
2026-08-18 18:00:18.477,28184.3842
2026-08-18 18:00:18.890,28367.2269
2026-08-18 18:00:19.338,28554.5218
2026-08-18 18:00:19.756,28524.3939
2026-08-18 18:00:20.182,28337.8411
2026-08-18 18:00:20.595,28150.9444
2026-08-18 18:00:21.017,27975.0157
2026-08-18 18:00:21.431,27801.4696
2026-08-18 18:00:21.856,27638.1796
2026-08-18 18:00:22.271,27507.2768
2026-08-18 18:00:22.687,27416.2982
2026-08-18 18:00:23.099,27360.1656
2026-08-18 18:00:23.517,27324.4415
2026-08-18 18:00:23.944,27299.4842
2026-08-18 18:00:24.356,27280.779
2026-08-18 18:00:24.770,27267.6956
2026-08-18 18:00:25.232,27272.6159
2026-08-18 18:00:25.648,27289.5474
2026-08-18 18:00:26.062,27315.9409
2026-08-18 18:00:26.477,27352.9607
2026-08-18 18:00:26.893,27389.2791
2026-08-18 18:00:27.305,27460.218
2026-08-18 18:00:27.748,27570.1538
2026-08-18 18:00:28.161,27722.6422
2026-08-18 18:00:28.586,27888.31
2026-08-18 18:00:28.997,28056.9268
2026-08-18 18:00:29.461,28231.1273
2026-08-18 18:00:29.878,28433.5619
2026-08-18 18:00:30.300,28584.373
2026-08-18 18:00:30.727,28454.9775
2026-08-18 18:00:31.141,28265.3924
2026-08-18 18:00:31.553,28085.0342
2026-08-18 18:00:31.970,27910.2623
2026-08-18 18:00:32.383,27740.8048
2026-08-18 18:00:32.810,27586.6054
2026-08-18 18:00:33.223,27457.8581
2026-08-18 18:00:33.685,27374.789
2026-08-18 18:00:34.118,27318.3796
2026-08-18 18:00:34.530,27285.8783
2026-08-18 18:00:34.943,27264.2552
2026-08-18 18:00:35.379,27248.2142
2026-08-18 18:00:35.793,27241.8901
2026-08-18 18:00:36.218,27255.4152
2026-08-18 18:00:36.630,27273.8889
2026-08-18 18:00:37.051,27299.4368
2026-08-18 18:00:37.470,27338.3191
2026-08-18 18:00:37.885,27399.8847
2026-08-18 18:00:38.302,27498.5563
2026-08-18 18:00:38.728,27632.8211
2026-08-18 18:00:39.140,27796.2268
2026-08-18 18:00:39.554,27964.4596
2026-08-18 18:00:39.965,28139.9635
2026-08-18 18:00:40.430,28333.5455
2026-08-18 18:00:40.842,28521.4685
2026-08-18 18:00:41.255,28596.7703
2026-08-18 18:00:41.667,28411.6996
2026-08-18 18:00:42.079,28231.5085
2026-08-18 18:00:42.497,28049.1375
2026-08-18 18:00:42.987,27844.9064
2026-08-18 18:00:43.404,27687.5475
2026-08-18 18:00:43.821,27552.591
2026-08-18 18:00:44.234,27445.9876
2026-08-18 18:00:44.676,27378.1031
2026-08-18 18:00:45.093,27330.5868
2026-08-18 18:00:45.520,27296.8806
2026-08-18 18:00:45.943,27276.3022
2026-08-18 18:00:46.357,27258.8643
2026-08-18 18:00:46.781,27254.6287
2026-08-18 18:00:47.193,27252.3206
2026-08-18 18:00:47.607,27251.6362
2026-08-18 18:00:48.020,27250.7424
2026-08-18 18:00:48.434,27249.0139
2026-08-18 18:00:48.901,27246.4531
2026-08-18 18:00:49.314,27244.6708
2026-08-18 18:00:49.743,27243.0281
2026-08-18 18:00:50.155,27241.8135
2026-08-18 18:00:50.567,27240.8045
2026-08-18 18:00:51.007,27240.0406
2026-08-18 18:00:51.428,27239.2218
2026-08-18 18:00:51.843,27249.8598
2026-08-18 18:00:52.270,27268.2964
2026-08-18 18:00:52.683,27293.4674
2026-08-18 18:00:53.115,27329.8725
2026-08-18 18:00:53.528,27384.0882
2026-08-18 18:00:53.941,27467.9471
2026-08-18 18:00:54.361,27586.4683
2026-08-18 18:00:54.774,27734.356
2026-08-18 18:00:55.203,27895.0839
2026-08-18 18:00:55.622,28071.546
2026-08-18 18:00:56.042,28249.7217
2026-08-18 18:00:56.470,28432.3141
2026-08-18 18:00:56.895,28621.4226
2026-08-18 18:00:57.325,28812.7699
2026-08-18 18:00:57.742,29009.3487
2026-08-18 18:00:58.157,29203.0127
2026-08-18 18:00:58.569,29397.6823
2026-08-18 18:00:59.035,29594.4441
2026-08-18 18:00:59.454,29821.988
2026-08-18 18:00:59.868,30025.2127
2026-08-18 18:01:00.279,30230.652
2026-08-18 18:01:00.693,30437.5846
2026-08-18 18:01:01.106,30648.2543
2026-08-18 18:01:01.519,30860.2806
2026-08-18 18:01:01.946,31075.0489
2026-08-18 18:01:02.363,31245.497
2026-08-18 18:01:02.839,31048.1474
2026-08-18 18:01:03.262,30826.1947
2026-08-18 18:01:03.675,30606.5868
2026-08-18 18:01:04.102,30395.0157
2026-08-18 18:01:04.521,30179.7292
2026-08-18 18:01:04.991,29971.2655
2026-08-18 18:01:05.409,29738.8838
2026-08-18 18:01:05.833,29538.8348
2026-08-18 18:01:06.261,29336.159
2026-08-18 18:01:06.674,29133.289
2026-08-18 18:01:07.098,28939.7937
2026-08-18 18:01:07.510,28744.9864
2026-08-18 18:01:07.926,28558.7719
2026-08-18 18:01:08.340,28373.82
2026-08-18 18:01:08.751,28193.6772
2026-08-18 18:01:09.163,28017.7474
2026-08-18 18:01:09.576,27847.5355
2026-08-18 18:01:10.036,27690.9338
2026-08-18 18:01:10.450,27551.2852
2026-08-18 18:01:10.878,27471.2183
2026-08-18 18:01:11.290,27420.1085
2026-08-18 18:01:11.722,27385.8008
2026-08-18 18:01:12.133,27362.9925
2026-08-18 18:01:12.555,27345.9898
2026-08-18 18:01:12.968,27332.9
2026-08-18 18:01:13.381,27334.6863
2026-08-18 18:01:13.800,27347.747
2026-08-18 18:01:14.232,27365.7207
2026-08-18 18:01:14.646,27392.2427
2026-08-18 18:01:15.060,27424.0504
2026-08-18 18:01:15.473,27482.9674
2026-08-18 18:01:15.901,27579.8454
2026-08-18 18:01:16.317,27718.4283
2026-08-18 18:01:16.730,27876.7802
2026-08-18 18:01:17.173,28046.0933
2026-08-18 18:01:17.587,28235.1842
2026-08-18 18:01:18.011,28415.6167
2026-08-18 18:01:18.431,28602.0904
2026-08-18 18:01:18.857,28547.8962
2026-08-18 18:01:19.271,28357.6481
2026-08-18 18:01:19.684,28176.3342
2026-08-18 18:01:20.101,27999.2464
2026-08-18 18:01:20.516,27827.1846
2026-08-18 18:01:20.934,27668.222
2026-08-18 18:01:21.347,27535.1004
2026-08-18 18:01:21.761,27444.9964
2026-08-18 18:01:22.173,27389.4479
2026-08-18 18:01:22.586,27354.4058
2026-08-18 18:01:22.998,27330.303
2026-08-18 18:01:23.411,27312.492
2026-08-18 18:01:23.822,27299.2454
2026-08-18 18:01:24.243,27303.6004
2026-08-18 18:01:24.669,27318.6278
2026-08-18 18:01:25.083,27338.4912
2026-08-18 18:01:25.502,27366.1895
2026-08-18 18:01:25.913,27410.8446
2026-08-18 18:01:26.328,27482.2697
2026-08-18 18:01:26.765,27595.9435
2026-08-18 18:01:27.191,27741.5321
2026-08-18 18:01:27.621,27908.7021
2026-08-18 18:01:28.033,28085.9765
2026-08-18 18:01:28.446,28262.4626
2026-08-18 18:01:28.873,28443.2782
2026-08-18 18:01:29.284,28624.3811
2026-08-18 18:01:29.729,28544.9672
2026-08-18 18:01:30.144,28345.8305
2026-08-18 18:01:30.556,28164.3046
2026-08-18 18:01:30.983,27981.7267
2026-08-18 18:01:31.395,27812.5818
2026-08-18 18:01:31.862,27637.1479
2026-08-18 18:01:32.285,27512.0253
2026-08-18 18:01:32.712,27425.6766
2026-08-18 18:01:33.125,27373.283
2026-08-18 18:01:33.541,27340.6334
2026-08-18 18:01:33.972,27317.2565
2026-08-18 18:01:34.398,27299.3578
2026-08-18 18:01:34.812,27289.7165
2026-08-18 18:01:35.226,27301.6186
2026-08-18 18:01:35.640,27318.7528
2026-08-18 18:01:36.105,27345.8359
2026-08-18 18:01:36.528,27382.6966
2026-08-18 18:01:36.941,27443.3687
2026-08-18 18:01:37.377,27540.8278
2026-08-18 18:01:37.843,27693.2112
2026-08-18 18:01:38.322,27850.3638
2026-08-18 18:01:38.776,28047.1711
2026-08-18 18:01:39.190,28241.4574
2026-08-18 18:01:39.655,28422.6461
2026-08-18 18:01:40.073,28629.5721
2026-08-18 18:01:40.487,28574.279
2026-08-18 18:01:40.900,28387.8391
2026-08-18 18:01:41.314,28205.0766
2026-08-18 18:01:41.728,28026.6991
2026-08-18 18:01:42.190,27835.2716
2026-08-18 18:01:42.604,27676.3568
2026-08-18 18:01:43.025,27541.7925
2026-08-18 18:01:43.440,27445.2457
2026-08-18 18:01:43.851,27386.8995
2026-08-18 18:01:44.280,27349.4018
2026-08-18 18:01:44.708,27324.7161
2026-08-18 18:01:45.134,27306.5087
2026-08-18 18:01:45.547,27294.2635
2026-08-18 18:01:45.979,27293.7666
2026-08-18 18:01:46.394,27292.8356
2026-08-18 18:01:46.822,27292.9428
2026-08-18 18:01:47.254,27291.5152
2026-08-18 18:01:47.667,27289.8348
2026-08-18 18:01:48.103,27288.6197
2026-08-18 18:01:48.519,27287.7961
2026-08-18 18:01:48.932,27287.5712
2026-08-18 18:01:49.373,27287.6205
2026-08-18 18:01:49.785,27287.6933
2026-08-18 18:01:50.210,27288.0319
2026-08-18 18:01:50.624,27290.4563
2026-08-18 18:01:51.042,27305.7733
2026-08-18 18:01:51.508,27329.812
2026-08-18 18:01:51.920,27358.5327
2026-08-18 18:01:52.332,27400.628
2026-08-18 18:01:52.766,27468.3907
2026-08-18 18:01:53.180,27568.9531
2026-08-18 18:01:53.618,27700.7129
2026-08-18 18:01:54.031,27864.6503
2026-08-18 18:01:54.443,28031.1104
2026-08-18 18:01:54.867,28205.0777
2026-08-18 18:01:55.282,28387.9963
2026-08-18 18:01:55.707,28570.8096
2026-08-18 18:01:56.196,28796.1179
2026-08-18 18:01:56.609,28984.5393
2026-08-18 18:01:57.022,29176.1165
2026-08-18 18:01:57.446,29371.2073
2026-08-18 18:01:57.906,29596.8067
2026-08-18 18:01:58.318,29795.6816
2026-08-18 18:01:58.737,29996.7746
2026-08-18 18:01:59.148,30204.7186
2026-08-18 18:01:59.575,30416.4429
2026-08-18 18:02:00.000,30624.7729
2026-08-18 18:02:00.414,30841.1932
2026-08-18 18:02:00.844,31054.2573
2026-08-18 18:02:01.258,31279.4334
2026-08-18 18:02:01.670,31245.1763
2026-08-18 18:02:02.083,31024.286
2026-08-18 18:02:02.495,30805.6041
2026-08-18 18:02:02.906,30590.1331
2026-08-18 18:02:03.378,30377.2218
2026-08-18 18:02:03.809,30134.9096
2026-08-18 18:02:04.234,29922.6849
2026-08-18 18:02:04.649,29710.986
2026-08-18 18:02:05.062,29507.875
2026-08-18 18:02:05.538,29279.6427
2026-08-18 18:02:05.953,29083.3126
2026-08-18 18:02:06.365,28889.1048
2026-08-18 18:02:06.777,28700.2408
2026-08-18 18:02:07.189,28514.3639
2026-08-18 18:02:07.602,28333.6762
2026-08-18 18:02:08.014,28154.7142
2026-08-18 18:02:08.513,27942.4108
2026-08-18 18:02:08.939,27778.7606
2026-08-18 18:02:09.356,27634.301
2026-08-18 18:02:09.768,27534.5284
2026-08-18 18:02:10.213,27473.8416
2026-08-18 18:02:10.628,27431.5694
2026-08-18 18:02:11.040,27403.8531
2026-08-18 18:02:11.453,27383.4295
2026-08-18 18:02:11.865,27367.7375
2026-08-18 18:02:12.287,27359.7175
2026-08-18 18:02:12.700,27369.5059
2026-08-18 18:02:13.148,27383.1817
2026-08-18 18:02:13.575,27402.8579
2026-08-18 18:02:14.002,27433.4961
2026-08-18 18:02:14.415,27485.0135
2026-08-18 18:02:14.838,27568.8279
2026-08-18 18:02:15.252,27697.8873
2026-08-18 18:02:15.666,27850.3484
2026-08-18 18:02:16.085,28017.8423
2026-08-18 18:02:16.497,28191.9145
2026-08-18 18:02:16.919,28369.0358
2026-08-18 18:02:17.332,28554.8467
2026-08-18 18:02:17.746,28644.6019
2026-08-18 18:02:18.169,28469.0485
2026-08-18 18:02:18.671,28244.4343
2026-08-18 18:02:19.086,28060.9876
2026-08-18 18:02:19.547,27867.0854
2026-08-18 18:02:19.974,27705.9534
2026-08-18 18:02:20.387,27565.7462
2026-08-18 18:02:20.814,27471.3231
2026-08-18 18:02:21.232,27412.0361
2026-08-18 18:02:21.646,27375.2784
2026-08-18 18:02:22.057,27349.6889
2026-08-18 18:02:22.485,27331.9181
2026-08-18 18:02:22.899,27317.2539
2026-08-18 18:02:23.323,27320.9205
2026-08-18 18:02:23.737,27335.9448
2026-08-18 18:02:24.151,27354.6576
2026-08-18 18:02:24.563,27381.9284
2026-08-18 18:02:24.981,27425.2283
2026-08-18 18:02:25.393,27495.6248
2026-08-18 18:02:25.849,27611.2877
2026-08-18 18:02:26.264,27757.0452
2026-08-18 18:02:26.677,27919.5397
2026-08-18 18:02:27.097,28091.5598
2026-08-18 18:02:27.559,28293.286
2026-08-18 18:02:27.978,28474.996
2026-08-18 18:02:28.394,28650.3901
2026-08-18 18:02:28.807,28559.6333
2026-08-18 18:02:29.220,28373.6502
2026-08-18 18:02:29.636,28191.2507
2026-08-18 18:02:30.049,28011.6724
2026-08-18 18:02:30.467,27840.3114
2026-08-18 18:02:30.879,27679.6945
2026-08-18 18:02:31.305,27544.607
2026-08-18 18:02:31.717,27453.158
2026-08-18 18:02:32.129,27396.3527
2026-08-18 18:02:32.542,27360.3772
2026-08-18 18:02:32.955,27335.3554
2026-08-18 18:02:33.367,27317.2665
2026-08-18 18:02:33.780,27304.4112
2026-08-18 18:02:34.280,27311.6484
2026-08-18 18:02:34.711,27332.7459
2026-08-18 18:02:35.125,27355.8025
2026-08-18 18:02:35.538,27389.5404
2026-08-18 18:02:35.951,27442.9006
2026-08-18 18:02:36.430,27542.2934
2026-08-18 18:02:36.842,27674.2086
2026-08-18 18:02:37.254,27827.8955
2026-08-18 18:02:37.668,27995.4545
2026-08-18 18:02:38.079,28170.2397
2026-08-18 18:02:38.522,28349.076
2026-08-18 18:02:38.947,28545.1596
2026-08-18 18:02:39.362,28670.1193
2026-08-18 18:02:39.787,28508.6963
2026-08-18 18:02:40.215,28317.9088
2026-08-18 18:02:40.642,28129.9684
2026-08-18 18:02:41.078,27941.5737
2026-08-18 18:02:41.502,27769.6129
2026-08-18 18:02:41.915,27614.8403
2026-08-18 18:02:42.352,27495.2482
2026-08-18 18:02:42.768,27420.3794
2026-08-18 18:02:43.183,27375.6281
2026-08-18 18:02:43.597,27346.8447
2026-08-18 18:02:44.009,27326.9301
2026-08-18 18:02:44.423,27312.225
2026-08-18 18:02:44.836,27305.845
2026-08-18 18:02:45.264,27307.1517
2026-08-18 18:02:45.692,27308.6203
2026-08-18 18:02:46.109,27309.7448
2026-08-18 18:02:46.536,27309.1252
2026-08-18 18:02:46.956,27309.0179
2026-08-18 18:02:47.370,27309.2253
2026-08-18 18:02:47.791,27309.1398
2026-08-18 18:02:48.204,27308.6109
2026-08-18 18:02:48.631,27307.5507
2026-08-18 18:02:49.044,27306.9236
2026-08-18 18:02:49.464,27306.5248
2026-08-18 18:02:49.880,27312.2818
2026-08-18 18:02:50.294,27330.3494
2026-08-18 18:02:50.740,27353.5215
2026-08-18 18:02:51.152,27388.6387
2026-08-18 18:02:51.565,27437.8087
2026-08-18 18:02:51.979,27513.3462
2026-08-18 18:02:52.400,27623.8804
2026-08-18 18:02:52.812,27767.7356
2026-08-18 18:02:53.238,27928.0765
2026-08-18 18:02:53.657,28104.2735
2026-08-18 18:02:54.076,28284.5703
2026-08-18 18:02:54.507,28475.6475
2026-08-18 18:02:54.929,28662.3652
2026-08-18 18:02:55.356,28855.1721
2026-08-18 18:02:55.781,29052.8161
2026-08-18 18:02:56.213,29255.1316
2026-08-18 18:02:56.631,29458.2227
2026-08-18 18:02:57.043,29660.5393
2026-08-18 18:02:57.455,29862.0802
2026-08-18 18:02:57.884,30066.7119
2026-08-18 18:02:58.377,30324.1673
2026-08-18 18:02:58.789,30535.8574
2026-08-18 18:02:59.263,30749.7143
2026-08-18 18:02:59.708,31014.5449
2026-08-18 18:03:00.121,31233.3719
2026-08-18 18:03:00.538,31400.8408
2026-08-18 18:03:00.951,31229.5293
2026-08-18 18:03:01.365,31007.7569
2026-08-18 18:03:01.777,30788.2903
2026-08-18 18:03:02.190,30572.0135
2026-08-18 18:03:02.604,30357.9737
2026-08-18 18:03:03.019,30146.3938
2026-08-18 18:03:03.432,29936.8833
2026-08-18 18:03:03.862,29734.7569
2026-08-18 18:03:04.279,29523.3652
2026-08-18 18:03:04.696,29320.1956
2026-08-18 18:03:05.107,29121.3059
2026-08-18 18:03:05.535,28927.4869
2026-08-18 18:03:05.995,28708.7318
2026-08-18 18:03:06.408,28520.5365
2026-08-18 18:03:06.831,28336.0538
2026-08-18 18:03:07.245,28150.4169
2026-08-18 18:03:07.671,27975.3875
2026-08-18 18:03:08.135,27793.1313
2026-08-18 18:03:08.547,27656.9793
2026-08-18 18:03:08.960,27568.3666
2026-08-18 18:03:09.386,27513.9117
2026-08-18 18:03:09.812,27479.819
2026-08-18 18:03:10.233,27453.8825
2026-08-18 18:03:10.647,27433.5505
2026-08-18 18:03:11.069,27419.108
2026-08-18 18:03:11.485,27415.2927
2026-08-18 18:03:11.949,27426.5557
2026-08-18 18:03:12.378,27443.3578
2026-08-18 18:03:12.792,27466.6608
2026-08-18 18:03:13.205,27502.5681
2026-08-18 18:03:13.617,27561.4089
2026-08-18 18:03:14.030,27656.4617
2026-08-18 18:03:14.457,27794.9602
2026-08-18 18:03:14.869,27954.1147
2026-08-18 18:03:15.293,28125.5833
2026-08-18 18:03:15.705,28309.3424
2026-08-18 18:03:16.136,28497.6395
2026-08-18 18:03:16.549,28685.8252
2026-08-18 18:03:16.962,28690.1449
2026-08-18 18:03:17.429,28475.7496
2026-08-18 18:03:17.840,28290.0459
2026-08-18 18:03:18.266,28104.0167
2026-08-18 18:03:18.679,27930.4608
2026-08-18 18:03:19.092,27768.8173
2026-08-18 18:03:19.537,27633.2571
2026-08-18 18:03:19.949,27532.8245
2026-08-18 18:03:20.361,27476.3586
2026-08-18 18:03:20.775,27440.3792
2026-08-18 18:03:21.185,27416.5304
2026-08-18 18:03:21.599,27400.406
2026-08-18 18:03:22.011,27390.888
2026-08-18 18:03:22.423,27395.5207
2026-08-18 18:03:22.850,27408.8706
2026-08-18 18:03:23.281,27427.9282
2026-08-18 18:03:23.707,27456.9462
2026-08-18 18:03:24.120,27503.3543
2026-08-18 18:03:24.541,27578.4176
2026-08-18 18:03:24.953,27693.3984
2026-08-18 18:03:25.375,27839.0822
2026-08-18 18:03:25.798,28007.7561
2026-08-18 18:03:26.212,28186.5583
2026-08-18 18:03:26.625,28368.3818
2026-08-18 18:03:27.039,28553.7355
2026-08-18 18:03:27.452,28741.1355
2026-08-18 18:03:27.880,28676.4322
2026-08-18 18:03:28.292,28487.4972
2026-08-18 18:03:28.720,28303.7237
2026-08-18 18:03:29.185,28086.6045
2026-08-18 18:03:29.597,27915.1878
2026-08-18 18:03:30.068,27756.4306
2026-08-18 18:03:30.518,27607.3574
2026-08-18 18:03:30.937,27517.749
2026-08-18 18:03:31.348,27469.087
2026-08-18 18:03:31.761,27446.4148
2026-08-18 18:03:32.174,27420.3829
2026-08-18 18:03:32.591,27403.5522
2026-08-18 18:03:33.004,27404.6429
2026-08-18 18:03:33.431,27421.3834
2026-08-18 18:03:33.858,27446.7499
2026-08-18 18:03:34.284,27490.8864
2026-08-18 18:03:34.697,27536.352
2026-08-18 18:03:35.111,27590.1971
2026-08-18 18:03:35.555,27685.334
2026-08-18 18:03:35.981,27834.0746
2026-08-18 18:03:36.416,28000.069
2026-08-18 18:03:36.830,28177.9131
2026-08-18 18:03:37.243,28362.5795
2026-08-18 18:03:37.656,28516.9833
2026-08-18 18:03:38.069,28689.0079
2026-08-18 18:03:38.483,28783.3833
2026-08-18 18:03:38.895,28605.4778
2026-08-18 18:03:39.311,28418.1586
2026-08-18 18:03:39.738,28232.7839
2026-08-18 18:03:40.154,28046.5883
2026-08-18 18:03:40.567,27874.6509
2026-08-18 18:03:40.986,27721.7489
2026-08-18 18:03:41.424,27597.8537
2026-08-18 18:03:41.837,27514.1005
2026-08-18 18:03:42.250,27465.4116
2026-08-18 18:03:42.663,27432.6182
2026-08-18 18:03:43.075,27410.0282
2026-08-18 18:03:43.489,27393.3781
2026-08-18 18:03:43.902,27384.1267
2026-08-18 18:03:44.328,27383.5595
2026-08-18 18:03:44.740,27382.8942
2026-08-18 18:03:45.153,27382.6118
2026-08-18 18:03:45.570,27379.9556
2026-08-18 18:03:45.984,27378.055
2026-08-18 18:03:46.396,27376.2167
2026-08-18 18:03:46.808,27375.0454
2026-08-18 18:03:47.220,27374.4286
2026-08-18 18:03:47.648,27374.4955
2026-08-18 18:03:48.073,27374.187
2026-08-18 18:03:48.492,27373.8174
2026-08-18 18:03:48.911,27377.9839
2026-08-18 18:03:49.325,27395.5239
2026-08-18 18:03:49.750,27418.769
2026-08-18 18:03:50.177,27450.338
2026-08-18 18:03:50.590,27497.5567
2026-08-18 18:03:51.056,27580.313
2026-08-18 18:03:51.482,27695.2433
2026-08-18 18:03:51.894,27837.2559
2026-08-18 18:03:52.306,27998.8067
2026-08-18 18:03:52.718,28171.2157
2026-08-18 18:03:53.162,28350.1816
2026-08-18 18:03:53.587,28554.2121
2026-08-18 18:03:54.000,28740.9662
2026-08-18 18:03:54.431,28938.3889
2026-08-18 18:03:54.844,29133.4503
2026-08-18 18:03:55.302,29329.8047
2026-08-18 18:03:55.714,29550.248
2026-08-18 18:03:56.134,29752.0139
2026-08-18 18:03:56.547,29960.8074
2026-08-18 18:03:56.973,30169.3377
2026-08-18 18:03:57.387,30387.0606
2026-08-18 18:03:57.800,30601.9012
2026-08-18 18:03:58.229,30818.5155
2026-08-18 18:03:58.649,31045.7383
2026-08-18 18:03:59.074,31269.9983
2026-08-18 18:03:59.491,31495.3211
2026-08-18 18:03:59.954,31423.1985
2026-08-18 18:04:00.372,31169.1688
2026-08-18 18:04:00.785,30946.7493
2026-08-18 18:04:01.198,30727.8984
2026-08-18 18:04:01.625,30511.7453
2026-08-18 18:04:02.039,30290.817
2026-08-18 18:04:02.484,30070.6624
2026-08-18 18:04:02.897,29853.678
2026-08-18 18:04:03.310,29648.8688
2026-08-18 18:04:03.723,29445.8302
2026-08-18 18:04:04.136,29245.2341
2026-08-18 18:04:04.549,29047.7956
2026-08-18 18:04:04.971,28853.4141
2026-08-18 18:04:05.399,28657.3723
2026-08-18 18:04:05.813,28462.8243
2026-08-18 18:04:06.230,28275.5374
2026-08-18 18:04:06.645,28095.8116
2026-08-18 18:04:07.069,27925.7598
2026-08-18 18:04:07.481,27773.6986
2026-08-18 18:04:07.899,27666.3871
2026-08-18 18:04:08.359,27592.6539
2026-08-18 18:04:08.785,27551.5593
2026-08-18 18:04:09.197,27521.8154
2026-08-18 18:04:09.609,27500.423
2026-08-18 18:04:10.021,27483.8272
2026-08-18 18:04:10.447,27473.8467
2026-08-18 18:04:10.860,27483.2377
2026-08-18 18:04:11.272,27496.1958
2026-08-18 18:04:11.718,27515.8223
2026-08-18 18:04:12.132,27544.4844
2026-08-18 18:04:12.546,27592.2178
2026-08-18 18:04:12.961,27672.4089
2026-08-18 18:04:13.375,27793.1629
2026-08-18 18:04:13.837,27945.2358
2026-08-18 18:04:14.254,28136.4168
2026-08-18 18:04:14.671,28315.0228
2026-08-18 18:04:15.083,28502.0644
2026-08-18 18:04:15.511,28690.7387
2026-08-18 18:04:15.929,28800.4463
2026-08-18 18:04:16.361,28623.4461
2026-08-18 18:04:16.788,28425.5546
2026-08-18 18:04:17.201,28233.324
2026-08-18 18:04:17.613,28054.2614
2026-08-18 18:04:18.024,27884.5559
2026-08-18 18:04:18.505,27718.9878
2026-08-18 18:04:18.917,27610.3615
2026-08-18 18:04:19.329,27545.0813
2026-08-18 18:04:19.742,27504.5843
2026-08-18 18:04:20.154,27477.1022
2026-08-18 18:04:20.630,27455.906
2026-08-18 18:04:21.050,27442.0033
2026-08-18 18:04:21.476,27444.5351
2026-08-18 18:04:21.897,27461.045
2026-08-18 18:04:22.323,27481.3737
2026-08-18 18:04:22.754,27511.5774
2026-08-18 18:04:23.166,27558.2273
2026-08-18 18:04:23.580,27631.0855
2026-08-18 18:04:24.001,27742.5199
2026-08-18 18:04:24.415,27891.0216
2026-08-18 18:04:24.855,28057.3944
2026-08-18 18:04:25.282,28251.4227
2026-08-18 18:04:25.694,28434.6634
2026-08-18 18:04:26.115,28621.3679
2026-08-18 18:04:26.531,28812.4576
2026-08-18 18:04:26.947,28751.3546
2026-08-18 18:04:27.360,28558.4525
2026-08-18 18:04:27.791,28370.3752
2026-08-18 18:04:28.206,28178.471
2026-08-18 18:04:28.631,28000.4817
2026-08-18 18:04:29.045,27830.9946
2026-08-18 18:04:29.470,27688.8766
2026-08-18 18:04:29.891,27593.9676
2026-08-18 18:04:30.318,27533.7631
2026-08-18 18:04:30.730,27494.816
2026-08-18 18:04:31.151,27468.9593
2026-08-18 18:04:31.563,27449.4772
2026-08-18 18:04:31.975,27436.0316
2026-08-18 18:04:32.388,27443.0888
2026-08-18 18:04:32.801,27459.2703
2026-08-18 18:04:33.214,27480.4968
2026-08-18 18:04:33.639,27511.4475
2026-08-18 18:04:34.053,27561.4351
2026-08-18 18:04:34.466,27640.9589
2026-08-18 18:04:34.880,27758.8164
2026-08-18 18:04:35.347,27929.4405
2026-08-18 18:04:35.761,28098.7626
2026-08-18 18:04:36.173,28276.8929
2026-08-18 18:04:36.587,28460.1299
2026-08-18 18:04:37.001,28647.5003
2026-08-18 18:04:37.462,28834.7003
2026-08-18 18:04:37.881,28712.0603
2026-08-18 18:04:38.294,28517.2502
2026-08-18 18:04:38.722,28322.6959
2026-08-18 18:04:39.135,28141.1951
2026-08-18 18:04:39.555,27967.8765
2026-08-18 18:04:39.969,27804.5161
2026-08-18 18:04:40.406,27672.519
2026-08-18 18:04:40.831,27578.4851
2026-08-18 18:04:41.244,27523.1256
2026-08-18 18:04:41.676,27487.3165
2026-08-18 18:04:42.095,27463.3751
2026-08-18 18:04:42.526,27445.7143
2026-08-18 18:04:42.952,27434.6964
2026-08-18 18:04:43.364,27434.5484
2026-08-18 18:04:43.791,27433.9996
2026-08-18 18:04:44.204,27433.9427
2026-08-18 18:04:44.644,27432.3453
2026-08-18 18:04:45.058,27430.2426
2026-08-18 18:04:45.470,27428.9948
2026-08-18 18:04:45.897,27427.8155
2026-08-18 18:04:46.310,27426.4585
2026-08-18 18:04:46.776,27425.1587
2026-08-18 18:04:47.203,27424.3032
2026-08-18 18:04:47.614,27423.8191
2026-08-18 18:04:48.041,27428.4256
2026-08-18 18:04:48.460,27446.4106
2026-08-18 18:04:48.890,27469.9274
2026-08-18 18:04:49.303,27503.4424
2026-08-18 18:04:49.717,27551.5519
2026-08-18 18:04:50.129,27625.2379
2026-08-18 18:04:50.551,27733.6982
2026-08-18 18:04:51.013,27896.6683
2026-08-18 18:04:51.437,28061.619
2026-08-18 18:04:51.851,28241.6892
2026-08-18 18:04:52.265,28425.4951
2026-08-18 18:04:52.677,28613.0634
2026-08-18 18:04:53.091,28803.6484
2026-08-18 18:04:53.567,29023.577
2026-08-18 18:04:53.979,29226.1041
2026-08-18 18:04:54.391,29425.0845
2026-08-18 18:04:54.813,29628.0473
2026-08-18 18:04:55.225,29838.4113
2026-08-18 18:04:55.638,30046.989
2026-08-18 18:04:56.073,30259.125
2026-08-18 18:04:56.485,30484.4208
2026-08-18 18:04:56.904,30699.8429
2026-08-18 18:04:57.316,30921.8421
2026-08-18 18:04:57.747,31149.7775
2026-08-18 18:04:58.159,31374.1431
2026-08-18 18:04:58.571,31597.3588
2026-08-18 18:04:59.015,31547.3166
2026-08-18 18:04:59.433,31300.7643
2026-08-18 18:04:59.844,31072.0399
2026-08-18 18:05:00.270,30848.8444
2026-08-18 18:05:00.683,30621.03
2026-08-18 18:05:01.109,30403.4896
2026-08-18 18:05:01.609,30139.6929
2026-08-18 18:05:02.023,29925.1987
2026-08-18 18:05:02.484,29692.5009
2026-08-18 18:05:02.896,29487.4615
2026-08-18 18:05:03.317,29284.7386
2026-08-18 18:05:03.731,29081.2657
2026-08-18 18:05:04.143,28884.3669
2026-08-18 18:05:04.604,28669.1359
2026-08-18 18:05:05.017,28479.199
2026-08-18 18:05:05.431,28292.5564
2026-08-18 18:05:05.843,28111.8642
2026-08-18 18:05:06.256,27943.7271
2026-08-18 18:05:06.685,27800.9295
2026-08-18 18:05:07.179,27683.6808
2026-08-18 18:05:07.591,27627.6677
2026-08-18 18:05:08.019,27590.3806
2026-08-18 18:05:08.512,27558.3733
2026-08-18 18:05:08.924,27539.0251
2026-08-18 18:05:09.348,27524.2406
2026-08-18 18:05:09.760,27524.6003
2026-08-18 18:05:10.172,27536.1626
2026-08-18 18:05:10.585,27551.3094
2026-08-18 18:05:11.047,27574.4965
2026-08-18 18:05:11.460,27614.5407
2026-08-18 18:05:11.873,27677.988
2026-08-18 18:05:12.286,27779.3858
2026-08-18 18:05:12.698,27918.9757
2026-08-18 18:05:13.111,28081.5205
2026-08-18 18:05:13.539,28256.3834
2026-08-18 18:05:14.003,28462.4544
2026-08-18 18:05:14.418,28655.6898
2026-08-18 18:05:14.831,28841.0397
2026-08-18 18:05:15.244,28765.3467
2026-08-18 18:05:15.657,28572.0692
2026-08-18 18:05:16.076,28381.5808
2026-08-18 18:05:16.489,28192.1578
2026-08-18 18:05:16.919,28013.434
2026-08-18 18:05:17.334,27843.222
2026-08-18 18:05:17.761,27705.4219
2026-08-18 18:05:18.195,27613.3256
2026-08-18 18:05:18.609,27558.2789
2026-08-18 18:05:19.036,27521.8608
2026-08-18 18:05:19.450,27497.2348
2026-08-18 18:05:19.861,27479.157
2026-08-18 18:05:20.276,27467.1043
2026-08-18 18:05:20.690,27475.4894
2026-08-18 18:05:21.118,27490.9824
2026-08-18 18:05:21.579,27511.7441
2026-08-18 18:05:21.998,27547.5403
2026-08-18 18:05:22.411,27599.0707
2026-08-18 18:05:22.823,27682.8682
2026-08-18 18:05:23.236,27805.9354
2026-08-18 18:05:23.648,27959.7419
2026-08-18 18:05:24.062,28129.7234
2026-08-18 18:05:24.477,28309.2167
2026-08-18 18:05:24.942,28518.6444
2026-08-18 18:05:25.370,28714.098
2026-08-18 18:05:25.791,28853.3619
2026-08-18 18:05:26.215,28694.5701
2026-08-18 18:05:26.629,28496.6156
2026-08-18 18:05:27.074,28306.8589
2026-08-18 18:05:27.488,28109.684
2026-08-18 18:05:27.900,27934.4484
2026-08-18 18:05:28.318,27777.5641
2026-08-18 18:05:28.745,27652.9378
2026-08-18 18:05:29.158,27570.3226
2026-08-18 18:05:29.586,27519.8939
2026-08-18 18:05:30.012,27487.6954
2026-08-18 18:05:30.425,27464.4212
2026-08-18 18:05:30.858,27447.6477
2026-08-18 18:05:31.285,27442.6044
2026-08-18 18:05:31.710,27458.0323
2026-08-18 18:05:32.138,27477.2532
2026-08-18 18:05:32.553,27504.4958
2026-08-18 18:05:32.965,27544.9719
2026-08-18 18:05:33.377,27609.8482
2026-08-18 18:05:33.811,27715.4604
2026-08-18 18:05:34.243,27856.8716
2026-08-18 18:05:34.656,28027.7071
2026-08-18 18:05:35.082,28202.7189
2026-08-18 18:05:35.498,28390.6251
2026-08-18 18:05:35.910,28577.9392
2026-08-18 18:05:36.324,28767.1284
2026-08-18 18:05:36.738,28826.9292
2026-08-18 18:05:37.179,28635.2971
2026-08-18 18:05:37.591,28430.4257
2026-08-18 18:05:38.003,28242.2991
2026-08-18 18:05:38.416,28060.4168
2026-08-18 18:05:38.829,27887.6212
2026-08-18 18:05:39.257,27734.3217
2026-08-18 18:05:39.673,27613.8908
2026-08-18 18:05:40.089,27540.767
2026-08-18 18:05:40.508,27494.5423
2026-08-18 18:05:40.922,27463.7324
2026-08-18 18:05:41.334,27442.3954
2026-08-18 18:05:41.746,27425.9311
2026-08-18 18:05:42.160,27418.6766
2026-08-18 18:05:42.573,27418.7951
2026-08-18 18:05:42.986,27419.3785
2026-08-18 18:05:43.405,27418.5732
2026-08-18 18:05:43.846,27416.8164
2026-08-18 18:05:44.258,27415.5596
2026-08-18 18:05:44.678,27414.4383
2026-08-18 18:05:45.104,27413.2637
2026-08-18 18:05:45.521,27412.0271
2026-08-18 18:05:45.936,27411.306
2026-08-18 18:05:46.350,27410.5601
2026-08-18 18:05:46.785,27409.6995
2026-08-18 18:05:47.198,27416.2458
2026-08-18 18:05:47.624,27435.0004
2026-08-18 18:05:48.036,27460.2596
2026-08-18 18:05:48.450,27494.0056
2026-08-18 18:05:48.871,27544.4395
2026-08-18 18:05:49.296,27624.2884
2026-08-18 18:05:49.728,27741.978
2026-08-18 18:05:50.140,27894.7383
2026-08-18 18:05:50.566,28066.8793
2026-08-18 18:05:50.978,28243.4226
2026-08-18 18:05:51.393,28426.2285
2026-08-18 18:05:51.852,28636.5059
2026-08-18 18:05:52.265,28826.1746
2026-08-18 18:05:52.687,29020.2972
2026-08-18 18:05:53.113,29222.7773
2026-08-18 18:05:53.530,29430.8297
2026-08-18 18:05:53.967,29637.2555
2026-08-18 18:05:54.386,29854.8886
2026-08-18 18:05:54.802,30068.0017
2026-08-18 18:05:55.215,30281.6465
2026-08-18 18:05:55.627,30496.2863
2026-08-18 18:05:56.039,30713.2431
2026-08-18 18:05:56.457,30935.0357
2026-08-18 18:05:56.870,31157.8882
2026-08-18 18:05:57.288,31382.34
2026-08-18 18:05:57.702,31604.8396
2026-08-18 18:05:58.119,31517.8087
2026-08-18 18:05:58.532,31284.8686
2026-08-18 18:05:58.947,31056.2541
2026-08-18 18:05:59.359,30829.4313
2026-08-18 18:05:59.787,30599.2803
2026-08-18 18:06:00.223,30371.4143
2026-08-18 18:06:00.654,30147.8941
2026-08-18 18:06:01.066,29926.9331
2026-08-18 18:06:01.494,29708.6976
2026-08-18 18:06:01.913,29501.1772
2026-08-18 18:06:02.326,29292.0977
2026-08-18 18:06:02.760,29082.9065
2026-08-18 18:06:03.178,28881.0338
2026-08-18 18:06:03.591,28683.4972
2026-08-18 18:06:04.005,28491.8541
2026-08-18 18:06:04.418,28303.7097
2026-08-18 18:06:04.839,28120.8278
2026-08-18 18:06:05.301,27944.0986
2026-08-18 18:06:05.719,27775.6521
2026-08-18 18:06:06.142,27670.714
2026-08-18 18:06:06.554,27604.3742
2026-08-18 18:06:06.969,27562.0395
2026-08-18 18:06:07.382,27531.8462
2026-08-18 18:06:07.794,27509.0307
2026-08-18 18:06:08.207,27491.5425
2026-08-18 18:06:08.651,27480.5241
2026-08-18 18:06:09.077,27489.4918
2026-08-18 18:06:09.496,27502.216
2026-08-18 18:06:09.908,27520.826
2026-08-18 18:06:10.381,27549.335
2026-08-18 18:06:10.813,27606.4882
2026-08-18 18:06:11.226,27695.3249
2026-08-18 18:06:11.653,27827.2725
2026-08-18 18:06:12.066,27984.7284
2026-08-18 18:06:12.478,28157.4706
2026-08-18 18:06:12.910,28338.6665
2026-08-18 18:06:13.323,28534.1548
2026-08-18 18:06:13.745,28725.3285
2026-08-18 18:06:14.158,28804.6939
2026-08-18 18:06:14.572,28615.6257
2026-08-18 18:06:15.000,28421.8779
2026-08-18 18:06:15.485,28193.0101
2026-08-18 18:06:15.909,28011.9024
2026-08-18 18:06:16.322,27837.5344
2026-08-18 18:06:16.735,27693.6124
2026-08-18 18:06:17.146,27591.7807
2026-08-18 18:06:17.611,27527.7999
2026-08-18 18:06:18.030,27482.0466
2026-08-18 18:06:18.444,27454.6842
2026-08-18 18:06:18.870,27434.501
2026-08-18 18:06:19.284,27419.3873
2026-08-18 18:06:19.698,27422.8345
2026-08-18 18:06:20.163,27439.3342
2026-08-18 18:06:20.577,27458.8008
2026-08-18 18:06:20.993,27487.3944
2026-08-18 18:06:21.412,27533.3915
2026-08-18 18:06:21.824,27610.6596
2026-08-18 18:06:22.251,27731.672
2026-08-18 18:06:22.673,27879.9327
2026-08-18 18:06:23.087,28052.0182
2026-08-18 18:06:23.512,28230.6554
2026-08-18 18:06:23.930,28421.6826
2026-08-18 18:06:24.344,28613.1237
2026-08-18 18:06:24.761,28795.2365
2026-08-18 18:06:25.224,28683.8026
2026-08-18 18:06:25.638,28489.9053
2026-08-18 18:06:26.064,28299.0186
2026-08-18 18:06:26.477,28107.4684
2026-08-18 18:06:26.908,27924.307
2026-08-18 18:06:27.347,27761.176
2026-08-18 18:06:27.770,27623.849
2026-08-18 18:06:28.198,27534.2896
2026-08-18 18:06:28.610,27478.5909
2026-08-18 18:06:29.023,27443.532
2026-08-18 18:06:29.465,27419.284
2026-08-18 18:06:29.887,27400.7001
2026-08-18 18:06:30.300,27392.0976
2026-08-18 18:06:30.728,27406.0673
2026-08-18 18:06:31.141,27424.2445
2026-08-18 18:06:31.553,27448.9693
2026-08-18 18:06:31.966,27486.1784
2026-08-18 18:06:32.431,27555.3449
2026-08-18 18:06:32.865,27658.3667
2026-08-18 18:06:33.277,27798.6032
2026-08-18 18:06:33.689,27960.5026
2026-08-18 18:06:34.103,28135.5337
2026-08-18 18:06:34.564,28340.6086
2026-08-18 18:06:34.985,28529.4353
2026-08-18 18:06:35.398,28723.8937
2026-08-18 18:06:35.811,28789.8879
2026-08-18 18:06:36.236,28598.0269
2026-08-18 18:06:36.697,28375.9122
2026-08-18 18:06:37.109,28187.6094
2026-08-18 18:06:37.538,27998.0582
2026-08-18 18:06:37.951,27825.3844
2026-08-18 18:06:38.377,27674.7718
2026-08-18 18:06:38.793,27559.6671
2026-08-18 18:06:39.221,27488.6652
2026-08-18 18:06:39.646,27442.7453
2026-08-18 18:06:40.060,27412.2024
2026-08-18 18:06:40.487,27390.667
2026-08-18 18:06:40.899,27373.8627
2026-08-18 18:06:41.312,27368.986
2026-08-18 18:06:41.751,27368.6744
2026-08-18 18:06:42.165,27369.8006
2026-08-18 18:06:42.577,27368.5
2026-08-18 18:06:42.990,27366.8225
2026-08-18 18:06:43.452,27365.558
2026-08-18 18:06:43.874,27363.9201
2026-08-18 18:06:44.287,27362.6105
2026-08-18 18:06:44.699,27361.4257
2026-08-18 18:06:45.113,27360.3419
2026-08-18 18:06:45.535,27359.1086
2026-08-18 18:06:45.963,27357.8905
2026-08-18 18:06:46.378,27367.9549
2026-08-18 18:06:46.792,27387.0981
2026-08-18 18:06:47.204,27412.3819
2026-08-18 18:06:47.619,27448.6563
2026-08-18 18:06:48.087,27503.7602
2026-08-18 18:06:48.530,27611.4136
2026-08-18 18:06:48.944,27738.9297
2026-08-18 18:06:49.357,27894.4253
2026-08-18 18:06:49.778,28064.7924
2026-08-18 18:06:50.210,28248.3349
2026-08-18 18:06:50.624,28443.4101
2026-08-18 18:06:51.042,28633.6698
2026-08-18 18:06:51.453,28829.2039
2026-08-18 18:06:51.867,29025.2054
2026-08-18 18:06:52.327,29249.481
2026-08-18 18:06:52.755,29459.4255
2026-08-18 18:06:53.169,29666.2153
2026-08-18 18:06:53.581,29874.9774
2026-08-18 18:06:53.993,30085.3636
2026-08-18 18:06:54.420,30298.2358
2026-08-18 18:06:54.832,30520.9833
2026-08-18 18:06:55.245,30738.8761
2026-08-18 18:06:55.664,30958.5109
2026-08-18 18:06:56.077,31184.5517
2026-08-18 18:06:56.491,31409.8889
2026-08-18 18:06:56.903,31586.0328
2026-08-18 18:06:57.324,31412.2275
2026-08-18 18:06:57.815,31133.79
2026-08-18 18:06:58.227,30907.2809
2026-08-18 18:06:58.640,30684.0943
2026-08-18 18:06:59.054,30463.9706
2026-08-18 18:06:59.500,30238.1686
2026-08-18 18:06:59.919,30013.5273
2026-08-18 18:07:00.345,29797.8966
2026-08-18 18:07:00.760,29582.8283
2026-08-18 18:07:01.172,29374.9266
2026-08-18 18:07:01.584,29171.3301
2026-08-18 18:07:01.996,28970.6826
2026-08-18 18:07:02.413,28771.8378
2026-08-18 18:07:02.841,28572.5171
2026-08-18 18:07:03.253,28374.8217
2026-08-18 18:07:03.685,28184.8479
2026-08-18 18:07:04.097,27997.3217
2026-08-18 18:07:04.516,27830.7497
2026-08-18 18:07:04.929,27692.159
2026-08-18 18:07:05.340,27600.5334
2026-08-18 18:07:05.759,27543.8164
2026-08-18 18:07:06.173,27505.4182
2026-08-18 18:07:06.585,27478.6565
2026-08-18 18:07:06.997,27459.4141
2026-08-18 18:07:07.423,27445.149
2026-08-18 18:07:07.851,27440.9895
2026-08-18 18:07:08.267,27454.2358
2026-08-18 18:07:08.680,27466.6905
2026-08-18 18:07:09.098,27484.0124
2026-08-18 18:07:09.514,27515.7784
2026-08-18 18:07:09.980,27566.9531
2026-08-18 18:07:10.397,27667.2633
2026-08-18 18:07:10.827,27803.9963
2026-08-18 18:07:11.240,27966.0226
2026-08-18 18:07:11.653,28141.6193
2026-08-18 18:07:12.075,28325.3598
2026-08-18 18:07:12.491,28518.4965
2026-08-18 18:07:12.915,28712.7313
2026-08-18 18:07:13.328,28758.7114
2026-08-18 18:07:13.743,28562.574
2026-08-18 18:07:14.157,28367.1401
2026-08-18 18:07:14.597,28175.9615
2026-08-18 18:07:15.026,27973.8674
2026-08-18 18:07:15.445,27802.4665
2026-08-18 18:07:15.858,27654.461
2026-08-18 18:07:16.269,27551.2335
2026-08-18 18:07:16.702,27486.7677
2026-08-18 18:07:17.114,27443.1942
2026-08-18 18:07:17.538,27414.9442
2026-08-18 18:07:17.950,27393.4879
2026-08-18 18:07:18.411,27377.9718
2026-08-18 18:07:18.842,27379.7267
2026-08-18 18:07:19.255,27395.1546
2026-08-18 18:07:19.683,27413.3074
2026-08-18 18:07:20.107,27440.7281
2026-08-18 18:07:20.520,27486.5925
2026-08-18 18:07:20.955,27563.5473
2026-08-18 18:07:21.382,27680.2818
2026-08-18 18:07:21.847,27855.0698
2026-08-18 18:07:22.265,28025.3872
2026-08-18 18:07:22.729,28229.1056
2026-08-18 18:07:23.156,28417.1478
2026-08-18 18:07:23.569,28613.8631
2026-08-18 18:07:23.990,28763.9023
2026-08-18 18:07:24.402,28612.6424
2026-08-18 18:07:24.824,28416.1315
2026-08-18 18:07:25.237,28218.5094
2026-08-18 18:07:25.649,28030.3849
2026-08-18 18:07:26.075,27850.6433
2026-08-18 18:07:26.487,27681.9833
2026-08-18 18:07:26.921,27550.8525
2026-08-18 18:07:27.340,27463.5909
2026-08-18 18:07:27.766,27410.0437
2026-08-18 18:07:28.180,27374.6095
2026-08-18 18:07:28.592,27349.7263
2026-08-18 18:07:29.025,27330.3452
2026-08-18 18:07:29.438,27320.8372
2026-08-18 18:07:29.854,27333.3059
2026-08-18 18:07:30.275,27350.4683
2026-08-18 18:07:30.689,27374.5831
2026-08-18 18:07:31.108,27410.9962
2026-08-18 18:07:31.522,27470.7906
2026-08-18 18:07:31.951,27568.6381
2026-08-18 18:07:32.370,27703.5851
2026-08-18 18:07:32.789,27866.192
2026-08-18 18:07:33.215,28042.6951
2026-08-18 18:07:33.632,28230.4351
2026-08-18 18:07:34.056,28419.0187
2026-08-18 18:07:34.470,28614.5311
2026-08-18 18:07:34.892,28720.6013
2026-08-18 18:07:35.305,28536.6352
2026-08-18 18:07:35.739,28333.7935
2026-08-18 18:07:36.181,28139.3465
2026-08-18 18:07:36.593,27940.5269
2026-08-18 18:07:37.005,27764.8752
2026-08-18 18:07:37.418,27607.9248
2026-08-18 18:07:37.832,27487.4213
2026-08-18 18:07:38.272,27408.8652
2026-08-18 18:07:38.684,27356.9618
2026-08-18 18:07:39.097,27324.3086
2026-08-18 18:07:39.510,27300.628
2026-08-18 18:07:39.922,27282.6627
2026-08-18 18:07:40.384,27272.9574
2026-08-18 18:07:40.797,27271.3963
2026-08-18 18:07:41.209,27269.5672
2026-08-18 18:07:41.623,27267.2331
2026-08-18 18:07:42.096,27263.9021
2026-08-18 18:07:42.528,27260.4454
2026-08-18 18:07:42.945,27257.3703
2026-08-18 18:07:43.357,27254.6665
2026-08-18 18:07:43.770,27252.0088
2026-08-18 18:07:44.188,27249.5748
2026-08-18 18:07:44.615,27247.0051
2026-08-18 18:07:45.028,27244.4064
2026-08-18 18:07:45.462,27251.696
2026-08-18 18:07:45.875,27269.4766
2026-08-18 18:07:46.287,27292.5679
2026-08-18 18:07:46.713,27325.6587
2026-08-18 18:07:47.126,27378.247
2026-08-18 18:07:47.539,27458.3415
2026-08-18 18:07:47.954,27573.9842
2026-08-18 18:07:48.368,27721.6049
2026-08-18 18:07:48.833,27909.5551
2026-08-18 18:07:49.261,28086.6477
2026-08-18 18:07:49.682,28276.5976
2026-08-18 18:07:50.094,28468.274
2026-08-18 18:07:50.527,28665.3709
2026-08-18 18:07:50.954,28868.9586
2026-08-18 18:07:51.365,29066.2475
2026-08-18 18:07:51.791,29266.2895
2026-08-18 18:07:52.213,29475.0861
2026-08-18 18:07:52.631,29684.2717
2026-08-18 18:07:53.044,29894.6523
2026-08-18 18:07:53.459,30105.1856
2026-08-18 18:07:53.886,30319.1296
2026-08-18 18:07:54.302,30541.724
2026-08-18 18:07:54.715,30761.1018
2026-08-18 18:07:55.132,30982.0449
2026-08-18 18:07:55.559,31207.9832
2026-08-18 18:07:55.972,31414.2593
2026-08-18 18:07:56.385,31274.2264
2026-08-18 18:07:56.797,31040.9112
2026-08-18 18:07:57.231,30811.2478
2026-08-18 18:07:57.654,30572.1116
2026-08-18 18:07:58.067,30342.6601
2026-08-18 18:07:58.488,30121.879
2026-08-18 18:07:58.902,29899.5675
2026-08-18 18:07:59.332,29683.8348
2026-08-18 18:07:59.744,29463.6717
2026-08-18 18:08:00.172,29247.3999
2026-08-18 18:08:00.584,29041.3765
2026-08-18 18:08:01.045,28838.8271
2026-08-18 18:08:01.463,28613.2764
2026-08-18 18:08:01.879,28417.2236
2026-08-18 18:08:02.291,28222.3837
2026-08-18 18:08:02.718,28027.0485
2026-08-18 18:08:03.136,27843.8784
2026-08-18 18:08:03.552,27670.3554
2026-08-18 18:08:03.978,27524.6555
2026-08-18 18:08:04.392,27421.0796
2026-08-18 18:08:04.809,27358.3174
2026-08-18 18:08:05.220,27316.367
2026-08-18 18:08:05.651,27285.5234
2026-08-18 18:08:06.064,27262.3202
2026-08-18 18:08:06.493,27243.903
2026-08-18 18:08:06.906,27235.3275
2026-08-18 18:08:07.322,27244.4109
2026-08-18 18:08:07.734,27256.8861
2026-08-18 18:08:08.150,27275.8038
2026-08-18 18:08:08.567,27305.6597
2026-08-18 18:08:08.994,27354.9564
2026-08-18 18:08:09.409,27440.8092
2026-08-18 18:08:09.822,27565.9589
2026-08-18 18:08:10.236,27721.0436
2026-08-18 18:08:10.703,27916.1627
2026-08-18 18:08:11.116,28097.4125
2026-08-18 18:08:11.528,28283.7513
2026-08-18 18:08:11.942,28473.7562
2026-08-18 18:08:12.377,28563.0715
2026-08-18 18:08:12.801,28372.2371
2026-08-18 18:08:13.214,28173.12
2026-08-18 18:08:13.627,27983.0232
2026-08-18 18:08:14.041,27799.2871
2026-08-18 18:08:14.453,27624.7643
2026-08-18 18:08:14.878,27472.1439
2026-08-18 18:08:15.363,27339.4475
2026-08-18 18:08:15.789,27273.1773
2026-08-18 18:08:16.202,27229.7041
2026-08-18 18:08:16.618,27200.7559
2026-08-18 18:08:17.030,27179.0885
2026-08-18 18:08:17.443,27162.9901
2026-08-18 18:08:17.872,27160.3824
2026-08-18 18:08:18.285,27174.1254
2026-08-18 18:08:18.697,27191.4921
2026-08-18 18:08:19.140,27216.0833
2026-08-18 18:08:19.565,27257.7614
2026-08-18 18:08:19.977,27324.4396
2026-08-18 18:08:20.394,27426.9484
2026-08-18 18:08:20.808,27568.0086
2026-08-18 18:08:21.250,27731.7205
2026-08-18 18:08:21.669,27920.2461
2026-08-18 18:08:22.083,28107.3348
2026-08-18 18:08:22.512,28296.6722
2026-08-18 18:08:22.929,28496.0808
2026-08-18 18:08:23.352,28503.8232
2026-08-18 18:08:23.764,28302.5178
2026-08-18 18:08:24.176,28111.3266
2026-08-18 18:08:24.588,27924.2702
2026-08-18 18:08:25.014,27743.0386
2026-08-18 18:08:25.488,27546.1703
2026-08-18 18:08:25.901,27401.2009
2026-08-18 18:08:26.316,27301.0304
2026-08-18 18:08:26.731,27237.4863
2026-08-18 18:08:27.147,27197.1059
2026-08-18 18:08:27.573,27169.5064
2026-08-18 18:08:27.985,27148.8615
2026-08-18 18:08:28.403,27134.3962
2026-08-18 18:08:28.816,27139.5124
2026-08-18 18:08:29.235,27155.9828
2026-08-18 18:08:29.701,27180.9016
2026-08-18 18:08:30.114,27212.7813
2026-08-18 18:08:30.528,27262.6744
2026-08-18 18:08:30.947,27343.254
2026-08-18 18:08:31.360,27464.9861
2026-08-18 18:08:31.792,27623.4525
2026-08-18 18:08:32.204,27796.0714
2026-08-18 18:08:32.620,27975.9401
2026-08-18 18:08:33.036,28163.0018
2026-08-18 18:08:33.461,28354.3538
2026-08-18 18:08:33.923,28548.8413
2026-08-18 18:08:34.349,28425.798
2026-08-18 18:08:34.762,28224.1411
2026-08-18 18:08:35.176,28033.1689
2026-08-18 18:08:35.589,27846.57
2026-08-18 18:08:36.007,27665.2239
2026-08-18 18:08:36.434,27495.1844
2026-08-18 18:08:36.851,27360.2666
2026-08-18 18:08:37.266,27267.6399
2026-08-18 18:08:37.679,27210.7489
2026-08-18 18:08:38.107,27172.7715
2026-08-18 18:08:38.518,27146.9729
2026-08-18 18:08:38.932,27127.9025
2026-08-18 18:08:39.344,27114.8511
2026-08-18 18:08:39.808,27113.2464
2026-08-18 18:08:40.235,27112.2309
2026-08-18 18:08:40.649,27112.7039
2026-08-18 18:08:41.067,27110.9207
2026-08-18 18:08:41.480,27109.1626
2026-08-18 18:08:41.896,27107.903
2026-08-18 18:08:42.337,27106.5851
2026-08-18 18:08:42.755,27104.9995
2026-08-18 18:08:43.167,27103.9492
2026-08-18 18:08:43.595,27102.7541
2026-08-18 18:08:44.010,27101.1925
2026-08-18 18:08:44.427,27102.6061
2026-08-18 18:08:44.852,27118.3017
2026-08-18 18:08:45.266,27139.8266
2026-08-18 18:08:45.679,27168.9351
2026-08-18 18:08:46.105,27213.5597
2026-08-18 18:08:46.534,27280.7208
2026-08-18 18:08:46.948,27387.1005
2026-08-18 18:08:47.363,27525.4041
2026-08-18 18:08:47.776,27688.1742
2026-08-18 18:08:48.247,27863.0686
2026-08-18 18:08:48.675,28074.4516
2026-08-18 18:08:49.086,28266.9475
2026-08-18 18:08:49.498,28457.9884
2026-08-18 18:08:49.911,28652.3182
2026-08-18 18:08:50.332,28850.1578
2026-08-18 18:08:50.747,29055.153
2026-08-18 18:08:51.160,29259.6935
2026-08-18 18:08:51.575,29465.7042
2026-08-18 18:08:51.990,29676.0941
2026-08-18 18:08:52.408,29889.9877
2026-08-18 18:08:52.869,30133.2183
2026-08-18 18:08:53.283,30351.3078
2026-08-18 18:08:53.701,30571.6916
2026-08-18 18:08:54.116,30797.0062
2026-08-18 18:08:54.528,31022.7592
2026-08-18 18:08:55.004,31278.4646
2026-08-18 18:08:55.416,31267.1913
2026-08-18 18:08:55.844,31026.2409
2026-08-18 18:08:56.272,30787.5924
2026-08-18 18:08:56.687,30559.7479
2026-08-18 18:08:57.100,30333.5009
2026-08-18 18:08:57.514,30111.9475
2026-08-18 18:08:57.926,29893.4643
2026-08-18 18:08:58.339,29679.3605
2026-08-18 18:08:58.753,29467.799
2026-08-18 18:08:59.193,29259.343
2026-08-18 18:08:59.606,29040.5619
2026-08-18 18:09:00.019,28837.3518
2026-08-18 18:09:00.431,28637.4052
2026-08-18 18:09:00.854,28440.7752
2026-08-18 18:09:01.320,28216.9759
2026-08-18 18:09:01.733,28026.8636
2026-08-18 18:09:02.160,27842.6677
2026-08-18 18:09:02.572,27661.6809
2026-08-18 18:09:02.985,27507.2313
2026-08-18 18:09:03.410,27390.1919
2026-08-18 18:09:03.824,27314.3043
2026-08-18 18:09:04.240,27267.7911
2026-08-18 18:09:04.655,27235.1707
2026-08-18 18:09:05.068,27211.2784
2026-08-18 18:09:05.545,27190.9631
2026-08-18 18:09:05.963,27178.2773
2026-08-18 18:09:06.377,27185.6124
2026-08-18 18:09:06.790,27198.4773
2026-08-18 18:09:07.205,27216.4806
2026-08-18 18:09:07.625,27243.1558
2026-08-18 18:09:08.039,27287.25
2026-08-18 18:09:08.455,27359.6375
2026-08-18 18:09:08.867,27473.1405
2026-08-18 18:09:09.293,27627.6316
2026-08-18 18:09:09.732,27803.1743
2026-08-18 18:09:10.145,27988.5973
2026-08-18 18:09:10.557,28176.1225
2026-08-18 18:09:10.980,28366.735
2026-08-18 18:09:11.392,28537.3616
2026-08-18 18:09:11.827,28408.9587
2026-08-18 18:09:12.252,28203.4727
2026-08-18 18:09:12.664,28006.6091
2026-08-18 18:09:13.078,27820.6061
2026-08-18 18:09:13.491,27642.7902
2026-08-18 18:09:13.903,27481.8106
2026-08-18 18:09:14.335,27351.8629
2026-08-18 18:09:14.768,27268.7869
2026-08-18 18:09:15.190,27216.1181
2026-08-18 18:09:15.602,27183.1285
2026-08-18 18:09:16.028,27160.4288
2026-08-18 18:09:16.440,27142.9418
2026-08-18 18:09:16.872,27133.9331
2026-08-18 18:09:17.299,27146.6376
2026-08-18 18:09:17.712,27164.3908
2026-08-18 18:09:18.131,27187.9617
2026-08-18 18:09:18.546,27223.6202
2026-08-18 18:09:18.989,27280.3766
2026-08-18 18:09:19.420,27383.3893
2026-08-18 18:09:19.848,27523.7749
2026-08-18 18:09:20.271,27685.8932
2026-08-18 18:09:20.763,27902.6611
2026-08-18 18:09:21.177,28088.4459
2026-08-18 18:09:21.601,28277.2276
2026-08-18 18:09:22.015,28475.6187
2026-08-18 18:09:22.448,28509.0016
2026-08-18 18:09:22.862,28302.7748
2026-08-18 18:09:23.275,28108.7835
2026-08-18 18:09:23.689,27919.1412
2026-08-18 18:09:24.101,27735.7373
2026-08-18 18:09:24.564,27544.1547
2026-08-18 18:09:24.977,27397.1965
2026-08-18 18:09:25.389,27291.8689
2026-08-18 18:09:25.802,27225.7334
2026-08-18 18:09:26.262,27183.4815
2026-08-18 18:09:26.685,27151.3921
2026-08-18 18:09:27.113,27130.8687
2026-08-18 18:09:27.526,27115.9706
2026-08-18 18:09:27.967,27122.9231
2026-08-18 18:09:28.396,27140.34
2026-08-18 18:09:28.811,27163.2663
2026-08-18 18:09:29.227,27195.9759
2026-08-18 18:09:29.652,27246.8436
2026-08-18 18:09:30.065,27331.4525
2026-08-18 18:09:30.490,27454.6057
2026-08-18 18:09:30.904,27611.5787
2026-08-18 18:09:31.323,27783.8519
2026-08-18 18:09:31.736,27967.2094
2026-08-18 18:09:32.153,28153.7532
2026-08-18 18:09:32.567,28345.7866
2026-08-18 18:09:32.979,28528.1952
2026-08-18 18:09:33.406,28428.0524
2026-08-18 18:09:33.818,28232.2928
2026-08-18 18:09:34.232,28040.2688
2026-08-18 18:09:34.653,27851.2728
2026-08-18 18:09:35.066,27666.2295
2026-08-18 18:09:35.479,27498.3002
2026-08-18 18:09:35.892,27357.4792
2026-08-18 18:09:36.314,27259.6832
2026-08-18 18:09:36.728,27197.5124
2026-08-18 18:09:37.159,27159.0202
2026-08-18 18:09:37.571,27131.8516
2026-08-18 18:09:37.999,27112.6136
2026-08-18 18:09:38.411,27098.4801
2026-08-18 18:09:38.843,27096.2817
2026-08-18 18:09:39.273,27095.1316
2026-08-18 18:09:39.686,27095.2169
2026-08-18 18:09:40.098,27093.3992
2026-08-18 18:09:40.527,27091.6067
2026-08-18 18:09:40.939,27090.3684
2026-08-18 18:09:41.375,27089.2976
2026-08-18 18:09:41.788,27088.0658
2026-08-18 18:09:42.201,27087.5988
2026-08-18 18:09:42.615,27087.0657
2026-08-18 18:09:43.029,27086.6616
2026-08-18 18:09:43.443,27087.3613
2026-08-18 18:09:43.922,27103.2486
2026-08-18 18:09:44.335,27125.0496
2026-08-18 18:09:44.747,27154.1935
2026-08-18 18:09:45.173,27198.0942
2026-08-18 18:09:45.587,27263.8583
2026-08-18 18:09:46.052,27379.1154
2026-08-18 18:09:46.478,27518.0195
2026-08-18 18:09:46.890,27685.5249
2026-08-18 18:09:47.309,27860.7459
2026-08-18 18:09:47.723,28047.0383
2026-08-18 18:09:48.136,28235.8854
2026-08-18 18:09:48.555,28428.2373
2026-08-18 18:09:48.967,28627.1168
2026-08-18 18:09:49.379,28825.3948
2026-08-18 18:09:49.791,29027.4059
2026-08-18 18:09:50.210,29231.6185
2026-08-18 18:09:50.622,29442.6152
2026-08-18 18:09:51.054,29655.5314
2026-08-18 18:09:51.471,29875.8919
2026-08-18 18:09:51.899,30094.6652
2026-08-18 18:09:52.314,30321.4653
2026-08-18 18:09:52.727,30543.9112
2026-08-18 18:09:53.145,30767.4327
2026-08-18 18:09:53.559,30996.3381
2026-08-18 18:09:53.989,31224.8157
2026-08-18 18:09:54.400,31330.1763
2026-08-18 18:09:54.817,31108.2032
2026-08-18 18:09:55.234,30874.397
2026-08-18 18:09:55.647,30643.2635
2026-08-18 18:09:56.074,30410.4442
2026-08-18 18:09:56.491,30188.027
2026-08-18 18:09:56.910,29965.4296
2026-08-18 18:09:57.324,29745.5781
2026-08-18 18:09:57.738,29531.4722
2026-08-18 18:09:58.152,29320.1188
2026-08-18 18:09:58.580,29111.8441
2026-08-18 18:09:58.991,28898.8653
2026-08-18 18:09:59.405,28697.3772
2026-08-18 18:09:59.831,28498.0828
2026-08-18 18:10:00.244,28296.588
2026-08-18 18:10:00.682,28098.744
2026-08-18 18:10:01.095,27905.8315
2026-08-18 18:10:01.507,27725.2199
2026-08-18 18:10:01.921,27559.7061
2026-08-18 18:10:02.338,27425.5376
2026-08-18 18:10:02.759,27335.9215
2026-08-18 18:10:03.251,27271.4929
2026-08-18 18:10:03.664,27236.8989
2026-08-18 18:10:04.076,27211.1648
2026-08-18 18:10:04.541,27189.4306
2026-08-18 18:10:04.956,27175.2172
2026-08-18 18:10:05.428,27180.5351
2026-08-18 18:10:05.877,27194.4778
2026-08-18 18:10:06.302,27211.9848
2026-08-18 18:10:06.716,27239.2445
2026-08-18 18:10:07.135,27282.5381
2026-08-18 18:10:07.552,27356.7916
2026-08-18 18:10:07.965,27472.3566
2026-08-18 18:10:08.390,27622.0149
2026-08-18 18:10:08.815,27797.2637
2026-08-18 18:10:09.228,27984.1069
2026-08-18 18:10:09.656,28178.6626
2026-08-18 18:10:10.069,28371.2746
2026-08-18 18:10:10.481,28534.4232
2026-08-18 18:10:10.908,28401.3736
2026-08-18 18:10:11.320,28199.4972
2026-08-18 18:10:11.744,28008.3283
2026-08-18 18:10:12.157,27816.1612
2026-08-18 18:10:12.581,27638.4494
2026-08-18 18:10:13.008,27473.6616
2026-08-18 18:10:13.420,27344.4318
2026-08-18 18:10:13.846,27261.5738
2026-08-18 18:10:14.267,27211.6185
2026-08-18 18:10:14.689,27177.9022
2026-08-18 18:10:15.110,27154.2282
2026-08-18 18:10:15.522,27137.2343
2026-08-18 18:10:15.934,27127.5922
2026-08-18 18:10:16.349,27138.9497
2026-08-18 18:10:16.822,27157.9945
2026-08-18 18:10:17.236,27182.7004
2026-08-18 18:10:17.664,27220.848
2026-08-18 18:10:18.088,27280.3293
2026-08-18 18:10:18.515,27377.883
2026-08-18 18:10:18.929,27518.1996
2026-08-18 18:10:19.341,27680.6824
2026-08-18 18:10:19.771,27863.123
2026-08-18 18:10:20.186,28048.0242
2026-08-18 18:10:20.617,28238.5937
2026-08-18 18:10:21.036,28439.6398
2026-08-18 18:10:21.449,28523.6911
2026-08-18 18:10:21.862,28334.2388
2026-08-18 18:10:22.274,28139.4569
2026-08-18 18:10:22.687,27949.5331
2026-08-18 18:10:23.103,27764.5706
2026-08-18 18:10:23.515,27587.5682
2026-08-18 18:10:23.927,27431.0064
2026-08-18 18:10:24.350,27312.5766
2026-08-18 18:10:24.763,27235.4196
2026-08-18 18:10:25.236,27183.98
2026-08-18 18:10:25.650,27152.3324
2026-08-18 18:10:26.062,27131.3508
2026-08-18 18:10:26.474,27123.3555
2026-08-18 18:10:26.892,27137.3997
2026-08-18 18:10:27.318,27158.5896
2026-08-18 18:10:27.731,27172.2105
2026-08-18 18:10:28.144,27196.8426
2026-08-18 18:10:28.557,27238.1297
2026-08-18 18:10:29.018,27306.3944
2026-08-18 18:10:29.436,27429.2237
2026-08-18 18:10:29.849,27576.6595
2026-08-18 18:10:30.277,27746.183
2026-08-18 18:10:30.689,27933.1278
2026-08-18 18:10:31.118,28127.3921
2026-08-18 18:10:31.532,28319.9311
2026-08-18 18:10:31.955,28517.102
2026-08-18 18:10:32.372,28523.4625
2026-08-18 18:10:32.801,28324.4374
2026-08-18 18:10:33.214,28125.9161
2026-08-18 18:10:33.635,27937.6569
2026-08-18 18:10:34.048,27748.8262
2026-08-18 18:10:34.461,27575.4699
2026-08-18 18:10:34.875,27426.104
2026-08-18 18:10:35.336,27315.5297
2026-08-18 18:10:35.753,27236.4203
2026-08-18 18:10:36.181,27193.5655
2026-08-18 18:10:36.594,27163.1803
2026-08-18 18:10:37.008,27142.1743
2026-08-18 18:10:37.430,27124.4652
2026-08-18 18:10:37.849,27119.8534
2026-08-18 18:10:38.270,27118.67
2026-08-18 18:10:38.682,27119.0661
2026-08-18 18:10:39.106,27117.4626
2026-08-18 18:10:39.531,27115.6005
2026-08-18 18:10:39.948,27114.3408
2026-08-18 18:10:40.361,27113.1906
2026-08-18 18:10:40.775,27112.1563
2026-08-18 18:10:41.200,27111.8457
2026-08-18 18:10:41.613,27112.028
2026-08-18 18:10:42.077,27112.3353
2026-08-18 18:10:42.490,27113.3679
2026-08-18 18:10:42.906,27127.2297
2026-08-18 18:10:43.318,27148.6255
2026-08-18 18:10:43.731,27176.1611
2026-08-18 18:10:44.169,27215.3225
2026-08-18 18:10:44.582,27279.1685
2026-08-18 18:10:45.005,27372.5119
2026-08-18 18:10:45.418,27506.1779
2026-08-18 18:10:45.880,27664.4492
2026-08-18 18:10:46.309,27862.725
2026-08-18 18:10:46.721,28052.379
2026-08-18 18:10:47.135,28242.6849
2026-08-18 18:10:47.550,28436.8618
2026-08-18 18:10:47.963,28635.8371
2026-08-18 18:10:48.391,28841.9117
2026-08-18 18:10:48.808,29047.8262
2026-08-18 18:10:49.233,29256.3589
2026-08-18 18:10:49.649,29472.6963
2026-08-18 18:10:50.063,29687.3301
2026-08-18 18:10:50.475,29904.0218
2026-08-18 18:10:50.903,30129.5329
2026-08-18 18:10:51.319,30351.4623
2026-08-18 18:10:51.742,30577.1651
2026-08-18 18:10:52.156,30809.0287
2026-08-18 18:10:52.582,31037.782
2026-08-18 18:10:52.995,31275.0129
2026-08-18 18:10:53.415,31434.7169
2026-08-18 18:10:53.841,31238.1862
2026-08-18 18:10:54.268,30997.7682
2026-08-18 18:10:54.680,30759.7348
2026-08-18 18:10:55.093,30533.0605
2026-08-18 18:10:55.516,30309.5598
2026-08-18 18:10:55.945,30083.9939
2026-08-18 18:10:56.356,29858.5047
2026-08-18 18:10:56.782,29644.3834
2026-08-18 18:10:57.195,29425.3056
2026-08-18 18:10:57.640,29205.9311
2026-08-18 18:10:58.055,28993.8315
2026-08-18 18:10:58.469,28789.2692
2026-08-18 18:10:58.888,28588.9194
2026-08-18 18:10:59.302,28388.6383
2026-08-18 18:10:59.733,28194.7643
2026-08-18 18:11:00.144,27997.328
2026-08-18 18:11:00.566,27815.1917
2026-08-18 18:11:00.979,27643.0583
2026-08-18 18:11:01.391,27505.4171
2026-08-18 18:11:01.868,27403.9212
2026-08-18 18:11:02.279,27348.3885
2026-08-18 18:11:02.691,27312.3405
2026-08-18 18:11:03.103,27285.857
2026-08-18 18:11:03.515,27265.7995
2026-08-18 18:11:03.946,27250.5099
2026-08-18 18:11:04.359,27247.3169
2026-08-18 18:11:04.780,27259.2108
2026-08-18 18:11:05.197,27274.3271
2026-08-18 18:11:05.610,27296.1577
2026-08-18 18:11:06.037,27330.2996
2026-08-18 18:11:06.455,27389.344
2026-08-18 18:11:06.868,27485.1421
2026-08-18 18:11:07.302,27625.4139
2026-08-18 18:11:07.716,27792.2171
2026-08-18 18:11:08.132,27971.3654
2026-08-18 18:11:08.546,28159.1809
2026-08-18 18:11:08.965,28351.5506
2026-08-18 18:11:09.377,28549.4442
2026-08-18 18:11:09.789,28604.6256
2026-08-18 18:11:10.201,28409.0388
2026-08-18 18:11:10.614,28213.6054
2026-08-18 18:11:11.040,28021.8152
2026-08-18 18:11:11.534,27797.3721
2026-08-18 18:11:11.947,27622.8386
2026-08-18 18:11:12.360,27476.6411
2026-08-18 18:11:12.773,27373.2719
2026-08-18 18:11:13.205,27308.3605
2026-08-18 18:11:13.624,27265.3204
2026-08-18 18:11:14.038,27236.9507
2026-08-18 18:11:14.450,27216.7398
2026-08-18 18:11:14.864,27201.5392
2026-08-18 18:11:15.340,27204.5635
2026-08-18 18:11:15.753,27220.8662
2026-08-18 18:11:16.166,27241.4162
2026-08-18 18:11:16.578,27270.9044
2026-08-18 18:11:17.001,27316.3331
2026-08-18 18:11:17.422,27391.9548
2026-08-18 18:11:17.846,27507.8007
2026-08-18 18:11:18.261,27661.035
2026-08-18 18:11:18.682,27833.1999
2026-08-18 18:11:19.096,28021.2124
2026-08-18 18:11:19.533,28212.0239
2026-08-18 18:11:19.946,28417.2323
2026-08-18 18:11:20.359,28610.8572
2026-08-18 18:11:20.771,28548.1539
2026-08-18 18:11:21.197,28349.5141
2026-08-18 18:11:21.625,28148.998
2026-08-18 18:11:22.038,27952.084
2026-08-18 18:11:22.451,27769.9092
2026-08-18 18:11:22.864,27600.6797
2026-08-18 18:11:23.276,27459.0217
2026-08-18 18:11:23.689,27360.0469
2026-08-18 18:11:24.154,27291.9607
2026-08-18 18:11:24.573,27253.5869
2026-08-18 18:11:25.038,27223.3175
2026-08-18 18:11:25.482,27202.4579
2026-08-18 18:11:25.898,27192.0759
2026-08-18 18:11:26.317,27205.1466
2026-08-18 18:11:26.818,27228.0621
2026-08-18 18:11:27.230,27255.3984
2026-08-18 18:11:27.644,27295.2242
2026-08-18 18:11:28.071,27358.9183
2026-08-18 18:11:28.486,27462.7344
2026-08-18 18:11:28.897,27601.8108
2026-08-18 18:11:29.312,27766.0707
2026-08-18 18:11:29.730,27945.704
2026-08-18 18:11:30.143,28134.5827
2026-08-18 18:11:30.555,28325.7444
2026-08-18 18:11:31.016,28520.295
2026-08-18 18:11:31.436,28639.719
2026-08-18 18:11:31.851,28453.3049
2026-08-18 18:11:32.268,28256.3835
2026-08-18 18:11:32.695,28062.3251
2026-08-18 18:11:33.107,27869.1199
2026-08-18 18:11:33.527,27691.9254
2026-08-18 18:11:33.941,27529.4566
2026-08-18 18:11:34.353,27406.1263
2026-08-18 18:11:34.765,27325.9413
2026-08-18 18:11:35.178,27275.609
2026-08-18 18:11:35.593,27242.0889
2026-08-18 18:11:36.058,27215.7979
2026-08-18 18:11:36.475,27199.179
2026-08-18 18:11:36.935,27191.412
2026-08-18 18:11:37.348,27191.4503
2026-08-18 18:11:37.767,27191.2028
2026-08-18 18:11:38.238,27190.5993
2026-08-18 18:11:38.676,27189.0455
2026-08-18 18:11:39.089,27187.6719
2026-08-18 18:11:39.513,27186.6553
2026-08-18 18:11:39.928,27185.4982
2026-08-18 18:11:40.359,27184.6726
2026-08-18 18:11:40.783,27183.7705
2026-08-18 18:11:41.211,27182.6925
2026-08-18 18:11:41.624,27182.1512
2026-08-18 18:11:42.037,27193.369
2026-08-18 18:11:42.452,27213.505
2026-08-18 18:11:42.865,27239.4495
2026-08-18 18:11:43.292,27275.3296
2026-08-18 18:11:43.704,27331.5604
2026-08-18 18:11:44.115,27416.4999
2026-08-18 18:11:44.581,27556.4654
2026-08-18 18:11:44.994,27711.9019
2026-08-18 18:11:45.407,27883.8959
2026-08-18 18:11:45.819,28065.6494
2026-08-18 18:11:46.246,28260.2555
2026-08-18 18:11:46.674,28453.4206
2026-08-18 18:11:47.086,28656.782
2026-08-18 18:11:47.514,28855.5781
2026-08-18 18:11:47.928,29065.0164
2026-08-18 18:11:48.339,29270.0658
2026-08-18 18:11:48.781,29483.8502
2026-08-18 18:11:49.203,29701.5036
2026-08-18 18:11:49.615,29919.0816
2026-08-18 18:11:50.056,30142.9699
2026-08-18 18:11:50.469,30367.1132
2026-08-18 18:11:50.881,30588.5159
2026-08-18 18:11:51.297,30812.6036
2026-08-18 18:11:51.728,31039.9028
2026-08-18 18:11:52.142,31278.6119
2026-08-18 18:11:52.557,31468.9723
2026-08-18 18:11:52.972,31305.734
2026-08-18 18:11:53.384,31069.5599
2026-08-18 18:11:53.824,30837.4039
2026-08-18 18:11:54.238,30593.5393
2026-08-18 18:11:54.652,30368.2518
2026-08-18 18:11:55.078,30145.8158
2026-08-18 18:11:55.495,29920.0036
2026-08-18 18:11:55.926,29701.4721
2026-08-18 18:11:56.351,29478.986
2026-08-18 18:11:56.766,29262.3296
2026-08-18 18:11:57.178,29053.6876
2026-08-18 18:11:57.606,28849.634
2026-08-18 18:11:58.032,28641.4849
2026-08-18 18:11:58.461,28430.8796
2026-08-18 18:11:58.880,28236.7929
2026-08-18 18:11:59.308,28043.3636
2026-08-18 18:11:59.719,27853.3267
2026-08-18 18:12:00.137,27682.5523
2026-08-18 18:12:00.565,27538.4334
2026-08-18 18:12:00.979,27438.7727
2026-08-18 18:12:01.397,27379.384
2026-08-18 18:12:01.810,27339.6872
2026-08-18 18:12:02.241,27311.3723
2026-08-18 18:12:02.663,27289.2463
2026-08-18 18:12:03.076,27272.6456
2026-08-18 18:12:03.501,27266.1866
2026-08-18 18:12:03.926,27277.6912
2026-08-18 18:12:04.345,27293.0713
2026-08-18 18:12:04.757,27314.3883
2026-08-18 18:12:05.171,27347.0003
2026-08-18 18:12:05.584,27400.6638
2026-08-18 18:12:05.998,27488.7263
2026-08-18 18:12:06.492,27618.3493
2026-08-18 18:12:06.906,27811.997
2026-08-18 18:12:07.323,27990.3271
2026-08-18 18:12:07.736,28179.0322
2026-08-18 18:12:08.162,28370.8189
2026-08-18 18:12:08.588,28571.9966
2026-08-18 18:12:09.002,28601.8201
2026-08-18 18:12:09.414,28402.3372
2026-08-18 18:12:09.840,28207.411
2026-08-18 18:12:10.253,28010.6426
2026-08-18 18:12:10.691,27826.6597
2026-08-18 18:12:11.115,27644.4991
2026-08-18 18:12:11.528,27495.9184
2026-08-18 18:12:11.943,27395.1989
2026-08-18 18:12:12.355,27331.9412
2026-08-18 18:12:12.790,27291.6258
2026-08-18 18:12:13.202,27262.4948
2026-08-18 18:12:13.614,27242.556
2026-08-18 18:12:14.027,27228.2446
2026-08-18 18:12:14.440,27231.187
2026-08-18 18:12:14.852,27247.3244
2026-08-18 18:12:15.265,27267.9533
2026-08-18 18:12:15.677,27296.4634
2026-08-18 18:12:16.090,27339.9188
2026-08-18 18:12:16.504,27409.902
2026-08-18 18:12:16.922,27518.6674
2026-08-18 18:12:17.336,27666.4574
2026-08-18 18:12:17.749,27836.1274
2026-08-18 18:12:18.182,28023.9764
2026-08-18 18:12:18.609,28214.9131
2026-08-18 18:12:19.048,28422.206
2026-08-18 18:12:19.464,28623.4309
2026-08-18 18:12:19.876,28603.7346
2026-08-18 18:12:20.293,28405.0635
2026-08-18 18:12:20.711,28208.8713
2026-08-18 18:12:21.128,28016.7636
2026-08-18 18:12:21.541,27831.5588
2026-08-18 18:12:21.955,27659.2705
2026-08-18 18:12:22.369,27511.3548
2026-08-18 18:12:22.810,27403.0112
2026-08-18 18:12:23.222,27336.188
2026-08-18 18:12:23.639,27296.5515
2026-08-18 18:12:24.054,27268.3383
2026-08-18 18:12:24.522,27247.8457
2026-08-18 18:12:24.941,27231.3452
2026-08-18 18:12:25.354,27238.0165
2026-08-18 18:12:25.765,27254.8386
2026-08-18 18:12:26.179,27278.0097
2026-08-18 18:12:26.592,27310.793
2026-08-18 18:12:27.026,27362.9679
2026-08-18 18:12:27.451,27445.3384
2026-08-18 18:12:27.866,27570.4971
2026-08-18 18:12:28.280,27726.204
2026-08-18 18:12:28.693,27900.3202
2026-08-18 18:12:29.123,28091.0758
2026-08-18 18:12:29.555,28288.6441
2026-08-18 18:12:29.966,28485.2018
2026-08-18 18:12:30.382,28671.1488
2026-08-18 18:12:30.796,28581.2758
2026-08-18 18:12:31.223,28375.9514
2026-08-18 18:12:31.640,28180.9513
2026-08-18 18:12:32.054,27990.2459
2026-08-18 18:12:32.467,27808.1655
2026-08-18 18:12:32.880,27639.3509
2026-08-18 18:12:33.340,27484.3654
2026-08-18 18:12:33.752,27390.7157
2026-08-18 18:12:34.164,27332.4376
2026-08-18 18:12:34.576,27295.5704
2026-08-18 18:12:35.002,27270.8053
2026-08-18 18:12:35.461,27250.3409
2026-08-18 18:12:35.887,27238.4224
2026-08-18 18:12:36.303,27237.8369
2026-08-18 18:12:36.716,27237.7309
2026-08-18 18:12:37.142,27239.0217
2026-08-18 18:12:37.573,27238.7069
2026-08-18 18:12:37.999,27237.9358
2026-08-18 18:12:38.426,27237.1319
2026-08-18 18:12:38.845,27236.4175
2026-08-18 18:12:39.261,27236.0506
2026-08-18 18:12:39.675,27235.5351
2026-08-18 18:12:40.087,27235.1235
2026-08-18 18:12:40.501,27234.9697
2026-08-18 18:12:40.913,27236.1443
2026-08-18 18:12:41.326,27251.7021
2026-08-18 18:12:41.763,27273.8177
2026-08-18 18:12:42.177,27304.9689
2026-08-18 18:12:42.602,27347.7488
2026-08-18 18:12:43.027,27415.7876
2026-08-18 18:12:43.441,27519.7594
2026-08-18 18:12:43.873,27656.5793
2026-08-18 18:12:44.286,27826.8519
2026-08-18 18:12:44.699,28004.238
2026-08-18 18:12:45.112,28189.766
2026-08-18 18:12:45.580,28380.7257
2026-08-18 18:12:45.999,28605.8267
2026-08-18 18:12:46.413,28806.3059
2026-08-18 18:12:46.825,29010.2084
2026-08-18 18:12:47.239,29215.3868
2026-08-18 18:12:47.652,29423.5947
2026-08-18 18:12:48.081,29641.8339
2026-08-18 18:12:48.494,29855.9339
2026-08-18 18:12:48.907,30073.1189
2026-08-18 18:12:49.320,30292.5495
2026-08-18 18:12:49.734,30515.3302
2026-08-18 18:12:50.207,30770.5822
2026-08-18 18:12:50.624,31003.5395
2026-08-18 18:12:51.037,31237.3299
2026-08-18 18:12:51.456,31471.7853
2026-08-18 18:12:51.870,31553.6794
2026-08-18 18:12:52.284,31323.0243
2026-08-18 18:12:52.698,31089.3823
2026-08-18 18:12:53.117,30857.7402
2026-08-18 18:12:53.534,30626.0506
2026-08-18 18:12:53.946,30398.5815
2026-08-18 18:12:54.389,30168.5258
2026-08-18 18:12:54.800,29941.1447
2026-08-18 18:12:55.212,29726.4408
2026-08-18 18:12:55.625,29514.2194
2026-08-18 18:12:56.052,29304.3187
2026-08-18 18:12:56.529,29065.8592
2026-08-18 18:12:56.940,28855.6253
2026-08-18 18:12:57.352,28655.9447
2026-08-18 18:12:57.763,28459.4431
2026-08-18 18:12:58.188,28266.3385
2026-08-18 18:12:58.604,28071.5081
2026-08-18 18:12:59.031,27888.7994
2026-08-18 18:12:59.444,27719.2658
2026-08-18 18:12:59.870,27592.5817
2026-08-18 18:13:00.284,27508.5552
2026-08-18 18:13:00.713,27457.7583
2026-08-18 18:13:01.126,27422.2168
2026-08-18 18:13:01.554,27396.5118
2026-08-18 18:13:01.981,27377.3588
2026-08-18 18:13:02.393,27363.6602
2026-08-18 18:13:02.817,27367.5874
2026-08-18 18:13:03.231,27381.2478
2026-08-18 18:13:03.654,27398.9253
2026-08-18 18:13:04.066,27424.9895
2026-08-18 18:13:04.485,27465.2488
2026-08-18 18:13:04.899,27534.0038
2026-08-18 18:13:05.329,27646.3714
2026-08-18 18:13:05.756,27794.2371
2026-08-18 18:13:06.182,27970.9953
2026-08-18 18:13:06.606,28160.7469
2026-08-18 18:13:07.020,28356.7503
2026-08-18 18:13:07.432,28552.9532
2026-08-18 18:13:07.864,28745.852
2026-08-18 18:13:08.277,28648.4066
2026-08-18 18:13:08.700,28449.3912
2026-08-18 18:13:09.126,28248.7406
2026-08-18 18:13:09.539,28052.4574
2026-08-18 18:13:09.966,27870.6652
2026-08-18 18:13:10.378,27699.7059
2026-08-18 18:13:10.801,27566.8125
2026-08-18 18:13:11.227,27476.6903
2026-08-18 18:13:11.643,27421.1811
2026-08-18 18:13:12.067,27386.4794
2026-08-18 18:13:12.486,27362.0423
2026-08-18 18:13:12.914,27344.637
2026-08-18 18:13:13.325,27332.7583
2026-08-18 18:13:13.738,27343.6064
2026-08-18 18:13:14.174,27360.8561
2026-08-18 18:13:14.588,27385.6879
2026-08-18 18:13:15.000,27420.1887
2026-08-18 18:13:15.418,27473.9249
2026-08-18 18:13:15.830,27562.4833
2026-08-18 18:13:16.327,27690.0166
2026-08-18 18:13:16.742,27885.2209
2026-08-18 18:13:17.172,28070.6382
2026-08-18 18:13:17.600,28261.1277
2026-08-18 18:13:18.014,28461.1167
2026-08-18 18:13:18.445,28664.9682
2026-08-18 18:13:18.857,28780.2986
2026-08-18 18:13:19.271,28600.6737
2026-08-18 18:13:19.683,28401.5955
2026-08-18 18:13:20.102,28207.2691
2026-08-18 18:13:20.515,28016.6027
2026-08-18 18:13:20.927,27836.824
2026-08-18 18:13:21.342,27674.9775
2026-08-18 18:13:21.759,27548.2
2026-08-18 18:13:22.172,27465.4052
2026-08-18 18:13:22.585,27415.2877
2026-08-18 18:13:22.997,27382.5879
2026-08-18 18:13:23.424,27359.0539
2026-08-18 18:13:23.917,27338.4272
2026-08-18 18:13:24.343,27334.5359
2026-08-18 18:13:24.760,27351.5043
2026-08-18 18:13:25.177,27372.2453
2026-08-18 18:13:25.597,27400.8778
2026-08-18 18:13:26.020,27444.3
2026-08-18 18:13:26.435,27514.3415
2026-08-18 18:13:26.847,27621.8178
2026-08-18 18:13:27.260,27766.591
2026-08-18 18:13:27.721,27957.5707
2026-08-18 18:13:28.132,28140.787
2026-08-18 18:13:28.563,28337.6153
2026-08-18 18:13:28.976,28534.6851
2026-08-18 18:13:29.392,28734.0444
2026-08-18 18:13:29.824,28775.261
2026-08-18 18:13:30.245,28566.8582
2026-08-18 18:13:30.658,28366.5338
2026-08-18 18:13:31.069,28174.5318
2026-08-18 18:13:31.497,27982.7913
2026-08-18 18:13:31.938,27807.5411
2026-08-18 18:13:32.357,27646.6011
2026-08-18 18:13:32.770,27535.9929
2026-08-18 18:13:33.183,27468.094
2026-08-18 18:13:33.598,27425.6392
2026-08-18 18:13:34.031,27396.8672
2026-08-18 18:13:34.443,27375.7581
2026-08-18 18:13:34.863,27360.6566
2026-08-18 18:13:35.289,27356.1491
2026-08-18 18:13:35.701,27356.4734
2026-08-18 18:13:36.133,27357.92
2026-08-18 18:13:36.546,27356.9475
2026-08-18 18:13:36.958,27356.5371
2026-08-18 18:13:37.379,27355.7288
2026-08-18 18:13:37.791,27355.3823
2026-08-18 18:13:38.232,27355.9083
2026-08-18 18:13:38.649,27355.8885
2026-08-18 18:13:39.075,27355.1984
2026-08-18 18:13:39.490,27355.3824
2026-08-18 18:13:39.907,27355.3442
2026-08-18 18:13:40.345,27367.1117
2026-08-18 18:13:40.757,27389.3255
2026-08-18 18:13:41.169,27416.3106
2026-08-18 18:13:41.583,27454.5681
2026-08-18 18:13:41.996,27511.8938
2026-08-18 18:13:42.412,27599.8822
2026-08-18 18:13:42.903,27754.3551
2026-08-18 18:13:43.331,27921.4278
2026-08-18 18:13:43.750,28099.0467
2026-08-18 18:13:44.163,28288.3594
2026-08-18 18:13:44.580,28481.0372
2026-08-18 18:13:44.993,28679.4065
2026-08-18 18:13:45.419,28879.438
2026-08-18 18:13:45.833,29088.3231
2026-08-18 18:13:46.245,29295.8433
2026-08-18 18:13:46.684,29504.4243
2026-08-18 18:13:47.098,29730.1763
2026-08-18 18:13:47.515,29945.0279
2026-08-18 18:13:47.927,30165.09
2026-08-18 18:13:48.340,30385.7309
2026-08-18 18:13:48.819,30638.0601
2026-08-18 18:13:49.239,30871.9772
2026-08-18 18:13:49.652,31104.5075
2026-08-18 18:13:50.066,31335.4856
2026-08-18 18:13:50.479,31569.5112
2026-08-18 18:13:50.896,31749.3165
2026-08-18 18:13:51.321,31568.5495
2026-08-18 18:13:51.740,31324.1749
2026-08-18 18:13:52.167,31085.3508
2026-08-18 18:13:52.579,30845.6149
2026-08-18 18:13:52.992,30616.4821
2026-08-18 18:13:53.424,30384.5775
2026-08-18 18:13:53.849,30159.7465
2026-08-18 18:13:54.266,29933.8103
2026-08-18 18:13:54.690,29714.3757
2026-08-18 18:13:55.103,29495.4778
2026-08-18 18:13:55.523,29285.8265
2026-08-18 18:13:55.955,29075.7813
2026-08-18 18:13:56.379,28863.2234
2026-08-18 18:13:56.791,28656.0579
2026-08-18 18:13:57.203,28459.446
2026-08-18 18:13:57.617,28267.2245
2026-08-18 18:13:58.081,28057.9404
2026-08-18 18:13:58.505,27885.0327
2026-08-18 18:13:58.922,27739.785
2026-08-18 18:13:59.337,27643.8911
2026-08-18 18:13:59.752,27584.9745
2026-08-18 18:14:00.170,27546.0136
2026-08-18 18:14:00.583,27515.9256
2026-08-18 18:14:01.004,27494.3276
2026-08-18 18:14:01.430,27477.7625
2026-08-18 18:14:01.844,27472.2144
2026-08-18 18:14:02.284,27485.1222
2026-08-18 18:14:02.696,27501.5446
2026-08-18 18:14:03.109,27524.0333
2026-08-18 18:14:03.537,27560.0707
2026-08-18 18:14:04.000,27617.2869
2026-08-18 18:14:04.426,27727.2063
2026-08-18 18:14:04.852,27870.9434
2026-08-18 18:14:05.266,28044.5066
2026-08-18 18:14:05.679,28226.5178
2026-08-18 18:14:06.105,28417.3927
2026-08-18 18:14:06.518,28619.205
2026-08-18 18:14:06.934,28818.8996
2026-08-18 18:14:07.348,28819.4128
2026-08-18 18:14:07.765,28616.4016
2026-08-18 18:14:08.178,28415.8972
2026-08-18 18:14:08.616,28222.384
2026-08-18 18:14:09.029,28024.589
2026-08-18 18:14:09.442,27852.4845
2026-08-18 18:14:09.854,27706.2722
2026-08-18 18:14:10.268,27604.5546
2026-08-18 18:14:10.681,27541.8496
2026-08-18 18:14:11.104,27501.0835
2026-08-18 18:14:11.517,27472.6252
2026-08-18 18:14:11.935,27452.8132
2026-08-18 18:14:12.361,27438.8482
2026-08-18 18:14:12.789,27440.233
2026-08-18 18:14:13.205,27457.5919
2026-08-18 18:14:13.617,27478.862
2026-08-18 18:14:14.036,27507.2862
2026-08-18 18:14:14.457,27553.9892
2026-08-18 18:14:14.870,27627.923
2026-08-18 18:14:15.283,27739.7713
2026-08-18 18:14:15.703,27889.7722
2026-08-18 18:14:16.116,28064.776
2026-08-18 18:14:16.542,28247.8302
2026-08-18 18:14:16.955,28445.0656
2026-08-18 18:14:17.371,28642.1788
2026-08-18 18:14:17.783,28844.2356
2026-08-18 18:14:18.195,28861.7012
2026-08-18 18:14:18.611,28659.9748
2026-08-18 18:14:19.100,28421.1423
2026-08-18 18:14:19.523,28227.9141
2026-08-18 18:14:19.941,28036.3255
2026-08-18 18:14:20.355,27860.339
2026-08-18 18:14:20.788,27712.2724
2026-08-18 18:14:21.200,27603.9833
2026-08-18 18:14:21.613,27540.0742
2026-08-18 18:14:22.025,27499.305
2026-08-18 18:14:22.439,27471.4166
2026-08-18 18:14:22.912,27449.4258
2026-08-18 18:14:23.324,27435.7971
2026-08-18 18:14:23.737,27444.2755
2026-08-18 18:14:24.160,27461.8008
2026-08-18 18:14:24.572,27482.9552
2026-08-18 18:14:24.998,27514.529
2026-08-18 18:14:25.411,27566.3808
2026-08-18 18:14:25.828,27644.8909
2026-08-18 18:14:26.242,27763.1007
2026-08-18 18:14:26.668,27913.9921
2026-08-18 18:14:27.087,28092.1426
2026-08-18 18:14:27.499,28279.6351
2026-08-18 18:14:27.915,28472.3609
2026-08-18 18:14:28.326,28670.5123
2026-08-18 18:14:28.738,28870.2294
2026-08-18 18:14:29.152,28884.8802
2026-08-18 18:14:29.564,28683.0541
2026-08-18 18:14:29.977,28484.7903
2026-08-18 18:14:30.390,28290.2682
2026-08-18 18:14:30.801,28101.3401
2026-08-18 18:14:31.227,27923.2567
2026-08-18 18:14:31.639,27762.2968
2026-08-18 18:14:32.067,27642.4319
2026-08-18 18:14:32.489,27569.5681
2026-08-18 18:14:32.902,27522.8262
2026-08-18 18:14:33.319,27491.8851
2026-08-18 18:14:33.739,27469.7257
2026-08-18 18:14:34.153,27453.6172
2026-08-18 18:14:34.571,27448.0705
2026-08-18 18:14:34.985,27449.2862
2026-08-18 18:14:35.400,27450.6482
2026-08-18 18:14:35.832,27451.6986
2026-08-18 18:14:36.261,27450.2004
2026-08-18 18:14:36.673,27448.017
2026-08-18 18:14:37.099,27446.0556
2026-08-18 18:14:37.510,27444.8413
2026-08-18 18:14:37.939,27445.9226
2026-08-18 18:14:38.373,27447.2468
2026-08-18 18:14:38.786,27446.3657
2026-08-18 18:14:39.213,27446.4484
2026-08-18 18:14:39.625,27455.8884
2026-08-18 18:14:40.037,27474.5313
2026-08-18 18:14:40.464,27499.983
2026-08-18 18:14:40.891,27537.6669
2026-08-18 18:14:41.303,27594.0712
2026-08-18 18:14:41.716,27678.4684
2026-08-18 18:14:42.144,27800.3455
2026-08-18 18:14:42.557,27960.0602
2026-08-18 18:14:42.978,28133.1556
2026-08-18 18:14:43.391,28321.4027
2026-08-18 18:14:43.852,28512.4562
2026-08-18 18:14:44.279,28733.1154
2026-08-18 18:14:44.706,28938.5273
2026-08-18 18:14:45.119,29149.9546
2026-08-18 18:14:45.533,29357.7214
2026-08-18 18:14:45.946,29568.2135
2026-08-18 18:14:46.362,29783.0297
2026-08-18 18:14:46.774,29997.6394
2026-08-18 18:14:47.198,30215.42
2026-08-18 18:14:47.616,30442.21
2026-08-18 18:14:48.030,30668.6111
2026-08-18 18:14:48.461,30895.7526
2026-08-18 18:14:48.873,31135.9285
2026-08-18 18:14:49.287,31367.6594
2026-08-18 18:14:49.699,31601.0847
2026-08-18 18:14:50.112,31823.5783
2026-08-18 18:14:50.525,31713.8971
2026-08-18 18:14:50.947,31472.2086
2026-08-18 18:14:51.375,31231.2486
2026-08-18 18:14:51.867,30948.5574
2026-08-18 18:14:52.312,30698.1002
2026-08-18 18:14:52.725,30471.9076
2026-08-18 18:14:53.192,30220.1958
2026-08-18 18:14:53.605,30000.851
2026-08-18 18:14:54.018,29782.9546
2026-08-18 18:14:54.429,29569.1919
2026-08-18 18:14:54.892,29358.4606
2026-08-18 18:14:55.311,29122.5941
2026-08-18 18:14:55.740,28909.4761
2026-08-18 18:14:56.151,28707.639
2026-08-18 18:14:56.570,28510.3854
2026-08-18 18:14:56.982,28314.7313
2026-08-18 18:14:57.415,28122.9701
2026-08-18 18:14:57.842,27951.0751
2026-08-18 18:14:58.256,27809.9076
2026-08-18 18:14:58.669,27719.5132
2026-08-18 18:14:59.082,27663.2651
2026-08-18 18:14:59.500,27624.9017
2026-08-18 18:14:59.913,27598.264
2026-08-18 18:15:00.327,27578.4384
2026-08-18 18:15:00.739,27563.4862
2026-08-18 18:15:01.205,27561.1772
2026-08-18 18:15:01.634,27585.1295
2026-08-18 18:15:02.059,27606.161
2026-08-18 18:15:02.471,27633.8065
2026-08-18 18:15:02.885,27674.5085
2026-08-18 18:15:03.310,27739.3068
2026-08-18 18:15:03.727,27844.8911
2026-08-18 18:15:04.140,27988.9734
2026-08-18 18:15:04.553,28158.6402
2026-08-18 18:15:04.967,28342.0046
2026-08-18 18:15:05.380,28533.7493
2026-08-18 18:15:05.802,28730.2145
2026-08-18 18:15:06.214,28934.9946
2026-08-18 18:15:06.635,28954.4642
2026-08-18 18:15:07.049,28749.2853
2026-08-18 18:15:07.480,28541.8784
2026-08-18 18:15:07.902,28344.615
2026-08-18 18:15:08.324,28152.6235
2026-08-18 18:15:08.735,27974.4812
2026-08-18 18:15:09.149,27827.4295
2026-08-18 18:15:09.561,27723.1101
2026-08-18 18:15:10.005,27658.617
2026-08-18 18:15:10.416,27615.8652
2026-08-18 18:15:10.843,27589.0686
2026-08-18 18:15:11.269,27569.2939
2026-08-18 18:15:11.682,27555.432
2026-08-18 18:15:12.110,27560.3498
2026-08-18 18:15:12.523,27578.2559
2026-08-18 18:15:12.949,27600.1404
2026-08-18 18:15:13.365,27631.7043
2026-08-18 18:15:13.777,27678.8744
2026-08-18 18:15:14.216,27754.095
2026-08-18 18:15:14.641,27877.7949
2026-08-18 18:15:15.054,28036.8209
2026-08-18 18:15:15.468,28213.6774
2026-08-18 18:15:15.929,28402.3707
2026-08-18 18:15:16.347,28623.2264
2026-08-18 18:15:16.768,28823.2561
2026-08-18 18:15:17.181,29022.9613
2026-08-18 18:15:17.595,28950.8483
2026-08-18 18:15:18.020,28734.8384
2026-08-18 18:15:18.437,28530.2641
2026-08-18 18:15:18.850,28330.4387
2026-08-18 18:15:19.263,28139.6185
2026-08-18 18:15:19.688,27963.1678
2026-08-18 18:15:20.101,27811.6064
2026-08-18 18:15:20.529,27708.4113
2026-08-18 18:15:20.942,27641.7461
2026-08-18 18:15:21.361,27601.0288
2026-08-18 18:15:21.774,27572.6161
2026-08-18 18:15:22.187,27552.4947
2026-08-18 18:15:22.612,27537.652
2026-08-18 18:15:23.094,27546.9407
2026-08-18 18:15:23.507,27565.473
2026-08-18 18:15:23.920,27590.0961
2026-08-18 18:15:24.334,27625.0242
2026-08-18 18:15:24.766,27678.8426
2026-08-18 18:15:25.180,27768.8047
2026-08-18 18:15:25.601,27895.7509
2026-08-18 18:15:26.013,28059.2566
2026-08-18 18:15:26.427,28237.4362
2026-08-18 18:15:26.840,28426.2795
2026-08-18 18:15:27.270,28623.3132
2026-08-18 18:15:27.683,28828.5786
2026-08-18 18:15:28.179,29029.0175
2026-08-18 18:15:28.603,28879.3018
2026-08-18 18:15:29.016,28671.1589
2026-08-18 18:15:29.441,28472.1512
2026-08-18 18:15:29.854,28272.7332
2026-08-18 18:15:30.268,28087.8298
2026-08-18 18:15:30.686,27919.4862
2026-08-18 18:15:31.110,27783.3218
2026-08-18 18:15:31.527,27691.2549
2026-08-18 18:15:31.953,27635.5205
2026-08-18 18:15:32.366,27598.2228
2026-08-18 18:15:32.780,27573.1042
2026-08-18 18:15:33.194,27554.8475
2026-08-18 18:15:33.608,27543.8584
2026-08-18 18:15:34.035,27544.1284
2026-08-18 18:15:34.467,27544.1092
2026-08-18 18:15:34.879,27545.0461
2026-08-18 18:15:35.297,27543.8905
2026-08-18 18:15:35.710,27542.6973
2026-08-18 18:15:36.128,27541.6909
2026-08-18 18:15:36.554,27541.0603
2026-08-18 18:15:36.968,27540.8883
2026-08-18 18:15:37.404,27541.4278
2026-08-18 18:15:37.818,27542.0743
2026-08-18 18:15:38.229,27543.8436
2026-08-18 18:15:38.642,27546.8574
2026-08-18 18:15:39.055,27564.8873
2026-08-18 18:15:39.550,27587.7925
2026-08-18 18:15:39.965,27625.2898
2026-08-18 18:15:40.393,27673.6411
2026-08-18 18:15:40.804,27750.941
2026-08-18 18:15:41.217,27862.8569
2026-08-18 18:15:41.636,28007.5511
2026-08-18 18:15:42.049,28181.2935
2026-08-18 18:15:42.463,28365.3998
2026-08-18 18:15:42.875,28555.3671
2026-08-18 18:15:43.289,28750.8622
2026-08-18 18:15:43.766,28976.2486
2026-08-18 18:15:44.185,29185.502
2026-08-18 18:15:44.597,29396.0106
2026-08-18 18:15:45.010,29605.4778
2026-08-18 18:15:45.436,29819.4505
2026-08-18 18:15:45.861,30041.874
2026-08-18 18:15:46.279,30266.994
2026-08-18 18:15:46.693,30491.5509
2026-08-18 18:15:47.104,30716.6236
2026-08-18 18:15:47.542,30953.2007
2026-08-18 18:15:47.967,31189.6849
2026-08-18 18:15:48.393,31427.5475
2026-08-18 18:15:48.806,31669.6074
2026-08-18 18:15:49.231,31906.4983
2026-08-18 18:15:49.650,31886.0384
2026-08-18 18:15:50.064,31639.5945
2026-08-18 18:15:50.476,31399.2743
2026-08-18 18:15:50.889,31160.8161
2026-08-18 18:15:51.306,30926.35
2026-08-18 18:15:51.718,30693.4962
2026-08-18 18:15:52.156,30466.4808
2026-08-18 18:15:52.568,30230.1983
2026-08-18 18:15:52.985,30008.0676
2026-08-18 18:15:53.403,29787.1901
2026-08-18 18:15:53.817,29569.4625
2026-08-18 18:15:54.278,29333.8539
2026-08-18 18:15:54.702,29128.3665
2026-08-18 18:15:55.114,28918.6282
2026-08-18 18:15:55.532,28717.955
2026-08-18 18:15:55.956,28518.4334
2026-08-18 18:15:56.373,28327.4877
2026-08-18 18:15:56.799,28144.4836
2026-08-18 18:15:57.224,27976.3239
2026-08-18 18:15:57.652,27857.3703
2026-08-18 18:15:58.066,27785.1243
2026-08-18 18:15:58.478,27740.4443
2026-08-18 18:15:58.893,27709.4304
2026-08-18 18:15:59.305,27685.677
2026-08-18 18:15:59.718,27666.8467
2026-08-18 18:16:00.131,27653.2081
2026-08-18 18:16:00.626,27660.6826
2026-08-18 18:16:01.041,27675.844
2026-08-18 18:16:01.460,27693.02
2026-08-18 18:16:01.876,27721.7541
2026-08-18 18:16:02.289,27767.4761
2026-08-18 18:16:02.720,27843.0097
2026-08-18 18:16:03.145,27969.4143
2026-08-18 18:16:03.558,28131.6551
2026-08-18 18:16:03.971,28310.9187
2026-08-18 18:16:04.385,28503.1022
2026-08-18 18:16:04.820,28700.7622
2026-08-18 18:16:05.248,28912.6329
2026-08-18 18:16:05.660,29090.4586
2026-08-18 18:16:06.072,28956.3704
2026-08-18 18:16:06.486,28753.4143
2026-08-18 18:16:06.922,28555.2405
2026-08-18 18:16:07.335,28349.6398
2026-08-18 18:16:07.756,28165.5815
2026-08-18 18:16:08.182,27996.6181
2026-08-18 18:16:08.596,27863.9598
2026-08-18 18:16:09.015,27782.1057
2026-08-18 18:16:09.429,27729.7765
2026-08-18 18:16:09.848,27697.2965
2026-08-18 18:16:10.260,27675.7393
2026-08-18 18:16:10.725,27658.6014
2026-08-18 18:16:11.145,27649.2318
2026-08-18 18:16:11.561,27664.0574
2026-08-18 18:16:11.988,27683.3612
2026-08-18 18:16:12.400,27703.3169
2026-08-18 18:16:12.812,27730.2726
2026-08-18 18:16:13.229,27785.8278
2026-08-18 18:16:13.640,27878.6498
2026-08-18 18:16:14.056,28012.68
2026-08-18 18:16:14.469,28178.8175
2026-08-18 18:16:14.895,28359.7755
2026-08-18 18:16:15.357,28580.6288
2026-08-18 18:16:15.781,28776.6783
2026-08-18 18:16:16.207,28981.6461
2026-08-18 18:16:16.621,29098.47
2026-08-18 18:16:17.034,28913.7895
2026-08-18 18:16:17.448,28709.9839
2026-08-18 18:16:17.862,28510.4822
2026-08-18 18:16:18.275,28317.501
2026-08-18 18:16:18.695,28133.3974
2026-08-18 18:16:19.156,27965.5794
2026-08-18 18:16:19.583,27824.1669
2026-08-18 18:16:19.997,27743.6207
2026-08-18 18:16:20.411,27694.276
2026-08-18 18:16:20.825,27661.5373
2026-08-18 18:16:21.240,27637.9101
2026-08-18 18:16:21.665,27620.2072
2026-08-18 18:16:22.091,27613.7762
2026-08-18 18:16:22.503,27629.3494
2026-08-18 18:16:22.916,27649.5251
2026-08-18 18:16:23.328,27676.9803
2026-08-18 18:16:23.788,27723.3283
2026-08-18 18:16:24.215,27793.4727
2026-08-18 18:16:24.642,27905.0704
2026-08-18 18:16:25.055,28051.6924
2026-08-18 18:16:25.483,28230.6651
2026-08-18 18:16:25.915,28419.0733
2026-08-18 18:16:26.328,28619.0253
2026-08-18 18:16:26.738,28817.2833
2026-08-18 18:16:27.151,29020.1791
2026-08-18 18:16:27.565,29106.1418
2026-08-18 18:16:28.000,28911.2009
2026-08-18 18:16:28.441,28691.9289
2026-08-18 18:16:28.858,28487.2422
2026-08-18 18:16:29.271,28292.8024
2026-08-18 18:16:29.682,28110.7116
2026-08-18 18:16:30.102,27949.6501
2026-08-18 18:16:30.515,27825.2242
2026-08-18 18:16:30.934,27746.9554
2026-08-18 18:16:31.359,27697.7668
2026-08-18 18:16:31.772,27665.1468
2026-08-18 18:16:32.200,27642.7874
2026-08-18 18:16:32.613,27626.7405
2026-08-18 18:16:33.027,27620.8127
2026-08-18 18:16:33.440,27621.9779
2026-08-18 18:16:33.858,27624.0586
2026-08-18 18:16:34.332,27624.3724
2026-08-18 18:16:34.746,27623.3857
2026-08-18 18:16:35.171,27622.8958
2026-08-18 18:16:35.585,27623.3175
2026-08-18 18:16:36.018,27623.8965
2026-08-18 18:16:36.444,27624.5083
2026-08-18 18:16:36.859,27625.4321
2026-08-18 18:16:37.272,27626.53
2026-08-18 18:16:37.686,27627.6286
2026-08-18 18:16:38.111,27636.6694
2026-08-18 18:16:38.525,27658.4849
2026-08-18 18:16:38.951,27685.5478
2026-08-18 18:16:39.365,27723.9328
2026-08-18 18:16:39.777,27779.6889
2026-08-18 18:16:40.212,27867.5266
2026-08-18 18:16:40.630,27993.1354
2026-08-18 18:16:41.043,28151.8021
2026-08-18 18:16:41.460,28328.829
2026-08-18 18:16:41.885,28518.5875
2026-08-18 18:16:42.297,28719.5386
2026-08-18 18:16:42.736,28919.1
2026-08-18 18:16:43.149,29135.3775
2026-08-18 18:16:43.573,29341.4685
2026-08-18 18:16:43.985,29557.6861
2026-08-18 18:16:44.396,29771.1417
2026-08-18 18:16:44.863,30014.8044
2026-08-18 18:16:45.275,30234.8532
2026-08-18 18:16:45.689,30456.7495
2026-08-18 18:16:46.111,30681.9978
2026-08-18 18:16:46.524,30914.6055
2026-08-18 18:16:46.946,31145.6549
2026-08-18 18:16:47.362,31384.3349
2026-08-18 18:16:47.777,31622.8138
2026-08-18 18:16:48.202,31861.2608
2026-08-18 18:16:48.619,32103.1863
2026-08-18 18:16:49.049,32034.3678
2026-08-18 18:16:49.475,31779.8572
2026-08-18 18:16:49.890,31529.6647
2026-08-18 18:16:50.305,31289.1516
2026-08-18 18:16:50.718,31052.5189
2026-08-18 18:16:51.153,30813.238
2026-08-18 18:16:51.575,30581.6419
2026-08-18 18:16:51.992,30352.5862
2026-08-18 18:16:52.417,30128.6054
2026-08-18 18:16:52.829,29903.824
2026-08-18 18:16:53.252,29688.4085
2026-08-18 18:16:53.664,29469.3746
2026-08-18 18:16:54.077,29259.4437
2026-08-18 18:16:54.490,29051.367
2026-08-18 18:16:54.952,28847.0874
2026-08-18 18:16:55.373,28621.6756
2026-08-18 18:16:55.785,28426.5158
2026-08-18 18:16:56.198,28243.5492
2026-08-18 18:16:56.610,28083.9371
2026-08-18 18:16:57.022,27966.7727
2026-08-18 18:16:57.457,27892.7003
2026-08-18 18:16:57.874,27843.1273
2026-08-18 18:16:58.286,27809.5354
2026-08-18 18:16:58.699,27784.8898
2026-08-18 18:16:59.121,27765.8008
2026-08-18 18:16:59.553,27751.456
2026-08-18 18:16:59.966,27755.974
2026-08-18 18:17:00.385,27767.169
2026-08-18 18:17:00.797,27785.2093
2026-08-18 18:17:01.209,27818.7465
2026-08-18 18:17:01.652,27868.8073
2026-08-18 18:17:02.067,27951.631
2026-08-18 18:17:02.486,28064.0421
2026-08-18 18:17:02.899,28198.9089
2026-08-18 18:17:03.312,28362.0014
2026-08-18 18:17:03.779,28569.7401
2026-08-18 18:17:04.193,28763.9861
2026-08-18 18:17:04.605,28963.6533
2026-08-18 18:17:05.030,29162.8359
2026-08-18 18:17:05.443,29119.0672
2026-08-18 18:17:05.874,28908.6217
2026-08-18 18:17:06.289,28702.131
2026-08-18 18:17:06.703,28501.2334
2026-08-18 18:17:07.137,28301.3734
2026-08-18 18:17:07.550,28120.4982
2026-08-18 18:17:07.977,27967.0006
2026-08-18 18:17:08.390,27864.6595
2026-08-18 18:17:08.813,27800.2971
2026-08-18 18:17:09.229,27758.0681
2026-08-18 18:17:09.644,27728.5658
2026-08-18 18:17:10.109,27704.6024
2026-08-18 18:17:10.521,27689.0903
2026-08-18 18:17:10.934,27694.795
2026-08-18 18:17:11.347,27710.3388
2026-08-18 18:17:11.767,27730.9485
2026-08-18 18:17:12.183,27762.1703
2026-08-18 18:17:12.597,27810.5992
2026-08-18 18:17:13.023,27887.9098
2026-08-18 18:17:13.435,28010.0763
2026-08-18 18:17:13.896,28165.2614
2026-08-18 18:17:14.328,28366.1432
2026-08-18 18:17:14.745,28561.8593
2026-08-18 18:17:15.159,28760.1697
2026-08-18 18:17:15.569,28961.8705
2026-08-18 18:17:15.983,29149.3788
2026-08-18 18:17:16.403,29041.4265
2026-08-18 18:17:16.828,28823.7664
2026-08-18 18:17:17.242,28620.7609
2026-08-18 18:17:17.668,28423.0703
2026-08-18 18:17:18.082,28227.1634
2026-08-18 18:17:18.498,28052.8838
2026-08-18 18:17:18.927,27906.0304
2026-08-18 18:17:19.339,27811.6188
2026-08-18 18:17:19.752,27752.2863
2026-08-18 18:17:20.167,27712.8923
2026-08-18 18:17:20.602,27684.9925
2026-08-18 18:17:21.015,27663.4274
2026-08-18 18:17:21.429,27650.3287
2026-08-18 18:17:21.841,27661.3164
2026-08-18 18:17:22.254,27679.3483
2026-08-18 18:17:22.674,27703.4671
2026-08-18 18:17:23.169,27748.1226
2026-08-18 18:17:23.581,27809.8576
2026-08-18 18:17:24.008,27907.5459
2026-08-18 18:17:24.421,28050.6083
2026-08-18 18:17:24.852,28218.8024
2026-08-18 18:17:25.266,28411.1653
2026-08-18 18:17:25.692,28609.4053
2026-08-18 18:17:26.114,28806.6361
2026-08-18 18:17:26.526,29012.717
2026-08-18 18:17:26.955,29138.5624
2026-08-18 18:17:27.369,28948.9012
2026-08-18 18:17:27.797,28735.474
2026-08-18 18:17:28.210,28533.6453
2026-08-18 18:17:28.624,28338.2848
2026-08-18 18:17:29.065,28144.6989
2026-08-18 18:17:29.491,27974.4194
2026-08-18 18:17:29.905,27844.6514
2026-08-18 18:17:30.317,27762.5408
2026-08-18 18:17:30.729,27710.6845
2026-08-18 18:17:31.208,27672.129
2026-08-18 18:17:31.625,27647.4719
2026-08-18 18:17:32.039,27629.2239
2026-08-18 18:17:32.455,27620.7138
2026-08-18 18:17:32.868,27619.9805
2026-08-18 18:17:33.286,27619.5579
2026-08-18 18:17:33.712,27619.0416
2026-08-18 18:17:34.123,27616.6034
2026-08-18 18:17:34.546,27614.3537
2026-08-18 18:17:34.960,27611.5326
2026-08-18 18:17:35.398,27609.3894
2026-08-18 18:17:35.810,27607.423
2026-08-18 18:17:36.237,27605.4006
2026-08-18 18:17:36.657,27603.4399
2026-08-18 18:17:37.071,27601.7706
2026-08-18 18:17:37.505,27609.1506
2026-08-18 18:17:37.917,27628.8931
2026-08-18 18:17:38.336,27653.8866
2026-08-18 18:17:38.748,27689.6663
2026-08-18 18:17:39.187,27744.8495
2026-08-18 18:17:39.600,27830.9106
2026-08-18 18:17:40.025,27953.199
2026-08-18 18:17:40.438,28113.2384
2026-08-18 18:17:40.852,28288.8488
2026-08-18 18:17:41.264,28476.7919
2026-08-18 18:17:41.738,28695.779
2026-08-18 18:17:42.153,28899.3166
2026-08-18 18:17:42.567,29103.3291
2026-08-18 18:17:42.979,29310.4509
2026-08-18 18:17:43.393,29520.1198
2026-08-18 18:17:43.807,29733.5869
2026-08-18 18:17:44.220,29949.5197
2026-08-18 18:17:44.636,30167.6355
2026-08-18 18:17:45.063,30390.7456
2026-08-18 18:17:45.479,30622.785
2026-08-18 18:17:45.892,30851.5199
2026-08-18 18:17:46.305,31080.601
2026-08-18 18:17:46.764,31339.5187
2026-08-18 18:17:47.178,31574.1664
2026-08-18 18:17:47.605,31820.2492
2026-08-18 18:17:48.032,32041.2933
2026-08-18 18:17:48.449,31908.0072
2026-08-18 18:17:48.873,31660.7917
2026-08-18 18:17:49.292,31411.9613
2026-08-18 18:17:49.706,31169.2606
2026-08-18 18:17:50.119,30932.3046
2026-08-18 18:17:50.548,30699.8217
2026-08-18 18:17:51.010,30438.1056
2026-08-18 18:17:51.422,30210.5037
2026-08-18 18:17:51.834,29989.4825
2026-08-18 18:17:52.246,29770.086
2026-08-18 18:17:52.659,29552.9889
2026-08-18 18:17:53.091,29339.1404
2026-08-18 18:17:53.505,29118.9197
2026-08-18 18:17:53.918,28912.0492
2026-08-18 18:17:54.330,28707.6559
2026-08-18 18:17:54.743,28507.7006
2026-08-18 18:17:55.156,28313.4297
2026-08-18 18:17:55.665,28097.8228
2026-08-18 18:17:56.078,27945.2885
2026-08-18 18:17:56.492,27844.934
2026-08-18 18:17:56.904,27781.1484
2026-08-18 18:17:57.337,27738.4487
2026-08-18 18:17:57.752,27705.8934
2026-08-18 18:17:58.165,27682.0345
2026-08-18 18:17:58.582,27664.0715
2026-08-18 18:17:58.998,27655.9049
2026-08-18 18:17:59.463,27668.6721
2026-08-18 18:17:59.885,27683.5103
2026-08-18 18:18:00.299,27705.278
2026-08-18 18:18:00.711,27739.7827
2026-08-18 18:18:01.124,27796.6798
2026-08-18 18:18:01.557,27890.0018
2026-08-18 18:18:01.971,28034.0886
2026-08-18 18:18:02.384,28202.5039
2026-08-18 18:18:02.796,28388.19
2026-08-18 18:18:03.212,28582.7597
2026-08-18 18:18:03.689,28809.8313
2026-08-18 18:18:04.102,29020.9645
2026-08-18 18:18:04.516,29046.9723
2026-08-18 18:18:04.933,28846.7483
2026-08-18 18:18:05.345,28638.8434
2026-08-18 18:18:05.757,28439.0928
2026-08-18 18:18:06.169,28249.3575
2026-08-18 18:18:06.600,28067.2379
2026-08-18 18:18:07.028,27909.4011
2026-08-18 18:18:07.442,27790.4755
2026-08-18 18:18:07.868,27719.9805
2026-08-18 18:18:08.288,27673.4753
2026-08-18 18:18:08.701,27641.7255
2026-08-18 18:18:09.128,27618.8216
2026-08-18 18:18:09.554,27601.2593
2026-08-18 18:18:09.970,27600.9015
2026-08-18 18:18:10.397,27616.9997
2026-08-18 18:18:10.813,27637.6975
2026-08-18 18:18:11.227,27666.3548
2026-08-18 18:18:11.654,27712.6372
2026-08-18 18:18:12.074,27784.9368
2026-08-18 18:18:12.496,27899.0304
2026-08-18 18:18:12.908,28053.2677
2026-08-18 18:18:13.320,28228.001
2026-08-18 18:18:13.747,28415.4988
2026-08-18 18:18:14.209,28636.0638
2026-08-18 18:18:14.622,28841.458
2026-08-18 18:18:15.034,29043.8589
2026-08-18 18:18:15.448,28990.9243
2026-08-18 18:18:15.875,28782.9374
2026-08-18 18:18:16.290,28572.0199
2026-08-18 18:18:16.702,28372.4596
2026-08-18 18:18:17.116,28181.225
2026-08-18 18:18:17.531,28002.937
2026-08-18 18:18:17.950,27852.3814
2026-08-18 18:18:18.427,27735.9589
2026-08-18 18:18:18.839,27673.1597
2026-08-18 18:18:19.253,27633.1348
2026-08-18 18:18:19.675,27605.0738
2026-08-18 18:18:20.100,27583.9087
2026-08-18 18:18:20.512,27569.3294
2026-08-18 18:18:20.926,27578.6664
2026-08-18 18:18:21.348,27596.5931
2026-08-18 18:18:21.762,27620.8965
2026-08-18 18:18:22.175,27655.357
2026-08-18 18:18:22.611,27709.0756
2026-08-18 18:18:23.031,27801.1769
2026-08-18 18:18:23.451,27933.6549
2026-08-18 18:18:23.870,28098.7864
2026-08-18 18:18:24.285,28282.5974
2026-08-18 18:18:24.712,28474.0957
2026-08-18 18:18:25.125,28678.1295
2026-08-18 18:18:25.548,28880.4759
2026-08-18 18:18:25.962,29063.7567
2026-08-18 18:18:26.389,28932.7904
2026-08-18 18:18:26.844,28700.1359
2026-08-18 18:18:27.258,28497.927
2026-08-18 18:18:27.671,28300.7935
2026-08-18 18:18:28.083,28113.1434
2026-08-18 18:18:28.497,27942.7519
2026-08-18 18:18:28.938,27809.1968
2026-08-18 18:18:29.355,27708.871
2026-08-18 18:18:29.772,27650.4134
2026-08-18 18:18:30.186,27611.3473
2026-08-18 18:18:30.600,27585.1888
2026-08-18 18:18:31.040,27567.1041
2026-08-18 18:18:31.459,27555.2816
2026-08-18 18:18:31.874,27555.3804
2026-08-18 18:18:32.286,27555.3873
2026-08-18 18:18:32.699,27555.5434
2026-08-18 18:18:33.140,27553.4003
2026-08-18 18:18:33.561,27550.849
2026-08-18 18:18:33.987,27550.1083
2026-08-18 18:18:34.401,27548.6192
2026-08-18 18:18:34.814,27547.3262
2026-08-18 18:18:35.239,27546.0573
2026-08-18 18:18:35.651,27544.6598
2026-08-18 18:18:36.064,27544.4074
2026-08-18 18:18:36.476,27547.6611
2026-08-18 18:18:36.951,27566.1522
2026-08-18 18:18:37.373,27593.5202
2026-08-18 18:18:37.791,27627.8447
2026-08-18 18:18:38.211,27678.3742
2026-08-18 18:18:38.628,27757.6894
2026-08-18 18:18:39.041,27873.979
2026-08-18 18:18:39.459,28024.648
2026-08-18 18:18:39.871,28200.902
2026-08-18 18:18:40.282,28387.5542
2026-08-18 18:18:40.696,28581.8879
2026-08-18 18:18:41.156,28782.0774
2026-08-18 18:18:41.579,29012.4341
2026-08-18 18:18:41.992,29222.9588
2026-08-18 18:18:42.419,29440.6628
2026-08-18 18:18:42.831,29654.7915
2026-08-18 18:18:43.258,29873.1006
2026-08-18 18:18:43.682,30100.4492
2026-08-18 18:18:44.095,30329.0891
2026-08-18 18:18:44.508,30554.3583
2026-08-18 18:18:44.920,30782.2794
2026-08-18 18:18:45.332,31012.2166
2026-08-18 18:18:45.761,31244.7357
2026-08-18 18:18:46.189,31496.9161
2026-08-18 18:18:46.625,31744.4153
2026-08-18 18:18:47.050,31990.7417
2026-08-18 18:18:47.468,31958.734
2026-08-18 18:18:47.885,31709.7079
2026-08-18 18:18:48.302,31463.5002
2026-08-18 18:18:48.715,31220.9169
2026-08-18 18:18:49.133,30983.3709
2026-08-18 18:18:49.549,30745.8709
2026-08-18 18:18:49.974,30512.7958
2026-08-18 18:18:50.385,30278.5165
2026-08-18 18:18:50.799,30054.4143
2026-08-18 18:18:51.212,29832.1315
2026-08-18 18:18:51.632,29613.6444
2026-08-18 18:18:52.093,29368.7623
2026-08-18 18:18:52.519,29150.003
2026-08-18 18:18:52.931,28941.7727
2026-08-18 18:18:53.358,28737.0583
2026-08-18 18:18:53.772,28529.3895
2026-08-18 18:18:54.197,28332.9716
2026-08-18 18:18:54.610,28142.1078
2026-08-18 18:18:55.041,27979.9053
2026-08-18 18:18:55.452,27855.6915
2026-08-18 18:18:55.873,27780.8633
2026-08-18 18:18:56.287,27731.1201
2026-08-18 18:18:56.700,27697.1598
2026-08-18 18:18:57.175,27669.0251
2026-08-18 18:18:57.589,27649.4554
2026-08-18 18:18:58.002,27636.5159
2026-08-18 18:18:58.427,27644.157
2026-08-18 18:18:58.839,27657.5516
2026-08-18 18:18:59.253,27676.1316
2026-08-18 18:18:59.675,27704.7324
2026-08-18 18:19:00.088,27753.0106
2026-08-18 18:19:00.501,27831.947
2026-08-18 18:19:00.915,27954.0369
2026-08-18 18:19:01.375,28133.0558
2026-08-18 18:19:01.803,28321.385
2026-08-18 18:19:02.228,28514.1542
2026-08-18 18:19:02.641,28718.514
2026-08-18 18:19:03.054,28921.4932
2026-08-18 18:19:03.466,29061.6948
2026-08-18 18:19:03.880,28888.5499
2026-08-18 18:19:04.306,28681.6832
2026-08-18 18:19:04.724,28472.2325
2026-08-18 18:19:05.136,28273.813
2026-08-18 18:19:05.549,28088.0767
2026-08-18 18:19:05.968,27923.5937
2026-08-18 18:19:06.381,27796.1299
2026-08-18 18:19:06.800,27715.2938
2026-08-18 18:19:07.226,27664.0953
2026-08-18 18:19:07.644,27629.2196
2026-08-18 18:19:08.071,27605.4121
2026-08-18 18:19:08.486,27587.4462
2026-08-18 18:19:08.912,27580.557
2026-08-18 18:19:09.325,27596.4007
2026-08-18 18:19:09.737,27615.6898
2026-08-18 18:19:10.149,27641.663
2026-08-18 18:19:10.562,27680.2222
2026-08-18 18:19:11.040,27751.5736
2026-08-18 18:19:11.467,27857.4277
2026-08-18 18:19:11.883,28006.8194
2026-08-18 18:19:12.296,28180.6295
2026-08-18 18:19:12.773,28395.1077
2026-08-18 18:19:13.200,28593.5219
2026-08-18 18:19:13.660,28825.6518
2026-08-18 18:19:14.108,29045.7757
2026-08-18 18:19:14.525,28988.5893
2026-08-18 18:19:14.993,28751.5779
2026-08-18 18:19:15.407,28547.0976
2026-08-18 18:19:15.834,28347.651
2026-08-18 18:19:16.246,28150.8604
2026-08-18 18:19:16.659,27975.9267
2026-08-18 18:19:17.096,27831.3853
2026-08-18 18:19:17.520,27728.4093
2026-08-18 18:19:17.934,27666.844
2026-08-18 18:19:18.347,27627.8319
2026-08-18 18:19:18.813,27600.5791
2026-08-18 18:19:19.232,27579.1359
2026-08-18 18:19:19.659,27568.4132
2026-08-18 18:19:20.072,27582.5458
2026-08-18 18:19:20.496,27602.2536
2026-08-18 18:19:20.908,27629.2654
2026-08-18 18:19:21.347,27667.9319
2026-08-18 18:19:21.759,27732.4132
2026-08-18 18:19:22.185,27829.6712
2026-08-18 18:19:22.597,27972.6406
2026-08-18 18:19:23.023,28147.2744
2026-08-18 18:19:23.445,28332.0289
2026-08-18 18:19:23.859,28530.073
2026-08-18 18:19:24.288,28730.0697
2026-08-18 18:19:24.700,28942.0343
2026-08-18 18:19:25.117,29080.3037
2026-08-18 18:19:25.533,28904.4927
2026-08-18 18:19:25.947,28696.9476
2026-08-18 18:19:26.360,28494.506
2026-08-18 18:19:26.776,28296.4934
2026-08-18 18:19:27.221,28111.2777
2026-08-18 18:19:27.634,27932.129
2026-08-18 18:19:28.046,27806.9205
2026-08-18 18:19:28.466,27721.6676
2026-08-18 18:19:28.880,27667.261
2026-08-18 18:19:29.293,27633.4616
2026-08-18 18:19:29.726,27604.6868
2026-08-18 18:19:30.144,27581.3665
2026-08-18 18:19:30.558,27569.9454
2026-08-18 18:19:30.984,27569.2165
2026-08-18 18:19:31.396,27572.4192
2026-08-18 18:19:31.828,27573.2677
2026-08-18 18:19:32.241,27567.045
2026-08-18 18:19:32.655,27563.9666
2026-08-18 18:19:33.067,27562.1097
2026-08-18 18:19:33.481,27560.5388
2026-08-18 18:19:33.923,27559.1331
2026-08-18 18:19:34.337,27558.5735
2026-08-18 18:19:34.761,27558.3222
2026-08-18 18:19:35.178,27557.8815
2026-08-18 18:19:35.590,27562.7835
2026-08-18 18:19:36.054,27584.8268
2026-08-18 18:19:36.470,27610.7009
2026-08-18 18:19:36.883,27646.524
2026-08-18 18:19:37.295,27696.4861
2026-08-18 18:19:37.707,27773.9667
2026-08-18 18:19:38.134,27889.9126
2026-08-18 18:19:38.630,28078.0821
2026-08-18 18:19:39.043,28260.4579
2026-08-18 18:19:39.456,28450.9784
2026-08-18 18:19:39.866,28648.1998
2026-08-18 18:19:40.279,28850.207
2026-08-18 18:19:40.708,29057.8521
2026-08-18 18:19:41.142,29272.6149
2026-08-18 18:19:41.554,29496.2882
2026-08-18 18:19:41.967,29712.6356
2026-08-18 18:19:42.400,29939.8886
2026-08-18 18:19:42.817,30165.7582
2026-08-18 18:19:43.229,30393.4791
2026-08-18 18:19:43.654,30621.5341
2026-08-18 18:19:44.081,30859.6744
2026-08-18 18:19:44.493,31101.9006
2026-08-18 18:19:44.914,31338.455
2026-08-18 18:19:45.328,31581.4692
2026-08-18 18:19:45.754,31822.511
2026-08-18 18:19:46.171,32066.0193
2026-08-18 18:19:46.586,31973.4017
2026-08-18 18:19:46.999,31725.7987
2026-08-18 18:19:47.514,31429.1958
2026-08-18 18:19:47.927,31181.8475
2026-08-18 18:19:48.339,30944.3972
2026-08-18 18:19:48.764,30710.6377
2026-08-18 18:19:49.177,30473.631
2026-08-18 18:19:49.591,30245.2888
2026-08-18 18:19:50.021,30020.909
2026-08-18 18:19:50.448,29782.2728
2026-08-18 18:19:50.870,29564.5467
2026-08-18 18:19:51.282,29345.3411
2026-08-18 18:19:51.694,29134.3628
2026-08-18 18:19:52.154,28902.3559
2026-08-18 18:19:52.568,28698.1003
2026-08-18 18:19:52.995,28497.0854
2026-08-18 18:19:53.407,28296.2688
2026-08-18 18:19:53.821,28115.9576
2026-08-18 18:19:54.233,27965.8092
2026-08-18 18:19:54.658,27860.9367
2026-08-18 18:19:55.098,27794.6692
2026-08-18 18:19:55.518,27748.8893
2026-08-18 18:19:55.932,27717.2789
2026-08-18 18:19:56.346,27693.9256
2026-08-18 18:19:56.778,27675.311
2026-08-18 18:19:57.190,27668.4375
2026-08-18 18:19:57.610,27680.7833
2026-08-18 18:19:58.032,27696.489
2026-08-18 18:19:58.446,27718.852
2026-08-18 18:19:58.859,27753.1737
2026-08-18 18:19:59.272,27809.0346
2026-08-18 18:19:59.699,27901.1222
2026-08-18 18:20:00.166,28063.1346
2026-08-18 18:20:00.579,28233.9717
2026-08-18 18:20:01.003,28420.1659
2026-08-18 18:20:01.418,28621.5936
2026-08-18 18:20:01.845,28825.1589
2026-08-18 18:20:02.257,29038.1055
2026-08-18 18:20:02.677,29080.9145
2026-08-18 18:20:03.094,28868.281
2026-08-18 18:20:03.506,28660.422
2026-08-18 18:20:03.927,28459.492
2026-08-18 18:20:04.341,28260.9484
2026-08-18 18:20:04.754,28079.4042
2026-08-18 18:20:05.166,27925.2122
2026-08-18 18:20:05.579,27814.6237
2026-08-18 18:20:05.994,27744.7286
2026-08-18 18:20:06.421,27699.4148
2026-08-18 18:20:06.834,27667.3285
2026-08-18 18:20:07.248,27644.9954
2026-08-18 18:20:07.664,27628.3025
2026-08-18 18:20:08.076,27626.9311
2026-08-18 18:20:08.511,27644.3616
2026-08-18 18:20:08.938,27665.5537
2026-08-18 18:20:09.354,27695.7564
2026-08-18 18:20:09.782,27740.7147
2026-08-18 18:20:10.194,27815.3599
2026-08-18 18:20:10.621,27932.386
2026-08-18 18:20:11.040,28084.5176
2026-08-18 18:20:11.458,28263.6582
2026-08-18 18:20:11.883,28455.7691
2026-08-18 18:20:12.311,28665.4297
2026-08-18 18:20:12.738,28875.1235
2026-08-18 18:20:13.150,29080.3249
2026-08-18 18:20:13.576,29046.7476
2026-08-18 18:20:13.996,28830.5018
2026-08-18 18:20:14.410,28621.0207
2026-08-18 18:20:14.835,28419.8311
2026-08-18 18:20:15.247,28221.1365
2026-08-18 18:20:15.676,28036.5564
2026-08-18 18:20:16.120,27886.6363
2026-08-18 18:20:16.532,27775.4699
2026-08-18 18:20:16.950,27711.9121
2026-08-18 18:20:17.364,27669.7758
2026-08-18 18:20:17.777,27640.1572
2026-08-18 18:20:18.195,27618.9956
2026-08-18 18:20:18.606,27603.9765
2026-08-18 18:20:19.020,27612.3744
2026-08-18 18:20:19.434,27631.038
2026-08-18 18:20:19.856,27655.0732
2026-08-18 18:20:20.270,27690.1897
2026-08-18 18:20:20.682,27743.5649
2026-08-18 18:20:21.096,27828.0365
2026-08-18 18:20:21.507,27953.6558
2026-08-18 18:20:21.933,28114.3503
2026-08-18 18:20:22.348,28301.261
2026-08-18 18:20:22.763,28494.2334
2026-08-18 18:20:23.175,28693.6232
2026-08-18 18:20:23.592,28895.9993
2026-08-18 18:20:24.029,29105.1819
2026-08-18 18:20:24.444,29022.299
2026-08-18 18:20:24.860,28811.8891
2026-08-18 18:20:25.279,28605.2749
2026-08-18 18:20:25.711,28402.3291
2026-08-18 18:20:26.125,28201.2226
2026-08-18 18:20:26.540,28023.1687
2026-08-18 18:20:26.954,27874.4501
2026-08-18 18:20:27.368,27770.7717
2026-08-18 18:20:27.784,27705.4457
2026-08-18 18:20:28.197,27662.7939
2026-08-18 18:20:28.659,27630.3273
2026-08-18 18:20:29.086,27609.2947
2026-08-18 18:20:29.499,27594.2052
2026-08-18 18:20:29.912,27592.8485
2026-08-18 18:20:30.336,27592.5979
2026-08-18 18:20:30.748,27593.0469
2026-08-18 18:20:31.168,27591.2599
2026-08-18 18:20:31.595,27589.4087
2026-08-18 18:20:32.021,27587.9616
2026-08-18 18:20:32.432,27586.8362
2026-08-18 18:20:32.845,27586.3204
2026-08-18 18:20:33.264,27586.0642
2026-08-18 18:20:33.689,27586.0563
2026-08-18 18:20:34.108,27585.7242
2026-08-18 18:20:34.520,27587.2818
2026-08-18 18:20:34.934,27603.5878
2026-08-18 18:20:35.359,27627.4722
2026-08-18 18:20:35.780,27659.7667
2026-08-18 18:20:36.194,27705.2121
2026-08-18 18:20:36.611,27772.8108
2026-08-18 18:20:37.036,27875.8796
2026-08-18 18:20:37.463,28020.5599
2026-08-18 18:20:37.876,28196.6213
2026-08-18 18:20:38.304,28389.3661
2026-08-18 18:20:38.724,28584.7642
2026-08-18 18:20:39.137,28789.8173
2026-08-18 18:20:39.550,28995.5501
2026-08-18 18:20:39.977,29211.9277
2026-08-18 18:20:40.390,29424.5898
2026-08-18 18:20:40.802,29640.6571
2026-08-18 18:20:41.225,29859.0742
2026-08-18 18:20:41.653,30085.498
2026-08-18 18:20:42.066,30317.8047
2026-08-18 18:20:42.478,30545.5954
2026-08-18 18:20:42.892,30775.3742
2026-08-18 18:20:43.307,31008.5028
2026-08-18 18:20:43.722,31244.556
2026-08-18 18:20:44.167,31482.9045
2026-08-18 18:20:44.580,31741.5484
2026-08-18 18:20:44.992,31984.2211
2026-08-18 18:20:45.404,32142.068
2026-08-18 18:20:45.817,31932.7919
2026-08-18 18:20:46.239,31687.1123
2026-08-18 18:20:46.652,31439.2398
2026-08-18 18:20:47.065,31198.284
2026-08-18 18:20:47.479,30961.2354
2026-08-18 18:20:47.906,30718.1482
2026-08-18 18:20:48.326,30487.4509
2026-08-18 18:20:48.739,30254.6859
2026-08-18 18:20:49.156,30029.6711
2026-08-18 18:20:49.570,29805.6454
2026-08-18 18:20:49.987,29586.4515
2026-08-18 18:20:50.405,29367.8582
2026-08-18 18:20:50.842,29152.4279
2026-08-18 18:20:51.254,28931.2488
2026-08-18 18:20:51.681,28720.0498
2026-08-18 18:20:52.095,28521.5515
2026-08-18 18:20:52.508,28330.8493
2026-08-18 18:20:52.921,28151.1436
2026-08-18 18:20:53.333,28003.9238
2026-08-18 18:20:53.778,27903.2905
2026-08-18 18:20:54.192,27835.6253
2026-08-18 18:20:54.605,27794.771
2026-08-18 18:20:55.031,27764.7555
2026-08-18 18:20:55.444,27743.3804
2026-08-18 18:20:55.856,27726.827
2026-08-18 18:20:56.269,27720.9114
2026-08-18 18:20:56.707,27735.1038
2026-08-18 18:20:57.126,27752.8601
2026-08-18 18:20:57.538,27776.5866
2026-08-18 18:20:57.951,27812.7447
2026-08-18 18:20:58.364,27871.4145
2026-08-18 18:20:58.793,27967.1538
2026-08-18 18:20:59.208,28112.9299
2026-08-18 18:20:59.621,28288.5087
2026-08-18 18:21:00.038,28475.6609
2026-08-18 18:21:00.457,28676.9384
2026-08-18 18:21:00.883,28880.4429
2026-08-18 18:21:01.310,29094.7021
2026-08-18 18:21:01.723,29167.514
2026-08-18 18:21:02.139,28960.1682
2026-08-18 18:21:02.568,28750.3798
2026-08-18 18:21:02.985,28538.7356
2026-08-18 18:21:03.397,28340.1331
2026-08-18 18:21:03.816,28156.4577
2026-08-18 18:21:04.286,27997.1371
2026-08-18 18:21:04.704,27869.7392
2026-08-18 18:21:05.118,27802.5233
2026-08-18 18:21:05.530,27759.1602
2026-08-18 18:21:05.947,27729.3037
2026-08-18 18:21:06.361,27707.3161
2026-08-18 18:21:06.807,27690.9568
2026-08-18 18:21:07.220,27693.9098
2026-08-18 18:21:07.646,27711.7711
2026-08-18 18:21:08.072,27734.6823
2026-08-18 18:21:08.489,27766.5907
2026-08-18 18:21:08.930,27814.9796
2026-08-18 18:21:09.366,27902.4631
2026-08-18 18:21:09.779,28027.1513
2026-08-18 18:21:10.193,28186.8088
2026-08-18 18:21:10.625,28374.8642
2026-08-18 18:21:11.057,28571.7313
2026-08-18 18:21:11.470,28782.7999
2026-08-18 18:21:11.887,28989.6387
2026-08-18 18:21:12.300,29190.8098
2026-08-18 18:21:12.766,29098.28
2026-08-18 18:21:13.181,28861.979
2026-08-18 18:21:13.593,28655.3693
2026-08-18 18:21:14.021,28448.3068
2026-08-18 18:21:14.443,28256.1468
2026-08-18 18:21:14.855,28077.5376
2026-08-18 18:21:15.282,27933.2892
2026-08-18 18:21:15.702,27839.8984
2026-08-18 18:21:16.127,27780.62
2026-08-18 18:21:16.542,27741.4089
2026-08-18 18:21:16.956,27715.0849
2026-08-18 18:21:17.367,27696.2601
2026-08-18 18:21:17.781,27685.2088
2026-08-18 18:21:18.198,27699.0304
2026-08-18 18:21:18.624,27719.4298
2026-08-18 18:21:19.045,27746.7979
2026-08-18 18:21:19.458,27786.5121
2026-08-18 18:21:19.882,27847.2926
2026-08-18 18:21:20.295,27946.2839
2026-08-18 18:21:20.706,28084.2331
2026-08-18 18:21:21.123,28252.7935
2026-08-18 18:21:21.553,28443.3833
2026-08-18 18:21:21.967,28644.6698
2026-08-18 18:21:22.481,28868.8207
2026-08-18 18:21:22.898,29106.3464
2026-08-18 18:21:23.310,29210.642
2026-08-18 18:21:23.734,29014.2276
2026-08-18 18:21:24.146,28799.6409
2026-08-18 18:21:24.564,28595.6012
2026-08-18 18:21:24.977,28394.8032
2026-08-18 18:21:25.414,28207.0161
2026-08-18 18:21:25.827,28030.4789
2026-08-18 18:21:26.239,27904.3864
2026-08-18 18:21:26.653,27821.914
2026-08-18 18:21:27.069,27770.067
2026-08-18 18:21:27.483,27734.3622
2026-08-18 18:21:27.915,27708.0684
2026-08-18 18:21:28.327,27690.0604
2026-08-18 18:21:28.744,27681.1811
2026-08-18 18:21:29.172,27681.1173
2026-08-18 18:21:29.584,27680.8372
2026-08-18 18:21:30.006,27680.8289
2026-08-18 18:21:30.419,27679.6823
2026-08-18 18:21:30.831,27678.3132
2026-08-18 18:21:31.243,27677.1182
2026-08-18 18:21:31.669,27676.2291
2026-08-18 18:21:32.081,27675.4165
2026-08-18 18:21:32.500,27674.3223
2026-08-18 18:21:32.913,27673.1923
2026-08-18 18:21:33.341,27672.2261
2026-08-18 18:21:33.767,27677.3052
2026-08-18 18:21:34.183,27697.565
2026-08-18 18:21:34.596,27723.1147
2026-08-18 18:21:35.026,27757.2963
2026-08-18 18:21:35.461,27812.5174
2026-08-18 18:21:35.889,27894.0544
2026-08-18 18:21:36.301,28017.3252
2026-08-18 18:21:36.715,28171.8779
2026-08-18 18:21:37.150,28356.8493
2026-08-18 18:21:37.563,28550.55
2026-08-18 18:21:37.974,28749.7322
2026-08-18 18:21:38.394,28953.0865
2026-08-18 18:21:38.806,29163.9404
2026-08-18 18:21:39.218,29373.4796
2026-08-18 18:21:39.630,29586.9808
2026-08-18 18:21:40.090,29828.6685
2026-08-18 18:21:40.505,30048.7621
2026-08-18 18:21:40.918,30272.7998
2026-08-18 18:21:41.345,30498.9577
2026-08-18 18:21:41.763,30735.3356
2026-08-18 18:21:42.192,30970.2166
2026-08-18 18:21:42.613,31214.1936
2026-08-18 18:21:43.031,31459.6521
2026-08-18 18:21:43.445,31699.5362
2026-08-18 18:21:43.860,31941.7114
2026-08-18 18:21:44.273,32186.6475
2026-08-18 18:21:44.739,32139.7362
2026-08-18 18:21:45.167,31853.8419
2026-08-18 18:21:45.580,31600.1944
2026-08-18 18:21:45.993,31356.3764
2026-08-18 18:21:46.407,31114.462
2026-08-18 18:21:46.822,30875.6431
2026-08-18 18:21:47.234,30640.8578
2026-08-18 18:21:47.647,30409.9193
2026-08-18 18:21:48.086,30181.8885
2026-08-18 18:21:48.513,29943.5518
2026-08-18 18:21:48.925,29714.1905
2026-08-18 18:21:49.340,29496.102
2026-08-18 18:21:49.753,29281.0617
2026-08-18 18:21:50.231,29044.384
2026-08-18 18:21:50.648,28828.5883
2026-08-18 18:21:51.060,28624.2128
2026-08-18 18:21:51.473,28427.9732
2026-08-18 18:21:51.887,28242.5062
2026-08-18 18:21:52.301,28082.9095
2026-08-18 18:21:52.725,27968.1975
2026-08-18 18:21:53.154,27893.9622
2026-08-18 18:21:53.566,27845.1593
2026-08-18 18:21:53.980,27812.0891
2026-08-18 18:21:54.396,27786.9408
2026-08-18 18:21:54.809,27767.4556
2026-08-18 18:21:55.245,27754.6683
2026-08-18 18:21:55.658,27764.0733
2026-08-18 18:21:56.095,27778.5541
2026-08-18 18:21:56.522,27799.9658
2026-08-18 18:21:56.935,27832.2354
2026-08-18 18:21:57.354,27883.2432
2026-08-18 18:21:57.765,27968.8546
2026-08-18 18:21:58.194,28096.3344
2026-08-18 18:21:58.624,28274.7614
2026-08-18 18:21:59.049,28459.9655
2026-08-18 18:21:59.461,28662.515
2026-08-18 18:21:59.874,28865.3262
2026-08-18 18:22:00.287,29072.8349
2026-08-18 18:22:00.713,29213.3016
2026-08-18 18:22:01.173,29005.3737
2026-08-18 18:22:01.591,28796.428
2026-08-18 18:22:02.007,28589.0174
2026-08-18 18:22:02.422,28389.8733
2026-08-18 18:22:02.835,28202.2499
2026-08-18 18:22:03.276,28039.5484
2026-08-18 18:22:03.689,27912.5291
2026-08-18 18:22:04.101,27837.9896
2026-08-18 18:22:04.535,27788.4593
2026-08-18 18:22:04.961,27755.1776
2026-08-18 18:22:05.392,27731.2186
2026-08-18 18:22:05.817,27713.3387
2026-08-18 18:22:06.229,27710.927
2026-08-18 18:22:06.641,27727.6958
2026-08-18 18:22:07.055,27748.1074
2026-08-18 18:22:07.520,27780.8052
2026-08-18 18:22:07.940,27825.465
2026-08-18 18:22:08.353,27899.0117
2026-08-18 18:22:08.766,28011.1522
2026-08-18 18:22:09.180,28163.322
2026-08-18 18:22:09.593,28341.1795
2026-08-18 18:22:10.005,28531.9736
2026-08-18 18:22:10.448,28730.6896
2026-08-18 18:22:10.864,28950.0039
2026-08-18 18:22:11.278,29159.52
2026-08-18 18:22:11.691,29166.749
2026-08-18 18:22:12.103,28953.4584
2026-08-18 18:22:12.535,28738.2274
2026-08-18 18:22:12.954,28530.6248
2026-08-18 18:22:13.419,28310.9026
2026-08-18 18:22:13.838,28131.2246
2026-08-18 18:22:14.252,27977.3849
2026-08-18 18:22:14.664,27871.5398
2026-08-18 18:22:15.083,27805.1858
2026-08-18 18:22:15.545,27757.1025
2026-08-18 18:22:15.971,27727.9283
2026-08-18 18:22:16.385,27705.97
2026-08-18 18:22:16.799,27691.1043
2026-08-18 18:22:17.211,27700.1858
2026-08-18 18:22:17.673,27721.2061
2026-08-18 18:22:18.089,27746.2551
2026-08-18 18:22:18.501,27783.4434
2026-08-18 18:22:18.915,27840.8821
2026-08-18 18:22:19.327,27931.7624
2026-08-18 18:22:19.740,28063.6539
2026-08-18 18:22:20.157,28229.2501
2026-08-18 18:22:20.623,28440.6127
2026-08-18 18:22:21.035,28637.4654
2026-08-18 18:22:21.454,28840.398
2026-08-18 18:22:21.869,29050.3361
2026-08-18 18:22:22.289,29224.761
2026-08-18 18:22:22.702,29076.0201
2026-08-18 18:22:23.115,28866.3067
2026-08-18 18:22:23.549,28652.9053
2026-08-18 18:22:23.966,28449.0863
2026-08-18 18:22:24.379,28254.7802
2026-08-18 18:22:24.794,28079.7531
2026-08-18 18:22:25.206,27938.6767
2026-08-18 18:22:25.625,27844.17
2026-08-18 18:22:26.093,27784.1297
2026-08-18 18:22:26.518,27740.3356
2026-08-18 18:22:26.935,27712.0227
2026-08-18 18:22:27.347,27691.6282
2026-08-18 18:22:27.771,27679.7384
2026-08-18 18:22:28.184,27680.0995
2026-08-18 18:22:28.620,27681.6427
2026-08-18 18:22:29.034,27682.1856
2026-08-18 18:22:29.461,27678.2913
2026-08-18 18:22:29.888,27674.4709
2026-08-18 18:22:30.303,27670.9675
2026-08-18 18:22:30.740,27668.5512
2026-08-18 18:22:31.163,27666.7836
2026-08-18 18:22:31.575,27664.8907
2026-08-18 18:22:31.989,27662.7868
2026-08-18 18:22:32.402,27661.1342
2026-08-18 18:22:32.816,27664.8013
2026-08-18 18:22:33.261,27685.651
2026-08-18 18:22:33.683,27710.0657
2026-08-18 18:22:34.096,27744.6558
2026-08-18 18:22:34.513,27795.2565
2026-08-18 18:22:34.941,27873.5274
2026-08-18 18:22:35.353,27993.398
2026-08-18 18:22:35.789,28146.0661
2026-08-18 18:22:36.215,28332.3159
2026-08-18 18:22:36.632,28528.9789
2026-08-18 18:22:37.044,28729.9998
2026-08-18 18:22:37.457,28932.8836
2026-08-18 18:22:37.868,29139.75
2026-08-18 18:22:38.366,29393.2181
2026-08-18 18:22:38.779,29608.1772
2026-08-18 18:22:39.192,29825.6132
2026-08-18 18:22:39.608,30045.8131
2026-08-18 18:22:40.019,30269.3998
2026-08-18 18:22:40.433,30495.4318
2026-08-18 18:22:40.847,30725.2583
2026-08-18 18:22:41.260,30957.8713
2026-08-18 18:22:41.721,31221.8228
2026-08-18 18:22:42.140,31459.2438
2026-08-18 18:22:42.552,31703.1018
2026-08-18 18:22:42.980,31953.564
2026-08-18 18:22:43.402,32193.6391
2026-08-18 18:22:43.834,32104.9824
2026-08-18 18:22:44.250,31843.2114
2026-08-18 18:22:44.662,31594.5549
2026-08-18 18:22:45.077,31351.5125
2026-08-18 18:22:45.490,31109.469
2026-08-18 18:22:45.902,30872.737
2026-08-18 18:22:46.334,30632.2774
2026-08-18 18:22:46.773,30398.6733
2026-08-18 18:22:47.189,30157.4652
2026-08-18 18:22:47.602,29931.8763
2026-08-18 18:22:48.014,29710.3362
2026-08-18 18:22:48.426,29492.5799
2026-08-18 18:22:48.839,29277.8485
2026-08-18 18:22:49.252,29066.2794
2026-08-18 18:22:49.666,28858.3729
2026-08-18 18:22:50.080,28654.2735
2026-08-18 18:22:50.492,28455.5766
2026-08-18 18:22:50.909,28268.7478
2026-08-18 18:22:51.322,28102.0724
2026-08-18 18:22:51.742,27980.5101
2026-08-18 18:22:52.155,27901.49
2026-08-18 18:22:52.571,27850.9739
2026-08-18 18:22:52.984,27815.3886
2026-08-18 18:22:53.403,27788.6689
2026-08-18 18:22:53.865,27767.9417
2026-08-18 18:22:54.294,27752.6319
2026-08-18 18:22:54.708,27760.967
2026-08-18 18:22:55.120,27774.8871
2026-08-18 18:22:55.538,27794.1256
2026-08-18 18:22:55.951,27823.7223
2026-08-18 18:22:56.377,27873.1793
2026-08-18 18:22:56.791,27952.5295
2026-08-18 18:22:57.216,28075.5022
2026-08-18 18:22:57.640,28241.1448
2026-08-18 18:22:58.052,28429.8477
2026-08-18 18:22:58.487,28631.8426
2026-08-18 18:22:58.899,28838.3105
2026-08-18 18:22:59.332,29045.6307
2026-08-18 18:22:59.745,29214.3142
2026-08-18 18:23:00.173,29051.5954
2026-08-18 18:23:00.586,28834.1587
2026-08-18 18:23:00.998,28628.5353
2026-08-18 18:23:01.467,28404.257
2026-08-18 18:23:01.880,28215.0135
2026-08-18 18:23:02.294,28049.8592
2026-08-18 18:23:02.707,27925.3248
2026-08-18 18:23:03.120,27845.0884
2026-08-18 18:23:03.597,27789.3413
2026-08-18 18:23:04.015,27754.9162
2026-08-18 18:23:04.443,27730.7336
2026-08-18 18:23:04.861,27712.2955
2026-08-18 18:23:05.281,27708.0211
2026-08-18 18:23:05.747,27726.6148
2026-08-18 18:23:06.168,27748.0177
2026-08-18 18:23:06.581,27778.0921
2026-08-18 18:23:06.995,27823.4061
2026-08-18 18:23:07.408,27895.6488
2026-08-18 18:23:07.869,28022.7939
2026-08-18 18:23:08.282,28177.8367
2026-08-18 18:23:08.710,28357.5423
2026-08-18 18:23:09.123,28556.9618
2026-08-18 18:23:09.589,28757.8684
2026-08-18 18:23:10.019,28994.8201
2026-08-18 18:23:10.435,29208.3615
2026-08-18 18:23:10.847,29138.2154
2026-08-18 18:23:11.266,28927.1906
2026-08-18 18:23:11.679,28717.4319
2026-08-18 18:23:12.115,28515.5436
2026-08-18 18:23:12.528,28309.78
2026-08-18 18:23:12.953,28129.6445
2026-08-18 18:23:13.366,27974.3889
2026-08-18 18:23:13.783,27870.8032
2026-08-18 18:23:14.246,27799.3079
2026-08-18 18:23:14.659,27758.2365
2026-08-18 18:23:15.073,27729.6147
2026-08-18 18:23:15.485,27708.8955
2026-08-18 18:23:15.907,27694.574
2026-08-18 18:23:16.320,27704.836
2026-08-18 18:23:16.826,27728.2709
2026-08-18 18:23:17.239,27755.9003
2026-08-18 18:23:17.653,27795.7284
2026-08-18 18:23:18.067,27857.9807
2026-08-18 18:23:18.488,27956.2142
2026-08-18 18:23:18.899,28099.2812
2026-08-18 18:23:19.337,28275.9261
2026-08-18 18:23:19.750,28469.5739
2026-08-18 18:23:20.176,28667.649
2026-08-18 18:23:20.595,28878.1894
2026-08-18 18:23:21.009,29089.1621
2026-08-18 18:23:21.421,29234.1629
2026-08-18 18:23:21.834,29058.5089
2026-08-18 18:23:22.274,28848.2152
2026-08-18 18:23:22.701,28628.459
2026-08-18 18:23:23.118,28421.3321
2026-08-18 18:23:23.531,28228.8291
2026-08-18 18:23:23.951,28057.9994
2026-08-18 18:23:24.365,27923.2676
2026-08-18 18:23:24.778,27836.2491
2026-08-18 18:23:25.193,27781.4078
2026-08-18 18:23:25.619,27744.6936
2026-08-18 18:23:26.084,27716.2414
2026-08-18 18:23:26.512,27697.2122
2026-08-18 18:23:26.925,27687.8103
2026-08-18 18:23:27.338,27687.6451
2026-08-18 18:23:27.760,27687.7466
2026-08-18 18:23:28.185,27685.952
2026-08-18 18:23:28.614,27683.4883
2026-08-18 18:23:29.026,27681.5014
2026-08-18 18:23:29.438,27679.8047
2026-08-18 18:23:29.864,27678.5672
2026-08-18 18:23:30.277,27677.5344
2026-08-18 18:23:30.706,27676.6283
2026-08-18 18:23:31.150,27675.8266
2026-08-18 18:23:31.565,27676.0137
2026-08-18 18:23:31.991,27684.616
2026-08-18 18:23:32.415,27705.2637
2026-08-18 18:23:32.828,27732.5295
2026-08-18 18:23:33.241,27768.776
2026-08-18 18:23:33.654,27823.0963
2026-08-18 18:23:34.089,27909.9346
2026-08-18 18:23:34.504,28036.2542
2026-08-18 18:23:34.924,28194.8998
2026-08-18 18:23:35.339,28379.079
2026-08-18 18:23:35.752,28572.2768
2026-08-18 18:23:36.168,28771.4786
2026-08-18 18:23:36.633,29003.7508
2026-08-18 18:23:37.058,29211.9806
2026-08-18 18:23:37.469,29429.9335
2026-08-18 18:23:37.897,29653.116
2026-08-18 18:23:38.310,29872.1743
2026-08-18 18:23:38.732,30094.5791
2026-08-18 18:23:39.149,30327.2111
2026-08-18 18:23:39.570,30555.0848
2026-08-18 18:23:39.983,30790.7064
2026-08-18 18:23:40.396,31024.0319
2026-08-18 18:23:40.858,31260.3511
2026-08-18 18:23:41.276,31531.3084
2026-08-18 18:23:41.687,31771.4414
2026-08-18 18:23:42.108,32014.0986
2026-08-18 18:23:42.520,32246.1268
2026-08-18 18:23:42.982,32117.7167
2026-08-18 18:23:43.412,31833.9822
2026-08-18 18:23:43.839,31579.7888
2026-08-18 18:23:44.252,31326.2984
2026-08-18 18:23:44.664,31084.4095
2026-08-18 18:23:45.086,30847.3288
2026-08-18 18:23:45.507,30609.2593
2026-08-18 18:23:45.918,30375.4255
2026-08-18 18:23:46.341,30148.2246
2026-08-18 18:23:46.754,29917.7705
2026-08-18 18:23:47.167,29695.0421
2026-08-18 18:23:47.580,29475.6921
2026-08-18 18:23:47.991,29260.7145
2026-08-18 18:23:48.463,29048.8945
2026-08-18 18:23:48.908,28793.8656
2026-08-18 18:23:49.325,28589.8529
2026-08-18 18:23:49.737,28391.3561
2026-08-18 18:23:50.153,28210.2518
2026-08-18 18:23:50.615,28045.4151
2026-08-18 18:23:51.029,27947.7457
2026-08-18 18:23:51.446,27885.594
2026-08-18 18:23:51.859,27842.9946
2026-08-18 18:23:52.287,27812.3973
2026-08-18 18:23:52.753,27786.5928
2026-08-18 18:23:53.167,27769.1484
2026-08-18 18:23:53.580,27766.3528
2026-08-18 18:23:53.992,27779.2888
2026-08-18 18:23:54.421,27795.9571
2026-08-18 18:23:54.853,27820.0439
2026-08-18 18:23:55.265,27860.0312
2026-08-18 18:23:55.678,27923.3121
2026-08-18 18:23:56.091,28025.0896
2026-08-18 18:23:56.516,28169.8234
2026-08-18 18:23:56.929,28350.699
2026-08-18 18:23:57.342,28541.9565
2026-08-18 18:23:57.785,28749.0241
2026-08-18 18:23:58.197,28963.8492
2026-08-18 18:23:58.620,29175.0762
2026-08-18 18:23:59.034,29184.3869
2026-08-18 18:23:59.447,28970.9601
2026-08-18 18:23:59.874,28761.7158
2026-08-18 18:24:00.366,28511.7423
2026-08-18 18:24:00.778,28316.6078
2026-08-18 18:24:01.193,28137.9261
2026-08-18 18:24:01.620,27991.8209
2026-08-18 18:24:02.078,27882.4935
2026-08-18 18:24:02.504,27824.7711
2026-08-18 18:24:02.916,27785.5621
2026-08-18 18:24:03.329,27759.2661
2026-08-18 18:24:03.743,27739.6117
2026-08-18 18:24:04.186,27726.1012
2026-08-18 18:24:04.600,27737.6405
2026-08-18 18:24:05.012,27756.5447
2026-08-18 18:24:05.446,27782.359
2026-08-18 18:24:05.906,27819.1142
2026-08-18 18:24:06.328,27884.5432
2026-08-18 18:24:06.754,27980.2912
2026-08-18 18:24:07.172,28123.1311
2026-08-18 18:24:07.587,28296.6727
2026-08-18 18:24:08.000,28486.4219
2026-08-18 18:24:08.430,28693.9332
2026-08-18 18:24:08.854,28897.9098
2026-08-18 18:24:09.268,29112.1098
2026-08-18 18:24:09.681,29262.0508
2026-08-18 18:24:10.094,29089.0646
2026-08-18 18:24:10.558,28850.3445
2026-08-18 18:24:10.976,28643.3882
2026-08-18 18:24:11.389,28440.445
2026-08-18 18:24:11.804,28249.42
2026-08-18 18:24:12.229,28078.937
2026-08-18 18:24:12.688,27933.8482
2026-08-18 18:24:13.105,27854.1684
2026-08-18 18:24:13.519,27803.6433
2026-08-18 18:24:13.932,27769.7615
2026-08-18 18:24:14.344,27745.2955
2026-08-18 18:24:14.787,27727.4657
2026-08-18 18:24:15.199,27722.7241
2026-08-18 18:24:15.627,27741.1435
2026-08-18 18:24:16.041,27762.8904
2026-08-18 18:24:16.456,27793.0261
2026-08-18 18:24:16.871,27837.8901
2026-08-18 18:24:17.346,27921.2248
2026-08-18 18:24:17.761,28040.4002
2026-08-18 18:24:18.225,28216.9321
2026-08-18 18:24:18.672,28415.4603
2026-08-18 18:24:19.135,28610.9682
2026-08-18 18:24:19.556,28841.3096
2026-08-18 18:24:19.968,29049.6238
2026-08-18 18:24:20.382,29250.2217
2026-08-18 18:24:20.796,29158.3916
2026-08-18 18:24:21.209,28944.2265
2026-08-18 18:24:21.630,28734.9433
2026-08-18 18:24:22.042,28526.7331
2026-08-18 18:24:22.484,28331.4086
2026-08-18 18:24:22.897,28137.8796
2026-08-18 18:24:23.323,27987.8134
2026-08-18 18:24:23.748,27882.35
2026-08-18 18:24:24.209,27816.9761
2026-08-18 18:24:24.641,27772.0601
2026-08-18 18:24:25.053,27744.575
2026-08-18 18:24:25.464,27725.1851
2026-08-18 18:24:25.877,27707.8566
2026-08-18 18:24:26.288,27705.6041
2026-08-18 18:24:26.768,27704.4387
2026-08-18 18:24:27.180,27703.8927
2026-08-18 18:24:27.601,27702.333
2026-08-18 18:24:28.014,27700.8984
2026-08-18 18:24:28.426,27699.9472
2026-08-18 18:24:28.846,27698.8918
2026-08-18 18:24:29.262,27697.5583
2026-08-18 18:24:29.690,27696.1437
2026-08-18 18:24:30.102,27694.991
2026-08-18 18:24:30.523,27694.2869
2026-08-18 18:24:30.936,27696.9497
2026-08-18 18:24:31.362,27715.0752
2026-08-18 18:24:31.823,27743.3517
2026-08-18 18:24:32.237,27777.3157
2026-08-18 18:24:32.651,27826.955
2026-08-18 18:24:33.071,27902.6192
2026-08-18 18:24:33.484,28017.7552
2026-08-18 18:24:33.951,28190.1785
2026-08-18 18:24:34.365,28368.5681
2026-08-18 18:24:34.801,28567.0501
2026-08-18 18:24:35.214,28770.5481
2026-08-18 18:24:35.639,28975.3972
2026-08-18 18:24:36.068,29191.2543
2026-08-18 18:24:36.570,29454.1595
2026-08-18 18:24:36.982,29675.883
2026-08-18 18:24:37.395,29896.6562
2026-08-18 18:24:37.859,30119.6607
2026-08-18 18:24:38.288,30376.3244
2026-08-18 18:24:38.701,30612.1009
2026-08-18 18:24:39.113,30845.7831
2026-08-18 18:24:39.526,31081.2012
2026-08-18 18:24:39.953,31320.9161
2026-08-18 18:24:40.365,31570.5819
2026-08-18 18:24:40.793,31824.4297
2026-08-18 18:24:41.213,32072.4695
2026-08-18 18:24:41.625,32307.9588
2026-08-18 18:24:42.045,32179.0685
2026-08-18 18:24:42.458,31923.794
2026-08-18 18:24:42.872,31675.2574
2026-08-18 18:24:43.286,31428.4162
2026-08-18 18:24:43.700,31185.0289
2026-08-18 18:24:44.112,30944.9044
2026-08-18 18:24:44.579,30678.278
2026-08-18 18:24:45.002,30445.4542
2026-08-18 18:24:45.418,30210.0133
2026-08-18 18:24:45.832,29981.8046
2026-08-18 18:24:46.250,29757.444
2026-08-18 18:24:46.675,29533.2535
2026-08-18 18:24:47.095,29310.367
2026-08-18 18:24:47.508,29093.8671
2026-08-18 18:24:47.924,28883.3512
2026-08-18 18:24:48.342,28675.2824
2026-08-18 18:24:48.802,28473.1983
2026-08-18 18:24:49.221,28263.1363
2026-08-18 18:24:49.638,28108.0451
2026-08-18 18:24:50.051,27998.9964
2026-08-18 18:24:50.463,27930.3863
2026-08-18 18:24:50.887,27884.5815
2026-08-18 18:24:51.300,27850.9326
2026-08-18 18:24:51.712,27826.5066
2026-08-18 18:24:52.125,27807.5757
2026-08-18 18:24:52.543,27796.9534
2026-08-18 18:24:52.962,27807.8722
2026-08-18 18:24:53.439,27825.3238
2026-08-18 18:24:53.851,27848.2884
2026-08-18 18:24:54.278,27883.9802
2026-08-18 18:24:54.693,27941.1559
2026-08-18 18:24:55.106,28034.6904
2026-08-18 18:24:55.533,28177.4221
2026-08-18 18:24:55.954,28349.7726
2026-08-18 18:24:56.370,28544.6344
2026-08-18 18:24:56.783,28746.0672
2026-08-18 18:24:57.209,28959.7028
2026-08-18 18:24:57.630,29170.5692
2026-08-18 18:24:58.043,29262.1142
2026-08-18 18:24:58.462,29055.998
2026-08-18 18:24:58.874,28841.5546
2026-08-18 18:24:59.298,28634.9061
2026-08-18 18:24:59.725,28428.9153
2026-08-18 18:25:00.137,28234.5269
2026-08-18 18:25:00.554,28073.2476
2026-08-18 18:25:00.966,27954.7922
2026-08-18 18:25:01.378,27880.115
2026-08-18 18:25:01.795,27831.7577
2026-08-18 18:25:02.208,27797.9965
2026-08-18 18:25:02.641,27773.2759
2026-08-18 18:25:03.055,27755.5469
2026-08-18 18:25:03.474,27751.9514
2026-08-18 18:25:03.966,27772.1815
2026-08-18 18:25:04.391,27793.8121
2026-08-18 18:25:04.811,27825.07
2026-08-18 18:25:05.225,27872.3066
2026-08-18 18:25:05.651,27947.7379
2026-08-18 18:25:06.079,28073.2076
2026-08-18 18:25:06.493,28231.561
2026-08-18 18:25:06.910,28413.7629
2026-08-18 18:25:07.326,28609.8224
2026-08-18 18:25:07.759,28813.402
2026-08-18 18:25:08.186,29030.5352
2026-08-18 18:25:08.600,29246.5386
2026-08-18 18:25:09.016,29191.323
2026-08-18 18:25:09.433,28974.7541
2026-08-18 18:25:09.847,28762.0533
2026-08-18 18:25:10.259,28555.5265
2026-08-18 18:25:10.735,28335.7334
2026-08-18 18:25:11.150,28148.0373
2026-08-18 18:25:11.563,27998.8021
2026-08-18 18:25:12.000,27894.3287
2026-08-18 18:25:12.419,27828.8905
2026-08-18 18:25:12.850,27786.1039
2026-08-18 18:25:13.264,27756.0348
2026-08-18 18:25:13.676,27734.602
2026-08-18 18:25:14.113,27719.6752
2026-08-18 18:25:14.527,27731.4085
2026-08-18 18:25:14.941,27750.6684
2026-08-18 18:25:15.357,27776.2236
2026-08-18 18:25:15.783,27813.9133
2026-08-18 18:25:16.199,27873.9425
2026-08-18 18:25:16.612,27967.3133
2026-08-18 18:25:17.028,28102.0501
2026-08-18 18:25:17.440,28271.8778
2026-08-18 18:25:17.858,28458.9724
2026-08-18 18:25:18.272,28658.6458
2026-08-18 18:25:18.686,28862.9245
2026-08-18 18:25:19.152,29098.8266
2026-08-18 18:25:19.567,29264.3849
2026-08-18 18:25:19.979,29105.5737
2026-08-18 18:25:20.391,28893.6074
2026-08-18 18:25:20.819,28678.6049
2026-08-18 18:25:21.247,28475.5109
2026-08-18 18:25:21.672,28275.0386
2026-08-18 18:25:22.086,28095.1638
2026-08-18 18:25:22.498,27956.6283
2026-08-18 18:25:22.910,27864.0751
2026-08-18 18:25:23.350,27805.5881
2026-08-18 18:25:23.763,27764.7471
2026-08-18 18:25:24.182,27737.4558
2026-08-18 18:25:24.596,27716.8938
2026-08-18 18:25:25.022,27704.7696
2026-08-18 18:25:25.450,27704.4777
2026-08-18 18:25:25.878,27703.8982
2026-08-18 18:25:26.291,27703.7765
2026-08-18 18:25:26.706,27702.5997
2026-08-18 18:25:27.121,27701.6928
2026-08-18 18:25:27.551,27701.3447
2026-08-18 18:25:27.963,27700.9489
2026-08-18 18:25:28.387,27700.4946
2026-08-18 18:25:28.799,27700.271
2026-08-18 18:25:29.211,27700.0939
2026-08-18 18:25:29.674,27699.9118
2026-08-18 18:25:30.087,27705.1805
2026-08-18 18:25:30.504,27725.7894
2026-08-18 18:25:30.919,27752.1511
2026-08-18 18:25:31.380,27787.3488
2026-08-18 18:25:31.797,27846.1416
2026-08-18 18:25:32.211,27927.4674
2026-08-18 18:25:32.625,28046.9796
2026-08-18 18:25:33.039,28202.9992
2026-08-18 18:25:33.452,28383.1802
2026-08-18 18:25:33.882,28576.2419
2026-08-18 18:25:34.295,28785.8618
2026-08-18 18:25:34.728,28999.4368
2026-08-18 18:25:35.155,29212.1465
2026-08-18 18:25:35.567,29432.8185
2026-08-18 18:25:35.987,29650.4782
2026-08-18 18:25:36.400,29876.6123
2026-08-18 18:25:36.814,30101.1657
2026-08-18 18:25:37.227,30328.5247
2026-08-18 18:25:37.692,30558.1108
2026-08-18 18:25:38.122,30823.7598
2026-08-18 18:25:38.541,31066.4746
2026-08-18 18:25:38.954,31308.7494
2026-08-18 18:25:39.366,31549.9946
2026-08-18 18:25:39.795,31802.1125
2026-08-18 18:25:40.213,32050.7889
2026-08-18 18:25:40.627,32303.5477
2026-08-18 18:25:41.042,32250.9236
2026-08-18 18:25:41.455,31996.2319
2026-08-18 18:25:41.891,31736.6101
2026-08-18 18:25:42.303,31483.1024
2026-08-18 18:25:42.732,31229.3913
2026-08-18 18:25:43.159,30978.3284
2026-08-18 18:25:43.573,30742.1062
2026-08-18 18:25:43.998,30508.8047
2026-08-18 18:25:44.413,30269.8619
2026-08-18 18:25:44.836,30042.4432
2026-08-18 18:25:45.249,29812.1293
2026-08-18 18:25:45.678,29582.7962
2026-08-18 18:25:46.090,29364.3426
2026-08-18 18:25:46.512,29149.3803
2026-08-18 18:25:46.925,28933.6671
2026-08-18 18:25:47.339,28726.8232
2026-08-18 18:25:47.764,28521.3176
2026-08-18 18:25:48.187,28334.2867
2026-08-18 18:25:48.618,28166.7985
2026-08-18 18:25:49.046,28041.8015
2026-08-18 18:25:49.459,27962.936
2026-08-18 18:25:49.879,27910.6551
2026-08-18 18:25:50.292,27873.9906
2026-08-18 18:25:50.731,27851.3262
2026-08-18 18:25:51.156,27833.5122
2026-08-18 18:25:51.569,27817.878
2026-08-18 18:25:51.982,27825.0587
2026-08-18 18:25:52.410,27840.0563
2026-08-18 18:25:52.844,27861.8761
2026-08-18 18:25:53.258,27893.8826
2026-08-18 18:25:53.684,27948.1977
2026-08-18 18:25:54.096,28034.7888
2026-08-18 18:25:54.508,28164.6071
2026-08-18 18:25:54.935,28331.0613
2026-08-18 18:25:55.362,28533.6074
2026-08-18 18:25:55.774,28734.3875
2026-08-18 18:25:56.193,28942.0983
2026-08-18 18:25:56.610,29157.5442
2026-08-18 18:25:57.037,29314.9928
2026-08-18 18:25:57.451,29135.9647
2026-08-18 18:25:57.868,28922.9329
2026-08-18 18:25:58.282,28711.1732
2026-08-18 18:25:58.709,28506.6106
2026-08-18 18:25:59.172,28289.5006
2026-08-18 18:25:59.586,28118.729
2026-08-18 18:26:00.005,27995.0023
2026-08-18 18:26:00.423,27915.0371
2026-08-18 18:26:00.835,27864.3919
2026-08-18 18:26:01.250,27830.2512
2026-08-18 18:26:01.683,27804.5084
2026-08-18 18:26:02.097,27786.1306
2026-08-18 18:26:02.510,27780.5958
2026-08-18 18:26:02.924,27796.8903
2026-08-18 18:26:03.351,27817.4366
2026-08-18 18:26:03.764,27847.1942
2026-08-18 18:26:04.193,27889.5033
2026-08-18 18:26:04.608,27959.0989
2026-08-18 18:26:05.023,28066.1173
2026-08-18 18:26:05.453,28215.7284
2026-08-18 18:26:05.882,28401.8092
2026-08-18 18:26:06.310,28604.1217
2026-08-18 18:26:06.728,28815.4916
2026-08-18 18:26:07.147,29028.466
2026-08-18 18:26:07.564,29247.797
2026-08-18 18:26:07.986,29307.42
2026-08-18 18:26:08.400,29090.8942
2026-08-18 18:26:08.816,28879.6775
2026-08-18 18:26:09.230,28671.9732
2026-08-18 18:26:09.666,28465.3321
2026-08-18 18:26:10.080,28273.6803
2026-08-18 18:26:10.501,28111.561
2026-08-18 18:26:10.929,27990.8933
2026-08-18 18:26:11.340,27914.1947
2026-08-18 18:26:11.771,27867.6028
2026-08-18 18:26:12.199,27833.646
2026-08-18 18:26:12.610,27811.3414
2026-08-18 18:26:13.031,27795.094
2026-08-18 18:26:13.446,27797.7798
2026-08-18 18:26:13.866,27817.6126
2026-08-18 18:26:14.280,27842.4547
2026-08-18 18:26:14.698,27875.8199
2026-08-18 18:26:15.114,27926.3406
2026-08-18 18:26:15.528,28007.1532
2026-08-18 18:26:15.994,28147.181
2026-08-18 18:26:16.410,28311.3967
2026-08-18 18:26:16.826,28499.0808
2026-08-18 18:26:17.251,28698.9357
2026-08-18 18:26:17.664,28910.3215
2026-08-18 18:26:18.092,29127.5608
2026-08-18 18:26:18.505,29340.5532
2026-08-18 18:26:18.918,29297.5278
2026-08-18 18:26:19.330,29081.6543
2026-08-18 18:26:19.747,28869.6973
2026-08-18 18:26:20.189,28660.0461
2026-08-18 18:26:20.613,28446.6839
2026-08-18 18:26:21.031,28256.3631
2026-08-18 18:26:21.446,28097.8185
2026-08-18 18:26:21.858,27985.48
2026-08-18 18:26:22.295,27914.5497
2026-08-18 18:26:22.707,27866.2419
2026-08-18 18:26:23.135,27834.2845
2026-08-18 18:26:23.547,27811.9801
2026-08-18 18:26:24.007,27795.4706
2026-08-18 18:26:24.426,27792.0112
2026-08-18 18:26:24.839,27790.9167
2026-08-18 18:26:25.255,27791.038
2026-08-18 18:26:25.671,27789.8386
2026-08-18 18:26:26.096,27788.5779
2026-08-18 18:26:26.516,27786.792
2026-08-18 18:26:26.929,27785.3908
2026-08-18 18:26:27.357,27784.6894
2026-08-18 18:26:27.770,27783.4458
2026-08-18 18:26:28.184,27782.6841
2026-08-18 18:26:28.610,27781.5146
2026-08-18 18:26:29.041,27781.4993
2026-08-18 18:26:29.453,27797.294
2026-08-18 18:26:29.876,27821.158
2026-08-18 18:26:30.290,27853.1183
2026-08-18 18:26:30.720,27899.4938
2026-08-18 18:26:31.132,27967.2084
2026-08-18 18:26:31.559,28073.627
2026-08-18 18:26:31.985,28216.2887
2026-08-18 18:26:32.397,28394.6037
2026-08-18 18:26:32.816,28584.1419
2026-08-18 18:26:33.233,28786.9735
2026-08-18 18:26:33.646,28995.0074
2026-08-18 18:26:34.059,29205.7092
2026-08-18 18:26:34.471,29419.3641
2026-08-18 18:26:34.930,29661.9135
2026-08-18 18:26:35.342,29882.5937
2026-08-18 18:26:35.770,30114.302
2026-08-18 18:26:36.181,30341.4147
2026-08-18 18:26:36.603,30571.1174
2026-08-18 18:26:37.034,30810.6244
2026-08-18 18:26:37.447,31057.2272
2026-08-18 18:26:37.859,31297.1424
2026-08-18 18:26:38.286,31540.0384
2026-08-18 18:26:38.700,31794.9243
2026-08-18 18:26:39.134,32044.1008
2026-08-18 18:26:39.546,32307.5886
2026-08-18 18:26:39.965,32461.8094
2026-08-18 18:26:40.379,32234.5895
2026-08-18 18:26:40.841,31979.1323
2026-08-18 18:26:41.272,31695.8513
2026-08-18 18:26:41.685,31440.2165
2026-08-18 18:26:42.101,31196.7157
2026-08-18 18:26:42.516,30954.1087
2026-08-18 18:26:42.928,30716.4218
2026-08-18 18:26:43.355,30474.3952
2026-08-18 18:26:43.789,30235.6059
2026-08-18 18:26:44.206,30003.8835
2026-08-18 18:26:44.620,29777.0452
2026-08-18 18:26:45.033,29554.7063
2026-08-18 18:26:45.450,29336.52
2026-08-18 18:26:45.865,29119.3451
2026-08-18 18:26:46.277,28907.0653
2026-08-18 18:26:46.704,28701.1619
2026-08-18 18:26:47.126,28495.047
2026-08-18 18:26:47.558,28309.669
2026-08-18 18:26:47.972,28160.0721
2026-08-18 18:26:48.398,28063.8284
2026-08-18 18:26:48.811,28004.2786
2026-08-18 18:26:49.238,27963.1671
2026-08-18 18:26:49.666,27933.0297
2026-08-18 18:26:50.078,27909.3082
2026-08-18 18:26:50.492,27891.5392
2026-08-18 18:26:50.909,27890.289
2026-08-18 18:26:51.322,27903.8507
2026-08-18 18:26:51.783,27923.2869
2026-08-18 18:26:52.197,27949.3517
2026-08-18 18:26:52.610,27990.1682
2026-08-18 18:26:53.024,28057.9748
2026-08-18 18:26:53.451,28171.1397
2026-08-18 18:26:53.885,28323.7492
2026-08-18 18:26:54.318,28521.1581
2026-08-18 18:26:54.731,28719.8731
2026-08-18 18:26:55.145,28924.4363
2026-08-18 18:26:55.559,29134.3483
2026-08-18 18:26:55.993,29345.4053
2026-08-18 18:26:56.419,29273.1028
2026-08-18 18:26:56.836,29048.9076
2026-08-18 18:26:57.249,28833.8139
2026-08-18 18:26:57.674,28626.5528
2026-08-18 18:26:58.097,28422.6225
2026-08-18 18:26:58.525,28232.3607
2026-08-18 18:26:58.936,28089.2986
2026-08-18 18:26:59.348,27993.0491
2026-08-18 18:26:59.761,27932.1517
2026-08-18 18:27:00.198,27891.2725
2026-08-18 18:27:00.623,27860.6413
2026-08-18 18:27:01.036,27838.6209
2026-08-18 18:27:01.448,27824.0147
2026-08-18 18:27:01.886,27834.0344
2026-08-18 18:27:02.316,27853.4663
2026-08-18 18:27:02.729,27879.2732
2026-08-18 18:27:03.154,27915.6367
2026-08-18 18:27:03.574,27974.1647
2026-08-18 18:27:03.986,28066.9535
2026-08-18 18:27:04.413,28206.7732
2026-08-18 18:27:04.825,28376.8826
2026-08-18 18:27:05.249,28566.4051
2026-08-18 18:27:05.675,28771.6669
2026-08-18 18:27:06.094,28984.4498
2026-08-18 18:27:06.521,29198.5049
2026-08-18 18:27:06.938,29372.5842
2026-08-18 18:27:07.364,29208.7705
2026-08-18 18:27:07.776,28986.5363
2026-08-18 18:27:08.189,28775.5861
2026-08-18 18:27:08.603,28570.5556
2026-08-18 18:27:09.027,28374.2922
2026-08-18 18:27:09.440,28192.9411
2026-08-18 18:27:09.857,28054.4459
2026-08-18 18:27:10.274,27961.8989
2026-08-18 18:27:10.708,27903.3307
2026-08-18 18:27:11.128,27862.7107
2026-08-18 18:27:11.541,27835.1835
2026-08-18 18:27:11.954,27814.9343
2026-08-18 18:27:12.384,27802.6048
2026-08-18 18:27:12.823,27815.4564
2026-08-18 18:27:13.246,27836.2248
2026-08-18 18:27:13.674,27863.1347
2026-08-18 18:27:14.087,27903.9487
2026-08-18 18:27:14.511,27965.486
2026-08-18 18:27:14.930,28065.1244
2026-08-18 18:27:15.342,28207.0361
2026-08-18 18:27:15.766,28379.4083
2026-08-18 18:27:16.179,28576.0312
2026-08-18 18:27:16.639,28776.8177
2026-08-18 18:27:17.065,29011.147
2026-08-18 18:27:17.478,29226.6851
2026-08-18 18:27:17.891,29372.4521
2026-08-18 18:27:18.317,29184.5072
2026-08-18 18:27:18.729,28969.6018
2026-08-18 18:27:19.151,28758.8989
2026-08-18 18:27:19.564,28550.0923
2026-08-18 18:27:19.977,28354.7598
2026-08-18 18:27:20.396,28179.9598
2026-08-18 18:27:20.858,28040.8558
2026-08-18 18:27:21.285,27939.521
2026-08-18 18:27:21.697,27885.5067
2026-08-18 18:27:22.110,27848.845
2026-08-18 18:27:22.522,27823.0273
2026-08-18 18:27:22.939,27803.7617
2026-08-18 18:27:23.380,27793.1876
2026-08-18 18:27:23.792,27792.809
2026-08-18 18:27:24.205,27792.6631
2026-08-18 18:27:24.625,27791.8991
2026-08-18 18:27:25.052,27790.0022
2026-08-18 18:27:25.470,27788.0188
2026-08-18 18:27:25.883,27786.5196
2026-08-18 18:27:26.301,27785.3302
2026-08-18 18:27:26.727,27784.4891
2026-08-18 18:27:27.140,27783.5653
2026-08-18 18:27:27.605,27782.5564
2026-08-18 18:27:28.031,27781.6246
2026-08-18 18:27:28.452,27787.2777
2026-08-18 18:27:28.878,27807.8714
2026-08-18 18:27:29.291,27835.6961
2026-08-18 18:27:29.704,27872.6205
2026-08-18 18:27:30.116,27926.3669
2026-08-18 18:27:30.542,28008.565
2026-08-18 18:27:30.958,28133.3383
2026-08-18 18:27:31.370,28292.6308
2026-08-18 18:27:31.791,28473.6644
2026-08-18 18:27:32.204,28672.1981
2026-08-18 18:27:32.617,28875.3714
2026-08-18 18:27:33.042,29084.3328
2026-08-18 18:27:33.459,29302.6702
2026-08-18 18:27:33.885,29520.1121
2026-08-18 18:27:34.305,29746.1151
2026-08-18 18:27:34.731,29972.6247
2026-08-18 18:27:35.144,30204.9379
2026-08-18 18:27:35.556,30434.5264
2026-08-18 18:27:35.989,30667.2583
2026-08-18 18:27:36.402,30913.9269
2026-08-18 18:27:36.829,31160.2471
2026-08-18 18:27:37.249,31401.3672
2026-08-18 18:27:37.676,31649.4834
2026-08-18 18:27:38.093,31906.9764
2026-08-18 18:27:38.520,32154.4887
2026-08-18 18:27:38.933,32413.4802
2026-08-18 18:27:39.346,32369.917
2026-08-18 18:27:39.776,32105.3235
2026-08-18 18:27:40.190,31850.8346
2026-08-18 18:27:40.604,31601.0183
2026-08-18 18:27:41.024,31354.4373
2026-08-18 18:27:41.437,31106.0501
2026-08-18 18:27:41.860,30865.5534
2026-08-18 18:27:42.286,30622.3128
2026-08-18 18:27:42.699,30382.0415
2026-08-18 18:27:43.121,30151.9306
2026-08-18 18:27:43.535,29919.3895
2026-08-18 18:27:43.949,29694.5154
2026-08-18 18:27:44.361,29473.3198
2026-08-18 18:27:44.826,29228.4366
2026-08-18 18:27:45.250,29015.7771
2026-08-18 18:27:45.715,28776.4132
2026-08-18 18:27:46.158,28557.3596
2026-08-18 18:27:46.570,28368.9004
2026-08-18 18:27:46.992,28208.94
2026-08-18 18:27:47.409,28092.9709
2026-08-18 18:27:47.840,28020.6129
2026-08-18 18:27:48.253,27971.5824
2026-08-18 18:27:48.677,27938.1138
2026-08-18 18:27:49.089,27912.5546
2026-08-18 18:27:49.500,27893.6772
2026-08-18 18:27:49.966,27882.3513
2026-08-18 18:27:50.387,27894.291
2026-08-18 18:27:50.801,27910.7156
2026-08-18 18:27:51.221,27933.3264
2026-08-18 18:27:51.635,27967.9463
2026-08-18 18:27:52.056,28023.0493
2026-08-18 18:27:52.470,28115.8833
2026-08-18 18:27:52.884,28252.5554
2026-08-18 18:27:53.302,28424.4657
2026-08-18 18:27:53.714,28618.0978
2026-08-18 18:27:54.174,28843.5247
2026-08-18 18:27:54.594,29052.0496
2026-08-18 18:27:55.008,29268.4949
2026-08-18 18:27:55.420,29369.2394
2026-08-18 18:27:55.847,29158.9487
2026-08-18 18:27:56.273,28945.2477
2026-08-18 18:27:56.685,28729.5413
2026-08-18 18:27:57.101,28527.956
2026-08-18 18:27:57.516,28336.9631
2026-08-18 18:27:57.930,28172.5341
2026-08-18 18:27:58.405,28041.8743
2026-08-18 18:27:58.822,27967.5954
2026-08-18 18:27:59.249,27920.8995
2026-08-18 18:27:59.662,27887.8173
2026-08-18 18:28:00.095,27863.9934
2026-08-18 18:28:00.522,27846.8998
2026-08-18 18:28:00.939,27848.2233
2026-08-18 18:28:01.357,27866.2916
2026-08-18 18:28:01.782,27888.701
2026-08-18 18:28:02.200,27921.2001
2026-08-18 18:28:02.613,27968.8395
2026-08-18 18:28:03.027,28045.5415
2026-08-18 18:28:03.440,28163.2764
2026-08-18 18:28:03.854,28321.1975
2026-08-18 18:28:04.267,28505.1046
2026-08-18 18:28:04.688,28702.3544
2026-08-18 18:28:05.116,28918.6831
2026-08-18 18:28:05.540,29129.5234
2026-08-18 18:28:05.954,29350.0518
2026-08-18 18:28:06.383,29358.013
2026-08-18 18:28:06.811,29132.1543
2026-08-18 18:28:07.235,28919.691
2026-08-18 18:28:07.649,28706.1842
2026-08-18 18:28:08.076,28504.2519
2026-08-18 18:28:08.494,28309.744
2026-08-18 18:28:08.906,28147.4315
2026-08-18 18:28:09.320,28033.1463
2026-08-18 18:28:09.746,27960.4899
2026-08-18 18:28:10.165,27912.2915
2026-08-18 18:28:10.577,27880.344
2026-08-18 18:28:11.003,27857.3602
2026-08-18 18:28:11.414,27839.6489
2026-08-18 18:28:11.828,27842.3568
2026-08-18 18:28:12.241,27861.798
2026-08-18 18:28:12.655,27885.385
2026-08-18 18:28:13.067,27918.3447
2026-08-18 18:28:13.543,27976.0689
2026-08-18 18:28:13.956,28063.0657
2026-08-18 18:28:14.371,28190.4497
2026-08-18 18:28:14.785,28356.6293
2026-08-18 18:28:15.197,28544.4541
2026-08-18 18:28:15.610,28743.9913
2026-08-18 18:28:16.026,28950.5614
2026-08-18 18:28:16.440,29163.7855
2026-08-18 18:28:16.864,29379.249
2026-08-18 18:28:17.278,29342.8974
2026-08-18 18:28:17.690,29126.2859
2026-08-18 18:28:18.129,28907.2599
2026-08-18 18:28:18.551,28694.0234
2026-08-18 18:28:18.969,28489.7253
2026-08-18 18:28:19.383,28301.9459
2026-08-18 18:28:19.795,28145.4289
2026-08-18 18:28:20.207,28035.3106
2026-08-18 18:28:20.651,27961.1898
2026-08-18 18:28:21.071,27916.8813
2026-08-18 18:28:21.483,27885.852
2026-08-18 18:28:21.910,27863.9
2026-08-18 18:28:22.339,27849.0459
2026-08-18 18:28:22.758,27847.995
2026-08-18 18:28:23.178,27849.7781
2026-08-18 18:28:23.591,27852.4602
2026-08-18 18:28:24.005,27852.6469
2026-08-18 18:28:24.473,27852.3828
2026-08-18 18:28:24.886,27852.1675
2026-08-18 18:28:25.302,27852.1633
2026-08-18 18:28:25.716,27851.9472
2026-08-18 18:28:26.128,27851.587
2026-08-18 18:28:26.560,27851.3731
2026-08-18 18:28:26.973,27851.166
2026-08-18 18:28:27.394,27851.899
2026-08-18 18:28:27.821,27868.5759
2026-08-18 18:28:28.246,27893.1514
2026-08-18 18:28:28.663,27925.5572
2026-08-18 18:28:29.088,27971.0792
2026-08-18 18:28:29.502,28041.6348
2026-08-18 18:28:29.917,28146.7413
2026-08-18 18:28:30.329,28292.31
2026-08-18 18:28:30.787,28467.0949
2026-08-18 18:28:31.200,28680.7156
2026-08-18 18:28:31.613,28883.4292
2026-08-18 18:28:32.034,29092.8954
2026-08-18 18:28:32.451,29310.3768
2026-08-18 18:28:32.882,29529.7591
2026-08-18 18:28:33.309,29759.4866
2026-08-18 18:28:33.721,29990.9309
2026-08-18 18:28:34.134,30217.499
2026-08-18 18:28:34.560,30454.766
2026-08-18 18:28:34.982,30687.0377
2026-08-18 18:28:35.409,30928.8922
2026-08-18 18:28:35.822,31176.9489
2026-08-18 18:28:36.235,31419.787
2026-08-18 18:28:36.696,31666.8016
2026-08-18 18:28:37.126,31953.0977
2026-08-18 18:28:37.547,32204.7608
2026-08-18 18:28:37.972,32465.2423
2026-08-18 18:28:38.385,32554.2591
2026-08-18 18:28:38.798,32303.8587
2026-08-18 18:28:39.223,32050.1324
2026-08-18 18:28:39.637,31792.1734
2026-08-18 18:28:40.055,31543.7582
2026-08-18 18:28:40.468,31295.9484
2026-08-18 18:28:40.881,31054.0672
2026-08-18 18:28:41.300,30816.333
2026-08-18 18:28:41.727,30577.7566
2026-08-18 18:28:42.140,30338.0743
2026-08-18 18:28:42.568,30100.2955
2026-08-18 18:28:42.986,29874.4041
2026-08-18 18:28:43.409,29648.908
2026-08-18 18:28:43.825,29424.8193
2026-08-18 18:28:44.238,29207.3903
2026-08-18 18:28:44.651,28995.7312
2026-08-18 18:28:45.118,28789.1479
2026-08-18 18:28:45.536,28562.8543
2026-08-18 18:28:45.949,28385.5278
2026-08-18 18:28:46.362,28249.4556
2026-08-18 18:28:46.775,28160.491
2026-08-18 18:28:47.189,28103.7059
2026-08-18 18:28:47.623,28064.0901
2026-08-18 18:28:48.035,28033.7931
2026-08-18 18:28:48.453,28011.7026
2026-08-18 18:28:48.866,27994.5375
2026-08-18 18:28:49.293,27996.4332
2026-08-18 18:28:49.728,28010.7877
2026-08-18 18:28:50.165,28031.4818
2026-08-18 18:28:50.579,28059.9455
2026-08-18 18:28:50.992,28103.2723
2026-08-18 18:28:51.404,28175.1093
2026-08-18 18:28:51.832,28288.8954
2026-08-18 18:28:52.244,28451.7794
2026-08-18 18:28:52.662,28635.7625
2026-08-18 18:28:53.075,28836.9642
2026-08-18 18:28:53.489,29044.8904
2026-08-18 18:28:53.966,29285.0704
2026-08-18 18:28:54.378,29491.4886
2026-08-18 18:28:54.791,29382.2234
2026-08-18 18:28:55.208,29163.9708
2026-08-18 18:28:55.620,28947.9223
2026-08-18 18:28:56.052,28731.0369
2026-08-18 18:28:56.480,28525.6188
2026-08-18 18:28:56.895,28346.6037
2026-08-18 18:28:57.309,28203.4069
2026-08-18 18:28:57.735,28108.5951
2026-08-18 18:28:58.167,28047.091
2026-08-18 18:28:58.581,28007.1781
2026-08-18 18:28:58.997,27979.8168
2026-08-18 18:28:59.412,27956.1523
2026-08-18 18:28:59.824,27939.1658
2026-08-18 18:29:00.242,27949.1995
2026-08-18 18:29:00.655,27967.3402
2026-08-18 18:29:01.068,27991.6112
2026-08-18 18:29:01.481,28026.8334
2026-08-18 18:29:01.952,28082.0651
2026-08-18 18:29:02.371,28188.1429
2026-08-18 18:29:02.783,28326.5824
2026-08-18 18:29:03.218,28504.903
2026-08-18 18:29:03.631,28701.3286
2026-08-18 18:29:04.046,28904.084
2026-08-18 18:29:04.459,29114.3777
2026-08-18 18:29:04.887,29335.1125
2026-08-18 18:29:05.299,29493.5001
2026-08-18 18:29:05.713,29321.1834
2026-08-18 18:29:06.125,29103.5557
2026-08-18 18:29:06.546,28890.3658
2026-08-18 18:29:06.958,28679.8376
2026-08-18 18:29:07.371,28483.1716
2026-08-18 18:29:07.799,28305.1811
2026-08-18 18:29:08.260,28160.932
2026-08-18 18:29:08.679,28060.0904
2026-08-18 18:29:09.092,28005.9547
2026-08-18 18:29:09.517,27969.0242
2026-08-18 18:29:09.934,27942.8773
2026-08-18 18:29:10.349,27923.3607
2026-08-18 18:29:10.765,27912.8876
2026-08-18 18:29:11.179,27928.686
2026-08-18 18:29:11.597,27949.8374
2026-08-18 18:29:12.013,27979.4125
2026-08-18 18:29:12.427,28023.1332
2026-08-18 18:29:12.892,28103.2943
2026-08-18 18:29:13.319,28216.067
2026-08-18 18:29:13.734,28375.9675
2026-08-18 18:29:14.148,28560.6385
2026-08-18 18:29:14.560,28758.9033
2026-08-18 18:29:14.980,28964.6132
2026-08-18 18:29:15.416,29187.6661
2026-08-18 18:29:15.829,29407.45
2026-08-18 18:29:16.243,29480.1847
2026-08-18 18:29:16.671,29257.6019
2026-08-18 18:29:17.090,29041.2262
2026-08-18 18:29:17.516,28826.8612
2026-08-18 18:29:17.929,28616.8767
2026-08-18 18:29:18.342,28424.9624
2026-08-18 18:29:18.755,28256.8852
2026-08-18 18:29:19.168,28131.8153
2026-08-18 18:29:19.590,28051.0114
2026-08-18 18:29:20.006,27998.6025
2026-08-18 18:29:20.469,27960.0027
2026-08-18 18:29:20.881,27935.5186
2026-08-18 18:29:21.379,27916.097
2026-08-18 18:29:21.792,27912.3097
2026-08-18 18:29:22.204,27912.1613
2026-08-18 18:29:22.623,27913.0395
2026-08-18 18:29:23.042,27911.6649
2026-08-18 18:29:23.461,27909.5464
2026-08-18 18:29:23.886,27907.5837
2026-08-18 18:29:24.303,27905.9447
2026-08-18 18:29:24.715,27904.5756
2026-08-18 18:29:25.128,27903.2096
2026-08-18 18:29:25.593,27901.6676
2026-08-18 18:29:26.006,27900.4479
2026-08-18 18:29:26.420,27900.0805
2026-08-18 18:29:26.834,27914.3165
2026-08-18 18:29:27.262,27937.1533
2026-08-18 18:29:27.681,27968.4404
2026-08-18 18:29:28.105,28012.0467
2026-08-18 18:29:28.518,28078.8129
2026-08-18 18:29:28.946,28178.0317
2026-08-18 18:29:29.372,28322.9851
2026-08-18 18:29:29.788,28500.6203
2026-08-18 18:29:30.200,28693.5115
2026-08-18 18:29:30.613,28894.3516
2026-08-18 18:29:31.026,29101.9381
2026-08-18 18:29:31.439,29313.8431
2026-08-18 18:29:31.899,29554.6069
2026-08-18 18:29:32.322,29774.776
2026-08-18 18:29:32.736,30004.1938
2026-08-18 18:29:33.151,30231.5503
2026-08-18 18:29:33.563,30463.4016
2026-08-18 18:29:33.996,30704.705
2026-08-18 18:29:34.422,30944.2363
2026-08-18 18:29:34.835,31191.0265
2026-08-18 18:29:35.272,31442.1515
2026-08-18 18:29:35.686,31694.0387
2026-08-18 18:29:36.113,31942.6238
2026-08-18 18:29:36.542,32210.8977
2026-08-18 18:29:36.953,32465.7728
2026-08-18 18:29:37.366,32632.7083
2026-08-18 18:29:37.828,32412.3336
2026-08-18 18:29:38.251,32121.0993
2026-08-18 18:29:38.663,31863.5017
2026-08-18 18:29:39.077,31612.5716
2026-08-18 18:29:39.489,31363.2639
2026-08-18 18:29:39.915,31118.982
2026-08-18 18:29:40.334,30870.6145
2026-08-18 18:29:40.747,30629.1644
2026-08-18 18:29:41.179,30386.6281
2026-08-18 18:29:41.591,30152.2047
2026-08-18 18:29:42.026,29916.7169
2026-08-18 18:29:42.442,29687.9992
2026-08-18 18:29:42.855,29465.7401
2026-08-18 18:29:43.268,29248.7242
2026-08-18 18:29:43.684,29035.1044
2026-08-18 18:29:44.111,28824.7323
2026-08-18 18:29:44.573,28597.4889
2026-08-18 18:29:44.988,28414.1008
2026-08-18 18:29:45.414,28271.9428
2026-08-18 18:29:45.827,28176.1199
2026-08-18 18:29:46.245,28116.7826
2026-08-18 18:29:46.661,28075.333
2026-08-18 18:29:47.075,28044.889
2026-08-18 18:29:47.502,28021.1019
2026-08-18 18:29:47.922,28003.443
2026-08-18 18:29:48.336,28004.9042
2026-08-18 18:29:48.764,28023.1592
2026-08-18 18:29:49.195,28041.149
2026-08-18 18:29:49.606,28064.38
2026-08-18 18:29:50.022,28103.8548
2026-08-18 18:29:50.438,28171.069
2026-08-18 18:29:50.866,28279.8176
2026-08-18 18:29:51.293,28444.6644
2026-08-18 18:29:51.719,28628.5013
2026-08-18 18:29:52.132,28832.1177
2026-08-18 18:29:52.544,29038.4665
2026-08-18 18:29:52.968,29250.1352
2026-08-18 18:29:53.382,29470.7127
2026-08-18 18:29:53.796,29425.3215
2026-08-18 18:29:54.208,29205.0553
2026-08-18 18:29:54.621,28989.4531
2026-08-18 18:29:55.046,28778.1657
2026-08-18 18:29:55.540,28536.343
2026-08-18 18:29:55.953,28348.9875
2026-08-18 18:29:56.379,28203.7888
2026-08-18 18:29:56.797,28103.6303
2026-08-18 18:29:57.210,28041.7618
2026-08-18 18:29:57.623,28000.43
2026-08-18 18:29:58.036,27970.8336
2026-08-18 18:29:58.469,27947.736
2026-08-18 18:29:58.883,27932.4335
2026-08-18 18:29:59.305,27942.6608
2026-08-18 18:29:59.718,27962.3039
2026-08-18 18:30:00.131,27987.0085
2026-08-18 18:30:00.543,28022.1727
2026-08-18 18:30:01.005,28076.7795
2026-08-18 18:30:01.422,28178.8838
2026-08-18 18:30:01.836,28314.8191
2026-08-18 18:30:02.259,28486.2962
2026-08-18 18:30:02.671,28683.2384
2026-08-18 18:30:03.083,28886.7988
2026-08-18 18:30:03.515,29103.5835
2026-08-18 18:30:03.928,29320.777
2026-08-18 18:30:04.354,29498.9217
2026-08-18 18:30:04.767,29339.1721
2026-08-18 18:30:05.185,29122.4809
2026-08-18 18:30:05.614,28906.5378
2026-08-18 18:30:06.041,28691.2252
2026-08-18 18:30:06.452,28488.2532
2026-08-18 18:30:06.870,28312.0763
2026-08-18 18:30:07.296,28171.5669
2026-08-18 18:30:07.718,28077.2726
2026-08-18 18:30:08.131,28018.8721
2026-08-18 18:30:08.552,27980.5173
2026-08-18 18:30:08.965,27952.3386
2026-08-18 18:30:09.378,27932.22
2026-08-18 18:30:09.848,27922.6237
2026-08-18 18:30:10.263,27939.7951
2026-08-18 18:30:10.676,27961.9929
2026-08-18 18:30:11.089,27991.6242
2026-08-18 18:30:11.549,28034.7574
2026-08-18 18:30:11.976,28113.5342
2026-08-18 18:30:12.388,28228.0037
2026-08-18 18:30:12.799,28381.4927
2026-08-18 18:30:13.212,28563.0131
2026-08-18 18:30:13.623,28759.7207
2026-08-18 18:30:14.050,28966.5816
2026-08-18 18:30:14.462,29187.0185
2026-08-18 18:30:14.889,29404.4856
2026-08-18 18:30:15.303,29515.1769
2026-08-18 18:30:15.716,29308.0813
2026-08-18 18:30:16.193,29062.6475
2026-08-18 18:30:16.619,28844.521
2026-08-18 18:30:17.032,28633.4574
2026-08-18 18:30:17.453,28440.6926
2026-08-18 18:30:17.866,28268.1505
2026-08-18 18:30:18.292,28142.0432
2026-08-18 18:30:18.704,28058.8189
2026-08-18 18:30:19.117,28007.0498
2026-08-18 18:30:19.537,27971.358
2026-08-18 18:30:19.950,27945.0876
2026-08-18 18:30:20.363,27926.2186
2026-08-18 18:30:20.776,27917.9588
2026-08-18 18:30:21.188,27917.9674
2026-08-18 18:30:21.601,27918.6225
2026-08-18 18:30:22.027,27919.2075
2026-08-18 18:30:22.493,27918.7294
2026-08-18 18:30:22.906,27917.9243
2026-08-18 18:30:23.319,27916.7926
2026-08-18 18:30:23.731,27915.6379
2026-08-18 18:30:24.149,27914.7947
2026-08-18 18:30:24.578,27913.6277
2026-08-18 18:30:25.011,27912.6567
2026-08-18 18:30:25.438,27911.5137
2026-08-18 18:30:25.851,27921.5999
2026-08-18 18:30:26.268,27943.7349
2026-08-18 18:30:26.683,27971.8614
2026-08-18 18:30:27.105,28010.8763
2026-08-18 18:30:27.520,28070.0984
2026-08-18 18:30:27.933,28160.21
2026-08-18 18:30:28.364,28294.5303
2026-08-18 18:30:28.787,28462.417
2026-08-18 18:30:29.211,28655.3074
2026-08-18 18:30:29.625,28861.8748
2026-08-18 18:30:30.039,29070.6681
2026-08-18 18:30:30.452,29285.0143
2026-08-18 18:30:30.917,29531.4016
2026-08-18 18:30:31.346,29753.5945
2026-08-18 18:30:31.757,29986.9447
2026-08-18 18:30:32.172,30216.1065
2026-08-18 18:30:32.584,30448.4504
2026-08-18 18:30:33.007,30683.1523
2026-08-18 18:30:33.418,30926.885
2026-08-18 18:30:33.833,31167.486
2026-08-18 18:30:34.248,31412.3843
2026-08-18 18:30:34.660,31661.1393
2026-08-18 18:30:35.125,31941.8591
2026-08-18 18:30:35.557,32202.4129
2026-08-18 18:30:35.984,32460.277
2026-08-18 18:30:36.401,32688.9982
2026-08-18 18:30:36.830,32516.2589
2026-08-18 18:30:37.255,32251.1384
2026-08-18 18:30:37.669,31987.7054
2026-08-18 18:30:38.082,31735.2834
2026-08-18 18:30:38.503,31487.0655
2026-08-18 18:30:38.920,31236.4543
2026-08-18 18:30:39.335,30992.2018
2026-08-18 18:30:39.758,30751.8201
2026-08-18 18:30:40.184,30509.701
2026-08-18 18:30:40.598,30268.6814
2026-08-18 18:30:41.012,30036.9453
2026-08-18 18:30:41.428,29808.8842
2026-08-18 18:30:41.841,29583.2419
2026-08-18 18:30:42.257,29362.8025
2026-08-18 18:30:42.669,29144.1707
2026-08-18 18:30:43.083,28930.7799
2026-08-18 18:30:43.543,28701.5462
2026-08-18 18:30:43.955,28510.6698
2026-08-18 18:30:44.374,28351.6281
2026-08-18 18:30:44.787,28239.9161
2026-08-18 18:30:45.200,28170.4468
2026-08-18 18:30:45.678,28118.6296
2026-08-18 18:30:46.094,28085.267
2026-08-18 18:30:46.520,28060.523
2026-08-18 18:30:46.937,28040.6226
2026-08-18 18:30:47.353,28032.9771
2026-08-18 18:30:47.767,28045.8326
2026-08-18 18:30:48.180,28061.874
2026-08-18 18:30:48.592,28084.7698
2026-08-18 18:30:49.015,28119.9935
2026-08-18 18:30:49.427,28179.6783
2026-08-18 18:30:49.858,28275.7828
2026-08-18 18:30:50.278,28424.8177
2026-08-18 18:30:50.690,28605.1708
2026-08-18 18:30:51.103,28800.8071
2026-08-18 18:30:51.518,29007.0716
2026-08-18 18:30:51.961,29220.4608
2026-08-18 18:30:52.382,29452.4974
2026-08-18 18:30:52.796,29530.188
2026-08-18 18:30:53.208,29313.5647
2026-08-18 18:30:53.622,29094.993
2026-08-18 18:30:54.034,28881.245
2026-08-18 18:30:54.457,28674.3203
2026-08-18 18:30:54.870,28475.5427
2026-08-18 18:30:55.288,28308.8248
2026-08-18 18:30:55.714,28186.2208
2026-08-18 18:30:56.126,28107.2086
2026-08-18 18:30:56.544,28057.9196
2026-08-18 18:30:56.957,28022.7518
2026-08-18 18:30:57.370,27997.3392
2026-08-18 18:30:57.792,27978.0664
2026-08-18 18:30:58.212,27973.8916
2026-08-18 18:30:58.627,27991.0916
2026-08-18 18:30:59.040,28012.1627
2026-08-18 18:30:59.475,28042.5558
2026-08-18 18:30:59.892,28087.6774
2026-08-18 18:31:00.305,28159.6628
2026-08-18 18:31:00.719,28271.6582
2026-08-18 18:31:01.132,28426.8478
2026-08-18 18:31:01.545,28609.544
2026-08-18 18:31:01.959,28807.851
2026-08-18 18:31:02.420,29039.7802
2026-08-18 18:31:02.845,29253.087
2026-08-18 18:31:03.263,29475.9395
2026-08-18 18:31:03.677,29489.119
2026-08-18 18:31:04.090,29267.2634
2026-08-18 18:31:04.504,29049.2919
2026-08-18 18:31:04.983,28809.6119
2026-08-18 18:31:05.398,28600.1727
2026-08-18 18:31:05.811,28409.8738
2026-08-18 18:31:06.223,28252.2123
2026-08-18 18:31:06.652,28141.3468
2026-08-18 18:31:07.079,28068.2867
2026-08-18 18:31:07.491,28021.4091
2026-08-18 18:31:07.925,27989.1572
2026-08-18 18:31:08.339,27965.7418
2026-08-18 18:31:08.752,27949.4065
2026-08-18 18:31:09.164,27957.4462
2026-08-18 18:31:09.577,27977.3924
2026-08-18 18:31:10.004,28002.9445
2026-08-18 18:31:10.417,28039.9889
2026-08-18 18:31:10.843,28094.5653
2026-08-18 18:31:11.257,28185.2468
2026-08-18 18:31:11.670,28316.5464
2026-08-18 18:31:12.083,28484.9084
2026-08-18 18:31:12.495,28676.0492
2026-08-18 18:31:12.908,28878.146
2026-08-18 18:31:13.379,29114.5577
2026-08-18 18:31:13.792,29332.2012
2026-08-18 18:31:14.213,29536.6061
2026-08-18 18:31:14.626,29426.5639
2026-08-18 18:31:15.040,29205.1084
2026-08-18 18:31:15.458,28987.5124
2026-08-18 18:31:15.884,28773.8383
2026-08-18 18:31:16.300,28564.711
2026-08-18 18:31:16.715,28376.6899
2026-08-18 18:31:17.131,28222.3066
2026-08-18 18:31:17.576,28115.877
2026-08-18 18:31:17.988,28044.5342
2026-08-18 18:31:18.423,28000.0598
2026-08-18 18:31:18.837,27969.3036
2026-08-18 18:31:19.263,27946.9271
2026-08-18 18:31:19.678,27930.9639
2026-08-18 18:31:20.090,27929.4751
2026-08-18 18:31:20.503,27928.6762
2026-08-18 18:31:20.915,27928.7706
2026-08-18 18:31:21.328,27926.544
2026-08-18 18:31:21.755,27923.9932
2026-08-18 18:31:22.237,27922.0699
2026-08-18 18:31:22.665,27920.9071
2026-08-18 18:31:23.142,27919.8249
2026-08-18 18:31:23.554,27918.7
2026-08-18 18:31:23.980,27917.6085
2026-08-18 18:31:24.392,27916.5739
2026-08-18 18:31:24.813,27920.495
2026-08-18 18:31:25.232,27940.8467
2026-08-18 18:31:25.666,27967.5435
2026-08-18 18:31:26.081,28003.5038
2026-08-18 18:31:26.493,28055.807
2026-08-18 18:31:26.933,28138.4056
2026-08-18 18:31:27.360,28262.9149
2026-08-18 18:31:27.773,28427.8233
2026-08-18 18:31:28.206,28620.561
2026-08-18 18:31:28.618,28823.0791
2026-08-18 18:31:29.030,29029.8198
2026-08-18 18:31:29.446,29242.255
2026-08-18 18:31:29.858,29460.2615
2026-08-18 18:31:30.275,29680.404
2026-08-18 18:31:30.702,29906.7217
2026-08-18 18:31:31.116,30142.9348
2026-08-18 18:31:31.557,30374.6439
2026-08-18 18:31:31.971,30624.6807
2026-08-18 18:31:32.382,30860.9152
2026-08-18 18:31:32.795,31100.2274
2026-08-18 18:31:33.257,31342.1991
2026-08-18 18:31:33.675,31619.3031
2026-08-18 18:31:34.097,31867.7181
2026-08-18 18:31:34.510,32123.9447
2026-08-18 18:31:34.927,32377.1398
2026-08-18 18:31:35.340,32635.2757
2026-08-18 18:31:35.773,32601.1651
2026-08-18 18:31:36.186,32324.9317
2026-08-18 18:31:36.614,32055.9817
2026-08-18 18:31:37.026,31798.9378
2026-08-18 18:31:37.439,31545.9938
2026-08-18 18:31:37.861,31296.3488
2026-08-18 18:31:38.274,31044.4788
2026-08-18 18:31:38.698,30801.8104
2026-08-18 18:31:39.117,30555.0063
2026-08-18 18:31:39.530,30315.6569
2026-08-18 18:31:39.963,30082.5524
2026-08-18 18:31:40.397,29833.5666
2026-08-18 18:31:40.814,29604.2606
2026-08-18 18:31:41.227,29379.5288
2026-08-18 18:31:41.640,29160.5769
2026-08-18 18:31:42.055,28946.006
2026-08-18 18:31:42.469,28736.2383
2026-08-18 18:31:42.885,28537.3868
2026-08-18 18:31:43.298,28362.7394
2026-08-18 18:31:43.726,28230.4259
2026-08-18 18:31:44.162,28149.2814
2026-08-18 18:31:44.584,28093.6562
2026-08-18 18:31:44.998,28055.6337
2026-08-18 18:31:45.412,28027.3085
2026-08-18 18:31:45.825,28005.9604
2026-08-18 18:31:46.290,27989.0441
2026-08-18 18:31:46.703,27997.5372
2026-08-18 18:31:47.114,28012.0205
2026-08-18 18:31:47.536,28031.6676
2026-08-18 18:31:47.953,28061.6413
2026-08-18 18:31:48.398,28109.8809
2026-08-18 18:31:48.816,28197.1746
2026-08-18 18:31:49.228,28326.4055
2026-08-18 18:31:49.651,28492.853
2026-08-18 18:31:50.064,28688.5359
2026-08-18 18:31:50.483,28892.0154
2026-08-18 18:31:50.922,29113.8867
2026-08-18 18:31:51.338,29334.8831
2026-08-18 18:31:51.751,29506.0426
2026-08-18 18:31:52.163,29340.7633
2026-08-18 18:31:52.591,29113.6133
2026-08-18 18:31:53.013,28899.349
2026-08-18 18:31:53.439,28686.9128
2026-08-18 18:31:53.851,28485.3171
2026-08-18 18:31:54.270,28313.8983
2026-08-18 18:31:54.687,28182.5042
2026-08-18 18:31:55.113,28094.0146
2026-08-18 18:31:55.528,28034.3711
2026-08-18 18:31:55.941,27994.8319
2026-08-18 18:31:56.353,27967.104
2026-08-18 18:31:56.790,27948.1377
2026-08-18 18:31:57.219,27941.6717
2026-08-18 18:31:57.633,27955.0998
2026-08-18 18:31:58.047,27974.1083
2026-08-18 18:31:58.460,28001.762
2026-08-18 18:31:58.893,28042.7289
2026-08-18 18:31:59.306,28113.7632
2026-08-18 18:31:59.724,28224.0275
2026-08-18 18:32:00.139,28370.5832
2026-08-18 18:32:00.553,28547.7835
2026-08-18 18:32:00.993,28739.0476
2026-08-18 18:32:01.420,28956.4895
2026-08-18 18:32:01.833,29174.721
2026-08-18 18:32:02.245,29390.021
2026-08-18 18:32:02.658,29507.7054
2026-08-18 18:32:03.123,29280.115
2026-08-18 18:32:03.536,29058.8047
2026-08-18 18:32:03.949,28844.3277
2026-08-18 18:32:04.361,28637.3296
2026-08-18 18:32:04.774,28443.1175
2026-08-18 18:32:05.235,28254.2151
2026-08-18 18:32:05.648,28130.1513
2026-08-18 18:32:06.073,28051.4318
2026-08-18 18:32:06.486,27998.971
2026-08-18 18:32:06.898,27964.429
2026-08-18 18:32:07.332,27940.0892
2026-08-18 18:32:07.751,27919.4101
2026-08-18 18:32:08.178,27917.7859
2026-08-18 18:32:08.590,27938.5581
2026-08-18 18:32:09.009,27962.9705
2026-08-18 18:32:09.425,27997.3416
2026-08-18 18:32:09.838,28046.3626
2026-08-18 18:32:10.253,28125.2758
2026-08-18 18:32:10.670,28246.7002
2026-08-18 18:32:11.096,28409.0937
2026-08-18 18:32:11.562,28622.7945
2026-08-18 18:32:11.979,28829.2789
2026-08-18 18:32:12.391,29041.0915
2026-08-18 18:32:12.808,29254.5326
2026-08-18 18:32:13.224,29474.2352
2026-08-18 18:32:13.637,29449.6564
2026-08-18 18:32:14.049,29227.6671
2026-08-18 18:32:14.464,29011.9917
2026-08-18 18:32:14.889,28799.1923
2026-08-18 18:32:15.302,28589.1783
2026-08-18 18:32:15.745,28398.4818
2026-08-18 18:32:16.157,28226.579
2026-08-18 18:32:16.570,28113.2534
2026-08-18 18:32:16.995,28041.1588
2026-08-18 18:32:17.407,27993.6015
2026-08-18 18:32:17.887,27957.9474
2026-08-18 18:32:18.300,27933.7172
2026-08-18 18:32:18.715,27917.0907
2026-08-18 18:32:19.127,27915.2015
2026-08-18 18:32:19.539,27914.6015
2026-08-18 18:32:19.963,27915.5179
2026-08-18 18:32:20.377,27914.5437
2026-08-18 18:32:20.789,27912.6516
2026-08-18 18:32:21.202,27910.6417
2026-08-18 18:32:21.614,27909.0361
2026-08-18 18:32:22.079,27907.3383
2026-08-18 18:32:22.492,27905.8395
2026-08-18 18:32:22.906,27904.5111
2026-08-18 18:32:23.327,27903.6748
2026-08-18 18:32:23.753,27903.7823
2026-08-18 18:32:24.173,27919.6361
2026-08-18 18:32:24.587,27943.7972
2026-08-18 18:32:25.014,27976.0608
2026-08-18 18:32:25.439,28020.4803
2026-08-18 18:32:25.867,28090.3438
2026-08-18 18:32:26.280,28198.5628
2026-08-18 18:32:26.694,28346.8389
2026-08-18 18:32:27.116,28523.1512
2026-08-18 18:32:27.528,28718.946
2026-08-18 18:32:27.954,28921.3686
2026-08-18 18:32:28.383,29138.343
2026-08-18 18:32:28.817,29368.9618
2026-08-18 18:32:29.233,29591.3758
2026-08-18 18:32:29.651,29815.1137
2026-08-18 18:32:30.064,30043.5377
2026-08-18 18:32:30.484,30272.1972
2026-08-18 18:32:30.898,30508.6041
2026-08-18 18:32:31.326,30743.9858
2026-08-18 18:32:31.739,30991.8816
2026-08-18 18:32:32.159,31234.9117
2026-08-18 18:32:32.603,31483.0761
2026-08-18 18:32:33.016,31748.9359
2026-08-18 18:32:33.450,32009.5245
2026-08-18 18:32:33.865,32267.1438
2026-08-18 18:32:34.278,32525.8005
2026-08-18 18:32:34.706,32671.0395
2026-08-18 18:32:35.123,32431.5452
2026-08-18 18:32:35.551,32169.316
2026-08-18 18:32:35.963,31904.0895
2026-08-18 18:32:36.375,31651.3279
2026-08-18 18:32:36.797,31401.6576
2026-08-18 18:32:37.223,31149.3091
2026-08-18 18:32:37.635,30898.2162
2026-08-18 18:32:38.050,30658.2943
2026-08-18 18:32:38.462,30419.716
2026-08-18 18:32:38.904,30185.5465
2026-08-18 18:32:39.318,29937.8739
2026-08-18 18:32:39.731,29710.4387
2026-08-18 18:32:40.144,29486.3685
2026-08-18 18:32:40.557,29266.5943
2026-08-18 18:32:40.974,29051.0695
2026-08-18 18:32:41.466,28798.4391
2026-08-18 18:32:41.880,28596.2807
2026-08-18 18:32:42.293,28414.7942
2026-08-18 18:32:42.718,28272.693
2026-08-18 18:32:43.144,28177.3158
2026-08-18 18:32:43.556,28116.1621
2026-08-18 18:32:43.968,28074.9029
2026-08-18 18:32:44.381,28043.8744
2026-08-18 18:32:44.843,28020.0427
2026-08-18 18:32:45.260,27999.3937
2026-08-18 18:32:45.673,28000.7642
2026-08-18 18:32:46.095,28014.4967
2026-08-18 18:32:46.511,28032.9406
2026-08-18 18:32:46.926,28059.5785
2026-08-18 18:32:47.343,28101.3912
2026-08-18 18:32:47.771,28171.3393
2026-08-18 18:32:48.184,28288.0394
2026-08-18 18:32:48.604,28444.635
2026-08-18 18:32:49.019,28634.3814
2026-08-18 18:32:49.445,28838.4249
2026-08-18 18:32:49.856,29055.8889
2026-08-18 18:32:50.283,29278.3452
2026-08-18 18:32:50.709,29495.8384
2026-08-18 18:32:51.122,29434.3209
2026-08-18 18:32:51.547,29212.4437
2026-08-18 18:32:51.959,28988.9879
2026-08-18 18:32:52.379,28777.1688
2026-08-18 18:32:52.791,28569.9272
2026-08-18 18:32:53.203,28384.2105
2026-08-18 18:32:53.642,28232.5498
2026-08-18 18:32:54.069,28123.6293
2026-08-18 18:32:54.481,28057.5897
2026-08-18 18:32:54.893,28015.3145
2026-08-18 18:32:55.318,27985.5298
2026-08-18 18:32:55.753,27963.3775
2026-08-18 18:32:56.166,27947.7674
2026-08-18 18:32:56.579,27957.5416
2026-08-18 18:32:57.005,27976.4232
2026-08-18 18:32:57.425,28002.0501
2026-08-18 18:32:57.852,28038.3844
2026-08-18 18:32:58.265,28095.7243
2026-08-18 18:32:58.693,28188.285
2026-08-18 18:32:59.115,28322.3014
2026-08-18 18:32:59.531,28498.0268
2026-08-18 18:32:59.965,28692.6248
2026-08-18 18:33:00.377,28907.8136
2026-08-18 18:33:00.791,29120.2622
2026-08-18 18:33:01.203,29337.9266
2026-08-18 18:33:01.638,29536.0448
2026-08-18 18:33:02.064,29391.9604
2026-08-18 18:33:02.479,29163.8513
2026-08-18 18:33:02.895,28945.7439
2026-08-18 18:33:03.308,28733.5212
2026-08-18 18:33:03.720,28532.3769
2026-08-18 18:33:04.182,28330.2284
2026-08-18 18:33:04.594,28189.5324
2026-08-18 18:33:05.007,28096.0245
2026-08-18 18:33:05.420,28036.612
2026-08-18 18:33:05.848,27995.4308
2026-08-18 18:33:06.283,27967.1268
2026-08-18 18:33:06.712,27944.6929
2026-08-18 18:33:07.125,27935.1223
2026-08-18 18:33:07.536,27951.2215
2026-08-18 18:33:07.948,27972.4193
2026-08-18 18:33:08.384,28001.9217
2026-08-18 18:33:08.799,28045.1338
2026-08-18 18:33:09.211,28112.6238
2026-08-18 18:33:09.637,28217.9058
2026-08-18 18:33:10.048,28371.2689
2026-08-18 18:33:10.498,28550.9639
2026-08-18 18:33:10.913,28766.1223
2026-08-18 18:33:11.328,28974.1532
2026-08-18 18:33:11.742,29188.2595
2026-08-18 18:33:12.156,29405.4616
2026-08-18 18:33:12.572,29529.7156
2026-08-18 18:33:12.985,29327.8405
2026-08-18 18:33:13.400,29107.8858
2026-08-18 18:33:13.812,28890.8531
2026-08-18 18:33:14.226,28681.9692
2026-08-18 18:33:14.637,28483.3033
2026-08-18 18:33:15.072,28300.746
2026-08-18 18:33:15.502,28163.2401
2026-08-18 18:33:15.918,28071.7112
2026-08-18 18:33:16.331,28015.8977
2026-08-18 18:33:16.745,27978.5836
2026-08-18 18:33:17.157,27951.4131
2026-08-18 18:33:17.617,27929.7899
2026-08-18 18:33:18.030,27920.8818
2026-08-18 18:33:18.453,27921.2615
2026-08-18 18:33:18.865,27921.6621
2026-08-18 18:33:19.278,27921.3541
2026-08-18 18:33:19.691,27919.0067
2026-08-18 18:33:20.163,27917.3841
2026-08-18 18:33:20.623,27916.5102
2026-08-18 18:33:21.068,27915.296
2026-08-18 18:33:21.487,27913.8065
2026-08-18 18:33:21.899,27912.597
2026-08-18 18:33:22.318,27911.2767
2026-08-18 18:33:22.731,27909.9135
2026-08-18 18:33:23.152,27920.9007
2026-08-18 18:33:23.565,27944.0768
2026-08-18 18:33:23.988,27972.8497
2026-08-18 18:33:24.400,28013.8714
2026-08-18 18:33:24.827,28075.5811
2026-08-18 18:33:25.249,28167.7077
2026-08-18 18:33:25.661,28304.4177
2026-08-18 18:33:26.075,28473.6743
2026-08-18 18:33:26.509,28671.4755
2026-08-18 18:33:26.936,28877.3902
2026-08-18 18:33:27.364,29094.5871
2026-08-18 18:33:27.783,29317.3958
2026-08-18 18:33:28.209,29540.0062
2026-08-18 18:33:28.626,29770.0253
2026-08-18 18:33:29.052,29998.1111
2026-08-18 18:33:29.468,30234.9578
2026-08-18 18:33:29.881,30468.442
2026-08-18 18:33:30.298,30705.4333
2026-08-18 18:33:30.710,30946.7372
2026-08-18 18:33:31.130,31189.0067
2026-08-18 18:33:31.557,31439.7344
2026-08-18 18:33:31.976,31696.8453
2026-08-18 18:33:32.406,31953.2386
2026-08-18 18:33:32.832,32218.6398
2026-08-18 18:33:33.244,32483.9929
2026-08-18 18:33:33.658,32713.1699
2026-08-18 18:33:34.074,32556.8779
2026-08-18 18:33:34.514,32293.0525
2026-08-18 18:33:34.939,32016.8103
2026-08-18 18:33:35.354,31752.8483
2026-08-18 18:33:35.767,31498.7028
2026-08-18 18:33:36.194,31249.1368
2026-08-18 18:33:36.616,30996.3194
2026-08-18 18:33:37.028,30748.8602
2026-08-18 18:33:37.454,30511.1641
2026-08-18 18:33:37.868,30268.5324
2026-08-18 18:33:38.282,30035.7046
2026-08-18 18:33:38.722,29806.6719
2026-08-18 18:33:39.143,29566.2828
2026-08-18 18:33:39.558,29339.5309
2026-08-18 18:33:39.986,29120.4071
2026-08-18 18:33:40.398,28899.2014
2026-08-18 18:33:40.822,28693.768
2026-08-18 18:33:41.235,28497.7464
2026-08-18 18:33:41.649,28339.2873
2026-08-18 18:33:42.062,28229.2487
2026-08-18 18:33:42.474,28159.7469
2026-08-18 18:33:42.897,28112.3432
2026-08-18 18:33:43.388,28071.4828
2026-08-18 18:33:43.800,28046.5367
2026-08-18 18:33:44.227,28026.8763
2026-08-18 18:33:44.640,28019.8526
2026-08-18 18:33:45.067,28033.9803
2026-08-18 18:33:45.496,28052.4312
2026-08-18 18:33:45.908,28077.0192
2026-08-18 18:33:46.321,28114.539
2026-08-18 18:33:46.747,28175.3271
2026-08-18 18:33:47.169,28278.3931
2026-08-18 18:33:47.594,28428.2178
2026-08-18 18:33:48.008,28614.2172
2026-08-18 18:33:48.421,28813.1102
2026-08-18 18:33:48.847,29028.9305
2026-08-18 18:33:49.276,29243.5009
2026-08-18 18:33:49.689,29470.9571
2026-08-18 18:33:50.107,29516.0208
2026-08-18 18:33:50.520,29290.811
2026-08-18 18:33:50.932,29071.6872
2026-08-18 18:33:51.360,28856.5788
2026-08-18 18:33:51.842,28608.7425
2026-08-18 18:33:52.255,28419.4253
2026-08-18 18:33:52.683,28263.6908
2026-08-18 18:33:53.102,28153.1595
2026-08-18 18:33:53.520,28085.5799
2026-08-18 18:33:53.947,28041.2493
2026-08-18 18:33:54.365,28009.2351
2026-08-18 18:33:54.779,27986.1138
2026-08-18 18:33:55.206,27968.7266
2026-08-18 18:33:55.630,27974.041
2026-08-18 18:33:56.055,27992.4759
2026-08-18 18:33:56.467,28016.3671
2026-08-18 18:33:56.896,28051.2875
2026-08-18 18:33:57.317,28103.3147
2026-08-18 18:33:57.742,28188.1011
2026-08-18 18:33:58.170,28324.6313
2026-08-18 18:33:58.585,28493.4556
2026-08-18 18:33:58.997,28684.9631
2026-08-18 18:33:59.409,28888.8568
2026-08-18 18:33:59.845,29099.6479
2026-08-18 18:34:00.256,29327.1451
2026-08-18 18:34:00.669,29536.2472
2026-08-18 18:34:01.083,29441.6679
2026-08-18 18:34:01.496,29219.018
2026-08-18 18:34:01.969,28976.1979
2026-08-18 18:34:02.386,28758.5683
2026-08-18 18:34:02.801,28554.69
2026-08-18 18:34:03.213,28370.1658
2026-08-18 18:34:03.626,28222.6039
2026-08-18 18:34:04.057,28122.0724
2026-08-18 18:34:04.488,28054.4666
2026-08-18 18:34:04.900,28013.0048
2026-08-18 18:34:05.326,27983.7928
2026-08-18 18:34:05.741,27962.025
2026-08-18 18:34:06.156,27949.0297
2026-08-18 18:34:06.568,27962.5152
2026-08-18 18:34:06.999,27984.23
2026-08-18 18:34:07.412,28012.6014
2026-08-18 18:34:07.844,28054.471
2026-08-18 18:34:08.258,28118.426
2026-08-18 18:34:08.671,28217.9283
2026-08-18 18:34:09.111,28367.2069
2026-08-18 18:34:09.524,28551.1583
2026-08-18 18:34:09.937,28748.1996
2026-08-18 18:34:10.350,28955.5575
2026-08-18 18:34:10.762,29169.2369
2026-08-18 18:34:11.180,29387.259
2026-08-18 18:34:11.684,29556.276
2026-08-18 18:34:12.096,29348.3094
2026-08-18 18:34:12.509,29129.1003
2026-08-18 18:34:12.935,28913.6761
2026-08-18 18:34:13.350,28697.7538
2026-08-18 18:34:13.762,28498.3571
2026-08-18 18:34:14.176,28322.1768
2026-08-18 18:34:14.590,28187.1379
2026-08-18 18:34:15.007,28099.2377
2026-08-18 18:34:15.435,28042.9491
2026-08-18 18:34:15.915,27999.2261
2026-08-18 18:34:16.330,27973.9694
2026-08-18 18:34:16.743,27955.002
2026-08-18 18:34:17.156,27946.8616
2026-08-18 18:34:17.587,27946.9879
2026-08-18 18:34:18.014,27947.6884
2026-08-18 18:34:18.430,27947.2682
2026-08-18 18:34:18.846,27945.6431
2026-08-18 18:34:19.262,27944.6089
2026-08-18 18:34:19.676,27943.617
2026-08-18 18:34:20.099,27942.8653
2026-08-18 18:34:20.525,27942.1249
2026-08-18 18:34:20.938,27941.3852
2026-08-18 18:34:21.353,27940.4789
2026-08-18 18:34:21.766,27939.8049
2026-08-18 18:34:22.179,27947.7198
2026-08-18 18:34:22.678,27969.9217
2026-08-18 18:34:23.111,28005.9679
2026-08-18 18:34:23.525,28047.9551
2026-08-18 18:34:23.938,28109.2639
2026-08-18 18:34:24.354,28202.7092
2026-08-18 18:34:24.772,28338.0132
2026-08-18 18:34:25.185,28509.8301
2026-08-18 18:34:25.599,28700.9546
2026-08-18 18:34:26.012,28904.4543
2026-08-18 18:34:26.472,29115.5376
2026-08-18 18:34:26.921,29355.8683
2026-08-18 18:34:27.335,29594.9512
2026-08-18 18:34:27.747,29818.8316
2026-08-18 18:34:28.159,30045.4782
2026-08-18 18:34:28.586,30276.4831
2026-08-18 18:34:29.010,30518.9291
2026-08-18 18:34:29.421,30761.1554
2026-08-18 18:34:29.842,31000.441
2026-08-18 18:34:30.255,31247.3353
2026-08-18 18:34:30.682,31493.2792
2026-08-18 18:34:31.106,31749.9629
2026-08-18 18:34:31.520,32008.4728
2026-08-18 18:34:31.932,32263.0695
2026-08-18 18:34:32.345,32519.329
2026-08-18 18:34:32.814,32747.8408
2026-08-18 18:34:33.245,32551.566
2026-08-18 18:34:33.658,32279.6624
2026-08-18 18:34:34.070,32019.0161
2026-08-18 18:34:34.483,31762.7485
2026-08-18 18:34:34.896,31508.5604
2026-08-18 18:34:35.325,31259.8982
2026-08-18 18:34:35.738,31003.3248
2026-08-18 18:34:36.150,30760.4617
2026-08-18 18:34:36.562,30521.2786
2026-08-18 18:34:36.981,30284.7318
2026-08-18 18:34:37.407,30047.2064
2026-08-18 18:34:37.898,29766.5804
2026-08-18 18:34:38.310,29540.9698
2026-08-18 18:34:38.746,29312.0469
2026-08-18 18:34:39.173,29089.1189
2026-08-18 18:34:39.584,28869.3335
2026-08-18 18:34:39.997,28665.3934
2026-08-18 18:34:40.417,28478.6779
2026-08-18 18:34:40.831,28325.5014
2026-08-18 18:34:41.258,28221.7265
2026-08-18 18:34:41.689,28158.1074
2026-08-18 18:34:42.103,28112.6244
2026-08-18 18:34:42.524,28081.204
2026-08-18 18:34:42.937,28056.6834
2026-08-18 18:34:43.364,28037.6902
2026-08-18 18:34:43.795,28033.8008
2026-08-18 18:34:44.208,28048.2799
2026-08-18 18:34:44.628,28065.9059
2026-08-18 18:34:45.040,28091.6618
2026-08-18 18:34:45.454,28130.9259
2026-08-18 18:34:45.898,28195.4752
2026-08-18 18:34:46.324,28313.8369
2026-08-18 18:34:46.737,28467.189
2026-08-18 18:34:47.151,28651.4294
2026-08-18 18:34:47.573,28852.4587
2026-08-18 18:34:48.002,29068.1333
2026-08-18 18:34:48.414,29292.6973
2026-08-18 18:34:48.835,29511.9858
2026-08-18 18:34:49.251,29505.9368
2026-08-18 18:34:49.668,29280.4978
2026-08-18 18:34:50.097,29059.0266
2026-08-18 18:34:50.525,28829.8017
2026-08-18 18:34:50.939,28625.235
2026-08-18 18:34:51.363,28437.5843
2026-08-18 18:34:51.789,28278.9302
2026-08-18 18:34:52.201,28170.3216
2026-08-18 18:34:52.612,28105.0653
2026-08-18 18:34:53.026,28061.5365
2026-08-18 18:34:53.438,28030.5501
2026-08-18 18:34:53.867,28007.0957
2026-08-18 18:34:54.297,27990.3453
2026-08-18 18:34:54.730,27998.6423
2026-08-18 18:34:55.142,28018.4091
2026-08-18 18:34:55.577,28043.4375
2026-08-18 18:34:55.996,28079.6745
2026-08-18 18:34:56.410,28134.6951
2026-08-18 18:34:56.823,28222.3854
2026-08-18 18:34:57.243,28352.9439
2026-08-18 18:34:57.657,28525.2454
2026-08-18 18:34:58.070,28719.4879
2026-08-18 18:34:58.482,28925.2564
2026-08-18 18:34:58.895,29138.7706
2026-08-18 18:34:59.331,29364.4795
2026-08-18 18:34:59.747,29584.588
2026-08-18 18:35:00.162,29502.5091
2026-08-18 18:35:00.588,29279.3812
2026-08-18 18:35:01.008,29054.3328
2026-08-18 18:35:01.441,28838.1229
2026-08-18 18:35:01.854,28623.8719
2026-08-18 18:35:02.266,28436.1829
2026-08-18 18:35:02.679,28282.747
2026-08-18 18:35:03.095,28176.596
2026-08-18 18:35:03.570,28102.8513
2026-08-18 18:35:03.985,28059.1409
2026-08-18 18:35:04.400,28029.3643
2026-08-18 18:35:04.812,28007.6682
2026-08-18 18:35:05.225,27993.4499
2026-08-18 18:35:05.658,28007.2395
2026-08-18 18:35:06.072,28029.878
2026-08-18 18:35:06.486,28059.7609
2026-08-18 18:35:06.898,28102.069
2026-08-18 18:35:07.312,28162.5336
2026-08-18 18:35:07.724,28257.5473
2026-08-18 18:35:08.154,28398.8006
2026-08-18 18:35:08.581,28579.2156
2026-08-18 18:35:08.993,28782.1228
2026-08-18 18:35:09.420,28988.934
2026-08-18 18:35:09.833,29210.8772
2026-08-18 18:35:10.250,29430.3836
2026-08-18 18:35:10.683,29622.328
2026-08-18 18:35:11.095,29467.1435
2026-08-18 18:35:11.521,29245.0729
2026-08-18 18:35:11.935,29021.6666
2026-08-18 18:35:12.351,28810.1917
2026-08-18 18:35:12.779,28607.5151
2026-08-18 18:35:13.191,28417.8259
2026-08-18 18:35:13.623,28269.3728
2026-08-18 18:35:14.036,28172.6398
2026-08-18 18:35:14.450,28112.3291
2026-08-18 18:35:14.881,28071.665
2026-08-18 18:35:15.293,28041.7707
2026-08-18 18:35:15.706,28020.9206
2026-08-18 18:35:16.125,28006.2066
2026-08-18 18:35:16.551,28005.0012
2026-08-18 18:35:17.007,28004.8569
2026-08-18 18:35:17.431,28004.412
2026-08-18 18:35:17.844,28002.5411
2026-08-18 18:35:18.263,28000.5591
2026-08-18 18:35:18.677,27998.9994
2026-08-18 18:35:19.093,27997.7596
2026-08-18 18:35:19.508,27996.4332
2026-08-18 18:35:19.921,27996.2283
2026-08-18 18:35:20.347,27995.8002
2026-08-18 18:35:20.760,27995.162
2026-08-18 18:35:21.172,27998.4398
2026-08-18 18:35:21.598,28018.3302
2026-08-18 18:35:22.015,28045.3949
2026-08-18 18:35:22.438,28080.4202
2026-08-18 18:35:22.851,28132.5755
2026-08-18 18:35:23.277,28213.092
2026-08-18 18:35:23.689,28329.8526
2026-08-18 18:35:24.101,28485.7798
2026-08-18 18:35:24.563,28668.8741
2026-08-18 18:35:24.980,28895.967
2026-08-18 18:35:25.393,29105.7003
2026-08-18 18:35:25.806,29322.0367
2026-08-18 18:35:26.219,29542.5611
2026-08-18 18:35:26.646,29775.1768
2026-08-18 18:35:27.067,30003.0416
2026-08-18 18:35:27.480,30239.2452
2026-08-18 18:35:27.893,30473.5466
2026-08-18 18:35:28.305,30710.5431
2026-08-18 18:35:28.719,30950.8714
2026-08-18 18:35:29.215,31194.7995
2026-08-18 18:35:29.630,31493.1063
2026-08-18 18:35:30.066,31751.7351
2026-08-18 18:35:30.480,32010.3469
2026-08-18 18:35:30.906,32266.5215
2026-08-18 18:35:31.328,32533.8711
2026-08-18 18:35:31.740,32801.103
2026-08-18 18:35:32.153,32769.5187
2026-08-18 18:35:32.567,32505.6569
2026-08-18 18:35:32.994,32243.5041
2026-08-18 18:35:33.407,31975.7365
2026-08-18 18:35:33.845,31710.6529
2026-08-18 18:35:34.270,31452.4505
2026-08-18 18:35:34.683,31196.3894
2026-08-18 18:35:35.096,30950.5358
2026-08-18 18:35:35.508,30708.7967
2026-08-18 18:35:35.936,30470.8174
2026-08-18 18:35:36.349,30228.2497
2026-08-18 18:35:36.762,29996.9452
2026-08-18 18:35:37.183,29769.7461
2026-08-18 18:35:37.595,29541.2505
2026-08-18 18:35:38.009,29322.15
2026-08-18 18:35:38.422,29105.7368
2026-08-18 18:35:38.836,28894.731
2026-08-18 18:35:39.271,28694.5979
2026-08-18 18:35:39.685,28510.1538
2026-08-18 18:35:40.112,28380.0268
2026-08-18 18:35:40.524,28294.4915
2026-08-18 18:35:40.951,28240.8105
2026-08-18 18:35:41.373,28201.8134
2026-08-18 18:35:41.786,28173.2967
2026-08-18 18:35:42.197,28151.7082
2026-08-18 18:35:42.611,28135.1305
2026-08-18 18:35:43.023,28140.7399
2026-08-18 18:35:43.437,28155.5313
2026-08-18 18:35:43.849,28175.2179
2026-08-18 18:35:44.263,28204.0379
2026-08-18 18:35:44.686,28249.0692
2026-08-18 18:35:45.099,28325.6023
2026-08-18 18:35:45.513,28443.8144
2026-08-18 18:35:45.941,28612.2712
2026-08-18 18:35:46.359,28802.4483
2026-08-18 18:35:46.771,29010.1065
2026-08-18 18:35:47.197,29230.8101
2026-08-18 18:35:47.609,29449.1913
2026-08-18 18:35:48.023,29662.4022
2026-08-18 18:35:48.451,29573.2964
2026-08-18 18:35:48.865,29341.272
2026-08-18 18:35:49.302,29113.2505
2026-08-18 18:35:49.720,28891.8587
2026-08-18 18:35:50.136,28688.3429
2026-08-18 18:35:50.548,28502.7095
2026-08-18 18:35:50.961,28356.3402
2026-08-18 18:35:51.374,28258.2216
2026-08-18 18:35:51.786,28195.7638
2026-08-18 18:35:52.217,28154.1631
2026-08-18 18:35:52.630,28123.6496
2026-08-18 18:35:53.044,28102.132
2026-08-18 18:35:53.468,28087.5158
2026-08-18 18:35:53.882,28098.4802
2026-08-18 18:35:54.324,28118.3456
2026-08-18 18:35:54.748,28145.8895
2026-08-18 18:35:55.160,28184.2023
2026-08-18 18:35:55.578,28241.6254
2026-08-18 18:35:55.990,28334.8665
2026-08-18 18:35:56.417,28471.4434
2026-08-18 18:35:56.831,28652.4764
2026-08-18 18:35:57.256,28849.6103
2026-08-18 18:35:57.673,29063.6962
2026-08-18 18:35:58.086,29280.9576
2026-08-18 18:35:58.524,29500.4809
2026-08-18 18:35:58.946,29692.7823
2026-08-18 18:35:59.359,29527.7687
2026-08-18 18:35:59.784,29305.1334
2026-08-18 18:36:00.196,29080.4008
2026-08-18 18:36:00.626,28869.1002
2026-08-18 18:36:01.039,28659.5029
2026-08-18 18:36:01.457,28478.2937
2026-08-18 18:36:01.873,28334.8133
2026-08-18 18:36:02.287,28240.8625
2026-08-18 18:36:02.763,28175.1132
2026-08-18 18:36:03.176,28135.9833
2026-08-18 18:36:03.592,28108.7149
2026-08-18 18:36:04.004,28088.1909
2026-08-18 18:36:04.416,28078.8155
2026-08-18 18:36:04.844,28095.163
2026-08-18 18:36:05.255,28117.7309
2026-08-18 18:36:05.668,28146.9278
2026-08-18 18:36:06.094,28189.2562
2026-08-18 18:36:06.511,28257.8324
2026-08-18 18:36:06.939,28364.3396
2026-08-18 18:36:07.354,28520.0269
2026-08-18 18:36:07.779,28709.1047
2026-08-18 18:36:08.192,28908.049
2026-08-18 18:36:08.616,29117.2126
2026-08-18 18:36:09.035,29338.7685
2026-08-18 18:36:09.460,29561.753
2026-08-18 18:36:09.878,29696.6809
2026-08-18 18:36:10.290,29492.8634
2026-08-18 18:36:10.702,29272.2471
2026-08-18 18:36:11.163,29030.4387
2026-08-18 18:36:11.589,28813.1122
2026-08-18 18:36:12.015,28615.5888
2026-08-18 18:36:12.431,28436.4184
2026-08-18 18:36:12.843,28304.9191
2026-08-18 18:36:13.264,28220.459
2026-08-18 18:36:13.679,28165.1312
2026-08-18 18:36:14.094,28127.8086
2026-08-18 18:36:14.508,28100.9136
2026-08-18 18:36:14.922,28081.0618
2026-08-18 18:36:15.396,28071.9483
2026-08-18 18:36:15.809,28071.9742
2026-08-18 18:36:16.221,28072.3995
2026-08-18 18:36:16.639,28072.6413
2026-08-18 18:36:17.051,28071.2367
2026-08-18 18:36:17.486,28070.0106
2026-08-18 18:36:17.904,28069.0894
2026-08-18 18:36:18.319,28068.1425
2026-08-18 18:36:18.731,28067.264
2026-08-18 18:36:19.191,28066.3308
2026-08-18 18:36:19.608,28066.0074
2026-08-18 18:36:20.032,28065.5187
2026-08-18 18:36:20.446,28076.7651
2026-08-18 18:36:20.861,28099.9802
2026-08-18 18:36:21.274,28129.5785
2026-08-18 18:36:21.695,28170.1793
2026-08-18 18:36:22.115,28231.022
2026-08-18 18:36:22.526,28324.2213
2026-08-18 18:36:22.939,28456.4508
2026-08-18 18:36:23.352,28624.6436
2026-08-18 18:36:23.795,28816.1187
2026-08-18 18:36:24.215,29035.2081
2026-08-18 18:36:24.642,29251.0942
2026-08-18 18:36:25.055,29475.6873
2026-08-18 18:36:25.468,29697.4478
2026-08-18 18:36:25.908,29921.8224
2026-08-18 18:36:26.321,30165.5799
2026-08-18 18:36:26.738,30397.8524
2026-08-18 18:36:27.155,30635.4679
2026-08-18 18:36:27.571,30877.1267
2026-08-18 18:36:27.992,31120.6689
2026-08-18 18:36:28.482,31417.8911
2026-08-18 18:36:28.895,31666.0336
2026-08-18 18:36:29.307,31917.8403
2026-08-18 18:36:29.720,32171.0652
2026-08-18 18:36:30.140,32427.2541
2026-08-18 18:36:30.633,32740.1016
2026-08-18 18:36:31.045,32926.855
2026-08-18 18:36:31.457,32713.265
2026-08-18 18:36:31.918,32449.9348
2026-08-18 18:36:32.338,32154.6163
2026-08-18 18:36:32.752,31895.1228
2026-08-18 18:36:33.165,31639.8988
2026-08-18 18:36:33.578,31388.3356
2026-08-18 18:36:33.992,31140.9391
2026-08-18 18:36:34.408,30896.5887
2026-08-18 18:36:34.828,30653.1768
2026-08-18 18:36:35.241,30411.2058
2026-08-18 18:36:35.667,30169.383
2026-08-18 18:36:36.079,29938.9906
2026-08-18 18:36:36.509,29712.3296
2026-08-18 18:36:36.922,29480.2539
2026-08-18 18:36:37.336,29260.1028
2026-08-18 18:36:37.749,29045.1527
2026-08-18 18:36:38.216,28837.8297
2026-08-18 18:36:38.634,28622.6162
2026-08-18 18:36:39.061,28469.3604
2026-08-18 18:36:39.479,28371.1392
2026-08-18 18:36:39.891,28308.2616
2026-08-18 18:36:40.317,28262.1641
2026-08-18 18:36:40.736,28229.312
2026-08-18 18:36:41.148,28204.5929
2026-08-18 18:36:41.561,28185.1272
2026-08-18 18:36:41.974,28179.3116
2026-08-18 18:36:42.399,28192.4266
2026-08-18 18:36:42.829,28209.8346
2026-08-18 18:36:43.257,28235.4989
2026-08-18 18:36:43.674,28275.6811
2026-08-18 18:36:44.088,28340.5725
2026-08-18 18:36:44.514,28445.6483
2026-08-18 18:36:44.936,28601.1936
2026-08-18 18:36:45.349,28788.9702
2026-08-18 18:36:45.773,28989.5117
2026-08-18 18:36:46.185,29206.1848
2026-08-18 18:36:46.597,29422.8692
2026-08-18 18:36:47.033,29643.307
2026-08-18 18:36:47.451,29663.0891
2026-08-18 18:36:47.877,29433.874
2026-08-18 18:36:48.291,29205.8689
2026-08-18 18:36:48.704,28990.2299
2026-08-18 18:36:49.132,28783.0454
2026-08-18 18:36:49.548,28584.4673
2026-08-18 18:36:49.964,28425.1588
2026-08-18 18:36:50.377,28314.2039
2026-08-18 18:36:50.838,28245.1776
2026-08-18 18:36:51.255,28195.2088
2026-08-18 18:36:51.668,28164.3322
2026-08-18 18:36:52.080,28141.6293
2026-08-18 18:36:52.507,28124.611
2026-08-18 18:36:52.920,28131.1516
2026-08-18 18:36:53.347,28151.2112
2026-08-18 18:36:53.758,28175.7815
2026-08-18 18:36:54.171,28210.1054
2026-08-18 18:36:54.596,28261.8291
2026-08-18 18:36:55.009,28347.5959
2026-08-18 18:36:55.438,28474.9015
2026-08-18 18:36:55.852,28649.1337
2026-08-18 18:36:56.265,28841.3578
2026-08-18 18:36:56.678,29046.6556
2026-08-18 18:36:57.091,29259.3019
2026-08-18 18:36:57.518,29476.614
2026-08-18 18:36:57.934,29701.112
2026-08-18 18:36:58.407,29599.3357
2026-08-18 18:36:58.822,29371.8117
2026-08-18 18:36:59.234,29151.4382
2026-08-18 18:36:59.648,28938.1057
2026-08-18 18:37:00.060,28732.6108
2026-08-18 18:37:00.499,28545.6339
2026-08-18 18:37:00.923,28385.8635
2026-08-18 18:37:01.338,28282.4073
2026-08-18 18:37:01.750,28218.9692
2026-08-18 18:37:02.179,28176.104
2026-08-18 18:37:02.614,28145.7015
2026-08-18 18:37:03.030,28124.4069
2026-08-18 18:37:03.444,28111.3272
2026-08-18 18:37:03.868,28124.5434
2026-08-18 18:37:04.280,28146.6603
2026-08-18 18:37:04.717,28174.5115
2026-08-18 18:37:05.130,28217.2758
2026-08-18 18:37:05.543,28281.1727
2026-08-18 18:37:05.955,28380.9703
2026-08-18 18:37:06.433,28531.119
2026-08-18 18:37:06.861,28736.4543
2026-08-18 18:37:07.275,28940.8747
2026-08-18 18:37:07.687,29151.8086
2026-08-18 18:37:08.114,29374.7692
2026-08-18 18:37:08.528,29593.7752
2026-08-18 18:37:08.941,29732.9052
2026-08-18 18:37:09.353,29538.9196
2026-08-18 18:37:09.785,29316.5617
2026-08-18 18:37:10.198,29089.1052
2026-08-18 18:37:10.625,28877.2279
2026-08-18 18:37:11.037,28670.0725
2026-08-18 18:37:11.450,28492.3867
2026-08-18 18:37:11.863,28354.7323
2026-08-18 18:37:12.275,28265.5386
2026-08-18 18:37:12.688,28208.0865
2026-08-18 18:37:13.133,28166.2846
2026-08-18 18:37:13.559,28138.5531
2026-08-18 18:37:13.971,28117.9604
2026-08-18 18:37:14.386,28106.9867
2026-08-18 18:37:14.812,28106.533
2026-08-18 18:37:15.275,28105.5445
2026-08-18 18:37:15.708,28104.9469
2026-08-18 18:37:16.133,28102.8272
2026-08-18 18:37:16.546,28100.9765
2026-08-18 18:37:16.959,28098.9493
2026-08-18 18:37:17.394,28097.4362
2026-08-18 18:37:17.830,28096.4348
2026-08-18 18:37:18.257,28095.2824
2026-08-18 18:37:18.676,28094.7972
2026-08-18 18:37:19.087,28094.2758
2026-08-18 18:37:19.500,28103.4538
2026-08-18 18:37:19.912,28126.0301
2026-08-18 18:37:20.356,28156.9163
2026-08-18 18:37:20.780,28197.1158
2026-08-18 18:37:21.192,28258.1158
2026-08-18 18:37:21.611,28348.6307
2026-08-18 18:37:22.024,28481.9788
2026-08-18 18:37:22.448,28648.9895
2026-08-18 18:37:22.862,28845.0264
2026-08-18 18:37:23.279,29048.9031
2026-08-18 18:37:23.702,29262.3409
2026-08-18 18:37:24.116,29484.2455
2026-08-18 18:37:24.549,29712.549
2026-08-18 18:37:24.976,29940.8869
2026-08-18 18:37:25.394,30176.6759
2026-08-18 18:37:25.814,30411.4722
2026-08-18 18:37:26.232,30649.5738
2026-08-18 18:37:26.645,30888.0681
2026-08-18 18:37:27.057,31127.6145
2026-08-18 18:37:27.470,31370.731
2026-08-18 18:37:27.937,31648.1659
2026-08-18 18:37:28.349,31898.231
2026-08-18 18:37:28.762,32149.6913
2026-08-18 18:37:29.196,32412.126
2026-08-18 18:37:29.609,32673.8759
2026-08-18 18:37:30.051,32914.4568
2026-08-18 18:37:30.463,32761.5173
2026-08-18 18:37:30.891,32487.1089
2026-08-18 18:37:31.304,32226.0293
2026-08-18 18:37:31.717,31966.3746
2026-08-18 18:37:32.143,31702.5727
2026-08-18 18:37:32.556,31453.1555
2026-08-18 18:37:32.988,31206.4548
2026-08-18 18:37:33.418,30943.6628
2026-08-18 18:37:33.833,30703.1594
2026-08-18 18:37:34.246,30465.3156
2026-08-18 18:37:34.682,30223.8786
2026-08-18 18:37:35.118,29987.7558
2026-08-18 18:37:35.543,29748.0934
2026-08-18 18:37:35.958,29517.4613
2026-08-18 18:37:36.374,29296.7798
2026-08-18 18:37:36.800,29079.2219
2026-08-18 18:37:37.235,28865.018
2026-08-18 18:37:37.648,28664.354
2026-08-18 18:37:38.071,28508.7476
2026-08-18 18:37:38.484,28400.8393
2026-08-18 18:37:38.901,28334.0913
2026-08-18 18:37:39.315,28288.7234
2026-08-18 18:37:39.794,28252.045
2026-08-18 18:37:40.213,28226.9821
2026-08-18 18:37:40.627,28208.2416
2026-08-18 18:37:41.051,28202.8551
2026-08-18 18:37:41.469,28218.3356
2026-08-18 18:37:41.881,28237.1952
2026-08-18 18:37:42.297,28262.7003
2026-08-18 18:37:42.715,28301.3446
2026-08-18 18:37:43.127,28363.9197
2026-08-18 18:37:43.550,28464.0354
2026-08-18 18:37:44.013,28633.9915
2026-08-18 18:37:44.427,28819.7466
2026-08-18 18:37:44.839,29022.1938
2026-08-18 18:37:45.260,29232.5246
2026-08-18 18:37:45.687,29453.9765
2026-08-18 18:37:46.100,29682.5542
2026-08-18 18:37:46.514,29711.7676
2026-08-18 18:37:46.952,29485.0971
2026-08-18 18:37:47.375,29250.9292
2026-08-18 18:37:47.791,29029.7505
2026-08-18 18:37:48.205,28820.2825
2026-08-18 18:37:48.617,28628.3135
2026-08-18 18:37:49.035,28467.9856
2026-08-18 18:37:49.452,28353.0767
2026-08-18 18:37:49.870,28282.9413
2026-08-18 18:37:50.290,28237.0642
2026-08-18 18:37:50.703,28204.6925
2026-08-18 18:37:51.114,28181.4648
2026-08-18 18:37:51.527,28163.9376
2026-08-18 18:37:51.940,28165.4207
2026-08-18 18:37:52.365,28184.3067
2026-08-18 18:37:52.782,28208.3607
2026-08-18 18:37:53.198,28241.7009
2026-08-18 18:37:53.610,28291.2216
2026-08-18 18:37:54.025,28368.8439
2026-08-18 18:37:54.490,28508.4167
2026-08-18 18:37:54.917,28674.8917
2026-08-18 18:37:55.335,28873.9067
2026-08-18 18:37:55.748,29082.9281
2026-08-18 18:37:56.161,29297.4894
2026-08-18 18:37:56.574,29517.0829
2026-08-18 18:37:56.988,29739.3281
2026-08-18 18:37:57.401,29698.0301
2026-08-18 18:37:57.828,29474.2722
2026-08-18 18:37:58.241,29247.0749
2026-08-18 18:37:58.654,29032.6215
2026-08-18 18:37:59.081,28826.5505
2026-08-18 18:37:59.496,28628.8169
2026-08-18 18:37:59.923,28468.8848
2026-08-18 18:38:00.337,28354.4787
2026-08-18 18:38:00.756,28284.6091
2026-08-18 18:38:01.169,28238.8187
2026-08-18 18:38:01.582,28207.1105
2026-08-18 18:38:02.011,28184.4023
2026-08-18 18:38:02.422,28167.4632
2026-08-18 18:38:02.836,28175.7481
2026-08-18 18:38:03.263,28197.9172
2026-08-18 18:38:03.686,28224.8625
2026-08-18 18:38:04.151,28269.0024
2026-08-18 18:38:04.563,28329.9147
2026-08-18 18:38:04.983,28423.9858
2026-08-18 18:38:05.395,28564.9139
2026-08-18 18:38:05.815,28740.7597
2026-08-18 18:38:06.290,28967.772
2026-08-18 18:38:06.702,29181.6798
2026-08-18 18:38:07.134,29404.7537
2026-08-18 18:38:07.561,29629.4418
2026-08-18 18:38:08.038,29807.2448
2026-08-18 18:38:08.452,29606.2096
2026-08-18 18:38:08.954,29356.7932
2026-08-18 18:38:09.368,29118.8676
2026-08-18 18:38:09.780,28908.883
2026-08-18 18:38:10.194,28711.1226
2026-08-18 18:38:10.671,28518.6649
2026-08-18 18:38:11.084,28392.9043
2026-08-18 18:38:11.497,28315.2212
2026-08-18 18:38:11.920,28264.9898
2026-08-18 18:38:12.334,28229.244
2026-08-18 18:38:12.747,28204.1014
2026-08-18 18:38:13.179,28185.4656
2026-08-18 18:38:13.601,28178.9887
2026-08-18 18:38:14.013,28178.7258
2026-08-18 18:38:14.425,28179.3425
2026-08-18 18:38:14.846,28178.51
2026-08-18 18:38:15.265,28176.9758
2026-08-18 18:38:15.769,28175.396
2026-08-18 18:38:16.248,28174.2976
2026-08-18 18:38:16.660,28173.4314
2026-08-18 18:38:17.073,28172.3516
2026-08-18 18:38:17.500,28171.5609
2026-08-18 18:38:17.912,28170.7838
2026-08-18 18:38:18.327,28171.2774
2026-08-18 18:38:18.767,28187.8074
2026-08-18 18:38:19.178,28214.7149
2026-08-18 18:38:19.591,28248.075
2026-08-18 18:38:20.004,28294.5098
2026-08-18 18:38:20.416,28363.962
2026-08-18 18:38:20.840,28468.5584
2026-08-18 18:38:21.301,28618.7585
2026-08-18 18:38:21.719,28822.0098
2026-08-18 18:38:22.142,29021.5451
2026-08-18 18:38:22.568,29235.9982
2026-08-18 18:38:22.986,29459.5699
2026-08-18 18:38:23.400,29683.0939
2026-08-18 18:38:23.834,29914.9301
2026-08-18 18:38:24.260,30147.3588
2026-08-18 18:38:24.675,30386.2393
2026-08-18 18:38:25.088,30623.0773
2026-08-18 18:38:25.558,30862.7331
2026-08-18 18:38:25.989,31140.9836
2026-08-18 18:38:26.405,31394.0313
2026-08-18 18:38:26.818,31644.5842
2026-08-18 18:38:27.230,31896.3874
2026-08-18 18:38:27.649,32151.2735
2026-08-18 18:38:28.080,32412.8654
2026-08-18 18:38:28.493,32683.7153
2026-08-18 18:38:28.914,32945.3834
2026-08-18 18:38:29.328,33039.4213
2026-08-18 18:38:29.754,32771.1811
2026-08-18 18:38:30.167,32507.88
2026-08-18 18:38:30.612,32227.6119
2026-08-18 18:38:31.032,31970.5563
2026-08-18 18:38:31.446,31711.8627
2026-08-18 18:38:31.859,31460.1195
2026-08-18 18:38:32.272,31211.7789
2026-08-18 18:38:32.699,30967.4203
2026-08-18 18:38:33.115,30717.8015
2026-08-18 18:38:33.542,30478.5868
2026-08-18 18:38:33.955,30237.0899
2026-08-18 18:38:34.384,29997.9753
2026-08-18 18:38:34.811,29762.2237
2026-08-18 18:38:35.224,29538.9638
2026-08-18 18:38:35.644,29318.3162
2026-08-18 18:38:36.058,29100.9581
2026-08-18 18:38:36.473,28896.3242
2026-08-18 18:38:36.904,28712.9284
2026-08-18 18:38:37.323,28567.9533
2026-08-18 18:38:37.738,28477.8166
2026-08-18 18:38:38.150,28420.2952
2026-08-18 18:38:38.570,28380.3329
2026-08-18 18:38:39.030,28347.6155
2026-08-18 18:38:39.443,28325.9498
2026-08-18 18:38:39.859,28308.8535
2026-08-18 18:38:40.272,28310.9261
2026-08-18 18:38:40.685,28325.37
2026-08-18 18:38:41.098,28343.9834
2026-08-18 18:38:41.521,28370.8664
2026-08-18 18:38:41.935,28413.142
2026-08-18 18:38:42.351,28481.1552
2026-08-18 18:38:42.764,28591.6786
2026-08-18 18:38:43.177,28747.04
2026-08-18 18:38:43.590,28934.1434
2026-08-18 18:38:44.003,29139.3043
2026-08-18 18:38:44.414,29353.1377
2026-08-18 18:38:44.834,29572.7579
2026-08-18 18:38:45.247,29800.5122
2026-08-18 18:38:45.672,29817.5314
2026-08-18 18:38:46.095,29590.9753
2026-08-18 18:38:46.528,29363.8082
2026-08-18 18:38:46.940,29136.598
2026-08-18 18:38:47.368,28927.9924
2026-08-18 18:38:47.781,28728.895
2026-08-18 18:38:48.194,28570.2752
2026-08-18 18:38:48.657,28449.86
2026-08-18 18:38:49.078,28383.8238
2026-08-18 18:38:49.495,28339.1619
2026-08-18 18:38:49.914,28308.3199
2026-08-18 18:38:50.327,28286.1219
2026-08-18 18:38:50.771,28269.8964
2026-08-18 18:38:51.195,28277.9867
2026-08-18 18:38:51.611,28298.5327
2026-08-18 18:38:52.028,28324.5002
2026-08-18 18:38:52.442,28361.0584
2026-08-18 18:38:52.901,28424.8903
2026-08-18 18:38:53.330,28521.5439
2026-08-18 18:38:53.763,28667.4863
2026-08-18 18:38:54.177,28846.9159
2026-08-18 18:38:54.590,29045.7295
2026-08-18 18:38:55.021,29265.5643
2026-08-18 18:38:55.433,29482.0974
2026-08-18 18:38:55.853,29703.0041
2026-08-18 18:38:56.266,29890.9526
2026-08-18 18:38:56.680,29732.4298
2026-08-18 18:38:57.096,29506.7916
2026-08-18 18:38:57.563,29257.2737
2026-08-18 18:38:57.987,29043.4674
2026-08-18 18:38:58.401,28835.1931
2026-08-18 18:38:58.828,28648.7334
2026-08-18 18:38:59.254,28511.0434
2026-08-18 18:38:59.747,28404.7959
2026-08-18 18:39:00.159,28351.9589
2026-08-18 18:39:00.572,28315.5902
2026-08-18 18:39:00.999,28288.6468
2026-08-18 18:39:01.412,28268.7489
2026-08-18 18:39:01.839,28264.9735
2026-08-18 18:39:02.266,28285.1185
2026-08-18 18:39:02.679,28309.1586
2026-08-18 18:39:03.098,28341.9515
2026-08-18 18:39:03.512,28391.4749
2026-08-18 18:39:03.924,28468.3584
2026-08-18 18:39:04.352,28587.6293
2026-08-18 18:39:04.771,28756.6165
2026-08-18 18:39:05.188,28950.7106
2026-08-18 18:39:05.614,29158.6213
2026-08-18 18:39:06.028,29379.6739
2026-08-18 18:39:06.472,29600.0172
2026-08-18 18:39:06.900,29848.7356
2026-08-18 18:39:07.322,29855.1812
2026-08-18 18:39:07.738,29622.6527
2026-08-18 18:39:08.151,29397.942
2026-08-18 18:39:08.594,29180.5352
2026-08-18 18:39:09.006,28955.5
2026-08-18 18:39:09.433,28760.0011
2026-08-18 18:39:09.847,28590.4679
2026-08-18 18:39:10.260,28473.2538
2026-08-18 18:39:10.680,28398.6866
2026-08-18 18:39:11.094,28349.4103
2026-08-18 18:39:11.531,28315.9309
2026-08-18 18:39:11.944,28290.1025
2026-08-18 18:39:12.366,28272.5951
2026-08-18 18:39:12.781,28268.6033
2026-08-18 18:39:13.254,28268.4719
2026-08-18 18:39:13.672,28269.4453
2026-08-18 18:39:14.084,28267.7645
2026-08-18 18:39:14.501,28266.0089
2026-08-18 18:39:14.928,28264.4163
2026-08-18 18:39:15.340,28263.786
2026-08-18 18:39:15.780,28263.347
2026-08-18 18:39:16.193,28262.5068
2026-08-18 18:39:16.604,28262.5512
2026-08-18 18:39:17.031,28262.7593
2026-08-18 18:39:17.456,28264.1987
2026-08-18 18:39:17.875,28281.5027
2026-08-18 18:39:18.288,28307.199
2026-08-18 18:39:18.720,28340.2804
2026-08-18 18:39:19.133,28388.9435
2026-08-18 18:39:19.546,28458.5603
2026-08-18 18:39:19.959,28564.3538
2026-08-18 18:39:20.387,28717.2216
2026-08-18 18:39:20.864,28921.6278
2026-08-18 18:39:21.277,29130.4894
2026-08-18 18:39:21.690,29342.6078
2026-08-18 18:39:22.102,29561.5694
2026-08-18 18:39:22.517,29784.2207
2026-08-18 18:39:22.996,30040.8976
2026-08-18 18:39:23.414,30278.3518
2026-08-18 18:39:23.841,30516.2537
2026-08-18 18:39:24.267,30761.9428
2026-08-18 18:39:24.680,31009.2505
2026-08-18 18:39:25.096,31255.3433
2026-08-18 18:39:25.523,31510.8488
2026-08-18 18:39:25.937,31761.691
2026-08-18 18:39:26.350,32015.0786
2026-08-18 18:39:26.762,32271.5332
2026-08-18 18:39:27.223,32561.2718
2026-08-18 18:39:27.637,32824.855
2026-08-18 18:39:28.063,33090.3997
2026-08-18 18:39:28.478,33171.0476
2026-08-18 18:39:28.890,32904.1716
2026-08-18 18:39:29.303,32637.3734
2026-08-18 18:39:29.722,32374.5999
2026-08-18 18:39:30.162,32110.1581
2026-08-18 18:39:30.589,31827.2545
2026-08-18 18:39:31.001,31575.4484
2026-08-18 18:39:31.415,31325.5278
2026-08-18 18:39:31.880,31078.9627
2026-08-18 18:39:32.317,30796.4779
2026-08-18 18:39:32.730,30552.3637
2026-08-18 18:39:33.150,30316.3588
2026-08-18 18:39:33.562,30081.4635
2026-08-18 18:39:33.974,29854.0127
2026-08-18 18:39:34.387,29630.344
2026-08-18 18:39:34.804,29407.4323
2026-08-18 18:39:35.250,29193.0744
2026-08-18 18:39:35.675,28973.5258
2026-08-18 18:39:36.088,28789.9221
2026-08-18 18:39:36.505,28657.2452
2026-08-18 18:39:36.918,28570.978
2026-08-18 18:39:37.334,28515.3625
2026-08-18 18:39:37.761,28475.8716
2026-08-18 18:39:38.198,28446.2058
2026-08-18 18:39:38.625,28422.8803
2026-08-18 18:39:39.037,28406.1455
2026-08-18 18:39:39.455,28413.2321
2026-08-18 18:39:39.917,28428.9232
2026-08-18 18:39:40.347,28452.6574
2026-08-18 18:39:40.759,28485.4682
2026-08-18 18:39:41.189,28539.1289
2026-08-18 18:39:41.600,28624.8873
2026-08-18 18:39:42.013,28755.945
2026-08-18 18:39:42.446,28928.0122
2026-08-18 18:39:42.859,29135.6267
2026-08-18 18:39:43.287,29354.9814
2026-08-18 18:39:43.711,29574.7687
2026-08-18 18:39:44.127,29805.0497
2026-08-18 18:39:44.565,29982.6457
2026-08-18 18:39:44.978,29797.8328
2026-08-18 18:39:45.392,29571.8687
2026-08-18 18:39:45.805,29350.6824
2026-08-18 18:39:46.226,29136.539
2026-08-18 18:39:46.688,28907.3961
2026-08-18 18:39:47.102,28731.0358
2026-08-18 18:39:47.518,28600.0459
2026-08-18 18:39:47.930,28515.161
2026-08-18 18:39:48.365,28459.5975
2026-08-18 18:39:48.777,28422.1895
2026-08-18 18:39:49.225,28394.414
2026-08-18 18:39:49.638,28374.1521
2026-08-18 18:39:50.050,28368.5103
2026-08-18 18:39:50.463,28386.2149
2026-08-18 18:39:50.877,28408.2995
2026-08-18 18:39:51.303,28439.4367
2026-08-18 18:39:51.723,28483.669
2026-08-18 18:39:52.149,28554.8404
2026-08-18 18:39:52.569,28669.1127
2026-08-18 18:39:52.988,28828.5751
2026-08-18 18:39:53.402,29019.1245
2026-08-18 18:39:53.821,29225.3269
2026-08-18 18:39:54.237,29443.529
2026-08-18 18:39:54.650,29666.204
2026-08-18 18:39:55.063,29890.8624
2026-08-18 18:39:55.476,29983.1889
2026-08-18 18:39:55.889,29763.2226
2026-08-18 18:39:56.329,29537.5972
2026-08-18 18:39:56.746,29302.507
2026-08-18 18:39:57.161,29086.9355
2026-08-18 18:39:57.587,28885.703
2026-08-18 18:39:58.000,28708.4382
2026-08-18 18:39:58.438,28582.9124
2026-08-18 18:39:58.851,28498.6728
2026-08-18 18:39:59.277,28448.507
2026-08-18 18:39:59.694,28412.6419
2026-08-18 18:40:00.155,28387.2817
2026-08-18 18:40:00.574,28368.0016
2026-08-18 18:40:01.001,28369.7773
2026-08-18 18:40:01.413,28390.6411
2026-08-18 18:40:01.842,28417.4303
2026-08-18 18:40:02.260,28454.6174
2026-08-18 18:40:02.705,28509.0113
2026-08-18 18:40:03.128,28603.1413
2026-08-18 18:40:03.540,28739.6222
2026-08-18 18:40:03.952,28912.4539
2026-08-18 18:40:04.378,29116.0165
2026-08-18 18:40:04.791,29325.6614
2026-08-18 18:40:05.237,29561.1329
2026-08-18 18:40:05.650,29784.5461
2026-08-18 18:40:06.062,30004.0907
2026-08-18 18:40:06.474,29921.4366
2026-08-18 18:40:06.901,29686.3678
2026-08-18 18:40:07.397,29417.3722
2026-08-18 18:40:07.821,29201.2516
2026-08-18 18:40:08.237,28989.4615
2026-08-18 18:40:08.650,28800.7374
2026-08-18 18:40:09.066,28650.1866
2026-08-18 18:40:09.545,28537.2194
2026-08-18 18:40:09.958,28474.0156
2026-08-18 18:40:10.371,28432.8689
2026-08-18 18:40:10.798,28402.6369
2026-08-18 18:40:11.217,28381.013
2026-08-18 18:40:11.648,28367.5431
2026-08-18 18:40:12.092,28367.5581
2026-08-18 18:40:12.504,28368.1546
2026-08-18 18:40:12.918,28368.6028
2026-08-18 18:40:13.330,28367.2444
2026-08-18 18:40:13.758,28365.6678
2026-08-18 18:40:14.170,28364.9741
2026-08-18 18:40:14.583,28364.2141
2026-08-18 18:40:15.015,28363.2112
2026-08-18 18:40:15.427,28362.0467
2026-08-18 18:40:15.840,28361.2715
2026-08-18 18:40:16.263,28360.4104
2026-08-18 18:40:16.676,28364.7754
2026-08-18 18:40:17.143,28385.9282
2026-08-18 18:40:17.592,28420.459
2026-08-18 18:40:18.058,28460.0752
2026-08-18 18:40:18.476,28527.5231
2026-08-18 18:40:18.889,28619.6781
2026-08-18 18:40:19.301,28752.8457
2026-08-18 18:40:19.714,28923.7692
2026-08-18 18:40:20.141,29118.3821
2026-08-18 18:40:20.554,29334.2723
2026-08-18 18:40:20.981,29559.1637
2026-08-18 18:40:21.441,29808.8352
2026-08-18 18:40:21.866,30035.4293
2026-08-18 18:40:22.285,30273.4014
2026-08-18 18:40:22.698,30511.1004
2026-08-18 18:40:23.111,30748.6027
2026-08-18 18:40:23.525,30989.4635
2026-08-18 18:40:23.938,31231.157
2026-08-18 18:40:24.376,31486.3766
2026-08-18 18:40:24.788,31741.4126
2026-08-18 18:40:25.210,31993.7914
2026-08-18 18:40:25.622,32255.3708
2026-08-18 18:40:26.048,32513.3494
2026-08-18 18:40:26.475,32783.767
2026-08-18 18:40:26.892,33057.6582
2026-08-18 18:40:27.323,33315.0023
2026-08-18 18:40:27.740,33186.2226
2026-08-18 18:40:28.154,32914.7645
2026-08-18 18:40:28.566,32650.5309
2026-08-18 18:40:28.980,32389.6692
2026-08-18 18:40:29.393,32123.7823
2026-08-18 18:40:29.856,31864.3951
2026-08-18 18:40:30.286,31576.9973
2026-08-18 18:40:30.702,31318.9149
2026-08-18 18:40:31.116,31070.9125
2026-08-18 18:40:31.528,30827.0034
2026-08-18 18:40:31.939,30587.548
2026-08-18 18:40:32.379,30352.9429
2026-08-18 18:40:32.800,30105.4139
2026-08-18 18:40:33.215,29872.3315
2026-08-18 18:40:33.630,29647.0032
2026-08-18 18:40:34.095,29426.4408
2026-08-18 18:40:34.527,29185.7105
2026-08-18 18:40:34.940,28984.8121
2026-08-18 18:40:35.354,28824.9399
2026-08-18 18:40:35.768,28715.0388
2026-08-18 18:40:36.194,28644.5338
2026-08-18 18:40:36.607,28594.6881
2026-08-18 18:40:37.021,28558.9727
2026-08-18 18:40:37.440,28531.9466
2026-08-18 18:40:37.854,28511.4897
2026-08-18 18:40:38.279,28501.3791
2026-08-18 18:40:38.696,28514.5217
2026-08-18 18:40:39.110,28531.5788
2026-08-18 18:40:39.570,28558.6377
2026-08-18 18:40:39.986,28596.057
2026-08-18 18:40:40.399,28656.9518
2026-08-18 18:40:40.826,28755.9012
2026-08-18 18:40:41.238,28907.1783
2026-08-18 18:40:41.655,29090.2419
2026-08-18 18:40:42.081,29296.6631
2026-08-18 18:40:42.504,29519.0271
2026-08-18 18:40:42.917,29747.0182
2026-08-18 18:40:43.344,29974.4076
2026-08-18 18:40:43.758,30065.4912
2026-08-18 18:40:44.172,29842.2365
2026-08-18 18:40:44.593,29615.8778
2026-08-18 18:40:45.006,29390.1063
2026-08-18 18:40:45.461,29177.1624
2026-08-18 18:40:45.887,28957.8073
2026-08-18 18:40:46.300,28786.1312
2026-08-18 18:40:46.723,28668.7718
2026-08-18 18:40:47.140,28592.7525
2026-08-18 18:40:47.561,28544.0772
2026-08-18 18:40:47.973,28510.4792
2026-08-18 18:40:48.386,28485.8736
2026-08-18 18:40:48.798,28466.3801
2026-08-18 18:40:49.216,28465.2369
2026-08-18 18:40:49.629,28484.6333
2026-08-18 18:40:50.052,28508.1774
2026-08-18 18:40:50.527,28545.7443
2026-08-18 18:40:50.941,28598.3477
2026-08-18 18:40:51.354,28680.2392
2026-08-18 18:40:51.774,28805.7763
2026-08-18 18:40:52.189,28976.4209
2026-08-18 18:40:52.653,29198.5582
2026-08-18 18:40:53.080,29409.2716
2026-08-18 18:40:53.493,29634.0625
2026-08-18 18:40:53.906,29855.8649
2026-08-18 18:40:54.319,30077.0796
2026-08-18 18:40:54.783,29969.5846
2026-08-18 18:40:55.203,29740.1967
2026-08-18 18:40:55.615,29511.3991
2026-08-18 18:40:56.031,29293.4181
2026-08-18 18:40:56.458,29082.6805
2026-08-18 18:40:56.874,28886.064
2026-08-18 18:40:57.291,28732.2648
2026-08-18 18:40:57.732,28627.477
2026-08-18 18:40:58.160,28555.2608
2026-08-18 18:40:58.587,28509.7664
2026-08-18 18:40:59.012,28478.4232
2026-08-18 18:40:59.431,28454.7536
2026-08-18 18:40:59.856,28441.1262
2026-08-18 18:41:00.269,28455.9948
2026-08-18 18:41:00.682,28478.0146
2026-08-18 18:41:01.095,28507.0544
2026-08-18 18:41:01.508,28548.5717
2026-08-18 18:41:01.936,28613.2461
2026-08-18 18:41:02.347,28719.3072
2026-08-18 18:41:02.774,28872.4475
2026-08-18 18:41:03.195,29055.6112
2026-08-18 18:41:03.608,29262.7906
2026-08-18 18:41:04.022,29476.7114
2026-08-18 18:41:04.448,29697.918
2026-08-18 18:41:04.868,29929.4441
2026-08-18 18:41:05.281,30103.2453
2026-08-18 18:41:05.694,29924.7307
2026-08-18 18:41:06.106,29697.0578
2026-08-18 18:41:06.518,29473.6401
2026-08-18 18:41:06.933,29256.413
2026-08-18 18:41:07.395,29024.2551
2026-08-18 18:41:07.844,28826.5791
2026-08-18 18:41:08.271,28686.0646
2026-08-18 18:41:08.729,28584.6635
2026-08-18 18:41:09.145,28528.7576
2026-08-18 18:41:09.559,28490.078
2026-08-18 18:41:09.973,28461.9502
2026-08-18 18:41:10.385,28441.3566
2026-08-18 18:41:10.813,28430.9562
2026-08-18 18:41:11.226,28430.9633
2026-08-18 18:41:11.649,28431.5771
2026-08-18 18:41:12.062,28430.4078
2026-08-18 18:41:12.475,28428.4041
2026-08-18 18:41:12.898,28426.5628
2026-08-18 18:41:13.310,28424.8475
2026-08-18 18:41:13.723,28423.7399
2026-08-18 18:41:14.156,28422.7924
2026-08-18 18:41:14.569,28422.1471
2026-08-18 18:41:14.983,28421.3421
2026-08-18 18:41:15.402,28420.5034
2026-08-18 18:41:15.816,28419.5031
2026-08-18 18:41:16.239,28418.579
2026-08-18 18:41:16.657,28417.6011
2026-08-18 18:41:17.119,28416.627
2026-08-18 18:41:17.536,28415.3719
2026-08-18 18:41:17.962,28414.1266
2026-08-18 18:41:18.375,28413.0578
2026-08-18 18:41:18.789,28412.1155
2026-08-18 18:41:19.205,28411.2906
2026-08-18 18:41:19.643,28410.2531
2026-08-18 18:41:20.069,28409.2333
2026-08-18 18:41:20.481,28408.1307
2026-08-18 18:41:20.896,28407.1266
2026-08-18 18:41:21.308,28406.2524
2026-08-18 18:41:21.732,28405.3212
2026-08-18 18:41:22.150,28404.3108
2026-08-18 18:41:22.584,28403.5955
2026-08-18 18:41:23.002,28402.7583
2026-08-18 18:41:23.416,28402.019
2026-08-18 18:41:23.827,28401.2445
2026-08-18 18:41:24.239,28400.5102
2026-08-18 18:41:24.653,28399.7311
2026-08-18 18:41:25.076,28399.0663
2026-08-18 18:41:25.489,28398.1823
2026-08-18 18:41:25.911,28397.2968
2026-08-18 18:41:26.330,28396.3658
2026-08-18 18:41:26.743,28395.5891
2026-08-18 18:41:27.169,28395.0723
2026-08-18 18:41:27.584,28394.483
2026-08-18 18:41:28.001,28393.9759
2026-08-18 18:41:28.413,28393.2872
2026-08-18 18:41:28.828,28392.8314
2026-08-18 18:41:29.241,28392.6805
2026-08-18 18:41:29.654,28391.6653
2026-08-18 18:41:30.066,28390.6008
2026-08-18 18:41:30.479,28389.7413
2026-08-18 18:41:30.902,28388.9708
2026-08-18 18:41:31.322,28388.0571
2026-08-18 18:41:31.739,28387.2475
2026-08-18 18:41:32.151,28386.6814
2026-08-18 18:41:32.565,28386.329
2026-08-18 18:41:32.983,28386.0091
2026-08-18 18:41:33.396,28386.0475
2026-08-18 18:41:33.838,28385.98
2026-08-18 18:41:34.250,28385.5582
2026-08-18 18:41:34.668,28385.112
2026-08-18 18:41:35.087,28384.6717
2026-08-18 18:41:35.500,28384.1009
2026-08-18 18:41:35.927,28383.9429
2026-08-18 18:41:36.344,28384.0894
2026-08-18 18:41:36.776,28384.2084
2026-08-18 18:41:37.189,28384.0241
2026-08-18 18:41:37.611,28383.3452
2026-08-18 18:41:38.024,28382.9989
2026-08-18 18:41:38.450,28382.754
2026-08-18 18:41:38.864,28382.706
2026-08-18 18:41:39.277,28382.4773
2026-08-18 18:41:39.717,28382.2008
2026-08-18 18:41:40.143,28382.3243
2026-08-18 18:41:40.560,28382.6653
2026-08-18 18:41:40.973,28382.7328
2026-08-18 18:41:41.394,28383.0671
2026-08-18 18:41:41.812,28381.9135
2026-08-18 18:41:42.225,28381.8121
2026-08-18 18:41:42.638,28383.3548
2026-08-18 18:41:43.051,28385.9908
2026-08-18 18:41:43.490,28388.8843
2026-08-18 18:41:43.903,28383.7892
2026-08-18 18:41:44.325,28380.8749
2026-08-18 18:41:44.737,28379.2787
2026-08-18 18:41:45.149,28378.2616
2026-08-18 18:41:45.562,28377.3276
2026-08-18 18:41:45.974,28376.4366
2026-08-18 18:41:46.419,28375.6293
2026-08-18 18:41:46.833,28374.8737
2026-08-18 18:41:47.244,28374.5613
2026-08-18 18:41:47.656,28374.561
2026-08-18 18:41:48.069,28374.0884
2026-08-18 18:41:48.483,28373.673
2026-08-18 18:41:48.896,28373.2599
2026-08-18 18:41:49.321,28372.6563
2026-08-18 18:41:49.734,28372.1921
2026-08-18 18:41:50.159,28371.8252
2026-08-18 18:41:50.573,28371.5077
2026-08-18 18:41:50.987,28371.3469
2026-08-18 18:41:51.414,28371.248
2026-08-18 18:41:51.827,28371.15
2026-08-18 18:41:52.245,28371.1712
2026-08-18 18:41:52.659,28371.003
2026-08-18 18:41:53.102,28370.8034
2026-08-18 18:41:53.513,28370.808
2026-08-18 18:41:53.926,28370.7626
2026-08-18 18:41:54.338,28370.8694
2026-08-18 18:41:54.751,28370.9222
2026-08-18 18:41:55.172,28371.5
2026-08-18 18:41:55.589,28371.839
2026-08-18 18:41:56.008,28371.8673
2026-08-18 18:41:56.429,28372.2494
2026-08-18 18:41:56.844,28372.1182
2026-08-18 18:41:57.257,28372.0518
2026-08-18 18:41:57.670,28372.5548
2026-08-18 18:41:58.082,28373.0998
2026-08-18 18:41:58.498,28373.0017
2026-08-18 18:41:58.912,28372.8989
2026-08-18 18:41:59.326,28373.0105
2026-08-18 18:41:59.787,28373.3154
2026-08-18 18:42:00.199,28373.529
2026-08-18 18:42:00.621,28373.8922
2026-08-18 18:42:01.034,28374.2318
2026-08-18 18:42:01.446,28374.5782
2026-08-18 18:42:01.858,28375.3708
2026-08-18 18:42:02.278,28376.7165
2026-08-18 18:42:02.690,28376.7492
2026-08-18 18:42:03.116,28376.3328
2026-08-18 18:42:03.529,28376.4002
2026-08-18 18:42:03.959,28376.1759
2026-08-18 18:42:04.373,28376.5657
2026-08-18 18:42:04.785,28377.0527
2026-08-18 18:42:05.197,28377.1721
2026-08-18 18:42:05.610,28377.2818
2026-08-18 18:42:06.022,28377.237
2026-08-18 18:42:06.435,28377.28
2026-08-18 18:42:06.862,28377.2464
2026-08-18 18:42:07.278,28377.1917
2026-08-18 18:42:07.690,28377.3528
2026-08-18 18:42:08.107,28377.3939
2026-08-18 18:42:08.519,28377.4154
2026-08-18 18:42:08.932,28377.5773
2026-08-18 18:42:09.358,28377.7493
2026-08-18 18:42:09.769,28377.5565
2026-08-18 18:42:10.213,28377.2725
2026-08-18 18:42:10.628,28376.8462
2026-08-18 18:42:11.047,28375.9053
2026-08-18 18:42:11.459,28375.5774
2026-08-18 18:42:11.925,28375.3608
2026-08-18 18:42:12.344,28375.3593
2026-08-18 18:42:12.756,28375.3937
2026-08-18 18:42:13.170,28375.5468
2026-08-18 18:42:13.582,28375.6766
2026-08-18 18:42:13.995,28375.9902
2026-08-18 18:42:14.408,28376.0902
2026-08-18 18:42:14.822,28376.2918
2026-08-18 18:42:15.284,28376.3971
2026-08-18 18:42:15.705,28376.2668
2026-08-18 18:42:16.118,28375.9508
2026-08-18 18:42:16.545,28375.7585
2026-08-18 18:42:16.972,28375.6065
2026-08-18 18:42:17.430,28375.5637
2026-08-18 18:42:17.842,28375.8443
2026-08-18 18:42:18.255,28376.2945
2026-08-18 18:42:18.670,28377.0597
2026-08-18 18:42:19.082,28377.8138
2026-08-18 18:42:19.495,28378.1923
2026-08-18 18:42:19.907,28378.3212
2026-08-18 18:42:20.321,28378.3252
2026-08-18 18:42:20.743,28378.1019
2026-08-18 18:42:21.157,28378.0662
2026-08-18 18:42:21.569,28377.8143
2026-08-18 18:42:21.987,28377.4065
2026-08-18 18:42:22.399,28376.4739
2026-08-18 18:42:22.813,28376.3838
2026-08-18 18:42:23.227,28376.1928
2026-08-18 18:42:23.700,28375.4636
2026-08-18 18:42:24.120,28374.702
2026-08-18 18:42:24.532,28374.2283
2026-08-18 18:42:24.946,28374.1822
2026-08-18 18:42:25.359,28374.1767
2026-08-18 18:42:25.828,28374.4506
2026-08-18 18:42:26.246,28377.6179
2026-08-18 18:42:26.658,28382.3684
2026-08-18 18:42:27.072,28379.9133
2026-08-18 18:42:27.485,28377.0241
2026-08-18 18:42:27.911,28375.8903
2026-08-18 18:42:28.324,28375.2565
2026-08-18 18:42:28.751,28374.9806
2026-08-18 18:42:29.185,28374.6401
2026-08-18 18:42:29.612,28374.4681
2026-08-18 18:42:30.034,28373.9614
2026-08-18 18:42:30.454,28373.4887
2026-08-18 18:42:30.872,28373.0267
2026-08-18 18:42:31.303,28372.6307
2026-08-18 18:42:31.717,28372.5816
2026-08-18 18:42:32.130,28372.3395
2026-08-18 18:42:32.542,28371.7612
2026-08-18 18:42:32.971,28371.1631
2026-08-18 18:42:33.384,28370.9106
2026-08-18 18:42:33.864,28370.8969
2026-08-18 18:42:34.278,28370.636
2026-08-18 18:42:34.692,28370.6356
2026-08-18 18:42:35.105,28370.2549
2026-08-18 18:42:35.518,28370.099
2026-08-18 18:42:35.942,28370.1848
2026-08-18 18:42:36.364,28370.501
2026-08-18 18:42:36.778,28370.7135
2026-08-18 18:42:37.192,28370.4619
2026-08-18 18:42:37.605,28370.2772
2026-08-18 18:42:38.018,28370.3659
2026-08-18 18:42:38.433,28370.4332
2026-08-18 18:42:38.845,28370.6493
2026-08-18 18:42:39.269,28370.7709
2026-08-18 18:42:39.689,28370.8071
2026-08-18 18:42:40.101,28370.8139
2026-08-18 18:42:40.514,28370.8351
2026-08-18 18:42:40.942,28370.9276
2026-08-18 18:42:41.358,28371.0323
2026-08-18 18:42:41.770,28371.2238
2026-08-18 18:42:42.191,28372.043
2026-08-18 18:42:42.605,28372.9626
2026-08-18 18:42:43.077,28374.0107
2026-08-18 18:42:43.491,28374.7661
2026-08-18 18:42:43.909,28375.9992
2026-08-18 18:42:44.324,28377.1474
2026-08-18 18:42:44.737,28378.0848
2026-08-18 18:42:45.151,28378.7767
2026-08-18 18:42:45.579,28379.3749
2026-08-18 18:42:45.991,28380.0858
2026-08-18 18:42:46.403,28380.4067
2026-08-18 18:42:46.840,28380.5813
2026-08-18 18:42:47.262,28381.0606
2026-08-18 18:42:47.676,28381.8794
2026-08-18 18:42:48.089,28382.5689
2026-08-18 18:42:48.512,28383.4211
2026-08-18 18:42:48.924,28384.4465
2026-08-18 18:42:49.351,28385.7902
2026-08-18 18:42:49.781,28386.9898
2026-08-18 18:42:50.194,28387.8201
2026-08-18 18:42:50.614,28388.7106
2026-08-18 18:42:51.033,28389.3365
2026-08-18 18:42:51.447,28390.1395
2026-08-18 18:42:51.860,28390.6747
2026-08-18 18:42:52.273,28391.3887
2026-08-18 18:42:52.685,28392.2441
2026-08-18 18:42:53.097,28392.8505
2026-08-18 18:42:53.516,28393.4129
2026-08-18 18:42:53.930,28394.2807
2026-08-18 18:42:54.347,28394.8184
2026-08-18 18:42:54.761,28395.8504
2026-08-18 18:42:55.173,28396.6979
2026-08-18 18:42:55.611,28397.5605
2026-08-18 18:42:56.030,28398.2525
2026-08-18 18:42:56.442,28399.5701
2026-08-18 18:42:56.855,28400.9398
2026-08-18 18:42:57.267,28402.6253
2026-08-18 18:42:57.732,28404.0024
2026-08-18 18:42:58.145,28404.7387
2026-08-18 18:42:58.573,28405.9344
2026-08-18 18:42:58.986,28407.4824
2026-08-18 18:42:59.399,28408.382
2026-08-18 18:42:59.828,28409.1797
2026-08-18 18:43:00.251,28410.3275
2026-08-18 18:43:00.668,28412.3563
2026-08-18 18:43:01.080,28414.2134
2026-08-18 18:43:01.495,28414.831
2026-08-18 18:43:01.932,28414.2339
2026-08-18 18:43:02.361,28414.6895
2026-08-18 18:43:02.789,28415.2265
2026-08-18 18:43:03.207,28415.6371
2026-08-18 18:43:03.619,28416.1397
2026-08-18 18:43:04.038,28417.0742
2026-08-18 18:43:04.459,28418.4121
2026-08-18 18:43:04.872,28419.9541
2026-08-18 18:43:05.296,28421.1788
2026-08-18 18:43:05.710,28422.5773
2026-08-18 18:43:06.138,28423.5486
2026-08-18 18:43:06.565,28424.8954
2026-08-18 18:43:06.982,28426.5804
2026-08-18 18:43:07.400,28428.1276
2026-08-18 18:43:07.814,28429.9892
2026-08-18 18:43:08.252,28431.6198
2026-08-18 18:43:08.718,28432.9759
2026-08-18 18:43:09.138,28434.0929
2026-08-18 18:43:09.613,28434.7655
2026-08-18 18:43:10.048,28435.6086
2026-08-18 18:43:10.462,28436.5641
2026-08-18 18:43:10.925,28437.3017
2026-08-18 18:43:11.337,28438.1273
2026-08-18 18:43:11.750,28439.1626
2026-08-18 18:43:12.178,28440.4218
2026-08-18 18:43:12.590,28441.6004
2026-08-18 18:43:13.032,28442.856
2026-08-18 18:43:13.462,28443.6986
2026-08-18 18:43:13.874,28444.8526
2026-08-18 18:43:14.286,28445.6308
2026-08-18 18:43:14.698,28445.6387
2026-08-18 18:43:15.130,28445.6207
2026-08-18 18:43:15.542,28445.2297
2026-08-18 18:43:15.955,28445.086
2026-08-18 18:43:16.383,28445.0654
2026-08-18 18:43:16.796,28445.1578
2026-08-18 18:43:17.235,28445.5677
2026-08-18 18:43:17.647,28446.1996
2026-08-18 18:43:18.061,28446.9202
2026-08-18 18:43:18.474,28447.5697
2026-08-18 18:43:18.939,28448.4812
2026-08-18 18:43:19.357,28448.9832
2026-08-18 18:43:19.774,28449.516
2026-08-18 18:43:20.185,28449.8567
2026-08-18 18:43:20.598,28450.7621
2026-08-18 18:43:21.012,28452.0096
2026-08-18 18:43:21.445,28453.8805
2026-08-18 18:43:21.858,28456.361
2026-08-18 18:43:22.270,28457.5344
2026-08-18 18:43:22.684,28459.8139
2026-08-18 18:43:23.097,28464.5767
2026-08-18 18:43:23.565,28464.607
2026-08-18 18:43:24.010,28467.8154
2026-08-18 18:43:24.423,28472.9421
2026-08-18 18:43:24.836,28469.0669
2026-08-18 18:43:25.259,28469.8271
2026-08-18 18:43:25.690,28471.2236
2026-08-18 18:43:26.128,28476.1943
2026-08-18 18:43:26.545,28477.0724
2026-08-18 18:43:26.958,28475.2462
2026-08-18 18:43:27.399,28476.4085
2026-08-18 18:43:27.815,28479.4839
2026-08-18 18:43:28.227,28474.6793
2026-08-18 18:43:28.655,28471.3898
2026-08-18 18:43:29.067,28470.2071
2026-08-18 18:43:29.481,28469.6796
2026-08-18 18:43:29.897,28469.2256
2026-08-18 18:43:30.324,28468.7759
2026-08-18 18:43:30.738,28468.779
2026-08-18 18:43:31.152,28469.374
2026-08-18 18:43:31.564,28469.8824
2026-08-18 18:43:32.038,28471.0178
2026-08-18 18:43:32.450,28471.881
2026-08-18 18:43:32.886,28472.4019
2026-08-18 18:43:33.299,28472.8204
2026-08-18 18:43:33.715,28472.8389
2026-08-18 18:43:34.136,28473.2555
2026-08-18 18:43:34.548,28473.8678
2026-08-18 18:43:34.962,28474.5109
2026-08-18 18:43:35.374,28475.129
2026-08-18 18:43:35.794,28475.7078
2026-08-18 18:43:36.226,28476.1268
2026-08-18 18:43:36.645,28476.8379
2026-08-18 18:43:37.058,28477.4268
2026-08-18 18:43:37.469,28477.8544
2026-08-18 18:43:37.882,28478.2406
2026-08-18 18:43:38.301,28478.4247
2026-08-18 18:43:38.805,28478.6475
2026-08-18 18:43:39.264,28478.7444
2026-08-18 18:43:39.688,28479.0271
2026-08-18 18:43:40.100,28479.1056
2026-08-18 18:43:40.538,28479.001
2026-08-18 18:43:40.951,28479.0873
2026-08-18 18:43:41.367,28479.2206
2026-08-18 18:43:41.779,28479.4587
2026-08-18 18:43:42.196,28479.6755
2026-08-18 18:43:42.611,28479.7483
2026-08-18 18:43:43.023,28479.7661
2026-08-18 18:43:43.435,28480.1209
2026-08-18 18:43:43.874,28480.7573
2026-08-18 18:43:44.300,28481.1944
2026-08-18 18:43:44.716,28482.0831
2026-08-18 18:43:45.128,28482.9304
2026-08-18 18:43:45.540,28484.0674
2026-08-18 18:43:46.006,28485.519
2026-08-18 18:43:46.419,28486.6414
2026-08-18 18:43:46.830,28487.7261
2026-08-18 18:43:47.242,28488.367
2026-08-18 18:43:47.655,28488.9851
2026-08-18 18:43:48.119,28490.0095
2026-08-18 18:43:48.533,28490.487
2026-08-18 18:43:48.971,28490.9974
2026-08-18 18:43:49.385,28491.2833
2026-08-18 18:43:49.812,28491.6313
2026-08-18 18:43:50.224,28491.9567
2026-08-18 18:43:50.662,28492.222
2026-08-18 18:43:51.076,28492.4955
2026-08-18 18:43:51.499,28492.6929
2026-08-18 18:43:51.913,28492.9223
2026-08-18 18:43:52.338,28493.1595
2026-08-18 18:43:52.750,28493.4465
2026-08-18 18:43:53.177,28493.6196
2026-08-18 18:43:53.603,28493.7582
2026-08-18 18:43:54.021,28493.928
2026-08-18 18:43:54.439,28493.9771
2026-08-18 18:43:54.850,28493.9596
2026-08-18 18:43:55.263,28494.1275
2026-08-18 18:43:55.675,28494.5847
2026-08-18 18:43:56.116,28495.2089
2026-08-18 18:43:56.529,28495.5781
2026-08-18 18:43:56.954,28495.5469
2026-08-18 18:43:57.369,28495.2473
2026-08-18 18:43:57.784,28495.0053
2026-08-18 18:43:58.196,28494.8307
2026-08-18 18:43:58.620,28494.943
2026-08-18 18:43:59.034,28495.2454
2026-08-18 18:43:59.446,28495.6576
2026-08-18 18:43:59.858,28495.9438
2026-08-18 18:44:00.271,28496.3979
2026-08-18 18:44:00.688,28496.8826
2026-08-18 18:44:01.168,28497.396
2026-08-18 18:44:01.580,28497.8754
2026-08-18 18:44:02.007,28498.7713
2026-08-18 18:44:02.424,28499.9086
2026-08-18 18:44:02.837,28501.2784
2026-08-18 18:44:03.263,28502.6533
2026-08-18 18:44:03.681,28503.96
2026-08-18 18:44:04.095,28505.6816
2026-08-18 18:44:04.513,28507.4673
2026-08-18 18:44:04.925,28509.1294
2026-08-18 18:44:05.354,28510.5986
2026-08-18 18:44:05.773,28512.4991
2026-08-18 18:44:06.185,28514.3818
2026-08-18 18:44:06.598,28516.4554
2026-08-18 18:44:07.012,28518.306
2026-08-18 18:44:07.436,28520.009
2026-08-18 18:44:07.851,28521.5472
2026-08-18 18:44:08.263,28522.8972
2026-08-18 18:44:08.682,28524.0983
2026-08-18 18:44:09.174,28525.0699
2026-08-18 18:44:09.586,28526.3393
2026-08-18 18:44:09.997,28527.7418
2026-08-18 18:44:10.410,28529.0056
2026-08-18 18:44:10.824,28530.8762
2026-08-18 18:44:11.242,28532.5482
2026-08-18 18:44:11.663,28534.1527
2026-08-18 18:44:12.083,28535.6742
2026-08-18 18:44:12.496,28537.2171
2026-08-18 18:44:12.913,28538.4841
2026-08-18 18:44:13.326,28539.6947
2026-08-18 18:44:13.738,28540.5465
2026-08-18 18:44:14.152,28541.2886
2026-08-18 18:44:14.579,28542.1563
2026-08-18 18:44:14.992,28543.0052
2026-08-18 18:44:15.420,28543.9439
2026-08-18 18:44:15.833,28544.8344
2026-08-18 18:44:16.261,28545.9938
2026-08-18 18:44:16.680,28547.7451
2026-08-18 18:44:17.094,28549.9627
2026-08-18 18:44:17.524,28552.3093
2026-08-18 18:44:17.936,28557.1445
2026-08-18 18:44:18.348,28562.1667
2026-08-18 18:44:18.772,28560.648
2026-08-18 18:44:19.187,28561.6785
2026-08-18 18:44:19.652,28563.7979
2026-08-18 18:44:20.067,28565.6229
2026-08-18 18:44:20.488,28567.6848
2026-08-18 18:44:20.908,28568.3586
2026-08-18 18:44:21.321,28567.5627
2026-08-18 18:44:21.747,28567.5102
2026-08-18 18:44:22.160,28567.8257
2026-08-18 18:44:22.572,28568.2616
2026-08-18 18:44:22.985,28568.5723
2026-08-18 18:44:23.400,28569.0234
2026-08-18 18:44:23.813,28569.8945
2026-08-18 18:44:24.227,28570.4023
2026-08-18 18:44:24.653,28570.7892
2026-08-18 18:44:25.080,28571.6884
2026-08-18 18:44:25.503,28572.9014
2026-08-18 18:44:25.916,28573.9641
2026-08-18 18:44:26.329,28575.0909
2026-08-18 18:44:26.741,28576.0397
2026-08-18 18:44:27.169,28577.155
2026-08-18 18:44:27.597,28578.5647
2026-08-18 18:44:28.009,28580.1579
2026-08-18 18:44:28.422,28581.2287
2026-08-18 18:44:28.836,28581.7092
2026-08-18 18:44:29.249,28582.4138
2026-08-18 18:44:29.680,28583.3312
2026-08-18 18:44:30.106,28584.3933
2026-08-18 18:44:30.522,28585.1693
2026-08-18 18:44:30.934,28585.7078
2026-08-18 18:44:31.347,28586.7091
2026-08-18 18:44:31.803,28588.1628
2026-08-18 18:44:32.221,28589.9808
2026-08-18 18:44:32.634,28591.1331
2026-08-18 18:44:33.047,28592.2391
2026-08-18 18:44:33.459,28593.2241
2026-08-18 18:44:33.895,28593.8455
2026-08-18 18:44:34.308,28595.1144
2026-08-18 18:44:34.722,28596.5172
2026-08-18 18:44:35.134,28597.641
2026-08-18 18:44:35.545,28598.6188
2026-08-18 18:44:35.965,28599.6014
2026-08-18 18:44:36.455,28601.6034
2026-08-18 18:44:36.868,28603.7975
2026-08-18 18:44:37.284,28604.6334
2026-08-18 18:44:37.696,28605.5771
2026-08-18 18:44:38.159,28607.1781
2026-08-18 18:44:38.586,28608.4595
2026-08-18 18:44:38.999,28609.5733
2026-08-18 18:44:39.411,28610.6816
2026-08-18 18:44:39.838,28612.0843
2026-08-18 18:44:40.253,28613.2971
2026-08-18 18:44:40.673,28614.2501
2026-08-18 18:44:41.086,28615.2367
2026-08-18 18:44:41.513,28616.3094
2026-08-18 18:44:41.939,28617.0809
2026-08-18 18:44:42.358,28617.9931
2026-08-18 18:44:42.771,28618.6843
2026-08-18 18:44:43.183,28619.2624
2026-08-18 18:44:43.594,28619.7622
2026-08-18 18:44:44.008,28620.1968
2026-08-18 18:44:44.477,28620.978
2026-08-18 18:44:44.892,28621.6746
2026-08-18 18:44:45.317,28622.4682
2026-08-18 18:44:45.731,28623.8816
2026-08-18 18:44:46.144,28625.5108
2026-08-18 18:44:46.574,28626.9675
2026-08-18 18:44:46.990,28628.1618
2026-08-18 18:44:47.407,28629.3836
2026-08-18 18:44:47.825,28630.8329
2026-08-18 18:44:48.238,28632.1409
2026-08-18 18:44:48.709,28633.4086
2026-08-18 18:44:49.121,28634.6777
2026-08-18 18:44:49.534,28635.7118
2026-08-18 18:44:49.946,28636.6135
2026-08-18 18:44:50.360,28637.468
2026-08-18 18:44:50.772,28638.5411
2026-08-18 18:44:51.185,28639.7575
2026-08-18 18:44:51.658,28641.0569
2026-08-18 18:44:52.071,28642.4374
2026-08-18 18:44:52.497,28644.2374
2026-08-18 18:44:52.910,28645.9051
2026-08-18 18:44:53.328,28647.658
2026-08-18 18:44:53.746,28649.2606
2026-08-18 18:44:54.175,28650.5814
2026-08-18 18:44:54.586,28651.3919
2026-08-18 18:44:55.000,28651.8728
2026-08-18 18:44:55.412,28652.4962
2026-08-18 18:44:55.851,28653.4589
2026-08-18 18:44:56.266,28654.3347
2026-08-18 18:44:56.679,28655.3591
2026-08-18 18:44:57.102,28656.7083
2026-08-18 18:44:57.516,28658.0428
2026-08-18 18:44:57.953,28659.4028
2026-08-18 18:44:58.366,28660.6338
2026-08-18 18:44:58.802,28661.7959
2026-08-18 18:44:59.215,28662.6515
2026-08-18 18:44:59.627,28663.6698
2026-08-18 18:45:00.040,28664.5027
2026-08-18 18:45:00.510,28665.1608
2026-08-18 18:45:00.941,28666.4068
2026-08-18 18:45:01.354,28667.4693
2026-08-18 18:45:01.767,28668.3824
2026-08-18 18:45:02.191,28669.1337
2026-08-18 18:45:02.607,28669.6989
2026-08-18 18:45:03.038,28669.9829
2026-08-18 18:45:03.450,28670.2145
2026-08-18 18:45:03.863,28670.2891
2026-08-18 18:45:04.280,28670.4871
2026-08-18 18:45:04.693,28670.81
2026-08-18 18:45:05.123,28671.2995
2026-08-18 18:45:05.535,28671.8166
2026-08-18 18:45:05.946,28672.2001
2026-08-18 18:45:06.374,28672.5335
2026-08-18 18:45:06.802,28672.7162
2026-08-18 18:45:07.218,28672.7079
2026-08-18 18:45:07.632,28672.6791
2026-08-18 18:45:08.049,28672.7418
2026-08-18 18:45:08.463,28672.6701
2026-08-18 18:45:08.875,28672.6203
2026-08-18 18:45:09.287,28672.6008
2026-08-18 18:45:09.701,28672.8185
2026-08-18 18:45:10.167,28672.9183
2026-08-18 18:45:10.591,28672.9639
2026-08-18 18:45:11.003,28673.3436
2026-08-18 18:45:11.417,28674.1111
2026-08-18 18:45:11.831,28675.0454
2026-08-18 18:45:12.272,28675.91
2026-08-18 18:45:12.685,28676.2688
2026-08-18 18:45:13.099,28676.4045
2026-08-18 18:45:13.515,28676.6702
2026-08-18 18:45:13.928,28677.2335
2026-08-18 18:45:14.395,28677.5923
2026-08-18 18:45:14.810,28677.8683
2026-08-18 18:45:15.235,28678.4574
2026-08-18 18:45:15.649,28679.3075
2026-08-18 18:45:16.072,28680.0825
2026-08-18 18:45:16.490,28680.8361
2026-08-18 18:45:16.903,28681.4891
2026-08-18 18:45:17.317,28682.2217
2026-08-18 18:45:17.728,28683.1593
2026-08-18 18:45:18.142,28683.9906
2026-08-18 18:45:18.554,28684.46
2026-08-18 18:45:19.034,28684.8376
2026-08-18 18:45:19.461,28685.2
2026-08-18 18:45:19.873,28685.5264
2026-08-18 18:45:20.299,28685.6504
2026-08-18 18:45:20.758,28685.6969
2026-08-18 18:45:21.186,28685.7636
2026-08-18 18:45:21.597,28685.6515
2026-08-18 18:45:22.011,28685.5806
2026-08-18 18:45:22.424,28685.6476
2026-08-18 18:45:22.860,28685.8661
2026-08-18 18:45:23.278,28686.1226
2026-08-18 18:45:23.693,28686.0192
2026-08-18 18:45:24.105,28685.8497
2026-08-18 18:45:24.528,28685.3822
2026-08-18 18:45:25.008,28684.9731
2026-08-18 18:45:25.426,28684.6677
2026-08-18 18:45:25.844,28684.5367
2026-08-18 18:45:26.256,28684.2489
2026-08-18 18:45:26.669,28683.9939
2026-08-18 18:45:27.091,28683.5711
2026-08-18 18:45:27.520,28683.2268
2026-08-18 18:45:27.944,28683.15
2026-08-18 18:45:28.364,28683.1734
2026-08-18 18:45:28.777,28683.0805
2026-08-18 18:45:29.196,28683.0929
2026-08-18 18:45:29.608,28682.8423
2026-08-18 18:45:30.021,28682.4453
2026-08-18 18:45:30.450,28682.3124
2026-08-18 18:45:30.864,28682.2283
2026-08-18 18:45:31.340,28682.275
2026-08-18 18:45:31.753,28682.3985
2026-08-18 18:45:32.165,28682.4114
2026-08-18 18:45:32.576,28682.4067
2026-08-18 18:45:33.003,28682.6607
2026-08-18 18:45:33.445,28682.8043
2026-08-18 18:45:33.859,28682.8185
2026-08-18 18:45:34.273,28683.6346
2026-08-18 18:45:34.685,28684.4751
2026-08-18 18:45:35.096,28685.166
2026-08-18 18:45:35.530,28686.0443
2026-08-18 18:45:35.952,28687.321
2026-08-18 18:45:36.370,28687.7206
2026-08-18 18:45:36.783,28689.2908
2026-08-18 18:45:37.203,28687.3869
2026-08-18 18:45:37.642,28689.2645
2026-08-18 18:45:38.068,28690.0656
2026-08-18 18:45:38.481,28690.889
2026-08-18 18:45:38.906,28693.1884
2026-08-18 18:45:39.326,28694.8153
2026-08-18 18:45:39.749,28690.146
2026-08-18 18:45:40.161,28684.2868
2026-08-18 18:45:40.574,28681.5778
2026-08-18 18:45:40.987,28679.8432
2026-08-18 18:45:41.455,28678.9872
2026-08-18 18:45:41.888,28678.0754
2026-08-18 18:45:42.303,28677.2319
2026-08-18 18:45:42.715,28676.6047
2026-08-18 18:45:43.144,28675.8282
2026-08-18 18:45:43.558,28675.0609
2026-08-18 18:45:43.971,28674.3768
2026-08-18 18:45:44.384,28673.5541
2026-08-18 18:45:44.797,28672.9996
2026-08-18 18:45:45.209,28672.6399
2026-08-18 18:45:45.629,28672.3048
2026-08-18 18:45:46.055,28671.9708
2026-08-18 18:45:46.469,28671.6408
2026-08-18 18:45:46.893,28671.7195
2026-08-18 18:45:47.309,28671.7678
2026-08-18 18:45:47.728,28671.3457
2026-08-18 18:45:48.161,28671.0174
2026-08-18 18:45:48.575,28670.9933
2026-08-18 18:45:49.003,28670.7929
2026-08-18 18:45:49.416,28670.4976
2026-08-18 18:45:49.828,28670.3596
2026-08-18 18:45:50.270,28670.1841
2026-08-18 18:45:50.684,28669.865
2026-08-18 18:45:51.096,28669.4856
2026-08-18 18:45:51.521,28669.2447
2026-08-18 18:45:51.934,28669.011
2026-08-18 18:45:52.373,28668.8058
2026-08-18 18:45:52.788,28668.463
2026-08-18 18:45:53.201,28668.1631
2026-08-18 18:45:53.622,28667.9312
2026-08-18 18:45:54.086,28667.4938
2026-08-18 18:45:54.506,28667.1144
2026-08-18 18:45:54.919,28667.0181
2026-08-18 18:45:55.332,28666.7966
2026-08-18 18:45:55.744,28666.3443
2026-08-18 18:45:56.179,28665.9605
2026-08-18 18:45:56.594,28665.4384
2026-08-18 18:45:57.018,28665.3927
2026-08-18 18:45:57.430,28665.6608
2026-08-18 18:45:57.850,28665.6859
2026-08-18 18:45:58.268,28665.6458
2026-08-18 18:45:58.713,28665.1617
2026-08-18 18:45:59.135,28664.6286
2026-08-18 18:45:59.558,28664.29
2026-08-18 18:45:59.970,28664.2728
2026-08-18 18:46:00.382,28664.2611
2026-08-18 18:46:00.803,28664.09
2026-08-18 18:46:01.217,28663.9597
2026-08-18 18:46:01.630,28663.9715
2026-08-18 18:46:02.043,28663.8877
2026-08-18 18:46:02.455,28663.7973
2026-08-18 18:46:02.877,28663.6429
2026-08-18 18:46:03.369,28663.3252
2026-08-18 18:46:03.781,28662.9248
2026-08-18 18:46:04.205,28662.4688
2026-08-18 18:46:04.619,28662.0556
2026-08-18 18:46:05.051,28661.8839
2026-08-18 18:46:05.475,28662.1564
2026-08-18 18:46:05.894,28662.3013
2026-08-18 18:46:06.305,28662.5375
2026-08-18 18:46:06.719,28662.3505
2026-08-18 18:46:07.148,28662.0196
2026-08-18 18:46:07.562,28661.6865
2026-08-18 18:46:07.973,28661.3771
2026-08-18 18:46:08.387,28661.1046
2026-08-18 18:46:08.860,28660.5465
2026-08-18 18:46:09.290,28659.9644
2026-08-18 18:46:09.708,28659.4368
2026-08-18 18:46:10.121,28659.1782
2026-08-18 18:46:10.533,28659.1086
2026-08-18 18:46:10.945,28658.5755
2026-08-18 18:46:11.374,28657.8261
2026-08-18 18:46:11.788,28657.0042
2026-08-18 18:46:12.213,28656.3642
2026-08-18 18:46:12.625,28656.2875
2026-08-18 18:46:13.037,28656.3877
2026-08-18 18:46:13.496,28656.343
2026-08-18 18:46:13.924,28656.25
2026-08-18 18:46:14.339,28656.0859
2026-08-18 18:46:14.753,28655.6897
2026-08-18 18:46:15.177,28655.6254
2026-08-18 18:46:15.596,28655.3554
2026-08-18 18:46:16.024,28654.9989
2026-08-18 18:46:16.437,28655.3908
2026-08-18 18:46:16.850,28655.8235
2026-08-18 18:46:17.279,28656.2058
2026-08-18 18:46:17.703,28656.4088
2026-08-18 18:46:18.114,28656.278
2026-08-18 18:46:18.527,28656.394
2026-08-18 18:46:18.940,28656.7019
2026-08-18 18:46:19.353,28656.897
2026-08-18 18:46:19.816,28656.5755
2026-08-18 18:46:20.229,28656.1601
2026-08-18 18:46:20.652,28655.8241
2026-08-18 18:46:21.070,28655.322
2026-08-18 18:46:21.483,28654.7562
2026-08-18 18:46:21.896,28654.197
2026-08-18 18:46:22.328,28653.7557
2026-08-18 18:46:22.756,28653.3808
2026-08-18 18:46:23.177,28653.1474
2026-08-18 18:46:23.596,28652.7774
2026-08-18 18:46:24.010,28652.3639
2026-08-18 18:46:24.429,28652.102
2026-08-18 18:46:24.842,28652.1327
2026-08-18 18:46:25.255,28652.1457
2026-08-18 18:46:25.683,28651.9993
2026-08-18 18:46:26.096,28651.6714
2026-08-18 18:46:26.526,28651.4614
2026-08-18 18:46:26.949,28651.1604
2026-08-18 18:46:27.374,28650.6852
2026-08-18 18:46:27.786,28650.6445
2026-08-18 18:46:28.200,28650.6707
2026-08-18 18:46:28.617,28650.2358
2026-08-18 18:46:29.096,28649.4258
2026-08-18 18:46:29.509,28648.4275
2026-08-18 18:46:29.923,28648.3127
2026-08-18 18:46:30.342,28648.483
2026-08-18 18:46:30.755,28648.4474
2026-08-18 18:46:31.168,28648.5693
2026-08-18 18:46:31.585,28648.545
2026-08-18 18:46:32.003,28648.6107
2026-08-18 18:46:32.415,28648.7725
2026-08-18 18:46:32.828,28648.8335
2026-08-18 18:46:33.246,28648.75
2026-08-18 18:46:33.738,28648.3596
2026-08-18 18:46:34.154,28648.0773
2026-08-18 18:46:34.572,28647.7449
2026-08-18 18:46:34.987,28647.3359
2026-08-18 18:46:35.416,28646.8478
2026-08-18 18:46:35.845,28647.2347
2026-08-18 18:46:36.266,28647.6428
2026-08-18 18:46:36.684,28647.8335
2026-08-18 18:46:37.096,28648.0991
2026-08-18 18:46:37.521,28648.3385
2026-08-18 18:46:37.935,28648.6281
2026-08-18 18:46:38.361,28649.0423
2026-08-18 18:46:38.774,28648.9963
2026-08-18 18:46:39.235,28648.8619
2026-08-18 18:46:39.660,28648.3982
2026-08-18 18:46:40.074,28647.8653
2026-08-18 18:46:40.493,28647.3293
2026-08-18 18:46:40.911,28646.9435
2026-08-18 18:46:41.326,28646.5351
2026-08-18 18:46:41.755,28646.0553
2026-08-18 18:46:42.181,28646.2313
2026-08-18 18:46:42.593,28646.7642
2026-08-18 18:46:43.005,28647.2857
2026-08-18 18:46:43.420,28647.5496
2026-08-18 18:46:43.896,28647.8346
2026-08-18 18:46:44.308,28648.0571
2026-08-18 18:46:44.732,28648.2348
2026-08-18 18:46:45.145,28647.9134
2026-08-18 18:46:45.569,28647.8225
2026-08-18 18:46:45.990,28647.556
2026-08-18 18:46:46.436,28647.2402
2026-08-18 18:46:46.900,28646.8967
2026-08-18 18:46:47.332,28646.5139
2026-08-18 18:46:47.744,28646.1286
2026-08-18 18:46:48.166,28645.9541
2026-08-18 18:46:48.580,28645.986
2026-08-18 18:46:49.016,28645.458
2026-08-18 18:46:49.432,28644.9924
2026-08-18 18:46:49.845,28644.6445
2026-08-18 18:46:50.282,28644.2934
2026-08-18 18:46:50.698,28643.7833
2026-08-18 18:46:51.110,28643.2719
2026-08-18 18:46:51.527,28642.9346
2026-08-18 18:46:51.941,28642.2038
2026-08-18 18:46:52.353,28641.4248
2026-08-18 18:46:52.774,28640.9149
2026-08-18 18:46:53.191,28640.6866
2026-08-18 18:46:53.619,28640.5575
2026-08-18 18:46:54.042,28640.1863
2026-08-18 18:46:54.458,28639.3965
2026-08-18 18:46:54.886,28638.8616
2026-08-18 18:46:55.298,28638.4228
2026-08-18 18:46:55.724,28637.8564
2026-08-18 18:46:56.138,28637.2388
2026-08-18 18:46:56.550,28636.902
2026-08-18 18:46:56.962,28636.3403
2026-08-18 18:46:57.380,28635.7702
2026-08-18 18:46:57.792,28634.9823
2026-08-18 18:46:58.205,28634.2125
2026-08-18 18:46:58.635,28633.3245
2026-08-18 18:46:59.062,28632.3328
2026-08-18 18:46:59.474,28631.4564
2026-08-18 18:46:59.886,28630.5689
2026-08-18 18:47:00.298,28629.3599
2026-08-18 18:47:00.712,28628.2223
2026-08-18 18:47:01.124,28627.1926
2026-08-18 18:47:01.537,28626.4966
2026-08-18 18:47:01.950,28625.9028
2026-08-18 18:47:02.363,28625.33
2026-08-18 18:47:02.777,28624.7269
2026-08-18 18:47:03.189,28624.2628
2026-08-18 18:47:03.603,28623.7438
2026-08-18 18:47:04.017,28622.9067
2026-08-18 18:47:04.431,28621.9667
2026-08-18 18:47:04.896,28621.046
2026-08-18 18:47:05.310,28620.1618
2026-08-18 18:47:05.736,28619.4399
2026-08-18 18:47:06.153,28618.9738
2026-08-18 18:47:06.570,28618.3211
2026-08-18 18:47:06.983,28617.5197
2026-08-18 18:47:07.409,28616.5842
2026-08-18 18:47:07.834,28615.637
2026-08-18 18:47:08.252,28614.7299
2026-08-18 18:47:08.663,28613.9367
2026-08-18 18:47:09.075,28613.1723
2026-08-18 18:47:09.504,28612.5281
2026-08-18 18:47:09.919,28611.8441
2026-08-18 18:47:10.332,28610.9794
2026-08-18 18:47:10.759,28609.9473
2026-08-18 18:47:11.185,28608.8816
2026-08-18 18:47:11.599,28608.0568
2026-08-18 18:47:12.027,28607.0604
2026-08-18 18:47:12.440,28606.0544
2026-08-18 18:47:12.853,28605.6013
2026-08-18 18:47:13.279,28605.2795
2026-08-18 18:47:13.691,28604.7796
2026-08-18 18:47:14.113,28604.1737
2026-08-18 18:47:14.537,28603.3126
2026-08-18 18:47:14.950,28602.3634
2026-08-18 18:47:15.363,28602.1375
2026-08-18 18:47:15.775,28601.8612
2026-08-18 18:47:16.188,28601.2695
2026-08-18 18:47:16.599,28600.7056
2026-08-18 18:47:17.017,28600.019
2026-08-18 18:47:17.430,28599.1447
2026-08-18 18:47:17.842,28598.1877
2026-08-18 18:47:18.272,28597.6823
2026-08-18 18:47:18.686,28597.3351
2026-08-18 18:47:19.106,28596.8463
2026-08-18 18:47:19.519,28596.1737
2026-08-18 18:47:19.946,28595.7268
2026-08-18 18:47:20.366,28595.3207
2026-08-18 18:47:20.780,28594.7926
2026-08-18 18:47:21.193,28593.954
2026-08-18 18:47:21.606,28593.1285
2026-08-18 18:47:22.018,28592.6871
2026-08-18 18:47:22.483,28591.985
2026-08-18 18:47:22.910,28591.1369
2026-08-18 18:47:23.324,28590.3796
2026-08-18 18:47:23.736,28590.4198
2026-08-18 18:47:24.149,28590.7072
2026-08-18 18:47:24.578,28590.5503
2026-08-18 18:47:24.990,28590.0946
2026-08-18 18:47:25.408,28589.4306
2026-08-18 18:47:25.820,28588.8224
2026-08-18 18:47:26.234,28588.4148
2026-08-18 18:47:26.651,28587.9805
2026-08-18 18:47:27.156,28587.2737
2026-08-18 18:47:27.568,28586.5795
2026-08-18 18:47:27.982,28585.6448
2026-08-18 18:47:28.408,28584.8296
2026-08-18 18:47:28.828,28584.1017
2026-08-18 18:47:29.245,28583.623
2026-08-18 18:47:29.665,28583.4344
2026-08-18 18:47:30.077,28583.1341
2026-08-18 18:47:30.512,28582.7406
2026-08-18 18:47:30.935,28581.9352
2026-08-18 18:47:31.348,28581.2007
2026-08-18 18:47:31.760,28580.8577
2026-08-18 18:47:32.173,28580.6351
2026-08-18 18:47:32.638,28580.5063
2026-08-18 18:47:33.070,28580.0043
2026-08-18 18:47:33.483,28579.4696
2026-08-18 18:47:33.896,28578.7634
2026-08-18 18:47:34.309,28577.9337
2026-08-18 18:47:34.723,28577.1453
2026-08-18 18:47:35.153,28576.3639
2026-08-18 18:47:35.577,28575.4032
2026-08-18 18:47:35.990,28574.4967
2026-08-18 18:47:36.402,28573.3454
2026-08-18 18:47:36.825,28572.2517
2026-08-18 18:47:37.258,28571.5166
2026-08-18 18:47:37.677,28571.3088
2026-08-18 18:47:38.091,28570.9906
2026-08-18 18:47:38.526,28570.2822
2026-08-18 18:47:38.943,28569.8135
2026-08-18 18:47:39.389,28568.99
2026-08-18 18:47:39.803,28567.9432
2026-08-18 18:47:40.215,28566.9879
2026-08-18 18:47:40.627,28566.2935
2026-08-18 18:47:41.039,28566.1393
2026-08-18 18:47:41.474,28566.3721
2026-08-18 18:47:41.888,28566.3964
2026-08-18 18:47:42.305,28566.6216
2026-08-18 18:47:42.717,28566.6368
2026-08-18 18:47:43.146,28566.7324
2026-08-18 18:47:43.584,28566.1641
2026-08-18 18:47:44.020,28565.3324
2026-08-18 18:47:44.433,28564.5325
2026-08-18 18:47:44.853,28563.6312
2026-08-18 18:47:45.267,28562.6447
2026-08-18 18:47:45.690,28561.5288
2026-08-18 18:47:46.103,28560.6649
2026-08-18 18:47:46.517,28559.8716
2026-08-18 18:47:46.929,28559.1287
2026-08-18 18:47:47.342,28558.7442
2026-08-18 18:47:47.756,28558.0757
2026-08-18 18:47:48.229,28557.2053
2026-08-18 18:47:48.641,28556.3904
2026-08-18 18:47:49.067,28556.0435
2026-08-18 18:47:49.479,28555.2257
2026-08-18 18:47:49.891,28554.2015
2026-08-18 18:47:50.303,28553.2613
2026-08-18 18:47:50.731,28552.3738
2026-08-18 18:47:51.143,28551.5279
2026-08-18 18:47:51.556,28550.5884
2026-08-18 18:47:51.973,28549.7793
2026-08-18 18:47:52.434,28548.8456
2026-08-18 18:47:52.851,28547.6851
2026-08-18 18:47:53.275,28546.7974
2026-08-18 18:47:53.688,28546.3135
2026-08-18 18:47:54.101,28546.0635
2026-08-18 18:47:54.514,28545.5972
2026-08-18 18:47:54.940,28544.8757
2026-08-18 18:47:55.351,28544.1152
2026-08-18 18:47:55.779,28543.3523
2026-08-18 18:47:56.191,28542.8882
2026-08-18 18:47:56.614,28541.9932
2026-08-18 18:47:57.044,28540.9335
2026-08-18 18:47:57.463,28539.8181
2026-08-18 18:47:57.875,28538.6287
2026-08-18 18:47:58.316,28537.5473
2026-08-18 18:47:58.729,28536.6128
2026-08-18 18:47:59.158,28535.4718
2026-08-18 18:47:59.571,28534.1991
2026-08-18 18:48:00.000,28533.1409
2026-08-18 18:48:00.422,28532.2653
2026-08-18 18:48:00.835,28531.6398
2026-08-18 18:48:01.254,28531.0902
2026-08-18 18:48:01.666,28530.9123
2026-08-18 18:48:02.078,28529.6816
2026-08-18 18:48:02.500,28528.587
2026-08-18 18:48:02.913,28527.6157
2026-08-18 18:48:03.380,28526.5541
2026-08-18 18:48:03.807,28525.89
2026-08-18 18:48:04.233,28525.09
2026-08-18 18:48:04.653,28524.163
2026-08-18 18:48:05.072,28523.2456
2026-08-18 18:48:05.499,28522.2568
2026-08-18 18:48:05.921,28521.0277
2026-08-18 18:48:06.333,28519.6219
2026-08-18 18:48:06.745,28518.3265
2026-08-18 18:48:07.159,28517.027
2026-08-18 18:48:07.584,28516.1684
2026-08-18 18:48:08.007,28515.2449
2026-08-18 18:48:08.419,28514.0723
2026-08-18 18:48:08.831,28512.879
2026-08-18 18:48:09.243,28511.8074
2026-08-18 18:48:09.657,28510.8156
2026-08-18 18:48:10.071,28510.3332
2026-08-18 18:48:10.507,28509.6992
2026-08-18 18:48:10.919,28509.1527
2026-08-18 18:48:11.331,28508.7146
2026-08-18 18:48:11.745,28508.0502
2026-08-18 18:48:12.205,28507.1764
2026-08-18 18:48:12.623,28505.9557
2026-08-18 18:48:13.039,28504.9513
2026-08-18 18:48:13.452,28503.8499
2026-08-18 18:48:13.865,28502.7552
2026-08-18 18:48:14.278,28501.7936
2026-08-18 18:48:14.711,28500.6157
2026-08-18 18:48:15.125,28499.305
2026-08-18 18:48:15.538,28497.919
2026-08-18 18:48:15.963,28496.5482
2026-08-18 18:48:16.378,28495.2345
2026-08-18 18:48:16.820,28494.2097
2026-08-18 18:48:17.234,28493.3409
2026-08-18 18:48:17.652,28492.4849
2026-08-18 18:48:18.065,28491.4802
2026-08-18 18:48:18.494,28490.3638
2026-08-18 18:48:18.947,28489.1603
2026-08-18 18:48:19.367,28487.8236
2026-08-18 18:48:19.785,28486.598
2026-08-18 18:48:20.197,28485.5
2026-08-18 18:48:20.625,28484.6453
2026-08-18 18:48:21.046,28483.8693
2026-08-18 18:48:21.459,28483.1043
2026-08-18 18:48:21.877,28482.0471
2026-08-18 18:48:22.290,28481.1335
2026-08-18 18:48:22.704,28480.0691
2026-08-18 18:48:23.200,28478.6942
2026-08-18 18:48:23.614,28477.0497
2026-08-18 18:48:24.028,28475.9755
2026-08-18 18:48:24.441,28475.276
2026-08-18 18:48:24.904,28474.6352
2026-08-18 18:48:25.330,28473.805
2026-08-18 18:48:25.743,28472.6356
2026-08-18 18:48:26.179,28471.658
2026-08-18 18:48:26.591,28470.7113
2026-08-18 18:48:27.014,28469.553
2026-08-18 18:48:27.433,28468.2985
2026-08-18 18:48:27.848,28467.2018
2026-08-18 18:48:28.262,28465.8684
2026-08-18 18:48:28.699,28464.5199
2026-08-18 18:48:29.112,28463.2287
2026-08-18 18:48:29.525,28461.8739
2026-08-18 18:48:29.950,28460.5264
2026-08-18 18:48:30.362,28459.6183
2026-08-18 18:48:30.775,28459.0158
2026-08-18 18:48:31.188,28458.0564
2026-08-18 18:48:31.609,28457.0384
2026-08-18 18:48:32.024,28455.6753
2026-08-18 18:48:32.441,28454.1241
2026-08-18 18:48:32.853,28452.6391
2026-08-18 18:48:33.265,28451.5023
2026-08-18 18:48:33.682,28450.4613
2026-08-18 18:48:34.160,28449.5457
2026-08-18 18:48:34.572,28448.4117
2026-08-18 18:48:34.983,28447.4368
2026-08-18 18:48:35.396,28446.2429
2026-08-18 18:48:35.810,28444.9921
2026-08-18 18:48:36.230,28443.6201
2026-08-18 18:48:36.643,28442.3853
2026-08-18 18:48:37.070,28441.1091
2026-08-18 18:48:37.497,28439.6199
2026-08-18 18:48:37.910,28438.1021
2026-08-18 18:48:38.338,28437.5218
2026-08-18 18:48:38.763,28436.9799
2026-08-18 18:48:39.178,28436.1561
2026-08-18 18:48:39.591,28435.8079
2026-08-18 18:48:40.004,28435.3248
2026-08-18 18:48:40.417,28434.5517
2026-08-18 18:48:40.829,28433.5961
2026-08-18 18:48:41.244,28432.7764
2026-08-18 18:48:41.675,28431.9665
2026-08-18 18:48:42.087,28431.4744
2026-08-18 18:48:42.501,28430.9333
2026-08-18 18:48:42.914,28430.3288
2026-08-18 18:48:43.328,28429.7561
2026-08-18 18:48:43.796,28428.9771
2026-08-18 18:48:44.241,28428.0032
2026-08-18 18:48:44.663,28427.2647
2026-08-18 18:48:45.076,28426.611
2026-08-18 18:48:45.498,28426.0379
2026-08-18 18:48:45.923,28424.9559
2026-08-18 18:48:46.335,28423.6356
2026-08-18 18:48:46.749,28422.4032
2026-08-18 18:48:47.170,28421.2005
2026-08-18 18:48:47.585,28419.9056
2026-08-18 18:48:48.050,28418.3599
2026-08-18 18:48:48.465,28417.0708
2026-08-18 18:48:48.878,28416.1103
2026-08-18 18:48:49.303,28415.6338
2026-08-18 18:48:49.716,28415.0944
2026-08-18 18:48:50.143,28414.6694
2026-08-18 18:48:50.571,28414.1843
2026-08-18 18:48:50.992,28413.2881
2026-08-18 18:48:51.411,28411.8443
2026-08-18 18:48:51.825,28410.8185
2026-08-18 18:48:52.253,28409.9734
2026-08-18 18:48:52.666,28408.8217
2026-08-18 18:48:53.078,28407.632
2026-08-18 18:48:53.490,28406.4993
2026-08-18 18:48:53.904,28405.4137
2026-08-18 18:48:54.317,28404.2386
2026-08-18 18:48:54.732,28403.2594
2026-08-18 18:48:55.172,28402.2266
2026-08-18 18:48:55.584,28401.2795
2026-08-18 18:48:55.997,28400.1562
2026-08-18 18:48:56.411,28398.9093
2026-08-18 18:48:56.823,28398.0214
2026-08-18 18:48:57.235,28397.0642
2026-08-18 18:48:57.648,28396.1316
2026-08-18 18:48:58.109,28395.2567
2026-08-18 18:48:58.521,28394.5074
2026-08-18 18:48:58.939,28394.0636
2026-08-18 18:48:59.358,28393.4461
2026-08-18 18:48:59.775,28392.4562
2026-08-18 18:49:00.212,28391.4049
2026-08-18 18:49:00.638,28390.5833
2026-08-18 18:49:01.051,28389.8269
2026-08-18 18:49:01.463,28388.975
2026-08-18 18:49:01.877,28387.6851
2026-08-18 18:49:02.351,28386.2432
2026-08-18 18:49:02.763,28384.8841
2026-08-18 18:49:03.175,28383.7761
2026-08-18 18:49:03.598,28383.1188
2026-08-18 18:49:04.017,28382.2228
2026-08-18 18:49:04.448,28381.3981
2026-08-18 18:49:04.862,28380.6621
2026-08-18 18:49:05.274,28379.7882
2026-08-18 18:49:05.691,28378.869
2026-08-18 18:49:06.106,28377.9728
2026-08-18 18:49:06.532,28377.0954
2026-08-18 18:49:06.945,28376.0909
2026-08-18 18:49:07.371,28375.1047
2026-08-18 18:49:07.783,28374.3989
2026-08-18 18:49:08.244,28373.9927
2026-08-18 18:49:08.661,28373.212
2026-08-18 18:49:09.074,28372.4193
2026-08-18 18:49:09.486,28371.4349
2026-08-18 18:49:09.899,28370.895
2026-08-18 18:49:10.311,28370.4393
2026-08-18 18:49:10.746,28369.6767
2026-08-18 18:49:11.160,28368.8908
2026-08-18 18:49:11.580,28368.2353
2026-08-18 18:49:11.992,28367.3645
2026-08-18 18:49:12.461,28366.4494
2026-08-18 18:49:12.878,28365.1265
2026-08-18 18:49:13.290,28364.0479
2026-08-18 18:49:13.712,28363.0522
2026-08-18 18:49:14.124,28361.7561
2026-08-18 18:49:14.537,28360.4192
2026-08-18 18:49:14.961,28359.3665
2026-08-18 18:49:15.375,28358.3683
2026-08-18 18:49:15.789,28357.3665
2026-08-18 18:49:16.216,28356.3218
2026-08-18 18:49:16.630,28355.3481
2026-08-18 18:49:17.101,28354.3418
2026-08-18 18:49:17.519,28353.0013
2026-08-18 18:49:17.931,28351.7073
2026-08-18 18:49:18.352,28350.5962
2026-08-18 18:49:18.765,28349.3977
2026-08-18 18:49:19.200,28348.3261
2026-08-18 18:49:19.612,28347.115
2026-08-18 18:49:20.034,28345.8445
2026-08-18 18:49:20.446,28344.3931
2026-08-18 18:49:20.859,28342.9753
2026-08-18 18:49:21.297,28342.1306
2026-08-18 18:49:21.710,28341.0545
2026-08-18 18:49:22.130,28339.6213
2026-08-18 18:49:22.548,28338.1609
2026-08-18 18:49:22.961,28336.8525
2026-08-18 18:49:23.391,28335.5763
2026-08-18 18:49:23.805,28334.1764
2026-08-18 18:49:24.217,28332.6994
2026-08-18 18:49:24.629,28331.5026
2026-08-18 18:49:25.042,28330.6603
2026-08-18 18:49:25.470,28329.3456
2026-08-18 18:49:25.951,28328.2256
2026-08-18 18:49:26.379,28327.1979
2026-08-18 18:49:26.791,28325.9998
2026-08-18 18:49:27.205,28325.1525
2026-08-18 18:49:27.637,28324.1305
2026-08-18 18:49:28.059,28323.0877
2026-08-18 18:49:28.471,28322.0063
2026-08-18 18:49:28.906,28320.8453
2026-08-18 18:49:29.319,28319.4501
2026-08-18 18:49:29.745,28318.0715
2026-08-18 18:49:30.163,28316.5692
2026-08-18 18:49:30.576,28315.014
2026-08-18 18:49:30.987,28313.4137
2026-08-18 18:49:31.400,28311.8349
2026-08-18 18:49:31.813,28310.1492
2026-08-18 18:49:32.278,28308.1442
2026-08-18 18:49:32.696,28306.4028
2026-08-18 18:49:33.159,28304.4559
2026-08-18 18:49:33.603,28302.6529
2026-08-18 18:49:34.018,28301.0808
2026-08-18 18:49:34.430,28299.6018
2026-08-18 18:49:34.842,28297.8482
2026-08-18 18:49:35.284,28296.0557
2026-08-18 18:49:35.698,28294.5764
2026-08-18 18:49:36.124,28293.0899
2026-08-18 18:49:36.546,28291.4073
2026-08-18 18:49:36.963,28289.6108
2026-08-18 18:49:37.395,28288.0316
2026-08-18 18:49:37.832,28286.1246
2026-08-18 18:49:38.247,28284.4521
2026-08-18 18:49:38.661,28282.9851
2026-08-18 18:49:39.082,28281.4723
2026-08-18 18:49:39.499,28279.7019
2026-08-18 18:49:39.912,28277.938
2026-08-18 18:49:40.324,28276.1544
2026-08-18 18:49:40.736,28274.2609
2026-08-18 18:49:41.171,28272.4796
2026-08-18 18:49:41.603,28270.7577
2026-08-18 18:49:42.016,28268.8441
2026-08-18 18:49:42.442,28266.9346
2026-08-18 18:49:42.854,28265.2809
2026-08-18 18:49:43.276,28263.7153
2026-08-18 18:49:43.709,28262.2171
2026-08-18 18:49:44.121,28260.5763
2026-08-18 18:49:44.535,28258.9692
2026-08-18 18:49:44.948,28257.4333
2026-08-18 18:49:45.409,28255.8115
2026-08-18 18:49:45.837,28254.0899
2026-08-18 18:49:46.249,28252.8443
2026-08-18 18:49:46.690,28251.3735
2026-08-18 18:49:47.107,28249.8877
2026-08-18 18:49:47.524,28248.7523
2026-08-18 18:49:47.945,28247.7241
2026-08-18 18:49:48.358,28246.5358
2026-08-18 18:49:48.771,28245.205
2026-08-18 18:49:49.184,28243.9213
2026-08-18 18:49:49.595,28242.4812
2026-08-18 18:49:50.016,28241.3229
2026-08-18 18:49:50.428,28240.0981
2026-08-18 18:49:50.840,28238.7001
2026-08-18 18:49:51.252,28237.1366
2026-08-18 18:49:51.665,28235.5563
2026-08-18 18:49:52.077,28233.8264
2026-08-18 18:49:52.494,28232.0197
2026-08-18 18:49:52.908,28229.9031
2026-08-18 18:49:53.320,28227.6488
2026-08-18 18:49:53.738,28225.4148
2026-08-18 18:49:54.151,28223.1801
2026-08-18 18:49:54.565,28221.0486
2026-08-18 18:49:54.978,28218.8985
2026-08-18 18:49:55.391,28216.6139
2026-08-18 18:49:55.812,28214.4009
2026-08-18 18:49:56.240,28212.3064
2026-08-18 18:49:56.660,28210.4848
2026-08-18 18:49:57.078,28208.5272
2026-08-18 18:49:57.490,28206.5851
2026-08-18 18:49:57.920,28204.4993
2026-08-18 18:49:58.344,28202.3113
2026-08-18 18:49:58.757,28200.2142
2026-08-18 18:49:59.179,28198.1447
2026-08-18 18:49:59.596,28195.887
2026-08-18 18:50:00.014,28193.7113
2026-08-18 18:50:00.428,28192.0235
2026-08-18 18:50:00.869,28190.7034
2026-08-18 18:50:01.283,28189.3219
2026-08-18 18:50:01.698,28188.4293
2026-08-18 18:50:02.111,28186.6006
2026-08-18 18:50:02.525,28184.4123
2026-08-18 18:50:02.998,28182.2463
2026-08-18 18:50:03.420,28180.1176
2026-08-18 18:50:03.834,28178.1287
2026-08-18 18:50:04.252,28176.0626
2026-08-18 18:50:04.663,28173.7836
2026-08-18 18:50:05.082,28171.6873
2026-08-18 18:50:05.495,28169.692
2026-08-18 18:50:05.909,28167.7867
2026-08-18 18:50:06.346,28165.7056
2026-08-18 18:50:06.758,28163.6634
2026-08-18 18:50:07.191,28161.4424
2026-08-18 18:50:07.603,28159.0947
2026-08-18 18:50:08.016,28156.7984
2026-08-18 18:50:08.432,28154.3182
2026-08-18 18:50:08.844,28151.7673
2026-08-18 18:50:09.255,28149.3192
2026-08-18 18:50:09.731,28146.7486
2026-08-18 18:50:10.145,28144.5147
2026-08-18 18:50:10.557,28142.5301
2026-08-18 18:50:10.984,28140.5475
2026-08-18 18:50:11.396,28138.2703
2026-08-18 18:50:11.808,28136.0168
2026-08-18 18:50:12.222,28133.8271
2026-08-18 18:50:12.639,28131.8068
2026-08-18 18:50:13.052,28130.1103
2026-08-18 18:50:13.464,28128.8047
2026-08-18 18:50:13.883,28128.0022
2026-08-18 18:50:14.300,28127.6739
2026-08-18 18:50:14.717,28128.3268
2026-08-18 18:50:15.146,28122.8373
2026-08-18 18:50:15.583,28119.0537
2026-08-18 18:50:15.995,28116.2009
2026-08-18 18:50:16.422,28113.5913
2026-08-18 18:50:16.834,28111.4694
2026-08-18 18:50:17.267,28109.3028
2026-08-18 18:50:17.681,28107.4132
2026-08-18 18:50:18.093,28105.6724
2026-08-18 18:50:18.506,28103.8682
2026-08-18 18:50:18.919,28101.881
2026-08-18 18:50:19.358,28099.6446
2026-08-18 18:50:19.780,28097.2747
2026-08-18 18:50:20.192,28094.9688
2026-08-18 18:50:20.606,28092.8299
2026-08-18 18:50:21.067,28090.62
2026-08-18 18:50:21.484,28088.3132
2026-08-18 18:50:21.899,28086.1991
2026-08-18 18:50:22.311,28084.0908
2026-08-18 18:50:22.726,28082.1583
2026-08-18 18:50:23.142,28079.913
2026-08-18 18:50:23.575,28077.6504
2026-08-18 18:50:23.989,28075.4014
2026-08-18 18:50:24.413,28073.2915
2026-08-18 18:50:24.825,28071.3389
2026-08-18 18:50:25.239,28069.3506
2026-08-18 18:50:25.664,28067.2424
2026-08-18 18:50:26.078,28065.04
2026-08-18 18:50:26.498,28062.8662
2026-08-18 18:50:26.911,28060.6299
2026-08-18 18:50:27.376,28058.3547
2026-08-18 18:50:27.795,28055.714
2026-08-18 18:50:28.208,28053.4783
2026-08-18 18:50:28.619,28051.2942
2026-08-18 18:50:29.046,28049.0811
2026-08-18 18:50:29.466,28046.8105
2026-08-18 18:50:29.893,28044.6379
2026-08-18 18:50:30.305,28042.3565
2026-08-18 18:50:30.719,28040.1269
2026-08-18 18:50:31.132,28037.8093
2026-08-18 18:50:31.561,28035.5252
2026-08-18 18:50:31.994,28033.3582
2026-08-18 18:50:32.416,28031.0284
2026-08-18 18:50:32.829,28028.8089
2026-08-18 18:50:33.259,28026.4536
2026-08-18 18:50:33.683,28024.1687
2026-08-18 18:50:34.099,28021.8359
2026-08-18 18:50:34.527,28019.3434
2026-08-18 18:50:34.954,28017.0991
2026-08-18 18:50:35.367,28014.5762
2026-08-18 18:50:35.780,28012.1548
2026-08-18 18:50:36.205,28009.8071
2026-08-18 18:50:36.618,28007.4465
2026-08-18 18:50:37.039,28005.3522
2026-08-18 18:50:37.451,28003.2452
2026-08-18 18:50:37.863,28001.2227
2026-08-18 18:50:38.342,27999.1065
2026-08-18 18:50:38.760,27997.0936
2026-08-18 18:50:39.172,27995.2657
2026-08-18 18:50:39.602,27993.7796
2026-08-18 18:50:40.015,27992.2161
2026-08-18 18:50:40.436,27990.6578
2026-08-18 18:50:40.850,27989.2894
2026-08-18 18:50:41.263,27987.6506
2026-08-18 18:50:41.676,27986.0931
2026-08-18 18:50:42.111,27984.4292
2026-08-18 18:50:42.538,27982.784
2026-08-18 18:50:42.952,27981.3313
2026-08-18 18:50:43.371,27979.7419
2026-08-18 18:50:43.787,27977.9058
2026-08-18 18:50:44.198,27976.1785
2026-08-18 18:50:44.642,27974.5349
2026-08-18 18:50:45.054,27972.8269
2026-08-18 18:50:45.468,27971.2256
2026-08-18 18:50:45.894,27969.7034
2026-08-18 18:50:46.355,27968.0776
2026-08-18 18:50:46.786,27966.3995
2026-08-18 18:50:47.198,27965.0146
2026-08-18 18:50:47.612,27963.4334
2026-08-18 18:50:48.025,27961.603
2026-08-18 18:50:48.437,27959.8969
2026-08-18 18:50:48.860,27958.1808
2026-08-18 18:50:49.273,27956.3333
2026-08-18 18:50:49.686,27954.4488
2026-08-18 18:50:50.098,27952.6438
2026-08-18 18:50:50.512,27950.9298
2026-08-18 18:50:50.978,27948.9472
2026-08-18 18:50:51.405,27947.1505
2026-08-18 18:50:51.818,27945.6337
2026-08-18 18:50:52.232,27944.4468
2026-08-18 18:50:52.643,27943.8359
2026-08-18 18:50:53.073,27945.5399
2026-08-18 18:50:53.500,27945.3781
2026-08-18 18:50:53.912,27943.2116
2026-08-18 18:50:54.334,27946.4404
2026-08-18 18:50:54.747,27941.703
2026-08-18 18:50:55.177,27943.9033
2026-08-18 18:50:55.600,27940.3031
2026-08-18 18:50:56.013,27935.8132
2026-08-18 18:50:56.440,27934.6307
2026-08-18 18:50:56.854,27936.3902
2026-08-18 18:50:57.284,27931.7307
2026-08-18 18:50:57.696,27927.595
2026-08-18 18:50:58.114,27925.1021
2026-08-18 18:50:58.535,27923.5137
2026-08-18 18:50:58.946,27922.7944
2026-08-18 18:50:59.407,27926.2671
2026-08-18 18:50:59.820,27930.4033
2026-08-18 18:51:00.234,27934.474
2026-08-18 18:51:00.652,27938.6533
2026-08-18 18:51:01.064,27933.8877
2026-08-18 18:51:01.502,27921.6577
2026-08-18 18:51:01.916,27915.197
2026-08-18 18:51:02.344,27912.273
2026-08-18 18:51:02.770,27911.5842
2026-08-18 18:51:03.190,27914.7244
2026-08-18 18:51:03.610,27909.6151
2026-08-18 18:51:04.024,27904.5948
2026-08-18 18:51:04.436,27902.2188
2026-08-18 18:51:04.848,27900.0497
2026-08-18 18:51:05.276,27898.0431
2026-08-18 18:51:05.753,27896.0073
2026-08-18 18:51:06.167,27894.7369
2026-08-18 18:51:06.578,27894.8627
2026-08-18 18:51:07.006,27891.7211
2026-08-18 18:51:07.428,27889.4909
2026-08-18 18:51:07.856,27887.751
2026-08-18 18:51:08.268,27886.1148
2026-08-18 18:51:08.680,27884.7947
2026-08-18 18:51:09.094,27883.3972
2026-08-18 18:51:09.511,27881.9537
2026-08-18 18:51:09.930,27880.4928
2026-08-18 18:51:10.342,27878.9308
2026-08-18 18:51:10.779,27877.2132
2026-08-18 18:51:11.198,27875.4
2026-08-18 18:51:11.612,27873.7423
2026-08-18 18:51:12.041,27872.3206
2026-08-18 18:51:12.467,27870.6629
2026-08-18 18:51:12.880,27868.9526
2026-08-18 18:51:13.292,27867.2802
2026-08-18 18:51:13.704,27865.5841
2026-08-18 18:51:14.165,27864.0604
2026-08-18 18:51:14.578,27862.6642
2026-08-18 18:51:15.004,27861.5493
2026-08-18 18:51:15.418,27860.6535
2026-08-18 18:51:15.830,27859.6817
2026-08-18 18:51:16.260,27858.6548
2026-08-18 18:51:16.674,27857.4797
2026-08-18 18:51:17.092,27856.3607
2026-08-18 18:51:17.504,27854.7847
2026-08-18 18:51:17.918,27853.4509
2026-08-18 18:51:18.330,27852.0469
2026-08-18 18:51:18.796,27850.3008
2026-08-18 18:51:19.219,27848.7523
2026-08-18 18:51:19.682,27846.8721
2026-08-18 18:51:20.125,27845.1954
2026-08-18 18:51:20.537,27843.8858
2026-08-18 18:51:20.997,27842.4126
2026-08-18 18:51:21.421,27841.2778
2026-08-18 18:51:21.838,27840.0851
2026-08-18 18:51:22.254,27838.7353
2026-08-18 18:51:22.667,27837.4289
2026-08-18 18:51:23.098,27836.1159
2026-08-18 18:51:23.512,27835.0227
2026-08-18 18:51:23.924,27834.206
2026-08-18 18:51:24.337,27833.2191
2026-08-18 18:51:24.766,27832.1854
2026-08-18 18:51:25.201,27831.386
2026-08-18 18:51:25.624,27830.6011
2026-08-18 18:51:26.038,27829.6428
2026-08-18 18:51:26.450,27828.8608
2026-08-18 18:51:26.863,27827.9101
2026-08-18 18:51:27.306,27826.7568
2026-08-18 18:51:27.728,27825.3639
2026-08-18 18:51:28.144,27824.2982
2026-08-18 18:51:28.557,27823.8461
2026-08-18 18:51:28.979,27823.7722
2026-08-18 18:51:29.410,27823.4723
2026-08-18 18:51:29.828,27823.0826
2026-08-18 18:51:30.241,27822.5136
2026-08-18 18:51:30.670,27821.4412
2026-08-18 18:51:31.085,27820.7807
2026-08-18 18:51:31.522,27819.7502
2026-08-18 18:51:31.945,27825.8102
2026-08-18 18:51:32.361,27832.6993
2026-08-18 18:51:32.774,27829.1741
2026-08-18 18:51:33.187,27819.7265
2026-08-18 18:51:33.627,27816.2116
2026-08-18 18:51:34.058,27813.483
2026-08-18 18:51:34.485,27811.4641
2026-08-18 18:51:34.897,27809.7883
2026-08-18 18:51:35.326,27808.2777
2026-08-18 18:51:35.740,27807.0297
2026-08-18 18:51:36.158,27805.7286
2026-08-18 18:51:36.571,27804.5122
2026-08-18 18:51:36.984,27802.9234
2026-08-18 18:51:37.396,27800.949
2026-08-18 18:51:37.837,27799.4918
2026-08-18 18:51:38.251,27798.0319
2026-08-18 18:51:38.663,27797.2191
2026-08-18 18:51:39.075,27796.0751
2026-08-18 18:51:39.487,27794.9263
2026-08-18 18:51:39.900,27794.0233
2026-08-18 18:51:40.365,27793.0425
2026-08-18 18:51:40.782,27792.1862
2026-08-18 18:51:41.243,27791.0979
2026-08-18 18:51:41.687,27789.8047
2026-08-18 18:51:42.100,27788.4372
2026-08-18 18:51:42.512,27787.3644
2026-08-18 18:51:42.977,27786.3423
2026-08-18 18:51:43.411,27785.3376
2026-08-18 18:51:43.825,27784.9597
2026-08-18 18:51:44.237,27784.2057
2026-08-18 18:51:44.648,27783.6641
2026-08-18 18:51:45.062,27783.0718
2026-08-18 18:51:45.490,27782.1621
2026-08-18 18:51:45.902,27781.2058
2026-08-18 18:51:46.329,27780.2936
2026-08-18 18:51:46.743,27779.0041
2026-08-18 18:51:47.155,27777.7893
2026-08-18 18:51:47.596,27776.6391
2026-08-18 18:51:48.009,27775.443
2026-08-18 18:51:48.422,27774.2876
2026-08-18 18:51:48.835,27773.2654
2026-08-18 18:51:49.250,27772.2673
2026-08-18 18:51:49.663,27771.2041
2026-08-18 18:51:50.128,27769.8046
2026-08-18 18:51:50.547,27768.4396
2026-08-18 18:51:51.010,27767.0701
2026-08-18 18:51:51.427,27765.6654
2026-08-18 18:51:51.840,27764.4338
2026-08-18 18:51:52.262,27763.2186
2026-08-18 18:51:52.675,27762.3868
2026-08-18 18:51:53.087,27761.2166
2026-08-18 18:51:53.513,27760.0426
2026-08-18 18:51:53.932,27758.994
2026-08-18 18:51:54.350,27757.9336
2026-08-18 18:51:54.764,27756.9889
2026-08-18 18:51:55.177,27755.9942
2026-08-18 18:51:55.591,27754.957
2026-08-18 18:51:56.019,27754.1126
2026-08-18 18:51:56.457,27756.3939
2026-08-18 18:51:56.876,27754.0388
2026-08-18 18:51:57.288,27751.8572
2026-08-18 18:51:57.719,27750.8858
2026-08-18 18:51:58.145,27750.1399
2026-08-18 18:51:58.559,27749.5739
2026-08-18 18:51:58.986,27749.4874
2026-08-18 18:51:59.399,27750.4026
2026-08-18 18:51:59.812,27756.0318
2026-08-18 18:52:00.224,27754.3143
2026-08-18 18:52:00.651,27743.4709
2026-08-18 18:52:01.077,27739.8882
2026-08-18 18:52:01.498,27737.5571
2026-08-18 18:52:01.911,27735.9803
2026-08-18 18:52:02.339,27734.8978
2026-08-18 18:52:02.758,27734.2962
2026-08-18 18:52:03.174,27733.4994
2026-08-18 18:52:03.593,27732.7864
2026-08-18 18:52:04.005,27731.9317
2026-08-18 18:52:04.419,27731.3297
2026-08-18 18:52:04.845,27730.8887
2026-08-18 18:52:05.262,27730.3778
2026-08-18 18:52:05.688,27730.1246
2026-08-18 18:52:06.114,27729.884
2026-08-18 18:52:06.531,27729.5803
2026-08-18 18:52:06.944,27729.384
2026-08-18 18:52:07.371,27729.19
2026-08-18 18:52:07.784,27728.9575
2026-08-18 18:52:08.208,27728.6874
2026-08-18 18:52:08.620,27728.4902
2026-08-18 18:52:09.047,27728.1635
2026-08-18 18:52:09.467,27728.1349
2026-08-18 18:52:09.885,27728.0729
2026-08-18 18:52:10.309,27728.1497
2026-08-18 18:52:10.721,27727.8976
2026-08-18 18:52:11.134,27727.4426
2026-08-18 18:52:11.600,27726.8086
2026-08-18 18:52:12.015,27726.3687
2026-08-18 18:52:12.428,27726.5338
2026-08-18 18:52:12.865,27726.5224
2026-08-18 18:52:13.277,27726.6165
2026-08-18 18:52:13.693,27726.7384
2026-08-18 18:52:14.106,27726.7124
2026-08-18 18:52:14.519,27726.2855
2026-08-18 18:52:14.933,27725.7927
2026-08-18 18:52:15.409,27725.2009
2026-08-18 18:52:15.838,27724.5561
2026-08-18 18:52:16.252,27723.9859
2026-08-18 18:52:16.673,27723.3868
2026-08-18 18:52:17.086,27722.7369
2026-08-18 18:52:17.510,27722.1677
2026-08-18 18:52:17.928,27721.6521
2026-08-18 18:52:18.340,27721.1469
2026-08-18 18:52:18.753,27720.6872
2026-08-18 18:52:19.166,27720.0988
2026-08-18 18:52:19.580,27719.4679
2026-08-18 18:52:19.999,27719.0697
2026-08-18 18:52:20.490,27718.3647
2026-08-18 18:52:20.903,27717.6913
2026-08-18 18:52:21.328,27717.2414
2026-08-18 18:52:21.741,27716.7166
2026-08-18 18:52:22.178,27716.5157
2026-08-18 18:52:22.596,27716.1313
2026-08-18 18:52:23.009,27716.2517
2026-08-18 18:52:23.432,27716.2244
2026-08-18 18:52:23.846,27716.6113
2026-08-18 18:52:24.277,27716.8302
2026-08-18 18:52:24.689,27716.8422
2026-08-18 18:52:25.103,27716.8756
2026-08-18 18:52:25.531,27716.7433
2026-08-18 18:52:25.953,27716.5952
2026-08-18 18:52:26.387,27716.3118
2026-08-18 18:52:26.803,27716.153
2026-08-18 18:52:27.220,27715.8868
2026-08-18 18:52:27.633,27715.7099
2026-08-18 18:52:28.046,27715.4829
2026-08-18 18:52:28.490,27715.1536
2026-08-18 18:52:28.902,27714.8477
2026-08-18 18:52:29.315,27714.7547
2026-08-18 18:52:29.727,27714.8791
2026-08-18 18:52:30.139,27715.8643
2026-08-18 18:52:30.553,27717.6345
2026-08-18 18:52:30.971,27718.3051
2026-08-18 18:52:31.388,27718.4867
2026-08-18 18:52:31.804,27718.8528
2026-08-18 18:52:32.217,27719.1719
2026-08-18 18:52:32.641,27719.0764
2026-08-18 18:52:33.053,27718.9491
2026-08-18 18:52:33.465,27718.8626
2026-08-18 18:52:33.878,27718.7711
2026-08-18 18:52:34.304,27718.9005
2026-08-18 18:52:34.716,27718.9565
2026-08-18 18:52:35.129,27719.4077
2026-08-18 18:52:35.558,27720.076
2026-08-18 18:52:35.970,27720.661
2026-08-18 18:52:36.402,27721.3004
2026-08-18 18:52:36.815,27722.3833
2026-08-18 18:52:37.231,27723.4041
2026-08-18 18:52:37.645,27724.4647
2026-08-18 18:52:38.073,27725.4616
2026-08-18 18:52:38.509,27726.5651
2026-08-18 18:52:38.938,27727.9335
2026-08-18 18:52:39.350,27729.2239
2026-08-18 18:52:39.790,27730.689
2026-08-18 18:52:40.203,27731.8631
2026-08-18 18:52:40.620,27732.9086
2026-08-18 18:52:41.033,27733.9051
2026-08-18 18:52:41.446,27734.9028
2026-08-18 18:52:41.873,27735.7724
2026-08-18 18:52:42.286,27736.706
2026-08-18 18:52:42.728,27737.986
2026-08-18 18:52:43.141,27739.6289
2026-08-18 18:52:43.566,27741.2819
2026-08-18 18:52:43.986,27742.9262
2026-08-18 18:52:44.405,27744.2084
2026-08-18 18:52:44.834,27744.8678
2026-08-18 18:52:45.247,27745.2529
2026-08-18 18:52:45.661,27745.2389
2026-08-18 18:52:46.082,27744.7392
2026-08-18 18:52:46.546,27744.2749
2026-08-18 18:52:46.964,27743.1724
2026-08-18 18:52:47.376,27740.9686
2026-08-18 18:52:47.788,27737.9001
2026-08-18 18:52:48.202,27737.0297
2026-08-18 18:52:48.621,27736.9015
2026-08-18 18:52:49.046,27737.2389
2026-08-18 18:52:49.469,27737.608
2026-08-18 18:52:49.883,27738.1456
2026-08-18 18:52:50.307,27738.6586
2026-08-18 18:52:50.719,27738.8799
2026-08-18 18:52:51.148,27738.9745
2026-08-18 18:52:51.562,27739.1883
2026-08-18 18:52:51.975,27739.5074
2026-08-18 18:52:52.388,27740.0937
2026-08-18 18:52:52.810,27740.4208
2026-08-18 18:52:53.291,27740.5593
2026-08-18 18:52:53.704,27740.7746
2026-08-18 18:52:54.116,27740.9441
2026-08-18 18:52:54.528,27740.7612
2026-08-18 18:52:54.955,27740.7409
2026-08-18 18:52:55.371,27740.9584
2026-08-18 18:52:55.810,27741.3473
2026-08-18 18:52:56.227,27742.2315
2026-08-18 18:52:56.644,27743.3414
2026-08-18 18:52:57.057,27744.2177
2026-08-18 18:52:57.485,27744.9037
2026-08-18 18:52:57.899,27745.727
2026-08-18 18:52:58.311,27746.6381
2026-08-18 18:52:58.730,27750.3123
2026-08-18 18:52:59.143,27752.3292
2026-08-18 18:52:59.573,27749.5159
2026-08-18 18:53:00.000,27749.1532
2026-08-18 18:53:00.414,27751.777
2026-08-18 18:53:00.828,27756.7694
2026-08-18 18:53:01.239,27758.3636
2026-08-18 18:53:01.657,27764.0411
2026-08-18 18:53:02.076,27768.473
2026-08-18 18:53:02.503,27771.8906
2026-08-18 18:53:02.927,27774.572
2026-08-18 18:53:03.346,27775.0338
2026-08-18 18:53:03.759,27768.8281
2026-08-18 18:53:04.181,27763.2337
2026-08-18 18:53:04.594,27760.5727
2026-08-18 18:53:05.063,27759.3086
2026-08-18 18:53:05.479,27758.6075
2026-08-18 18:53:05.908,27758.2204
2026-08-18 18:53:06.322,27757.6831
2026-08-18 18:53:06.738,27757.2568
2026-08-18 18:53:07.154,27757.1939
2026-08-18 18:53:07.572,27757.5619
2026-08-18 18:53:07.989,27757.6776
2026-08-18 18:53:08.410,27758.2296
2026-08-18 18:53:08.824,27758.4937
2026-08-18 18:53:09.237,27758.557
2026-08-18 18:53:09.679,27758.6136
2026-08-18 18:53:10.093,27758.7379
2026-08-18 18:53:10.513,27758.8597
2026-08-18 18:53:10.926,27758.8265
2026-08-18 18:53:11.389,27758.9201
2026-08-18 18:53:11.808,27759.1689
2026-08-18 18:53:12.220,27759.3947
2026-08-18 18:53:12.647,27759.646
2026-08-18 18:53:13.060,27759.9146
2026-08-18 18:53:13.471,27760.2615
2026-08-18 18:53:13.900,27760.6983
2026-08-18 18:53:14.329,27761.2971
2026-08-18 18:53:14.754,27761.7111
2026-08-18 18:53:15.167,27762.2492
2026-08-18 18:53:15.594,27763.0363
2026-08-18 18:53:16.007,27763.5531
2026-08-18 18:53:16.437,27764.0419
2026-08-18 18:53:16.862,27764.4521
2026-08-18 18:53:17.274,27765.2939
2026-08-18 18:53:17.686,27766.1264
2026-08-18 18:53:18.111,27766.8137
2026-08-18 18:53:18.525,27767.9074
2026-08-18 18:53:18.938,27768.8851
2026-08-18 18:53:19.363,27769.4947
2026-08-18 18:53:19.775,27769.9179
2026-08-18 18:53:20.200,27770.7881
2026-08-18 18:53:20.616,27772.7479
2026-08-18 18:53:21.028,27774.4351
2026-08-18 18:53:21.441,27775.356
2026-08-18 18:53:21.859,27776.1954
2026-08-18 18:53:22.283,27777.1937
2026-08-18 18:53:22.695,27778.3485
2026-08-18 18:53:23.124,27779.685
2026-08-18 18:53:23.536,27781.4638
2026-08-18 18:53:23.969,27783.0395
2026-08-18 18:53:24.386,27784.5656
2026-08-18 18:53:24.797,27785.531
2026-08-18 18:53:25.226,27786.3424
2026-08-18 18:53:25.640,27787.2688
2026-08-18 18:53:26.082,27788.317
2026-08-18 18:53:26.501,27789.8556
2026-08-18 18:53:26.914,27791.1687
2026-08-18 18:53:27.352,27792.5763
2026-08-18 18:53:27.764,27793.7135
2026-08-18 18:53:28.185,27794.5534
2026-08-18 18:53:28.599,27795.3636
2026-08-18 18:53:29.012,27796.3676
2026-08-18 18:53:29.447,27797.4588
2026-08-18 18:53:29.864,27798.3222
2026-08-18 18:53:30.292,27799.4043
2026-08-18 18:53:30.705,27800.4619
2026-08-18 18:53:31.129,27801.5959
2026-08-18 18:53:31.541,27802.5906
2026-08-18 18:53:31.954,27803.5175
2026-08-18 18:53:32.419,27804.432
2026-08-18 18:53:32.832,27805.3188
2026-08-18 18:53:33.259,27806.9686
2026-08-18 18:53:33.673,27808.7368
2026-08-18 18:53:34.099,27810.4999
2026-08-18 18:53:34.516,27812.0006
2026-08-18 18:53:34.929,27813.0873
2026-08-18 18:53:35.342,27814.257
2026-08-18 18:53:35.756,27815.4211
2026-08-18 18:53:36.168,27816.9579
2026-08-18 18:53:36.580,27818.466
2026-08-18 18:53:36.994,27819.9334
2026-08-18 18:53:37.406,27821.2635
2026-08-18 18:53:37.890,27823.7294
2026-08-18 18:53:38.304,27824.5141
2026-08-18 18:53:38.717,27825.5599
2026-08-18 18:53:39.131,27827.1153
2026-08-18 18:53:39.544,27828.7972
2026-08-18 18:53:39.958,27830.4384
2026-08-18 18:53:40.387,27832.104
2026-08-18 18:53:40.805,27833.7023
2026-08-18 18:53:41.219,27835.3107
2026-08-18 18:53:41.645,27837.0548
2026-08-18 18:53:42.066,27838.6283
2026-08-18 18:53:42.478,27839.9927
2026-08-18 18:53:42.910,27841.4453
2026-08-18 18:53:43.323,27842.5673
2026-08-18 18:53:43.736,27843.7151
2026-08-18 18:53:44.150,27844.8475
2026-08-18 18:53:44.563,27845.8493
2026-08-18 18:53:44.998,27846.7099
2026-08-18 18:53:45.410,27847.7908
2026-08-18 18:53:45.839,27848.7113
2026-08-18 18:53:46.265,27849.5315
2026-08-18 18:53:46.682,27850.8046
2026-08-18 18:53:47.096,27852.6174
2026-08-18 18:53:47.515,27853.8791
2026-08-18 18:53:47.941,27854.8907
2026-08-18 18:53:48.354,27856.3495
2026-08-18 18:53:48.776,27857.7234
2026-08-18 18:53:49.194,27858.7921
2026-08-18 18:53:49.622,27860.0128
2026-08-18 18:53:50.049,27861.6115
2026-08-18 18:53:50.463,27862.7945
2026-08-18 18:53:50.876,27863.7765
2026-08-18 18:53:51.290,27864.8479
2026-08-18 18:53:51.755,27866.1258
2026-08-18 18:53:52.168,27867.0628
2026-08-18 18:53:52.596,27868.3332
2026-08-18 18:53:53.008,27869.6272
2026-08-18 18:53:53.421,27870.7243
2026-08-18 18:53:53.843,27871.9085
2026-08-18 18:53:54.255,27873.5555
2026-08-18 18:53:54.667,27875.4306
2026-08-18 18:53:55.087,27877.3862
2026-08-18 18:53:55.551,27879.6339
2026-08-18 18:53:55.968,27882.0881
2026-08-18 18:53:56.386,27883.7295
2026-08-18 18:53:56.802,27885.3368
2026-08-18 18:53:57.215,27886.8084
2026-08-18 18:53:57.653,27888.3151
2026-08-18 18:53:58.066,27889.5814
2026-08-18 18:53:58.479,27890.6611
2026-08-18 18:53:58.893,27892.1765
2026-08-18 18:53:59.318,27893.7964
2026-08-18 18:53:59.729,27895.4038
2026-08-18 18:54:00.162,27896.5821
2026-08-18 18:54:00.587,27897.8368
2026-08-18 18:54:01.000,27899.3072
2026-08-18 18:54:01.437,27900.7943
2026-08-18 18:54:01.855,27902.4977
2026-08-18 18:54:02.286,27904.2025
2026-08-18 18:54:02.706,27905.8028
2026-08-18 18:54:03.118,27907.5326
2026-08-18 18:54:03.532,27908.9049
2026-08-18 18:54:03.959,27910.07
2026-08-18 18:54:04.381,27911.4168
2026-08-18 18:54:04.809,27912.8552
2026-08-18 18:54:05.221,27914.1828
2026-08-18 18:54:05.633,27915.4738
2026-08-18 18:54:06.046,27916.9423
2026-08-18 18:54:06.526,27918.4842
2026-08-18 18:54:06.938,27919.9836
2026-08-18 18:54:07.351,27921.519
2026-08-18 18:54:07.766,27923.1243
2026-08-18 18:54:08.182,27924.6628
2026-08-18 18:54:08.600,27926.2424
2026-08-18 18:54:09.013,27928.158
2026-08-18 18:54:09.440,27930.1068
2026-08-18 18:54:09.853,27932.3089
2026-08-18 18:54:10.265,27934.4193
2026-08-18 18:54:10.703,27936.2813
2026-08-18 18:54:11.126,27938.1193
2026-08-18 18:54:11.540,27940.1204
2026-08-18 18:54:11.980,27942.1106
2026-08-18 18:54:12.392,27943.9616
2026-08-18 18:54:12.810,27945.4692
2026-08-18 18:54:13.222,27947.1882
2026-08-18 18:54:13.649,27948.6056
2026-08-18 18:54:14.060,27950.2238
2026-08-18 18:54:14.473,27951.8932
2026-08-18 18:54:14.885,27953.6447
2026-08-18 18:54:15.300,27955.4141
2026-08-18 18:54:15.721,27957.3765
2026-08-18 18:54:16.138,27959.5183
2026-08-18 18:54:16.553,27961.5564
2026-08-18 18:54:16.966,27963.5212
2026-08-18 18:54:17.379,27964.9155
2026-08-18 18:54:17.849,27966.4947
2026-08-18 18:54:18.292,27968.1506
2026-08-18 18:54:18.705,27969.5301
2026-08-18 18:54:19.121,27970.7365
2026-08-18 18:54:19.539,27972.2119
2026-08-18 18:54:19.969,27973.7891
2026-08-18 18:54:20.382,27975.4374
2026-08-18 18:54:20.796,27976.6891
2026-08-18 18:54:21.208,27977.9636
2026-08-18 18:54:21.633,27979.5183
2026-08-18 18:54:22.094,27981.5747
2026-08-18 18:54:22.505,27983.4044
2026-08-18 18:54:22.920,27985.1562
2026-08-18 18:54:23.333,27986.6729
2026-08-18 18:54:23.746,27988.1705
2026-08-18 18:54:24.227,27989.8615
2026-08-18 18:54:24.655,27991.3464
2026-08-18 18:54:25.072,27992.8767
2026-08-18 18:54:25.487,27994.1967
2026-08-18 18:54:25.902,27995.9542
2026-08-18 18:54:26.314,27997.8119
2026-08-18 18:54:26.728,27999.3628
2026-08-18 18:54:27.142,28000.7473
2026-08-18 18:54:27.559,28002.5375
2026-08-18 18:54:27.976,28004.5284
2026-08-18 18:54:28.409,28006.1039
2026-08-18 18:54:28.824,28007.6718
2026-08-18 18:54:29.244,28009.1513
2026-08-18 18:54:29.656,28010.8518
2026-08-18 18:54:30.119,28012.4806
2026-08-18 18:54:30.538,28014.4722
2026-08-18 18:54:30.951,28015.962
2026-08-18 18:54:31.364,28017.5616
2026-08-18 18:54:31.777,28019.1626
2026-08-18 18:54:32.189,28020.8378
2026-08-18 18:54:32.630,28022.8995
2026-08-18 18:54:33.044,28025.113
2026-08-18 18:54:33.457,28027.0823
2026-08-18 18:54:33.871,28029.0535
2026-08-18 18:54:34.333,28030.719
2026-08-18 18:54:34.753,28032.6673
2026-08-18 18:54:35.165,28034.1747
2026-08-18 18:54:35.592,28035.792
2026-08-18 18:54:36.004,28037.5833
2026-08-18 18:54:36.416,28039.3591
2026-08-18 18:54:36.835,28041.6005
2026-08-18 18:54:37.247,28043.7859
2026-08-18 18:54:37.667,28046.0291
2026-08-18 18:54:38.079,28048.0405
2026-08-18 18:54:38.492,28050.0126
2026-08-18 18:54:38.908,28052.0132
2026-08-18 18:54:39.398,28054.436
2026-08-18 18:54:39.813,28056.4314
2026-08-18 18:54:40.225,28058.4385
2026-08-18 18:54:40.654,28060.5583
2026-08-18 18:54:41.083,28062.2957
2026-08-18 18:54:41.496,28063.791
2026-08-18 18:54:41.924,28065.1254
2026-08-18 18:54:42.337,28066.5097
2026-08-18 18:54:42.750,28067.9977
2026-08-18 18:54:43.188,28069.5021
2026-08-18 18:54:43.601,28071.3442
2026-08-18 18:54:44.014,28073.0873
2026-08-18 18:54:44.428,28074.5418
2026-08-18 18:54:44.843,28075.9623
2026-08-18 18:54:45.257,28077.2122
2026-08-18 18:54:45.674,28078.3405
2026-08-18 18:54:46.087,28079.5097
2026-08-18 18:54:46.500,28080.8675
2026-08-18 18:54:46.914,28082.3272
2026-08-18 18:54:47.327,28084.2204
2026-08-18 18:54:47.741,28086.1476
2026-08-18 18:54:48.153,28087.972
2026-08-18 18:54:48.616,28089.8604
2026-08-18 18:54:49.041,28091.886
2026-08-18 18:54:49.458,28093.518
2026-08-18 18:54:49.870,28095.0105
2026-08-18 18:54:50.299,28095.7629
2026-08-18 18:54:50.711,28096.7027
2026-08-18 18:54:51.128,28098.0255
2026-08-18 18:54:51.545,28099.6042
2026-08-18 18:54:51.957,28101.5315
2026-08-18 18:54:52.383,28103.7051
2026-08-18 18:54:52.794,28105.4496
2026-08-18 18:54:53.222,28107.0268
2026-08-18 18:54:53.635,28108.4046
2026-08-18 18:54:54.059,28109.7829
2026-08-18 18:54:54.472,28111.3434
2026-08-18 18:54:54.893,28112.7882
2026-08-18 18:54:55.321,28114.2562
2026-08-18 18:54:55.745,28115.7273
2026-08-18 18:54:56.157,28117.5398
2026-08-18 18:54:56.570,28119.3062
2026-08-18 18:54:56.997,28120.7999
2026-08-18 18:54:57.418,28122.426
2026-08-18 18:54:57.831,28124.1289
2026-08-18 18:54:58.254,28125.8024
2026-08-18 18:54:58.673,28127.6452
2026-08-18 18:54:59.087,28129.432
2026-08-18 18:54:59.523,28131.0528
2026-08-18 18:54:59.935,28132.4287
2026-08-18 18:55:00.347,28134.0111
2026-08-18 18:55:00.763,28135.6448
2026-08-18 18:55:01.225,28137.6642
2026-08-18 18:55:01.657,28139.5149
2026-08-18 18:55:02.069,28141.1138
2026-08-18 18:55:02.482,28142.5261
2026-08-18 18:55:02.897,28144.0702
2026-08-18 18:55:03.310,28145.9981
2026-08-18 18:55:03.740,28148.2302
2026-08-18 18:55:04.152,28150.4884
2026-08-18 18:55:04.572,28152.6933
2026-08-18 18:55:04.988,28155.2456
2026-08-18 18:55:05.450,28157.5698
2026-08-18 18:55:05.869,28159.743
2026-08-18 18:55:06.283,28162.027
2026-08-18 18:55:06.712,28164.1362
2026-08-18 18:55:07.124,28166.2266
2026-08-18 18:55:07.539,28168.4385
2026-08-18 18:55:07.972,28170.2038
2026-08-18 18:55:08.384,28171.9699
2026-08-18 18:55:08.809,28173.5712
2026-08-18 18:55:09.223,28175.1557
2026-08-18 18:55:09.656,28176.8498
2026-08-18 18:55:10.070,28178.095
2026-08-18 18:55:10.495,28179.2622
2026-08-18 18:55:10.907,28180.8281
2026-08-18 18:55:11.329,28182.3034
2026-08-18 18:55:11.747,28183.7256
2026-08-18 18:55:12.171,28184.9412
2026-08-18 18:55:12.598,28186.2623
2026-08-18 18:55:13.016,28187.749
2026-08-18 18:55:13.434,28189.0899
2026-08-18 18:55:13.847,28190.6162
2026-08-18 18:55:14.293,28192.1579
2026-08-18 18:55:14.707,28193.652
2026-08-18 18:55:15.119,28195.1079
2026-08-18 18:55:15.532,28196.6382
2026-08-18 18:55:15.944,28198.5838
2026-08-18 18:55:16.358,28200.3638
2026-08-18 18:55:16.770,28202.2646
2026-08-18 18:55:17.182,28203.9158
2026-08-18 18:55:17.595,28205.4373
2026-08-18 18:55:18.030,28207.0296
2026-08-18 18:55:18.454,28208.5181
2026-08-18 18:55:18.867,28209.9835
2026-08-18 18:55:19.290,28211.3524
2026-08-18 18:55:19.751,28213.0814
2026-08-18 18:55:20.169,28215.0535
2026-08-18 18:55:20.598,28217.0257
2026-08-18 18:55:21.011,28218.5477
2026-08-18 18:55:21.424,28219.9076
2026-08-18 18:55:21.851,28221.2877
2026-08-18 18:55:22.273,28222.6112
2026-08-18 18:55:22.686,28224.0556
2026-08-18 18:55:23.113,28225.4296
2026-08-18 18:55:23.529,28226.9389
2026-08-18 18:55:23.946,28228.4255
2026-08-18 18:55:24.370,28231.041
2026-08-18 18:55:24.863,28234.97
2026-08-18 18:55:25.276,28236.9888
2026-08-18 18:55:25.746,28238.7848
2026-08-18 18:55:26.158,28240.1749
2026-08-18 18:55:26.572,28241.4731
2026-08-18 18:55:26.985,28242.5697
2026-08-18 18:55:27.454,28243.7207
2026-08-18 18:55:27.879,28245.1753
2026-08-18 18:55:28.292,28246.6144
2026-08-18 18:55:28.722,28248.0392
2026-08-18 18:55:29.135,28249.2424
2026-08-18 18:55:29.554,28250.6269
2026-08-18 18:55:29.983,28252.2406
2026-08-18 18:55:30.396,28254.2051
2026-08-18 18:55:30.809,28255.8229
2026-08-18 18:55:31.222,28257.2816
2026-08-18 18:55:31.634,28258.8648
2026-08-18 18:55:32.048,28260.8392
2026-08-18 18:55:32.466,28263.031
2026-08-18 18:55:32.887,28265.0606
2026-08-18 18:55:33.299,28267.3794
2026-08-18 18:55:33.718,28269.4002
2026-08-18 18:55:34.154,28271.5423
2026-08-18 18:55:34.575,28273.6666
2026-08-18 18:55:34.992,28275.862
2026-08-18 18:55:35.406,28277.562
2026-08-18 18:55:35.830,28279.4054
2026-08-18 18:55:36.247,28281.2421
2026-08-18 18:55:36.659,28283.3006
2026-08-18 18:55:37.073,28285.7582
2026-08-18 18:55:37.485,28288.3185
2026-08-18 18:55:37.903,28290.5373
2026-08-18 18:55:38.380,28293.5972
2026-08-18 18:55:38.848,28296.1423
2026-08-18 18:55:39.261,28299.0349
2026-08-18 18:55:39.674,28301.6219
2026-08-18 18:55:40.093,28303.8692
2026-08-18 18:55:40.510,28306.4642
2026-08-18 18:55:40.924,28308.9322
2026-08-18 18:55:41.350,28311.4132
2026-08-18 18:55:41.781,28314.1642
2026-08-18 18:55:42.195,28316.7756
2026-08-18 18:55:42.609,28319.4482
2026-08-18 18:55:43.028,28322.1121
2026-08-18 18:55:43.440,28324.9589
2026-08-18 18:55:43.868,28327.3464
2026-08-18 18:55:44.284,28329.601
2026-08-18 18:55:44.702,28331.7285
2026-08-18 18:55:45.163,28334.0797
2026-08-18 18:55:45.577,28336.401
2026-08-18 18:55:46.003,28338.8374
2026-08-18 18:55:46.418,28341.5614
2026-08-18 18:55:46.835,28344.1817
2026-08-18 18:55:47.245,28346.8065
2026-08-18 18:55:47.658,28349.3146
2026-08-18 18:55:48.070,28351.657
2026-08-18 18:55:48.515,28354.2384
2026-08-18 18:55:48.928,28356.5447
2026-08-18 18:55:49.340,28358.6995
2026-08-18 18:55:49.753,28360.895
2026-08-18 18:55:50.167,28363.053
2026-08-18 18:55:50.590,28365.2113
2026-08-18 18:55:51.007,28367.4296
2026-08-18 18:55:51.421,28369.8964
2026-08-18 18:55:51.852,28372.2384
2026-08-18 18:55:52.271,28374.8562
2026-08-18 18:55:52.685,28377.211
2026-08-18 18:55:53.098,28379.6901
2026-08-18 18:55:53.511,28382.7309
2026-08-18 18:55:53.958,28385.6549
2026-08-18 18:55:54.372,28388.7557
2026-08-18 18:55:54.786,28391.2334
2026-08-18 18:55:55.198,28393.4569
2026-08-18 18:55:55.610,28395.9239
2026-08-18 18:55:56.040,28398.1201
2026-08-18 18:55:56.535,28400.6943
2026-08-18 18:55:56.948,28402.9349
2026-08-18 18:55:57.366,28405.3988
2026-08-18 18:55:57.778,28407.8566
2026-08-18 18:55:58.238,28411.7482
2026-08-18 18:55:58.666,28424.1456
2026-08-18 18:55:59.079,28419.4521
2026-08-18 18:55:59.502,28416.5775
2026-08-18 18:55:59.920,28416.6798
2026-08-18 18:56:00.355,28418.0074
2026-08-18 18:56:00.782,28419.6232
2026-08-18 18:56:01.200,28421.5893
2026-08-18 18:56:01.614,28423.3715
2026-08-18 18:56:02.041,28425.5674
2026-08-18 18:56:02.453,28427.4964
2026-08-18 18:56:02.866,28429.354
2026-08-18 18:56:03.299,28431.0482
2026-08-18 18:56:03.724,28433.3725
2026-08-18 18:56:04.138,28435.7856
2026-08-18 18:56:04.550,28438.1948
2026-08-18 18:56:04.964,28440.8683
2026-08-18 18:56:05.378,28443.2964
2026-08-18 18:56:05.809,28444.9729
2026-08-18 18:56:06.222,28446.8123
2026-08-18 18:56:06.636,28448.6544
2026-08-18 18:56:07.061,28450.5004
2026-08-18 18:56:07.478,28452.7942
2026-08-18 18:56:07.890,28454.8635
2026-08-18 18:56:08.302,28457.1973
2026-08-18 18:56:08.717,28459.3077
2026-08-18 18:56:09.159,28461.4012
2026-08-18 18:56:09.572,28463.5425
2026-08-18 18:56:09.997,28465.7076
2026-08-18 18:56:10.410,28467.8268
2026-08-18 18:56:10.848,28469.8678
2026-08-18 18:56:11.277,28471.8939
2026-08-18 18:56:11.704,28474.1335
2026-08-18 18:56:12.116,28477.2562
2026-08-18 18:56:12.528,28479.6281
2026-08-18 18:56:12.941,28481.327
2026-08-18 18:56:13.356,28483.2534
2026-08-18 18:56:13.769,28485.5838
2026-08-18 18:56:14.234,28488.9491
2026-08-18 18:56:14.670,28491.6767
2026-08-18 18:56:15.083,28494.322
2026-08-18 18:56:15.497,28496.8747
2026-08-18 18:56:15.909,28500.2717
2026-08-18 18:56:16.352,28503.2935
2026-08-18 18:56:16.770,28505.1769
2026-08-18 18:56:17.187,28508.3398
2026-08-18 18:56:17.599,28509.6183
2026-08-18 18:56:18.076,28513.2017
2026-08-18 18:56:18.493,28516.4281
2026-08-18 18:56:18.905,28519.6995
2026-08-18 18:56:19.318,28522.4899
2026-08-18 18:56:19.730,28525.461
2026-08-18 18:56:20.144,28528.0485
2026-08-18 18:56:20.571,28533.3247
2026-08-18 18:56:20.985,28537.9832
2026-08-18 18:56:21.411,28540.0494
2026-08-18 18:56:21.824,28539.743
2026-08-18 18:56:22.236,28539.4789
2026-08-18 18:56:22.661,28539.737
2026-08-18 18:56:23.078,28539.445
2026-08-18 18:56:23.555,28540.2507
2026-08-18 18:56:23.973,28541.536
2026-08-18 18:56:24.391,28543.0078
2026-08-18 18:56:24.805,28544.6599
2026-08-18 18:56:25.217,28546.6354
2026-08-18 18:56:25.660,28549.1499
2026-08-18 18:56:26.089,28551.4762
2026-08-18 18:56:26.515,28553.3659
2026-08-18 18:56:26.928,28555.4692
2026-08-18 18:56:27.349,28557.1951
2026-08-18 18:56:27.763,28559.1811
2026-08-18 18:56:28.208,28561.3404
2026-08-18 18:56:28.621,28563.7685
2026-08-18 18:56:29.034,28565.8871
2026-08-18 18:56:29.446,28567.7193
2026-08-18 18:56:29.874,28569.8976
2026-08-18 18:56:30.291,28572.7389
2026-08-18 18:56:30.703,28574.9754
2026-08-18 18:56:31.115,28577.3351
2026-08-18 18:56:31.534,28580.6233
2026-08-18 18:56:31.946,28583.1045
2026-08-18 18:56:32.360,28585.6977
2026-08-18 18:56:32.771,28588.387
2026-08-18 18:56:33.186,28590.9809
2026-08-18 18:56:33.599,28593.0413
2026-08-18 18:56:34.023,28595.3179
2026-08-18 18:56:34.436,28597.4965
2026-08-18 18:56:34.854,28599.6873
2026-08-18 18:56:35.276,28601.7464
2026-08-18 18:56:35.690,28604.0289
2026-08-18 18:56:36.103,28606.9005
2026-08-18 18:56:36.516,28610.1619
2026-08-18 18:56:36.929,28613.022
2026-08-18 18:56:37.343,28616.2035
2026-08-18 18:56:37.760,28618.8644
2026-08-18 18:56:38.201,28621.343
2026-08-18 18:56:38.615,28623.8633
2026-08-18 18:56:39.028,28626.3298
2026-08-18 18:56:39.440,28628.7127
2026-08-18 18:56:39.854,28631.0879
2026-08-18 18:56:40.266,28633.4419
2026-08-18 18:56:40.679,28636.6956
2026-08-18 18:56:41.093,28640.3189
2026-08-18 18:56:41.509,28643.7179
2026-08-18 18:56:41.942,28646.461
2026-08-18 18:56:42.355,28650.4289
2026-08-18 18:56:42.778,28654.3538
2026-08-18 18:56:43.190,28657.9366
2026-08-18 18:56:43.614,28661.172
2026-08-18 18:56:44.027,28664.3742
2026-08-18 18:56:44.450,28667.6055
2026-08-18 18:56:44.881,28670.7816
2026-08-18 18:56:45.295,28673.9373
2026-08-18 18:56:45.716,28676.9125
2026-08-18 18:56:46.130,28680.2603
2026-08-18 18:56:46.557,28683.6941
2026-08-18 18:56:46.969,28686.6357
2026-08-18 18:56:47.381,28689.601
2026-08-18 18:56:47.809,28692.5579
2026-08-18 18:56:48.235,28695.7856
2026-08-18 18:56:48.654,28698.8821
2026-08-18 18:56:49.072,28702.1436
2026-08-18 18:56:49.485,28705.0254
2026-08-18 18:56:49.951,28708.5992
2026-08-18 18:56:50.379,28712.0567
2026-08-18 18:56:50.792,28715.4271
2026-08-18 18:56:51.205,28718.8347
2026-08-18 18:56:51.621,28721.9521
2026-08-18 18:56:52.060,28724.9039
2026-08-18 18:56:52.488,28727.8891
2026-08-18 18:56:52.901,28731.1238
2026-08-18 18:56:53.313,28733.7567
2026-08-18 18:56:53.728,28736.5042
2026-08-18 18:56:54.141,28739.6592
2026-08-18 18:56:54.565,28742.7967
2026-08-18 18:56:54.976,28745.6765
2026-08-18 18:56:55.389,28748.2616
2026-08-18 18:56:55.820,28751.0601
2026-08-18 18:56:56.233,28754.041
2026-08-18 18:56:56.646,28757.0671
2026-08-18 18:56:57.058,28760.9859
2026-08-18 18:56:57.471,28763.5228
2026-08-18 18:56:57.885,28766.2616
2026-08-18 18:56:58.304,28769.703
2026-08-18 18:56:58.722,28773.3284
2026-08-18 18:56:59.139,28779.3031
2026-08-18 18:56:59.553,28783.77
2026-08-18 18:56:59.967,28787.9847
2026-08-18 18:57:00.379,28795.2614
2026-08-18 18:57:00.797,28800.6438
2026-08-18 18:57:01.216,28804.2897
2026-08-18 18:57:01.650,28805.5158
2026-08-18 18:57:02.062,28806.2192
2026-08-18 18:57:02.475,28804.8467
2026-08-18 18:57:02.887,28805.7952
2026-08-18 18:57:03.299,28807.4913
2026-08-18 18:57:03.712,28809.7087
2026-08-18 18:57:04.125,28812.2376
2026-08-18 18:57:04.538,28814.82
2026-08-18 18:57:04.950,28817.3091
2026-08-18 18:57:05.362,28820.1576
2026-08-18 18:57:05.778,28823.0856
2026-08-18 18:57:06.208,28826.2093
2026-08-18 18:57:06.620,28829.368
2026-08-18 18:57:07.034,28832.6343
2026-08-18 18:57:07.453,28835.4662
2026-08-18 18:57:07.866,28838.1206
2026-08-18 18:57:08.285,28840.7684
2026-08-18 18:57:08.703,28843.3633
2026-08-18 18:57:09.147,28845.5676
2026-08-18 18:57:09.566,28848.7054
2026-08-18 18:57:09.983,28851.4736
2026-08-18 18:57:10.396,28854.2197
2026-08-18 18:57:10.879,28856.9566
2026-08-18 18:57:11.312,28859.9075
2026-08-18 18:57:11.723,28862.6034
2026-08-18 18:57:12.137,28865.6255
2026-08-18 18:57:12.550,28868.3911
2026-08-18 18:57:12.963,28871.2677
2026-08-18 18:57:13.379,28874.5746
2026-08-18 18:57:13.794,28877.5051
2026-08-18 18:57:14.236,28880.57
2026-08-18 18:57:14.661,28883.511
2026-08-18 18:57:15.074,28886.7182
2026-08-18 18:57:15.486,28889.6913
2026-08-18 18:57:15.956,28892.2982
2026-08-18 18:57:16.374,28895.262
2026-08-18 18:57:16.786,28898.359
2026-08-18 18:57:17.200,28901.5828
2026-08-18 18:57:17.612,28905.4359
2026-08-18 18:57:18.040,28909.129
2026-08-18 18:57:18.508,28912.4468
2026-08-18 18:57:18.921,28915.0955
2026-08-18 18:57:19.333,28917.5402
2026-08-18 18:57:19.745,28919.6344
2026-08-18 18:57:20.157,28921.7371
2026-08-18 18:57:20.569,28924.2326
2026-08-18 18:57:20.980,28926.7574
2026-08-18 18:57:21.393,28929.4747
2026-08-18 18:57:21.841,28932.4781
2026-08-18 18:57:22.255,28935.0381
2026-08-18 18:57:22.675,28937.524
2026-08-18 18:57:23.088,28940.0423
2026-08-18 18:57:23.561,28943.0579
2026-08-18 18:57:23.974,28945.5805
2026-08-18 18:57:24.387,28947.9414
2026-08-18 18:57:24.799,28950.4128
2026-08-18 18:57:25.212,28952.7459
2026-08-18 18:57:25.625,28955.0046
2026-08-18 18:57:26.049,28957.1871
2026-08-18 18:57:26.514,28959.7683
2026-08-18 18:57:26.927,28961.89
2026-08-18 18:57:27.352,28964.1578
2026-08-18 18:57:27.766,28966.5577
2026-08-18 18:57:28.179,28968.7619
2026-08-18 18:57:28.624,28970.7052
2026-08-18 18:57:29.038,28972.8933
2026-08-18 18:57:29.451,28974.7316
2026-08-18 18:57:29.887,28976.6438
2026-08-18 18:57:30.301,28978.5319
2026-08-18 18:57:30.713,28980.665
2026-08-18 18:57:31.135,28982.9146
2026-08-18 18:57:31.569,28984.9216
2026-08-18 18:57:31.985,28986.9732
2026-08-18 18:57:32.397,28989.2875
2026-08-18 18:57:32.809,28991.3725
2026-08-18 18:57:33.222,28993.3304
2026-08-18 18:57:33.635,28995.5275
2026-08-18 18:57:34.048,28997.5782
2026-08-18 18:57:34.466,28999.8059
2026-08-18 18:57:34.879,29002.2388
2026-08-18 18:57:35.297,29004.5123
2026-08-18 18:57:35.710,29006.7672
2026-08-18 18:57:36.122,29009.111
2026-08-18 18:57:36.540,29012.2205
2026-08-18 18:57:36.954,29015.3155
2026-08-18 18:57:37.374,29017.9962
2026-08-18 18:57:37.788,29020.4334
2026-08-18 18:57:38.216,29022.8178
2026-08-18 18:57:38.640,29024.9054
2026-08-18 18:57:39.054,29026.9574
2026-08-18 18:57:39.466,29029.1868
2026-08-18 18:57:39.893,29031.3296
2026-08-18 18:57:40.306,29033.6535
2026-08-18 18:57:40.718,29035.8231
2026-08-18 18:57:41.155,29038.322
2026-08-18 18:57:41.567,29040.7195
2026-08-18 18:57:41.979,29043.1545
2026-08-18 18:57:42.399,29045.7499
2026-08-18 18:57:42.811,29048.2752
2026-08-18 18:57:43.289,29050.8909
2026-08-18 18:57:43.702,29053.3294
2026-08-18 18:57:44.129,29056.2228
2026-08-18 18:57:44.551,29059.1591
2026-08-18 18:57:44.968,29061.997
2026-08-18 18:57:45.407,29064.6898
2026-08-18 18:57:45.830,29067.9779
2026-08-18 18:57:46.243,29071.0948
2026-08-18 18:57:46.679,29074.4582
2026-08-18 18:57:47.093,29076.9402
2026-08-18 18:57:47.506,29079.278
2026-08-18 18:57:47.919,29081.7904
2026-08-18 18:57:48.346,29084.2785
2026-08-18 18:57:48.770,29087.1051
2026-08-18 18:57:49.184,29090.4294
2026-08-18 18:57:49.595,29093.744
2026-08-18 18:57:50.008,29096.6104
2026-08-18 18:57:50.475,29099.4827
2026-08-18 18:57:50.887,29101.9618
2026-08-18 18:57:51.300,29104.2229
2026-08-18 18:57:51.714,29106.4847
2026-08-18 18:57:52.127,29108.801
2026-08-18 18:57:52.555,29111.377
2026-08-18 18:57:52.967,29114.3379
2026-08-18 18:57:53.446,29117.8848
2026-08-18 18:57:53.860,29120.9987
2026-08-18 18:57:54.273,29123.726
2026-08-18 18:57:54.686,29126.9518
2026-08-18 18:57:55.100,29130.2282
2026-08-18 18:57:55.512,29133.2866
2026-08-18 18:57:55.924,29135.9489
2026-08-18 18:57:56.370,29138.3772
2026-08-18 18:57:56.784,29140.9924
2026-08-18 18:57:57.198,29143.9171
2026-08-18 18:57:57.609,29146.6707
2026-08-18 18:57:58.035,29149.52
2026-08-18 18:57:58.452,29152.2337
2026-08-18 18:57:58.868,29155.0469
2026-08-18 18:57:59.306,29157.782
2026-08-18 18:57:59.720,29160.8286
2026-08-18 18:58:00.132,29163.5416
2026-08-18 18:58:00.544,29166.0012
2026-08-18 18:58:00.957,29168.8718
2026-08-18 18:58:01.431,29171.7843
2026-08-18 18:58:01.847,29174.6097
2026-08-18 18:58:02.260,29178.3169
2026-08-18 18:58:02.688,29181.7198
2026-08-18 18:58:03.112,29184.7793
2026-08-18 18:58:03.544,29187.9151
2026-08-18 18:58:03.964,29190.9875
2026-08-18 18:58:04.384,29194.0167
2026-08-18 18:58:04.800,29197.4939
2026-08-18 18:58:05.220,29200.7053
2026-08-18 18:58:05.699,29204.1923
2026-08-18 18:58:06.116,29207.4975
2026-08-18 18:58:06.529,29210.4802
2026-08-18 18:58:06.944,29213.3479
2026-08-18 18:58:07.357,29216.2567
2026-08-18 18:58:07.812,29219.1928
2026-08-18 18:58:08.227,29222.3253
2026-08-18 18:58:08.653,29225.2862
2026-08-18 18:58:09.068,29227.9747
2026-08-18 18:58:09.483,29230.8762
2026-08-18 18:58:09.895,29234.1703
2026-08-18 18:58:10.309,29237.1586
2026-08-18 18:58:10.722,29240.0772
2026-08-18 18:58:11.187,29243.0079
2026-08-18 18:58:11.615,29245.7168
2026-08-18 18:58:12.033,29248.2869
2026-08-18 18:58:12.447,29250.7552
2026-08-18 18:58:12.920,29253.4988
2026-08-18 18:58:13.348,29256.4955
2026-08-18 18:58:13.765,29259.6499
2026-08-18 18:58:14.193,29262.7527
2026-08-18 18:58:14.605,29265.8659
2026-08-18 18:58:15.035,29269.1364
2026-08-18 18:58:15.446,29272.5333
2026-08-18 18:58:15.860,29275.422
2026-08-18 18:58:16.288,29278.6133
2026-08-18 18:58:16.701,29281.5761
2026-08-18 18:58:17.114,29284.5084
2026-08-18 18:58:17.611,29288.0558
2026-08-18 18:58:18.024,29291.1117
2026-08-18 18:58:18.436,29293.9973
2026-08-18 18:58:18.860,29296.514
2026-08-18 18:58:19.339,29299.2807
2026-08-18 18:58:19.751,29301.6496
2026-08-18 18:58:20.165,29303.8572
2026-08-18 18:58:20.578,29306.3733
2026-08-18 18:58:20.992,29308.7299
2026-08-18 18:58:21.429,29311.0549
2026-08-18 18:58:21.842,29313.707
2026-08-18 18:58:22.256,29316.7065
2026-08-18 18:58:22.671,29319.6007
2026-08-18 18:58:23.086,29322.2172
2026-08-18 18:58:23.551,29325.4039
2026-08-18 18:58:23.997,29328.5368
2026-08-18 18:58:24.410,29331.4134
2026-08-18 18:58:24.824,29333.8465
2026-08-18 18:58:25.290,29336.8144
2026-08-18 18:58:25.714,29339.7134
2026-08-18 18:58:26.128,29342.8925
2026-08-18 18:58:26.539,29345.7643
2026-08-18 18:58:26.953,29348.2271
2026-08-18 18:58:27.373,29350.5903
2026-08-18 18:58:27.811,29353.0814
2026-08-18 18:58:28.227,29355.4738
2026-08-18 18:58:28.640,29357.8754
2026-08-18 18:58:29.051,29360.6391
2026-08-18 18:58:29.464,29363.5559
2026-08-18 18:58:29.877,29366.1909
2026-08-18 18:58:30.291,29368.5234
2026-08-18 18:58:30.703,29370.8775
2026-08-18 18:58:31.122,29373.4742
2026-08-18 18:58:31.536,29376.1883
2026-08-18 18:58:31.949,29378.52
2026-08-18 18:58:32.378,29381.2137
2026-08-18 18:58:32.798,29383.9666
2026-08-18 18:58:33.212,29386.7684
2026-08-18 18:58:33.625,29389.5544
2026-08-18 18:58:34.038,29392.2891
2026-08-18 18:58:34.463,29394.7725
2026-08-18 18:58:34.876,29397.2535
2026-08-18 18:58:35.290,29400.3704
2026-08-18 18:58:35.753,29401.6411
2026-08-18 18:58:36.171,29403.5468
2026-08-18 18:58:36.583,29405.6092
2026-08-18 18:58:36.996,29407.8211
2026-08-18 18:58:37.410,29410.0127
2026-08-18 18:58:37.838,29412.3023
2026-08-18 18:58:38.251,29414.7861
2026-08-18 18:58:38.679,29417.1774
2026-08-18 18:58:39.096,29419.407
2026-08-18 18:58:39.511,29421.4946
2026-08-18 18:58:39.925,29423.5476
2026-08-18 18:58:40.337,29425.4014
2026-08-18 18:58:40.760,29427.2127
2026-08-18 18:58:41.177,29429.0242
2026-08-18 18:58:41.591,29430.8372
2026-08-18 18:58:42.056,29433.7979
2026-08-18 18:58:42.470,29436.2422
2026-08-18 18:58:42.886,29438.6322
2026-08-18 18:58:43.298,29441.1261
2026-08-18 18:58:43.710,29443.227
2026-08-18 18:58:44.182,29445.2134
2026-08-18 18:58:44.627,29447.1623
2026-08-18 18:58:45.040,29448.7141
2026-08-18 18:58:45.454,29450.6113
2026-08-18 18:58:45.871,29452.653
2026-08-18 18:58:46.283,29454.5137
2026-08-18 18:58:46.698,29456.2911
2026-08-18 18:58:47.113,29457.9915
2026-08-18 18:58:47.530,29459.8921
2026-08-18 18:58:47.944,29462.0192
2026-08-18 18:58:48.356,29464.3004
2026-08-18 18:58:48.771,29467.1796
2026-08-18 18:58:49.184,29469.9131
2026-08-18 18:58:49.611,29472.6122
2026-08-18 18:58:50.035,29475.1073
2026-08-18 18:58:50.452,29477.7311
2026-08-18 18:58:50.874,29480.4905
2026-08-18 18:58:51.301,29483.5366
2026-08-18 18:58:51.720,29486.2864
2026-08-18 18:58:52.132,29488.943
2026-08-18 18:58:52.557,29491.5084
2026-08-18 18:58:52.970,29493.8012
2026-08-18 18:58:53.384,29495.8343
2026-08-18 18:58:53.824,29497.7855
2026-08-18 18:58:54.237,29499.721
2026-08-18 18:58:54.648,29501.4413
2026-08-18 18:58:55.062,29503.367
2026-08-18 18:58:55.475,29505.6886
2026-08-18 18:58:55.958,29507.9887
2026-08-18 18:58:56.403,29510.4761
2026-08-18 18:58:56.830,29513.0031
2026-08-18 18:58:57.243,29515.8529
2026-08-18 18:58:57.668,29518.5707
2026-08-18 18:58:58.085,29521.3442
2026-08-18 18:58:58.499,29524.163
2026-08-18 18:58:58.979,29527.1347
2026-08-18 18:58:59.392,29529.5713
2026-08-18 18:58:59.829,29532.1038
2026-08-18 18:59:00.244,29534.6957
2026-08-18 18:59:00.656,29536.8709
2026-08-18 18:59:01.083,29539.1604
2026-08-18 18:59:01.501,29541.8607
2026-08-18 18:59:01.914,29544.2214
2026-08-18 18:59:02.326,29546.2134
2026-08-18 18:59:02.739,29547.8866
2026-08-18 18:59:03.152,29549.6205
2026-08-18 18:59:03.576,29551.3566
2026-08-18 18:59:03.992,29553.0377
2026-08-18 18:59:04.404,29554.7104
2026-08-18 18:59:04.840,29556.5545
2026-08-18 18:59:05.255,29558.7551
2026-08-18 18:59:05.669,29561.2082
2026-08-18 18:59:06.090,29563.5911
2026-08-18 18:59:06.504,29565.9785
2026-08-18 18:59:06.938,29568.1385
2026-08-18 18:59:07.350,29570.1874
2026-08-18 18:59:07.764,29572.0408
2026-08-18 18:59:08.177,29573.8057
2026-08-18 18:59:08.590,29575.5066
2026-08-18 18:59:09.003,29577.3775
2026-08-18 18:59:09.421,29579.0517
2026-08-18 18:59:09.834,29580.6257
2026-08-18 18:59:10.259,29582.4617
2026-08-18 18:59:10.685,29584.3436
2026-08-18 18:59:11.098,29586.1129
2026-08-18 18:59:11.512,29587.7317
2026-08-18 18:59:11.924,29589.3998
2026-08-18 18:59:12.337,29591.2991
2026-08-18 18:59:12.749,29593.6515
2026-08-18 18:59:13.163,29596.0446
2026-08-18 18:59:13.577,29597.9974
2026-08-18 18:59:13.991,29600.1847
2026-08-18 18:59:14.417,29602.3399
2026-08-18 18:59:14.835,29604.0978
2026-08-18 18:59:15.249,29606.3321
2026-08-18 18:59:15.676,29608.4696
2026-08-18 18:59:16.101,29610.7104
2026-08-18 18:59:16.513,29613.1527
2026-08-18 18:59:16.946,29615.4901
2026-08-18 18:59:17.388,29617.359
2026-08-18 18:59:17.803,29619.4296
2026-08-18 18:59:18.217,29621.5896
2026-08-18 18:59:18.629,29623.3689
2026-08-18 18:59:19.042,29625.0193
2026-08-18 18:59:19.467,29626.6564
2026-08-18 18:59:19.884,29628.5086
2026-08-18 18:59:20.295,29630.1896
2026-08-18 18:59:20.723,29631.7328
2026-08-18 18:59:21.142,29633.3801
2026-08-18 18:59:21.555,29635.0877
2026-08-18 18:59:21.967,29636.7413
2026-08-18 18:59:22.380,29638.2303
2026-08-18 18:59:22.795,29639.8898
2026-08-18 18:59:23.241,29641.4571
2026-08-18 18:59:23.655,29643.0828
2026-08-18 18:59:24.080,29644.5706
2026-08-18 18:59:24.493,29645.9324
2026-08-18 18:59:24.906,29647.3192
2026-08-18 18:59:25.382,29649.0998
2026-08-18 18:59:25.794,29650.4959
2026-08-18 18:59:26.206,29652.0912
2026-08-18 18:59:26.628,29653.6397
2026-08-18 18:59:27.044,29654.9279
2026-08-18 18:59:27.475,29656.224
2026-08-18 18:59:27.888,29657.5395
2026-08-18 18:59:28.300,29658.6671
2026-08-18 18:59:28.713,29659.8964
2026-08-18 18:59:29.126,29661.1595
2026-08-18 18:59:29.538,29662.4488
2026-08-18 18:59:29.951,29663.38
2026-08-18 18:59:30.367,29664.3983
2026-08-18 18:59:30.779,29665.1842
2026-08-18 18:59:31.209,29666.1208
2026-08-18 18:59:31.621,29667.0964
2026-08-18 18:59:32.065,29668.2838
2026-08-18 18:59:32.478,29669.4844
2026-08-18 18:59:32.902,29670.555
2026-08-18 18:59:33.314,29671.6793
2026-08-18 18:59:33.741,29672.8298
2026-08-18 18:59:34.184,29673.717
2026-08-18 18:59:34.596,29674.6564
2026-08-18 18:59:35.010,29675.865
2026-08-18 18:59:35.423,29677.512
2026-08-18 18:59:35.836,29678.9594
2026-08-18 18:59:36.252,29680.3874
2026-08-18 18:59:36.669,29681.8073
2026-08-18 18:59:37.082,29683.2772
2026-08-18 18:59:37.548,29684.5606
2026-08-18 18:59:37.983,29685.8524
2026-08-18 18:59:38.396,29687.0613
2026-08-18 18:59:38.807,29688.0459
2026-08-18 18:59:39.221,29689.1587
2026-08-18 18:59:39.639,29690.14
2026-08-18 18:59:40.071,29691.3504
2026-08-18 18:59:40.484,29692.4451
2026-08-18 18:59:40.896,29693.6007
2026-08-18 18:59:41.309,29694.9016
2026-08-18 18:59:41.723,29696.5811
2026-08-18 18:59:42.144,29697.9192
2026-08-18 18:59:42.608,29699.4635
2026-08-18 18:59:43.043,29701.0078
2026-08-18 18:59:43.456,29702.7246
2026-08-18 18:59:43.868,29704.2994
2026-08-18 18:59:44.294,29705.8662
2026-08-18 18:59:44.706,29707.6828
2026-08-18 18:59:45.132,29709.5002
2026-08-18 18:59:45.626,29711.4193
2026-08-18 18:59:46.045,29713.5306
2026-08-18 18:59:46.506,29715.6711
2026-08-18 18:59:46.919,29718.3428
2026-08-18 18:59:47.343,29720.4302
2026-08-18 18:59:47.756,29722.184
2026-08-18 18:59:48.167,29724.8236
2026-08-18 18:59:48.580,29726.8237
2026-08-18 18:59:48.993,29726.5498
2026-08-18 18:59:49.454,29727.4981
2026-08-18 18:59:49.880,29728.5072
2026-08-18 18:59:50.300,29730.0954
2026-08-18 18:59:50.721,29731.7532
2026-08-18 18:59:51.133,29733.3125
2026-08-18 18:59:51.562,29734.7817
2026-08-18 18:59:51.978,29736.4309
2026-08-18 18:59:52.406,29737.8996
2026-08-18 18:59:52.831,29738.936
2026-08-18 18:59:53.248,29739.9446
2026-08-18 18:59:53.660,29741.0861
2026-08-18 18:59:54.072,29742.3247
2026-08-18 18:59:54.512,29743.7816
2026-08-18 18:59:54.925,29745.3417
2026-08-18 18:59:55.337,29746.5233
2026-08-18 18:59:55.749,29748.0543
2026-08-18 18:59:56.161,29749.4893
2026-08-18 18:59:56.587,29750.5759
2026-08-18 18:59:57.051,29752.0585
2026-08-18 18:59:57.489,29753.2636
2026-08-18 18:59:57.901,29754.3619
2026-08-18 18:59:58.313,29755.5045
2026-08-18 18:59:58.731,29757.067
2026-08-18 18:59:59.144,29758.4598
2026-08-18 18:59:59.572,29759.6463
2026-08-18 18:59:59.985,29760.6306
2026-08-18 19:00:00.397,29761.6463
2026-08-18 19:00:00.834,29762.8905
2026-08-18 19:00:01.247,29764.4258
2026-08-18 19:00:01.729,29765.898
2026-08-18 19:00:02.142,29766.9912
2026-08-18 19:00:02.568,29767.8644
2026-08-18 19:00:02.986,29768.8681
2026-08-18 19:00:03.399,29770.2787
2026-08-18 19:00:03.821,29771.8062
2026-08-18 19:00:04.234,29773.3726
2026-08-18 19:00:04.658,29774.6317
2026-08-18 19:00:05.076,29776.3648
2026-08-18 19:00:05.493,29777.9398
2026-08-18 19:00:05.905,29779.7397
2026-08-18 19:00:06.318,29781.3045
2026-08-18 19:00:06.729,29782.5037
2026-08-18 19:00:07.142,29783.6428
2026-08-18 19:00:07.566,29784.7072
2026-08-18 19:00:07.980,29785.3354
2026-08-18 19:00:08.393,29785.8945
2026-08-18 19:00:08.823,29786.6821
2026-08-18 19:00:09.249,29787.658
2026-08-18 19:00:09.662,29788.9388
2026-08-18 19:00:10.076,29789.7771
2026-08-18 19:00:10.488,29790.5661
2026-08-18 19:00:10.900,29791.4656
2026-08-18 19:00:11.326,29792.73
2026-08-18 19:00:11.739,29793.9522
2026-08-18 19:00:12.169,29795.4187
2026-08-18 19:00:12.583,29797.0159
2026-08-18 19:00:12.995,29798.404
2026-08-18 19:00:13.413,29799.3877
2026-08-18 19:00:13.825,29800.7085
2026-08-18 19:00:14.251,29801.9526
2026-08-18 19:00:14.716,29803.1052
2026-08-18 19:00:15.128,29804.4882
2026-08-18 19:00:15.542,29805.9708
2026-08-18 19:00:15.954,29807.244
2026-08-18 19:00:16.366,29808.7681
2026-08-18 19:00:16.829,29810.1564
2026-08-18 19:00:17.259,29812.019
2026-08-18 19:00:17.671,29813.9849
2026-08-18 19:00:18.088,29815.7578
2026-08-18 19:00:18.505,29817.708
2026-08-18 19:00:18.917,29819.6699
2026-08-18 19:00:19.356,29821.5496
2026-08-18 19:00:19.768,29823.7347
2026-08-18 19:00:20.203,29825.5392
2026-08-18 19:00:20.623,29827.4332
2026-08-18 19:00:21.038,29829.1309
2026-08-18 19:00:21.463,29831.0464
2026-08-18 19:00:21.887,29832.7662
2026-08-18 19:00:22.301,29834.4546
2026-08-18 19:00:22.714,29835.8462
2026-08-18 19:00:23.139,29837.3919
2026-08-18 19:00:23.552,29839.1343
2026-08-18 19:00:24.016,29840.592
2026-08-18 19:00:24.440,29842.0608
2026-08-18 19:00:24.853,29843.6381
2026-08-18 19:00:25.265,29845.2405
2026-08-18 19:00:25.679,29846.6463
2026-08-18 19:00:26.143,29847.9161
2026-08-18 19:00:26.560,29849.3214
2026-08-18 19:00:26.974,29850.8294
2026-08-18 19:00:27.387,29852.2302
2026-08-18 19:00:27.798,29853.4582
2026-08-18 19:00:28.211,29854.7573
2026-08-18 19:00:28.628,29856.0102
2026-08-18 19:00:29.129,29857.8907
2026-08-18 19:00:29.590,29859.2302
2026-08-18 19:00:30.003,29860.0821
2026-08-18 19:00:30.417,29861.0362
2026-08-18 19:00:30.829,29862.2085
2026-08-18 19:00:31.242,29863.729
2026-08-18 19:00:31.678,29865.612
2026-08-18 19:00:32.115,29867.1643
2026-08-18 19:00:32.540,29868.6438
2026-08-18 19:00:32.957,29869.7394
2026-08-18 19:00:33.374,29870.9188
2026-08-18 19:00:33.787,29871.9742
2026-08-18 19:00:34.201,29873.1367
2026-08-18 19:00:34.614,29874.5487
2026-08-18 19:00:35.055,29875.4862
2026-08-18 19:00:35.479,29876.6824
2026-08-18 19:00:35.896,29877.6449
2026-08-18 19:00:36.324,29878.8215
2026-08-18 19:00:36.736,29879.7911
2026-08-18 19:00:37.148,29880.5429
2026-08-18 19:00:37.560,29881.2007
2026-08-18 19:00:37.972,29881.9067
2026-08-18 19:00:38.385,29882.7755
2026-08-18 19:00:38.800,29883.8147
2026-08-18 19:00:39.214,29884.7152
2026-08-18 19:00:39.637,29885.3624
2026-08-18 19:00:40.051,29886.0697
2026-08-18 19:00:40.463,29886.8298
2026-08-18 19:00:40.877,29887.6166
2026-08-18 19:00:41.353,29889.2384
2026-08-18 19:00:41.782,29891.0853
2026-08-18 19:00:42.208,29892.545
2026-08-18 19:00:42.621,29894.0657
2026-08-18 19:00:43.035,29895.3807
2026-08-18 19:00:43.449,29896.7451
2026-08-18 19:00:43.893,29898.0674
2026-08-18 19:00:44.306,29899.2427
2026-08-18 19:00:44.731,29900.0094
2026-08-18 19:00:45.149,29900.9625
2026-08-18 19:00:45.562,29901.9966
2026-08-18 19:00:46.003,29902.941
2026-08-18 19:00:46.430,29903.8682
2026-08-18 19:00:46.849,29904.7041
2026-08-18 19:00:47.265,29905.4174
2026-08-18 19:00:47.726,29906.0894
2026-08-18 19:00:48.144,29906.9159
2026-08-18 19:00:48.559,29907.8091
2026-08-18 19:00:48.971,29908.698
2026-08-18 19:00:49.386,29909.3436
2026-08-18 19:00:49.798,29909.8648
2026-08-18 19:00:50.211,29910.4446
2026-08-18 19:00:50.636,29911.4419
2026-08-18 19:00:51.056,29912.6737
2026-08-18 19:00:51.469,29914.3188
2026-08-18 19:00:51.935,29916.0513
2026-08-18 19:00:52.348,29917.1661
2026-08-18 19:00:52.761,29918.3209
2026-08-18 19:00:53.174,29919.7957
2026-08-18 19:00:53.586,29921.3191
2026-08-18 19:00:53.999,29922.5606
2026-08-18 19:00:54.431,29923.9416
2026-08-18 19:00:54.863,29925.3809
2026-08-18 19:00:55.275,29926.7515
2026-08-18 19:00:55.699,29927.6227
2026-08-18 19:00:56.111,29928.5521
2026-08-18 19:00:56.523,29929.3338
2026-08-18 19:00:56.936,29930.2355
2026-08-18 19:00:57.412,29931.102
2026-08-18 19:00:57.840,29932.0648
2026-08-18 19:00:58.253,29933.2142
2026-08-18 19:00:58.671,29933.9887
2026-08-18 19:00:59.084,29934.608
2026-08-18 19:00:59.496,29935.2372
2026-08-18 19:00:59.931,29935.7575
2026-08-18 19:01:00.343,29936.5763
2026-08-18 19:01:00.756,29937.5196
2026-08-18 19:01:01.170,29938.4234
2026-08-18 19:01:01.640,29939.3432
2026-08-18 19:01:02.058,29940.6602
2026-08-18 19:01:02.472,29941.5734
2026-08-18 19:01:02.894,29942.2715
2026-08-18 19:01:03.308,29943.0328
2026-08-18 19:01:03.722,29944.1402
2026-08-18 19:01:04.138,29945.0431
2026-08-18 19:01:04.551,29946.015
2026-08-18 19:01:04.964,29946.8042
2026-08-18 19:01:05.392,29947.4319
2026-08-18 19:01:05.805,29947.983
2026-08-18 19:01:06.247,29948.3912
2026-08-18 19:01:06.659,29949.068
2026-08-18 19:01:07.080,29950.2423
2026-08-18 19:01:07.493,29951.4972
2026-08-18 19:01:07.906,29952.1689
2026-08-18 19:01:08.320,29953.144
2026-08-18 19:01:08.790,29953.9322
2026-08-18 19:01:09.204,29954.3749
2026-08-18 19:01:09.667,29954.955
2026-08-18 19:01:10.080,29955.5592
2026-08-18 19:01:10.548,29956.4362
2026-08-18 19:01:10.961,29957.0637
2026-08-18 19:01:11.373,29957.5203
2026-08-18 19:01:11.785,29957.9201
2026-08-18 19:01:12.200,29958.1901
2026-08-18 19:01:12.612,29958.3875
2026-08-18 19:01:13.025,29959.1651
2026-08-18 19:01:13.437,29960.1966
2026-08-18 19:01:13.849,29961.4004
2026-08-18 19:01:14.266,29962.8557
2026-08-18 19:01:14.684,29964.161
2026-08-18 19:01:15.097,29965.3135
2026-08-18 19:01:15.520,29966.2813
2026-08-18 19:01:15.932,29967.4209
2026-08-18 19:01:16.367,29968.4627
2026-08-18 19:01:16.795,29969.6477
2026-08-18 19:01:17.218,29970.8452
2026-08-18 19:01:17.631,29971.787
2026-08-18 19:01:18.043,29972.356
2026-08-18 19:01:18.456,29973.2026
2026-08-18 19:01:18.935,29974.1266
2026-08-18 19:01:19.352,29975.36
2026-08-18 19:01:19.766,29976.201
2026-08-18 19:01:20.179,29976.887
2026-08-18 19:01:20.592,29977.8109
2026-08-18 19:01:21.021,29978.9485
2026-08-18 19:01:21.449,29979.9606
2026-08-18 19:01:21.862,29980.3702
2026-08-18 19:01:22.274,29980.7173
2026-08-18 19:01:22.689,29980.9094
2026-08-18 19:01:23.124,29981.294
2026-08-18 19:01:23.536,29981.928
2026-08-18 19:01:23.963,29982.4684
2026-08-18 19:01:24.384,29982.8432
2026-08-18 19:01:24.796,29983.4846
2026-08-18 19:01:25.233,29984.2991
2026-08-18 19:01:25.647,29985.5039
2026-08-18 19:01:26.061,29986.9727
2026-08-18 19:01:26.474,29988.1628
2026-08-18 19:01:26.887,29989.1536
2026-08-18 19:01:27.348,29989.9054
2026-08-18 19:01:27.761,29990.4096
2026-08-18 19:01:28.189,29991.004
2026-08-18 19:01:28.602,29992.2803
2026-08-18 19:01:29.014,29993.4793
2026-08-18 19:01:29.448,29994.7413
2026-08-18 19:01:29.861,29996.1451
2026-08-18 19:01:30.282,29997.4682
2026-08-18 19:01:30.695,29998.7528
2026-08-18 19:01:31.108,29999.7761
2026-08-18 19:01:31.569,30000.7291
2026-08-18 19:01:31.982,30001.276
2026-08-18 19:01:32.395,30001.551
2026-08-18 19:01:32.808,30001.6873
2026-08-18 19:01:33.271,30001.784
2026-08-18 19:01:33.691,30001.9394
2026-08-18 19:01:34.104,30002.6584
2026-08-18 19:01:34.519,30003.0137
2026-08-18 19:01:34.937,30003.4393
2026-08-18 19:01:35.349,30003.7626
2026-08-18 19:01:35.781,30004.233
2026-08-18 19:01:36.207,30004.7474
2026-08-18 19:01:36.622,30004.9222
2026-08-18 19:01:37.035,30005.31
2026-08-18 19:01:37.456,30005.5737
2026-08-18 19:01:37.888,30005.6125
2026-08-18 19:01:38.301,30005.7478
2026-08-18 19:01:38.723,30006.4611
2026-08-18 19:01:39.137,30007.4239
2026-08-18 19:01:39.550,30008.2633
2026-08-18 19:01:39.992,30009.0087
2026-08-18 19:01:40.405,30009.9977
2026-08-18 19:01:40.823,30010.6294
2026-08-18 19:01:41.240,30011.0236
2026-08-18 19:01:41.653,30011.4186
2026-08-18 19:01:42.114,30011.8666
2026-08-18 19:01:42.540,30012.5935
2026-08-18 19:01:42.954,30013.7487
2026-08-18 19:01:43.367,30014.8124
2026-08-18 19:01:43.782,30015.5823
2026-08-18 19:01:44.213,30016.3482
2026-08-18 19:01:44.626,30017.0339
2026-08-18 19:01:45.038,30017.2989
2026-08-18 19:01:45.451,30017.5067
2026-08-18 19:01:45.863,30017.6511
2026-08-18 19:01:46.277,30018.1528
2026-08-18 19:01:46.694,30018.3266
2026-08-18 19:01:47.107,30018.3738
2026-08-18 19:01:47.523,30018.4029
2026-08-18 19:01:47.936,30018.5209
2026-08-18 19:01:48.348,30018.7393
2026-08-18 19:01:48.773,30018.9601
2026-08-18 19:01:49.186,30019.4655
2026-08-18 19:01:49.598,30020.0227
2026-08-18 19:01:50.035,30020.216
2026-08-18 19:01:50.447,30020.66
2026-08-18 19:01:50.861,30021.2549
2026-08-18 19:01:51.281,30021.1957
2026-08-18 19:01:51.746,30021.8865
2026-08-18 19:01:52.178,30022.8987
2026-08-18 19:01:52.590,30023.4449
2026-08-18 19:01:53.003,30023.8093
2026-08-18 19:01:53.417,30023.9522
2026-08-18 19:01:53.835,30023.9505
2026-08-18 19:01:54.249,30024.1297
2026-08-18 19:01:54.662,30024.2273
2026-08-18 19:01:55.075,30024.1262
2026-08-18 19:01:55.488,30024.1373
2026-08-18 19:01:55.901,30024.2738
2026-08-18 19:01:56.313,30024.2782
2026-08-18 19:01:56.737,30024.0227
2026-08-18 19:01:57.150,30024.1574
2026-08-18 19:01:57.571,30024.4292
2026-08-18 19:01:57.987,30024.9849
2026-08-18 19:01:58.399,30025.6498
2026-08-18 19:01:58.823,30025.9824
2026-08-18 19:01:59.235,30026.556
2026-08-18 19:01:59.660,30027.2809
2026-08-18 19:02:00.072,30028.236
2026-08-18 19:02:00.495,30028.9115
2026-08-18 19:02:00.912,30029.4466
2026-08-18 19:02:01.324,30029.8605
2026-08-18 19:02:01.750,30030.5635
2026-08-18 19:02:02.177,30031.5951
2026-08-18 19:02:02.589,30032.5053
2026-08-18 19:02:03.013,30032.9663
2026-08-18 19:02:03.426,30033.205
2026-08-18 19:02:03.855,30033.3419
2026-08-18 19:02:04.280,30033.3259
2026-08-18 19:02:04.692,30033.0943
2026-08-18 19:02:05.114,30033.1151
2026-08-18 19:02:05.531,30034.7109
2026-08-18 19:02:05.943,30036.9261
2026-08-18 19:02:06.378,30035.1506
2026-08-18 19:02:06.800,30034.4013
2026-08-18 19:02:07.212,30034.0616
2026-08-18 19:02:07.627,30033.8073
2026-08-18 19:02:08.039,30033.5211
2026-08-18 19:02:08.476,30032.7091
2026-08-18 19:02:08.892,30031.7951
2026-08-18 19:02:09.306,30030.7672
2026-08-18 19:02:09.725,30029.8628
2026-08-18 19:02:10.138,30029.4653
2026-08-18 19:02:10.551,30029.2391
2026-08-18 19:02:10.963,30029.8986
2026-08-18 19:02:11.377,30028.1218
2026-08-18 19:02:11.791,30027.1172
2026-08-18 19:02:12.204,30026.457
2026-08-18 19:02:12.620,30025.857
2026-08-18 19:02:13.036,30024.9813
2026-08-18 19:02:13.450,30023.7694
2026-08-18 19:02:13.868,30022.4649
2026-08-18 19:02:14.287,30022.0913
2026-08-18 19:02:14.705,30021.7598
2026-08-18 19:02:15.121,30022.2146
2026-08-18 19:02:15.537,30020.7925
2026-08-18 19:02:15.949,30019.5841
2026-08-18 19:02:16.361,30018.8418
2026-08-18 19:02:16.774,30020.8787
2026-08-18 19:02:17.187,30022.0624
2026-08-18 19:02:17.601,30017.9841
2026-08-18 19:02:18.074,30015.5325
2026-08-18 19:02:18.487,30013.9752
2026-08-18 19:02:18.901,30012.9931
2026-08-18 19:02:19.313,30012.4443
2026-08-18 19:02:19.726,30011.7433
2026-08-18 19:02:20.139,30011.0281
2026-08-18 19:02:20.605,30011.83
2026-08-18 19:02:21.022,30011.1553
2026-08-18 19:02:21.441,30010.6147
2026-08-18 19:02:21.853,30010.2957
2026-08-18 19:02:22.264,30010.1984
2026-08-18 19:02:22.677,30009.8915
2026-08-18 19:02:23.110,30009.8693
2026-08-18 19:02:23.535,30010.3788
2026-08-18 19:02:23.949,30010.9426
2026-08-18 19:02:24.361,30011.2477
2026-08-18 19:02:24.773,30012.1764
2026-08-18 19:02:25.247,30012.7198
2026-08-18 19:02:25.660,30012.5049
2026-08-18 19:02:26.074,30011.9676
2026-08-18 19:02:26.486,30011.517
2026-08-18 19:02:26.900,30010.8012
2026-08-18 19:02:27.336,30009.927
2026-08-18 19:02:27.748,30007.6988
2026-08-18 19:02:28.177,30006.2806
2026-08-18 19:02:28.590,30005.3145
2026-08-18 19:02:29.002,30004.3634
2026-08-18 19:02:29.446,30003.9013
2026-08-18 19:02:29.864,30003.3937
2026-08-18 19:02:30.280,30002.8151
2026-08-18 19:02:30.693,30002.2479
2026-08-18 19:02:31.116,30001.602
2026-08-18 19:02:31.546,30000.8766
2026-08-18 19:02:31.959,30000.1826
2026-08-18 19:02:32.372,30000.1562
2026-08-18 19:02:32.784,30002.2652
2026-08-18 19:02:33.196,30001.5507
2026-08-18 19:02:33.609,29999.176
2026-08-18 19:02:34.074,29997.7815
2026-08-18 19:02:34.488,29997.0824
2026-08-18 19:02:34.981,29996.3022
2026-08-18 19:02:35.398,29995.652
2026-08-18 19:02:35.811,29994.7033
2026-08-18 19:02:36.224,29993.5216
2026-08-18 19:02:36.638,29992.372
2026-08-18 19:02:37.072,29991.2628
2026-08-18 19:02:37.484,29990.3318
2026-08-18 19:02:37.901,29989.2948
2026-08-18 19:02:38.320,29988.4444
2026-08-18 19:02:38.733,29987.6459
2026-08-18 19:02:39.195,29986.8762
2026-08-18 19:02:39.631,29986.0669
2026-08-18 19:02:40.045,29985.3267
2026-08-18 19:02:40.459,29984.824
2026-08-18 19:02:40.871,29984.2244
2026-08-18 19:02:41.283,29983.6992
2026-08-18 19:02:41.699,29983.2679
2026-08-18 19:02:42.140,29982.5381
2026-08-18 19:02:42.565,29981.7417
2026-08-18 19:02:42.979,29980.8014
2026-08-18 19:02:43.397,29979.6075
2026-08-18 19:02:43.810,29977.7956
2026-08-18 19:02:44.242,29976.518
2026-08-18 19:02:44.655,29974.8018
2026-08-18 19:02:45.067,29975.528
2026-08-18 19:02:45.479,29975.7048
2026-08-18 19:02:45.892,29972.1491
2026-08-18 19:02:46.317,29969.8688
2026-08-18 19:02:46.808,29967.9627
2026-08-18 19:02:47.224,29966.6448
2026-08-18 19:02:47.640,29965.6718
2026-08-18 19:02:48.057,29964.4831
2026-08-18 19:02:48.494,29963.3429
2026-08-18 19:02:48.906,29962.2089
2026-08-18 19:02:49.319,29961.3239
2026-08-18 19:02:49.740,29960.0481
2026-08-18 19:02:50.152,29958.175
2026-08-18 19:02:50.563,29956.8603
2026-08-18 19:02:50.983,29955.4093
2026-08-18 19:02:51.412,29953.9775
2026-08-18 19:02:51.825,29951.6588
2026-08-18 19:02:52.237,29949.9086
2026-08-18 19:02:52.650,29948.5868
2026-08-18 19:02:53.065,29947.2306
2026-08-18 19:02:53.478,29945.8779
2026-08-18 19:02:53.891,29944.5509
2026-08-18 19:02:54.323,29943.5052
2026-08-18 19:02:54.743,29942.0234
2026-08-18 19:02:55.156,29940.1585
2026-08-18 19:02:55.569,29938.4814
2026-08-18 19:02:56.037,29937.3013
2026-08-18 19:02:56.456,29935.5395
2026-08-18 19:02:56.871,29933.7584
2026-08-18 19:02:57.284,29932.3902
2026-08-18 19:02:57.702,29931.5185
2026-08-18 19:02:58.115,29930.4013
2026-08-18 19:02:58.545,29928.9017
2026-08-18 19:02:58.959,29927.3152
2026-08-18 19:02:59.371,29925.8849
2026-08-18 19:02:59.785,29924.46
2026-08-18 19:03:00.196,29922.9597
2026-08-18 19:03:00.609,29921.9528
2026-08-18 19:03:01.026,29920.8569
2026-08-18 19:03:01.438,29919.6843
2026-08-18 19:03:01.870,29918.3545
2026-08-18 19:03:02.294,29917.1247
2026-08-18 19:03:02.708,29915.7685
2026-08-18 19:03:03.121,29914.3204
2026-08-18 19:03:03.548,29913.0684
2026-08-18 19:03:03.963,29911.8746
2026-08-18 19:03:04.379,29910.9333
2026-08-18 19:03:04.794,29910.0024
2026-08-18 19:03:05.208,29908.7594
2026-08-18 19:03:05.632,29907.2921
2026-08-18 19:03:06.046,29906.1492
2026-08-18 19:03:06.463,29904.9153
2026-08-18 19:03:06.876,29903.5323
2026-08-18 19:03:07.303,29902.1542
2026-08-18 19:03:07.716,29900.7764
2026-08-18 19:03:08.135,29899.4517
2026-08-18 19:03:08.575,29897.969
2026-08-18 19:03:08.988,29896.5922
2026-08-18 19:03:09.403,29895.1789
2026-08-18 19:03:09.820,29893.7506
2026-08-18 19:03:10.237,29892.1269
2026-08-18 19:03:10.714,29890.328
2026-08-18 19:03:11.127,29888.7514
2026-08-18 19:03:11.539,29887.1237
2026-08-18 19:03:11.952,29886.0433
2026-08-18 19:03:12.364,29885.1112
2026-08-18 19:03:12.793,29884.0267
2026-08-18 19:03:13.208,29882.7164
2026-08-18 19:03:13.626,29881.1831
2026-08-18 19:03:14.041,29879.7491
2026-08-18 19:03:14.454,29878.3344
2026-08-18 19:03:14.916,29876.9893
2026-08-18 19:03:15.330,29875.8522
2026-08-18 19:03:15.744,29874.6724
2026-08-18 19:03:16.171,29873.7454
2026-08-18 19:03:16.592,29872.5031
2026-08-18 19:03:17.006,29871.3364
2026-08-18 19:03:17.427,29870.3118
2026-08-18 19:03:17.845,29869.568
2026-08-18 19:03:18.259,29868.1372
2026-08-18 19:03:18.672,29866.6757
2026-08-18 19:03:19.097,29865.6765
2026-08-18 19:03:19.560,29864.3405
2026-08-18 19:03:19.982,29862.9164
2026-08-18 19:03:20.395,29861.7159
2026-08-18 19:03:20.807,29860.424
2026-08-18 19:03:21.232,29858.4146
2026-08-18 19:03:21.645,29856.6984
2026-08-18 19:03:22.078,29854.816
2026-08-18 19:03:22.491,29852.7841
2026-08-18 19:03:22.919,29850.7086
2026-08-18 19:03:23.333,29849.1329
2026-08-18 19:03:23.746,29847.5141
2026-08-18 19:03:24.226,29846.263
2026-08-18 19:03:24.639,29844.5298
2026-08-18 19:03:25.051,29842.7369
2026-08-18 19:03:25.465,29840.8835
2026-08-18 19:03:25.878,29839.1188
2026-08-18 19:03:26.294,29837.6849
2026-08-18 19:03:26.707,29836.2654
2026-08-18 19:03:27.119,29834.915
2026-08-18 19:03:27.533,29833.4528
2026-08-18 19:03:27.960,29831.9796
2026-08-18 19:03:28.424,29829.9331
2026-08-18 19:03:28.842,29828.1844
2026-08-18 19:03:29.262,29826.4055
2026-08-18 19:03:29.679,29824.3764
2026-08-18 19:03:30.091,29821.9276
2026-08-18 19:03:30.519,29819.8577
2026-08-18 19:03:30.946,29818.0742
2026-08-18 19:03:31.364,29816.8366
2026-08-18 19:03:31.778,29815.4549
2026-08-18 19:03:32.192,29813.9177
2026-08-18 19:03:32.629,29812.1156
2026-08-18 19:03:33.041,29810.2055
2026-08-18 19:03:33.453,29808.4
2026-08-18 19:03:33.880,29806.4643
2026-08-18 19:03:34.343,29804.0514
2026-08-18 19:03:34.764,29801.8532
2026-08-18 19:03:35.181,29799.8698
2026-08-18 19:03:35.594,29798.3111
2026-08-18 19:03:36.007,29796.8521
2026-08-18 19:03:36.420,29794.7431
2026-08-18 19:03:36.848,29792.6076
2026-08-18 19:03:37.261,29790.6729
2026-08-18 19:03:37.676,29788.7062
2026-08-18 19:03:38.089,29786.604
2026-08-18 19:03:38.556,29784.5119
2026-08-18 19:03:38.974,29781.988
2026-08-18 19:03:39.389,29779.6809
2026-08-18 19:03:39.807,29777.7152
2026-08-18 19:03:40.225,29776.1546
2026-08-18 19:03:40.639,29774.2371
2026-08-18 19:03:41.068,29772.1651
2026-08-18 19:03:41.479,29769.8529
2026-08-18 19:03:41.903,29767.9387
2026-08-18 19:03:42.315,29766.2817
2026-08-18 19:03:42.728,29764.5726
2026-08-18 19:03:43.204,29762.3314
2026-08-18 19:03:43.617,29760.2474
2026-08-18 19:03:44.039,29757.9686
2026-08-18 19:03:44.452,29755.77
2026-08-18 19:03:44.884,29753.5607
2026-08-18 19:03:45.308,29749.724
2026-08-18 19:03:45.721,29746.6557
2026-08-18 19:03:46.133,29743.8381
2026-08-18 19:03:46.546,29741.8154
2026-08-18 19:03:46.957,29740.4229
2026-08-18 19:03:47.393,29738.6223
2026-08-18 19:03:47.807,29736.715
2026-08-18 19:03:48.220,29734.9225
2026-08-18 19:03:48.633,29732.7679
2026-08-18 19:03:49.046,29730.3931
2026-08-18 19:03:49.460,29728.553
2026-08-18 19:03:49.877,29726.2231
2026-08-18 19:03:50.289,29722.9294
2026-08-18 19:03:50.706,29720.0011
2026-08-18 19:03:51.123,29717.053
2026-08-18 19:03:51.535,29713.9826
2026-08-18 19:03:51.964,29711.4473
2026-08-18 19:03:52.377,29708.7082
2026-08-18 19:03:52.789,29705.2592
2026-08-18 19:03:53.217,29702.0959
2026-08-18 19:03:53.634,29698.7019
2026-08-18 19:03:54.049,29695.5334
2026-08-18 19:03:54.463,29692.5457
2026-08-18 19:03:54.884,29689.4328
2026-08-18 19:03:55.308,29686.166
2026-08-18 19:03:55.733,29683.28
2026-08-18 19:03:56.146,29680.8611
2026-08-18 19:03:56.570,29678.2073
2026-08-18 19:03:56.983,29675.2239
2026-08-18 19:03:57.415,29672.2806
2026-08-18 19:03:57.828,29669.5285
2026-08-18 19:03:58.240,29667.2847
2026-08-18 19:03:58.667,29664.7416
2026-08-18 19:03:59.080,29660.7004
2026-08-18 19:03:59.558,29657.4145
2026-08-18 19:03:59.972,29654.8357
2026-08-18 19:04:00.384,29652.1601
2026-08-18 19:04:00.796,29649.8777
2026-08-18 19:04:01.209,29648.1059
2026-08-18 19:04:01.643,29646.8445
2026-08-18 19:04:02.059,29643.9296
2026-08-18 19:04:02.476,29641.5291
2026-08-18 19:04:02.888,29639.0461
2026-08-18 19:04:03.349,29635.9774
2026-08-18 19:04:03.766,29633.3531
2026-08-18 19:04:04.180,29630.9494
2026-08-18 19:04:04.594,29629.0185
2026-08-18 19:04:05.030,29626.9093
2026-08-18 19:04:05.450,29623.6495
2026-08-18 19:04:05.863,29619.371
2026-08-18 19:04:06.276,29616.1556
2026-08-18 19:04:06.704,29613.9466
2026-08-18 19:04:07.116,29612.091
2026-08-18 19:04:07.538,29609.9383
2026-08-18 19:04:07.985,29607.19
2026-08-18 19:04:08.398,29604.7906
2026-08-18 19:04:08.826,29602.1884
2026-08-18 19:04:09.238,29599.1557
2026-08-18 19:04:09.652,29595.2686
2026-08-18 19:04:10.090,29592.5161
2026-08-18 19:04:10.502,29590.68
2026-08-18 19:04:10.914,29588.9517
2026-08-18 19:04:11.340,29586.8521
2026-08-18 19:04:11.754,29583.9678
2026-08-18 19:04:12.178,29580.719
2026-08-18 19:04:12.594,29577.3167
2026-08-18 19:04:13.012,29573.9144
2026-08-18 19:04:13.424,29571.013
2026-08-18 19:04:13.835,29568.0623
2026-08-18 19:04:14.296,29565.0685
2026-08-18 19:04:14.709,29561.6491
2026-08-18 19:04:15.123,29558.274
2026-08-18 19:04:15.536,29554.9335
2026-08-18 19:04:15.999,29551.8452
2026-08-18 19:04:16.419,29548.3641
2026-08-18 19:04:16.844,29545.331
2026-08-18 19:04:17.264,29542.4999
2026-08-18 19:04:17.678,29539.6105
2026-08-18 19:04:18.092,29536.3964
2026-08-18 19:04:18.513,29533.2334
2026-08-18 19:04:18.943,29530.391
2026-08-18 19:04:19.356,29527.6413
2026-08-18 19:04:19.781,29524.4222
2026-08-18 19:04:20.194,29520.8595
2026-08-18 19:04:20.627,29517.1725
2026-08-18 19:04:21.041,29513.6252
2026-08-18 19:04:21.467,29510.0052
2026-08-18 19:04:21.883,29505.831
2026-08-18 19:04:22.295,29502.4441
2026-08-18 19:04:22.732,29499.9557
2026-08-18 19:04:23.144,29497.2913
2026-08-18 19:04:23.557,29494.992
2026-08-18 19:04:23.970,29492.6752
2026-08-18 19:04:24.384,29489.9889
2026-08-18 19:04:24.796,29486.6883
2026-08-18 19:04:25.207,29482.8538
2026-08-18 19:04:25.632,29478.7822
2026-08-18 19:04:26.061,29474.158
2026-08-18 19:04:26.475,29469.7912
2026-08-18 19:04:26.887,29465.6298
2026-08-18 19:04:27.313,29461.595
2026-08-18 19:04:27.726,29457.4905
2026-08-18 19:04:28.145,29453.5842
2026-08-18 19:04:28.557,29449.3954
2026-08-18 19:04:28.970,29445.5505
2026-08-18 19:04:29.384,29442.1631
2026-08-18 19:04:29.809,29438.9062
2026-08-18 19:04:30.222,29434.9877
2026-08-18 19:04:30.646,29430.8099
2026-08-18 19:04:31.062,29426.6833
2026-08-18 19:04:31.476,29423.1796
2026-08-18 19:04:31.889,29420.2214
2026-08-18 19:04:32.303,29417.0335
2026-08-18 19:04:32.743,29413.8148
2026-08-18 19:04:33.157,29410.0091
2026-08-18 19:04:33.570,29405.5175
2026-08-18 19:04:33.984,29400.7495
2026-08-18 19:04:34.396,29396.3962
2026-08-18 19:04:34.813,29392.3752
2026-08-18 19:04:35.305,29387.236
2026-08-18 19:04:35.773,29382.9541
2026-08-18 19:04:36.196,29377.8855
2026-08-18 19:04:36.608,29373.8382
2026-08-18 19:04:37.030,29370.2544
2026-08-18 19:04:37.443,29367.2846
2026-08-18 19:04:37.865,29364.1284
2026-08-18 19:04:38.286,29360.2876
2026-08-18 19:04:38.699,29356.0673
2026-08-18 19:04:39.111,29352.9181
2026-08-18 19:04:39.524,29350.245
2026-08-18 19:04:39.952,29347.7016
2026-08-18 19:04:40.412,29344.7323
2026-08-18 19:04:40.850,29339.5079
2026-08-18 19:04:41.262,29334.7353
2026-08-18 19:04:41.687,29329.7164
2026-08-18 19:04:42.101,29324.9279
2026-08-18 19:04:42.523,29320.5325
2026-08-18 19:04:42.936,29316.3688
2026-08-18 19:04:43.353,29312.2379
2026-08-18 19:04:43.766,29308.1376
2026-08-18 19:04:44.180,29304.2291
2026-08-18 19:04:44.592,29300.1739
2026-08-18 19:04:45.068,29295.2723
2026-08-18 19:04:45.496,29290.939
2026-08-18 19:04:45.914,29286.5289
2026-08-18 19:04:46.327,29282.1168
2026-08-18 19:04:46.821,29277.7183
2026-08-18 19:04:47.256,29272.2799
2026-08-18 19:04:47.669,29267.6282
2026-08-18 19:04:48.081,29263.0754
2026-08-18 19:04:48.494,29258.5917
2026-08-18 19:04:48.922,29253.9678
2026-08-18 19:04:49.334,29249.3164
2026-08-18 19:04:49.750,29244.8485
2026-08-18 19:04:50.161,29240.3866
2026-08-18 19:04:50.627,29236.0187
2026-08-18 19:04:51.059,29230.7099
2026-08-18 19:04:51.471,29225.9084
2026-08-18 19:04:51.885,29221.1255
2026-08-18 19:04:52.298,29216.1536
2026-08-18 19:04:52.714,29211.0129
2026-08-18 19:04:53.128,29206.0032
2026-08-18 19:04:53.540,29200.9221
2026-08-18 19:04:53.956,29195.9101
2026-08-18 19:04:54.369,29190.7718
2026-08-18 19:04:54.803,29185.601
2026-08-18 19:04:55.232,29180.5908
2026-08-18 19:04:55.654,29175.5449
2026-08-18 19:04:56.065,29170.9582
2026-08-18 19:04:56.483,29166.9983
2026-08-18 19:04:56.900,29163.0916
2026-08-18 19:04:57.343,29159.2036
2026-08-18 19:04:57.756,29155.0287
2026-08-18 19:04:58.181,29150.8395
2026-08-18 19:04:58.598,29146.66
2026-08-18 19:04:59.022,29142.0548
2026-08-18 19:04:59.443,29137.2292
2026-08-18 19:04:59.857,29132.2363
2026-08-18 19:05:00.274,29126.4494
2026-08-18 19:05:00.694,29119.7027
2026-08-18 19:05:01.109,29111.9701
2026-08-18 19:05:01.546,29105.4192
2026-08-18 19:05:01.959,29099.0804
2026-08-18 19:05:02.377,29093.2871
2026-08-18 19:05:02.790,29087.5189
2026-08-18 19:05:03.256,29081.8833
2026-08-18 19:05:03.675,29075.4617
2026-08-18 19:05:04.088,29069.7642
2026-08-18 19:05:04.502,29064.5588
2026-08-18 19:05:04.927,29059.2311
2026-08-18 19:05:05.344,29053.7847
2026-08-18 19:05:05.762,29048.3257
2026-08-18 19:05:06.175,29042.6821
2026-08-18 19:05:06.602,29036.9841
2026-08-18 19:05:07.016,29031.1962
2026-08-18 19:05:07.431,29025.6328
2026-08-18 19:05:07.860,29019.9701
2026-08-18 19:05:08.289,29013.8427
2026-08-18 19:05:08.701,29008.2026
2026-08-18 19:05:09.117,29002.7306
2026-08-18 19:05:09.533,28997.5064
2026-08-18 19:05:09.961,28992.5425
2026-08-18 19:05:10.373,28986.9649
2026-08-18 19:05:10.785,28981.5728
2026-08-18 19:05:11.199,28976.1011
2026-08-18 19:05:11.612,28970.758
2026-08-18 19:05:12.028,28965.3352
2026-08-18 19:05:12.448,28959.8304
2026-08-18 19:05:12.877,28954.4786
2026-08-18 19:05:13.290,28948.8311
2026-08-18 19:05:13.716,28943.2957
2026-08-18 19:05:14.128,28937.6246
2026-08-18 19:05:14.540,28932.2896
2026-08-18 19:05:14.962,28926.7806
2026-08-18 19:05:15.454,28920.2081
2026-08-18 19:05:15.874,28914.9053
2026-08-18 19:05:16.287,28909.5963
2026-08-18 19:05:16.699,28904.7969
2026-08-18 19:05:17.139,28900.1886
2026-08-18 19:05:17.561,28895.0686
2026-08-18 19:05:17.974,28889.5977
2026-08-18 19:05:18.385,28884.0039
2026-08-18 19:05:18.800,28878.4293
2026-08-18 19:05:19.269,28873.1234
2026-08-18 19:05:19.717,28866.8771
2026-08-18 19:05:20.129,28859.8052
2026-08-18 19:05:20.539,28853.2144
2026-08-18 19:05:21.001,28846.9104
2026-08-18 19:05:21.421,28840.8211
2026-08-18 19:05:21.836,28836.0265
2026-08-18 19:05:22.250,28830.7685
2026-08-18 19:05:22.662,28825.1929
2026-08-18 19:05:23.076,28819.5858
2026-08-18 19:05:23.503,28813.6789
2026-08-18 19:05:23.921,28808.2982
2026-08-18 19:05:24.339,28802.6823
2026-08-18 19:05:24.756,28796.6127
2026-08-18 19:05:25.218,28790.879
2026-08-18 19:05:25.636,28784.5766
2026-08-18 19:05:26.049,28778.9055
2026-08-18 19:05:26.473,28773.1195
2026-08-18 19:05:26.886,28767.3091
2026-08-18 19:05:27.308,28761.6478
2026-08-18 19:05:27.731,28755.8459
2026-08-18 19:05:28.143,28749.9155
2026-08-18 19:05:28.581,28743.6359
2026-08-18 19:05:29.000,28732.4318
2026-08-18 19:05:29.412,28724.3877
2026-08-18 19:05:29.840,28718.5082
2026-08-18 19:05:30.265,28712.2369
2026-08-18 19:05:30.677,28706.0824
2026-08-18 19:05:31.091,28701.0264
2026-08-18 19:05:31.555,28694.443
2026-08-18 19:05:31.982,28687.8352
2026-08-18 19:05:32.394,28682.2442
2026-08-18 19:05:32.819,28676.1504
2026-08-18 19:05:33.232,28671.216
2026-08-18 19:05:33.645,28668.0579
2026-08-18 19:05:34.064,28662.2734
2026-08-18 19:05:34.477,28656.7323
2026-08-18 19:05:34.891,28652.0457
2026-08-18 19:05:35.305,28647.8578
2026-08-18 19:05:35.717,28645.0521
2026-08-18 19:05:36.135,28641.2371
2026-08-18 19:05:36.629,28638.5165
2026-08-18 19:05:37.042,28634.9167
2026-08-18 19:05:37.454,28630.0064
2026-08-18 19:05:37.880,28621.3969
2026-08-18 19:05:38.293,28618.1438
2026-08-18 19:05:38.715,28613.3166
2026-08-18 19:05:39.132,28605.8529
2026-08-18 19:05:39.545,28595.3246
2026-08-18 19:05:39.961,28587.4363
2026-08-18 19:05:40.374,28580.9735
2026-08-18 19:05:40.785,28573.9901
2026-08-18 19:05:41.266,28566.0416
2026-08-18 19:05:41.679,28558.274
2026-08-18 19:05:42.102,28550.8801
2026-08-18 19:05:42.516,28543.1619
2026-08-18 19:05:42.938,28535.9915
2026-08-18 19:05:43.352,28529.528
2026-08-18 19:05:43.765,28522.9965
2026-08-18 19:05:44.190,28516.2031
2026-08-18 19:05:44.602,28508.8477
2026-08-18 19:05:45.022,28502.0205
2026-08-18 19:05:45.453,28494.7878
2026-08-18 19:05:45.865,28486.8531
2026-08-18 19:05:46.286,28479.6418
2026-08-18 19:05:46.699,28472.3324
2026-08-18 19:05:47.112,28465.697
2026-08-18 19:05:47.539,28459.1867
2026-08-18 19:05:47.952,28452.6844
2026-08-18 19:05:48.371,28446.8127
2026-08-18 19:05:48.784,28440.7434
2026-08-18 19:05:49.197,28435.0708
2026-08-18 19:05:49.615,28428.8894
2026-08-18 19:05:50.106,28422.6567
2026-08-18 19:05:50.533,28417.1287
2026-08-18 19:05:50.945,28411.5862
2026-08-18 19:05:51.369,28405.1695
2026-08-18 19:05:51.791,28399.1031
2026-08-18 19:05:52.205,28393.4114
2026-08-18 19:05:52.617,28386.8711
2026-08-18 19:05:53.029,28380.5088
2026-08-18 19:05:53.442,28375.1117
2026-08-18 19:05:53.856,28369.6852
2026-08-18 19:05:54.356,28362.3432
2026-08-18 19:05:54.769,28356.1393
2026-08-18 19:05:55.188,28351.587
2026-08-18 19:05:55.607,28346.388
2026-08-18 19:05:56.036,28339.178
2026-08-18 19:05:56.449,28330.9627
2026-08-18 19:05:56.862,28323.0122
2026-08-18 19:05:57.275,28316.2119
2026-08-18 19:05:57.702,28310.3181
2026-08-18 19:05:58.141,28303.705
2026-08-18 19:05:58.554,28295.8196
2026-08-18 19:05:58.978,28289.6824
2026-08-18 19:05:59.391,28284.2542
2026-08-18 19:05:59.803,28277.8183
2026-08-18 19:06:00.239,28271.4835
2026-08-18 19:06:00.667,28264.9225
2026-08-18 19:06:01.083,28260.8214
2026-08-18 19:06:01.497,28256.67
2026-08-18 19:06:01.924,28253.4093
2026-08-18 19:06:02.342,28251.1328
2026-08-18 19:06:02.755,28248.6075
2026-08-18 19:06:03.166,28243.9065
2026-08-18 19:06:03.609,28237.583
2026-08-18 19:06:04.021,28230.8452
2026-08-18 19:06:04.435,28221.4521
2026-08-18 19:06:04.848,28214.4115
2026-08-18 19:06:05.262,28215.7394
2026-08-18 19:06:05.727,28216.4411
2026-08-18 19:06:06.148,28213.8251
2026-08-18 19:06:06.649,28211.2835
2026-08-18 19:06:07.062,28209.3929
2026-08-18 19:06:07.486,28206.3197
2026-08-18 19:06:07.899,28203.0037
2026-08-18 19:06:08.328,28198.5224
2026-08-18 19:06:08.747,28180.3876
2026-08-18 19:06:09.159,28168.5718
2026-08-18 19:06:09.573,28159.2473
2026-08-18 19:06:09.986,28151.4232
2026-08-18 19:06:10.398,28144.3436
2026-08-18 19:06:10.811,28137.9733
2026-08-18 19:06:11.229,28132.4058
2026-08-18 19:06:11.642,28130.1188
2026-08-18 19:06:12.081,28131.6807
2026-08-18 19:06:12.493,28130.3399
2026-08-18 19:06:12.904,28126.5108
2026-08-18 19:06:13.318,28118.4509
2026-08-18 19:06:13.731,28114.613
2026-08-18 19:06:14.142,28110.0251
2026-08-18 19:06:14.563,28110.4171
2026-08-18 19:06:14.976,28108.5672
2026-08-18 19:06:15.402,28104.4435
2026-08-18 19:06:15.815,28097.1642
2026-08-18 19:06:16.243,28081.5957
2026-08-18 19:06:16.674,28071.8793
2026-08-18 19:06:17.086,28066.1447
2026-08-18 19:06:17.505,28061.0858
2026-08-18 19:06:17.918,28054.0978
2026-08-18 19:06:18.331,28046.7665
2026-08-18 19:06:18.744,28039.7246
2026-08-18 19:06:19.159,28033.493
2026-08-18 19:06:19.579,28027.5798
2026-08-18 19:06:20.043,28021.0276
2026-08-18 19:06:20.464,28016.1053
2026-08-18 19:06:20.963,28010.6431
2026-08-18 19:06:21.377,28008.9793
2026-08-18 19:06:21.791,28001.7945
2026-08-18 19:06:22.203,27995.3397
2026-08-18 19:06:22.617,27989.8261
2026-08-18 19:06:23.054,27984.4986
2026-08-18 19:06:23.473,27979.4149
2026-08-18 19:06:23.890,27974.7133
2026-08-18 19:06:24.305,27969.9403
2026-08-18 19:06:24.718,27964.9829
2026-08-18 19:06:25.150,27959.6295
2026-08-18 19:06:25.581,27953.6595
2026-08-18 19:06:25.993,27948.3779
2026-08-18 19:06:26.406,27943.1956
2026-08-18 19:06:26.819,27937.7521
2026-08-18 19:06:27.259,27932.2549
2026-08-18 19:06:27.672,27926.3874
2026-08-18 19:06:28.096,27920.8044
2026-08-18 19:06:28.509,27915.3004
2026-08-18 19:06:28.931,27910.0189
2026-08-18 19:06:29.361,27905.0566
2026-08-18 19:06:29.780,27900.0872
2026-08-18 19:06:30.193,27895.5381
2026-08-18 19:06:30.605,27890.8045
2026-08-18 19:06:31.069,27886.1022
2026-08-18 19:06:31.491,27880.7766
2026-08-18 19:06:31.911,27875.7098
2026-08-18 19:06:32.325,27870.7638
2026-08-18 19:06:32.738,27866.01
2026-08-18 19:06:33.165,27860.7163
2026-08-18 19:06:33.584,27855.2854
2026-08-18 19:06:33.998,27850.1753
2026-08-18 19:06:34.410,27845.0562
2026-08-18 19:06:34.849,27839.8753
2026-08-18 19:06:35.262,27834.8575
2026-08-18 19:06:35.688,27830.1828
2026-08-18 19:06:36.100,27825.8877
2026-08-18 19:06:36.513,27821.5785
2026-08-18 19:06:36.926,27817.0104
2026-08-18 19:06:37.337,27812.764
2026-08-18 19:06:37.758,27808.2031
2026-08-18 19:06:38.263,27802.5528
2026-08-18 19:06:38.676,27797.6914
2026-08-18 19:06:39.089,27793.0478
2026-08-18 19:06:39.503,27788.6609
2026-08-18 19:06:39.916,27784.371
2026-08-18 19:06:40.332,27780.1973
2026-08-18 19:06:40.743,27775.1742
2026-08-18 19:06:41.172,27770.1771
2026-08-18 19:06:41.603,27765.4493
2026-08-18 19:06:42.016,27760.6551
2026-08-18 19:06:42.431,27755.9705
2026-08-18 19:06:42.847,27751.1608
2026-08-18 19:06:43.259,27746.4583
2026-08-18 19:06:43.695,27741.6824
2026-08-18 19:06:44.108,27736.9451
2026-08-18 19:06:44.535,27732.585
2026-08-18 19:06:44.947,27727.8741
2026-08-18 19:06:45.408,27723.2439
2026-08-18 19:06:45.838,27718.0785
2026-08-18 19:06:46.254,27713.4982
2026-08-18 19:06:46.668,27709.1035
2026-08-18 19:06:47.081,27704.6263
2026-08-18 19:06:47.494,27700.2654
2026-08-18 19:06:47.917,27695.9059
2026-08-18 19:06:48.330,27691.4979
2026-08-18 19:06:48.743,27687.158
2026-08-18 19:06:49.170,27682.7079
2026-08-18 19:06:49.582,27678.2359
2026-08-18 19:06:50.024,27674.158
2026-08-18 19:06:50.437,27669.3345
2026-08-18 19:06:50.851,27665.0856
2026-08-18 19:06:51.263,27661.2162
2026-08-18 19:06:51.678,27657.345
2026-08-18 19:06:52.090,27653.5079
2026-08-18 19:06:52.503,27650.1569
2026-08-18 19:06:52.929,27646.7427
2026-08-18 19:06:53.341,27643.4899
2026-08-18 19:06:53.764,27639.9529
2026-08-18 19:06:54.180,27636.2782
2026-08-18 19:06:54.593,27632.3476
2026-08-18 19:06:55.005,27628.5973
2026-08-18 19:06:55.417,27624.9451
2026-08-18 19:06:55.853,27621.4333
2026-08-18 19:06:56.265,27617.851
2026-08-18 19:06:56.691,27614.4683
2026-08-18 19:06:57.103,27610.8485
2026-08-18 19:06:57.516,27607.3408
2026-08-18 19:06:57.955,27604.3694
2026-08-18 19:06:58.367,27601.9138
2026-08-18 19:06:58.780,27598.8667
2026-08-18 19:06:59.199,27595.6711
2026-08-18 19:06:59.611,27592.5031
2026-08-18 19:07:00.024,27589.8205
2026-08-18 19:07:00.438,27587.4375
2026-08-18 19:07:00.850,27585.2365
2026-08-18 19:07:01.262,27583.0833
2026-08-18 19:07:01.675,27579.9777
2026-08-18 19:07:02.097,27577.1009
2026-08-18 19:07:02.509,27574.0659
2026-08-18 19:07:02.932,27571.2515
2026-08-18 19:07:03.345,27568.3159
2026-08-18 19:07:03.764,27566.0317
2026-08-18 19:07:04.191,27564.1296
2026-08-18 19:07:04.605,27561.4285
2026-08-18 19:07:05.029,27558.7379
2026-08-18 19:07:05.441,27556.0466
2026-08-18 19:07:05.865,27553.3449
2026-08-18 19:07:06.279,27550.4136
2026-08-18 19:07:06.704,27547.6942
2026-08-18 19:07:07.129,27544.9571
2026-08-18 19:07:07.544,27542.3924
2026-08-18 19:07:07.979,27539.6967
2026-08-18 19:07:08.393,27537.4228
2026-08-18 19:07:08.811,27534.9304
2026-08-18 19:07:09.241,27533.8456
2026-08-18 19:07:09.653,27532.5376
2026-08-18 19:07:10.067,27536.4573
2026-08-18 19:07:10.478,27540.3353
2026-08-18 19:07:10.910,27545.0827
2026-08-18 19:07:11.332,27550.0572
2026-08-18 19:07:11.746,27549.9641
2026-08-18 19:07:12.170,27542.9004
2026-08-18 19:07:12.585,27544.756
2026-08-18 19:07:13.034,27547.9625
2026-08-18 19:07:13.446,27544.2457
2026-08-18 19:07:13.859,27539.2601
2026-08-18 19:07:14.273,27530.4971
2026-08-18 19:07:14.687,27526.5019
2026-08-18 19:07:15.121,27522.1734
2026-08-18 19:07:15.547,27517.7068
2026-08-18 19:07:15.973,27512.4108
2026-08-18 19:07:16.386,27509.8909
2026-08-18 19:07:16.800,27506.0353
2026-08-18 19:07:17.225,27502.7912
2026-08-18 19:07:17.638,27500.5193
2026-08-18 19:07:18.051,27498.2616
2026-08-18 19:07:18.463,27499.7506
2026-08-18 19:07:18.877,27494.6499
2026-08-18 19:07:19.291,27491.8292
2026-08-18 19:07:19.719,27489.8911
2026-08-18 19:07:20.150,27489.079
2026-08-18 19:07:20.571,27488.4499
2026-08-18 19:07:20.985,27486.3892
2026-08-18 19:07:21.407,27484.6572
2026-08-18 19:07:21.819,27483.4189
2026-08-18 19:07:22.262,27486.1434
2026-08-18 19:07:22.675,27486.2084
2026-08-18 19:07:23.093,27480.2839
2026-08-18 19:07:23.505,27478.4959
2026-08-18 19:07:23.933,27476.9957
2026-08-18 19:07:24.368,27475.0789
2026-08-18 19:07:24.791,27473.9205
2026-08-18 19:07:25.206,27473.1449
2026-08-18 19:07:25.619,27472.5026
2026-08-18 19:07:26.032,27471.0007
2026-08-18 19:07:26.474,27469.0413
2026-08-18 19:07:26.892,27468.0074
2026-08-18 19:07:27.304,27468.0248
2026-08-18 19:07:27.717,27467.9547
2026-08-18 19:07:28.179,27470.1734
2026-08-18 19:07:28.611,27467.4704
2026-08-18 19:07:29.023,27469.1729
2026-08-18 19:07:29.449,27468.4604
2026-08-18 19:07:29.861,27466.3925
2026-08-18 19:07:30.299,27463.4445
2026-08-18 19:07:30.716,27461.1808
2026-08-18 19:07:31.129,27462.3067
2026-08-18 19:07:31.557,27467.4605
2026-08-18 19:07:31.985,27468.4152
2026-08-18 19:07:32.406,27466.5286
2026-08-18 19:07:32.819,27459.2624
2026-08-18 19:07:33.245,27456.0252
2026-08-18 19:07:33.658,27454.1417
2026-08-18 19:07:34.071,27453.2289
2026-08-18 19:07:34.485,27452.0971
2026-08-18 19:07:34.901,27451.8453
2026-08-18 19:07:35.328,27457.6346
2026-08-18 19:07:35.740,27453.0319
2026-08-18 19:07:36.160,27450.3721
2026-08-18 19:07:36.572,27449.7155
2026-08-18 19:07:37.005,27449.8433
2026-08-18 19:07:37.418,27449.7542
2026-08-18 19:07:37.832,27449.3466
2026-08-18 19:07:38.246,27450.1451
2026-08-18 19:07:38.661,27450.2829
2026-08-18 19:07:39.136,27450.4164
2026-08-18 19:07:39.556,27448.1578
2026-08-18 19:07:39.969,27448.7327
2026-08-18 19:07:40.383,27445.8209
2026-08-18 19:07:40.797,27442.325
2026-08-18 19:07:41.220,27440.5819
2026-08-18 19:07:41.635,27439.7861
2026-08-18 19:07:42.048,27439.2921
2026-08-18 19:07:42.461,27439.6899
2026-08-18 19:07:42.923,27439.3513
2026-08-18 19:07:43.355,27438.5958
2026-08-18 19:07:43.768,27438.4927
2026-08-18 19:07:44.195,27439.4675
2026-08-18 19:07:44.612,27444.4942
2026-08-18 19:07:45.029,27440.9391
2026-08-18 19:07:45.442,27439.3167
2026-08-18 19:07:45.865,27438.6898
2026-08-18 19:07:46.283,27439.5499
2026-08-18 19:07:46.700,27441.0453
2026-08-18 19:07:47.112,27440.9623
2026-08-18 19:07:47.540,27443.288
2026-08-18 19:07:47.951,27443.185
2026-08-18 19:07:48.368,27442.9134
2026-08-18 19:07:48.783,27443.1824
2026-08-18 19:07:49.246,27445.7607
2026-08-18 19:07:49.664,27449.4494
2026-08-18 19:07:50.077,27444.0036
2026-08-18 19:07:50.489,27443.2724
2026-08-18 19:07:50.902,27444.4218
2026-08-18 19:07:51.315,27444.2105
2026-08-18 19:07:51.755,27447.3043
2026-08-18 19:07:52.167,27445.291
2026-08-18 19:07:52.584,27449.2833
2026-08-18 19:07:52.996,27456.0751
2026-08-18 19:07:53.410,27452.5788
2026-08-18 19:07:53.910,27448.4776
2026-08-18 19:07:54.339,27447.3703
2026-08-18 19:07:54.763,27447.7484
2026-08-18 19:07:55.176,27452.1771
2026-08-18 19:07:55.589,27452.583
2026-08-18 19:07:56.016,27450.538
2026-08-18 19:07:56.444,27451.171
2026-08-18 19:07:56.862,27451.6573
2026-08-18 19:07:57.277,27453.9336
2026-08-18 19:07:57.698,27457.1706
2026-08-18 19:07:58.116,27456.9644
2026-08-18 19:07:58.528,27459.0576
2026-08-18 19:07:58.942,27456.5295
2026-08-18 19:07:59.354,27455.0258
2026-08-18 19:07:59.778,27455.0016
2026-08-18 19:08:00.198,27455.7658
2026-08-18 19:08:00.690,27457.9489
2026-08-18 19:08:01.102,27457.4588
2026-08-18 19:08:01.515,27457.7445
2026-08-18 19:08:01.979,27457.5229
2026-08-18 19:08:02.399,27459.8122
2026-08-18 19:08:02.862,27460.8193
2026-08-18 19:08:03.285,27460.395
2026-08-18 19:08:03.697,27464.6523
2026-08-18 19:08:04.170,27462.1402
2026-08-18 19:08:04.606,27462.2072
2026-08-18 19:08:05.025,27462.7689
2026-08-18 19:08:05.437,27463.485
2026-08-18 19:08:05.898,27467.6707
2026-08-18 19:08:06.317,27470.7478
2026-08-18 19:08:06.744,27468.619
2026-08-18 19:08:07.157,27469.4812
2026-08-18 19:08:07.583,27469.5742
2026-08-18 19:08:07.996,27468.3619
2026-08-18 19:08:08.415,27468.6512
2026-08-18 19:08:08.832,27469.2693
2026-08-18 19:08:09.244,27469.8742
2026-08-18 19:08:09.669,27470.9225
2026-08-18 19:08:10.084,27472.1539
2026-08-18 19:08:10.512,27473.1878
2026-08-18 19:08:10.934,27475.136
2026-08-18 19:08:11.346,27483.476
2026-08-18 19:08:11.766,27492.5508
2026-08-18 19:08:12.189,27490.4608
2026-08-18 19:08:12.611,27487.0247
2026-08-18 19:08:13.025,27484.7765
2026-08-18 19:08:13.437,27482.9665
2026-08-18 19:08:13.849,27481.2941
2026-08-18 19:08:14.262,27480.3389
2026-08-18 19:08:14.677,27480.1469
2026-08-18 19:08:15.141,27480.3407
2026-08-18 19:08:15.557,27480.4459
2026-08-18 19:08:16.020,27480.8143
2026-08-18 19:08:16.433,27481.2286
2026-08-18 19:08:16.852,27481.743
2026-08-18 19:08:17.314,27482.9549
2026-08-18 19:08:17.727,27483.8977
2026-08-18 19:08:18.140,27485.4609
2026-08-18 19:08:18.553,27486.9138
2026-08-18 19:08:18.965,27488.3957
2026-08-18 19:08:19.378,27489.7645
2026-08-18 19:08:19.802,27490.8017
2026-08-18 19:08:20.230,27492.031
2026-08-18 19:08:20.641,27493.5267
2026-08-18 19:08:21.069,27495.1327
2026-08-18 19:08:21.491,27496.7613
2026-08-18 19:08:21.910,27498.2011
2026-08-18 19:08:22.329,27499.4377
2026-08-18 19:08:22.741,27500.5125
2026-08-18 19:08:23.170,27501.5952
2026-08-18 19:08:23.582,27502.582
2026-08-18 19:08:24.044,27503.442
2026-08-18 19:08:24.462,27504.3708
2026-08-18 19:08:24.875,27505.6075
2026-08-18 19:08:25.288,27506.5917
2026-08-18 19:08:25.702,27507.7517
2026-08-18 19:08:26.119,27508.7632
2026-08-18 19:08:26.548,27510.1612
2026-08-18 19:08:26.986,27511.3139
2026-08-18 19:08:27.404,27512.3739
2026-08-18 19:08:27.823,27513.796
2026-08-18 19:08:28.236,27515.1162
2026-08-18 19:08:28.670,27516.6732
2026-08-18 19:08:29.089,27518.1534
2026-08-18 19:08:29.504,27519.4807
2026-08-18 19:08:29.917,27520.7578
2026-08-18 19:08:30.329,27522.0594
2026-08-18 19:08:30.768,27523.5283
2026-08-18 19:08:31.206,27524.9532
2026-08-18 19:08:31.620,27526.2458
2026-08-18 19:08:32.033,27527.5022
2026-08-18 19:08:32.458,27528.8475
2026-08-18 19:08:32.876,27530.2923
2026-08-18 19:08:33.289,27532.0061
2026-08-18 19:08:33.701,27533.9139
2026-08-18 19:08:34.115,27535.7688
2026-08-18 19:08:34.541,27537.2789
2026-08-18 19:08:34.963,27538.878
2026-08-18 19:08:35.382,27540.6474
2026-08-18 19:08:35.798,27542.366
2026-08-18 19:08:36.211,27544.1824
2026-08-18 19:08:36.634,27546.185
2026-08-18 19:08:37.061,27548.0729
2026-08-18 19:08:37.485,27550.1134
2026-08-18 19:08:37.902,27551.9025
2026-08-18 19:08:38.315,27553.2356
2026-08-18 19:08:38.727,27554.8335
2026-08-18 19:08:39.168,27556.43
2026-08-18 19:08:39.581,27557.9121
2026-08-18 19:08:39.994,27559.3668
2026-08-18 19:08:40.410,27561.135
2026-08-18 19:08:40.823,27562.7612
2026-08-18 19:08:41.238,27564.5267
2026-08-18 19:08:41.736,27566.9154
2026-08-18 19:08:42.153,27568.6182
2026-08-18 19:08:42.566,27570.1013
2026-08-18 19:08:42.993,27571.6011
2026-08-18 19:08:43.417,27573.2664
2026-08-18 19:08:43.838,27574.8943
2026-08-18 19:08:44.254,27576.5686
2026-08-18 19:08:44.668,27578.0811
2026-08-18 19:08:45.094,27579.4051
2026-08-18 19:08:45.523,27580.6593
2026-08-18 19:08:45.938,27582.0202
2026-08-18 19:08:46.350,27583.4981
2026-08-18 19:08:46.763,27585.0598
2026-08-18 19:08:47.176,27586.7211
2026-08-18 19:08:47.589,27589.1236
2026-08-18 19:08:48.008,27591.1834
2026-08-18 19:08:48.421,27593.2015
2026-08-18 19:08:48.844,27595.083
2026-08-18 19:08:49.258,27596.8926
2026-08-18 19:08:49.679,27598.1931
2026-08-18 19:08:50.091,27600.5055
2026-08-18 19:08:50.505,27602.7307
2026-08-18 19:08:50.919,27603.8794
2026-08-18 19:08:51.332,27606.1807
2026-08-18 19:08:51.745,27608.6691
2026-08-18 19:08:52.211,27611.631
2026-08-18 19:08:52.624,27614.5011
2026-08-18 19:08:53.036,27617.1986
2026-08-18 19:08:53.449,27619.9674
2026-08-18 19:08:53.861,27621.4635
2026-08-18 19:08:54.300,27623.0713
2026-08-18 19:08:54.712,27625.0243
2026-08-18 19:08:55.135,27627.398
2026-08-18 19:08:55.552,27629.8685
2026-08-18 19:08:56.013,27632.3286
2026-08-18 19:08:56.432,27635.3709
2026-08-18 19:08:56.846,27638.0249
2026-08-18 19:08:57.258,27639.4957
2026-08-18 19:08:57.672,27641.353
2026-08-18 19:08:58.085,27643.2368
2026-08-18 19:08:58.518,27645.3008
2026-08-18 19:08:58.930,27647.4606
2026-08-18 19:08:59.343,27649.9793
2026-08-18 19:08:59.756,27652.4224
2026-08-18 19:09:00.169,27654.2617
2026-08-18 19:09:00.582,27656.8904
2026-08-18 19:09:01.010,27659.836
2026-08-18 19:09:01.428,27662.8537
2026-08-18 19:09:01.842,27665.8276
2026-08-18 19:09:02.258,27668.1316
2026-08-18 19:09:02.672,27670.68
2026-08-18 19:09:03.085,27673.0486
2026-08-18 19:09:03.512,27675.1721
2026-08-18 19:09:03.924,27677.3922
2026-08-18 19:09:04.342,27679.9467
2026-08-18 19:09:04.754,27682.5167
2026-08-18 19:09:05.167,27685.063
2026-08-18 19:09:05.588,27687.9324
2026-08-18 19:09:06.000,27691.0579
2026-08-18 19:09:06.433,27694.1464
2026-08-18 19:09:06.860,27697.7544
2026-08-18 19:09:07.275,27700.7584
2026-08-18 19:09:07.692,27703.5048
2026-08-18 19:09:08.108,27706.0282
2026-08-18 19:09:08.532,27708.6479
2026-08-18 19:09:08.945,27711.4092
2026-08-18 19:09:09.372,27713.8275
2026-08-18 19:09:09.793,27716.4393
2026-08-18 19:09:10.212,27718.7703
2026-08-18 19:09:10.636,27720.7477
2026-08-18 19:09:11.048,27722.9765
2026-08-18 19:09:11.462,27725.3337
2026-08-18 19:09:11.875,27727.7909
2026-08-18 19:09:12.344,27730.4281
2026-08-18 19:09:12.764,27733.2731
2026-08-18 19:09:13.182,27735.818
2026-08-18 19:09:13.598,27738.3263
2026-08-18 19:09:14.011,27741.0116
2026-08-18 19:09:14.431,27743.6013
2026-08-18 19:09:14.844,27746.1059
2026-08-18 19:09:15.271,27748.7766
2026-08-18 19:09:15.705,27751.1467
2026-08-18 19:09:16.119,27753.8985
2026-08-18 19:09:16.532,27756.4109
2026-08-18 19:09:16.945,27758.8693
2026-08-18 19:09:17.357,27761.157
2026-08-18 19:09:17.770,27763.5687
2026-08-18 19:09:18.186,27766.279
2026-08-18 19:09:18.599,27768.8063
2026-08-18 19:09:19.018,27771.1099
2026-08-18 19:09:19.431,27773.6697
2026-08-18 19:09:19.845,27776.5041
2026-08-18 19:09:20.273,27779.2489
2026-08-18 19:09:20.685,27781.7381
2026-08-18 19:09:21.098,27784.7168
2026-08-18 19:09:21.520,27787.5505
2026-08-18 19:09:21.933,27790.3958
2026-08-18 19:09:22.347,27793.2542
2026-08-18 19:09:22.760,27796.1855
2026-08-18 19:09:23.174,27799.1142
2026-08-18 19:09:23.591,27801.9652
2026-08-18 19:09:24.057,27805.0992
2026-08-18 19:09:24.527,27807.9735
2026-08-18 19:09:24.941,27810.8474
2026-08-18 19:09:25.355,27813.3495
2026-08-18 19:09:25.768,27815.7899
2026-08-18 19:09:26.181,27818.3954
2026-08-18 19:09:26.601,27821.0035
2026-08-18 19:09:27.013,27823.2985
2026-08-18 19:09:27.426,27825.7783
2026-08-18 19:09:27.851,27828.3048
2026-08-18 19:09:28.279,27830.756
2026-08-18 19:09:28.706,27833.0065
2026-08-18 19:09:29.119,27835.4978
2026-08-18 19:09:29.530,27838.6352
2026-08-18 19:09:29.943,27841.1997
2026-08-18 19:09:30.370,27843.7697
2026-08-18 19:09:30.783,27846.4666
2026-08-18 19:09:31.195,27849.278
2026-08-18 19:09:31.610,27852.1848
2026-08-18 19:09:32.050,27855.3304
2026-08-18 19:09:32.477,27858.4691
2026-08-18 19:09:32.902,27861.5528
2026-08-18 19:09:33.316,27864.8296
2026-08-18 19:09:33.729,27867.5431
2026-08-18 19:09:34.155,27870.4136
2026-08-18 19:09:34.568,27873.4361
2026-08-18 19:09:34.986,27876.2919
2026-08-18 19:09:35.400,27879.6132
2026-08-18 19:09:35.821,27882.6934
2026-08-18 19:09:36.286,27886.204
2026-08-18 19:09:36.700,27889.35
2026-08-18 19:09:37.113,27892.2499
2026-08-18 19:09:37.540,27895.1207
2026-08-18 19:09:37.954,27898.0549
2026-08-18 19:09:38.379,27900.753
2026-08-18 19:09:38.793,27903.5645
2026-08-18 19:09:39.206,27906.2888
2026-08-18 19:09:39.634,27908.8316
2026-08-18 19:09:40.047,27911.4858
2026-08-18 19:09:40.480,27913.8158
2026-08-18 19:09:40.904,27916.5523
2026-08-18 19:09:41.317,27919.9014
2026-08-18 19:09:41.729,27922.591
2026-08-18 19:09:42.197,27925.3148
2026-08-18 19:09:42.614,27928.4325
2026-08-18 19:09:43.042,27931.3519
2026-08-18 19:09:43.468,27933.8547
2026-08-18 19:09:43.886,27936.1568
2026-08-18 19:09:44.304,27938.3381
2026-08-18 19:09:44.717,27940.4453
2026-08-18 19:09:45.131,27942.7682
2026-08-18 19:09:45.543,27945.1777
2026-08-18 19:09:45.955,27947.495
2026-08-18 19:09:46.369,27949.5409
2026-08-18 19:09:46.800,27951.5952
2026-08-18 19:09:47.229,27953.7479
2026-08-18 19:09:47.642,27955.7814
2026-08-18 19:09:48.056,27957.8324
2026-08-18 19:09:48.469,27959.8213
2026-08-18 19:09:48.904,27961.7869
2026-08-18 19:09:49.323,27963.901
2026-08-18 19:09:49.737,27966.058
2026-08-18 19:09:50.162,27968.1831
2026-08-18 19:09:50.575,27970.2478
2026-08-18 19:09:51.004,27972.4495
2026-08-18 19:09:51.419,27974.8066
2026-08-18 19:09:51.835,27977.305
2026-08-18 19:09:52.249,27979.6032
2026-08-18 19:09:52.661,27982.1099
2026-08-18 19:09:53.133,27985.0064
2026-08-18 19:09:53.547,27987.8231
2026-08-18 19:09:53.975,27990.4481
2026-08-18 19:09:54.387,27993.0791
2026-08-18 19:09:54.800,27996.0842
2026-08-18 19:09:55.218,27998.6776
2026-08-18 19:09:55.631,28001.171
2026-08-18 19:09:56.056,28003.4246
2026-08-18 19:09:56.475,28005.7953
2026-08-18 19:09:56.889,28008.1864
2026-08-18 19:09:57.323,28010.7346
2026-08-18 19:09:57.737,28013.0453
2026-08-18 19:09:58.163,28015.506
2026-08-18 19:09:58.577,28017.9668
2026-08-18 19:09:59.005,28020.3795
2026-08-18 19:09:59.417,28022.9993
2026-08-18 19:09:59.831,28025.3777
2026-08-18 19:10:00.269,28028.2365
2026-08-18 19:10:00.688,28030.9841
2026-08-18 19:10:01.101,28033.5784
2026-08-18 19:10:01.514,28036.109
2026-08-18 19:10:01.927,28039.1207
2026-08-18 19:10:02.370,28042.2984
2026-08-18 19:10:02.783,28045.8332
2026-08-18 19:10:03.205,28049.0553
2026-08-18 19:10:03.620,28052.0294
2026-08-18 19:10:04.034,28054.9738
2026-08-18 19:10:04.502,28058.4696
2026-08-18 19:10:04.914,28061.2483
2026-08-18 19:10:05.337,28063.6063
2026-08-18 19:10:05.750,28066.2992
2026-08-18 19:10:06.162,28068.6888
2026-08-18 19:10:06.588,28070.9481
2026-08-18 19:10:07.000,28073.3697
2026-08-18 19:10:07.421,28075.8279
2026-08-18 19:10:07.839,28078.5803
2026-08-18 19:10:08.250,28081.0814
2026-08-18 19:10:08.712,28084.3809
2026-08-18 19:10:09.137,28087.885
2026-08-18 19:10:09.550,28090.5507
2026-08-18 19:10:09.988,28093.3466
2026-08-18 19:10:10.402,28096.1525
2026-08-18 19:10:10.842,28098.8051
2026-08-18 19:10:11.255,28102.0528
2026-08-18 19:10:11.668,28104.7926
2026-08-18 19:10:12.083,28107.4488
2026-08-18 19:10:12.498,28109.9038
2026-08-18 19:10:12.930,28112.3962
2026-08-18 19:10:13.347,28114.9651
2026-08-18 19:10:13.765,28117.3241
2026-08-18 19:10:14.178,28119.9635
2026-08-18 19:10:14.591,28122.823
2026-08-18 19:10:15.030,28125.4488
2026-08-18 19:10:15.443,28128.0979
2026-08-18 19:10:15.862,28130.8718
2026-08-18 19:10:16.281,28133.6351
2026-08-18 19:10:16.694,28136.1432
2026-08-18 19:10:17.159,28139.0158
2026-08-18 19:10:17.581,28141.6883
2026-08-18 19:10:17.993,28144.3906
2026-08-18 19:10:18.420,28146.9637
2026-08-18 19:10:18.833,28149.5209
2026-08-18 19:10:19.248,28152.477
2026-08-18 19:10:19.668,28155.6518
2026-08-18 19:10:20.080,28158.5005
2026-08-18 19:10:20.502,28161.4933
2026-08-18 19:10:20.915,28164.7119
2026-08-18 19:10:21.351,28167.6936
2026-08-18 19:10:21.769,28170.3397
2026-08-18 19:10:22.182,28173.2381
2026-08-18 19:10:22.611,28175.8859
2026-08-18 19:10:23.024,28178.4426
2026-08-18 19:10:23.454,28180.8224
2026-08-18 19:10:23.890,28183.6607
2026-08-18 19:10:24.303,28186.156
2026-08-18 19:10:24.715,28188.7009
2026-08-18 19:10:25.132,28191.1521
2026-08-18 19:10:25.548,28193.4909
2026-08-18 19:10:25.961,28196.0488
2026-08-18 19:10:26.373,28199.0087
2026-08-18 19:10:26.787,28201.757
2026-08-18 19:10:27.199,28204.8437
2026-08-18 19:10:27.613,28207.8078
2026-08-18 19:10:28.032,28210.6895
2026-08-18 19:10:28.458,28213.2341
2026-08-18 19:10:28.875,28215.6735
2026-08-18 19:10:29.287,28219.4431
2026-08-18 19:10:29.714,28226.0933
2026-08-18 19:10:30.126,28228.5068
2026-08-18 19:10:30.540,28231.2647
2026-08-18 19:10:30.952,28234.3313
2026-08-18 19:10:31.383,28236.8901
2026-08-18 19:10:31.796,28239.5814
2026-08-18 19:10:32.221,28242.1523
2026-08-18 19:10:32.638,28244.6831
2026-08-18 19:10:33.050,28247.0569
2026-08-18 19:10:33.475,28249.7092
2026-08-18 19:10:33.889,28251.8012
2026-08-18 19:10:34.301,28251.1535
2026-08-18 19:10:34.714,28252.0707
2026-08-18 19:10:35.127,28253.6619
2026-08-18 19:10:35.539,28255.5648
2026-08-18 19:10:36.035,28257.8897
2026-08-18 19:10:36.448,28259.7497
2026-08-18 19:10:36.874,28261.8639
2026-08-18 19:10:37.291,28264.2319
2026-08-18 19:10:37.720,28266.3721
2026-08-18 19:10:38.134,28268.7204
2026-08-18 19:10:38.561,28270.9802
2026-08-18 19:10:38.974,28273.2853
2026-08-18 19:10:39.387,28275.7599
2026-08-18 19:10:39.825,28277.9453
2026-08-18 19:10:40.238,28280.4058
2026-08-18 19:10:40.650,28282.9207
2026-08-18 19:10:41.062,28285.599
2026-08-18 19:10:41.477,28288.2319
2026-08-18 19:10:41.899,28290.6074
2026-08-18 19:10:42.390,28293.4775
2026-08-18 19:10:42.805,28295.9491
2026-08-18 19:10:43.221,28298.71
2026-08-18 19:10:43.641,28301.6849
2026-08-18 19:10:44.057,28304.8758
2026-08-18 19:10:44.470,28307.845
2026-08-18 19:10:44.896,28310.9563
2026-08-18 19:10:45.310,28314.1925
2026-08-18 19:10:45.732,28317.4616
2026-08-18 19:10:46.143,28320.2621
2026-08-18 19:10:46.556,28322.8334
2026-08-18 19:10:46.984,28325.437
2026-08-18 19:10:47.398,28327.927
2026-08-18 19:10:47.876,28330.7582
2026-08-18 19:10:48.293,28333.2123
2026-08-18 19:10:48.707,28335.7149
2026-08-18 19:10:49.121,28338.075
2026-08-18 19:10:49.532,28340.4517
2026-08-18 19:10:49.954,28342.7855
2026-08-18 19:10:50.366,28345.1887
2026-08-18 19:10:50.778,28347.6526
2026-08-18 19:10:51.206,28350.3659
2026-08-18 19:10:51.619,28352.7466
2026-08-18 19:10:52.060,28355.2832
2026-08-18 19:10:52.483,28358.3669
2026-08-18 19:10:52.896,28361.7379
2026-08-18 19:10:53.308,28365.0177
2026-08-18 19:10:53.721,28368.0595
2026-08-18 19:10:54.191,28371.2659
2026-08-18 19:10:54.604,28373.9302
2026-08-18 19:10:55.016,28376.5535
2026-08-18 19:10:55.441,28379.522
2026-08-18 19:10:55.862,28383.0414
2026-08-18 19:10:56.276,28386.0266
2026-08-18 19:10:56.699,28388.6471
2026-08-18 19:10:57.112,28391.3211
2026-08-18 19:10:57.540,28393.967
2026-08-18 19:10:57.954,28396.6259
2026-08-18 19:10:58.379,28399.2219
2026-08-18 19:10:58.821,28402.1379
2026-08-18 19:10:59.235,28404.8411
2026-08-18 19:10:59.657,28407.7394
2026-08-18 19:11:00.069,28410.9359
2026-08-18 19:11:00.490,28413.7615
2026-08-18 19:11:00.915,28416.4971
2026-08-18 19:11:01.327,28419.4678
2026-08-18 19:11:01.748,28422.1009
2026-08-18 19:11:02.160,28425.4918
2026-08-18 19:11:02.595,28428.5836
2026-08-18 19:11:03.008,28431.7985
2026-08-18 19:11:03.433,28434.6394
2026-08-18 19:11:03.847,28437.5072
2026-08-18 19:11:04.258,28440.1683
2026-08-18 19:11:04.694,28442.6252
2026-08-18 19:11:05.108,28445.3722
2026-08-18 19:11:05.521,28448.1739
2026-08-18 19:11:05.933,28451.4039
2026-08-18 19:11:06.346,28454.7361
2026-08-18 19:11:06.759,28458.0475
2026-08-18 19:11:07.177,28461.2039
2026-08-18 19:11:07.595,28464.1072
2026-08-18 19:11:08.008,28466.9383
2026-08-18 19:11:08.420,28470.1747
2026-08-18 19:11:08.834,28473.622
2026-08-18 19:11:09.262,28476.8609
2026-08-18 19:11:09.675,28480.116
2026-08-18 19:11:10.087,28483.0178
2026-08-18 19:11:10.508,28485.999
2026-08-18 19:11:10.946,28489.3029
2026-08-18 19:11:11.365,28492.8675
2026-08-18 19:11:11.782,28496.6609
2026-08-18 19:11:12.201,28500.7117
2026-08-18 19:11:12.619,28504.3991
2026-08-18 19:11:13.032,28508.454
2026-08-18 19:11:13.451,28512.4992
2026-08-18 19:11:13.864,28516.5876
2026-08-18 19:11:14.303,28520.6361
2026-08-18 19:11:14.718,28524.198
2026-08-18 19:11:15.137,28527.789
2026-08-18 19:11:15.549,28531.4858
2026-08-18 19:11:15.961,28535.1319
2026-08-18 19:11:16.375,28538.7753
2026-08-18 19:11:16.788,28542.8072
2026-08-18 19:11:17.254,28547.8525
2026-08-18 19:11:17.722,28551.1565
2026-08-18 19:11:18.135,28554.8168
2026-08-18 19:11:18.578,28558.3014
2026-08-18 19:11:19.000,28561.4438
2026-08-18 19:11:19.477,28565.6366
2026-08-18 19:11:19.890,28569.8417
2026-08-18 19:11:20.324,28573.5817
2026-08-18 19:11:20.740,28576.8141
2026-08-18 19:11:21.159,28579.9566
2026-08-18 19:11:21.572,28583.4982
2026-08-18 19:11:21.999,28587.2646
2026-08-18 19:11:22.410,28590.895
2026-08-18 19:11:22.831,28594.1732
2026-08-18 19:11:23.243,28597.7908
2026-08-18 19:11:23.657,28601.4776
2026-08-18 19:11:24.071,28605.5095
2026-08-18 19:11:24.502,28609.449
2026-08-18 19:11:24.928,28613.4383
2026-08-18 19:11:25.341,28617.6912
2026-08-18 19:11:25.753,28621.7351
2026-08-18 19:11:26.177,28625.5226
2026-08-18 19:11:26.610,28629.2327
2026-08-18 19:11:27.026,28633.5029
2026-08-18 19:11:27.438,28636.785
2026-08-18 19:11:27.861,28640.3672
2026-08-18 19:11:28.274,28644.1944
2026-08-18 19:11:28.754,28648.2835
2026-08-18 19:11:29.166,28650.7819
2026-08-18 19:11:29.579,28654.589
2026-08-18 19:11:30.006,28659.8203
2026-08-18 19:11:30.419,28665.0784
2026-08-18 19:11:30.837,28670.4774
2026-08-18 19:11:31.249,28672.5603
2026-08-18 19:11:31.662,28673.8078
2026-08-18 19:11:32.075,28677.229
2026-08-18 19:11:32.488,28678.5848
2026-08-18 19:11:32.967,28681.4582
2026-08-18 19:11:33.381,28684.4429
2026-08-18 19:11:33.794,28687.3956
2026-08-18 19:11:34.208,28690.3991
2026-08-18 19:11:34.620,28693.8993
2026-08-18 19:11:35.059,28697.114
2026-08-18 19:11:35.473,28699.6082
2026-08-18 19:11:35.896,28701.641
2026-08-18 19:11:36.309,28704.1122
2026-08-18 19:11:36.721,28707.0058
2026-08-18 19:11:37.158,28710.1537
2026-08-18 19:11:37.581,28713.2348
2026-08-18 19:11:37.994,28716.348
2026-08-18 19:11:38.406,28719.0455
2026-08-18 19:11:38.818,28721.7312
2026-08-18 19:11:39.285,28724.5007
2026-08-18 19:11:39.698,28726.9542
2026-08-18 19:11:40.112,28729.3552
2026-08-18 19:11:40.536,28731.5548
2026-08-18 19:11:40.950,28734.1422
2026-08-18 19:11:41.362,28736.9807
2026-08-18 19:11:41.776,28739.8097
2026-08-18 19:11:42.217,28742.7093
2026-08-18 19:11:42.630,28746.5739
2026-08-18 19:11:43.043,28749.8331
2026-08-18 19:11:43.472,28752.448
2026-08-18 19:11:43.893,28755.3415
2026-08-18 19:11:44.321,28758.0293
2026-08-18 19:11:44.743,28760.7978
2026-08-18 19:11:45.157,28763.3601
2026-08-18 19:11:45.570,28765.9499
2026-08-18 19:11:45.995,28768.4101
2026-08-18 19:11:46.425,28771.0307
2026-08-18 19:11:46.838,28773.8104
2026-08-18 19:11:47.251,28776.9635
2026-08-18 19:11:47.663,28780.0639
2026-08-18 19:11:48.101,28783.0492
2026-08-18 19:11:48.532,28786.0285
2026-08-18 19:11:48.954,28788.5037
2026-08-18 19:11:49.372,28790.5792
2026-08-18 19:11:49.787,28792.7729
2026-08-18 19:11:50.204,28795.0854
2026-08-18 19:11:50.630,28797.5172
2026-08-18 19:11:51.044,28800.0204
2026-08-18 19:11:51.461,28802.2158
2026-08-18 19:11:51.875,28804.675
2026-08-18 19:11:52.288,28806.9945
2026-08-18 19:11:52.701,28809.7344
2026-08-18 19:11:53.117,28813.1335
2026-08-18 19:11:53.546,28816.7586
2026-08-18 19:11:54.026,28820.8424
2026-08-18 19:11:54.447,28823.7466
2026-08-18 19:11:54.864,28826.5228
2026-08-18 19:11:55.276,28829.1641
2026-08-18 19:11:55.706,28832.0463
2026-08-18 19:11:56.124,28835.5023
2026-08-18 19:11:56.536,28838.9692
2026-08-18 19:11:56.958,28842.2791
2026-08-18 19:11:57.420,28845.3057
2026-08-18 19:11:57.850,28848.8984
2026-08-18 19:11:58.272,28852.2092
2026-08-18 19:11:58.688,28855.1889
2026-08-18 19:11:59.106,28857.8474
2026-08-18 19:11:59.520,28860.3761
2026-08-18 19:11:59.931,28862.4874
2026-08-18 19:12:00.345,28864.9364
2026-08-18 19:12:00.758,28867.3755
2026-08-18 19:12:01.172,28869.7622
2026-08-18 19:12:01.585,28872.1933
2026-08-18 19:12:02.017,28874.5563
2026-08-18 19:12:02.441,28877.1398
2026-08-18 19:12:02.853,28879.8043
2026-08-18 19:12:03.274,28882.3205
2026-08-18 19:12:03.690,28885.0213
2026-08-18 19:12:04.120,28887.6331
2026-08-18 19:12:04.534,28890.1666
2026-08-18 19:12:04.946,28892.6696
2026-08-18 19:12:05.359,28894.9703
2026-08-18 19:12:05.772,28897.5568
2026-08-18 19:12:06.251,28900.7152
2026-08-18 19:12:06.664,28903.5509
2026-08-18 19:12:07.078,28906.7309
2026-08-18 19:12:07.491,28909.4081
2026-08-18 19:12:07.904,28912.1985
2026-08-18 19:12:08.331,28914.9773
2026-08-18 19:12:08.744,28917.9172
2026-08-18 19:12:09.157,28920.8573
2026-08-18 19:12:09.571,28923.1631
2026-08-18 19:12:09.982,28925.5789
2026-08-18 19:12:10.395,28928.1319
2026-08-18 19:12:10.820,28930.7041
2026-08-18 19:12:11.238,28933.2111
2026-08-18 19:12:11.684,28935.832
2026-08-18 19:12:12.147,28938.1653
2026-08-18 19:12:12.566,28940.5832
2026-08-18 19:12:12.993,28942.9621
2026-08-18 19:12:13.419,28945.3312
2026-08-18 19:12:13.837,28947.6465
2026-08-18 19:12:14.254,28949.9059
2026-08-18 19:12:14.666,28952.4462
2026-08-18 19:12:15.079,28955.1719
2026-08-18 19:12:15.506,28958.0566
2026-08-18 19:12:15.919,28961.046
2026-08-18 19:12:16.345,28963.717
2026-08-18 19:12:16.761,28966.6229
2026-08-18 19:12:17.173,28969.2715
2026-08-18 19:12:17.586,28971.7507
2026-08-18 19:12:18.014,28974.3543
2026-08-18 19:12:18.432,28977.1644
2026-08-18 19:12:18.866,28979.9408
2026-08-18 19:12:19.279,28982.9256
2026-08-18 19:12:19.696,28985.6343
2026-08-18 19:12:20.110,28988.1908
2026-08-18 19:12:20.573,28990.7638
2026-08-18 19:12:20.996,28993.5759
2026-08-18 19:12:21.408,28995.9772
2026-08-18 19:12:21.834,28998.4739
2026-08-18 19:12:22.253,29000.9273
2026-08-18 19:12:22.666,29003.3677
2026-08-18 19:12:23.085,29005.9987
2026-08-18 19:12:23.498,29009.0097
2026-08-18 19:12:23.910,29012.0285
2026-08-18 19:12:24.338,29014.8641
2026-08-18 19:12:24.750,29017.8405
2026-08-18 19:12:25.182,29020.479
2026-08-18 19:12:25.594,29023.4149
2026-08-18 19:12:26.011,29026.3155
2026-08-18 19:12:26.437,29028.925
2026-08-18 19:12:26.852,29031.5588
2026-08-18 19:12:27.290,29033.9596
2026-08-18 19:12:27.702,29036.6775
2026-08-18 19:12:28.115,29039.191
2026-08-18 19:12:28.540,29041.5567
2026-08-18 19:12:29.003,29044.0525
2026-08-18 19:12:29.423,29046.6925
2026-08-18 19:12:29.837,29048.9864
2026-08-18 19:12:30.262,29051.4448
2026-08-18 19:12:30.675,29053.8321
2026-08-18 19:12:31.088,29056.1641
2026-08-18 19:12:31.517,29058.6816
2026-08-18 19:12:31.942,29061.2802
2026-08-18 19:12:32.358,29063.7004
2026-08-18 19:12:32.771,29066.1002
2026-08-18 19:12:33.181,29068.3352
2026-08-18 19:12:33.624,29070.6121
2026-08-18 19:12:34.042,29073.0244
2026-08-18 19:12:34.460,29075.5275
2026-08-18 19:12:34.872,29078.2439
2026-08-18 19:12:35.285,29080.7611
2026-08-18 19:12:35.701,29083.0536
2026-08-18 19:12:36.114,29085.2262
2026-08-18 19:12:36.542,29087.7911
2026-08-18 19:12:36.961,29090.3523
2026-08-18 19:12:37.387,29093.1783
2026-08-18 19:12:37.804,29096.1853
2026-08-18 19:12:38.217,29099.2655
2026-08-18 19:12:38.655,29102.2294
2026-08-18 19:12:39.103,29105.4342
2026-08-18 19:12:39.570,29108.6643
2026-08-18 19:12:39.997,29111.2538
2026-08-18 19:12:40.409,29113.9384
2026-08-18 19:12:40.821,29116.2831
2026-08-18 19:12:41.234,29118.6832
2026-08-18 19:12:41.649,29120.8226
2026-08-18 19:12:42.072,29122.8904
2026-08-18 19:12:42.485,29125.1242
2026-08-18 19:12:42.911,29127.1457
2026-08-18 19:12:43.325,29129.43
2026-08-18 19:12:43.737,29131.5847
2026-08-18 19:12:44.149,29134.2277
2026-08-18 19:12:44.562,29136.8835
2026-08-18 19:12:45.061,29139.3715
2026-08-18 19:12:45.495,29142.3967
2026-08-18 19:12:45.908,29145.5891
2026-08-18 19:12:46.343,29148.8934
2026-08-18 19:12:46.761,29152.2868
2026-08-18 19:12:47.174,29155.5296
2026-08-18 19:12:47.616,29158.8299
2026-08-18 19:12:48.106,29162.8734
2026-08-18 19:12:48.519,29165.9638
2026-08-18 19:12:48.933,29169.4051
2026-08-18 19:12:49.393,29172.6729
2026-08-18 19:12:49.811,29175.8044
2026-08-18 19:12:50.225,29178.4647
2026-08-18 19:12:50.639,29181.3245
2026-08-18 19:12:51.058,29184.1983
2026-08-18 19:12:51.475,29187.0103
2026-08-18 19:12:51.905,29190.0566
2026-08-18 19:12:52.325,29193.012
2026-08-18 19:12:52.738,29195.9595
2026-08-18 19:12:53.150,29199.0508
2026-08-18 19:12:53.564,29201.9314
2026-08-18 19:12:54.041,29205.4735
2026-08-18 19:12:54.457,29208.4759
2026-08-18 19:12:54.870,29211.0805
2026-08-18 19:12:55.284,29213.8428
2026-08-18 19:12:55.697,29216.9237
2026-08-18 19:12:56.124,29219.847
2026-08-18 19:12:56.537,29222.4385
2026-08-18 19:12:56.964,29225.4461
2026-08-18 19:12:57.378,29228.2057
2026-08-18 19:12:57.803,29231.1953
2026-08-18 19:12:58.267,29234.3756
2026-08-18 19:12:58.687,29237.0152
2026-08-18 19:12:59.106,29239.5487
2026-08-18 19:12:59.519,29242.2032
2026-08-18 19:12:59.932,29245.0607
2026-08-18 19:13:00.346,29247.7829
2026-08-18 19:13:00.770,29249.7572
2026-08-18 19:13:01.185,29251.8708
2026-08-18 19:13:01.600,29254.0906
2026-08-18 19:13:02.012,29256.5365
2026-08-18 19:13:02.439,29258.8759
2026-08-18 19:13:02.856,29261.5432
2026-08-18 19:13:03.274,29264.3225
2026-08-18 19:13:03.687,29267.2995
2026-08-18 19:13:04.098,29270.1341
2026-08-18 19:13:04.510,29272.9744
2026-08-18 19:13:04.924,29275.7448
2026-08-18 19:13:05.336,29278.3588
2026-08-18 19:13:05.755,29280.7417
2026-08-18 19:13:06.167,29283.0168
2026-08-18 19:13:06.581,29285.4025
2026-08-18 19:13:06.993,29287.8496
2026-08-18 19:13:07.406,29290.8925
2026-08-18 19:13:07.832,29294.0525
2026-08-18 19:13:08.246,29297.2778
2026-08-18 19:13:08.668,29300.6203
2026-08-18 19:13:09.083,29303.6596
2026-08-18 19:13:09.496,29306.6401
2026-08-18 19:13:09.908,29309.2828
2026-08-18 19:13:10.325,29311.9522
2026-08-18 19:13:10.738,29314.7137
2026-08-18 19:13:11.203,29317.8195
2026-08-18 19:13:11.616,29320.3792
2026-08-18 19:13:12.029,29323.0181
2026-08-18 19:13:12.443,29325.8317
2026-08-18 19:13:12.869,29328.6476
2026-08-18 19:13:13.297,29331.2042
2026-08-18 19:13:13.709,29333.7959
2026-08-18 19:13:14.123,29336.3571
2026-08-18 19:13:14.536,29338.7297
2026-08-18 19:13:14.965,29341.5117
2026-08-18 19:13:15.403,29343.9039
2026-08-18 19:13:15.824,29346.1697
2026-08-18 19:13:16.238,29348.294
2026-08-18 19:13:16.657,29350.8457
2026-08-18 19:13:17.077,29353.7724
2026-08-18 19:13:17.517,29356.6718
2026-08-18 19:13:17.943,29359.5095
2026-08-18 19:13:18.358,29361.8086
2026-08-18 19:13:18.775,29364.4001
2026-08-18 19:13:19.191,29367.3896
2026-08-18 19:13:19.656,29370.4459
2026-08-18 19:13:20.070,29372.729
2026-08-18 19:13:20.486,29374.8697
2026-08-18 19:13:20.898,29377.0772
2026-08-18 19:13:21.311,29379.621
2026-08-18 19:13:21.778,29382.7655
2026-08-18 19:13:22.189,29385.2845
2026-08-18 19:13:22.605,29387.4929
2026-08-18 19:13:23.018,29389.7136
2026-08-18 19:13:23.430,29391.9713
2026-08-18 19:13:23.842,29394.2865
2026-08-18 19:13:24.263,29396.5755
2026-08-18 19:13:24.678,29398.8563
2026-08-18 19:13:25.090,29401.2804
2026-08-18 19:13:25.540,29403.3795
2026-08-18 19:13:25.977,29405.722
2026-08-18 19:13:26.389,29407.7901
2026-08-18 19:13:26.803,29409.8237
2026-08-18 19:13:27.227,29411.7033
2026-08-18 19:13:27.641,29413.8239
2026-08-18 19:13:28.068,29415.8858
2026-08-18 19:13:28.488,29417.9018
2026-08-18 19:13:28.901,29419.982
2026-08-18 19:13:29.329,29421.9031
2026-08-18 19:13:29.741,29424.0664
2026-08-18 19:13:30.154,29426.1388
2026-08-18 19:13:30.567,29428.3033
2026-08-18 19:13:31.033,29430.5826
2026-08-18 19:13:31.448,29432.8023
2026-08-18 19:13:31.864,29435.5295
2026-08-18 19:13:32.276,29437.8886
2026-08-18 19:13:32.696,29440.3589
2026-08-18 19:13:33.110,29442.693
2026-08-18 19:13:33.522,29444.8718
2026-08-18 19:13:33.935,29446.8687
2026-08-18 19:13:34.380,29448.6896
2026-08-18 19:13:34.794,29450.6961
2026-08-18 19:13:35.215,29452.7437
2026-08-18 19:13:35.632,29454.8991
2026-08-18 19:13:36.047,29456.8054
2026-08-18 19:13:36.459,29458.7913
2026-08-18 19:13:36.871,29460.7096
2026-08-18 19:13:37.285,29463.1802
2026-08-18 19:13:37.697,29465.9012
2026-08-18 19:13:38.116,29468.348
2026-08-18 19:13:38.529,29470.7804
2026-08-18 19:13:38.952,29473.1034
2026-08-18 19:13:39.370,29475.4908
2026-08-18 19:13:39.782,29477.8575
2026-08-18 19:13:40.195,29480.5324
2026-08-18 19:13:40.658,29483.2788
2026-08-18 19:13:41.075,29486.3318
2026-08-18 19:13:41.487,29488.8285
2026-08-18 19:13:41.901,29491.4233
2026-08-18 19:13:42.328,29493.6345
2026-08-18 19:13:42.741,29495.8772
2026-08-18 19:13:43.168,29498.1375
2026-08-18 19:13:43.582,29500.4678
2026-08-18 19:13:44.012,29502.4677
2026-08-18 19:13:44.424,29504.5293
2026-08-18 19:13:44.836,29506.7282
2026-08-18 19:13:45.249,29509.4683
2026-08-18 19:13:45.661,29511.9028
2026-08-18 19:13:46.086,29514.1227
2026-08-18 19:13:46.552,29516.5354
2026-08-18 19:13:46.964,29518.7244
2026-08-18 19:13:47.376,29520.7162
2026-08-18 19:13:47.804,29522.5942
2026-08-18 19:13:48.218,29524.3626
2026-08-18 19:13:48.644,29526.246
2026-08-18 19:13:49.074,29528.5207
2026-08-18 19:13:49.486,29530.8095
2026-08-18 19:13:49.898,29533.2279
2026-08-18 19:13:50.324,29536.2629
2026-08-18 19:13:50.742,29538.9983
2026-08-18 19:13:51.208,29541.6781
2026-08-18 19:13:51.623,29544.1785
2026-08-18 19:13:52.040,29546.3892
2026-08-18 19:13:52.461,29548.5491
2026-08-18 19:13:52.874,29551.013
2026-08-18 19:13:53.317,29553.3016
2026-08-18 19:13:53.733,29556.0288
2026-08-18 19:13:54.148,29558.4151
2026-08-18 19:13:54.572,29560.8672
2026-08-18 19:13:54.990,29563.5197
2026-08-18 19:13:55.406,29565.9533
2026-08-18 19:13:55.818,29568.6889
2026-08-18 19:13:56.261,29571.2661
2026-08-18 19:13:56.676,29573.595
2026-08-18 19:13:57.098,29575.731
2026-08-18 19:13:57.516,29577.6384
2026-08-18 19:13:57.979,29579.6208
2026-08-18 19:13:58.398,29581.7434
2026-08-18 19:13:58.811,29584.0737
2026-08-18 19:13:59.223,29586.3918
2026-08-18 19:13:59.650,29588.6531
2026-08-18 19:14:00.062,29590.8252
2026-08-18 19:14:00.476,29593.0182
2026-08-18 19:14:00.890,29595.0233
2026-08-18 19:14:01.302,29597.1546
2026-08-18 19:14:01.741,29599.6402
2026-08-18 19:14:02.154,29602.0761
2026-08-18 19:14:02.579,29604.2862
2026-08-18 19:14:02.991,29606.5772
2026-08-18 19:14:03.403,29608.8625
2026-08-18 19:14:03.816,29611.1267
2026-08-18 19:14:04.229,29613.4015
2026-08-18 19:14:04.643,29615.6445
2026-08-18 19:14:05.055,29617.7455
2026-08-18 19:14:05.467,29619.6138
2026-08-18 19:14:05.881,29621.2233
2026-08-18 19:14:06.294,29623.1669
2026-08-18 19:14:06.740,29625.0292
2026-08-18 19:14:07.154,29627.1305
2026-08-18 19:14:07.574,29629.1411
2026-08-18 19:14:07.988,29631.4651
2026-08-18 19:14:08.424,29633.8315
2026-08-18 19:14:08.862,29636.5277
2026-08-18 19:14:09.276,29639.2108
2026-08-18 19:14:09.689,29641.5255
2026-08-18 19:14:10.116,29643.8809
2026-08-18 19:14:10.541,29645.9674
2026-08-18 19:14:10.957,29648.2898
2026-08-18 19:14:11.369,29650.7605
2026-08-18 19:14:11.802,29653.1095
2026-08-18 19:14:12.216,29655.5648
2026-08-18 19:14:12.641,29657.763
2026-08-18 19:14:13.054,29660.1223
2026-08-18 19:14:13.466,29662.4873
2026-08-18 19:14:13.929,29665.146
2026-08-18 19:14:14.365,29668.076
2026-08-18 19:14:14.777,29670.6339
2026-08-18 19:14:15.201,29672.7932
2026-08-18 19:14:15.613,29675.0407
2026-08-18 19:14:16.056,29677.3935
2026-08-18 19:14:16.468,29679.6259
2026-08-18 19:14:16.895,29681.8305
2026-08-18 19:14:17.309,29684.2057
2026-08-18 19:14:17.721,29686.4844
2026-08-18 19:14:18.138,29688.7252
2026-08-18 19:14:18.600,29690.6822
2026-08-18 19:14:19.027,29692.8058
2026-08-18 19:14:19.441,29694.564
2026-08-18 19:14:19.855,29697.0925
2026-08-18 19:14:20.268,29699.8451
2026-08-18 19:14:20.695,29702.4003
2026-08-18 19:14:21.128,29704.7094
2026-08-18 19:14:21.541,29707.3304
2026-08-18 19:14:21.954,29709.8535
2026-08-18 19:14:22.365,29712.4976
2026-08-18 19:14:22.791,29714.8689
2026-08-18 19:14:23.209,29717.7235
2026-08-18 19:14:23.621,29721.8117
2026-08-18 19:14:24.100,29724.6126
2026-08-18 19:14:24.520,29727.3084
2026-08-18 19:14:24.939,29730.2966
2026-08-18 19:14:25.357,29733.2589
2026-08-18 19:14:25.771,29736.3519
2026-08-18 19:14:26.194,29739.3351
2026-08-18 19:14:26.621,29742.4383
2026-08-18 19:14:27.042,29745.741
2026-08-18 19:14:27.455,29748.7143
2026-08-18 19:14:27.867,29751.6506
2026-08-18 19:14:28.293,29753.2218
2026-08-18 19:14:28.705,29755.1363
2026-08-18 19:14:29.119,29757.1034
2026-08-18 19:14:29.531,29759.3891
2026-08-18 19:14:29.957,29762.5904
2026-08-18 19:14:30.372,29764.0693
2026-08-18 19:14:30.797,29766.011
2026-08-18 19:14:31.215,29768.1197
2026-08-18 19:14:31.627,29770.4682
2026-08-18 19:14:32.093,29772.9311
2026-08-18 19:14:32.507,29775.1588
2026-08-18 19:14:32.933,29776.8938
2026-08-18 19:14:33.346,29779.0391
2026-08-18 19:14:33.760,29780.8998
2026-08-18 19:14:34.172,29783.6693
2026-08-18 19:14:34.585,29785.8039
2026-08-18 19:14:35.020,29787.4938
2026-08-18 19:14:35.448,29789.7597
2026-08-18 19:14:35.862,29792.0707
2026-08-18 19:14:36.283,29794.286
2026-08-18 19:14:36.696,29796.6405
2026-08-18 19:14:37.139,29799.0634
2026-08-18 19:14:37.551,29801.311
2026-08-18 19:14:37.972,29803.0759
2026-08-18 19:14:38.390,29805.0455
2026-08-18 19:14:38.805,29807.1374
2026-08-18 19:14:39.285,29809.3871
2026-08-18 19:14:39.697,29811.8655
2026-08-18 19:14:40.122,29814.7106
2026-08-18 19:14:40.535,29817.1692
2026-08-18 19:14:40.962,29819.7927
2026-08-18 19:14:41.384,29823.6807
2026-08-18 19:14:41.821,29832.8429
2026-08-18 19:14:42.233,29836.9632
2026-08-18 19:14:42.654,29831.3434
2026-08-18 19:14:43.072,29830.485
2026-08-18 19:14:43.504,29830.7863
2026-08-18 19:14:43.924,29831.9709
2026-08-18 19:14:44.346,29833.3266
2026-08-18 19:14:44.766,29834.7609
2026-08-18 19:14:45.185,29836.3637
2026-08-18 19:14:45.627,29838.0794
2026-08-18 19:14:46.052,29839.9756
2026-08-18 19:14:46.471,29841.7747
2026-08-18 19:14:46.884,29843.8072
2026-08-18 19:14:47.295,29845.7869
2026-08-18 19:14:47.709,29847.5094
2026-08-18 19:14:48.122,29849.1535
2026-08-18 19:14:48.566,29850.5629
2026-08-18 19:14:48.979,29852.2259
2026-08-18 19:14:49.403,29854.4454
2026-08-18 19:14:49.816,29856.9559
2026-08-18 19:14:50.229,29859.0096
2026-08-18 19:14:50.657,29861.2457
2026-08-18 19:14:51.083,29863.5043
2026-08-18 19:14:51.505,29865.4977
2026-08-18 19:14:51.932,29867.2763
2026-08-18 19:14:52.345,29869.1738
2026-08-18 19:14:52.769,29871.436
2026-08-18 19:14:53.182,29874.1704
2026-08-18 19:14:53.626,29876.6854
2026-08-18 19:14:54.053,29879.0946
2026-08-18 19:14:54.471,29880.849
2026-08-18 19:14:54.883,29882.4664
2026-08-18 19:14:55.295,29884.1403
2026-08-18 19:14:55.765,29885.9639
2026-08-18 19:14:56.211,29887.9314
2026-08-18 19:14:56.631,29889.8439
2026-08-18 19:14:57.043,29891.7146
2026-08-18 19:14:57.506,29893.2153
2026-08-18 19:14:57.934,29894.6772
2026-08-18 19:14:58.355,29895.9646
2026-08-18 19:14:58.773,29897.5484
2026-08-18 19:14:59.186,29898.9685
2026-08-18 19:14:59.603,29900.216
2026-08-18 19:15:00.038,29901.4744
2026-08-18 19:15:00.452,29902.7658
2026-08-18 19:15:00.866,29904.0378
2026-08-18 19:15:01.278,29905.9904
2026-08-18 19:15:01.701,29907.4994
2026-08-18 19:15:02.112,29908.6841
2026-08-18 19:15:02.534,29909.8171
2026-08-18 19:15:02.948,29910.6027
2026-08-18 19:15:03.364,29911.542
2026-08-18 19:15:03.777,29912.5215
2026-08-18 19:15:04.189,29913.7272
2026-08-18 19:15:04.617,29917.2819
2026-08-18 19:15:05.045,29919.9881
2026-08-18 19:15:05.465,29920.3661
2026-08-18 19:15:05.878,29921.0732
2026-08-18 19:15:06.346,29922.1922
2026-08-18 19:15:06.764,29923.3965
2026-08-18 19:15:07.190,29924.5082
2026-08-18 19:15:07.603,29925.4077
2026-08-18 19:15:08.022,29926.4505
2026-08-18 19:15:08.433,29927.8983
2026-08-18 19:15:08.845,29929.4015
2026-08-18 19:15:09.291,29930.7893
2026-08-18 19:15:09.704,29931.857
2026-08-18 19:15:10.120,29932.8257
2026-08-18 19:15:10.533,29934.1702
2026-08-18 19:15:10.955,29936.0491
2026-08-18 19:15:11.373,29937.6934
2026-08-18 19:15:11.786,29939.0393
2026-08-18 19:15:12.207,29940.481
2026-08-18 19:15:12.620,29941.7905
2026-08-18 19:15:13.058,29943.3159
2026-08-18 19:15:13.470,29945.5334
2026-08-18 19:15:13.892,29948.1987
2026-08-18 19:15:14.306,29950.6893
2026-08-18 19:15:14.718,29953.9577
2026-08-18 19:15:15.148,29958.01
2026-08-18 19:15:15.580,29962.5951
2026-08-18 19:15:16.004,29961.9129
2026-08-18 19:15:16.416,29962.014
2026-08-18 19:15:16.829,29962.9729
2026-08-18 19:15:17.255,29964.1481
2026-08-18 19:15:17.718,29965.7792
2026-08-18 19:15:18.144,29967.3153
2026-08-18 19:15:18.558,29968.7415
2026-08-18 19:15:18.975,29970.184
2026-08-18 19:15:19.387,29971.6165
2026-08-18 19:15:19.827,29973.2113
2026-08-18 19:15:20.240,29975.1621
2026-08-18 19:15:20.653,29977.6393
2026-08-18 19:15:21.080,29979.8168
2026-08-18 19:15:21.493,29982.0398
2026-08-18 19:15:21.953,29984.7496
2026-08-18 19:15:22.366,29986.578
2026-08-18 19:15:22.791,29988.5145
2026-08-18 19:15:23.205,29990.1567
2026-08-18 19:15:23.630,29991.9048
2026-08-18 19:15:24.077,29993.3401
2026-08-18 19:15:24.504,29994.7938
2026-08-18 19:15:24.917,29996.0148
2026-08-18 19:15:25.330,29997.3073
2026-08-18 19:15:25.742,29999.2108
2026-08-18 19:15:26.169,30001.5899
2026-08-18 19:15:26.622,30003.4016
2026-08-18 19:15:27.056,30004.6153
2026-08-18 19:15:27.471,30006.2899
2026-08-18 19:15:27.898,30007.8751
2026-08-18 19:15:28.311,30009.4967
2026-08-18 19:15:28.732,30010.7414
2026-08-18 19:15:29.149,30011.5902
2026-08-18 19:15:29.563,30012.6235
2026-08-18 19:15:30.004,30014.3065
2026-08-18 19:15:30.416,30016.6251
2026-08-18 19:15:30.828,30018.8064
2026-08-18 19:15:31.241,30020.2988
2026-08-18 19:15:31.653,30021.6744
2026-08-18 19:15:32.068,30022.9026
2026-08-18 19:15:32.480,30024.1834
2026-08-18 19:15:32.949,30025.5201
2026-08-18 19:15:33.395,30027.4354
2026-08-18 19:15:33.808,30029.0046
2026-08-18 19:15:34.219,30030.4911
2026-08-18 19:15:34.631,30031.7939
2026-08-18 19:15:35.057,30033.5822
2026-08-18 19:15:35.519,30035.3952
2026-08-18 19:15:35.931,30037.1466
2026-08-18 19:15:36.344,30038.8488
2026-08-18 19:15:36.762,30040.2326
2026-08-18 19:15:37.175,30041.7391
2026-08-18 19:15:37.612,30043.3832
2026-08-18 19:15:38.037,30044.8728
2026-08-18 19:15:38.449,30046.095
2026-08-18 19:15:38.874,30047.6902
2026-08-18 19:15:39.286,30049.3834
2026-08-18 19:15:39.699,30051.3075
2026-08-18 19:15:40.115,30053.0707
2026-08-18 19:15:40.530,30054.3787
2026-08-18 19:15:40.943,30055.8318
2026-08-18 19:15:41.369,30057.1797
2026-08-18 19:15:41.787,30058.7574
2026-08-18 19:15:42.199,30060.2981
2026-08-18 19:15:42.613,30062.4446
2026-08-18 19:15:43.025,30064.5122
2026-08-18 19:15:43.439,30066.3945
2026-08-18 19:15:43.852,30068.4857
2026-08-18 19:15:44.265,30070.3402
2026-08-18 19:15:44.737,30072.3405
2026-08-18 19:15:45.184,30074.5917
2026-08-18 19:15:45.651,30075.9868
2026-08-18 19:15:46.070,30077.868
2026-08-18 19:15:46.483,30080.2553
2026-08-18 19:15:46.896,30082.7743
2026-08-18 19:15:47.308,30085.3599
2026-08-18 19:15:47.728,30087.7976
2026-08-18 19:15:48.144,30091.2113
2026-08-18 19:15:48.562,30093.4248
2026-08-18 19:15:49.029,30095.4961
2026-08-18 19:15:49.457,30097.172
2026-08-18 19:15:49.870,30099.3532
2026-08-18 19:15:50.283,30101.1523
2026-08-18 19:15:50.695,30102.5746
2026-08-18 19:15:51.176,30104.1909
2026-08-18 19:15:51.597,30106.6061
2026-08-18 19:15:52.011,30107.7349
2026-08-18 19:15:52.423,30108.7922
2026-08-18 19:15:52.848,30110.508
2026-08-18 19:15:53.268,30111.0738
2026-08-18 19:15:53.683,30111.8523
2026-08-18 19:15:54.096,30112.7808
2026-08-18 19:15:54.514,30113.547
2026-08-18 19:15:54.927,30114.2501
2026-08-18 19:15:55.342,30114.9617
2026-08-18 19:15:55.754,30115.6857
2026-08-18 19:15:56.167,30116.1831
2026-08-18 19:15:56.631,30116.5746
2026-08-18 19:15:57.062,30117.1998
2026-08-18 19:15:57.475,30117.5669
2026-08-18 19:15:57.885,30118.0186
2026-08-18 19:15:58.298,30118.5906
2026-08-18 19:15:58.721,30119.2994
2026-08-18 19:15:59.139,30120.0846
2026-08-18 19:15:59.557,30120.6428
2026-08-18 19:15:59.976,30121.1557
2026-08-18 19:16:00.389,30121.0529
2026-08-18 19:16:00.802,30121.6403
2026-08-18 19:16:01.214,30122.45
2026-08-18 19:16:01.641,30123.4416
2026-08-18 19:16:02.054,30124.514
2026-08-18 19:16:02.468,30125.5977
2026-08-18 19:16:02.881,30126.6854
2026-08-18 19:16:03.306,30127.5761
2026-08-18 19:16:03.738,30128.2641
2026-08-18 19:16:04.160,30129.0068
2026-08-18 19:16:04.580,30129.6193
2026-08-18 19:16:04.993,30130.2411
2026-08-18 19:16:05.461,30131.1173
2026-08-18 19:16:05.878,30131.4851
2026-08-18 19:16:06.305,30132.0228
2026-08-18 19:16:06.732,30132.4006
2026-08-18 19:16:07.144,30132.8119
2026-08-18 19:16:07.569,30132.9384
2026-08-18 19:16:07.987,30133.1347
2026-08-18 19:16:08.405,30133.3458
2026-08-18 19:16:08.827,30133.4515
2026-08-18 19:16:09.243,30133.4746
2026-08-18 19:16:09.660,30133.8901
2026-08-18 19:16:10.073,30134.1717
2026-08-18 19:16:10.487,30134.2878
2026-08-18 19:16:10.925,30134.8484
2026-08-18 19:16:11.361,30135.7979
2026-08-18 19:16:11.773,30136.6211
2026-08-18 19:16:12.201,30137.7654
2026-08-18 19:16:12.612,30138.7756
2026-08-18 19:16:13.026,30139.4213
2026-08-18 19:16:13.453,30140.3425
2026-08-18 19:16:13.884,30141.6784
2026-08-18 19:16:14.298,30142.4179
2026-08-18 19:16:14.726,30143.2651
2026-08-18 19:16:15.140,30143.9007
2026-08-18 19:16:15.554,30144.5559
2026-08-18 19:16:15.984,30145.1415
2026-08-18 19:16:16.405,30145.7988
2026-08-18 19:16:16.818,30146.373
2026-08-18 19:16:17.245,30146.834
2026-08-18 19:16:17.662,30147.2327
2026-08-18 19:16:18.104,30147.785
2026-08-18 19:16:18.518,30148.4977
2026-08-18 19:16:18.943,30149.0978
2026-08-18 19:16:19.362,30150.2708
2026-08-18 19:16:19.775,30151.2027
2026-08-18 19:16:20.216,30151.8222
2026-08-18 19:16:20.629,30152.3721
2026-08-18 19:16:21.041,30152.7731
2026-08-18 19:16:21.453,30153.6005
2026-08-18 19:16:21.865,30154.7428
2026-08-18 19:16:22.279,30156.1231
2026-08-18 19:16:22.691,30157.725
2026-08-18 19:16:23.118,30159.394
2026-08-18 19:16:23.586,30161.1398
2026-08-18 19:16:24.006,30162.4013
2026-08-18 19:16:24.419,30163.5908
2026-08-18 19:16:24.830,30164.8603
2026-08-18 19:16:25.242,30165.9129
2026-08-18 19:16:25.656,30167.1361
2026-08-18 19:16:26.079,30167.9274
2026-08-18 19:16:26.573,30168.8118
2026-08-18 19:16:26.985,30169.6933
2026-08-18 19:16:27.397,30170.5256
2026-08-18 19:16:27.811,30171.6072
2026-08-18 19:16:28.238,30172.2982
2026-08-18 19:16:28.650,30173.2497
2026-08-18 19:16:29.062,30174.1258
2026-08-18 19:16:29.475,30175.0205
2026-08-18 19:16:29.888,30175.8065
2026-08-18 19:16:30.301,30176.3708
2026-08-18 19:16:30.753,30176.9785
2026-08-18 19:16:31.173,30177.6303
2026-08-18 19:16:31.587,30178.3934
2026-08-18 19:16:31.999,30179.1918
2026-08-18 19:16:32.411,30179.8277
2026-08-18 19:16:32.838,30180.1868
2026-08-18 19:16:33.250,30180.7441
2026-08-18 19:16:33.676,30181.4921
2026-08-18 19:16:34.139,30181.8807
2026-08-18 19:16:34.578,30182.2483
2026-08-18 19:16:34.991,30182.703
2026-08-18 19:16:35.416,30182.9211
2026-08-18 19:16:35.829,30183.1008
2026-08-18 19:16:36.262,30183.2771
2026-08-18 19:16:36.682,30183.631
2026-08-18 19:16:37.094,30184.1555
2026-08-18 19:16:37.516,30184.5799
2026-08-18 19:16:37.929,30184.8163
2026-08-18 19:16:38.342,30185.0981
2026-08-18 19:16:38.784,30185.2835
2026-08-18 19:16:39.196,30185.4221
2026-08-18 19:16:39.610,30185.4213
2026-08-18 19:16:40.023,30185.3521
2026-08-18 19:16:40.442,30185.4734
2026-08-18 19:16:40.862,30185.8722
2026-08-18 19:16:41.280,30186.1657
2026-08-18 19:16:41.697,30186.3319
2026-08-18 19:16:42.110,30186.704
2026-08-18 19:16:42.546,30186.7235
2026-08-18 19:16:42.984,30186.7501
2026-08-18 19:16:43.397,30186.7249
2026-08-18 19:16:43.809,30186.8295
2026-08-18 19:16:44.223,30186.6576
2026-08-18 19:16:44.662,30186.6086
2026-08-18 19:16:45.084,30186.6378
2026-08-18 19:16:45.500,30186.634
2026-08-18 19:16:45.914,30186.8543
2026-08-18 19:16:46.328,30186.8278
2026-08-18 19:16:46.742,30186.7788
2026-08-18 19:16:47.154,30186.5519
2026-08-18 19:16:47.570,30186.2514
2026-08-18 19:16:47.984,30186.3288
2026-08-18 19:16:48.410,30186.5904
2026-08-18 19:16:48.822,30186.0292
2026-08-18 19:16:49.303,30185.2803
2026-08-18 19:16:49.715,30184.8344
2026-08-18 19:16:50.128,30184.7663
2026-08-18 19:16:50.555,30184.8331
2026-08-18 19:16:50.969,30185.6974
2026-08-18 19:16:51.416,30188.1906
2026-08-18 19:16:51.829,30191.0476
2026-08-18 19:16:52.242,30193.5502
2026-08-18 19:16:52.655,30192.7572
2026-08-18 19:16:53.068,30195.7471
2026-08-18 19:16:53.527,30195.6987
2026-08-18 19:16:53.941,30196.1591
2026-08-18 19:16:54.353,30194.3402
2026-08-18 19:16:54.782,30192.5003
2026-08-18 19:16:55.194,30190.8021
2026-08-18 19:16:55.659,30189.9577
2026-08-18 19:16:56.072,30189.8345
2026-08-18 19:16:56.495,30189.4527
2026-08-18 19:16:56.908,30189.2821
2026-08-18 19:16:57.320,30188.7394
2026-08-18 19:16:57.783,30188.276
2026-08-18 19:16:58.195,30188.3379
2026-08-18 19:16:58.622,30188.6132
2026-08-18 19:16:59.034,30189.342
2026-08-18 19:16:59.451,30189.895
2026-08-18 19:16:59.912,30190.3796
2026-08-18 19:17:00.340,30191.0226
2026-08-18 19:17:00.754,30191.7687
2026-08-18 19:17:01.174,30192.328
2026-08-18 19:17:01.602,30193.0041
2026-08-18 19:17:02.056,30194.0201
2026-08-18 19:17:02.472,30195.1726
2026-08-18 19:17:02.888,30195.7874
2026-08-18 19:17:03.300,30195.936
2026-08-18 19:17:03.714,30196.0631
2026-08-18 19:17:04.128,30196.1446
2026-08-18 19:17:04.542,30196.606
2026-08-18 19:17:04.956,30196.9741
2026-08-18 19:17:05.388,30198.0392
2026-08-18 19:17:05.814,30200.0654
2026-08-18 19:17:06.239,30204.23
2026-08-18 19:17:06.651,30202.9343
2026-08-18 19:17:07.062,30203.0002
2026-08-18 19:17:07.479,30203.1265
2026-08-18 19:17:07.892,30203.6097
2026-08-18 19:17:08.303,30204.2111
2026-08-18 19:17:08.730,30204.5392
2026-08-18 19:17:09.144,30205.0092
2026-08-18 19:17:09.557,30205.7821
2026-08-18 19:17:09.983,30206.7019
2026-08-18 19:17:10.402,30207.768
2026-08-18 19:17:10.817,30208.5
2026-08-18 19:17:11.283,30208.9171
2026-08-18 19:17:11.701,30209.3596
2026-08-18 19:17:12.115,30210.2669
2026-08-18 19:17:12.538,30211.036
2026-08-18 19:17:12.950,30211.5815
2026-08-18 19:17:13.362,30212.0343
2026-08-18 19:17:13.809,30212.6307
2026-08-18 19:17:14.222,30213.3496
2026-08-18 19:17:14.634,30213.8162
2026-08-18 19:17:15.057,30214.576
2026-08-18 19:17:15.521,30215.373
2026-08-18 19:17:15.940,30215.7699
2026-08-18 19:17:16.354,30215.9062
2026-08-18 19:17:16.781,30216.0424
2026-08-18 19:17:17.193,30216.2055
2026-08-18 19:17:17.606,30216.0749
2026-08-18 19:17:18.019,30215.7901
2026-08-18 19:17:18.446,30215.7123
2026-08-18 19:17:18.859,30215.6561
2026-08-18 19:17:19.284,30215.848
2026-08-18 19:17:19.709,30216.1321
2026-08-18 19:17:20.122,30216.2667
2026-08-18 19:17:20.548,30217.0041
2026-08-18 19:17:20.966,30217.2491
2026-08-18 19:17:21.379,30217.391
2026-08-18 19:17:21.819,30217.3365
2026-08-18 19:17:22.245,30217.5058
2026-08-18 19:17:22.658,30217.4998
2026-08-18 19:17:23.071,30217.459
2026-08-18 19:17:23.483,30217.5192
2026-08-18 19:17:23.907,30217.4844
2026-08-18 19:17:24.322,30217.4384
2026-08-18 19:17:24.765,30217.5948
2026-08-18 19:17:25.193,30217.7373
2026-08-18 19:17:25.607,30217.6516
2026-08-18 19:17:26.020,30217.5504
2026-08-18 19:17:26.442,30217.4547
2026-08-18 19:17:26.854,30217.9351
2026-08-18 19:17:27.267,30218.8122
2026-08-18 19:17:27.704,30219.4767
2026-08-18 19:17:28.116,30219.8741
2026-08-18 19:17:28.542,30219.8199
2026-08-18 19:17:28.956,30219.7593
2026-08-18 19:17:29.379,30219.7074
2026-08-18 19:17:29.840,30219.4725
2026-08-18 19:17:30.253,30219.3402
2026-08-18 19:17:30.667,30219.2445
2026-08-18 19:17:31.094,30219.0839
2026-08-18 19:17:31.513,30219.4659
2026-08-18 19:17:31.948,30220.1525
2026-08-18 19:17:32.361,30220.7069
2026-08-18 19:17:32.783,30221.2429
2026-08-18 19:17:33.196,30221.8411
2026-08-18 19:17:33.610,30222.1077
2026-08-18 19:17:34.037,30222.3286
2026-08-18 19:17:34.522,30222.3282
2026-08-18 19:17:34.941,30222.9574
2026-08-18 19:17:35.354,30223.6818
2026-08-18 19:17:35.816,30224.1291
2026-08-18 19:17:36.246,30224.7614
2026-08-18 19:17:36.659,30225.0975
2026-08-18 19:17:37.073,30225.3508
2026-08-18 19:17:37.486,30225.8925
2026-08-18 19:17:37.899,30226.4036
2026-08-18 19:17:38.364,30227.1733
2026-08-18 19:17:38.777,30228.2791
2026-08-18 19:17:39.189,30229.3409
2026-08-18 19:17:39.605,30230.3383
2026-08-18 19:17:40.017,30231.0682
2026-08-18 19:17:40.429,30231.7557
2026-08-18 19:17:40.841,30232.327
2026-08-18 19:17:41.263,30232.6024
2026-08-18 19:17:41.758,30233.5571
2026-08-18 19:17:42.177,30234.0198
2026-08-18 19:17:42.590,30234.6966
2026-08-18 19:17:43.017,30235.3912
2026-08-18 19:17:43.455,30235.7323
2026-08-18 19:17:43.868,30236.0294
2026-08-18 19:17:44.280,30236.5333
2026-08-18 19:17:44.693,30237.0401
2026-08-18 19:17:45.106,30237.4256
2026-08-18 19:17:45.519,30238.0296
2026-08-18 19:17:45.948,30238.7461
2026-08-18 19:17:46.364,30239.4902
2026-08-18 19:17:46.784,30240.277
2026-08-18 19:17:47.198,30240.9664
2026-08-18 19:17:47.615,30241.3659
2026-08-18 19:17:48.027,30241.8067
2026-08-18 19:17:48.451,30242.1669
2026-08-18 19:17:48.864,30242.4512
2026-08-18 19:17:49.331,30242.6133
2026-08-18 19:17:49.759,30243.4761
2026-08-18 19:17:50.171,30244.0217
2026-08-18 19:17:50.598,30244.5557
2026-08-18 19:17:51.012,30245.3158
2026-08-18 19:17:51.434,30246.052
2026-08-18 19:17:51.852,30246.4131
2026-08-18 19:17:52.288,30247.0075
2026-08-18 19:17:52.700,30247.2754
2026-08-18 19:17:53.111,30247.5159
2026-08-18 19:17:53.535,30247.5943
2026-08-18 19:17:53.951,30247.7289
2026-08-18 19:17:54.362,30247.87
2026-08-18 19:17:54.776,30248.5266
2026-08-18 19:17:55.190,30249.6586
2026-08-18 19:17:55.650,30250.5896
2026-08-18 19:17:56.083,30250.9787
2026-08-18 19:17:56.495,30251.5301
2026-08-18 19:17:56.922,30252.2877
2026-08-18 19:17:57.339,30252.6471
2026-08-18 19:17:57.752,30252.6453
2026-08-18 19:17:58.177,30252.7688
2026-08-18 19:17:58.590,30252.9117
2026-08-18 19:17:59.003,30253.857
2026-08-18 19:17:59.416,30254.9035
2026-08-18 19:17:59.839,30256.0122
2026-08-18 19:18:00.258,30256.6696
2026-08-18 19:18:00.670,30256.9579
2026-08-18 19:18:01.130,30257.3334
2026-08-18 19:18:01.557,30257.8277
2026-08-18 19:18:01.969,30257.9839
2026-08-18 19:18:02.391,30258.1334
2026-08-18 19:18:02.804,30258.3377
2026-08-18 19:18:03.271,30258.2795
2026-08-18 19:18:03.692,30258.1335
2026-08-18 19:18:04.105,30258.2728
2026-08-18 19:18:04.533,30257.8317
2026-08-18 19:18:04.945,30257.5875
2026-08-18 19:18:05.382,30256.991
2026-08-18 19:18:05.809,30256.4324
2026-08-18 19:18:06.221,30255.7786
2026-08-18 19:18:06.644,30255.1565
2026-08-18 19:18:07.057,30254.8073
2026-08-18 19:18:07.469,30254.3711
2026-08-18 19:18:07.882,30253.7924
2026-08-18 19:18:08.320,30253.1623
2026-08-18 19:18:08.733,30252.6817
2026-08-18 19:18:09.145,30252.2139
2026-08-18 19:18:09.569,30251.5989
2026-08-18 19:18:09.982,30250.8367
2026-08-18 19:18:10.410,30249.8501
2026-08-18 19:18:10.836,30249.067
2026-08-18 19:18:11.255,30248.151
2026-08-18 19:18:11.674,30247.1598
2026-08-18 19:18:12.088,30246.0816
2026-08-18 19:18:12.500,30244.9541
2026-08-18 19:18:12.927,30243.8008
2026-08-18 19:18:13.345,30242.5857
2026-08-18 19:18:13.761,30241.3225
2026-08-18 19:18:14.175,30240.0374
2026-08-18 19:18:14.587,30238.8143
2026-08-18 19:18:15.028,30237.6043
2026-08-18 19:18:15.441,30236.2468
2026-08-18 19:18:15.854,30234.9473
2026-08-18 19:18:16.274,30233.6921
2026-08-18 19:18:16.688,30232.3554
2026-08-18 19:18:17.100,30230.999
2026-08-18 19:18:17.524,30229.5569
2026-08-18 19:18:17.937,30228.4065
2026-08-18 19:18:18.349,30227.6397
2026-08-18 19:18:18.762,30226.4084
2026-08-18 19:18:19.174,30225.2525
2026-08-18 19:18:19.609,30223.9857
2026-08-18 19:18:20.035,30222.8649
2026-08-18 19:18:20.449,30221.7376
2026-08-18 19:18:20.862,30220.5233
2026-08-18 19:18:21.275,30219.4873
2026-08-18 19:18:21.740,30218.5333
2026-08-18 19:18:22.154,30217.4732
2026-08-18 19:18:22.581,30216.495
2026-08-18 19:18:22.995,30215.3767
2026-08-18 19:18:23.408,30214.7677
2026-08-18 19:18:23.838,30215.109
2026-08-18 19:18:24.331,30219.7452
2026-08-18 19:18:24.757,30213.7354
2026-08-18 19:18:25.219,30210.3399
2026-08-18 19:18:25.648,30208.2031
2026-08-18 19:18:26.062,30206.41
2026-08-18 19:18:26.474,30204.8219
2026-08-18 19:18:26.887,30203.5388
2026-08-18 19:18:27.315,30202.5655
2026-08-18 19:18:27.738,30201.832
2026-08-18 19:18:28.149,30201.3113
2026-08-18 19:18:28.567,30200.8049
2026-08-18 19:18:28.993,30200.2545
2026-08-18 19:18:29.405,30200.1263
2026-08-18 19:18:29.818,30200.0199
2026-08-18 19:18:30.231,30200.2159
2026-08-18 19:18:30.645,30200.2438
2026-08-18 19:18:31.105,30200.0954
2026-08-18 19:18:31.526,30199.8416
2026-08-18 19:18:31.944,30199.4885
2026-08-18 19:18:32.356,30198.806
2026-08-18 19:18:32.769,30198.1731
2026-08-18 19:18:33.229,30197.2752
2026-08-18 19:18:33.650,30196.5048
2026-08-18 19:18:34.064,30195.576
2026-08-18 19:18:34.480,30194.8117
2026-08-18 19:18:34.892,30194.8004
2026-08-18 19:18:35.318,30194.9698
2026-08-18 19:18:35.730,30195.011
2026-08-18 19:18:36.143,30194.7204
2026-08-18 19:18:36.555,30194.1553
2026-08-18 19:18:36.968,30193.7026
2026-08-18 19:18:37.381,30193.4051
2026-08-18 19:18:37.840,30192.8517
2026-08-18 19:18:38.254,30192.4752
2026-08-18 19:18:38.666,30192.1238
2026-08-18 19:18:39.079,30191.3027
2026-08-18 19:18:39.493,30191.0622
2026-08-18 19:18:39.905,30190.9274
2026-08-18 19:18:40.330,30191.0392
2026-08-18 19:18:40.742,30190.6523
2026-08-18 19:18:41.171,30190.3538
2026-08-18 19:18:41.599,30189.9654
2026-08-18 19:18:42.012,30189.752
2026-08-18 19:18:42.426,30189.3893
2026-08-18 19:18:42.839,30188.9896
2026-08-18 19:18:43.266,30188.5374
2026-08-18 19:18:43.695,30188.2312
2026-08-18 19:18:44.108,30188.0668
2026-08-18 19:18:44.543,30187.7186
2026-08-18 19:18:44.956,30187.3403
2026-08-18 19:18:45.368,30187.2464
2026-08-18 19:18:45.781,30187.0862
2026-08-18 19:18:46.199,30186.7889
2026-08-18 19:18:46.629,30186.4332
2026-08-18 19:18:47.050,30185.7994
2026-08-18 19:18:47.468,30184.8952
2026-08-18 19:18:47.883,30184.0503
2026-08-18 19:18:48.296,30183.3178
2026-08-18 19:18:48.776,30182.3307
2026-08-18 19:18:49.196,30181.1014
2026-08-18 19:18:49.610,30180.1525
2026-08-18 19:18:50.034,30179.2105
2026-08-18 19:18:50.451,30178.5229
2026-08-18 19:18:50.872,30177.4691
2026-08-18 19:18:51.291,30176.2269
2026-08-18 19:18:51.705,30175.3194
2026-08-18 19:18:52.117,30174.1179
2026-08-18 19:18:52.545,30173.0764
2026-08-18 19:18:52.962,30172.5576
2026-08-18 19:18:53.375,30171.903
2026-08-18 19:18:53.821,30171.2992
2026-08-18 19:18:54.234,30170.5732
2026-08-18 19:18:54.646,30169.5473
2026-08-18 19:18:55.067,30168.6425
2026-08-18 19:18:55.481,30167.5673
2026-08-18 19:18:55.895,30166.4578
2026-08-18 19:18:56.306,30164.9305
2026-08-18 19:18:56.719,30163.2181
2026-08-18 19:18:57.141,30161.4589
2026-08-18 19:18:57.555,30160.3943
2026-08-18 19:18:57.968,30159.708
2026-08-18 19:18:58.380,30158.7931
2026-08-18 19:18:58.792,30158.0997
2026-08-18 19:18:59.205,30157.593
2026-08-18 19:18:59.618,30156.9839
2026-08-18 19:19:00.054,30156.5802
2026-08-18 19:19:00.492,30156.0754
2026-08-18 19:19:00.919,30155.2694
2026-08-18 19:19:01.339,30154.0418
2026-08-18 19:19:01.751,30152.4874
2026-08-18 19:19:02.193,30151.3405
2026-08-18 19:19:02.658,30150.317
2026-08-18 19:19:03.078,30149.9236
2026-08-18 19:19:03.494,30149.5815
2026-08-18 19:19:03.914,30149.0547
2026-08-18 19:19:04.331,30147.964
2026-08-18 19:19:04.756,30147.3473
2026-08-18 19:19:05.169,30146.3493
2026-08-18 19:19:05.582,30145.0534
2026-08-18 19:19:05.995,30143.6571
2026-08-18 19:19:06.422,30142.5424
2026-08-18 19:19:06.862,30141.6229
2026-08-18 19:19:07.275,30140.2688
2026-08-18 19:19:07.687,30138.913
2026-08-18 19:19:08.101,30137.4922
2026-08-18 19:19:08.564,30135.8551
2026-08-18 19:19:08.990,30133.8916
2026-08-18 19:19:09.402,30132.2527
2026-08-18 19:19:09.830,30130.4741
2026-08-18 19:19:10.242,30128.5401
2026-08-18 19:19:10.656,30126.8565
2026-08-18 19:19:11.071,30125.3425
2026-08-18 19:19:11.484,30123.5671
2026-08-18 19:19:11.895,30121.668
2026-08-18 19:19:12.309,30119.8163
2026-08-18 19:19:12.724,30117.8163
2026-08-18 19:19:13.203,30115.4575
2026-08-18 19:19:13.616,30113.225
2026-08-18 19:19:14.028,30111.2328
2026-08-18 19:19:14.440,30109.2374
2026-08-18 19:19:14.853,30107.2862
2026-08-18 19:19:15.282,30105.3119
2026-08-18 19:19:15.695,30103.3121
2026-08-18 19:19:16.111,30101.8238
2026-08-18 19:19:16.526,30100.6739
2026-08-18 19:19:16.939,30099.5542
2026-08-18 19:19:17.352,30098.2358
2026-08-18 19:19:17.818,30096.7037
2026-08-18 19:19:18.238,30095.2765
2026-08-18 19:19:18.702,30093.4197
2026-08-18 19:19:19.145,30091.9521
2026-08-18 19:19:19.559,30090.8487
2026-08-18 19:19:19.971,30089.9245
2026-08-18 19:19:20.435,30088.8568
2026-08-18 19:19:20.853,30087.3711
2026-08-18 19:19:21.266,30086.0593
2026-08-18 19:19:21.684,30084.2368
2026-08-18 19:19:22.097,30082.3357
2026-08-18 19:19:22.510,30080.7763
2026-08-18 19:19:22.948,30079.7446
2026-08-18 19:19:23.362,30078.7536
2026-08-18 19:19:23.780,30077.7074
2026-08-18 19:19:24.194,30076.371
2026-08-18 19:19:24.606,30074.9645
2026-08-18 19:19:25.067,30073.7361
2026-08-18 19:19:25.480,30072.7638
2026-08-18 19:19:25.892,30071.0938
2026-08-18 19:19:26.312,30069.0416
2026-08-18 19:19:26.724,30066.7989
2026-08-18 19:19:27.185,30064.4792
2026-08-18 19:19:27.597,30062.7832
2026-08-18 19:19:28.012,30061.2671
2026-08-18 19:19:28.424,30058.9496
2026-08-18 19:19:28.838,30056.8978
2026-08-18 19:19:29.254,30054.9598
2026-08-18 19:19:29.745,30052.4621
2026-08-18 19:19:30.156,30050.5296
2026-08-18 19:19:30.570,30048.5045
2026-08-18 19:19:30.983,30046.3148
2026-08-18 19:19:31.449,30043.682
2026-08-18 19:19:31.861,30041.6726
2026-08-18 19:19:32.273,30039.2274
2026-08-18 19:19:32.702,30036.9678
2026-08-18 19:19:33.115,30034.4705
2026-08-18 19:19:33.542,30031.8305
2026-08-18 19:19:33.954,30029.1294
2026-08-18 19:19:34.375,30026.5264
2026-08-18 19:19:34.787,30023.8413
2026-08-18 19:19:35.201,30021.2944
2026-08-18 19:19:35.676,30018.3672
2026-08-18 19:19:36.089,30015.7365
2026-08-18 19:19:36.501,30012.9648
2026-08-18 19:19:36.915,30010.1006
2026-08-18 19:19:37.341,30007.0868
2026-08-18 19:19:37.762,30003.9878
2026-08-18 19:19:38.175,30001.1533
2026-08-18 19:19:38.596,29998.2121
2026-08-18 19:19:39.008,29995.1539
2026-08-18 19:19:39.421,29992.4162
2026-08-18 19:19:39.834,29990.5104
2026-08-18 19:19:40.247,29987.9896
2026-08-18 19:19:40.659,29985.5925
2026-08-18 19:19:41.087,29982.9647
2026-08-18 19:19:41.500,29980.0748
2026-08-18 19:19:41.919,29977.2734
2026-08-18 19:19:42.332,29974.5268
2026-08-18 19:19:42.745,29971.5612
2026-08-18 19:19:43.164,29968.6545
2026-08-18 19:19:43.577,29965.9302
2026-08-18 19:19:43.998,29963.0123
2026-08-18 19:19:44.416,29960.2539
2026-08-18 19:19:44.828,29957.4041
2026-08-18 19:19:45.242,29954.5876
2026-08-18 19:19:45.667,29951.7756
2026-08-18 19:19:46.081,29948.6594
2026-08-18 19:19:46.518,29945.3823
2026-08-18 19:19:46.939,29942.301
2026-08-18 19:19:47.352,29939.207
2026-08-18 19:19:47.773,29936.3522
2026-08-18 19:19:48.187,29933.2875
2026-08-18 19:19:48.615,29930.927
2026-08-18 19:19:49.029,29928.1433
2026-08-18 19:19:49.455,29925.6975
2026-08-18 19:19:49.875,29923.5255
2026-08-18 19:19:50.287,29921.5668
2026-08-18 19:19:50.728,29919.9131
2026-08-18 19:19:51.142,29918.2236
2026-08-18 19:19:51.561,29916.2178
2026-08-18 19:19:51.974,29914.5294
2026-08-18 19:19:52.385,29912.5925
2026-08-18 19:19:52.851,29909.7605
2026-08-18 19:19:53.263,29907.5835
2026-08-18 19:19:53.677,29905.7141
2026-08-18 19:19:54.091,29903.7427
2026-08-18 19:19:54.504,29901.258
2026-08-18 19:19:54.941,29898.7483
2026-08-18 19:19:55.360,29896.3841
2026-08-18 19:19:55.776,29894.2683
2026-08-18 19:19:56.194,29892.7875
2026-08-18 19:19:56.608,29891.0522
2026-08-18 19:19:57.073,29888.9837
2026-08-18 19:19:57.486,29887.356
2026-08-18 19:19:57.907,29886.1151
2026-08-18 19:19:58.324,29884.3482
2026-08-18 19:19:58.743,29882.7189
2026-08-18 19:19:59.174,29880.5629
2026-08-18 19:19:59.586,29878.2062
2026-08-18 19:19:59.999,29875.6587
2026-08-18 19:20:00.411,29873.3421
2026-08-18 19:20:00.823,29870.7272
2026-08-18 19:20:01.250,29867.9294
2026-08-18 19:20:01.738,29864.5746
2026-08-18 19:20:02.150,29862.3304
2026-08-18 19:20:02.567,29860.818
2026-08-18 19:20:02.984,29859.0772
2026-08-18 19:20:03.461,29857.0658
2026-08-18 19:20:03.882,29854.8511
2026-08-18 19:20:04.301,29852.6585
2026-08-18 19:20:04.713,29850.6225
2026-08-18 19:20:05.126,29848.1818
2026-08-18 19:20:05.540,29845.4866
2026-08-18 19:20:05.952,29842.5641
2026-08-18 19:20:06.365,29839.9998
2026-08-18 19:20:06.790,29837.2762
2026-08-18 19:20:07.202,29834.3844
2026-08-18 19:20:07.643,29831.2251
2026-08-18 19:20:08.059,29827.9428
2026-08-18 19:20:08.477,29824.722
2026-08-18 19:20:08.888,29821.3177
2026-08-18 19:20:09.301,29818.3294
2026-08-18 19:20:09.762,29814.5941
2026-08-18 19:20:10.175,29811.5587
2026-08-18 19:20:10.591,29808.8191
2026-08-18 19:20:11.003,29805.8553
2026-08-18 19:20:11.416,29802.6463
2026-08-18 19:20:11.851,29799.207
2026-08-18 19:20:12.264,29795.5355
2026-08-18 19:20:12.688,29792.3863
2026-08-18 19:20:13.102,29789.6532
2026-08-18 19:20:13.562,29786.434
2026-08-18 19:20:13.981,29782.9821
2026-08-18 19:20:14.396,29780.1988
2026-08-18 19:20:14.810,29777.5772
2026-08-18 19:20:15.223,29775.1238
2026-08-18 19:20:15.635,29772.6886
2026-08-18 19:20:16.050,29769.6592
2026-08-18 19:20:16.520,29766.4526
2026-08-18 19:20:16.937,29762.9337
2026-08-18 19:20:17.350,29759.6112
2026-08-18 19:20:17.775,29756.0465
2026-08-18 19:20:18.194,29752.1809
2026-08-18 19:20:18.607,29748.5031
2026-08-18 19:20:19.025,29744.6728
2026-08-18 19:20:19.439,29740.8235
2026-08-18 19:20:19.864,29737.0054
2026-08-18 19:20:20.277,29733.0108
2026-08-18 19:20:20.696,29729.5892
2026-08-18 19:20:21.129,29726.1734
2026-08-18 19:20:21.542,29722.6601
2026-08-18 19:20:21.955,29719.1166
2026-08-18 19:20:22.368,29715.4846
2026-08-18 19:20:22.780,29712.4237
2026-08-18 19:20:23.255,29709.4277
2026-08-18 19:20:23.667,29706.772
2026-08-18 19:20:24.094,29703.7418
2026-08-18 19:20:24.510,29700.2985
2026-08-18 19:20:24.922,29697.0675
2026-08-18 19:20:25.359,29693.4353
2026-08-18 19:20:25.774,29689.7292
2026-08-18 19:20:26.189,29685.8601
2026-08-18 19:20:26.606,29682.15
2026-08-18 19:20:27.019,29678.7095
2026-08-18 19:20:27.440,29675.0324
2026-08-18 19:20:27.852,29671.2338
2026-08-18 19:20:28.287,29667.5149
2026-08-18 19:20:28.701,29664.154
2026-08-18 19:20:29.135,29660.2554
2026-08-18 19:20:29.549,29656.1476
2026-08-18 19:20:29.985,29652.0528
2026-08-18 19:20:30.398,29648.848
2026-08-18 19:20:30.827,29645.5755
2026-08-18 19:20:31.240,29642.2752
2026-08-18 19:20:31.667,29639.1093
2026-08-18 19:20:32.082,29636.0608
2026-08-18 19:20:32.495,29633.4117
2026-08-18 19:20:32.907,29630.2474
2026-08-18 19:20:33.319,29627.1752
2026-08-18 19:20:33.734,29624.0642
2026-08-18 19:20:34.152,29620.5419
2026-08-18 19:20:34.569,29616.9221
2026-08-18 19:20:34.981,29613.5307
2026-08-18 19:20:35.398,29609.7842
2026-08-18 19:20:35.815,29605.877
2026-08-18 19:20:36.231,29602.3123
2026-08-18 19:20:36.711,29597.9225
2026-08-18 19:20:37.124,29593.5432
2026-08-18 19:20:37.536,29589.705
2026-08-18 19:20:37.948,29585.6559
2026-08-18 19:20:38.360,29581.6234
2026-08-18 19:20:38.795,29578.0114
2026-08-18 19:20:39.217,29574.4478
2026-08-18 19:20:39.631,29570.6865
2026-08-18 19:20:40.044,29566.7476
2026-08-18 19:20:40.471,29562.7207
2026-08-18 19:20:40.898,29558.9302
2026-08-18 19:20:41.335,29554.7285
2026-08-18 19:20:41.748,29550.7637
2026-08-18 19:20:42.161,29546.58
2026-08-18 19:20:42.573,29542.2059
2026-08-18 19:20:42.988,29537.9085
2026-08-18 19:20:43.402,29534.306
2026-08-18 19:20:43.832,29530.5199
2026-08-18 19:20:44.255,29526.627
2026-08-18 19:20:44.668,29522.2911
2026-08-18 19:20:45.081,29518.0274
2026-08-18 19:20:45.502,29513.5184
2026-08-18 19:20:45.935,29508.6842
2026-08-18 19:20:46.348,29503.8126
2026-08-18 19:20:46.771,29499.1733
2026-08-18 19:20:47.183,29494.9624
2026-08-18 19:20:47.596,29491.0703
2026-08-18 19:20:48.034,29486.9029
2026-08-18 19:20:48.447,29482.363
2026-08-18 19:20:48.861,29477.7878
2026-08-18 19:20:49.276,29473.1883
2026-08-18 19:20:49.689,29468.4523
2026-08-18 19:20:50.107,29463.9668
2026-08-18 19:20:50.609,29458.3926
2026-08-18 19:20:51.028,29453.4962
2026-08-18 19:20:51.442,29448.4407
2026-08-18 19:20:51.870,29443.0853
2026-08-18 19:20:52.284,29437.8615
2026-08-18 19:20:52.708,29432.5942
2026-08-18 19:20:53.127,29427.7777
2026-08-18 19:20:53.540,29422.6684
2026-08-18 19:20:53.953,29417.506
2026-08-18 19:20:54.385,29412.3055
2026-08-18 19:20:54.813,29406.4748
2026-08-18 19:20:55.226,29400.9504
2026-08-18 19:20:55.644,29395.3421
2026-08-18 19:20:56.057,29389.7869
2026-08-18 19:20:56.484,29384.759
2026-08-18 19:20:56.896,29379.378
2026-08-18 19:20:57.313,29374.1812
2026-08-18 19:20:57.727,29368.7473
2026-08-18 19:20:58.138,29362.9588
2026-08-18 19:20:58.553,29357.4355
2026-08-18 19:20:59.018,29350.9173
2026-08-18 19:20:59.434,29345.1443
2026-08-18 19:20:59.927,29339.4341
2026-08-18 19:21:00.339,29333.6148
2026-08-18 19:21:00.751,29328.2834
2026-08-18 19:21:01.213,29322.1936
2026-08-18 19:21:01.625,29316.4607
2026-08-18 19:21:02.039,29310.922
2026-08-18 19:21:02.451,29305.2509
2026-08-18 19:21:02.863,29299.4916
2026-08-18 19:21:03.276,29293.8845
2026-08-18 19:21:03.691,29288.1289
2026-08-18 19:21:04.102,29282.2232
2026-08-18 19:21:04.514,29276.4462
2026-08-18 19:21:04.928,29270.5059
2026-08-18 19:21:05.344,29264.4122
2026-08-18 19:21:05.756,29258.2373
2026-08-18 19:21:06.184,29251.7174
2026-08-18 19:21:06.597,29245.4387
2026-08-18 19:21:07.025,29239.2104
2026-08-18 19:21:07.437,29232.6437
2026-08-18 19:21:07.860,29226.4478
2026-08-18 19:21:08.278,29219.8908
2026-08-18 19:21:08.692,29213.4866
2026-08-18 19:21:09.135,29207.0771
2026-08-18 19:21:09.558,29200.9848
2026-08-18 19:21:09.977,29195.2798
2026-08-18 19:21:10.391,29189.1191
2026-08-18 19:21:10.824,29182.5758
2026-08-18 19:21:11.240,29176.0063
2026-08-18 19:21:11.654,29169.3936
2026-08-18 19:21:12.075,29162.8421
2026-08-18 19:21:12.488,29156.1882
2026-08-18 19:21:12.948,29149.6888
2026-08-18 19:21:13.367,29142.4763
2026-08-18 19:21:13.792,29136.3855
2026-08-18 19:21:14.204,29130.1619
2026-08-18 19:21:14.617,29123.882
2026-08-18 19:21:15.031,29117.6982
2026-08-18 19:21:15.459,29111.5127
2026-08-18 19:21:15.875,29105.0287
2026-08-18 19:21:16.288,29098.6604
2026-08-18 19:21:16.710,29092.2421
2026-08-18 19:21:17.123,29085.4512
2026-08-18 19:21:17.562,29078.9567
2026-08-18 19:21:17.974,29071.9291
2026-08-18 19:21:18.395,29065.4408
2026-08-18 19:21:18.814,29058.7362
2026-08-18 19:21:19.226,29051.8567
2026-08-18 19:21:19.688,29044.3013
2026-08-18 19:21:20.099,29037.804
2026-08-18 19:21:20.527,29031.5681
2026-08-18 19:21:20.943,29024.8739
2026-08-18 19:21:21.357,29018.4889
2026-08-18 19:21:21.792,29011.8523
2026-08-18 19:21:22.231,29005.2832
2026-08-18 19:21:22.645,28999.1782
2026-08-18 19:21:23.057,28993.2658
2026-08-18 19:21:23.482,28987.5694
2026-08-18 19:21:23.898,28981.8576
2026-08-18 19:21:24.315,28975.7729
2026-08-18 19:21:24.733,28969.1654
2026-08-18 19:21:25.145,28962.6297
2026-08-18 19:21:25.558,28956.2353
2026-08-18 19:21:25.985,28949.539
2026-08-18 19:21:26.409,28942.7273
2026-08-18 19:21:26.836,28935.9365
2026-08-18 19:21:27.248,28929.0608
2026-08-18 19:21:27.659,28922.3497
2026-08-18 19:21:28.082,28915.9564
2026-08-18 19:21:28.494,28909.7121
2026-08-18 19:21:28.955,28902.5165
2026-08-18 19:21:29.368,28896.1033
2026-08-18 19:21:29.782,28889.5765
2026-08-18 19:21:30.195,28882.9964
2026-08-18 19:21:30.609,28876.4996
2026-08-18 19:21:31.051,28870.6379
2026-08-18 19:21:31.465,28864.6308
2026-08-18 19:21:31.877,28859.0958
2026-08-18 19:21:32.290,28853.2346
2026-08-18 19:21:32.702,28847.3601
2026-08-18 19:21:33.116,28841.4076
2026-08-18 19:21:33.536,28835.3109
2026-08-18 19:21:33.955,28829.2051
2026-08-18 19:21:34.371,28822.9798
2026-08-18 19:21:34.784,28817.1567
2026-08-18 19:21:35.207,28811.2647
2026-08-18 19:21:35.623,28805.1385
2026-08-18 19:21:36.036,28799.0818
2026-08-18 19:21:36.449,28792.9817
2026-08-18 19:21:36.878,28786.7246
2026-08-18 19:21:37.292,28779.9141
2026-08-18 19:21:37.711,28773.4909
2026-08-18 19:21:38.125,28766.9398
2026-08-18 19:21:38.537,28760.2927
2026-08-18 19:21:38.951,28753.7835
2026-08-18 19:21:39.383,28747.2912
2026-08-18 19:21:39.795,28741.0149
2026-08-18 19:21:40.217,28734.5681
2026-08-18 19:21:40.631,28728.2633
2026-08-18 19:21:41.044,28721.8964
2026-08-18 19:21:41.456,28715.6863
2026-08-18 19:21:41.875,28709.2071
2026-08-18 19:21:42.295,28702.5537
2026-08-18 19:21:42.709,28695.807
2026-08-18 19:21:43.137,28689.3212
2026-08-18 19:21:43.549,28682.844
2026-08-18 19:21:43.961,28676.3493
2026-08-18 19:21:44.373,28670.5459
2026-08-18 19:21:44.799,28664.5462
2026-08-18 19:21:45.211,28658.0732
2026-08-18 19:21:45.648,28651.5686
2026-08-18 19:21:46.060,28644.7976
2026-08-18 19:21:46.475,28638.4074
2026-08-18 19:21:46.887,28631.883
2026-08-18 19:21:47.358,28625.7031
2026-08-18 19:21:47.775,28618.661
2026-08-18 19:21:48.187,28612.508
2026-08-18 19:21:48.602,28606.296
2026-08-18 19:21:49.014,28599.5968
2026-08-18 19:21:49.477,28592.9873
2026-08-18 19:21:49.894,28585.7397
2026-08-18 19:21:50.307,28579.7627
2026-08-18 19:21:50.720,28574.0644
2026-08-18 19:21:51.135,28568.1463
2026-08-18 19:21:51.545,28562.2641
2026-08-18 19:21:51.979,28555.7826
2026-08-18 19:21:52.393,28549.0182
2026-08-18 19:21:52.810,28543.3373
2026-08-18 19:21:53.226,28537.2055
2026-08-18 19:21:53.641,28530.7497
2026-08-18 19:21:54.054,28524.496
2026-08-18 19:21:54.474,28518.9323
2026-08-18 19:21:54.895,28513.7534
2026-08-18 19:21:55.312,28508.5595
2026-08-18 19:21:55.725,28503.2054
2026-08-18 19:21:56.139,28497.8656
2026-08-18 19:21:56.551,28492.4122
2026-08-18 19:21:56.965,28486.5481
2026-08-18 19:21:57.379,28480.4873
2026-08-18 19:21:57.806,28474.16
2026-08-18 19:21:58.228,28467.7681
2026-08-18 19:21:58.641,28460.8382
2026-08-18 19:21:59.064,28454.3858
2026-08-18 19:21:59.478,28448.2727
2026-08-18 19:21:59.904,28441.9275
2026-08-18 19:22:00.317,28435.2659
2026-08-18 19:22:00.731,28429.451
2026-08-18 19:22:01.156,28423.3245
2026-08-18 19:22:01.574,28416.9157
2026-08-18 19:22:02.011,28410.7636
2026-08-18 19:22:02.423,28404.902
2026-08-18 19:22:02.837,28398.8897
2026-08-18 19:22:03.261,28392.7141
2026-08-18 19:22:03.673,28386.4581
2026-08-18 19:22:04.152,28380.1131
2026-08-18 19:22:04.573,28374.1862
2026-08-18 19:22:04.986,28368.2336
2026-08-18 19:22:05.411,28362.1911
2026-08-18 19:22:05.830,28355.8267
2026-08-18 19:22:06.247,28349.7441
2026-08-18 19:22:06.660,28343.9723
2026-08-18 19:22:07.084,28338.2317
2026-08-18 19:22:07.499,28332.1277
2026-08-18 19:22:07.912,28325.9986
2026-08-18 19:22:08.335,28320.3321
2026-08-18 19:22:08.749,28315.1391
2026-08-18 19:22:09.176,28309.846
2026-08-18 19:22:09.589,28304.6279
2026-08-18 19:22:10.005,28299.3442
2026-08-18 19:22:10.442,28293.8844
2026-08-18 19:22:10.855,28288.1439
2026-08-18 19:22:11.273,28282.5299
2026-08-18 19:22:11.691,28276.9395
2026-08-18 19:22:12.154,28271.2202
2026-08-18 19:22:12.586,28265.0269
2026-08-18 19:22:13.008,28259.7532
2026-08-18 19:22:13.426,28254.5171
2026-08-18 19:22:13.839,28249.3017
2026-08-18 19:22:14.250,28244.3899
2026-08-18 19:22:14.680,28239.242
2026-08-18 19:22:15.093,28234.0776
2026-08-18 19:22:15.506,28229.0264
2026-08-18 19:22:15.919,28224.1491
2026-08-18 19:22:16.332,28219.3102
2026-08-18 19:22:16.765,28214.3174
2026-08-18 19:22:17.177,28208.9478
2026-08-18 19:22:17.589,28203.7928
2026-08-18 19:22:18.000,28198.6503
2026-08-18 19:22:18.413,28193.3991
2026-08-18 19:22:18.826,28188.2642
2026-08-18 19:22:19.305,28182.3996
2026-08-18 19:22:19.718,28177.1108
2026-08-18 19:22:20.129,28171.8846
2026-08-18 19:22:20.544,28167.1824
2026-08-18 19:22:20.960,28162.9424
2026-08-18 19:22:21.372,28158.6767
2026-08-18 19:22:21.794,28154.2725
2026-08-18 19:22:22.205,28149.7131
2026-08-18 19:22:22.618,28145.131
2026-08-18 19:22:23.031,28140.8403
2026-08-18 19:22:23.443,28136.5517
2026-08-18 19:22:23.871,28132.5077
2026-08-18 19:22:24.284,28128.6994
2026-08-18 19:22:24.709,28124.944
2026-08-18 19:22:25.131,28120.7835
2026-08-18 19:22:25.550,28116.4228
2026-08-18 19:22:25.966,28112.3055
2026-08-18 19:22:26.386,28108.1738
2026-08-18 19:22:26.818,28104.0499
2026-08-18 19:22:27.237,28099.8555
2026-08-18 19:22:27.650,28095.5176
2026-08-18 19:22:28.064,28091.2786
2026-08-18 19:22:28.532,28087.5501
2026-08-18 19:22:28.951,28083.4713
2026-08-18 19:22:29.378,28079.2348
2026-08-18 19:22:29.791,28075.3549
2026-08-18 19:22:30.204,28071.6336
2026-08-18 19:22:30.616,28067.5678
2026-08-18 19:22:31.036,28063.5259
2026-08-18 19:22:31.449,28059.4686
2026-08-18 19:22:31.863,28055.3934
2026-08-18 19:22:32.276,28051.6281
2026-08-18 19:22:32.689,28047.7485
2026-08-18 19:22:33.102,28043.763
2026-08-18 19:22:33.518,28039.8263
2026-08-18 19:22:33.931,28036.1695
2026-08-18 19:22:34.358,28032.0772
2026-08-18 19:22:34.771,28027.6894
2026-08-18 19:22:35.182,28023.4922
2026-08-18 19:22:35.593,28019.4633
2026-08-18 19:22:36.007,28015.6529
2026-08-18 19:22:36.419,28011.799
2026-08-18 19:22:36.845,28008.1488
2026-08-18 19:22:37.264,28004.2389
2026-08-18 19:22:37.679,28000.2864
2026-08-18 19:22:38.092,27996.7999
2026-08-18 19:22:38.515,27993.9029
2026-08-18 19:22:38.946,27990.9643
2026-08-18 19:22:39.376,27987.698
2026-08-18 19:22:39.801,27984.7263
2026-08-18 19:22:40.214,27981.6087
2026-08-18 19:22:40.628,27978.263
2026-08-18 19:22:41.047,27974.5897
2026-08-18 19:22:41.462,27970.7386
2026-08-18 19:22:41.875,27966.988
2026-08-18 19:22:42.287,27963.2822
2026-08-18 19:22:42.700,27959.7216
2026-08-18 19:22:43.166,27955.9522
2026-08-18 19:22:43.579,27952.6573
2026-08-18 19:22:43.995,27949.3846
2026-08-18 19:22:44.409,27946.0579
2026-08-18 19:22:44.821,27942.7133
2026-08-18 19:22:45.262,27939.6109
2026-08-18 19:22:45.674,27936.1917
2026-08-18 19:22:46.102,27933.1842
2026-08-18 19:22:46.519,27930.0194
2026-08-18 19:22:46.938,27927.0264
2026-08-18 19:22:47.368,27923.9476
2026-08-18 19:22:47.781,27920.6943
2026-08-18 19:22:48.195,27918.3453
2026-08-18 19:22:48.607,27916.1315
2026-08-18 19:22:49.036,27914.1006
2026-08-18 19:22:49.503,27911.9081
2026-08-18 19:22:49.920,27909.9285
2026-08-18 19:22:50.333,27907.7944
2026-08-18 19:22:50.745,27905.2677
2026-08-18 19:22:51.158,27902.9202
2026-08-18 19:22:51.584,27900.2615
2026-08-18 19:22:51.997,27897.4113
2026-08-18 19:22:52.411,27894.5801
2026-08-18 19:22:52.824,27891.6407
2026-08-18 19:22:53.237,27888.7708
2026-08-18 19:22:53.697,27886.2096
2026-08-18 19:22:54.109,27884.0923
2026-08-18 19:22:54.522,27881.3818
2026-08-18 19:22:54.936,27878.7441
2026-08-18 19:22:55.347,27876.2113
2026-08-18 19:22:55.761,27873.5258
2026-08-18 19:22:56.188,27870.7939
2026-08-18 19:22:56.600,27867.8568
2026-08-18 19:22:57.013,27865.8711
2026-08-18 19:22:57.427,27864.2891
2026-08-18 19:22:57.841,27862.9372
2026-08-18 19:22:58.260,27861.5243
2026-08-18 19:22:58.673,27859.8078
2026-08-18 19:22:59.086,27857.7072
2026-08-18 19:22:59.506,27855.8943
2026-08-18 19:22:59.920,27854.0976
2026-08-18 19:23:00.380,27852.4277
2026-08-18 19:23:00.801,27851.3668
2026-08-18 19:23:01.215,27850.3105
2026-08-18 19:23:01.629,27849.066
2026-08-18 19:23:02.041,27847.4825
2026-08-18 19:23:02.508,27845.7599
2026-08-18 19:23:02.936,27843.902
2026-08-18 19:23:03.360,27842.7754
2026-08-18 19:23:03.774,27841.3826
2026-08-18 19:23:04.187,27839.7442
2026-08-18 19:23:04.604,27837.9387
2026-08-18 19:23:05.030,27836.301
2026-08-18 19:23:05.446,27834.6896
2026-08-18 19:23:05.859,27833.0924
2026-08-18 19:23:06.286,27831.4554
2026-08-18 19:23:06.710,27830.1251
2026-08-18 19:23:07.124,27829.8252
2026-08-18 19:23:07.545,27829.4544
2026-08-18 19:23:07.960,27828.5708
2026-08-18 19:23:08.428,27827.1817
2026-08-18 19:23:08.846,27825.3766
2026-08-18 19:23:09.259,27823.9311
2026-08-18 19:23:09.673,27822.8553
2026-08-18 19:23:10.085,27822.7894
2026-08-18 19:23:10.497,27823.0695
2026-08-18 19:23:10.936,27823.3941
2026-08-18 19:23:11.372,27823.6335
2026-08-18 19:23:11.785,27823.4483
2026-08-18 19:23:12.212,27822.893
2026-08-18 19:23:12.637,27822.1796
2026-08-18 19:23:13.053,27821.6065
2026-08-18 19:23:13.466,27820.6491
2026-08-18 19:23:13.879,27819.268
2026-08-18 19:23:14.304,27817.9955
2026-08-18 19:23:14.720,27817.5623
2026-08-18 19:23:15.152,27817.5291
2026-08-18 19:23:15.569,27817.4401
2026-08-18 19:23:15.987,27817.0743
2026-08-18 19:23:16.400,27816.6517
2026-08-18 19:23:16.814,27816.4364
2026-08-18 19:23:17.226,27816.3947
2026-08-18 19:23:17.639,27816.3502
2026-08-18 19:23:18.071,27816.0011
2026-08-18 19:23:18.484,27815.3767
2026-08-18 19:23:18.896,27814.7609
2026-08-18 19:23:19.308,27814.1217
2026-08-18 19:23:19.737,27813.7884
2026-08-18 19:23:20.171,27813.4757
2026-08-18 19:23:20.583,27813.6473
2026-08-18 19:23:20.994,27813.5407
2026-08-18 19:23:21.406,27812.6284
2026-08-18 19:23:21.819,27812.0316
2026-08-18 19:23:22.231,27811.4189
2026-08-18 19:23:22.643,27810.6154
2026-08-18 19:23:23.061,27809.9087
2026-08-18 19:23:23.478,27809.333
2026-08-18 19:23:23.890,27808.719
2026-08-18 19:23:24.317,27808.1484
2026-08-18 19:23:24.730,27807.7781
2026-08-18 19:23:25.159,27807.6783
2026-08-18 19:23:25.582,27807.4873
2026-08-18 19:23:25.995,27807.158
2026-08-18 19:23:26.407,27806.6986
2026-08-18 19:23:26.823,27806.1484
2026-08-18 19:23:27.236,27805.7246
2026-08-18 19:23:27.649,27805.2523
2026-08-18 19:23:28.061,27804.6806
2026-08-18 19:23:28.472,27804.1908
2026-08-18 19:23:28.904,27804.0299
2026-08-18 19:23:29.330,27804.0775
2026-08-18 19:23:29.747,27803.9503
2026-08-18 19:23:30.168,27803.912
2026-08-18 19:23:30.582,27803.789
2026-08-18 19:23:31.006,27803.6546
2026-08-18 19:23:31.419,27803.4174
2026-08-18 19:23:31.831,27803.0731
2026-08-18 19:23:32.245,27802.5042
2026-08-18 19:23:32.658,27801.8777
2026-08-18 19:23:33.084,27801.4869
2026-08-18 19:23:33.575,27801.0769
2026-08-18 19:23:33.988,27800.7034
2026-08-18 19:23:34.458,27800.2447
2026-08-18 19:23:34.874,27800.013
2026-08-18 19:23:35.285,27799.7329
2026-08-18 19:23:35.705,27799.7805
2026-08-18 19:23:36.126,27800.1543
2026-08-18 19:23:36.559,27800.3955
2026-08-18 19:23:36.973,27800.6394
2026-08-18 19:23:37.384,27801.4644
2026-08-18 19:23:37.798,27802.3317
2026-08-18 19:23:38.210,27802.5284
2026-08-18 19:23:38.624,27802.6177
2026-08-18 19:23:39.038,27802.7266
2026-08-18 19:23:39.451,27803.4635
2026-08-18 19:23:39.870,27804.1815
2026-08-18 19:23:40.283,27804.415
2026-08-18 19:23:40.695,27804.8048
2026-08-18 19:23:41.109,27805.8298
2026-08-18 19:23:41.533,27805.676
2026-08-18 19:23:41.945,27805.5799
2026-08-18 19:23:42.378,27806.1584
2026-08-18 19:23:42.790,27806.8851
2026-08-18 19:23:43.202,27807.9399
2026-08-18 19:23:43.615,27808.8582
2026-08-18 19:23:44.028,27809.9603
2026-08-18 19:23:44.441,27810.9784
2026-08-18 19:23:44.938,27812.1258
2026-08-18 19:23:45.353,27813.033
2026-08-18 19:23:45.766,27814.1016
2026-08-18 19:23:46.181,27814.9926
2026-08-18 19:23:46.620,27815.7315
2026-08-18 19:23:47.033,27816.5565
2026-08-18 19:23:47.459,27817.689
2026-08-18 19:23:47.874,27818.6312
2026-08-18 19:23:48.293,27819.4662
2026-08-18 19:23:48.725,27820.1481
2026-08-18 19:23:49.137,27821.1551
2026-08-18 19:23:49.550,27822.0791
2026-08-18 19:23:49.962,27823.0529
2026-08-18 19:23:50.376,27824.0735
2026-08-18 19:23:50.797,27824.6583
2026-08-18 19:23:51.214,27825.568
2026-08-18 19:23:51.629,27826.9702
2026-08-18 19:23:52.043,27827.7427
2026-08-18 19:23:52.468,27828.8961
2026-08-18 19:23:52.882,27829.8579
2026-08-18 19:23:53.295,27831.2431
2026-08-18 19:23:53.719,27833.0156
2026-08-18 19:23:54.131,27834.5892
2026-08-18 19:23:54.550,27835.688
2026-08-18 19:23:54.967,27836.6424
2026-08-18 19:23:55.384,27837.5744
2026-08-18 19:23:55.798,27838.4546
2026-08-18 19:23:56.226,27839.4368
2026-08-18 19:23:56.664,27840.3127
2026-08-18 19:23:57.088,27841.0236
2026-08-18 19:23:57.505,27841.5739
2026-08-18 19:23:57.917,27842.4529
2026-08-18 19:23:58.345,27843.52
2026-08-18 19:23:58.771,27844.4563
2026-08-18 19:23:59.183,27845.511
2026-08-18 19:23:59.609,27846.469
2026-08-18 19:24:00.020,27847.2945
2026-08-18 19:24:00.433,27848.1868
2026-08-18 19:24:00.911,27849.2626
2026-08-18 19:24:01.326,27850.0731
2026-08-18 19:24:01.740,27850.976
2026-08-18 19:24:02.152,27852.3352
2026-08-18 19:24:02.564,27853.5138
2026-08-18 19:24:03.003,27854.8641
2026-08-18 19:24:03.440,27856.7266
2026-08-18 19:24:03.854,27858.7838
2026-08-18 19:24:04.266,27860.4897
2026-08-18 19:24:04.691,27862.0215
2026-08-18 19:24:05.109,27863.6291
2026-08-18 19:24:05.525,27865.7466
2026-08-18 19:24:05.937,27867.9506
2026-08-18 19:24:06.350,27869.8773
2026-08-18 19:24:06.766,27871.8128
2026-08-18 19:24:07.231,27873.8626
2026-08-18 19:24:07.645,27875.5409
2026-08-18 19:24:08.059,27877.9001
2026-08-18 19:24:08.475,27879.8985
2026-08-18 19:24:08.887,27881.8523
2026-08-18 19:24:09.318,27883.48
2026-08-18 19:24:09.730,27885.251
2026-08-18 19:24:10.143,27887.3237
2026-08-18 19:24:10.555,27889.4275
2026-08-18 19:24:10.968,27891.1884
2026-08-18 19:24:11.380,27892.617
2026-08-18 19:24:11.793,27893.9977
2026-08-18 19:24:12.219,27895.5427
2026-08-18 19:24:12.638,27897.1551
2026-08-18 19:24:13.053,27898.7291
2026-08-18 19:24:13.467,27901.1946
2026-08-18 19:24:13.894,27903.7994
2026-08-18 19:24:14.306,27905.9244
2026-08-18 19:24:14.720,27908.2038
2026-08-18 19:24:15.135,27910.9222
2026-08-18 19:24:15.553,27913.4738
2026-08-18 19:24:15.965,27916.2823
2026-08-18 19:24:16.380,27918.8239
2026-08-18 19:24:16.792,27921.9668
2026-08-18 19:24:17.272,27924.7009
2026-08-18 19:24:17.688,27926.8605
2026-08-18 19:24:18.101,27929.3954
2026-08-18 19:24:18.523,27931.2353
2026-08-18 19:24:18.935,27933.0658
2026-08-18 19:24:19.347,27935.5069
2026-08-18 19:24:19.759,27937.1216
2026-08-18 19:24:20.178,27938.6389
2026-08-18 19:24:20.591,27940.9697
2026-08-18 19:24:21.011,27944.1847
2026-08-18 19:24:21.489,27947.4687
2026-08-18 19:24:21.902,27949.8534
2026-08-18 19:24:22.314,27952.5619
2026-08-18 19:24:22.728,27955.4545
2026-08-18 19:24:23.140,27957.9647
2026-08-18 19:24:23.572,27960.8981
2026-08-18 19:24:24.002,27964.2136
2026-08-18 19:24:24.427,27967.3456
2026-08-18 19:24:24.841,27970.6947
2026-08-18 19:24:25.257,27973.5163
2026-08-18 19:24:25.680,27976.114
2026-08-18 19:24:26.096,27978.503
2026-08-18 19:24:26.515,27981.1614
2026-08-18 19:24:26.926,27983.9081
2026-08-18 19:24:27.355,27986.0174
2026-08-18 19:24:27.789,27988.1273
2026-08-18 19:24:28.201,27990.5617
2026-08-18 19:24:28.614,27993.3523
2026-08-18 19:24:29.027,27996.2702
2026-08-18 19:24:29.438,27999.0758
2026-08-18 19:24:29.851,28001.5842
2026-08-18 19:24:30.315,28003.96
2026-08-18 19:24:30.734,28006.053
2026-08-18 19:24:31.147,28008.5491
2026-08-18 19:24:31.561,28011.1839
2026-08-18 19:24:31.974,28014.0464
2026-08-18 19:24:32.402,28017.0259
2026-08-18 19:24:32.824,28019.9779
2026-08-18 19:24:33.250,28022.9119
2026-08-18 19:24:33.662,28026.1439
2026-08-18 19:24:34.075,28029.15
2026-08-18 19:24:34.497,28031.7929
2026-08-18 19:24:34.927,28034.0212
2026-08-18 19:24:35.341,28036.3837
2026-08-18 19:24:35.753,28038.9643
2026-08-18 19:24:36.166,28041.2568
2026-08-18 19:24:36.580,28042.9045
2026-08-18 19:24:37.004,28044.5745
2026-08-18 19:24:37.497,28046.4954
2026-08-18 19:24:37.911,28048.4239
2026-08-18 19:24:38.331,28050.4901
2026-08-18 19:24:38.749,28052.5417
2026-08-18 19:24:39.183,28054.7121
2026-08-18 19:24:39.596,28057.0424
2026-08-18 19:24:40.010,28058.903
2026-08-18 19:24:40.422,28060.4738
2026-08-18 19:24:40.847,28062.4524
2026-08-18 19:24:41.327,28065.3454
2026-08-18 19:24:41.739,28067.8218
2026-08-18 19:24:42.166,28070.2438
2026-08-18 19:24:42.580,28072.422
2026-08-18 19:24:42.993,28074.714
2026-08-18 19:24:43.409,28076.8993
2026-08-18 19:24:43.821,28078.9559
2026-08-18 19:24:44.234,28080.9437
2026-08-18 19:24:44.647,28082.9306
2026-08-18 19:24:45.118,28085.5225
2026-08-18 19:24:45.549,28088.8224
2026-08-18 19:24:45.962,28091.0215
2026-08-18 19:24:46.375,28092.7569
2026-08-18 19:24:46.802,28094.7943
2026-08-18 19:24:47.215,28097.4202
2026-08-18 19:24:47.632,28099.6107
2026-08-18 19:24:48.044,28101.495
2026-08-18 19:24:48.472,28102.9942
2026-08-18 19:24:48.885,28105.2126
2026-08-18 19:24:49.297,28107.7911
2026-08-18 19:24:49.736,28110.2085
2026-08-18 19:24:50.148,28112.7633
2026-08-18 19:24:50.560,28114.8799
2026-08-18 19:24:50.998,28117.0802
2026-08-18 19:24:51.411,28119.9498
2026-08-18 19:24:51.836,28123.0791
2026-08-18 19:24:52.249,28126.3644
2026-08-18 19:24:52.661,28129.3267
2026-08-18 19:24:53.085,28132.0987
2026-08-18 19:24:53.504,28135.9729
2026-08-18 19:24:53.970,28139.9914
2026-08-18 19:24:54.383,28143.284
2026-08-18 19:24:54.804,28146.5729
2026-08-18 19:24:55.217,28149.5347
2026-08-18 19:24:55.629,28152.0428
2026-08-18 19:24:56.066,28154.4588
2026-08-18 19:24:56.480,28157.6527
2026-08-18 19:24:56.894,28160.918
2026-08-18 19:24:57.319,28164.3868
2026-08-18 19:24:57.737,28167.0941
2026-08-18 19:24:58.175,28168.9391
2026-08-18 19:24:58.588,28171.9026
2026-08-18 19:24:59.001,28174.3028
2026-08-18 19:24:59.428,28176.9662
2026-08-18 19:24:59.853,28179.5381
2026-08-18 19:25:00.282,28181.8786
2026-08-18 19:25:00.708,28184.0641
2026-08-18 19:25:01.121,28186.1208
2026-08-18 19:25:01.534,28188.2366
2026-08-18 19:25:01.995,28190.744
2026-08-18 19:25:02.420,28193.7792
2026-08-18 19:25:02.834,28196.0765
2026-08-18 19:25:03.258,28198.3186
2026-08-18 19:25:03.674,28200.7542
2026-08-18 19:25:04.092,28202.9762
2026-08-18 19:25:04.504,28205.5603
2026-08-18 19:25:04.918,28208.9577
2026-08-18 19:25:05.330,28212.3356
2026-08-18 19:25:05.743,28215.551
2026-08-18 19:25:06.180,28219.2747
2026-08-18 19:25:06.598,28222.7237
2026-08-18 19:25:07.010,28226.2096
2026-08-18 19:25:07.438,28229.4657
2026-08-18 19:25:07.863,28232.7817
2026-08-18 19:25:08.280,28236.1513
2026-08-18 19:25:08.692,28239.3271
2026-08-18 19:25:09.115,28242.3752
2026-08-18 19:25:09.529,28245.4697
2026-08-18 19:25:09.970,28248.3539
2026-08-18 19:25:10.384,28250.9347
2026-08-18 19:25:10.796,28253.121
2026-08-18 19:25:11.208,28255.6195
2026-08-18 19:25:11.644,28258.4232
2026-08-18 19:25:12.070,28261.2015
2026-08-18 19:25:12.486,28263.848
2026-08-18 19:25:12.899,28266.6522
2026-08-18 19:25:13.327,28269.3716
2026-08-18 19:25:13.751,28272.0583
2026-08-18 19:25:14.188,28275.6358
2026-08-18 19:25:14.601,28279.0834
2026-08-18 19:25:15.013,28282.8947
2026-08-18 19:25:15.427,28286.0538
2026-08-18 19:25:15.863,28288.95
2026-08-18 19:25:16.275,28292.045
2026-08-18 19:25:16.697,28294.4163
2026-08-18 19:25:17.110,28296.5585
2026-08-18 19:25:17.544,28299.7454
2026-08-18 19:25:17.961,28302.9862
2026-08-18 19:25:18.379,28305.4094
2026-08-18 19:25:18.797,28307.9244
2026-08-18 19:25:19.214,28310.6478
2026-08-18 19:25:19.627,28313.1471
2026-08-18 19:25:20.094,28316.1224
2026-08-18 19:25:20.530,28319.0469
2026-08-18 19:25:20.944,28321.3526
2026-08-18 19:25:21.356,28323.812
2026-08-18 19:25:21.785,28326.6351
2026-08-18 19:25:22.197,28329.5445
2026-08-18 19:25:22.616,28331.9235
2026-08-18 19:25:23.033,28334.321
2026-08-18 19:25:23.446,28336.5656
2026-08-18 19:25:23.860,28339.033
2026-08-18 19:25:24.295,28342.0226
2026-08-18 19:25:24.709,28345.488
2026-08-18 19:25:25.122,28348.5465
2026-08-18 19:25:25.536,28351.5258
2026-08-18 19:25:25.949,28354.6409
2026-08-18 19:25:26.366,28358.1896
2026-08-18 19:25:26.859,28361.5233
2026-08-18 19:25:27.271,28363.7292
2026-08-18 19:25:27.684,28366.3449
2026-08-18 19:25:28.097,28368.9392
2026-08-18 19:25:28.509,28371.8493
2026-08-18 19:25:28.974,28375.5022
2026-08-18 19:25:29.389,28378.7478
2026-08-18 19:25:29.802,28382.4636
2026-08-18 19:25:30.214,28385.6606
2026-08-18 19:25:30.640,28388.96
2026-08-18 19:25:31.053,28392.0196
2026-08-18 19:25:31.476,28394.9231
2026-08-18 19:25:31.899,28398.4683
2026-08-18 19:25:32.312,28401.7633
2026-08-18 19:25:32.725,28404.6903
2026-08-18 19:25:33.137,28407.9099
2026-08-18 19:25:33.579,28410.6083
2026-08-18 19:25:33.993,28413.465
2026-08-18 19:25:34.408,28416.5966
2026-08-18 19:25:34.820,28419.8602
2026-08-18 19:25:35.232,28423.0974
2026-08-18 19:25:35.645,28426.0691
2026-08-18 19:25:36.059,28428.8594
2026-08-18 19:25:36.472,28431.2834
2026-08-18 19:25:36.896,28433.6878
2026-08-18 19:25:37.315,28436.1144
2026-08-18 19:25:37.727,28438.5595
2026-08-18 19:25:38.140,28440.7789
2026-08-18 19:25:38.564,28443.0927
2026-08-18 19:25:38.986,28445.4654
2026-08-18 19:25:39.399,28447.7733
2026-08-18 19:25:39.821,28450.0925
2026-08-18 19:25:40.234,28452.3744
2026-08-18 19:25:40.662,28454.6477
2026-08-18 19:25:41.075,28456.8332
2026-08-18 19:25:41.497,28459.2371
2026-08-18 19:25:41.920,28461.8967
2026-08-18 19:25:42.337,28464.5716
2026-08-18 19:25:42.750,28467.0322
2026-08-18 19:25:43.161,28469.0759
2026-08-18 19:25:43.599,28471.2501
2026-08-18 19:25:44.012,28473.2781
2026-08-18 19:25:44.426,28475.0894
2026-08-18 19:25:44.853,28476.9805
2026-08-18 19:25:45.267,28479.7084
2026-08-18 19:25:45.699,28482.9705
2026-08-18 19:25:46.127,28485.6776
2026-08-18 19:25:46.540,28486.4111
2026-08-18 19:25:46.976,28488.0083
2026-08-18 19:25:47.389,28489.8685
2026-08-18 19:25:47.800,28491.7249
2026-08-18 19:25:48.214,28493.5636
2026-08-18 19:25:48.656,28495.3536
2026-08-18 19:25:49.083,28497.2289
2026-08-18 19:25:49.495,28498.9292
2026-08-18 19:25:49.907,28500.7406
2026-08-18 19:25:50.320,28502.6169
2026-08-18 19:25:50.759,28504.8203
2026-08-18 19:25:51.183,28507.1624
2026-08-18 19:25:51.596,28509.4519
2026-08-18 19:25:52.010,28511.8216
2026-08-18 19:25:52.425,28514.0837
2026-08-18 19:25:52.890,28516.9638
2026-08-18 19:25:53.303,28519.8847
2026-08-18 19:25:53.727,28522.4902
2026-08-18 19:25:54.145,28525.4362
2026-08-18 19:25:54.557,28527.8857
2026-08-18 19:25:54.976,28530.3837
2026-08-18 19:25:55.389,28532.7647
2026-08-18 19:25:55.802,28535.2607
2026-08-18 19:25:56.228,28537.9841
2026-08-18 19:25:56.641,28541.0037
2026-08-18 19:25:57.067,28544.0412
2026-08-18 19:25:57.483,28546.9506
2026-08-18 19:25:57.895,28549.9448
2026-08-18 19:25:58.309,28552.8038
2026-08-18 19:25:58.734,28555.9209
2026-08-18 19:25:59.195,28559.6811
2026-08-18 19:25:59.609,28563.0432
2026-08-18 19:26:00.022,28566.4822
2026-08-18 19:26:00.435,28569.8127
2026-08-18 19:26:00.848,28572.7446
2026-08-18 19:26:01.287,28575.7522
2026-08-18 19:26:01.720,28579.0159
2026-08-18 19:26:02.141,28581.7823
2026-08-18 19:26:02.558,28584.4833
2026-08-18 19:26:02.972,28586.9685
2026-08-18 19:26:03.397,28589.2838
2026-08-18 19:26:03.810,28591.5981
2026-08-18 19:26:04.226,28593.7415
2026-08-18 19:26:04.643,28595.9271
2026-08-18 19:26:05.107,28598.2552
2026-08-18 19:26:05.525,28600.5902
2026-08-18 19:26:05.953,28602.7713
2026-08-18 19:26:06.366,28605.4887
2026-08-18 19:26:06.791,28609.0376
2026-08-18 19:26:07.204,28613.21
2026-08-18 19:26:07.641,28617.3358
2026-08-18 19:26:08.054,28621.9951
2026-08-18 19:26:08.466,28626.8289
2026-08-18 19:26:08.878,28631.0202
2026-08-18 19:26:09.298,28635.5721
2026-08-18 19:26:09.726,28640.4519
2026-08-18 19:26:10.139,28644.9823
2026-08-18 19:26:10.551,28647.171
2026-08-18 19:26:10.964,28650.6443
2026-08-18 19:26:11.400,28653.9694
2026-08-18 19:26:11.826,28653.4865
2026-08-18 19:26:12.239,28656.4133
2026-08-18 19:26:12.663,28660.213
2026-08-18 19:26:13.077,28662.2993
2026-08-18 19:26:13.491,28663.6867
2026-08-18 19:26:13.923,28661.4794
2026-08-18 19:26:14.336,28661.6858
2026-08-18 19:26:14.750,28663.791
2026-08-18 19:26:15.178,28665.4986
2026-08-18 19:26:15.590,28667.2418
2026-08-18 19:26:16.020,28670.9998
2026-08-18 19:26:16.447,28674.2629
2026-08-18 19:26:16.861,28675.6264
2026-08-18 19:26:17.273,28677.6879
2026-08-18 19:26:17.686,28680.585
2026-08-18 19:26:18.125,28683.5102
2026-08-18 19:26:18.551,28686.2151
2026-08-18 19:26:18.964,28688.0177
2026-08-18 19:26:19.378,28689.0609
2026-08-18 19:26:19.790,28690.9302
2026-08-18 19:26:20.250,28693.4934
2026-08-18 19:26:20.675,28696.1283
2026-08-18 19:26:21.086,28698.719
2026-08-18 19:26:21.511,28701.0571
2026-08-18 19:26:21.925,28703.5081
2026-08-18 19:26:22.356,28706.1405
2026-08-18 19:26:22.782,28708.782
2026-08-18 19:26:23.199,28711.5982
2026-08-18 19:26:23.612,28714.9447
2026-08-18 19:26:24.033,28718.3534
2026-08-18 19:26:24.468,28721.5957
2026-08-18 19:26:24.882,28724.4886
2026-08-18 19:26:25.301,28727.0767
2026-08-18 19:26:25.713,28729.2778
2026-08-18 19:26:26.126,28731.4953
2026-08-18 19:26:26.538,28733.6872
2026-08-18 19:26:27.013,28736.155
2026-08-18 19:26:27.426,28738.3147
2026-08-18 19:26:27.839,28740.7477
2026-08-18 19:26:28.252,28743.2414
2026-08-18 19:26:28.666,28745.5856
2026-08-18 19:26:29.078,28748.0082
2026-08-18 19:26:29.500,28750.5397
2026-08-18 19:26:29.918,28753.0391
2026-08-18 19:26:30.332,28756.6948
2026-08-18 19:26:30.755,28759.4919
2026-08-18 19:26:31.173,28762.3769
2026-08-18 19:26:31.606,28764.8176
2026-08-18 19:26:32.022,28767.9645
2026-08-18 19:26:32.433,28770.9491
2026-08-18 19:26:32.846,28773.5189
2026-08-18 19:26:33.258,28775.8834
2026-08-18 19:26:33.690,28777.5103
2026-08-18 19:26:34.181,28779.4022
2026-08-18 19:26:34.601,28781.3702
2026-08-18 19:26:35.013,28783.5228
2026-08-18 19:26:35.427,28786.0563
2026-08-18 19:26:35.870,28789.256
2026-08-18 19:26:36.291,28792.9894
2026-08-18 19:26:36.703,28796.2157
2026-08-18 19:26:37.115,28798.7727
2026-08-18 19:26:37.529,28801.2393
2026-08-18 19:26:37.971,28803.7426
2026-08-18 19:26:38.384,28806.5355
2026-08-18 19:26:38.812,28808.9742
2026-08-18 19:26:39.233,28811.1062
2026-08-18 19:26:39.647,28813.585
2026-08-18 19:26:40.073,28816.1163
2026-08-18 19:26:40.488,28818.6204
2026-08-18 19:26:40.900,28820.8719
2026-08-18 19:26:41.314,28823.0102
2026-08-18 19:26:41.778,28825.3002
2026-08-18 19:26:42.197,28827.8457
2026-08-18 19:26:42.621,28829.9776
2026-08-18 19:26:43.033,28832.1557
2026-08-18 19:26:43.445,28834.2407
2026-08-18 19:26:43.857,28836.4031
2026-08-18 19:26:44.289,28838.8193
2026-08-18 19:26:44.702,28841.4459
2026-08-18 19:26:45.126,28843.9751
2026-08-18 19:26:45.538,28846.573
2026-08-18 19:26:45.951,28849.1763
2026-08-18 19:26:46.364,28851.7437
2026-08-18 19:26:46.832,28854.4565
2026-08-18 19:26:47.250,28857.6176
2026-08-18 19:26:47.662,28860.5424
2026-08-18 19:26:48.089,28863.1664
2026-08-18 19:26:48.503,28865.7526
2026-08-18 19:26:48.918,28868.3734
2026-08-18 19:26:49.353,28871.1547
2026-08-18 19:26:49.766,28874.094
2026-08-18 19:26:50.180,28877.3113
2026-08-18 19:26:50.603,28880.441
2026-08-18 19:26:51.016,28882.3974
2026-08-18 19:26:51.434,28884.6202
2026-08-18 19:26:51.848,28887.1283
2026-08-18 19:26:52.272,28889.7108
2026-08-18 19:26:52.700,28892.7206
2026-08-18 19:26:53.113,28895.6808
2026-08-18 19:26:53.548,28898.4623
2026-08-18 19:26:53.962,28901.4804
2026-08-18 19:26:54.373,28904.4391
2026-08-18 19:26:54.787,28907.6492
2026-08-18 19:26:55.225,28910.8554
2026-08-18 19:26:55.656,28914.3347
2026-08-18 19:26:56.070,28917.6396
2026-08-18 19:26:56.483,28920.7128
2026-08-18 19:26:56.895,28924.0704
2026-08-18 19:26:57.308,28927.5027
2026-08-18 19:26:57.770,28931.3942
2026-08-18 19:26:58.204,28934.8004
2026-08-18 19:26:58.617,28938.0221
2026-08-18 19:26:59.028,28941.1072
2026-08-18 19:26:59.441,28943.9476
2026-08-18 19:26:59.873,28946.8358
2026-08-18 19:27:00.285,28949.8135
2026-08-18 19:27:00.699,28952.7025
2026-08-18 19:27:01.112,28956.2213
2026-08-18 19:27:01.578,28960.2072
2026-08-18 19:27:01.996,28964.6991
2026-08-18 19:27:02.414,28968.6328
2026-08-18 19:27:02.828,28971.8613
2026-08-18 19:27:03.240,28975.2241
2026-08-18 19:27:03.652,28978.8851
2026-08-18 19:27:04.085,28982.7683
2026-08-18 19:27:04.523,28986.6736
2026-08-18 19:27:04.936,28990.272
2026-08-18 19:27:05.364,28993.6713
2026-08-18 19:27:05.776,28996.893
2026-08-18 19:27:06.190,29000.1861
2026-08-18 19:27:06.603,29003.2673
2026-08-18 19:27:07.015,29005.7576
2026-08-18 19:27:07.427,29009.5711
2026-08-18 19:27:07.848,29013.568
2026-08-18 19:27:08.314,29017.3072
2026-08-18 19:27:08.726,29018.7161
2026-08-18 19:27:09.144,29020.2329
2026-08-18 19:27:09.557,29022.7728
2026-08-18 19:27:09.969,29025.6403
2026-08-18 19:27:10.412,29028.8801
2026-08-18 19:27:10.828,29032.0961
2026-08-18 19:27:11.245,29034.6813
2026-08-18 19:27:11.664,29037.3679
2026-08-18 19:27:12.078,29040.0105
2026-08-18 19:27:12.542,29042.9441
2026-08-18 19:27:12.969,29045.6696
2026-08-18 19:27:13.382,29048.8021
2026-08-18 19:27:13.794,29052.2346
2026-08-18 19:27:14.213,29055.9397
2026-08-18 19:27:14.631,29059.5563
2026-08-18 19:27:15.045,29062.9814
2026-08-18 19:27:15.473,29066.1437
2026-08-18 19:27:15.886,29069.2734
2026-08-18 19:27:16.299,29072.5345
2026-08-18 19:27:16.734,29075.4037
2026-08-18 19:27:17.146,29078.4517
2026-08-18 19:27:17.574,29082.2325
2026-08-18 19:27:17.986,29085.8959
2026-08-18 19:27:18.406,29088.9077
2026-08-18 19:27:18.838,29092.3388
2026-08-18 19:27:19.252,29095.563
2026-08-18 19:27:19.678,29098.6028
2026-08-18 19:27:20.090,29101.6309
2026-08-18 19:27:20.508,29104.731
2026-08-18 19:27:20.942,29107.7262
2026-08-18 19:27:21.357,29110.4293
2026-08-18 19:27:21.770,29112.9984
2026-08-18 19:27:22.194,29115.2388
2026-08-18 19:27:22.607,29117.5419
2026-08-18 19:27:23.074,29120.3291
2026-08-18 19:27:23.493,29122.9306
2026-08-18 19:27:23.906,29125.4645
2026-08-18 19:27:24.319,29128.0517
2026-08-18 19:27:24.747,29130.3287
2026-08-18 19:27:25.160,29132.6604
2026-08-18 19:27:25.582,29135.2109
2026-08-18 19:27:25.999,29138.2813
2026-08-18 19:27:26.411,29140.7461
2026-08-18 19:27:26.835,29143.3045
2026-08-18 19:27:27.255,29146.4508
2026-08-18 19:27:27.667,29149.7568
2026-08-18 19:27:28.106,29153.226
2026-08-18 19:27:28.521,29156.4338
2026-08-18 19:27:28.940,29159.9599
2026-08-18 19:27:29.376,29162.8794
2026-08-18 19:27:29.791,29165.7129
2026-08-18 19:27:30.204,29168.3471
2026-08-18 19:27:30.617,29170.9958
2026-08-18 19:27:31.029,29173.708
2026-08-18 19:27:31.453,29176.409
2026-08-18 19:27:31.959,29179.5735
2026-08-18 19:27:32.372,29182.3072
2026-08-18 19:27:32.785,29185.5076
2026-08-18 19:27:33.198,29188.9147
2026-08-18 19:27:33.624,29191.7155
2026-08-18 19:27:34.036,29194.5968
2026-08-18 19:27:34.448,29197.2981
2026-08-18 19:27:34.862,29199.9401
2026-08-18 19:27:35.274,29202.6756
2026-08-18 19:27:35.686,29205.6092
2026-08-18 19:27:36.098,29208.2919
2026-08-18 19:27:36.522,29211.1744
2026-08-18 19:27:36.934,29214.5943
2026-08-18 19:27:37.362,29217.7898
2026-08-18 19:27:37.775,29220.531
2026-08-18 19:27:38.201,29223.733
2026-08-18 19:27:38.615,29226.7896
2026-08-18 19:27:39.027,29229.6091
2026-08-18 19:27:39.445,29232.4569
2026-08-18 19:27:39.871,29235.2912
2026-08-18 19:27:40.283,29238.2551
2026-08-18 19:27:40.695,29241.0259
2026-08-18 19:27:41.111,29243.9611
2026-08-18 19:27:41.540,29246.8284
2026-08-18 19:27:41.954,29249.9151
2026-08-18 19:27:42.380,29252.7539
2026-08-18 19:27:42.792,29255.4536
2026-08-18 19:27:43.253,29258.0782
2026-08-18 19:27:43.672,29261.2585
2026-08-18 19:27:44.084,29263.8831
2026-08-18 19:27:44.495,29266.9719
2026-08-18 19:27:44.911,29270.2446
2026-08-18 19:27:45.324,29273.2061
2026-08-18 19:27:45.754,29276.1319
2026-08-18 19:27:46.166,29279.1369
2026-08-18 19:27:46.581,29281.9388
2026-08-18 19:27:46.995,29284.8974
2026-08-18 19:27:47.407,29287.7633
2026-08-18 19:27:47.819,29290.3854
2026-08-18 19:27:48.283,29293.8272
2026-08-18 19:27:48.705,29296.7585
2026-08-18 19:27:49.207,29300.6573
2026-08-18 19:27:49.618,29304.6931
2026-08-18 19:27:50.082,29308.3908
2026-08-18 19:27:50.501,29312.2333
2026-08-18 19:27:50.915,29315.6437
2026-08-18 19:27:51.328,29319.1729
2026-08-18 19:27:51.747,29322.4639
2026-08-18 19:27:52.161,29325.7485
2026-08-18 19:27:52.593,29329.3118
2026-08-18 19:27:53.005,29332.5801
2026-08-18 19:27:53.417,29336.1745
2026-08-18 19:27:53.831,29339.8153
2026-08-18 19:27:54.258,29343.3282
2026-08-18 19:27:54.713,29347.1798
2026-08-18 19:27:55.128,29350.3457
2026-08-18 19:27:55.540,29353.1302
2026-08-18 19:27:55.962,29355.6622
2026-08-18 19:27:56.374,29358.5401
2026-08-18 19:27:56.804,29361.3569
2026-08-18 19:27:57.217,29364.5444
2026-08-18 19:27:57.637,29367.977
2026-08-18 19:27:58.055,29371.5296
2026-08-18 19:27:58.469,29374.7747
2026-08-18 19:27:58.930,29378.1715
2026-08-18 19:27:59.343,29381.1017
2026-08-18 19:27:59.759,29383.906
2026-08-18 19:28:00.179,29386.7077
2026-08-18 19:28:00.592,29389.5224
2026-08-18 19:28:01.019,29392.393
2026-08-18 19:28:01.433,29395.2829
2026-08-18 19:28:01.860,29398.1235
2026-08-18 19:28:02.282,29401.4903
2026-08-18 19:28:02.694,29404.7543
2026-08-18 19:28:03.125,29407.5771
2026-08-18 19:28:03.552,29410.423
2026-08-18 19:28:03.972,29413.698
2026-08-18 19:28:04.384,29417.1889
2026-08-18 19:28:04.796,29420.1527
2026-08-18 19:28:05.238,29422.8496
2026-08-18 19:28:05.652,29425.7326
2026-08-18 19:28:06.064,29428.3733
2026-08-18 19:28:06.476,29431.2388
2026-08-18 19:28:06.911,29434.161
2026-08-18 19:28:07.338,29436.78
2026-08-18 19:28:07.752,29439.4001
2026-08-18 19:28:08.178,29442.0768
2026-08-18 19:28:08.595,29444.8706
2026-08-18 19:28:09.007,29447.4985
2026-08-18 19:28:09.445,29450.1449
2026-08-18 19:28:09.867,29453.3132
2026-08-18 19:28:10.278,29456.3521
2026-08-18 19:28:10.691,29458.9045
2026-08-18 19:28:11.118,29462.2352
2026-08-18 19:28:11.571,29466.5227
2026-08-18 19:28:11.984,29470.2279
2026-08-18 19:28:12.395,29473.4855
2026-08-18 19:28:12.820,29476.645
2026-08-18 19:28:13.232,29479.9099
2026-08-18 19:28:13.661,29482.8458
2026-08-18 19:28:14.076,29486.1761
2026-08-18 19:28:14.493,29489.627
2026-08-18 19:28:14.906,29493.2058
2026-08-18 19:28:15.330,29496.7116
2026-08-18 19:28:15.742,29500.004
2026-08-18 19:28:16.219,29503.056
2026-08-18 19:28:16.644,29507.0272
2026-08-18 19:28:17.061,29510.8327
2026-08-18 19:28:17.478,29514.9198
2026-08-18 19:28:17.896,29518.7948
2026-08-18 19:28:18.314,29522.6097
2026-08-18 19:28:18.738,29525.6865
2026-08-18 19:28:19.152,29528.7567
2026-08-18 19:28:19.566,29532.4635
2026-08-18 19:28:19.982,29539.5985
2026-08-18 19:28:20.393,29547.0724
2026-08-18 19:28:20.836,29558.7987
2026-08-18 19:28:21.249,29567.5761
2026-08-18 19:28:21.662,29575.1416
2026-08-18 19:28:22.081,29581.193
2026-08-18 19:28:22.494,29583.4738
2026-08-18 19:28:22.960,29592.0183
2026-08-18 19:28:23.379,29595.7135
2026-08-18 19:28:23.791,29597.6987
2026-08-18 19:28:24.204,29603.9445
2026-08-18 19:28:24.620,29606.584
2026-08-18 19:28:25.045,29607.7875
2026-08-18 19:28:25.469,29612.0969
2026-08-18 19:28:25.889,29612.8167
2026-08-18 19:28:26.302,29606.6395
2026-08-18 19:28:26.725,29610.3489
2026-08-18 19:28:27.150,29620.0612
2026-08-18 19:28:27.562,29616.9203
2026-08-18 19:28:27.975,29613.9359
2026-08-18 19:28:28.387,29615.3137
2026-08-18 19:28:28.800,29616.6396
2026-08-18 19:28:29.212,29623.2634
2026-08-18 19:28:29.678,29634.561
2026-08-18 19:28:30.100,29636.6632
2026-08-18 19:28:30.512,29638.5552
2026-08-18 19:28:30.926,29631.4126
2026-08-18 19:28:31.339,29630.2583
2026-08-18 19:28:31.752,29633.8456
2026-08-18 19:28:32.171,29640.1464
2026-08-18 19:28:32.664,29641.5653
2026-08-18 19:28:33.078,29642.8213
2026-08-18 19:28:33.510,29647.0845
2026-08-18 19:28:33.923,29656.9243
2026-08-18 19:28:34.341,29654.9202
2026-08-18 19:28:34.758,29653.2122
2026-08-18 19:28:35.172,29653.932
2026-08-18 19:28:35.585,29655.7122
2026-08-18 19:28:35.998,29658.4008
2026-08-18 19:28:36.469,29661.4008
2026-08-18 19:28:36.896,29665.2062
2026-08-18 19:28:37.309,29670.3969
2026-08-18 19:28:37.720,29672.2418
2026-08-18 19:28:38.148,29674.8118
2026-08-18 19:28:38.562,29676.087
2026-08-18 19:28:38.974,29678.0256
2026-08-18 19:28:39.409,29680.5622
2026-08-18 19:28:39.835,29683.1385
2026-08-18 19:28:40.247,29685.7994
2026-08-18 19:28:40.684,29688.3043
2026-08-18 19:28:41.096,29690.1262
2026-08-18 19:28:41.523,29692.4347
2026-08-18 19:28:41.950,29694.6325
2026-08-18 19:28:42.363,29697.1108
2026-08-18 19:28:42.775,29699.2415
2026-08-18 19:28:43.190,29701.3015
2026-08-18 19:28:43.655,29704.3635
2026-08-18 19:28:44.084,29706.5428
2026-08-18 19:28:44.499,29709.0909
2026-08-18 19:28:44.916,29712.059
2026-08-18 19:28:45.334,29715.0264
2026-08-18 19:28:45.751,29717.4144
2026-08-18 19:28:46.164,29719.6533
2026-08-18 19:28:46.581,29722.1109
2026-08-18 19:28:46.995,29725.4078
2026-08-18 19:28:47.407,29728.2979
2026-08-18 19:28:47.819,29731.3804
2026-08-18 19:28:48.252,29734.6386
2026-08-18 19:28:48.680,29736.3424
2026-08-18 19:28:49.109,29738.1318
2026-08-18 19:28:49.523,29741.1562
2026-08-18 19:28:49.935,29743.9389
2026-08-18 19:28:50.395,29745.9471
2026-08-18 19:28:50.824,29749.6978
2026-08-18 19:28:51.251,29754.1089
2026-08-18 19:28:51.663,29758.1286
2026-08-18 19:28:52.087,29765.6112
2026-08-18 19:28:52.504,29769.4613
2026-08-18 19:28:52.916,29767.5699
2026-08-18 19:28:53.338,29768.4843
2026-08-18 19:28:53.751,29772.3073
2026-08-18 19:28:54.162,29776.2784
2026-08-18 19:28:54.574,29779.4936
2026-08-18 19:28:55.012,29782.6635
2026-08-18 19:28:55.427,29785.5483
2026-08-18 19:28:55.839,29788.8092
2026-08-18 19:28:56.251,29790.7406
2026-08-18 19:28:56.680,29794.2863
2026-08-18 19:28:57.116,29796.8551
2026-08-18 19:28:57.540,29798.797
2026-08-18 19:28:57.953,29801.1581
2026-08-18 19:28:58.376,29803.6828
2026-08-18 19:28:58.788,29805.5065
2026-08-18 19:28:59.217,29807.3974
2026-08-18 19:28:59.629,29810.0302
2026-08-18 19:29:00.043,29813.0527
2026-08-18 19:29:00.454,29815.1367
2026-08-18 19:29:00.867,29818.004
2026-08-18 19:29:01.278,29822.9561
2026-08-18 19:29:01.693,29824.6531
2026-08-18 19:29:02.106,29826.5621
2026-08-18 19:29:02.521,29829.8849
2026-08-18 19:29:02.933,29833.0428
2026-08-18 19:29:03.355,29835.7721
2026-08-18 19:29:03.773,29838.8349
2026-08-18 19:29:04.185,29842.367
2026-08-18 19:29:04.597,29845.7045
2026-08-18 19:29:05.020,29847.8459
2026-08-18 19:29:05.442,29850.16
2026-08-18 19:29:05.860,29852.5764
2026-08-18 19:29:06.275,29855.1063
2026-08-18 19:29:06.695,29857.3268
2026-08-18 19:29:07.121,29859.7236
2026-08-18 19:29:07.547,29864.2747
2026-08-18 19:29:07.960,29865.6344
2026-08-18 19:29:08.373,29868.3678
2026-08-18 19:29:08.798,29871.706
2026-08-18 19:29:09.224,29877.0814
2026-08-18 19:29:09.638,29879.9089
2026-08-18 19:29:10.051,29882.6727
2026-08-18 19:29:10.467,29885.6419
2026-08-18 19:29:10.931,29889.1206
2026-08-18 19:29:11.366,29893.1819
2026-08-18 19:29:11.779,29896.3821
2026-08-18 19:29:12.212,29899.3619
2026-08-18 19:29:12.639,29902.6738
2026-08-18 19:29:13.054,29905.7351
2026-08-18 19:29:13.465,29909.3512
2026-08-18 19:29:13.878,29915.1553
2026-08-18 19:29:14.299,29915.6834
2026-08-18 19:29:14.712,29917.6232
2026-08-18 19:29:15.124,29919.7619
2026-08-18 19:29:15.547,29922.3049
2026-08-18 19:29:15.959,29925.1625
2026-08-18 19:29:16.384,29928.9028
2026-08-18 19:29:16.798,29932.6568
2026-08-18 19:29:17.211,29936.3567
2026-08-18 19:29:17.636,29939.8775
2026-08-18 19:29:18.136,29943.8703
2026-08-18 19:29:18.550,29947.0187
2026-08-18 19:29:18.977,29950.14
2026-08-18 19:29:19.390,29953.6114
2026-08-18 19:29:19.806,29957.2596
2026-08-18 19:29:20.219,29960.9085
2026-08-18 19:29:20.632,29964.6739
2026-08-18 19:29:21.056,29968.2602
2026-08-18 19:29:21.468,29971.6566
2026-08-18 19:29:21.900,29975.0164
2026-08-18 19:29:22.327,29978.6145
2026-08-18 19:29:22.748,29981.9129
2026-08-18 19:29:23.160,29985.0186
2026-08-18 19:29:23.573,29987.784
2026-08-18 19:29:24.007,29990.7422
2026-08-18 19:29:24.437,29993.9886
2026-08-18 19:29:24.857,29996.7403
2026-08-18 19:29:25.270,29999.2543
2026-08-18 19:29:25.691,30001.517
2026-08-18 19:29:26.109,30003.9624
2026-08-18 19:29:26.526,30006.4449
2026-08-18 19:29:26.940,30008.9405
2026-08-18 19:29:27.365,30011.238
2026-08-18 19:29:27.778,30013.5613
2026-08-18 19:29:28.212,30015.7415
2026-08-18 19:29:28.625,30018.1005
2026-08-18 19:29:29.037,30020.5536
2026-08-18 19:29:29.451,30023.1852
2026-08-18 19:29:29.863,30025.4172
2026-08-18 19:29:30.341,30027.7092
2026-08-18 19:29:30.764,30029.8788
2026-08-18 19:29:31.178,30032.045
2026-08-18 19:29:31.591,30034.0537
2026-08-18 19:29:32.007,30036.1638
2026-08-18 19:29:32.435,30038.2742
2026-08-18 19:29:32.848,30040.5628
2026-08-18 19:29:33.261,30042.6112
2026-08-18 19:29:33.675,30044.5623
2026-08-18 19:29:34.088,30046.4831
2026-08-18 19:29:34.583,30048.4832
2026-08-18 19:29:34.995,30051.114
2026-08-18 19:29:35.410,30053.181
2026-08-18 19:29:35.830,30055.4083
2026-08-18 19:29:36.248,30057.4953
2026-08-18 19:29:36.674,30059.7963
2026-08-18 19:29:37.087,30062.0048
2026-08-18 19:29:37.500,30064.0414
2026-08-18 19:29:37.913,30066.0965
2026-08-18 19:29:38.328,30068.2863
2026-08-18 19:29:38.743,30070.7344
2026-08-18 19:29:39.210,30073.1839
2026-08-18 19:29:39.626,30075.2664
2026-08-18 19:29:40.088,30077.6848
2026-08-18 19:29:40.511,30079.5928
2026-08-18 19:29:40.923,30082.0807
2026-08-18 19:29:41.418,30085.133
2026-08-18 19:29:41.831,30087.3751
2026-08-18 19:29:42.245,30089.2408
2026-08-18 19:29:42.657,30091.265
2026-08-18 19:29:43.071,30093.2793
2026-08-18 19:29:43.510,30095.1272
2026-08-18 19:29:43.923,30097.5427
2026-08-18 19:29:44.336,30100.4972
2026-08-18 19:29:44.765,30103.8106
2026-08-18 19:29:45.180,30107.1421
2026-08-18 19:29:45.609,30110.3115
2026-08-18 19:29:46.022,30112.8232
2026-08-18 19:29:46.435,30115.1091
2026-08-18 19:29:46.850,30117.5076
2026-08-18 19:29:47.311,30120.4562
2026-08-18 19:29:47.738,30124.0967
2026-08-18 19:29:48.152,30126.7964
2026-08-18 19:29:48.580,30129.3735
2026-08-18 19:29:49.005,30132.0342
2026-08-18 19:29:49.420,30134.7254
2026-08-18 19:29:49.845,30137.5356
2026-08-18 19:29:50.258,30140.3674
2026-08-18 19:29:50.685,30143.2313
2026-08-18 19:29:51.098,30146.1731
2026-08-18 19:29:51.510,30149.1815
2026-08-18 19:29:51.940,30152.4
2026-08-18 19:29:52.353,30155.7654
2026-08-18 19:29:52.780,30158.9059
2026-08-18 19:29:53.206,30161.5831
2026-08-18 19:29:53.626,30164.1097
2026-08-18 19:29:54.040,30166.6076
2026-08-18 19:29:54.469,30169.7567
2026-08-18 19:29:54.882,30172.9785
2026-08-18 19:29:55.295,30175.8188
2026-08-18 19:29:55.732,30178.7083
2026-08-18 19:29:56.151,30181.7524
2026-08-18 19:29:56.563,30184.3349
2026-08-18 19:29:56.977,30186.7887
2026-08-18 19:29:57.391,30189.6753
2026-08-18 19:29:57.803,30192.5899
2026-08-18 19:29:58.236,30195.0336
2026-08-18 19:29:58.649,30197.481
2026-08-18 19:29:59.077,30199.6903
2026-08-18 19:29:59.490,30201.9915
2026-08-18 19:29:59.917,30204.334
2026-08-18 19:30:00.347,30206.4096
2026-08-18 19:30:00.761,30208.7141
2026-08-18 19:30:01.174,30210.8102
2026-08-18 19:30:01.588,30212.8862
2026-08-18 19:30:02.000,30215.0194
2026-08-18 19:30:02.472,30217.3768
2026-08-18 19:30:02.890,30219.3491
2026-08-18 19:30:03.308,30221.4726
2026-08-18 19:30:03.720,30223.2798
2026-08-18 19:30:04.133,30225.0761
2026-08-18 19:30:04.559,30227.0779
2026-08-18 19:30:04.980,30228.926
2026-08-18 19:30:05.399,30230.8044
2026-08-18 19:30:05.812,30232.611
2026-08-18 19:30:06.223,30234.7281
2026-08-18 19:30:06.661,30236.6604
2026-08-18 19:30:07.073,30238.6021
2026-08-18 19:30:07.487,30240.473
2026-08-18 19:30:07.900,30242.5587
2026-08-18 19:30:08.341,30244.5901
2026-08-18 19:30:08.768,30246.7363
2026-08-18 19:30:09.179,30248.9005
2026-08-18 19:30:09.605,30250.8014
2026-08-18 19:30:10.017,30252.6403
2026-08-18 19:30:10.431,30254.6658
2026-08-18 19:30:10.844,30256.7173
2026-08-18 19:30:11.256,30258.6598
2026-08-18 19:30:11.669,30260.5086
2026-08-18 19:30:12.083,30262.8398
2026-08-18 19:30:12.495,30265.3758
2026-08-18 19:30:12.908,30268.2778
2026-08-18 19:30:13.333,30270.9374
2026-08-18 19:30:13.745,30273.6609
2026-08-18 19:30:14.159,30276.6765
2026-08-18 19:30:14.576,30279.6692
2026-08-18 19:30:15.000,30282.409
2026-08-18 19:30:15.424,30284.8098
2026-08-18 19:30:15.837,30286.8058
2026-08-18 19:30:16.265,30289.0604
2026-08-18 19:30:16.677,30291.476
2026-08-18 19:30:17.089,30293.8609
2026-08-18 19:30:17.528,30296.3907
2026-08-18 19:30:17.940,30299.421
2026-08-18 19:30:18.364,30302.0277
2026-08-18 19:30:18.781,30304.6556
2026-08-18 19:30:19.195,30307.1077
2026-08-18 19:30:19.623,30309.2112
2026-08-18 19:30:20.034,30311.7488
2026-08-18 19:30:20.446,30314.0325
2026-08-18 19:30:20.871,30316.6413
2026-08-18 19:30:21.285,30319.5798
2026-08-18 19:30:21.697,30322.3479
2026-08-18 19:30:22.116,30325.2789
2026-08-18 19:30:22.528,30328.1888
2026-08-18 19:30:22.944,30331.1952
2026-08-18 19:30:23.358,30334.0487
2026-08-18 19:30:23.782,30336.4847
2026-08-18 19:30:24.196,30338.571
2026-08-18 19:30:24.624,30340.5478
2026-08-18 19:30:25.037,30342.3111
2026-08-18 19:30:25.452,30344.1044
2026-08-18 19:30:25.873,30345.6737
2026-08-18 19:30:26.292,30347.3801
2026-08-18 19:30:26.704,30349.2879
2026-08-18 19:30:27.117,30351.4769
2026-08-18 19:30:27.554,30354.1251
2026-08-18 19:30:27.982,30356.4675
2026-08-18 19:30:28.395,30358.8305
2026-08-18 19:30:28.807,30361.1995
2026-08-18 19:30:29.222,30363.206
2026-08-18 19:30:29.660,30365.1994
2026-08-18 19:30:30.087,30367.2154
2026-08-18 19:30:30.501,30369.3031
2026-08-18 19:30:30.912,30371.3209
2026-08-18 19:30:31.373,30373.8459
2026-08-18 19:30:31.793,30377.2803
2026-08-18 19:30:32.211,30380.1364
2026-08-18 19:30:32.625,30382.8109
2026-08-18 19:30:33.038,30385.0421
2026-08-18 19:30:33.456,30387.0573
2026-08-18 19:30:33.875,30389.0585
2026-08-18 19:30:34.295,30390.9312
2026-08-18 19:30:34.708,30393.0784
2026-08-18 19:30:35.134,30394.8766
2026-08-18 19:30:35.551,30396.1492
2026-08-18 19:30:35.982,30397.4345
2026-08-18 19:30:36.393,30399.0465
2026-08-18 19:30:36.832,30400.4764
2026-08-18 19:30:37.244,30402.0078
2026-08-18 19:30:37.657,30403.6676
2026-08-18 19:30:38.080,30405.2209
2026-08-18 19:30:38.494,30406.7393
2026-08-18 19:30:38.906,30408.3031
2026-08-18 19:30:39.333,30409.7785
2026-08-18 19:30:39.745,30411.146
2026-08-18 19:30:40.186,30412.4245
2026-08-18 19:30:40.599,30414.1108
2026-08-18 19:30:41.013,30415.8608
2026-08-18 19:30:41.441,30417.7007
2026-08-18 19:30:41.854,30419.9593
2026-08-18 19:30:42.287,30422.0359
2026-08-18 19:30:42.701,30424.0129
2026-08-18 19:30:43.127,30425.631
2026-08-18 19:30:43.540,30427.1857
2026-08-18 19:30:43.954,30428.5727
2026-08-18 19:30:44.421,30428.044
2026-08-18 19:30:44.863,30425.5254
2026-08-18 19:30:45.277,30425.6003
2026-08-18 19:30:45.689,30426.1326
2026-08-18 19:30:46.105,30426.7992
2026-08-18 19:30:46.544,30427.733
2026-08-18 19:30:46.957,30428.8534
2026-08-18 19:30:47.371,30430.2535
2026-08-18 19:30:47.785,30431.6419
2026-08-18 19:30:48.198,30433.3431
2026-08-18 19:30:48.625,30434.884
2026-08-18 19:30:49.120,30436.4453
2026-08-18 19:30:49.534,30437.9666
2026-08-18 19:30:49.948,30439.4458
2026-08-18 19:30:50.374,30440.9854
2026-08-18 19:30:50.793,30442.4163
2026-08-18 19:30:51.207,30444.3068
2026-08-18 19:30:51.634,30445.8926
2026-08-18 19:30:52.046,30447.0909
2026-08-18 19:30:52.459,30448.1939
2026-08-18 19:30:52.871,30449.2363
2026-08-18 19:30:53.284,30450.77
2026-08-18 19:30:53.766,30452.4587
2026-08-18 19:30:54.186,30454.0228
2026-08-18 19:30:54.599,30456.0014
2026-08-18 19:30:55.024,30457.9438
2026-08-18 19:30:55.437,30459.439
2026-08-18 19:30:55.865,30460.69
2026-08-18 19:30:56.278,30461.9557
2026-08-18 19:30:56.693,30463.3466
2026-08-18 19:30:57.119,30464.7285
2026-08-18 19:30:57.544,30465.9083
2026-08-18 19:30:57.961,30467.3026
2026-08-18 19:30:58.376,30468.6187
2026-08-18 19:30:58.790,30469.7388
2026-08-18 19:30:59.213,30470.9163
2026-08-18 19:30:59.631,30472.3442
2026-08-18 19:31:00.063,30474.2125
2026-08-18 19:31:00.497,30476.308
2026-08-18 19:31:00.909,30478.207
2026-08-18 19:31:01.322,30479.6435
2026-08-18 19:31:01.735,30480.9032
2026-08-18 19:31:02.172,30482.3617
2026-08-18 19:31:02.598,30484.055
2026-08-18 19:31:03.015,30485.5767
2026-08-18 19:31:03.426,30486.8611
2026-08-18 19:31:03.840,30487.9051
2026-08-18 19:31:04.281,30489.2414
2026-08-18 19:31:04.694,30491.0136
2026-08-18 19:31:05.107,30492.5675
2026-08-18 19:31:05.533,30493.972
2026-08-18 19:31:05.945,30495.5272
2026-08-18 19:31:06.380,30497.0543
2026-08-18 19:31:06.808,30499.1807
2026-08-18 19:31:07.234,30501.1335
2026-08-18 19:31:07.651,30503.0345
2026-08-18 19:31:08.063,30504.6294
2026-08-18 19:31:08.478,30505.9162
2026-08-18 19:31:08.892,30507.2046
2026-08-18 19:31:09.304,30508.3841
2026-08-18 19:31:09.717,30509.2003
2026-08-18 19:31:10.129,30510.1226
2026-08-18 19:31:10.543,30511.1567
2026-08-18 19:31:10.961,30512.2117
2026-08-18 19:31:11.374,30513.2348
2026-08-18 19:31:11.797,30514.2786
2026-08-18 19:31:12.210,30515.1758
2026-08-18 19:31:12.623,30516.1946
2026-08-18 19:31:13.049,30517.2377
2026-08-18 19:31:13.465,30518.1534
2026-08-18 19:31:13.877,30518.9661
2026-08-18 19:31:14.294,30519.6533
2026-08-18 19:31:14.721,30520.3066
2026-08-18 19:31:15.140,30521.1255
2026-08-18 19:31:15.553,30522.0026
2026-08-18 19:31:15.966,30522.6543
2026-08-18 19:31:16.386,30523.555
2026-08-18 19:31:16.799,30524.5743
2026-08-18 19:31:17.223,30526.3374
2026-08-18 19:31:17.635,30528.043
2026-08-18 19:31:18.063,30530.0728
2026-08-18 19:31:18.487,30531.8532
2026-08-18 19:31:18.899,30533.2259
2026-08-18 19:31:19.327,30534.3735
2026-08-18 19:31:19.740,30535.5511
2026-08-18 19:31:20.168,30537.0724
2026-08-18 19:31:20.599,30538.7898
2026-08-18 19:31:21.013,30540.9544
2026-08-18 19:31:21.432,30543.0552
2026-08-18 19:31:21.849,30545.1538
2026-08-18 19:31:22.312,30547.17
2026-08-18 19:31:22.730,30549.9096
2026-08-18 19:31:23.148,30552.2207
2026-08-18 19:31:23.561,30554.3914
2026-08-18 19:31:23.989,30556.3619
2026-08-18 19:31:24.405,30558.2184
2026-08-18 19:31:24.840,30560.0304
2026-08-18 19:31:25.254,30561.3291
2026-08-18 19:31:25.667,30563.05
2026-08-18 19:31:26.094,30565.0851
2026-08-18 19:31:26.507,30567.0516
2026-08-18 19:31:26.976,30568.8722
2026-08-18 19:31:27.388,30570.7887
2026-08-18 19:31:27.814,30572.7304
2026-08-18 19:31:28.225,30574.4792
2026-08-18 19:31:28.638,30575.65
2026-08-18 19:31:29.064,30576.9776
2026-08-18 19:31:29.557,30578.8879
2026-08-18 19:31:30.037,30580.8857
2026-08-18 19:31:30.460,30582.9028
2026-08-18 19:31:30.874,30584.8489
2026-08-18 19:31:31.287,30586.7365
2026-08-18 19:31:31.714,30588.5291
2026-08-18 19:31:32.131,30590.509
2026-08-18 19:31:32.552,30592.2951
2026-08-18 19:31:32.966,30593.7391
2026-08-18 19:31:33.378,30594.8819
2026-08-18 19:31:33.791,30596.1168
2026-08-18 19:31:34.208,30597.1398
2026-08-18 19:31:34.627,30598.0261
2026-08-18 19:31:35.039,30599.0888
2026-08-18 19:31:35.452,30599.9301
2026-08-18 19:31:35.878,30601.1608
2026-08-18 19:31:36.294,30602.5957
2026-08-18 19:31:36.713,30600.4231
2026-08-18 19:31:37.132,30573.0782
2026-08-18 19:31:37.544,30574.1893
2026-08-18 19:31:37.957,30577.9654
2026-08-18 19:31:38.369,30582.5457
2026-08-18 19:31:38.783,30587.1702
2026-08-18 19:31:39.250,30592.588
2026-08-18 19:31:39.676,30597.1576
2026-08-18 19:31:40.089,30601.3715
2026-08-18 19:31:40.515,30604.7675
2026-08-18 19:31:40.928,30607.8093
2026-08-18 19:31:41.341,30610.5562
2026-08-18 19:31:41.755,30613.6
