Address,GPIB0::22::INSTR
Model,34461A
Serial Number:,MY60051737
Firmware Version,A.03.03-03.15-03.03-00.52-04-03
Start Time,2026-08-18 20:23:31.249
Stop Time,2026-08-18 20:48:57.080
,
Time (s),Channel 1 (Ω)
2026-08-18 20:23:31.737,29751.4675
2026-08-18 20:23:32.218,29751.299
2026-08-18 20:23:32.630,29758.2516
2026-08-18 20:23:33.043,29764.4978
2026-08-18 20:23:33.457,29766.2821
2026-08-18 20:23:33.869,29767.2041
2026-08-18 20:23:34.281,29763.6121
2026-08-18 20:23:34.695,29763.3808
2026-08-18 20:23:35.109,29763.0906
2026-08-18 20:23:35.532,29763.9519
2026-08-18 20:23:35.945,29762.9721
2026-08-18 20:23:36.374,29763.443
2026-08-18 20:23:36.786,29765.4458
2026-08-18 20:23:37.220,29767.9466
2026-08-18 20:23:37.646,29770.747
2026-08-18 20:23:38.057,29773.6047
2026-08-18 20:23:38.486,29777.0001
2026-08-18 20:23:38.903,29780.3365
2026-08-18 20:23:39.330,29783.3312
2026-08-18 20:23:39.742,29786.1632
2026-08-18 20:23:40.155,29789.2987
2026-08-18 20:23:40.567,29792.6951
2026-08-18 20:23:40.984,29796.4431
2026-08-18 20:23:41.397,29800.1577
2026-08-18 20:23:41.808,29804.0856
2026-08-18 20:23:42.233,29808.2914
2026-08-18 20:23:42.645,29812.25
2026-08-18 20:23:43.059,29815.5879
2026-08-18 20:23:43.483,29819.2026
2026-08-18 20:23:43.896,29823.1981
2026-08-18 20:23:44.361,29827.0869
2026-08-18 20:23:44.774,29830.3258
2026-08-18 20:23:45.205,29833.9902
2026-08-18 20:23:45.618,29837.6551
2026-08-18 20:23:46.036,29841.4302
2026-08-18 20:23:46.454,29845.2583
2026-08-18 20:23:46.880,29848.9348
2026-08-18 20:23:47.294,29852.4975
2026-08-18 20:23:47.706,29855.9402
2026-08-18 20:23:48.131,29859.2479
2026-08-18 20:23:48.562,29862.4609
2026-08-18 20:23:48.975,29865.5479
2026-08-18 20:23:49.394,29868.7709
2026-08-18 20:23:49.808,29872.2194
2026-08-18 20:23:50.221,29875.647
2026-08-18 20:23:50.700,29879.7422
2026-08-18 20:23:51.118,29883.4055
2026-08-18 20:23:51.535,29886.8804
2026-08-18 20:23:51.951,29890.5036
2026-08-18 20:23:52.378,29893.4101
2026-08-18 20:23:52.792,29896.7927
2026-08-18 20:23:53.206,29900.1687
2026-08-18 20:23:53.619,29903.5924
2026-08-18 20:23:54.030,29906.714
2026-08-18 20:23:54.494,29909.8846
2026-08-18 20:23:54.921,29913.3596
2026-08-18 20:23:55.337,29916.483
2026-08-18 20:23:55.749,29919.8832
2026-08-18 20:23:56.186,29923.6138
2026-08-18 20:23:56.599,29927.1087
2026-08-18 20:23:57.019,29930.4409
2026-08-18 20:23:57.433,29933.8915
2026-08-18 20:23:57.845,29937.3348
2026-08-18 20:23:58.272,29941.5741
2026-08-18 20:23:58.684,29945.6052
2026-08-18 20:23:59.105,29949.0369
2026-08-18 20:23:59.519,29952.5166
2026-08-18 20:23:59.932,29956.0436
2026-08-18 20:24:00.345,29959.7279
2026-08-18 20:24:00.757,29963.0514
2026-08-18 20:24:01.169,29966.1485
2026-08-18 20:24:01.633,29969.9235
2026-08-18 20:24:02.048,29973.3945
2026-08-18 20:24:02.515,29977.4766
2026-08-18 20:24:02.958,29981.2934
2026-08-18 20:24:03.380,29984.3801
2026-08-18 20:24:03.792,29987.5178
2026-08-18 20:24:04.215,29990.6678
2026-08-18 20:24:04.637,29993.9609
2026-08-18 20:24:05.050,29997.0629
2026-08-18 20:24:05.469,30000.9858
2026-08-18 20:24:05.891,30003.6835
2026-08-18 20:24:06.311,30005.4742
2026-08-18 20:24:06.734,30007.9437
2026-08-18 20:24:07.145,30010.5702
2026-08-18 20:24:07.560,30013.3307
2026-08-18 20:24:07.972,30015.9051
2026-08-18 20:24:08.395,30018.5925
2026-08-18 20:24:08.860,30021.6923
2026-08-18 20:24:09.286,30024.44
2026-08-18 20:24:09.698,30027.3699
2026-08-18 20:24:10.111,30030.2935
2026-08-18 20:24:10.550,30033.3316
2026-08-18 20:24:10.962,30036.3113
2026-08-18 20:24:11.375,30039.2188
2026-08-18 20:24:11.790,30042.356
2026-08-18 20:24:12.202,30045.524
2026-08-18 20:24:12.614,30048.754
2026-08-18 20:24:13.047,30051.9888
2026-08-18 20:24:13.461,30054.857
2026-08-18 20:24:13.887,30057.7097
2026-08-18 20:24:14.310,30060.6302
2026-08-18 20:24:14.723,30063.538
2026-08-18 20:24:15.149,30066.3334
2026-08-18 20:24:15.574,30069.3156
2026-08-18 20:24:15.987,30072.2053
2026-08-18 20:24:16.403,30075.2234
2026-08-18 20:24:16.815,30078.3298
2026-08-18 20:24:17.249,30081.4196
2026-08-18 20:24:17.662,30084.5207
2026-08-18 20:24:18.075,30087.176
2026-08-18 20:24:18.488,30089.7669
2026-08-18 20:24:18.900,30092.562
2026-08-18 20:24:19.363,30095.7328
2026-08-18 20:24:19.776,30099.1557
2026-08-18 20:24:20.201,30102.3674
2026-08-18 20:24:20.614,30105.5735
2026-08-18 20:24:21.031,30108.6907
2026-08-18 20:24:21.460,30111.7102
2026-08-18 20:24:21.902,30114.7983
2026-08-18 20:24:22.318,30117.9047
2026-08-18 20:24:22.732,30121.1415
2026-08-18 20:24:23.153,30124.2493
2026-08-18 20:24:23.583,30127.5117
2026-08-18 20:24:24.000,30130.5275
2026-08-18 20:24:24.421,30133.6134
2026-08-18 20:24:24.835,30136.7036
2026-08-18 20:24:25.246,30139.5847
2026-08-18 20:24:25.666,30142.3906
2026-08-18 20:24:26.080,30145.4051
2026-08-18 20:24:26.494,30148.4729
2026-08-18 20:24:26.906,30151.6322
2026-08-18 20:24:27.333,30154.9387
2026-08-18 20:24:27.774,30158.0204
2026-08-18 20:24:28.199,30161.2187
2026-08-18 20:24:28.613,30164.3747
2026-08-18 20:24:29.025,30167.2463
2026-08-18 20:24:29.450,30170.042
2026-08-18 20:24:29.880,30172.9069
2026-08-18 20:24:30.294,30175.7073
2026-08-18 20:24:30.716,30178.39
2026-08-18 20:24:31.144,30181.434
2026-08-18 20:24:31.562,30184.1781
2026-08-18 20:24:31.975,30186.8586
2026-08-18 20:24:32.387,30189.4503
2026-08-18 20:24:32.816,30192.1569
2026-08-18 20:24:33.229,30194.7291
2026-08-18 20:24:33.640,30197.1779
2026-08-18 20:24:34.053,30199.6264
2026-08-18 20:24:34.465,30202.0727
2026-08-18 20:24:34.902,30204.6653
2026-08-18 20:24:35.314,30207.5594
2026-08-18 20:24:35.728,30210.2045
2026-08-18 20:24:36.141,30212.8586
2026-08-18 20:24:36.555,30215.7144
2026-08-18 20:24:36.967,30218.4293
2026-08-18 20:24:37.383,30221.1289
2026-08-18 20:24:37.854,30223.9465
2026-08-18 20:24:38.266,30226.6885
2026-08-18 20:24:38.686,30229.0626
2026-08-18 20:24:39.104,30231.6088
2026-08-18 20:24:39.516,30234.09
2026-08-18 20:24:39.949,30236.342
2026-08-18 20:24:40.364,30238.6447
2026-08-18 20:24:40.776,30240.7982
2026-08-18 20:24:41.189,30243.1587
2026-08-18 20:24:41.651,30245.6294
2026-08-18 20:24:42.070,30248.4512
2026-08-18 20:24:42.497,30250.8442
2026-08-18 20:24:42.923,30253.1915
2026-08-18 20:24:43.342,30255.5463
2026-08-18 20:24:43.762,30258.0668
2026-08-18 20:24:44.190,30260.5171
2026-08-18 20:24:44.602,30263.1675
2026-08-18 20:24:45.029,30265.9929
2026-08-18 20:24:45.446,30268.5535
2026-08-18 20:24:45.860,30270.8127
2026-08-18 20:24:46.272,30273.0872
2026-08-18 20:24:46.712,30275.5911
2026-08-18 20:24:47.125,30278.1278
2026-08-18 20:24:47.539,30280.5105
2026-08-18 20:24:47.953,30283.5048
2026-08-18 20:24:48.372,30287.069
2026-08-18 20:24:48.785,30290.3608
2026-08-18 20:24:49.202,30293.6509
2026-08-18 20:24:49.626,30296.9396
2026-08-18 20:24:50.038,30300.5311
2026-08-18 20:24:50.477,30303.9304
2026-08-18 20:24:50.891,30307.4094
2026-08-18 20:24:51.315,30310.5961
2026-08-18 20:24:51.729,30313.8676
2026-08-18 20:24:52.141,30316.8232
2026-08-18 20:24:52.610,30319.8451
2026-08-18 20:24:53.023,30322.4765
2026-08-18 20:24:53.437,30325.4594
2026-08-18 20:24:53.853,30328.3574
2026-08-18 20:24:54.266,30331.1072
2026-08-18 20:24:54.695,30333.7866
2026-08-18 20:24:55.108,30336.6349
2026-08-18 20:24:55.520,30339.2655
2026-08-18 20:24:55.934,30341.848
2026-08-18 20:24:56.347,30344.4073
2026-08-18 20:24:56.761,30347.0374
2026-08-18 20:24:57.227,30349.9725
2026-08-18 20:24:57.654,30353.3152
2026-08-18 20:24:58.071,30355.9252
2026-08-18 20:24:58.492,30358.4214
2026-08-18 20:24:58.910,30360.9809
2026-08-18 20:24:59.322,30363.3746
2026-08-18 20:24:59.736,30365.7741
2026-08-18 20:25:00.154,30368.1814
2026-08-18 20:25:00.567,30370.6012
2026-08-18 20:25:00.981,30373.2111
2026-08-18 20:25:01.393,30376.0937
2026-08-18 20:25:01.835,30378.7538
2026-08-18 20:25:02.260,30381.4478
2026-08-18 20:25:02.673,30384.0175
2026-08-18 20:25:03.085,30386.3225
2026-08-18 20:25:03.498,30388.5911
2026-08-18 20:25:03.925,30390.9271
2026-08-18 20:25:04.338,30393.1837
2026-08-18 20:25:04.767,30395.2419
2026-08-18 20:25:05.178,30396.9656
2026-08-18 20:25:05.592,30398.6807
2026-08-18 20:25:06.016,30400.6551
2026-08-18 20:25:06.429,30402.9643
2026-08-18 20:25:06.871,30405.559
2026-08-18 20:25:07.294,30408.2425
2026-08-18 20:25:07.706,30410.5298
2026-08-18 20:25:08.132,30412.7359
2026-08-18 20:25:08.546,30415.4112
2026-08-18 20:25:08.971,30417.9547
2026-08-18 20:25:09.398,30420.4758
2026-08-18 20:25:09.811,30421.1199
2026-08-18 20:25:10.239,30421.1599
2026-08-18 20:25:10.651,30422.5677
2026-08-18 20:25:11.079,30424.6089
2026-08-18 20:25:11.501,30426.9026
2026-08-18 20:25:11.918,30429.0522
2026-08-18 20:25:12.343,30431.2911
2026-08-18 20:25:12.761,30433.6459
2026-08-18 20:25:13.174,30435.8619
2026-08-18 20:25:13.593,30438.0224
2026-08-18 20:25:14.007,30440.1493
2026-08-18 20:25:14.432,30442.1775
2026-08-18 20:25:14.845,30444.2439
2026-08-18 20:25:15.281,30446.4657
2026-08-18 20:25:15.693,30448.7172
2026-08-18 20:25:16.105,30450.7768
2026-08-18 20:25:16.519,30452.8957
2026-08-18 20:25:16.931,30455.0324
2026-08-18 20:25:17.343,30457.098
2026-08-18 20:25:17.762,30459.0612
2026-08-18 20:25:18.177,30461.0075
2026-08-18 20:25:18.590,30462.7884
2026-08-18 20:25:19.008,30464.6034
2026-08-18 20:25:19.421,30466.3648
2026-08-18 20:25:19.834,30468.1197
2026-08-18 20:25:20.247,30469.9165
2026-08-18 20:25:20.660,30471.6542
2026-08-18 20:25:21.085,30473.5681
2026-08-18 20:25:21.502,30475.5251
2026-08-18 20:25:21.922,30477.4111
2026-08-18 20:25:22.340,30479.0589
2026-08-18 20:25:22.755,30480.6069
2026-08-18 20:25:23.176,30482.1586
2026-08-18 20:25:23.588,30483.6897
2026-08-18 20:25:24.015,30485.4039
2026-08-18 20:25:24.427,30487.0143
2026-08-18 20:25:24.841,30488.7465
2026-08-18 20:25:25.253,30490.6694
2026-08-18 20:25:25.665,30492.6333
2026-08-18 20:25:26.079,30494.4112
2026-08-18 20:25:26.543,30499.8963
2026-08-18 20:25:26.967,30528.1455
2026-08-18 20:25:27.392,30567.3902
2026-08-18 20:25:27.804,30619.3681
2026-08-18 20:25:28.232,30691.6339
2026-08-18 20:25:28.666,30794.8149
2026-08-18 20:25:29.095,30933.2108
2026-08-18 20:25:29.507,31105.7919
2026-08-18 20:25:29.920,31297.9038
2026-08-18 20:25:30.346,31505.0389
2026-08-18 20:25:30.765,31728.8897
2026-08-18 20:25:31.179,31955.7039
2026-08-18 20:25:31.592,32184.9022
2026-08-18 20:25:32.006,32419.3709
2026-08-18 20:25:32.418,32657.9759
2026-08-18 20:25:32.832,32899.4798
2026-08-18 20:25:33.297,33146.5431
2026-08-18 20:25:33.740,33449.2342
2026-08-18 20:25:34.152,33702.7157
2026-08-18 20:25:34.574,33959.6823
2026-08-18 20:25:35.034,34225.1445
2026-08-18 20:25:35.453,34523.9777
2026-08-18 20:25:35.864,34787.8725
2026-08-18 20:25:36.278,35051.4239
2026-08-18 20:25:36.703,35322.2582
2026-08-18 20:25:37.117,35604.2622
2026-08-18 20:25:37.537,35632.2927
2026-08-18 20:25:37.961,35353.7864
2026-08-18 20:25:38.373,35076.0351
2026-08-18 20:25:38.786,34808.6485
2026-08-18 20:25:39.253,34544.0612
2026-08-18 20:25:39.672,34245.9951
2026-08-18 20:25:40.084,33988.5227
2026-08-18 20:25:40.496,33735.9026
2026-08-18 20:25:40.919,33486.3865
2026-08-18 20:25:41.331,33234.003
2026-08-18 20:25:41.775,32981.9516
2026-08-18 20:25:42.194,32731.9535
2026-08-18 20:25:42.611,32490.8662
2026-08-18 20:25:43.023,32254.6289
2026-08-18 20:25:43.435,32026.3235
2026-08-18 20:25:43.850,31802.7964
2026-08-18 20:25:44.262,31587.0878
2026-08-18 20:25:44.731,31385.6562
2026-08-18 20:25:45.175,31179.7432
2026-08-18 20:25:45.588,31056.2162
2026-08-18 20:25:46.022,30967.7292
2026-08-18 20:25:46.436,30906.4543
2026-08-18 20:25:46.878,30861.3995
2026-08-18 20:25:47.298,30824.9843
2026-08-18 20:25:47.710,30797.8467
2026-08-18 20:25:48.124,30780.2697
2026-08-18 20:25:48.587,30791.7535
2026-08-18 20:25:49.013,30816.0542
2026-08-18 20:25:49.440,30846.7488
2026-08-18 20:25:49.863,30890.2495
2026-08-18 20:25:50.278,30957.5636
2026-08-18 20:25:50.692,31059.5948
2026-08-18 20:25:51.123,31206.8473
2026-08-18 20:25:51.536,31394.6951
2026-08-18 20:25:51.963,31599.8971
2026-08-18 20:25:52.380,31824.6271
2026-08-18 20:25:52.795,32052.8906
2026-08-18 20:25:53.211,32285.3815
2026-08-18 20:25:53.624,32422.1757
2026-08-18 20:25:54.043,32214.1281
2026-08-18 20:25:54.471,31981.4193
2026-08-18 20:25:54.883,31749.9349
2026-08-18 20:25:55.310,31527.6691
2026-08-18 20:25:55.734,31329.022
2026-08-18 20:25:56.169,31155.2282
2026-08-18 20:25:56.582,31023.3545
2026-08-18 20:25:56.996,30938.6873
2026-08-18 20:25:57.423,30878.5629
2026-08-18 20:25:57.835,30837.3145
2026-08-18 20:25:58.281,30805.981
2026-08-18 20:25:58.704,30780.6435
2026-08-18 20:25:59.116,30775.7477
2026-08-18 20:25:59.529,30796.7524
2026-08-18 20:25:59.992,30824.0876
2026-08-18 20:26:00.407,30866.7935
2026-08-18 20:26:00.852,30928.4177
2026-08-18 20:26:01.332,31030.2859
2026-08-18 20:26:01.746,31165.8543
2026-08-18 20:26:02.168,31338.4369
2026-08-18 20:26:02.580,31541.3419
2026-08-18 20:26:02.991,31753.6451
2026-08-18 20:26:03.459,31975.5261
2026-08-18 20:26:03.889,32242.61
2026-08-18 20:26:04.302,32477.4049
2026-08-18 20:26:04.714,32715.1607
2026-08-18 20:26:05.126,32956.3748
2026-08-18 20:26:05.550,33201.6426
2026-08-18 20:26:05.979,33456.1022
2026-08-18 20:26:06.392,33717.2684
2026-08-18 20:26:06.820,33970.9249
2026-08-18 20:26:07.235,34237.91
2026-08-18 20:26:07.647,34499.8331
2026-08-18 20:26:08.060,34762.347
2026-08-18 20:26:08.474,35028.4955
2026-08-18 20:26:08.914,35299.0731
2026-08-18 20:26:09.327,35590.2321
2026-08-18 20:26:09.739,35821.573
2026-08-18 20:26:10.166,35629.1791
2026-08-18 20:26:10.584,35355.5115
2026-08-18 20:26:10.998,35079.7201
2026-08-18 20:26:11.417,34810.8026
2026-08-18 20:26:11.846,34541.688
2026-08-18 20:26:12.265,34267.2571
2026-08-18 20:26:12.676,34008.9922
2026-08-18 20:26:13.103,33755.0221
2026-08-18 20:26:13.519,33496.2049
2026-08-18 20:26:13.933,33246.019
2026-08-18 20:26:14.346,33000.5836
2026-08-18 20:26:14.773,32751.6979
2026-08-18 20:26:15.185,32515.1102
2026-08-18 20:26:15.607,32281.2297
2026-08-18 20:26:16.020,32048.1162
2026-08-18 20:26:16.436,31825.3433
2026-08-18 20:26:16.862,31611.2681
2026-08-18 20:26:17.276,31412.7599
2026-08-18 20:26:17.689,31257.9894
2026-08-18 20:26:18.116,31149.1083
2026-08-18 20:26:18.532,31073.0184
2026-08-18 20:26:18.944,31020.2122
2026-08-18 20:26:19.357,30981.1305
2026-08-18 20:26:19.770,30950.5979
2026-08-18 20:26:20.194,30926.551
2026-08-18 20:26:20.607,30911.6979
2026-08-18 20:26:21.019,30923.9395
2026-08-18 20:26:21.433,30942.407
2026-08-18 20:26:21.847,30968.1237
2026-08-18 20:26:22.276,31005.8774
2026-08-18 20:26:22.778,31080.5818
2026-08-18 20:26:23.241,31196.4744
2026-08-18 20:26:23.653,31347.0836
2026-08-18 20:26:24.068,31533.0811
2026-08-18 20:26:24.482,31740.6614
2026-08-18 20:26:24.896,31960.4164
2026-08-18 20:26:25.324,32195.9008
2026-08-18 20:26:25.769,32427.1573
2026-08-18 20:26:26.185,32471.9574
2026-08-18 20:26:26.613,32237.0355
2026-08-18 20:26:27.026,32001.0694
2026-08-18 20:26:27.439,31778.7788
2026-08-18 20:26:27.915,31540.8969
2026-08-18 20:26:28.328,31348.5164
2026-08-18 20:26:28.740,31199.0443
2026-08-18 20:26:29.154,31094.8631
2026-08-18 20:26:29.581,31024.9693
2026-08-18 20:26:30.004,30974.8739
2026-08-18 20:26:30.511,30933.1861
2026-08-18 20:26:30.976,30904.7154
2026-08-18 20:26:31.392,30888.3276
2026-08-18 20:26:31.808,30886.8533
2026-08-18 20:26:32.220,30885.7266
2026-08-18 20:26:32.633,30885.495
2026-08-18 20:26:33.060,30885.3323
2026-08-18 20:26:33.523,30883.8262
2026-08-18 20:26:33.937,30882.1176
2026-08-18 20:26:34.349,30880.8701
2026-08-18 20:26:34.763,30879.9475
2026-08-18 20:26:35.180,30879.1432
2026-08-18 20:26:35.596,30878.445
2026-08-18 20:26:36.010,30877.794
2026-08-18 20:26:36.444,30879.9341
2026-08-18 20:26:36.872,30901.2216
2026-08-18 20:26:37.285,30929.8732
2026-08-18 20:26:37.698,30966.5516
2026-08-18 20:26:38.127,31019.674
2026-08-18 20:26:38.566,31095.0371
2026-08-18 20:26:38.999,31218.521
2026-08-18 20:26:39.412,31375.6774
2026-08-18 20:26:39.829,31562.7807
2026-08-18 20:26:40.241,31772.2159
2026-08-18 20:26:40.655,31990.7768
2026-08-18 20:26:41.069,32217.4992
2026-08-18 20:26:41.512,32448.5726
2026-08-18 20:26:41.945,32709.6287
2026-08-18 20:26:42.357,32951.9456
2026-08-18 20:26:42.770,33194.3872
2026-08-18 20:26:43.188,33441.3055
2026-08-18 20:26:43.600,33693.6894
2026-08-18 20:26:44.015,33945.8807
2026-08-18 20:26:44.458,34202.9791
2026-08-18 20:26:44.883,34490.7085
2026-08-18 20:26:45.310,34753.347
2026-08-18 20:26:45.726,35028.6559
2026-08-18 20:26:46.139,35300.4265
2026-08-18 20:26:46.574,35573.6525
2026-08-18 20:26:46.986,35863.5597
2026-08-18 20:26:47.400,35892.2901
2026-08-18 20:26:47.819,35614.7612
2026-08-18 20:26:48.232,35336.7349
2026-08-18 20:26:48.655,35065.4245
2026-08-18 20:26:49.073,34791.4181
2026-08-18 20:26:49.488,34524.1246
2026-08-18 20:26:49.901,34261.9739
2026-08-18 20:26:50.315,34004.3622
2026-08-18 20:26:50.727,33750.2608
2026-08-18 20:26:51.160,33499.9798
2026-08-18 20:26:51.572,33240.594
2026-08-18 20:26:51.999,32996.0874
2026-08-18 20:26:52.419,32747.982
2026-08-18 20:26:52.846,32507.5128
2026-08-18 20:26:53.260,32267.0537
2026-08-18 20:26:53.677,32040.44
2026-08-18 20:26:54.104,31819.4659
2026-08-18 20:26:54.592,31575.231
2026-08-18 20:26:55.003,31409.116
2026-08-18 20:26:55.423,31289.8085
2026-08-18 20:26:55.835,31207.625
2026-08-18 20:26:56.263,31148.9998
2026-08-18 20:26:56.734,31101.3153
2026-08-18 20:26:57.157,31069.5362
2026-08-18 20:26:57.575,31043.5224
2026-08-18 20:26:57.992,31025.8083
2026-08-18 20:26:58.409,31034.7773
2026-08-18 20:26:58.821,31051.4794
2026-08-18 20:26:59.251,31074.3935
2026-08-18 20:26:59.664,31109.64
2026-08-18 20:27:00.090,31162.2389
2026-08-18 20:27:00.505,31248.0631
2026-08-18 20:27:00.967,31375.9846
2026-08-18 20:27:01.395,31575.1982
2026-08-18 20:27:01.808,31776.5238
2026-08-18 20:27:02.221,31991.9764
2026-08-18 20:27:02.647,32216.1373
2026-08-18 20:27:03.061,32453.015
2026-08-18 20:27:03.496,32602.5754
2026-08-18 20:27:03.910,32388.8115
2026-08-18 20:27:04.323,32157.0707
2026-08-18 20:27:04.742,31930.5042
2026-08-18 20:27:05.154,31710.7211
2026-08-18 20:27:05.567,31510.6874
2026-08-18 20:27:05.986,31341.9799
2026-08-18 20:27:06.413,31217.3313
2026-08-18 20:27:06.898,31121.8748
2026-08-18 20:27:07.314,31069.1223
2026-08-18 20:27:07.728,31030.7579
2026-08-18 20:27:08.155,31001.9842
2026-08-18 20:27:08.570,30978.8182
2026-08-18 20:27:08.995,30973.4827
2026-08-18 20:27:09.411,30992.5745
2026-08-18 20:27:09.838,31016.8137
2026-08-18 20:27:10.255,31051.18
2026-08-18 20:27:10.669,31099.9848
2026-08-18 20:27:11.131,31173.9837
2026-08-18 20:27:11.551,31303.6513
2026-08-18 20:27:11.963,31464.6446
2026-08-18 20:27:12.392,31655.9937
2026-08-18 20:27:12.804,31873.529
2026-08-18 20:27:13.230,32100.9453
2026-08-18 20:27:13.652,32327.4579
2026-08-18 20:27:14.065,32563.3495
2026-08-18 20:27:14.508,32799.3044
2026-08-18 20:27:14.923,33056.3831
2026-08-18 20:27:15.335,33300.4033
2026-08-18 20:27:15.748,33546.2263
2026-08-18 20:27:16.231,33803.8715
2026-08-18 20:27:16.655,34094.1558
2026-08-18 20:27:17.082,34354.6917
2026-08-18 20:27:17.495,34622.545
2026-08-18 20:27:17.906,34885.2671
2026-08-18 20:27:18.327,35150.0065
2026-08-18 20:27:18.749,35424.0862
2026-08-18 20:27:19.170,35701.8086
2026-08-18 20:27:19.585,35953.387
2026-08-18 20:27:19.997,35795.2159
2026-08-18 20:27:20.426,35510.1087
2026-08-18 20:27:20.865,35235.1224
2026-08-18 20:27:21.291,34947.9453
2026-08-18 20:27:21.708,34672.5773
2026-08-18 20:27:22.121,34407.4516
2026-08-18 20:27:22.534,34148.4684
2026-08-18 20:27:22.976,33892.0548
2026-08-18 20:27:23.390,33621.2054
2026-08-18 20:27:23.815,33371.1305
2026-08-18 20:27:24.228,33117.4821
2026-08-18 20:27:24.655,32866.0654
2026-08-18 20:27:25.068,32627.4474
2026-08-18 20:27:25.521,32374.6116
2026-08-18 20:27:25.938,32140.0918
2026-08-18 20:27:26.352,31914.2826
2026-08-18 20:27:26.765,31701.4308
2026-08-18 20:27:27.179,31512.2778
2026-08-18 20:27:27.658,31348.4699
2026-08-18 20:27:28.083,31249.7708
2026-08-18 20:27:28.497,31183.1076
2026-08-18 20:27:28.928,31133.967
2026-08-18 20:27:29.374,31097.9982
2026-08-18 20:27:29.787,31067.1467
2026-08-18 20:27:30.200,31044.4364
2026-08-18 20:27:30.613,31037.4533
2026-08-18 20:27:31.040,31050.3366
2026-08-18 20:27:31.456,31068.2335
2026-08-18 20:27:31.935,31097.2562
2026-08-18 20:27:32.349,31138.8384
2026-08-18 20:27:32.763,31203.1189
2026-08-18 20:27:33.189,31305.3567
2026-08-18 20:27:33.602,31458.6192
2026-08-18 20:27:34.016,31644.0732
2026-08-18 20:27:34.438,31850.6776
2026-08-18 20:27:34.862,32073.4045
2026-08-18 20:27:35.275,32304.3091
2026-08-18 20:27:35.687,32534.1693
2026-08-18 20:27:36.105,32506.7157
2026-08-18 20:27:36.529,32269.3324
2026-08-18 20:27:36.943,32033.4089
2026-08-18 20:27:37.380,31809.978
2026-08-18 20:27:37.792,31587.6315
2026-08-18 20:27:38.225,31395.35
2026-08-18 20:27:38.643,31249.2459
2026-08-18 20:27:39.057,31150.5163
2026-08-18 20:27:39.504,31084.882
2026-08-18 20:27:39.916,31035.4357
2026-08-18 20:27:40.338,31001.4356
2026-08-18 20:27:40.751,30974.7646
2026-08-18 20:27:41.165,30954.6094
2026-08-18 20:27:41.591,30948.9972
2026-08-18 20:27:42.096,30944.8928
2026-08-18 20:27:42.560,30941.9648
2026-08-18 20:27:42.978,30939.4529
2026-08-18 20:27:43.391,30935.9341
2026-08-18 20:27:43.804,30932.7498
2026-08-18 20:27:44.230,30929.305
2026-08-18 20:27:44.651,30926.3703
2026-08-18 20:27:45.117,30922.8649
2026-08-18 20:27:45.529,30919.8285
2026-08-18 20:27:45.954,30916.9825
2026-08-18 20:27:46.368,30919.0997
2026-08-18 20:27:46.782,30937.8091
2026-08-18 20:27:47.193,30962.9181
2026-08-18 20:27:47.606,30995.8262
2026-08-18 20:27:48.018,31042.9327
2026-08-18 20:27:48.462,31119.1088
2026-08-18 20:27:48.875,31226.549
2026-08-18 20:27:49.301,31374.9416
2026-08-18 20:27:49.724,31563.5219
2026-08-18 20:27:50.185,31796.7866
2026-08-18 20:27:50.598,32013.6058
2026-08-18 20:27:51.018,32237.2451
2026-08-18 20:27:51.432,32469.0043
2026-08-18 20:27:51.844,32702.2104
2026-08-18 20:27:52.272,32947.0889
2026-08-18 20:27:52.683,33187.1898
2026-08-18 20:27:53.109,33430.2984
2026-08-18 20:27:53.521,33683.7383
2026-08-18 20:27:53.946,33932.601
2026-08-18 20:27:54.364,34193.2695
2026-08-18 20:27:54.776,34452.7557
2026-08-18 20:27:55.201,34711.5548
2026-08-18 20:27:55.612,34981.5309
2026-08-18 20:27:56.038,35246.5383
2026-08-18 20:27:56.451,35524.2755
2026-08-18 20:27:56.863,35795.8
2026-08-18 20:27:57.279,35816.1191
2026-08-18 20:27:57.694,35537.0879
2026-08-18 20:27:58.112,35258.2121
2026-08-18 20:27:58.536,34987.8518
2026-08-18 20:27:58.955,34710.5085
2026-08-18 20:27:59.379,34447.6796
2026-08-18 20:27:59.792,34181.2841
2026-08-18 20:28:00.224,33916.6696
2026-08-18 20:28:00.650,33661.2316
2026-08-18 20:28:01.065,33403.9673
2026-08-18 20:28:01.483,33154.0409
2026-08-18 20:28:01.897,32911.1075
2026-08-18 20:28:02.314,32671.5613
2026-08-18 20:28:02.726,32433.5362
2026-08-18 20:28:03.140,32202.8975
2026-08-18 20:28:03.601,31976.8645
2026-08-18 20:28:04.015,31734.2284
2026-08-18 20:28:04.445,31533.7691
2026-08-18 20:28:04.857,31361.3125
2026-08-18 20:28:05.271,31244.1302
2026-08-18 20:28:05.685,31164.8118
2026-08-18 20:28:06.097,31108.8328
2026-08-18 20:28:06.523,31066.9177
2026-08-18 20:28:06.936,31033.1632
2026-08-18 20:28:07.381,31006.9905
2026-08-18 20:28:07.809,30985.2277
2026-08-18 20:28:08.221,30990.569
2026-08-18 20:28:08.635,31005.1741
2026-08-18 20:28:09.061,31025.3738
2026-08-18 20:28:09.478,31055.8659
2026-08-18 20:28:09.891,31101.6021
2026-08-18 20:28:10.303,31173.7443
2026-08-18 20:28:10.733,31288.7214
2026-08-18 20:28:11.148,31453.1784
2026-08-18 20:28:11.561,31646.0904
2026-08-18 20:28:11.975,31856.4337
2026-08-18 20:28:12.387,32077.9711
2026-08-18 20:28:12.814,32304.2886
2026-08-18 20:28:13.228,32528.073
2026-08-18 20:28:13.641,32412.8122
2026-08-18 20:28:14.053,32181.1711
2026-08-18 20:28:14.478,31954.7175
2026-08-18 20:28:14.893,31728.3564
2026-08-18 20:28:15.307,31521.0146
2026-08-18 20:28:15.723,31340.0509
2026-08-18 20:28:16.138,31201.6348
2026-08-18 20:28:16.555,31108.7064
2026-08-18 20:28:16.969,31046.1096
2026-08-18 20:28:17.382,31002.2285
2026-08-18 20:28:17.800,30969.504
2026-08-18 20:28:18.216,30944.528
2026-08-18 20:28:18.631,30926.664
2026-08-18 20:28:19.050,30934.8345
2026-08-18 20:28:19.485,30954.7371
2026-08-18 20:28:19.911,30981.6448
2026-08-18 20:28:20.324,31018.8549
2026-08-18 20:28:20.736,31073.0013
2026-08-18 20:28:21.149,31156.7319
2026-08-18 20:28:21.564,31282.6716
2026-08-18 20:28:21.983,31453.3684
2026-08-18 20:28:22.430,31650.904
2026-08-18 20:28:22.841,31880.6445
2026-08-18 20:28:23.255,32102.5432
2026-08-18 20:28:23.669,32330.372
2026-08-18 20:28:24.093,32563.3539
2026-08-18 20:28:24.506,32806.3554
2026-08-18 20:28:25.019,33096.2669
2026-08-18 20:28:25.432,33349.0553
2026-08-18 20:28:25.845,33596.0258
2026-08-18 20:28:26.257,33846.7119
2026-08-18 20:28:26.671,34101.5233
2026-08-18 20:28:27.136,34392.1657
2026-08-18 20:28:27.548,34653.4991
2026-08-18 20:28:27.961,34917.3004
2026-08-18 20:28:28.386,35184.7061
2026-08-18 20:28:28.798,35464.4442
2026-08-18 20:28:29.211,35737.2373
2026-08-18 20:28:29.629,35886.8201
2026-08-18 20:28:30.042,35633.7293
2026-08-18 20:28:30.457,35360.3961
2026-08-18 20:28:30.871,35088.9043
2026-08-18 20:28:31.287,34821.2441
2026-08-18 20:28:31.702,34555.0327
2026-08-18 20:28:32.119,34293.9906
2026-08-18 20:28:32.546,34035.2957
2026-08-18 20:28:33.034,33728.542
2026-08-18 20:28:33.447,33478.7773
2026-08-18 20:28:33.860,33231.5591
2026-08-18 20:28:34.273,32987.2336
2026-08-18 20:28:34.700,32746.7519
2026-08-18 20:28:35.192,32456.5043
2026-08-18 20:28:35.665,32225.177
2026-08-18 20:28:36.083,31964.0366
2026-08-18 20:28:36.496,31747.114
2026-08-18 20:28:36.910,31548.2445
2026-08-18 20:28:37.337,31384.9969
2026-08-18 20:28:37.751,31267.1894
2026-08-18 20:28:38.196,31191.9742
2026-08-18 20:28:38.609,31136.3295
2026-08-18 20:28:39.036,31097.7907
2026-08-18 20:28:39.449,31066.6669
2026-08-18 20:28:39.860,31042.7457
2026-08-18 20:28:40.323,31024.0529
2026-08-18 20:28:40.735,31032.6773
2026-08-18 20:28:41.149,31047.9216
2026-08-18 20:28:41.562,31068.8066
2026-08-18 20:28:41.976,31099.4551
2026-08-18 20:28:42.403,31148.5351
2026-08-18 20:28:42.815,31223.9454
2026-08-18 20:28:43.255,31341.7757
2026-08-18 20:28:43.668,31516.9824
2026-08-18 20:28:44.096,31720.5524
2026-08-18 20:28:44.509,31934.5865
2026-08-18 20:28:44.973,32158.186
2026-08-18 20:28:45.390,32418.7024
2026-08-18 20:28:45.819,32571.2724
2026-08-18 20:28:46.238,32365.9831
2026-08-18 20:28:46.663,32130.5473
2026-08-18 20:28:47.157,31853.8519
2026-08-18 20:28:47.570,31639.2763
2026-08-18 20:28:47.983,31445.3134
2026-08-18 20:28:48.401,31286.7762
2026-08-18 20:28:48.867,31167.2397
2026-08-18 20:28:49.294,31096.8554
2026-08-18 20:28:49.719,31050.4906
2026-08-18 20:28:50.135,31015.2991
2026-08-18 20:28:50.549,30988.7764
2026-08-18 20:28:50.984,30968.2368
2026-08-18 20:28:51.408,30960.0605
2026-08-18 20:28:51.824,30957.8405
2026-08-18 20:28:52.237,30955.002
2026-08-18 20:28:52.672,30953.1267
2026-08-18 20:28:53.106,30950.6666
2026-08-18 20:28:53.518,30947.5909
2026-08-18 20:28:53.930,30945.0436
2026-08-18 20:28:54.342,30942.5504
2026-08-18 20:28:54.762,30940.1566
2026-08-18 20:28:55.178,30937.8889
2026-08-18 20:28:55.590,30935.9762
2026-08-18 20:28:56.004,30933.9306
2026-08-18 20:28:56.418,30943.8785
2026-08-18 20:28:56.882,30968.4346
2026-08-18 20:28:57.301,30997.1608
2026-08-18 20:28:57.718,31037.0468
2026-08-18 20:28:58.138,31094.2527
2026-08-18 20:28:58.551,31181.351
2026-08-18 20:28:58.963,31306.9662
2026-08-18 20:28:59.375,31472.1794
2026-08-18 20:28:59.819,31672.9163
2026-08-18 20:29:00.246,31900.8196
2026-08-18 20:29:00.659,32122.3313
2026-08-18 20:29:01.072,32350.2998
2026-08-18 20:29:01.484,32582.7807
2026-08-18 20:29:01.944,32846.4062
2026-08-18 20:29:02.357,33087.4183
2026-08-18 20:29:02.769,33331.12
2026-08-18 20:29:03.182,33578.248
2026-08-18 20:29:03.594,33828.8047
2026-08-18 20:29:04.008,34082.1502
2026-08-18 20:29:04.426,34342.9099
2026-08-18 20:29:04.838,34602.701
2026-08-18 20:29:05.251,34865.5778
2026-08-18 20:29:05.668,35133.8982
2026-08-18 20:29:06.080,35402.2693
2026-08-18 20:29:06.491,35674.0083
2026-08-18 20:29:06.910,35923.2982
2026-08-18 20:29:07.336,35769.4509
2026-08-18 20:29:07.795,35451.4268
2026-08-18 20:29:08.210,35176.0852
2026-08-18 20:29:08.621,34902.8166
2026-08-18 20:29:09.037,34635.5215
2026-08-18 20:29:09.449,34369.3913
2026-08-18 20:29:09.866,34108.1995
2026-08-18 20:29:10.279,33848.3078
2026-08-18 20:29:10.759,33561.8438
2026-08-18 20:29:11.174,33303.3045
2026-08-18 20:29:11.587,33055.0409
2026-08-18 20:29:12.000,32812.4639
2026-08-18 20:29:12.424,32572.5032
2026-08-18 20:29:12.855,32330.6883
2026-08-18 20:29:13.268,32089.9718
2026-08-18 20:29:13.682,31865.703
2026-08-18 20:29:14.098,31653.1589
2026-08-18 20:29:14.526,31463.7243
2026-08-18 20:29:14.942,31314.7118
2026-08-18 20:29:15.357,31217.4568
2026-08-18 20:29:15.769,31151.6554
2026-08-18 20:29:16.184,31103.9636
2026-08-18 20:29:16.606,31067.4146
2026-08-18 20:29:17.028,31037.9002
2026-08-18 20:29:17.442,31013.8953
2026-08-18 20:29:17.854,31001.1487
2026-08-18 20:29:18.275,31011.9744
2026-08-18 20:29:18.735,31030.0682
2026-08-18 20:29:19.154,31053.4721
2026-08-18 20:29:19.567,31089.1258
2026-08-18 20:29:19.993,31146.2812
2026-08-18 20:29:20.406,31235.7095
2026-08-18 20:29:20.871,31391.6041
2026-08-18 20:29:21.292,31572.1454
2026-08-18 20:29:21.705,31780.6991
2026-08-18 20:29:22.121,31998.8511
2026-08-18 20:29:22.582,32226.662
2026-08-18 20:29:23.000,32487.6042
2026-08-18 20:29:23.417,32475.9804
2026-08-18 20:29:23.832,32236.7762
2026-08-18 20:29:24.248,32004.8008
2026-08-18 20:29:24.709,31778.0561
2026-08-18 20:29:25.127,31539.0408
2026-08-18 20:29:25.540,31352.9602
2026-08-18 20:29:25.958,31209.4915
2026-08-18 20:29:26.370,31111.9266
2026-08-18 20:29:26.784,31047.5609
2026-08-18 20:29:27.226,31001.8034
2026-08-18 20:29:27.639,30965.535
2026-08-18 20:29:28.051,30939.0728
2026-08-18 20:29:28.467,30918.5729
2026-08-18 20:29:28.882,30922.9343
2026-08-18 20:29:29.294,30940.7404
2026-08-18 20:29:29.708,30964.1525
2026-08-18 20:29:30.120,30997.5051
2026-08-18 20:29:30.543,31047.0463
2026-08-18 20:29:30.960,31123.4074
2026-08-18 20:29:31.377,31241.0895
2026-08-18 20:29:31.791,31403.728
2026-08-18 20:29:32.219,31604.1639
2026-08-18 20:29:32.633,31816.3099
2026-08-18 20:29:33.049,32038.5135
2026-08-18 20:29:33.476,32268.1837
2026-08-18 20:29:33.894,32507.8744
2026-08-18 20:29:34.320,32747.5809
2026-08-18 20:29:34.733,32995.1747
2026-08-18 20:29:35.149,33238.5986
2026-08-18 20:29:35.577,33486.9275
2026-08-18 20:29:35.990,33744.3083
2026-08-18 20:29:36.401,33997.5
2026-08-18 20:29:36.836,34254.0496
2026-08-18 20:29:37.259,34526.6278
2026-08-18 20:29:37.672,34796.3263
2026-08-18 20:29:38.086,35062.2285
2026-08-18 20:29:38.499,35331.3959
2026-08-18 20:29:38.911,35603.8093
2026-08-18 20:29:39.324,35859.6404
2026-08-18 20:29:39.735,35727.5683
2026-08-18 20:29:40.148,35450.5245
2026-08-18 20:29:40.566,35172.1707
2026-08-18 20:29:40.978,34898.9077
2026-08-18 20:29:41.398,34630.5828
2026-08-18 20:29:41.811,34359.7314
2026-08-18 20:29:42.235,34098.8745
2026-08-18 20:29:42.657,33833.3344
2026-08-18 20:29:43.071,33572.6796
2026-08-18 20:29:43.508,33320.9887
2026-08-18 20:29:43.921,33058.2437
2026-08-18 20:29:44.349,32813.6903
2026-08-18 20:29:44.763,32564.8777
2026-08-18 20:29:45.225,32327.0752
2026-08-18 20:29:45.642,32067.0111
2026-08-18 20:29:46.068,31839.0198
2026-08-18 20:29:46.480,31616.6353
2026-08-18 20:29:46.894,31425.4034
2026-08-18 20:29:47.306,31275.4437
2026-08-18 20:29:47.738,31171.2801
2026-08-18 20:29:48.156,31102.64
2026-08-18 20:29:48.579,31053.3521
2026-08-18 20:29:48.992,31015.2166
2026-08-18 20:29:49.419,30985.5477
2026-08-18 20:29:49.832,30961.0117
2026-08-18 20:29:50.248,30946.2287
2026-08-18 20:29:50.680,30955.6349
2026-08-18 20:29:51.094,30970.8682
2026-08-18 20:29:51.506,30991.6885
2026-08-18 20:29:51.919,31022.6492
2026-08-18 20:29:52.340,31070.9719
2026-08-18 20:29:52.803,31163.1126
2026-08-18 20:29:53.217,31292.9999
2026-08-18 20:29:53.651,31472.4589
2026-08-18 20:29:54.068,31676.3955
2026-08-18 20:29:54.485,31894.9383
2026-08-18 20:29:54.897,32121.1222
2026-08-18 20:29:55.320,32349.8011
2026-08-18 20:29:55.739,32459.4193
2026-08-18 20:29:56.152,32231.6635
2026-08-18 20:29:56.564,31998.3324
2026-08-18 20:29:56.977,31771.0978
2026-08-18 20:29:57.402,31553.6262
2026-08-18 20:29:57.875,31349.693
2026-08-18 20:29:58.324,31159.7988
2026-08-18 20:29:58.737,31057.2617
2026-08-18 20:29:59.150,30990.0893
2026-08-18 20:29:59.614,30943.0768
2026-08-18 20:30:00.031,30904.0574
2026-08-18 20:30:00.456,30877.9631
2026-08-18 20:30:00.869,30856.6876
2026-08-18 20:30:01.297,30849.1481
2026-08-18 20:30:01.722,30845.697
2026-08-18 20:30:02.136,30842.7695
2026-08-18 20:30:02.547,30840.2442
2026-08-18 20:30:02.963,30836.5026
2026-08-18 20:30:03.395,30832.0208
2026-08-18 20:30:03.808,30828.0898
2026-08-18 20:30:04.224,30824.5116
2026-08-18 20:30:04.649,30821.0661
2026-08-18 20:30:05.063,30817.5933
2026-08-18 20:30:05.479,30814.1692
2026-08-18 20:30:05.904,30811.2317
2026-08-18 20:30:06.331,30822.531
2026-08-18 20:30:06.754,30843.4932
2026-08-18 20:30:07.167,30871.3022
2026-08-18 20:30:07.580,30908.6859
2026-08-18 20:30:08.026,30963.8312
2026-08-18 20:30:08.453,31055.0319
2026-08-18 20:30:08.867,31185.8626
2026-08-18 20:30:09.279,31353.6792
2026-08-18 20:30:09.741,31548.6274
2026-08-18 20:30:10.159,31788.9765
2026-08-18 20:30:10.586,32018.7166
2026-08-18 20:30:10.999,32246.5593
2026-08-18 20:30:11.411,32479.145
2026-08-18 20:30:11.872,32716.0999
2026-08-18 20:30:12.290,32987.7772
2026-08-18 20:30:12.715,33231.8853
2026-08-18 20:30:13.127,33485.8635
2026-08-18 20:30:13.554,33744.3888
2026-08-18 20:30:13.971,33998.6776
2026-08-18 20:30:14.387,34259.2061
2026-08-18 20:30:14.805,34522.0104
2026-08-18 20:30:15.219,34789.0793
2026-08-18 20:30:15.644,35057.3267
2026-08-18 20:30:16.062,35336.3354
2026-08-18 20:30:16.475,35613.0125
2026-08-18 20:30:16.892,35785.3048
2026-08-18 20:30:17.332,35540.6927
2026-08-18 20:30:17.750,35243.4968
2026-08-18 20:30:18.165,34964.9917
2026-08-18 20:30:18.586,34691.8664
2026-08-18 20:30:19.052,34417.9573
2026-08-18 20:30:19.471,34115.6821
2026-08-18 20:30:19.884,33853.5346
2026-08-18 20:30:20.310,33596.1864
2026-08-18 20:30:20.728,33333.7289
2026-08-18 20:30:21.143,33079.3359
2026-08-18 20:30:21.584,32830.0925
2026-08-18 20:30:22.014,32560.537
2026-08-18 20:30:22.427,32319.4095
2026-08-18 20:30:22.840,32083.4674
2026-08-18 20:30:23.302,31852.9458
2026-08-18 20:30:23.720,31602.2247
2026-08-18 20:30:24.147,31396.9443
2026-08-18 20:30:24.559,31220.8498
2026-08-18 20:30:24.986,31096.4264
2026-08-18 20:30:25.403,31016.7506
2026-08-18 20:30:25.822,30959.7095
2026-08-18 20:30:26.233,30916.7355
2026-08-18 20:30:26.646,30883.1637
2026-08-18 20:30:27.061,30856.309
2026-08-18 20:30:27.490,30833.9838
2026-08-18 20:30:27.950,30834.5882
2026-08-18 20:30:28.369,30847.4339
2026-08-18 20:30:28.783,30865.6307
2026-08-18 20:30:29.209,30892.0768
2026-08-18 20:30:29.629,30934.5052
2026-08-18 20:30:30.063,31002.6178
2026-08-18 20:30:30.475,31116.299
2026-08-18 20:30:30.897,31271.9758
2026-08-18 20:30:31.312,31466.1856
2026-08-18 20:30:31.726,31676.5189
2026-08-18 20:30:32.139,31897.6617
2026-08-18 20:30:32.567,32125.2014
2026-08-18 20:30:33.022,32349.9116
2026-08-18 20:30:33.445,32188.4173
2026-08-18 20:30:33.872,31947.6197
2026-08-18 20:30:34.286,31709.8341
2026-08-18 20:30:34.765,31457.2554
2026-08-18 20:30:35.190,31251.7068
2026-08-18 20:30:35.611,31079.8878
2026-08-18 20:30:36.025,30960.0696
2026-08-18 20:30:36.437,30882.3414
2026-08-18 20:30:36.855,30828.6354
2026-08-18 20:30:37.267,30788.6084
2026-08-18 20:30:37.681,30758.2047
2026-08-18 20:30:38.144,30732.1976
2026-08-18 20:30:38.557,30722.2932
2026-08-18 20:30:38.978,30737.4809
2026-08-18 20:30:39.390,30757.8888
2026-08-18 20:30:39.804,30785.1484
2026-08-18 20:30:40.273,30831.2999
2026-08-18 20:30:40.687,30896.1976
2026-08-18 20:30:41.099,30997.0841
2026-08-18 20:30:41.513,31142.527
2026-08-18 20:30:41.933,31325.7305
2026-08-18 20:30:42.350,31534.9042
2026-08-18 20:30:42.826,31783.2503
2026-08-18 20:30:43.238,32015.3728
2026-08-18 20:30:43.663,32245.3746
2026-08-18 20:30:44.082,32487.4581
2026-08-18 20:30:44.495,32729.1624
2026-08-18 20:30:44.923,32972.124
2026-08-18 20:30:45.351,33228.2736
2026-08-18 20:30:45.764,33485.6579
2026-08-18 20:30:46.176,33737.5242
2026-08-18 20:30:46.599,33992.6162
2026-08-18 20:30:47.012,34258.2296
2026-08-18 20:30:47.452,34519.788
2026-08-18 20:30:47.865,34803.2157
2026-08-18 20:30:48.291,35071.6616
2026-08-18 20:30:48.713,35352.3476
2026-08-18 20:30:49.139,35629.8029
2026-08-18 20:30:49.601,35514.4743
2026-08-18 20:30:50.015,35229.1911
2026-08-18 20:30:50.428,34952.1076
2026-08-18 20:30:50.850,34677.8504
2026-08-18 20:30:51.263,34400.7738
2026-08-18 20:30:51.704,34133.4038
2026-08-18 20:30:52.117,33851.7063
2026-08-18 20:30:52.530,33590.7802
2026-08-18 20:30:52.943,33334.8936
2026-08-18 20:30:53.360,33081.16
2026-08-18 20:30:53.773,32828.3499
2026-08-18 20:30:54.201,32572.4406
2026-08-18 20:30:54.640,32328.6695
2026-08-18 20:30:55.053,32074.2621
2026-08-18 20:30:55.479,31840.4999
2026-08-18 20:30:55.893,31604.78
2026-08-18 20:30:56.305,31386.9854
2026-08-18 20:30:56.721,31191.9197
2026-08-18 20:30:57.137,31036.644
2026-08-18 20:30:57.550,30931.366
2026-08-18 20:30:57.962,30861.1231
2026-08-18 20:30:58.381,30810.057
2026-08-18 20:30:58.793,30770.1317
2026-08-18 20:30:59.220,30738.7611
2026-08-18 20:30:59.646,30712.3885
2026-08-18 20:31:00.074,30693.5598
2026-08-18 20:31:00.501,30700.0206
2026-08-18 20:31:00.913,30713.0071
2026-08-18 20:31:01.340,30731.3514
2026-08-18 20:31:01.768,30760.3045
2026-08-18 20:31:02.180,30806.819
2026-08-18 20:31:02.619,30881.039
2026-08-18 20:31:03.032,31008.0428
2026-08-18 20:31:03.444,31173.8075
2026-08-18 20:31:03.857,31369.4058
2026-08-18 20:31:04.275,31581.8721
2026-08-18 20:31:04.701,31807.3912
2026-08-18 20:31:05.113,32042.5008
2026-08-18 20:31:05.532,32198.2397
2026-08-18 20:31:05.960,31994.6725
2026-08-18 20:31:06.373,31750.5024
2026-08-18 20:31:06.793,31520.2658
2026-08-18 20:31:07.206,31295.7724
2026-08-18 20:31:07.622,31093.7204
2026-08-18 20:31:08.034,30925.208
2026-08-18 20:31:08.448,30806.4232
2026-08-18 20:31:08.867,30726.7171
2026-08-18 20:31:09.292,30672.4073
2026-08-18 20:31:09.703,30631.4418
2026-08-18 20:31:10.115,30600.6672
2026-08-18 20:31:10.530,30576.0455
2026-08-18 20:31:10.954,30559.3403
2026-08-18 20:31:11.366,30554.6735
2026-08-18 20:31:11.809,30549.4105
2026-08-18 20:31:12.220,30545.041
2026-08-18 20:31:12.633,30539.9192
2026-08-18 20:31:13.047,30534.4072
2026-08-18 20:31:13.460,30528.7286
2026-08-18 20:31:13.880,30523.2652
2026-08-18 20:31:14.346,30517.1353
2026-08-18 20:31:14.771,30512.1308
2026-08-18 20:31:15.188,30506.8905
2026-08-18 20:31:15.601,30501.8995
2026-08-18 20:31:16.016,30502.6816
2026-08-18 20:31:16.441,30518.8293
2026-08-18 20:31:16.864,30541.0822
2026-08-18 20:31:17.285,30571.7543
2026-08-18 20:31:17.697,30616.4604
2026-08-18 20:31:18.110,30683.3883
2026-08-18 20:31:18.524,30785.8507
2026-08-18 20:31:18.936,30930.4195
2026-08-18 20:31:19.352,31110.1029
2026-08-18 20:31:19.828,31339.285
2026-08-18 20:31:20.241,31560.143
2026-08-18 20:31:20.654,31782.8598
2026-08-18 20:31:21.079,32010.2299
2026-08-18 20:31:21.492,32249.3759
2026-08-18 20:31:21.958,32515.3286
2026-08-18 20:31:22.374,32755.3256
2026-08-18 20:31:22.803,33001.3229
2026-08-18 20:31:23.216,33256.528
2026-08-18 20:31:23.629,33506.2086
2026-08-18 20:31:24.042,33759.2427
2026-08-18 20:31:24.454,34014.5889
2026-08-18 20:31:24.897,34281.242
2026-08-18 20:31:25.317,34553.8675
2026-08-18 20:31:25.731,34823.3745
2026-08-18 20:31:26.152,35092.0313
2026-08-18 20:31:26.564,35362.795
2026-08-18 20:31:26.999,35276.0711
2026-08-18 20:31:27.412,34978.5729
2026-08-18 20:31:27.828,34698.9315
2026-08-18 20:31:28.241,34420.7627
2026-08-18 20:31:28.655,34148.6789
2026-08-18 20:31:29.082,33878.8747
2026-08-18 20:31:29.563,33560.9692
2026-08-18 20:31:29.975,33299.9411
2026-08-18 20:31:30.387,33042.4926
2026-08-18 20:31:30.813,32780.2049
2026-08-18 20:31:31.245,32529.0764
2026-08-18 20:31:31.658,32269.8707
2026-08-18 20:31:32.073,32025.7047
2026-08-18 20:31:32.485,31785.1122
2026-08-18 20:31:32.897,31549.6451
2026-08-18 20:31:33.339,31320.7614
2026-08-18 20:31:33.767,31086.5922
2026-08-18 20:31:34.180,30885.8335
2026-08-18 20:31:34.594,30734.1926
2026-08-18 20:31:35.017,30629.9093
2026-08-18 20:31:35.448,30556.9902
2026-08-18 20:31:35.864,30502.9098
2026-08-18 20:31:36.278,30462.3353
2026-08-18 20:31:36.690,30429.5031
2026-08-18 20:31:37.118,30401.6554
2026-08-18 20:31:37.557,30383.5877
2026-08-18 20:31:37.969,30390.0699
2026-08-18 20:31:38.382,30401.5041
2026-08-18 20:31:38.795,30419.0995
2026-08-18 20:31:39.208,30446.5796
2026-08-18 20:31:39.669,30497.8803
2026-08-18 20:31:40.081,30575.9021
2026-08-18 20:31:40.492,30698.0359
2026-08-18 20:31:40.909,30863.6416
2026-08-18 20:31:41.322,31060.0459
2026-08-18 20:31:41.800,31297.7719
2026-08-18 20:31:42.215,31524.4231
2026-08-18 20:31:42.629,31750.7868
2026-08-18 20:31:43.055,31834.1057
2026-08-18 20:31:43.473,31595.0934
2026-08-18 20:31:43.897,31357.581
2026-08-18 20:31:44.312,31122.5531
2026-08-18 20:31:44.728,30904.1373
2026-08-18 20:31:45.139,30706.1808
2026-08-18 20:31:45.564,30544.9371
2026-08-18 20:31:45.987,30436.7629
2026-08-18 20:31:46.415,30362.5461
2026-08-18 20:31:46.834,30309.4394
2026-08-18 20:31:47.247,30270.243
2026-08-18 20:31:47.673,30239.6036
2026-08-18 20:31:48.091,30214.254
2026-08-18 20:31:48.509,30207.4952
2026-08-18 20:31:48.923,30221.0647
2026-08-18 20:31:49.335,30238.8104
2026-08-18 20:31:49.762,30264.4106
2026-08-18 20:31:50.218,30310.1744
2026-08-18 20:31:50.638,30375.6301
2026-08-18 20:31:51.051,30481.673
2026-08-18 20:31:51.478,30636.6153
2026-08-18 20:31:51.897,30820.0341
2026-08-18 20:31:52.324,31029.8643
2026-08-18 20:31:52.750,31249.6375
2026-08-18 20:31:53.161,31476.6972
2026-08-18 20:31:53.574,31702.0415
2026-08-18 20:31:53.997,31931.9958
2026-08-18 20:31:54.409,32171.4066
2026-08-18 20:31:54.842,32416.1113
2026-08-18 20:31:55.270,32660.3098
2026-08-18 20:31:55.683,32912.2232
2026-08-18 20:31:56.095,33158.3857
2026-08-18 20:31:56.508,33407.2599
2026-08-18 20:31:56.927,33660.2166
2026-08-18 20:31:57.340,33918.7922
2026-08-18 20:31:57.753,34176.6272
2026-08-18 20:31:58.215,34438.2446
2026-08-18 20:31:58.633,34737.8587
2026-08-18 20:31:59.047,34984.5737
2026-08-18 20:31:59.460,34839.2796
2026-08-18 20:31:59.873,34556.8698
2026-08-18 20:32:00.284,34278.6517
2026-08-18 20:32:00.720,34003.8807
2026-08-18 20:32:01.138,33717.5832
2026-08-18 20:32:01.563,33446.0003
2026-08-18 20:32:01.975,33173.6099
2026-08-18 20:32:02.388,32913.1289
2026-08-18 20:32:02.866,32623.0441
2026-08-18 20:32:03.278,32361.0762
2026-08-18 20:32:03.697,32110.3985
2026-08-18 20:32:04.109,31859.6736
2026-08-18 20:32:04.523,31616.5524
2026-08-18 20:32:04.944,31376.3469
2026-08-18 20:32:05.368,31136.6328
2026-08-18 20:32:05.781,30901.5226
2026-08-18 20:32:06.194,30684.2838
2026-08-18 20:32:06.631,30484.3884
2026-08-18 20:32:07.062,30331.8004
2026-08-18 20:32:07.476,30227.5104
2026-08-18 20:32:07.890,30159.3086
2026-08-18 20:32:08.303,30108.175
2026-08-18 20:32:08.715,30067.7349
2026-08-18 20:32:09.194,30029.9967
2026-08-18 20:32:09.611,30001.2085
2026-08-18 20:32:10.024,29984.48
2026-08-18 20:32:10.450,29989.8975
2026-08-18 20:32:10.874,29999.1394
2026-08-18 20:32:11.288,30015.241
2026-08-18 20:32:11.702,30041.4451
2026-08-18 20:32:12.114,30085.7397
2026-08-18 20:32:12.527,30160.2584
2026-08-18 20:32:12.941,30279.7257
2026-08-18 20:32:13.370,30442.8882
2026-08-18 20:32:13.788,30641.3982
2026-08-18 20:32:14.201,30851.1133
2026-08-18 20:32:14.627,31066.9208
2026-08-18 20:32:15.046,31294.9808
2026-08-18 20:32:15.469,31391.5959
2026-08-18 20:32:15.882,31158.1879
2026-08-18 20:32:16.303,30922.9416
2026-08-18 20:32:16.716,30688.5546
2026-08-18 20:32:17.145,30462.0534
2026-08-18 20:32:17.573,30263.8607
2026-08-18 20:32:17.991,30099.741
2026-08-18 20:32:18.404,29989.0919
2026-08-18 20:32:18.820,29915.1626
2026-08-18 20:32:19.232,29861.5613
2026-08-18 20:32:19.698,29816.5393
2026-08-18 20:32:20.110,29784.8116
2026-08-18 20:32:20.522,29758.7663
2026-08-18 20:32:20.949,29743.2632
2026-08-18 20:32:21.375,29734.6051
2026-08-18 20:32:21.798,29725.7717
2026-08-18 20:32:22.210,29717.6863
2026-08-18 20:32:22.630,29708.9976
2026-08-18 20:32:23.043,29699.5107
2026-08-18 20:32:23.456,29690.3851
2026-08-18 20:32:23.888,29681.0881
2026-08-18 20:32:24.303,29672.0491
2026-08-18 20:32:24.719,29663.4079
2026-08-18 20:32:25.135,29654.6934
2026-08-18 20:32:25.548,29646.144
2026-08-18 20:32:26.014,29648.4571
2026-08-18 20:32:26.425,29662.0177
2026-08-18 20:32:26.837,29681.1767
2026-08-18 20:32:27.251,29709.4388
2026-08-18 20:32:27.664,29753.1023
2026-08-18 20:32:28.125,29832.2559
2026-08-18 20:32:28.552,29943.1757
2026-08-18 20:32:28.964,30100.5809
2026-08-18 20:32:29.386,30282.418
2026-08-18 20:32:29.800,30486.5763
2026-08-18 20:32:30.226,30697.5117
2026-08-18 20:32:30.639,30920.6754
2026-08-18 20:32:31.051,31142.1134
2026-08-18 20:32:31.464,31367.3619
2026-08-18 20:32:31.876,31596.2403
2026-08-18 20:32:32.341,31857.7897
2026-08-18 20:32:32.754,32093.275
2026-08-18 20:32:33.168,32331.972
2026-08-18 20:32:33.582,32574.834
2026-08-18 20:32:34.043,32820.7546
2026-08-18 20:32:34.471,33101.3931
2026-08-18 20:32:34.883,33358.188
2026-08-18 20:32:35.296,33611.4572
2026-08-18 20:32:35.709,33868.5215
2026-08-18 20:32:36.132,34127.3828
2026-08-18 20:32:36.550,34345.9255
2026-08-18 20:32:36.974,34143.0283
2026-08-18 20:32:37.389,33853.445
2026-08-18 20:32:37.802,33574.3581
2026-08-18 20:32:38.216,33299.1005
2026-08-18 20:32:38.635,33027.6044
2026-08-18 20:32:39.049,32755.6171
2026-08-18 20:32:39.471,32490.839
2026-08-18 20:32:39.884,32224.4425
2026-08-18 20:32:40.307,31968.0704
2026-08-18 20:32:40.725,31708.5114
2026-08-18 20:32:41.143,31455.255
2026-08-18 20:32:41.574,31205.6297
2026-08-18 20:32:42.000,30952.6428
2026-08-18 20:32:42.412,30706.2002
2026-08-18 20:32:42.826,30472.7988
2026-08-18 20:32:43.289,30245.1599
2026-08-18 20:32:43.719,30001.2577
2026-08-18 20:32:44.133,29809.3346
2026-08-18 20:32:44.557,29667.8423
2026-08-18 20:32:44.983,29569.1343
2026-08-18 20:32:45.394,29499.6434
2026-08-18 20:32:45.816,29448.717
2026-08-18 20:32:46.233,29406.8451
2026-08-18 20:32:46.647,29372.6302
2026-08-18 20:32:47.061,29343.5642
2026-08-18 20:32:47.478,29325.6118
2026-08-18 20:32:47.892,29329.4734
2026-08-18 20:32:48.304,29336.9313
2026-08-18 20:32:48.716,29350.205
2026-08-18 20:32:49.149,29372.7633
2026-08-18 20:32:49.565,29412.3265
2026-08-18 20:32:49.992,29482.5836
2026-08-18 20:32:50.413,29600.295
2026-08-18 20:32:50.825,29761.3346
2026-08-18 20:32:51.238,29946.3946
2026-08-18 20:32:51.651,30147.0974
2026-08-18 20:32:52.094,30355.6585
2026-08-18 20:32:52.528,30592.7685
2026-08-18 20:32:52.943,30664.8876
2026-08-18 20:32:53.358,30429.7631
2026-08-18 20:32:53.785,30194.46
2026-08-18 20:32:54.202,29955.0472
2026-08-18 20:32:54.615,29738.0455
2026-08-18 20:32:55.027,29541.5045
2026-08-18 20:32:55.451,29383.3403
2026-08-18 20:32:55.867,29269.0766
2026-08-18 20:32:56.293,29192.3356
2026-08-18 20:32:56.704,29134.4326
2026-08-18 20:32:57.128,29090.4131
2026-08-18 20:32:57.544,29053.8861
2026-08-18 20:32:57.957,29024.4847
2026-08-18 20:32:58.371,29010.7592
2026-08-18 20:32:58.783,29018.0772
2026-08-18 20:32:59.214,29029.5998
2026-08-18 20:32:59.626,29049.469
2026-08-18 20:33:00.047,29081.052
2026-08-18 20:33:00.458,29135.3757
2026-08-18 20:33:00.871,29223.1974
2026-08-18 20:33:01.294,29354.9962
2026-08-18 20:33:01.785,29561.9044
2026-08-18 20:33:02.198,29752.6455
2026-08-18 20:33:02.610,29955.147
2026-08-18 20:33:03.022,30164.3304
2026-08-18 20:33:03.498,30403.9896
2026-08-18 20:33:03.910,30631.1541
2026-08-18 20:33:04.322,30853.3862
2026-08-18 20:33:04.745,31079.1342
2026-08-18 20:33:05.157,31312.8018
2026-08-18 20:33:05.573,31543.3014
2026-08-18 20:33:05.990,31778.7798
2026-08-18 20:33:06.404,32017.8137
2026-08-18 20:33:06.832,32267.5176
2026-08-18 20:33:07.256,32511.1976
2026-08-18 20:33:07.672,32763.1916
2026-08-18 20:33:08.086,33013.2446
2026-08-18 20:33:08.504,33263.7136
2026-08-18 20:33:08.918,33508.5597
2026-08-18 20:33:09.333,33389.4578
2026-08-18 20:33:09.760,33107.7501
2026-08-18 20:33:10.171,32821.8339
2026-08-18 20:33:10.584,32547.664
2026-08-18 20:33:11.026,32254.8518
2026-08-18 20:33:11.439,31986.557
2026-08-18 20:33:11.853,31721.6358
2026-08-18 20:33:12.265,31460.9097
2026-08-18 20:33:12.679,31204.7037
2026-08-18 20:33:13.106,30951.0409
2026-08-18 20:33:13.521,30692.0146
2026-08-18 20:33:13.938,30442.9274
2026-08-18 20:33:14.363,30202.3795
2026-08-18 20:33:14.776,29957.9221
2026-08-18 20:33:15.195,29725.7655
2026-08-18 20:33:15.622,29495.058
2026-08-18 20:33:16.038,29270.6618
2026-08-18 20:33:16.451,29072.834
2026-08-18 20:33:16.877,28916.9905
2026-08-18 20:33:17.291,28806.0667
2026-08-18 20:33:17.710,28731.9708
2026-08-18 20:33:18.123,28675.843
2026-08-18 20:33:18.542,28631.8085
2026-08-18 20:33:18.969,28593.1382
2026-08-18 20:33:19.392,28561.3602
2026-08-18 20:33:19.806,28535.6194
2026-08-18 20:33:20.242,28533.2203
2026-08-18 20:33:20.655,28537.1299
2026-08-18 20:33:21.079,28546.6532
2026-08-18 20:33:21.502,28564.9408
2026-08-18 20:33:21.917,28599.3611
2026-08-18 20:33:22.335,28659.772
2026-08-18 20:33:22.753,28762.4834
2026-08-18 20:33:23.167,28910.2742
2026-08-18 20:33:23.602,29094.4648
2026-08-18 20:33:24.019,29292.6204
2026-08-18 20:33:24.433,29499.1789
2026-08-18 20:33:24.853,29709.1753
2026-08-18 20:33:25.267,29862.9674
2026-08-18 20:33:25.696,29672.2876
2026-08-18 20:33:26.113,29431.8151
2026-08-18 20:33:26.525,29203.5986
2026-08-18 20:33:26.938,28986.758
2026-08-18 20:33:27.364,28787.3111
2026-08-18 20:33:27.839,28599.5419
2026-08-18 20:33:28.257,28483.113
2026-08-18 20:33:28.669,28405.8478
2026-08-18 20:33:29.085,28351.1816
2026-08-18 20:33:29.497,28308.6078
2026-08-18 20:33:29.925,28274.702
2026-08-18 20:33:30.345,28245.7709
2026-08-18 20:33:30.759,28225.682
2026-08-18 20:33:31.175,28215.749
2026-08-18 20:33:31.588,28204.5776
2026-08-18 20:33:32.063,28193.4374
2026-08-18 20:33:32.478,28183.1096
2026-08-18 20:33:32.892,28172.6154
2026-08-18 20:33:33.303,28161.8562
2026-08-18 20:33:33.729,28151.5839
2026-08-18 20:33:34.144,28140.9226
2026-08-18 20:33:34.557,28131.0901
2026-08-18 20:33:34.971,28121.503
2026-08-18 20:33:35.387,28112.0007
2026-08-18 20:33:35.799,28109.016
2026-08-18 20:33:36.262,28121.4562
2026-08-18 20:33:36.679,28138.0965
2026-08-18 20:33:37.091,28163.2694
2026-08-18 20:33:37.518,28201.822
2026-08-18 20:33:37.931,28265.6514
2026-08-18 20:33:38.371,28367.1517
2026-08-18 20:33:38.785,28511.1482
2026-08-18 20:33:39.204,28683.6169
2026-08-18 20:33:39.631,28877.3853
2026-08-18 20:33:40.042,29085.7582
2026-08-18 20:33:40.470,29301.3214
2026-08-18 20:33:40.895,29514.5014
2026-08-18 20:33:41.313,29739.2049
2026-08-18 20:33:41.727,29962.6963
2026-08-18 20:33:42.146,30187.4669
2026-08-18 20:33:42.574,30419.1878
2026-08-18 20:33:42.992,30658.6203
2026-08-18 20:33:43.405,30896.5334
2026-08-18 20:33:43.817,31133.7731
2026-08-18 20:33:44.230,31374.0069
2026-08-18 20:33:44.649,31617.3534
2026-08-18 20:33:45.140,31913.2234
2026-08-18 20:33:45.567,32163.5644
2026-08-18 20:33:45.984,32425.1841
2026-08-18 20:33:46.397,32656.3334
2026-08-18 20:33:46.825,32488.6052
2026-08-18 20:33:47.240,32215.698
2026-08-18 20:33:47.652,31945.3753
2026-08-18 20:33:48.079,31679.5717
2026-08-18 20:33:48.491,31408.6007
2026-08-18 20:33:48.921,31150.5048
2026-08-18 20:33:49.354,30876.3872
2026-08-18 20:33:49.767,30621.2492
2026-08-18 20:33:50.179,30373.1694
2026-08-18 20:33:50.607,30120.307
2026-08-18 20:33:51.039,29867.8101
2026-08-18 20:33:51.451,29629.3729
2026-08-18 20:33:51.870,29395.7185
2026-08-18 20:33:52.283,29162.5238
2026-08-18 20:33:52.695,28936.8283
2026-08-18 20:33:53.134,28717.3688
2026-08-18 20:33:53.561,28489.167
2026-08-18 20:33:53.974,28305.8194
2026-08-18 20:33:54.387,28165.311
2026-08-18 20:33:54.802,28069.2807
2026-08-18 20:33:55.230,28002.9404
2026-08-18 20:33:55.648,27952.5655
2026-08-18 20:33:56.059,27914.0292
2026-08-18 20:33:56.471,27882.5236
2026-08-18 20:33:56.936,27856.1386
2026-08-18 20:33:57.365,27837.7643
2026-08-18 20:33:57.779,27843.9156
2026-08-18 20:33:58.192,27853.9859
2026-08-18 20:33:58.605,27870.2692
2026-08-18 20:33:59.018,27896.4794
2026-08-18 20:33:59.445,27940.0916
2026-08-18 20:33:59.857,28015.9196
2026-08-18 20:34:00.272,28132.6267
2026-08-18 20:34:00.685,28292.4041
2026-08-18 20:34:01.099,28478.4135
2026-08-18 20:34:01.578,28706.9288
2026-08-18 20:34:01.995,28923.5795
2026-08-18 20:34:02.422,29141.4695
2026-08-18 20:34:02.833,29201.1881
2026-08-18 20:34:03.267,28968.0065
2026-08-18 20:34:03.693,28740.4211
2026-08-18 20:34:04.107,28515.7062
2026-08-18 20:34:04.520,28308.6729
2026-08-18 20:34:04.938,28123.477
2026-08-18 20:34:05.350,27975.9867
2026-08-18 20:34:05.777,27873.457
2026-08-18 20:34:06.200,27808.0001
2026-08-18 20:34:06.626,27760.5216
2026-08-18 20:34:07.048,27724.94
2026-08-18 20:34:07.465,27697.4337
2026-08-18 20:34:07.897,27675.8357
2026-08-18 20:34:08.310,27673.8997
2026-08-18 20:34:08.724,27688.128
2026-08-18 20:34:09.158,27707.7604
2026-08-18 20:34:09.586,27735.3545
2026-08-18 20:34:09.999,27777.7607
2026-08-18 20:34:10.414,27842.3005
2026-08-18 20:34:10.827,27944.611
2026-08-18 20:34:11.245,28089.6393
2026-08-18 20:34:11.658,28270.5877
2026-08-18 20:34:12.088,28467.5286
2026-08-18 20:34:12.502,28684.3556
2026-08-18 20:34:12.915,28899.332
2026-08-18 20:34:13.341,29126.2585
2026-08-18 20:34:13.755,29349.6833
2026-08-18 20:34:14.190,29585.5286
2026-08-18 20:34:14.603,29820.682
2026-08-18 20:34:15.015,30054.7365
2026-08-18 20:34:15.440,30291.0294
2026-08-18 20:34:15.852,30537.7848
2026-08-18 20:34:16.288,30780.5133
2026-08-18 20:34:16.703,31041.2067
2026-08-18 20:34:17.121,31291.6412
2026-08-18 20:34:17.533,31547.8547
2026-08-18 20:34:17.946,31803.4856
2026-08-18 20:34:18.358,32062.0077
2026-08-18 20:34:18.823,32331.6743
2026-08-18 20:34:19.236,32184.8163
2026-08-18 20:34:19.656,31916.3602
2026-08-18 20:34:20.078,31647.1967
2026-08-18 20:34:20.490,31379.5702
2026-08-18 20:34:20.918,31112.1782
2026-08-18 20:34:21.336,30854.6721
2026-08-18 20:34:21.761,30602.3797
2026-08-18 20:34:22.173,30346.6192
2026-08-18 20:34:22.585,30102.9635
2026-08-18 20:34:23.046,29861.991
2026-08-18 20:34:23.477,29593.3837
2026-08-18 20:34:23.892,29351.7142
2026-08-18 20:34:24.310,29120.3652
2026-08-18 20:34:24.722,28890.4285
2026-08-18 20:34:25.148,28661.443
2026-08-18 20:34:25.562,28445.0541
2026-08-18 20:34:25.976,28239.181
2026-08-18 20:34:26.388,28057.6704
2026-08-18 20:34:26.808,27919.5844
2026-08-18 20:34:27.220,27826.2053
2026-08-18 20:34:27.684,27758.3108
2026-08-18 20:34:28.097,27714.8804
2026-08-18 20:34:28.513,27681.1513
2026-08-18 20:34:28.940,27654.2441
2026-08-18 20:34:29.367,27631.7763
2026-08-18 20:34:29.780,27619.7566
2026-08-18 20:34:30.192,27629.2999
2026-08-18 20:34:30.617,27642.9223
2026-08-18 20:34:31.030,27663.3846
2026-08-18 20:34:31.444,27693.1357
2026-08-18 20:34:31.880,27739.7752
2026-08-18 20:34:32.292,27820.4964
2026-08-18 20:34:32.710,27941.0975
2026-08-18 20:34:33.136,28106.7698
2026-08-18 20:34:33.549,28305.2057
2026-08-18 20:34:34.025,28539.5359
2026-08-18 20:34:34.441,28761.1873
2026-08-18 20:34:34.859,28983.7545
2026-08-18 20:34:35.272,29035.4853
2026-08-18 20:34:35.684,28810.7655
2026-08-18 20:34:36.106,28588.4972
2026-08-18 20:34:36.522,28366.9987
2026-08-18 20:34:36.935,28160.7375
2026-08-18 20:34:37.348,27976.5571
2026-08-18 20:34:37.785,27827.7777
2026-08-18 20:34:38.210,27730.1497
2026-08-18 20:34:38.623,27666.5455
2026-08-18 20:34:39.037,27623.7068
2026-08-18 20:34:39.450,27592.5051
2026-08-18 20:34:39.871,27568.2194
2026-08-18 20:34:40.333,27547.0869
2026-08-18 20:34:40.758,27540.5957
2026-08-18 20:34:41.171,27538.5922
2026-08-18 20:34:41.600,27536.5984
2026-08-18 20:34:42.019,27534.9791
2026-08-18 20:34:42.443,27532.6172
2026-08-18 20:34:42.856,27530.3713
2026-08-18 20:34:43.278,27529.6327
2026-08-18 20:34:43.692,27528.0793
2026-08-18 20:34:44.105,27525.7914
2026-08-18 20:34:44.582,27523.8311
2026-08-18 20:34:45.009,27522.3607
2026-08-18 20:34:45.425,27521.0521
2026-08-18 20:34:45.838,27533.4436
2026-08-18 20:34:46.251,27554.1333
2026-08-18 20:34:46.666,27580.5878
2026-08-18 20:34:47.093,27616.7639
2026-08-18 20:34:47.520,27670.8936
2026-08-18 20:34:47.935,27753.5378
2026-08-18 20:34:48.352,27873.6117
2026-08-18 20:34:48.767,28034.2727
2026-08-18 20:34:49.181,28222.8265
2026-08-18 20:34:49.593,28426.9986
2026-08-18 20:34:50.022,28647.9247
2026-08-18 20:34:50.435,28868.192
2026-08-18 20:34:50.870,29092.1127
2026-08-18 20:34:51.296,29332.9424
2026-08-18 20:34:51.708,29571.9223
2026-08-18 20:34:52.120,29807.4117
2026-08-18 20:34:52.533,30045.9137
2026-08-18 20:34:52.993,30315.5193
2026-08-18 20:34:53.406,30560.7338
2026-08-18 20:34:53.820,30809.5627
2026-08-18 20:34:54.233,31061.7081
2026-08-18 20:34:54.646,31315.6062
2026-08-18 20:34:55.059,31573.1703
2026-08-18 20:34:55.555,31885.9091
2026-08-18 20:34:55.967,32151.1878
2026-08-18 20:34:56.386,32316.4859
2026-08-18 20:34:56.799,32080.3838
2026-08-18 20:34:57.212,31813.8598
2026-08-18 20:34:57.625,31549.6039
2026-08-18 20:34:58.060,31288.6272
2026-08-18 20:34:58.473,31017.6294
2026-08-18 20:34:58.898,30763.7518
2026-08-18 20:34:59.312,30507.5109
2026-08-18 20:34:59.726,30261.0865
2026-08-18 20:35:00.188,29989.4214
2026-08-18 20:35:00.601,29749.3564
2026-08-18 20:35:01.013,29512.5257
2026-08-18 20:35:01.440,29280.0969
2026-08-18 20:35:01.853,29042.5941
2026-08-18 20:35:02.286,28816.8537
2026-08-18 20:35:02.698,28585.4805
2026-08-18 20:35:03.126,28365.0807
2026-08-18 20:35:03.565,28160.1833
2026-08-18 20:35:03.979,27989.7582
2026-08-18 20:35:04.390,27871.3421
2026-08-18 20:35:04.808,27794.0919
2026-08-18 20:35:05.221,27740.4968
2026-08-18 20:35:05.633,27701.8721
2026-08-18 20:35:06.059,27671.3981
2026-08-18 20:35:06.494,27648.172
2026-08-18 20:35:06.921,27628.1927
2026-08-18 20:35:07.333,27626.8768
2026-08-18 20:35:07.759,27640.8022
2026-08-18 20:35:08.172,27659.3658
2026-08-18 20:35:08.603,27684.5532
2026-08-18 20:35:09.016,27723.3534
2026-08-18 20:35:09.444,27781.1279
2026-08-18 20:35:09.861,27876.8636
2026-08-18 20:35:10.274,28017.1619
2026-08-18 20:35:10.707,28194.4123
2026-08-18 20:35:11.119,28405.599
2026-08-18 20:35:11.532,28619.3502
2026-08-18 20:35:11.944,28840.4439
2026-08-18 20:35:12.357,29065.2977
2026-08-18 20:35:12.827,29051.2483
2026-08-18 20:35:13.271,28778.0159
2026-08-18 20:35:13.698,28557.2604
2026-08-18 20:35:14.114,28337.4863
2026-08-18 20:35:14.526,28137.4898
2026-08-18 20:35:14.953,27962.833
2026-08-18 20:35:15.365,27838.9832
2026-08-18 20:35:15.778,27758.2664
2026-08-18 20:35:16.192,27704.978
2026-08-18 20:35:16.605,27667.0965
2026-08-18 20:35:17.070,27636.2807
2026-08-18 20:35:17.483,27615.8292
2026-08-18 20:35:17.905,27601.942
2026-08-18 20:35:18.318,27613.6854
2026-08-18 20:35:18.730,27633.244
2026-08-18 20:35:19.156,27658.4762
2026-08-18 20:35:19.569,27694.3189
2026-08-18 20:35:19.988,27744.5893
2026-08-18 20:35:20.414,27823.8331
2026-08-18 20:35:20.827,27946.5818
2026-08-18 20:35:21.259,28108.9787
2026-08-18 20:35:21.687,28317.7562
2026-08-18 20:35:22.112,28526.5151
2026-08-18 20:35:22.526,28750.0698
2026-08-18 20:35:22.938,28973.6036
2026-08-18 20:35:23.356,29201.0564
2026-08-18 20:35:23.769,29435.2493
2026-08-18 20:35:24.180,29669.3476
2026-08-18 20:35:24.606,29907.2075
2026-08-18 20:35:25.019,30155.7231
2026-08-18 20:35:25.460,30400.1
2026-08-18 20:35:25.883,30665.6836
2026-08-18 20:35:26.297,30922.5509
2026-08-18 20:35:26.711,31177.0384
2026-08-18 20:35:27.149,31443.7007
2026-08-18 20:35:27.563,31710.1498
2026-08-18 20:35:27.991,31982.3303
2026-08-18 20:35:28.409,32248.5319
2026-08-18 20:35:28.822,32415.5286
2026-08-18 20:35:29.234,32180.3281
2026-08-18 20:35:29.656,31912.8484
2026-08-18 20:35:30.069,31642.4271
2026-08-18 20:35:30.483,31380.5755
2026-08-18 20:35:30.908,31122.0945
2026-08-18 20:35:31.369,30861.0054
2026-08-18 20:35:31.786,30577.5394
2026-08-18 20:35:32.201,30331.1668
2026-08-18 20:35:32.628,30086.2498
2026-08-18 20:35:33.049,29836.6984
2026-08-18 20:35:33.463,29594.8984
2026-08-18 20:35:33.889,29360.5916
2026-08-18 20:35:34.306,29123.6834
2026-08-18 20:35:34.722,28895.0953
2026-08-18 20:35:35.136,28672.8619
2026-08-18 20:35:35.560,28458.8308
2026-08-18 20:35:35.987,28254.3029
2026-08-18 20:35:36.405,28081.162
2026-08-18 20:35:36.826,27961.041
2026-08-18 20:35:37.239,27882.8723
2026-08-18 20:35:37.663,27830.5581
2026-08-18 20:35:38.086,27790.9852
2026-08-18 20:35:38.506,27760.7712
2026-08-18 20:35:38.922,27737.188
2026-08-18 20:35:39.336,27718.387
2026-08-18 20:35:39.764,27715.4286
2026-08-18 20:35:40.182,27728.4743
2026-08-18 20:35:40.595,27745.1588
2026-08-18 20:35:41.007,27768.3251
2026-08-18 20:35:41.421,27802.7098
2026-08-18 20:35:41.834,27856.3031
2026-08-18 20:35:42.308,27942.3443
2026-08-18 20:35:42.764,28109.1532
2026-08-18 20:35:43.178,28293.6854
2026-08-18 20:35:43.606,28503.0732
2026-08-18 20:35:44.018,28716.6106
2026-08-18 20:35:44.439,28936.504
2026-08-18 20:35:44.853,29160.3058
2026-08-18 20:35:45.272,29083.5144
2026-08-18 20:35:45.688,28854.2391
2026-08-18 20:35:46.115,28631.291
2026-08-18 20:35:46.567,28390.9918
2026-08-18 20:35:46.980,28193.1096
2026-08-18 20:35:47.407,28024.6706
2026-08-18 20:35:47.834,27898.1401
2026-08-18 20:35:48.252,27816.8831
2026-08-18 20:35:48.665,27764.3076
2026-08-18 20:35:49.078,27727.7764
2026-08-18 20:35:49.492,27700.2384
2026-08-18 20:35:49.906,27679.22
2026-08-18 20:35:50.331,27663.4811
2026-08-18 20:35:50.766,27660.9044
2026-08-18 20:35:51.183,27658.7885
2026-08-18 20:35:51.607,27657.4901
2026-08-18 20:35:52.023,27656.4977
2026-08-18 20:35:52.435,27654.573
2026-08-18 20:35:52.854,27652.5665
2026-08-18 20:35:53.266,27650.5385
2026-08-18 20:35:53.679,27649.0915
2026-08-18 20:35:54.107,27647.2222
2026-08-18 20:35:54.521,27645.4289
2026-08-18 20:35:54.945,27643.5362
2026-08-18 20:35:55.359,27643.089
2026-08-18 20:35:55.791,27657.2409
2026-08-18 20:35:56.218,27677.697
2026-08-18 20:35:56.630,27705.7322
2026-08-18 20:35:57.051,27744.0332
2026-08-18 20:35:57.492,27803.5567
2026-08-18 20:35:57.919,27892.8655
2026-08-18 20:35:58.337,28023.5413
2026-08-18 20:35:58.754,28192.1369
2026-08-18 20:35:59.167,28384.6711
2026-08-18 20:35:59.580,28589.1092
2026-08-18 20:35:59.995,28801.0046
2026-08-18 20:36:00.409,29019.8897
2026-08-18 20:36:00.846,29252.6071
2026-08-18 20:36:01.263,29483.9837
2026-08-18 20:36:01.675,29716.4471
2026-08-18 20:36:02.087,29949.8141
2026-08-18 20:36:02.501,30186.7285
2026-08-18 20:36:02.928,30426.8249
2026-08-18 20:36:03.389,30704.7796
2026-08-18 20:36:03.801,30954.6338
2026-08-18 20:36:04.215,31203.392
2026-08-18 20:36:04.629,31454.8488
2026-08-18 20:36:05.042,31711.166
2026-08-18 20:36:05.480,31970.4478
2026-08-18 20:36:05.891,32245.8994
2026-08-18 20:36:06.327,32355.8025
2026-08-18 20:36:06.741,32088.409
2026-08-18 20:36:07.153,31817.7347
2026-08-18 20:36:07.587,31552.4921
2026-08-18 20:36:08.022,31268.1029
2026-08-18 20:36:08.435,31007.8696
2026-08-18 20:36:08.860,30747.5415
2026-08-18 20:36:09.272,30498.7692
2026-08-18 20:36:09.686,30253.9764
2026-08-18 20:36:10.108,30011.9914
2026-08-18 20:36:10.520,29768.3179
2026-08-18 20:36:10.934,29533.6502
2026-08-18 20:36:11.348,29296.2574
2026-08-18 20:36:11.772,29065.055
2026-08-18 20:36:12.186,28834.0902
2026-08-18 20:36:12.613,28613.2475
2026-08-18 20:36:13.046,28386.8136
2026-08-18 20:36:13.459,28189.6811
2026-08-18 20:36:13.872,28027.7652
2026-08-18 20:36:14.284,27913.5242
2026-08-18 20:36:14.729,27838.7995
2026-08-18 20:36:15.142,27783.4808
2026-08-18 20:36:15.555,27745.5412
2026-08-18 20:36:15.983,27715.3275
2026-08-18 20:36:16.395,27692.2754
2026-08-18 20:36:16.823,27673.2853
2026-08-18 20:36:17.236,27671.2923
2026-08-18 20:36:17.653,27683.7984
2026-08-18 20:36:18.077,27699.8615
2026-08-18 20:36:18.491,27723.1454
2026-08-18 20:36:18.933,27758.4229
2026-08-18 20:36:19.353,27815.2541
2026-08-18 20:36:19.766,27905.4561
2026-08-18 20:36:20.194,28045.069
2026-08-18 20:36:20.607,28218.5072
2026-08-18 20:36:21.037,28414.3581
2026-08-18 20:36:21.460,28630.8696
2026-08-18 20:36:21.873,28851.3441
2026-08-18 20:36:22.299,29074.8479
2026-08-18 20:36:22.711,29007.7267
2026-08-18 20:36:23.141,28787.9926
2026-08-18 20:36:23.554,28563.2449
2026-08-18 20:36:23.982,28347.9894
2026-08-18 20:36:24.395,28153.6648
2026-08-18 20:36:24.815,27985.6458
2026-08-18 20:36:25.249,27859.2049
2026-08-18 20:36:25.662,27774.9191
2026-08-18 20:36:26.089,27721.2155
2026-08-18 20:36:26.501,27685.1064
2026-08-18 20:36:26.962,27658.2997
2026-08-18 20:36:27.385,27635.3031
2026-08-18 20:36:27.798,27622.172
2026-08-18 20:36:28.224,27633.6972
2026-08-18 20:36:28.638,27653.282
2026-08-18 20:36:29.051,27678.0194
2026-08-18 20:36:29.465,27711.7427
2026-08-18 20:36:29.932,27768.6707
2026-08-18 20:36:30.389,27857.2649
2026-08-18 20:36:30.849,28003.9473
2026-08-18 20:36:31.269,28172.8697
2026-08-18 20:36:31.693,28369.1485
2026-08-18 20:36:32.107,28580.9456
2026-08-18 20:36:32.537,28802.4608
2026-08-18 20:36:32.954,29022.4611
2026-08-18 20:36:33.371,29247.6255
2026-08-18 20:36:33.784,29476.1819
2026-08-18 20:36:34.196,29705.7209
2026-08-18 20:36:34.609,29937.562
2026-08-18 20:36:35.026,30172.6658
2026-08-18 20:36:35.460,30412.7179
2026-08-18 20:36:35.875,30666.2122
2026-08-18 20:36:36.295,30912.3337
2026-08-18 20:36:36.708,31164.3409
2026-08-18 20:36:37.121,31415.2821
2026-08-18 20:36:37.580,31697.2266
2026-08-18 20:36:38.001,31953.5907
2026-08-18 20:36:38.414,32217.7121
2026-08-18 20:36:38.827,32264.0907
2026-08-18 20:36:39.240,32002.09
2026-08-18 20:36:39.672,31742.831
2026-08-18 20:36:40.098,31473.5037
2026-08-18 20:36:40.513,31212.2073
2026-08-18 20:36:40.928,30960.7935
2026-08-18 20:36:41.341,30712.7339
2026-08-18 20:36:41.778,30469.8162
2026-08-18 20:36:42.204,30215.8265
2026-08-18 20:36:42.618,29972.9758
2026-08-18 20:36:43.047,29739.397
2026-08-18 20:36:43.459,29501.4293
2026-08-18 20:36:43.886,29267.9269
2026-08-18 20:36:44.299,29046.1697
2026-08-18 20:36:44.712,28828.7086
2026-08-18 20:36:45.125,28616.0323
2026-08-18 20:36:45.537,28411.8783
2026-08-18 20:36:45.950,28224.177
2026-08-18 20:36:46.361,28070.7513
2026-08-18 20:36:46.787,27964.7227
2026-08-18 20:36:47.204,27894.1586
2026-08-18 20:36:47.617,27846.8818
2026-08-18 20:36:48.038,27812.3589
2026-08-18 20:36:48.451,27785.4084
2026-08-18 20:36:48.864,27764.9436
2026-08-18 20:36:49.276,27748.6741
2026-08-18 20:36:49.701,27749.7048
2026-08-18 20:36:50.113,27763.9337
2026-08-18 20:36:50.525,27781.4515
2026-08-18 20:36:50.939,27805.5831
2026-08-18 20:36:51.352,27841.1534
2026-08-18 20:36:51.819,27896.3287
2026-08-18 20:36:52.263,28008.1313
2026-08-18 20:36:52.697,28155.8161
2026-08-18 20:36:53.111,28337.4335
2026-08-18 20:36:53.524,28536.3192
2026-08-18 20:36:53.953,28754.044
2026-08-18 20:36:54.375,28970.4041
2026-08-18 20:36:54.794,29180.1499
2026-08-18 20:36:55.207,29066.6276
2026-08-18 20:36:55.620,28847.8341
2026-08-18 20:36:56.050,28634.1009
2026-08-18 20:36:56.471,28420.5962
2026-08-18 20:36:56.890,28225.7812
2026-08-18 20:36:57.303,28062.3048
2026-08-18 20:36:57.717,27946.7233
2026-08-18 20:36:58.151,27872.2259
2026-08-18 20:36:58.571,27821.0073
2026-08-18 20:36:58.983,27786.5568
2026-08-18 20:36:59.395,27761.6661
2026-08-18 20:36:59.807,27743.0602
2026-08-18 20:37:00.245,27729.7091
2026-08-18 20:37:00.658,27728.7359
2026-08-18 20:37:01.071,27728.34
2026-08-18 20:37:01.483,27728.976
2026-08-18 20:37:01.897,27728.894
2026-08-18 20:37:02.372,27727.8785
2026-08-18 20:37:02.784,27727.0839
2026-08-18 20:37:03.203,27726.6533
2026-08-18 20:37:03.615,27726.2422
2026-08-18 20:37:04.047,27726.2315
2026-08-18 20:37:04.465,27726.1826
2026-08-18 20:37:04.878,27726.0879
2026-08-18 20:37:05.290,27728.4853
2026-08-18 20:37:05.703,27745.161
2026-08-18 20:37:06.116,27767.458
2026-08-18 20:37:06.590,27800.5011
2026-08-18 20:37:07.010,27842.2068
2026-08-18 20:37:07.427,27903.3808
2026-08-18 20:37:07.843,27995.3448
2026-08-18 20:37:08.260,28127.247
2026-08-18 20:37:08.676,28296.4317
2026-08-18 20:37:09.088,28488.3743
2026-08-18 20:37:09.502,28691.9853
2026-08-18 20:37:09.913,28904.2914
2026-08-18 20:37:10.339,29120.7114
2026-08-18 20:37:10.795,29373.04
2026-08-18 20:37:11.218,29598.458
2026-08-18 20:37:11.636,29832.9021
2026-08-18 20:37:12.056,30068.1822
2026-08-18 20:37:12.472,30307.5243
2026-08-18 20:37:12.887,30547.4444
2026-08-18 20:37:13.298,30790.1069
2026-08-18 20:37:13.719,31033.2855
2026-08-18 20:37:14.133,31284.4789
2026-08-18 20:37:14.547,31534.5218
2026-08-18 20:37:15.013,31820.7298
2026-08-18 20:37:15.426,32077.3063
2026-08-18 20:37:15.853,32335.7882
2026-08-18 20:37:16.266,32383.2095
2026-08-18 20:37:16.678,32122.4504
2026-08-18 20:37:17.098,31864.5568
2026-08-18 20:37:17.526,31605.2031
2026-08-18 20:37:17.944,31343.9354
2026-08-18 20:37:18.356,31093.0797
2026-08-18 20:37:18.789,30839.5344
2026-08-18 20:37:19.201,30594.6711
2026-08-18 20:37:19.615,30356.7827
2026-08-18 20:37:20.032,30121.5229
2026-08-18 20:37:20.445,29886.9603
2026-08-18 20:37:20.857,29658.2014
2026-08-18 20:37:21.332,29408.149
2026-08-18 20:37:21.746,29179.9763
2026-08-18 20:37:22.163,28964.0921
2026-08-18 20:37:22.576,28750.8729
2026-08-18 20:37:23.014,28542.0943
2026-08-18 20:37:23.427,28353.8592
2026-08-18 20:37:23.851,28206.4392
2026-08-18 20:37:24.277,28102.8279
2026-08-18 20:37:24.690,28036.1471
2026-08-18 20:37:25.103,27991.5417
2026-08-18 20:37:25.516,27958.471
2026-08-18 20:37:25.937,27933.1594
2026-08-18 20:37:26.351,27913.1085
2026-08-18 20:37:26.769,27897.9861
2026-08-18 20:37:27.186,27902.9407
2026-08-18 20:37:27.603,27917.7208
2026-08-18 20:37:28.015,27936.7562
2026-08-18 20:37:28.458,27962.9983
2026-08-18 20:37:28.872,28005.0029
2026-08-18 20:37:29.286,28066.9702
2026-08-18 20:37:29.701,28165.2262
2026-08-18 20:37:30.114,28308.6438
2026-08-18 20:37:30.541,28486.1385
2026-08-18 20:37:31.025,28725.6152
2026-08-18 20:37:31.449,28935.8811
2026-08-18 20:37:31.863,29157.1542
2026-08-18 20:37:32.276,29339.4309
2026-08-18 20:37:32.708,29189.907
2026-08-18 20:37:33.120,28964.0749
2026-08-18 20:37:33.533,28753.4113
2026-08-18 20:37:33.953,28550.8597
2026-08-18 20:37:34.365,28361.4685
2026-08-18 20:37:34.832,28189.9633
2026-08-18 20:37:35.259,28085.5106
2026-08-18 20:37:35.676,28016.6451
2026-08-18 20:37:36.092,27971.9636
2026-08-18 20:37:36.519,27940.2417
2026-08-18 20:37:36.933,27916.1928
2026-08-18 20:37:37.345,27898.7396
2026-08-18 20:37:37.773,27890.7559
2026-08-18 20:37:38.186,27906.2151
2026-08-18 20:37:38.610,27926.3367
2026-08-18 20:37:39.029,27953.731
2026-08-18 20:37:39.441,27990.3706
2026-08-18 20:37:39.866,28043.9435
2026-08-18 20:37:40.278,28129.7251
2026-08-18 20:37:40.691,28254.5121
2026-08-18 20:37:41.121,28418.8089
2026-08-18 20:37:41.533,28616.2933
2026-08-18 20:37:41.959,28819.4512
2026-08-18 20:37:42.386,29037.5894
2026-08-18 20:37:42.810,29260.4911
2026-08-18 20:37:43.229,29490.4396
2026-08-18 20:37:43.641,29715.0488
2026-08-18 20:37:44.055,29943.1104
2026-08-18 20:37:44.468,30175.3005
2026-08-18 20:37:44.893,30409.1674
2026-08-18 20:37:45.324,30652.759
2026-08-18 20:37:45.738,30903.6603
2026-08-18 20:37:46.153,31147.4406
2026-08-18 20:37:46.565,31394.1134
2026-08-18 20:37:46.993,31651.9548
2026-08-18 20:37:47.430,31904.9536
2026-08-18 20:37:47.857,32184.6178
2026-08-18 20:37:48.269,32443.1495
2026-08-18 20:37:48.682,32520.0002
2026-08-18 20:37:49.095,32267.6388
2026-08-18 20:37:49.526,32011.8012
2026-08-18 20:37:49.944,31746.985
2026-08-18 20:37:50.358,31494.1075
2026-08-18 20:37:50.773,31248.1033
2026-08-18 20:37:51.189,31004.1906
2026-08-18 20:37:51.650,30735.4056
2026-08-18 20:37:52.085,30491.522
2026-08-18 20:37:52.499,30254.8785
2026-08-18 20:37:52.913,30024.6275
2026-08-18 20:37:53.326,29797.8626
2026-08-18 20:37:53.739,29575.201
2026-08-18 20:37:54.172,29349.0821
2026-08-18 20:37:54.597,29130.9889
2026-08-18 20:37:55.008,28915.6859
2026-08-18 20:37:55.421,28714.3957
2026-08-18 20:37:55.849,28523.7069
2026-08-18 20:37:56.270,28374.5737
2026-08-18 20:37:56.687,28271.3437
2026-08-18 20:37:57.101,28206.1861
2026-08-18 20:37:57.514,28161.7363
2026-08-18 20:37:57.927,28129.2256
2026-08-18 20:37:58.400,28104.4054
2026-08-18 20:37:58.828,28082.6342
2026-08-18 20:37:59.240,28068.5886
2026-08-18 20:37:59.659,28074.979
2026-08-18 20:38:00.077,28090.0899
2026-08-18 20:38:00.499,28109.5602
2026-08-18 20:38:00.912,28136.6782
2026-08-18 20:38:01.325,28175.8064
2026-08-18 20:38:01.738,28236.5238
2026-08-18 20:38:02.165,28332.9934
2026-08-18 20:38:02.578,28479.4227
2026-08-18 20:38:03.011,28664.0165
2026-08-18 20:38:03.425,28864.3826
2026-08-18 20:38:03.842,29073.8719
2026-08-18 20:38:04.256,29290.825
2026-08-18 20:38:04.724,29497.4828
2026-08-18 20:38:05.146,29364.9727
2026-08-18 20:38:05.560,29148.7552
2026-08-18 20:38:05.972,28938.3238
2026-08-18 20:38:06.395,28736.2653
2026-08-18 20:38:06.807,28545.4795
2026-08-18 20:38:07.225,28389.5721
2026-08-18 20:38:07.641,28277.2664
2026-08-18 20:38:08.055,28206.2155
2026-08-18 20:38:08.468,28159.7082
2026-08-18 20:38:08.894,28126.25
2026-08-18 20:38:09.319,28102.5482
2026-08-18 20:38:09.744,28084.6259
2026-08-18 20:38:10.156,28073.036
2026-08-18 20:38:10.583,28073.5827
2026-08-18 20:38:11.003,28074.1347
2026-08-18 20:38:11.424,28075.6168
2026-08-18 20:38:11.836,28076.3377
2026-08-18 20:38:12.250,28076.1457
2026-08-18 20:38:12.677,28076.4625
2026-08-18 20:38:13.090,28076.7708
2026-08-18 20:38:13.524,28077.3116
2026-08-18 20:38:13.949,28078.0805
2026-08-18 20:38:14.362,28078.8173
2026-08-18 20:38:14.775,28079.5856
2026-08-18 20:38:15.189,28082.6672
2026-08-18 20:38:15.624,28099.7904
2026-08-18 20:38:16.045,28124.0005
2026-08-18 20:38:16.458,28153.9499
2026-08-18 20:38:16.877,28193.6529
2026-08-18 20:38:17.291,28252.5748
2026-08-18 20:38:17.718,28343.2743
2026-08-18 20:38:18.142,28470.7055
2026-08-18 20:38:18.568,28639.2903
2026-08-18 20:38:18.980,28834.2612
2026-08-18 20:38:19.393,29037.2555
2026-08-18 20:38:19.819,29248.4954
2026-08-18 20:38:20.235,29471.4634
2026-08-18 20:38:20.648,29693.9915
2026-08-18 20:38:21.061,29917.9833
2026-08-18 20:38:21.482,30145.7878
2026-08-18 20:38:21.902,30381.1264
2026-08-18 20:38:22.401,30662.9196
2026-08-18 20:38:22.812,30904.6243
2026-08-18 20:38:23.230,31143.5619
2026-08-18 20:38:23.646,31389.3309
2026-08-18 20:38:24.093,31637.3598
2026-08-18 20:38:24.511,31907.3048
2026-08-18 20:38:24.924,32163.1024
2026-08-18 20:38:25.347,32418.2544
2026-08-18 20:38:25.761,32682.2794
2026-08-18 20:38:26.198,32714.0665
2026-08-18 20:38:26.612,32441.2166
2026-08-18 20:38:27.036,32186.6313
2026-08-18 20:38:27.457,31927.4394
2026-08-18 20:38:27.871,31674.5623
2026-08-18 20:38:28.288,31429.7671
2026-08-18 20:38:28.715,31185.8625
2026-08-18 20:38:29.132,30939.4707
2026-08-18 20:38:29.545,30702.8423
2026-08-18 20:38:29.957,30471.8563
2026-08-18 20:38:30.393,30243.5553
2026-08-18 20:38:30.806,30005.352
2026-08-18 20:38:31.232,29784.3531
2026-08-18 20:38:31.646,29559.0768
2026-08-18 20:38:32.061,29344.8596
2026-08-18 20:38:32.491,29128.3731
2026-08-18 20:38:32.905,28928.174
2026-08-18 20:38:33.318,28745.9821
2026-08-18 20:38:33.744,28599.3886
2026-08-18 20:38:34.157,28496.7665
2026-08-18 20:38:34.597,28432.6471
2026-08-18 20:38:35.023,28384.8575
2026-08-18 20:38:35.448,28353.3108
2026-08-18 20:38:35.864,28328.7972
2026-08-18 20:38:36.276,28310.0946
2026-08-18 20:38:36.692,28296.5709
2026-08-18 20:38:37.112,28303.4612
2026-08-18 20:38:37.524,28319.3092
2026-08-18 20:38:37.953,28339.0505
2026-08-18 20:38:38.377,28367.3697
2026-08-18 20:38:38.798,28408.5576
2026-08-18 20:38:39.225,28472.2665
2026-08-18 20:38:39.637,28575.6126
2026-08-18 20:38:40.070,28726.316
2026-08-18 20:38:40.483,28909.0144
2026-08-18 20:38:40.902,29107.384
2026-08-18 20:38:41.326,29319.6933
2026-08-18 20:38:41.739,29539.9728
2026-08-18 20:38:42.151,29732.2301
2026-08-18 20:38:42.613,29602.0786
2026-08-18 20:38:43.042,29360.322
2026-08-18 20:38:43.470,29146.9562
2026-08-18 20:38:43.882,28940.6493
2026-08-18 20:38:44.303,28758.2945
2026-08-18 20:38:44.723,28605.729
2026-08-18 20:38:45.137,28500.6441
2026-08-18 20:38:45.548,28434.7449
2026-08-18 20:38:45.962,28391.3205
2026-08-18 20:38:46.394,28359.6763
2026-08-18 20:38:46.808,28337.3931
2026-08-18 20:38:47.233,28321.0141
2026-08-18 20:38:47.673,28313.6918
2026-08-18 20:38:48.087,28330.5691
2026-08-18 20:38:48.511,28351.6851
2026-08-18 20:38:48.924,28379.5468
2026-08-18 20:38:49.341,28417.184
2026-08-18 20:38:49.755,28471.8197
2026-08-18 20:38:50.192,28559.9784
2026-08-18 20:38:50.606,28690.2916
2026-08-18 20:38:51.024,28857.0524
2026-08-18 20:38:51.455,29050.6268
2026-08-18 20:38:51.872,29263.8513
2026-08-18 20:38:52.299,29478.4954
2026-08-18 20:38:52.717,29702.1405
2026-08-18 20:38:53.144,29926.6416
2026-08-18 20:38:53.558,30158.6591
2026-08-18 20:38:53.979,30387.5728
2026-08-18 20:38:54.395,30624.4184
2026-08-18 20:38:54.807,30860.0061
2026-08-18 20:38:55.228,31096.6171
2026-08-18 20:38:55.647,31342.6138
2026-08-18 20:38:56.072,31589.9072
2026-08-18 20:38:56.484,31844.1153
2026-08-18 20:38:56.910,32102.089
2026-08-18 20:38:57.324,32354.2665
2026-08-18 20:38:57.744,32610.4398
2026-08-18 20:38:58.164,32872.5721
2026-08-18 20:38:58.579,32944.7737
2026-08-18 20:38:58.991,32691.0671
2026-08-18 20:38:59.402,32436.5875
2026-08-18 20:38:59.843,32185.8842
2026-08-18 20:39:00.260,31921.5352
2026-08-18 20:39:00.674,31674.1826
2026-08-18 20:39:01.087,31432.0241
2026-08-18 20:39:01.501,31194.3132
2026-08-18 20:39:01.931,30958.865
2026-08-18 20:39:02.344,30718.4126
2026-08-18 20:39:02.765,30489.9427
2026-08-18 20:39:03.180,30260.0415
2026-08-18 20:39:03.596,30037.7991
2026-08-18 20:39:04.027,29818.0988
2026-08-18 20:39:04.452,29594.8983
2026-08-18 20:39:04.867,29380.1857
2026-08-18 20:39:05.284,29178.3777
2026-08-18 20:39:05.698,28991.4154
2026-08-18 20:39:06.127,28839.9261
2026-08-18 20:39:06.546,28732.6038
2026-08-18 20:39:06.974,28666.2637
2026-08-18 20:39:07.390,28620.7062
2026-08-18 20:39:07.802,28588.4791
2026-08-18 20:39:08.229,28563.8849
2026-08-18 20:39:08.656,28544.8483
2026-08-18 20:39:09.069,28530.7279
2026-08-18 20:39:09.495,28534.8116
2026-08-18 20:39:09.912,28550.1354
2026-08-18 20:39:10.324,28569.0614
2026-08-18 20:39:10.752,28595.7649
2026-08-18 20:39:11.165,28633.4306
2026-08-18 20:39:11.591,28691.6226
2026-08-18 20:39:12.004,28787.0019
2026-08-18 20:39:12.425,28924.7653
2026-08-18 20:39:12.852,29102.8219
2026-08-18 20:39:13.277,29305.6739
2026-08-18 20:39:13.691,29520.0751
2026-08-18 20:39:14.103,29734.8287
2026-08-18 20:39:14.532,29946.6598
2026-08-18 20:39:14.959,29854.5669
2026-08-18 20:39:15.385,29632.6828
2026-08-18 20:39:15.798,29424.3803
2026-08-18 20:39:16.218,29222.6628
2026-08-18 20:39:16.645,29031.3956
2026-08-18 20:39:17.058,28868.0308
2026-08-18 20:39:17.470,28755.0301
2026-08-18 20:39:17.883,28682.9377
2026-08-18 20:39:18.296,28635.8193
2026-08-18 20:39:18.724,28603.2483
2026-08-18 20:39:19.137,28578.9825
2026-08-18 20:39:19.564,28561.4071
2026-08-18 20:39:19.983,28550.0158
2026-08-18 20:39:20.395,28550.4312
2026-08-18 20:39:20.836,28551.4375
2026-08-18 20:39:21.250,28553.6657
2026-08-18 20:39:21.663,28555.1766
2026-08-18 20:39:22.077,28556.0399
2026-08-18 20:39:22.489,28556.7787
2026-08-18 20:39:22.955,28557.8664
2026-08-18 20:39:23.381,28559.0545
2026-08-18 20:39:23.793,28560.3141
2026-08-18 20:39:24.229,28561.7209
2026-08-18 20:39:24.644,28563.1642
2026-08-18 20:39:25.057,28566.7258
2026-08-18 20:39:25.491,28585.0919
2026-08-18 20:39:25.911,28608.6642
2026-08-18 20:39:26.323,28638.8458
2026-08-18 20:39:26.737,28679.1825
2026-08-18 20:39:27.168,28737.0274
2026-08-18 20:39:27.590,28828.1411
2026-08-18 20:39:28.007,28958.4211
2026-08-18 20:39:28.420,29124.4108
2026-08-18 20:39:28.833,29313.0154
2026-08-18 20:39:29.260,29521.7513
2026-08-18 20:39:29.672,29732.5559
2026-08-18 20:39:30.094,29947.781
2026-08-18 20:39:30.509,30173.2532
2026-08-18 20:39:30.921,30398.5116
2026-08-18 20:39:31.354,30633.4298
2026-08-18 20:39:31.774,30868.4627
2026-08-18 20:39:32.188,31106.7123
2026-08-18 20:39:32.602,31344.355
2026-08-18 20:39:33.014,31585.0629
2026-08-18 20:39:33.428,31827.9813
2026-08-18 20:39:33.907,32106.2774
2026-08-18 20:39:34.324,32364.0512
2026-08-18 20:39:34.740,32618.9862
2026-08-18 20:39:35.151,32876.2299
2026-08-18 20:39:35.565,33133.624
2026-08-18 20:39:35.981,33234.0082
2026-08-18 20:39:36.402,32985.4669
2026-08-18 20:39:36.819,32725.7786
2026-08-18 20:39:37.245,32471.5152
2026-08-18 20:39:37.658,32215.6183
2026-08-18 20:39:38.070,31970.672
2026-08-18 20:39:38.483,31729.3441
2026-08-18 20:39:38.898,31491.2996
2026-08-18 20:39:39.325,31247.1532
2026-08-18 20:39:39.751,31015.825
2026-08-18 20:39:40.163,30779.545
2026-08-18 20:39:40.575,30554.3019
2026-08-18 20:39:40.987,30332.4024
2026-08-18 20:39:41.404,30112.0599
2026-08-18 20:39:41.833,29889.6974
2026-08-18 20:39:42.261,29672.7881
2026-08-18 20:39:42.674,29471.1763
2026-08-18 20:39:43.105,29283.8147
2026-08-18 20:39:43.517,29121.9042
2026-08-18 20:39:43.930,29013.9264
2026-08-18 20:39:44.342,28944.2436
2026-08-18 20:39:44.758,28897.1
2026-08-18 20:39:45.171,28862.4317
2026-08-18 20:39:45.604,28836.4914
2026-08-18 20:39:46.028,28815.7664
2026-08-18 20:39:46.446,28799.7601
2026-08-18 20:39:46.859,28799.7211
2026-08-18 20:39:47.270,28814.0369
2026-08-18 20:39:47.746,28834.3416
2026-08-18 20:39:48.165,28860.1883
2026-08-18 20:39:48.592,28897.7299
2026-08-18 20:39:49.007,28956.9233
2026-08-18 20:39:49.423,29049.0665
2026-08-18 20:39:49.848,29186.2994
2026-08-18 20:39:50.262,29364.489
2026-08-18 20:39:50.675,29559.6511
2026-08-18 20:39:51.087,29766.2623
2026-08-18 20:39:51.499,29979.2007
2026-08-18 20:39:51.922,30195.9868
2026-08-18 20:39:52.336,30145.8083
2026-08-18 20:39:52.749,29930.9277
2026-08-18 20:39:53.162,29720.8854
2026-08-18 20:39:53.587,29511.0149
2026-08-18 20:39:54.048,29300.4434
2026-08-18 20:39:54.463,29139.924
2026-08-18 20:39:54.874,29022.9058
2026-08-18 20:39:55.299,28947.8058
2026-08-18 20:39:55.713,28897.5865
2026-08-18 20:39:56.147,28863.9352
2026-08-18 20:39:56.560,28838.3414
2026-08-18 20:39:56.981,28820.6151
2026-08-18 20:39:57.393,28808.2455
2026-08-18 20:39:57.805,28818.7891
2026-08-18 20:39:58.237,28837.8284
2026-08-18 20:39:58.654,28863.1119
2026-08-18 20:39:59.069,28896.1205
2026-08-18 20:39:59.495,28943.3259
2026-08-18 20:39:59.922,29017.8393
2026-08-18 20:40:00.340,29133.2653
2026-08-18 20:40:00.766,29289.382
2026-08-18 20:40:01.180,29479.0925
2026-08-18 20:40:01.596,29679.3422
2026-08-18 20:40:02.012,29889.6945
2026-08-18 20:40:02.445,30105.421
2026-08-18 20:40:02.859,30333.9462
2026-08-18 20:40:03.274,30556.4687
2026-08-18 20:40:03.690,30783.3193
2026-08-18 20:40:04.103,31014.0052
2026-08-18 20:40:04.578,31273.3099
2026-08-18 20:40:05.004,31516.3673
2026-08-18 20:40:05.416,31761.4859
2026-08-18 20:40:05.836,32002.7088
2026-08-18 20:40:06.251,32250.8587
2026-08-18 20:40:06.663,32499.1268
2026-08-18 20:40:07.076,32749.0158
2026-08-18 20:40:07.490,33002.239
2026-08-18 20:40:07.917,33267.2798
2026-08-18 20:40:08.328,33436.5087
2026-08-18 20:40:08.745,33220.4031
2026-08-18 20:40:09.159,32962.9632
2026-08-18 20:40:09.595,32701.4196
2026-08-18 20:40:10.021,32446.823
2026-08-18 20:40:10.438,32194.5224
2026-08-18 20:40:10.850,31950.2243
2026-08-18 20:40:11.266,31713.3627
2026-08-18 20:40:11.679,31476.5642
2026-08-18 20:40:12.104,31245.1095
2026-08-18 20:40:12.522,31009.6627
2026-08-18 20:40:12.952,30781.2244
2026-08-18 20:40:13.379,30542.4681
2026-08-18 20:40:13.791,30325.167
2026-08-18 20:40:14.218,30111.3779
2026-08-18 20:40:14.635,29895.3638
2026-08-18 20:40:15.066,29690.383
2026-08-18 20:40:15.479,29493.5158
2026-08-18 20:40:15.905,29329.6372
2026-08-18 20:40:16.323,29216.8336
2026-08-18 20:40:16.751,29143.1251
2026-08-18 20:40:17.163,29092.6805
2026-08-18 20:40:17.581,29057.2974
2026-08-18 20:40:18.003,29029.883
2026-08-18 20:40:18.428,29008.1017
2026-08-18 20:40:18.842,28990.7483
2026-08-18 20:40:19.258,28987.1468
2026-08-18 20:40:19.685,29000.3274
2026-08-18 20:40:20.099,29016.5247
2026-08-18 20:40:20.511,29038.7004
2026-08-18 20:40:20.933,29070.823
2026-08-18 20:40:21.351,29121.0654
2026-08-18 20:40:21.767,29201.9496
2026-08-18 20:40:22.182,29325.6945
2026-08-18 20:40:22.595,29489.8727
2026-08-18 20:40:23.007,29678.1068
2026-08-18 20:40:23.469,29904.2079
2026-08-18 20:40:23.892,30115.1036
2026-08-18 20:40:24.310,30335.3277
2026-08-18 20:40:24.722,30334.6631
2026-08-18 20:40:25.141,30119.228
2026-08-18 20:40:25.565,29904.9048
2026-08-18 20:40:25.992,29695.8316
2026-08-18 20:40:26.408,29498.2782
2026-08-18 20:40:26.823,29329.7511
2026-08-18 20:40:27.236,29205.3325
2026-08-18 20:40:27.669,29122.1126
2026-08-18 20:40:28.082,29068.8029
2026-08-18 20:40:28.508,29032.2513
2026-08-18 20:40:28.920,29004.9745
2026-08-18 20:40:29.345,28985.1119
2026-08-18 20:40:29.809,28969.013
2026-08-18 20:40:30.223,28966.7497
2026-08-18 20:40:30.635,28966.4091
2026-08-18 20:40:31.064,28966.0913
2026-08-18 20:40:31.476,28966.4982
2026-08-18 20:40:31.889,28966.0104
2026-08-18 20:40:32.315,28965.2198
2026-08-18 20:40:32.727,28964.4776
2026-08-18 20:40:33.143,28963.9275
2026-08-18 20:40:33.555,28963.6769
2026-08-18 20:40:33.989,28963.2857
2026-08-18 20:40:34.409,28962.7526
2026-08-18 20:40:34.822,28962.8736
2026-08-18 20:40:35.233,28975.0136
2026-08-18 20:40:35.666,28995.6327
2026-08-18 20:40:36.090,29021.4801
2026-08-18 20:40:36.515,29057.2266
2026-08-18 20:40:36.927,29109.1715
2026-08-18 20:40:37.342,29184.744
2026-08-18 20:40:37.753,29297.6328
2026-08-18 20:40:38.184,29448.5881
2026-08-18 20:40:38.598,29636.0247
2026-08-18 20:40:39.025,29839.3686
2026-08-18 20:40:39.450,30044.5983
2026-08-18 20:40:39.863,30262.0482
2026-08-18 20:40:40.301,30485.4687
2026-08-18 20:40:40.715,30710.4046
2026-08-18 20:40:41.142,30932.5351
2026-08-18 20:40:41.554,31164.2682
2026-08-18 20:40:41.981,31391.589
2026-08-18 20:40:42.393,31630.0901
2026-08-18 20:40:42.813,31862.4506
2026-08-18 20:40:43.227,32103.3912
2026-08-18 20:40:43.642,32342.8036
2026-08-18 20:40:44.062,32585.5034
2026-08-18 20:40:44.474,32833.9852
2026-08-18 20:40:44.909,33089.2568
2026-08-18 20:40:45.328,33344.3976
2026-08-18 20:40:45.741,33532.4471
2026-08-18 20:40:46.156,33329.0739
2026-08-18 20:40:46.583,33072.9869
2026-08-18 20:40:47.003,32811.9966
2026-08-18 20:40:47.431,32559.7617
2026-08-18 20:40:47.846,32307.3639
2026-08-18 20:40:48.259,32065.9794
2026-08-18 20:40:48.686,31829.316
2026-08-18 20:40:49.101,31588.7712
2026-08-18 20:40:49.533,31357.5876
2026-08-18 20:40:49.947,31120.4694
2026-08-18 20:40:50.359,30896.4195
2026-08-18 20:40:50.773,30676.6363
2026-08-18 20:40:51.187,30459.7378
2026-08-18 20:40:51.666,30219.1406
2026-08-18 20:40:52.080,30005.5906
2026-08-18 20:40:52.492,29804.7026
2026-08-18 20:40:52.918,29618.1135
2026-08-18 20:40:53.332,29455.123
2026-08-18 20:40:53.748,29342.2304
2026-08-18 20:40:54.161,29269.0745
2026-08-18 20:40:54.578,29220.4001
2026-08-18 20:40:54.990,29184.7534
2026-08-18 20:40:55.455,29158.2117
2026-08-18 20:40:55.873,29135.1207
2026-08-18 20:40:56.287,29119.3271
2026-08-18 20:40:56.709,29116.5226
2026-08-18 20:40:57.122,29129.4618
2026-08-18 20:40:57.533,29145.6185
2026-08-18 20:40:57.966,29167.816
2026-08-18 20:40:58.390,29201.9119
2026-08-18 20:40:58.803,29254.1488
2026-08-18 20:40:59.234,29339.1575
2026-08-18 20:40:59.648,29465.7697
2026-08-18 20:41:00.070,29629.52
2026-08-18 20:41:00.483,29819.7424
2026-08-18 20:41:00.907,30020.4467
2026-08-18 20:41:01.327,30233.962
2026-08-18 20:41:01.739,30450.974
2026-08-18 20:41:02.173,30453.6793
2026-08-18 20:41:02.585,30230.0587
2026-08-18 20:41:03.000,30022.534
2026-08-18 20:41:03.413,29820.1345
2026-08-18 20:41:03.825,29630.7267
2026-08-18 20:41:04.238,29464.5979
2026-08-18 20:41:04.736,29319.1918
2026-08-18 20:41:05.149,29243.5647
2026-08-18 20:41:05.562,29194.3196
2026-08-18 20:41:05.991,29158.985
2026-08-18 20:41:06.411,29134.2676
2026-08-18 20:41:06.837,29115.4841
2026-08-18 20:41:07.251,29102.082
2026-08-18 20:41:07.664,29110.8222
2026-08-18 20:41:08.076,29129.0329
2026-08-18 20:41:08.514,29151.5857
2026-08-18 20:41:08.929,29183.9207
2026-08-18 20:41:09.357,29228.7697
2026-08-18 20:41:09.768,29299.5382
2026-08-18 20:41:10.187,29404.1107
2026-08-18 20:41:10.613,29553.1405
2026-08-18 20:41:11.035,29735.9919
2026-08-18 20:41:11.448,29934.59
2026-08-18 20:41:11.864,30138.6338
2026-08-18 20:41:12.292,30348.1123
2026-08-18 20:41:12.719,30567.6285
2026-08-18 20:41:13.132,30792.3454
2026-08-18 20:41:13.545,31012.2806
2026-08-18 20:41:13.969,31235.2591
2026-08-18 20:41:14.383,31467.5503
2026-08-18 20:41:14.862,31726.1566
2026-08-18 20:41:15.275,31966.286
2026-08-18 20:41:15.710,32210.38
2026-08-18 20:41:16.126,32454.4045
2026-08-18 20:41:16.543,32697.4958
2026-08-18 20:41:16.969,32943.7059
2026-08-18 20:41:17.382,33197.6244
2026-08-18 20:41:17.800,33446.4143
2026-08-18 20:41:18.213,33611.0614
2026-08-18 20:41:18.628,33393.7959
2026-08-18 20:41:19.056,33140.6185
2026-08-18 20:41:19.483,32881.9619
2026-08-18 20:41:19.896,32626.0491
2026-08-18 20:41:20.321,32382.6474
2026-08-18 20:41:20.734,32136.5551
2026-08-18 20:41:21.162,31891.7165
2026-08-18 20:41:21.578,31659.5385
2026-08-18 20:41:21.991,31428.7423
2026-08-18 20:41:22.405,31201.9191
2026-08-18 20:41:22.817,30977.8831
2026-08-18 20:41:23.293,30730.4923
2026-08-18 20:41:23.707,30509.7606
2026-08-18 20:41:24.119,30297.5091
2026-08-18 20:41:24.533,30091.0198
2026-08-18 20:41:24.947,29890.5157
2026-08-18 20:41:25.374,29703.5678
2026-08-18 20:41:25.786,29541.3547
2026-08-18 20:41:26.202,29431.3409
2026-08-18 20:41:26.619,29360.308
2026-08-18 20:41:27.032,29312.2898
2026-08-18 20:41:27.492,29274.3122
2026-08-18 20:41:27.905,29248.8399
2026-08-18 20:41:28.318,29228.8203
2026-08-18 20:41:28.745,29213.2209
2026-08-18 20:41:29.159,29210.6916
2026-08-18 20:41:29.584,29222.9875
2026-08-18 20:41:29.996,29239.0832
2026-08-18 20:41:30.408,29260.7086
2026-08-18 20:41:30.822,29292.028
2026-08-18 20:41:31.234,29340.4771
2026-08-18 20:41:31.659,29418.2868
2026-08-18 20:41:32.147,29568.3032
2026-08-18 20:41:32.562,29734.5714
2026-08-18 20:41:32.988,29924.184
2026-08-18 20:41:33.401,30130.79
2026-08-18 20:41:33.834,30345.1446
2026-08-18 20:41:34.259,30557.6959
2026-08-18 20:41:34.672,30494.5613
2026-08-18 20:41:35.092,30284.4468
2026-08-18 20:41:35.504,30075.1157
2026-08-18 20:41:35.916,29876.1322
2026-08-18 20:41:36.337,29690.0912
2026-08-18 20:41:36.762,29526.5202
2026-08-18 20:41:37.174,29406.1244
2026-08-18 20:41:37.588,29331.4631
2026-08-18 20:41:38.000,29282.2947
2026-08-18 20:41:38.428,29247.3872
2026-08-18 20:41:38.859,29222.0974
2026-08-18 20:41:39.273,29203.7373
2026-08-18 20:41:39.689,29190.0914
2026-08-18 20:41:40.101,29188.2233
2026-08-18 20:41:40.529,29187.968
2026-08-18 20:41:40.941,29188.1878
2026-08-18 20:41:41.354,29188.9159
2026-08-18 20:41:41.772,29188.6876
2026-08-18 20:41:42.192,29188.3862
2026-08-18 20:41:42.604,29188.0887
2026-08-18 20:41:43.017,29188.2115
2026-08-18 20:41:43.432,29188.2617
2026-08-18 20:41:43.871,29188.6729
2026-08-18 20:41:44.292,29189.2052
2026-08-18 20:41:44.707,29190.1423
2026-08-18 20:41:45.120,29203.1313
2026-08-18 20:41:45.547,29224.1439
2026-08-18 20:41:45.965,29249.9146
2026-08-18 20:41:46.384,29285.025
2026-08-18 20:41:46.800,29335.4016
2026-08-18 20:41:47.227,29410.2499
2026-08-18 20:41:47.640,29525.0486
2026-08-18 20:41:48.070,29675.0515
2026-08-18 20:41:48.492,29859.7772
2026-08-18 20:41:48.904,30057.8667
2026-08-18 20:41:49.315,30260.3469
2026-08-18 20:41:49.736,30468.5234
2026-08-18 20:41:50.169,30685.7154
2026-08-18 20:41:50.582,30913.2662
2026-08-18 20:41:50.996,31134.012
2026-08-18 20:41:51.412,31358.8574
2026-08-18 20:41:51.828,31587.5824
2026-08-18 20:41:52.288,31845.7888
2026-08-18 20:41:52.700,32078.9519
2026-08-18 20:41:53.122,32314.7264
2026-08-18 20:41:53.535,32559.1912
2026-08-18 20:41:53.961,32800.8311
2026-08-18 20:41:54.424,33078.5339
2026-08-18 20:41:54.837,33332.2157
2026-08-18 20:41:55.253,33583.4801
2026-08-18 20:41:55.665,33741.3207
2026-08-18 20:41:56.078,33523.3027
2026-08-18 20:41:56.504,33274.0111
2026-08-18 20:41:56.918,33019.0717
2026-08-18 20:41:57.333,32774.4098
2026-08-18 20:41:57.749,32532.8939
2026-08-18 20:41:58.211,32293.4657
2026-08-18 20:41:58.638,32029.3452
2026-08-18 20:41:59.053,31793.3027
2026-08-18 20:41:59.465,31564.9781
2026-08-18 20:41:59.901,31333.0676
2026-08-18 20:42:00.327,31107.7607
2026-08-18 20:42:00.744,30883.2005
2026-08-18 20:42:01.157,30666.6523
2026-08-18 20:42:01.583,30456.718
2026-08-18 20:42:02.002,30245.2807
2026-08-18 20:42:02.415,30044.127
2026-08-18 20:42:02.854,29854.0152
2026-08-18 20:42:03.271,29698.0637
2026-08-18 20:42:03.697,29591.6428
2026-08-18 20:42:04.114,29522.2605
2026-08-18 20:42:04.529,29476.6247
2026-08-18 20:42:04.941,29443.1892
2026-08-18 20:42:05.355,29417.8957
2026-08-18 20:42:05.768,29398.1242
2026-08-18 20:42:06.180,29382.7616
2026-08-18 20:42:06.605,29380.8994
2026-08-18 20:42:07.027,29394.7256
2026-08-18 20:42:07.451,29411.9877
2026-08-18 20:42:07.864,29435.6113
2026-08-18 20:42:08.277,29468.764
2026-08-18 20:42:08.690,29519.8132
2026-08-18 20:42:09.133,29600.806
2026-08-18 20:42:09.547,29734.5922
2026-08-18 20:42:09.961,29899.6379
2026-08-18 20:42:10.375,30088.0628
2026-08-18 20:42:10.791,30289.3906
2026-08-18 20:42:11.269,30526.3636
2026-08-18 20:42:11.681,30744.6906
2026-08-18 20:42:12.095,30699.5707
2026-08-18 20:42:12.507,30489.0679
2026-08-18 20:42:12.919,30283.5995
2026-08-18 20:42:13.348,30084.7715
2026-08-18 20:42:13.769,29889.6867
2026-08-18 20:42:14.183,29724.9453
2026-08-18 20:42:14.610,29605.2507
2026-08-18 20:42:15.026,29525.9567
2026-08-18 20:42:15.455,29476.2094
2026-08-18 20:42:15.866,29441.251
2026-08-18 20:42:16.283,29417.0952
2026-08-18 20:42:16.696,29398.9241
2026-08-18 20:42:17.108,29386.0326
2026-08-18 20:42:17.585,29395.0136
2026-08-18 20:42:17.998,29413.8579
2026-08-18 20:42:18.421,29436.8452
2026-08-18 20:42:18.837,29468.7356
2026-08-18 20:42:19.251,29514.1576
2026-08-18 20:42:19.668,29583.3923
2026-08-18 20:42:20.083,29691.0631
2026-08-18 20:42:20.511,29839.7723
2026-08-18 20:42:20.928,30024.5136
2026-08-18 20:42:21.355,30221.7521
2026-08-18 20:42:21.787,30435.6757
2026-08-18 20:42:22.201,30653.6498
2026-08-18 20:42:22.624,30868.7815
2026-08-18 20:42:23.037,31092.1653
2026-08-18 20:42:23.448,31313.5639
2026-08-18 20:42:23.870,31537.9902
2026-08-18 20:42:24.294,31771.0852
2026-08-18 20:42:24.707,32008.1529
2026-08-18 20:42:25.119,32241.4706
2026-08-18 20:42:25.532,32478.2231
2026-08-18 20:42:26.009,32749.2015
2026-08-18 20:42:26.427,32998.2266
2026-08-18 20:42:26.840,33246.3533
2026-08-18 20:42:27.276,33501.9467
2026-08-18 20:42:27.691,33756.8411
2026-08-18 20:42:28.116,33921.4348
2026-08-18 20:42:28.530,33698.9084
2026-08-18 20:42:28.956,33438.7041
2026-08-18 20:42:29.377,33190.1257
2026-08-18 20:42:29.790,32939.9624
2026-08-18 20:42:30.202,32698.2173
2026-08-18 20:42:30.624,32460.4194
2026-08-18 20:42:31.050,32219.6977
2026-08-18 20:42:31.462,31980.6957
2026-08-18 20:42:31.873,31752.5446
2026-08-18 20:42:32.286,31526.9468
2026-08-18 20:42:32.699,31304.2391
2026-08-18 20:42:33.122,31085.3611
2026-08-18 20:42:33.541,30864.0275
2026-08-18 20:42:33.954,30649.1011
2026-08-18 20:42:34.387,30441.57
2026-08-18 20:42:34.815,30230.9595
2026-08-18 20:42:35.231,30036.0379
2026-08-18 20:42:35.643,29875.2427
2026-08-18 20:42:36.055,29761.9411
2026-08-18 20:42:36.489,29688.8311
2026-08-18 20:42:36.901,29637.6454
2026-08-18 20:42:37.314,29602.7215
2026-08-18 20:42:37.729,29575.8734
2026-08-18 20:42:38.144,29554.8636
2026-08-18 20:42:38.556,29538.2038
2026-08-18 20:42:38.972,29531.6687
2026-08-18 20:42:39.385,29542.3633
2026-08-18 20:42:39.798,29556.2404
2026-08-18 20:42:40.219,29575.4911
2026-08-18 20:42:40.635,29604.0339
2026-08-18 20:42:41.051,29648.0542
2026-08-18 20:42:41.471,29719.197
2026-08-18 20:42:41.884,29832.6379
2026-08-18 20:42:42.298,29986.5424
2026-08-18 20:42:42.711,30167.9605
2026-08-18 20:42:43.128,30363.631
2026-08-18 20:42:43.545,30570.4971
2026-08-18 20:42:44.009,30781.9544
2026-08-18 20:42:44.426,30869.1814
2026-08-18 20:42:44.839,30659.1431
2026-08-18 20:42:45.254,30449.9499
2026-08-18 20:42:45.669,30245.5608
2026-08-18 20:42:46.084,30051.5883
2026-08-18 20:42:46.516,29879.2406
2026-08-18 20:42:46.942,29740.1733
2026-08-18 20:42:47.368,29651.4615
2026-08-18 20:42:47.788,29594.5378
2026-08-18 20:42:48.202,29556.3495
2026-08-18 20:42:48.633,29527.7684
2026-08-18 20:42:49.045,29507.2305
2026-08-18 20:42:49.461,29491.5498
2026-08-18 20:42:49.877,29485.2656
2026-08-18 20:42:50.293,29484.6775
2026-08-18 20:42:50.729,29483.2568
2026-08-18 20:42:51.152,29483.1726
2026-08-18 20:42:51.564,29482.1441
2026-08-18 20:42:51.977,29480.6447
2026-08-18 20:42:52.411,29479.0812
2026-08-18 20:42:52.825,29478.2663
2026-08-18 20:42:53.243,29477.0331
2026-08-18 20:42:53.657,29476.3104
2026-08-18 20:42:54.070,29475.3206
2026-08-18 20:42:54.486,29474.404
2026-08-18 20:42:54.898,29482.0158
2026-08-18 20:42:55.311,29499.9776
2026-08-18 20:42:55.749,29522.4686
2026-08-18 20:42:56.161,29554.3657
2026-08-18 20:42:56.585,29597.3846
2026-08-18 20:42:57.001,29664.2921
2026-08-18 20:42:57.418,29763.9411
2026-08-18 20:42:57.854,29903.8782
2026-08-18 20:42:58.267,30083.8471
2026-08-18 20:42:58.681,30273.0361
2026-08-18 20:42:59.099,30473.2551
2026-08-18 20:42:59.512,30682.0594
2026-08-18 20:42:59.974,30918.0782
2026-08-18 20:43:00.404,31141.2432
2026-08-18 20:43:00.818,31360.4468
2026-08-18 20:43:01.231,31583.2972
2026-08-18 20:43:01.653,31808.2915
2026-08-18 20:43:02.074,32041.3554
2026-08-18 20:43:02.487,32276.4855
2026-08-18 20:43:02.911,32510.3558
2026-08-18 20:43:03.329,32753.9108
2026-08-18 20:43:03.742,32996.6564
2026-08-18 20:43:04.173,33238.5958
2026-08-18 20:43:04.585,33495.4712
2026-08-18 20:43:04.999,33744.1908
2026-08-18 20:43:05.422,33976.9036
2026-08-18 20:43:05.835,33843.3805
2026-08-18 20:43:06.275,33583.2089
2026-08-18 20:43:06.697,33326.3824
2026-08-18 20:43:07.122,33074.2098
2026-08-18 20:43:07.533,32824.8438
2026-08-18 20:43:07.947,32585.7455
2026-08-18 20:43:08.372,32349.6116
2026-08-18 20:43:08.799,32108.6249
2026-08-18 20:43:09.212,31871.2105
2026-08-18 20:43:09.625,31644.3924
2026-08-18 20:43:10.037,31420.406
2026-08-18 20:43:10.476,31200.706
2026-08-18 20:43:10.908,30963.681
2026-08-18 20:43:11.322,30747.9823
2026-08-18 20:43:11.755,30532.4425
2026-08-18 20:43:12.169,30328.2246
2026-08-18 20:43:12.588,30135.4858
2026-08-18 20:43:13.011,29969.1427
2026-08-18 20:43:13.437,29842.7015
2026-08-18 20:43:13.854,29760.7034
2026-08-18 20:43:14.267,29707.3539
2026-08-18 20:43:14.703,29668.0831
2026-08-18 20:43:15.118,29638.7328
2026-08-18 20:43:15.532,29616.3606
2026-08-18 20:43:15.946,29598.5995
2026-08-18 20:43:16.366,29589.2566
2026-08-18 20:43:16.792,29599.4033
2026-08-18 20:43:17.204,29613.7699
2026-08-18 20:43:17.623,29633.0221
2026-08-18 20:43:18.050,29661.4421
2026-08-18 20:43:18.463,29706.108
2026-08-18 20:43:18.889,29778.8874
2026-08-18 20:43:19.302,29889.6257
2026-08-18 20:43:19.715,30041.9325
2026-08-18 20:43:20.131,30222.5151
2026-08-18 20:43:20.547,30419.2809
2026-08-18 20:43:21.008,30648.8776
2026-08-18 20:43:21.425,30859.0217
2026-08-18 20:43:21.839,30940.8188
2026-08-18 20:43:22.252,30736.0815
2026-08-18 20:43:22.666,30527.8824
2026-08-18 20:43:23.102,30324.8979
2026-08-18 20:43:23.518,30121.2086
2026-08-18 20:43:23.931,29948.5311
2026-08-18 20:43:24.355,29814.9303
2026-08-18 20:43:24.773,29724.0623
2026-08-18 20:43:25.204,29666.7107
2026-08-18 20:43:25.632,29626.3501
2026-08-18 20:43:26.043,29597.728
2026-08-18 20:43:26.464,29577.1319
2026-08-18 20:43:26.878,29561.0431
2026-08-18 20:43:27.304,29559.7432
2026-08-18 20:43:27.717,29576.1426
2026-08-18 20:43:28.141,29595.4486
2026-08-18 20:43:28.560,29622.0863
2026-08-18 20:43:28.977,29660.0348
2026-08-18 20:43:29.407,29717.4778
2026-08-18 20:43:29.820,29810.9716
2026-08-18 20:43:30.239,29943.25
2026-08-18 20:43:30.651,30112.9237
2026-08-18 20:43:31.065,30300.6204
2026-08-18 20:43:31.501,30500.3329
2026-08-18 20:43:31.935,30725.1166
2026-08-18 20:43:32.349,30939.6453
2026-08-18 20:43:32.761,31154.3975
2026-08-18 20:43:33.174,31372.7528
2026-08-18 20:43:33.610,31593.5662
2026-08-18 20:43:34.022,31830.1726
2026-08-18 20:43:34.433,32057.7402
2026-08-18 20:43:34.847,32287.9562
2026-08-18 20:43:35.260,32521.4126
2026-08-18 20:43:35.673,32757.4057
2026-08-18 20:43:36.094,32998.1813
2026-08-18 20:43:36.514,33239.9652
2026-08-18 20:43:36.941,33487.0964
2026-08-18 20:43:37.355,33741.4952
2026-08-18 20:43:37.780,33989.8369
2026-08-18 20:43:38.242,33905.6618
2026-08-18 20:43:38.660,33651.9472
2026-08-18 20:43:39.123,33371.0494
2026-08-18 20:43:39.539,33122.806
2026-08-18 20:43:39.954,32876.8126
2026-08-18 20:43:40.418,32606.8611
2026-08-18 20:43:40.830,32368.0741
2026-08-18 20:43:41.245,32135.1318
2026-08-18 20:43:41.658,31904.1627
2026-08-18 20:43:42.084,31675.4566
2026-08-18 20:43:42.500,31443.3685
2026-08-18 20:43:42.927,31219.8071
2026-08-18 20:43:43.340,30994.375
2026-08-18 20:43:43.753,30781.1342
2026-08-18 20:43:44.165,30572.5935
2026-08-18 20:43:44.577,30370.409
2026-08-18 20:43:45.005,30178.7719
2026-08-18 20:43:45.481,29987.7884
2026-08-18 20:43:45.893,29864.3265
2026-08-18 20:43:46.305,29787.9992
2026-08-18 20:43:46.731,29736.9324
2026-08-18 20:43:47.143,29698.8413
2026-08-18 20:43:47.586,29669.6622
2026-08-18 20:43:47.998,29646.5719
2026-08-18 20:43:48.426,29628.9029
2026-08-18 20:43:48.841,29620.2918
2026-08-18 20:43:49.253,29630.2165
2026-08-18 20:43:49.719,29645.1534
2026-08-18 20:43:50.146,29664.4355
2026-08-18 20:43:50.562,29693.9518
2026-08-18 20:43:50.977,29739.332
2026-08-18 20:43:51.390,29813.1728
2026-08-18 20:43:51.827,29928.2312
2026-08-18 20:43:52.253,30093.662
2026-08-18 20:43:52.666,30281.8382
2026-08-18 20:43:53.080,30478.5999
2026-08-18 20:43:53.546,30682.7985
2026-08-18 20:43:53.973,30926.0757
2026-08-18 20:43:54.398,30900.8695
2026-08-18 20:43:54.812,30682.0332
2026-08-18 20:43:55.232,30473.0489
2026-08-18 20:43:55.646,30268.1615
2026-08-18 20:43:56.083,30078.9154
2026-08-18 20:43:56.495,29906.8721
2026-08-18 20:43:56.922,29787.2053
2026-08-18 20:43:57.339,29707.2695
2026-08-18 20:43:57.751,29656.2043
2026-08-18 20:43:58.168,29620.7141
2026-08-18 20:43:58.586,29593.4534
2026-08-18 20:43:59.011,29572.1534
2026-08-18 20:43:59.439,29555.6061
2026-08-18 20:43:59.872,29551.384
2026-08-18 20:44:00.286,29549.0158
2026-08-18 20:44:00.702,29547.3607
2026-08-18 20:44:01.114,29545.9498
2026-08-18 20:44:01.532,29543.2411
2026-08-18 20:44:01.997,29540.4265
2026-08-18 20:44:02.421,29538.0116
2026-08-18 20:44:02.849,29535.6375
2026-08-18 20:44:03.262,29532.858
2026-08-18 20:44:03.696,29529.3878
2026-08-18 20:44:04.112,29526.0179
2026-08-18 20:44:04.526,29524.9077
2026-08-18 20:44:04.944,29536.116
2026-08-18 20:44:05.360,29553.6367
2026-08-18 20:44:05.775,29577.0279
2026-08-18 20:44:06.187,29609.5939
2026-08-18 20:44:06.601,29656.9132
2026-08-18 20:44:07.013,29729.1944
2026-08-18 20:44:07.426,29837.5855
2026-08-18 20:44:07.871,29984.3995
2026-08-18 20:44:08.295,30172.2409
2026-08-18 20:44:08.712,30368.2172
2026-08-18 20:44:09.140,30569.7188
2026-08-18 20:44:09.558,30781.5733
2026-08-18 20:44:10.000,30992.8577
2026-08-18 20:44:10.417,31219.259
2026-08-18 20:44:10.829,31436.6158
2026-08-18 20:44:11.242,31655.5659
2026-08-18 20:44:11.661,31877.2343
2026-08-18 20:44:12.075,32104.9653
2026-08-18 20:44:12.487,32332.3425
2026-08-18 20:44:12.930,32562.2746
2026-08-18 20:44:13.365,32819.156
2026-08-18 20:44:13.791,33060.2418
2026-08-18 20:44:14.202,33307.2747
2026-08-18 20:44:14.616,33549.1134
2026-08-18 20:44:15.055,33794.6726
2026-08-18 20:44:15.467,33924.5796
2026-08-18 20:44:15.881,33689.8576
2026-08-18 20:44:16.294,33439.3149
2026-08-18 20:44:16.708,33192.3585
2026-08-18 20:44:17.120,32947.8188
2026-08-18 20:44:17.550,32698.0781
2026-08-18 20:44:17.975,32453.7381
2026-08-18 20:44:18.390,32220.8618
2026-08-18 20:44:18.804,31989.587
2026-08-18 20:44:19.225,31761.3324
2026-08-18 20:44:19.641,31532.1654
2026-08-18 20:44:20.054,31309.3038
2026-08-18 20:44:20.481,31084.2593
2026-08-18 20:44:20.916,30862.5287
2026-08-18 20:44:21.327,30648.5772
2026-08-18 20:44:21.753,30444.1856
2026-08-18 20:44:22.168,30238.8723
2026-08-18 20:44:22.580,30053.9842
2026-08-18 20:44:22.993,29899.1901
2026-08-18 20:44:23.409,29786.992
2026-08-18 20:44:23.846,29713.0364
2026-08-18 20:44:24.259,29659.7015
2026-08-18 20:44:24.672,29622.8888
2026-08-18 20:44:25.094,29594.3975
2026-08-18 20:44:25.507,29570.419
2026-08-18 20:44:25.926,29551.643
2026-08-18 20:44:26.339,29545.1136
2026-08-18 20:44:26.753,29554.2784
2026-08-18 20:44:27.164,29566.5564
2026-08-18 20:44:27.596,29584.5473
2026-08-18 20:44:28.008,29612.369
2026-08-18 20:44:28.422,29654.4492
2026-08-18 20:44:28.847,29726.1272
2026-08-18 20:44:29.261,29842.8612
2026-08-18 20:44:29.673,29995.7832
2026-08-18 20:44:30.092,30173.8942
2026-08-18 20:44:30.522,30368.3787
2026-08-18 20:44:30.937,30576.527
2026-08-18 20:44:31.351,30780.983
2026-08-18 20:44:31.770,30821.3756
2026-08-18 20:44:32.184,30607.916
2026-08-18 20:44:32.599,30400.6471
2026-08-18 20:44:33.015,30199.5893
2026-08-18 20:44:33.442,30008.3463
2026-08-18 20:44:33.859,29833.3835
2026-08-18 20:44:34.272,29701.0771
2026-08-18 20:44:34.683,29614.9091
2026-08-18 20:44:35.097,29558.495
2026-08-18 20:44:35.509,29518.6953
2026-08-18 20:44:35.922,29489.3913
2026-08-18 20:44:36.350,29467.1809
2026-08-18 20:44:36.812,29447.9456
2026-08-18 20:44:37.245,29447.9971
2026-08-18 20:44:37.659,29461.5692
2026-08-18 20:44:38.070,29478.9241
2026-08-18 20:44:38.483,29503.3374
2026-08-18 20:44:38.896,29539.1827
2026-08-18 20:44:39.312,29594.3033
2026-08-18 20:44:39.731,29682.4124
2026-08-18 20:44:40.154,29813.0601
2026-08-18 20:44:40.568,29980.4824
2026-08-18 20:44:40.981,30163.9653
2026-08-18 20:44:41.393,30357.9878
2026-08-18 20:44:41.806,30557.9465
2026-08-18 20:44:42.223,30762.2109
2026-08-18 20:44:42.641,30973.2926
2026-08-18 20:44:43.072,31187.7027
2026-08-18 20:44:43.499,31412.701
2026-08-18 20:44:43.917,31638.1255
2026-08-18 20:44:44.329,31861.0251
2026-08-18 20:44:44.741,32084.0514
2026-08-18 20:44:45.202,32337.0395
2026-08-18 20:44:45.616,32565.9985
2026-08-18 20:44:46.029,32797.2005
2026-08-18 20:44:46.442,33031.0716
2026-08-18 20:44:46.870,33276.0471
2026-08-18 20:44:47.283,33514.9292
2026-08-18 20:44:47.702,33750.3032
2026-08-18 20:44:48.115,33663.8845
2026-08-18 20:44:48.528,33415.4782
2026-08-18 20:44:48.958,33168.1127
2026-08-18 20:44:49.371,32913.7888
2026-08-18 20:44:49.784,32673.9664
2026-08-18 20:44:50.197,32437.1997
2026-08-18 20:44:50.612,32204.3428
2026-08-18 20:44:51.026,31973.4548
2026-08-18 20:44:51.438,31745.6854
2026-08-18 20:44:51.849,31522.8431
2026-08-18 20:44:52.271,31302.2384
2026-08-18 20:44:52.738,31053.0207
2026-08-18 20:44:53.152,30840.3214
2026-08-18 20:44:53.565,30630.2248
2026-08-18 20:44:53.987,30424.7998
2026-08-18 20:44:54.399,30219.8547
2026-08-18 20:44:54.861,30007.6718
2026-08-18 20:44:55.280,29838.9443
2026-08-18 20:44:55.692,29709.8149
2026-08-18 20:44:56.104,29626.7786
2026-08-18 20:44:56.516,29571.4516
2026-08-18 20:44:56.928,29531.7599
2026-08-18 20:44:57.347,29501.5151
2026-08-18 20:44:57.790,29477.7899
2026-08-18 20:44:58.202,29457.5592
2026-08-18 20:44:58.629,29444.4044
2026-08-18 20:44:59.042,29450.7466
2026-08-18 20:44:59.469,29462.1824
2026-08-18 20:44:59.915,29477.9279
2026-08-18 20:45:00.350,29504.574
2026-08-18 20:45:00.763,29543.6758
2026-08-18 20:45:01.185,29605.8271
2026-08-18 20:45:01.598,29708.8048
2026-08-18 20:45:02.028,29851.1365
2026-08-18 20:45:02.442,30031.1439
2026-08-18 20:45:02.855,30220.2803
2026-08-18 20:45:03.268,30417.1501
2026-08-18 20:45:03.681,30619.3469
2026-08-18 20:45:04.092,30751.4483
2026-08-18 20:45:04.505,30573.9463
2026-08-18 20:45:04.918,30369.7484
2026-08-18 20:45:05.332,30170.3106
2026-08-18 20:45:05.750,29978.5899
2026-08-18 20:45:06.163,29802.4292
2026-08-18 20:45:06.575,29661.8008
2026-08-18 20:45:06.986,29565.4288
2026-08-18 20:45:07.413,29501.8365
2026-08-18 20:45:07.825,29460.4646
2026-08-18 20:45:08.239,29430.5138
2026-08-18 20:45:08.699,29405.5637
2026-08-18 20:45:09.111,29388.77
2026-08-18 20:45:09.525,29378.5259
2026-08-18 20:45:09.942,29377.0552
2026-08-18 20:45:10.354,29374.8062
2026-08-18 20:45:10.771,29373.6057
2026-08-18 20:45:11.183,29372.0112
2026-08-18 20:45:11.600,29369.8643
2026-08-18 20:45:12.012,29367.8857
2026-08-18 20:45:12.453,29365.9531
2026-08-18 20:45:12.886,29364.052
2026-08-18 20:45:13.311,29362.5155
2026-08-18 20:45:13.724,29360.9728
2026-08-18 20:45:14.137,29359.5633
2026-08-18 20:45:14.549,29362.2888
2026-08-18 20:45:14.971,29377.465
2026-08-18 20:45:15.393,29397.4161
2026-08-18 20:45:15.805,29423.9225
2026-08-18 20:45:16.224,29460.6972
2026-08-18 20:45:16.638,29516.1831
2026-08-18 20:45:17.057,29600.1024
2026-08-18 20:45:17.475,29724.1758
2026-08-18 20:45:17.887,29882.7374
2026-08-18 20:45:18.315,30067.6944
2026-08-18 20:45:18.728,30259.3483
2026-08-18 20:45:19.142,30458.5597
2026-08-18 20:45:19.556,30662.5564
2026-08-18 20:45:19.983,30870.5582
2026-08-18 20:45:20.442,31113.0336
2026-08-18 20:45:20.862,31327.9769
2026-08-18 20:45:21.288,31549.8534
2026-08-18 20:45:21.702,31777.6458
2026-08-18 20:45:22.115,32001.6751
2026-08-18 20:45:22.581,32257.9677
2026-08-18 20:45:22.995,32488.562
2026-08-18 20:45:23.409,32722.5122
2026-08-18 20:45:23.829,32958.3156
2026-08-18 20:45:24.247,33201.8197
2026-08-18 20:45:24.680,33447.0174
2026-08-18 20:45:25.093,33703.3253
2026-08-18 20:45:25.517,33664.6939
2026-08-18 20:45:25.935,33412.2901
2026-08-18 20:45:26.347,33166.0782
2026-08-18 20:45:26.759,32925.7004
2026-08-18 20:45:27.219,32688.5334
2026-08-18 20:45:27.639,32424.3471
2026-08-18 20:45:28.051,32192.8421
2026-08-18 20:45:28.478,31957.1401
2026-08-18 20:45:28.903,31732.8775
2026-08-18 20:45:29.317,31503.9666
2026-08-18 20:45:29.782,31258.5157
2026-08-18 20:45:30.193,31042.2714
2026-08-18 20:45:30.622,30823.0931
2026-08-18 20:45:31.042,30614.6147
2026-08-18 20:45:31.455,30406.4806
2026-08-18 20:45:31.894,30207.8052
2026-08-18 20:45:32.306,30006.9707
2026-08-18 20:45:32.718,29841.537
2026-08-18 20:45:33.132,29715.6257
2026-08-18 20:45:33.545,29632.7586
2026-08-18 20:45:33.972,29577.9814
2026-08-18 20:45:34.384,29538.1003
2026-08-18 20:45:34.850,29506.0703
2026-08-18 20:45:35.275,29483.8275
2026-08-18 20:45:35.688,29465.9401
2026-08-18 20:45:36.118,29455.7909
2026-08-18 20:45:36.554,29465.4111
2026-08-18 20:45:36.969,29478.9106
2026-08-18 20:45:37.381,29497.4028
2026-08-18 20:45:37.820,29525.0931
2026-08-18 20:45:38.233,29567.8778
2026-08-18 20:45:38.660,29637.9508
2026-08-18 20:45:39.073,29746.1266
2026-08-18 20:45:39.487,29894.8135
2026-08-18 20:45:39.915,30071.1013
2026-08-18 20:45:40.342,30269.2024
2026-08-18 20:45:40.756,30476.3402
2026-08-18 20:45:41.168,30681.9529
2026-08-18 20:45:41.580,30781.5525
2026-08-18 20:45:42.049,30587.9566
2026-08-18 20:45:42.495,30340.2809
2026-08-18 20:45:42.909,30141.7799
2026-08-18 20:45:43.374,29933.0594
2026-08-18 20:45:43.800,29770.8291
2026-08-18 20:45:44.212,29646.1454
2026-08-18 20:45:44.639,29565.8102
2026-08-18 20:45:45.061,29515.57
2026-08-18 20:45:45.475,29479.7639
2026-08-18 20:45:45.890,29454.0768
2026-08-18 20:45:46.307,29434.4925
2026-08-18 20:45:46.719,29419.6116
2026-08-18 20:45:47.134,29422.391
2026-08-18 20:45:47.559,29437.3753
2026-08-18 20:45:48.030,29456.9959
2026-08-18 20:45:48.449,29487.943
2026-08-18 20:45:48.876,29528.276
2026-08-18 20:45:49.296,29592.6493
2026-08-18 20:45:49.710,29692.5544
2026-08-18 20:45:50.134,29832.6026
2026-08-18 20:45:50.548,30007.9289
2026-08-18 20:45:50.959,30195.2529
2026-08-18 20:45:51.372,30391.2311
2026-08-18 20:45:51.785,30593.7235
2026-08-18 20:45:52.199,30800.6155
2026-08-18 20:45:52.619,31011.2391
2026-08-18 20:45:53.031,31227.8055
2026-08-18 20:45:53.444,31443.7739
2026-08-18 20:45:53.856,31663.076
2026-08-18 20:45:54.268,31884.8058
2026-08-18 20:45:54.680,32109.2367
2026-08-18 20:45:55.093,32336.6635
2026-08-18 20:45:55.506,32566.9494
2026-08-18 20:45:55.942,32800.4456
2026-08-18 20:45:56.354,33050.3016
2026-08-18 20:45:56.782,33289.4366
2026-08-18 20:45:57.196,33541.3097
2026-08-18 20:45:57.609,33772.3086
2026-08-18 20:45:58.021,33657.0389
2026-08-18 20:45:58.466,33390.5979
2026-08-18 20:45:58.891,33145.3764
2026-08-18 20:45:59.304,32895.8504
2026-08-18 20:45:59.718,32657.0391
2026-08-18 20:46:00.131,32421.2536
2026-08-18 20:46:00.542,32188.9777
2026-08-18 20:46:00.956,31959.664
2026-08-18 20:46:01.370,31732.5946
2026-08-18 20:46:01.811,31508.7541
2026-08-18 20:46:02.224,31273.4868
2026-08-18 20:46:02.637,31056.5854
2026-08-18 20:46:03.049,30842.5139
2026-08-18 20:46:03.476,30625.0705
2026-08-18 20:46:03.888,30419.1718
2026-08-18 20:46:04.301,30218.5155
2026-08-18 20:46:04.714,30027.5611
2026-08-18 20:46:05.184,29857.6234
2026-08-18 20:46:05.602,29711.8258
2026-08-18 20:46:06.015,29631.6068
2026-08-18 20:46:06.434,29578.3001
2026-08-18 20:46:06.849,29539.1092
2026-08-18 20:46:07.262,29509.2585
2026-08-18 20:46:07.677,29486.0196
2026-08-18 20:46:08.091,29467.1451
2026-08-18 20:46:08.549,29454.509
2026-08-18 20:46:08.961,29461.9682
2026-08-18 20:46:09.373,29473.0621
2026-08-18 20:46:09.797,29488.6155
2026-08-18 20:46:10.212,29512.6939
2026-08-18 20:46:10.623,29550.0901
2026-08-18 20:46:11.040,29610.9561
2026-08-18 20:46:11.454,29710.609
2026-08-18 20:46:11.866,29851.8691
2026-08-18 20:46:12.288,30022.7742
2026-08-18 20:46:12.701,30214.8935
2026-08-18 20:46:13.123,30412.1179
2026-08-18 20:46:13.536,30619.4607
2026-08-18 20:46:13.952,30761.8013
2026-08-18 20:46:14.366,30588.4458
2026-08-18 20:46:14.778,30381.6719
2026-08-18 20:46:15.222,30181.31
2026-08-18 20:46:15.648,29976.6834
2026-08-18 20:46:16.061,29802.6582
2026-08-18 20:46:16.489,29659.0147
2026-08-18 20:46:16.911,29572.5017
2026-08-18 20:46:17.343,29518.9033
2026-08-18 20:46:17.756,29483.2152
2026-08-18 20:46:18.168,29453.2147
2026-08-18 20:46:18.582,29420.03
2026-08-18 20:46:18.997,29399.0144
2026-08-18 20:46:19.416,29387.0821
2026-08-18 20:46:19.882,29384.3739
2026-08-18 20:46:20.308,29381.5415
2026-08-18 20:46:20.720,29380.0229
2026-08-18 20:46:21.134,29378.4448
2026-08-18 20:46:21.547,29376.45
2026-08-18 20:46:21.960,29374.3095
2026-08-18 20:46:22.398,29372.1151
2026-08-18 20:46:22.812,29370.1188
2026-08-18 20:46:23.225,29368.1701
2026-08-18 20:46:23.650,29366.8258
2026-08-18 20:46:24.067,29365.3609
2026-08-18 20:46:24.546,29371.6004
2026-08-18 20:46:24.960,29388.5582
2026-08-18 20:46:25.372,29409.5578
2026-08-18 20:46:25.784,29437.7659
2026-08-18 20:46:26.200,29477.8955
2026-08-18 20:46:26.645,29538.6102
2026-08-18 20:46:27.058,29639.4743
2026-08-18 20:46:27.472,29773.1604
2026-08-18 20:46:27.900,29944.3636
2026-08-18 20:46:28.320,30128.6307
2026-08-18 20:46:28.736,30326.9252
2026-08-18 20:46:29.161,30529.2435
2026-08-18 20:46:29.584,30741.1851
2026-08-18 20:46:29.997,30955.514
2026-08-18 20:46:30.421,31168.6015
2026-08-18 20:46:30.834,31391.0259
2026-08-18 20:46:31.299,31610.3614
2026-08-18 20:46:31.718,31863.5279
2026-08-18 20:46:32.138,32089.4335
2026-08-18 20:46:32.553,32322.1523
2026-08-18 20:46:32.966,32555.1737
2026-08-18 20:46:33.378,32789.2579
2026-08-18 20:46:33.823,33026.2411
2026-08-18 20:46:34.237,33285.0544
2026-08-18 20:46:34.651,33528.9676
2026-08-18 20:46:35.076,33753.4592
2026-08-18 20:46:35.489,33613.4936
2026-08-18 20:46:35.901,33366.9531
2026-08-18 20:46:36.397,33073.5472
2026-08-18 20:46:36.809,32832.5742
2026-08-18 20:46:37.221,32595.1698
2026-08-18 20:46:37.633,32360.8461
2026-08-18 20:46:38.046,32129.9526
2026-08-18 20:46:38.484,31891.111
2026-08-18 20:46:38.897,31662.7464
2026-08-18 20:46:39.326,31432.0424
2026-08-18 20:46:39.739,31212.9997
2026-08-18 20:46:40.152,30996.6314
2026-08-18 20:46:40.569,30784.9536
2026-08-18 20:46:40.983,30573.7142
2026-08-18 20:46:41.409,30362.4129
2026-08-18 20:46:41.844,30156.8015
2026-08-18 20:46:42.258,29967.9261
2026-08-18 20:46:42.687,29801.8137
2026-08-18 20:46:43.099,29685.7049
2026-08-18 20:46:43.513,29610.432
2026-08-18 20:46:43.928,29559.4344
2026-08-18 20:46:44.351,29522.6395
2026-08-18 20:46:44.765,29493.7221
2026-08-18 20:46:45.181,29471.6432
2026-08-18 20:46:45.645,29451.9882
2026-08-18 20:46:46.058,29444.0653
2026-08-18 20:46:46.481,29453.8742
2026-08-18 20:46:46.894,29467.0345
2026-08-18 20:46:47.308,29485.1448
2026-08-18 20:46:47.720,29511.8843
2026-08-18 20:46:48.133,29552.9048
2026-08-18 20:46:48.547,29619.2236
2026-08-18 20:46:48.963,29724.8077
2026-08-18 20:46:49.387,29872.9272
2026-08-18 20:46:49.816,30059.6991
2026-08-18 20:46:50.234,30251.0097
2026-08-18 20:46:50.647,30453.5966
2026-08-18 20:46:51.060,30658.6585
2026-08-18 20:46:51.506,30765.0354
2026-08-18 20:46:51.921,30555.6472
2026-08-18 20:46:52.336,30348.8895
2026-08-18 20:46:52.747,30148.276
2026-08-18 20:46:53.167,29959.21
2026-08-18 20:46:53.631,29768.2576
2026-08-18 20:46:54.057,29639.5795
2026-08-18 20:46:54.470,29552.9861
2026-08-18 20:46:54.881,29499.0465
2026-08-18 20:46:55.294,29461.8924
2026-08-18 20:46:55.707,29434.7329
2026-08-18 20:46:56.173,29411.949
2026-08-18 20:46:56.586,29396.7131
2026-08-18 20:46:57.000,29397.416
2026-08-18 20:46:57.417,29412.5089
2026-08-18 20:46:57.830,29431.3592
2026-08-18 20:46:58.242,29456.467
2026-08-18 20:46:58.667,29494.0343
2026-08-18 20:46:59.092,29550.0114
2026-08-18 20:46:59.506,29641.0656
2026-08-18 20:46:59.922,29771.8026
2026-08-18 20:47:00.334,29937.163
2026-08-18 20:47:00.750,30121.389
2026-08-18 20:47:01.164,30318.8931
2026-08-18 20:47:01.580,30521.8296
2026-08-18 20:47:01.995,30730.1173
2026-08-18 20:47:02.411,30941.7749
2026-08-18 20:47:02.836,31157.6398
2026-08-18 20:47:03.249,31381.7959
2026-08-18 20:47:03.661,31602.2553
2026-08-18 20:47:04.087,31825.2454
2026-08-18 20:47:04.504,32058.8657
2026-08-18 20:47:04.917,32290.7437
2026-08-18 20:47:05.332,32523.2208
2026-08-18 20:47:05.760,32759.4715
2026-08-18 20:47:06.179,33005.7181
2026-08-18 20:47:06.600,33250.2998
2026-08-18 20:47:07.032,33499.07
2026-08-18 20:47:07.452,33756.7429
2026-08-18 20:47:07.866,33703.3935
2026-08-18 20:47:08.280,33454.7447
2026-08-18 20:47:08.711,33201.4038
2026-08-18 20:47:09.140,32956.0639
2026-08-18 20:47:09.564,32707.1097
2026-08-18 20:47:09.977,32464.3981
2026-08-18 20:47:10.402,32231.5442
2026-08-18 20:47:10.817,31994.4089
2026-08-18 20:47:11.262,31766.3007
2026-08-18 20:47:11.676,31525.0292
2026-08-18 20:47:12.088,31303.2687
2026-08-18 20:47:12.515,31086.2861
2026-08-18 20:47:12.927,30866.4136
2026-08-18 20:47:13.403,30630.3246
2026-08-18 20:47:13.820,30421.0092
2026-08-18 20:47:14.231,30219.1404
2026-08-18 20:47:14.645,30030.5046
2026-08-18 20:47:15.058,29863.5634
2026-08-18 20:47:15.502,29738.1085
2026-08-18 20:47:15.916,29651.827
2026-08-18 20:47:16.330,29599.9385
2026-08-18 20:47:16.742,29563.0025
2026-08-18 20:47:17.155,29534.9446
2026-08-18 20:47:17.569,29512.9199
2026-08-18 20:47:17.985,29495.3208
2026-08-18 20:47:18.398,29483.5448
2026-08-18 20:47:18.810,29491.2623
2026-08-18 20:47:19.230,29503.9531
2026-08-18 20:47:19.656,29521.4771
2026-08-18 20:47:20.081,29547.4098
2026-08-18 20:47:20.492,29586.7743
2026-08-18 20:47:20.910,29647.6877
2026-08-18 20:47:21.322,29747.9797
2026-08-18 20:47:21.735,29890.0127
2026-08-18 20:47:22.148,30063.8061
2026-08-18 20:47:22.561,30255.546
2026-08-18 20:47:22.990,30456.6946
2026-08-18 20:47:23.416,30672.1849
2026-08-18 20:47:23.830,30836.0994
2026-08-18 20:47:24.251,30672.8607
2026-08-18 20:47:24.667,30461.259
2026-08-18 20:47:25.126,30257.5239
2026-08-18 20:47:25.539,30043.5141
2026-08-18 20:47:25.951,29868.8946
2026-08-18 20:47:26.371,29729.7292
2026-08-18 20:47:26.785,29633.5165
2026-08-18 20:47:27.205,29573.4555
2026-08-18 20:47:27.618,29532.5057
2026-08-18 20:47:28.046,29502.795
2026-08-18 20:47:28.467,29481.6519
2026-08-18 20:47:28.883,29465.1057
2026-08-18 20:47:29.296,29455.72
2026-08-18 20:47:29.713,29455.4128
2026-08-18 20:47:30.125,29454.4643
2026-08-18 20:47:30.540,29454.7849
2026-08-18 20:47:30.954,29454.3423
2026-08-18 20:47:31.370,29453.1744
2026-08-18 20:47:31.784,29452.0634
2026-08-18 20:47:32.196,29451.0956
2026-08-18 20:47:32.659,29449.7134
2026-08-18 20:47:33.086,29448.7841
2026-08-18 20:47:33.499,29448.0517
2026-08-18 20:47:33.911,29447.2865
2026-08-18 20:47:34.338,29451.3187
2026-08-18 20:47:34.772,29467.4957
2026-08-18 20:47:35.200,29489.3619
2026-08-18 20:47:35.615,29517.8573
2026-08-18 20:47:36.029,29556.7933
2026-08-18 20:47:36.442,29614.7982
2026-08-18 20:47:36.857,29702.547
2026-08-18 20:47:37.323,29849.1109
2026-08-18 20:47:37.737,30013.6182
2026-08-18 20:47:38.164,30199.1845
2026-08-18 20:47:38.578,30402.99
2026-08-18 20:47:38.992,30607.514
2026-08-18 20:47:39.421,30816.7866
2026-08-18 20:47:39.844,31037.6885
2026-08-18 20:47:40.256,31259.0462
2026-08-18 20:47:40.684,31478.5038
2026-08-18 20:47:41.096,31709.2608
2026-08-18 20:47:41.508,31934.2746
2026-08-18 20:47:41.922,32163.0024
2026-08-18 20:47:42.434,32442.2951
2026-08-18 20:47:42.846,32685.6311
2026-08-18 20:47:43.258,32923.9348
2026-08-18 20:47:43.669,33164.7915
2026-08-18 20:47:44.131,33436.7582
2026-08-18 20:47:44.544,33684.2249
2026-08-18 20:47:44.961,33912.6849
2026-08-18 20:47:45.373,33777.3758
2026-08-18 20:47:45.787,33527.7866
2026-08-18 20:47:46.214,33271.1422
2026-08-18 20:47:46.637,33025.9583
2026-08-18 20:47:47.050,32778.4682
2026-08-18 20:47:47.465,32539.6709
2026-08-18 20:47:47.884,32303.5777
2026-08-18 20:47:48.307,32068.0678
2026-08-18 20:47:48.720,31833.6521
2026-08-18 20:47:49.132,31607.4985
2026-08-18 20:47:49.546,31384.7022
2026-08-18 20:47:49.958,31164.5827
2026-08-18 20:47:50.372,30948.1166
2026-08-18 20:47:50.833,30710.2205
2026-08-18 20:47:51.247,30501.5914
2026-08-18 20:47:51.671,30298.9863
2026-08-18 20:47:52.087,30102.0054
2026-08-18 20:47:52.555,29933.0334
2026-08-18 20:47:52.982,29792.4038
2026-08-18 20:47:53.394,29713.0465
2026-08-18 20:47:53.807,29661.1705
2026-08-18 20:47:54.220,29623.2972
2026-08-18 20:47:54.633,29594.2189
2026-08-18 20:47:55.051,29571.1519
2026-08-18 20:47:55.468,29552.4347
2026-08-18 20:47:55.882,29541.5381
2026-08-18 20:47:56.393,29552.2642
2026-08-18 20:47:56.810,29565.8609
2026-08-18 20:47:57.224,29584.6289
2026-08-18 20:47:57.688,29612.4486
2026-08-18 20:47:58.107,29663.4774
2026-08-18 20:47:58.520,29739.1672
2026-08-18 20:47:58.934,29856.4503
2026-08-18 20:47:59.352,30013.8114
2026-08-18 20:47:59.765,30197.9756
2026-08-18 20:48:00.205,30394.0792
2026-08-18 20:48:00.641,30617.8339
2026-08-18 20:48:01.057,30830.6407
2026-08-18 20:48:01.470,30819.5674
2026-08-18 20:48:01.884,30606.8031
2026-08-18 20:48:02.323,30391.6409
2026-08-18 20:48:02.737,30185.5335
2026-08-18 20:48:03.150,29997.012
2026-08-18 20:48:03.563,29833.8162
2026-08-18 20:48:03.981,29712.5755
2026-08-18 20:48:04.395,29632.4076
2026-08-18 20:48:04.812,29580.5788
2026-08-18 20:48:05.224,29544.1618
2026-08-18 20:48:05.642,29517.7441
2026-08-18 20:48:06.058,29497.0037
2026-08-18 20:48:06.473,29481.5199
2026-08-18 20:48:06.892,29483.5981
2026-08-18 20:48:07.307,29498.6278
2026-08-18 20:48:07.720,29517.3492
2026-08-18 20:48:08.147,29542.8461
2026-08-18 20:48:08.613,29581.1769
2026-08-18 20:48:09.032,29649.6556
2026-08-18 20:48:09.454,29746.5049
2026-08-18 20:48:09.865,29888.2622
2026-08-18 20:48:10.279,30058.4841
2026-08-18 20:48:10.700,30248.0258
2026-08-18 20:48:11.137,30451.4739
2026-08-18 20:48:11.551,30669.278
2026-08-18 20:48:11.976,30879.6072
2026-08-18 20:48:12.389,31099.8117
2026-08-18 20:48:12.801,31317.3705
2026-08-18 20:48:13.215,31537.3952
2026-08-18 20:48:13.635,31761.0372
2026-08-18 20:48:14.075,31991.6076
2026-08-18 20:48:14.503,32243.8241
2026-08-18 20:48:14.925,32476.4709
2026-08-18 20:48:15.339,32717.2198
2026-08-18 20:48:15.751,32956.1093
2026-08-18 20:48:16.183,33196.2476
2026-08-18 20:48:16.610,33452.0374
2026-08-18 20:48:17.023,33707.0763
2026-08-18 20:48:17.456,33914.9511
2026-08-18 20:48:17.869,33730.5223
2026-08-18 20:48:18.282,33479.0334
2026-08-18 20:48:18.695,33230.5646
2026-08-18 20:48:19.122,32985.3145
2026-08-18 20:48:19.534,32735.1143
2026-08-18 20:48:19.960,32496.9606
2026-08-18 20:48:20.386,32254.6214
2026-08-18 20:48:20.798,32015.0661
2026-08-18 20:48:21.265,31756.4158
2026-08-18 20:48:21.679,31530.3432
2026-08-18 20:48:22.092,31306.4864
2026-08-18 20:48:22.506,31086.5489
2026-08-18 20:48:22.934,30862.889
2026-08-18 20:48:23.401,30623.3897
2026-08-18 20:48:23.814,30416.2096
2026-08-18 20:48:24.233,30215.5033
2026-08-18 20:48:24.646,30026.731
2026-08-18 20:48:25.058,29869.986
2026-08-18 20:48:25.504,29759.1703
2026-08-18 20:48:25.917,29683.143
2026-08-18 20:48:26.345,29634.4976
2026-08-18 20:48:26.769,29599.752
2026-08-18 20:48:27.185,29572.2223
2026-08-18 20:48:27.642,29550.7611
2026-08-18 20:48:28.055,29532.0593
2026-08-18 20:48:28.468,29529.3696
2026-08-18 20:48:28.881,29540.046
2026-08-18 20:48:29.346,29554.3869
2026-08-18 20:48:29.779,29577.9475
2026-08-18 20:48:30.192,29610.8613
2026-08-18 20:48:30.604,29660.8005
2026-08-18 20:48:31.028,29741.7027
2026-08-18 20:48:31.444,29870.0775
2026-08-18 20:48:31.858,30034.4169
2026-08-18 20:48:32.285,30227.1694
2026-08-18 20:48:32.698,30426.244
2026-08-18 20:48:33.116,30632.6833
2026-08-18 20:48:33.544,30844.2718
2026-08-18 20:48:33.958,30782.2607
2026-08-18 20:48:34.373,30570.9306
2026-08-18 20:48:34.787,30363.3479
2026-08-18 20:48:35.199,30163.6357
2026-08-18 20:48:35.640,29971.3105
2026-08-18 20:48:36.054,29808.9761
2026-08-18 20:48:36.472,29695.3931
2026-08-18 20:48:36.884,29621.8435
2026-08-18 20:48:37.301,29574.4475
2026-08-18 20:48:37.714,29540.4481
2026-08-18 20:48:38.127,29515.8063
2026-08-18 20:48:38.539,29497.0212
2026-08-18 20:48:38.952,29482.864
2026-08-18 20:48:39.395,29479.5375
2026-08-18 20:48:39.807,29477.9143
2026-08-18 20:48:40.234,29476.3667
2026-08-18 20:48:40.647,29475.5981
2026-08-18 20:48:41.115,29473.7273
2026-08-18 20:48:41.544,29471.4985
2026-08-18 20:48:41.973,29469.5734
2026-08-18 20:48:42.387,29467.8055
2026-08-18 20:48:42.800,29466.2807
2026-08-18 20:48:43.213,29464.7769
2026-08-18 20:48:43.641,29463.4023
2026-08-18 20:48:44.064,29462.0549
2026-08-18 20:48:44.481,29461.1696
2026-08-18 20:48:44.895,29460.1733
2026-08-18 20:48:45.312,29459.0482
2026-08-18 20:48:45.772,29458.0785
2026-08-18 20:48:46.186,29457.3477
2026-08-18 20:48:46.598,29456.6297
2026-08-18 20:48:47.011,29455.9378
2026-08-18 20:48:47.438,29455.2932
2026-08-18 20:48:47.854,29454.928
2026-08-18 20:48:48.281,29454.4922
2026-08-18 20:48:48.711,29454.0315
2026-08-18 20:48:49.125,29453.5128
2026-08-18 20:48:49.547,29452.9882
2026-08-18 20:48:49.958,29452.3599
2026-08-18 20:48:50.370,29451.906
2026-08-18 20:48:50.782,29451.4184
2026-08-18 20:48:51.195,29451.1086
2026-08-18 20:48:51.623,29450.7574
2026-08-18 20:48:52.046,29450.3584
2026-08-18 20:48:52.497,29449.7772
2026-08-18 20:48:52.961,29449.1137
2026-08-18 20:48:53.375,29449.4813
2026-08-18 20:48:53.789,29449.3526
2026-08-18 20:48:54.201,29449.024
2026-08-18 20:48:54.614,29448.602
2026-08-18 20:48:55.026,29448.2769
2026-08-18 20:48:55.438,29447.8313
2026-08-18 20:48:55.866,29447.5405
2026-08-18 20:48:56.278,29447.5152
2026-08-18 20:48:56.709,29447.2658
