Address,GPIB0::22::INSTR
Model,34461A
Serial Number:,MY60051737
Firmware Version,A.03.03-03.15-03.03-00.52-04-03
Start Time,2026-08-19 14:49:53.467
Stop Time,2026-08-19 15:13:56.461
,
Time (s),Channel 1 (Ω)
2026-08-19 14:49:53.944,31887.5239
2026-08-19 14:49:54.408,31886.7062
2026-08-19 14:49:54.824,31885.4912
2026-08-19 14:49:55.252,31884.5144
2026-08-19 14:49:55.671,31883.4734
2026-08-19 14:49:56.099,31882.1622
2026-08-19 14:49:56.511,31881.3536
2026-08-19 14:49:56.924,31880.4527
2026-08-19 14:49:57.351,31879.2115
2026-08-19 14:49:57.764,31878.3057
2026-08-19 14:49:58.177,31877.4687
2026-08-19 14:49:58.594,31876.5561
2026-08-19 14:49:59.006,31875.6433
2026-08-19 14:49:59.442,31874.5441
2026-08-19 14:49:59.856,31873.7246
2026-08-19 14:50:00.276,31872.7404
2026-08-19 14:50:00.693,31871.8667
2026-08-19 14:50:01.116,31870.9219
2026-08-19 14:50:01.536,31869.9918
2026-08-19 14:50:01.950,31869.1319
2026-08-19 14:50:02.379,31867.6889
2026-08-19 14:50:02.793,31867.0631
2026-08-19 14:50:03.219,31865.7768
2026-08-19 14:50:03.642,31865.1506
2026-08-19 14:50:04.054,31863.8646
2026-08-19 14:50:04.494,31862.5736
2026-08-19 14:50:04.907,31861.2548
2026-08-19 14:50:05.327,31859.9513
2026-08-19 14:50:05.741,31859.0369
2026-08-19 14:50:06.155,31858.0332
2026-08-19 14:50:06.568,31857.3113
2026-08-19 14:50:06.982,31856.133
2026-08-19 14:50:07.448,31854.7941
2026-08-19 14:50:07.862,31853.5394
2026-08-19 14:50:08.279,31852.4487
2026-08-19 14:50:08.701,31852.3305
2026-08-19 14:50:09.114,31851.6902
2026-08-19 14:50:09.556,31850.7189
2026-08-19 14:50:09.969,31849.8703
2026-08-19 14:50:10.390,31849.1249
2026-08-19 14:50:10.808,31848.5152
2026-08-19 14:50:11.271,31847.6029
2026-08-19 14:50:11.689,31846.9148
2026-08-19 14:50:12.103,31846.0292
2026-08-19 14:50:12.515,31845.0736
2026-08-19 14:50:12.927,31844.3183
2026-08-19 14:50:13.340,31843.1157
2026-08-19 14:50:13.764,31841.9777
2026-08-19 14:50:14.177,31840.3792
2026-08-19 14:50:14.606,31839.6961
2026-08-19 14:50:15.019,31839.0709
2026-08-19 14:50:15.432,31838.0144
2026-08-19 14:50:15.844,31837.0921
2026-08-19 14:50:16.256,31836.0024
2026-08-19 14:50:16.671,31835.4237
2026-08-19 14:50:17.088,31834.4667
2026-08-19 14:50:17.501,31833.5499
2026-08-19 14:50:17.934,31832.1852
2026-08-19 14:50:18.347,31831.2986
2026-08-19 14:50:18.759,31830.4821
2026-08-19 14:50:19.172,31829.4475
2026-08-19 14:50:19.598,31828.5965
2026-08-19 14:50:20.058,31827.5674
2026-08-19 14:50:20.476,31826.5917
2026-08-19 14:50:20.901,31825.5382
2026-08-19 14:50:21.315,31824.8812
2026-08-19 14:50:21.733,31824.0518
2026-08-19 14:50:22.150,31823.0733
2026-08-19 14:50:22.584,31821.841
2026-08-19 14:50:23.001,31820.9674
2026-08-19 14:50:23.413,31819.7959
2026-08-19 14:50:23.841,31818.6113
2026-08-19 14:50:24.259,31817.481
2026-08-19 14:50:24.700,31816.4289
2026-08-19 14:50:25.115,31815.5954
2026-08-19 14:50:25.540,31846.4985
2026-08-19 14:50:25.953,32003.3854
2026-08-19 14:50:26.366,32197.1895
2026-08-19 14:50:26.828,32450.9066
2026-08-19 14:50:27.246,32700.3361
2026-08-19 14:50:27.659,32967.3934
2026-08-19 14:50:28.072,32962.6453
2026-08-19 14:50:28.487,32692.5659
2026-08-19 14:50:28.968,32405.3768
2026-08-19 14:50:29.380,32169.2684
2026-08-19 14:50:29.817,31971.6641
2026-08-19 14:50:30.231,31836.6215
2026-08-19 14:50:30.643,31931.9583
2026-08-19 14:50:31.060,32110.7287
2026-08-19 14:50:31.473,32327.8893
2026-08-19 14:50:31.900,32570.6377
2026-08-19 14:50:32.313,32837.7488
2026-08-19 14:50:32.743,33016.2624
2026-08-19 14:50:33.182,32781.7481
2026-08-19 14:50:33.596,32505.0631
2026-08-19 14:50:34.022,32255.6702
2026-08-19 14:50:34.448,32047.0362
2026-08-19 14:50:34.876,31873.7913
2026-08-19 14:50:35.294,31851.2542
2026-08-19 14:50:35.711,32012.611
2026-08-19 14:50:36.137,32213.5044
2026-08-19 14:50:36.550,32451.4885
2026-08-19 14:50:36.963,32704.6533
2026-08-19 14:50:37.376,32969.9769
2026-08-19 14:50:37.791,33245.2849
2026-08-19 14:50:38.236,33528.0911
2026-08-19 14:50:38.647,33839.7735
2026-08-19 14:50:39.069,34134.3338
2026-08-19 14:50:39.484,34442.2213
2026-08-19 14:50:39.899,34694.9482
2026-08-19 14:50:40.364,34434.795
2026-08-19 14:50:40.776,34125.4939
2026-08-19 14:50:41.190,33823.2199
2026-08-19 14:50:41.603,33528.3026
2026-08-19 14:50:42.017,33242.0914
2026-08-19 14:50:42.478,32932.9351
2026-08-19 14:50:42.896,32666.5395
2026-08-19 14:50:43.310,32410.8403
2026-08-19 14:50:43.723,32183.2108
2026-08-19 14:50:44.136,31992.0263
2026-08-19 14:50:44.562,31840.9876
2026-08-19 14:50:44.975,31865.8393
2026-08-19 14:50:45.426,32019.6051
2026-08-19 14:50:45.846,32236.0282
2026-08-19 14:50:46.260,32474.6126
2026-08-19 14:50:46.686,32730.068
2026-08-19 14:50:47.099,32967.757
2026-08-19 14:50:47.530,32784.1995
2026-08-19 14:50:47.946,32523.4255
2026-08-19 14:50:48.363,32277.1034
2026-08-19 14:50:48.776,32060.425
2026-08-19 14:50:49.188,31887.6559
2026-08-19 14:50:49.600,31778.3044
2026-08-19 14:50:50.022,31770.9544
2026-08-19 14:50:50.435,31770.004
2026-08-19 14:50:50.868,31769.9285
2026-08-19 14:50:51.280,31768.987
2026-08-19 14:50:51.698,31767.6443
2026-08-19 14:50:52.119,31766.0402
2026-08-19 14:50:52.532,31765.0205
2026-08-19 14:50:52.944,31764.3084
2026-08-19 14:50:53.357,31762.8664
2026-08-19 14:50:53.769,31761.5281
2026-08-19 14:50:54.185,31760.6634
2026-08-19 14:50:54.598,31780.6221
2026-08-19 14:50:55.023,31915.5948
2026-08-19 14:50:55.450,32104.3255
2026-08-19 14:50:55.867,32330.5236
2026-08-19 14:50:56.285,32577.3146
2026-08-19 14:50:56.698,32841.8367
2026-08-19 14:50:57.138,32925.6083
2026-08-19 14:50:57.562,32645.0077
2026-08-19 14:50:57.974,32383.236
2026-08-19 14:50:58.386,32151.3195
2026-08-19 14:50:58.798,31954.301
2026-08-19 14:50:59.213,31799.3546
2026-08-19 14:50:59.625,31814.111
2026-08-19 14:51:00.037,31972.4776
2026-08-19 14:51:00.451,32170.1681
2026-08-19 14:51:00.878,32401.5513
2026-08-19 14:51:01.291,32663.0828
2026-08-19 14:51:01.704,32918.9804
2026-08-19 14:51:02.116,32817.9364
2026-08-19 14:51:02.528,32552.7988
2026-08-19 14:51:02.941,32303.5994
2026-08-19 14:51:03.366,32078.6166
2026-08-19 14:51:03.778,31887.202
2026-08-19 14:51:04.212,31760.4436
2026-08-19 14:51:04.629,31858.472
2026-08-19 14:51:05.042,32035.1648
2026-08-19 14:51:05.456,32248.898
2026-08-19 14:51:05.872,32490.689
2026-08-19 14:51:06.284,32751.5397
2026-08-19 14:51:06.733,33019.8458
2026-08-19 14:51:07.149,33321.4356
2026-08-19 14:51:07.576,33609.4921
2026-08-19 14:51:07.990,33907.592
2026-08-19 14:51:08.411,34205.3288
2026-08-19 14:51:08.834,34514.6509
2026-08-19 14:51:09.247,34546.2051
2026-08-19 14:51:09.671,34232.7897
2026-08-19 14:51:10.084,33918.8873
2026-08-19 14:51:10.497,33621.1299
2026-08-19 14:51:10.916,33331.652
2026-08-19 14:51:11.329,33045.667
2026-08-19 14:51:11.743,32774.0009
2026-08-19 14:51:12.209,32512.042
2026-08-19 14:51:12.638,32235.1894
2026-08-19 14:51:13.053,32018.1102
2026-08-19 14:51:13.467,31849.4132
2026-08-19 14:51:13.879,31756.1436
2026-08-19 14:51:14.294,31863.0471
2026-08-19 14:51:14.738,32034.1114
2026-08-19 14:51:15.151,32264.2538
2026-08-19 14:51:15.564,32507.5263
2026-08-19 14:51:15.981,32767.7624
2026-08-19 14:51:16.393,32886.8082
2026-08-19 14:51:16.864,32632.5002
2026-08-19 14:51:17.322,32322.735
2026-08-19 14:51:17.734,32087.1267
2026-08-19 14:51:18.166,31891.8032
2026-08-19 14:51:18.579,31748.7491
2026-08-19 14:51:19.003,31714.119
2026-08-19 14:51:19.427,31713.6454
2026-08-19 14:51:19.840,31713.4944
2026-08-19 14:51:20.253,31713.016
2026-08-19 14:51:20.670,31712.1903
2026-08-19 14:51:21.083,31711.2237
2026-08-19 14:51:21.500,31710.1568
2026-08-19 14:51:21.937,31709.3562
2026-08-19 14:51:22.431,31708.2048
2026-08-19 14:51:22.849,31706.8995
2026-08-19 14:51:23.261,31705.5718
2026-08-19 14:51:23.674,31715.5374
2026-08-19 14:51:24.097,31833.9565
2026-08-19 14:51:24.603,32051.2215
2026-08-19 14:51:25.015,32276.5132
2026-08-19 14:51:25.431,32520.5989
2026-08-19 14:51:25.848,32782.193
2026-08-19 14:51:26.259,32859.9511
2026-08-19 14:51:26.672,32596.7456
2026-08-19 14:51:27.114,32341.7613
2026-08-19 14:51:27.529,32093.0233
2026-08-19 14:51:27.942,31895.6146
2026-08-19 14:51:28.369,31742.8888
2026-08-19 14:51:28.781,31769.7179
2026-08-19 14:51:29.261,31953.0763
2026-08-19 14:51:29.673,32166.1668
2026-08-19 14:51:30.089,32401.897
2026-08-19 14:51:30.503,32659.5322
2026-08-19 14:51:30.930,32882.2959
2026-08-19 14:51:31.343,32689.5989
2026-08-19 14:51:31.772,32428.8571
2026-08-19 14:51:32.200,32176.2759
2026-08-19 14:51:32.620,31956.5123
2026-08-19 14:51:33.033,31783.7287
2026-08-19 14:51:33.446,31714.4874
2026-08-19 14:51:33.870,31849.9605
2026-08-19 14:51:34.302,32040.2351
2026-08-19 14:51:34.715,32273.1757
2026-08-19 14:51:35.138,32520.5584
2026-08-19 14:51:35.551,32789.4557
2026-08-19 14:51:35.983,33070.0009
2026-08-19 14:51:36.419,33353.5574
2026-08-19 14:51:36.832,33656.0972
2026-08-19 14:51:37.248,33947.5413
2026-08-19 14:51:37.660,34247.5524
2026-08-19 14:51:38.074,34533.5214
2026-08-19 14:51:38.487,34393.5529
2026-08-19 14:51:38.899,34083.7394
2026-08-19 14:51:39.311,33782.3485
2026-08-19 14:51:39.812,33426.5732
2026-08-19 14:51:40.224,33142.0039
2026-08-19 14:51:40.637,32865.667
2026-08-19 14:51:41.055,32598.014
2026-08-19 14:51:41.516,32312.3056
2026-08-19 14:51:41.929,32082.4258
2026-08-19 14:51:42.356,31884.2866
2026-08-19 14:51:42.776,31738.2151
2026-08-19 14:51:43.189,31737.1525
2026-08-19 14:51:43.632,31883.3844
2026-08-19 14:51:44.059,32096.0575
2026-08-19 14:51:44.472,32324.9909
2026-08-19 14:51:44.900,32577.0944
2026-08-19 14:51:45.312,32832.1882
2026-08-19 14:51:45.742,32701.7001
2026-08-19 14:51:46.162,32428.0203
2026-08-19 14:51:46.575,32178.2152
2026-08-19 14:51:46.988,31961.9215
2026-08-19 14:51:47.416,31782.1649
2026-08-19 14:51:47.850,31669.2608
2026-08-19 14:51:48.274,31659.0573
2026-08-19 14:51:48.686,31658.7131
2026-08-19 14:51:49.111,31658.8722
2026-08-19 14:51:49.534,31657.4941
2026-08-19 14:51:49.968,31656.4517
2026-08-19 14:51:50.381,31655.4614
2026-08-19 14:51:50.807,31653.8442
2026-08-19 14:51:51.220,31652.7509
2026-08-19 14:51:51.633,31651.6083
2026-08-19 14:51:52.045,31650.6039
2026-08-19 14:51:52.457,31649.1959
2026-08-19 14:51:52.921,31681.8967
2026-08-19 14:51:53.343,31825.1811
2026-08-19 14:51:53.755,32015.0398
2026-08-19 14:51:54.173,32234.912
2026-08-19 14:51:54.599,32483.611
2026-08-19 14:51:55.013,32752.4365
2026-08-19 14:51:55.426,32774.1473
2026-08-19 14:51:55.858,32507.2232
2026-08-19 14:51:56.286,32242.573
2026-08-19 14:51:56.699,32007.0785
2026-08-19 14:51:57.112,31816.539
2026-08-19 14:51:57.540,31673.1699
2026-08-19 14:51:58.009,31746.3009
2026-08-19 14:51:58.421,31919.4328
2026-08-19 14:51:58.845,32127.9001
2026-08-19 14:51:59.258,32373.3812
2026-08-19 14:51:59.671,32630.1489
2026-08-19 14:52:00.106,32822.9797
2026-08-19 14:52:00.519,32596.0606
2026-08-19 14:52:00.932,32337.277
2026-08-19 14:52:01.368,32089.8796
2026-08-19 14:52:01.785,31878.1725
2026-08-19 14:52:02.226,31712.61
2026-08-19 14:52:02.650,31669.4764
2026-08-19 14:52:03.064,31822.394
2026-08-19 14:52:03.482,32013.7028
2026-08-19 14:52:03.909,32242.4154
2026-08-19 14:52:04.334,32500.4914
2026-08-19 14:52:04.747,32771.3571
2026-08-19 14:52:05.166,33044.1377
2026-08-19 14:52:05.580,33327.5582
2026-08-19 14:52:05.994,33614.6577
2026-08-19 14:52:06.414,33906.9029
2026-08-19 14:52:06.908,34267.7635
2026-08-19 14:52:07.334,34498.861
2026-08-19 14:52:07.750,34252.6703
2026-08-19 14:52:08.161,33944.6141
2026-08-19 14:52:08.637,33609.1292
2026-08-19 14:52:09.065,33312.2283
2026-08-19 14:52:09.492,33020.1722
2026-08-19 14:52:09.908,32737.9418
2026-08-19 14:52:10.334,32472.544
2026-08-19 14:52:10.761,32216.4145
2026-08-19 14:52:11.175,31986.7861
2026-08-19 14:52:11.590,31804.2241
2026-08-19 14:52:12.004,31668.9446
2026-08-19 14:52:12.420,31708.4081
2026-08-19 14:52:12.849,31861.6599
2026-08-19 14:52:13.261,32065.5853
2026-08-19 14:52:13.685,32298.3658
2026-08-19 14:52:14.106,32558.8913
2026-08-19 14:52:14.519,32794.174
2026-08-19 14:52:14.964,32628.4256
2026-08-19 14:52:15.377,32348.8913
2026-08-19 14:52:15.794,32108.3792
2026-08-19 14:52:16.207,31895.4215
2026-08-19 14:52:16.619,31728.0263
2026-08-19 14:52:17.086,31621.7355
2026-08-19 14:52:17.512,31620.6221
2026-08-19 14:52:17.925,31620.8555
2026-08-19 14:52:18.341,31621.0908
2026-08-19 14:52:18.806,31621.1219
2026-08-19 14:52:19.224,31620.6996
2026-08-19 14:52:19.637,31619.7883
2026-08-19 14:52:20.051,31619.9671
2026-08-19 14:52:20.474,31619.7729
2026-08-19 14:52:20.887,31619.4657
2026-08-19 14:52:21.323,31619.1076
2026-08-19 14:52:21.736,31618.898
2026-08-19 14:52:22.155,31669.4567
2026-08-19 14:52:22.570,31824.0567
2026-08-19 14:52:22.985,32016.8425
2026-08-19 14:52:23.452,32274.117
2026-08-19 14:52:23.874,32526.3659
2026-08-19 14:52:24.302,32785.843
2026-08-19 14:52:24.724,32670.3548
2026-08-19 14:52:25.140,32402.6456
2026-08-19 14:52:25.561,32155.4927
2026-08-19 14:52:25.976,31932.9621
2026-08-19 14:52:26.394,31754.3175
2026-08-19 14:52:26.813,31643.3832
2026-08-19 14:52:27.241,31749.2385
2026-08-19 14:52:27.658,31930.597
2026-08-19 14:52:28.072,32147.9961
2026-08-19 14:52:28.501,32391.0238
2026-08-19 14:52:28.913,32660.9181
2026-08-19 14:52:29.340,32795.035
2026-08-19 14:52:29.757,32539.8244
2026-08-19 14:52:30.170,32282.1349
2026-08-19 14:52:30.597,32040.4503
2026-08-19 14:52:31.019,31840.5793
2026-08-19 14:52:31.444,31681.4413
2026-08-19 14:52:31.861,31680.6106
2026-08-19 14:52:32.288,31838.9039
2026-08-19 14:52:32.705,32043.8747
2026-08-19 14:52:33.119,32277.8722
2026-08-19 14:52:33.554,32540.5578
2026-08-19 14:52:33.966,32811.9407
2026-08-19 14:52:34.385,33087.5935
2026-08-19 14:52:34.804,33375.1867
2026-08-19 14:52:35.218,33668.9451
2026-08-19 14:52:35.698,34002.9824
2026-08-19 14:52:36.115,34316.0913
2026-08-19 14:52:36.530,34496.7745
2026-08-19 14:52:36.942,34219.7864
2026-08-19 14:52:37.362,33916.5955
2026-08-19 14:52:37.775,33614.1531
2026-08-19 14:52:38.188,33324.6768
2026-08-19 14:52:38.617,33042.7301
2026-08-19 14:52:39.040,32758.6104
2026-08-19 14:52:39.452,32489.676
2026-08-19 14:52:39.866,32241.2533
2026-08-19 14:52:40.293,32010.1008
2026-08-19 14:52:40.734,31828.1355
2026-08-19 14:52:41.161,31685.0328
2026-08-19 14:52:41.572,31741.4327
2026-08-19 14:52:41.999,31897.6958
2026-08-19 14:52:42.412,32105.0906
2026-08-19 14:52:42.856,32349.8059
2026-08-19 14:52:43.272,32617.4754
2026-08-19 14:52:43.686,32826.0276
2026-08-19 14:52:44.123,32615.3438
2026-08-19 14:52:44.538,32351.2141
2026-08-19 14:52:44.958,32110.522
2026-08-19 14:52:45.385,31900.5175
2026-08-19 14:52:45.799,31733.6094
2026-08-19 14:52:46.212,31647.623
2026-08-19 14:52:46.627,31647.1367
2026-08-19 14:52:47.040,31647.9406
2026-08-19 14:52:47.461,31649.3449
2026-08-19 14:52:47.894,31649.0257
2026-08-19 14:52:48.320,31648.6727
2026-08-19 14:52:48.736,31649.0318
2026-08-19 14:52:49.148,31649.2651
2026-08-19 14:52:49.560,31648.7105
2026-08-19 14:52:49.972,31648.8236
2026-08-19 14:52:50.384,31648.5651
2026-08-19 14:52:50.827,31648.3556
2026-08-19 14:52:51.244,31691.5873
2026-08-19 14:52:51.657,31842.6533
2026-08-19 14:52:52.070,32032.7447
2026-08-19 14:52:52.481,32256.8563
2026-08-19 14:52:52.895,32504.8577
2026-08-19 14:52:53.321,32769.2717
2026-08-19 14:52:53.733,32765.8078
2026-08-19 14:52:54.155,32500.2281
2026-08-19 14:52:54.569,32244.2861
2026-08-19 14:52:54.983,32017.733
2026-08-19 14:52:55.409,31822.3194
2026-08-19 14:52:55.843,31682.9307
2026-08-19 14:52:56.259,31754.8794
2026-08-19 14:52:56.690,31926.7271
2026-08-19 14:52:57.104,32142.2308
2026-08-19 14:52:57.522,32382.0269
2026-08-19 14:52:57.935,32644.0396
2026-08-19 14:52:58.361,32846.2627
2026-08-19 14:52:58.790,32632.0235
2026-08-19 14:52:59.224,32354.4013
2026-08-19 14:52:59.651,32111.3309
2026-08-19 14:53:00.064,31897.9134
2026-08-19 14:53:00.574,31706.9956
2026-08-19 14:53:00.986,31718.5949
2026-08-19 14:53:01.399,31876.4031
2026-08-19 14:53:01.813,32075.1816
2026-08-19 14:53:02.277,32336.0712
2026-08-19 14:53:02.691,32594.3003
2026-08-19 14:53:03.119,32862.3569
2026-08-19 14:53:03.536,33149.195
2026-08-19 14:53:03.950,33436.1611
2026-08-19 14:53:04.429,33765.1416
2026-08-19 14:53:04.841,34071.1688
2026-08-19 14:53:05.264,34374.334
2026-08-19 14:53:05.678,34524.9809
2026-08-19 14:53:06.107,34231.4447
2026-08-19 14:53:06.521,33915.9224
2026-08-19 14:53:06.933,33616.4266
2026-08-19 14:53:07.364,33318.2665
2026-08-19 14:53:07.778,33033.0221
2026-08-19 14:53:08.206,32750.1241
2026-08-19 14:53:08.639,32488.2961
2026-08-19 14:53:09.072,32220.2132
2026-08-19 14:53:09.485,32000.7759
2026-08-19 14:53:09.905,31826.1132
2026-08-19 14:53:10.318,31706.5322
2026-08-19 14:53:10.761,31781.952
2026-08-19 14:53:11.173,31956.9108
2026-08-19 14:53:11.588,32164.7674
2026-08-19 14:53:12.000,32405.6956
2026-08-19 14:53:12.413,32664.5963
2026-08-19 14:53:12.826,32855.4775
2026-08-19 14:53:13.241,32638.6278
2026-08-19 14:53:13.668,32378.3828
2026-08-19 14:53:14.084,32130.4263
2026-08-19 14:53:14.506,31923.131
2026-08-19 14:53:14.920,31758.9697
2026-08-19 14:53:15.332,31674.2945
2026-08-19 14:53:15.760,31673.7833
2026-08-19 14:53:16.183,31674.8161
2026-08-19 14:53:16.602,31676.1705
2026-08-19 14:53:17.025,31675.6828
2026-08-19 14:53:17.438,31675.9901
2026-08-19 14:53:17.856,31675.8837
2026-08-19 14:53:18.269,31675.3282
2026-08-19 14:53:18.747,31675.3494
2026-08-19 14:53:19.161,31675.1608
2026-08-19 14:53:19.573,31674.9964
2026-08-19 14:53:19.999,31674.7191
2026-08-19 14:53:20.412,31735.307
2026-08-19 14:53:20.841,31892.1222
2026-08-19 14:53:21.258,32095.096
2026-08-19 14:53:21.671,32327.3883
2026-08-19 14:53:22.083,32580.5127
2026-08-19 14:53:22.516,32846.1279
2026-08-19 14:53:22.953,32741.4166
2026-08-19 14:53:23.365,32462.474
2026-08-19 14:53:23.778,32215.6159
2026-08-19 14:53:24.200,31995.3999
2026-08-19 14:53:24.615,31811.7275
2026-08-19 14:53:25.038,31700.0839
2026-08-19 14:53:25.544,31837.79
2026-08-19 14:53:25.957,32028.2631
2026-08-19 14:53:26.369,32250.8896
2026-08-19 14:53:26.782,32499.2318
2026-08-19 14:53:27.248,32796.8798
2026-08-19 14:53:27.662,32806.4781
2026-08-19 14:53:28.075,32538.1747
2026-08-19 14:53:28.503,32276.1948
2026-08-19 14:53:28.926,32046.9177
2026-08-19 14:53:29.367,31851.8424
2026-08-19 14:53:29.781,31705.3431
2026-08-19 14:53:30.196,31772.2193
2026-08-19 14:53:30.610,31940.1664
2026-08-19 14:53:31.033,32148.2053
2026-08-19 14:53:31.466,32393.3354
2026-08-19 14:53:31.879,32664.3281
2026-08-19 14:53:32.296,32934.8956
2026-08-19 14:53:32.711,33215.2246
2026-08-19 14:53:33.126,33503.2189
2026-08-19 14:53:33.538,33795.0052
2026-08-19 14:53:34.005,34092.523
2026-08-19 14:53:34.424,34439.7903
2026-08-19 14:53:34.837,34530.5439
2026-08-19 14:53:35.259,34225.2121
2026-08-19 14:53:35.671,33913.2225
2026-08-19 14:53:36.133,33615.7055
2026-08-19 14:53:36.551,33288.4566
2026-08-19 14:53:36.965,33006.7931
2026-08-19 14:53:37.381,32734.8692
2026-08-19 14:53:37.793,32470.9731
2026-08-19 14:53:38.205,32225.534
2026-08-19 14:53:38.673,31984.9426
2026-08-19 14:53:39.085,31816.7039
2026-08-19 14:53:39.498,31720.2418
2026-08-19 14:53:39.911,31821.3191
2026-08-19 14:53:40.324,31989.1002
2026-08-19 14:53:40.738,32200.776
2026-08-19 14:53:41.161,32444.0605
2026-08-19 14:53:41.579,32712.5531
2026-08-19 14:53:41.998,32866.7248
2026-08-19 14:53:42.412,32620.1732
2026-08-19 14:53:42.839,32362.0452
2026-08-19 14:53:43.252,32117.4242
2026-08-19 14:53:43.671,31916.0613
2026-08-19 14:53:44.085,31758.2058
2026-08-19 14:53:44.499,31687.4551
2026-08-19 14:53:44.912,31688.3951
2026-08-19 14:53:45.345,31688.7003
2026-08-19 14:53:45.759,31689.2835
2026-08-19 14:53:46.187,31689.0974
2026-08-19 14:53:46.614,31689.1207
2026-08-19 14:53:47.036,31688.9481
2026-08-19 14:53:47.467,31688.3795
2026-08-19 14:53:47.880,31687.7864
2026-08-19 14:53:48.308,31687.4332
2026-08-19 14:53:48.721,31686.9049
2026-08-19 14:53:49.186,31686.5582
2026-08-19 14:53:49.605,31772.5914
2026-08-19 14:53:50.019,31935.7298
2026-08-19 14:53:50.447,32138.7409
2026-08-19 14:53:50.868,32381.226
2026-08-19 14:53:51.286,32646.1696
2026-08-19 14:53:51.700,32877.6059
2026-08-19 14:53:52.114,32707.8056
2026-08-19 14:53:52.532,32444.7055
2026-08-19 14:53:52.957,32196.4615
2026-08-19 14:53:53.372,31974.6018
2026-08-19 14:53:53.788,31800.1841
2026-08-19 14:53:54.251,31709.9496
2026-08-19 14:53:54.680,31854.1873
2026-08-19 14:53:55.094,32045.8312
2026-08-19 14:53:55.521,32279.1365
2026-08-19 14:53:55.934,32528.9417
2026-08-19 14:53:56.350,32793.6965
2026-08-19 14:53:56.769,32826.2243
2026-08-19 14:53:57.185,32553.6942
2026-08-19 14:53:57.601,32297.6405
2026-08-19 14:53:58.014,32065.6693
2026-08-19 14:53:58.429,31871.977
2026-08-19 14:53:58.841,31723.3069
2026-08-19 14:53:59.257,31760.6662
2026-08-19 14:53:59.670,31924.1907
2026-08-19 14:54:00.081,32127.7027
2026-08-19 14:54:00.503,32362.3785
2026-08-19 14:54:00.917,32624.149
2026-08-19 14:54:01.345,32893.906
2026-08-19 14:54:01.758,33181.9544
2026-08-19 14:54:02.176,33467.695
2026-08-19 14:54:02.609,33762.0946
2026-08-19 14:54:03.023,34073.7913
2026-08-19 14:54:03.436,34378.5428
2026-08-19 14:54:03.854,34586.0019
2026-08-19 14:54:04.271,34321.5704
2026-08-19 14:54:04.685,34010.785
2026-08-19 14:54:05.161,33671.758
2026-08-19 14:54:05.575,33371.9488
2026-08-19 14:54:06.003,33077.5771
2026-08-19 14:54:06.415,32802.0692
2026-08-19 14:54:06.827,32537.2268
2026-08-19 14:54:07.262,32278.6016
2026-08-19 14:54:07.676,32051.055
2026-08-19 14:54:08.095,31868.6182
2026-08-19 14:54:08.510,31734.7502
2026-08-19 14:54:08.926,31785.0279
2026-08-19 14:54:09.339,31941.6866
2026-08-19 14:54:09.768,32149.7067
2026-08-19 14:54:10.199,32395.8604
2026-08-19 14:54:10.611,32655.2892
2026-08-19 14:54:11.037,32878.1564
2026-08-19 14:54:11.459,32685.8163
2026-08-19 14:54:11.872,32418.7401
2026-08-19 14:54:12.283,32175.4731
2026-08-19 14:54:12.701,31961.395
2026-08-19 14:54:13.129,31788.6721
2026-08-19 14:54:13.551,31690.2823
2026-08-19 14:54:13.962,31686.2756
2026-08-19 14:54:14.380,31686.4524
2026-08-19 14:54:14.815,31686.6663
2026-08-19 14:54:15.228,31686.3382
2026-08-19 14:54:15.642,31684.8593
2026-08-19 14:54:16.062,31684.5576
2026-08-19 14:54:16.487,31683.8123
2026-08-19 14:54:16.900,31683.0246
2026-08-19 14:54:17.316,31682.0966
2026-08-19 14:54:17.731,31681.4562
2026-08-19 14:54:18.159,31680.7256
2026-08-19 14:54:18.572,31713.5609
2026-08-19 14:54:18.994,31856.4593
2026-08-19 14:54:19.408,32047.0001
2026-08-19 14:54:19.822,32269.9608
2026-08-19 14:54:20.234,32518.2578
2026-08-19 14:54:20.694,32781.6492
2026-08-19 14:54:21.114,32797.0628
2026-08-19 14:54:21.526,32528.0138
2026-08-19 14:54:21.939,32275.758
2026-08-19 14:54:22.353,32047.2606
2026-08-19 14:54:22.766,31856.1817
2026-08-19 14:54:23.194,31713.4864
2026-08-19 14:54:23.621,31775.6188
2026-08-19 14:54:24.034,31942.3348
2026-08-19 14:54:24.461,32149.7251
2026-08-19 14:54:24.873,32396.8898
2026-08-19 14:54:25.302,32654.7855
2026-08-19 14:54:25.718,32875.8897
2026-08-19 14:54:26.146,32674.764
2026-08-19 14:54:26.559,32404.3756
2026-08-19 14:54:26.972,32161.3765
2026-08-19 14:54:27.408,31948.5316
2026-08-19 14:54:27.821,31770.7827
2026-08-19 14:54:28.234,31708.3998
2026-08-19 14:54:28.646,31846.1523
2026-08-19 14:54:29.062,32032.541
2026-08-19 14:54:29.522,32286.2728
2026-08-19 14:54:29.934,32536.823
2026-08-19 14:54:30.347,32801.8839
2026-08-19 14:54:30.769,33077.1449
2026-08-19 14:54:31.181,33366.821
2026-08-19 14:54:31.615,33656.4887
2026-08-19 14:54:32.029,33965.7939
2026-08-19 14:54:32.441,34267.948
2026-08-19 14:54:32.854,34557.1275
2026-08-19 14:54:33.268,34414.9588
2026-08-19 14:54:33.680,34104.278
2026-08-19 14:54:34.153,33764.3195
2026-08-19 14:54:34.564,33464.1529
2026-08-19 14:54:34.978,33177.5458
2026-08-19 14:54:35.402,32899.1375
2026-08-19 14:54:35.814,32622.3293
2026-08-19 14:54:36.310,32316.4284
2026-08-19 14:54:36.722,32086.8586
2026-08-19 14:54:37.142,31895.7745
2026-08-19 14:54:37.557,31748.9426
2026-08-19 14:54:37.981,31750.5341
2026-08-19 14:54:38.394,31902.0283
2026-08-19 14:54:38.807,32094.515
2026-08-19 14:54:39.221,32324.4989
2026-08-19 14:54:39.633,32579.0223
2026-08-19 14:54:40.045,32843.5568
2026-08-19 14:54:40.459,32801.9902
2026-08-19 14:54:40.896,32533.2262
2026-08-19 14:54:41.309,32266.1801
2026-08-19 14:54:41.723,32038.9988
2026-08-19 14:54:42.150,31845.6238
2026-08-19 14:54:42.563,31710.5087
2026-08-19 14:54:43.002,31681.7445
2026-08-19 14:54:43.414,31681.8315
2026-08-19 14:54:43.840,31682.1104
2026-08-19 14:54:44.255,31681.9424
2026-08-19 14:54:44.668,31681.4332
2026-08-19 14:54:45.109,31680.6079
2026-08-19 14:54:45.521,31679.9441
2026-08-19 14:54:45.935,31679.3952
2026-08-19 14:54:46.356,31679.0821
2026-08-19 14:54:46.768,31678.358
2026-08-19 14:54:47.210,31677.7252
2026-08-19 14:54:47.631,31685.2487
2026-08-19 14:54:48.046,31801.066
2026-08-19 14:54:48.459,31975.0704
2026-08-19 14:54:48.921,32186.7186
2026-08-19 14:54:49.341,32460.4913
2026-08-19 14:54:49.753,32722.7707
2026-08-19 14:54:50.178,32862.2534
2026-08-19 14:54:50.594,32606.2243
2026-08-19 14:54:51.007,32346.1068
2026-08-19 14:54:51.421,32108.5299
2026-08-19 14:54:51.833,31903.8608
2026-08-19 14:54:52.246,31743.979
2026-08-19 14:54:52.658,31718.1673
2026-08-19 14:54:53.072,31868.9035
2026-08-19 14:54:53.534,32086.6777
2026-08-19 14:54:53.948,32319.0786
2026-08-19 14:54:54.368,32573.404
2026-08-19 14:54:54.780,32839.1867
2026-08-19 14:54:55.193,32751.9891
2026-08-19 14:54:55.666,32453.4984
2026-08-19 14:54:56.091,32200.0942
2026-08-19 14:54:56.503,31974.1018
2026-08-19 14:54:56.930,31795.8566
2026-08-19 14:54:57.344,31690.4563
2026-08-19 14:54:57.772,31803.6092
2026-08-19 14:54:58.184,31988.8463
2026-08-19 14:54:58.601,32205.8902
2026-08-19 14:54:59.015,32454.5009
2026-08-19 14:54:59.427,32717.0836
2026-08-19 14:54:59.846,32992.9276
2026-08-19 14:55:00.265,33273.2101
2026-08-19 14:55:00.677,33566.2547
2026-08-19 14:55:01.091,33857.9481
2026-08-19 14:55:01.505,34158.3673
2026-08-19 14:55:01.944,34464.1139
2026-08-19 14:55:02.358,34480.4705
2026-08-19 14:55:02.771,34165.8536
2026-08-19 14:55:03.185,33861.6566
2026-08-19 14:55:03.597,33563.748
2026-08-19 14:55:04.064,33236.733
2026-08-19 14:55:04.493,32955.2123
2026-08-19 14:55:04.909,32673.1929
2026-08-19 14:55:05.323,32410.7326
2026-08-19 14:55:05.755,32158.3321
2026-08-19 14:55:06.171,31949.5681
2026-08-19 14:55:06.587,31785.2867
2026-08-19 14:55:07.008,31705.402
2026-08-19 14:55:07.424,31823.5358
2026-08-19 14:55:07.837,32000.0265
2026-08-19 14:55:08.266,32224.9346
2026-08-19 14:55:08.678,32472.5709
2026-08-19 14:55:09.092,32736.1368
2026-08-19 14:55:09.507,32827.6507
2026-08-19 14:55:09.920,32563.6757
2026-08-19 14:55:10.333,32308.3343
2026-08-19 14:55:10.756,32073.1537
2026-08-19 14:55:11.168,31871.4648
2026-08-19 14:55:11.603,31717.6305
2026-08-19 14:55:12.017,31665.9648
2026-08-19 14:55:12.449,31666.2497
2026-08-19 14:55:12.865,31666.1647
2026-08-19 14:55:13.278,31665.7934
2026-08-19 14:55:13.690,31664.9622
2026-08-19 14:55:14.116,31664.606
2026-08-19 14:55:14.542,31664.2183
2026-08-19 14:55:14.956,31663.6822
2026-08-19 14:55:15.368,31662.9384
2026-08-19 14:55:15.782,31662.0507
2026-08-19 14:55:16.193,31661.4058
2026-08-19 14:55:16.688,31660.9323
2026-08-19 14:55:17.103,31660.0098
2026-08-19 14:55:17.523,31659.0131
2026-08-19 14:55:17.947,31658.1352
2026-08-19 14:55:18.362,31657.5831
2026-08-19 14:55:18.774,31656.4655
2026-08-19 14:55:19.186,31655.6708
2026-08-19 14:55:19.610,31654.5283
2026-08-19 14:55:20.023,31652.5927
2026-08-19 14:55:20.450,31650.3418
2026-08-19 14:55:20.869,31647.9083
2026-08-19 14:55:21.294,31645.911
2026-08-19 14:55:21.706,31646.1015
2026-08-19 14:55:22.139,31646.9762
2026-08-19 14:55:22.553,31647.4579
2026-08-19 14:55:22.984,31647.4562
2026-08-19 14:55:23.396,31647.1357
2026-08-19 14:55:23.823,31646.6325
2026-08-19 14:55:24.237,31645.8796
2026-08-19 14:55:24.667,31645.533
2026-08-19 14:55:25.080,31645.2674
2026-08-19 14:55:25.494,31644.2553
2026-08-19 14:55:25.907,31643.7497
2026-08-19 14:55:26.320,31643.1815
2026-08-19 14:55:26.733,31642.7597
2026-08-19 14:55:27.168,31642.6637
2026-08-19 14:55:27.582,31642.0036
2026-08-19 14:55:27.993,31641.0106
2026-08-19 14:55:28.406,31640.3228
2026-08-19 14:55:28.818,31639.9755
2026-08-19 14:55:29.230,31639.3286
2026-08-19 14:55:29.694,31638.9337
2026-08-19 14:55:30.117,31638.8495
2026-08-19 14:55:30.582,31638.0766
2026-08-19 14:55:31.037,31637.9156
2026-08-19 14:55:31.461,31637.7357
2026-08-19 14:55:31.879,31636.8644
2026-08-19 14:55:32.292,31636.5603
2026-08-19 14:55:32.706,31636.1988
2026-08-19 14:55:33.131,31635.6154
2026-08-19 14:55:33.544,31635.3836
2026-08-19 14:55:33.956,31634.8169
2026-08-19 14:55:34.369,31634.1332
2026-08-19 14:55:34.808,31633.7983
2026-08-19 14:55:35.221,31632.968
2026-08-19 14:55:35.640,31632.2776
2026-08-19 14:55:36.053,31632.1759
2026-08-19 14:55:36.466,31631.4315
2026-08-19 14:55:36.941,31630.8895
2026-08-19 14:55:37.355,31630.7935
2026-08-19 14:55:37.769,31629.9018
2026-08-19 14:55:38.194,31629.3639
2026-08-19 14:55:38.607,31629.3009
2026-08-19 14:55:39.022,31628.7251
2026-08-19 14:55:39.444,31628.5094
2026-08-19 14:55:39.859,31628.0585
2026-08-19 14:55:40.275,31627.2932
2026-08-19 14:55:40.702,31626.9611
2026-08-19 14:55:41.126,31626.5199
2026-08-19 14:55:41.551,31626.0187
2026-08-19 14:55:41.976,31625.7425
2026-08-19 14:55:42.388,31625.3566
2026-08-19 14:55:42.801,31624.3305
2026-08-19 14:55:43.220,31624.3124
2026-08-19 14:55:43.645,31623.7043
2026-08-19 14:55:44.058,31623.2554
2026-08-19 14:55:44.471,31622.8238
2026-08-19 14:55:44.883,31622.0441
2026-08-19 14:55:45.348,31621.5082
2026-08-19 14:55:45.761,31621.1524
2026-08-19 14:55:46.175,31620.3568
2026-08-19 14:55:46.593,31619.8909
2026-08-19 14:55:47.014,31619.3526
2026-08-19 14:55:47.443,31618.4126
2026-08-19 14:55:47.856,31618.2343
2026-08-19 14:55:48.284,31617.1646
2026-08-19 14:55:48.698,31616.4384
2026-08-19 14:55:49.126,31615.6034
2026-08-19 14:55:49.545,31614.5849
2026-08-19 14:55:49.958,31614.0358
2026-08-19 14:55:50.370,31613.2837
2026-08-19 14:55:50.782,31612.5095
2026-08-19 14:55:51.194,31611.9773
2026-08-19 14:55:51.615,31610.9803
2026-08-19 14:55:52.107,31610.0762
2026-08-19 14:55:52.546,31609.5661
2026-08-19 14:55:52.963,31608.9267
2026-08-19 14:55:53.385,31607.8978
2026-08-19 14:55:53.800,31607.2998
2026-08-19 14:55:54.212,31606.4475
2026-08-19 14:55:54.636,31605.7321
2026-08-19 14:55:55.053,31604.8226
2026-08-19 14:55:55.468,31604.2526
2026-08-19 14:55:55.894,31603.5795
2026-08-19 14:55:56.306,31602.7492
2026-08-19 14:55:56.727,31602.2651
2026-08-19 14:55:57.144,31601.7409
2026-08-19 14:55:57.557,31600.7418
2026-08-19 14:55:57.991,31600.0893
2026-08-19 14:55:58.411,31599.7455
2026-08-19 14:55:58.825,31599.016
2026-08-19 14:55:59.238,31598.4805
2026-08-19 14:55:59.649,31597.9815
2026-08-19 14:56:00.085,31597.3174
2026-08-19 14:56:00.496,31596.3962
2026-08-19 14:56:00.924,31595.9573
2026-08-19 14:56:01.348,31595.5208
2026-08-19 14:56:01.760,31594.9329
2026-08-19 14:56:02.187,31594.2433
2026-08-19 14:56:02.614,31593.3473
2026-08-19 14:56:03.027,31592.7058
2026-08-19 14:56:03.440,31592.4258
2026-08-19 14:56:03.903,31591.9503
2026-08-19 14:56:04.321,31591.8306
2026-08-19 14:56:04.736,31591.3419
2026-08-19 14:56:05.153,31600.1195
2026-08-19 14:56:05.566,31724.1311
2026-08-19 14:56:05.977,31905.8919
2026-08-19 14:56:06.409,32120.3467
2026-08-19 14:56:06.826,32372.8914
2026-08-19 14:56:07.239,32634.3488
2026-08-19 14:56:07.652,32806.5916
2026-08-19 14:56:08.086,32566.4859
2026-08-19 14:56:08.511,32303.13
2026-08-19 14:56:08.923,32057.0056
2026-08-19 14:56:09.343,31848.9842
2026-08-19 14:56:09.757,31677.55
2026-08-19 14:56:10.220,31637.4421
2026-08-19 14:56:10.644,31815.0515
2026-08-19 14:56:11.056,32018.5651
2026-08-19 14:56:11.469,32250.1593
2026-08-19 14:56:11.895,32503.7882
2026-08-19 14:56:12.308,32774.1363
2026-08-19 14:56:12.722,32695.0101
2026-08-19 14:56:13.149,32428.3058
2026-08-19 14:56:13.561,32169.8957
2026-08-19 14:56:13.985,31945.4794
2026-08-19 14:56:14.400,31752.1117
2026-08-19 14:56:14.831,31621.3719
2026-08-19 14:56:15.259,31721.696
2026-08-19 14:56:15.677,31901.2422
2026-08-19 14:56:16.090,32119.9309
2026-08-19 14:56:16.503,32363.3714
2026-08-19 14:56:16.916,32623.2041
2026-08-19 14:56:17.336,32895.0778
2026-08-19 14:56:17.765,33179.0039
2026-08-19 14:56:18.198,33486.7017
2026-08-19 14:56:18.611,33782.8625
2026-08-19 14:56:19.034,34081.6776
2026-08-19 14:56:19.446,34394.2836
2026-08-19 14:56:19.861,34445.7115
2026-08-19 14:56:20.276,34132.9673
2026-08-19 14:56:20.689,33826.2967
2026-08-19 14:56:21.101,33528.9508
2026-08-19 14:56:21.526,33239.168
2026-08-19 14:56:21.952,32948.6097
2026-08-19 14:56:22.364,32667.4965
2026-08-19 14:56:22.778,32405.2762
2026-08-19 14:56:23.194,32158.8104
2026-08-19 14:56:23.622,31939.7304
2026-08-19 14:56:24.085,31740.0642
2026-08-19 14:56:24.504,31638.1567
2026-08-19 14:56:24.916,31743.4555
2026-08-19 14:56:25.337,31914.9272
2026-08-19 14:56:25.750,32133.2506
2026-08-19 14:56:26.188,32385.725
2026-08-19 14:56:26.602,32653.6351
2026-08-19 14:56:27.019,32780.5798
2026-08-19 14:56:27.431,32525.1212
2026-08-19 14:56:27.849,32267.903
2026-08-19 14:56:28.273,32029.1712
2026-08-19 14:56:28.687,31822.8256
2026-08-19 14:56:29.109,31666.3249
2026-08-19 14:56:29.523,31598.3875
2026-08-19 14:56:29.941,31599.2017
2026-08-19 14:56:30.375,31599.3361
2026-08-19 14:56:30.787,31599.6956
2026-08-19 14:56:31.203,31599.8057
2026-08-19 14:56:31.617,31598.9476
2026-08-19 14:56:32.030,31598.3581
2026-08-19 14:56:32.447,31597.8728
2026-08-19 14:56:32.945,31597.013
2026-08-19 14:56:33.363,31596.1403
2026-08-19 14:56:33.780,31595.9135
2026-08-19 14:56:34.192,31596.1067
2026-08-19 14:56:34.630,31685.2052
2026-08-19 14:56:35.068,31868.6903
2026-08-19 14:56:35.486,32081.885
2026-08-19 14:56:35.899,32322.3595
2026-08-19 14:56:36.311,32578.7935
2026-08-19 14:56:36.727,32795.2974
2026-08-19 14:56:37.143,32602.0589
2026-08-19 14:56:37.556,32338.0814
2026-08-19 14:56:37.978,32094.2155
2026-08-19 14:56:38.392,31875.7256
2026-08-19 14:56:38.825,31702.3536
2026-08-19 14:56:39.237,31623.6881
2026-08-19 14:56:39.652,31760.4059
2026-08-19 14:56:40.064,31947.1488
2026-08-19 14:56:40.481,32169.2345
2026-08-19 14:56:40.899,32419.8495
2026-08-19 14:56:41.391,32737.9156
2026-08-19 14:56:41.810,32709.5768
2026-08-19 14:56:42.223,32437.6174
2026-08-19 14:56:42.651,32177.2996
2026-08-19 14:56:43.075,31950.158
2026-08-19 14:56:43.502,31755.7719
2026-08-19 14:56:43.922,31618.3918
2026-08-19 14:56:44.335,31700.1301
2026-08-19 14:56:44.749,31872.2143
2026-08-19 14:56:45.186,32092.7165
2026-08-19 14:56:45.616,32342.6781
2026-08-19 14:56:46.031,32610.1406
2026-08-19 14:56:46.443,32882.3367
2026-08-19 14:56:46.864,33159.9704
2026-08-19 14:56:47.278,33453.8283
2026-08-19 14:56:47.705,33750.5451
2026-08-19 14:56:48.118,34056.3906
2026-08-19 14:56:48.531,34361.015
2026-08-19 14:56:48.945,34451.5329
2026-08-19 14:56:49.378,34133.555
2026-08-19 14:56:49.808,33820.7316
2026-08-19 14:56:50.229,33514.5696
2026-08-19 14:56:50.641,33218.8227
2026-08-19 14:56:51.053,32936.7688
2026-08-19 14:56:51.475,32664.0294
2026-08-19 14:56:51.892,32395.8208
2026-08-19 14:56:52.306,32147.2024
2026-08-19 14:56:52.741,31922.544
2026-08-19 14:56:53.155,31745.299
2026-08-19 14:56:53.584,31631.8108
2026-08-19 14:56:54.002,31727.23
2026-08-19 14:56:54.415,31894.5485
2026-08-19 14:56:54.828,32104.9849
2026-08-19 14:56:55.240,32347.3632
2026-08-19 14:56:55.653,32606.7014
2026-08-19 14:56:56.067,32782.2287
2026-08-19 14:56:56.492,32553.2075
2026-08-19 14:56:56.905,32285.3788
2026-08-19 14:56:57.318,32046.504
2026-08-19 14:56:57.730,31840.7002
2026-08-19 14:56:58.148,31679.1396
2026-08-19 14:56:58.560,31593.77
2026-08-19 14:56:58.978,31593.3735
2026-08-19 14:56:59.390,31592.9283
2026-08-19 14:56:59.803,31593.3667
2026-08-19 14:57:00.222,31592.533
2026-08-19 14:57:00.634,31591.5433
2026-08-19 14:57:01.071,31590.4271
2026-08-19 14:57:01.491,31589.4295
2026-08-19 14:57:01.908,31588.7866
2026-08-19 14:57:02.321,31587.6863
2026-08-19 14:57:02.736,31587.1633
2026-08-19 14:57:03.155,31586.6851
2026-08-19 14:57:03.568,31628.0175
2026-08-19 14:57:03.980,31777.0838
2026-08-19 14:57:04.405,31966.6594
2026-08-19 14:57:04.840,32206.0547
2026-08-19 14:57:05.266,32461.3718
2026-08-19 14:57:05.680,32733.7574
2026-08-19 14:57:06.092,32692.9477
2026-08-19 14:57:06.505,32425.8225
2026-08-19 14:57:06.930,32173.8489
2026-08-19 14:57:07.342,31940.5163
2026-08-19 14:57:07.754,31752.7437
2026-08-19 14:57:08.181,31614.8043
2026-08-19 14:57:08.608,31685.2699
2026-08-19 14:57:09.033,31861.1489
2026-08-19 14:57:09.447,32077.1738
2026-08-19 14:57:09.871,32318.0811
2026-08-19 14:57:10.283,32584.4207
2026-08-19 14:57:10.707,32779.5833
2026-08-19 14:57:11.131,32558.6346
2026-08-19 14:57:11.543,32291.513
2026-08-19 14:57:11.967,32050.3081
2026-08-19 14:57:12.386,31835.4282
2026-08-19 14:57:12.816,31666.2541
2026-08-19 14:57:13.230,31617.4337
2026-08-19 14:57:13.642,31765.0201
2026-08-19 14:57:14.055,31955.5104
2026-08-19 14:57:14.475,32182.3397
2026-08-19 14:57:14.896,32437.2086
2026-08-19 14:57:15.388,32758.2108
2026-08-19 14:57:15.800,33034.8856
2026-08-19 14:57:16.212,33318.2537
2026-08-19 14:57:16.624,33606.4298
2026-08-19 14:57:17.100,33936.8543
2026-08-19 14:57:17.511,34249.6123
2026-08-19 14:57:17.923,34470.5177
2026-08-19 14:57:18.335,34222.7811
2026-08-19 14:57:18.748,33915.8577
2026-08-19 14:57:19.183,33614.876
2026-08-19 14:57:19.609,33306.9879
2026-08-19 14:57:20.022,33012.7342
2026-08-19 14:57:20.448,32737.2936
2026-08-19 14:57:20.867,32462.7263
2026-08-19 14:57:21.283,32206.5789
2026-08-19 14:57:21.696,31977.0506
2026-08-19 14:57:22.108,31788.3267
2026-08-19 14:57:22.522,31644.712
2026-08-19 14:57:22.934,31655.0056
2026-08-19 14:57:23.348,31804.1097
2026-08-19 14:57:23.812,32023.8689
2026-08-19 14:57:24.232,32256.5994
2026-08-19 14:57:24.644,32517.2053
2026-08-19 14:57:25.057,32760.2384
2026-08-19 14:57:25.470,32612.9778
2026-08-19 14:57:25.899,32340.8734
2026-08-19 14:57:26.312,32093.3985
2026-08-19 14:57:26.739,31876.881
2026-08-19 14:57:27.152,31698.5886
2026-08-19 14:57:27.565,31588.0407
2026-08-19 14:57:27.980,31579.4333
2026-08-19 14:57:28.407,31579.3586
2026-08-19 14:57:28.819,31579.9854
2026-08-19 14:57:29.245,31579.3723
2026-08-19 14:57:29.664,31578.3531
2026-08-19 14:57:30.076,31577.6564
2026-08-19 14:57:30.510,31576.7606
2026-08-19 14:57:30.924,31576.1731
2026-08-19 14:57:31.337,31575.4518
2026-08-19 14:57:31.757,31574.4721
2026-08-19 14:57:32.182,31574.1356
2026-08-19 14:57:32.641,31606.2724
2026-08-19 14:57:33.069,31750.5102
2026-08-19 14:57:33.485,31944.0113
2026-08-19 14:57:33.898,32168.5428
2026-08-19 14:57:34.334,32424.5767
2026-08-19 14:57:34.746,32693.8786
2026-08-19 14:57:35.164,32699.9485
2026-08-19 14:57:35.577,32428.3533
2026-08-19 14:57:36.009,32166.3008
2026-08-19 14:57:36.422,31936.2476
2026-08-19 14:57:36.835,31745.7313
2026-08-19 14:57:37.255,31602.6161
2026-08-19 14:57:37.668,31659.2406
2026-08-19 14:57:38.096,31830.8709
2026-08-19 14:57:38.524,32046.0806
2026-08-19 14:57:38.943,32287.3204
2026-08-19 14:57:39.370,32554.0282
2026-08-19 14:57:39.782,32761.4536
2026-08-19 14:57:40.195,32560.9421
2026-08-19 14:57:40.621,32298.6505
2026-08-19 14:57:41.035,32047.5238
2026-08-19 14:57:41.472,31828.3343
2026-08-19 14:57:41.899,31656.5
2026-08-19 14:57:42.315,31595.1141
2026-08-19 14:57:42.735,31738.0927
2026-08-19 14:57:43.149,31929.8363
2026-08-19 14:57:43.568,32155.0128
2026-08-19 14:57:43.983,32408.1896
2026-08-19 14:57:44.411,32673.8832
2026-08-19 14:57:44.824,32956.8045
2026-08-19 14:57:45.251,33248.9728
2026-08-19 14:57:45.664,33538.092
2026-08-19 14:57:46.077,33832.0104
2026-08-19 14:57:46.491,34131.5464
2026-08-19 14:57:46.903,34425.2272
2026-08-19 14:57:47.343,34297.1163
2026-08-19 14:57:47.756,33966.0449
2026-08-19 14:57:48.168,33663.6583
2026-08-19 14:57:48.588,33369.5155
2026-08-19 14:57:49.001,33077.2897
2026-08-19 14:57:49.476,32767.1957
2026-08-19 14:57:49.895,32489.8399
2026-08-19 14:57:50.312,32231.1018
2026-08-19 14:57:50.726,31994.6462
2026-08-19 14:57:51.139,31797.5823
2026-08-19 14:57:51.560,31645.6024
2026-08-19 14:57:51.972,31613.6828
2026-08-19 14:57:52.398,31752.846
2026-08-19 14:57:52.811,31943.9387
2026-08-19 14:57:53.225,32169.1857
2026-08-19 14:57:53.662,32420.0686
2026-08-19 14:57:54.088,32699.8784
2026-08-19 14:57:54.502,32646.5015
2026-08-19 14:57:54.926,32380.5887
2026-08-19 14:57:55.339,32123.3137
2026-08-19 14:57:55.765,31899.8183
2026-08-19 14:57:56.177,31710.6527
2026-08-19 14:57:56.589,31579.6059
2026-08-19 14:57:57.003,31555.5172
2026-08-19 14:57:57.416,31555.3752
2026-08-19 14:57:57.838,31555.6436
2026-08-19 14:57:58.329,31555.3307
2026-08-19 14:57:58.741,31554.5104
2026-08-19 14:57:59.158,31553.749
2026-08-19 14:57:59.586,31553.1678
2026-08-19 14:58:00.010,31551.9282
2026-08-19 14:58:00.432,31550.9616
2026-08-19 14:58:00.859,31550.0164
2026-08-19 14:58:01.271,31549.4649
2026-08-19 14:58:01.693,31565.7201
2026-08-19 14:58:02.108,31696.2572
2026-08-19 14:58:02.542,31882.1965
2026-08-19 14:58:02.956,32103.4659
2026-08-19 14:58:03.368,32348.0641
2026-08-19 14:58:03.782,32608.1765
2026-08-19 14:58:04.202,32719.604
2026-08-19 14:58:04.616,32457.4375
2026-08-19 14:58:05.028,32201.0393
2026-08-19 14:58:05.460,31958.8353
2026-08-19 14:58:05.874,31757.3178
2026-08-19 14:58:06.303,31602.0634
2026-08-19 14:58:06.716,31608.9779
2026-08-19 14:58:07.143,31772.9304
2026-08-19 14:58:07.556,31972.0124
2026-08-19 14:58:07.983,32213.1099
2026-08-19 14:58:08.404,32467.7186
2026-08-19 14:58:08.817,32721.6362
2026-08-19 14:58:09.229,32591.6535
2026-08-19 14:58:09.652,32328.4506
2026-08-19 14:58:10.068,32075.3776
2026-08-19 14:58:10.501,31853.8942
2026-08-19 14:58:10.925,31667.1544
2026-08-19 14:58:11.338,31563.8208
2026-08-19 14:58:11.763,31682.4857
2026-08-19 14:58:12.184,31860.8335
2026-08-19 14:58:12.602,32083.241
2026-08-19 14:58:13.016,32331.3102
2026-08-19 14:58:13.433,32593.9581
2026-08-19 14:58:13.861,32868.2235
2026-08-19 14:58:14.273,33159.2567
2026-08-19 14:58:14.702,33446.8181
2026-08-19 14:58:15.127,33750.8283
2026-08-19 14:58:15.541,34058.772
2026-08-19 14:58:15.959,34365.6769
2026-08-19 14:58:16.374,34331.9771
2026-08-19 14:58:16.799,34019.2067
2026-08-19 14:58:17.217,33708.1629
2026-08-19 14:58:17.629,33408.5187
2026-08-19 14:58:18.053,33121.2169
2026-08-19 14:58:18.480,32833.3538
2026-08-19 14:58:18.900,32554.1638
2026-08-19 14:58:19.313,32290.4388
2026-08-19 14:58:19.726,32049.5128
2026-08-19 14:58:20.139,31840.9166
2026-08-19 14:58:20.567,31676.2768
2026-08-19 14:58:21.035,31591.6123
2026-08-19 14:58:21.447,31720.5913
2026-08-19 14:58:21.878,31904.8865
2026-08-19 14:58:22.291,32128.2154
2026-08-19 14:58:22.719,32386.0792
2026-08-19 14:58:23.132,32650.6208
2026-08-19 14:58:23.557,32685.36
2026-08-19 14:58:23.970,32409.6582
2026-08-19 14:58:24.382,32155.9579
2026-08-19 14:58:24.795,31927.6199
2026-08-19 14:58:25.220,31737.0362
2026-08-19 14:58:25.633,31590.059
2026-08-19 14:58:26.049,31551.275
2026-08-19 14:58:26.476,31551.3097
2026-08-19 14:58:26.888,31552.0339
2026-08-19 14:58:27.321,31551.7504
2026-08-19 14:58:27.747,31550.8766
2026-08-19 14:58:28.159,31550.2389
2026-08-19 14:58:28.582,31549.649
2026-08-19 14:58:28.997,31548.649
2026-08-19 14:58:29.424,31547.8809
2026-08-19 14:58:29.837,31546.9953
2026-08-19 14:58:30.263,31546.3076
2026-08-19 14:58:30.679,31548.7964
2026-08-19 14:58:31.104,31647.4662
2026-08-19 14:58:31.517,31819.9414
2026-08-19 14:58:31.930,32026.783
2026-08-19 14:58:32.357,32271.8212
2026-08-19 14:58:32.770,32528.526
2026-08-19 14:58:33.231,32736.4372
2026-08-19 14:58:33.648,32503.1363
2026-08-19 14:58:34.069,32244.2626
2026-08-19 14:58:34.482,31999.55
2026-08-19 14:58:34.896,31792.1239
2026-08-19 14:58:35.309,31627.1584
2026-08-19 14:58:35.730,31576.4873
2026-08-19 14:58:36.144,31722.5448
2026-08-19 14:58:36.558,31911.8552
2026-08-19 14:58:36.972,32137.1003
2026-08-19 14:58:37.385,32387.0781
2026-08-19 14:58:37.803,32651.0939
2026-08-19 14:58:38.294,32615.2315
2026-08-19 14:58:38.709,32350.2402
2026-08-19 14:58:39.124,32099.081
2026-08-19 14:58:39.542,31873.7989
2026-08-19 14:58:39.957,31687.2866
2026-08-19 14:58:40.369,31560.0197
2026-08-19 14:58:40.788,31641.9961
2026-08-19 14:58:41.205,31814.5492
2026-08-19 14:58:41.617,32027.4943
2026-08-19 14:58:42.030,32267.8426
2026-08-19 14:58:42.444,32527.3183
2026-08-19 14:58:42.860,32797.9042
2026-08-19 14:58:43.276,33077.3785
2026-08-19 14:58:43.690,33365.5357
2026-08-19 14:58:44.108,33660.4323
2026-08-19 14:58:44.529,33959.2663
2026-08-19 14:58:44.948,34272.5942
2026-08-19 14:58:45.360,34404.2227
2026-08-19 14:58:45.787,34107.4687
2026-08-19 14:58:46.202,33792.1895
2026-08-19 14:58:46.615,33492.5372
2026-08-19 14:58:47.032,33201.3217
2026-08-19 14:58:47.444,32915.2029
2026-08-19 14:58:47.858,32642.0377
2026-08-19 14:58:48.284,32369.0186
2026-08-19 14:58:48.705,32120.5004
2026-08-19 14:58:49.133,31894.9543
2026-08-19 14:58:49.546,31709.4196
2026-08-19 14:58:49.980,31580.5284
2026-08-19 14:58:50.395,31648.6806
2026-08-19 14:58:50.808,31808.7725
2026-08-19 14:58:51.231,32012.1085
2026-08-19 14:58:51.648,32258.371
2026-08-19 14:58:52.060,32516.3057
2026-08-19 14:58:52.472,32723.5105
2026-08-19 14:58:52.890,32523.6964
2026-08-19 14:58:53.307,32260.351
2026-08-19 14:58:53.737,32015.7067
2026-08-19 14:58:54.149,31798.1098
2026-08-19 14:58:54.567,31634.3708
2026-08-19 14:58:54.992,31540.9481
2026-08-19 14:58:55.410,31538.87
2026-08-19 14:58:55.838,31538.9811
2026-08-19 14:58:56.252,31539.0345
2026-08-19 14:58:56.665,31538.9323
2026-08-19 14:58:57.078,31539.0432
2026-08-19 14:58:57.539,31538.5493
2026-08-19 14:58:57.962,31537.9074
2026-08-19 14:58:58.378,31537.3399
2026-08-19 14:58:58.806,31536.7734
2026-08-19 14:58:59.218,31535.9637
2026-08-19 14:58:59.642,31535.6338
2026-08-19 14:59:00.054,31586.0059
2026-08-19 14:59:00.483,31744.9463
2026-08-19 14:59:00.910,31938.4275
2026-08-19 14:59:01.323,32173.9417
2026-08-19 14:59:01.751,32425.5851
2026-08-19 14:59:02.162,32695.8803
2026-08-19 14:59:02.584,32616.6775
2026-08-19 14:59:02.998,32345.8371
2026-08-19 14:59:03.417,32096.2036
2026-08-19 14:59:03.829,31870.4466
2026-08-19 14:59:04.241,31686.81
2026-08-19 14:59:04.661,31559.8855
2026-08-19 14:59:05.090,31643.0243
2026-08-19 14:59:05.501,31820.2505
2026-08-19 14:59:05.925,32030.7176
2026-08-19 14:59:06.339,32278.6271
2026-08-19 14:59:06.751,32538.1771
2026-08-19 14:59:07.213,32718.3491
2026-08-19 14:59:07.640,32473.599
2026-08-19 14:59:08.053,32207.3452
2026-08-19 14:59:08.479,31969.7884
2026-08-19 14:59:08.895,31759.7396
2026-08-19 14:59:09.321,31599.5793
2026-08-19 14:59:09.733,31582.9176
2026-08-19 14:59:10.165,31742.9769
2026-08-19 14:59:10.579,31941.6837
2026-08-19 14:59:10.991,32173.1506
2026-08-19 14:59:11.413,32425.507
2026-08-19 14:59:11.827,32698.4824
2026-08-19 14:59:12.256,32985.1103
2026-08-19 14:59:12.669,33269.2437
2026-08-19 14:59:13.133,33560.1346
2026-08-19 14:59:13.559,33896.3826
2026-08-19 14:59:13.971,34205.3257
2026-08-19 14:59:14.398,34423.5196
2026-08-19 14:59:14.811,34162.345
2026-08-19 14:59:15.236,33854.5432
2026-08-19 14:59:15.659,33546.9065
2026-08-19 14:59:16.075,33247.0682
2026-08-19 14:59:16.487,32961.0114
2026-08-19 14:59:16.901,32685.6288
2026-08-19 14:59:17.314,32418.8364
2026-08-19 14:59:17.741,32158.3977
2026-08-19 14:59:18.159,31930.6547
2026-08-19 14:59:18.573,31740.2132
2026-08-19 14:59:18.994,31598.922
2026-08-19 14:59:19.406,31615.0731
2026-08-19 14:59:19.848,31763.7024
2026-08-19 14:59:20.262,31972.3338
2026-08-19 14:59:20.676,32204.52
2026-08-19 14:59:21.088,32460.7368
2026-08-19 14:59:21.505,32709.8927
2026-08-19 14:59:21.972,32542.5409
2026-08-19 14:59:22.396,32280.3954
2026-08-19 14:59:22.810,32029.987
2026-08-19 14:59:23.225,31817.2648
2026-08-19 14:59:23.637,31647.3026
2026-08-19 14:59:24.054,31544.2299
2026-08-19 14:59:24.475,31538.8072
2026-08-19 14:59:24.889,31538.7264
2026-08-19 14:59:25.309,31539.506
2026-08-19 14:59:25.721,31539.4752
2026-08-19 14:59:26.154,31538.787
2026-08-19 14:59:26.568,31538.5067
2026-08-19 14:59:26.984,31537.7411
2026-08-19 14:59:27.397,31537.0223
2026-08-19 14:59:27.815,31536.499
2026-08-19 14:59:28.227,31535.54
2026-08-19 14:59:28.732,31535.1445
2026-08-19 14:59:29.155,31579.1528
2026-08-19 14:59:29.570,31732.2702
2026-08-19 14:59:29.982,31924.0407
2026-08-19 14:59:30.400,32149.5115
2026-08-19 14:59:30.817,32402.7597
2026-08-19 14:59:31.233,32670.2257
2026-08-19 14:59:31.660,32649.4915
2026-08-19 14:59:32.073,32373.6633
2026-08-19 14:59:32.501,32122.5133
2026-08-19 14:59:32.914,31888.2852
2026-08-19 14:59:33.327,31700.6214
2026-08-19 14:59:33.752,31563.5734
2026-08-19 14:59:34.166,31636.2643
2026-08-19 14:59:34.603,31804.4276
2026-08-19 14:59:35.017,32026.1286
2026-08-19 14:59:35.435,32266.026
2026-08-19 14:59:35.853,32528.8832
2026-08-19 14:59:36.265,32728.8705
2026-08-19 14:59:36.698,32517.4103
2026-08-19 14:59:37.119,32244.1218
2026-08-19 14:59:37.538,31998.6543
2026-08-19 14:59:37.952,31787.4329
2026-08-19 14:59:38.365,31621.6454
2026-08-19 14:59:38.797,31571.3869
2026-08-19 14:59:39.215,31717.506
2026-08-19 14:59:39.632,31909.7975
2026-08-19 14:59:40.047,32137.9856
2026-08-19 14:59:40.462,32389.7628
2026-08-19 14:59:40.936,32691.5095
2026-08-19 14:59:41.350,32972.6493
2026-08-19 14:59:41.785,33265.5984
2026-08-19 14:59:42.198,33561.6208
2026-08-19 14:59:42.613,33856.3955
2026-08-19 14:59:43.027,34160.0853
2026-08-19 14:59:43.455,34432.7984
2026-08-19 14:59:43.886,34219.6889
2026-08-19 14:59:44.299,33908.2753
2026-08-19 14:59:44.713,33606.6464
2026-08-19 14:59:45.129,33308.4537
2026-08-19 14:59:45.557,33013.0331
2026-08-19 14:59:45.984,32724.6342
2026-08-19 14:59:46.403,32457.1259
2026-08-19 14:59:46.831,32198.9008
2026-08-19 14:59:47.248,31956.4226
2026-08-19 14:59:47.660,31761.1491
2026-08-19 14:59:48.073,31612.7816
2026-08-19 14:59:48.485,31590.996
2026-08-19 14:59:48.909,31731.3162
2026-08-19 14:59:49.335,31922.5502
2026-08-19 14:59:49.748,32156.0013
2026-08-19 14:59:50.167,32407.8048
2026-08-19 14:59:50.580,32676.8289
2026-08-19 14:59:50.997,32621.9985
2026-08-19 14:59:51.426,32353.9642
2026-08-19 14:59:51.839,32093.5742
2026-08-19 14:59:52.259,31870.7192
2026-08-19 14:59:52.672,31685.0623
2026-08-19 14:59:53.100,31554.9683
2026-08-19 14:59:53.519,31532.2155
2026-08-19 14:59:53.946,31532.191
2026-08-19 14:59:54.368,31532.5437
2026-08-19 14:59:54.782,31532.5089
2026-08-19 14:59:55.210,31531.7288
2026-08-19 14:59:55.627,31530.4927
2026-08-19 14:59:56.041,31530.0516
2026-08-19 14:59:56.453,31529.2708
2026-08-19 14:59:56.865,31528.1307
2026-08-19 14:59:57.299,31527.2735
2026-08-19 14:59:57.726,31526.2916
2026-08-19 14:59:58.141,31536.7809
2026-08-19 14:59:58.554,31655.5978
2026-08-19 14:59:58.966,31829.3501
2026-08-19 14:59:59.377,32040.51
2026-08-19 14:59:59.848,32280.8105
2026-08-19 15:00:00.290,32597.1106
2026-08-19 15:00:00.705,32690.5901
2026-08-19 15:00:01.131,32428.3524
2026-08-19 15:00:01.613,32123.9728
2026-08-19 15:00:02.039,31895.4655
2026-08-19 15:00:02.455,31698.5362
2026-08-19 15:00:02.882,31555.6919
2026-08-19 15:00:03.301,31616.2386
2026-08-19 15:00:03.714,31782.0185
2026-08-19 15:00:04.150,31995.7054
2026-08-19 15:00:04.562,32240.1343
2026-08-19 15:00:04.975,32497.8834
2026-08-19 15:00:05.396,32714.8561
2026-08-19 15:00:05.810,32519.9748
2026-08-19 15:00:06.224,32256.9776
2026-08-19 15:00:06.652,32005.1635
2026-08-19 15:00:07.075,31792.3907
2026-08-19 15:00:07.502,31618.8743
2026-08-19 15:00:07.921,31547.8508
2026-08-19 15:00:08.339,31685.5607
2026-08-19 15:00:08.752,31873.4749
2026-08-19 15:00:09.167,32096.6086
2026-08-19 15:00:09.646,32381.1107
2026-08-19 15:00:10.059,32655.0071
2026-08-19 15:00:10.478,32928.9787
2026-08-19 15:00:10.891,33216.543
2026-08-19 15:00:11.308,33505.2738
2026-08-19 15:00:11.722,33802.159
2026-08-19 15:00:12.136,34104.5292
2026-08-19 15:00:12.549,34392.6317
2026-08-19 15:00:12.977,34236.3603
2026-08-19 15:00:13.392,33926.5553
2026-08-19 15:00:13.831,33623.4156
2026-08-19 15:00:14.248,33310.8754
2026-08-19 15:00:14.663,33021.2301
2026-08-19 15:00:15.077,32741.3606
2026-08-19 15:00:15.515,32462.5776
2026-08-19 15:00:15.931,32198.4888
2026-08-19 15:00:16.344,31964.4868
2026-08-19 15:00:16.757,31766.8953
2026-08-19 15:00:17.170,31614.8188
2026-08-19 15:00:17.583,31574.4181
2026-08-19 15:00:18.060,31731.0074
2026-08-19 15:00:18.479,31925.0521
2026-08-19 15:00:18.891,32156.9447
2026-08-19 15:00:19.312,32410.1472
2026-08-19 15:00:19.725,32679.9125
2026-08-19 15:00:20.142,32608.5732
2026-08-19 15:00:20.556,32340.4936
2026-08-19 15:00:20.982,32090.5586
2026-08-19 15:00:21.400,31861.5104
2026-08-19 15:00:21.812,31679.3076
2026-08-19 15:00:22.232,31550.7352
2026-08-19 15:00:22.646,31529.0024
2026-08-19 15:00:23.066,31528.6086
2026-08-19 15:00:23.478,31529.1535
2026-08-19 15:00:23.891,31529.6024
2026-08-19 15:00:24.331,31528.5672
2026-08-19 15:00:24.751,31527.3178
2026-08-19 15:00:25.164,31527.0905
2026-08-19 15:00:25.576,31526.7658
2026-08-19 15:00:25.989,31526.1509
2026-08-19 15:00:26.411,31526.2272
2026-08-19 15:00:26.904,31525.9673
2026-08-19 15:00:27.327,31545.3627
2026-08-19 15:00:27.739,31679.91
2026-08-19 15:00:28.151,31860.236
2026-08-19 15:00:28.564,32077.1899
2026-08-19 15:00:28.981,32325.8522
2026-08-19 15:00:29.400,32587.4405
2026-08-19 15:00:29.819,32714.282
2026-08-19 15:00:30.232,32456.3704
2026-08-19 15:00:30.646,32198.8749
2026-08-19 15:00:31.058,31962.1466
2026-08-19 15:00:31.472,31759.4902
2026-08-19 15:00:31.940,31600.3799
2026-08-19 15:00:32.367,31598.1097
2026-08-19 15:00:32.781,31756.8676
2026-08-19 15:00:33.208,31964.5682
2026-08-19 15:00:33.634,32199.2576
2026-08-19 15:00:34.052,32465.3828
2026-08-19 15:00:34.476,32717.4826
2026-08-19 15:00:34.898,32574.9987
2026-08-19 15:00:35.311,32306.1869
2026-08-19 15:00:35.728,32060.0359
2026-08-19 15:00:36.140,31838.8354
2026-08-19 15:00:36.566,31662.0921
2026-08-19 15:00:36.979,31557.9917
2026-08-19 15:00:37.398,31672.5306
2026-08-19 15:00:37.810,31853.4516
2026-08-19 15:00:38.242,32071.9636
2026-08-19 15:00:38.693,32352.0448
2026-08-19 15:00:39.151,32640.4021
2026-08-19 15:00:39.564,32924.413
2026-08-19 15:00:39.977,33208.1477
2026-08-19 15:00:40.390,33500.1607
2026-08-19 15:00:40.850,33831.2034
2026-08-19 15:00:41.263,34134.3102
2026-08-19 15:00:41.675,34428.2979
2026-08-19 15:00:42.091,34295.5194
2026-08-19 15:00:42.503,33984.1066
2026-08-19 15:00:42.924,33683.0778
2026-08-19 15:00:43.403,33344.7671
2026-08-19 15:00:43.816,33048.683
2026-08-19 15:00:44.242,32761.1574
2026-08-19 15:00:44.655,32492.8516
2026-08-19 15:00:45.081,32236.7144
2026-08-19 15:00:45.498,31995.0413
2026-08-19 15:00:45.912,31795.4268
2026-08-19 15:00:46.339,31639.9963
2026-08-19 15:00:46.753,31615.9276
2026-08-19 15:00:47.177,31757.0549
2026-08-19 15:00:47.602,31949.2029
2026-08-19 15:00:48.020,32184.6711
2026-08-19 15:00:48.433,32438.1983
2026-08-19 15:00:48.852,32706.7439
2026-08-19 15:00:49.264,32654.5177
2026-08-19 15:00:49.684,32389.1843
2026-08-19 15:00:50.097,32133.8855
2026-08-19 15:00:50.510,31908.7769
2026-08-19 15:00:50.922,31724.5714
2026-08-19 15:00:51.345,31591.4079
2026-08-19 15:00:51.759,31565.3784
2026-08-19 15:00:52.172,31565.8301
2026-08-19 15:00:52.585,31566.6671
2026-08-19 15:00:52.999,31567.4983
2026-08-19 15:00:53.412,31567.0825
2026-08-19 15:00:53.826,31566.6617
2026-08-19 15:00:54.238,31566.3662
2026-08-19 15:00:54.649,31565.5909
2026-08-19 15:00:55.062,31565.3395
2026-08-19 15:00:55.479,31565.0176
2026-08-19 15:00:55.891,31564.6887
2026-08-19 15:00:56.319,31564.5572
2026-08-19 15:00:56.740,31565.8027
2026-08-19 15:00:57.154,31565.3656
2026-08-19 15:00:57.580,31565.0667
2026-08-19 15:00:58.006,31566.0347
2026-08-19 15:00:58.431,31565.7236
2026-08-19 15:00:58.856,31565.4828
2026-08-19 15:00:59.269,31565.5256
2026-08-19 15:00:59.682,31565.5496
2026-08-19 15:01:00.098,31565.621
2026-08-19 15:01:00.512,31565.4238
2026-08-19 15:01:00.940,31565.5025
2026-08-19 15:01:01.352,31565.547
2026-08-19 15:01:01.772,31565.6661
2026-08-19 15:01:02.192,31565.7828
2026-08-19 15:01:02.607,31565.5814
2026-08-19 15:01:03.027,31565.5895
2026-08-19 15:01:03.441,31565.6792
2026-08-19 15:01:03.858,31565.4208
2026-08-19 15:01:04.274,31565.061
2026-08-19 15:01:04.695,31564.9648
2026-08-19 15:01:05.108,31564.7696
2026-08-19 15:01:05.521,31564.6751
2026-08-19 15:01:05.936,31564.8078
2026-08-19 15:01:06.351,31565.0547
2026-08-19 15:01:06.779,31565.1665
2026-08-19 15:01:07.206,31565.1242
2026-08-19 15:01:07.626,31565.4262
2026-08-19 15:01:08.045,31565.6738
2026-08-19 15:01:08.458,31565.8048
2026-08-19 15:01:08.872,31565.7185
2026-08-19 15:01:09.289,31566.1963
2026-08-19 15:01:09.702,31566.5719
2026-08-19 15:01:10.115,31566.494
2026-08-19 15:01:10.527,31566.4196
2026-08-19 15:01:10.945,31566.4774
2026-08-19 15:01:11.437,31566.7116
2026-08-19 15:01:11.852,31566.6831
2026-08-19 15:01:12.265,31567.1075
2026-08-19 15:01:12.690,31567.0537
2026-08-19 15:01:13.104,31567.2289
2026-08-19 15:01:13.518,31566.9743
2026-08-19 15:01:13.947,31566.8556
2026-08-19 15:01:14.366,31566.6685
2026-08-19 15:01:14.789,31566.5345
2026-08-19 15:01:15.201,31566.3074
2026-08-19 15:01:15.626,31566.1445
2026-08-19 15:01:16.059,31566.1572
2026-08-19 15:01:16.472,31565.7814
2026-08-19 15:01:16.896,31565.7061
2026-08-19 15:01:17.309,31565.1679
2026-08-19 15:01:17.721,31565.1546
2026-08-19 15:01:18.181,31565.0643
2026-08-19 15:01:18.593,31564.9843
2026-08-19 15:01:19.014,31564.3945
2026-08-19 15:01:19.427,31563.7871
2026-08-19 15:01:19.854,31563.5424
2026-08-19 15:01:20.274,31563.311
2026-08-19 15:01:20.690,31563.486
2026-08-19 15:01:21.125,31563.44
2026-08-19 15:01:21.536,31563.2609
2026-08-19 15:01:21.963,31563.6605
2026-08-19 15:01:22.390,31563.2569
2026-08-19 15:01:22.814,31562.8911
2026-08-19 15:01:23.242,31562.9575
2026-08-19 15:01:23.654,31562.4271
2026-08-19 15:01:24.067,31562.0462
2026-08-19 15:01:24.480,31562.2283
2026-08-19 15:01:24.902,31562.1376
2026-08-19 15:01:25.315,31562.0931
2026-08-19 15:01:25.776,31634.3871
2026-08-19 15:01:26.193,31825.8455
2026-08-19 15:01:26.605,32032.9585
2026-08-19 15:01:27.026,32268.3742
2026-08-19 15:01:27.439,32531.5283
2026-08-19 15:01:27.854,32774.9387
2026-08-19 15:01:28.298,32623.1097
2026-08-19 15:01:28.711,32338.9179
2026-08-19 15:01:29.133,32093.2737
2026-08-19 15:01:29.547,31870.8012
2026-08-19 15:01:30.007,31691.8894
2026-08-19 15:01:30.434,31601.7815
2026-08-19 15:01:30.852,31747.0883
2026-08-19 15:01:31.279,31940.3544
2026-08-19 15:01:31.692,32174.3187
2026-08-19 15:01:32.119,32425.6409
2026-08-19 15:01:32.538,32704.6755
2026-08-19 15:01:32.950,32721.9056
2026-08-19 15:01:33.373,32452.2316
2026-08-19 15:01:33.790,32191.2181
2026-08-19 15:01:34.253,31957.4885
2026-08-19 15:01:34.681,31735.3247
2026-08-19 15:01:35.093,31600.1491
2026-08-19 15:01:35.505,31679.328
2026-08-19 15:01:35.925,31852.337
2026-08-19 15:01:36.352,32068.9609
2026-08-19 15:01:36.769,32321.0119
2026-08-19 15:01:37.181,32584.6575
2026-08-19 15:01:37.607,32866.1496
2026-08-19 15:01:38.020,33147.3494
2026-08-19 15:01:38.448,33437.2283
2026-08-19 15:01:38.875,33744.5877
2026-08-19 15:01:39.290,34056.6043
2026-08-19 15:01:39.706,34365.6152
2026-08-19 15:01:40.119,34470.7636
2026-08-19 15:01:40.585,34124.3791
2026-08-19 15:01:41.002,33816.8187
2026-08-19 15:01:41.419,33515.1103
2026-08-19 15:01:41.845,33220.6034
2026-08-19 15:01:42.259,32927.7284
2026-08-19 15:01:42.673,32652.7932
2026-08-19 15:01:43.100,32380.8952
2026-08-19 15:01:43.532,32126.3239
2026-08-19 15:01:43.943,31909.2391
2026-08-19 15:01:44.369,31732.6755
2026-08-19 15:01:44.797,31630.6175
2026-08-19 15:01:45.210,31738.0579
2026-08-19 15:01:45.624,31911.3962
2026-08-19 15:01:46.050,32127.4182
2026-08-19 15:01:46.463,32381.5009
2026-08-19 15:01:46.888,32654.216
2026-08-19 15:01:47.308,32784.7453
2026-08-19 15:01:47.734,32526.7484
2026-08-19 15:01:48.163,32250.5906
2026-08-19 15:01:48.582,32015.0437
2026-08-19 15:01:49.008,31812.5267
2026-08-19 15:01:49.436,31654.2408
2026-08-19 15:01:49.848,31598.6284
2026-08-19 15:01:50.274,31599.5276
2026-08-19 15:01:50.686,31599.2937
2026-08-19 15:01:51.099,31599.4604
2026-08-19 15:01:51.512,31598.9403
2026-08-19 15:01:51.929,31598.4246
2026-08-19 15:01:52.345,31598.0082
2026-08-19 15:01:52.789,31597.0471
2026-08-19 15:01:53.206,31596.2742
2026-08-19 15:01:53.632,31595.408
2026-08-19 15:01:54.048,31594.403
2026-08-19 15:01:54.460,31594.0156
2026-08-19 15:01:54.872,31676.1479
2026-08-19 15:01:55.290,31839.9323
2026-08-19 15:01:55.753,32071.6378
2026-08-19 15:01:56.165,32310.5764
2026-08-19 15:01:56.578,32568.5448
2026-08-19 15:01:56.990,32798.5045
2026-08-19 15:01:57.402,32622.5493
2026-08-19 15:01:57.814,32357.6595
2026-08-19 15:01:58.233,32110.6861
2026-08-19 15:01:58.648,31889.0814
2026-08-19 15:01:59.115,31691.2157
2026-08-19 15:01:59.537,31619.0913
2026-08-19 15:01:59.950,31758.7311
2026-08-19 15:02:00.383,31953.182
2026-08-19 15:02:00.797,32182.0077
2026-08-19 15:02:01.219,32433.2263
2026-08-19 15:02:01.636,32708.9388
2026-08-19 15:02:02.049,32737.493
2026-08-19 15:02:02.474,32466.4626
2026-08-19 15:02:02.901,32202.4257
2026-08-19 15:02:03.317,31962.25
2026-08-19 15:02:03.751,31765.7838
2026-08-19 15:02:04.163,31614.1506
2026-08-19 15:02:04.576,31671.7311
2026-08-19 15:02:04.988,31838.4381
2026-08-19 15:02:05.401,32044.9686
2026-08-19 15:02:05.822,32284.089
2026-08-19 15:02:06.237,32548.119
2026-08-19 15:02:06.682,32820.2784
2026-08-19 15:02:07.096,33122.6946
2026-08-19 15:02:07.515,33411.8778
2026-08-19 15:02:07.928,33711.7871
2026-08-19 15:02:08.350,34011.2872
2026-08-19 15:02:08.762,34324.8214
2026-08-19 15:02:09.176,34488.8925
2026-08-19 15:02:09.612,34198.9798
2026-08-19 15:02:10.023,33872.5521
2026-08-19 15:02:10.448,33571.6238
2026-08-19 15:02:10.864,33268.6727
2026-08-19 15:02:11.276,32980.2477
2026-08-19 15:02:11.688,32702.9755
2026-08-19 15:02:12.107,32436.113
2026-08-19 15:02:12.547,32179.4496
2026-08-19 15:02:12.959,31940.4273
2026-08-19 15:02:13.380,31757.2968
2026-08-19 15:02:13.792,31622.7519
2026-08-19 15:02:14.268,31682.2635
2026-08-19 15:02:14.700,31866.2389
2026-08-19 15:02:15.116,32082.8399
2026-08-19 15:02:15.544,32327.4877
2026-08-19 15:02:15.964,32599.196
2026-08-19 15:02:16.380,32770.1162
2026-08-19 15:02:16.795,32530.0421
2026-08-19 15:02:17.209,32267.2159
2026-08-19 15:02:17.629,32026.2419
2026-08-19 15:02:18.055,31816.6557
2026-08-19 15:02:18.468,31651.1539
2026-08-19 15:02:18.914,31573.8521
2026-08-19 15:02:19.333,31574.0438
2026-08-19 15:02:19.750,31573.4477
2026-08-19 15:02:20.177,31574.0319
2026-08-19 15:02:20.592,31573.5402
2026-08-19 15:02:21.028,31572.6506
2026-08-19 15:02:21.454,31571.901
2026-08-19 15:02:21.869,31571.1722
2026-08-19 15:02:22.281,31570.4774
2026-08-19 15:02:22.693,31569.5526
2026-08-19 15:02:23.158,31568.8649
2026-08-19 15:02:23.570,31568.0796
2026-08-19 15:02:23.982,31646.7035
2026-08-19 15:02:24.409,31808.9368
2026-08-19 15:02:24.822,32017.8649
2026-08-19 15:02:25.289,32284.4189
2026-08-19 15:02:25.703,32543.8187
2026-08-19 15:02:26.115,32770.6127
2026-08-19 15:02:26.541,32588.2203
2026-08-19 15:02:26.954,32316.0786
2026-08-19 15:02:27.396,32061.0679
2026-08-19 15:02:27.808,31840.4283
2026-08-19 15:02:28.235,31669.677
2026-08-19 15:02:28.648,31595.7817
2026-08-19 15:02:29.061,31732.9204
2026-08-19 15:02:29.528,31946.0432
2026-08-19 15:02:29.955,32175.0846
2026-08-19 15:02:30.372,32436.5548
2026-08-19 15:02:30.785,32706.0895
2026-08-19 15:02:31.200,32693.3232
2026-08-19 15:02:31.641,32421.2506
2026-08-19 15:02:32.053,32150.3004
2026-08-19 15:02:32.467,31921.7228
2026-08-19 15:02:32.879,31731.4868
2026-08-19 15:02:33.295,31592.8298
2026-08-19 15:02:33.711,31658.4038
2026-08-19 15:02:34.137,31826.8154
2026-08-19 15:02:34.549,32041.67
2026-08-19 15:02:34.962,32281.8329
2026-08-19 15:02:35.374,32542.7043
2026-08-19 15:02:35.802,32824.3256
2026-08-19 15:02:36.215,33106.0953
2026-08-19 15:02:36.641,33394.4647
2026-08-19 15:02:37.057,33697.3913
2026-08-19 15:02:37.485,33999.9044
2026-08-19 15:02:37.907,34317.0131
2026-08-19 15:02:38.321,34450.8329
2026-08-19 15:02:38.742,34149.0262
2026-08-19 15:02:39.155,33834.3116
2026-08-19 15:02:39.571,33532.6518
2026-08-19 15:02:39.984,33237.1603
2026-08-19 15:02:40.426,32952.2914
2026-08-19 15:02:40.839,32657.0192
2026-08-19 15:02:41.254,32391.475
2026-08-19 15:02:41.680,32141.0141
2026-08-19 15:02:42.096,31912.6275
2026-08-19 15:02:42.522,31732.6564
2026-08-19 15:02:42.938,31606.1451
2026-08-19 15:02:43.364,31678.3692
2026-08-19 15:02:43.790,31852.2259
2026-08-19 15:02:44.201,32060.2906
2026-08-19 15:02:44.614,32301.8866
2026-08-19 15:02:45.078,32563.4725
2026-08-19 15:02:45.497,32758.7986
2026-08-19 15:02:45.917,32516.8797
2026-08-19 15:02:46.345,32251.6341
2026-08-19 15:02:46.760,32004.4
2026-08-19 15:02:47.172,31800.0753
2026-08-19 15:02:47.605,31642.7122
2026-08-19 15:02:48.033,31567.5411
2026-08-19 15:02:48.445,31568.9458
2026-08-19 15:02:48.872,31569.3189
2026-08-19 15:02:49.293,31569.4043
2026-08-19 15:02:49.730,31569.3832
2026-08-19 15:02:50.144,31568.8216
2026-08-19 15:02:50.558,31568.4372
2026-08-19 15:02:50.971,31567.5831
2026-08-19 15:02:51.383,31567.0526
2026-08-19 15:02:51.808,31566.91
2026-08-19 15:02:52.222,31566.5288
2026-08-19 15:02:52.665,31566.1084
2026-08-19 15:02:53.086,31640.728
2026-08-19 15:02:53.498,31805.4397
2026-08-19 15:02:53.911,32006.9034
2026-08-19 15:02:54.344,32250.1575
2026-08-19 15:02:54.810,32545.0411
2026-08-19 15:02:55.223,32774.4786
2026-08-19 15:02:55.641,32596.2114
2026-08-19 15:02:56.069,32327.7407
2026-08-19 15:02:56.483,32072.5398
2026-08-19 15:02:56.923,31849.5049
2026-08-19 15:02:57.342,31672.3945
2026-08-19 15:02:57.758,31597.2118
2026-08-19 15:02:58.172,31733.0184
2026-08-19 15:02:58.586,31919.6049
2026-08-19 15:02:59.007,32144.5038
2026-08-19 15:02:59.509,32451.5848
2026-08-19 15:02:59.921,32725.8025
2026-08-19 15:03:00.333,32689.7915
2026-08-19 15:03:00.747,32419.6764
2026-08-19 15:03:01.174,32164.3412
2026-08-19 15:03:01.586,31927.6179
2026-08-19 15:03:02.024,31737.5703
2026-08-19 15:03:02.437,31595.7369
2026-08-19 15:03:02.864,31673.3725
2026-08-19 15:03:03.279,31850.2277
2026-08-19 15:03:03.693,32064.07
2026-08-19 15:03:04.120,32316.6116
2026-08-19 15:03:04.549,32579.3393
2026-08-19 15:03:04.963,32864.0598
2026-08-19 15:03:05.375,33147.4615
2026-08-19 15:03:05.788,33436.8477
2026-08-19 15:03:06.202,33732.0894
2026-08-19 15:03:06.614,34036.104
2026-08-19 15:03:07.084,34384.3987
2026-08-19 15:03:07.510,34465.2515
2026-08-19 15:03:07.923,34143.0004
2026-08-19 15:03:08.336,33834.0586
2026-08-19 15:03:08.764,33523.4651
2026-08-19 15:03:09.178,33228.7193
2026-08-19 15:03:09.590,32941.9443
2026-08-19 15:03:10.056,32630.6975
2026-08-19 15:03:10.470,32366.8769
2026-08-19 15:03:10.897,32118.896
2026-08-19 15:03:11.308,31895.5357
2026-08-19 15:03:11.730,31723.4301
2026-08-19 15:03:12.148,31614.8605
2026-08-19 15:03:12.573,31710.5669
2026-08-19 15:03:12.996,31884.7146
2026-08-19 15:03:13.408,32104.3233
2026-08-19 15:03:13.821,32349.6256
2026-08-19 15:03:14.232,32614.1675
2026-08-19 15:03:14.645,32783.6759
2026-08-19 15:03:15.071,32547.3754
2026-08-19 15:03:15.563,32229.3837
2026-08-19 15:03:16.032,31962.8668
2026-08-19 15:03:16.458,31769.5285
2026-08-19 15:03:16.870,31619.7881
2026-08-19 15:03:17.293,31580.0149
2026-08-19 15:03:17.721,31580.7421
2026-08-19 15:03:18.140,31580.8055
2026-08-19 15:03:18.556,31581.2316
2026-08-19 15:03:18.984,31580.9899
2026-08-19 15:03:19.405,31580.7302
2026-08-19 15:03:19.818,31579.6568
2026-08-19 15:03:20.251,31578.7998
2026-08-19 15:03:20.664,31577.7406
2026-08-19 15:03:21.076,31577.0099
2026-08-19 15:03:21.502,31576.2748
2026-08-19 15:03:21.921,31578.3378
2026-08-19 15:03:22.333,31678.5965
2026-08-19 15:03:22.769,31854.1075
2026-08-19 15:03:23.183,32067.2657
2026-08-19 15:03:23.618,32308.9436
2026-08-19 15:03:24.030,32583.8456
2026-08-19 15:03:24.445,32781.5569
2026-08-19 15:03:24.859,32564.6426
2026-08-19 15:03:25.271,32299.9117
2026-08-19 15:03:25.685,32054.5808
2026-08-19 15:03:26.150,31817.1621
2026-08-19 15:03:26.564,31652.21
2026-08-19 15:03:26.977,31608.3417
2026-08-19 15:03:27.389,31755.9324
2026-08-19 15:03:27.815,31947.1684
2026-08-19 15:03:28.227,32182.8059
2026-08-19 15:03:28.670,32436.5266
2026-08-19 15:03:29.083,32725.0805
2026-08-19 15:03:29.509,32691.8275
2026-08-19 15:03:29.923,32412.1481
2026-08-19 15:03:30.337,32156.4898
2026-08-19 15:03:30.799,31902.4433
2026-08-19 15:03:31.212,31716.8783
2026-08-19 15:03:31.625,31591.5623
2026-08-19 15:03:32.043,31679.1631
2026-08-19 15:03:32.456,31854.6789
2026-08-19 15:03:32.923,32068.2783
2026-08-19 15:03:33.367,32366.1949
2026-08-19 15:03:33.794,32631.4286
2026-08-19 15:03:34.208,32916.5642
2026-08-19 15:03:34.622,33202.0553
2026-08-19 15:03:35.065,33505.1466
2026-08-19 15:03:35.477,33814.0799
2026-08-19 15:03:35.889,34119.4236
2026-08-19 15:03:36.303,34428.746
2026-08-19 15:03:36.724,34407.6394
2026-08-19 15:03:37.189,34045.9439
2026-08-19 15:03:37.602,33740.3248
2026-08-19 15:03:38.027,33441.7539
2026-08-19 15:03:38.441,33140.6545
2026-08-19 15:03:38.864,32856.6853
2026-08-19 15:03:39.279,32575.5967
2026-08-19 15:03:39.691,32312.8051
2026-08-19 15:03:40.129,32070.5375
2026-08-19 15:03:40.547,31849.6831
2026-08-19 15:03:40.960,31686.5248
2026-08-19 15:03:41.373,31617.7505
2026-08-19 15:03:41.787,31741.969
2026-08-19 15:03:42.199,31920.6135
2026-08-19 15:03:42.695,32189.4199
2026-08-19 15:03:43.110,32442.81
2026-08-19 15:03:43.526,32713.1511
2026-08-19 15:03:43.939,32697.1389
2026-08-19 15:03:44.353,32425.2735
2026-08-19 15:03:44.778,32169.2449
2026-08-19 15:03:45.191,31932.8885
2026-08-19 15:03:45.610,31742.6189
2026-08-19 15:03:46.023,31605.5621
2026-08-19 15:03:46.437,31575.6091
2026-08-19 15:03:46.850,31576.0103
2026-08-19 15:03:47.275,31576.3833
2026-08-19 15:03:47.694,31576.0313
2026-08-19 15:03:48.126,31575.7428
2026-08-19 15:03:48.538,31575.0632
2026-08-19 15:03:48.952,31574.3929
2026-08-19 15:03:49.365,31573.1447
2026-08-19 15:03:49.845,31572.4223
2026-08-19 15:03:50.263,31571.7329
2026-08-19 15:03:50.675,31570.7936
2026-08-19 15:03:51.095,31579.0378
2026-08-19 15:03:51.523,31696.6156
2026-08-19 15:03:51.937,31878.3047
2026-08-19 15:03:52.350,32093.0719
2026-08-19 15:03:52.770,32337.2047
2026-08-19 15:03:53.187,32604.7882
2026-08-19 15:03:53.601,32772.7362
2026-08-19 15:03:54.014,32532.7794
2026-08-19 15:03:54.434,32269.851
2026-08-19 15:03:54.853,32023.2319
2026-08-19 15:03:55.266,31812.2558
2026-08-19 15:03:55.678,31648.1656
2026-08-19 15:03:56.142,31617.0143
2026-08-19 15:03:56.575,31778.4212
2026-08-19 15:03:56.989,31979.2624
2026-08-19 15:03:57.406,32213.4822
2026-08-19 15:03:57.821,32472.7792
2026-08-19 15:03:58.257,32740.8664
2026-08-19 15:03:58.669,32649.0374
2026-08-19 15:03:59.088,32380.9598
2026-08-19 15:03:59.509,32124.9718
2026-08-19 15:03:59.972,31895.7721
2026-08-19 15:04:00.401,31686.1492
2026-08-19 15:04:00.825,31588.1285
2026-08-19 15:04:01.237,31708.7507
2026-08-19 15:04:01.650,31889.6575
2026-08-19 15:04:02.063,32110.5294
2026-08-19 15:04:02.491,32359.7684
2026-08-19 15:04:02.904,32634.7606
2026-08-19 15:04:03.316,32911.5425
2026-08-19 15:04:03.751,33204.783
2026-08-19 15:04:04.163,33503.6791
2026-08-19 15:04:04.606,33799.4976
2026-08-19 15:04:05.034,34126.0371
2026-08-19 15:04:05.448,34446.4552
2026-08-19 15:04:05.859,34384.8075
2026-08-19 15:04:06.273,34069.9214
2026-08-19 15:04:06.685,33762.7464
2026-08-19 15:04:07.130,33440.0247
2026-08-19 15:04:07.562,33136.7296
2026-08-19 15:04:07.974,32849.8831
2026-08-19 15:04:08.400,32566.5617
2026-08-19 15:04:08.835,32304.9205
2026-08-19 15:04:09.248,32049.9771
2026-08-19 15:04:09.674,31837.106
2026-08-19 15:04:10.087,31678.0623
2026-08-19 15:04:10.500,31612.6102
2026-08-19 15:04:10.927,31738.3537
2026-08-19 15:04:11.412,31959.9171
2026-08-19 15:04:11.833,32187.6669
2026-08-19 15:04:12.248,32446.5905
2026-08-19 15:04:12.675,32717.7382
2026-08-19 15:04:13.128,32646.4925
2026-08-19 15:04:13.541,32377.4131
2026-08-19 15:04:13.968,32123.9876
2026-08-19 15:04:14.381,31893.2291
2026-08-19 15:04:14.793,31711.8048
2026-08-19 15:04:15.237,31586.2776
2026-08-19 15:04:15.656,31568.5008
2026-08-19 15:04:16.070,31567.9661
2026-08-19 15:04:16.482,31567.7864
2026-08-19 15:04:16.894,31567.3897
2026-08-19 15:04:17.307,31566.732
2026-08-19 15:04:17.730,31565.4771
2026-08-19 15:04:18.147,31564.1504
2026-08-19 15:04:18.562,31562.8806
2026-08-19 15:04:18.991,31561.8009
2026-08-19 15:04:19.403,31560.8497
2026-08-19 15:04:19.826,31559.3247
2026-08-19 15:04:20.241,31570.7006
2026-08-19 15:04:20.655,31692.2054
2026-08-19 15:04:21.116,31891.8666
2026-08-19 15:04:21.534,32110.6668
2026-08-19 15:04:21.947,32360.7139
2026-08-19 15:04:22.359,32624.579
2026-08-19 15:04:22.773,32746.1322
2026-08-19 15:04:23.186,32487.4458
2026-08-19 15:04:23.604,32223.14
2026-08-19 15:04:24.030,31976.1473
2026-08-19 15:04:24.442,31773.2957
2026-08-19 15:04:24.856,31613.9857
2026-08-19 15:04:25.281,31601.5294
2026-08-19 15:04:25.693,31761.331
2026-08-19 15:04:26.120,31965.6868
2026-08-19 15:04:26.532,32198.5742
2026-08-19 15:04:26.945,32454.3868
2026-08-19 15:04:27.359,32719.5005
2026-08-19 15:04:27.785,32637.1579
2026-08-19 15:04:28.198,32360.0375
2026-08-19 15:04:28.657,32106.4166
2026-08-19 15:04:29.071,31856.9822
2026-08-19 15:04:29.505,31668.9023
2026-08-19 15:04:29.921,31562.9437
2026-08-19 15:04:30.341,31677.5926
2026-08-19 15:04:30.752,31857.1527
2026-08-19 15:04:31.178,32075.542
2026-08-19 15:04:31.593,32330.788
2026-08-19 15:04:32.005,32596.2114
2026-08-19 15:04:32.437,32881.0892
2026-08-19 15:04:32.861,33167.9118
2026-08-19 15:04:33.273,33467.3104
2026-08-19 15:04:33.686,33763.8907
2026-08-19 15:04:34.114,34077.9814
2026-08-19 15:04:34.527,34386.6749
2026-08-19 15:04:34.993,34339.8125
2026-08-19 15:04:35.405,34025.1971
2026-08-19 15:04:35.818,33717.9188
2026-08-19 15:04:36.232,33417.9711
2026-08-19 15:04:36.705,33124.0161
2026-08-19 15:04:37.135,32796.6377
2026-08-19 15:04:37.551,32515.2692
2026-08-19 15:04:37.964,32251.9024
2026-08-19 15:04:38.378,32011.2787
2026-08-19 15:04:38.794,31805.5222
2026-08-19 15:04:39.207,31645.0667
2026-08-19 15:04:39.620,31580.3298
2026-08-19 15:04:40.049,31705.0031
2026-08-19 15:04:40.469,31891.2789
2026-08-19 15:04:40.896,32118.0244
2026-08-19 15:04:41.309,32377.1874
2026-08-19 15:04:41.722,32645.2745
2026-08-19 15:04:42.134,32690.3456
2026-08-19 15:04:42.579,32399.4728
2026-08-19 15:04:43.003,32142.9879
2026-08-19 15:04:43.415,31905.9397
2026-08-19 15:04:43.843,31710.4948
2026-08-19 15:04:44.286,31570.6381
2026-08-19 15:04:44.707,31538.1473
2026-08-19 15:04:45.133,31537.9742
2026-08-19 15:04:45.550,31537.9653
2026-08-19 15:04:45.976,31537.7511
2026-08-19 15:04:46.409,31537.4058
2026-08-19 15:04:46.822,31536.86
2026-08-19 15:04:47.235,31535.6217
2026-08-19 15:04:47.653,31534.6348
2026-08-19 15:04:48.067,31533.9706
2026-08-19 15:04:48.541,31533.0856
2026-08-19 15:04:48.954,31532.191
2026-08-19 15:04:49.368,31544.626
2026-08-19 15:04:49.780,31667.0989
2026-08-19 15:04:50.215,31850.0479
2026-08-19 15:04:50.632,32070.82
2026-08-19 15:04:51.044,32318.8863
2026-08-19 15:04:51.463,32582.4155
2026-08-19 15:04:51.891,32725.3322
2026-08-19 15:04:52.304,32464.6298
2026-08-19 15:04:52.716,32203.6146
2026-08-19 15:04:53.178,31964.4544
2026-08-19 15:04:53.609,31736.7008
2026-08-19 15:04:54.028,31577.055
2026-08-19 15:04:54.456,31597.3247
2026-08-19 15:04:54.877,31763.0759
2026-08-19 15:04:55.289,31970.3284
2026-08-19 15:04:55.717,32215.2734
2026-08-19 15:04:56.144,32484.1501
2026-08-19 15:04:56.556,32724.9538
2026-08-19 15:04:56.977,32567.5805
2026-08-19 15:04:57.389,32296.1805
2026-08-19 15:04:57.828,32047.5591
2026-08-19 15:04:58.253,31814.1785
2026-08-19 15:04:58.670,31634.3238
2026-08-19 15:04:59.083,31546.5328
2026-08-19 15:04:59.543,31672.1872
2026-08-19 15:04:59.973,31880.4099
2026-08-19 15:05:00.386,32113.2355
2026-08-19 15:05:00.798,32366.2048
2026-08-19 15:05:01.217,32632.9609
2026-08-19 15:05:01.631,32914.3421
2026-08-19 15:05:02.044,33200.3885
2026-08-19 15:05:02.460,33492.7683
2026-08-19 15:05:02.923,33826.8967
2026-08-19 15:05:03.336,34133.3577
2026-08-19 15:05:03.747,34425.3179
2026-08-19 15:05:04.161,34282.3004
2026-08-19 15:05:04.578,33967.4625
2026-08-19 15:05:04.996,33659.1464
2026-08-19 15:05:05.428,33353.037
2026-08-19 15:05:05.861,33052.3403
2026-08-19 15:05:06.275,32756.0653
2026-08-19 15:05:06.693,32483.4341
2026-08-19 15:05:07.105,32220.8042
2026-08-19 15:05:07.533,31973.8579
2026-08-19 15:05:07.975,31772.9479
2026-08-19 15:05:08.388,31608.9884
2026-08-19 15:05:08.800,31575.9065
2026-08-19 15:05:09.215,31713.8784
2026-08-19 15:05:09.629,31900.1213
2026-08-19 15:05:10.046,32126.3701
2026-08-19 15:05:10.510,32414.4738
2026-08-19 15:05:10.934,32680.9539
2026-08-19 15:05:11.350,32603.9041
2026-08-19 15:05:11.762,32333.5631
2026-08-19 15:05:12.188,32073.1808
2026-08-19 15:05:12.610,31850.0802
2026-08-19 15:05:13.031,31664.9035
2026-08-19 15:05:13.449,31537.1166
2026-08-19 15:05:13.861,31519.7794
2026-08-19 15:05:14.278,31519.5894
2026-08-19 15:05:14.695,31519.4259
2026-08-19 15:05:15.171,31519.5528
2026-08-19 15:05:15.587,31519.0038
2026-08-19 15:05:16.001,31518.1316
2026-08-19 15:05:16.414,31516.8364
2026-08-19 15:05:16.840,31515.5504
2026-08-19 15:05:17.275,31514.6299
2026-08-19 15:05:17.689,31513.3973
2026-08-19 15:05:18.105,31512.3605
2026-08-19 15:05:18.531,31530.7808
2026-08-19 15:05:18.945,31666.1432
2026-08-19 15:05:19.357,31847.386
2026-08-19 15:05:19.778,32065.8544
2026-08-19 15:05:20.209,32317.2224
2026-08-19 15:05:20.623,32593.2901
2026-08-19 15:05:21.035,32680.6851
2026-08-19 15:05:21.456,32414.6701
2026-08-19 15:05:21.870,32150.9223
2026-08-19 15:05:22.284,31914.2354
2026-08-19 15:05:22.716,31708.394
2026-08-19 15:05:23.155,31552.8017
2026-08-19 15:05:23.568,31579.5065
2026-08-19 15:05:23.980,31740.1172
2026-08-19 15:05:24.407,31942.1032
2026-08-19 15:05:24.819,32186.0639
2026-08-19 15:05:25.284,32476.6857
2026-08-19 15:05:25.710,32702.2548
2026-08-19 15:05:26.122,32508.3885
2026-08-19 15:05:26.534,32244.343
2026-08-19 15:05:26.946,31997.6427
2026-08-19 15:05:27.372,31781.7481
2026-08-19 15:05:27.866,31575.1269
2026-08-19 15:05:28.279,31535.1259
2026-08-19 15:05:28.691,31682.344
2026-08-19 15:05:29.157,31900.9376
2026-08-19 15:05:29.582,32133.3008
2026-08-19 15:05:30.008,32396.1577
2026-08-19 15:05:30.424,32673.0689
2026-08-19 15:05:30.849,32953.8993
2026-08-19 15:05:31.269,33249.4098
2026-08-19 15:05:31.696,33547.9294
2026-08-19 15:05:32.116,33855.96
2026-08-19 15:05:32.528,34166.8824
2026-08-19 15:05:32.940,34413.0687
2026-08-19 15:05:33.364,34186.2815
2026-08-19 15:05:33.776,33866.1429
2026-08-19 15:05:34.189,33562.7223
2026-08-19 15:05:34.614,33265.5327
2026-08-19 15:05:35.032,32967.9221
2026-08-19 15:05:35.446,32684.2614
2026-08-19 15:05:35.859,32413.3209
2026-08-19 15:05:36.273,32156.612
2026-08-19 15:05:36.688,31921.1887
2026-08-19 15:05:37.100,31724.5141
2026-08-19 15:05:37.514,31575.7764
2026-08-19 15:05:37.936,31552.2716
2026-08-19 15:05:38.366,31699.7023
2026-08-19 15:05:38.783,31894.4596
2026-08-19 15:05:39.209,32125.6976
2026-08-19 15:05:39.620,32388.1093
2026-08-19 15:05:40.032,32653.6218
2026-08-19 15:05:40.473,32578.4777
2026-08-19 15:05:40.888,32292.1874
2026-08-19 15:05:41.315,32040.8124
2026-08-19 15:05:41.733,31810.1544
2026-08-19 15:05:42.146,31629.0794
2026-08-19 15:05:42.566,31506.7159
2026-08-19 15:05:43.059,31491.2508
2026-08-19 15:05:43.475,31490.7165
2026-08-19 15:05:43.948,31490.6231
2026-08-19 15:05:44.366,31490.6267
2026-08-19 15:05:44.777,31489.8064
2026-08-19 15:05:45.190,31489.3337
2026-08-19 15:05:45.603,31488.6353
2026-08-19 15:05:46.069,31487.7912
2026-08-19 15:05:46.482,31487.0334
2026-08-19 15:05:46.905,31486.5717
2026-08-19 15:05:47.318,31486.2316
2026-08-19 15:05:47.733,31529.8793
2026-08-19 15:05:48.146,31679.8898
2026-08-19 15:05:48.559,31871.6158
2026-08-19 15:05:48.976,32098.0319
2026-08-19 15:05:49.391,32352.7859
2026-08-19 15:05:49.804,32621.5111
2026-08-19 15:05:50.230,32607.7273
2026-08-19 15:05:50.644,32338.8767
2026-08-19 15:05:51.058,32083.6782
2026-08-19 15:05:51.484,31853.5895
2026-08-19 15:05:51.898,31656.7825
2026-08-19 15:05:52.312,31516.984
2026-08-19 15:05:52.724,31577.967
2026-08-19 15:05:53.145,31743.6229
2026-08-19 15:05:53.571,31955.3471
2026-08-19 15:05:53.983,32203.1469
2026-08-19 15:05:54.395,32462.8139
2026-08-19 15:05:54.814,32687.7919
2026-08-19 15:05:55.226,32497.7898
2026-08-19 15:05:55.640,32233.0016
2026-08-19 15:05:56.051,31986.0953
2026-08-19 15:05:56.513,31747.179
2026-08-19 15:05:56.925,31578.4518
2026-08-19 15:05:57.347,31511.4746
2026-08-19 15:05:57.766,31652.0293
2026-08-19 15:05:58.178,31842.6487
2026-08-19 15:05:58.623,32067.8379
2026-08-19 15:05:59.042,32340.395
2026-08-19 15:05:59.456,32612.8652
2026-08-19 15:05:59.884,32891.7992
2026-08-19 15:06:00.309,33187.4891
2026-08-19 15:06:00.722,33490.0444
2026-08-19 15:06:01.134,33789.1094
2026-08-19 15:06:01.547,34094.7428
2026-08-19 15:06:01.961,34389.7438
2026-08-19 15:06:02.374,34251.1005
2026-08-19 15:06:02.787,33937.8352
2026-08-19 15:06:03.204,33630.426
2026-08-19 15:06:03.616,33332.8705
2026-08-19 15:06:04.052,33033.011
2026-08-19 15:06:04.467,32745.2839
2026-08-19 15:06:04.882,32471.5644
2026-08-19 15:06:05.310,32210.0352
2026-08-19 15:06:05.723,31960.7394
2026-08-19 15:06:06.136,31757.1145
2026-08-19 15:06:06.558,31600.0277
2026-08-19 15:06:06.973,31542.5562
2026-08-19 15:06:07.449,31692.3488
2026-08-19 15:06:07.863,31886.5944
2026-08-19 15:06:08.277,32116.0241
2026-08-19 15:06:08.689,32371.8117
2026-08-19 15:06:09.103,32641.9488
2026-08-19 15:06:09.529,32616.9125
2026-08-19 15:06:10.022,32291.8044
2026-08-19 15:06:10.435,32037.8561
2026-08-19 15:06:10.848,31816.3232
2026-08-19 15:06:11.263,31638.5152
2026-08-19 15:06:11.702,31517.3905
2026-08-19 15:06:12.119,31503.2647
2026-08-19 15:06:12.533,31503.055
2026-08-19 15:06:12.945,31503.1355
2026-08-19 15:06:13.359,31503.1985
2026-08-19 15:06:13.819,31503.0403
2026-08-19 15:06:14.243,31502.4809
2026-08-19 15:06:14.670,31501.9124
2026-08-19 15:06:15.083,31501.6569
2026-08-19 15:06:15.511,31500.4258
2026-08-19 15:06:15.938,31499.8238
2026-08-19 15:06:16.351,31498.9501
2026-08-19 15:06:16.779,31498.7718
2026-08-19 15:06:17.193,31498.272
2026-08-19 15:06:17.612,31497.6695
2026-08-19 15:06:18.026,31497.4286
2026-08-19 15:06:18.443,31496.6782
2026-08-19 15:06:18.854,31495.8818
2026-08-19 15:06:19.268,31495.1719
2026-08-19 15:06:19.695,31494.58
2026-08-19 15:06:20.108,31493.8726
2026-08-19 15:06:20.520,31493.5463
2026-08-19 15:06:20.955,31493.1044
2026-08-19 15:06:21.373,31492.8506
2026-08-19 15:06:21.788,31492.4791
2026-08-19 15:06:22.201,31492.2717
2026-08-19 15:06:22.663,31491.9602
2026-08-19 15:06:23.082,31491.6678
2026-08-19 15:06:23.495,31490.8999
2026-08-19 15:06:23.909,31490.4238
2026-08-19 15:06:24.337,31490.0673
2026-08-19 15:06:24.750,31489.6736
2026-08-19 15:06:25.163,31489.7328
2026-08-19 15:06:25.586,31489.4234
2026-08-19 15:06:26.007,31488.8548
2026-08-19 15:06:26.420,31488.9752
2026-08-19 15:06:26.842,31488.7819
2026-08-19 15:06:27.275,31488.8497
2026-08-19 15:06:27.695,31489.012
2026-08-19 15:06:28.107,31488.6426
2026-08-19 15:06:28.529,31488.449
2026-08-19 15:06:28.942,31488.2938
2026-08-19 15:06:29.379,31487.6668
2026-08-19 15:06:29.793,31487.164
2026-08-19 15:06:30.221,31487.1642
2026-08-19 15:06:30.639,31486.6969
2026-08-19 15:06:31.052,31486.6195
2026-08-19 15:06:31.464,31486.2135
2026-08-19 15:06:31.879,31485.8487
2026-08-19 15:06:32.297,31485.6033
2026-08-19 15:06:32.718,31485.2053
2026-08-19 15:06:33.135,31484.8608
2026-08-19 15:06:33.561,31484.6728
2026-08-19 15:06:33.974,31484.5233
2026-08-19 15:06:34.385,31484.6663
2026-08-19 15:06:34.799,31484.6236
2026-08-19 15:06:35.264,31484.3656
2026-08-19 15:06:35.689,31484.6187
2026-08-19 15:06:36.102,31484.7197
2026-08-19 15:06:36.528,31484.375
2026-08-19 15:06:36.941,31484.5643
2026-08-19 15:06:37.373,31484.4347
2026-08-19 15:06:37.787,31484.584
2026-08-19 15:06:38.209,31484.5548
2026-08-19 15:06:38.622,31484.2569
2026-08-19 15:06:39.035,31484.7672
2026-08-19 15:06:39.447,31484.5013
2026-08-19 15:06:39.872,31484.2133
2026-08-19 15:06:40.300,31484.5321
2026-08-19 15:06:40.761,31484.5104
2026-08-19 15:06:41.174,31484.1276
2026-08-19 15:06:41.589,31484.0253
2026-08-19 15:06:42.008,31483.9984
2026-08-19 15:06:42.420,31483.9251
2026-08-19 15:06:42.834,31483.7957
2026-08-19 15:06:43.276,31483.6765
2026-08-19 15:06:43.690,31483.5178
2026-08-19 15:06:44.117,31483.1474
2026-08-19 15:06:44.530,31482.4069
2026-08-19 15:06:44.943,31481.8309
2026-08-19 15:06:45.387,31481.335
2026-08-19 15:06:45.813,31480.711
2026-08-19 15:06:46.229,31480.2661
2026-08-19 15:06:46.644,31479.6237
2026-08-19 15:06:47.056,31479.1235
2026-08-19 15:06:47.470,31478.4488
2026-08-19 15:06:47.883,31477.9996
2026-08-19 15:06:48.353,31477.5745
2026-08-19 15:06:48.796,31476.5417
2026-08-19 15:06:49.215,31476.1347
2026-08-19 15:06:49.642,31476.2743
2026-08-19 15:06:50.061,31475.4367
2026-08-19 15:06:50.497,31475.3553
2026-08-19 15:06:50.909,31474.9002
2026-08-19 15:06:51.322,31474.3528
2026-08-19 15:06:51.738,31474.0727
2026-08-19 15:06:52.164,31473.844
2026-08-19 15:06:52.577,31472.9392
2026-08-19 15:06:52.989,31472.5136
2026-08-19 15:06:53.410,31472.5945
2026-08-19 15:06:53.822,31472.4186
2026-08-19 15:06:54.241,31471.8519
2026-08-19 15:06:54.668,31471.6282
2026-08-19 15:06:55.082,31471.2591
2026-08-19 15:06:55.510,31470.9612
2026-08-19 15:06:55.929,31470.6329
2026-08-19 15:06:56.342,31470.3134
2026-08-19 15:06:56.756,31469.7334
2026-08-19 15:06:57.183,31469.5585
2026-08-19 15:06:57.596,31469.0061
2026-08-19 15:06:58.009,31469.0624
2026-08-19 15:06:58.422,31468.4836
2026-08-19 15:06:58.848,31468.1177
2026-08-19 15:06:59.265,31468.0608
2026-08-19 15:06:59.730,31467.9688
2026-08-19 15:07:00.162,31467.7284
2026-08-19 15:07:00.576,31467.4037
2026-08-19 15:07:00.988,31467.527
2026-08-19 15:07:01.409,31467.6875
2026-08-19 15:07:01.821,31467.037
2026-08-19 15:07:02.266,31466.9171
2026-08-19 15:07:02.683,31466.7428
2026-08-19 15:07:03.095,31466.9776
2026-08-19 15:07:03.507,31466.9469
2026-08-19 15:07:03.931,31540.2753
2026-08-19 15:07:04.343,31714.4049
2026-08-19 15:07:04.771,31927.6908
2026-08-19 15:07:05.193,32165.4154
2026-08-19 15:07:05.607,32427.7078
2026-08-19 15:07:06.031,32682.8116
2026-08-19 15:07:06.445,32550.9871
2026-08-19 15:07:06.862,32282.7842
2026-08-19 15:07:07.327,31999.1963
2026-08-19 15:07:07.740,31780.4499
2026-08-19 15:07:08.162,31599.0047
2026-08-19 15:07:08.575,31500.3346
2026-08-19 15:07:08.990,31628.833
2026-08-19 15:07:09.465,31844.1392
2026-08-19 15:07:09.883,32077.3517
2026-08-19 15:07:10.297,32333.5189
2026-08-19 15:07:10.719,32601.2487
2026-08-19 15:07:11.145,32642.9692
2026-08-19 15:07:11.563,32363.51
2026-08-19 15:07:11.976,32103.7938
2026-08-19 15:07:12.395,31870.7495
2026-08-19 15:07:12.811,31669.9035
2026-08-19 15:07:13.225,31516.0676
2026-08-19 15:07:13.654,31565.821
2026-08-19 15:07:14.068,31737.4496
2026-08-19 15:07:14.480,31947.8216
2026-08-19 15:07:14.893,32187.9408
2026-08-19 15:07:15.354,32479.8325
2026-08-19 15:07:15.768,32753.3376
2026-08-19 15:07:16.189,33035.4734
2026-08-19 15:07:16.603,33331.7849
2026-08-19 15:07:17.024,33628.77
2026-08-19 15:07:17.437,33936.399
2026-08-19 15:07:17.852,34245.42
2026-08-19 15:07:18.292,34407.8809
2026-08-19 15:07:18.720,34085.7065
2026-08-19 15:07:19.132,33776.278
2026-08-19 15:07:19.545,33475.0993
2026-08-19 15:07:19.958,33179.7301
2026-08-19 15:07:20.378,32892.9124
2026-08-19 15:07:20.790,32609.6344
2026-08-19 15:07:21.202,32342.5947
2026-08-19 15:07:21.648,32072.9396
2026-08-19 15:07:22.062,31849.2585
2026-08-19 15:07:22.490,31666.3389
2026-08-19 15:07:22.902,31533.1813
2026-08-19 15:07:23.369,31621.276
2026-08-19 15:07:23.803,31797.5878
2026-08-19 15:07:24.215,32014.2975
2026-08-19 15:07:24.629,32259.6788
2026-08-19 15:07:25.042,32524.0325
2026-08-19 15:07:25.472,32694.8562
2026-08-19 15:07:25.892,32446.4916
2026-08-19 15:07:26.308,32180.7398
2026-08-19 15:07:26.721,31938.464
2026-08-19 15:07:27.147,31732.7611
2026-08-19 15:07:27.602,31552.5418
2026-08-19 15:07:28.027,31489.0764
2026-08-19 15:07:28.440,31490.6441
2026-08-19 15:07:28.860,31490.215
2026-08-19 15:07:29.272,31489.9269
2026-08-19 15:07:29.717,31488.9189
2026-08-19 15:07:30.140,31487.5676
2026-08-19 15:07:30.552,31487.6505
2026-08-19 15:07:30.978,31487.0886
2026-08-19 15:07:31.392,31486.1288
2026-08-19 15:07:31.826,31485.3666
2026-08-19 15:07:32.247,31484.2361
2026-08-19 15:07:32.660,31483.924
2026-08-19 15:07:33.081,31565.6918
2026-08-19 15:07:33.494,31734.4594
2026-08-19 15:07:33.954,31964.8621
2026-08-19 15:07:34.380,32203.1463
2026-08-19 15:07:34.807,32471.3764
2026-08-19 15:07:35.219,32695.0776
2026-08-19 15:07:35.630,32496.5865
2026-08-19 15:07:36.058,32232.5263
2026-08-19 15:07:36.480,31977.8847
2026-08-19 15:07:36.894,31758.0527
2026-08-19 15:07:37.307,31585.2688
2026-08-19 15:07:37.718,31509.4865
2026-08-19 15:07:38.140,31643.8811
2026-08-19 15:07:38.553,31834.4293
2026-08-19 15:07:39.015,32087.5827
2026-08-19 15:07:39.429,32340.6595
2026-08-19 15:07:39.854,32609.8374
2026-08-19 15:07:40.266,32623.4929
2026-08-19 15:07:40.682,32352.018
2026-08-19 15:07:41.094,32093.4559
2026-08-19 15:07:41.509,31861.3186
2026-08-19 15:07:41.952,31665.155
2026-08-19 15:07:42.368,31509.5266
2026-08-19 15:07:42.782,31569.0113
2026-08-19 15:07:43.198,31737.5073
2026-08-19 15:07:43.612,31947.6436
2026-08-19 15:07:44.091,32221.9018
2026-08-19 15:07:44.507,32493.0465
2026-08-19 15:07:44.934,32768.6945
2026-08-19 15:07:45.346,33060.8452
2026-08-19 15:07:45.759,33351.0993
2026-08-19 15:07:46.186,33648.0413
2026-08-19 15:07:46.598,33960.2149
2026-08-19 15:07:47.025,34268.5572
2026-08-19 15:07:47.437,34373.0662
2026-08-19 15:07:47.900,34063.9196
2026-08-19 15:07:48.336,33706.9456
2026-08-19 15:07:48.750,33400.0585
2026-08-19 15:07:49.172,33106.2844
2026-08-19 15:07:49.587,32814.022
2026-08-19 15:07:50.016,32537.146
2026-08-19 15:07:50.434,32262.3854
2026-08-19 15:07:50.849,32012.1844
2026-08-19 15:07:51.262,31796.2368
2026-08-19 15:07:51.674,31624.7614
2026-08-19 15:07:52.102,31520.3091
2026-08-19 15:07:52.516,31622.7411
2026-08-19 15:07:52.929,31794.2328
2026-08-19 15:07:53.352,32008.4499
2026-08-19 15:07:53.766,32260.1876
2026-08-19 15:07:54.180,32525.5372
2026-08-19 15:07:54.596,32676.1899
2026-08-19 15:07:55.012,32427.0949
2026-08-19 15:07:55.424,32163.7016
2026-08-19 15:07:55.836,31924.4015
2026-08-19 15:07:56.250,31719.9686
2026-08-19 15:07:56.667,31559.6896
2026-08-19 15:07:57.083,31481.4586
2026-08-19 15:07:57.510,31482.7385
2026-08-19 15:07:57.922,31482.5074
2026-08-19 15:07:58.349,31482.5947
2026-08-19 15:07:58.763,31482.0131
2026-08-19 15:07:59.198,31481.3584
2026-08-19 15:07:59.627,31481.2949
2026-08-19 15:08:00.041,31480.1403
2026-08-19 15:08:00.454,31479.9228
2026-08-19 15:08:00.865,31478.8231
2026-08-19 15:08:01.278,31477.9153
2026-08-19 15:08:01.690,31477.406
2026-08-19 15:08:02.157,31548.4187
2026-08-19 15:08:02.576,31709.8285
2026-08-19 15:08:02.988,31913.858
2026-08-19 15:08:03.414,32156.7035
2026-08-19 15:08:03.828,32413.7364
2026-08-19 15:08:04.271,32671.9686
2026-08-19 15:08:04.683,32535.3473
2026-08-19 15:08:05.096,32268.4845
2026-08-19 15:08:05.510,32018.6936
2026-08-19 15:08:05.923,31797.164
2026-08-19 15:08:06.347,31616.0516
2026-08-19 15:08:06.853,31508.6241
2026-08-19 15:08:07.328,31670.6609
2026-08-19 15:08:07.754,31868.3816
2026-08-19 15:08:08.166,32106.3359
2026-08-19 15:08:08.597,32372.7969
2026-08-19 15:08:09.009,32641.5929
2026-08-19 15:08:09.427,32598.4802
2026-08-19 15:08:09.842,32325.7322
2026-08-19 15:08:10.267,32070.5936
2026-08-19 15:08:10.681,31835.1403
2026-08-19 15:08:11.099,31645.5295
2026-08-19 15:08:11.523,31508.9085
2026-08-19 15:08:11.955,31586.5106
2026-08-19 15:08:12.368,31767.1219
2026-08-19 15:08:12.780,31980.8718
2026-08-19 15:08:13.202,32225.018
2026-08-19 15:08:13.627,32494.5316
2026-08-19 15:08:14.098,32807.3686
2026-08-19 15:08:14.510,33100.9337
2026-08-19 15:08:14.926,33392.2526
2026-08-19 15:08:15.340,33690.8272
2026-08-19 15:08:15.762,33995.842
2026-08-19 15:08:16.195,34311.9328
2026-08-19 15:08:16.624,34347.2806
2026-08-19 15:08:17.038,34018.7404
2026-08-19 15:08:17.452,33709.7781
2026-08-19 15:08:17.864,33409.1042
2026-08-19 15:08:18.330,33082.0322
2026-08-19 15:08:18.777,32771.1968
2026-08-19 15:08:19.204,32496.5574
2026-08-19 15:08:19.665,32197.1884
2026-08-19 15:08:20.092,31957.4568
2026-08-19 15:08:20.512,31747.0135
2026-08-19 15:08:20.925,31588.0152
2026-08-19 15:08:21.339,31538.3545
2026-08-19 15:08:21.775,31673.0475
2026-08-19 15:08:22.188,31867.6344
2026-08-19 15:08:22.600,32093.5757
2026-08-19 15:08:23.017,32346.2924
2026-08-19 15:08:23.444,32617.7986
2026-08-19 15:08:23.861,32618.4069
2026-08-19 15:08:24.325,32310.7922
2026-08-19 15:08:24.752,32058.4298
2026-08-19 15:08:25.254,31801.9306
2026-08-19 15:08:25.674,31609.0059
2026-08-19 15:08:26.087,31497.8149
2026-08-19 15:08:26.502,31490.7231
2026-08-19 15:08:26.928,31490.2987
2026-08-19 15:08:27.363,31489.2583
2026-08-19 15:08:27.785,31488.8197
2026-08-19 15:08:28.203,31488.537
2026-08-19 15:08:28.619,31487.5141
2026-08-19 15:08:29.030,31486.8307
2026-08-19 15:08:29.443,31486.3125
2026-08-19 15:08:29.869,31485.675
2026-08-19 15:08:30.303,31484.4324
2026-08-19 15:08:30.721,31483.8322
2026-08-19 15:08:31.134,31512.2401
2026-08-19 15:08:31.549,31652.8846
2026-08-19 15:08:31.961,31839.9155
2026-08-19 15:08:32.373,32062.1846
2026-08-19 15:08:32.786,32311.4787
2026-08-19 15:08:33.251,32612.8048
2026-08-19 15:08:33.665,32633.1701
2026-08-19 15:08:34.088,32359.9942
2026-08-19 15:08:34.502,32096.7364
2026-08-19 15:08:34.915,31863.8395
2026-08-19 15:08:35.358,31669.4249
2026-08-19 15:08:35.781,31514.5586
2026-08-19 15:08:36.196,31576.4548
2026-08-19 15:08:36.608,31744.216
2026-08-19 15:08:37.034,31952.486
2026-08-19 15:08:37.501,32226.5906
2026-08-19 15:08:37.917,32497.3844
2026-08-19 15:08:38.333,32686.3443
2026-08-19 15:08:38.747,32458.985
2026-08-19 15:08:39.166,32194.7311
2026-08-19 15:08:39.593,31947.2882
2026-08-19 15:08:40.007,31729.8164
2026-08-19 15:08:40.419,31562.4308
2026-08-19 15:08:40.845,31514.7775
2026-08-19 15:08:41.260,31662.1091
2026-08-19 15:08:41.724,31882.24
2026-08-19 15:08:42.138,32114.3985
2026-08-19 15:08:42.551,32371.3629
2026-08-19 15:08:42.967,32640.8801
2026-08-19 15:08:43.380,32922.2206
2026-08-19 15:08:43.846,33246.7245
2026-08-19 15:08:44.259,33541.7789
2026-08-19 15:08:44.686,33841.0054
2026-08-19 15:08:45.101,34157.6291
2026-08-19 15:08:45.515,34405.3346
2026-08-19 15:08:45.947,34174.7446
2026-08-19 15:08:46.360,33847.1575
2026-08-19 15:08:46.784,33543.4708
2026-08-19 15:08:47.201,33237.6954
2026-08-19 15:08:47.614,32945.7249
2026-08-19 15:08:48.091,32630.2871
2026-08-19 15:08:48.503,32353.8793
2026-08-19 15:08:48.917,32099.6029
2026-08-19 15:08:49.328,31870.1443
2026-08-19 15:08:49.765,31676.0244
2026-08-19 15:08:50.190,31533.3335
2026-08-19 15:08:50.602,31569.6825
2026-08-19 15:08:51.027,31723.384
2026-08-19 15:08:51.441,31929.0278
2026-08-19 15:08:51.854,32165.9033
2026-08-19 15:08:52.266,32425.4627
2026-08-19 15:08:52.678,32670.8857
2026-08-19 15:08:53.106,32519.9528
2026-08-19 15:08:53.532,32243.4669
2026-08-19 15:08:53.958,31987.3987
2026-08-19 15:08:54.373,31765.2069
2026-08-19 15:08:54.789,31592.9286
2026-08-19 15:08:55.224,31485.5381
2026-08-19 15:08:55.640,31479.4861
2026-08-19 15:08:56.054,31479.5073
2026-08-19 15:08:56.469,31479.6138
2026-08-19 15:08:56.884,31479.2504
2026-08-19 15:08:57.299,31479.0452
2026-08-19 15:08:57.712,31477.7941
2026-08-19 15:08:58.173,31477.4249
2026-08-19 15:08:58.585,31477.4424
2026-08-19 15:08:58.998,31476.885
2026-08-19 15:08:59.410,31476.0223
2026-08-19 15:08:59.824,31474.9712
2026-08-19 15:09:00.251,31503.2249
2026-08-19 15:09:00.712,31668.7532
2026-08-19 15:09:01.130,31859.8965
2026-08-19 15:09:01.543,32090.0142
2026-08-19 15:09:01.954,32342.6887
2026-08-19 15:09:02.380,32609.8057
2026-08-19 15:09:02.793,32611.7735
2026-08-19 15:09:03.232,32339.3331
2026-08-19 15:09:03.644,32068.3119
2026-08-19 15:09:04.072,31839.6151
2026-08-19 15:09:04.485,31643.6396
2026-08-19 15:09:04.921,31504.3282
2026-08-19 15:09:05.354,31581.6252
2026-08-19 15:09:05.772,31762.0928
2026-08-19 15:09:06.184,31977.4993
2026-08-19 15:09:06.597,32220.634
2026-08-19 15:09:07.009,32484.0127
2026-08-19 15:09:07.425,32682.8838
2026-08-19 15:09:07.902,32431.2582
2026-08-19 15:09:08.329,32162.0914
2026-08-19 15:09:08.742,31913.4466
2026-08-19 15:09:09.163,31707.3705
2026-08-19 15:09:09.578,31543.2808
2026-08-19 15:09:10.054,31536.0408
2026-08-19 15:09:10.469,31699.2062
2026-08-19 15:09:10.884,31900.8847
2026-08-19 15:09:11.300,32136.5199
2026-08-19 15:09:11.715,32396.3264
2026-08-19 15:09:12.127,32668.3638
2026-08-19 15:09:12.545,32948.3029
2026-08-19 15:09:12.972,33239.462
2026-08-19 15:09:13.391,33543.0928
2026-08-19 15:09:13.804,33847.4864
2026-08-19 15:09:14.222,34154.5965
2026-08-19 15:09:14.635,34401.8779
2026-08-19 15:09:15.048,34168.0206
2026-08-19 15:09:15.461,33855.5559
2026-08-19 15:09:15.879,33549.8976
2026-08-19 15:09:16.295,33248.784
2026-08-19 15:09:16.708,32956.7744
2026-08-19 15:09:17.169,32642.889
2026-08-19 15:09:17.587,32372.2008
2026-08-19 15:09:18.003,32112.8449
2026-08-19 15:09:18.421,31879.9778
2026-08-19 15:09:18.833,31685.325
2026-08-19 15:09:19.252,31540.6519
2026-08-19 15:09:19.746,31563.073
2026-08-19 15:09:20.160,31716.7611
2026-08-19 15:09:20.587,31916.5947
2026-08-19 15:09:21.077,32207.8555
2026-08-19 15:09:21.496,32470.67
2026-08-19 15:09:21.963,32665.5797
2026-08-19 15:09:22.377,32420.4781
2026-08-19 15:09:22.790,32157.5393
2026-08-19 15:09:23.202,31916.577
2026-08-19 15:09:23.615,31710.9049
2026-08-19 15:09:24.029,31551.0227
2026-08-19 15:09:24.440,31470.8774
2026-08-19 15:09:24.851,31471.7592
2026-08-19 15:09:25.279,31471.3238
2026-08-19 15:09:25.690,31471.2913
2026-08-19 15:09:26.102,31471.0309
2026-08-19 15:09:26.514,31470.7283
2026-08-19 15:09:26.927,31470.4656
2026-08-19 15:09:27.338,31469.4939
2026-08-19 15:09:27.761,31469.3996
2026-08-19 15:09:28.236,31468.3514
2026-08-19 15:09:28.706,31467.6099
2026-08-19 15:09:29.123,31467.372
2026-08-19 15:09:29.537,31540.4032
2026-08-19 15:09:29.953,31700.5857
2026-08-19 15:09:30.366,31902.6115
2026-08-19 15:09:30.782,32136.3607
2026-08-19 15:09:31.197,32394.7987
2026-08-19 15:09:31.609,32653.8553
2026-08-19 15:09:32.041,32538.2222
2026-08-19 15:09:32.455,32258.0781
2026-08-19 15:09:32.895,31998.339
2026-08-19 15:09:33.315,31771.7256
2026-08-19 15:09:33.727,31589.637
2026-08-19 15:09:34.157,31488.1536
2026-08-19 15:09:34.570,31607.0295
2026-08-19 15:09:34.983,31786.7301
2026-08-19 15:09:35.419,32015.1408
2026-08-19 15:09:35.831,32268.5665
2026-08-19 15:09:36.311,32568.837
2026-08-19 15:09:36.723,32616.0335
2026-08-19 15:09:37.146,32345.4119
2026-08-19 15:09:37.558,32081.0828
2026-08-19 15:09:37.977,31848.1809
2026-08-19 15:09:38.393,31648.7605
2026-08-19 15:09:38.807,31497.8225
2026-08-19 15:09:39.233,31539.7604
2026-08-19 15:09:39.644,31702.5947
2026-08-19 15:09:40.056,31906.5423
2026-08-19 15:09:40.470,32144.4804
2026-08-19 15:09:40.936,32437.8247
2026-08-19 15:09:41.348,32711.0267
2026-08-19 15:09:41.764,32993.1172
2026-08-19 15:09:42.191,33283.8454
2026-08-19 15:09:42.608,33588.467
2026-08-19 15:09:43.035,33893.9257
2026-08-19 15:09:43.450,34213.7991
2026-08-19 15:09:43.868,34365.9776
2026-08-19 15:09:44.282,34067.2173
2026-08-19 15:09:44.695,33757.0747
2026-08-19 15:09:45.107,33454.2783
2026-08-19 15:09:45.574,33122.0919
2026-08-19 15:09:46.010,32825.048
2026-08-19 15:09:46.438,32543.12
2026-08-19 15:09:46.852,32267.5924
2026-08-19 15:09:47.265,32017.7752
2026-08-19 15:09:47.682,31797.795
2026-08-19 15:09:48.096,31619.8302
2026-08-19 15:09:48.515,31500.4854
2026-08-19 15:09:48.930,31577.1566
2026-08-19 15:09:49.343,31739.2716
2026-08-19 15:09:49.755,31946.6757
2026-08-19 15:09:50.167,32187.2945
2026-08-19 15:09:50.587,32448.7008
2026-08-19 15:09:51.003,32660.6133
2026-08-19 15:09:51.440,32451.3955
2026-08-19 15:09:51.863,32172.7205
2026-08-19 15:09:52.290,31923.4932
2026-08-19 15:09:52.709,31708.9937
2026-08-19 15:09:53.122,31544.7505
2026-08-19 15:09:53.556,31461.1193
2026-08-19 15:09:53.983,31461.0979
2026-08-19 15:09:54.398,31460.6934
2026-08-19 15:09:54.811,31460.4946
2026-08-19 15:09:55.232,31460.2077
2026-08-19 15:09:55.697,31459.7082
2026-08-19 15:09:56.116,31459.0829
2026-08-19 15:09:56.531,31457.8729
2026-08-19 15:09:56.944,31457.1033
2026-08-19 15:09:57.371,31456.712
2026-08-19 15:09:57.807,31455.7294
2026-08-19 15:09:58.221,31454.4495
2026-08-19 15:09:58.648,31528.5458
2026-08-19 15:09:59.062,31688.5295
2026-08-19 15:09:59.474,31888.9413
2026-08-19 15:09:59.887,32121.8711
2026-08-19 15:10:00.352,32381.3403
2026-08-19 15:10:00.770,32652.4409
2026-08-19 15:10:01.181,32488.2534
2026-08-19 15:10:01.593,32222.4956
2026-08-19 15:10:02.010,31973.8989
2026-08-19 15:10:02.425,31753.1761
2026-08-19 15:10:02.837,31574.7856
2026-08-19 15:10:03.319,31477.7027
2026-08-19 15:10:03.733,31613.751
2026-08-19 15:10:04.145,31799.3279
2026-08-19 15:10:04.569,32021.9834
2026-08-19 15:10:04.985,32279.4666
2026-08-19 15:10:05.399,32548.4307
2026-08-19 15:10:05.834,32609.7109
2026-08-19 15:10:06.261,32325.4879
2026-08-19 15:10:06.674,32059.1967
2026-08-19 15:10:07.087,31826.3809
2026-08-19 15:10:07.499,31632.0844
2026-08-19 15:10:07.919,31483.3872
2026-08-19 15:10:08.332,31521.7461
2026-08-19 15:10:08.767,31684.2228
2026-08-19 15:10:09.180,31899.8961
2026-08-19 15:10:09.591,32138.3537
2026-08-19 15:10:10.003,32397.0222
2026-08-19 15:10:10.416,32667.8931
2026-08-19 15:10:10.889,32989.9637
2026-08-19 15:10:11.301,33278.6447
2026-08-19 15:10:11.728,33573.3832
2026-08-19 15:10:12.140,33884.2647
2026-08-19 15:10:12.569,34201.5521
2026-08-19 15:10:12.989,34347.2247
2026-08-19 15:10:13.401,34044.1467
2026-08-19 15:10:13.832,33721.578
2026-08-19 15:10:14.244,33418.8931
2026-08-19 15:10:14.661,33124.02
2026-08-19 15:10:15.075,32834.4354
2026-08-19 15:10:15.492,32555.3454
2026-08-19 15:10:15.918,32284.7993
2026-08-19 15:10:16.407,31980.0221
2026-08-19 15:10:16.882,31735.8597
2026-08-19 15:10:17.294,31568.072
2026-08-19 15:10:17.707,31477.1205
2026-08-19 15:10:18.119,31583.6312
2026-08-19 15:10:18.547,31760.4259
2026-08-19 15:10:18.969,31975.8502
2026-08-19 15:10:19.401,32228.9458
2026-08-19 15:10:19.832,32515.1806
2026-08-19 15:10:20.259,32604.7339
2026-08-19 15:10:20.677,32330.1307
2026-08-19 15:10:21.093,32068.7679
2026-08-19 15:10:21.521,31833.0551
2026-08-19 15:10:21.957,31625.4768
2026-08-19 15:10:22.370,31478.1371
2026-08-19 15:10:22.783,31438.3213
2026-08-19 15:10:23.196,31439.007
2026-08-19 15:10:23.638,31438.1653
2026-08-19 15:10:24.057,31437.9841
2026-08-19 15:10:24.470,31438.2467
2026-08-19 15:10:24.884,31437.4016
2026-08-19 15:10:25.296,31437.3839
2026-08-19 15:10:25.767,31436.8641
2026-08-19 15:10:26.212,31435.8944
2026-08-19 15:10:26.625,31434.7444
2026-08-19 15:10:27.037,31434.0435
2026-08-19 15:10:27.465,31440.8366
2026-08-19 15:10:27.902,31551.3723
2026-08-19 15:10:28.316,31734.6259
2026-08-19 15:10:28.735,31947.8741
2026-08-19 15:10:29.150,32194.7304
2026-08-19 15:10:29.566,32458.0509
2026-08-19 15:10:29.979,32633.7666
2026-08-19 15:10:30.476,32344.7235
2026-08-19 15:10:30.904,32076.8225
2026-08-19 15:10:31.325,31841.6012
2026-08-19 15:10:31.738,31638.5193
2026-08-19 15:10:32.177,31484.5137
2026-08-19 15:10:32.600,31503.6939
2026-08-19 15:10:33.013,31668.3646
2026-08-19 15:10:33.440,31877.9117
2026-08-19 15:10:33.860,32115.5321
2026-08-19 15:10:34.290,32379.2038
2026-08-19 15:10:34.709,32629.0009
2026-08-19 15:10:35.122,32461.8972
2026-08-19 15:10:35.534,32196.1441
2026-08-19 15:10:35.947,31947.5861
2026-08-19 15:10:36.361,31728.8987
2026-08-19 15:10:36.778,31550.1586
2026-08-19 15:10:37.192,31452.2946
2026-08-19 15:10:37.605,31568.1288
2026-08-19 15:10:38.042,31754.9572
2026-08-19 15:10:38.455,31980.4632
2026-08-19 15:10:38.868,32230.0153
2026-08-19 15:10:39.287,32495.0941
2026-08-19 15:10:39.714,32775.8936
2026-08-19 15:10:40.130,33072.5208
2026-08-19 15:10:40.558,33373.449
2026-08-19 15:10:40.971,33672.0851
2026-08-19 15:10:41.383,33975.3268
2026-08-19 15:10:41.796,34283.9814
2026-08-19 15:10:42.209,34261.0436
2026-08-19 15:10:42.628,33940.9987
2026-08-19 15:10:43.042,33633.115
2026-08-19 15:10:43.463,33332.6835
2026-08-19 15:10:43.886,33033.8323
2026-08-19 15:10:44.301,32741.8266
2026-08-19 15:10:44.713,32466.0156
2026-08-19 15:10:45.126,32203.4928
2026-08-19 15:10:45.540,31957.0066
2026-08-19 15:10:45.980,31742.5212
2026-08-19 15:10:46.393,31563.3626
2026-08-19 15:10:46.814,31471.1967
2026-08-19 15:10:47.241,31579.9601
2026-08-19 15:10:47.659,31757.6298
2026-08-19 15:10:48.098,31977.0914
2026-08-19 15:10:48.524,32240.2908
2026-08-19 15:10:48.939,32515.9491
2026-08-19 15:10:49.352,32599.3552
2026-08-19 15:10:49.765,32331.7099
2026-08-19 15:10:50.193,32064.3153
2026-08-19 15:10:50.606,31830.3645
2026-08-19 15:10:51.019,31635.0288
2026-08-19 15:10:51.436,31486.3932
2026-08-19 15:10:51.852,31433.4782
2026-08-19 15:10:52.280,31434.8536
2026-08-19 15:10:52.692,31434.5895
2026-08-19 15:10:53.114,31434.885
2026-08-19 15:10:53.529,31434.333
2026-08-19 15:10:53.941,31433.8322
2026-08-19 15:10:54.353,31433.5482
2026-08-19 15:10:54.785,31433.2988
2026-08-19 15:10:55.199,31432.9362
2026-08-19 15:10:55.626,31432.2343
2026-08-19 15:10:56.040,31431.8152
2026-08-19 15:10:56.465,31431.5003
2026-08-19 15:10:56.878,31512.2101
2026-08-19 15:10:57.290,31673.6961
2026-08-19 15:10:57.723,31875.0901
2026-08-19 15:10:58.152,32131.2944
2026-08-19 15:10:58.579,32399.2427
2026-08-19 15:10:58.993,32631.4763
2026-08-19 15:10:59.406,32456.9775
2026-08-19 15:10:59.839,32182.7691
2026-08-19 15:11:00.254,31931.4781
2026-08-19 15:11:00.680,31708.929
2026-08-19 15:11:01.102,31536.9661
2026-08-19 15:11:01.565,31455.0428
2026-08-19 15:11:01.990,31606.0735
2026-08-19 15:11:02.404,31798.4973
2026-08-19 15:11:02.817,32025.4807
2026-08-19 15:11:03.245,32287.8004
2026-08-19 15:11:03.657,32556.1648
2026-08-19 15:11:04.086,32568.4621
2026-08-19 15:11:04.512,32285.6353
2026-08-19 15:11:04.927,32021.902
2026-08-19 15:11:05.341,31790.9476
2026-08-19 15:11:05.757,31599.8172
2026-08-19 15:11:06.222,31450.9671
2026-08-19 15:11:06.634,31533.4951
2026-08-19 15:11:07.063,31710.7011
2026-08-19 15:11:07.474,31924.2025
2026-08-19 15:11:07.935,32167.3298
2026-08-19 15:11:08.355,32464.7753
2026-08-19 15:11:08.769,32740.8132
2026-08-19 15:11:09.188,33025.114
2026-08-19 15:11:09.600,33321.2227
2026-08-19 15:11:10.013,33616.876
2026-08-19 15:11:10.475,33954.1455
2026-08-19 15:11:10.903,34263.6974
2026-08-19 15:11:11.317,34260.0004
2026-08-19 15:11:11.729,33942.4477
2026-08-19 15:11:12.143,33634.1603
2026-08-19 15:11:12.556,33333.4614
2026-08-19 15:11:12.977,33037.27
2026-08-19 15:11:13.390,32748.9496
2026-08-19 15:11:13.804,32472.5326
2026-08-19 15:11:14.225,32207.3392
2026-08-19 15:11:14.641,31955.6527
2026-08-19 15:11:15.054,31738.6325
2026-08-19 15:11:15.466,31568.1251
2026-08-19 15:11:15.894,31461.6353
2026-08-19 15:11:16.326,31563.7163
2026-08-19 15:11:16.753,31739.035
2026-08-19 15:11:17.165,31951.7278
2026-08-19 15:11:17.579,32196.7352
2026-08-19 15:11:17.992,32461.7323
2026-08-19 15:11:18.431,32609.9016
2026-08-19 15:11:18.845,32345.1335
2026-08-19 15:11:19.258,32084.1848
2026-08-19 15:11:19.684,31845.9922
2026-08-19 15:11:20.146,31639.7007
2026-08-19 15:11:20.563,31469.5875
2026-08-19 15:11:20.989,31422.2364
2026-08-19 15:11:21.415,31423.3646
2026-08-19 15:11:21.827,31423.2848
2026-08-19 15:11:22.243,31422.8557
2026-08-19 15:11:22.662,31422.5609
2026-08-19 15:11:23.075,31422.0023
2026-08-19 15:11:23.506,31422.0631
2026-08-19 15:11:23.933,31420.784
2026-08-19 15:11:24.345,31420.326
2026-08-19 15:11:24.757,31419.4908
2026-08-19 15:11:25.217,31418.8134
2026-08-19 15:11:25.635,31420.9279
2026-08-19 15:11:26.062,31522.6026
2026-08-19 15:11:26.483,31690.9584
2026-08-19 15:11:26.900,31902.8862
2026-08-19 15:11:27.315,32145.4443
2026-08-19 15:11:27.734,32406.309
2026-08-19 15:11:28.160,32626.8014
2026-08-19 15:11:28.574,32421.9558
2026-08-19 15:11:28.989,32156.9668
2026-08-19 15:11:29.406,31909.7811
2026-08-19 15:11:29.844,31693.9818
2026-08-19 15:11:30.256,31513.4196
2026-08-19 15:11:30.682,31444.2335
2026-08-19 15:11:31.095,31584.5277
2026-08-19 15:11:31.533,31778.4903
2026-08-19 15:11:31.965,32009.4388
2026-08-19 15:11:32.388,32273.8607
2026-08-19 15:11:32.815,32548.5487
2026-08-19 15:11:33.227,32535.41
2026-08-19 15:11:33.640,32264.5414
2026-08-19 15:11:34.083,32009.596
2026-08-19 15:11:34.510,31763.8833
2026-08-19 15:11:34.922,31570.1739
2026-08-19 15:11:35.335,31437.2021
2026-08-19 15:11:35.748,31507.7779
2026-08-19 15:11:36.161,31674.071
2026-08-19 15:11:36.628,31911.9203
2026-08-19 15:11:37.056,32164.6202
2026-08-19 15:11:37.468,32428.8014
2026-08-19 15:11:37.896,32702.807
2026-08-19 15:11:38.310,32995.6601
2026-08-19 15:11:38.728,33291.1579
2026-08-19 15:11:39.173,33587.0883
2026-08-19 15:11:39.586,33912.9129
2026-08-19 15:11:39.998,34221.3145
2026-08-19 15:11:40.422,34284.9021
2026-08-19 15:11:40.835,33962.3566
2026-08-19 15:11:41.314,33615.2301
2026-08-19 15:11:41.728,33306.1055
2026-08-19 15:11:42.140,33012.9565
2026-08-19 15:11:42.554,32728.4581
2026-08-19 15:11:42.968,32452.6119
2026-08-19 15:11:43.381,32188.2139
2026-08-19 15:11:43.830,31924.3914
2026-08-19 15:11:44.243,31710.9547
2026-08-19 15:11:44.670,31540.8045
2026-08-19 15:11:45.092,31454.8685
2026-08-19 15:11:45.509,31568.6548
2026-08-19 15:11:45.922,31744.0793
2026-08-19 15:11:46.356,31960.1929
2026-08-19 15:11:46.772,32221.4161
2026-08-19 15:11:47.199,32490.5693
2026-08-19 15:11:47.618,32583.2958
2026-08-19 15:11:48.034,32312.4289
2026-08-19 15:11:48.469,32052.2657
2026-08-19 15:11:48.882,31806.2642
2026-08-19 15:11:49.298,31613.0355
2026-08-19 15:11:49.709,31465.2548
2026-08-19 15:11:50.123,31419.2407
2026-08-19 15:11:50.539,31420.8061
2026-08-19 15:11:50.951,31420.6522
2026-08-19 15:11:51.378,31420.8096
2026-08-19 15:11:51.798,31420.744
2026-08-19 15:11:52.212,31420.5648
2026-08-19 15:11:52.625,31420.3799
2026-08-19 15:11:53.044,31419.9625
2026-08-19 15:11:53.456,31419.1031
2026-08-19 15:11:53.882,31418.7912
2026-08-19 15:11:54.299,31417.6315
2026-08-19 15:11:54.715,31417.0017
2026-08-19 15:11:55.137,31491.9396
2026-08-19 15:11:55.551,31655.5897
2026-08-19 15:11:55.963,31856.8834
2026-08-19 15:11:56.377,32090.5933
2026-08-19 15:11:56.803,32348.0669
2026-08-19 15:11:57.218,32606.7744
2026-08-19 15:11:57.645,32469.7801
2026-08-19 15:11:58.060,32193.4814
2026-08-19 15:11:58.478,31943.2379
2026-08-19 15:11:58.889,31720.8634
2026-08-19 15:11:59.303,31543.1199
2026-08-19 15:11:59.730,31436.6538
2026-08-19 15:12:00.147,31549.4203
2026-08-19 15:12:00.560,31729.3168
2026-08-19 15:12:01.006,31947.6562
2026-08-19 15:12:01.420,32215.0729
2026-08-19 15:12:01.845,32481.2653
2026-08-19 15:12:02.264,32593.6545
2026-08-19 15:12:02.679,32327.242
2026-08-19 15:12:03.123,32066.8104
2026-08-19 15:12:03.536,31812.8877
2026-08-19 15:12:03.953,31614.4369
2026-08-19 15:12:04.368,31460.0144
2026-08-19 15:12:04.783,31476.4349
2026-08-19 15:12:05.194,31634.9586
2026-08-19 15:12:05.607,31834.8412
2026-08-19 15:12:06.020,32069.8068
2026-08-19 15:12:06.434,32326.9946
2026-08-19 15:12:06.855,32598.0098
2026-08-19 15:12:07.273,32882.9603
2026-08-19 15:12:07.687,33174.9022
2026-08-19 15:12:08.099,33468.8568
2026-08-19 15:12:08.519,33768.0277
2026-08-19 15:12:08.934,34079.7575
2026-08-19 15:12:09.395,34334.8596
2026-08-19 15:12:09.826,34072.3368
2026-08-19 15:12:10.242,33751.2478
2026-08-19 15:12:10.656,33444.4808
2026-08-19 15:12:11.073,33147.3959
2026-08-19 15:12:11.488,32855.7918
2026-08-19 15:12:11.902,32574.0479
2026-08-19 15:12:12.325,32303.3928
2026-08-19 15:12:12.755,32038.5247
2026-08-19 15:12:13.167,31802.7115
2026-08-19 15:12:13.581,31614.0672
2026-08-19 15:12:13.995,31471.9132
2026-08-19 15:12:14.407,31486.3957
2026-08-19 15:12:14.844,31634.1198
2026-08-19 15:12:15.256,31839.9293
2026-08-19 15:12:15.670,32072.8439
2026-08-19 15:12:16.082,32331.1244
2026-08-19 15:12:16.496,32587.8084
2026-08-19 15:12:16.960,32434.3362
2026-08-19 15:12:17.387,32167.9261
2026-08-19 15:12:17.800,31911.8329
2026-08-19 15:12:18.226,31696.0918
2026-08-19 15:12:18.643,31520.6851
2026-08-19 15:12:19.056,31414.3227
2026-08-19 15:12:19.469,31408.7343
2026-08-19 15:12:19.887,31409.0419
2026-08-19 15:12:20.302,31408.9049
2026-08-19 15:12:20.715,31408.6112
2026-08-19 15:12:21.181,31408.0764
2026-08-19 15:12:21.608,31407.9511
2026-08-19 15:12:22.022,31407.5817
2026-08-19 15:12:22.436,31406.9997
2026-08-19 15:12:22.872,31406.1651
2026-08-19 15:12:23.286,31405.3694
2026-08-19 15:12:23.699,31404.803
2026-08-19 15:12:24.125,31436.9173
2026-08-19 15:12:24.537,31584.6033
2026-08-19 15:12:24.949,31771.7182
2026-08-19 15:12:25.371,31995.3869
2026-08-19 15:12:25.798,32252.1605
2026-08-19 15:12:26.211,32527.5868
2026-08-19 15:12:26.647,32541.6799
2026-08-19 15:12:27.059,32265.4094
2026-08-19 15:12:27.472,32010.7474
2026-08-19 15:12:27.898,31779.9882
2026-08-19 15:12:28.311,31582.781
2026-08-19 15:12:28.723,31439.6432
2026-08-19 15:12:29.136,31490.5629
2026-08-19 15:12:29.550,31654.4322
2026-08-19 15:12:29.962,31860.5452
2026-08-19 15:12:30.387,32099.3911
2026-08-19 15:12:30.814,32367.4066
2026-08-19 15:12:31.226,32609.9589
2026-08-19 15:12:31.639,32436.5097
2026-08-19 15:12:32.103,32171.9443
2026-08-19 15:12:32.520,31891.7622
2026-08-19 15:12:32.943,31678.5864
2026-08-19 15:12:33.355,31504.8347
2026-08-19 15:12:33.785,31438.2456
2026-08-19 15:12:34.211,31577.6335
2026-08-19 15:12:34.623,31773.2483
2026-08-19 15:12:35.036,31999.9684
2026-08-19 15:12:35.449,32253.5225
2026-08-19 15:12:35.862,32522.3807
2026-08-19 15:12:36.275,32801.7567
2026-08-19 15:12:36.710,33098.9344
2026-08-19 15:12:37.123,33400.284
2026-08-19 15:12:37.540,33699.895
2026-08-19 15:12:37.952,34008.9739
2026-08-19 15:12:38.421,34313.5371
2026-08-19 15:12:38.848,34166.2893
2026-08-19 15:12:39.262,33845.386
2026-08-19 15:12:39.676,33538.8904
2026-08-19 15:12:40.089,33239.3658
2026-08-19 15:12:40.500,32948.7438
2026-08-19 15:12:40.921,32666.8642
2026-08-19 15:12:41.342,32387.4587
2026-08-19 15:12:41.754,32122.5727
2026-08-19 15:12:42.188,31876.3758
2026-08-19 15:12:42.603,31672.5351
2026-08-19 15:12:43.014,31517.9767
2026-08-19 15:12:43.437,31473.3268
2026-08-19 15:12:43.851,31612.2193
2026-08-19 15:12:44.263,31796.1903
2026-08-19 15:12:44.684,32021.6441
2026-08-19 15:12:45.113,32279.7647
2026-08-19 15:12:45.531,32560.5485
2026-08-19 15:12:45.959,32546.1247
2026-08-19 15:12:46.373,32264.9193
2026-08-19 15:12:46.791,32010.5441
2026-08-19 15:12:47.206,31778.8641
2026-08-19 15:12:47.618,31591.9023
2026-08-19 15:12:48.042,31455.8856
2026-08-19 15:12:48.455,31427.7377
2026-08-19 15:12:48.868,31428.3991
2026-08-19 15:12:49.306,31427.9319
2026-08-19 15:12:49.733,31427.4974
2026-08-19 15:12:50.146,31428.0456
2026-08-19 15:12:50.559,31427.5412
2026-08-19 15:12:51.021,31427.157
2026-08-19 15:12:51.439,31426.5077
2026-08-19 15:12:51.851,31426.474
2026-08-19 15:12:52.265,31425.8744
2026-08-19 15:12:52.685,31425.3856
2026-08-19 15:12:53.102,31424.8556
2026-08-19 15:12:53.534,31424.0567
2026-08-19 15:12:53.947,31423.5203
2026-08-19 15:12:54.375,31423.2665
2026-08-19 15:12:54.795,31423.115
2026-08-19 15:12:55.217,31423.166
2026-08-19 15:12:55.641,31423.1223
2026-08-19 15:12:56.062,31423.8831
2026-08-19 15:12:56.475,31424.2195
2026-08-19 15:12:56.888,31424.5654
2026-08-19 15:12:57.300,31424.8651
2026-08-19 15:12:57.713,31425.6514
2026-08-19 15:12:58.126,31426.1784
2026-08-19 15:12:58.538,31426.9228
2026-08-19 15:12:58.957,31427.4057
2026-08-19 15:12:59.370,31427.4628
2026-08-19 15:12:59.782,31427.9978
2026-08-19 15:13:00.210,31427.9087
2026-08-19 15:13:00.624,31427.8984
2026-08-19 15:13:01.041,31428.021
2026-08-19 15:13:01.455,31427.927
2026-08-19 15:13:01.881,31428.4564
2026-08-19 15:13:02.305,31428.838
2026-08-19 15:13:02.720,31428.7722
2026-08-19 15:13:03.139,31429.5866
2026-08-19 15:13:03.561,31430.0507
2026-08-19 15:13:03.979,31430.5727
2026-08-19 15:13:04.395,31431.4741
2026-08-19 15:13:04.812,31432.2272
2026-08-19 15:13:05.226,31432.4308
2026-08-19 15:13:05.638,31433.1836
2026-08-19 15:13:06.050,31434.127
2026-08-19 15:13:06.530,31435.3794
2026-08-19 15:13:06.943,31436.5296
2026-08-19 15:13:07.357,31437.2251
2026-08-19 15:13:07.771,31438.0498
2026-08-19 15:13:08.201,31439.231
2026-08-19 15:13:08.614,31439.5817
2026-08-19 15:13:09.040,31440.2906
2026-08-19 15:13:09.467,31441.0124
2026-08-19 15:13:09.880,31441.4492
2026-08-19 15:13:10.301,31441.5984
2026-08-19 15:13:10.726,31441.5959
2026-08-19 15:13:11.148,31441.8727
2026-08-19 15:13:11.561,31441.8487
2026-08-19 15:13:11.977,31441.993
2026-08-19 15:13:12.389,31442.5153
2026-08-19 15:13:12.805,31442.1812
2026-08-19 15:13:13.218,31442.4277
2026-08-19 15:13:13.632,31442.2377
2026-08-19 15:13:14.053,31442.3407
2026-08-19 15:13:14.467,31442.28
2026-08-19 15:13:14.902,31442.4634
2026-08-19 15:13:15.327,31442.4164
2026-08-19 15:13:15.740,31442.2347
2026-08-19 15:13:16.177,31442.5729
2026-08-19 15:13:16.590,31442.5416
2026-08-19 15:13:17.001,31442.562
2026-08-19 15:13:17.413,31442.8892
2026-08-19 15:13:17.837,31442.7037
2026-08-19 15:13:18.250,31443.1159
2026-08-19 15:13:18.663,31443.3991
2026-08-19 15:13:19.142,31443.4754
2026-08-19 15:13:19.554,31444.0997
2026-08-19 15:13:19.966,31443.879
2026-08-19 15:13:20.378,31444.0773
2026-08-19 15:13:20.800,31444.2499
2026-08-19 15:13:21.212,31444.4151
2026-08-19 15:13:21.625,31444.3597
2026-08-19 15:13:22.042,31444.7808
2026-08-19 15:13:22.455,31445.424
2026-08-19 15:13:22.881,31445.7973
2026-08-19 15:13:23.313,31445.7565
2026-08-19 15:13:23.739,31446.0691
2026-08-19 15:13:24.154,31446.4669
2026-08-19 15:13:24.567,31446.688
2026-08-19 15:13:24.980,31447.339
2026-08-19 15:13:25.410,31447.6675
2026-08-19 15:13:25.825,31448.4112
2026-08-19 15:13:26.244,31448.964
2026-08-19 15:13:26.661,31449.0212
2026-08-19 15:13:27.073,31449.1048
2026-08-19 15:13:27.509,31449.3215
2026-08-19 15:13:27.921,31449.6105
2026-08-19 15:13:28.334,31449.5387
2026-08-19 15:13:28.754,31450.1143
2026-08-19 15:13:29.166,31450.2318
2026-08-19 15:13:29.579,31450.018
2026-08-19 15:13:29.996,31450.0197
2026-08-19 15:13:30.411,31450.4939
2026-08-19 15:13:30.843,31450.9077
2026-08-19 15:13:31.257,31451.0606
2026-08-19 15:13:31.670,31451.4988
2026-08-19 15:13:32.085,31451.6007
2026-08-19 15:13:32.496,31452.4854
2026-08-19 15:13:32.916,31452.839
2026-08-19 15:13:33.332,31453.6117
2026-08-19 15:13:33.744,31453.7712
2026-08-19 15:13:34.165,31454.0708
2026-08-19 15:13:34.593,31454.0966
2026-08-19 15:13:35.005,31454.422
2026-08-19 15:13:35.419,31455.5336
2026-08-19 15:13:35.835,31456.0512
2026-08-19 15:13:36.248,31456.6976
2026-08-19 15:13:36.661,31457.7021
2026-08-19 15:13:37.074,31458.1156
2026-08-19 15:13:37.487,31458.4457
2026-08-19 15:13:37.905,31459.36
2026-08-19 15:13:38.319,31460.1882
2026-08-19 15:13:38.745,31460.6022
2026-08-19 15:13:39.158,31461.3923
2026-08-19 15:13:39.571,31461.969
2026-08-19 15:13:39.998,31462.186
2026-08-19 15:13:40.409,31462.91
2026-08-19 15:13:40.822,31463.3169
2026-08-19 15:13:41.236,31463.9068
2026-08-19 15:13:41.649,31464.3639
2026-08-19 15:13:42.077,31464.5448
2026-08-19 15:13:42.493,31465.2892
2026-08-19 15:13:42.909,31465.6375
2026-08-19 15:13:43.334,31465.9699
2026-08-19 15:13:43.758,31465.9912
2026-08-19 15:13:44.171,31466.5442
2026-08-19 15:13:44.585,31466.5891
2026-08-19 15:13:45.049,31466.3661
2026-08-19 15:13:45.468,31467.0706
2026-08-19 15:13:45.883,31467.3053
2026-08-19 15:13:46.295,31467.3825
2026-08-19 15:13:46.713,31468.1618
2026-08-19 15:13:47.125,31468.4859
2026-08-19 15:13:47.554,31468.5065
2026-08-19 15:13:47.989,31468.3553
2026-08-19 15:13:48.403,31468.6003
2026-08-19 15:13:48.816,31469.0779
2026-08-19 15:13:49.228,31469.8812
2026-08-19 15:13:49.650,31470.4194
2026-08-19 15:13:50.064,31470.9714
2026-08-19 15:13:50.476,31471.4196
2026-08-19 15:13:50.888,31471.8431
2026-08-19 15:13:51.307,31472.1907
2026-08-19 15:13:51.767,31472.5493
2026-08-19 15:13:52.184,31472.5157
2026-08-19 15:13:52.596,31472.7284
2026-08-19 15:13:53.023,31472.816
2026-08-19 15:13:53.436,31473.0786
2026-08-19 15:13:53.872,31472.9557
2026-08-19 15:13:54.285,31472.9914
2026-08-19 15:13:54.697,31472.8567
2026-08-19 15:13:55.119,31473.0397
2026-08-19 15:13:55.531,31472.7689
2026-08-19 15:13:55.944,31472.5983
