Address,GPIB0::22::INSTR
Model,34461A
Serial Number:,MY60051737
Firmware Version,A.03.03-03.15-03.03-00.52-04-03
Start Time,2026-08-19 19:25:15.433
Stop Time,2026-08-19 19:50:54.160
,
Time (s),Channel 1 (Ω)
2026-08-19 19:25:15.929,9159.69958
2026-08-19 19:25:16.346,9284.1693
2026-08-19 19:25:16.758,9425.79662
2026-08-19 19:25:17.177,9576.41965
2026-08-19 19:25:17.589,9607.84068
2026-08-19 19:25:18.011,9477.80417
2026-08-19 19:25:18.439,9354.56075
2026-08-19 19:25:18.853,9248.37942
2026-08-19 19:25:19.275,9163.29482
2026-08-19 19:25:19.688,9106.75504
2026-08-19 19:25:20.118,9101.66932
2026-08-19 19:25:20.556,9111.45046
2026-08-19 19:25:20.970,9120.13485
2026-08-19 19:25:21.390,9127.78865
2026-08-19 19:25:21.803,9135.45984
2026-08-19 19:25:22.227,9138.40363
2026-08-19 19:25:22.731,9148.91012
2026-08-19 19:25:23.148,9157.30019
2026-08-19 19:25:23.564,9164.79536
2026-08-19 19:25:23.992,9172.51329
2026-08-19 19:25:24.406,9179.12838
2026-08-19 19:25:24.823,9187.58399
2026-08-19 19:25:25.239,9252.39939
2026-08-19 19:25:25.653,9345.57119
2026-08-19 19:25:26.079,9457.90252
2026-08-19 19:25:26.492,9591.13063
2026-08-19 19:25:26.910,9731.53472
2026-08-19 19:25:27.352,9884.80581
2026-08-19 19:25:27.782,10063.0303
2026-08-19 19:25:28.194,10220.3514
2026-08-19 19:25:28.608,10388.0423
2026-08-19 19:25:29.023,10554.8467
2026-08-19 19:25:29.461,10733.9777
2026-08-19 19:25:29.892,10714.9075
2026-08-19 19:25:30.310,10542.3407
2026-08-19 19:25:30.725,10379.5023
2026-08-19 19:25:31.139,10221.8326
2026-08-19 19:25:31.557,10068.3535
2026-08-19 19:25:31.983,9920.76111
2026-08-19 19:25:32.401,9774.97272
2026-08-19 19:25:32.816,9640.49022
2026-08-19 19:25:33.230,9519.79893
2026-08-19 19:25:33.659,9420.34526
2026-08-19 19:25:34.078,9341.78654
2026-08-19 19:25:34.511,9310.52967
2026-08-19 19:25:34.925,9370.56313
2026-08-19 19:25:35.338,9457.77341
2026-08-19 19:25:35.765,9571.99398
2026-08-19 19:25:36.181,9696.75229
2026-08-19 19:25:36.595,9835.88
2026-08-19 19:25:37.019,9980.33901
2026-08-19 19:25:37.431,10134.6527
2026-08-19 19:25:37.867,10300.4225
2026-08-19 19:25:38.305,10477.0541
2026-08-19 19:25:38.728,10651.4565
2026-08-19 19:25:39.222,10832.0868
2026-08-19 19:25:39.636,10717.8334
2026-08-19 19:25:40.064,10545.6449
2026-08-19 19:25:40.564,10346.418
2026-08-19 19:25:40.978,10182.2891
2026-08-19 19:25:41.406,10024.5065
2026-08-19 19:25:41.820,9878.91946
2026-08-19 19:25:42.238,9739.64334
2026-08-19 19:25:42.658,9609.06404
2026-08-19 19:25:43.072,9494.53611
2026-08-19 19:25:43.489,9405.41937
2026-08-19 19:25:43.917,9343.67413
2026-08-19 19:25:44.335,9357.91285
2026-08-19 19:25:44.748,9428.20326
2026-08-19 19:25:45.177,9527.30039
2026-08-19 19:25:45.600,9643.86488
2026-08-19 19:25:46.014,9778.44906
2026-08-19 19:25:46.434,9905.88194
2026-08-19 19:25:46.846,9824.79892
2026-08-19 19:25:47.290,9689.04695
2026-08-19 19:25:47.707,9557.75776
2026-08-19 19:25:48.120,9454.28651
2026-08-19 19:25:48.556,9374.2107
2026-08-19 19:25:48.971,9331.27129
2026-08-19 19:25:49.405,9331.19952
2026-08-19 19:25:49.819,9331.16131
2026-08-19 19:25:50.239,9332.57565
2026-08-19 19:25:50.653,9332.71222
2026-08-19 19:25:51.067,9335.01738
2026-08-19 19:25:51.481,9332.60563
2026-08-19 19:25:51.901,9332.77215
2026-08-19 19:25:52.336,9332.98801
2026-08-19 19:25:52.838,9334.43859
2026-08-19 19:25:53.272,9334.56704
2026-08-19 19:25:53.684,9334.69245
2026-08-19 19:25:54.098,9359.34291
2026-08-19 19:25:54.511,9429.66503
2026-08-19 19:25:54.945,9527.70336
2026-08-19 19:25:55.361,9643.96731
2026-08-19 19:25:55.788,9776.9516
2026-08-19 19:25:56.201,9920.90884
2026-08-19 19:25:56.616,10066.5874
2026-08-19 19:25:57.034,10220.4813
2026-08-19 19:25:57.462,10382.8179
2026-08-19 19:25:57.876,10551.2749
2026-08-19 19:25:58.302,10717.8586
2026-08-19 19:25:58.721,10855.5273
2026-08-19 19:25:59.138,10726.9979
2026-08-19 19:25:59.563,10555.1959
2026-08-19 19:25:59.976,10385.9209
2026-08-19 19:26:00.415,10221.9864
2026-08-19 19:26:00.844,10064.2585
2026-08-19 19:26:01.258,9911.89928
2026-08-19 19:26:01.671,9772.84524
2026-08-19 19:26:02.089,9643.24531
2026-08-19 19:26:02.520,9527.71704
2026-08-19 19:26:02.946,9434.7441
2026-08-19 19:26:03.444,9364.20133
2026-08-19 19:26:03.856,9392.3499
2026-08-19 19:26:04.281,9464.66015
2026-08-19 19:26:04.696,9562.96702
2026-08-19 19:26:05.125,9683.83948
2026-08-19 19:26:05.539,9816.18778
2026-08-19 19:26:06.006,9977.37903
2026-08-19 19:26:06.420,10126.4422
2026-08-19 19:26:06.833,10281.3065
2026-08-19 19:26:07.246,10441.3055
2026-08-19 19:26:07.669,10605.7795
2026-08-19 19:26:08.086,10778.1756
2026-08-19 19:26:08.503,10820.9044
2026-08-19 19:26:08.922,10647.9639
2026-08-19 19:26:09.336,10479.8805
2026-08-19 19:26:09.750,10315.9988
2026-08-19 19:26:10.183,10152.357
2026-08-19 19:26:10.596,9998.44597
2026-08-19 19:26:11.009,9853.24423
2026-08-19 19:26:11.437,9715.53066
2026-08-19 19:26:11.850,9585.76796
2026-08-19 19:26:12.276,9480.0842
2026-08-19 19:26:12.689,9398.51808
2026-08-19 19:26:13.106,9350.81457
2026-08-19 19:26:13.519,9386.90284
2026-08-19 19:26:13.999,9462.71438
2026-08-19 19:26:14.431,9577.34404
2026-08-19 19:26:14.844,9702.10634
2026-08-19 19:26:15.266,9836.40864
2026-08-19 19:26:15.680,9900.74878
2026-08-19 19:26:16.108,9762.45832
2026-08-19 19:26:16.523,9631.62713
2026-08-19 19:26:16.941,9515.34396
2026-08-19 19:26:17.355,9420.37758
2026-08-19 19:26:17.768,9354.14822
2026-08-19 19:26:18.184,9329.0589
2026-08-19 19:26:18.660,9330.73892
2026-08-19 19:26:19.074,9331.11484
2026-08-19 19:26:19.503,9330.73858
2026-08-19 19:26:19.915,9330.33
2026-08-19 19:26:20.336,9330.29104
2026-08-19 19:26:20.777,9329.6066
2026-08-19 19:26:21.194,9330.49915
2026-08-19 19:26:21.608,9330.38273
2026-08-19 19:26:22.032,9331.24857
2026-08-19 19:26:22.460,9331.95766
2026-08-19 19:26:22.880,9333.63702
2026-08-19 19:26:23.295,9375.58351
2026-08-19 19:26:23.708,9451.90006
2026-08-19 19:26:24.129,9553.31785
2026-08-19 19:26:24.543,9673.70388
2026-08-19 19:26:24.970,9813.03165
2026-08-19 19:26:25.383,9957.91144
2026-08-19 19:26:25.796,10095.5045
2026-08-19 19:26:26.257,10244.35
2026-08-19 19:26:26.686,10426.1441
2026-08-19 19:26:27.114,10594.9568
2026-08-19 19:26:27.536,10766.606
2026-08-19 19:26:27.953,10816.6737
2026-08-19 19:26:28.379,10645.2184
2026-08-19 19:26:28.793,10473.0818
2026-08-19 19:26:29.208,10309.5496
2026-08-19 19:26:29.624,10150.5578
2026-08-19 19:26:30.039,9997.78291
2026-08-19 19:26:30.454,9851.90201
2026-08-19 19:26:30.899,9714.08422
2026-08-19 19:26:31.325,9580.06467
2026-08-19 19:26:31.738,9471.79405
2026-08-19 19:26:32.160,9393.24256
2026-08-19 19:26:32.574,9346.42883
2026-08-19 19:26:33.001,9384.23164
2026-08-19 19:26:33.424,9461.64463
2026-08-19 19:26:33.849,9563.5941
2026-08-19 19:26:34.261,9686.5672
2026-08-19 19:26:34.675,9821.02598
2026-08-19 19:26:35.089,9962.21121
2026-08-19 19:26:35.503,10111.7626
2026-08-19 19:26:35.917,10267.2113
2026-08-19 19:26:36.335,10430.3739
2026-08-19 19:26:36.777,10594.0807
2026-08-19 19:26:37.190,10773.649
2026-08-19 19:26:37.619,10792.7559
2026-08-19 19:26:38.031,10614.2068
2026-08-19 19:26:38.492,10448.9348
2026-08-19 19:26:38.927,10265.0219
2026-08-19 19:26:39.349,10103.418
2026-08-19 19:26:39.764,9948.27167
2026-08-19 19:26:40.178,9803.02359
2026-08-19 19:26:40.593,9667.97434
2026-08-19 19:26:41.023,9543.0092
2026-08-19 19:26:41.442,9444.83517
2026-08-19 19:26:41.856,9373.43689
2026-08-19 19:26:42.282,9341.71159
2026-08-19 19:26:42.696,9391.79882
2026-08-19 19:26:43.135,9469.11587
2026-08-19 19:26:43.570,9581.82973
2026-08-19 19:26:43.984,9706.47552
2026-08-19 19:26:44.399,9841.52181
2026-08-19 19:26:44.813,9866.59211
2026-08-19 19:26:45.247,9726.4024
2026-08-19 19:26:45.660,9590.65773
2026-08-19 19:26:46.089,9473.87049
2026-08-19 19:26:46.517,9385.4989
2026-08-19 19:26:46.930,9323.89368
2026-08-19 19:26:47.365,9312.59997
2026-08-19 19:26:47.779,9314.5151
2026-08-19 19:26:48.205,9314.29228
2026-08-19 19:26:48.619,9313.95668
2026-08-19 19:26:49.032,9312.42854
2026-08-19 19:26:49.529,9310.23474
2026-08-19 19:26:49.946,9308.9649
2026-08-19 19:26:50.370,9307.7821
2026-08-19 19:26:50.787,9306.70803
2026-08-19 19:26:51.200,9305.48295
2026-08-19 19:26:51.634,9304.13419
2026-08-19 19:26:52.047,9308.95478
2026-08-19 19:26:52.475,9360.42908
2026-08-19 19:26:52.889,9441.95391
2026-08-19 19:26:53.303,9544.27718
2026-08-19 19:26:53.728,9665.49842
2026-08-19 19:26:54.148,9802.68465
2026-08-19 19:26:54.565,9948.21168
2026-08-19 19:26:54.989,10100.3412
2026-08-19 19:26:55.402,10260.3126
2026-08-19 19:26:55.816,10424.2439
2026-08-19 19:26:56.281,10592.0144
2026-08-19 19:26:56.701,10787.7767
2026-08-19 19:26:57.128,10755.8586
2026-08-19 19:26:57.542,10579.4656
2026-08-19 19:26:57.977,10407.005
2026-08-19 19:26:58.404,10237.7696
2026-08-19 19:26:58.820,10072.3794
2026-08-19 19:26:59.235,9921.98493
2026-08-19 19:26:59.649,9775.90148
2026-08-19 19:27:00.067,9645.41265
2026-08-19 19:27:00.480,9528.0174
2026-08-19 19:27:00.917,9429.0931
2026-08-19 19:27:01.346,9355.66527
2026-08-19 19:27:01.760,9333.17015
2026-08-19 19:27:02.180,9385.31986
2026-08-19 19:27:02.608,9468.41639
2026-08-19 19:27:03.030,9573.7848
2026-08-19 19:27:03.451,9702.21055
2026-08-19 19:27:03.872,9835.72828
2026-08-19 19:27:04.287,9981.74354
2026-08-19 19:27:04.749,10140.2185
2026-08-19 19:27:05.169,10320.1543
2026-08-19 19:27:05.585,10480.5988
2026-08-19 19:27:05.999,10642.368
2026-08-19 19:27:06.421,10799.5752
2026-08-19 19:27:06.834,10710.9327
2026-08-19 19:27:07.249,10541.2258
2026-08-19 19:27:07.668,10380.755
2026-08-19 19:27:08.129,10191.3649
2026-08-19 19:27:08.546,10029.2461
2026-08-19 19:27:08.963,9879.28313
2026-08-19 19:27:09.377,9737.94484
2026-08-19 19:27:09.790,9607.12359
2026-08-19 19:27:10.204,9494.65699
2026-08-19 19:27:10.702,9387.17415
2026-08-19 19:27:11.115,9326.37556
2026-08-19 19:27:11.530,9329.53669
2026-08-19 19:27:11.945,9393.71057
2026-08-19 19:27:12.358,9481.23665
2026-08-19 19:27:12.856,9618.17777
2026-08-19 19:27:13.276,9748.42546
2026-08-19 19:27:13.691,9870.86517
2026-08-19 19:27:14.114,9781.60183
2026-08-19 19:27:14.544,9641.08028
2026-08-19 19:27:15.021,9500.09654
2026-08-19 19:27:15.485,9400.85966
2026-08-19 19:27:15.934,9326.02577
2026-08-19 19:27:16.348,9301.46361
2026-08-19 19:27:16.762,9304.20655
2026-08-19 19:27:17.176,9305.76778
2026-08-19 19:27:17.590,9305.71051
2026-08-19 19:27:18.015,9306.12339
2026-08-19 19:27:18.433,9302.68542
2026-08-19 19:27:18.850,9300.75981
2026-08-19 19:27:19.264,9300.16105
2026-08-19 19:27:19.691,9299.86462
2026-08-19 19:27:20.105,9298.16247
2026-08-19 19:27:20.520,9297.62675
2026-08-19 19:27:20.933,9297.67635
2026-08-19 19:27:21.347,9323.04336
2026-08-19 19:27:21.761,9388.79317
2026-08-19 19:27:22.240,9492.43086
2026-08-19 19:27:22.654,9608.73002
2026-08-19 19:27:23.071,9737.0418
2026-08-19 19:27:23.488,9875.70162
2026-08-19 19:27:23.905,10022.0182
2026-08-19 19:27:24.323,10177.5297
2026-08-19 19:27:24.735,10335.567
2026-08-19 19:27:25.162,10499.2289
2026-08-19 19:27:25.590,10673.2528
2026-08-19 19:27:26.004,10788.9167
2026-08-19 19:27:26.418,10638.4924
2026-08-19 19:27:26.833,10468.4654
2026-08-19 19:27:27.247,10302.9816
2026-08-19 19:27:27.692,10142.9003
2026-08-19 19:27:28.119,9977.42244
2026-08-19 19:27:28.532,9825.59756
2026-08-19 19:27:28.945,9686.17451
2026-08-19 19:27:29.358,9559.16884
2026-08-19 19:27:29.825,9437.94298
2026-08-19 19:27:30.239,9357.09862
2026-08-19 19:27:30.653,9303.72992
2026-08-19 19:27:31.067,9325.69048
2026-08-19 19:27:31.482,9393.97282
2026-08-19 19:27:31.903,9487.63163
2026-08-19 19:27:32.458,9628.57645
2026-08-19 19:27:32.877,9783.78058
2026-08-19 19:27:33.300,9927.60311
2026-08-19 19:27:33.715,10081.6129
2026-08-19 19:27:34.129,10238.1584
2026-08-19 19:27:34.544,10399.5084
2026-08-19 19:27:34.958,10568.6892
2026-08-19 19:27:35.393,10741.4444
2026-08-19 19:27:35.806,10738.388
2026-08-19 19:27:36.220,10565.2251
2026-08-19 19:27:36.648,10396.7975
2026-08-19 19:27:37.064,10228.0303
2026-08-19 19:27:37.507,10070.3511
2026-08-19 19:27:37.934,9907.73797
2026-08-19 19:27:38.347,9759.08464
2026-08-19 19:27:38.761,9625.1012
2026-08-19 19:27:39.229,9505.85334
2026-08-19 19:27:39.649,9395.85853
2026-08-19 19:27:40.071,9329.0452
2026-08-19 19:27:40.484,9304.92206
2026-08-19 19:27:40.898,9358.35686
2026-08-19 19:27:41.311,9436.39421
2026-08-19 19:27:41.748,9540.15902
2026-08-19 19:27:42.161,9670.87642
2026-08-19 19:27:42.576,9807.44683
2026-08-19 19:27:43.004,9828.85104
2026-08-19 19:27:43.466,9684.20572
2026-08-19 19:27:43.886,9539.28727
2026-08-19 19:27:44.301,9430.42361
2026-08-19 19:27:44.713,9348.36881
2026-08-19 19:27:45.137,9293.46398
2026-08-19 19:27:45.552,9283.72669
2026-08-19 19:27:45.971,9284.99379
2026-08-19 19:27:46.389,9285.2363
2026-08-19 19:27:46.813,9285.01914
2026-08-19 19:27:47.240,9284.83642
2026-08-19 19:27:47.653,9284.25615
2026-08-19 19:27:48.066,9283.78402
2026-08-19 19:27:48.533,9283.71743
2026-08-19 19:27:48.965,9283.1473
2026-08-19 19:27:49.380,9282.90311
2026-08-19 19:27:49.798,9282.72491
2026-08-19 19:27:50.226,9287.40523
2026-08-19 19:27:50.719,9353.19037
2026-08-19 19:27:51.131,9436.84158
2026-08-19 19:27:51.546,9542.68856
2026-08-19 19:27:51.959,9666.70829
2026-08-19 19:27:52.461,9802.5117
2026-08-19 19:27:52.877,9979.87036
2026-08-19 19:27:53.289,10133.8529
2026-08-19 19:27:53.718,10298.2857
2026-08-19 19:27:54.152,10469.8619
2026-08-19 19:27:54.568,10642.7297
2026-08-19 19:27:54.982,10796.7259
2026-08-19 19:27:55.399,10692.5238
2026-08-19 19:27:55.814,10519.3019
2026-08-19 19:27:56.228,10352.5646
2026-08-19 19:27:56.641,10190.6832
2026-08-19 19:27:57.106,10035.5038
2026-08-19 19:27:57.526,9866.06293
2026-08-19 19:27:57.940,9724.64359
2026-08-19 19:27:58.365,9595.61485
2026-08-19 19:27:58.779,9479.61389
2026-08-19 19:27:59.192,9391.86653
2026-08-19 19:27:59.635,9330.70065
2026-08-19 19:28:00.048,9327.70328
2026-08-19 19:28:00.461,9388.51333
2026-08-19 19:28:00.875,9473.57754
2026-08-19 19:28:01.298,9583.45044
2026-08-19 19:28:01.726,9712.72514
2026-08-19 19:28:02.140,9855.80075
2026-08-19 19:28:02.554,10003.6084
2026-08-19 19:28:02.982,10157.8158
2026-08-19 19:28:03.395,10323.1463
2026-08-19 19:28:03.807,10484.3088
2026-08-19 19:28:04.220,10651.183
2026-08-19 19:28:04.654,10796.2344
2026-08-19 19:28:05.068,10669.6425
2026-08-19 19:28:05.483,10499.6555
2026-08-19 19:28:05.908,10333.5405
2026-08-19 19:28:06.336,10169.8182
2026-08-19 19:28:06.750,10011.577
2026-08-19 19:28:07.166,9863.60336
2026-08-19 19:28:07.594,9720.72303
2026-08-19 19:28:08.008,9584.45329
2026-08-19 19:28:08.423,9473.27615
2026-08-19 19:28:08.849,9386.63769
2026-08-19 19:28:09.264,9324.86785
2026-08-19 19:28:09.730,9335.245
2026-08-19 19:28:10.154,9398.76652
2026-08-19 19:28:10.568,9489.64336
2026-08-19 19:28:10.980,9602.46513
2026-08-19 19:28:11.410,9732.4498
2026-08-19 19:28:11.824,9861.24264
2026-08-19 19:28:12.241,9776.79607
2026-08-19 19:28:12.662,9639.92806
2026-08-19 19:28:13.076,9516.01931
2026-08-19 19:28:13.503,9415.55977
2026-08-19 19:28:13.916,9339.48502
2026-08-19 19:28:14.329,9297.80015
2026-08-19 19:28:14.743,9294.51429
2026-08-19 19:28:15.155,9294.74059
2026-08-19 19:28:15.616,9295.07979
2026-08-19 19:28:16.051,9295.18273
2026-08-19 19:28:16.464,9294.31992
2026-08-19 19:28:16.894,9295.97696
2026-08-19 19:28:17.306,9296.22513
2026-08-19 19:28:17.731,9294.77561
2026-08-19 19:28:18.145,9298.36224
2026-08-19 19:28:18.572,9299.82217
2026-08-19 19:28:18.987,9299.28136
2026-08-19 19:28:19.400,9311.04874
2026-08-19 19:28:19.863,9379.43899
2026-08-19 19:28:20.277,9465.38669
2026-08-19 19:28:20.691,9572.79051
2026-08-19 19:28:21.104,9698.39962
2026-08-19 19:28:21.517,9835.35372
2026-08-19 19:28:21.939,9981.07047
2026-08-19 19:28:22.405,10156.8843
2026-08-19 19:28:22.823,10316.0436
2026-08-19 19:28:23.243,10482.7735
2026-08-19 19:28:23.656,10656.2062
2026-08-19 19:28:24.072,10801.4643
2026-08-19 19:28:24.540,10683.6026
2026-08-19 19:28:24.972,10486.4445
2026-08-19 19:28:25.389,10314.3756
2026-08-19 19:28:25.808,10152.3086
2026-08-19 19:28:26.221,9995.29325
2026-08-19 19:28:26.635,9847.12003
2026-08-19 19:28:27.060,9706.64816
2026-08-19 19:28:27.487,9574.6344
2026-08-19 19:28:27.901,9461.86203
2026-08-19 19:28:28.315,9377.92787
2026-08-19 19:28:28.728,9320.1169
2026-08-19 19:28:29.173,9327.57915
2026-08-19 19:28:29.595,9395.56444
2026-08-19 19:28:30.010,9486.07707
2026-08-19 19:28:30.425,9598.59106
2026-08-19 19:28:30.854,9733.08924
2026-08-19 19:28:31.279,9873.77934
2026-08-19 19:28:31.692,10027.0645
2026-08-19 19:28:32.111,10184.0734
2026-08-19 19:28:32.523,10343.9007
2026-08-19 19:28:32.937,10510.2925
2026-08-19 19:28:33.367,10682.0396
2026-08-19 19:28:33.781,10796.8929
2026-08-19 19:28:34.227,10645.5295
2026-08-19 19:28:34.656,10460.5451
2026-08-19 19:28:35.074,10290.1406
2026-08-19 19:28:35.494,10134.6776
2026-08-19 19:28:35.908,9979.71563
2026-08-19 19:28:36.343,9828.47679
2026-08-19 19:28:36.765,9687.44207
2026-08-19 19:28:37.183,9553.90021
2026-08-19 19:28:37.606,9447.30875
2026-08-19 19:28:38.023,9367.55916
2026-08-19 19:28:38.456,9318.22884
2026-08-19 19:28:38.869,9345.34841
2026-08-19 19:28:39.294,9411.93414
2026-08-19 19:28:39.708,9506.57749
2026-08-19 19:28:40.121,9622.36881
2026-08-19 19:28:40.583,9769.80509
2026-08-19 19:28:41.005,9860.29165
2026-08-19 19:28:41.419,9734.95127
2026-08-19 19:28:41.848,9597.40393
2026-08-19 19:28:42.273,9481.19046
2026-08-19 19:28:42.692,9386.04834
2026-08-19 19:28:43.105,9320.78297
2026-08-19 19:28:43.518,9294.29561
2026-08-19 19:28:43.931,9296.63822
2026-08-19 19:28:44.345,9296.58944
2026-08-19 19:28:44.765,9297.18759
2026-08-19 19:28:45.180,9296.46452
2026-08-19 19:28:45.593,9296.20561
2026-08-19 19:28:46.007,9295.02455
2026-08-19 19:28:46.426,9294.99751
2026-08-19 19:28:46.839,9294.67371
2026-08-19 19:28:47.253,9293.98979
2026-08-19 19:28:47.682,9293.55568
2026-08-19 19:28:48.110,9293.11643
2026-08-19 19:28:48.524,9312.55784
2026-08-19 19:28:48.939,9375.39714
2026-08-19 19:28:49.382,9461.06432
2026-08-19 19:28:49.796,9578.16435
2026-08-19 19:28:50.210,9704.18863
2026-08-19 19:28:50.634,9841.67113
2026-08-19 19:28:51.047,9991.78939
2026-08-19 19:28:51.489,10144.7987
2026-08-19 19:28:51.917,10320.4668
2026-08-19 19:28:52.331,10485.3629
2026-08-19 19:28:52.753,10654.6586
2026-08-19 19:28:53.167,10794.4119
2026-08-19 19:28:53.606,10666.528
2026-08-19 19:28:54.035,10478.2163
2026-08-19 19:28:54.447,10311.2821
2026-08-19 19:28:54.868,10150.8507
2026-08-19 19:28:55.282,9993.46049
2026-08-19 19:28:55.716,9845.09286
2026-08-19 19:28:56.133,9697.90587
2026-08-19 19:28:56.547,9569.47651
2026-08-19 19:28:56.960,9460.456
2026-08-19 19:28:57.387,9377.39416
2026-08-19 19:28:57.802,9318.66558
2026-08-19 19:28:58.216,9327.35183
2026-08-19 19:28:58.640,9389.72635
2026-08-19 19:28:59.061,9478.96846
2026-08-19 19:28:59.475,9592.31021
2026-08-19 19:28:59.897,9721.22078
2026-08-19 19:29:00.312,9865.02117
2026-08-19 19:29:00.753,10014.9478
2026-08-19 19:29:01.167,10181.4736
2026-08-19 19:29:01.594,10343.3642
2026-08-19 19:29:02.021,10515.5494
2026-08-19 19:29:02.434,10692.5542
2026-08-19 19:29:02.876,10801.7849
2026-08-19 19:29:03.292,10640.9698
2026-08-19 19:29:03.721,10463.7441
2026-08-19 19:29:04.148,10296.2999
2026-08-19 19:29:04.582,10129.5998
2026-08-19 19:29:05.025,9972.50903
2026-08-19 19:29:05.441,9811.27945
2026-08-19 19:29:05.856,9674.71373
2026-08-19 19:29:06.269,9550.97438
2026-08-19 19:29:06.733,9447.81162
2026-08-19 19:29:07.164,9365.82414
2026-08-19 19:29:07.583,9321.55026
2026-08-19 19:29:07.998,9356.22108
2026-08-19 19:29:08.418,9426.12911
2026-08-19 19:29:08.831,9523.89909
2026-08-19 19:29:09.256,9642.73082
2026-08-19 19:29:09.672,9780.97364
2026-08-19 19:29:10.089,9866.42237
2026-08-19 19:29:10.503,9740.5114
2026-08-19 19:29:10.926,9607.26074
2026-08-19 19:29:11.353,9487.85302
2026-08-19 19:29:11.767,9393.25873
2026-08-19 19:29:12.200,9328.84501
2026-08-19 19:29:12.625,9303.0342
2026-08-19 19:29:13.038,9305.7472
2026-08-19 19:29:13.452,9305.71749
2026-08-19 19:29:13.867,9305.15668
2026-08-19 19:29:14.308,9305.07657
2026-08-19 19:29:14.736,9303.69469
2026-08-19 19:29:15.163,9302.70128
2026-08-19 19:29:15.576,9300.7995
2026-08-19 19:29:15.993,9300.00414
2026-08-19 19:29:16.419,9300.21294
2026-08-19 19:29:16.833,9299.14528
2026-08-19 19:29:17.247,9298.99489
2026-08-19 19:29:17.661,9326.61246
2026-08-19 19:29:18.076,9393.18196
2026-08-19 19:29:18.490,9482.85503
2026-08-19 19:29:18.955,9609.88986
2026-08-19 19:29:19.374,9740.31234
2026-08-19 19:29:19.870,9899.21769
2026-08-19 19:29:20.284,10061.6692
2026-08-19 19:29:20.697,10218.4125
2026-08-19 19:29:21.112,10380.9795
2026-08-19 19:29:21.527,10549.2548
2026-08-19 19:29:21.969,10722.5306
2026-08-19 19:29:22.397,10796.9785
2026-08-19 19:29:22.810,10620.7378
2026-08-19 19:29:23.224,10449.1542
2026-08-19 19:29:23.651,10285.404
2026-08-19 19:29:24.066,10121.2436
2026-08-19 19:29:24.479,9967.49118
2026-08-19 19:29:24.908,9817.47568
2026-08-19 19:29:25.335,9679.05084
2026-08-19 19:29:25.749,9552.30416
2026-08-19 19:29:26.180,9450.66758
2026-08-19 19:29:26.605,9372.92428
2026-08-19 19:29:27.024,9328.24881
2026-08-19 19:29:27.448,9364.22793
2026-08-19 19:29:27.863,9434.97395
2026-08-19 19:29:28.284,9531.05679
2026-08-19 19:29:28.698,9654.13121
2026-08-19 19:29:29.116,9787.19849
2026-08-19 19:29:29.536,9932.95153
2026-08-19 19:29:29.951,10086.8984
2026-08-19 19:29:30.417,10265.6006
2026-08-19 19:29:30.846,10436.6179
2026-08-19 19:29:31.261,10605.7648
2026-08-19 19:29:31.675,10779.6743
2026-08-19 19:29:32.090,10776.567
2026-08-19 19:29:32.503,10599.507
2026-08-19 19:29:32.919,10428.1854
2026-08-19 19:29:33.332,10262.5226
2026-08-19 19:29:33.745,10104.1468
2026-08-19 19:29:34.160,9951.42096
2026-08-19 19:29:34.641,9788.60782
2026-08-19 19:29:35.054,9649.01746
2026-08-19 19:29:35.469,9531.36427
2026-08-19 19:29:35.882,9436.70443
2026-08-19 19:29:36.298,9369.82957
2026-08-19 19:29:36.716,9337.91941
2026-08-19 19:29:37.131,9383.01779
2026-08-19 19:29:37.546,9457.53251
2026-08-19 19:29:37.960,9556.71388
2026-08-19 19:29:38.372,9674.86631
2026-08-19 19:29:38.787,9808.26629
2026-08-19 19:29:39.208,9875.1265
2026-08-19 19:29:39.622,9739.18506
2026-08-19 19:29:40.046,9605.73375
2026-08-19 19:29:40.464,9491.8894
2026-08-19 19:29:40.879,9404.23065
2026-08-19 19:29:41.293,9343.05636
2026-08-19 19:29:41.706,9322.28346
2026-08-19 19:29:42.119,9318.92126
2026-08-19 19:29:42.548,9319.41824
2026-08-19 19:29:42.967,9320.29168
2026-08-19 19:29:43.381,9324.81996
2026-08-19 19:29:43.800,9327.25342
2026-08-19 19:29:44.217,9316.60634
2026-08-19 19:29:44.631,9315.2979
2026-08-19 19:29:45.046,9315.63298
2026-08-19 19:29:45.470,9313.56622
2026-08-19 19:29:45.884,9313.82137
2026-08-19 19:29:46.298,9315.63239
2026-08-19 19:29:46.736,9342.34775
2026-08-19 19:29:47.154,9410.16778
2026-08-19 19:29:47.568,9499.49927
2026-08-19 19:29:47.981,9611.15517
2026-08-19 19:29:48.405,9739.56895
2026-08-19 19:29:48.825,9882.95606
2026-08-19 19:29:49.240,10033.8844
2026-08-19 19:29:49.673,10189.7563
2026-08-19 19:29:50.088,10358.4571
2026-08-19 19:29:50.500,10525.5016
2026-08-19 19:29:50.925,10695.8538
2026-08-19 19:29:51.338,10828.9348
2026-08-19 19:29:51.778,10691.5391
2026-08-19 19:29:52.192,10507.091
2026-08-19 19:29:52.618,10339.0949
2026-08-19 19:29:53.033,10173.6158
2026-08-19 19:29:53.454,10018.3599
2026-08-19 19:29:53.880,9867.49816
2026-08-19 19:29:54.293,9723.17749
2026-08-19 19:29:54.715,9596.0238
2026-08-19 19:29:55.128,9484.97519
2026-08-19 19:29:55.551,9402.88725
2026-08-19 19:29:55.982,9346.88619
2026-08-19 19:29:56.396,9360.12355
2026-08-19 19:29:56.820,9423.22291
2026-08-19 19:29:57.249,9512.923
2026-08-19 19:29:57.663,9639.29602
2026-08-19 19:29:58.089,9777.74708
2026-08-19 19:29:58.502,9912.90395
2026-08-19 19:29:58.915,10068.3896
2026-08-19 19:29:59.328,10222.8444
2026-08-19 19:29:59.789,10383.0972
2026-08-19 19:30:00.210,10568.2427
2026-08-19 19:30:00.626,10741.6951
2026-08-19 19:30:01.040,10828.6727
2026-08-19 19:30:01.453,10663.9409
2026-08-19 19:30:01.866,10488.693
2026-08-19 19:30:02.291,10318.9723
2026-08-19 19:30:02.719,10151.4395
2026-08-19 19:30:03.133,9990.0856
2026-08-19 19:30:03.556,9839.648
2026-08-19 19:30:03.975,9696.82716
2026-08-19 19:30:04.402,9569.3993
2026-08-19 19:30:04.820,9461.81324
2026-08-19 19:30:05.234,9384.60002
2026-08-19 19:30:05.647,9336.36211
2026-08-19 19:30:06.060,9359.63603
2026-08-19 19:30:06.500,9423.30502
2026-08-19 19:30:06.914,9519.13135
2026-08-19 19:30:07.330,9634.01638
2026-08-19 19:30:07.746,9766.17378
2026-08-19 19:30:08.159,9877.11954
2026-08-19 19:30:08.627,9752.48619
2026-08-19 19:30:09.041,9617.91841
2026-08-19 19:30:09.459,9499.91448
2026-08-19 19:30:09.875,9405.11149
2026-08-19 19:30:10.290,9339.19946
2026-08-19 19:30:10.712,9309.12442
2026-08-19 19:30:11.139,9310.33027
2026-08-19 19:30:11.553,9310.26536
2026-08-19 19:30:11.967,9310.7435
2026-08-19 19:30:12.382,9310.4349
2026-08-19 19:30:12.808,9309.84341
2026-08-19 19:30:13.223,9308.8357
2026-08-19 19:30:13.637,9307.99953
2026-08-19 19:30:14.049,9307.3503
2026-08-19 19:30:14.464,9306.99767
2026-08-19 19:30:14.877,9306.46953
2026-08-19 19:30:15.296,9306.17143
2026-08-19 19:30:15.711,9321.77043
2026-08-19 19:30:16.138,9382.62227
2026-08-19 19:30:16.551,9467.35986
2026-08-19 19:30:16.988,9577.8225
2026-08-19 19:30:17.482,9730.98381
2026-08-19 19:30:17.896,9871.27821
2026-08-19 19:30:18.309,10020.2902
2026-08-19 19:30:18.771,10176.5969
2026-08-19 19:30:19.198,10359.6294
2026-08-19 19:30:19.612,10530.2809
2026-08-19 19:30:20.026,10702.6306
2026-08-19 19:30:20.454,10813.4958
2026-08-19 19:30:20.868,10658.187
2026-08-19 19:30:21.282,10485.7204
2026-08-19 19:30:21.697,10317.7948
2026-08-19 19:30:22.110,10156.028
2026-08-19 19:30:22.537,10000.9097
2026-08-19 19:30:22.949,9847.21355
2026-08-19 19:30:23.366,9707.2038
2026-08-19 19:30:23.779,9579.05265
2026-08-19 19:30:24.192,9471.95128
2026-08-19 19:30:24.618,9390.25843
2026-08-19 19:30:25.041,9333.00994
2026-08-19 19:30:25.471,9344.95561
2026-08-19 19:30:25.886,9410.60759
2026-08-19 19:30:26.300,9499.00369
2026-08-19 19:30:26.729,9616.55332
2026-08-19 19:30:27.144,9747.41072
2026-08-19 19:30:27.642,9890.8781
2026-08-19 19:30:28.109,10094.0575
2026-08-19 19:30:28.524,10253.9356
2026-08-19 19:30:28.952,10419.5753
2026-08-19 19:30:29.364,10595.5745
2026-08-19 19:30:29.790,10769.0032
2026-08-19 19:30:30.204,10797.5819
2026-08-19 19:30:30.632,10614.887
2026-08-19 19:30:31.045,10444.1872
2026-08-19 19:30:31.458,10278.3307
2026-08-19 19:30:31.873,10118.5061
2026-08-19 19:30:32.307,9964.34495
2026-08-19 19:30:32.720,9809.93242
2026-08-19 19:30:33.134,9672.74529
2026-08-19 19:30:33.555,9550.76204
2026-08-19 19:30:34.018,9450.43341
2026-08-19 19:30:34.451,9372.28943
2026-08-19 19:30:34.864,9339.90978
2026-08-19 19:30:35.278,9384.58386
2026-08-19 19:30:35.697,9456.41427
2026-08-19 19:30:36.124,9556.56041
2026-08-19 19:30:36.544,9681.86934
2026-08-19 19:30:36.972,9820.64159
2026-08-19 19:30:37.400,9872.23708
2026-08-19 19:30:37.813,9728.2446
2026-08-19 19:30:38.230,9598.0925
2026-08-19 19:30:38.648,9485.41776
2026-08-19 19:30:39.064,9399.14892
2026-08-19 19:30:39.478,9340.48451
2026-08-19 19:30:39.891,9323.45211
2026-08-19 19:30:40.318,9325.0822
2026-08-19 19:30:40.736,9325.43063
2026-08-19 19:30:41.150,9325.55056
2026-08-19 19:30:41.564,9325.51939
2026-08-19 19:30:41.978,9325.97922
2026-08-19 19:30:42.391,9335.66834
2026-08-19 19:30:42.852,9344.56357
2026-08-19 19:30:43.270,9355.52508
2026-08-19 19:30:43.685,9332.72206
2026-08-19 19:30:44.099,9335.31079
2026-08-19 19:30:44.513,9343.11902
2026-08-19 19:30:44.950,9377.84189
2026-08-19 19:30:45.378,9452.61597
2026-08-19 19:30:45.793,9543.24751
2026-08-19 19:30:46.219,9658.28313
2026-08-19 19:30:46.633,9792.31319
2026-08-19 19:30:47.061,9933.01615
2026-08-19 19:30:47.475,10087.4636
2026-08-19 19:30:47.888,10243.2584
2026-08-19 19:30:48.309,10405.4609
2026-08-19 19:30:48.726,10575.5397
2026-08-19 19:30:49.140,10747.9157
2026-08-19 19:30:49.555,10843.2403
2026-08-19 19:30:50.036,10658.0796
2026-08-19 19:30:50.449,10478.2929
2026-08-19 19:30:50.878,10304.633
2026-08-19 19:30:51.291,10143.0382
2026-08-19 19:30:51.718,9988.31817
2026-08-19 19:30:52.135,9834.96145
2026-08-19 19:30:52.550,9695.04671
2026-08-19 19:30:52.964,9570.26713
2026-08-19 19:30:53.384,9468.2773
2026-08-19 19:30:53.798,9391.47434
2026-08-19 19:30:54.218,9345.55259
2026-08-19 19:30:54.633,9375.71843
2026-08-19 19:30:55.046,9442.71413
2026-08-19 19:30:55.461,9535.43152
2026-08-19 19:30:55.924,9652.41708
2026-08-19 19:30:56.344,9803.77012
2026-08-19 19:30:56.762,9949.41708
2026-08-19 19:30:57.177,10104.0825
2026-08-19 19:30:57.605,10269.9316
2026-08-19 19:30:58.025,10435.3659
2026-08-19 19:30:58.439,10609.3594
2026-08-19 19:30:58.868,10783.9631
2026-08-19 19:30:59.286,10816.012
2026-08-19 19:30:59.714,10636.7713
2026-08-19 19:31:00.131,10459.4477
2026-08-19 19:31:00.560,10291.5116
2026-08-19 19:31:00.973,10125.5521
2026-08-19 19:31:01.400,9971.1386
2026-08-19 19:31:01.813,9819.5035
2026-08-19 19:31:02.227,9682.5512
2026-08-19 19:31:02.641,9561.66045
2026-08-19 19:31:03.055,9464.55063
2026-08-19 19:31:03.468,9394.54681
2026-08-19 19:31:03.881,9356.18175
2026-08-19 19:31:04.294,9393.20898
2026-08-19 19:31:04.730,9462.02459
2026-08-19 19:31:05.143,9563.30722
2026-08-19 19:31:05.561,9683.54457
2026-08-19 19:31:05.976,9821.53738
2026-08-19 19:31:06.390,9907.64149
2026-08-19 19:31:06.809,9780.4411
2026-08-19 19:31:07.314,9622.30643
2026-08-19 19:31:07.728,9507.38685
2026-08-19 19:31:08.147,9422.02278
2026-08-19 19:31:08.560,9363.29503
2026-08-19 19:31:08.987,9348.21101
2026-08-19 19:31:09.415,9349.88963
2026-08-19 19:31:09.827,9351.11222
2026-08-19 19:31:10.248,9349.69668
2026-08-19 19:31:10.662,9351.60093
2026-08-19 19:31:11.094,9356.31254
2026-08-19 19:31:11.515,9346.96231
2026-08-19 19:31:11.928,9347.13866
2026-08-19 19:31:12.342,9347.24398
2026-08-19 19:31:12.757,9346.71518
2026-08-19 19:31:13.196,9346.35018
2026-08-19 19:31:13.619,9345.54582
2026-08-19 19:31:14.033,9381.60592
2026-08-19 19:31:14.446,9449.84864
2026-08-19 19:31:14.874,9541.05688
2026-08-19 19:31:15.300,9658.97399
2026-08-19 19:31:15.715,9794.34356
2026-08-19 19:31:16.130,9937.57158
2026-08-19 19:31:16.547,10089.1164
2026-08-19 19:31:16.961,10248.109
2026-08-19 19:31:17.438,10433.0776
2026-08-19 19:31:17.862,10607.6796
2026-08-19 19:31:18.276,10785.985
2026-08-19 19:31:18.712,10840.0584
2026-08-19 19:31:19.143,10658.9954
2026-08-19 19:31:19.556,10480.8696
2026-08-19 19:31:19.973,10313.6308
2026-08-19 19:31:20.401,10151.785
2026-08-19 19:31:20.822,9991.97618
2026-08-19 19:31:21.313,9814.66105
2026-08-19 19:31:21.766,9667.11992
2026-08-19 19:31:22.234,9536.40683
2026-08-19 19:31:22.647,9447.83984
2026-08-19 19:31:23.075,9385.91289
2026-08-19 19:31:23.493,9370.32765
2026-08-19 19:31:23.910,9427.83612
2026-08-19 19:31:24.329,9510.12981
2026-08-19 19:31:24.743,9616.04937
2026-08-19 19:31:25.158,9742.2395
2026-08-19 19:31:25.570,9882.77489
2026-08-19 19:31:25.998,10031.28
2026-08-19 19:31:26.415,10193.4006
2026-08-19 19:31:26.828,10356.7418
2026-08-19 19:31:27.242,10525.4327
2026-08-19 19:31:27.658,10696.8334
2026-08-19 19:31:28.071,10866.1267
2026-08-19 19:31:28.499,10786.1438
2026-08-19 19:31:28.927,10607.7568
2026-08-19 19:31:29.340,10430.5291
2026-08-19 19:31:29.753,10264.6214
2026-08-19 19:31:30.169,10105.362
2026-08-19 19:31:30.584,9951.47437
2026-08-19 19:31:31.027,9805.54045
2026-08-19 19:31:31.441,9662.50941
2026-08-19 19:31:31.856,9547.40495
2026-08-19 19:31:32.271,9458.47611
2026-08-19 19:31:32.685,9396.09088
2026-08-19 19:31:33.148,9382.52811
2026-08-19 19:31:33.562,9438.03425
2026-08-19 19:31:33.981,9516.618
2026-08-19 19:31:34.395,9622.45426
2026-08-19 19:31:34.821,9746.96773
2026-08-19 19:31:35.249,9891.54027
2026-08-19 19:31:35.665,9865.16035
2026-08-19 19:31:36.082,9723.75319
2026-08-19 19:31:36.496,9595.62533
2026-08-19 19:31:36.919,9489.85096
2026-08-19 19:31:37.344,9409.83513
2026-08-19 19:31:37.759,9358.85236
2026-08-19 19:31:38.171,9353.27328
2026-08-19 19:31:38.599,9354.04164
2026-08-19 19:31:39.020,9354.24538
2026-08-19 19:31:39.448,9354.04079
2026-08-19 19:31:39.871,9354.07121
2026-08-19 19:31:40.285,9353.99233
2026-08-19 19:31:40.699,9353.70582
2026-08-19 19:31:41.113,9353.61004
2026-08-19 19:31:41.550,9353.7031
2026-08-19 19:31:41.965,9353.32519
2026-08-19 19:31:42.379,9353.16302
2026-08-19 19:31:42.797,9357.15183
2026-08-19 19:31:43.213,9404.01607
2026-08-19 19:31:43.693,9489.14178
2026-08-19 19:31:44.111,9594.54156
2026-08-19 19:31:44.524,9718.58551
2026-08-19 19:31:44.953,9861.02597
2026-08-19 19:31:45.370,10008.7316
2026-08-19 19:31:45.783,10165.3588
2026-08-19 19:31:46.218,10332.4386
2026-08-19 19:31:46.634,10503.0878
2026-08-19 19:31:47.052,10675.6392
2026-08-19 19:31:47.469,10853.1736
2026-08-19 19:31:47.882,10819.906
2026-08-19 19:31:48.307,10643.1955
2026-08-19 19:31:48.725,10467.0262
2026-08-19 19:31:49.152,10296.8686
2026-08-19 19:31:49.565,10130.8708
2026-08-19 19:31:49.979,9977.06351
2026-08-19 19:31:50.392,9830.34066
2026-08-19 19:31:50.806,9693.79175
2026-08-19 19:31:51.221,9574.7824
2026-08-19 19:31:51.636,9479.67945
2026-08-19 19:31:52.070,9411.75382
2026-08-19 19:31:52.484,9379.9073
2026-08-19 19:31:52.897,9426.61676
2026-08-19 19:31:53.312,9501.02175
2026-08-19 19:31:53.733,9599.02161
2026-08-19 19:31:54.168,9720.26555
2026-08-19 19:31:54.587,9864.72217
2026-08-19 19:31:55.002,10014.7713
2026-08-19 19:31:55.421,10171.2658
2026-08-19 19:31:55.835,10335.6967
2026-08-19 19:31:56.276,10503.6564
2026-08-19 19:31:56.692,10688.4365
2026-08-19 19:31:57.107,10865.4032
2026-08-19 19:31:57.521,10818.4387
2026-08-19 19:31:57.991,10640.9685
2026-08-19 19:31:58.409,10443.9089
2026-08-19 19:31:58.825,10278.307
2026-08-19 19:31:59.239,10113.8181
2026-08-19 19:31:59.653,9958.64673
2026-08-19 19:32:00.079,9812.46191
2026-08-19 19:32:00.506,9673.9799
2026-08-19 19:32:00.919,9554.6381
2026-08-19 19:32:01.333,9465.34556
2026-08-19 19:32:01.747,9402.82842
2026-08-19 19:32:02.160,9381.73788
2026-08-19 19:32:02.573,9430.85269
2026-08-19 19:32:03.038,9517.38752
2026-08-19 19:32:03.510,9621.60778
2026-08-19 19:32:03.959,9766.09345
2026-08-19 19:32:04.373,9912.99568
2026-08-19 19:32:04.791,9851.41447
2026-08-19 19:32:05.207,9709.59205
2026-08-19 19:32:05.636,9580.79801
2026-08-19 19:32:06.066,9479.68248
2026-08-19 19:32:06.481,9403.76771
2026-08-19 19:32:06.896,9360.80026
2026-08-19 19:32:07.310,9358.96808
2026-08-19 19:32:07.723,9359.04289
2026-08-19 19:32:08.137,9358.75068
2026-08-19 19:32:08.552,9358.3152
2026-08-19 19:32:08.979,9358.14399
2026-08-19 19:32:09.400,9356.52928
2026-08-19 19:32:09.816,9356.27048
2026-08-19 19:32:10.229,9355.88102
2026-08-19 19:32:10.642,9355.54894
2026-08-19 19:32:11.063,9355.34154
2026-08-19 19:32:11.476,9354.97215
2026-08-19 19:32:11.890,9359.67372
2026-08-19 19:32:12.303,9407.94659
2026-08-19 19:32:12.729,9481.85605
2026-08-19 19:32:13.196,9593.93025
2026-08-19 19:32:13.610,9719.75608
2026-08-19 19:32:14.024,9856.65072
2026-08-19 19:32:14.437,10003.6901
2026-08-19 19:32:14.850,10158.3866
2026-08-19 19:32:15.277,10319.2262
2026-08-19 19:32:15.690,10491.3885
2026-08-19 19:32:16.104,10663.8003
2026-08-19 19:32:16.518,10840.3757
2026-08-19 19:32:16.982,10827.401
2026-08-19 19:32:17.400,10625.9034
2026-08-19 19:32:17.828,10447.688
2026-08-19 19:32:18.249,10280.8912
2026-08-19 19:32:18.662,10117.5629
2026-08-19 19:32:19.086,9963.74689
2026-08-19 19:32:19.513,9813.99797
2026-08-19 19:32:19.932,9675.05912
2026-08-19 19:32:20.350,9556.88559
2026-08-19 19:32:20.766,9464.97658
2026-08-19 19:32:21.186,9399.92883
2026-08-19 19:32:21.603,9376.41558
2026-08-19 19:32:22.017,9427.15805
2026-08-19 19:32:22.430,9502.54742
2026-08-19 19:32:22.848,9603.89368
2026-08-19 19:32:23.268,9728.8105
2026-08-19 19:32:23.683,9869.50476
2026-08-19 19:32:24.100,10019.5361
2026-08-19 19:32:24.527,10178.1856
2026-08-19 19:32:24.948,10346.8563
2026-08-19 19:32:25.362,10518.6606
2026-08-19 19:32:25.773,10691.8847
2026-08-19 19:32:26.200,10868.1341
2026-08-19 19:32:26.628,10814.7953
2026-08-19 19:32:27.048,10633.7618
2026-08-19 19:32:27.476,10452.9481
2026-08-19 19:32:27.889,10279.8996
2026-08-19 19:32:28.317,10114.2869
2026-08-19 19:32:28.736,9958.04889
2026-08-19 19:32:29.149,9812.57435
2026-08-19 19:32:29.563,9678.46631
2026-08-19 19:32:29.986,9562.50842
2026-08-19 19:32:30.401,9470.39493
2026-08-19 19:32:30.833,9407.28156
2026-08-19 19:32:31.247,9386.35155
2026-08-19 19:32:31.660,9437.14688
2026-08-19 19:32:32.088,9512.40477
2026-08-19 19:32:32.503,9617.9657
2026-08-19 19:32:32.929,9743.04675
2026-08-19 19:32:33.357,9887.5591
2026-08-19 19:32:33.772,9895.91557
2026-08-19 19:32:34.185,9752.65692
2026-08-19 19:32:34.599,9623.89743
2026-08-19 19:32:35.037,9511.92317
2026-08-19 19:32:35.465,9429.70754
2026-08-19 19:32:35.882,9375.55739
2026-08-19 19:32:36.296,9366.99345
2026-08-19 19:32:36.709,9368.41818
2026-08-19 19:32:37.121,9368.40472
2026-08-19 19:32:37.535,9367.64714
2026-08-19 19:32:37.964,9366.26084
2026-08-19 19:32:38.378,9365.74341
2026-08-19 19:32:38.806,9365.68991
2026-08-19 19:32:39.221,9365.57347
2026-08-19 19:32:39.635,9365.47542
2026-08-19 19:32:40.071,9365.34982
2026-08-19 19:32:40.484,9365.35036
2026-08-19 19:32:40.897,9367.07708
2026-08-19 19:32:41.323,9407.64672
2026-08-19 19:32:41.749,9479.9297
2026-08-19 19:32:42.172,9577.50967
2026-08-19 19:32:42.585,9697.44624
2026-08-19 19:32:42.999,9831.1486
2026-08-19 19:32:43.415,9975.94683
2026-08-19 19:32:43.830,10129.9779
2026-08-19 19:32:44.290,10308.7826
2026-08-19 19:32:44.704,10475.3372
2026-08-19 19:32:45.118,10646.0614
2026-08-19 19:32:45.532,10821.8164
2026-08-19 19:32:45.945,10867.4167
2026-08-19 19:32:46.385,10689.6007
2026-08-19 19:32:46.799,10504.227
2026-08-19 19:32:47.223,10335.3115
2026-08-19 19:32:47.650,10168.2494
2026-08-19 19:32:48.075,10006.8688
2026-08-19 19:32:48.495,9851.89725
2026-08-19 19:32:48.918,9712.93407
2026-08-19 19:32:49.333,9588.26067
2026-08-19 19:32:49.745,9490.06594
2026-08-19 19:32:50.172,9418.98366
2026-08-19 19:32:50.586,9378.99668
2026-08-19 19:32:51.003,9417.31158
2026-08-19 19:32:51.415,9486.99051
2026-08-19 19:32:51.843,9585.86204
2026-08-19 19:32:52.264,9705.34186
2026-08-19 19:32:52.679,9843.82372
2026-08-19 19:32:53.093,9991.08788
2026-08-19 19:32:53.509,10145.6019
2026-08-19 19:32:53.937,10307.8766
2026-08-19 19:32:54.365,10481.228
2026-08-19 19:32:54.779,10659.7616
2026-08-19 19:32:55.192,10836.8654
2026-08-19 19:32:55.638,10848.042
2026-08-19 19:32:56.063,10662.1872
2026-08-19 19:32:56.479,10483.3353
2026-08-19 19:32:56.893,10314.3962
2026-08-19 19:32:57.308,10152.455
2026-08-19 19:32:57.726,9996.08084
2026-08-19 19:32:58.140,9845.77459
2026-08-19 19:32:58.556,9708.05682
2026-08-19 19:32:58.971,9586.28186
2026-08-19 19:32:59.385,9489.56777
2026-08-19 19:32:59.803,9420.51516
2026-08-19 19:33:00.264,9384.56717
2026-08-19 19:33:00.676,9428.90096
2026-08-19 19:33:01.091,9500.11812
2026-08-19 19:33:01.504,9598.11058
2026-08-19 19:33:01.923,9719.3958
2026-08-19 19:33:02.347,9859.05948
2026-08-19 19:33:02.778,9922.73869
2026-08-19 19:33:03.200,9778.83149
2026-08-19 19:33:03.618,9643.46169
2026-08-19 19:33:04.031,9529.56576
2026-08-19 19:33:04.443,9443.83674
2026-08-19 19:33:04.866,9384.67509
2026-08-19 19:33:05.286,9365.21791
2026-08-19 19:33:05.700,9366.18565
2026-08-19 19:33:06.116,9365.98658
2026-08-19 19:33:06.531,9365.92461
2026-08-19 19:33:06.964,9365.94695
2026-08-19 19:33:07.392,9366.49266
2026-08-19 19:33:07.805,9366.13243
2026-08-19 19:33:08.219,9365.72086
2026-08-19 19:33:08.647,9365.35277
2026-08-19 19:33:09.067,9364.89421
2026-08-19 19:33:09.480,9364.49027
2026-08-19 19:33:09.898,9364.00854
2026-08-19 19:33:10.312,9394.59382
2026-08-19 19:33:10.733,9460.07905
2026-08-19 19:33:11.210,9563.03251
2026-08-19 19:33:11.623,9682.56374
2026-08-19 19:33:12.037,9815.47243
2026-08-19 19:33:12.450,9960.20615
2026-08-19 19:33:12.863,10113.6396
2026-08-19 19:33:13.302,10273.4705
2026-08-19 19:33:13.721,10450.6377
2026-08-19 19:33:14.139,10625.7378
2026-08-19 19:33:14.553,10804.6983
2026-08-19 19:33:14.978,10895.5055
2026-08-19 19:33:15.402,10723.9839
2026-08-19 19:33:15.827,10543.7306
2026-08-19 19:33:16.242,10368.5999
2026-08-19 19:33:16.669,10198.3252
2026-08-19 19:33:17.092,10040.3905
2026-08-19 19:33:17.512,9884.22817
2026-08-19 19:33:17.925,9743.13183
2026-08-19 19:33:18.343,9617.76463
2026-08-19 19:33:18.768,9514.20276
2026-08-19 19:33:19.184,9436.6448
2026-08-19 19:33:19.607,9389.57356
2026-08-19 19:33:20.025,9417.33571
2026-08-19 19:33:20.439,9483.63401
2026-08-19 19:33:20.858,9575.28885
2026-08-19 19:33:21.274,9693.61381
2026-08-19 19:33:21.734,9845.6187
2026-08-19 19:33:22.149,9992.46619
2026-08-19 19:33:22.572,10147.953
2026-08-19 19:33:22.987,10313.6055
2026-08-19 19:33:23.401,10482.5196
2026-08-19 19:33:23.841,10655.5812
2026-08-19 19:33:24.263,10844.3987
2026-08-19 19:33:24.679,10874.2984
2026-08-19 19:33:25.094,10693.3105
2026-08-19 19:33:25.555,10518.01
2026-08-19 19:33:25.974,10327.1555
2026-08-19 19:33:26.396,10164.493
2026-08-19 19:33:26.812,10004.937
2026-08-19 19:33:27.227,9855.25362
2026-08-19 19:33:27.662,9712.43861
2026-08-19 19:33:28.077,9590.60421
2026-08-19 19:33:28.492,9495.65056
2026-08-19 19:33:28.920,9426.23956
2026-08-19 19:33:29.333,9395.31475
2026-08-19 19:33:29.751,9438.26608
2026-08-19 19:33:30.165,9509.7686
2026-08-19 19:33:30.596,9611.29999
2026-08-19 19:33:31.020,9734.03458
2026-08-19 19:33:31.433,9875.771
2026-08-19 19:33:31.848,9934.4137
2026-08-19 19:33:32.264,9794.63913
2026-08-19 19:33:32.678,9660.57271
2026-08-19 19:33:33.095,9546.89848
2026-08-19 19:33:33.511,9458.93899
2026-08-19 19:33:33.973,9398.49922
2026-08-19 19:33:34.406,9377.73934
2026-08-19 19:33:34.819,9378.99447
2026-08-19 19:33:35.231,9379.05828
2026-08-19 19:33:35.645,9379.09787
2026-08-19 19:33:36.059,9378.956
2026-08-19 19:33:36.485,9378.57824
2026-08-19 19:33:36.912,9377.47122
2026-08-19 19:33:37.332,9376.96186
2026-08-19 19:33:37.749,9376.35011
2026-08-19 19:33:38.162,9375.93411
2026-08-19 19:33:38.586,9375.41371
2026-08-19 19:33:39.000,9374.96335
2026-08-19 19:33:39.414,9407.29937
2026-08-19 19:33:39.826,9473.42867
2026-08-19 19:33:40.240,9562.82226
2026-08-19 19:33:40.713,9675.79769
2026-08-19 19:33:41.166,9837.32573
2026-08-19 19:33:41.579,9986.13707
2026-08-19 19:33:41.992,10140.5695
2026-08-19 19:33:42.420,10302.0347
2026-08-19 19:33:42.850,10476.7947
2026-08-19 19:33:43.263,10654.5478
2026-08-19 19:33:43.677,10831.3289
2026-08-19 19:33:44.091,10893.4778
2026-08-19 19:33:44.508,10717.1345
2026-08-19 19:33:44.923,10539.4467
2026-08-19 19:33:45.336,10368.6496
2026-08-19 19:33:45.750,10204.3108
2026-08-19 19:33:46.163,10046.0831
2026-08-19 19:33:46.578,9894.99454
2026-08-19 19:33:46.993,9753.54395
2026-08-19 19:33:47.407,9627.0522
2026-08-19 19:33:47.822,9523.16152
2026-08-19 19:33:48.237,9446.38291
2026-08-19 19:33:48.654,9396.25006
2026-08-19 19:33:49.074,9418.39616
2026-08-19 19:33:49.488,9483.05363
2026-08-19 19:33:49.916,9572.08738
2026-08-19 19:33:50.406,9713.85442
2026-08-19 19:33:50.820,9849.94697
2026-08-19 19:33:51.232,9997.08499
2026-08-19 19:33:51.645,10152.1548
2026-08-19 19:33:52.087,10313.5849
2026-08-19 19:33:52.502,10492.6265
2026-08-19 19:33:52.915,10666.193
2026-08-19 19:33:53.328,10843.2165
2026-08-19 19:33:53.745,10883.1551
2026-08-19 19:33:54.174,10702.9679
2026-08-19 19:33:54.669,10492.313
2026-08-19 19:33:55.083,10319.0033
2026-08-19 19:33:55.496,10156.3502
2026-08-19 19:33:55.910,10000.2752
2026-08-19 19:33:56.343,9851.68666
2026-08-19 19:33:56.757,9707.98515
2026-08-19 19:33:57.180,9588.76845
2026-08-19 19:33:57.595,9493.26163
2026-08-19 19:33:58.010,9427.11884
2026-08-19 19:33:58.444,9397.54211
2026-08-19 19:33:58.857,9444.16115
2026-08-19 19:33:59.277,9516.39319
2026-08-19 19:33:59.691,9616.62124
2026-08-19 19:34:00.118,9743.77903
2026-08-19 19:34:00.548,9887.66217
2026-08-19 19:34:00.961,9925.36933
2026-08-19 19:34:01.382,9782.39373
2026-08-19 19:34:01.809,9648.64552
2026-08-19 19:34:02.221,9534.41257
2026-08-19 19:34:02.660,9450.9712
2026-08-19 19:34:03.074,9391.73622
2026-08-19 19:34:03.487,9379.08451
2026-08-19 19:34:03.902,9380.24877
2026-08-19 19:34:04.366,9380.32618
2026-08-19 19:34:04.783,9380.1422
2026-08-19 19:34:05.195,9379.99487
2026-08-19 19:34:05.610,9379.88466
2026-08-19 19:34:06.036,9379.32911
2026-08-19 19:34:06.450,9378.85281
2026-08-19 19:34:06.874,9378.61068
2026-08-19 19:34:07.294,9378.27555
2026-08-19 19:34:07.708,9377.90213
2026-08-19 19:34:08.122,9377.64783
2026-08-19 19:34:08.535,9377.31531
2026-08-19 19:34:08.995,9376.88929
2026-08-19 19:34:09.410,9376.50688
2026-08-19 19:34:09.826,9375.90495
2026-08-19 19:34:10.255,9375.49505
2026-08-19 19:34:10.670,9375.28771
2026-08-19 19:34:11.084,9374.85577
2026-08-19 19:34:11.516,9374.47205
2026-08-19 19:34:11.934,9374.04012
2026-08-19 19:34:12.351,9373.56239
2026-08-19 19:34:12.778,9373.31484
2026-08-19 19:34:13.206,9372.99066
2026-08-19 19:34:13.622,9372.60773
2026-08-19 19:34:14.049,9372.4598
2026-08-19 19:34:14.465,9372.27168
2026-08-19 19:34:14.878,9371.88643
2026-08-19 19:34:15.307,9371.53272
2026-08-19 19:34:15.725,9371.23464
2026-08-19 19:34:16.148,9370.94895
2026-08-19 19:34:16.566,9370.77617
2026-08-19 19:34:16.981,9370.42943
2026-08-19 19:34:17.397,9370.24612
2026-08-19 19:34:17.811,9370.0627
2026-08-19 19:34:18.224,9369.77165
2026-08-19 19:34:18.638,9369.66373
2026-08-19 19:34:19.067,9369.36838
2026-08-19 19:34:19.481,9369.2209
2026-08-19 19:34:19.902,9369.2637
2026-08-19 19:34:20.329,9369.05278
2026-08-19 19:34:20.742,9368.96975
2026-08-19 19:34:21.161,9368.78787
2026-08-19 19:34:21.576,9368.45851
2026-08-19 19:34:21.988,9368.3104
2026-08-19 19:34:22.454,9368.0318
2026-08-19 19:34:22.889,9367.78396
2026-08-19 19:34:23.301,9367.71274
2026-08-19 19:34:23.731,9367.44909
2026-08-19 19:34:24.152,9367.07262
2026-08-19 19:34:24.566,9366.6461
2026-08-19 19:34:24.988,9366.61605
2026-08-19 19:34:25.404,9366.18548
2026-08-19 19:34:25.828,9365.96233
2026-08-19 19:34:26.242,9365.5333
2026-08-19 19:34:26.671,9365.54071
2026-08-19 19:34:27.084,9365.37005
2026-08-19 19:34:27.508,9365.09789
2026-08-19 19:34:27.922,9365.15875
2026-08-19 19:34:28.339,9364.96804
2026-08-19 19:34:28.753,9364.711
2026-08-19 19:34:29.173,9364.53705
2026-08-19 19:34:29.587,9364.1336
2026-08-19 19:34:30.003,9363.99555
2026-08-19 19:34:30.415,9363.72035
2026-08-19 19:34:30.828,9363.40994
2026-08-19 19:34:31.243,9363.1848
2026-08-19 19:34:31.725,9362.76745
2026-08-19 19:34:32.140,9362.45728
2026-08-19 19:34:32.554,9362.19498
2026-08-19 19:34:32.968,9361.88274
2026-08-19 19:34:33.380,9361.6045
2026-08-19 19:34:33.818,9361.45326
2026-08-19 19:34:34.246,9361.32553
2026-08-19 19:34:34.660,9361.13452
2026-08-19 19:34:35.079,9360.94481
2026-08-19 19:34:35.500,9360.79489
2026-08-19 19:34:35.922,9360.58335
2026-08-19 19:34:36.336,9360.31561
2026-08-19 19:34:36.749,9359.82604
2026-08-19 19:34:37.163,9359.56376
2026-08-19 19:34:37.577,9359.33062
2026-08-19 19:34:37.991,9359.14725
2026-08-19 19:34:38.409,9358.89795
2026-08-19 19:34:38.826,9358.88348
2026-08-19 19:34:39.247,9358.60754
2026-08-19 19:34:39.659,9358.39993
2026-08-19 19:34:40.083,9358.19655
2026-08-19 19:34:40.501,9358.14715
2026-08-19 19:34:40.924,9358.04694
2026-08-19 19:34:41.341,9357.88166
2026-08-19 19:34:41.754,9357.83121
2026-08-19 19:34:42.168,9357.56667
2026-08-19 19:34:42.581,9357.38339
2026-08-19 19:34:43.005,9357.3743
2026-08-19 19:34:43.418,9357.59008
2026-08-19 19:34:43.840,9357.28042
2026-08-19 19:34:44.252,9357.27965
2026-08-19 19:34:44.676,9357.0439
2026-08-19 19:34:45.090,9356.78469
2026-08-19 19:34:45.551,9356.64606
2026-08-19 19:34:45.973,9356.39245
2026-08-19 19:34:46.394,9356.03841
2026-08-19 19:34:46.815,9355.7612
2026-08-19 19:34:47.229,9355.61533
2026-08-19 19:34:47.658,9355.44298
2026-08-19 19:34:48.077,9355.22768
2026-08-19 19:34:48.492,9354.85306
2026-08-19 19:34:48.906,9354.72082
2026-08-19 19:34:49.339,9354.49114
2026-08-19 19:34:49.767,9354.35262
2026-08-19 19:34:50.185,9354.11283
2026-08-19 19:34:50.600,9354.02168
2026-08-19 19:34:51.013,9353.81963
2026-08-19 19:34:51.441,9353.48021
2026-08-19 19:34:51.866,9353.37642
2026-08-19 19:34:52.294,9353.30667
2026-08-19 19:34:52.708,9353.26937
2026-08-19 19:34:53.137,9353.04194
2026-08-19 19:34:53.564,9352.74229
2026-08-19 19:34:53.983,9352.58785
2026-08-19 19:34:54.398,9367.10387
2026-08-19 19:34:54.824,9429.87901
2026-08-19 19:34:55.242,9518.16485
2026-08-19 19:34:55.656,9627.39364
2026-08-19 19:34:56.076,9753.36913
2026-08-19 19:34:56.496,9894.83315
2026-08-19 19:34:56.925,10046.4166
2026-08-19 19:34:57.338,10209.2382
2026-08-19 19:34:57.754,10372.8046
2026-08-19 19:34:58.172,10543.2392
2026-08-19 19:34:58.592,10719.7779
2026-08-19 19:34:59.020,10890.5067
2026-08-19 19:34:59.437,10802.8301
2026-08-19 19:34:59.850,10623.2909
2026-08-19 19:35:00.280,10445.0708
2026-08-19 19:35:00.694,10276.9552
2026-08-19 19:35:01.120,10116.0641
2026-08-19 19:35:01.535,9957.12347
2026-08-19 19:35:01.949,9811.23095
2026-08-19 19:35:02.362,9678.28379
2026-08-19 19:35:02.785,9563.30157
2026-08-19 19:35:03.200,9470.56251
2026-08-19 19:35:03.618,9405.28381
2026-08-19 19:35:04.044,9386.50024
2026-08-19 19:35:04.457,9443.76592
2026-08-19 19:35:04.894,9523.7119
2026-08-19 19:35:05.322,9635.57132
2026-08-19 19:35:05.739,9766.40228
2026-08-19 19:35:06.154,9908.14913
2026-08-19 19:35:06.570,10059.2994
2026-08-19 19:35:07.001,10218.795
2026-08-19 19:35:07.415,10390.7965
2026-08-19 19:35:07.829,10561.0256
2026-08-19 19:35:08.242,10736.4616
2026-08-19 19:35:08.656,10899.0429
2026-08-19 19:35:09.096,10800.8522
2026-08-19 19:35:09.510,10610.951
2026-08-19 19:35:09.925,10437.4698
2026-08-19 19:35:10.338,10269.3709
2026-08-19 19:35:10.752,10108.4432
2026-08-19 19:35:11.172,9953.4672
2026-08-19 19:35:11.665,9779.2223
2026-08-19 19:35:12.093,9648.71026
2026-08-19 19:35:12.505,9535.85336
2026-08-19 19:35:12.940,9450.81774
2026-08-19 19:35:13.359,9393.11855
2026-08-19 19:35:13.774,9401.13673
2026-08-19 19:35:14.187,9462.31196
2026-08-19 19:35:14.600,9547.20173
2026-08-19 19:35:15.015,9657.49294
2026-08-19 19:35:15.454,9788.06272
2026-08-19 19:35:15.869,9929.54383
2026-08-19 19:35:16.283,9856.61752
2026-08-19 19:35:16.696,9716.40663
2026-08-19 19:35:17.110,9592.29966
2026-08-19 19:35:17.587,9479.8216
2026-08-19 19:35:18.000,9406.73974
2026-08-19 19:35:18.413,9366.82777
2026-08-19 19:35:18.826,9365.6148
2026-08-19 19:35:19.253,9365.75682
2026-08-19 19:35:19.670,9365.88485
2026-08-19 19:35:20.083,9365.68481
2026-08-19 19:35:20.503,9365.3251
2026-08-19 19:35:20.916,9365.15944
2026-08-19 19:35:21.329,9364.88032
2026-08-19 19:35:21.796,9364.09889
2026-08-19 19:35:22.223,9363.38138
2026-08-19 19:35:22.651,9363.01681
2026-08-19 19:35:23.064,9362.38279
2026-08-19 19:35:23.478,9376.13937
2026-08-19 19:35:23.911,9435.96604
2026-08-19 19:35:24.325,9521.07665
2026-08-19 19:35:24.740,9627.62392
2026-08-19 19:35:25.154,9753.98279
2026-08-19 19:35:25.582,9894.20842
2026-08-19 19:35:25.996,10049.0339
2026-08-19 19:35:26.409,10206.9141
2026-08-19 19:35:26.822,10371.2445
2026-08-19 19:35:27.237,10541.1122
2026-08-19 19:35:27.666,10716.5723
2026-08-19 19:35:28.089,10893.0106
2026-08-19 19:35:28.507,10809.6124
2026-08-19 19:35:28.935,10628.8622
2026-08-19 19:35:29.348,10449.2686
2026-08-19 19:35:29.763,10281.0153
2026-08-19 19:35:30.193,10118.9748
2026-08-19 19:35:30.612,9957.29729
2026-08-19 19:35:31.026,9808.69398
2026-08-19 19:35:31.452,9674.65705
2026-08-19 19:35:31.867,9556.31847
2026-08-19 19:35:32.298,9464.69007
2026-08-19 19:35:32.711,9401.31452
2026-08-19 19:35:33.145,9387.90557
2026-08-19 19:35:33.564,9445.03802
2026-08-19 19:35:33.978,9525.97884
2026-08-19 19:35:34.402,9631.79146
2026-08-19 19:35:34.814,9760.08142
2026-08-19 19:35:35.249,9905.41226
2026-08-19 19:35:35.665,10060.2827
2026-08-19 19:35:36.080,10220.5175
2026-08-19 19:35:36.514,10394.3627
2026-08-19 19:35:36.927,10565.6527
2026-08-19 19:35:37.354,10741.2722
2026-08-19 19:35:37.773,10899.2213
2026-08-19 19:35:38.191,10779.16
2026-08-19 19:35:38.605,10599.2062
2026-08-19 19:35:39.018,10425.9231
2026-08-19 19:35:39.433,10258.8889
2026-08-19 19:35:39.861,10097.6089
2026-08-19 19:35:40.282,9938.03947
2026-08-19 19:35:40.705,9789.80801
2026-08-19 19:35:41.120,9655.03915
2026-08-19 19:35:41.532,9543.346
2026-08-19 19:35:41.954,9458.10282
2026-08-19 19:35:42.418,9397.41039
2026-08-19 19:35:42.838,9396.81131
2026-08-19 19:35:43.252,9456.18238
2026-08-19 19:35:43.666,9539.4897
2026-08-19 19:35:44.080,9648.97194
2026-08-19 19:35:44.493,9778.26764
2026-08-19 19:35:44.924,9916.43269
2026-08-19 19:35:45.342,9856.4964
2026-08-19 19:35:45.756,9714.29075
2026-08-19 19:35:46.182,9589.04196
2026-08-19 19:35:46.609,9484.64493
2026-08-19 19:35:47.021,9408.36021
2026-08-19 19:35:47.450,9364.24832
2026-08-19 19:35:47.864,9361.28541
2026-08-19 19:35:48.278,9361.67734
2026-08-19 19:35:48.706,9361.58242
2026-08-19 19:35:49.129,9361.30668
2026-08-19 19:35:49.549,9360.8396
2026-08-19 19:35:49.965,9360.39905
2026-08-19 19:35:50.383,9360.03048
2026-08-19 19:35:50.797,9359.41589
2026-08-19 19:35:51.232,9358.93807
2026-08-19 19:35:51.660,9358.30918
2026-08-19 19:35:52.073,9357.52798
2026-08-19 19:35:52.487,9365.46282
2026-08-19 19:35:52.906,9418.47207
2026-08-19 19:35:53.326,9496.6373
2026-08-19 19:35:53.745,9599.22111
2026-08-19 19:35:54.165,9723.28647
2026-08-19 19:35:54.582,9863.11625
2026-08-19 19:35:54.995,10012.7142
2026-08-19 19:35:55.429,10169.0039
2026-08-19 19:35:55.849,10339.7809
2026-08-19 19:35:56.263,10511.2119
2026-08-19 19:35:56.678,10685.2624
2026-08-19 19:35:57.117,10867.4781
2026-08-19 19:35:57.531,10814.4793
2026-08-19 19:35:57.945,10634.6213
2026-08-19 19:35:58.360,10459.9897
2026-08-19 19:35:58.786,10290.7277
2026-08-19 19:35:59.207,10123.2892
2026-08-19 19:35:59.627,9965.09463
2026-08-19 19:36:00.051,9815.16101
2026-08-19 19:36:00.479,9676.39011
2026-08-19 19:36:00.898,9555.6907
2026-08-19 19:36:01.320,9463.26647
2026-08-19 19:36:01.735,9396.97312
2026-08-19 19:36:02.159,9373.91917
2026-08-19 19:36:02.578,9425.66488
2026-08-19 19:36:02.993,9502.47954
2026-08-19 19:36:03.405,9604.7327
2026-08-19 19:36:03.831,9728.817
2026-08-19 19:36:04.248,9872.40041
2026-08-19 19:36:04.677,10023.7445
2026-08-19 19:36:05.095,10186.8758
2026-08-19 19:36:05.512,10352.8679
2026-08-19 19:36:05.940,10524.1336
2026-08-19 19:36:06.376,10712.5974
2026-08-19 19:36:06.790,10882.3677
2026-08-19 19:36:07.203,10793.4071
2026-08-19 19:36:07.616,10615.4347
2026-08-19 19:36:08.030,10442.4816
2026-08-19 19:36:08.444,10274.4914
2026-08-19 19:36:08.873,10112.4367
2026-08-19 19:36:09.291,9951.58654
2026-08-19 19:36:09.706,9803.59185
2026-08-19 19:36:10.122,9668.44889
2026-08-19 19:36:10.552,9552.64527
2026-08-19 19:36:10.966,9460.87075
2026-08-19 19:36:11.389,9398.71832
2026-08-19 19:36:11.802,9381.01311
2026-08-19 19:36:12.217,9433.01011
2026-08-19 19:36:12.642,9509.11754
2026-08-19 19:36:13.073,9616.02064
2026-08-19 19:36:13.488,9745.34813
2026-08-19 19:36:13.917,9886.62394
2026-08-19 19:36:14.337,9879.85135
2026-08-19 19:36:14.755,9734.69958
2026-08-19 19:36:15.170,9605.17079
2026-08-19 19:36:15.583,9499.01154
2026-08-19 19:36:15.996,9419.99862
2026-08-19 19:36:16.424,9367.507
2026-08-19 19:36:16.836,9357.94438
2026-08-19 19:36:17.260,9358.77274
2026-08-19 19:36:17.674,9358.79119
2026-08-19 19:36:18.105,9358.70953
2026-08-19 19:36:18.518,9358.54413
2026-08-19 19:36:18.932,9358.2351
2026-08-19 19:36:19.345,9357.86583
2026-08-19 19:36:19.814,9357.6366
2026-08-19 19:36:20.234,9357.25437
2026-08-19 19:36:20.649,9356.72068
2026-08-19 19:36:21.071,9356.11804
2026-08-19 19:36:21.488,9357.39949
2026-08-19 19:36:21.901,9397.49208
2026-08-19 19:36:22.328,9469.69433
2026-08-19 19:36:22.752,9563.77794
2026-08-19 19:36:23.166,9683.1574
2026-08-19 19:36:23.580,9817.23395
2026-08-19 19:36:24.001,9962.89963
2026-08-19 19:36:24.430,10120.0404
2026-08-19 19:36:24.845,10287.7455
2026-08-19 19:36:25.258,10455.8696
2026-08-19 19:36:25.672,10629.3108
2026-08-19 19:36:26.134,10806.386
2026-08-19 19:36:26.563,10866.0131
2026-08-19 19:36:26.976,10681.5818
2026-08-19 19:36:27.390,10506.0593
2026-08-19 19:36:27.807,10335.7319
2026-08-19 19:36:28.222,10170.4363
2026-08-19 19:36:28.636,10011.5272
2026-08-19 19:36:29.050,9861.05823
2026-08-19 19:36:29.478,9716.26853
2026-08-19 19:36:29.905,9593.06754
2026-08-19 19:36:30.318,9490.51987
2026-08-19 19:36:30.736,9418.14441
2026-08-19 19:36:31.163,9374.97709
2026-08-19 19:36:31.576,9410.18042
2026-08-19 19:36:32.002,9477.7698
2026-08-19 19:36:32.417,9574.45582
2026-08-19 19:36:32.844,9693.19578
2026-08-19 19:36:33.257,9833.56925
2026-08-19 19:36:33.683,9980.81808
2026-08-19 19:36:34.097,10141.1125
2026-08-19 19:36:34.525,10309.798
2026-08-19 19:36:34.956,10478.5174
2026-08-19 19:36:35.370,10660.3727
2026-08-19 19:36:35.795,10837.6437
2026-08-19 19:36:36.218,10852.8703
2026-08-19 19:36:36.631,10668.1661
2026-08-19 19:36:37.060,10493.3801
2026-08-19 19:36:37.475,10317.2316
2026-08-19 19:36:37.892,10153.421
2026-08-19 19:36:38.306,9994.32952
2026-08-19 19:36:38.770,9844.32402
2026-08-19 19:36:39.203,9687.41272
2026-08-19 19:36:39.623,9565.2588
2026-08-19 19:36:40.038,9471.69735
2026-08-19 19:36:40.452,9406.11004
2026-08-19 19:36:40.878,9377.49086
2026-08-19 19:36:41.293,9424.31722
2026-08-19 19:36:41.706,9496.65477
2026-08-19 19:36:42.130,9595.40697
2026-08-19 19:36:42.549,9720.80443
2026-08-19 19:36:42.968,9861.4949
2026-08-19 19:36:43.397,9902.55412
2026-08-19 19:36:43.812,9756.05405
2026-08-19 19:36:44.238,9624.50592
2026-08-19 19:36:44.656,9511.25935
2026-08-19 19:36:45.069,9427.94101
2026-08-19 19:36:45.484,9371.44739
2026-08-19 19:36:45.901,9356.51207
2026-08-19 19:36:46.315,9357.53811
2026-08-19 19:36:46.741,9357.80733
2026-08-19 19:36:47.157,9357.62391
2026-08-19 19:36:47.571,9357.307
2026-08-19 19:36:47.983,9357.05429
2026-08-19 19:36:48.401,9356.69563
2026-08-19 19:36:48.833,9355.99524
2026-08-19 19:36:49.247,9355.56855
2026-08-19 19:36:49.664,9354.72856
2026-08-19 19:36:50.078,9353.98306
2026-08-19 19:36:50.506,9353.55291
2026-08-19 19:36:50.943,9388.6599
2026-08-19 19:36:51.357,9456.91862
2026-08-19 19:36:51.782,9547.58644
2026-08-19 19:36:52.209,9665.24727
2026-08-19 19:36:52.625,9802.602
2026-08-19 19:36:53.037,9947.61259
2026-08-19 19:36:53.451,10100.9623
2026-08-19 19:36:53.878,10262.0253
2026-08-19 19:36:54.292,10434.5222
2026-08-19 19:36:54.718,10613.2255
2026-08-19 19:36:55.135,10789.5204
2026-08-19 19:36:55.548,10882.4808
2026-08-19 19:36:55.971,10715.2344
2026-08-19 19:36:56.389,10534.0674
2026-08-19 19:36:56.819,10360.874
2026-08-19 19:36:57.232,10189.3903
2026-08-19 19:36:57.646,10030.7741
2026-08-19 19:36:58.084,9873.44004
2026-08-19 19:36:58.497,9728.59865
2026-08-19 19:36:58.933,9598.70745
2026-08-19 19:36:59.350,9495.16074
2026-08-19 19:36:59.764,9419.49773
2026-08-19 19:37:00.182,9371.83785
2026-08-19 19:37:00.595,9397.91084
2026-08-19 19:37:01.025,9461.8663
2026-08-19 19:37:01.448,9555.34132
2026-08-19 19:37:01.865,9673.32884
2026-08-19 19:37:02.279,9808.23011
2026-08-19 19:37:02.693,9954.39585
2026-08-19 19:37:03.143,10109.3975
2026-08-19 19:37:03.564,10285.5556
2026-08-19 19:37:03.978,10455.8683
2026-08-19 19:37:04.392,10629.3905
2026-08-19 19:37:04.806,10806.4462
2026-08-19 19:37:05.234,10867.5548
2026-08-19 19:37:05.647,10684.8732
2026-08-19 19:37:06.067,10508.5667
2026-08-19 19:37:06.481,10335.3059
2026-08-19 19:37:06.895,10170.4796
2026-08-19 19:37:07.338,10011.8958
2026-08-19 19:37:07.752,9850.26308
2026-08-19 19:37:08.171,9710.09871
2026-08-19 19:37:08.586,9585.08763
2026-08-19 19:37:08.999,9485.68861
2026-08-19 19:37:09.439,9413.64352
2026-08-19 19:37:09.856,9369.28175
2026-08-19 19:37:10.270,9402.98242
2026-08-19 19:37:10.685,9468.8927
2026-08-19 19:37:11.099,9561.10346
2026-08-19 19:37:11.578,9695.11434
2026-08-19 19:37:11.993,9836.86234
2026-08-19 19:37:12.418,9908.08351
2026-08-19 19:37:12.845,9768.57892
2026-08-19 19:37:13.261,9631.354
2026-08-19 19:37:13.675,9517.56989
2026-08-19 19:37:14.090,9431.05721
2026-08-19 19:37:14.518,9370.56681
2026-08-19 19:37:14.933,9349.48867
2026-08-19 19:37:15.346,9350.92192
2026-08-19 19:37:15.769,9350.99033
2026-08-19 19:37:16.196,9351.01316
2026-08-19 19:37:16.629,9350.91802
2026-08-19 19:37:17.043,9350.59447
2026-08-19 19:37:17.461,9350.23834
2026-08-19 19:37:17.888,9349.88793
2026-08-19 19:37:18.307,9349.3964
2026-08-19 19:37:18.734,9348.98639
2026-08-19 19:37:19.146,9348.42648
2026-08-19 19:37:19.562,9347.85375
2026-08-19 19:37:19.991,9377.99706
2026-08-19 19:37:20.408,9445.34283
2026-08-19 19:37:20.831,9534.89589
2026-08-19 19:37:21.244,9649.98286
2026-08-19 19:37:21.679,9785.65902
2026-08-19 19:37:22.094,9932.7549
2026-08-19 19:37:22.508,10087.2311
2026-08-19 19:37:22.937,10254.0597
2026-08-19 19:37:23.350,10421.1933
2026-08-19 19:37:23.763,10594.2215
2026-08-19 19:37:24.181,10770.6663
2026-08-19 19:37:24.607,10885.1479
2026-08-19 19:37:25.021,10722.4873
2026-08-19 19:37:25.439,10544.3173
2026-08-19 19:37:25.867,10370.4824
2026-08-19 19:37:26.284,10198.6538
2026-08-19 19:37:26.712,10037.0611
2026-08-19 19:37:27.125,9879.21902
2026-08-19 19:37:27.539,9736.2102
2026-08-19 19:37:27.955,9607.97962
2026-08-19 19:37:28.369,9501.81917
2026-08-19 19:37:28.838,9422.81622
2026-08-19 19:37:29.275,9364.53309
2026-08-19 19:37:29.693,9390.44518
2026-08-19 19:37:30.106,9454.99161
2026-08-19 19:37:30.519,9544.04006
2026-08-19 19:37:30.932,9658.22194
2026-08-19 19:37:31.345,9791.04145
2026-08-19 19:37:31.759,9936.54972
2026-08-19 19:37:32.175,10091.609
2026-08-19 19:37:32.590,10253.4039
2026-08-19 19:37:33.003,10421.4023
2026-08-19 19:37:33.431,10594.2641
2026-08-19 19:37:33.915,10807.1558
2026-08-19 19:37:34.343,10860.7225
2026-08-19 19:37:34.757,10676.246
2026-08-19 19:37:35.172,10499.0955
2026-08-19 19:37:35.589,10327.8816
2026-08-19 19:37:36.003,10161.3805
2026-08-19 19:37:36.430,9997.22632
2026-08-19 19:37:36.844,9846.44588
2026-08-19 19:37:37.258,9706.07094
2026-08-19 19:37:37.689,9582.25083
2026-08-19 19:37:38.103,9479.01635
2026-08-19 19:37:38.516,9407.60447
2026-08-19 19:37:38.930,9364.77314
2026-08-19 19:37:39.343,9394.84854
2026-08-19 19:37:39.762,9459.72543
2026-08-19 19:37:40.207,9559.24766
2026-08-19 19:37:40.626,9676.65838
2026-08-19 19:37:41.039,9814.30341
2026-08-19 19:37:41.511,9908.58257
2026-08-19 19:37:41.931,9762.4278
2026-08-19 19:37:42.356,9628.36815
2026-08-19 19:37:42.769,9512.22348
2026-08-19 19:37:43.192,9425.87309
2026-08-19 19:37:43.604,9364.77457
2026-08-19 19:37:44.017,9343.93558
2026-08-19 19:37:44.432,9345.2173
2026-08-19 19:37:44.854,9345.02167
2026-08-19 19:37:45.271,9344.83772
2026-08-19 19:37:45.687,9344.32299
2026-08-19 19:37:46.118,9343.77422
2026-08-19 19:37:46.531,9343.54393
2026-08-19 19:37:46.945,9342.89942
2026-08-19 19:37:47.357,9342.21027
2026-08-19 19:37:47.770,9341.51672
2026-08-19 19:37:48.184,9340.71174
2026-08-19 19:37:48.608,9340.05239
2026-08-19 19:37:49.022,9363.1426
2026-08-19 19:37:49.521,9440.80916
2026-08-19 19:37:49.935,9530.26998
2026-08-19 19:37:50.347,9643.21103
2026-08-19 19:37:50.762,9774.02977
2026-08-19 19:37:51.228,9936.96682
2026-08-19 19:37:51.643,10090.6492
2026-08-19 19:37:52.056,10251.8989
2026-08-19 19:37:52.471,10418.781
2026-08-19 19:37:52.885,10591.4108
2026-08-19 19:37:53.318,10768.2253
2026-08-19 19:37:53.732,10864.3351
2026-08-19 19:37:54.159,10695.1272
2026-08-19 19:37:54.572,10512.4524
2026-08-19 19:37:54.987,10341.1179
2026-08-19 19:37:55.425,10175.3569
2026-08-19 19:37:55.852,10006.5225
2026-08-19 19:37:56.280,9850.68792
2026-08-19 19:37:56.698,9704.85011
2026-08-19 19:37:57.116,9578.68481
2026-08-19 19:37:57.535,9475.62843
2026-08-19 19:37:57.962,9401.56775
2026-08-19 19:37:58.390,9354.68124
2026-08-19 19:37:58.803,9384.92176
2026-08-19 19:37:59.216,9450.01517
2026-08-19 19:37:59.633,9540.66493
2026-08-19 19:38:00.056,9657.22737
2026-08-19 19:38:00.472,9794.68085
2026-08-19 19:38:00.885,9942.24805
2026-08-19 19:38:01.310,10097.3513
2026-08-19 19:38:01.739,10263.7612
2026-08-19 19:38:02.157,10438.0686
2026-08-19 19:38:02.570,10613.2765
2026-08-19 19:38:02.984,10790.1599
2026-08-19 19:38:03.409,10852.5476
2026-08-19 19:38:03.852,10670.9614
2026-08-19 19:38:04.268,10481.5276
2026-08-19 19:38:04.682,10309.8986
2026-08-19 19:38:05.110,10139.3496
2026-08-19 19:38:05.522,9981.25423
2026-08-19 19:38:05.945,9830.49795
2026-08-19 19:38:06.372,9687.47279
2026-08-19 19:38:06.786,9561.24247
2026-08-19 19:38:07.215,9460.47621
2026-08-19 19:38:07.629,9390.919
2026-08-19 19:38:08.044,9351.84569
2026-08-19 19:38:08.463,9387.00957
2026-08-19 19:38:08.883,9454.15915
2026-08-19 19:38:09.303,9548.17886
2026-08-19 19:38:09.716,9667.56082
2026-08-19 19:38:10.146,9808.30459
2026-08-19 19:38:10.560,9889.7567
2026-08-19 19:38:10.987,9758.41232
2026-08-19 19:38:11.402,9619.90206
2026-08-19 19:38:11.823,9505.4508
2026-08-19 19:38:12.236,9416.08178
2026-08-19 19:38:12.665,9353.39592
2026-08-19 19:38:13.090,9331.06488
2026-08-19 19:38:13.513,9332.53498
2026-08-19 19:38:13.927,9332.56583
2026-08-19 19:38:14.342,9332.57779
2026-08-19 19:38:14.772,9332.19649
2026-08-19 19:38:15.186,9331.90621
2026-08-19 19:38:15.599,9331.6434
2026-08-19 19:38:16.019,9331.00181
2026-08-19 19:38:16.434,9330.40306
2026-08-19 19:38:16.860,9329.84759
2026-08-19 19:38:17.272,9329.33132
2026-08-19 19:38:17.685,9328.84282
2026-08-19 19:38:18.114,9352.30661
2026-08-19 19:38:18.527,9416.89277
2026-08-19 19:38:18.940,9501.93786
2026-08-19 19:38:19.354,9611.08135
2026-08-19 19:38:19.769,9739.54366
2026-08-19 19:38:20.251,9900.83469
2026-08-19 19:38:20.666,10059.4295
2026-08-19 19:38:21.084,10219.8321
2026-08-19 19:38:21.500,10388.0653
2026-08-19 19:38:21.913,10560.6533
2026-08-19 19:38:22.330,10737.3119
2026-08-19 19:38:22.759,10859.0901
2026-08-19 19:38:23.184,10702.817
2026-08-19 19:38:23.612,10520.2042
2026-08-19 19:38:24.030,10341.7834
2026-08-19 19:38:24.447,10173.5705
2026-08-19 19:38:24.861,10012.2601
2026-08-19 19:38:25.280,9859.31391
2026-08-19 19:38:25.699,9714.715
2026-08-19 19:38:26.118,9585.45275
2026-08-19 19:38:26.535,9478.97969
2026-08-19 19:38:26.962,9400.14757
2026-08-19 19:38:27.377,9346.25295
2026-08-19 19:38:27.806,9362.95085
2026-08-19 19:38:28.218,9426.48193
2026-08-19 19:38:28.651,9517.22105
2026-08-19 19:38:29.079,9634.38814
2026-08-19 19:38:29.493,9767.12348
2026-08-19 19:38:29.920,9912.57331
2026-08-19 19:38:30.333,10071.8981
2026-08-19 19:38:30.750,10232.6492
2026-08-19 19:38:31.165,10401.1521
2026-08-19 19:38:31.580,10573.9792
2026-08-19 19:38:32.001,10750.9841
2026-08-19 19:38:32.415,10848.3551
2026-08-19 19:38:32.856,10682.0016
2026-08-19 19:38:33.269,10493.3084
2026-08-19 19:38:33.683,10321.5433
2026-08-19 19:38:34.110,10156.1037
2026-08-19 19:38:34.527,9991.48613
2026-08-19 19:38:34.963,9838.92841
2026-08-19 19:38:35.376,9689.59628
2026-08-19 19:38:35.793,9564.81685
2026-08-19 19:38:36.207,9462.92377
2026-08-19 19:38:36.620,9389.1151
2026-08-19 19:38:37.095,9339.76765
2026-08-19 19:38:37.524,9371.83297
2026-08-19 19:38:37.938,9439.19398
2026-08-19 19:38:38.356,9530.46651
2026-08-19 19:38:38.769,9648.33527
2026-08-19 19:38:39.188,9784.31058
2026-08-19 19:38:39.615,9878.85851
2026-08-19 19:38:40.031,9750.56996
2026-08-19 19:38:40.451,9614.98252
2026-08-19 19:38:40.866,9497.39919
2026-08-19 19:38:41.297,9404.55118
2026-08-19 19:38:41.714,9342.8297
2026-08-19 19:38:42.129,9316.7587
2026-08-19 19:38:42.544,9318.01789
2026-08-19 19:38:42.957,9317.92881
2026-08-19 19:38:43.393,9317.84124
2026-08-19 19:38:43.809,9317.51734
2026-08-19 19:38:44.225,9317.17733
2026-08-19 19:38:44.652,9316.7543
2026-08-19 19:38:45.071,9316.0896
2026-08-19 19:38:45.500,9315.45794
2026-08-19 19:38:45.920,9315.02855
2026-08-19 19:38:46.334,9314.57556
2026-08-19 19:38:46.748,9313.95211
2026-08-19 19:38:47.162,9335.51458
2026-08-19 19:38:47.604,9396.53093
2026-08-19 19:38:48.018,9486.19533
2026-08-19 19:38:48.431,9594.54134
2026-08-19 19:38:48.845,9721.9142
2026-08-19 19:38:49.258,9863.23988
2026-08-19 19:38:49.724,10014.0232
2026-08-19 19:38:50.174,10205.1499
2026-08-19 19:38:50.589,10372.9899
2026-08-19 19:38:51.015,10550.7267
2026-08-19 19:38:51.430,10725.4133
2026-08-19 19:38:51.844,10834.959
2026-08-19 19:38:52.269,10676.2181
2026-08-19 19:38:52.696,10494.2477
2026-08-19 19:38:53.109,10317.2091
2026-08-19 19:38:53.521,10151.9534
2026-08-19 19:38:53.956,9993.03007
2026-08-19 19:38:54.371,9833.41588
2026-08-19 19:38:54.786,9691.39611
2026-08-19 19:38:55.203,9564.30495
2026-08-19 19:38:55.616,9459.35692
2026-08-19 19:38:56.084,9374.07334
2026-08-19 19:38:56.497,9326.80976
2026-08-19 19:38:56.926,9351.41803
2026-08-19 19:38:57.344,9416.79996
2026-08-19 19:38:57.757,9506.96026
2026-08-19 19:38:58.189,9622.10263
2026-08-19 19:38:58.603,9759.48473
2026-08-19 19:38:59.017,9905.09173
2026-08-19 19:38:59.430,10059.1247
2026-08-19 19:38:59.843,10219.7855
2026-08-19 19:39:00.275,10386.2314
2026-08-19 19:39:00.688,10566.3796
2026-08-19 19:39:01.103,10741.9099
2026-08-19 19:39:01.517,10820.392
2026-08-19 19:39:01.930,10648.6281
2026-08-19 19:39:02.406,10452.1854
2026-08-19 19:39:02.823,10276.1479
2026-08-19 19:39:03.238,10110.4805
2026-08-19 19:39:03.651,9951.9338
2026-08-19 19:39:04.064,9801.79211
2026-08-19 19:39:04.501,9662.06377
2026-08-19 19:39:04.916,9532.63657
2026-08-19 19:39:05.336,9435.21968
2026-08-19 19:39:05.749,9363.61972
2026-08-19 19:39:06.166,9322.19433
2026-08-19 19:39:06.582,9353.4527
2026-08-19 19:39:06.995,9417.91757
2026-08-19 19:39:07.472,9519.55141
2026-08-19 19:39:07.891,9641.53534
2026-08-19 19:39:08.306,9779.04687
2026-08-19 19:39:08.719,9858.24472
2026-08-19 19:39:09.135,9726.73686
2026-08-19 19:39:09.556,9592.33684
2026-08-19 19:39:09.969,9475.99482
2026-08-19 19:39:10.384,9387.81867
2026-08-19 19:39:10.798,9326.001
2026-08-19 19:39:11.211,9299.41949
2026-08-19 19:39:11.649,9300.7234
2026-08-19 19:39:12.062,9300.63663
2026-08-19 19:39:12.475,9300.57921
2026-08-19 19:39:12.888,9300.17153
2026-08-19 19:39:13.308,9299.64993
2026-08-19 19:39:13.736,9299.12961
2026-08-19 19:39:14.233,9298.38547
2026-08-19 19:39:14.647,9297.71492
2026-08-19 19:39:15.086,9297.0161
2026-08-19 19:39:15.503,9296.44419
2026-08-19 19:39:15.932,9296.05099
2026-08-19 19:39:16.345,9329.31256
2026-08-19 19:39:16.759,9394.18422
2026-08-19 19:39:17.182,9482.18239
2026-08-19 19:39:17.604,9596.04813
2026-08-19 19:39:18.031,9728.52902
2026-08-19 19:39:18.452,9876.16148
2026-08-19 19:39:18.866,10031.3764
2026-08-19 19:39:19.279,10190.6734
2026-08-19 19:39:19.693,10356.0362
2026-08-19 19:39:20.106,10527.1284
2026-08-19 19:39:20.519,10701.5203
2026-08-19 19:39:20.938,10812.0556
2026-08-19 19:39:21.352,10653.717
2026-08-19 19:39:21.769,10476.8956
2026-08-19 19:39:22.183,10304.0156
2026-08-19 19:39:22.597,10138.3733
2026-08-19 19:39:23.036,9979.39634
2026-08-19 19:39:23.455,9818.17715
2026-08-19 19:39:23.869,9674.99078
2026-08-19 19:39:24.283,9548.24224
2026-08-19 19:39:24.698,9444.30492
2026-08-19 19:39:25.160,9359.15408
2026-08-19 19:39:25.572,9310.45761
2026-08-19 19:39:25.987,9331.47748
2026-08-19 19:39:26.415,9395.42166
2026-08-19 19:39:26.839,9482.17119
2026-08-19 19:39:27.253,9597.43585
2026-08-19 19:39:27.666,9728.8374
2026-08-19 19:39:28.093,9878.32634
2026-08-19 19:39:28.514,10031.3763
2026-08-19 19:39:28.929,10194.3644
2026-08-19 19:39:29.362,10360.6742
2026-08-19 19:39:29.774,10540.2444
2026-08-19 19:39:30.201,10715.1973
2026-08-19 19:39:30.616,10799.3083
2026-08-19 19:39:31.028,10627.7071
2026-08-19 19:39:31.459,10451.9436
2026-08-19 19:39:31.873,10274.0724
2026-08-19 19:39:32.302,10103.7329
2026-08-19 19:39:32.725,9945.8324
2026-08-19 19:39:33.140,9791.72244
2026-08-19 19:39:33.567,9651.39153
2026-08-19 19:39:33.989,9524.0973
2026-08-19 19:39:34.403,9423.1695
2026-08-19 19:39:34.829,9351.49093
2026-08-19 19:39:35.247,9306.2779
2026-08-19 19:39:35.668,9334.41217
2026-08-19 19:39:36.093,9398.29118
2026-08-19 19:39:36.507,9489.52353
2026-08-19 19:39:36.921,9603.75387
2026-08-19 19:39:37.334,9736.83376
2026-08-19 19:39:37.766,9842.19206
2026-08-19 19:39:38.188,9722.4039
2026-08-19 19:39:38.603,9585.05069
2026-08-19 19:39:39.016,9468.74521
2026-08-19 19:39:39.436,9378.66716
2026-08-19 19:39:39.867,9314.10647
2026-08-19 19:39:40.282,9284.30042
2026-08-19 19:39:40.710,9285.67647
2026-08-19 19:39:41.124,9285.87708
2026-08-19 19:39:41.538,9285.95646
2026-08-19 19:39:41.967,9285.83553
2026-08-19 19:39:42.381,9285.51807
2026-08-19 19:39:42.799,9285.09779
2026-08-19 19:39:43.213,9284.62652
2026-08-19 19:39:43.632,9284.0809
2026-08-19 19:39:44.112,9283.43144
2026-08-19 19:39:44.525,9282.85985
2026-08-19 19:39:44.945,9282.4414
2026-08-19 19:39:45.359,9306.49802
2026-08-19 19:39:45.783,9368.31536
2026-08-19 19:39:46.216,9455.64761
2026-08-19 19:39:46.635,9568.30916
2026-08-19 19:39:47.049,9698.43609
2026-08-19 19:39:47.463,9840.28894
2026-08-19 19:39:47.876,9991.43191
2026-08-19 19:39:48.294,10149.852
2026-08-19 19:39:48.708,10316.5373
2026-08-19 19:39:49.145,10493.3663
2026-08-19 19:39:49.561,10671.9019
2026-08-19 19:39:49.975,10803.9653
2026-08-19 19:39:50.398,10662.5034
2026-08-19 19:39:50.826,10480.828
2026-08-19 19:39:51.243,10303.3195
2026-08-19 19:39:51.659,10136.2544
2026-08-19 19:39:52.074,9975.87479
2026-08-19 19:39:52.501,9823.08383
2026-08-19 19:39:52.921,9675.39948
2026-08-19 19:39:53.349,9545.75373
2026-08-19 19:39:53.762,9436.53934
2026-08-19 19:39:54.190,9355.7165
2026-08-19 19:39:54.608,9302.60328
2026-08-19 19:39:55.041,9316.62513
2026-08-19 19:39:55.455,9376.97113
2026-08-19 19:39:55.876,9461.02008
2026-08-19 19:39:56.293,9573.05388
2026-08-19 19:39:56.722,9704.48641
2026-08-19 19:39:57.138,9853.33043
2026-08-19 19:39:57.552,10007.276
2026-08-19 19:39:57.977,10167.4462
2026-08-19 19:39:58.390,10338.0816
2026-08-19 19:39:58.806,10509.2989
2026-08-19 19:39:59.224,10685.0447
2026-08-19 19:39:59.640,10800.3669
2026-08-19 19:40:00.059,10643.6833
2026-08-19 19:40:00.473,10464.5951
2026-08-19 19:40:00.940,10271.499
2026-08-19 19:40:01.355,10106.4569
2026-08-19 19:40:01.768,9947.4376
2026-08-19 19:40:02.181,9796.04376
2026-08-19 19:40:02.598,9654.77459
2026-08-19 19:40:03.029,9527.88345
2026-08-19 19:40:03.457,9418.81989
2026-08-19 19:40:03.884,9344.34941
2026-08-19 19:40:04.301,9295.77264
2026-08-19 19:40:04.726,9319.32907
2026-08-19 19:40:05.140,9382.54789
2026-08-19 19:40:05.554,9469.38152
2026-08-19 19:40:05.969,9582.05759
2026-08-19 19:40:06.382,9714.36356
2026-08-19 19:40:06.808,9831.55678
2026-08-19 19:40:07.234,9725.87272
2026-08-19 19:40:07.648,9585.38639
2026-08-19 19:40:08.061,9467.48307
2026-08-19 19:40:08.479,9374.90769
2026-08-19 19:40:08.906,9308.57651
2026-08-19 19:40:09.327,9274.47322
2026-08-19 19:40:09.741,9274.9538
2026-08-19 19:40:10.176,9274.98795
2026-08-19 19:40:10.596,9275.00778
2026-08-19 19:40:11.014,9274.54631
2026-08-19 19:40:11.428,9274.24107
2026-08-19 19:40:11.842,9273.80938
2026-08-19 19:40:12.304,9273.34346
2026-08-19 19:40:12.718,9272.72755
2026-08-19 19:40:13.131,9272.08158
2026-08-19 19:40:13.545,9271.3831
2026-08-19 19:40:13.960,9270.7979
2026-08-19 19:40:14.395,9287.02353
2026-08-19 19:40:14.809,9348.44632
2026-08-19 19:40:15.221,9429.08545
2026-08-19 19:40:15.635,9533.74387
2026-08-19 19:40:16.062,9658.98603
2026-08-19 19:40:16.515,9817.53257
2026-08-19 19:40:16.928,9968.74156
2026-08-19 19:40:17.341,10126.8291
2026-08-19 19:40:17.755,10291.3438
2026-08-19 19:40:18.183,10462.0611
2026-08-19 19:40:18.612,10643.5153
2026-08-19 19:40:19.026,10794.7167
2026-08-19 19:40:19.448,10667.0188
2026-08-19 19:40:19.862,10485.4721
2026-08-19 19:40:20.288,10307.3348
2026-08-19 19:40:20.709,10141.571
2026-08-19 19:40:21.123,9978.8797
2026-08-19 19:40:21.538,9825.25113
2026-08-19 19:40:21.970,9676.17847
2026-08-19 19:40:22.397,9545.05959
2026-08-19 19:40:22.813,9433.92224
2026-08-19 19:40:23.227,9352.78636
2026-08-19 19:40:23.655,9295.92477
2026-08-19 19:40:24.073,9300.55215
2026-08-19 19:40:24.500,9358.99284
2026-08-19 19:40:24.915,9443.27406
2026-08-19 19:40:25.329,9552.06135
2026-08-19 19:40:25.758,9681.27931
2026-08-19 19:40:26.178,9829.73943
2026-08-19 19:40:26.592,9985.63708
2026-08-19 19:40:27.023,10146.0387
2026-08-19 19:40:27.450,10319.4817
2026-08-19 19:40:27.863,10497.0661
2026-08-19 19:40:28.276,10673.4028
2026-08-19 19:40:28.688,10801.0727
2026-08-19 19:40:29.131,10655.6115
2026-08-19 19:40:29.544,10465.6271
2026-08-19 19:40:29.959,10293.8091
2026-08-19 19:40:30.374,10127.4836
2026-08-19 19:40:30.786,9967.22689
2026-08-19 19:40:31.266,9795.28848
2026-08-19 19:40:31.681,9649.12429
2026-08-19 19:40:32.094,9523.22496
2026-08-19 19:40:32.520,9421.08027
2026-08-19 19:40:32.937,9344.41367
2026-08-19 19:40:33.358,9295.68828
2026-08-19 19:40:33.771,9316.08238
2026-08-19 19:40:34.187,9376.62176
2026-08-19 19:40:34.602,9462.63359
2026-08-19 19:40:35.023,9574.65513
2026-08-19 19:40:35.455,9710.48817
2026-08-19 19:40:35.869,9834.36658
2026-08-19 19:40:36.303,9728.65885
2026-08-19 19:40:36.716,9589.66655
2026-08-19 19:40:37.155,9467.18367
2026-08-19 19:40:37.570,9372.69122
2026-08-19 19:40:37.988,9307.42969
2026-08-19 19:40:38.405,9274.88754
2026-08-19 19:40:38.823,9275.47812
2026-08-19 19:40:39.236,9275.69451
2026-08-19 19:40:39.654,9275.88511
2026-08-19 19:40:40.068,9275.84265
2026-08-19 19:40:40.490,9275.65533
2026-08-19 19:40:40.905,9275.49818
2026-08-19 19:40:41.318,9274.9059
2026-08-19 19:40:41.758,9274.43563
2026-08-19 19:40:42.172,9273.92974
2026-08-19 19:40:42.594,9273.48621
2026-08-19 19:40:43.007,9273.19046
2026-08-19 19:40:43.429,9286.51844
2026-08-19 19:40:43.841,9344.16662
2026-08-19 19:40:44.257,9423.08303
2026-08-19 19:40:44.692,9526.70346
2026-08-19 19:40:45.109,9658.04016
2026-08-19 19:40:45.525,9799.31885
2026-08-19 19:40:45.938,9950.65512
2026-08-19 19:40:46.367,10114.7297
2026-08-19 19:40:46.797,10286.1503
2026-08-19 19:40:47.211,10458.5229
2026-08-19 19:40:47.629,10634.6063
2026-08-19 19:40:48.055,10801.2359
2026-08-19 19:40:48.469,10700.1981
2026-08-19 19:40:48.905,10520.6615
2026-08-19 19:40:49.332,10337.1709
2026-08-19 19:40:49.746,10163.422
2026-08-19 19:40:50.162,10001.7496
2026-08-19 19:40:50.574,9845.85864
2026-08-19 19:40:51.006,9695.35091
2026-08-19 19:40:51.421,9562.94092
2026-08-19 19:40:51.835,9451.77248
2026-08-19 19:40:52.248,9367.15731
2026-08-19 19:40:52.662,9308.34904
2026-08-19 19:40:53.123,9302.97598
2026-08-19 19:40:53.545,9359.95536
2026-08-19 19:40:53.958,9441.92412
2026-08-19 19:40:54.399,9552.87645
2026-08-19 19:40:54.815,9685.96627
2026-08-19 19:40:55.235,9830.73979
2026-08-19 19:40:55.650,9986.28776
2026-08-19 19:40:56.064,10147.4322
2026-08-19 19:40:56.493,10321.1044
2026-08-19 19:40:56.959,10515.8393
2026-08-19 19:40:57.380,10692.7195
2026-08-19 19:40:57.873,10799.9244
2026-08-19 19:40:58.295,10615.3203
2026-08-19 19:40:58.713,10434.4738
2026-08-19 19:40:59.127,10261.0503
2026-08-19 19:40:59.540,10095.2978
2026-08-19 19:40:59.958,9935.91948
2026-08-19 19:41:00.370,9782.34596
2026-08-19 19:41:00.784,9641.51058
2026-08-19 19:41:01.206,9517.20503
2026-08-19 19:41:01.620,9415.03797
2026-08-19 19:41:02.090,9334.59532
2026-08-19 19:41:02.506,9293.9583
2026-08-19 19:41:02.920,9326.6918
2026-08-19 19:41:03.339,9391.48812
2026-08-19 19:41:03.753,9483.30606
2026-08-19 19:41:04.185,9599.65341
2026-08-19 19:41:04.598,9741.27516
2026-08-19 19:41:05.013,9833.49695
2026-08-19 19:41:05.441,9707.11939
2026-08-19 19:41:05.854,9567.66353
2026-08-19 19:41:06.286,9447.96275
2026-08-19 19:41:06.708,9360.57244
2026-08-19 19:41:07.121,9298.58585
2026-08-19 19:41:07.535,9274.16876
2026-08-19 19:41:07.950,9275.59721
2026-08-19 19:41:08.375,9275.57485
2026-08-19 19:41:08.790,9275.68315
2026-08-19 19:41:09.203,9275.39114
2026-08-19 19:41:09.632,9275.01614
2026-08-19 19:41:10.045,9274.71993
2026-08-19 19:41:10.525,9274.19787
2026-08-19 19:41:10.939,9273.93204
2026-08-19 19:41:11.354,9273.51549
2026-08-19 19:41:11.778,9273.19401
2026-08-19 19:41:12.196,9272.76249
2026-08-19 19:41:12.625,9300.66079
2026-08-19 19:41:13.038,9366.59804
2026-08-19 19:41:13.452,9453.27288
2026-08-19 19:41:13.867,9563.94507
2026-08-19 19:41:14.280,9693.84275
2026-08-19 19:41:14.705,9837.22633
2026-08-19 19:41:15.123,9994.57418
2026-08-19 19:41:15.539,10156.3627
2026-08-19 19:41:15.956,10323.9865
2026-08-19 19:41:16.418,10497.8346
2026-08-19 19:41:16.852,10697.5014
2026-08-19 19:41:17.269,10803.4371
2026-08-19 19:41:17.682,10636.6744
2026-08-19 19:41:18.107,10458.9017
2026-08-19 19:41:18.522,10281.5023
2026-08-19 19:41:18.938,10114.6486
2026-08-19 19:41:19.357,9953.43564
2026-08-19 19:41:19.782,9798.44559
2026-08-19 19:41:20.197,9652.31001
2026-08-19 19:41:20.609,9525.48694
2026-08-19 19:41:21.025,9422.11081
2026-08-19 19:41:21.445,9345.07624
2026-08-19 19:41:21.876,9293.24392
2026-08-19 19:41:22.291,9312.45567
2026-08-19 19:41:22.718,9373.91417
2026-08-19 19:41:23.131,9462.86506
2026-08-19 19:41:23.555,9575.50741
2026-08-19 19:41:23.984,9711.2643
2026-08-19 19:41:24.397,9862.60702
2026-08-19 19:41:24.812,10017.5035
2026-08-19 19:41:25.231,10179.448
2026-08-19 19:41:25.646,10349.8757
2026-08-19 19:41:26.088,10524.0243
2026-08-19 19:41:26.509,10713.4861
2026-08-19 19:41:26.923,10793.7021
2026-08-19 19:41:27.349,10620.3158
2026-08-19 19:41:27.762,10437.0127
2026-08-19 19:41:28.191,10265.1209
2026-08-19 19:41:28.605,10093.0955
2026-08-19 19:41:29.018,9933.72234
2026-08-19 19:41:29.430,9781.98553
2026-08-19 19:41:29.843,9640.68135
2026-08-19 19:41:30.311,9515.51419
2026-08-19 19:41:30.756,9397.27056
2026-08-19 19:41:31.168,9328.47698
2026-08-19 19:41:31.583,9289.04424
2026-08-19 19:41:32.011,9322.093
2026-08-19 19:41:32.443,9389.47381
2026-08-19 19:41:32.869,9485.61439
2026-08-19 19:41:33.283,9607.45917
2026-08-19 19:41:33.697,9744.0848
2026-08-19 19:41:34.110,9826.29641
2026-08-19 19:41:34.573,9678.40373
2026-08-19 19:41:35.001,9545.14248
2026-08-19 19:41:35.414,9429.62083
2026-08-19 19:41:35.835,9345.77915
2026-08-19 19:41:36.249,9287.072
2026-08-19 19:41:36.683,9268.36155
2026-08-19 19:41:37.096,9269.68219
2026-08-19 19:41:37.514,9269.54588
2026-08-19 19:41:37.929,9269.22053
2026-08-19 19:41:38.350,9268.7974
2026-08-19 19:41:38.764,9268.65962
2026-08-19 19:41:39.176,9268.35298
2026-08-19 19:41:39.618,9267.96385
2026-08-19 19:41:40.031,9267.70117
2026-08-19 19:41:40.446,9267.4413
2026-08-19 19:41:40.865,9267.14446
2026-08-19 19:41:41.282,9266.87919
2026-08-19 19:41:41.695,9295.97079
2026-08-19 19:41:42.163,9359.33217
2026-08-19 19:41:42.583,9459.80968
2026-08-19 19:41:43.003,9573.48796
2026-08-19 19:41:43.417,9707.62471
2026-08-19 19:41:43.830,9853.02847
2026-08-19 19:41:44.245,10007.7002
2026-08-19 19:41:44.659,10170.0794
2026-08-19 19:41:45.072,10338.7108
2026-08-19 19:41:45.485,10511.942
2026-08-19 19:41:45.902,10688.8939
2026-08-19 19:41:46.315,10804.9504
2026-08-19 19:41:46.740,10647.755
2026-08-19 19:41:47.158,10462.1286
2026-08-19 19:41:47.571,10289.3314
2026-08-19 19:41:48.000,10122.1536
2026-08-19 19:41:48.414,9955.52143
2026-08-19 19:41:48.827,9802.26426
2026-08-19 19:41:49.307,9641.28212
2026-08-19 19:41:49.721,9512.4821
2026-08-19 19:41:50.136,9411.38341
2026-08-19 19:41:50.550,9336.72828
2026-08-19 19:41:50.965,9288.57035
2026-08-19 19:41:51.404,9310.86618
2026-08-19 19:41:51.818,9377.07246
2026-08-19 19:41:52.231,9464.85826
2026-08-19 19:41:52.658,9578.45302
2026-08-19 19:41:53.120,9715.90171
2026-08-19 19:41:53.540,9882.31093
2026-08-19 19:41:53.954,10038.8423
2026-08-19 19:41:54.382,10207.5913
2026-08-19 19:41:54.810,10382.5194
2026-08-19 19:41:55.238,10556.799
2026-08-19 19:41:55.651,10741.2709
2026-08-19 19:41:56.080,10764.661
2026-08-19 19:41:56.494,10582.1031
2026-08-19 19:41:56.907,10404.6887
2026-08-19 19:41:57.333,10233.4166
2026-08-19 19:41:57.761,10063.0883
2026-08-19 19:41:58.177,9899.09455
2026-08-19 19:41:58.611,9747.61324
2026-08-19 19:41:59.037,9602.01896
2026-08-19 19:41:59.453,9479.27589
2026-08-19 19:41:59.889,9382.881
2026-08-19 19:42:00.306,9315.94978
2026-08-19 19:42:00.770,9285.85947
2026-08-19 19:42:01.184,9332.33138
2026-08-19 19:42:01.603,9403.15062
2026-08-19 19:42:02.018,9501.53021
2026-08-19 19:42:02.430,9623.29114
2026-08-19 19:42:02.856,9762.03215
2026-08-19 19:42:03.276,9805.70741
2026-08-19 19:42:03.714,9660.972
2026-08-19 19:42:04.143,9522.99637
2026-08-19 19:42:04.560,9411.45001
2026-08-19 19:42:04.989,9330.8649
2026-08-19 19:42:05.402,9275.75023
2026-08-19 19:42:05.837,9264.67912
2026-08-19 19:42:06.255,9265.56612
2026-08-19 19:42:06.668,9265.58571
2026-08-19 19:42:07.080,9265.45388
2026-08-19 19:42:07.495,9264.93715
2026-08-19 19:42:07.920,9264.68033
2026-08-19 19:42:08.334,9264.47476
2026-08-19 19:42:08.774,9263.99874
2026-08-19 19:42:09.201,9263.5374
2026-08-19 19:42:09.615,9262.98171
2026-08-19 19:42:10.043,9262.42712
2026-08-19 19:42:10.457,9263.93428
2026-08-19 19:42:10.890,9303.38586
2026-08-19 19:42:11.302,9374.82006
2026-08-19 19:42:11.724,9466.86117
2026-08-19 19:42:12.142,9585.09946
2026-08-19 19:42:12.571,9720.39503
2026-08-19 19:42:13.026,9886.61701
2026-08-19 19:42:13.445,10042.8895
2026-08-19 19:42:13.864,10208.2379
2026-08-19 19:42:14.279,10379.3653
2026-08-19 19:42:14.700,10554.411
2026-08-19 19:42:15.130,10735.3284
2026-08-19 19:42:15.549,10753.6272
2026-08-19 19:42:15.969,10568.6893
2026-08-19 19:42:16.384,10389.5122
2026-08-19 19:42:16.798,10218.1701
2026-08-19 19:42:17.221,10053.8126
2026-08-19 19:42:17.635,9891.44171
2026-08-19 19:42:18.075,9741.50301
2026-08-19 19:42:18.489,9594.26051
2026-08-19 19:42:18.902,9474.58452
2026-08-19 19:42:19.316,9380.16149
2026-08-19 19:42:19.729,9312.14057
2026-08-19 19:42:20.142,9275.39325
2026-08-19 19:42:20.558,9312.15949
2026-08-19 19:42:20.971,9379.16909
2026-08-19 19:42:21.393,9471.89745
2026-08-19 19:42:21.811,9592.18012
2026-08-19 19:42:22.237,9729.71761
2026-08-19 19:42:22.655,9882.30801
2026-08-19 19:42:23.069,10040.6728
2026-08-19 19:42:23.490,10204.145
2026-08-19 19:42:23.905,10376.5782
2026-08-19 19:42:24.318,10551.8738
2026-08-19 19:42:24.745,10730.0063
2026-08-19 19:42:25.170,10756.6673
2026-08-19 19:42:25.585,10569.0421
2026-08-19 19:42:26.018,10386.1926
2026-08-19 19:42:26.432,10212.5842
2026-08-19 19:42:26.847,10047.3879
2026-08-19 19:42:27.314,9886.54499
2026-08-19 19:42:27.742,9714.84028
2026-08-19 19:42:28.155,9574.80069
2026-08-19 19:42:28.569,9457.80983
2026-08-19 19:42:28.981,9366.51103
2026-08-19 19:42:29.394,9301.99579
2026-08-19 19:42:29.840,9271.143
2026-08-19 19:42:30.254,9315.99609
2026-08-19 19:42:30.680,9384.81374
2026-08-19 19:42:31.097,9483.8433
2026-08-19 19:42:31.512,9605.49959
2026-08-19 19:42:31.974,9761.04542
2026-08-19 19:42:32.388,9781.00921
2026-08-19 19:42:32.806,9636.2295
2026-08-19 19:42:33.219,9505.13934
2026-08-19 19:42:33.688,9397.78662
2026-08-19 19:42:34.108,9307.66451
2026-08-19 19:42:34.524,9257.49484
2026-08-19 19:42:34.937,9249.18167
2026-08-19 19:42:35.353,9249.98332
2026-08-19 19:42:35.767,9250.08589
2026-08-19 19:42:36.246,9250.10195
2026-08-19 19:42:36.660,9249.86697
2026-08-19 19:42:37.086,9249.60095
2026-08-19 19:42:37.500,9249.2161
2026-08-19 19:42:37.915,9249.02427
2026-08-19 19:42:38.330,9248.38768
2026-08-19 19:42:38.757,9247.92328
2026-08-19 19:42:39.171,9247.39275
2026-08-19 19:42:39.591,9250.26454
2026-08-19 19:42:40.004,9294.02661
2026-08-19 19:42:40.425,9363.96356
2026-08-19 19:42:40.838,9460.005
2026-08-19 19:42:41.282,9577.2674
2026-08-19 19:42:41.696,9722.30407
2026-08-19 19:42:42.115,9870.3171
2026-08-19 19:42:42.544,10029.1879
2026-08-19 19:42:42.968,10198.4407
2026-08-19 19:42:43.397,10372.4042
2026-08-19 19:42:43.810,10553.7994
2026-08-19 19:42:44.224,10732.915
2026-08-19 19:42:44.653,10730.1645
2026-08-19 19:42:45.067,10549.1232
2026-08-19 19:42:45.481,10372.4222
2026-08-19 19:42:45.952,10201.6348
2026-08-19 19:42:46.382,10013.3684
2026-08-19 19:42:46.795,9851.88198
2026-08-19 19:42:47.216,9703.74962
2026-08-19 19:42:47.631,9565.49417
2026-08-19 19:42:48.045,9448.78559
2026-08-19 19:42:48.481,9355.89106
2026-08-19 19:42:48.895,9291.14759
2026-08-19 19:42:49.310,9266.21054
2026-08-19 19:42:49.730,9312.05811
2026-08-19 19:42:50.143,9384.66584
2026-08-19 19:42:50.566,9482.7114
2026-08-19 19:42:50.981,9607.92359
2026-08-19 19:42:51.421,9752.61214
2026-08-19 19:42:51.846,9907.77205
2026-08-19 19:42:52.259,10071.3291
2026-08-19 19:42:52.679,10236.8341
2026-08-19 19:42:53.092,10410.9445
2026-08-19 19:42:53.538,10587.0784
2026-08-19 19:42:53.952,10773.1498
2026-08-19 19:42:54.389,10689.2126
2026-08-19 19:42:54.803,10504.9798
2026-08-19 19:42:55.221,10329.5806
2026-08-19 19:42:55.634,10158.8809
2026-08-19 19:42:56.068,9990.28537
2026-08-19 19:42:56.482,9832.07226
2026-08-19 19:42:56.912,9679.50247
2026-08-19 19:42:57.326,9545.79882
2026-08-19 19:42:57.767,9430.37358
2026-08-19 19:42:58.228,9335.5641
2026-08-19 19:42:58.641,9280.43989
2026-08-19 19:42:59.067,9277.47154
2026-08-19 19:42:59.481,9333.85429
2026-08-19 19:42:59.895,9412.77312
2026-08-19 19:43:00.309,9518.15382
2026-08-19 19:43:00.743,9645.9997
2026-08-19 19:43:01.158,9792.35887
2026-08-19 19:43:01.579,9742.34859
2026-08-19 19:43:01.994,9597.90842
2026-08-19 19:43:02.423,9468.62366
2026-08-19 19:43:02.836,9368.45377
2026-08-19 19:43:03.262,9295.83228
2026-08-19 19:43:03.685,9250.45071
2026-08-19 19:43:04.099,9246.80761
2026-08-19 19:43:04.514,9247.31468
2026-08-19 19:43:04.935,9247.37267
2026-08-19 19:43:05.352,9247.18696
2026-08-19 19:43:05.820,9246.7283
2026-08-19 19:43:06.234,9246.48883
2026-08-19 19:43:06.662,9246.27895
2026-08-19 19:43:07.076,9245.74902
2026-08-19 19:43:07.490,9245.10777
2026-08-19 19:43:07.931,9244.52312
2026-08-19 19:43:08.353,9243.9129
2026-08-19 19:43:08.773,9253.17264
2026-08-19 19:43:09.186,9306.55307
2026-08-19 19:43:09.654,9381.85941
2026-08-19 19:43:10.086,9498.24833
2026-08-19 19:43:10.512,9627.00032
2026-08-19 19:43:10.926,9771.79
2026-08-19 19:43:11.354,9928.60358
2026-08-19 19:43:11.771,10087.8097
2026-08-19 19:43:12.184,10254.9514
2026-08-19 19:43:12.602,10426.7094
2026-08-19 19:43:13.019,10604.6735
2026-08-19 19:43:13.437,10772.4301
2026-08-19 19:43:13.852,10676.9173
2026-08-19 19:43:14.294,10489.5405
2026-08-19 19:43:14.709,10308.501
2026-08-19 19:43:15.123,10138.9088
2026-08-19 19:43:15.550,9975.95139
2026-08-19 19:43:15.964,9814.84825
2026-08-19 19:43:16.443,9650.01038
2026-08-19 19:43:16.857,9516.08264
2026-08-19 19:43:17.299,9405.22789
2026-08-19 19:43:17.712,9321.97147
2026-08-19 19:43:18.158,9265.49257
2026-08-19 19:43:18.571,9275.68493
2026-08-19 19:43:18.999,9336.50408
2026-08-19 19:43:19.496,9440.3003
2026-08-19 19:43:19.911,9554.41253
2026-08-19 19:43:20.324,9688.33489
2026-08-19 19:43:20.829,9868.01432
2026-08-19 19:43:21.244,10025.8167
2026-08-19 19:43:21.657,10190.0704
2026-08-19 19:43:22.086,10366.2557
2026-08-19 19:43:22.518,10547.8011
2026-08-19 19:43:22.933,10728.7295
2026-08-19 19:43:23.363,10723.0337
2026-08-19 19:43:23.777,10540.9285
2026-08-19 19:43:24.194,10364.0723
2026-08-19 19:43:24.622,10191.411
2026-08-19 19:43:25.038,10021.0346
2026-08-19 19:43:25.475,9862.03436
2026-08-19 19:43:25.889,9703.5262
2026-08-19 19:43:26.303,9566.04083
2026-08-19 19:43:26.716,9448.10343
2026-08-19 19:43:27.130,9356.27019
2026-08-19 19:43:27.548,9290.51734
2026-08-19 19:43:27.974,9258.04012
2026-08-19 19:43:28.438,9305.68833
2026-08-19 19:43:28.852,9378.42026
2026-08-19 19:43:29.280,9480.18743
2026-08-19 19:43:29.709,9607.74896
2026-08-19 19:43:30.145,9753.63739
2026-08-19 19:43:30.560,9764.06327
2026-08-19 19:43:30.990,9614.17635
2026-08-19 19:43:31.417,9481.64415
2026-08-19 19:43:31.831,9376.45807
2026-08-19 19:43:32.267,9296.66527
2026-08-19 19:43:32.681,9245.46291
2026-08-19 19:43:33.102,9237.19001
2026-08-19 19:43:33.522,9237.93543
2026-08-19 19:43:33.937,9237.74381
2026-08-19 19:43:34.363,9237.57001
2026-08-19 19:43:34.777,9237.17581
2026-08-19 19:43:35.199,9236.82648
2026-08-19 19:43:35.677,9236.40002
2026-08-19 19:43:36.099,9235.98295
2026-08-19 19:43:36.527,9235.47422
2026-08-19 19:43:36.941,9234.79391
2026-08-19 19:43:37.356,9234.1767
2026-08-19 19:43:37.778,9238.37098
2026-08-19 19:43:38.191,9285.42997
2026-08-19 19:43:38.626,9356.96271
2026-08-19 19:43:39.039,9458.09081
2026-08-19 19:43:39.454,9577.69471
2026-08-19 19:43:39.868,9714.29276
2026-08-19 19:43:40.330,9862.56818
2026-08-19 19:43:40.748,10039.9895
2026-08-19 19:43:41.165,10204.7227
2026-08-19 19:43:41.578,10376.0447
2026-08-19 19:43:41.997,10552.0713
2026-08-19 19:43:42.410,10733.7699
2026-08-19 19:43:42.855,10712.1805
2026-08-19 19:43:43.271,10516.8142
2026-08-19 19:43:43.685,10340.0377
2026-08-19 19:43:44.112,10169.1708
2026-08-19 19:43:44.526,9999.69466
2026-08-19 19:43:44.995,9822.32047
2026-08-19 19:43:45.409,9674.05041
2026-08-19 19:43:45.837,9539.41949
2026-08-19 19:43:46.254,9421.78945
2026-08-19 19:43:46.674,9333.81419
2026-08-19 19:43:47.107,9271.55195
2026-08-19 19:43:47.521,9254.85805
2026-08-19 19:43:47.934,9306.87849
2026-08-19 19:43:48.353,9381.5869
2026-08-19 19:43:48.781,9484.55427
2026-08-19 19:43:49.247,9630.80064
2026-08-19 19:43:49.660,9773.61345
2026-08-19 19:43:50.075,9926.59228
2026-08-19 19:43:50.510,10093.2153
2026-08-19 19:43:50.923,10263.1518
2026-08-19 19:43:51.356,10435.8396
2026-08-19 19:43:51.790,10628.0873
2026-08-19 19:43:52.205,10771.2596
2026-08-19 19:43:52.621,10634.5128
2026-08-19 19:43:53.033,10454.4389
2026-08-19 19:43:53.475,10280.1154
2026-08-19 19:43:53.894,10099.8946
2026-08-19 19:43:54.311,9936.01944
2026-08-19 19:43:54.724,9779.76153
2026-08-19 19:43:55.138,9634.48722
2026-08-19 19:43:55.566,9500.49157
2026-08-19 19:43:55.981,9393.70239
2026-08-19 19:43:56.412,9314.06733
2026-08-19 19:43:56.840,9258.07502
2026-08-19 19:43:57.253,9265.59306
2026-08-19 19:43:57.691,9324.88459
2026-08-19 19:43:58.106,9408.82485
2026-08-19 19:43:58.568,9532.38338
2026-08-19 19:43:58.997,9664.65035
2026-08-19 19:43:59.410,9789.41114
2026-08-19 19:43:59.822,9688.10583
2026-08-19 19:44:00.237,9550.08886
2026-08-19 19:44:00.705,9416.11886
2026-08-19 19:44:01.130,9324.84506
2026-08-19 19:44:01.543,9259.15373
2026-08-19 19:44:01.968,9228.6458
2026-08-19 19:44:02.396,9229.49102
2026-08-19 19:44:02.823,9229.858
2026-08-19 19:44:03.237,9229.93066
2026-08-19 19:44:03.652,9229.64802
2026-08-19 19:44:04.079,9229.25959
2026-08-19 19:44:04.492,9228.98993
2026-08-19 19:44:04.920,9228.49947
2026-08-19 19:44:05.336,9228.00146
2026-08-19 19:44:05.766,9227.28439
2026-08-19 19:44:06.202,9226.74842
2026-08-19 19:44:06.631,9226.03913
2026-08-19 19:44:07.044,9247.90311
2026-08-19 19:44:07.456,9308.21461
2026-08-19 19:44:07.885,9390.42805
2026-08-19 19:44:08.298,9501.74762
2026-08-19 19:44:08.725,9629.15977
2026-08-19 19:44:09.152,9775.98413
2026-08-19 19:44:09.567,9933.55765
2026-08-19 19:44:10.004,10094.3584
2026-08-19 19:44:10.419,10271.373
2026-08-19 19:44:10.832,10444.9515
2026-08-19 19:44:11.251,10622.6209
2026-08-19 19:44:11.664,10762.7828
2026-08-19 19:44:12.084,10624.6145
2026-08-19 19:44:12.551,10419.7181
2026-08-19 19:44:12.965,10245.9527
2026-08-19 19:44:13.378,10078.1136
2026-08-19 19:44:13.793,9916.73513
2026-08-19 19:44:14.218,9762.25346
2026-08-19 19:44:14.631,9614.65261
2026-08-19 19:44:15.069,9486.97519
2026-08-19 19:44:15.490,9376.45954
2026-08-19 19:44:15.907,9298.1061
2026-08-19 19:44:16.319,9246.26401
2026-08-19 19:44:16.748,9262.33022
2026-08-19 19:44:17.185,9322.49677
2026-08-19 19:44:17.598,9412.57665
2026-08-19 19:44:18.025,9524.60302
2026-08-19 19:44:18.439,9661.34362
2026-08-19 19:44:18.865,9807.79906
2026-08-19 19:44:19.284,9968.54633
2026-08-19 19:44:19.711,10133.7169
2026-08-19 19:44:20.142,10310.2297
2026-08-19 19:44:20.556,10490.4504
2026-08-19 19:44:20.984,10675.9303
2026-08-19 19:44:21.404,10753.1809
2026-08-19 19:44:21.819,10576.0368
2026-08-19 19:44:22.247,10390.066
2026-08-19 19:44:22.675,10211.4491
2026-08-19 19:44:23.109,10038.9318
2026-08-19 19:44:23.523,9876.38707
2026-08-19 19:44:23.948,9724.14156
2026-08-19 19:44:24.377,9577.98717
2026-08-19 19:44:24.791,9452.06274
2026-08-19 19:44:25.228,9351.86838
2026-08-19 19:44:25.642,9281.39032
2026-08-19 19:44:26.057,9241.98053
2026-08-19 19:44:26.483,9274.98882
2026-08-19 19:44:26.898,9341.73698
2026-08-19 19:44:27.325,9436.54914
2026-08-19 19:44:27.739,9553.54658
2026-08-19 19:44:28.152,9689.29832
2026-08-19 19:44:28.565,9779.28395
2026-08-19 19:44:28.990,9650.1128
2026-08-19 19:44:29.429,9513.03899
2026-08-19 19:44:29.854,9391.90915
2026-08-19 19:44:30.272,9303.64404
2026-08-19 19:44:30.685,9243.72353
2026-08-19 19:44:31.098,9221.10337
2026-08-19 19:44:31.512,9222.50814
2026-08-19 19:44:31.941,9222.48719
2026-08-19 19:44:32.370,9222.39024
2026-08-19 19:44:32.783,9221.94179
2026-08-19 19:44:33.198,9221.52941
2026-08-19 19:44:33.612,9221.10885
2026-08-19 19:44:34.028,9220.53741
2026-08-19 19:44:34.443,9220.09216
2026-08-19 19:44:34.858,9219.69841
2026-08-19 19:44:35.278,9219.17624
2026-08-19 19:44:35.704,9218.63175
2026-08-19 19:44:36.118,9218.21127
2026-08-19 19:44:36.531,9217.63798
2026-08-19 19:44:36.944,9217.07286
2026-08-19 19:44:37.363,9216.5836
2026-08-19 19:44:37.777,9216.11196
2026-08-19 19:44:38.245,9215.69672
2026-08-19 19:44:38.660,9215.09097
2026-08-19 19:44:39.079,9214.56125
2026-08-19 19:44:39.494,9214.32349
2026-08-19 19:44:39.922,9214.04292
2026-08-19 19:44:40.357,9213.72931
2026-08-19 19:44:40.780,9213.27999
2026-08-19 19:44:41.193,9212.80564
2026-08-19 19:44:41.606,9212.39781
2026-08-19 19:44:42.019,9212.10557
2026-08-19 19:44:42.446,9211.96166
2026-08-19 19:44:42.999,9211.63305
2026-08-19 19:44:43.418,9211.26394
2026-08-19 19:44:43.838,9210.89826
2026-08-19 19:44:44.252,9210.5743
2026-08-19 19:44:44.666,9210.23155
2026-08-19 19:44:45.080,9209.86303
2026-08-19 19:44:45.509,9209.62323
2026-08-19 19:44:45.923,9209.34849
2026-08-19 19:44:46.341,9209.09045
2026-08-19 19:44:46.758,9208.78979
2026-08-19 19:44:47.170,9208.52847
2026-08-19 19:44:47.583,9208.28846
2026-08-19 19:44:47.996,9207.9771
2026-08-19 19:44:48.425,9207.63329
2026-08-19 19:44:48.887,9207.26361
2026-08-19 19:44:49.318,9206.91143
2026-08-19 19:44:49.730,9206.48363
2026-08-19 19:44:50.166,9206.06096
2026-08-19 19:44:50.592,9205.6346
2026-08-19 19:44:51.011,9205.22398
2026-08-19 19:44:51.436,9204.79811
2026-08-19 19:44:51.865,9204.3443
2026-08-19 19:44:52.278,9203.90564
2026-08-19 19:44:52.705,9203.48659
2026-08-19 19:44:53.124,9203.03441
2026-08-19 19:44:53.538,9202.61102
2026-08-19 19:44:53.951,9202.14112
2026-08-19 19:44:54.364,9201.70502
2026-08-19 19:44:54.776,9201.20433
2026-08-19 19:44:55.202,9200.64136
2026-08-19 19:44:55.695,9199.9435
2026-08-19 19:44:56.167,9199.47892
2026-08-19 19:44:56.586,9198.9787
2026-08-19 19:44:57.001,9198.55172
2026-08-19 19:44:57.414,9198.17792
2026-08-19 19:44:57.843,9197.77625
2026-08-19 19:44:58.260,9197.42995
2026-08-19 19:44:58.692,9197.01856
2026-08-19 19:44:59.105,9196.59903
2026-08-19 19:44:59.531,9196.21424
2026-08-19 19:44:59.955,9195.8493
2026-08-19 19:45:00.368,9195.54392
2026-08-19 19:45:00.810,9195.30257
2026-08-19 19:45:01.225,9193.91818
2026-08-19 19:45:01.652,9192.78448
2026-08-19 19:45:02.066,9192.25103
2026-08-19 19:45:02.480,9192.04879
2026-08-19 19:45:02.946,9191.94893
2026-08-19 19:45:03.384,9191.86597
2026-08-19 19:45:03.798,9191.7393
2026-08-19 19:45:04.221,9191.54931
2026-08-19 19:45:04.635,9191.35299
2026-08-19 19:45:05.056,9191.16868
2026-08-19 19:45:05.469,9190.98445
2026-08-19 19:45:05.888,9190.86703
2026-08-19 19:45:06.303,9190.67491
2026-08-19 19:45:06.716,9190.50093
2026-08-19 19:45:07.138,9190.36255
2026-08-19 19:45:07.556,9190.2639
2026-08-19 19:45:07.969,9190.31647
2026-08-19 19:45:08.403,9190.30794
2026-08-19 19:45:08.824,9190.22365
2026-08-19 19:45:09.241,9190.10941
2026-08-19 19:45:09.655,9189.97676
2026-08-19 19:45:10.069,9189.86908
2026-08-19 19:45:10.487,9189.75412
2026-08-19 19:45:10.900,9189.59496
2026-08-19 19:45:11.315,9189.41471
2026-08-19 19:45:11.781,9189.03953
2026-08-19 19:45:12.231,9188.67543
2026-08-19 19:45:12.644,9188.38153
2026-08-19 19:45:13.142,9188.20205
2026-08-19 19:45:13.556,9186.84312
2026-08-19 19:45:13.985,9186.0148
2026-08-19 19:45:14.398,9185.74069
2026-08-19 19:45:14.811,9185.60098
2026-08-19 19:45:15.256,9185.50754
2026-08-19 19:45:15.669,9185.46902
2026-08-19 19:45:16.109,9185.48149
2026-08-19 19:45:16.524,9185.45787
2026-08-19 19:45:16.941,9185.63435
2026-08-19 19:45:17.371,9185.71694
2026-08-19 19:45:17.799,9185.73653
2026-08-19 19:45:18.212,9185.71009
2026-08-19 19:45:18.626,9185.65236
2026-08-19 19:45:19.040,9185.64764
2026-08-19 19:45:19.454,9185.67178
2026-08-19 19:45:19.869,9185.5937
2026-08-19 19:45:20.308,9185.47451
2026-08-19 19:45:20.727,9185.34427
2026-08-19 19:45:21.155,9185.20351
2026-08-19 19:45:21.568,9185.00037
2026-08-19 19:45:21.981,9184.81895
2026-08-19 19:45:22.443,9184.74275
2026-08-19 19:45:22.856,9184.72866
2026-08-19 19:45:23.285,9184.53138
2026-08-19 19:45:23.707,9183.82608
2026-08-19 19:45:24.121,9182.85815
2026-08-19 19:45:24.562,9182.57393
2026-08-19 19:45:24.976,9182.53465
2026-08-19 19:45:25.390,9182.55658
2026-08-19 19:45:25.804,9182.58897
2026-08-19 19:45:26.217,9182.49911
2026-08-19 19:45:26.631,9182.49374
2026-08-19 19:45:27.043,9182.47558
2026-08-19 19:45:27.472,9182.4663
2026-08-19 19:45:27.890,9182.44053
2026-08-19 19:45:28.320,9182.42958
2026-08-19 19:45:28.736,9182.46445
2026-08-19 19:45:29.153,9182.43225
2026-08-19 19:45:29.566,9182.4392
2026-08-19 19:45:29.993,9182.36953
2026-08-19 19:45:30.406,9182.31318
2026-08-19 19:45:30.820,9182.20165
2026-08-19 19:45:31.235,9182.13807
2026-08-19 19:45:31.670,9182.02254
2026-08-19 19:45:32.083,9181.96733
2026-08-19 19:45:32.496,9181.88712
2026-08-19 19:45:32.916,9181.50837
2026-08-19 19:45:33.343,9180.06959
2026-08-19 19:45:33.757,9179.41051
2026-08-19 19:45:34.203,9179.27645
2026-08-19 19:45:34.639,9179.24713
2026-08-19 19:45:35.055,9179.2608
2026-08-19 19:45:35.468,9179.23637
2026-08-19 19:45:35.881,9179.20025
2026-08-19 19:45:36.319,9179.10049
2026-08-19 19:45:36.739,9178.93496
2026-08-19 19:45:37.167,9178.77071
2026-08-19 19:45:37.583,9178.61762
2026-08-19 19:45:37.997,9178.48967
2026-08-19 19:45:38.443,9178.2737
2026-08-19 19:45:38.856,9178.07585
2026-08-19 19:45:39.276,9177.86751
2026-08-19 19:45:39.691,9177.68124
2026-08-19 19:45:40.106,9177.58139
2026-08-19 19:45:40.528,9177.60696
2026-08-19 19:45:41.023,9177.55667
2026-08-19 19:45:41.440,9177.45009
2026-08-19 19:45:41.856,9177.20854
2026-08-19 19:45:42.269,9176.53481
2026-08-19 19:45:42.736,9174.95893
2026-08-19 19:45:43.165,9174.52068
2026-08-19 19:45:43.580,9174.34915
2026-08-19 19:45:43.997,9174.25358
2026-08-19 19:45:44.415,9174.18919
2026-08-19 19:45:44.847,9174.07061
2026-08-19 19:45:45.261,9173.95398
2026-08-19 19:45:45.688,9173.8685
2026-08-19 19:45:46.103,9173.81976
2026-08-19 19:45:46.529,9173.79692
2026-08-19 19:45:46.958,9173.72382
2026-08-19 19:45:47.387,9173.60856
2026-08-19 19:45:47.810,9173.39892
2026-08-19 19:45:48.225,9173.23731
2026-08-19 19:45:48.652,9173.07689
2026-08-19 19:45:49.071,9172.8664
2026-08-19 19:45:49.498,9172.74313
2026-08-19 19:45:49.916,9172.64521
2026-08-19 19:45:50.334,9172.48805
2026-08-19 19:45:50.750,9172.37305
2026-08-19 19:45:51.170,9172.04594
2026-08-19 19:45:51.597,9170.62393
2026-08-19 19:45:52.019,9169.79265
2026-08-19 19:45:52.434,9169.55839
2026-08-19 19:45:52.849,9169.54423
2026-08-19 19:45:53.262,9169.50501
2026-08-19 19:45:53.681,9169.45518
2026-08-19 19:45:54.095,9169.32729
2026-08-19 19:45:54.531,9169.22156
2026-08-19 19:45:54.954,9169.08428
2026-08-19 19:45:55.376,9168.92133
2026-08-19 19:45:55.794,9168.78211
2026-08-19 19:45:56.210,9168.68975
2026-08-19 19:45:56.637,9168.5056
2026-08-19 19:45:57.104,9168.35009
2026-08-19 19:45:57.522,9168.14933
2026-08-19 19:45:57.936,9167.96578
2026-08-19 19:45:58.349,9167.73914
2026-08-19 19:45:58.771,9167.49604
2026-08-19 19:45:59.184,9167.27284
2026-08-19 19:45:59.597,9166.97094
2026-08-19 19:46:00.023,9165.78216
2026-08-19 19:46:00.444,9164.40005
2026-08-19 19:46:00.858,9163.76131
2026-08-19 19:46:01.295,9163.30455
2026-08-19 19:46:01.709,9162.96823
2026-08-19 19:46:02.149,9162.7392
2026-08-19 19:46:02.562,9162.48242
2026-08-19 19:46:02.983,9162.23971
2026-08-19 19:46:03.397,9161.96106
2026-08-19 19:46:03.869,9161.70711
2026-08-19 19:46:04.289,9161.39321
2026-08-19 19:46:04.718,9161.13928
2026-08-19 19:46:05.131,9160.91874
2026-08-19 19:46:05.544,9160.66824
2026-08-19 19:46:05.958,9160.4342
2026-08-19 19:46:06.384,9160.16043
2026-08-19 19:46:06.804,9159.94793
2026-08-19 19:46:07.217,9159.83316
2026-08-19 19:46:07.633,9159.69761
2026-08-19 19:46:08.047,9159.65146
2026-08-19 19:46:08.468,9159.59342
2026-08-19 19:46:08.883,9159.38813
2026-08-19 19:46:09.347,9159.12156
2026-08-19 19:46:09.774,9158.85671
2026-08-19 19:46:10.191,9158.61239
2026-08-19 19:46:10.605,9158.40932
2026-08-19 19:46:11.017,9158.2066
2026-08-19 19:46:11.431,9158.04332
2026-08-19 19:46:11.844,9158.0024
2026-08-19 19:46:12.285,9158.09231
2026-08-19 19:46:12.714,9158.18768
2026-08-19 19:46:13.140,9158.2507
2026-08-19 19:46:13.561,9158.25305
2026-08-19 19:46:13.981,9158.24218
2026-08-19 19:46:14.397,9158.23721
2026-08-19 19:46:14.811,9158.23018
2026-08-19 19:46:15.224,9158.20874
2026-08-19 19:46:15.652,9158.17117
2026-08-19 19:46:16.079,9158.15995
2026-08-19 19:46:16.507,9158.14279
2026-08-19 19:46:16.921,9158.08225
2026-08-19 19:46:17.338,9158.08592
2026-08-19 19:46:17.764,9158.13099
2026-08-19 19:46:18.180,9158.20486
2026-08-19 19:46:18.599,9158.25876
2026-08-19 19:46:19.013,9158.19606
2026-08-19 19:46:19.493,9158.01454
2026-08-19 19:46:19.913,9157.81754
2026-08-19 19:46:20.325,9157.6148
2026-08-19 19:46:20.738,9157.31691
2026-08-19 19:46:21.153,9157.0956
2026-08-19 19:46:21.566,9156.89586
2026-08-19 19:46:21.981,9156.82222
2026-08-19 19:46:22.408,9156.7378
2026-08-19 19:46:22.834,9156.763
2026-08-19 19:46:23.249,9156.81513
2026-08-19 19:46:23.666,9156.89365
2026-08-19 19:46:24.079,9156.88914
2026-08-19 19:46:24.501,9156.89383
2026-08-19 19:46:24.915,9156.97364
2026-08-19 19:46:25.350,9156.98831
2026-08-19 19:46:25.775,9157.02843
2026-08-19 19:46:26.189,9156.92851
2026-08-19 19:46:26.605,9156.85947
2026-08-19 19:46:27.019,9156.89348
2026-08-19 19:46:27.464,9156.89778
2026-08-19 19:46:27.878,9156.78467
2026-08-19 19:46:28.292,9156.66239
2026-08-19 19:46:28.706,9156.48073
2026-08-19 19:46:29.120,9156.25994
2026-08-19 19:46:29.534,9156.09298
2026-08-19 19:46:29.947,9155.87258
2026-08-19 19:46:30.360,9155.62661
2026-08-19 19:46:30.787,9155.43945
2026-08-19 19:46:31.201,9155.2046
2026-08-19 19:46:31.641,9154.94167
2026-08-19 19:46:32.068,9154.67924
2026-08-19 19:46:32.482,9154.41694
2026-08-19 19:46:32.896,9154.184
2026-08-19 19:46:33.310,9154.06423
2026-08-19 19:46:33.724,9153.94242
2026-08-19 19:46:34.157,9153.82147
2026-08-19 19:46:34.571,9153.68358
2026-08-19 19:46:34.986,9153.55795
2026-08-19 19:46:35.413,9153.4007
2026-08-19 19:46:35.827,9153.31901
2026-08-19 19:46:36.243,9183.21742
2026-08-19 19:46:36.669,9253.43363
2026-08-19 19:46:37.098,9348.09638
2026-08-19 19:46:37.511,9465.4927
2026-08-19 19:46:37.925,9596.06165
2026-08-19 19:46:38.349,9739.53397
2026-08-19 19:46:38.763,9895.86812
2026-08-19 19:46:39.178,10056.7021
2026-08-19 19:46:39.644,10245.7474
2026-08-19 19:46:40.057,10418.7335
2026-08-19 19:46:40.483,10596.2711
2026-08-19 19:46:40.902,10707.4105
2026-08-19 19:46:41.317,10542.8979
2026-08-19 19:46:41.731,10363.5418
2026-08-19 19:46:42.165,10184.3178
2026-08-19 19:46:42.600,10009.6998
2026-08-19 19:46:43.028,9847.14338
2026-08-19 19:46:43.441,9689.76978
2026-08-19 19:46:43.856,9548.75685
2026-08-19 19:46:44.280,9423.60441
2026-08-19 19:46:44.694,9317.9582
2026-08-19 19:46:45.107,9239.60163
2026-08-19 19:46:45.521,9185.98786
2026-08-19 19:46:45.942,9207.66548
2026-08-19 19:46:46.408,9283.83723
2026-08-19 19:46:46.913,9385.79413
2026-08-19 19:46:47.331,9523.19744
2026-08-19 19:46:47.744,9660.564
2026-08-19 19:46:48.159,9809.33175
2026-08-19 19:46:48.573,9966.8416
2026-08-19 19:46:48.986,10130.9796
2026-08-19 19:46:49.400,10300.6529
2026-08-19 19:46:49.846,10476.5037
2026-08-19 19:46:50.265,10670.1128
2026-08-19 19:46:50.680,10656.0008
2026-08-19 19:46:51.106,10473.2075
2026-08-19 19:46:51.526,10290.8872
2026-08-19 19:46:51.972,10117.5593
2026-08-19 19:46:52.385,9940.58263
2026-08-19 19:46:52.799,9783.56883
2026-08-19 19:46:53.220,9634.81541
2026-08-19 19:46:53.634,9496.53317
2026-08-19 19:46:54.048,9379.34471
2026-08-19 19:46:54.463,9286.59675
2026-08-19 19:46:54.903,9218.61724
2026-08-19 19:46:55.318,9185.92555
2026-08-19 19:46:55.746,9233.23438
2026-08-19 19:46:56.159,9308.99361
2026-08-19 19:46:56.572,9407.76998
2026-08-19 19:46:57.033,9544.65295
2026-08-19 19:46:57.448,9684.37454
2026-08-19 19:46:57.868,9703.86066
2026-08-19 19:46:58.284,9557.95953
2026-08-19 19:46:58.697,9428.32521
2026-08-19 19:46:59.110,9320.78022
2026-08-19 19:46:59.524,9238.94606
2026-08-19 19:46:59.968,9179.90834
2026-08-19 19:47:00.380,9166.15998
2026-08-19 19:47:00.795,9166.95629
2026-08-19 19:47:01.209,9166.90043
2026-08-19 19:47:01.633,9166.72744
2026-08-19 19:47:02.045,9166.28777
2026-08-19 19:47:02.479,9165.91801
2026-08-19 19:47:02.912,9165.59832
2026-08-19 19:47:03.336,9165.23523
2026-08-19 19:47:03.751,9165.07866
2026-08-19 19:47:04.165,9164.84349
2026-08-19 19:47:04.595,9164.6022
2026-08-19 19:47:05.030,9166.18695
2026-08-19 19:47:05.443,9210.21494
2026-08-19 19:47:05.860,9281.46191
2026-08-19 19:47:06.278,9376.83986
2026-08-19 19:47:06.692,9495.04148
2026-08-19 19:47:07.106,9629.428
2026-08-19 19:47:07.620,9808.15457
2026-08-19 19:47:08.097,9991.49391
2026-08-19 19:47:08.511,10161.1404
2026-08-19 19:47:08.924,10333.0472
2026-08-19 19:47:09.338,10509.8792
2026-08-19 19:47:09.766,10689.5964
2026-08-19 19:47:10.234,10635.199
2026-08-19 19:47:10.663,10430.7463
2026-08-19 19:47:11.080,10250.2418
2026-08-19 19:47:11.493,10079.1948
2026-08-19 19:47:11.906,9915.96026
2026-08-19 19:47:12.320,9759.72079
2026-08-19 19:47:12.750,9612.51525
2026-08-19 19:47:13.164,9473.58522
2026-08-19 19:47:13.578,9360.69393
2026-08-19 19:47:13.993,9272.52978
2026-08-19 19:47:14.408,9209.03121
2026-08-19 19:47:14.822,9189.76221
2026-08-19 19:47:15.235,9242.73449
2026-08-19 19:47:15.661,9318.78114
2026-08-19 19:47:16.156,9446.73997
2026-08-19 19:47:16.569,9575.23261
2026-08-19 19:47:16.983,9717.91383
2026-08-19 19:47:17.418,9873.31277
2026-08-19 19:47:17.832,10040.6325
2026-08-19 19:47:18.250,10210.3916
2026-08-19 19:47:18.672,10383.8083
2026-08-19 19:47:19.100,10565.9965
2026-08-19 19:47:19.515,10716.2887
2026-08-19 19:47:19.929,10582.5531
2026-08-19 19:47:20.348,10401.834
2026-08-19 19:47:20.771,10224.35
2026-08-19 19:47:21.184,10051.2085
2026-08-19 19:47:21.613,9883.32941
2026-08-19 19:47:22.026,9727.79461
2026-08-19 19:47:22.441,9582.45519
2026-08-19 19:47:22.860,9451.97231
2026-08-19 19:47:23.279,9341.81672
2026-08-19 19:47:23.692,9258.51015
2026-08-19 19:47:24.117,9201.03267
2026-08-19 19:47:24.533,9199.48579
2026-08-19 19:47:24.947,9257.2655
2026-08-19 19:47:25.359,9337.44678
2026-08-19 19:47:25.819,9457.23186
2026-08-19 19:47:26.232,9586.47335
2026-08-19 19:47:26.645,9722.52215
2026-08-19 19:47:27.060,9658.33545
2026-08-19 19:47:27.473,9517.3235
2026-08-19 19:47:27.910,9393.79513
2026-08-19 19:47:28.326,9288.92289
2026-08-19 19:47:28.739,9216.26002
2026-08-19 19:47:29.152,9171.84831
2026-08-19 19:47:29.577,9168.1776
2026-08-19 19:47:30.032,9168.76544
2026-08-19 19:47:30.452,9168.67059
2026-08-19 19:47:30.865,9168.41713
2026-08-19 19:47:31.278,9167.98197
2026-08-19 19:47:31.690,9167.53192
2026-08-19 19:47:32.124,9167.12116
2026-08-19 19:47:32.536,9166.69795
2026-08-19 19:47:32.963,9166.39661
2026-08-19 19:47:33.377,9166.12464
2026-08-19 19:47:33.800,9165.97812
2026-08-19 19:47:34.225,9174.22857
2026-08-19 19:47:34.638,9228.91533
2026-08-19 19:47:35.051,9305.72964
2026-08-19 19:47:35.480,9409.89748
2026-08-19 19:47:35.895,9532.7247
2026-08-19 19:47:36.326,9671.37933
2026-08-19 19:47:36.749,9827.66489
2026-08-19 19:47:37.163,9989.79986
2026-08-19 19:47:37.590,10160.6641
2026-08-19 19:47:38.003,10332.1311
2026-08-19 19:47:38.428,10509.2737
2026-08-19 19:47:38.841,10691.4766
2026-08-19 19:47:39.258,10633.0039
2026-08-19 19:47:39.672,10450.2539
2026-08-19 19:47:40.092,10273.2013
2026-08-19 19:47:40.521,10100.0125
2026-08-19 19:47:40.955,9923.79886
2026-08-19 19:47:41.374,9764.03122
2026-08-19 19:47:41.788,9614.32768
2026-08-19 19:47:42.201,9479.62109
2026-08-19 19:47:42.630,9364.90219
2026-08-19 19:47:43.043,9272.3122
2026-08-19 19:47:43.461,9208.57398
2026-08-19 19:47:43.875,9186.01157
2026-08-19 19:47:44.289,9236.64814
2026-08-19 19:47:44.752,9321.27293
2026-08-19 19:47:45.165,9424.17732
2026-08-19 19:47:45.579,9549.51571
2026-08-19 19:47:45.993,9690.7759
2026-08-19 19:47:46.406,9842.91795
2026-08-19 19:47:46.867,10021.3589
2026-08-19 19:47:47.281,10188.2623
2026-08-19 19:47:47.696,10362.128
2026-08-19 19:47:48.120,10540.4776
2026-08-19 19:47:48.539,10708.012
2026-08-19 19:47:48.965,10601.5845
2026-08-19 19:47:49.379,10415.1646
2026-08-19 19:47:49.807,10232.8628
2026-08-19 19:47:50.232,10063.3744
2026-08-19 19:47:50.646,9895.49672
2026-08-19 19:47:51.073,9738.77995
2026-08-19 19:47:51.487,9587.78329
2026-08-19 19:47:51.899,9455.914
2026-08-19 19:47:52.325,9342.78685
2026-08-19 19:47:52.758,9257.09635
2026-08-19 19:47:53.178,9198.96397
2026-08-19 19:47:53.602,9194.80888
2026-08-19 19:47:54.015,9253.01923
2026-08-19 19:47:54.440,9332.63725
2026-08-19 19:47:54.857,9441.68853
2026-08-19 19:47:55.282,9571.2975
2026-08-19 19:47:55.695,9714.90829
2026-08-19 19:47:56.116,9663.91652
2026-08-19 19:47:56.529,9520.07174
2026-08-19 19:47:56.943,9395.73234
2026-08-19 19:47:57.378,9294.57534
2026-08-19 19:47:57.797,9216.77937
2026-08-19 19:47:58.217,9170.65811
2026-08-19 19:47:58.630,9166.24304
2026-08-19 19:47:59.043,9166.88136
2026-08-19 19:47:59.480,9166.74108
2026-08-19 19:47:59.910,9166.56958
2026-08-19 19:48:00.324,9166.16452
2026-08-19 19:48:00.738,9165.85355
2026-08-19 19:48:01.151,9165.38398
2026-08-19 19:48:01.580,9164.90955
2026-08-19 19:48:01.993,9164.46801
2026-08-19 19:48:02.419,9163.98352
2026-08-19 19:48:02.834,9163.54158
2026-08-19 19:48:03.247,9169.31518
2026-08-19 19:48:03.676,9220.52913
2026-08-19 19:48:04.089,9295.12807
2026-08-19 19:48:04.511,9393.30992
2026-08-19 19:48:04.932,9516.26412
2026-08-19 19:48:05.345,9656.07838
2026-08-19 19:48:05.781,9805.19733
2026-08-19 19:48:06.196,9972.16369
2026-08-19 19:48:06.611,10138.2814
2026-08-19 19:48:07.024,10310.1403
2026-08-19 19:48:07.438,10486.6513
2026-08-19 19:48:07.851,10667.2156
2026-08-19 19:48:08.317,10636.8056
2026-08-19 19:48:08.734,10454.7205
2026-08-19 19:48:09.195,10255.7654
2026-08-19 19:48:09.648,10072.7003
2026-08-19 19:48:10.114,9885.04293
2026-08-19 19:48:10.542,9729.40075
2026-08-19 19:48:10.962,9578.79559
2026-08-19 19:48:11.427,9446.01508
2026-08-19 19:48:11.847,9324.23529
2026-08-19 19:48:12.274,9244.70541
2026-08-19 19:48:12.690,9188.3215
2026-08-19 19:48:13.108,9199.60786
2026-08-19 19:48:13.539,9260.52965
2026-08-19 19:48:13.968,9348.63796
2026-08-19 19:48:14.390,9463.88828
2026-08-19 19:48:14.810,9600.49026
2026-08-19 19:48:15.240,9746.95386
2026-08-19 19:48:15.655,9909.2338
2026-08-19 19:48:16.069,10073.4776
2026-08-19 19:48:16.482,10243.3212
2026-08-19 19:48:16.908,10418.47
2026-08-19 19:48:17.321,10603.4575
2026-08-19 19:48:17.753,10708.4327
2026-08-19 19:48:18.168,10540.3794
2026-08-19 19:48:18.581,10360.0702
2026-08-19 19:48:19.003,10185.9208
2026-08-19 19:48:19.420,10014.4202
2026-08-19 19:48:19.834,9851.50166
2026-08-19 19:48:20.249,9696.32688
2026-08-19 19:48:20.662,9552.72967
2026-08-19 19:48:21.076,9425.57661
2026-08-19 19:48:21.489,9321.74998
2026-08-19 19:48:21.903,9244.69883
2026-08-19 19:48:22.317,9191.76594
2026-08-19 19:48:22.792,9209.78373
2026-08-19 19:48:23.206,9273.07717
2026-08-19 19:48:23.620,9359.61631
2026-08-19 19:48:24.034,9472.5454
2026-08-19 19:48:24.453,9605.1198
2026-08-19 19:48:24.873,9728.86031
2026-08-19 19:48:25.301,9627.34677
2026-08-19 19:48:25.718,9482.96692
2026-08-19 19:48:26.135,9364.19594
2026-08-19 19:48:26.553,9270.04453
2026-08-19 19:48:26.970,9202.44828
2026-08-19 19:48:27.386,9166.68987
2026-08-19 19:48:27.802,9166.53328
2026-08-19 19:48:28.217,9167.07545
2026-08-19 19:48:28.637,9166.86973
2026-08-19 19:48:29.055,9166.56147
2026-08-19 19:48:29.469,9166.23405
2026-08-19 19:48:29.883,9165.75444
2026-08-19 19:48:30.306,9165.42443
2026-08-19 19:48:30.728,9165.12683
2026-08-19 19:48:31.142,9164.6819
2026-08-19 19:48:31.555,9164.34525
2026-08-19 19:48:31.968,9164.04081
2026-08-19 19:48:32.403,9174.24404
2026-08-19 19:48:32.817,9231.46902
2026-08-19 19:48:33.231,9309.46567
2026-08-19 19:48:33.648,9411.76791
2026-08-19 19:48:34.061,9536.23201
2026-08-19 19:48:34.488,9680.46165
2026-08-19 19:48:34.906,9831.67556
2026-08-19 19:48:35.326,9993.18929
2026-08-19 19:48:35.741,10162.2876
2026-08-19 19:48:36.155,10335.3418
2026-08-19 19:48:36.569,10513.4887
2026-08-19 19:48:36.984,10692.2482
2026-08-19 19:48:37.445,10615.851
2026-08-19 19:48:37.877,10427.8625
2026-08-19 19:48:38.291,10248.8829
2026-08-19 19:48:38.704,10078.376
2026-08-19 19:48:39.131,9913.54508
2026-08-19 19:48:39.549,9749.44871
2026-08-19 19:48:39.967,9601.57999
2026-08-19 19:48:40.382,9466.04904
2026-08-19 19:48:40.802,9352.8333
2026-08-19 19:48:41.215,9264.42654
2026-08-19 19:48:41.643,9202.98354
2026-08-19 19:48:42.062,9186.6052
2026-08-19 19:48:42.474,9240.53354
2026-08-19 19:48:42.888,9316.81627
2026-08-19 19:48:43.350,9419.25588
2026-08-19 19:48:43.778,9564.99438
2026-08-19 19:48:44.201,9708.02298
2026-08-19 19:48:44.618,9865.76052
2026-08-19 19:48:45.045,10028.8826
2026-08-19 19:48:45.461,10202.169
2026-08-19 19:48:45.874,10377.0641
2026-08-19 19:48:46.288,10555.7271
2026-08-19 19:48:46.717,10710.7552
2026-08-19 19:48:47.133,10583.5388
2026-08-19 19:48:47.547,10401.2166
2026-08-19 19:48:47.963,10224.5687
2026-08-19 19:48:48.401,10047.1531
2026-08-19 19:48:48.814,9880.19133
2026-08-19 19:48:49.242,9718.80228
2026-08-19 19:48:49.671,9567.52667
2026-08-19 19:48:50.095,9437.08029
2026-08-19 19:48:50.509,9326.93902
2026-08-19 19:48:50.925,9246.39553
2026-08-19 19:48:51.338,9190.51378
2026-08-19 19:48:51.752,9191.59292
2026-08-19 19:48:52.166,9248.41414
2026-08-19 19:48:52.581,9328.07768
2026-08-19 19:48:52.994,9434.32288
2026-08-19 19:48:53.408,9562.42282
2026-08-19 19:48:53.821,9704.71622
2026-08-19 19:48:54.236,9665.8071
2026-08-19 19:48:54.653,9522.92574
2026-08-19 19:48:55.086,9395.80199
2026-08-19 19:48:55.508,9289.17886
2026-08-19 19:48:55.922,9213.37013
2026-08-19 19:48:56.335,9166.21334
2026-08-19 19:48:56.799,9160.54471
2026-08-19 19:48:57.223,9161.50344
2026-08-19 19:48:57.641,9161.4285
2026-08-19 19:48:58.056,9161.15105
2026-08-19 19:48:58.469,9160.88881
2026-08-19 19:48:58.883,9160.49234
2026-08-19 19:48:59.310,9160.02515
2026-08-19 19:48:59.730,9159.59772
2026-08-19 19:49:00.145,9159.21203
2026-08-19 19:49:00.558,9158.86596
2026-08-19 19:49:00.971,9158.44248
2026-08-19 19:49:01.443,9166.40658
2026-08-19 19:49:01.857,9219.77926
2026-08-19 19:49:02.271,9295.62234
2026-08-19 19:49:02.684,9395.2134
2026-08-19 19:49:03.109,9517.32991
2026-08-19 19:49:03.522,9659.82555
2026-08-19 19:49:03.936,9810.04254
2026-08-19 19:49:04.348,9969.37546
2026-08-19 19:49:04.765,10135.1174
2026-08-19 19:49:05.180,10308.4676
2026-08-19 19:49:05.638,10486.2789
2026-08-19 19:49:06.052,10685.5028
2026-08-19 19:49:06.474,10638.3096
2026-08-19 19:49:06.887,10451.7979
2026-08-19 19:49:07.302,10274.2439
2026-08-19 19:49:07.726,10101.9392
2026-08-19 19:49:08.155,9932.33724
2026-08-19 19:49:08.568,9767.79502
2026-08-19 19:49:08.982,9618.17787
2026-08-19 19:49:09.396,9481.76961
2026-08-19 19:49:09.827,9364.65771
2026-08-19 19:49:10.254,9270.08194
2026-08-19 19:49:10.668,9203.61105
2026-08-19 19:49:11.102,9179.18517
2026-08-19 19:49:11.515,9229.29412
2026-08-19 19:49:11.943,9305.66839
2026-08-19 19:49:12.358,9406.3084
2026-08-19 19:49:12.771,9530.71592
2026-08-19 19:49:13.187,9671.86074
2026-08-19 19:49:13.600,9824.87897
2026-08-19 19:49:14.040,9991.57448
2026-08-19 19:49:14.454,10163.7713
2026-08-19 19:49:14.868,10337.4197
2026-08-19 19:49:15.294,10516.3655
2026-08-19 19:49:15.708,10698.1151
2026-08-19 19:49:16.145,10627.9541
2026-08-19 19:49:16.559,10434.9855
2026-08-19 19:49:16.974,10257.2387
2026-08-19 19:49:17.386,10085.2803
2026-08-19 19:49:17.810,9920.2777
2026-08-19 19:49:18.286,9738.15346
2026-08-19 19:49:18.700,9587.02809
2026-08-19 19:49:19.114,9453.82607
2026-08-19 19:49:19.528,9342.43186
2026-08-19 19:49:19.941,9257.83567
2026-08-19 19:49:20.367,9198.72026
2026-08-19 19:49:20.782,9184.29167
2026-08-19 19:49:21.197,9236.3502
2026-08-19 19:49:21.619,9310.96913
2026-08-19 19:49:22.037,9415.98556
2026-08-19 19:49:22.466,9545.83656
2026-08-19 19:49:22.880,9688.37901
2026-08-19 19:49:23.294,9683.64341
2026-08-19 19:49:23.715,9538.15175
2026-08-19 19:49:24.131,9406.88511
2026-08-19 19:49:24.547,9300.71941
2026-08-19 19:49:24.960,9221.84788
2026-08-19 19:49:25.387,9168.0389
2026-08-19 19:49:25.807,9158.52192
2026-08-19 19:49:26.239,9159.39024
2026-08-19 19:49:26.654,9159.32256
2026-08-19 19:49:27.066,9159.04037
2026-08-19 19:49:27.479,9158.44459
2026-08-19 19:49:27.894,9157.9287
2026-08-19 19:49:28.312,9157.4432
2026-08-19 19:49:28.804,9156.8352
2026-08-19 19:49:29.219,9156.24224
2026-08-19 19:49:29.635,9155.79519
2026-08-19 19:49:30.051,9155.20033
2026-08-19 19:49:30.464,9158.83551
2026-08-19 19:49:30.891,9205.62626
2026-08-19 19:49:31.314,9277.14953
2026-08-19 19:49:31.729,9375.11642
2026-08-19 19:49:32.143,9494.43956
2026-08-19 19:49:32.558,9630.90372
2026-08-19 19:49:32.986,9785.469
2026-08-19 19:49:33.405,9945.41114
2026-08-19 19:49:33.828,10111.032
2026-08-19 19:49:34.256,10286.7617
2026-08-19 19:49:34.671,10469.4288
2026-08-19 19:49:35.089,10651.0075
2026-08-19 19:49:35.511,10664.6887
2026-08-19 19:49:35.936,10475.9027
2026-08-19 19:49:36.351,10291.6639
2026-08-19 19:49:36.767,10117.806
2026-08-19 19:49:37.193,9949.74741
2026-08-19 19:49:37.607,9784.39105
2026-08-19 19:49:38.022,9632.81742
2026-08-19 19:49:38.461,9493.27107
2026-08-19 19:49:38.876,9366.37442
2026-08-19 19:49:39.290,9272.45478
2026-08-19 19:49:39.703,9204.63018
2026-08-19 19:49:40.121,9169.10971
2026-08-19 19:49:40.537,9209.57446
2026-08-19 19:49:41.018,9289.20731
2026-08-19 19:49:41.433,9391.10413
2026-08-19 19:49:41.856,9513.71425
2026-08-19 19:49:42.271,9656.84374
2026-08-19 19:49:42.700,9808.97772
2026-08-19 19:49:43.196,10002.0822
2026-08-19 19:49:43.616,10175.6468
2026-08-19 19:49:44.028,10352.2368
2026-08-19 19:49:44.442,10530.0888
2026-08-19 19:49:44.863,10695.2219
2026-08-19 19:49:45.290,10590.0978
2026-08-19 19:49:45.704,10401.5991
2026-08-19 19:49:46.121,10224.8171
2026-08-19 19:49:46.534,10052.6692
2026-08-19 19:49:46.967,9888.06493
2026-08-19 19:49:47.394,9723.30315
2026-08-19 19:49:47.821,9570.84031
2026-08-19 19:49:48.235,9434.53554
2026-08-19 19:49:48.661,9324.78457
2026-08-19 19:49:49.091,9239.42827
2026-08-19 19:49:49.510,9181.35085
2026-08-19 19:49:49.924,9179.14084
2026-08-19 19:49:50.346,9234.82264
2026-08-19 19:49:50.762,9315.05932
2026-08-19 19:49:51.175,9421.15401
2026-08-19 19:49:51.589,9549.20002
2026-08-19 19:49:52.003,9691.15891
2026-08-19 19:49:52.417,9651.83089
2026-08-19 19:49:52.845,9504.47146
2026-08-19 19:49:53.279,9379.0627
2026-08-19 19:49:53.693,9273.47789
2026-08-19 19:49:54.110,9200.01571
2026-08-19 19:49:54.529,9153.74506
2026-08-19 19:49:54.959,9148.86728
2026-08-19 19:49:55.375,9149.49667
2026-08-19 19:49:55.798,9149.23252
2026-08-19 19:49:56.212,9148.86364
2026-08-19 19:49:56.647,9148.45483
2026-08-19 19:49:57.067,9147.99687
2026-08-19 19:49:57.485,9147.30666
2026-08-19 19:49:57.898,9146.69996
2026-08-19 19:49:58.311,9146.20015
2026-08-19 19:49:58.724,9145.82417
2026-08-19 19:49:59.152,9145.52499
2026-08-19 19:49:59.582,9150.63317
2026-08-19 19:49:59.995,9200.26438
2026-08-19 19:50:00.409,9273.32911
2026-08-19 19:50:00.823,9370.2672
2026-08-19 19:50:01.251,9494.49772
2026-08-19 19:50:01.685,9631.90834
2026-08-19 19:50:02.099,9789.27611
2026-08-19 19:50:02.528,9953.74516
2026-08-19 19:50:02.957,10125.3249
2026-08-19 19:50:03.371,10297.8755
2026-08-19 19:50:03.795,10475.0462
2026-08-19 19:50:04.209,10660.6355
2026-08-19 19:50:04.649,10620.5657
2026-08-19 19:50:05.062,10432.3323
2026-08-19 19:50:05.476,10254.7906
2026-08-19 19:50:05.905,10082.7283
2026-08-19 19:50:06.319,9911.13269
2026-08-19 19:50:06.737,9752.46334
2026-08-19 19:50:07.165,9601.19966
2026-08-19 19:50:07.579,9460.25094
2026-08-19 19:50:08.017,9340.27673
2026-08-19 19:50:08.435,9249.25795
2026-08-19 19:50:08.849,9185.56299
2026-08-19 19:50:09.273,9162.75634
2026-08-19 19:50:09.688,9213.16886
2026-08-19 19:50:10.101,9286.62613
2026-08-19 19:50:10.515,9386.25452
2026-08-19 19:50:10.949,9509.60114
2026-08-19 19:50:11.367,9657.4901
2026-08-19 19:50:11.782,9811.79117
2026-08-19 19:50:12.195,9973.06104
2026-08-19 19:50:12.623,10146.1615
2026-08-19 19:50:13.044,10319.6565
2026-08-19 19:50:13.458,10501.1576
2026-08-19 19:50:13.883,10680.1061
2026-08-19 19:50:14.302,10645.5647
2026-08-19 19:50:14.715,10458.796
2026-08-19 19:50:15.142,10280.1812
2026-08-19 19:50:15.557,10101.6983
2026-08-19 19:50:15.975,9934.88094
2026-08-19 19:50:16.388,9772.95468
2026-08-19 19:50:16.849,9621.70623
2026-08-19 19:50:17.276,9465.53505
2026-08-19 19:50:17.689,9346.79845
2026-08-19 19:50:18.102,9256.42324
2026-08-19 19:50:18.515,9191.92537
2026-08-19 19:50:18.931,9162.06026
2026-08-19 19:50:19.357,9204.99326
2026-08-19 19:50:19.772,9276.36236
2026-08-19 19:50:20.198,9372.41018
2026-08-19 19:50:20.625,9496.80212
2026-08-19 19:50:21.040,9640.6876
2026-08-19 19:50:21.469,9685.06844
2026-08-19 19:50:21.882,9536.73361
2026-08-19 19:50:22.296,9405.28549
2026-08-19 19:50:22.710,9296.30849
2026-08-19 19:50:23.180,9214.02429
2026-08-19 19:50:23.600,9151.66047
2026-08-19 19:50:24.015,9140.94101
2026-08-19 19:50:24.430,9141.9316
2026-08-19 19:50:24.858,9141.92331
2026-08-19 19:50:25.273,9141.67931
2026-08-19 19:50:25.698,9141.20315
2026-08-19 19:50:26.113,9140.77701
2026-08-19 19:50:26.526,9140.24582
2026-08-19 19:50:26.940,9139.82042
2026-08-19 19:50:27.359,9139.1497
2026-08-19 19:50:27.792,9138.59875
2026-08-19 19:50:28.220,9138.04341
2026-08-19 19:50:28.633,9137.37134
2026-08-19 19:50:29.047,9136.865
2026-08-19 19:50:29.461,9136.37081
2026-08-19 19:50:29.894,9135.77894
2026-08-19 19:50:30.314,9135.26849
2026-08-19 19:50:30.728,9134.70038
2026-08-19 19:50:31.150,9134.12799
2026-08-19 19:50:31.569,9133.64575
2026-08-19 19:50:31.994,9133.09271
2026-08-19 19:50:32.416,9132.31035
2026-08-19 19:50:32.831,9131.75373
2026-08-19 19:50:33.244,9131.28915
2026-08-19 19:50:33.665,9130.64941
2026-08-19 19:50:34.094,9130.26562
2026-08-19 19:50:34.520,9129.90473
2026-08-19 19:50:34.937,9129.52762
2026-08-19 19:50:35.350,9129.22919
2026-08-19 19:50:35.763,9128.92721
2026-08-19 19:50:36.201,9128.53421
2026-08-19 19:50:36.625,9128.21124
2026-08-19 19:50:37.038,9127.87122
2026-08-19 19:50:37.451,9127.42494
2026-08-19 19:50:37.868,9127.12415
2026-08-19 19:50:38.304,9126.89317
2026-08-19 19:50:38.732,9126.59846
2026-08-19 19:50:39.153,9126.39269
2026-08-19 19:50:39.568,9126.11775
2026-08-19 19:50:39.983,9125.8006
2026-08-19 19:50:40.414,9125.46844
2026-08-19 19:50:40.841,9125.21034
2026-08-19 19:50:41.255,9124.7849
2026-08-19 19:50:41.683,9124.49858
2026-08-19 19:50:42.095,9124.2913
2026-08-19 19:50:42.520,9123.9717
2026-08-19 19:50:42.933,9123.74984
2026-08-19 19:50:43.351,9123.58163
2026-08-19 19:50:43.766,9123.31054
2026-08-19 19:50:44.192,9123.19781
2026-08-19 19:50:44.616,9123.06346
2026-08-19 19:50:45.033,9122.82048
2026-08-19 19:50:45.459,9122.70659
2026-08-19 19:50:45.872,9122.62974
2026-08-19 19:50:46.297,9122.42445
2026-08-19 19:50:46.716,9122.13971
2026-08-19 19:50:47.137,9121.93605
2026-08-19 19:50:47.551,9121.59139
2026-08-19 19:50:47.973,9121.38711
2026-08-19 19:50:48.401,9121.11029
2026-08-19 19:50:48.816,9120.86437
2026-08-19 19:50:49.242,9120.80723
2026-08-19 19:50:49.656,9120.59316
2026-08-19 19:50:50.069,9120.46569
2026-08-19 19:50:50.488,9120.27256
2026-08-19 19:50:50.918,9119.96064
2026-08-19 19:50:51.346,9119.63149
2026-08-19 19:50:51.760,9119.34954
2026-08-19 19:50:52.175,9118.99556
2026-08-19 19:50:52.596,9118.70731
2026-08-19 19:50:53.025,9118.37247
2026-08-19 19:50:53.439,9118.27433
2026-08-19 19:50:53.874,9118.24752
