Address,GPIB0::22::INSTR
Model,34461A
Serial Number:,MY60051737
Firmware Version,A.03.03-03.15-03.03-00.52-04-03
Start Time,2026-08-19 21:00:00.993
Stop Time,2026-08-19 21:31:48.193
,
Time (s),Channel 1 (Ω)
2026-08-19 21:00:01.472,8827.27709
2026-08-19 21:00:01.937,8827.33063
2026-08-19 21:00:02.354,8827.35057
2026-08-19 21:00:02.768,8827.38498
2026-08-19 21:00:03.182,8827.53858
2026-08-19 21:00:03.597,8827.48759
2026-08-19 21:00:04.030,8827.47085
2026-08-19 21:00:04.443,8827.49496
2026-08-19 21:00:04.858,8826.56983
2026-08-19 21:00:05.282,8825.76431
2026-08-19 21:00:05.695,8825.62197
2026-08-19 21:00:06.132,8825.66973
2026-08-19 21:00:06.551,8825.59869
2026-08-19 21:00:06.967,8825.75518
2026-08-19 21:00:07.380,8825.77643
2026-08-19 21:00:07.798,8825.85556
2026-08-19 21:00:08.213,8825.76765
2026-08-19 21:00:08.626,8825.69429
2026-08-19 21:00:09.047,8825.56516
2026-08-19 21:00:09.553,8825.49099
2026-08-19 21:00:09.966,8825.38689
2026-08-19 21:00:10.379,8825.25172
2026-08-19 21:00:10.802,8825.22194
2026-08-19 21:00:11.227,8825.22337
2026-08-19 21:00:11.640,8825.06921
2026-08-19 21:00:12.055,8824.93303
2026-08-19 21:00:12.476,8824.90704
2026-08-19 21:00:12.889,8824.97789
2026-08-19 21:00:13.308,8824.86172
2026-08-19 21:00:13.806,8824.92142
2026-08-19 21:00:14.235,8824.98676
2026-08-19 21:00:14.649,8825.19719
2026-08-19 21:00:15.064,8825.14768
2026-08-19 21:00:15.483,8830.07662
2026-08-19 21:00:15.896,8893.40333
2026-08-19 21:00:16.324,8989.52721
2026-08-19 21:00:16.738,9114.82212
2026-08-19 21:00:17.157,9259.21044
2026-08-19 21:00:17.588,9423.38453
2026-08-19 21:00:18.001,9534.53296
2026-08-19 21:00:18.424,9383.69861
2026-08-19 21:00:18.839,9220.10325
2026-08-19 21:00:19.254,9079.94201
2026-08-19 21:00:19.687,8965.7351
2026-08-19 21:00:20.102,8873.7995
2026-08-19 21:00:20.515,8854.98442
2026-08-19 21:00:20.928,8934.88242
2026-08-19 21:00:21.342,9040.19217
2026-08-19 21:00:21.755,9171.14308
2026-08-19 21:00:22.187,9329.43994
2026-08-19 21:00:22.664,9516.8723
2026-08-19 21:00:23.077,9451.4342
2026-08-19 21:00:23.491,9284.45562
2026-08-19 21:00:23.905,9134.88749
2026-08-19 21:00:24.318,9009.29337
2026-08-19 21:00:24.745,8911.04801
2026-08-19 21:00:25.172,8840.73504
2026-08-19 21:00:25.586,8830.9158
2026-08-19 21:00:26.002,8830.78015
2026-08-19 21:00:26.428,8829.68344
2026-08-19 21:00:26.856,8829.2925
2026-08-19 21:00:27.278,8829.16571
2026-08-19 21:00:27.705,8829.11013
2026-08-19 21:00:28.119,8829.17515
2026-08-19 21:00:28.537,8829.06161
2026-08-19 21:00:28.958,8829.10598
2026-08-19 21:00:29.371,8828.9963
2026-08-19 21:00:29.793,8829.102
2026-08-19 21:00:30.206,8838.00472
2026-08-19 21:00:30.620,8906.09114
2026-08-19 21:00:31.059,9003.68505
2026-08-19 21:00:31.495,9139.78017
2026-08-19 21:00:31.913,9290.49121
2026-08-19 21:00:32.327,9457.41664
2026-08-19 21:00:32.741,9515.53759
2026-08-19 21:00:33.156,9348.15515
2026-08-19 21:00:33.570,9190.68818
2026-08-19 21:00:33.983,9055.28763
2026-08-19 21:00:34.397,8946.03527
2026-08-19 21:00:34.823,8863.27187
2026-08-19 21:00:35.278,8871.77057
2026-08-19 21:00:35.697,8957.61398
2026-08-19 21:00:36.111,9071.08578
2026-08-19 21:00:36.539,9208.99953
2026-08-19 21:00:36.952,9372.68109
2026-08-19 21:00:37.381,9530.00759
2026-08-19 21:00:37.798,9426.3301
2026-08-19 21:00:38.213,9260.00656
2026-08-19 21:00:38.626,9113.50308
2026-08-19 21:00:39.042,8992.00696
2026-08-19 21:00:39.483,8897.99916
2026-08-19 21:00:39.901,8835.67475
2026-08-19 21:00:40.314,8832.0124
2026-08-19 21:00:40.743,8832.17614
2026-08-19 21:00:41.157,8832.46902
2026-08-19 21:00:41.595,8832.64497
2026-08-19 21:00:42.010,8832.50082
2026-08-19 21:00:42.423,8832.29517
2026-08-19 21:00:42.837,8832.0761
2026-08-19 21:00:43.251,8831.93567
2026-08-19 21:00:43.717,8831.71445
2026-08-19 21:00:44.163,8831.62411
2026-08-19 21:00:44.577,8831.58665
2026-08-19 21:00:45.006,8855.26613
2026-08-19 21:00:45.488,8954.75589
2026-08-19 21:00:45.904,9064.93342
2026-08-19 21:00:46.321,9201.28922
2026-08-19 21:00:46.736,9358.67421
2026-08-19 21:00:47.168,9522.29145
2026-08-19 21:00:47.583,9443.86172
2026-08-19 21:00:48.006,9277.27656
2026-08-19 21:00:48.420,9125.49134
2026-08-19 21:00:48.847,8998.46424
2026-08-19 21:00:49.271,8902.64482
2026-08-19 21:00:49.684,8845.81889
2026-08-19 21:00:50.108,8904.81992
2026-08-19 21:00:50.523,9003.33657
2026-08-19 21:00:50.936,9126.88598
2026-08-19 21:00:51.381,9273.67576
2026-08-19 21:00:51.794,9451.33996
2026-08-19 21:00:52.208,9521.17342
2026-08-19 21:00:52.621,9355.73102
2026-08-19 21:00:53.037,9197.75211
2026-08-19 21:00:53.450,9060.30015
2026-08-19 21:00:53.868,8950.43413
2026-08-19 21:00:54.285,8866.71388
2026-08-19 21:00:54.698,8831.3983
2026-08-19 21:00:55.111,8832.02372
2026-08-19 21:00:55.539,8832.23313
2026-08-19 21:00:55.955,8832.49191
2026-08-19 21:00:56.386,8832.83219
2026-08-19 21:00:56.804,8833.06931
2026-08-19 21:00:57.218,8832.93449
2026-08-19 21:00:57.635,8832.92449
2026-08-19 21:00:58.062,8832.99749
2026-08-19 21:00:58.492,8833.00537
2026-08-19 21:00:58.919,8833.18208
2026-08-19 21:00:59.347,8833.24433
2026-08-19 21:00:59.761,8876.04171
2026-08-19 21:01:00.174,8963.1085
2026-08-19 21:01:00.598,9075.48126
2026-08-19 21:01:01.023,9216.78465
2026-08-19 21:01:01.438,9379.38921
2026-08-19 21:01:01.852,9534.45301
2026-08-19 21:01:02.268,9437.28983
2026-08-19 21:01:02.704,9270.90155
2026-08-19 21:01:03.119,9116.06878
2026-08-19 21:01:03.534,8994.94249
2026-08-19 21:01:03.961,8901.26984
2026-08-19 21:01:04.379,8851.51833
2026-08-19 21:01:04.809,8916.81821
2026-08-19 21:01:05.223,9019.48843
2026-08-19 21:01:05.636,9145.39706
2026-08-19 21:01:06.051,9294.73518
2026-08-19 21:01:06.465,9461.77032
2026-08-19 21:01:06.880,9527.03489
2026-08-19 21:01:07.358,9338.73338
2026-08-19 21:01:07.772,9178.31273
2026-08-19 21:01:08.187,9045.829
2026-08-19 21:01:08.601,8940.75299
2026-08-19 21:01:09.014,8862.95801
2026-08-19 21:01:09.447,8840.03912
2026-08-19 21:01:09.862,8840.32753
2026-08-19 21:01:10.274,8839.83895
2026-08-19 21:01:10.700,8839.32716
2026-08-19 21:01:11.115,8839.1889
2026-08-19 21:01:11.530,8838.85651
2026-08-19 21:01:11.975,8838.89374
2026-08-19 21:01:12.389,8839.05227
2026-08-19 21:01:12.814,8839.12473
2026-08-19 21:01:13.228,8839.17527
2026-08-19 21:01:13.658,8839.16868
2026-08-19 21:01:14.072,8841.18576
2026-08-19 21:01:14.487,8894.51332
2026-08-19 21:01:14.899,8985.69019
2026-08-19 21:01:15.325,9102.30324
2026-08-19 21:01:15.737,9247.75061
2026-08-19 21:01:16.159,9408.03974
2026-08-19 21:01:16.574,9545.70256
2026-08-19 21:01:17.001,9415.83467
2026-08-19 21:01:17.415,9247.16006
2026-08-19 21:01:17.843,9098.60279
2026-08-19 21:01:18.263,8981.56218
2026-08-19 21:01:18.676,8890.71216
2026-08-19 21:01:19.091,8857.77555
2026-08-19 21:01:19.506,8931.19712
2026-08-19 21:01:19.924,9033.07877
2026-08-19 21:01:20.351,9163.16031
2026-08-19 21:01:20.834,9347.23263
2026-08-19 21:01:21.249,9516.6073
2026-08-19 21:01:21.662,9477.01491
2026-08-19 21:01:22.124,9308.24313
2026-08-19 21:01:22.542,9138.17922
2026-08-19 21:01:22.970,9009.42663
2026-08-19 21:01:23.391,8913.3922
2026-08-19 21:01:23.805,8847.68567
2026-08-19 21:01:24.218,8840.23898
2026-08-19 21:01:24.651,8840.63452
2026-08-19 21:01:25.066,8841.24508
2026-08-19 21:01:25.480,8841.58485
2026-08-19 21:01:25.900,8841.72544
2026-08-19 21:01:26.315,8842.04385
2026-08-19 21:01:26.740,8842.14522
2026-08-19 21:01:27.167,8842.29337
2026-08-19 21:01:27.595,8842.34329
2026-08-19 21:01:28.012,8842.41366
2026-08-19 21:01:28.439,8842.23704
2026-08-19 21:01:28.866,8853.1519
2026-08-19 21:01:29.282,8926.4685
2026-08-19 21:01:29.694,9026.59412
2026-08-19 21:01:30.110,9152.37103
2026-08-19 21:01:30.542,9301.86565
2026-08-19 21:01:30.969,9475.8806
2026-08-19 21:01:31.385,9525.72559
2026-08-19 21:01:31.800,9354.54203
2026-08-19 21:01:32.213,9196.9528
2026-08-19 21:01:32.640,9061.8087
2026-08-19 21:01:33.057,8949.9935
2026-08-19 21:01:33.485,8866.34489
2026-08-19 21:01:33.898,8882.47926
2026-08-19 21:01:34.324,8967.86183
2026-08-19 21:01:34.743,9083.32161
2026-08-19 21:01:35.157,9223.85612
2026-08-19 21:01:35.572,9383.6871
2026-08-19 21:01:35.986,9542.00452
2026-08-19 21:01:36.399,9449.13569
2026-08-19 21:01:36.813,9282.30321
2026-08-19 21:01:37.254,9133.49157
2026-08-19 21:01:37.666,9002.74607
2026-08-19 21:01:38.095,8906.09172
2026-08-19 21:01:38.510,8847.21724
2026-08-19 21:01:38.936,8842.64923
2026-08-19 21:01:39.361,8842.8666
2026-08-19 21:01:39.776,8843.24385
2026-08-19 21:01:40.191,8843.29515
2026-08-19 21:01:40.607,8843.33989
2026-08-19 21:01:41.022,8843.29718
2026-08-19 21:01:41.503,8843.45367
2026-08-19 21:01:41.917,8843.47955
2026-08-19 21:01:42.332,8843.40751
2026-08-19 21:01:42.760,8843.51901
2026-08-19 21:01:43.174,8843.4356
2026-08-19 21:01:43.597,8862.81642
2026-08-19 21:01:44.012,8942.66916
2026-08-19 21:01:44.429,9046.66404
2026-08-19 21:01:44.842,9177.59246
2026-08-19 21:01:45.258,9329.79444
2026-08-19 21:01:45.676,9498.92586
2026-08-19 21:01:46.089,9510.52706
2026-08-19 21:01:46.515,9338.74816
2026-08-19 21:01:46.940,9179.0201
2026-08-19 21:01:47.364,9043.34451
2026-08-19 21:01:47.795,8936.28011
2026-08-19 21:01:48.212,8861.60089
2026-08-19 21:01:48.625,8896.80861
2026-08-19 21:01:49.038,8986.3564
2026-08-19 21:01:49.453,9102.3556
2026-08-19 21:01:49.882,9249.30502
2026-08-19 21:01:50.298,9412.36227
2026-08-19 21:01:50.716,9551.07486
2026-08-19 21:01:51.143,9422.7112
2026-08-19 21:01:51.561,9253.39083
2026-08-19 21:01:51.987,9107.68272
2026-08-19 21:01:52.402,8986.82107
2026-08-19 21:01:52.831,8894.97925
2026-08-19 21:01:53.257,8846.0747
2026-08-19 21:01:53.672,8845.76986
2026-08-19 21:01:54.095,8845.75652
2026-08-19 21:01:54.509,8844.95119
2026-08-19 21:01:54.923,8844.62843
2026-08-19 21:01:55.349,8844.2494
2026-08-19 21:01:55.764,8843.90359
2026-08-19 21:01:56.202,8843.77351
2026-08-19 21:01:56.615,8843.61666
2026-08-19 21:01:57.035,8843.44976
2026-08-19 21:01:57.451,8843.48145
2026-08-19 21:01:57.866,8843.49352
2026-08-19 21:01:58.333,8875.20331
2026-08-19 21:01:58.762,8959.27611
2026-08-19 21:01:59.175,9072.28887
2026-08-19 21:01:59.602,9207.28196
2026-08-19 21:02:00.029,9368.54594
2026-08-19 21:02:00.444,9537.83616
2026-08-19 21:02:00.859,9464.91311
2026-08-19 21:02:01.272,9296.30186
2026-08-19 21:02:01.686,9146.1026
2026-08-19 21:02:02.118,9016.2019
2026-08-19 21:02:02.538,8916.81132
2026-08-19 21:02:02.950,8857.62299
2026-08-19 21:02:03.365,8911.22476
2026-08-19 21:02:03.786,9005.68177
2026-08-19 21:02:04.200,9129.47619
2026-08-19 21:02:04.639,9276.03105
2026-08-19 21:02:05.053,9450.88716
2026-08-19 21:02:05.477,9543.32784
2026-08-19 21:02:05.903,9379.78424
2026-08-19 21:02:06.317,9214.79291
2026-08-19 21:02:06.745,9071.4262
2026-08-19 21:02:07.175,8957.87349
2026-08-19 21:02:07.588,8875.98806
2026-08-19 21:02:08.001,8843.50199
2026-08-19 21:02:08.429,8844.08404
2026-08-19 21:02:08.861,8844.57062
2026-08-19 21:02:09.280,8844.91092
2026-08-19 21:02:09.693,8845.09457
2026-08-19 21:02:10.119,8844.99237
2026-08-19 21:02:10.533,8845.05464
2026-08-19 21:02:10.944,8845.11814
2026-08-19 21:02:11.358,8845.17964
2026-08-19 21:02:11.776,8845.07707
2026-08-19 21:02:12.199,8845.05319
2026-08-19 21:02:12.627,8845.05351
2026-08-19 21:02:13.048,8886.23274
2026-08-19 21:02:13.470,8974.57588
2026-08-19 21:02:13.893,9089.37732
2026-08-19 21:02:14.307,9230.99356
2026-08-19 21:02:14.733,9389.62083
2026-08-19 21:02:15.147,9547.93345
2026-08-19 21:02:15.565,9445.33786
2026-08-19 21:02:15.984,9277.19589
2026-08-19 21:02:16.411,9128.04603
2026-08-19 21:02:16.825,9002.27358
2026-08-19 21:02:17.253,8908.24664
2026-08-19 21:02:17.672,8858.30891
2026-08-19 21:02:18.098,8924.59818
2026-08-19 21:02:18.525,9026.55191
2026-08-19 21:02:18.944,9157.70888
2026-08-19 21:02:19.359,9310.83503
2026-08-19 21:02:19.777,9479.16244
2026-08-19 21:02:20.206,9528.43032
2026-08-19 21:02:20.639,9345.50782
2026-08-19 21:02:21.059,9187.99082
2026-08-19 21:02:21.474,9052.5041
2026-08-19 21:02:21.888,8946.84804
2026-08-19 21:02:22.318,8868.85763
2026-08-19 21:02:22.743,8845.84299
2026-08-19 21:02:23.158,8846.34694
2026-08-19 21:02:23.586,8846.91693
2026-08-19 21:02:23.998,8847.61212
2026-08-19 21:02:24.431,8847.65203
2026-08-19 21:02:24.854,8847.85123
2026-08-19 21:02:25.267,8847.85281
2026-08-19 21:02:25.681,8847.84779
2026-08-19 21:02:26.095,8847.72855
2026-08-19 21:02:26.535,8847.84687
2026-08-19 21:02:26.964,8847.72063
2026-08-19 21:02:27.394,8851.3906
2026-08-19 21:02:27.807,8909.70081
2026-08-19 21:02:28.221,9002.37892
2026-08-19 21:02:28.640,9121.52844
2026-08-19 21:02:29.053,9267.37016
2026-08-19 21:02:29.474,9429.96267
2026-08-19 21:02:29.900,9556.62182
2026-08-19 21:02:30.315,9410.42218
2026-08-19 21:02:30.748,9247.17485
2026-08-19 21:02:31.179,9093.3295
2026-08-19 21:02:31.592,8978.25225
2026-08-19 21:02:32.010,8891.55875
2026-08-19 21:02:32.439,8870.57611
2026-08-19 21:02:32.853,8952.30881
2026-08-19 21:02:33.278,9062.05692
2026-08-19 21:02:33.693,9195.331
2026-08-19 21:02:34.119,9351.07761
2026-08-19 21:02:34.533,9526.88464
2026-08-19 21:02:34.946,9494.97822
2026-08-19 21:02:35.359,9324.78884
2026-08-19 21:02:35.800,9171.33253
2026-08-19 21:02:36.215,9033.51679
2026-08-19 21:02:36.628,8933.32687
2026-08-19 21:02:37.042,8862.54558
2026-08-19 21:02:37.454,8849.28211
2026-08-19 21:02:37.927,8849.33958
2026-08-19 21:02:38.371,8848.31123
2026-08-19 21:02:38.790,8847.53066
2026-08-19 21:02:39.208,8847.32334
2026-08-19 21:02:39.627,8847.2094
2026-08-19 21:02:40.056,8847.12233
2026-08-19 21:02:40.469,8847.22949
2026-08-19 21:02:40.892,8847.42801
2026-08-19 21:02:41.310,8847.47385
2026-08-19 21:02:41.727,8847.57605
2026-08-19 21:02:42.157,8847.58827
2026-08-19 21:02:42.581,8847.50858
2026-08-19 21:02:43.009,8847.54097
2026-08-19 21:02:43.431,8847.65369
2026-08-19 21:02:43.857,8847.74932
2026-08-19 21:02:44.285,8847.88007
2026-08-19 21:02:44.714,8847.90151
2026-08-19 21:02:45.129,8847.95721
2026-08-19 21:02:45.550,8847.92996
2026-08-19 21:02:45.971,8847.86657
2026-08-19 21:02:46.386,8847.8283
2026-08-19 21:02:46.800,8847.72191
2026-08-19 21:02:47.215,8847.46434
2026-08-19 21:02:47.632,8847.36967
2026-08-19 21:02:48.047,8847.32304
2026-08-19 21:02:48.478,8847.3172
2026-08-19 21:02:48.899,8847.4317
2026-08-19 21:02:49.314,8847.53093
2026-08-19 21:02:49.727,8847.60723
2026-08-19 21:02:50.141,8847.59601
2026-08-19 21:02:50.572,8847.53269
2026-08-19 21:02:51.001,8847.40201
2026-08-19 21:02:51.430,8847.29304
2026-08-19 21:02:51.845,8847.29929
2026-08-19 21:02:52.269,8847.24905
2026-08-19 21:02:52.701,8847.11247
2026-08-19 21:02:53.115,8846.97932
2026-08-19 21:02:53.528,8846.84923
2026-08-19 21:02:53.942,8846.7382
2026-08-19 21:02:54.369,8846.6188
2026-08-19 21:02:54.790,8846.47065
2026-08-19 21:02:55.210,8846.31551
2026-08-19 21:02:55.626,8846.13567
2026-08-19 21:02:56.039,8845.9613
2026-08-19 21:02:56.452,8845.78964
2026-08-19 21:02:56.895,8845.62454
2026-08-19 21:02:57.325,8845.47874
2026-08-19 21:02:57.739,8845.50904
2026-08-19 21:02:58.156,8845.57265
2026-08-19 21:02:58.570,8845.47867
2026-08-19 21:02:58.994,8844.26026
2026-08-19 21:02:59.414,8843.56248
2026-08-19 21:02:59.828,8843.40855
2026-08-19 21:03:00.241,8843.3406
2026-08-19 21:03:00.657,8843.22897
2026-08-19 21:03:01.101,8843.08626
2026-08-19 21:03:01.522,8842.97462
2026-08-19 21:03:01.936,8842.85437
2026-08-19 21:03:02.363,8842.73809
2026-08-19 21:03:02.779,8842.69111
2026-08-19 21:03:03.223,8842.7214
2026-08-19 21:03:03.636,8842.75648
2026-08-19 21:03:04.053,8842.83507
2026-08-19 21:03:04.467,8842.88555
2026-08-19 21:03:04.880,8842.98231
2026-08-19 21:03:05.310,8843.08365
2026-08-19 21:03:05.724,8843.21898
2026-08-19 21:03:06.137,8843.3076
2026-08-19 21:03:06.551,8843.36305
2026-08-19 21:03:06.967,8843.44524
2026-08-19 21:03:07.444,8843.57331
2026-08-19 21:03:07.859,8843.70267
2026-08-19 21:03:08.276,8843.75174
2026-08-19 21:03:08.691,8843.85209
2026-08-19 21:03:09.105,8843.91085
2026-08-19 21:03:09.519,8843.90234
2026-08-19 21:03:09.940,8843.82889
2026-08-19 21:03:10.369,8843.75875
2026-08-19 21:03:10.787,8843.66709
2026-08-19 21:03:11.200,8843.59539
2026-08-19 21:03:11.628,8843.50384
2026-08-19 21:03:12.041,8843.43011
2026-08-19 21:03:12.455,8843.31246
2026-08-19 21:03:12.881,8843.19061
2026-08-19 21:03:13.293,8843.04869
2026-08-19 21:03:13.729,8842.98034
2026-08-19 21:03:14.143,8842.9391
2026-08-19 21:03:14.565,8842.8254
2026-08-19 21:03:14.977,8842.75374
2026-08-19 21:03:15.391,8842.81148
2026-08-19 21:03:15.870,8842.80117
2026-08-19 21:03:16.282,8842.77379
2026-08-19 21:03:16.701,8842.78147
2026-08-19 21:03:17.118,8842.71314
2026-08-19 21:03:17.532,8842.69104
2026-08-19 21:03:17.960,8842.82114
2026-08-19 21:03:18.381,8843.03341
2026-08-19 21:03:18.808,8843.20076
2026-08-19 21:03:19.232,8843.36674
2026-08-19 21:03:19.725,8866.91987
2026-08-19 21:03:20.139,8948.40345
2026-08-19 21:03:20.554,9055.52997
2026-08-19 21:03:20.968,9187.98149
2026-08-19 21:03:21.436,9362.56305
2026-08-19 21:03:21.850,9531.33577
2026-08-19 21:03:22.263,9486.09287
2026-08-19 21:03:22.678,9317.31574
2026-08-19 21:03:23.103,9164.51493
2026-08-19 21:03:23.529,9032.28558
2026-08-19 21:03:23.956,8925.37354
2026-08-19 21:03:24.368,8859.50425
2026-08-19 21:03:24.783,8906.52789
2026-08-19 21:03:25.197,9000.08283
2026-08-19 21:03:25.638,9124.77282
2026-08-19 21:03:26.052,9274.46042
2026-08-19 21:03:26.465,9438.68201
2026-08-19 21:03:26.891,9553.50106
2026-08-19 21:03:27.307,9401.12051
2026-08-19 21:03:27.743,9238.45838
2026-08-19 21:03:28.170,9089.93435
2026-08-19 21:03:28.597,8972.74709
2026-08-19 21:03:29.025,8884.49258
2026-08-19 21:03:29.439,8845.71625
2026-08-19 21:03:29.855,8846.39294
2026-08-19 21:03:30.267,8846.54115
2026-08-19 21:03:30.682,8847.02317
2026-08-19 21:03:31.095,8847.1021
2026-08-19 21:03:31.508,8847.25239
2026-08-19 21:03:31.921,8847.22628
2026-08-19 21:03:32.398,8847.26272
2026-08-19 21:03:32.825,8847.31
2026-08-19 21:03:33.239,8847.41704
2026-08-19 21:03:33.653,8847.34985
2026-08-19 21:03:34.149,8847.35675
2026-08-19 21:03:34.570,8901.67421
2026-08-19 21:03:34.983,8994.79508
2026-08-19 21:03:35.396,9112.00696
2026-08-19 21:03:35.809,9253.66058
2026-08-19 21:03:36.245,9414.29585
2026-08-19 21:03:36.660,9559.18842
2026-08-19 21:03:37.074,9429.40227
2026-08-19 21:03:37.489,9264.7409
2026-08-19 21:03:37.904,9118.91664
2026-08-19 21:03:38.346,8998.6905
2026-08-19 21:03:38.766,8901.18771
2026-08-19 21:03:39.180,8865.90159
2026-08-19 21:03:39.594,8939.38203
2026-08-19 21:03:40.022,9041.79581
2026-08-19 21:03:40.447,9175.07133
2026-08-19 21:03:40.860,9331.4418
2026-08-19 21:03:41.284,9499.1828
2026-08-19 21:03:41.711,9512.19627
2026-08-19 21:03:42.124,9334.5011
2026-08-19 21:03:42.559,9174.37311
2026-08-19 21:03:42.974,9041.06589
2026-08-19 21:03:43.388,8937.71144
2026-08-19 21:03:43.802,8862.63373
2026-08-19 21:03:44.216,8844.87366
2026-08-19 21:03:44.658,8845.26623
2026-08-19 21:03:45.072,8845.50577
2026-08-19 21:03:45.499,8845.49066
2026-08-19 21:03:45.913,8845.60754
2026-08-19 21:03:46.375,8845.63413
2026-08-19 21:03:46.805,8845.46589
2026-08-19 21:03:47.219,8845.20162
2026-08-19 21:03:47.639,8845.13035
2026-08-19 21:03:48.052,8844.9912
2026-08-19 21:03:48.466,8844.86025
2026-08-19 21:03:48.886,8850.10272
2026-08-19 21:03:49.301,8913.76013
2026-08-19 21:03:49.716,9009.53824
2026-08-19 21:03:50.133,9131.36088
2026-08-19 21:03:50.547,9278.03522
2026-08-19 21:03:51.008,9461.77071
2026-08-19 21:03:51.422,9546.31447
2026-08-19 21:03:51.836,9383.60843
2026-08-19 21:03:52.251,9223.60373
2026-08-19 21:03:52.676,9084.27171
2026-08-19 21:03:53.099,8968.99216
2026-08-19 21:03:53.519,8882.54469
2026-08-19 21:03:53.933,8876.89995
2026-08-19 21:03:54.356,8959.95288
2026-08-19 21:03:54.772,9071.39166
2026-08-19 21:03:55.211,9207.66486
2026-08-19 21:03:55.630,9374.93039
2026-08-19 21:03:56.044,9542.79792
2026-08-19 21:03:56.457,9473.42298
2026-08-19 21:03:56.889,9298.24488
2026-08-19 21:03:57.313,9147.15484
2026-08-19 21:03:57.737,9018.65309
2026-08-19 21:03:58.152,8919.67327
2026-08-19 21:03:58.565,8855.15254
2026-08-19 21:03:58.989,8847.73884
2026-08-19 21:03:59.421,8847.89135
2026-08-19 21:03:59.835,8847.91306
2026-08-19 21:04:00.261,8846.85651
2026-08-19 21:04:00.675,8846.39972
2026-08-19 21:04:01.089,8846.21598
2026-08-19 21:04:01.528,8846.21375
2026-08-19 21:04:01.941,8846.15557
2026-08-19 21:04:02.358,8846.02176
2026-08-19 21:04:02.786,8846.04048
2026-08-19 21:04:03.208,8845.86532
2026-08-19 21:04:03.635,8857.89448
2026-08-19 21:04:04.065,8935.71672
2026-08-19 21:04:04.478,9037.53187
2026-08-19 21:04:04.901,9164.9609
2026-08-19 21:04:05.328,9318.87761
2026-08-19 21:04:05.741,9492.00266
2026-08-19 21:04:06.155,9528.04516
2026-08-19 21:04:06.578,9356.09385
2026-08-19 21:04:06.993,9194.77712
2026-08-19 21:04:07.411,9059.68154
2026-08-19 21:04:07.841,8951.19186
2026-08-19 21:04:08.256,8868.60219
2026-08-19 21:04:08.671,8887.81268
2026-08-19 21:04:09.085,8974.68954
2026-08-19 21:04:09.511,9087.95888
2026-08-19 21:04:09.938,9231.39659
2026-08-19 21:04:10.352,9396.78787
2026-08-19 21:04:10.791,9551.73436
2026-08-19 21:04:11.210,9434.60431
2026-08-19 21:04:11.624,9266.89071
2026-08-19 21:04:12.039,9120.09349
2026-08-19 21:04:12.462,8999.12804
2026-08-19 21:04:12.876,8904.85922
2026-08-19 21:04:13.295,8848.65514
2026-08-19 21:04:13.710,8845.43005
2026-08-19 21:04:14.137,8845.55178
2026-08-19 21:04:14.550,8845.90607
2026-08-19 21:04:14.971,8845.87876
2026-08-19 21:04:15.398,8845.96996
2026-08-19 21:04:15.812,8845.7813
2026-08-19 21:04:16.248,8845.60034
2026-08-19 21:04:16.664,8845.48977
2026-08-19 21:04:17.078,8845.42049
2026-08-19 21:04:17.493,8845.33776
2026-08-19 21:04:17.906,8845.27474
2026-08-19 21:04:18.373,8868.27276
2026-08-19 21:04:18.787,8948.36801
2026-08-19 21:04:19.202,9054.12386
2026-08-19 21:04:19.617,9185.88483
2026-08-19 21:04:20.044,9345.12314
2026-08-19 21:04:20.492,9514.45906
2026-08-19 21:04:20.905,9490.80053
2026-08-19 21:04:21.334,9314.95003
2026-08-19 21:04:21.748,9162.69313
2026-08-19 21:04:22.163,9033.64442
2026-08-19 21:04:22.577,8932.19322
2026-08-19 21:04:22.991,8861.45651
2026-08-19 21:04:23.412,8901.14191
2026-08-19 21:04:23.826,8994.15071
2026-08-19 21:04:24.254,9116.79701
2026-08-19 21:04:24.685,9260.95854
2026-08-19 21:04:25.109,9431.63115
2026-08-19 21:04:25.521,9552.65131
2026-08-19 21:04:25.949,9406.13103
2026-08-19 21:04:26.363,9238.19506
2026-08-19 21:04:26.809,9090.42885
2026-08-19 21:04:27.225,8972.56556
2026-08-19 21:04:27.653,8886.34856
2026-08-19 21:04:28.067,8844.75753
2026-08-19 21:04:28.484,8845.30992
2026-08-19 21:04:28.903,8845.66739
2026-08-19 21:04:29.317,8846.20699
2026-08-19 21:04:29.732,8846.27996
2026-08-19 21:04:30.146,8846.69288
2026-08-19 21:04:30.610,8846.9069
2026-08-19 21:04:31.033,8846.86524
2026-08-19 21:04:31.448,8846.96487
2026-08-19 21:04:31.862,8847.01242
2026-08-19 21:04:32.275,8847.14584
2026-08-19 21:04:32.689,8847.31454
2026-08-19 21:04:33.116,8881.18185
2026-08-19 21:04:33.530,8969.58646
2026-08-19 21:04:33.951,9080.4812
2026-08-19 21:04:34.379,9219.34634
2026-08-19 21:04:34.793,9382.08551
2026-08-19 21:04:35.223,9546.18778
2026-08-19 21:04:35.640,9464.28842
2026-08-19 21:04:36.053,9294.80397
2026-08-19 21:04:36.467,9144.91508
2026-08-19 21:04:36.887,9019.80775
2026-08-19 21:04:37.360,8910.47502
2026-08-19 21:04:37.775,8862.60673
2026-08-19 21:04:38.189,8928.37989
2026-08-19 21:04:38.601,9027.13472
2026-08-19 21:04:39.016,9152.51894
2026-08-19 21:04:39.436,9302.27221
2026-08-19 21:04:39.848,9471.65263
2026-08-19 21:04:40.261,9543.39502
2026-08-19 21:04:40.677,9376.99087
2026-08-19 21:04:41.104,9211.54073
2026-08-19 21:04:41.538,9074.00368
2026-08-19 21:04:41.953,8959.20017
2026-08-19 21:04:42.369,8877.58037
2026-08-19 21:04:42.782,8847.56593
2026-08-19 21:04:43.209,8848.01723
2026-08-19 21:04:43.649,8847.60401
2026-08-19 21:04:44.080,8846.67606
2026-08-19 21:04:44.508,8846.35922
2026-08-19 21:04:44.921,8846.10009
2026-08-19 21:04:45.334,8845.97223
2026-08-19 21:04:45.752,8845.79969
2026-08-19 21:04:46.166,8845.69642
2026-08-19 21:04:46.579,8845.73391
2026-08-19 21:04:46.992,8845.68029
2026-08-19 21:04:47.407,8846.12939
2026-08-19 21:04:47.843,8890.15265
2026-08-19 21:04:48.257,8983.85983
2026-08-19 21:04:48.675,9098.8907
2026-08-19 21:04:49.094,9240.74927
2026-08-19 21:04:49.521,9403.17276
2026-08-19 21:04:49.940,9557.05301
2026-08-19 21:04:50.355,9441.63554
2026-08-19 21:04:50.768,9275.14394
2026-08-19 21:04:51.190,9127.9437
2026-08-19 21:04:51.606,9004.3096
2026-08-19 21:04:52.039,8910.12499
2026-08-19 21:04:52.467,8863.66814
2026-08-19 21:04:52.884,8934.95638
2026-08-19 21:04:53.302,9036.31034
2026-08-19 21:04:53.715,9165.6556
2026-08-19 21:04:54.149,9322.82422
2026-08-19 21:04:54.563,9493.50085
2026-08-19 21:04:54.983,9529.14261
2026-08-19 21:04:55.396,9353.74364
2026-08-19 21:04:55.824,9192.08775
2026-08-19 21:04:56.256,9054.31115
2026-08-19 21:04:56.684,8947.86279
2026-08-19 21:04:57.105,8868.41531
2026-08-19 21:04:57.522,8849.08582
2026-08-19 21:04:57.941,8849.58224
2026-08-19 21:04:58.366,8849.96708
2026-08-19 21:04:58.791,8850.36631
2026-08-19 21:04:59.205,8850.43085
2026-08-19 21:04:59.620,8850.44766
2026-08-19 21:05:00.048,8850.41975
2026-08-19 21:05:00.476,8850.31452
2026-08-19 21:05:00.901,8850.21069
2026-08-19 21:05:01.315,8850.1365
2026-08-19 21:05:01.730,8850.04572
2026-08-19 21:05:02.144,8852.49081
2026-08-19 21:05:02.558,8908.19757
2026-08-19 21:05:02.984,9000.56506
2026-08-19 21:05:03.449,9136.15672
2026-08-19 21:05:03.864,9285.29343
2026-08-19 21:05:04.278,9450.13087
2026-08-19 21:05:04.693,9558.45852
2026-08-19 21:05:05.107,9405.33363
2026-08-19 21:05:05.521,9242.64967
2026-08-19 21:05:05.936,9100.33851
2026-08-19 21:05:06.366,8984.29171
2026-08-19 21:05:06.783,8892.09919
2026-08-19 21:05:07.197,8871.31386
2026-08-19 21:05:07.610,8950.02303
2026-08-19 21:05:08.023,9054.91397
2026-08-19 21:05:08.467,9187.18508
2026-08-19 21:05:08.879,9353.39409
2026-08-19 21:05:09.293,9524.43074
2026-08-19 21:05:09.707,9498.08426
2026-08-19 21:05:10.120,9326.79125
2026-08-19 21:05:10.560,9172.59055
2026-08-19 21:05:10.987,9034.67065
2026-08-19 21:05:11.400,8930.90225
2026-08-19 21:05:11.814,8860.48153
2026-08-19 21:05:12.230,8847.95515
2026-08-19 21:05:12.671,8848.16066
2026-08-19 21:05:13.087,8848.59345
2026-08-19 21:05:13.503,8848.92642
2026-08-19 21:05:13.919,8849.02882
2026-08-19 21:05:14.332,8849.2782
2026-08-19 21:05:14.761,8849.3622
2026-08-19 21:05:15.190,8849.382
2026-08-19 21:05:15.610,8849.46805
2026-08-19 21:05:16.024,8849.72922
2026-08-19 21:05:16.442,8849.76885
2026-08-19 21:05:16.868,8856.00631
2026-08-19 21:05:17.306,8925.09068
2026-08-19 21:05:17.733,9024.95308
2026-08-19 21:05:18.155,9153.73894
2026-08-19 21:05:18.567,9305.19911
2026-08-19 21:05:18.994,9471.09101
2026-08-19 21:05:19.408,9549.47255
2026-08-19 21:05:19.837,9377.26418
2026-08-19 21:05:20.266,9211.62677
2026-08-19 21:05:20.686,9073.30198
2026-08-19 21:05:21.112,8963.51963
2026-08-19 21:05:21.528,8879.3591
2026-08-19 21:05:21.955,8888.14918
2026-08-19 21:05:22.369,8976.0843
2026-08-19 21:05:22.798,9089.52005
2026-08-19 21:05:23.212,9231.76847
2026-08-19 21:05:23.695,9397.11239
2026-08-19 21:05:24.123,9561.53279
2026-08-19 21:05:24.540,9431.3905
2026-08-19 21:05:24.953,9265.17435
2026-08-19 21:05:25.371,9119.91697
2026-08-19 21:05:25.788,8999.83769
2026-08-19 21:05:26.201,8908.6085
2026-08-19 21:05:26.616,8855.2502
2026-08-19 21:05:27.030,8853.12361
2026-08-19 21:05:27.444,8852.70148
2026-08-19 21:05:27.859,8851.9781
2026-08-19 21:05:28.291,8851.72746
2026-08-19 21:05:28.704,8851.80403
2026-08-19 21:05:29.118,8851.72783
2026-08-19 21:05:29.532,8851.77714
2026-08-19 21:05:29.945,8851.75221
2026-08-19 21:05:30.360,8851.62515
2026-08-19 21:05:30.775,8851.58057
2026-08-19 21:05:31.251,8851.53339
2026-08-19 21:05:31.679,8872.78659
2026-08-19 21:05:32.092,8955.46343
2026-08-19 21:05:32.505,9061.05729
2026-08-19 21:05:32.924,9192.7419
2026-08-19 21:05:33.415,9380.09227
2026-08-19 21:05:33.830,9547.504
2026-08-19 21:05:34.258,9485.44149
2026-08-19 21:05:34.671,9310.06349
2026-08-19 21:05:35.112,9158.42057
2026-08-19 21:05:35.526,9024.05575
2026-08-19 21:05:35.940,8926.68128
2026-08-19 21:05:36.359,8866.66581
2026-08-19 21:05:36.773,8921.50866
2026-08-19 21:05:37.238,9030.54128
2026-08-19 21:05:37.660,9156.30826
2026-08-19 21:05:38.085,9308.8609
2026-08-19 21:05:38.498,9481.28679
2026-08-19 21:05:38.916,9551.80295
2026-08-19 21:05:39.334,9382.71263
2026-08-19 21:05:39.748,9220.74812
2026-08-19 21:05:40.175,9078.26071
2026-08-19 21:05:40.588,8968.45903
2026-08-19 21:05:41.009,8885.99203
2026-08-19 21:05:41.439,8853.42882
2026-08-19 21:05:41.853,8854.22563
2026-08-19 21:05:42.270,8854.66982
2026-08-19 21:05:42.684,8855.03203
2026-08-19 21:05:43.097,8855.07055
2026-08-19 21:05:43.510,8855.25915
2026-08-19 21:05:43.975,8855.23317
2026-08-19 21:05:44.395,8855.09645
2026-08-19 21:05:44.866,8855.05131
2026-08-19 21:05:45.305,8855.23509
2026-08-19 21:05:45.718,8855.21057
2026-08-19 21:05:46.135,8858.10474
2026-08-19 21:05:46.563,8915.15068
2026-08-19 21:05:46.978,9011.49998
2026-08-19 21:05:47.395,9131.5251
2026-08-19 21:05:47.811,9277.18318
2026-08-19 21:05:48.226,9441.8037
2026-08-19 21:05:48.642,9573.27764
2026-08-19 21:05:49.108,9414.44962
2026-08-19 21:05:49.523,9250.91302
2026-08-19 21:05:49.939,9107.54631
2026-08-19 21:05:50.353,8990.34344
2026-08-19 21:05:50.766,8901.70563
2026-08-19 21:05:51.193,8874.0035
2026-08-19 21:05:51.614,8952.9999
2026-08-19 21:05:52.029,9059.85666
2026-08-19 21:05:52.455,9192.32129
2026-08-19 21:05:52.871,9352.489
2026-08-19 21:05:53.286,9524.702
2026-08-19 21:05:53.716,9519.25974
2026-08-19 21:05:54.129,9340.25577
2026-08-19 21:05:54.560,9179.90414
2026-08-19 21:05:54.977,9048.34996
2026-08-19 21:05:55.398,8945.31834
2026-08-19 21:05:55.818,8870.82674
2026-08-19 21:05:56.235,8856.22631
2026-08-19 21:05:56.650,8856.64682
2026-08-19 21:05:57.078,8857.13586
2026-08-19 21:05:57.507,8857.4942
2026-08-19 21:05:57.922,8857.65876
2026-08-19 21:05:58.350,8857.76012
2026-08-19 21:05:58.762,8857.81865
2026-08-19 21:05:59.184,8857.9953
2026-08-19 21:05:59.609,8858.0749
2026-08-19 21:06:00.029,8858.22219
2026-08-19 21:06:00.443,8858.29159
2026-08-19 21:06:00.859,8863.13865
2026-08-19 21:06:01.273,8924.91862
2026-08-19 21:06:01.709,9019.73163
2026-08-19 21:06:02.122,9148.17226
2026-08-19 21:06:02.553,9300.7871
2026-08-19 21:06:02.972,9466.76022
2026-08-19 21:06:03.389,9567.32876
2026-08-19 21:06:03.802,9407.59945
2026-08-19 21:06:04.216,9245.21472
2026-08-19 21:06:04.630,9103.52501
2026-08-19 21:06:05.047,8989.09819
2026-08-19 21:06:05.462,8901.74281
2026-08-19 21:06:05.923,8889.92539
2026-08-19 21:06:06.335,8972.88665
2026-08-19 21:06:06.749,9081.29804
2026-08-19 21:06:07.161,9216.71404
2026-08-19 21:06:07.632,9373.64839
2026-08-19 21:06:08.052,9562.55286
2026-08-19 21:06:08.465,9480.14941
2026-08-19 21:06:08.878,9309.95897
2026-08-19 21:06:09.306,9158.75019
2026-08-19 21:06:09.720,9028.40758
2026-08-19 21:06:10.135,8931.51098
2026-08-19 21:06:10.563,8865.942
2026-08-19 21:06:10.976,8858.41017
2026-08-19 21:06:11.391,8858.61475
2026-08-19 21:06:11.852,8858.91258
2026-08-19 21:06:12.271,8859.41461
2026-08-19 21:06:12.700,8859.31794
2026-08-19 21:06:13.124,8859.43225
2026-08-19 21:06:13.538,8859.40021
2026-08-19 21:06:13.967,8859.44809
2026-08-19 21:06:14.397,8859.55945
2026-08-19 21:06:14.811,8859.71871
2026-08-19 21:06:15.224,8859.83952
2026-08-19 21:06:15.651,8875.04977
2026-08-19 21:06:16.066,8953.63852
2026-08-19 21:06:16.481,9056.69103
2026-08-19 21:06:16.899,9186.10283
2026-08-19 21:06:17.312,9340.2072
2026-08-19 21:06:17.728,9509.25561
2026-08-19 21:06:18.145,9547.28515
2026-08-19 21:06:18.559,9372.71212
2026-08-19 21:06:18.984,9214.3214
2026-08-19 21:06:19.412,9074.41604
2026-08-19 21:06:19.841,8963.25813
2026-08-19 21:06:20.255,8882.2902
2026-08-19 21:06:20.683,8908.43969
2026-08-19 21:06:21.108,8997.35915
2026-08-19 21:06:21.522,9116.52885
2026-08-19 21:06:21.939,9258.97392
2026-08-19 21:06:22.367,9422.47031
2026-08-19 21:06:22.781,9573.46403
2026-08-19 21:06:23.194,9452.3139
2026-08-19 21:06:23.620,9285.62665
2026-08-19 21:06:24.047,9133.96507
2026-08-19 21:06:24.461,9009.50119
2026-08-19 21:06:24.875,8917.6622
2026-08-19 21:06:25.302,8863.0049
2026-08-19 21:06:25.715,8860.4455
2026-08-19 21:06:26.130,8860.55848
2026-08-19 21:06:26.543,8860.99798
2026-08-19 21:06:26.965,8861.27156
2026-08-19 21:06:27.385,8861.02502
2026-08-19 21:06:27.800,8859.84659
2026-08-19 21:06:28.214,8859.51247
2026-08-19 21:06:28.627,8859.39227
2026-08-19 21:06:29.093,8859.41416
2026-08-19 21:06:29.507,8859.31113
2026-08-19 21:06:29.921,8859.21881
2026-08-19 21:06:30.335,8879.16345
2026-08-19 21:06:30.748,8957.81823
2026-08-19 21:06:31.179,9062.1397
2026-08-19 21:06:31.592,9198.87898
2026-08-19 21:06:32.007,9352.82592
2026-08-19 21:06:32.420,9523.85574
2026-08-19 21:06:32.836,9531.9216
2026-08-19 21:06:33.251,9357.06001
2026-08-19 21:06:33.727,9181.20393
2026-08-19 21:06:34.141,9048.02396
2026-08-19 21:06:34.601,8946.37403
2026-08-19 21:06:35.027,8873.47239
2026-08-19 21:06:35.457,8927.54468
2026-08-19 21:06:35.871,9025.26773
2026-08-19 21:06:36.290,9148.37829
2026-08-19 21:06:36.704,9298.33463
2026-08-19 21:06:37.117,9464.83804
2026-08-19 21:06:37.544,9569.03834
2026-08-19 21:06:37.962,9407.96219
2026-08-19 21:06:38.389,9244.1332
2026-08-19 21:06:38.807,9098.59712
2026-08-19 21:06:39.236,8984.06113
2026-08-19 21:06:39.648,8896.36373
2026-08-19 21:06:40.075,8859.26128
2026-08-19 21:06:40.488,8859.8261
2026-08-19 21:06:40.908,8859.95614
2026-08-19 21:06:41.320,8860.11437
2026-08-19 21:06:41.757,8860.30935
2026-08-19 21:06:42.181,8860.47242
2026-08-19 21:06:42.598,8860.26211
2026-08-19 21:06:43.012,8860.14233
2026-08-19 21:06:43.445,8860.18771
2026-08-19 21:06:43.872,8860.11988
2026-08-19 21:06:44.285,8860.07804
2026-08-19 21:06:44.700,8859.91588
2026-08-19 21:06:45.113,8898.92001
2026-08-19 21:06:45.527,8985.23142
2026-08-19 21:06:45.954,9097.25288
2026-08-19 21:06:46.367,9239.44766
2026-08-19 21:06:46.780,9398.00424
2026-08-19 21:06:47.207,9562.09405
2026-08-19 21:06:47.620,9479.77869
2026-08-19 21:06:48.054,9305.02505
2026-08-19 21:06:48.482,9152.78509
2026-08-19 21:06:48.896,9024.08578
2026-08-19 21:06:49.309,8927.79545
2026-08-19 21:06:49.723,8872.17216
2026-08-19 21:06:50.138,8930.12587
2026-08-19 21:06:50.553,9026.55635
2026-08-19 21:06:50.979,9150.7161
2026-08-19 21:06:51.400,9303.92032
2026-08-19 21:06:51.813,9474.33703
2026-08-19 21:06:52.227,9560.43003
2026-08-19 21:06:52.639,9397.39859
2026-08-19 21:06:53.113,9218.58902
2026-08-19 21:06:53.527,9077.58172
2026-08-19 21:06:53.953,8968.59577
2026-08-19 21:06:54.366,8885.3243
2026-08-19 21:06:54.781,8857.6998
2026-08-19 21:06:55.202,8858.4621
2026-08-19 21:06:55.615,8858.95495
2026-08-19 21:06:56.040,8859.33248
2026-08-19 21:06:56.453,8859.3475
2026-08-19 21:06:56.884,8859.46705
2026-08-19 21:06:57.311,8859.40645
2026-08-19 21:06:57.735,8859.26651
2026-08-19 21:06:58.150,8859.36796
2026-08-19 21:06:58.563,8859.50078
2026-08-19 21:06:58.978,8859.45266
2026-08-19 21:06:59.417,8859.60362
2026-08-19 21:06:59.832,8908.46208
2026-08-19 21:07:00.245,8998.30492
2026-08-19 21:07:00.668,9113.93416
2026-08-19 21:07:01.081,9258.30882
2026-08-19 21:07:01.512,9424.98325
2026-08-19 21:07:01.926,9573.76989
2026-08-19 21:07:02.339,9456.25605
2026-08-19 21:07:02.753,9289.53863
2026-08-19 21:07:03.167,9141.55025
2026-08-19 21:07:03.629,9006.87151
2026-08-19 21:07:04.041,8915.83315
2026-08-19 21:07:04.456,8878.18678
2026-08-19 21:07:04.878,8949.98557
2026-08-19 21:07:05.306,9053.97915
2026-08-19 21:07:05.728,9187.96544
2026-08-19 21:07:06.142,9344.78846
2026-08-19 21:07:06.556,9515.26731
2026-08-19 21:07:06.970,9544.38907
2026-08-19 21:07:07.396,9370.67927
2026-08-19 21:07:07.853,9192.67035
2026-08-19 21:07:08.284,9056.33065
2026-08-19 21:07:08.703,8952.512
2026-08-19 21:07:09.118,8877.81919
2026-08-19 21:07:09.532,8862.4335
2026-08-19 21:07:09.951,8862.71696
2026-08-19 21:07:10.365,8862.1763
2026-08-19 21:07:10.779,8861.65835
2026-08-19 21:07:11.194,8861.57645
2026-08-19 21:07:11.608,8861.52183
2026-08-19 21:07:12.075,8861.66218
2026-08-19 21:07:12.489,8861.59229
2026-08-19 21:07:12.902,8861.59078
2026-08-19 21:07:13.316,8861.6005
2026-08-19 21:07:13.730,8861.61105
2026-08-19 21:07:14.151,8864.87791
2026-08-19 21:07:14.564,8924.25576
2026-08-19 21:07:14.989,9017.44886
2026-08-19 21:07:15.408,9140.88554
2026-08-19 21:07:15.821,9288.13171
2026-08-19 21:07:16.258,9457.54691
2026-08-19 21:07:16.672,9573.95274
2026-08-19 21:07:17.099,9422.55298
2026-08-19 21:07:17.517,9254.11639
2026-08-19 21:07:17.930,9109.73323
2026-08-19 21:07:18.363,8990.48428
2026-08-19 21:07:18.783,8902.97271
2026-08-19 21:07:19.197,8885.41365
2026-08-19 21:07:19.612,8965.53856
2026-08-19 21:07:20.026,9072.10084
2026-08-19 21:07:20.455,9205.35906
2026-08-19 21:07:20.869,9367.21794
2026-08-19 21:07:21.285,9539.35447
2026-08-19 21:07:21.711,9515.30366
2026-08-19 21:07:22.125,9338.24338
2026-08-19 21:07:22.563,9178.81665
2026-08-19 21:07:22.978,9045.89891
2026-08-19 21:07:23.401,8944.92784
2026-08-19 21:07:23.816,8872.71703
2026-08-19 21:07:24.233,8860.92274
2026-08-19 21:07:24.673,8861.23299
2026-08-19 21:07:25.091,8861.67961
2026-08-19 21:07:25.504,8861.99396
2026-08-19 21:07:25.931,8862.12709
2026-08-19 21:07:26.346,8862.25446
2026-08-19 21:07:26.781,8862.12084
2026-08-19 21:07:27.194,8861.9975
2026-08-19 21:07:27.621,8861.89501
2026-08-19 21:07:28.033,8861.94493
2026-08-19 21:07:28.494,8861.69868
2026-08-19 21:07:28.915,8873.3304
2026-08-19 21:07:29.328,8945.23877
2026-08-19 21:07:29.755,9044.94733
2026-08-19 21:07:30.169,9175.47476
2026-08-19 21:07:30.584,9326.16354
2026-08-19 21:07:31.000,9494.39858
2026-08-19 21:07:31.414,9558.74247
2026-08-19 21:07:31.828,9388.9881
2026-08-19 21:07:32.243,9228.55954
2026-08-19 21:07:32.657,9090.29443
2026-08-19 21:07:33.119,8967.44542
2026-08-19 21:07:33.544,8885.9012
2026-08-19 21:07:33.969,8902.7924
2026-08-19 21:07:34.387,8992.13243
2026-08-19 21:07:34.800,9107.22341
2026-08-19 21:07:35.233,9249.21955
2026-08-19 21:07:35.646,9416.35778
2026-08-19 21:07:36.065,9569.55834
2026-08-19 21:07:36.494,9459.91705
2026-08-19 21:07:36.908,9286.6378
2026-08-19 21:07:37.335,9133.99658
2026-08-19 21:07:37.749,9013.08789
2026-08-19 21:07:38.167,8920.23782
2026-08-19 21:07:38.580,8863.34613
2026-08-19 21:07:38.996,8860.1942
2026-08-19 21:07:39.415,8860.35424
2026-08-19 21:07:39.844,8860.93895
2026-08-19 21:07:40.257,8861.19287
2026-08-19 21:07:40.677,8861.52149
2026-08-19 21:07:41.090,8861.5914
2026-08-19 21:07:41.515,8861.79922
2026-08-19 21:07:41.930,8861.7753
2026-08-19 21:07:42.343,8861.86183
2026-08-19 21:07:42.755,8861.97951
2026-08-19 21:07:43.169,8861.91721
2026-08-19 21:07:43.582,8861.8714
2026-08-19 21:07:44.048,8861.71536
2026-08-19 21:07:44.468,8861.60285
2026-08-19 21:07:44.958,8861.58631
2026-08-19 21:07:45.382,8861.45276
2026-08-19 21:07:45.800,8861.42461
2026-08-19 21:07:46.215,8861.36126
2026-08-19 21:07:46.645,8861.33458
2026-08-19 21:07:47.070,8861.28681
2026-08-19 21:07:47.485,8861.42537
2026-08-19 21:07:47.907,8861.4713
2026-08-19 21:07:48.322,8861.55174
2026-08-19 21:07:48.737,8861.72203
2026-08-19 21:07:49.168,8861.97951
2026-08-19 21:07:49.581,8862.21381
2026-08-19 21:07:49.995,8862.49396
2026-08-19 21:07:50.412,8862.6563
2026-08-19 21:07:50.832,8862.7902
2026-08-19 21:07:51.263,8862.91466
2026-08-19 21:07:51.678,8862.98518
2026-08-19 21:07:52.098,8863.19072
2026-08-19 21:07:52.514,8863.3458
2026-08-19 21:07:52.928,8862.92142
2026-08-19 21:07:53.369,8861.8567
2026-08-19 21:07:53.784,8861.48144
2026-08-19 21:07:54.197,8861.52558
2026-08-19 21:07:54.625,8861.47082
2026-08-19 21:07:55.039,8861.4724
2026-08-19 21:07:55.476,8861.44613
2026-08-19 21:07:55.891,8861.3865
2026-08-19 21:07:56.320,8861.41348
2026-08-19 21:07:56.737,8861.29852
2026-08-19 21:07:57.150,8861.27068
2026-08-19 21:07:57.584,8861.22827
2026-08-19 21:07:57.998,8861.19779
2026-08-19 21:07:58.410,8861.20149
2026-08-19 21:07:58.823,8861.08836
2026-08-19 21:07:59.237,8861.10884
2026-08-19 21:07:59.652,8860.96286
2026-08-19 21:08:00.118,8860.91713
2026-08-19 21:08:00.533,8860.89906
2026-08-19 21:08:00.946,8860.90319
2026-08-19 21:08:01.360,8861.0587
2026-08-19 21:08:01.785,8861.16106
2026-08-19 21:08:02.200,8861.3568
2026-08-19 21:08:02.627,8861.28471
2026-08-19 21:08:03.041,8861.26705
2026-08-19 21:08:03.470,8861.2654
2026-08-19 21:08:03.884,8861.12827
2026-08-19 21:08:04.319,8861.09222
2026-08-19 21:08:04.737,8861.11469
2026-08-19 21:08:05.150,8860.99703
2026-08-19 21:08:05.575,8861.04902
2026-08-19 21:08:05.989,8860.94978
2026-08-19 21:08:06.403,8861.03284
2026-08-19 21:08:06.847,8861.03711
2026-08-19 21:08:07.271,8861.11172
2026-08-19 21:08:07.685,8861.23739
2026-08-19 21:08:08.104,8861.32531
2026-08-19 21:08:08.522,8861.51318
2026-08-19 21:08:08.948,8861.70616
2026-08-19 21:08:09.363,8861.74325
2026-08-19 21:08:09.778,8862.00381
2026-08-19 21:08:10.192,8861.95428
2026-08-19 21:08:10.607,8861.94534
2026-08-19 21:08:11.067,8861.9629
2026-08-19 21:08:11.489,8861.87775
2026-08-19 21:08:11.917,8861.96201
2026-08-19 21:08:12.331,8862.03244
2026-08-19 21:08:12.746,8862.31267
2026-08-19 21:08:13.169,8862.3266
2026-08-19 21:08:13.582,8861.46104
2026-08-19 21:08:13.996,8860.49197
2026-08-19 21:08:14.423,8860.24851
2026-08-19 21:08:14.842,8860.24605
2026-08-19 21:08:15.256,8860.22239
2026-08-19 21:08:15.694,8860.08242
2026-08-19 21:08:16.111,8860.10386
2026-08-19 21:08:16.530,8860.05911
2026-08-19 21:08:16.950,8860.00829
2026-08-19 21:08:17.366,8860.05224
2026-08-19 21:08:17.779,8860.02192
2026-08-19 21:08:18.220,8860.10931
2026-08-19 21:08:18.638,8860.24121
2026-08-19 21:08:19.056,8860.24322
2026-08-19 21:08:19.470,8860.50336
2026-08-19 21:08:19.883,8860.68215
2026-08-19 21:08:20.302,8860.92932
2026-08-19 21:08:20.717,8861.14592
2026-08-19 21:08:21.145,8861.32708
2026-08-19 21:08:21.563,8861.58576
2026-08-19 21:08:21.977,8861.57537
2026-08-19 21:08:22.408,8861.65157
2026-08-19 21:08:22.828,8861.66218
2026-08-19 21:08:23.247,8861.75559
2026-08-19 21:08:23.660,8861.9123
2026-08-19 21:08:24.088,8861.87856
2026-08-19 21:08:24.502,8862.00064
2026-08-19 21:08:24.933,8862.02006
2026-08-19 21:08:25.347,8862.00476
2026-08-19 21:08:25.760,8862.03901
2026-08-19 21:08:26.187,8862.03863
2026-08-19 21:08:26.601,8862.20608
2026-08-19 21:08:27.030,8862.16693
2026-08-19 21:08:27.443,8862.29418
2026-08-19 21:08:27.859,8862.31954
2026-08-19 21:08:28.273,8862.53335
2026-08-19 21:08:28.687,8862.83793
2026-08-19 21:08:29.114,8863.01052
2026-08-19 21:08:29.557,8863.13623
2026-08-19 21:08:29.973,8863.2684
2026-08-19 21:08:30.388,8863.3603
2026-08-19 21:08:30.826,8863.51568
2026-08-19 21:08:31.245,8863.61368
2026-08-19 21:08:31.658,8863.83271
2026-08-19 21:08:32.074,8864.10221
2026-08-19 21:08:32.487,8864.19721
2026-08-19 21:08:32.900,8864.38536
2026-08-19 21:08:33.314,8864.52188
2026-08-19 21:08:33.749,8864.68196
2026-08-19 21:08:34.164,8864.12594
2026-08-19 21:08:34.580,8863.0546
2026-08-19 21:08:34.993,8863.00303
2026-08-19 21:08:35.407,8862.9101
2026-08-19 21:08:35.869,8862.87397
2026-08-19 21:08:36.282,8862.94315
2026-08-19 21:08:36.696,8862.86883
2026-08-19 21:08:37.110,8862.92072
2026-08-19 21:08:37.525,8862.87514
2026-08-19 21:08:37.995,8862.79412
2026-08-19 21:08:38.412,8862.86101
2026-08-19 21:08:38.825,8862.86707
2026-08-19 21:08:39.246,8862.91896
2026-08-19 21:08:39.659,8862.93778
2026-08-19 21:08:40.089,8862.93576
2026-08-19 21:08:40.502,8862.99381
2026-08-19 21:08:40.918,8862.9891
2026-08-19 21:08:41.334,8863.11219
2026-08-19 21:08:41.748,8863.11864
2026-08-19 21:08:42.215,8863.26499
2026-08-19 21:08:42.630,8863.57162
2026-08-19 21:08:43.058,8863.70026
2026-08-19 21:08:43.485,8863.97262
2026-08-19 21:08:43.899,8864.14173
2026-08-19 21:08:44.311,8864.3157
2026-08-19 21:08:44.739,8864.44872
2026-08-19 21:08:45.153,8864.5669
2026-08-19 21:08:45.566,8864.7454
2026-08-19 21:08:45.980,8864.93745
2026-08-19 21:08:46.395,8865.09566
2026-08-19 21:08:46.809,8865.22586
2026-08-19 21:08:47.223,8865.36388
2026-08-19 21:08:47.649,8865.35268
2026-08-19 21:08:48.063,8865.38478
2026-08-19 21:08:48.501,8865.42397
2026-08-19 21:08:48.916,8865.46472
2026-08-19 21:08:49.333,8865.44606
2026-08-19 21:08:49.750,8865.51069
2026-08-19 21:08:50.216,8865.43948
2026-08-19 21:08:50.635,8865.4199
2026-08-19 21:08:51.049,8865.69601
2026-08-19 21:08:51.487,8865.73066
2026-08-19 21:08:51.907,8865.70657
2026-08-19 21:08:52.326,8865.71515
2026-08-19 21:08:52.740,8865.64685
2026-08-19 21:08:53.170,8865.59764
2026-08-19 21:08:53.597,8865.56557
2026-08-19 21:08:54.010,8865.47227
2026-08-19 21:08:54.432,8865.67021
2026-08-19 21:08:54.846,8864.83558
2026-08-19 21:08:55.259,8863.88105
2026-08-19 21:08:55.672,8863.66641
2026-08-19 21:08:56.088,8863.48694
2026-08-19 21:08:56.502,8863.47939
2026-08-19 21:08:56.926,8863.38797
2026-08-19 21:08:57.340,8863.54982
2026-08-19 21:08:57.754,8863.62048
2026-08-19 21:08:58.182,8863.66458
2026-08-19 21:08:58.595,8863.7029
2026-08-19 21:08:59.034,8863.57007
2026-08-19 21:08:59.449,8863.56252
2026-08-19 21:08:59.863,8863.51516
2026-08-19 21:09:00.277,8863.48278
2026-08-19 21:09:00.701,8863.44032
2026-08-19 21:09:01.161,8863.35238
2026-08-19 21:09:01.575,8863.26906
2026-08-19 21:09:01.989,8863.24183
2026-08-19 21:09:02.404,8863.14175
2026-08-19 21:09:02.868,8863.13206
2026-08-19 21:09:03.289,8863.02304
2026-08-19 21:09:03.701,8862.96706
2026-08-19 21:09:04.116,8863.00089
2026-08-19 21:09:04.529,8862.85313
2026-08-19 21:09:04.944,8863.00686
2026-08-19 21:09:05.377,8863.09047
2026-08-19 21:09:05.792,8863.29849
2026-08-19 21:09:06.208,8863.42565
2026-08-19 21:09:06.627,8863.55197
2026-08-19 21:09:07.045,8863.68479
2026-08-19 21:09:07.459,8863.81659
2026-08-19 21:09:07.875,8863.99114
2026-08-19 21:09:08.293,8864.06495
2026-08-19 21:09:08.707,8864.26382
2026-08-19 21:09:09.136,8864.34618
2026-08-19 21:09:09.549,8864.60959
2026-08-19 21:09:09.978,8864.78268
2026-08-19 21:09:10.399,8864.93456
2026-08-19 21:09:10.821,8865.01999
2026-08-19 21:09:11.249,8865.15325
2026-08-19 21:09:11.664,8865.35562
2026-08-19 21:09:12.092,8865.35711
2026-08-19 21:09:12.510,8865.46313
2026-08-19 21:09:12.939,8865.39277
2026-08-19 21:09:13.353,8865.37518
2026-08-19 21:09:13.768,8865.39329
2026-08-19 21:09:14.181,8865.6174
2026-08-19 21:09:14.612,8865.8255
2026-08-19 21:09:15.028,8866.07112
2026-08-19 21:09:15.442,8865.81877
2026-08-19 21:09:15.854,8864.72556
2026-08-19 21:09:16.282,8864.40793
2026-08-19 21:09:16.738,8864.42306
2026-08-19 21:09:17.156,8864.57068
2026-08-19 21:09:17.570,8864.69463
2026-08-19 21:09:17.988,8864.93845
2026-08-19 21:09:18.411,8865.16832
2026-08-19 21:09:18.831,8865.30998
2026-08-19 21:09:19.245,8865.51725
2026-08-19 21:09:19.660,8865.62308
2026-08-19 21:09:20.088,8865.89575
2026-08-19 21:09:20.501,8866.02253
2026-08-19 21:09:20.941,8866.12722
2026-08-19 21:09:21.355,8866.23911
2026-08-19 21:09:21.771,8866.33024
2026-08-19 21:09:22.184,8866.35432
2026-08-19 21:09:22.598,8866.34988
2026-08-19 21:09:23.074,8866.35583
2026-08-19 21:09:23.486,8866.45292
2026-08-19 21:09:23.900,8866.67169
2026-08-19 21:09:24.314,8866.74322
2026-08-19 21:09:24.742,8866.70924
2026-08-19 21:09:25.155,8866.9301
2026-08-19 21:09:25.569,8866.95776
2026-08-19 21:09:25.983,8866.99998
2026-08-19 21:09:26.398,8867.03212
2026-08-19 21:09:26.810,8867.02868
2026-08-19 21:09:27.277,8866.91563
2026-08-19 21:09:27.690,8866.85389
2026-08-19 21:09:28.103,8866.85313
2026-08-19 21:09:28.517,8866.81382
2026-08-19 21:09:28.930,8866.69103
2026-08-19 21:09:29.375,8866.60993
2026-08-19 21:09:29.788,8866.61449
2026-08-19 21:09:30.216,8866.53013
2026-08-19 21:09:30.636,8866.40236
2026-08-19 21:09:31.052,8866.46384
2026-08-19 21:09:31.483,8866.44298
2026-08-19 21:09:31.897,8866.31381
2026-08-19 21:09:32.312,8866.26478
2026-08-19 21:09:32.729,8866.28546
2026-08-19 21:09:33.143,8866.37111
2026-08-19 21:09:33.562,8866.33685
2026-08-19 21:09:34.055,8866.32323
2026-08-19 21:09:34.470,8866.26604
2026-08-19 21:09:34.885,8866.11914
2026-08-19 21:09:35.297,8866.05316
2026-08-19 21:09:35.739,8866.08738
2026-08-19 21:09:36.163,8865.3486
2026-08-19 21:09:36.579,8864.10467
2026-08-19 21:09:36.992,8863.87012
2026-08-19 21:09:37.421,8863.83783
2026-08-19 21:09:37.838,8863.81277
2026-08-19 21:09:38.265,8863.73426
2026-08-19 21:09:38.678,8863.77167
2026-08-19 21:09:39.098,8863.72841
2026-08-19 21:09:39.518,8863.77824
2026-08-19 21:09:39.947,8863.73094
2026-08-19 21:09:40.360,8863.90738
2026-08-19 21:09:40.774,8864.03151
2026-08-19 21:09:41.188,8864.06768
2026-08-19 21:09:41.601,8864.10933
2026-08-19 21:09:42.069,8864.25492
2026-08-19 21:09:42.483,8864.36519
2026-08-19 21:09:42.897,8864.44739
2026-08-19 21:09:43.318,8864.52736
2026-08-19 21:09:43.746,8864.44778
2026-08-19 21:09:44.159,8864.22372
2026-08-19 21:09:44.574,8864.27108
2026-08-19 21:09:44.988,8866.39682
2026-08-19 21:09:45.413,8922.58872
2026-08-19 21:09:45.826,9020.41992
2026-08-19 21:09:46.261,9140.81354
2026-08-19 21:09:46.675,9292.93569
2026-08-19 21:09:47.098,9456.41638
2026-08-19 21:09:47.511,9588.59443
2026-08-19 21:09:47.939,9444.48143
2026-08-19 21:09:48.363,9280.97046
2026-08-19 21:09:48.790,9133.00485
2026-08-19 21:09:49.218,9011.47701
2026-08-19 21:09:49.633,8917.46828
2026-08-19 21:09:50.046,8891.97698
2026-08-19 21:09:50.471,8971.95129
2026-08-19 21:09:50.903,9085.69728
2026-08-19 21:09:51.320,9221.22844
2026-08-19 21:09:51.737,9378.55733
2026-08-19 21:09:52.163,9551.77154
2026-08-19 21:09:52.591,9528.78665
2026-08-19 21:09:53.004,9351.93281
2026-08-19 21:09:53.439,9193.02036
2026-08-19 21:09:53.852,9061.1868
2026-08-19 21:09:54.267,8959.30766
2026-08-19 21:09:54.681,8885.25337
2026-08-19 21:09:55.095,8871.44257
2026-08-19 21:09:55.508,8871.62267
2026-08-19 21:09:55.943,8871.87773
2026-08-19 21:09:56.371,8872.04166
2026-08-19 21:09:56.803,8871.74341
2026-08-19 21:09:57.219,8870.56239
2026-08-19 21:09:57.636,8870.09452
2026-08-19 21:09:58.055,8870.0187
2026-08-19 21:09:58.471,8869.89261
2026-08-19 21:09:58.892,8870.04277
2026-08-19 21:09:59.318,8869.97534
2026-08-19 21:09:59.732,8876.56141
2026-08-19 21:10:00.147,8942.90009
2026-08-19 21:10:00.561,9040.86778
2026-08-19 21:10:00.999,9164.67187
2026-08-19 21:10:01.412,9321.13556
2026-08-19 21:10:01.838,9486.80877
2026-08-19 21:10:02.256,9581.10382
2026-08-19 21:10:02.669,9417.15274
2026-08-19 21:10:03.110,9255.5448
2026-08-19 21:10:03.538,9102.51447
2026-08-19 21:10:03.951,8990.71221
2026-08-19 21:10:04.364,8904.99698
2026-08-19 21:10:04.777,8903.62271
2026-08-19 21:10:05.213,8988.82787
2026-08-19 21:10:05.628,9106.14879
2026-08-19 21:10:06.056,9244.76531
2026-08-19 21:10:06.470,9409.3511
2026-08-19 21:10:06.886,9575.77862
2026-08-19 21:10:07.324,9501.27636
2026-08-19 21:10:07.746,9322.53465
2026-08-19 21:10:08.165,9168.60003
2026-08-19 21:10:08.579,9041.98607
2026-08-19 21:10:08.993,8944.21272
2026-08-19 21:10:09.431,8878.55845
2026-08-19 21:10:09.850,8871.30755
2026-08-19 21:10:10.264,8871.52848
2026-08-19 21:10:10.678,8871.87804
2026-08-19 21:10:11.096,8871.63382
2026-08-19 21:10:11.536,8871.78376
2026-08-19 21:10:11.949,8871.60355
2026-08-19 21:10:12.363,8871.63728
2026-08-19 21:10:12.776,8871.28924
2026-08-19 21:10:13.191,8871.25268
2026-08-19 21:10:13.654,8871.07166
2026-08-19 21:10:14.068,8870.90459
2026-08-19 21:10:14.482,8885.98573
2026-08-19 21:10:14.895,8961.93325
2026-08-19 21:10:15.309,9064.67367
2026-08-19 21:10:15.775,9211.40103
2026-08-19 21:10:16.189,9365.36485
2026-08-19 21:10:16.603,9535.40204
2026-08-19 21:10:17.018,9546.95032
2026-08-19 21:10:17.444,9372.86411
2026-08-19 21:10:17.861,9211.67744
2026-08-19 21:10:18.275,9077.44491
2026-08-19 21:10:18.688,8971.21185
2026-08-19 21:10:19.116,8892.47181
2026-08-19 21:10:19.530,8919.0159
2026-08-19 21:10:19.944,9008.38409
2026-08-19 21:10:20.357,9124.90173
2026-08-19 21:10:20.771,9266.73934
2026-08-19 21:10:21.251,9450.02427
2026-08-19 21:10:21.669,9585.33153
2026-08-19 21:10:22.082,9444.96646
2026-08-19 21:10:22.530,9272.68763
2026-08-19 21:10:22.958,9124.20434
2026-08-19 21:10:23.438,8987.23316
2026-08-19 21:10:23.857,8901.79472
2026-08-19 21:10:24.270,8867.6063
2026-08-19 21:10:24.696,8868.2742
2026-08-19 21:10:25.111,8868.4219
2026-08-19 21:10:25.524,8868.69358
2026-08-19 21:10:25.952,8868.77298
2026-08-19 21:10:26.370,8868.69313
2026-08-19 21:10:26.785,8868.52255
2026-08-19 21:10:27.216,8868.47299
2026-08-19 21:10:27.632,8868.2778
2026-08-19 21:10:28.049,8868.15462
2026-08-19 21:10:28.464,8868.01976
2026-08-19 21:10:28.880,8867.89502
2026-08-19 21:10:29.308,8907.02083
2026-08-19 21:10:29.721,8997.86706
2026-08-19 21:10:30.152,9115.9365
2026-08-19 21:10:30.565,9256.83652
2026-08-19 21:10:30.980,9416.62228
2026-08-19 21:10:31.392,9577.84107
2026-08-19 21:10:31.805,9489.51186
2026-08-19 21:10:32.232,9316.08533
2026-08-19 21:10:32.660,9166.32479
2026-08-19 21:10:33.073,9037.20752
2026-08-19 21:10:33.487,8940.22558
2026-08-19 21:10:33.899,8884.06142
2026-08-19 21:10:34.314,8943.80646
2026-08-19 21:10:34.811,9041.34781
2026-08-19 21:10:35.241,9199.17343
2026-08-19 21:10:35.653,9353.03008
2026-08-19 21:10:36.076,9522.83674
2026-08-19 21:10:36.497,9554.13614
2026-08-19 21:10:36.920,9377.39208
2026-08-19 21:10:37.335,9215.93866
2026-08-19 21:10:37.749,9080.6527
2026-08-19 21:10:38.165,8973.62093
2026-08-19 21:10:38.579,8893.08874
2026-08-19 21:10:39.002,8869.41272
2026-08-19 21:10:39.422,8869.9021
2026-08-19 21:10:39.837,8869.66671
2026-08-19 21:10:40.252,8868.66016
2026-08-19 21:10:40.664,8868.14694
2026-08-19 21:10:41.140,8868.08625
2026-08-19 21:10:41.554,8867.79577
2026-08-19 21:10:41.968,8867.60181
2026-08-19 21:10:42.382,8867.50484
2026-08-19 21:10:42.795,8867.33669
2026-08-19 21:10:43.221,8867.27874
2026-08-19 21:10:43.636,8869.19263
2026-08-19 21:10:44.054,8924.09201
2026-08-19 21:10:44.469,9017.68458
2026-08-19 21:10:44.931,9137.10281
2026-08-19 21:10:45.350,9300.40395
2026-08-19 21:10:45.776,9465.2272
2026-08-19 21:10:46.195,9582.99486
2026-08-19 21:10:46.607,9429.66359
2026-08-19 21:10:47.042,9262.07596
2026-08-19 21:10:47.457,9117.21892
2026-08-19 21:10:47.869,9001.8843
2026-08-19 21:10:48.297,8913.6783
2026-08-19 21:10:48.724,8893.84799
2026-08-19 21:10:49.142,8977.90269
2026-08-19 21:10:49.569,9087.38527
2026-08-19 21:10:49.982,9226.87283
2026-08-19 21:10:50.415,9389.99098
2026-08-19 21:10:50.829,9562.81779
2026-08-19 21:10:51.243,9512.03786
2026-08-19 21:10:51.670,9341.01032
2026-08-19 21:10:52.086,9182.67752
2026-08-19 21:10:52.500,9053.15722
2026-08-19 21:10:52.929,8952.15677
2026-08-19 21:10:53.348,8879.61973
2026-08-19 21:10:53.763,8869.27256
2026-08-19 21:10:54.178,8869.53131
2026-08-19 21:10:54.592,8869.9994
2026-08-19 21:10:55.018,8870.11403
2026-08-19 21:10:55.432,8870.13463
2026-08-19 21:10:55.858,8870.12259
2026-08-19 21:10:56.287,8869.96433
2026-08-19 21:10:56.716,8869.85988
2026-08-19 21:10:57.128,8869.66489
2026-08-19 21:10:57.548,8869.64292
2026-08-19 21:10:57.964,8869.57829
2026-08-19 21:10:58.378,8876.80215
2026-08-19 21:10:58.796,8943.49275
2026-08-19 21:10:59.211,9042.32017
2026-08-19 21:10:59.625,9166.93197
2026-08-19 21:11:00.039,9314.59711
2026-08-19 21:11:00.453,9480.77666
2026-08-19 21:11:00.894,9578.55419
2026-08-19 21:11:01.307,9411.93965
2026-08-19 21:11:01.720,9250.16704
2026-08-19 21:11:02.134,9109.72609
2026-08-19 21:11:02.548,8995.78944
2026-08-19 21:11:02.961,8907.77407
2026-08-19 21:11:03.455,8906.88893
2026-08-19 21:11:03.869,8993.20209
2026-08-19 21:11:04.282,9106.12086
2026-08-19 21:11:04.695,9244.78889
2026-08-19 21:11:05.139,9403.90617
2026-08-19 21:11:05.561,9575.36698
2026-08-19 21:11:05.974,9475.64026
2026-08-19 21:11:06.393,9307.71324
2026-08-19 21:11:06.855,9156.08351
2026-08-19 21:11:07.286,9017.84768
2026-08-19 21:11:07.699,8922.79909
2026-08-19 21:11:08.121,8868.21664
2026-08-19 21:11:08.534,8865.84253
2026-08-19 21:11:08.965,8865.92682
2026-08-19 21:11:09.379,8866.16501
2026-08-19 21:11:09.809,8866.15903
2026-08-19 21:11:10.222,8866.14675
2026-08-19 21:11:10.648,8866.06352
2026-08-19 21:11:11.062,8866.0547
2026-08-19 21:11:11.477,8865.85407
2026-08-19 21:11:11.891,8865.77923
2026-08-19 21:11:12.304,8865.58789
2026-08-19 21:11:12.717,8865.59816
2026-08-19 21:11:13.131,8882.87371
2026-08-19 21:11:13.550,8959.94209
2026-08-19 21:11:14.041,9087.7864
2026-08-19 21:11:14.457,9222.0526
2026-08-19 21:11:14.873,9378.93446
2026-08-19 21:11:15.287,9551.08947
2026-08-19 21:11:15.716,9520.43712
2026-08-19 21:11:16.131,9343.01804
2026-08-19 21:11:16.557,9183.42496
2026-08-19 21:11:16.971,9054.28451
2026-08-19 21:11:17.389,8952.42698
2026-08-19 21:11:17.815,8882.15526
2026-08-19 21:11:18.233,8927.60364
2026-08-19 21:11:18.660,9021.85241
2026-08-19 21:11:19.074,9146.72554
2026-08-19 21:11:19.489,9293.18107
2026-08-19 21:11:19.901,9458.11057
2026-08-19 21:11:20.315,9579.26749
2026-08-19 21:11:20.746,9434.61693
2026-08-19 21:11:21.160,9263.68634
2026-08-19 21:11:21.574,9119.95943
2026-08-19 21:11:21.987,9003.23646
2026-08-19 21:11:22.400,8914.37586
2026-08-19 21:11:22.845,8866.35149
2026-08-19 21:11:23.271,8865.90881
2026-08-19 21:11:23.683,8865.5032
2026-08-19 21:11:24.096,8864.69207
2026-08-19 21:11:24.517,8864.32178
2026-08-19 21:11:24.948,8864.25725
2026-08-19 21:11:25.365,8864.23723
2026-08-19 21:11:25.779,8864.1243
2026-08-19 21:11:26.192,8864.02592
2026-08-19 21:11:26.606,8863.95431
2026-08-19 21:11:27.026,8863.86073
2026-08-19 21:11:27.519,8863.87106
2026-08-19 21:11:27.943,8904.10262
2026-08-19 21:11:28.357,8993.72999
2026-08-19 21:11:28.784,9107.29893
2026-08-19 21:11:29.201,9250.73986
2026-08-19 21:11:29.614,9411.51251
2026-08-19 21:11:30.027,9571.55969
2026-08-19 21:11:30.442,9480.51723
2026-08-19 21:11:30.905,9311.7335
2026-08-19 21:11:31.323,9143.14809
2026-08-19 21:11:31.737,9021.44131
2026-08-19 21:11:32.151,8927.13205
2026-08-19 21:11:32.564,8879.20599
2026-08-19 21:11:32.979,8944.95646
2026-08-19 21:11:33.423,9044.63106
2026-08-19 21:11:33.836,9181.12944
2026-08-19 21:11:34.250,9332.62752
2026-08-19 21:11:34.665,9501.89841
2026-08-19 21:11:35.094,9553.13676
2026-08-19 21:11:35.519,9381.03269
2026-08-19 21:11:35.932,9217.93154
2026-08-19 21:11:36.358,9082.18797
2026-08-19 21:11:36.775,8970.9055
2026-08-19 21:11:37.188,8889.73385
2026-08-19 21:11:37.613,8864.13559
2026-08-19 21:11:38.033,8864.48088
2026-08-19 21:11:38.450,8864.62129
2026-08-19 21:11:38.863,8864.86938
2026-08-19 21:11:39.291,8864.9568
2026-08-19 21:11:39.712,8864.85883
2026-08-19 21:11:40.126,8864.83293
2026-08-19 21:11:40.552,8864.62333
2026-08-19 21:11:40.966,8864.49158
2026-08-19 21:11:41.380,8864.41847
2026-08-19 21:11:41.819,8864.22478
2026-08-19 21:11:42.232,8865.31053
2026-08-19 21:11:42.650,8915.53507
2026-08-19 21:11:43.065,9006.74996
2026-08-19 21:11:43.526,9124.07296
2026-08-19 21:11:43.957,9285.62532
2026-08-19 21:11:44.372,9454.14421
2026-08-19 21:11:44.800,9578.18726
2026-08-19 21:11:45.223,9430.03811
2026-08-19 21:11:45.636,9262.07476
2026-08-19 21:11:46.064,9114.39152
2026-08-19 21:11:46.493,8995.054
2026-08-19 21:11:46.918,8907.43353
2026-08-19 21:11:47.331,8887.73981
2026-08-19 21:11:47.744,8968.21771
2026-08-19 21:11:48.164,9074.62689
2026-08-19 21:11:48.577,9210.20013
2026-08-19 21:11:49.002,9366.12394
2026-08-19 21:11:49.420,9542.75124
2026-08-19 21:11:49.838,9519.78187
2026-08-19 21:11:50.251,9348.10714
2026-08-19 21:11:50.666,9192.86651
2026-08-19 21:11:51.089,9061.04679
2026-08-19 21:11:51.504,8955.64446
2026-08-19 21:11:51.918,8881.00476
2026-08-19 21:11:52.331,8864.98413
2026-08-19 21:11:52.744,8865.43632
2026-08-19 21:11:53.178,8865.68322
2026-08-19 21:11:53.605,8865.96448
2026-08-19 21:11:54.024,8866.18992
2026-08-19 21:11:54.440,8866.34676
2026-08-19 21:11:54.868,8866.59787
2026-08-19 21:11:55.283,8866.67523
2026-08-19 21:11:55.697,8866.69779
2026-08-19 21:11:56.111,8866.76304
2026-08-19 21:11:56.526,8866.6576
2026-08-19 21:11:56.942,8869.7726
2026-08-19 21:11:57.357,8927.72618
2026-08-19 21:11:57.824,9035.32297
2026-08-19 21:11:58.244,9158.89091
2026-08-19 21:11:58.710,9327.04019
2026-08-19 21:11:59.213,9510.3256
2026-08-19 21:11:59.646,9538.33123
2026-08-19 21:12:00.074,9359.04021
2026-08-19 21:12:00.490,9197.44791
2026-08-19 21:12:00.956,9064.99298
2026-08-19 21:12:01.380,8948.7028
2026-08-19 21:12:01.798,8882.27522
2026-08-19 21:12:02.225,8931.86051
2026-08-19 21:12:02.644,9030.05515
2026-08-19 21:12:03.059,9153.8084
2026-08-19 21:12:03.519,9320.14632
2026-08-19 21:12:03.940,9487.13724
2026-08-19 21:12:04.355,9571.61889
2026-08-19 21:12:04.769,9405.63495
2026-08-19 21:12:05.182,9242.9749
2026-08-19 21:12:05.597,9102.02174
2026-08-19 21:12:06.058,8988.41627
2026-08-19 21:12:06.492,8893.69945
2026-08-19 21:12:06.906,8863.93377
2026-08-19 21:12:07.320,8864.37767
2026-08-19 21:12:07.744,8864.60778
2026-08-19 21:12:08.160,8864.79356
2026-08-19 21:12:08.626,8864.8225
2026-08-19 21:12:09.039,8865.06498
2026-08-19 21:12:09.454,8865.03079
2026-08-19 21:12:09.866,8865.0242
2026-08-19 21:12:10.281,8865.00354
2026-08-19 21:12:10.703,8864.8617
2026-08-19 21:12:11.131,8864.97432
2026-08-19 21:12:11.559,8865.74726
2026-08-19 21:12:11.971,8918.29893
2026-08-19 21:12:12.394,9009.14653
2026-08-19 21:12:12.808,9129.25912
2026-08-19 21:12:13.225,9272.53532
2026-08-19 21:12:13.638,9435.98184
2026-08-19 21:12:14.151,9578.97014
2026-08-19 21:12:14.567,9420.36811
2026-08-19 21:12:14.981,9256.8569
2026-08-19 21:12:15.409,9114.77892
2026-08-19 21:12:15.826,8996.08342
2026-08-19 21:12:16.242,8908.32036
2026-08-19 21:12:16.669,8892.62149
2026-08-19 21:12:17.097,8980.19802
2026-08-19 21:12:17.510,9089.47478
2026-08-19 21:12:17.925,9225.36669
2026-08-19 21:12:18.345,9383.27606
2026-08-19 21:12:18.760,9557.23915
2026-08-19 21:12:19.175,9511.11637
2026-08-19 21:12:19.603,9333.88677
2026-08-19 21:12:20.027,9180.74726
2026-08-19 21:12:20.456,9048.77532
2026-08-19 21:12:20.871,8945.21209
2026-08-19 21:12:21.288,8876.92248
2026-08-19 21:12:21.706,8867.14
2026-08-19 21:12:22.122,8867.35571
2026-08-19 21:12:22.536,8867.52109
2026-08-19 21:12:22.965,8867.72079
2026-08-19 21:12:23.400,8867.60303
2026-08-19 21:12:23.826,8867.45743
2026-08-19 21:12:24.241,8866.62539
2026-08-19 21:12:24.656,8865.64577
2026-08-19 21:12:25.076,8865.30575
2026-08-19 21:12:25.492,8865.19416
2026-08-19 21:12:25.907,8865.0845
2026-08-19 21:12:26.331,8872.93876
2026-08-19 21:12:26.753,8942.65625
2026-08-19 21:12:27.181,9043.7291
2026-08-19 21:12:27.598,9174.03698
2026-08-19 21:12:28.013,9325.40457
2026-08-19 21:12:28.457,9493.31407
2026-08-19 21:12:28.872,9566.50023
2026-08-19 21:12:29.288,9395.91183
2026-08-19 21:12:29.714,9234.79394
2026-08-19 21:12:30.126,9092.56664
2026-08-19 21:12:30.547,8982.59997
2026-08-19 21:12:30.965,8898.07935
2026-08-19 21:12:31.388,8904.01878
2026-08-19 21:12:31.809,8991.81303
2026-08-19 21:12:32.223,9106.69068
2026-08-19 21:12:32.651,9246.01438
2026-08-19 21:12:33.065,9411.97384
2026-08-19 21:12:33.494,9579.15047
2026-08-19 21:12:33.908,9486.8315
2026-08-19 21:12:34.329,9317.6602
2026-08-19 21:12:34.757,9163.72507
2026-08-19 21:12:35.172,9034.74636
2026-08-19 21:12:35.600,8938.62473
2026-08-19 21:12:36.014,8874.98815
2026-08-19 21:12:36.443,8870.11059
2026-08-19 21:12:36.871,8870.32685
2026-08-19 21:12:37.287,8870.76391
2026-08-19 21:12:37.700,8870.93884
2026-08-19 21:12:38.115,8871.07503
2026-08-19 21:12:38.542,8871.10675
2026-08-19 21:12:38.958,8871.07886
2026-08-19 21:12:39.384,8871.09969
2026-08-19 21:12:39.881,8871.07771
2026-08-19 21:12:40.296,8871.03901
2026-08-19 21:12:40.709,8871.16078
2026-08-19 21:12:41.122,8894.27067
2026-08-19 21:12:41.546,8975.18286
2026-08-19 21:12:41.963,9084.82561
2026-08-19 21:12:42.390,9219.37938
2026-08-19 21:12:42.804,9380.07897
2026-08-19 21:12:43.218,9552.01792
2026-08-19 21:12:43.646,9526.33492
2026-08-19 21:12:44.070,9354.12922
2026-08-19 21:12:44.484,9194.89178
2026-08-19 21:12:44.902,9063.99605
2026-08-19 21:12:45.329,8960.12742
2026-08-19 21:12:45.749,8887.26087
2026-08-19 21:12:46.175,8929.68603
2026-08-19 21:12:46.589,9024.79455
2026-08-19 21:12:47.007,9146.94928
2026-08-19 21:12:47.422,9293.4478
2026-08-19 21:12:47.837,9459.30034
2026-08-19 21:12:48.266,9587.59408
2026-08-19 21:12:48.692,9440.71487
2026-08-19 21:12:49.107,9271.54326
2026-08-19 21:12:49.521,9127.07158
2026-08-19 21:12:49.934,9010.17922
2026-08-19 21:12:50.359,8921.30981
2026-08-19 21:12:50.773,8872.69487
2026-08-19 21:12:51.187,8872.69651
2026-08-19 21:12:51.604,8873.13915
2026-08-19 21:12:52.020,8873.66405
2026-08-19 21:12:52.445,8873.90659
2026-08-19 21:12:52.937,8874.00751
2026-08-19 21:12:53.356,8874.08018
2026-08-19 21:12:53.819,8874.03006
2026-08-19 21:12:54.232,8874.05869
2026-08-19 21:12:54.660,8874.02429
2026-08-19 21:12:55.073,8874.13891
2026-08-19 21:12:55.488,8874.13072
2026-08-19 21:12:55.915,8917.5973
2026-08-19 21:12:56.405,9028.44139
2026-08-19 21:12:56.822,9149.2038
2026-08-19 21:12:57.235,9295.17794
2026-08-19 21:12:57.663,9465.85299
2026-08-19 21:12:58.101,9594.92433
2026-08-19 21:12:58.514,9445.7752
2026-08-19 21:12:58.928,9281.1987
2026-08-19 21:12:59.342,9136.32924
2026-08-19 21:12:59.772,9014.48449
2026-08-19 21:13:00.239,8915.37574
2026-08-19 21:13:00.667,8907.03673
2026-08-19 21:13:01.084,8990.83497
2026-08-19 21:13:01.497,9101.70364
2026-08-19 21:13:01.928,9244.41392
2026-08-19 21:13:02.341,9403.70976
2026-08-19 21:13:02.759,9574.26783
2026-08-19 21:13:03.174,9518.24115
2026-08-19 21:13:03.594,9344.21868
2026-08-19 21:13:04.008,9190.05514
2026-08-19 21:13:04.429,9060.55351
2026-08-19 21:13:04.856,8958.46028
2026-08-19 21:13:05.270,8887.29112
2026-08-19 21:13:05.697,8877.39297
2026-08-19 21:13:06.112,8877.55869
2026-08-19 21:13:06.524,8876.86425
2026-08-19 21:13:06.938,8875.91583
2026-08-19 21:13:07.352,8875.86107
2026-08-19 21:13:07.767,8876.00443
2026-08-19 21:13:08.181,8876.09449
2026-08-19 21:13:08.604,8875.95228
2026-08-19 21:13:09.017,8876.02827
2026-08-19 21:13:09.440,8875.91434
2026-08-19 21:13:09.853,8876.01741
2026-08-19 21:13:10.285,8881.28609
2026-08-19 21:13:10.713,8947.08608
2026-08-19 21:13:11.216,9069.01227
2026-08-19 21:13:11.714,9212.55824
2026-08-19 21:13:12.133,9390.74373
2026-08-19 21:13:12.548,9563.08619
2026-08-19 21:13:12.968,9535.26918
2026-08-19 21:13:13.386,9359.57142
2026-08-19 21:13:13.801,9202.80776
2026-08-19 21:13:14.215,9070.55308
2026-08-19 21:13:14.627,8967.23989
2026-08-19 21:13:15.042,8894.34468
2026-08-19 21:13:15.475,8931.22141
2026-08-19 21:13:15.889,9027.53712
2026-08-19 21:13:16.302,9147.42564
2026-08-19 21:13:16.716,9292.63171
2026-08-19 21:13:17.135,9457.5228
2026-08-19 21:13:17.553,9594.08644
2026-08-19 21:13:17.968,9457.66762
2026-08-19 21:13:18.384,9291.00967
2026-08-19 21:13:18.797,9143.86293
2026-08-19 21:13:19.215,9024.28365
2026-08-19 21:13:19.629,8931.93192
2026-08-19 21:13:20.046,8879.12853
2026-08-19 21:13:20.460,8877.50122
2026-08-19 21:13:20.875,8877.68541
2026-08-19 21:13:21.288,8877.96057
2026-08-19 21:13:21.711,8878.03209
2026-08-19 21:13:22.125,8878.01884
2026-08-19 21:13:22.541,8878.00995
2026-08-19 21:13:22.955,8877.95142
2026-08-19 21:13:23.381,8877.87131
2026-08-19 21:13:23.809,8877.83077
2026-08-19 21:13:24.222,8877.70421
2026-08-19 21:13:24.635,8877.87743
2026-08-19 21:13:25.049,8894.98772
2026-08-19 21:13:25.480,8975.63531
2026-08-19 21:13:25.898,9081.28683
2026-08-19 21:13:26.315,9214.29955
2026-08-19 21:13:26.729,9369.72242
2026-08-19 21:13:27.165,9546.35595
2026-08-19 21:13:27.592,9554.97442
2026-08-19 21:13:28.017,9374.85647
2026-08-19 21:13:28.434,9213.10958
2026-08-19 21:13:28.847,9079.0262
2026-08-19 21:13:29.262,8973.90057
2026-08-19 21:13:29.678,8896.2786
2026-08-19 21:13:30.091,8926.19018
2026-08-19 21:13:30.510,9017.07439
2026-08-19 21:13:30.936,9133.98098
2026-08-19 21:13:31.352,9281.84247
2026-08-19 21:13:31.765,9446.59337
2026-08-19 21:13:32.180,9591.72766
2026-08-19 21:13:32.641,9449.09616
2026-08-19 21:13:33.055,9283.55033
2026-08-19 21:13:33.468,9137.7013
2026-08-19 21:13:33.896,9015.71546
2026-08-19 21:13:34.309,8925.70386
2026-08-19 21:13:34.731,8875.95898
2026-08-19 21:13:35.235,8875.04054
2026-08-19 21:13:35.697,8875.14997
2026-08-19 21:13:36.110,8875.39951
2026-08-19 21:13:36.549,8875.41002
2026-08-19 21:13:36.976,8875.44019
2026-08-19 21:13:37.390,8875.40789
2026-08-19 21:13:37.806,8875.18125
2026-08-19 21:13:38.223,8875.1211
2026-08-19 21:13:38.641,8874.9893
2026-08-19 21:13:39.055,8875.0249
2026-08-19 21:13:39.468,8875.43717
2026-08-19 21:13:39.884,8921.06614
2026-08-19 21:13:40.297,9010.57266
2026-08-19 21:13:40.711,9125.89635
2026-08-19 21:13:41.172,9272.35977
2026-08-19 21:13:41.586,9447.15864
2026-08-19 21:13:41.999,9593.92329
2026-08-19 21:13:42.426,9475.09058
2026-08-19 21:13:42.855,9302.46087
2026-08-19 21:13:43.270,9149.54384
2026-08-19 21:13:43.694,9027.93542
2026-08-19 21:13:44.109,8932.52662
2026-08-19 21:13:44.542,8894.2678
2026-08-19 21:13:44.956,8969.36766
2026-08-19 21:13:45.371,9072.9927
2026-08-19 21:13:45.798,9206.0342
2026-08-19 21:13:46.233,9363.794
2026-08-19 21:13:46.647,9544.04428
2026-08-19 21:13:47.061,9552.612
2026-08-19 21:13:47.479,9377.79326
2026-08-19 21:13:47.906,9217.78543
2026-08-19 21:13:48.372,9064.12976
2026-08-19 21:13:48.786,8962.30682
2026-08-19 21:13:49.199,8889.35887
2026-08-19 21:13:49.614,8875.26352
2026-08-19 21:13:50.034,8875.49627
2026-08-19 21:13:50.461,8874.63932
2026-08-19 21:13:50.958,8873.46521
2026-08-19 21:13:51.376,8873.36081
2026-08-19 21:13:51.792,8873.26255
2026-08-19 21:13:52.220,8873.19991
2026-08-19 21:13:52.638,8873.12025
2026-08-19 21:13:53.051,8872.90774
2026-08-19 21:13:53.464,8872.80482
2026-08-19 21:13:53.877,8872.78343
2026-08-19 21:13:54.306,8882.00744
2026-08-19 21:13:54.720,8954.4394
2026-08-19 21:13:55.218,9078.52743
2026-08-19 21:13:55.633,9210.58986
2026-08-19 21:13:56.047,9365.60139
2026-08-19 21:13:56.478,9542.8127
2026-08-19 21:13:56.936,9551.38254
2026-08-19 21:13:57.350,9359.45497
2026-08-19 21:13:57.763,9203.83618
2026-08-19 21:13:58.178,9072.09105
2026-08-19 21:13:58.611,8964.51681
2026-08-19 21:13:59.033,8892.62101
2026-08-19 21:13:59.536,8951.02916
2026-08-19 21:13:59.998,9065.01244
2026-08-19 21:14:00.426,9199.6149
2026-08-19 21:14:00.850,9353.06202
2026-08-19 21:14:01.278,9528.49511
2026-08-19 21:14:01.692,9565.3713
2026-08-19 21:14:02.109,9390.79341
2026-08-19 21:14:02.521,9230.62307
2026-08-19 21:14:02.948,9090.951
2026-08-19 21:14:03.361,8983.72646
2026-08-19 21:14:03.786,8904.05734
2026-08-19 21:14:04.200,8879.90003
2026-08-19 21:14:04.614,8880.34769
2026-08-19 21:14:05.027,8880.7026
2026-08-19 21:14:05.441,8880.78517
2026-08-19 21:14:05.867,8880.89948
2026-08-19 21:14:06.286,8881.06038
2026-08-19 21:14:06.713,8880.96322
2026-08-19 21:14:07.142,8880.75457
2026-08-19 21:14:07.557,8880.66943
2026-08-19 21:14:07.972,8880.48598
2026-08-19 21:14:08.414,8880.69764
2026-08-19 21:14:08.835,8882.43313
2026-08-19 21:14:09.250,8937.33614
2026-08-19 21:14:09.664,9030.4822
2026-08-19 21:14:10.093,9154.65854
2026-08-19 21:14:10.528,9299.32525
2026-08-19 21:14:10.956,9472.16238
2026-08-19 21:14:11.370,9601.65356
2026-08-19 21:14:11.799,9456.50452
2026-08-19 21:14:12.212,9285.22631
2026-08-19 21:14:12.651,9140.60474
2026-08-19 21:14:13.079,9015.58566
2026-08-19 21:14:13.492,8923.18509
2026-08-19 21:14:13.909,8903.11734
2026-08-19 21:14:14.335,8984.08523
2026-08-19 21:14:14.764,9094.84321
2026-08-19 21:14:15.186,9235.54165
2026-08-19 21:14:15.603,9397.20626
2026-08-19 21:14:16.016,9571.74208
2026-08-19 21:14:16.443,9534.31669
2026-08-19 21:14:16.897,9340.60989
2026-08-19 21:14:17.311,9187.151
2026-08-19 21:14:17.738,9058.9415
2026-08-19 21:14:18.151,8956.6071
2026-08-19 21:14:18.586,8887.8416
2026-08-19 21:14:19.008,8880.39284
2026-08-19 21:14:19.435,8880.83001
2026-08-19 21:14:19.850,8881.42267
2026-08-19 21:14:20.262,8881.82751
2026-08-19 21:14:20.675,8882.09876
2026-08-19 21:14:21.104,8882.28929
2026-08-19 21:14:21.516,8882.54993
2026-08-19 21:14:21.951,8882.64577
2026-08-19 21:14:22.365,8882.51922
2026-08-19 21:14:22.792,8882.52718
2026-08-19 21:14:23.205,8882.39391
2026-08-19 21:14:23.619,8892.59133
2026-08-19 21:14:24.042,8963.17457
2026-08-19 21:14:24.457,9066.34949
2026-08-19 21:14:24.878,9193.87706
2026-08-19 21:14:25.297,9348.04232
2026-08-19 21:14:25.710,9518.68156
2026-08-19 21:14:26.126,9589.78649
2026-08-19 21:14:26.539,9419.99776
2026-08-19 21:14:26.953,9258.15593
2026-08-19 21:14:27.382,9117.6203
2026-08-19 21:14:27.843,8989.91946
2026-08-19 21:14:28.264,8908.63804
2026-08-19 21:14:28.690,8925.11108
2026-08-19 21:14:29.107,9015.75415
2026-08-19 21:14:29.520,9131.81092
2026-08-19 21:14:29.934,9273.09195
2026-08-19 21:14:30.351,9435.6528
2026-08-19 21:14:30.767,9597.94419
2026-08-19 21:14:31.180,9502.87892
2026-08-19 21:14:31.595,9333.73939
2026-08-19 21:14:32.014,9181.59046
2026-08-19 21:14:32.428,9054.31401
2026-08-19 21:14:32.845,8957.15738
2026-08-19 21:14:33.257,8892.27557
2026-08-19 21:14:33.735,8885.76766
2026-08-19 21:14:34.164,8885.78997
2026-08-19 21:14:34.580,8885.10473
2026-08-19 21:14:34.995,8884.73721
2026-08-19 21:14:35.409,8884.69005
2026-08-19 21:14:35.841,8884.75874
2026-08-19 21:14:36.254,8884.66275
2026-08-19 21:14:36.666,8884.69987
2026-08-19 21:14:37.096,8884.75006
2026-08-19 21:14:37.510,8884.83252
2026-08-19 21:14:37.957,8884.94767
2026-08-19 21:14:38.378,8905.25512
2026-08-19 21:14:38.793,8987.02493
2026-08-19 21:14:39.220,9094.01028
2026-08-19 21:14:39.634,9231.79469
2026-08-19 21:14:40.093,9393.48234
2026-08-19 21:14:40.507,9578.74866
2026-08-19 21:14:40.941,9538.26168
2026-08-19 21:14:41.357,9363.4563
2026-08-19 21:14:41.770,9207.66644
2026-08-19 21:14:42.192,9076.71363
2026-08-19 21:14:42.605,8972.0873
2026-08-19 21:14:43.030,8902.43509
2026-08-19 21:14:43.443,8947.7957
2026-08-19 21:14:43.880,9045.29337
2026-08-19 21:14:44.293,9170.43867
2026-08-19 21:14:44.707,9317.96612
2026-08-19 21:14:45.131,9485.04783
2026-08-19 21:14:45.558,9604.87279
2026-08-19 21:14:45.973,9449.90971
2026-08-19 21:14:46.387,9284.30715
2026-08-19 21:14:46.814,9139.67526
2026-08-19 21:14:47.228,9019.14603
2026-08-19 21:14:47.641,8930.71697
2026-08-19 21:14:48.069,8885.86157
2026-08-19 21:14:48.485,8885.86687
2026-08-19 21:14:48.919,8885.8671
2026-08-19 21:14:49.345,8885.98668
2026-08-19 21:14:49.758,8885.96478
2026-08-19 21:14:50.193,8886.03094
2026-08-19 21:14:50.606,8885.93533
2026-08-19 21:14:51.038,8885.71951
2026-08-19 21:14:51.451,8885.59589
2026-08-19 21:14:51.872,8885.47379
2026-08-19 21:14:52.287,8885.52709
2026-08-19 21:14:52.714,8885.59999
2026-08-19 21:14:53.141,8921.12592
2026-08-19 21:14:53.553,9010.9428
2026-08-19 21:14:53.972,9125.13006
2026-08-19 21:14:54.391,9264.33821
2026-08-19 21:14:54.808,9426.49294
2026-08-19 21:14:55.237,9594.74339
2026-08-19 21:14:55.651,9514.37665
2026-08-19 21:14:56.089,9338.01935
2026-08-19 21:14:56.502,9182.68263
2026-08-19 21:14:56.915,9056.70873
2026-08-19 21:14:57.329,8957.90598
2026-08-19 21:14:57.742,8895.29556
2026-08-19 21:14:58.155,8946.0072
2026-08-19 21:14:58.584,9044.07203
2026-08-19 21:14:59.004,9166.04674
2026-08-19 21:14:59.422,9315.85579
2026-08-19 21:14:59.836,9484.67928
2026-08-19 21:15:00.250,9605.52605
2026-08-19 21:15:00.664,9457.91557
2026-08-19 21:15:01.079,9291.62849
2026-08-19 21:15:01.493,9145.57524
2026-08-19 21:15:01.907,9026.98689
2026-08-19 21:15:02.323,8936.67057
2026-08-19 21:15:02.766,8886.86257
2026-08-19 21:15:03.195,8886.42094
2026-08-19 21:15:03.624,8886.97832
2026-08-19 21:15:04.037,8887.60912
2026-08-19 21:15:04.451,8887.99073
2026-08-19 21:15:04.864,8888.20821
2026-08-19 21:15:05.340,8888.52089
2026-08-19 21:15:05.753,8888.61166
2026-08-19 21:15:06.180,8888.74058
2026-08-19 21:15:06.592,8888.73105
2026-08-19 21:15:07.007,8888.54243
2026-08-19 21:15:07.420,8888.77517
2026-08-19 21:15:07.852,8923.02799
2026-08-19 21:15:08.267,9013.87698
2026-08-19 21:15:08.683,9126.9477
2026-08-19 21:15:09.099,9267.17117
2026-08-19 21:15:09.526,9428.30153
2026-08-19 21:15:10.006,9609.38089
2026-08-19 21:15:10.420,9494.60163
2026-08-19 21:15:10.833,9325.62434
2026-08-19 21:15:11.246,9176.19372
2026-08-19 21:15:11.660,9052.55225
2026-08-19 21:15:12.075,8956.79046
2026-08-19 21:15:12.507,8907.09731
2026-08-19 21:15:12.941,8978.52308
2026-08-19 21:15:13.436,9105.97497
2026-08-19 21:15:13.864,9243.33856
2026-08-19 21:15:14.277,9405.72523
2026-08-19 21:15:14.691,9580.24932
2026-08-19 21:15:15.110,9559.73157
2026-08-19 21:15:15.523,9383.97474
2026-08-19 21:15:15.962,9222.23668
2026-08-19 21:15:16.377,9087.32604
2026-08-19 21:15:16.791,8983.97176
2026-08-19 21:15:17.204,8910.25984
2026-08-19 21:15:17.632,8895.90263
2026-08-19 21:15:18.051,8895.75729
2026-08-19 21:15:18.487,8895.1997
2026-08-19 21:15:18.898,8895.30874
2026-08-19 21:15:19.313,8895.55542
2026-08-19 21:15:19.736,8895.87332
2026-08-19 21:15:20.198,8896.14806
2026-08-19 21:15:20.617,8896.50727
2026-08-19 21:15:21.042,8896.67615
2026-08-19 21:15:21.455,8896.62622
2026-08-19 21:15:21.869,8896.71897
2026-08-19 21:15:22.286,8904.03046
2026-08-19 21:15:22.724,8967.73436
2026-08-19 21:15:23.159,9076.32636
2026-08-19 21:15:23.572,9205.59298
2026-08-19 21:15:23.987,9356.62979
2026-08-19 21:15:24.415,9526.01335
2026-08-19 21:15:24.829,9656.18676
2026-08-19 21:15:25.247,9659.24292
2026-08-19 21:15:25.662,9659.71355
2026-08-19 21:15:26.076,9659.86535
2026-08-19 21:15:26.491,9659.65979
2026-08-19 21:15:26.919,9659.52591
2026-08-19 21:15:27.333,9659.4439
2026-08-19 21:15:27.813,9659.56075
2026-08-19 21:15:28.229,9659.60023
2026-08-19 21:15:28.645,9659.52656
2026-08-19 21:15:29.060,9659.40756
2026-08-19 21:15:29.489,9659.11298
2026-08-19 21:15:29.907,9617.91379
2026-08-19 21:15:30.320,9446.88688
2026-08-19 21:15:30.737,9284.13656
2026-08-19 21:15:31.152,9142.63463
2026-08-19 21:15:31.580,9029.85122
2026-08-19 21:15:31.993,8942.81798
2026-08-19 21:15:32.407,8933.02084
2026-08-19 21:15:32.832,9014.69019
2026-08-19 21:15:33.299,9142.08884
2026-08-19 21:15:33.712,9282.45134
2026-08-19 21:15:34.128,9444.90075
2026-08-19 21:15:34.540,9614.08735
2026-08-19 21:15:34.969,9538.62008
2026-08-19 21:15:35.383,9360.21773
2026-08-19 21:15:35.809,9206.71543
2026-08-19 21:15:36.241,9076.00373
2026-08-19 21:15:36.654,8974.57459
2026-08-19 21:15:37.068,8911.16272
2026-08-19 21:15:37.481,8904.85521
2026-08-19 21:15:37.906,8905.27227
2026-08-19 21:15:38.320,8905.80782
2026-08-19 21:15:38.733,8905.78673
2026-08-19 21:15:39.147,8904.54783
2026-08-19 21:15:39.568,8904.17243
2026-08-19 21:15:39.982,8903.79479
2026-08-19 21:15:40.405,8903.82631
2026-08-19 21:15:40.821,8903.70776
2026-08-19 21:15:41.282,8903.94767
2026-08-19 21:15:41.734,8904.09407
2026-08-19 21:15:42.151,8920.4284
2026-08-19 21:15:42.565,8998.04534
2026-08-19 21:15:42.977,9102.51947
2026-08-19 21:15:43.391,9233.74444
2026-08-19 21:15:43.809,9388.19204
2026-08-19 21:15:44.236,9562.03881
2026-08-19 21:15:44.670,9600.77427
2026-08-19 21:15:45.084,9416.20661
2026-08-19 21:15:45.508,9256.38602
2026-08-19 21:15:45.929,9116.5754
2026-08-19 21:15:46.344,9006.94346
2026-08-19 21:15:46.811,8921.71004
2026-08-19 21:15:47.224,8955.08108
2026-08-19 21:15:47.654,9048.68187
2026-08-19 21:15:48.066,9166.96184
2026-08-19 21:15:48.494,9311.78318
2026-08-19 21:15:48.912,9482.55358
2026-08-19 21:15:49.326,9631.42909
2026-08-19 21:15:49.760,9508.08444
2026-08-19 21:15:50.172,9330.97111
2026-08-19 21:15:50.601,9177.97978
2026-08-19 21:15:51.013,9056.85273
2026-08-19 21:15:51.428,8964.46716
2026-08-19 21:15:51.859,8910.21787
2026-08-19 21:15:52.273,8908.09545
2026-08-19 21:15:52.686,8908.1441
2026-08-19 21:15:53.100,8908.29497
2026-08-19 21:15:53.527,8908.46638
2026-08-19 21:15:53.939,8908.37811
2026-08-19 21:15:54.354,8908.50326
2026-08-19 21:15:54.821,8908.57765
2026-08-19 21:15:55.248,8908.36947
2026-08-19 21:15:55.677,8908.39839
2026-08-19 21:15:56.091,8908.41139
2026-08-19 21:15:56.519,8908.36559
2026-08-19 21:15:56.941,8908.32588
2026-08-19 21:15:57.355,8908.37021
2026-08-19 21:15:57.769,8908.34461
2026-08-19 21:15:58.183,8908.3872
2026-08-19 21:15:58.656,8908.3228
2026-08-19 21:15:59.084,8908.09768
2026-08-19 21:15:59.512,8907.21675
2026-08-19 21:15:59.926,8906.14735
2026-08-19 21:16:00.340,8905.82962
2026-08-19 21:16:00.786,8905.65688
2026-08-19 21:16:01.200,8905.57065
2026-08-19 21:16:01.623,8905.43221
2026-08-19 21:16:02.037,8905.35964
2026-08-19 21:16:02.450,8905.25215
2026-08-19 21:16:02.952,8905.16141
2026-08-19 21:16:03.366,8905.15373
2026-08-19 21:16:03.780,8905.22774
2026-08-19 21:16:04.206,8905.15096
2026-08-19 21:16:04.670,8905.01684
2026-08-19 21:16:05.099,8904.95801
2026-08-19 21:16:05.515,8904.92488
2026-08-19 21:16:05.929,8905.03034
2026-08-19 21:16:06.342,8905.00143
2026-08-19 21:16:06.780,8905.02454
2026-08-19 21:16:07.194,8905.12817
2026-08-19 21:16:07.621,8905.24719
2026-08-19 21:16:08.033,8905.41563
2026-08-19 21:16:08.467,8905.40802
2026-08-19 21:16:08.894,8905.44874
2026-08-19 21:16:09.314,8905.46683
2026-08-19 21:16:09.728,8905.4613
2026-08-19 21:16:10.143,8905.41389
2026-08-19 21:16:10.558,8905.39621
2026-08-19 21:16:10.972,8905.55236
2026-08-19 21:16:11.386,8905.66769
2026-08-19 21:16:11.800,8905.94525
2026-08-19 21:16:12.214,8906.15645
2026-08-19 21:16:12.627,8906.32499
2026-08-19 21:16:13.042,8906.42196
2026-08-19 21:16:13.475,8906.49091
2026-08-19 21:16:13.891,8906.70025
2026-08-19 21:16:14.304,8906.85881
2026-08-19 21:16:14.733,8906.96717
2026-08-19 21:16:15.147,8907.06841
2026-08-19 21:16:15.583,8907.15166
2026-08-19 21:16:15.997,8907.30327
2026-08-19 21:16:16.410,8907.31206
2026-08-19 21:16:16.844,8907.37093
2026-08-19 21:16:17.272,8907.40083
2026-08-19 21:16:17.697,8907.39535
2026-08-19 21:16:18.119,8907.28576
2026-08-19 21:16:18.533,8907.2154
2026-08-19 21:16:18.946,8907.16931
2026-08-19 21:16:19.360,8907.03836
2026-08-19 21:16:19.775,8906.97594
2026-08-19 21:16:20.240,8906.48172
2026-08-19 21:16:20.662,8905.33398
2026-08-19 21:16:21.075,8904.90032
2026-08-19 21:16:21.510,8904.82202
2026-08-19 21:16:21.938,8904.70209
2026-08-19 21:16:22.354,8904.73271
2026-08-19 21:16:22.768,8904.88224
2026-08-19 21:16:23.184,8904.88377
2026-08-19 21:16:23.597,8904.79538
2026-08-19 21:16:24.017,8904.86958
2026-08-19 21:16:24.430,8905.16235
2026-08-19 21:16:24.859,8905.31581
2026-08-19 21:16:25.272,8905.63155
2026-08-19 21:16:25.735,8905.79242
2026-08-19 21:16:26.150,8905.79367
2026-08-19 21:16:26.570,8914.12525
2026-08-19 21:16:26.984,8985.65461
2026-08-19 21:16:27.412,9087.1969
2026-08-19 21:16:27.825,9219.44749
2026-08-19 21:16:28.242,9370.36161
2026-08-19 21:16:28.715,9540.54862
2026-08-19 21:16:29.165,9600.34538
2026-08-19 21:16:29.579,9423.28353
2026-08-19 21:16:29.992,9263.72859
2026-08-19 21:16:30.407,9127.044
2026-08-19 21:16:30.888,9005.14547
2026-08-19 21:16:31.300,8927.37121
2026-08-19 21:16:31.712,8965.06322
2026-08-19 21:16:32.127,9058.43394
2026-08-19 21:16:32.541,9178.89532
2026-08-19 21:16:32.963,9324.59086
2026-08-19 21:16:33.382,9496.35018
2026-08-19 21:16:33.826,9637.98351
2026-08-19 21:16:34.240,9495.80336
2026-08-19 21:16:34.653,9328.60661
2026-08-19 21:16:35.068,9181.48921
2026-08-19 21:16:35.481,9060.20511
2026-08-19 21:16:35.908,8966.9684
2026-08-19 21:16:36.373,8911.92441
2026-08-19 21:16:36.801,8910.73959
2026-08-19 21:16:37.215,8910.84291
2026-08-19 21:16:37.640,8910.93785
2026-08-19 21:16:38.055,8911.02926
2026-08-19 21:16:38.470,8911.25392
2026-08-19 21:16:38.896,8911.54247
2026-08-19 21:16:39.324,8911.58748
2026-08-19 21:16:39.737,8911.65062
2026-08-19 21:16:40.151,8911.79645
2026-08-19 21:16:40.568,8911.85097
2026-08-19 21:16:41.029,8911.74448
2026-08-19 21:16:41.444,8948.23366
2026-08-19 21:16:41.863,9036.53047
2026-08-19 21:16:42.277,9152.05341
2026-08-19 21:16:42.705,9297.76507
2026-08-19 21:16:43.145,9459.22462
2026-08-19 21:16:43.557,9632.22938
2026-08-19 21:16:43.972,9539.12709
2026-08-19 21:16:44.389,9367.82859
2026-08-19 21:16:44.803,9213.57781
2026-08-19 21:16:45.230,9085.91128
2026-08-19 21:16:45.644,8983.49149
2026-08-19 21:16:46.079,8925.587
2026-08-19 21:16:46.494,8989.872
2026-08-19 21:16:46.917,9090.50219
2026-08-19 21:16:47.330,9221.17023
2026-08-19 21:16:47.744,9373.3604
2026-08-19 21:16:48.157,9543.70932
2026-08-19 21:16:48.576,9627.19988
2026-08-19 21:16:48.990,9459.25901
2026-08-19 21:16:49.409,9295.18309
2026-08-19 21:16:49.823,9150.77284
2026-08-19 21:16:50.245,9035.80939
2026-08-19 21:16:50.661,8947.46093
2026-08-19 21:16:51.088,8909.95368
2026-08-19 21:16:51.515,8910.61232
2026-08-19 21:16:51.942,8910.60815
2026-08-19 21:16:52.358,8910.84523
2026-08-19 21:16:52.774,8910.69899
2026-08-19 21:16:53.188,8910.65888
2026-08-19 21:16:53.601,8910.71381
2026-08-19 21:16:54.026,8910.40697
2026-08-19 21:16:54.441,8910.37609
2026-08-19 21:16:54.857,8910.13326
2026-08-19 21:16:55.275,8910.12278
2026-08-19 21:16:55.708,8909.80964
2026-08-19 21:16:56.122,8950.97217
2026-08-19 21:16:56.558,9043.5496
2026-08-19 21:16:56.972,9162.79453
2026-08-19 21:16:57.386,9304.73766
2026-08-19 21:16:57.827,9467.54456
2026-08-19 21:16:58.251,9635.01019
2026-08-19 21:16:58.665,9524.09676
2026-08-19 21:16:59.078,9354.54847
2026-08-19 21:16:59.492,9203.37663
2026-08-19 21:16:59.939,9077.33421
2026-08-19 21:17:00.353,8973.11846
2026-08-19 21:17:00.766,8927.25518
2026-08-19 21:17:01.179,8996.66488
2026-08-19 21:17:01.595,9098.7462
2026-08-19 21:17:02.021,9229.40391
2026-08-19 21:17:02.437,9388.21136
2026-08-19 21:17:02.897,9559.53253
2026-08-19 21:17:03.317,9604.85258
2026-08-19 21:17:03.730,9425.28192
2026-08-19 21:17:04.153,9265.09451
2026-08-19 21:17:04.568,9124.49359
2026-08-19 21:17:05.000,9015.41294
2026-08-19 21:17:05.420,8931.63964
2026-08-19 21:17:05.835,8910.23283
2026-08-19 21:17:06.251,8910.47528
2026-08-19 21:17:06.670,8910.71587
2026-08-19 21:17:07.147,8910.97509
2026-08-19 21:17:07.561,8911.08893
2026-08-19 21:17:07.974,8911.25525
2026-08-19 21:17:08.400,8911.43783
2026-08-19 21:17:08.813,8911.35228
2026-08-19 21:17:09.240,8911.51411
2026-08-19 21:17:09.653,8911.60438
2026-08-19 21:17:10.066,8911.73835
2026-08-19 21:17:10.491,8915.16347
2026-08-19 21:17:10.903,8977.20378
2026-08-19 21:17:11.325,9073.31079
2026-08-19 21:17:11.786,9199.02948
2026-08-19 21:17:12.216,9367.76334
2026-08-19 21:17:12.632,9541.77397
2026-08-19 21:17:13.045,9634.46595
2026-08-19 21:17:13.474,9464.44322
2026-08-19 21:17:13.885,9300.58543
2026-08-19 21:17:14.310,9157.9378
2026-08-19 21:17:14.724,9039.58149
2026-08-19 21:17:15.139,8952.17912
2026-08-19 21:17:15.552,8942.71086
2026-08-19 21:17:15.966,9027.01855
2026-08-19 21:17:16.379,9137.41221
2026-08-19 21:17:16.793,9274.93236
2026-08-19 21:17:17.265,9434.65755
2026-08-19 21:17:17.712,9635.54211
2026-08-19 21:17:18.176,9541.31467
2026-08-19 21:17:18.594,9347.74751
2026-08-19 21:17:19.015,9197.83084
2026-08-19 21:17:19.431,9072.00058
2026-08-19 21:17:19.859,8976.73948
2026-08-19 21:17:20.276,8918.12075
2026-08-19 21:17:20.720,8915.69382
2026-08-19 21:17:21.136,8915.92541
2026-08-19 21:17:21.549,8915.91404
2026-08-19 21:17:21.963,8914.69537
2026-08-19 21:17:22.395,8914.38468
2026-08-19 21:17:22.822,8914.56596
2026-08-19 21:17:23.235,8914.43587
2026-08-19 21:17:23.649,8914.54889
2026-08-19 21:17:24.063,8914.55533
2026-08-19 21:17:24.478,8914.57597
2026-08-19 21:17:24.892,8914.51668
2026-08-19 21:17:25.362,8941.39898
2026-08-19 21:17:25.779,9026.68619
2026-08-19 21:17:26.247,9152.78259
2026-08-19 21:17:26.694,9306.44062
2026-08-19 21:17:27.157,9469.22198
2026-08-19 21:17:27.577,9644.14864
2026-08-19 21:17:27.992,9528.15762
2026-08-19 21:17:28.415,9357.33658
2026-08-19 21:17:28.834,9203.1878
2026-08-19 21:17:29.248,9077.09555
2026-08-19 21:17:29.674,8981.31253
2026-08-19 21:17:30.088,8932.91836
2026-08-19 21:17:30.501,9002.35733
2026-08-19 21:17:30.928,9104.78243
2026-08-19 21:17:31.341,9239.64604
2026-08-19 21:17:31.822,9415.8121
2026-08-19 21:17:32.248,9596.01027
2026-08-19 21:17:32.662,9599.42813
2026-08-19 21:17:33.076,9422.5838
2026-08-19 21:17:33.489,9262.65456
2026-08-19 21:17:33.926,9126.76033
2026-08-19 21:17:34.340,9014.19532
2026-08-19 21:17:34.761,8936.53793
2026-08-19 21:17:35.179,8918.42741
2026-08-19 21:17:35.595,8918.64822
2026-08-19 21:17:36.074,8918.94272
2026-08-19 21:17:36.488,8919.07353
2026-08-19 21:17:36.901,8919.1083
2026-08-19 21:17:37.317,8919.18386
2026-08-19 21:17:37.736,8919.15611
2026-08-19 21:17:38.172,8919.02659
2026-08-19 21:17:38.587,8919.12653
2026-08-19 21:17:39.001,8919.06821
2026-08-19 21:17:39.418,8919.17164
2026-08-19 21:17:39.836,8924.99997
2026-08-19 21:17:40.249,8990.63131
2026-08-19 21:17:40.662,9088.75048
2026-08-19 21:17:41.086,9213.80767
2026-08-19 21:17:41.518,9369.61585
2026-08-19 21:17:41.934,9544.16313
2026-08-19 21:17:42.348,9644.15332
2026-08-19 21:17:42.762,9482.85261
2026-08-19 21:17:43.185,9317.25301
2026-08-19 21:17:43.599,9169.80639
2026-08-19 21:17:44.020,9053.1067
2026-08-19 21:17:44.448,8962.59114
2026-08-19 21:17:44.862,8947.73845
2026-08-19 21:17:45.282,9031.67886
2026-08-19 21:17:45.696,9144.06448
2026-08-19 21:17:46.111,9282.47587
2026-08-19 21:17:46.525,9443.52491
2026-08-19 21:17:46.942,9619.24709
2026-08-19 21:17:47.368,9582.55117
2026-08-19 21:17:47.781,9403.04602
2026-08-19 21:17:48.209,9245.97122
2026-08-19 21:17:48.625,9109.29675
2026-08-19 21:17:49.059,9005.67114
2026-08-19 21:17:49.484,8930.72893
2026-08-19 21:17:49.898,8920.02169
2026-08-19 21:17:50.310,8920.32631
2026-08-19 21:17:50.725,8920.74161
2026-08-19 21:17:51.202,8921.28007
2026-08-19 21:17:51.630,8921.50975
2026-08-19 21:17:52.045,8921.67583
2026-08-19 21:17:52.458,8921.59075
2026-08-19 21:17:52.876,8921.565
2026-08-19 21:17:53.302,8921.48259
2026-08-19 21:17:53.716,8921.64789
2026-08-19 21:17:54.149,8921.82339
2026-08-19 21:17:54.565,8934.45516
2026-08-19 21:17:54.983,9009.34626
2026-08-19 21:17:55.406,9113.94346
2026-08-19 21:17:55.819,9247.64312
2026-08-19 21:17:56.247,9407.71471
2026-08-19 21:17:56.661,9579.75906
2026-08-19 21:17:57.089,9628.22126
2026-08-19 21:17:57.508,9451.53444
2026-08-19 21:17:57.922,9287.25033
2026-08-19 21:17:58.349,9147.75017
2026-08-19 21:17:58.763,9033.28574
2026-08-19 21:17:59.176,8950.61763
2026-08-19 21:17:59.593,8966.33547
2026-08-19 21:18:00.021,9055.1607
2026-08-19 21:18:00.436,9175.36404
2026-08-19 21:18:00.849,9319.19843
2026-08-19 21:18:01.263,9483.6685
2026-08-19 21:18:01.690,9647.90128
2026-08-19 21:18:02.114,9549.93586
2026-08-19 21:18:02.532,9373.86091
2026-08-19 21:18:02.945,9219.81049
2026-08-19 21:18:03.375,9089.87566
2026-08-19 21:18:03.801,8992.6707
2026-08-19 21:18:04.216,8930.63381
2026-08-19 21:18:04.636,8926.87255
2026-08-19 21:18:05.049,8927.17668
2026-08-19 21:18:05.462,8926.83485
2026-08-19 21:18:05.928,8925.83974
2026-08-19 21:18:06.355,8925.6515
2026-08-19 21:18:06.771,8925.53885
2026-08-19 21:18:07.184,8925.70555
2026-08-19 21:18:07.600,8925.64463
2026-08-19 21:18:08.016,8925.66872
2026-08-19 21:18:08.432,8925.75963
2026-08-19 21:18:08.846,8925.78574
2026-08-19 21:18:09.258,8943.09996
2026-08-19 21:18:09.728,9021.31656
2026-08-19 21:18:10.145,9144.74677
2026-08-19 21:18:10.568,9280.76109
2026-08-19 21:18:10.982,9442.78149
2026-08-19 21:18:11.395,9618.2669
2026-08-19 21:18:11.810,9604.7291
2026-08-19 21:18:12.235,9427.86229
2026-08-19 21:18:12.674,9259.69015
2026-08-19 21:18:13.101,9122.86943
2026-08-19 21:18:13.515,9015.6888
2026-08-19 21:18:13.927,8944.66512
2026-08-19 21:18:14.345,8989.10819
2026-08-19 21:18:14.775,9088.12309
2026-08-19 21:18:15.200,9211.97395
2026-08-19 21:18:15.627,9365.80793
2026-08-19 21:18:16.046,9540.36454
2026-08-19 21:18:16.475,9658.32098
2026-08-19 21:18:16.902,9493.91361
2026-08-19 21:18:17.315,9327.3819
2026-08-19 21:18:17.736,9182.15764
2026-08-19 21:18:18.149,9062.57689
2026-08-19 21:18:18.566,8973.77095
2026-08-19 21:18:18.979,8929.73091
2026-08-19 21:18:19.393,8930.25883
2026-08-19 21:18:19.809,8930.68158
2026-08-19 21:18:20.224,8931.18441
2026-08-19 21:18:20.655,8931.48128
2026-08-19 21:18:21.070,8931.62147
2026-08-19 21:18:21.488,8931.76366
2026-08-19 21:18:21.903,8932.03263
2026-08-19 21:18:22.329,8932.03891
2026-08-19 21:18:22.741,8932.34996
2026-08-19 21:18:23.155,8932.27212
2026-08-19 21:18:23.583,8932.46675
2026-08-19 21:18:24.012,8963.70249
2026-08-19 21:18:24.426,9050.32898
2026-08-19 21:18:24.849,9162.64783
2026-08-19 21:18:25.275,9304.97719
2026-08-19 21:18:25.689,9471.33672
2026-08-19 21:18:26.120,9649.62248
2026-08-19 21:18:26.547,9585.9629
2026-08-19 21:18:26.962,9406.33722
2026-08-19 21:18:27.375,9250.47022
2026-08-19 21:18:27.787,9119.53415
2026-08-19 21:18:28.215,9017.45198
2026-08-19 21:18:28.642,8948.0551
2026-08-19 21:18:29.057,9002.31991
2026-08-19 21:18:29.471,9100.20732
2026-08-19 21:18:29.890,9226.11661
2026-08-19 21:18:30.308,9379.55585
2026-08-19 21:18:30.736,9551.23043
2026-08-19 21:18:31.152,9660.4227
2026-08-19 21:18:31.578,9498.40328
2026-08-19 21:18:31.994,9327.03022
2026-08-19 21:18:32.409,9181.37138
2026-08-19 21:18:32.837,9063.90475
2026-08-19 21:18:33.253,8972.6121
2026-08-19 21:18:33.671,8932.15791
2026-08-19 21:18:34.097,8932.74822
2026-08-19 21:18:34.526,8932.78598
2026-08-19 21:18:34.938,8932.80673
2026-08-19 21:18:35.371,8932.75413
2026-08-19 21:18:35.788,8932.93758
2026-08-19 21:18:36.206,8932.99206
2026-08-19 21:18:36.619,8932.88845
2026-08-19 21:18:37.040,8932.66723
2026-08-19 21:18:37.454,8932.4129
2026-08-19 21:18:37.884,8932.36202
2026-08-19 21:18:38.312,8932.08688
2026-08-19 21:18:38.733,8972.54154
2026-08-19 21:18:39.153,9064.1138
2026-08-19 21:18:39.582,9181.94924
2026-08-19 21:18:39.995,9329.40164
2026-08-19 21:18:40.418,9493.02918
2026-08-19 21:18:40.832,9658.04761
2026-08-19 21:18:41.260,9552.82378
2026-08-19 21:18:41.673,9381.28556
2026-08-19 21:18:42.099,9228.58097
2026-08-19 21:18:42.526,9097.87843
2026-08-19 21:18:42.948,8997.31401
2026-08-19 21:18:43.362,8946.97982
2026-08-19 21:18:43.775,9014.72159
2026-08-19 21:18:44.209,9120.6305
2026-08-19 21:18:44.623,9253.34341
2026-08-19 21:18:45.037,9408.9027
2026-08-19 21:18:45.450,9581.80768
2026-08-19 21:18:45.882,9641.87829
2026-08-19 21:18:46.296,9465.3134
2026-08-19 21:18:46.732,9296.02264
2026-08-19 21:18:47.148,9154.393
2026-08-19 21:18:47.562,9043.04051
2026-08-19 21:18:47.979,8960.12198
2026-08-19 21:18:48.393,8932.24412
2026-08-19 21:18:48.867,8933.08535
2026-08-19 21:18:49.286,8933.28773
2026-08-19 21:18:49.701,8932.31198
2026-08-19 21:18:50.119,8931.70479
2026-08-19 21:18:50.547,8931.51895
2026-08-19 21:18:50.960,8931.45409
2026-08-19 21:18:51.373,8931.06951
2026-08-19 21:18:51.787,8930.9361
2026-08-19 21:18:52.216,8930.9667
2026-08-19 21:18:52.629,8930.97124
2026-08-19 21:18:53.060,8932.64045
2026-08-19 21:18:53.473,8989.48425
2026-08-19 21:18:53.888,9084.33114
2026-08-19 21:18:54.303,9206.02921
2026-08-19 21:18:54.725,9352.93928
2026-08-19 21:18:55.138,9523.1035
2026-08-19 21:18:55.565,9664.10691
2026-08-19 21:18:55.981,9526.58942
2026-08-19 21:18:56.396,9356.66315
2026-08-19 21:18:56.810,9207.30467
2026-08-19 21:18:57.238,9080.79644
2026-08-19 21:18:57.653,8987.82673
2026-08-19 21:18:58.088,8951.52462
2026-08-19 21:18:58.506,9031.88681
2026-08-19 21:18:58.920,9139.89828
2026-08-19 21:18:59.352,9279.92379
2026-08-19 21:18:59.767,9440.6253
2026-08-19 21:19:00.209,9622.99727
2026-08-19 21:19:00.623,9711.07732
2026-08-19 21:19:01.049,9709.48875
2026-08-19 21:19:01.463,9708.6247
2026-08-19 21:19:01.877,9708.45768
2026-08-19 21:19:02.297,9708.16588
2026-08-19 21:19:02.720,9708.10693
2026-08-19 21:19:03.132,9707.91182
2026-08-19 21:19:03.546,9707.96599
2026-08-19 21:19:03.960,9708.04249
2026-08-19 21:19:04.440,9708.13393
2026-08-19 21:19:04.852,9708.39403
2026-08-19 21:19:05.266,9708.52124
2026-08-19 21:19:05.679,9708.7243
2026-08-19 21:19:06.091,9708.83161
2026-08-19 21:19:06.519,9708.85159
2026-08-19 21:19:06.932,9709.20366
2026-08-19 21:19:07.347,9709.387
2026-08-19 21:19:07.760,9709.62682
2026-08-19 21:19:08.178,9709.8192
2026-08-19 21:19:08.591,9710.08065
2026-08-19 21:19:09.013,9710.3259
2026-08-19 21:19:09.446,9710.55408
2026-08-19 21:19:09.861,9710.52867
2026-08-19 21:19:10.276,9710.80709
2026-08-19 21:19:10.691,9711.09927
2026-08-19 21:19:11.105,9711.16385
2026-08-19 21:19:11.533,9711.0598
2026-08-19 21:19:12.016,9710.91924
2026-08-19 21:19:12.430,9710.78155
2026-08-19 21:19:12.857,9710.71117
2026-08-19 21:19:13.272,9710.6282
2026-08-19 21:19:13.700,9710.87
2026-08-19 21:19:14.129,9711.13739
2026-08-19 21:19:14.545,9710.02373
2026-08-19 21:19:14.959,9709.67089
2026-08-19 21:19:15.381,9709.75693
2026-08-19 21:19:15.811,9709.86326
2026-08-19 21:19:16.224,9710.13803
2026-08-19 21:19:16.637,9710.28373
2026-08-19 21:19:17.053,9710.5246
2026-08-19 21:19:17.465,9710.64038
2026-08-19 21:19:17.910,9710.55533
2026-08-19 21:19:18.324,9710.54107
2026-08-19 21:19:18.753,9710.4709
2026-08-19 21:19:19.181,9710.40473
2026-08-19 21:19:19.597,9710.30488
2026-08-19 21:19:20.024,9710.24431
2026-08-19 21:19:20.439,9710.25452
2026-08-19 21:19:20.855,9710.21244
2026-08-19 21:19:21.269,9710.44762
2026-08-19 21:19:21.683,9710.90447
2026-08-19 21:19:22.157,9711.06573
2026-08-19 21:19:22.571,9711.17834
2026-08-19 21:19:22.985,9711.30827
2026-08-19 21:19:23.399,9711.8277
2026-08-19 21:19:23.823,9712.26816
2026-08-19 21:19:24.240,9712.54739
2026-08-19 21:19:24.666,9712.68908
2026-08-19 21:19:25.092,9712.76736
2026-08-19 21:19:25.506,9712.79193
2026-08-19 21:19:25.921,9712.98643
2026-08-19 21:19:26.335,9713.14366
2026-08-19 21:19:26.748,9713.36579
2026-08-19 21:19:27.160,9713.576
2026-08-19 21:19:27.641,9713.87729
2026-08-19 21:19:28.055,9714.08547
2026-08-19 21:19:28.475,9714.29053
2026-08-19 21:19:28.889,9714.31407
2026-08-19 21:19:29.367,9714.43635
2026-08-19 21:19:29.782,9714.36716
2026-08-19 21:19:30.195,9714.28774
2026-08-19 21:19:30.610,9714.09584
2026-08-19 21:19:31.024,9713.91868
2026-08-19 21:19:31.453,9713.70016
2026-08-19 21:19:31.867,9713.6197
2026-08-19 21:19:32.280,9713.70918
2026-08-19 21:19:32.694,9713.67442
2026-08-19 21:19:33.109,9713.71816
2026-08-19 21:19:33.549,9713.56553
2026-08-19 21:19:33.964,9713.40296
2026-08-19 21:19:34.386,9713.27274
2026-08-19 21:19:34.799,9713.00607
2026-08-19 21:19:35.223,9712.87117
2026-08-19 21:19:35.650,9712.76349
2026-08-19 21:19:36.065,9711.66721
2026-08-19 21:19:36.478,9711.17904
2026-08-19 21:19:36.891,9711.04625
2026-08-19 21:19:37.355,9710.97414
2026-08-19 21:19:37.780,9711.01549
2026-08-19 21:19:38.199,9710.89463
2026-08-19 21:19:38.614,9710.83716
2026-08-19 21:19:39.028,9710.97911
2026-08-19 21:19:39.454,9711.15853
2026-08-19 21:19:39.887,9711.43357
2026-08-19 21:19:40.301,9711.49651
2026-08-19 21:19:40.715,9711.70434
2026-08-19 21:19:41.129,9711.68696
2026-08-19 21:19:41.543,9711.61112
2026-08-19 21:19:41.976,9711.50564
2026-08-19 21:19:42.390,9711.49126
2026-08-19 21:19:42.803,9711.34996
2026-08-19 21:19:43.228,9711.28167
2026-08-19 21:19:43.648,9711.13009
2026-08-19 21:19:44.077,9711.02638
2026-08-19 21:19:44.489,9710.88228
2026-08-19 21:19:44.902,9710.73852
2026-08-19 21:19:45.317,9710.5659
2026-08-19 21:19:45.730,9710.38551
2026-08-19 21:19:46.201,9710.37109
2026-08-19 21:19:46.648,9710.34474
2026-08-19 21:19:47.071,9710.46256
2026-08-19 21:19:47.484,9710.58214
2026-08-19 21:19:47.912,9710.65724
2026-08-19 21:19:48.334,9710.56446
2026-08-19 21:19:48.749,9710.58645
2026-08-19 21:19:49.175,9710.78922
2026-08-19 21:19:49.589,9710.77917
2026-08-19 21:19:50.003,9710.66786
2026-08-19 21:19:50.445,9710.5823
2026-08-19 21:19:50.865,9710.48706
2026-08-19 21:19:51.281,9710.51108
2026-08-19 21:19:51.701,9710.43674
2026-08-19 21:19:52.115,9710.49485
2026-08-19 21:19:52.550,9710.46243
2026-08-19 21:19:52.965,9710.35991
2026-08-19 21:19:53.378,9710.26258
2026-08-19 21:19:53.792,9710.19914
2026-08-19 21:19:54.206,9710.16903
2026-08-19 21:19:54.668,9710.42407
2026-08-19 21:19:55.081,9710.63123
2026-08-19 21:19:55.495,9710.84199
2026-08-19 21:19:55.931,9710.93647
2026-08-19 21:19:56.351,9710.94074
2026-08-19 21:19:56.771,9710.8158
2026-08-19 21:19:57.186,9710.82935
2026-08-19 21:19:57.600,9709.81495
2026-08-19 21:19:58.014,9709.16988
2026-08-19 21:19:58.440,9708.86956
2026-08-19 21:19:58.871,9708.73502
2026-08-19 21:19:59.286,9708.57353
2026-08-19 21:19:59.699,9708.58596
2026-08-19 21:20:00.126,9708.70147
2026-08-19 21:20:00.539,9708.68341
2026-08-19 21:20:00.979,9708.83892
2026-08-19 21:20:01.395,9708.88031
2026-08-19 21:20:01.810,9708.81357
2026-08-19 21:20:02.236,9708.95298
2026-08-19 21:20:02.664,9708.94954
2026-08-19 21:20:03.086,9709.34179
2026-08-19 21:20:03.500,9709.61624
2026-08-19 21:20:03.913,9709.90886
2026-08-19 21:20:04.333,9710.07654
2026-08-19 21:20:04.799,9710.19357
2026-08-19 21:20:05.220,9710.60234
2026-08-19 21:20:05.633,9710.95092
2026-08-19 21:20:06.051,9711.19156
2026-08-19 21:20:06.475,9711.2957
2026-08-19 21:20:06.888,9711.29928
2026-08-19 21:20:07.307,9711.26509
2026-08-19 21:20:07.722,9711.2647
2026-08-19 21:20:08.136,9711.5946
2026-08-19 21:20:08.550,9711.79891
2026-08-19 21:20:08.973,9712.06252
2026-08-19 21:20:09.401,9712.14018
2026-08-19 21:20:09.830,9712.16693
2026-08-19 21:20:10.256,9712.06899
2026-08-19 21:20:10.672,9711.97714
2026-08-19 21:20:11.087,9711.8144
2026-08-19 21:20:11.502,9711.80205
2026-08-19 21:20:11.915,9711.6224
2026-08-19 21:20:12.329,9711.46936
2026-08-19 21:20:12.742,9711.25841
2026-08-19 21:20:13.209,9711.11427
2026-08-19 21:20:13.628,9711.17931
2026-08-19 21:20:14.040,9711.23881
2026-08-19 21:20:14.454,9711.52789
2026-08-19 21:20:14.869,9711.82034
2026-08-19 21:20:15.282,9712.01599
2026-08-19 21:20:15.713,9712.241
2026-08-19 21:20:16.141,9712.37878
2026-08-19 21:20:16.561,9712.41173
2026-08-19 21:20:16.974,9712.56786
2026-08-19 21:20:17.388,9712.72373
2026-08-19 21:20:17.818,9712.72977
2026-08-19 21:20:18.239,9712.65206
2026-08-19 21:20:18.654,9712.51247
2026-08-19 21:20:19.068,9711.56847
2026-08-19 21:20:19.481,9710.77951
2026-08-19 21:20:19.919,9710.72978
2026-08-19 21:20:20.332,9710.81576
2026-08-19 21:20:20.746,9710.77039
2026-08-19 21:20:21.160,9710.5504
2026-08-19 21:20:21.587,9710.47661
2026-08-19 21:20:22.044,9710.3221
2026-08-19 21:20:22.459,9710.35525
2026-08-19 21:20:22.872,9710.19304
2026-08-19 21:20:23.286,9710.13249
2026-08-19 21:20:23.712,9710.01814
2026-08-19 21:20:24.136,9705.12752
2026-08-19 21:20:24.562,9685.97119
2026-08-19 21:20:24.976,9666.56934
2026-08-19 21:20:25.388,9647.84262
2026-08-19 21:20:25.802,9629.71097
2026-08-19 21:20:26.236,9611.3618
2026-08-19 21:20:26.650,9592.13016
2026-08-19 21:20:27.066,9574.00547
2026-08-19 21:20:27.496,9556.20702
2026-08-19 21:20:27.918,9538.04682
2026-08-19 21:20:28.345,9520.03836
2026-08-19 21:20:28.761,9501.99983
2026-08-19 21:20:29.176,9484.15102
2026-08-19 21:20:29.589,9466.85487
2026-08-19 21:20:30.055,9449.73262
2026-08-19 21:20:30.480,9430.48473
2026-08-19 21:20:30.894,9413.40777
2026-08-19 21:20:31.310,9396.6785
2026-08-19 21:20:31.738,9380.30136
2026-08-19 21:20:32.154,9363.71358
2026-08-19 21:20:32.568,9347.88646
2026-08-19 21:20:32.982,9331.96717
2026-08-19 21:20:33.398,9316.49511
2026-08-19 21:20:33.825,9300.9268
2026-08-19 21:20:34.245,9285.2441
2026-08-19 21:20:34.670,9270.00329
2026-08-19 21:20:35.084,9254.9628
2026-08-19 21:20:35.500,9240.86713
2026-08-19 21:20:35.914,9226.44572
2026-08-19 21:20:36.376,9212.66432
2026-08-19 21:20:36.804,9196.95098
2026-08-19 21:20:37.220,9183.91944
2026-08-19 21:20:37.635,9170.96971
2026-08-19 21:20:38.050,9158.57157
2026-08-19 21:20:38.464,9146.54801
2026-08-19 21:20:38.879,9134.55737
2026-08-19 21:20:39.306,9121.93233
2026-08-19 21:20:39.719,9109.64677
2026-08-19 21:20:40.149,9098.61407
2026-08-19 21:20:40.562,9088.05709
2026-08-19 21:20:40.977,9078.02263
2026-08-19 21:20:41.390,9068.07293
2026-08-19 21:20:41.804,9058.43676
2026-08-19 21:20:42.217,9049.16388
2026-08-19 21:20:42.631,9039.98877
2026-08-19 21:20:43.058,9031.20938
2026-08-19 21:20:43.554,9020.73247
2026-08-19 21:20:43.974,9012.51515
2026-08-19 21:20:44.387,9004.55909
2026-08-19 21:20:44.805,8997.27968
2026-08-19 21:20:45.224,8990.0353
2026-08-19 21:20:45.637,8983.01118
2026-08-19 21:20:46.050,8976.30174
2026-08-19 21:20:46.463,8969.80596
2026-08-19 21:20:46.877,8963.75487
2026-08-19 21:20:47.295,8957.52856
2026-08-19 21:20:47.786,8950.52175
2026-08-19 21:20:48.214,8945.00853
2026-08-19 21:20:48.638,8944.51156
2026-08-19 21:20:49.056,8944.83914
2026-08-19 21:20:49.470,8945.02672
2026-08-19 21:20:49.898,8945.1296
2026-08-19 21:20:50.317,8945.18093
2026-08-19 21:20:50.732,8945.29724
2026-08-19 21:20:51.145,8945.49785
2026-08-19 21:20:51.558,8945.67899
2026-08-19 21:20:51.989,8945.86217
2026-08-19 21:20:52.401,8946.00399
2026-08-19 21:20:52.818,8946.14279
2026-08-19 21:20:53.242,8946.32048
2026-08-19 21:20:53.655,8946.59794
2026-08-19 21:20:54.068,8946.8023
2026-08-19 21:20:54.497,8947.02817
2026-08-19 21:20:54.912,8947.23667
2026-08-19 21:20:55.351,8947.42717
2026-08-19 21:20:55.768,8947.58718
2026-08-19 21:20:56.182,8947.71421
2026-08-19 21:20:56.596,8947.83721
2026-08-19 21:20:57.020,8947.92377
2026-08-19 21:20:57.434,8948.03846
2026-08-19 21:20:57.858,8948.1219
2026-08-19 21:20:58.272,8948.08694
2026-08-19 21:20:58.706,8948.10543
2026-08-19 21:20:59.120,8946.87239
2026-08-19 21:20:59.534,8946.11774
2026-08-19 21:20:59.955,8946.09016
2026-08-19 21:21:00.370,8946.25415
2026-08-19 21:21:00.798,8946.32128
2026-08-19 21:21:01.213,8946.62727
2026-08-19 21:21:01.627,8946.77409
2026-08-19 21:21:02.040,8947.07646
2026-08-19 21:21:02.454,8947.04041
2026-08-19 21:21:02.890,8947.19055
2026-08-19 21:21:03.313,8956.63701
2026-08-19 21:21:03.727,9028.58954
2026-08-19 21:21:04.150,9128.79388
2026-08-19 21:21:04.575,9259.37227
2026-08-19 21:21:04.997,9416.1229
2026-08-19 21:21:05.411,9590.44461
2026-08-19 21:21:05.837,9652.17943
2026-08-19 21:21:06.255,9473.01889
2026-08-19 21:21:06.682,9309.07409
2026-08-19 21:21:07.101,9166.16333
2026-08-19 21:21:07.526,9055.96157
2026-08-19 21:21:07.939,8972.78181
2026-08-19 21:21:08.367,8987.09483
2026-08-19 21:21:08.782,9076.75999
2026-08-19 21:21:09.209,9195.22907
2026-08-19 21:21:09.623,9337.48769
2026-08-19 21:21:10.049,9501.75608
2026-08-19 21:21:10.462,9666.46177
2026-08-19 21:21:10.879,9562.66648
2026-08-19 21:21:11.310,9389.64033
2026-08-19 21:21:11.725,9232.46469
2026-08-19 21:21:12.139,9108.46545
2026-08-19 21:21:12.554,9014.0401
2026-08-19 21:21:12.980,8953.93302
2026-08-19 21:21:13.437,8949.04252
2026-08-19 21:21:13.858,8949.71782
2026-08-19 21:21:14.273,8949.99745
2026-08-19 21:21:14.711,8949.87742
2026-08-19 21:21:15.128,8949.78124
2026-08-19 21:21:15.554,8949.58051
2026-08-19 21:21:15.970,8949.48511
2026-08-19 21:21:16.386,8949.47245
2026-08-19 21:21:16.812,8949.3424
2026-08-19 21:21:17.231,8949.47522
2026-08-19 21:21:17.646,8949.32762
2026-08-19 21:21:18.060,8970.13762
2026-08-19 21:21:18.474,9049.48503
2026-08-19 21:21:18.888,9155.04457
2026-08-19 21:21:19.301,9287.48356
2026-08-19 21:21:19.732,9443.65122
2026-08-19 21:21:20.151,9624.69101
2026-08-19 21:21:20.565,9627.1175
2026-08-19 21:21:20.992,9444.42167
2026-08-19 21:21:21.420,9280.84552
2026-08-19 21:21:21.857,9148.20249
2026-08-19 21:21:22.272,9038.60945
2026-08-19 21:21:22.689,8966.08788
2026-08-19 21:21:23.116,9004.54794
2026-08-19 21:21:23.531,9099.32881
2026-08-19 21:21:23.960,9224.39583
2026-08-19 21:21:24.372,9371.40913
2026-08-19 21:21:24.797,9538.88127
2026-08-19 21:21:25.210,9670.06739
2026-08-19 21:21:25.637,9518.04124
2026-08-19 21:21:26.051,9350.69224
2026-08-19 21:21:26.464,9204.72184
2026-08-19 21:21:26.878,9087.14169
2026-08-19 21:21:27.304,8998.03386
2026-08-19 21:21:27.717,8949.19487
2026-08-19 21:21:28.156,8948.73955
2026-08-19 21:21:28.568,8949.63281
2026-08-19 21:21:28.981,8949.95748
2026-08-19 21:21:29.395,8950.08365
2026-08-19 21:21:29.808,8950.18406
2026-08-19 21:21:30.232,8950.21728
2026-08-19 21:21:30.648,8950.06841
2026-08-19 21:21:31.075,8950.16949
2026-08-19 21:21:31.490,8950.12217
2026-08-19 21:21:31.920,8950.05719
2026-08-19 21:21:32.334,8949.89557
2026-08-19 21:21:32.747,8974.76563
2026-08-19 21:21:33.188,9056.21877
2026-08-19 21:21:33.616,9171.8669
2026-08-19 21:21:34.044,9312.90507
2026-08-19 21:21:34.459,9478.51935
2026-08-19 21:21:34.874,9652.11842
2026-08-19 21:21:35.291,9597.17197
2026-08-19 21:21:35.703,9422.06496
2026-08-19 21:21:36.117,9266.81485
2026-08-19 21:21:36.531,9136.70219
2026-08-19 21:21:36.957,9035.53449
2026-08-19 21:21:37.421,8965.71631
2026-08-19 21:21:37.834,9023.01836
2026-08-19 21:21:38.248,9119.37634
2026-08-19 21:21:38.663,9243.93428
2026-08-19 21:21:39.076,9395.07108
2026-08-19 21:21:39.505,9564.80159
2026-08-19 21:21:39.933,9671.96886
2026-08-19 21:21:40.348,9503.89773
2026-08-19 21:21:40.763,9338.10522
2026-08-19 21:21:41.176,9195.01885
2026-08-19 21:21:41.590,9080.64192
2026-08-19 21:21:42.017,8994.30849
2026-08-19 21:21:42.431,8953.02018
2026-08-19 21:21:42.852,8953.54585
2026-08-19 21:21:43.265,8953.9839
2026-08-19 21:21:43.693,8952.78049
2026-08-19 21:21:44.107,8952.08106
2026-08-19 21:21:44.539,8951.75724
2026-08-19 21:21:44.968,8951.65468
2026-08-19 21:21:45.394,8951.73025
2026-08-19 21:21:45.808,8951.91552
2026-08-19 21:21:46.222,8951.9364
2026-08-19 21:21:46.644,8952.12683
2026-08-19 21:21:47.057,8952.11975
2026-08-19 21:21:47.482,8986.98539
2026-08-19 21:21:47.896,9075.82539
2026-08-19 21:21:48.315,9188.30291
2026-08-19 21:21:48.741,9329.44372
2026-08-19 21:21:49.154,9495.46005
2026-08-19 21:21:49.568,9664.42235
2026-08-19 21:21:49.983,9588.65989
2026-08-19 21:21:50.396,9414.78488
2026-08-19 21:21:50.864,9260.03574
2026-08-19 21:21:51.309,9108.25276
2026-08-19 21:21:51.722,9014.0289
2026-08-19 21:21:52.152,8967.24899
2026-08-19 21:21:52.574,9036.91996
2026-08-19 21:21:52.994,9140.05994
2026-08-19 21:21:53.408,9271.80666
2026-08-19 21:21:53.833,9426.44228
2026-08-19 21:21:54.247,9604.20212
2026-08-19 21:21:54.673,9652.54093
2026-08-19 21:21:55.095,9471.32312
2026-08-19 21:21:55.509,9305.9671
2026-08-19 21:21:55.924,9168.21605
2026-08-19 21:21:56.338,9059.29321
2026-08-19 21:21:56.765,8976.44572
2026-08-19 21:21:57.194,8952.10667
2026-08-19 21:21:57.607,8952.57156
2026-08-19 21:21:58.019,8953.16683
2026-08-19 21:21:58.432,8953.33046
2026-08-19 21:21:58.859,8953.41436
2026-08-19 21:21:59.327,8953.58052
2026-08-19 21:21:59.740,8953.69872
2026-08-19 21:22:00.154,8953.82614
2026-08-19 21:22:00.569,8953.9217
2026-08-19 21:22:00.982,8954.08342
2026-08-19 21:22:01.407,8954.08921
2026-08-19 21:22:01.825,8955.84205
2026-08-19 21:22:02.253,9009.60044
2026-08-19 21:22:02.673,9105.52347
2026-08-19 21:22:03.086,9227.57131
2026-08-19 21:22:03.518,9373.54775
2026-08-19 21:22:03.941,9547.3835
2026-08-19 21:22:04.356,9680.4067
2026-08-19 21:22:04.773,9535.45774
2026-08-19 21:22:05.192,9365.49267
2026-08-19 21:22:05.616,9216.53577
2026-08-19 21:22:06.030,9094.63892
2026-08-19 21:22:06.444,9004.711
2026-08-19 21:22:06.866,8973.71013
2026-08-19 21:22:07.280,9051.34798
2026-08-19 21:22:07.713,9156.33982
2026-08-19 21:22:08.126,9296.73479
2026-08-19 21:22:08.539,9454.71021
2026-08-19 21:22:08.966,9635.46237
2026-08-19 21:22:09.380,9628.28207
2026-08-19 21:22:09.839,9431.75386
2026-08-19 21:22:10.276,9270.43335
2026-08-19 21:22:10.691,9137.55258
2026-08-19 21:22:11.105,9036.12859
2026-08-19 21:22:11.517,8965.74123
2026-08-19 21:22:11.943,8954.13504
2026-08-19 21:22:12.356,8955.28186
2026-08-19 21:22:12.786,8955.90704
2026-08-19 21:22:13.199,8956.13247
2026-08-19 21:22:13.613,8956.34968
2026-08-19 21:22:14.048,8956.49844
2026-08-19 21:22:14.475,8956.42567
2026-08-19 21:22:14.891,8956.40564
2026-08-19 21:22:15.305,8956.31877
2026-08-19 21:22:15.718,8956.60456
2026-08-19 21:22:16.156,8956.78392
2026-08-19 21:22:16.571,8964.54755
2026-08-19 21:22:16.985,9031.84133
2026-08-19 21:22:17.398,9130.34993
2026-08-19 21:22:17.826,9260.46756
2026-08-19 21:22:18.280,9412.21653
2026-08-19 21:22:18.708,9599.67235
2026-08-19 21:22:19.125,9666.45766
2026-08-19 21:22:19.538,9490.22755
2026-08-19 21:22:19.970,9321.79561
2026-08-19 21:22:20.385,9181.11313
2026-08-19 21:22:20.798,9070.15496
2026-08-19 21:22:21.226,8985.05585
2026-08-19 21:22:21.642,8997.06916
2026-08-19 21:22:22.057,9084.45296
2026-08-19 21:22:22.480,9198.43154
2026-08-19 21:22:22.900,9342.83982
2026-08-19 21:22:23.313,9509.49972
2026-08-19 21:22:23.731,9674.4869
2026-08-19 21:22:24.158,9581.47871
2026-08-19 21:22:24.579,9403.55417
2026-08-19 21:22:24.995,9247.75913
2026-08-19 21:22:25.419,9121.8975
2026-08-19 21:22:25.847,9023.32256
2026-08-19 21:22:26.263,8960.99191
2026-08-19 21:22:26.689,8956.55114
2026-08-19 21:22:27.105,8957.38408
2026-08-19 21:22:27.519,8957.52864
2026-08-19 21:22:27.933,8956.31085
2026-08-19 21:22:28.369,8955.78187
2026-08-19 21:22:28.799,8955.59417
2026-08-19 21:22:29.212,8955.47198
2026-08-19 21:22:29.626,8955.45227
2026-08-19 21:22:30.039,8955.45868
2026-08-19 21:22:30.453,8955.49306
2026-08-19 21:22:30.924,8955.44221
2026-08-19 21:22:31.339,8975.46667
2026-08-19 21:22:31.765,9055.2548
2026-08-19 21:22:32.178,9164.38357
2026-08-19 21:22:32.594,9298.05164
2026-08-19 21:22:33.025,9456.15305
2026-08-19 21:22:33.438,9637.75223
2026-08-19 21:22:33.851,9634.72586
2026-08-19 21:22:34.265,9457.06827
2026-08-19 21:22:34.682,9297.47422
2026-08-19 21:22:35.096,9160.79164
2026-08-19 21:22:35.563,9042.67494
2026-08-19 21:22:36.029,8972.16054
2026-08-19 21:22:36.445,9024.06733
2026-08-19 21:22:36.893,9128.82739
2026-08-19 21:22:37.365,9274.25211
2026-08-19 21:22:37.781,9430.94936
2026-08-19 21:22:38.195,9604.61071
2026-08-19 21:22:38.611,9659.9287
2026-08-19 21:22:39.024,9483.42354
2026-08-19 21:22:39.443,9320.42296
2026-08-19 21:22:39.861,9178.76641
2026-08-19 21:22:40.276,9067.00963
2026-08-19 21:22:40.703,8984.22259
2026-08-19 21:22:41.121,8954.384
2026-08-19 21:22:41.535,8954.98701
2026-08-19 21:22:41.967,8955.72524
2026-08-19 21:22:42.381,8955.95402
2026-08-19 21:22:42.801,8956.03956
2026-08-19 21:22:43.229,8956.16848
2026-08-19 21:22:43.649,8956.13735
2026-08-19 21:22:44.063,8956.19965
2026-08-19 21:22:44.487,8956.36195
2026-08-19 21:22:44.901,8956.30299
2026-08-19 21:22:45.326,8956.27744
2026-08-19 21:22:45.741,8956.54475
2026-08-19 21:22:46.170,9001.82046
2026-08-19 21:22:46.584,9095.20197
2026-08-19 21:22:46.997,9212.23734
2026-08-19 21:22:47.415,9355.35903
2026-08-19 21:22:47.842,9527.54631
2026-08-19 21:22:48.255,9681.67272
2026-08-19 21:22:48.675,9568.66599
2026-08-19 21:22:49.088,9395.0066
2026-08-19 21:22:49.502,9243.58315
2026-08-19 21:22:49.929,9118.92466
2026-08-19 21:22:50.358,9017.63958
2026-08-19 21:22:50.771,8971.72607
2026-08-19 21:22:51.194,9039.31508
2026-08-19 21:22:51.609,9142.45003
2026-08-19 21:22:52.035,9272.50929
2026-08-19 21:22:52.449,9432.53672
2026-08-19 21:22:52.876,9605.58933
2026-08-19 21:22:53.302,9655.08296
2026-08-19 21:22:53.720,9472.53025
2026-08-19 21:22:54.146,9309.16383
2026-08-19 21:22:54.574,9163.24853
2026-08-19 21:22:55.000,9056.45179
2026-08-19 21:22:55.414,8975.52703
2026-08-19 21:22:55.845,8955.11614
2026-08-19 21:22:56.277,8955.63725
2026-08-19 21:22:56.691,8956.40286
2026-08-19 21:22:57.111,8956.56802
2026-08-19 21:22:57.538,8956.74527
2026-08-19 21:22:57.971,8956.9572
2026-08-19 21:22:58.385,8956.84926
2026-08-19 21:22:58.799,8956.80316
2026-08-19 21:22:59.217,8956.62217
2026-08-19 21:22:59.644,8956.61333
2026-08-19 21:23:00.066,8956.3917
2026-08-19 21:23:00.479,8959.64269
2026-08-19 21:23:00.893,9017.96607
2026-08-19 21:23:01.311,9112.38105
2026-08-19 21:23:01.739,9235.1109
2026-08-19 21:23:02.155,9388.06032
2026-08-19 21:23:02.582,9556.75827
2026-08-19 21:23:03.010,9682.92139
2026-08-19 21:23:03.425,9525.93418
2026-08-19 21:23:03.838,9358.09572
2026-08-19 21:23:04.253,9212.02397
2026-08-19 21:23:04.683,9092.44367
2026-08-19 21:23:05.096,9000.52041
2026-08-19 21:23:05.524,8974.00041
2026-08-19 21:23:05.939,9054.15675
2026-08-19 21:23:06.356,9159.63034
2026-08-19 21:23:06.768,9294.49766
2026-08-19 21:23:07.196,9451.40738
2026-08-19 21:23:07.610,9632.04822
2026-08-19 21:23:08.024,9636.36874
2026-08-19 21:23:08.438,9458.48017
2026-08-19 21:23:08.864,9298.22475
2026-08-19 21:23:09.291,9158.52664
2026-08-19 21:23:09.706,9049.53924
2026-08-19 21:23:10.139,8971.1399
2026-08-19 21:23:10.568,8954.53944
2026-08-19 21:23:10.981,8955.01918
2026-08-19 21:23:11.404,8955.41662
2026-08-19 21:23:11.816,8954.31495
2026-08-19 21:23:12.231,8953.27722
2026-08-19 21:23:12.644,8952.91381
2026-08-19 21:23:13.076,8952.60338
2026-08-19 21:23:13.494,8952.41638
2026-08-19 21:23:13.912,8952.22917
2026-08-19 21:23:14.326,8952.14906
2026-08-19 21:23:14.741,8951.94367
2026-08-19 21:23:15.183,8954.65462
2026-08-19 21:23:15.599,9017.18292
2026-08-19 21:23:16.012,9113.00923
2026-08-19 21:23:16.440,9240.08642
2026-08-19 21:23:16.854,9389.03068
2026-08-19 21:23:17.275,9557.2285
2026-08-19 21:23:17.688,9677.3557
2026-08-19 21:23:18.117,9518.43628
2026-08-19 21:23:18.531,9351.52156
2026-08-19 21:23:18.945,9206.34357
2026-08-19 21:23:19.372,9088.74595
2026-08-19 21:23:19.798,8997.37998
2026-08-19 21:23:20.212,8977.65935
2026-08-19 21:23:20.639,9058.78109
2026-08-19 21:23:21.056,9170.13573
2026-08-19 21:23:21.479,9307.37809
2026-08-19 21:23:21.893,9470.61722
2026-08-19 21:23:22.307,9646.69604
2026-08-19 21:23:22.721,9615.50188
2026-08-19 21:23:23.133,9440.06424
2026-08-19 21:23:23.547,9282.53926
2026-08-19 21:23:24.025,9134.82324
2026-08-19 21:23:24.453,9031.92127
2026-08-19 21:23:24.870,8962.34817
2026-08-19 21:23:25.285,8953.66713
2026-08-19 21:23:25.711,8954.22719
2026-08-19 21:23:26.129,8954.6726
2026-08-19 21:23:26.546,8954.54747
2026-08-19 21:23:26.960,8954.51906
2026-08-19 21:23:27.396,8954.46382
2026-08-19 21:23:27.810,8954.25962
2026-08-19 21:23:28.225,8954.21102
2026-08-19 21:23:28.652,8954.18666
2026-08-19 21:23:29.065,8954.27745
2026-08-19 21:23:29.479,8954.33122
2026-08-19 21:23:29.895,8962.69815
2026-08-19 21:23:30.309,9031.39835
2026-08-19 21:23:30.736,9130.17912
2026-08-19 21:23:31.149,9260.85951
2026-08-19 21:23:31.562,9411.97215
2026-08-19 21:23:31.981,9581.72374
2026-08-19 21:23:32.395,9673.58549
2026-08-19 21:23:32.807,9506.83158
2026-08-19 21:23:33.265,9330.59846
2026-08-19 21:23:33.678,9185.0649
2026-08-19 21:23:34.091,9072.84882
2026-08-19 21:23:34.518,8985.86943
2026-08-19 21:23:34.952,8989.97252
2026-08-19 21:23:35.364,9076.73155
2026-08-19 21:23:35.791,9189.33943
2026-08-19 21:23:36.208,9334.60596
2026-08-19 21:23:36.623,9499.07649
2026-08-19 21:23:37.053,9667.73149
2026-08-19 21:23:37.470,9578.88288
2026-08-19 21:23:37.885,9404.88209
2026-08-19 21:23:38.308,9251.21688
2026-08-19 21:23:38.721,9121.4763
2026-08-19 21:23:39.159,9024.38322
2026-08-19 21:23:39.577,8958.2746
2026-08-19 21:23:39.991,8952.92728
2026-08-19 21:23:40.407,8953.71558
2026-08-19 21:23:40.820,8954.00991
2026-08-19 21:23:41.300,8954.24321
2026-08-19 21:23:41.718,8954.45943
2026-08-19 21:23:42.135,8954.45596
2026-08-19 21:23:42.552,8954.55632
2026-08-19 21:23:42.968,8954.71292
2026-08-19 21:23:43.380,8954.92802
2026-08-19 21:23:43.800,8955.05476
2026-08-19 21:23:44.228,8955.3067
2026-08-19 21:23:44.642,8972.82829
2026-08-19 21:23:45.056,9050.77781
2026-08-19 21:23:45.481,9155.05212
2026-08-19 21:23:45.908,9295.80213
2026-08-19 21:23:46.338,9458.07082
2026-08-19 21:23:46.751,9632.21488
2026-08-19 21:23:47.165,9640.90821
2026-08-19 21:23:47.587,9462.90542
2026-08-19 21:23:48.014,9299.49294
2026-08-19 21:23:48.430,9159.6018
2026-08-19 21:23:48.845,9052.71115
2026-08-19 21:23:49.274,8973.79046
2026-08-19 21:23:49.704,9009.22053
2026-08-19 21:23:50.138,9104.65244
2026-08-19 21:23:50.554,9226.55732
2026-08-19 21:23:50.975,9374.10633
2026-08-19 21:23:51.404,9544.51131
2026-08-19 21:23:51.831,9680.12816
2026-08-19 21:23:52.246,9529.7608
2026-08-19 21:23:52.680,9354.09958
2026-08-19 21:23:53.093,9208.25821
2026-08-19 21:23:53.554,9080.30068
2026-08-19 21:23:54.017,8993.47733
2026-08-19 21:23:54.437,8954.14127
2026-08-19 21:23:54.849,8954.60577
2026-08-19 21:23:55.275,8955.25235
2026-08-19 21:23:55.704,8954.6945
2026-08-19 21:23:56.121,8953.26647
2026-08-19 21:23:56.535,8952.92701
2026-08-19 21:23:56.949,8952.78949
2026-08-19 21:23:57.375,8952.75091
2026-08-19 21:23:57.789,8952.72008
2026-08-19 21:23:58.224,8952.65053
2026-08-19 21:23:58.637,8952.57113
2026-08-19 21:23:59.052,8952.65954
2026-08-19 21:23:59.465,8996.81855
2026-08-19 21:23:59.893,9085.71853
2026-08-19 21:24:00.306,9205.39358
2026-08-19 21:24:00.735,9352.91463
2026-08-19 21:24:01.155,9516.93603
2026-08-19 21:24:01.583,9675.71896
2026-08-19 21:24:01.997,9559.6844
2026-08-19 21:24:02.412,9388.56445
2026-08-19 21:24:02.831,9237.15823
2026-08-19 21:24:03.245,9111.55646
2026-08-19 21:24:03.664,9016.53513
2026-08-19 21:24:04.078,8967.59827
2026-08-19 21:24:04.492,9034.15415
2026-08-19 21:24:04.987,9134.4051
2026-08-19 21:24:05.408,9292.24815
2026-08-19 21:24:05.822,9452.37891
2026-08-19 21:24:06.250,9627.88548
2026-08-19 21:24:06.665,9634.40364
2026-08-19 21:24:07.095,9454.62078
2026-08-19 21:24:07.509,9291.27664
2026-08-19 21:24:07.923,9156.91307
2026-08-19 21:24:08.338,9051.53564
2026-08-19 21:24:08.765,8974.17328
2026-08-19 21:24:09.186,8955.6775
2026-08-19 21:24:09.600,8956.34485
2026-08-19 21:24:10.028,8956.97176
2026-08-19 21:24:10.440,8957.27262
2026-08-19 21:24:10.867,8957.30053
2026-08-19 21:24:11.297,8957.32989
2026-08-19 21:24:11.728,8957.20379
2026-08-19 21:24:12.156,8957.03851
2026-08-19 21:24:12.570,8957.03827
2026-08-19 21:24:12.984,8957.01315
2026-08-19 21:24:13.423,8957.06782
2026-08-19 21:24:13.835,8962.49957
2026-08-19 21:24:14.257,9026.41527
2026-08-19 21:24:14.682,9124.93265
2026-08-19 21:24:15.097,9253.44228
2026-08-19 21:24:15.514,9403.15642
2026-08-19 21:24:15.928,9573.91351
2026-08-19 21:24:16.341,9680.4971
2026-08-19 21:24:16.760,9521.38752
2026-08-19 21:24:17.174,9352.66797
2026-08-19 21:24:17.613,9207.64635
2026-08-19 21:24:18.032,9084.50379
2026-08-19 21:24:18.445,8996.42809
2026-08-19 21:24:18.882,8985.22691
2026-08-19 21:24:19.297,9070.35479
2026-08-19 21:24:19.712,9181.10465
2026-08-19 21:24:20.124,9320.21147
2026-08-19 21:24:20.538,9481.02354
2026-08-19 21:24:20.953,9656.65479
2026-08-19 21:24:21.368,9612.4841
2026-08-19 21:24:21.786,9436.86803
2026-08-19 21:24:22.276,9250.63894
2026-08-19 21:24:22.689,9124.49375
2026-08-19 21:24:23.114,9026.98734
2026-08-19 21:24:23.528,8961.68035
2026-08-19 21:24:23.960,8955.44272
2026-08-19 21:24:24.374,8956.45835
2026-08-19 21:24:24.788,8957.15647
2026-08-19 21:24:25.201,8957.38055
2026-08-19 21:24:25.616,8957.47917
2026-08-19 21:24:26.082,8957.68151
2026-08-19 21:24:26.511,8957.72776
2026-08-19 21:24:26.936,8958.00856
2026-08-19 21:24:27.351,8958.1933
2026-08-19 21:24:27.767,8958.38648
2026-08-19 21:24:28.180,8958.37383
2026-08-19 21:24:28.609,8975.53086
2026-08-19 21:24:29.032,9053.68453
2026-08-19 21:24:29.460,9161.00409
2026-08-19 21:24:29.873,9298.18156
2026-08-19 21:24:30.302,9461.10474
2026-08-19 21:24:30.731,9641.93555
2026-08-19 21:24:31.145,9640.49724
2026-08-19 21:24:31.558,9462.60212
2026-08-19 21:24:31.983,9302.77601
2026-08-19 21:24:32.398,9163.40936
2026-08-19 21:24:32.812,9056.48735
2026-08-19 21:24:33.231,8979.32395
2026-08-19 21:24:33.647,9009.13429
2026-08-19 21:24:34.062,9100.3541
2026-08-19 21:24:34.476,9218.73033
2026-08-19 21:24:34.891,9363.81229
2026-08-19 21:24:35.311,9532.13731
2026-08-19 21:24:35.725,9686.78724
2026-08-19 21:24:36.152,9564.50787
2026-08-19 21:24:36.566,9394.09771
2026-08-19 21:24:36.981,9243.39784
2026-08-19 21:24:37.409,9119.35191
2026-08-19 21:24:37.837,9021.60565
2026-08-19 21:24:38.253,8963.96585
2026-08-19 21:24:38.683,8961.65986
2026-08-19 21:24:39.096,8962.73463
2026-08-19 21:24:39.515,8963.08184
2026-08-19 21:24:39.928,8961.90961
2026-08-19 21:24:40.363,8961.46031
2026-08-19 21:24:40.781,8961.35577
2026-08-19 21:24:41.194,8961.37685
2026-08-19 21:24:41.615,8961.52076
2026-08-19 21:24:42.031,8961.53652
2026-08-19 21:24:42.461,8961.52341
2026-08-19 21:24:42.888,8961.63367
2026-08-19 21:24:43.302,8983.14774
2026-08-19 21:24:43.717,9064.24654
2026-08-19 21:24:44.144,9175.91869
2026-08-19 21:24:44.562,9310.81901
2026-08-19 21:24:44.990,9471.03243
2026-08-19 21:24:45.403,9652.20967
2026-08-19 21:24:45.816,9638.3224
2026-08-19 21:24:46.230,9461.33807
2026-08-19 21:24:46.667,9301.86047
2026-08-19 21:24:47.082,9159.78213
2026-08-19 21:24:47.496,9054.66476
2026-08-19 21:24:47.909,8980.56897
2026-08-19 21:24:48.323,9016.02471
2026-08-19 21:24:48.736,9107.68312
2026-08-19 21:24:49.163,9226.69227
2026-08-19 21:24:49.581,9377.83564
2026-08-19 21:24:49.994,9547.47995
2026-08-19 21:24:50.409,9693.05106
2026-08-19 21:24:50.836,9558.53193
2026-08-19 21:24:51.264,9382.49546
2026-08-19 21:24:51.686,9233.84712
2026-08-19 21:24:52.116,9106.50002
2026-08-19 21:24:52.533,9015.55143
2026-08-19 21:24:52.948,8965.17276
2026-08-19 21:24:53.376,8964.25887
2026-08-19 21:24:53.805,8964.98185
2026-08-19 21:24:54.220,8965.2209
2026-08-19 21:24:54.648,8965.34281
2026-08-19 21:24:55.061,8965.41471
2026-08-19 21:24:55.497,8965.39459
2026-08-19 21:24:55.911,8965.40886
2026-08-19 21:24:56.325,8965.54347
2026-08-19 21:24:56.738,8965.42074
2026-08-19 21:24:57.167,8965.39272
2026-08-19 21:24:57.580,8965.36118
2026-08-19 21:24:58.002,8991.42771
2026-08-19 21:24:58.429,9079.76263
2026-08-19 21:24:58.842,9189.9303
2026-08-19 21:24:59.263,9327.14559
2026-08-19 21:24:59.678,9490.33429
2026-08-19 21:25:00.108,9667.23617
2026-08-19 21:25:00.523,9627.73185
2026-08-19 21:25:00.950,9451.99618
2026-08-19 21:25:01.377,9289.66304
2026-08-19 21:25:01.791,9154.14872
2026-08-19 21:25:02.223,9051.65079
2026-08-19 21:25:02.642,8981.75363
2026-08-19 21:25:03.056,9031.83171
2026-08-19 21:25:03.470,9127.02403
2026-08-19 21:25:03.898,9255.51684
2026-08-19 21:25:04.334,9405.91046
2026-08-19 21:25:04.750,9585.45192
2026-08-19 21:25:05.166,9690.31497
2026-08-19 21:25:05.580,9527.59229
2026-08-19 21:25:05.994,9360.5455
2026-08-19 21:25:06.435,9215.35437
2026-08-19 21:25:06.871,9088.51114
2026-08-19 21:25:07.284,9001.73883
2026-08-19 21:25:07.698,8966.18697
2026-08-19 21:25:08.126,8967.29485
2026-08-19 21:25:08.539,8968.27189
2026-08-19 21:25:08.958,8968.69625
2026-08-19 21:25:09.378,8968.96061
2026-08-19 21:25:09.796,8969.28108
2026-08-19 21:25:10.211,8969.47085
2026-08-19 21:25:10.627,8969.74548
2026-08-19 21:25:11.041,8969.99852
2026-08-19 21:25:11.477,8970.33348
2026-08-19 21:25:11.907,8970.51699
2026-08-19 21:25:12.321,8970.64375
2026-08-19 21:25:12.736,9010.11856
2026-08-19 21:25:13.163,9098.79269
2026-08-19 21:25:13.576,9217.4876
2026-08-19 21:25:14.004,9364.74491
2026-08-19 21:25:14.419,9529.01462
2026-08-19 21:25:14.835,9697.04946
2026-08-19 21:25:15.249,9610.69944
2026-08-19 21:25:15.673,9436.23251
2026-08-19 21:25:16.101,9277.10867
2026-08-19 21:25:16.514,9144.36508
2026-08-19 21:25:16.928,9045.29389
2026-08-19 21:25:17.349,8986.08823
2026-08-19 21:25:17.765,9045.45702
2026-08-19 21:25:18.178,9144.34684
2026-08-19 21:25:18.621,9270.6427
2026-08-19 21:25:19.037,9434.28574
2026-08-19 21:25:19.451,9607.97156
2026-08-19 21:25:19.866,9693.71857
2026-08-19 21:25:20.278,9523.74992
2026-08-19 21:25:20.738,9340.1476
2026-08-19 21:25:21.153,9199.33811
2026-08-19 21:25:21.580,9087.183
2026-08-19 21:25:22.008,9000.93925
2026-08-19 21:25:22.422,8971.39447
2026-08-19 21:25:22.843,8971.9661
2026-08-19 21:25:23.256,8972.47456
2026-08-19 21:25:23.670,8971.92435
2026-08-19 21:25:24.086,8970.56306
2026-08-19 21:25:24.560,8970.08251
2026-08-19 21:25:24.990,8969.76262
2026-08-19 21:25:25.404,8969.58715
2026-08-19 21:25:25.831,8969.39884
2026-08-19 21:25:26.247,8969.31616
2026-08-19 21:25:26.661,8969.19965
2026-08-19 21:25:27.092,8971.15877
2026-08-19 21:25:27.519,9027.32365
2026-08-19 21:25:27.932,9124.76172
2026-08-19 21:25:28.393,9262.50796
2026-08-19 21:25:28.828,9418.04043
2026-08-19 21:25:29.241,9591.21423
2026-08-19 21:25:29.658,9699.4815
2026-08-19 21:25:30.072,9538.98324
2026-08-19 21:25:30.501,9371.65436
2026-08-19 21:25:30.939,9215.94463
2026-08-19 21:25:31.353,9097.71707
2026-08-19 21:25:31.780,9008.05707
2026-08-19 21:25:32.194,9000.91039
2026-08-19 21:25:32.610,9085.66282
2026-08-19 21:25:33.032,9197.22144
2026-08-19 21:25:33.445,9339.29367
2026-08-19 21:25:33.860,9501.08563
2026-08-19 21:25:34.273,9677.88114
2026-08-19 21:25:34.703,9633.31696
2026-08-19 21:25:35.116,9451.10228
2026-08-19 21:25:35.529,9293.88259
2026-08-19 21:25:35.943,9162.41509
2026-08-19 21:25:36.414,9059.32438
2026-08-19 21:25:36.833,8980.57014
2026-08-19 21:25:37.253,8973.11366
2026-08-19 21:25:37.666,8973.71171
2026-08-19 21:25:38.084,8974.04404
2026-08-19 21:25:38.512,8974.09068
2026-08-19 21:25:38.930,8974.02103
2026-08-19 21:25:39.346,8973.93164
2026-08-19 21:25:39.760,8973.94018
2026-08-19 21:25:40.178,8974.03578
2026-08-19 21:25:40.594,8973.96432
2026-08-19 21:25:41.020,8974.08939
2026-08-19 21:25:41.439,8974.00802
2026-08-19 21:25:41.867,8983.18193
2026-08-19 21:25:42.281,9056.40897
2026-08-19 21:25:42.695,9157.79648
2026-08-19 21:25:43.122,9286.82552
2026-08-19 21:25:43.542,9445.05801
2026-08-19 21:25:43.955,9619.58444
2026-08-19 21:25:44.369,9694.19658
2026-08-19 21:25:44.786,9521.90449
2026-08-19 21:25:45.225,9355.34215
2026-08-19 21:25:45.639,9204.44486
2026-08-19 21:25:46.053,9091.63261
2026-08-19 21:25:46.465,9006.99655
2026-08-19 21:25:46.880,9007.54078
2026-08-19 21:25:47.346,9105.8109
2026-08-19 21:25:47.761,9222.02585
2026-08-19 21:25:48.187,9365.59097
2026-08-19 21:25:48.615,9535.90061
2026-08-19 21:25:49.037,9700.70038
2026-08-19 21:25:49.464,9588.73741
2026-08-19 21:25:49.876,9411.1141
2026-08-19 21:25:50.290,9259.17942
2026-08-19 21:25:50.710,9134.26258
2026-08-19 21:25:51.124,9036.77039
2026-08-19 21:25:51.541,8976.602
2026-08-19 21:25:51.954,8972.15378
2026-08-19 21:25:52.382,8972.92957
2026-08-19 21:25:52.795,8973.29541
2026-08-19 21:25:53.212,8973.07065
2026-08-19 21:25:53.650,8973.12505
2026-08-19 21:25:54.063,8973.30751
2026-08-19 21:25:54.476,8973.549
2026-08-19 21:25:54.890,8973.76792
2026-08-19 21:25:55.352,8973.94303
2026-08-19 21:25:55.785,8973.92597
2026-08-19 21:25:56.207,8974.07261
2026-08-19 21:25:56.621,8995.1341
2026-08-19 21:25:57.034,9076.22094
2026-08-19 21:25:57.447,9183.42242
2026-08-19 21:25:57.862,9317.87665
2026-08-19 21:25:58.276,9475.53381
2026-08-19 21:25:58.694,9650.37037
2026-08-19 21:25:59.109,9668.43711
2026-08-19 21:25:59.523,9489.10794
2026-08-19 21:26:00.002,9308.02883
2026-08-19 21:26:00.425,9170.10207
2026-08-19 21:26:00.838,9063.02073
2026-08-19 21:26:01.252,8991.31697
2026-08-19 21:26:01.680,9035.66102
2026-08-19 21:26:02.108,9133.77124
2026-08-19 21:26:02.522,9256.75163
2026-08-19 21:26:02.936,9406.37522
2026-08-19 21:26:03.366,9576.02808
2026-08-19 21:26:03.781,9704.79247
2026-08-19 21:26:04.194,9552.58423
2026-08-19 21:26:04.612,9383.89533
2026-08-19 21:26:05.041,9234.85971
2026-08-19 21:26:05.458,9111.406
2026-08-19 21:26:05.871,9020.75656
2026-08-19 21:26:06.289,8974.48604
2026-08-19 21:26:06.705,8974.27269
2026-08-19 21:26:07.134,8974.90108
2026-08-19 21:26:07.547,8974.70757
2026-08-19 21:26:07.961,8973.45654
2026-08-19 21:26:08.401,8972.79413
2026-08-19 21:26:08.814,8972.46068
2026-08-19 21:26:09.242,8972.35636
2026-08-19 21:26:09.656,8972.28235
2026-08-19 21:26:10.070,8972.14383
2026-08-19 21:26:10.506,8972.28581
2026-08-19 21:26:10.921,8972.04401
2026-08-19 21:26:11.349,9005.06052
2026-08-19 21:26:11.773,9091.51578
2026-08-19 21:26:12.188,9206.8617
2026-08-19 21:26:12.612,9347.00812
2026-08-19 21:26:13.025,9512.68063
2026-08-19 21:26:13.449,9685.67578
2026-08-19 21:26:13.875,9619.1502
2026-08-19 21:26:14.288,9439.46385
2026-08-19 21:26:14.706,9283.84464
2026-08-19 21:26:15.120,9152.37647
2026-08-19 21:26:15.533,9051.0409
2026-08-19 21:26:15.947,8986.35954
2026-08-19 21:26:16.362,9037.69656
2026-08-19 21:26:16.775,9133.85557
2026-08-19 21:26:17.189,9257.61809
2026-08-19 21:26:17.630,9408.01033
2026-08-19 21:26:18.051,9588.6633
2026-08-19 21:26:18.466,9698.17657
2026-08-19 21:26:18.879,9537.01598
2026-08-19 21:26:19.293,9369.98114
2026-08-19 21:26:19.729,9224.27165
2026-08-19 21:26:20.141,9100.93972
2026-08-19 21:26:20.562,9013.22775
2026-08-19 21:26:20.979,8971.52218
2026-08-19 21:26:21.447,8971.88678
2026-08-19 21:26:21.887,8972.51706
2026-08-19 21:26:22.302,8972.62898
2026-08-19 21:26:22.715,8972.55973
2026-08-19 21:26:23.130,8972.50475
2026-08-19 21:26:23.557,8972.3775
2026-08-19 21:26:23.971,8972.26573
2026-08-19 21:26:24.384,8972.20365
2026-08-19 21:26:24.800,8972.09867
2026-08-19 21:26:25.229,8971.94724
2026-08-19 21:26:25.642,8971.82073
2026-08-19 21:26:26.069,9016.87423
2026-08-19 21:26:26.491,9106.79237
2026-08-19 21:26:26.910,9226.19926
2026-08-19 21:26:27.333,9371.33879
2026-08-19 21:26:27.748,9539.84423
2026-08-19 21:26:28.163,9700.74504
2026-08-19 21:26:28.575,9596.23441
2026-08-19 21:26:29.006,9423.76274
2026-08-19 21:26:29.420,9264.21548
2026-08-19 21:26:29.834,9138.26276
2026-08-19 21:26:30.261,9040.7046
2026-08-19 21:26:30.689,8986.49392
2026-08-19 21:26:31.108,9053.15579
2026-08-19 21:26:31.522,9155.47399
2026-08-19 21:26:31.949,9285.03064
2026-08-19 21:26:32.362,9444.58345
2026-08-19 21:26:32.789,9623.69484
2026-08-19 21:26:33.210,9680.77936
2026-08-19 21:26:33.624,9501.42895
2026-08-19 21:26:34.038,9337.58982
2026-08-19 21:26:34.454,9196.73871
2026-08-19 21:26:34.868,9084.22258
2026-08-19 21:26:35.287,9000.29609
2026-08-19 21:26:35.791,8969.76224
2026-08-19 21:26:36.259,8970.3429
2026-08-19 21:26:36.672,8970.75755
2026-08-19 21:26:37.096,8970.87368
2026-08-19 21:26:37.522,8970.73732
2026-08-19 21:26:37.935,8970.5828
2026-08-19 21:26:38.355,8970.56226
2026-08-19 21:26:38.768,8970.34703
2026-08-19 21:26:39.194,8970.2478
2026-08-19 21:26:39.608,8970.12961
2026-08-19 21:26:40.021,8970.10216
2026-08-19 21:26:40.450,8974.96383
2026-08-19 21:26:40.865,9041.44963
2026-08-19 21:26:41.279,9139.72698
2026-08-19 21:26:41.705,9265.00101
2026-08-19 21:26:42.119,9420.65046
2026-08-19 21:26:42.546,9590.62153
2026-08-19 21:26:42.961,9698.82466
2026-08-19 21:26:43.389,9536.42141
2026-08-19 21:26:43.853,9348.70399
2026-08-19 21:26:44.280,9203.17195
2026-08-19 21:26:44.696,9086.98943
2026-08-19 21:26:45.111,9002.10721
2026-08-19 21:26:45.524,9006.89959
2026-08-19 21:26:45.954,9094.47026
2026-08-19 21:26:46.368,9211.47469
2026-08-19 21:26:46.781,9352.98993
2026-08-19 21:26:47.201,9516.22309
2026-08-19 21:26:47.615,9689.51306
2026-08-19 21:26:48.040,9612.4768
2026-08-19 21:26:48.458,9433.30182
2026-08-19 21:26:48.872,9276.52677
2026-08-19 21:26:49.285,9147.84785
2026-08-19 21:26:49.714,9048.05613
2026-08-19 21:26:50.138,8978.9467
2026-08-19 21:26:50.552,8971.33185
2026-08-19 21:26:50.965,8971.94608
2026-08-19 21:26:51.381,8972.3017
2026-08-19 21:26:51.793,8971.01875
2026-08-19 21:26:52.259,8970.02522
2026-08-19 21:26:52.673,8969.8306
2026-08-19 21:26:53.087,8969.86754
2026-08-19 21:26:53.508,8969.81658
2026-08-19 21:26:53.927,8969.77389
2026-08-19 21:26:54.352,8969.62719
2026-08-19 21:26:54.765,8969.68972
2026-08-19 21:26:55.179,8981.29237
2026-08-19 21:26:55.596,9054.38093
2026-08-19 21:26:56.024,9157.50173
2026-08-19 21:26:56.476,9305.53224
2026-08-19 21:26:56.901,9462.47081
2026-08-19 21:26:57.314,9641.18991
2026-08-19 21:26:57.742,9663.96008
2026-08-19 21:26:58.163,9485.47316
2026-08-19 21:26:58.589,9321.2675
2026-08-19 21:26:59.001,9180.19031
2026-08-19 21:26:59.421,9072.4804
2026-08-19 21:26:59.835,8992.31665
2026-08-19 21:27:00.250,9018.3727
2026-08-19 21:27:00.671,9108.8157
2026-08-19 21:27:01.091,9228.82255
2026-08-19 21:27:01.506,9376.70236
2026-08-19 21:27:01.921,9543.95746
2026-08-19 21:27:02.335,9701.74074
2026-08-19 21:27:02.765,9590.31046
2026-08-19 21:27:03.193,9411.44358
2026-08-19 21:27:03.606,9254.84739
2026-08-19 21:27:04.021,9130.96596
2026-08-19 21:27:04.434,9035.97681
2026-08-19 21:27:04.879,8977.82704
2026-08-19 21:27:05.294,8974.44405
2026-08-19 21:27:05.707,8975.45435
2026-08-19 21:27:06.122,8975.96505
2026-08-19 21:27:06.540,8976.11052
2026-08-19 21:27:07.016,8976.16005
2026-08-19 21:27:07.431,8976.09061
2026-08-19 21:27:07.846,8976.11091
2026-08-19 21:27:08.261,8975.94839
2026-08-19 21:27:08.692,8975.94005
2026-08-19 21:27:09.115,8976.01258
2026-08-19 21:27:09.542,8976.10516
2026-08-19 21:27:09.959,9002.96583
2026-08-19 21:27:10.373,9087.87798
2026-08-19 21:27:10.789,9198.09833
2026-08-19 21:27:11.208,9338.46752
2026-08-19 21:27:11.632,9498.55729
2026-08-19 21:27:12.048,9679.76074
2026-08-19 21:27:12.462,9648.44747
2026-08-19 21:27:12.876,9471.70337
2026-08-19 21:27:13.304,9312.46171
2026-08-19 21:27:13.718,9173.6269
2026-08-19 21:27:14.144,9068.45273
2026-08-19 21:27:14.558,8994.2271
2026-08-19 21:27:14.976,9035.41925
2026-08-19 21:27:15.413,9129.85678
2026-08-19 21:27:15.840,9259.34274
2026-08-19 21:27:16.254,9414.18533
2026-08-19 21:27:16.668,9584.56005
2026-08-19 21:27:17.082,9708.29818
2026-08-19 21:27:17.519,9557.13861
2026-08-19 21:27:17.933,9379.62127
2026-08-19 21:27:18.354,9232.4654
2026-08-19 21:27:18.772,9111.91129
2026-08-19 21:27:19.185,9021.22005
2026-08-19 21:27:19.619,8975.84747
2026-08-19 21:27:20.034,8975.52954
2026-08-19 21:27:20.459,8976.34173
2026-08-19 21:27:20.873,8976.75303
2026-08-19 21:27:21.286,8977.01216
2026-08-19 21:27:21.719,8977.13747
2026-08-19 21:27:22.146,8977.08461
2026-08-19 21:27:22.560,8976.94334
2026-08-19 21:27:22.978,8976.97298
2026-08-19 21:27:23.406,8977.16914
2026-08-19 21:27:23.831,8977.3844
2026-08-19 21:27:24.245,8977.43406
2026-08-19 21:27:24.659,8977.75267
2026-08-19 21:27:25.075,8977.75197
2026-08-19 21:27:25.489,8977.81875
2026-08-19 21:27:25.903,8978.03865
2026-08-19 21:27:26.330,8978.07666
2026-08-19 21:27:26.770,8978.11294
2026-08-19 21:27:27.185,8978.33611
2026-08-19 21:27:27.598,8978.5696
2026-08-19 21:27:28.012,8978.75832
2026-08-19 21:27:28.439,8978.87307
2026-08-19 21:27:28.868,8979.0015
2026-08-19 21:27:29.288,8979.1304
2026-08-19 21:27:29.717,8979.15022
2026-08-19 21:27:30.132,8979.16298
2026-08-19 21:27:30.547,8979.30286
2026-08-19 21:27:30.970,8979.26585
2026-08-19 21:27:31.388,8979.23182
2026-08-19 21:27:31.802,8979.33838
2026-08-19 21:27:32.215,8979.56164
2026-08-19 21:27:32.679,8979.64626
2026-08-19 21:27:33.098,8979.48704
2026-08-19 21:27:33.524,8979.50244
2026-08-19 21:27:33.950,8979.33976
2026-08-19 21:27:34.364,8979.15575
2026-08-19 21:27:34.793,8979.01595
2026-08-19 21:27:35.207,8978.42308
2026-08-19 21:27:35.626,8977.03678
2026-08-19 21:27:36.051,8976.51546
2026-08-19 21:27:36.471,8976.49411
2026-08-19 21:27:36.901,8976.70248
2026-08-19 21:27:37.316,8976.81648
2026-08-19 21:27:37.738,8976.76186
2026-08-19 21:27:38.166,8976.65973
2026-08-19 21:27:38.579,8976.69833
2026-08-19 21:27:38.993,8976.66844
2026-08-19 21:27:39.405,8976.72823
2026-08-19 21:27:39.821,8976.71991
2026-08-19 21:27:40.248,8976.77799
2026-08-19 21:27:40.662,8976.77597
2026-08-19 21:27:41.076,8976.97818
2026-08-19 21:27:41.489,8977.1997
2026-08-19 21:27:41.917,8977.36842
2026-08-19 21:27:42.331,8977.68935
2026-08-19 21:27:42.765,8977.95774
2026-08-19 21:27:43.182,8978.13484
2026-08-19 21:27:43.596,8978.41457
2026-08-19 21:27:44.011,8978.58156
2026-08-19 21:27:44.429,8978.83413
2026-08-19 21:27:44.849,8979.00996
2026-08-19 21:27:45.263,8979.14014
2026-08-19 21:27:45.677,8979.29088
2026-08-19 21:27:46.090,8979.45651
2026-08-19 21:27:46.513,8979.43914
2026-08-19 21:27:46.928,8979.43686
2026-08-19 21:27:47.345,8979.57544
2026-08-19 21:27:47.761,8979.84439
2026-08-19 21:27:48.175,8980.00546
2026-08-19 21:27:48.654,8980.11821
2026-08-19 21:27:49.071,8980.3517
2026-08-19 21:27:49.484,8980.39415
2026-08-19 21:27:49.898,8980.40084
2026-08-19 21:27:50.328,8980.36741
2026-08-19 21:27:50.754,8980.44086
2026-08-19 21:27:51.174,8980.45365
2026-08-19 21:27:51.588,8980.41559
2026-08-19 21:27:52.001,8980.33878
2026-08-19 21:27:52.427,8980.40111
2026-08-19 21:27:52.846,8980.63964
2026-08-19 21:27:53.272,8980.85938
2026-08-19 21:27:53.686,8980.8468
2026-08-19 21:27:54.106,8981.00761
2026-08-19 21:27:54.521,8981.12103
2026-08-19 21:27:54.950,8981.24306
2026-08-19 21:27:55.363,8981.45023
2026-08-19 21:27:55.791,8981.71524
2026-08-19 21:27:56.204,8981.56843
2026-08-19 21:27:56.617,8980.11044
2026-08-19 21:27:57.056,8979.46986
2026-08-19 21:27:57.470,8979.22879
2026-08-19 21:27:57.897,8979.14693
2026-08-19 21:27:58.313,8979.04986
2026-08-19 21:27:58.727,8978.96838
2026-08-19 21:27:59.164,8978.88256
2026-08-19 21:27:59.577,8978.91847
2026-08-19 21:28:00.001,8978.93864
2026-08-19 21:28:00.426,8978.92667
2026-08-19 21:28:00.841,8978.9458
2026-08-19 21:28:01.264,8979.2169
2026-08-19 21:28:01.687,8979.43885
2026-08-19 21:28:02.101,8979.59313
2026-08-19 21:28:02.521,8979.59366
2026-08-19 21:28:02.936,8979.60418
2026-08-19 21:28:03.372,8979.73406
2026-08-19 21:28:03.797,8979.73861
2026-08-19 21:28:04.212,8979.92773
2026-08-19 21:28:04.627,8980.19407
2026-08-19 21:28:05.041,8980.41328
2026-08-19 21:28:05.478,8980.4411
2026-08-19 21:28:05.892,8980.44206
2026-08-19 21:28:06.311,8980.40953
2026-08-19 21:28:06.739,8980.51393
2026-08-19 21:28:07.153,8980.53999
2026-08-19 21:28:07.586,8980.68762
2026-08-19 21:28:08.000,8980.89813
2026-08-19 21:28:08.428,8981.2014
2026-08-19 21:28:08.857,8981.59776
2026-08-19 21:28:09.276,8981.86185
2026-08-19 21:28:09.691,8982.00058
2026-08-19 21:28:10.106,8982.23969
2026-08-19 21:28:10.519,8982.50069
2026-08-19 21:28:10.932,8982.74179
2026-08-19 21:28:11.345,8982.99156
2026-08-19 21:28:11.815,8983.1345
2026-08-19 21:28:12.228,8983.26741
2026-08-19 21:28:12.643,8983.29037
2026-08-19 21:28:13.057,8983.31155
2026-08-19 21:28:13.479,8983.21577
2026-08-19 21:28:13.902,8983.25241
2026-08-19 21:28:14.316,8983.25655
2026-08-19 21:28:14.730,8983.25592
2026-08-19 21:28:15.150,8983.18562
2026-08-19 21:28:15.567,8983.0834
2026-08-19 21:28:15.999,8983.12612
2026-08-19 21:28:16.415,8983.16778
2026-08-19 21:28:16.830,8983.36558
2026-08-19 21:28:17.243,8983.40663
2026-08-19 21:28:17.657,8982.41132
2026-08-19 21:28:18.153,8981.75974
2026-08-19 21:28:18.568,8981.63364
2026-08-19 21:28:18.981,8981.7308
2026-08-19 21:28:19.408,8981.62383
2026-08-19 21:28:19.825,8981.57907
2026-08-19 21:28:20.251,8981.54667
2026-08-19 21:28:20.666,8981.57081
2026-08-19 21:28:21.078,8981.55014
2026-08-19 21:28:21.492,8981.53758
2026-08-19 21:28:21.904,8981.52348
2026-08-19 21:28:22.318,8981.63284
2026-08-19 21:28:22.731,8981.88456
2026-08-19 21:28:23.145,8982.00021
2026-08-19 21:28:23.560,8982.05724
2026-08-19 21:28:23.974,8982.242
2026-08-19 21:28:24.389,8982.44316
2026-08-19 21:28:24.803,8982.49483
2026-08-19 21:28:25.230,8982.53437
2026-08-19 21:28:25.645,8982.70032
2026-08-19 21:28:26.066,8982.82148
2026-08-19 21:28:26.487,8982.85007
2026-08-19 21:28:26.900,8982.94314
2026-08-19 21:28:27.326,8983.05692
2026-08-19 21:28:27.739,8983.13594
2026-08-19 21:28:28.162,8983.345
2026-08-19 21:28:28.577,8983.71578
2026-08-19 21:28:28.990,8983.95436
2026-08-19 21:28:29.408,8984.22447
2026-08-19 21:28:29.874,8984.49016
2026-08-19 21:28:30.293,8984.72073
2026-08-19 21:28:30.707,8984.91306
2026-08-19 21:28:31.124,8985.0655
2026-08-19 21:28:31.538,8985.35123
2026-08-19 21:28:31.966,8985.54935
2026-08-19 21:28:32.386,8985.74976
2026-08-19 21:28:32.806,8986.06815
2026-08-19 21:28:33.220,8986.28802
2026-08-19 21:28:33.638,8986.40681
2026-08-19 21:28:34.051,8986.59764
2026-08-19 21:28:34.491,8986.80102
2026-08-19 21:28:34.904,8987.06245
2026-08-19 21:28:35.319,8987.35255
2026-08-19 21:28:35.732,8987.59088
2026-08-19 21:28:36.203,8987.81263
2026-08-19 21:28:36.632,8988.00439
2026-08-19 21:28:37.051,8988.08324
2026-08-19 21:28:37.463,8988.14956
2026-08-19 21:28:37.879,8988.16228
2026-08-19 21:28:38.293,8988.13603
2026-08-19 21:28:38.717,8986.94045
2026-08-19 21:28:39.152,8986.16032
2026-08-19 21:28:39.566,8985.97042
2026-08-19 21:28:39.980,8986.03494
2026-08-19 21:28:40.395,8986.22325
2026-08-19 21:28:40.821,8986.48606
2026-08-19 21:28:41.234,8986.73302
2026-08-19 21:28:41.659,8986.98578
2026-08-19 21:28:42.073,9031.40816
2026-08-19 21:28:42.533,9124.61889
2026-08-19 21:28:42.953,9260.34297
2026-08-19 21:28:43.366,9407.58496
2026-08-19 21:28:43.780,9573.90043
2026-08-19 21:28:44.195,9729.95445
2026-08-19 21:28:44.620,9615.84551
2026-08-19 21:28:45.044,9438.79037
2026-08-19 21:28:45.461,9283.13775
2026-08-19 21:28:45.875,9156.17624
2026-08-19 21:28:46.293,9058.15427
2026-08-19 21:28:46.707,9009.19511
2026-08-19 21:28:47.140,9080.54162
2026-08-19 21:28:47.555,9190.86297
2026-08-19 21:28:47.982,9324.31679
2026-08-19 21:28:48.395,9486.55047
2026-08-19 21:28:48.808,9661.33716
2026-08-19 21:28:49.246,9712.35458
2026-08-19 21:28:49.661,9524.27659
2026-08-19 21:28:50.076,9361.11582
2026-08-19 21:28:50.501,9220.47362
2026-08-19 21:28:50.915,9105.71563
2026-08-19 21:28:51.358,9021.8266
2026-08-19 21:28:51.782,8995.91902
2026-08-19 21:28:52.196,8995.93927
2026-08-19 21:28:52.623,8996.64085
2026-08-19 21:28:53.038,8997.09301
2026-08-19 21:28:53.466,8997.21516
2026-08-19 21:28:53.905,8997.12725
2026-08-19 21:28:54.319,8997.20736
2026-08-19 21:28:54.733,8997.32861
2026-08-19 21:28:55.146,8997.51729
2026-08-19 21:28:55.572,8997.53368
2026-08-19 21:28:55.984,8997.69894
2026-08-19 21:28:56.406,8999.95477
2026-08-19 21:28:56.819,9059.09874
2026-08-19 21:28:57.234,9156.01956
2026-08-19 21:28:57.711,9297.38717
2026-08-19 21:28:58.124,9453.31198
2026-08-19 21:28:58.553,9630.18622
2026-08-19 21:28:58.973,9737.39391
2026-08-19 21:28:59.395,9573.48635
2026-08-19 21:28:59.823,9402.26736
2026-08-19 21:29:00.243,9251.6463
2026-08-19 21:29:00.665,9131.94904
2026-08-19 21:29:01.084,9040.80992
2026-08-19 21:29:01.497,9028.5284
2026-08-19 21:29:01.912,9113.62786
2026-08-19 21:29:02.325,9226.0689
2026-08-19 21:29:02.753,9365.3342
2026-08-19 21:29:03.167,9533.61158
2026-08-19 21:29:03.581,9711.88282
2026-08-19 21:29:03.995,9671.89126
2026-08-19 21:29:04.423,9488.89553
2026-08-19 21:29:04.845,9329.7725
2026-08-19 21:29:05.259,9193.46985
2026-08-19 21:29:05.674,9088.36317
2026-08-19 21:29:06.087,9013.24104
2026-08-19 21:29:06.501,8999.51279
2026-08-19 21:29:06.961,8999.76685
2026-08-19 21:29:07.375,9000.49652
2026-08-19 21:29:07.794,9000.72736
2026-08-19 21:29:08.221,9000.61018
2026-08-19 21:29:08.639,9000.47263
2026-08-19 21:29:09.059,9000.33048
2026-08-19 21:29:09.485,9000.19082
2026-08-19 21:29:09.900,9000.19676
2026-08-19 21:29:10.313,9000.09952
2026-08-19 21:29:10.728,9000.03318
2026-08-19 21:29:11.185,9006.76034
2026-08-19 21:29:11.597,9083.68934
2026-08-19 21:29:12.018,9186.56784
2026-08-19 21:29:12.434,9319.16869
2026-08-19 21:29:12.847,9474.61573
2026-08-19 21:29:13.267,9647.17299
2026-08-19 21:29:13.682,9726.82661
2026-08-19 21:29:14.108,9553.51262
2026-08-19 21:29:14.522,9382.83489
2026-08-19 21:29:14.935,9239.11523
2026-08-19 21:29:15.365,9123.65754
2026-08-19 21:29:15.778,9033.15944
2026-08-19 21:29:16.200,9034.7297
2026-08-19 21:29:16.627,9124.92544
2026-08-19 21:29:17.039,9244.23555
2026-08-19 21:29:17.472,9387.10205
2026-08-19 21:29:17.891,9560.22166
2026-08-19 21:29:18.321,9731.40055
2026-08-19 21:29:18.734,9637.83924
2026-08-19 21:29:19.148,9463.49383
2026-08-19 21:29:19.580,9302.65434
2026-08-19 21:29:19.996,9173.59774
2026-08-19 21:29:20.408,9074.03792
2026-08-19 21:29:20.836,9009.02154
2026-08-19 21:29:21.250,9002.52933
2026-08-19 21:29:21.678,9003.01442
2026-08-19 21:29:22.093,9003.4515
2026-08-19 21:29:22.510,9002.37941
2026-08-19 21:29:22.923,9001.88155
2026-08-19 21:29:23.389,9001.73217
2026-08-19 21:29:23.812,9001.66351
2026-08-19 21:29:24.240,9001.55501
2026-08-19 21:29:24.659,9001.4202
2026-08-19 21:29:25.076,9001.39423
2026-08-19 21:29:25.490,9001.18959
2026-08-19 21:29:25.909,9019.29098
2026-08-19 21:29:26.324,9101.04034
2026-08-19 21:29:26.737,9209.38273
2026-08-19 21:29:27.166,9344.18363
2026-08-19 21:29:27.580,9508.68749
2026-08-19 21:29:28.002,9685.42204
2026-08-19 21:29:28.427,9706.04337
2026-08-19 21:29:28.854,9520.98377
2026-08-19 21:29:29.282,9353.9522
2026-08-19 21:29:29.696,9211.496
2026-08-19 21:29:30.114,9102.08241
2026-08-19 21:29:30.541,9023.7327
2026-08-19 21:29:30.954,9058.72873
2026-08-19 21:29:31.367,9152.65221
2026-08-19 21:29:31.799,9278.74201
2026-08-19 21:29:32.217,9430.75638
2026-08-19 21:29:32.642,9600.09299
2026-08-19 21:29:33.055,9744.2217
2026-08-19 21:29:33.484,9599.6753
2026-08-19 21:29:33.908,9428.27391
2026-08-19 21:29:34.321,9274.28742
2026-08-19 21:29:34.746,9151.99659
2026-08-19 21:29:35.174,9055.89186
2026-08-19 21:29:35.603,9003.79059
2026-08-19 21:29:36.017,9002.86875
2026-08-19 21:29:36.445,9003.37649
2026-08-19 21:29:36.857,9003.76601
2026-08-19 21:29:37.270,9003.74321
2026-08-19 21:29:37.684,9003.59795
2026-08-19 21:29:38.097,9003.39718
2026-08-19 21:29:38.518,9003.22999
2026-08-19 21:29:38.933,9003.05404
2026-08-19 21:29:39.355,9002.877
2026-08-19 21:29:39.770,9002.73017
2026-08-19 21:29:40.183,9002.82878
2026-08-19 21:29:40.663,9033.483
2026-08-19 21:29:41.078,9123.67312
2026-08-19 21:29:41.501,9237.47602
2026-08-19 21:29:41.928,9381.34393
2026-08-19 21:29:42.341,9549.70226
2026-08-19 21:29:42.771,9725.65906
2026-08-19 21:29:43.184,9656.71374
2026-08-19 21:29:43.603,9480.68989
2026-08-19 21:29:44.020,9321.44469
2026-08-19 21:29:44.436,9188.67673
2026-08-19 21:29:44.850,9085.19964
2026-08-19 21:29:45.264,9017.32204
2026-08-19 21:29:45.700,9070.03343
2026-08-19 21:29:46.114,9170.44592
2026-08-19 21:29:46.531,9296.96347
2026-08-19 21:29:46.965,9450.63656
2026-08-19 21:29:47.390,9631.49817
2026-08-19 21:29:47.803,9733.64334
2026-08-19 21:29:48.217,9567.13533
2026-08-19 21:29:48.644,9399.03095
2026-08-19 21:29:49.109,9235.71351
2026-08-19 21:29:49.522,9118.37607
2026-08-19 21:29:49.938,9032.60359
2026-08-19 21:29:50.352,8999.49618
2026-08-19 21:29:50.765,8999.82089
2026-08-19 21:29:51.205,9000.32709
2026-08-19 21:29:51.620,9000.7069
2026-08-19 21:29:52.034,9000.69243
2026-08-19 21:29:52.448,9000.47525
2026-08-19 21:29:52.863,9000.32329
2026-08-19 21:29:53.296,9000.19826
2026-08-19 21:29:53.709,9000.12581
2026-08-19 21:29:54.130,9000.18453
2026-08-19 21:29:54.546,9000.29515
2026-08-19 21:29:54.959,9000.42574
2026-08-19 21:29:55.400,9042.12668
2026-08-19 21:29:55.826,9139.51015
2026-08-19 21:29:56.254,9261.89821
2026-08-19 21:29:56.682,9413.05191
2026-08-19 21:29:57.094,9585.63186
2026-08-19 21:29:57.522,9741.84134
2026-08-19 21:29:57.949,9617.71475
2026-08-19 21:29:58.364,9439.99622
2026-08-19 21:29:58.778,9287.40349
2026-08-19 21:29:59.191,9161.99833
2026-08-19 21:29:59.612,9065.1886
2026-08-19 21:30:00.040,9017.29399
2026-08-19 21:30:00.458,9090.7386
2026-08-19 21:30:00.874,9196.83282
2026-08-19 21:30:01.300,9330.33634
2026-08-19 21:30:01.720,9492.9175
2026-08-19 21:30:02.134,9672.01173
2026-08-19 21:30:02.549,9716.698
2026-08-19 21:30:02.962,9537.45935
2026-08-19 21:30:03.377,9372.95959
2026-08-19 21:30:03.838,9216.75963
2026-08-19 21:30:04.252,9107.46794
2026-08-19 21:30:04.665,9026.36474
2026-08-19 21:30:05.093,9003.71579
2026-08-19 21:30:05.507,9003.87541
2026-08-19 21:30:05.935,9004.60906
2026-08-19 21:30:06.355,9003.93005
2026-08-19 21:30:06.821,9002.96503
2026-08-19 21:30:07.247,9002.60624
2026-08-19 21:30:07.661,9002.34425
2026-08-19 21:30:08.076,9002.26444
2026-08-19 21:30:08.503,9002.11344
2026-08-19 21:30:08.918,9001.99313
2026-08-19 21:30:09.395,9001.75972
2026-08-19 21:30:09.812,9010.35351
2026-08-19 21:30:10.225,9080.95243
2026-08-19 21:30:10.654,9186.40665
2026-08-19 21:30:11.067,9316.46802
2026-08-19 21:30:11.482,9470.17639
2026-08-19 21:30:11.902,9643.46009
2026-08-19 21:30:12.318,9731.16862
2026-08-19 21:30:12.730,9560.05635
2026-08-19 21:30:13.158,9387.8661
2026-08-19 21:30:13.579,9244.15923
2026-08-19 21:30:14.040,9114.77079
2026-08-19 21:30:14.468,9030.44147
2026-08-19 21:30:14.881,9045.02829
2026-08-19 21:30:15.293,9134.74682
2026-08-19 21:30:15.707,9251.45913
2026-08-19 21:30:16.180,9415.39019
2026-08-19 21:30:16.592,9586.1355
2026-08-19 21:30:17.005,9741.00742
2026-08-19 21:30:17.420,9623.2845
2026-08-19 21:30:17.833,9449.63616
2026-08-19 21:30:18.274,9291.30184
2026-08-19 21:30:18.778,9141.39623
2026-08-19 21:30:19.239,9039.88364
2026-08-19 21:30:19.666,9002.9131
2026-08-19 21:30:20.094,9003.91947
2026-08-19 21:30:20.520,9004.51048
2026-08-19 21:30:20.936,9005.12911
2026-08-19 21:30:21.355,9005.3979
2026-08-19 21:30:21.781,9005.61956
2026-08-19 21:30:22.195,9005.71405
2026-08-19 21:30:22.609,9005.77638
2026-08-19 21:30:23.025,9005.78643
2026-08-19 21:30:23.440,9005.80817
2026-08-19 21:30:23.878,9005.75401
2026-08-19 21:30:24.291,9005.70978
2026-08-19 21:30:24.706,9048.68718
2026-08-19 21:30:25.133,9139.74908
2026-08-19 21:30:25.561,9261.27796
2026-08-19 21:30:26.016,9426.99347
2026-08-19 21:30:26.443,9595.29827
2026-08-19 21:30:26.859,9747.83217
2026-08-19 21:30:27.288,9617.37887
2026-08-19 21:30:27.767,9418.74743
2026-08-19 21:30:28.185,9265.89359
2026-08-19 21:30:28.600,9145.12974
2026-08-19 21:30:29.018,9053.74953
2026-08-19 21:30:29.433,9029.05248
2026-08-19 21:30:29.848,9110.21756
2026-08-19 21:30:30.280,9219.69036
2026-08-19 21:30:30.707,9363.217
2026-08-19 21:30:31.126,9530.06461
2026-08-19 21:30:31.539,9710.95915
2026-08-19 21:30:31.953,9685.12333
2026-08-19 21:30:32.387,9500.56878
2026-08-19 21:30:32.802,9338.07538
2026-08-19 21:30:33.223,9203.49694
2026-08-19 21:30:33.647,9095.99369
2026-08-19 21:30:34.065,9019.24554
2026-08-19 21:30:34.478,9005.67962
2026-08-19 21:30:34.893,9005.89313
2026-08-19 21:30:35.354,9006.669
2026-08-19 21:30:35.766,9006.92018
2026-08-19 21:30:36.180,9006.86928
2026-08-19 21:30:36.593,9006.61744
2026-08-19 21:30:37.018,9006.54365
2026-08-19 21:30:37.431,9006.54553
2026-08-19 21:30:37.846,9006.49573
2026-08-19 21:30:38.259,9006.54493
2026-08-19 21:30:38.683,9006.64921
2026-08-19 21:30:39.145,9016.22905
2026-08-19 21:30:39.560,9087.83359
2026-08-19 21:30:39.974,9190.30277
2026-08-19 21:30:40.398,9320.38571
2026-08-19 21:30:40.825,9478.52985
2026-08-19 21:30:41.242,9657.38304
2026-08-19 21:30:41.655,9734.46721
2026-08-19 21:30:42.076,9560.87741
2026-08-19 21:30:42.490,9391.29065
2026-08-19 21:30:42.917,9247.59122
2026-08-19 21:30:43.334,9128.38503
2026-08-19 21:30:43.750,9040.64101
2026-08-19 21:30:44.224,9052.12306
2026-08-19 21:30:44.638,9144.90491
2026-08-19 21:30:45.064,9263.3765
2026-08-19 21:30:45.494,9414.32381
2026-08-19 21:30:45.916,9588.72475
2026-08-19 21:30:46.330,9747.15526
2026-08-19 21:30:46.745,9627.62575
2026-08-19 21:30:47.157,9453.77778
2026-08-19 21:30:47.586,9300.52801
2026-08-19 21:30:48.006,9169.89123
2026-08-19 21:30:48.444,9071.58687
2026-08-19 21:30:48.859,9010.55533
2026-08-19 21:30:49.280,9007.98859
2026-08-19 21:30:49.693,9008.57549
2026-08-19 21:30:50.108,9009.03337
2026-08-19 21:30:50.572,9007.7512
2026-08-19 21:30:51.001,9007.33643
2026-08-19 21:30:51.416,9007.3048
2026-08-19 21:30:51.844,9007.32784
2026-08-19 21:30:52.259,9007.45869
2026-08-19 21:30:52.673,9007.60757
2026-08-19 21:30:53.086,9007.65667
2026-08-19 21:30:53.506,9007.68089
2026-08-19 21:30:53.920,9031.3246
2026-08-19 21:30:54.352,9118.43554
2026-08-19 21:30:54.767,9230.791
2026-08-19 21:30:55.229,9369.51085
2026-08-19 21:30:55.647,9553.24972
2026-08-19 21:30:56.063,9729.24102
2026-08-19 21:30:56.491,9671.79239
2026-08-19 21:30:56.905,9489.10159
2026-08-19 21:30:57.318,9330.5615
2026-08-19 21:30:57.756,9198.0806
2026-08-19 21:30:58.168,9089.27589
2026-08-19 21:30:58.593,9024.33782
2026-08-19 21:30:59.006,9080.7342
2026-08-19 21:30:59.421,9179.92865
2026-08-19 21:30:59.834,9307.64802
2026-08-19 21:31:00.315,9481.86658
2026-08-19 21:31:00.779,9662.58702
2026-08-19 21:31:01.198,9723.80382
2026-08-19 21:31:01.643,9528.33422
2026-08-19 21:31:02.070,9366.13295
2026-08-19 21:31:02.524,9211.69517
2026-08-19 21:31:02.938,9105.21622
2026-08-19 21:31:03.353,9028.62668
2026-08-19 21:31:03.769,9012.63996
2026-08-19 21:31:04.182,9013.15057
2026-08-19 21:31:04.656,9014.18832
2026-08-19 21:31:05.071,9014.55692
2026-08-19 21:31:05.485,9014.72572
2026-08-19 21:31:05.919,9014.84723
2026-08-19 21:31:06.334,9014.90596
2026-08-19 21:31:06.754,9015.06378
2026-08-19 21:31:07.169,9015.19301
2026-08-19 21:31:07.582,9015.25757
2026-08-19 21:31:07.995,9015.54393
2026-08-19 21:31:08.409,9021.02715
2026-08-19 21:31:08.822,9086.02781
2026-08-19 21:31:09.287,9185.38736
2026-08-19 21:31:09.707,9331.33487
2026-08-19 21:31:10.143,9493.21066
2026-08-19 21:31:10.556,9670.76072
2026-08-19 21:31:10.969,9746.89376
2026-08-19 21:31:11.383,9573.23714
2026-08-19 21:31:11.796,9405.76378
2026-08-19 21:31:12.221,9261.08747
2026-08-19 21:31:12.638,9141.35504
2026-08-19 21:31:13.053,9052.78429
2026-08-19 21:31:13.481,9047.89166
2026-08-19 21:31:13.896,9137.57042
2026-08-19 21:31:14.310,9252.83036
2026-08-19 21:31:14.726,9394.98532
2026-08-19 21:31:15.151,9560.7309
2026-08-19 21:31:15.581,9740.86995
2026-08-19 21:31:15.994,9665.90721
2026-08-19 21:31:16.420,9489.27073
2026-08-19 21:31:16.836,9327.24309
2026-08-19 21:31:17.250,9195.66391
2026-08-19 21:31:17.715,9083.92495
2026-08-19 21:31:18.128,9020.54593
2026-08-19 21:31:18.541,9015.34662
2026-08-19 21:31:18.970,9015.85568
2026-08-19 21:31:19.382,9016.44272
2026-08-19 21:31:19.795,9016.67773
2026-08-19 21:31:20.222,9016.55984
2026-08-19 21:31:20.635,9016.48709
2026-08-19 21:31:21.055,9016.46966
2026-08-19 21:31:21.468,9016.63199
2026-08-19 21:31:21.882,9016.88216
2026-08-19 21:31:22.301,9017.07253
2026-08-19 21:31:22.716,9017.17554
2026-08-19 21:31:23.137,9028.0298
2026-08-19 21:31:23.553,9102.94231
2026-08-19 21:31:23.978,9207.53795
2026-08-19 21:31:24.394,9342.87366
2026-08-19 21:31:24.820,9500.51793
2026-08-19 21:31:25.235,9680.86186
2026-08-19 21:31:25.659,9745.27656
2026-08-19 21:31:26.089,9563.41365
2026-08-19 21:31:26.504,9391.37149
2026-08-19 21:31:26.926,9248.85618
2026-08-19 21:31:27.346,9133.39747
2026-08-19 21:31:27.772,9047.33763
2026-08-19 21:31:28.185,9063.20547
2026-08-19 21:31:28.598,9153.83311
2026-08-19 21:31:29.015,9271.58763
2026-08-19 21:31:29.481,9438.89688
2026-08-19 21:31:29.895,9608.66159
2026-08-19 21:31:30.323,9763.86814
2026-08-19 21:31:30.738,9637.29777
2026-08-19 21:31:31.156,9463.55219
2026-08-19 21:31:31.591,9308.83358
2026-08-19 21:31:32.006,9177.31179
2026-08-19 21:31:32.419,9081.97086
2026-08-19 21:31:32.833,9025.61456
2026-08-19 21:31:33.246,9023.08933
2026-08-19 21:31:33.722,9023.60663
2026-08-19 21:31:34.139,9023.77521
2026-08-19 21:31:34.552,9022.44293
2026-08-19 21:31:34.986,9021.84894
2026-08-19 21:31:35.414,9021.58972
2026-08-19 21:31:35.840,9021.34069
2026-08-19 21:31:36.269,9021.2948
2026-08-19 21:31:36.687,9021.29722
2026-08-19 21:31:37.102,9021.45788
2026-08-19 21:31:37.531,9021.56424
2026-08-19 21:31:37.959,9021.81794
2026-08-19 21:31:38.378,9021.69527
2026-08-19 21:31:38.805,9021.56208
2026-08-19 21:31:39.219,9021.34858
2026-08-19 21:31:39.648,9021.17271
2026-08-19 21:31:40.061,9021.08996
2026-08-19 21:31:40.483,9021.20648
2026-08-19 21:31:40.911,9021.36703
2026-08-19 21:31:41.341,9021.50555
2026-08-19 21:31:41.754,9021.58646
2026-08-19 21:31:42.168,9021.83351
2026-08-19 21:31:42.586,9021.8587
2026-08-19 21:31:43.001,9021.98469
2026-08-19 21:31:43.414,9021.96269
2026-08-19 21:31:43.844,9022.016
2026-08-19 21:31:44.256,9022.0011
2026-08-19 21:31:44.675,9021.86498
2026-08-19 21:31:45.088,9021.98293
2026-08-19 21:31:45.518,9021.92281
2026-08-19 21:31:45.964,9022.00053
2026-08-19 21:31:46.378,9021.8505
2026-08-19 21:31:46.808,9021.89298
2026-08-19 21:31:47.221,9021.89486
2026-08-19 21:31:47.635,9021.96409
