Address,GPIB0::22::INSTR
Model,34461A
Serial Number:,MY60051737
Firmware Version,A.03.03-03.15-03.03-00.52-04-03
Start Time,2026-08-19 21:54:01.244
Stop Time,2026-08-19 23:02:51.121
,
Time (s),Channel 1 (Ω)
2026-08-19 21:54:01.778,9154.63887
2026-08-19 21:54:02.235,9289.34798
2026-08-19 21:54:02.648,9434.36395
2026-08-19 21:54:03.063,9597.93282
2026-08-19 21:54:03.477,9779.58917
2026-08-19 21:54:03.892,9977.882
2026-08-19 21:54:04.305,10177.0192
2026-08-19 21:54:04.724,10377.6938
2026-08-19 21:54:05.139,10605.565
2026-08-19 21:54:05.552,10826.2005
2026-08-19 21:54:05.964,11030.5534
2026-08-19 21:54:06.383,10906.0147
2026-08-19 21:54:06.843,10650.1928
2026-08-19 21:54:07.259,10420.7791
2026-08-19 21:54:07.672,10205.3134
2026-08-19 21:54:08.094,10000.844
2026-08-19 21:54:08.509,9801.77042
2026-08-19 21:54:08.940,9618.64404
2026-08-19 21:54:09.367,9447.00793
2026-08-19 21:54:09.781,9302.40989
2026-08-19 21:54:10.202,9189.86596
2026-08-19 21:54:10.630,9103.25927
2026-08-19 21:54:11.053,9095.87272
2026-08-19 21:54:11.466,9180.14787
2026-08-19 21:54:11.894,9289.81412
2026-08-19 21:54:12.308,9433.48302
2026-08-19 21:54:12.723,9596.25454
2026-08-19 21:54:13.138,9777.12428
2026-08-19 21:54:13.551,9969.7422
2026-08-19 21:54:13.983,10172.1121
2026-08-19 21:54:14.412,10398.9097
2026-08-19 21:54:14.824,10616.3015
2026-08-19 21:54:15.249,10839.7439
2026-08-19 21:54:15.675,11016.9694
2026-08-19 21:54:16.107,10831.9897
2026-08-19 21:54:16.523,10597.4133
2026-08-19 21:54:16.941,10376.8967
2026-08-19 21:54:17.355,10164.0497
2026-08-19 21:54:17.771,9961.0546
2026-08-19 21:54:18.189,9767.13647
2026-08-19 21:54:18.617,9585.29969
2026-08-19 21:54:19.031,9419.33426
2026-08-19 21:54:19.458,9284.55225
2026-08-19 21:54:19.870,9175.3471
2026-08-19 21:54:20.291,9096.63999
2026-08-19 21:54:20.718,9105.68984
2026-08-19 21:54:21.132,9190.45419
2026-08-19 21:54:21.547,9300.75248
2026-08-19 21:54:21.961,9440.6868
2026-08-19 21:54:22.403,9604.27433
2026-08-19 21:54:22.822,9798.25632
2026-08-19 21:54:23.237,9994.75291
2026-08-19 21:54:23.651,10198.3115
2026-08-19 21:54:24.066,10409.5329
2026-08-19 21:54:24.505,10628.2437
2026-08-19 21:54:24.919,10866.5658
2026-08-19 21:54:25.332,11008.3387
2026-08-19 21:54:25.746,10810.2022
2026-08-19 21:54:26.214,10584.9762
2026-08-19 21:54:26.640,10330.757
2026-08-19 21:54:27.054,10121.7523
2026-08-19 21:54:27.469,9920.37181
2026-08-19 21:54:27.898,9722.43649
2026-08-19 21:54:28.311,9545.98933
2026-08-19 21:54:28.725,9390.34388
2026-08-19 21:54:29.138,9261.5161
2026-08-19 21:54:29.570,9158.54727
2026-08-19 21:54:29.986,9086.63708
2026-08-19 21:54:30.412,9073.3775
2026-08-19 21:54:30.828,9072.25771
2026-08-19 21:54:31.249,9070.87163
2026-08-19 21:54:31.666,9069.73625
2026-08-19 21:54:32.080,9069.12367
2026-08-19 21:54:32.493,9068.6908
2026-08-19 21:54:32.927,9065.43741
2026-08-19 21:54:33.355,9064.12379
2026-08-19 21:54:33.782,9055.61268
2026-08-19 21:54:34.212,9055.3001
2026-08-19 21:54:34.628,9054.9561
2026-08-19 21:54:35.056,9058.81527
2026-08-19 21:54:35.474,9120.62729
2026-08-19 21:54:35.903,9216.01241
2026-08-19 21:54:36.321,9342.91582
2026-08-19 21:54:36.736,9493.94216
2026-08-19 21:54:37.164,9664.31071
2026-08-19 21:54:37.576,9770.03717
2026-08-19 21:54:37.991,9605.80296
2026-08-19 21:54:38.420,9432.82624
2026-08-19 21:54:38.833,9289.85291
2026-08-19 21:54:39.253,9175.18003
2026-08-19 21:54:39.669,9087.30684
2026-08-19 21:54:40.096,9073.21411
2026-08-19 21:54:40.521,9156.89753
2026-08-19 21:54:40.936,9268.41779
2026-08-19 21:54:41.364,9410.93218
2026-08-19 21:54:41.786,9572.14675
2026-08-19 21:54:42.204,9754.86551
2026-08-19 21:54:42.619,9948.67143
2026-08-19 21:54:43.047,10150.9114
2026-08-19 21:54:43.462,10367.8019
2026-08-19 21:54:43.875,10584.9746
2026-08-19 21:54:44.304,10814.3453
2026-08-19 21:54:44.717,10997.3904
2026-08-19 21:54:45.131,10831.5294
2026-08-19 21:54:45.566,10605.2306
2026-08-19 21:54:45.980,10373.9977
2026-08-19 21:54:46.399,10162.3489
2026-08-19 21:54:46.812,9956.5325
2026-08-19 21:54:47.227,9763.18904
2026-08-19 21:54:47.663,9582.26148
2026-08-19 21:54:48.075,9412.18373
2026-08-19 21:54:48.495,9276.73277
2026-08-19 21:54:48.921,9168.47685
2026-08-19 21:54:49.334,9087.45921
2026-08-19 21:54:49.767,9085.92552
2026-08-19 21:54:50.196,9168.30884
2026-08-19 21:54:50.612,9278.80453
2026-08-19 21:54:51.026,9416.5921
2026-08-19 21:54:51.488,9578.87849
2026-08-19 21:54:51.914,9782.57234
2026-08-19 21:54:52.329,9979.78458
2026-08-19 21:54:52.744,10183.6653
2026-08-19 21:54:53.156,10394.5176
2026-08-19 21:54:53.575,10611.5925
2026-08-19 21:54:53.993,10837.6222
2026-08-19 21:54:54.419,10986.1133
2026-08-19 21:54:54.833,10783.4398
2026-08-19 21:54:55.257,10558.4256
2026-08-19 21:54:55.670,10335.0564
2026-08-19 21:54:56.096,10118.7426
2026-08-19 21:54:56.510,9917.79136
2026-08-19 21:54:56.923,9726.33715
2026-08-19 21:54:57.337,9548.57268
2026-08-19 21:54:57.750,9391.02363
2026-08-19 21:54:58.225,9246.56719
2026-08-19 21:54:58.638,9145.0594
2026-08-19 21:54:59.053,9075.80831
2026-08-19 21:54:59.469,9101.83407
2026-08-19 21:54:59.896,9184.15642
2026-08-19 21:55:00.324,9300.10697
2026-08-19 21:55:00.739,9445.30476
2026-08-19 21:55:01.154,9611.35529
2026-08-19 21:55:01.567,9793.95575
2026-08-19 21:55:02.002,9995.38101
2026-08-19 21:55:02.433,10204.7482
2026-08-19 21:55:02.850,10423.0131
2026-08-19 21:55:03.267,10643.3202
2026-08-19 21:55:03.684,10868.3108
2026-08-19 21:55:04.098,10965.7673
2026-08-19 21:55:04.517,10744.2518
2026-08-19 21:55:04.930,10520.7351
2026-08-19 21:55:05.343,10304.2056
2026-08-19 21:55:05.756,10095.7335
2026-08-19 21:55:06.170,9895.38129
2026-08-19 21:55:06.652,9681.55138
2026-08-19 21:55:07.068,9502.10569
2026-08-19 21:55:07.483,9350.0454
2026-08-19 21:55:07.897,9227.26623
2026-08-19 21:55:08.316,9133.8413
2026-08-19 21:55:08.746,9068.26102
2026-08-19 21:55:09.162,9057.57237
2026-08-19 21:55:09.588,9056.45205
2026-08-19 21:55:10.002,9054.99247
2026-08-19 21:55:10.435,9054.17624
2026-08-19 21:55:10.860,9053.08309
2026-08-19 21:55:11.274,9052.38367
2026-08-19 21:55:11.710,9051.27672
2026-08-19 21:55:12.125,9050.18615
2026-08-19 21:55:12.538,9049.29323
2026-08-19 21:55:12.951,9048.51786
2026-08-19 21:55:13.364,9047.62499
2026-08-19 21:55:13.779,9053.13982
2026-08-19 21:55:14.191,9114.33899
2026-08-19 21:55:14.605,9206.55169
2026-08-19 21:55:15.039,9326.81983
2026-08-19 21:55:15.452,9481.44351
2026-08-19 21:55:15.865,9650.3536
2026-08-19 21:55:16.293,9752.13507
2026-08-19 21:55:16.707,9583.41354
2026-08-19 21:55:17.140,9417.80025
2026-08-19 21:55:17.553,9270.63287
2026-08-19 21:55:17.985,9155.80147
2026-08-19 21:55:18.413,9072.71332
2026-08-19 21:55:18.829,9069.51624
2026-08-19 21:55:19.242,9151.53023
2026-08-19 21:55:19.669,9258.52555
2026-08-19 21:55:20.083,9399.6972
2026-08-19 21:55:20.506,9560.31005
2026-08-19 21:55:20.933,9742.86756
2026-08-19 21:55:21.348,9940.52712
2026-08-19 21:55:21.762,10142.9912
2026-08-19 21:55:22.177,10352.5264
2026-08-19 21:55:22.603,10568.7762
2026-08-19 21:55:23.018,10797.0646
2026-08-19 21:55:23.457,10975.0573
2026-08-19 21:55:23.872,10792.5245
2026-08-19 21:55:24.299,10566.7296
2026-08-19 21:55:24.726,10341.6096
2026-08-19 21:55:25.155,10124.885
2026-08-19 21:55:25.571,9915.98072
2026-08-19 21:55:25.987,9722.84969
2026-08-19 21:55:26.414,9543.9563
2026-08-19 21:55:26.832,9381.1859
2026-08-19 21:55:27.258,9249.82812
2026-08-19 21:55:27.671,9146.19993
2026-08-19 21:55:28.103,9073.09937
2026-08-19 21:55:28.519,9090.16575
2026-08-19 21:55:28.935,9170.43651
2026-08-19 21:55:29.363,9279.08229
2026-08-19 21:55:29.791,9422.43457
2026-08-19 21:55:30.210,9593.47741
2026-08-19 21:55:30.623,9774.97608
2026-08-19 21:55:31.053,9968.59621
2026-08-19 21:55:31.467,10179.089
2026-08-19 21:55:31.884,10389.9729
2026-08-19 21:55:32.303,10609.5461
2026-08-19 21:55:32.730,10834.6133
2026-08-19 21:55:33.157,10961.7141
2026-08-19 21:55:33.573,10745.162
2026-08-19 21:55:33.989,10519.9733
2026-08-19 21:55:34.417,10302.1995
2026-08-19 21:55:34.845,10086.5746
2026-08-19 21:55:35.257,9879.49498
2026-08-19 21:55:35.738,9663.52041
2026-08-19 21:55:36.152,9488.37967
2026-08-19 21:55:36.566,9338.39879
2026-08-19 21:55:36.993,9217.12321
2026-08-19 21:55:37.408,9122.64625
2026-08-19 21:55:37.822,9063.937
2026-08-19 21:55:38.241,9105.80175
2026-08-19 21:55:38.669,9190.31639
2026-08-19 21:55:39.082,9308.61297
2026-08-19 21:55:39.511,9458.04057
2026-08-19 21:55:39.924,9626.17846
2026-08-19 21:55:40.340,9810.08338
2026-08-19 21:55:40.759,10006.7171
2026-08-19 21:55:41.172,10213.5557
2026-08-19 21:55:41.586,10424.7592
2026-08-19 21:55:42.001,10643.6593
2026-08-19 21:55:42.478,10893.6522
2026-08-19 21:55:42.897,10907.6041
2026-08-19 21:55:43.311,10675.3764
2026-08-19 21:55:43.745,10445.9409
2026-08-19 21:55:44.165,10228.5858
2026-08-19 21:55:44.592,10019.9439
2026-08-19 21:55:45.004,9816.43542
2026-08-19 21:55:45.417,9630.56315
2026-08-19 21:55:45.830,9461.55436
2026-08-19 21:55:46.243,9316.11059
2026-08-19 21:55:46.672,9199.66652
2026-08-19 21:55:47.093,9109.17853
2026-08-19 21:55:47.507,9053.81621
2026-08-19 21:55:47.920,9048.80537
2026-08-19 21:55:48.334,9047.62776
2026-08-19 21:55:48.801,9046.67373
2026-08-19 21:55:49.217,9045.62411
2026-08-19 21:55:49.631,9044.57774
2026-08-19 21:55:50.056,9043.02584
2026-08-19 21:55:50.484,9041.89564
2026-08-19 21:55:50.897,9041.15425
2026-08-19 21:55:51.331,9040.03593
2026-08-19 21:55:51.759,9039.24691
2026-08-19 21:55:52.174,9038.4045
2026-08-19 21:55:52.589,9053.9293
2026-08-19 21:55:53.017,9126.49295
2026-08-19 21:55:53.430,9227.10233
2026-08-19 21:55:53.858,9359.2606
2026-08-19 21:55:54.287,9518.67791
2026-08-19 21:55:54.746,9711.98279
2026-08-19 21:55:55.159,9672.75366
2026-08-19 21:55:55.635,9478.38497
2026-08-19 21:55:56.052,9321.04963
2026-08-19 21:55:56.467,9196.12127
2026-08-19 21:55:56.880,9100.68896
2026-08-19 21:55:57.308,9040.97276
2026-08-19 21:55:57.724,9091.29558
2026-08-19 21:55:58.137,9181.83317
2026-08-19 21:55:58.559,9299.83928
2026-08-19 21:55:58.972,9449.2626
2026-08-19 21:55:59.435,9617.04243
2026-08-19 21:55:59.853,9825.49672
2026-08-19 21:56:00.279,10022.2024
2026-08-19 21:56:00.694,10232.6819
2026-08-19 21:56:01.108,10445.7983
2026-08-19 21:56:01.525,10664.6039
2026-08-19 21:56:01.940,10889.9781
2026-08-19 21:56:02.367,10902.8336
2026-08-19 21:56:02.781,10667.2508
2026-08-19 21:56:03.194,10446.2181
2026-08-19 21:56:03.607,10231.5772
2026-08-19 21:56:04.042,10025.5679
2026-08-19 21:56:04.465,9817.31557
2026-08-19 21:56:04.880,9627.23045
2026-08-19 21:56:05.308,9452.37734
2026-08-19 21:56:05.722,9306.48325
2026-08-19 21:56:06.152,9190.16835
2026-08-19 21:56:06.580,9099.37918
2026-08-19 21:56:06.999,9052.78209
2026-08-19 21:56:07.412,9110.04248
2026-08-19 21:56:07.826,9199.76105
2026-08-19 21:56:08.263,9319.33139
2026-08-19 21:56:08.677,9476.36203
2026-08-19 21:56:09.102,9647.88987
2026-08-19 21:56:09.517,9839.52531
2026-08-19 21:56:09.943,10037.6872
2026-08-19 21:56:10.361,10249.6914
2026-08-19 21:56:10.789,10464.6339
2026-08-19 21:56:11.204,10692.0705
2026-08-19 21:56:11.617,10915.5872
2026-08-19 21:56:12.038,10868.7512
2026-08-19 21:56:12.453,10637.8334
2026-08-19 21:56:12.879,10409.4543
2026-08-19 21:56:13.310,10196.5362
2026-08-19 21:56:13.725,9983.21814
2026-08-19 21:56:14.146,9787.13684
2026-08-19 21:56:14.559,9599.86103
2026-08-19 21:56:14.973,9432.94345
2026-08-19 21:56:15.440,9291.20098
2026-08-19 21:56:15.889,9159.24402
2026-08-19 21:56:16.304,9080.24339
2026-08-19 21:56:16.718,9059.37112
2026-08-19 21:56:17.138,9127.65511
2026-08-19 21:56:17.569,9224.60644
2026-08-19 21:56:17.982,9356.43885
2026-08-19 21:56:18.400,9511.02291
2026-08-19 21:56:18.827,9687.78282
2026-08-19 21:56:19.243,9882.94543
2026-08-19 21:56:19.679,10083.7988
2026-08-19 21:56:20.094,10302.8464
2026-08-19 21:56:20.519,10518.7469
2026-08-19 21:56:20.946,10745.578
2026-08-19 21:56:21.360,10945.3684
2026-08-19 21:56:21.782,10799.4356
2026-08-19 21:56:22.196,10569.4952
2026-08-19 21:56:22.609,10350.9496
2026-08-19 21:56:23.022,10140.2927
2026-08-19 21:56:23.437,9937.57369
2026-08-19 21:56:23.851,9743.31198
2026-08-19 21:56:24.263,9561.81073
2026-08-19 21:56:24.698,9399.99925
2026-08-19 21:56:25.114,9257.98579
2026-08-19 21:56:25.527,9153.22647
2026-08-19 21:56:25.942,9076.87114
2026-08-19 21:56:26.409,9040.48419
2026-08-19 21:56:26.829,9040.04078
2026-08-19 21:56:27.244,9038.87391
2026-08-19 21:56:27.659,9038.02284
2026-08-19 21:56:28.087,9036.88462
2026-08-19 21:56:28.501,9035.78651
2026-08-19 21:56:28.917,9034.69614
2026-08-19 21:56:29.330,9033.70105
2026-08-19 21:56:29.760,9032.68486
2026-08-19 21:56:30.176,9031.91297
2026-08-19 21:56:30.590,9031.26078
2026-08-19 21:56:31.028,9030.32881
2026-08-19 21:56:31.442,9065.56958
2026-08-19 21:56:31.855,9145.1893
2026-08-19 21:56:32.270,9251.07621
2026-08-19 21:56:32.683,9385.42304
2026-08-19 21:56:33.110,9543.85172
2026-08-19 21:56:33.523,9716.23409
2026-08-19 21:56:33.953,9635.3881
2026-08-19 21:56:34.367,9456.28437
2026-08-19 21:56:34.780,9305.68044
2026-08-19 21:56:35.194,9183.36189
2026-08-19 21:56:35.669,9089.97249
2026-08-19 21:56:36.089,9035.05667
2026-08-19 21:56:36.502,9097.89743
2026-08-19 21:56:36.917,9192.27697
2026-08-19 21:56:37.342,9315.45066
2026-08-19 21:56:37.755,9469.86745
2026-08-19 21:56:38.183,9647.03742
2026-08-19 21:56:38.604,9832.95535
2026-08-19 21:56:39.017,10033.7867
2026-08-19 21:56:39.431,10238.8456
2026-08-19 21:56:39.844,10451.79
2026-08-19 21:56:40.280,10678.2904
2026-08-19 21:56:40.694,10906.2229
2026-08-19 21:56:41.122,10849.6368
2026-08-19 21:56:41.550,10615.4794
2026-08-19 21:56:41.968,10395.9361
2026-08-19 21:56:42.384,10180.3258
2026-08-19 21:56:42.798,9975.03089
2026-08-19 21:56:43.213,9779.22684
2026-08-19 21:56:43.625,9594.84007
2026-08-19 21:56:44.044,9428.59155
2026-08-19 21:56:44.464,9284.4805
2026-08-19 21:56:44.967,9152.08543
2026-08-19 21:56:45.394,9071.51405
2026-08-19 21:56:45.809,9052.75113
2026-08-19 21:56:46.222,9122.96404
2026-08-19 21:56:46.637,9219.12609
2026-08-19 21:56:47.050,9346.53419
2026-08-19 21:56:47.468,9500.31987
2026-08-19 21:56:47.895,9676.43047
2026-08-19 21:56:48.314,9870.91224
2026-08-19 21:56:48.741,10072.9326
2026-08-19 21:56:49.169,10293.9414
2026-08-19 21:56:49.583,10508.3155
2026-08-19 21:56:49.997,10729.5712
2026-08-19 21:56:50.411,10930.2312
2026-08-19 21:56:50.851,10798.8532
2026-08-19 21:56:51.265,10559.5581
2026-08-19 21:56:51.679,10341.0143
2026-08-19 21:56:52.105,10130.055
2026-08-19 21:56:52.519,9921.5173
2026-08-19 21:56:52.957,9728.52081
2026-08-19 21:56:53.378,9537.97127
2026-08-19 21:56:53.792,9375.6902
2026-08-19 21:56:54.205,9243.35925
2026-08-19 21:56:54.619,9141.0042
2026-08-19 21:56:55.081,9058.76919
2026-08-19 21:56:55.499,9060.69146
2026-08-19 21:56:55.913,9134.80852
2026-08-19 21:56:56.329,9234.66175
2026-08-19 21:56:56.745,9366.03705
2026-08-19 21:56:57.188,9524.47195
2026-08-19 21:56:57.602,9713.9562
2026-08-19 21:56:58.028,9905.4657
2026-08-19 21:56:58.443,10112.1871
2026-08-19 21:56:58.857,10321.3232
2026-08-19 21:56:59.297,10537.457
2026-08-19 21:56:59.712,10772.3847
2026-08-19 21:57:00.126,10929.7237
2026-08-19 21:57:00.553,10736.2288
2026-08-19 21:57:00.979,10512.51
2026-08-19 21:57:01.398,10286.8681
2026-08-19 21:57:01.814,10077.7631
2026-08-19 21:57:02.243,9869.13294
2026-08-19 21:57:02.661,9679.20645
2026-08-19 21:57:03.074,9500.92432
2026-08-19 21:57:03.500,9346.47609
2026-08-19 21:57:03.912,9217.18346
2026-08-19 21:57:04.328,9121.31507
2026-08-19 21:57:04.745,9052.58274
2026-08-19 21:57:05.172,9032.22792
2026-08-19 21:57:05.600,9031.66557
2026-08-19 21:57:06.015,9030.50476
2026-08-19 21:57:06.428,9029.63477
2026-08-19 21:57:06.841,9028.69704
2026-08-19 21:57:07.261,9027.68046
2026-08-19 21:57:07.729,9026.30803
2026-08-19 21:57:08.143,9025.38939
2026-08-19 21:57:08.558,9024.38969
2026-08-19 21:57:08.971,9023.64841
2026-08-19 21:57:09.384,9022.86099
2026-08-19 21:57:09.820,9023.53708
2026-08-19 21:57:10.246,9073.883
2026-08-19 21:57:10.675,9161.16124
2026-08-19 21:57:11.089,9278.07856
2026-08-19 21:57:11.507,9419.64998
2026-08-19 21:57:11.924,9585.80212
2026-08-19 21:57:12.337,9714.33407
2026-08-19 21:57:12.753,9569.55667
2026-08-19 21:57:13.171,9402.25046
2026-08-19 21:57:13.584,9258.18244
2026-08-19 21:57:14.003,9144.6822
2026-08-19 21:57:14.417,9059.01221
2026-08-19 21:57:14.840,9029.1454
2026-08-19 21:57:15.263,9100.10368
2026-08-19 21:57:15.677,9199.64904
2026-08-19 21:57:16.089,9326.21462
2026-08-19 21:57:16.504,9478.96329
2026-08-19 21:57:16.945,9652.13444
2026-08-19 21:57:17.360,9851.55525
2026-08-19 21:57:17.781,10050.359
2026-08-19 21:57:18.197,10260.5157
2026-08-19 21:57:18.624,10474.7255
2026-08-19 21:57:19.042,10700.9781
2026-08-19 21:57:19.459,10913.3038
2026-08-19 21:57:19.873,10802.9232
2026-08-19 21:57:20.300,10577.3513
2026-08-19 21:57:20.727,10351.7483
2026-08-19 21:57:21.145,10134.3844
2026-08-19 21:57:21.563,9929.27104
2026-08-19 21:57:21.976,9734.03633
2026-08-19 21:57:22.390,9552.85933
2026-08-19 21:57:22.818,9390.30675
2026-08-19 21:57:23.231,9249.10662
2026-08-19 21:57:23.652,9142.73323
2026-08-19 21:57:24.071,9062.64011
2026-08-19 21:57:24.487,9041.00749
2026-08-19 21:57:24.900,9108.27377
2026-08-19 21:57:25.327,9202.13119
2026-08-19 21:57:25.754,9330.32956
2026-08-19 21:57:26.176,9488.45962
2026-08-19 21:57:26.590,9666.21141
2026-08-19 21:57:27.003,9854.2626
2026-08-19 21:57:27.418,10052.4244
2026-08-19 21:57:27.892,10259.3068
2026-08-19 21:57:28.320,10506.734
2026-08-19 21:57:28.736,10731.7708
2026-08-19 21:57:29.150,10918.7266
2026-08-19 21:57:29.570,10763.0818
2026-08-19 21:57:29.983,10535.8917
2026-08-19 21:57:30.398,10318.6182
2026-08-19 21:57:30.812,10108.0133
2026-08-19 21:57:31.226,9906.27139
2026-08-19 21:57:31.649,9713.82654
2026-08-19 21:57:32.063,9530.27598
2026-08-19 21:57:32.503,9365.19688
2026-08-19 21:57:32.931,9229.81521
2026-08-19 21:57:33.343,9125.78679
2026-08-19 21:57:33.758,9053.18843
2026-08-19 21:57:34.172,9047.43244
2026-08-19 21:57:34.605,9118.48531
2026-08-19 21:57:35.021,9220.77896
2026-08-19 21:57:35.435,9350.48794
2026-08-19 21:57:35.847,9506.57794
2026-08-19 21:57:36.310,9681.80935
2026-08-19 21:57:36.741,9896.47429
2026-08-19 21:57:37.155,10102.7383
2026-08-19 21:57:37.569,10311.1665
2026-08-19 21:57:37.983,10526.2612
2026-08-19 21:57:38.396,10747.1618
2026-08-19 21:57:38.825,10914.6418
2026-08-19 21:57:39.254,10730.7426
2026-08-19 21:57:39.669,10500.1729
2026-08-19 21:57:40.083,10282.5566
2026-08-19 21:57:40.512,10074.0018
2026-08-19 21:57:40.925,9866.42726
2026-08-19 21:57:41.342,9676.25786
2026-08-19 21:57:41.770,9498.19475
2026-08-19 21:57:42.193,9338.07407
2026-08-19 21:57:42.608,9209.17829
2026-08-19 21:57:43.035,9110.54765
2026-08-19 21:57:43.448,9042.70406
2026-08-19 21:57:43.862,9022.79031
2026-08-19 21:57:44.283,9022.41418
2026-08-19 21:57:44.698,9021.29684
2026-08-19 21:57:45.126,9020.39597
2026-08-19 21:57:45.549,9019.36026
2026-08-19 21:57:45.963,9018.49354
2026-08-19 21:57:46.376,9017.28877
2026-08-19 21:57:46.793,9016.3182
2026-08-19 21:57:47.208,9015.45012
2026-08-19 21:57:47.623,9014.64427
2026-08-19 21:57:48.086,9013.7007
2026-08-19 21:57:48.500,9013.97862
2026-08-19 21:57:48.913,9058.92526
2026-08-19 21:57:49.328,9140.42042
2026-08-19 21:57:49.741,9249.01986
2026-08-19 21:57:50.203,9403.741
2026-08-19 21:57:50.616,9566.42216
2026-08-19 21:57:51.029,9700.55264
2026-08-19 21:57:51.442,9563.41325
2026-08-19 21:57:51.855,9397.26227
2026-08-19 21:57:52.329,9237.78917
2026-08-19 21:57:52.749,9125.76195
2026-08-19 21:57:53.163,9043.1215
2026-08-19 21:57:53.595,9025.82785
2026-08-19 21:57:54.014,9100.69491
2026-08-19 21:57:54.440,9201.86465
2026-08-19 21:57:54.867,9335.13038
2026-08-19 21:57:55.283,9495.78977
2026-08-19 21:57:55.698,9672.00447
2026-08-19 21:57:56.133,9870.31681
2026-08-19 21:57:56.548,10070.3782
2026-08-19 21:57:56.960,10277.624
2026-08-19 21:57:57.388,10498.4078
2026-08-19 21:57:57.802,10718.4694
2026-08-19 21:57:58.222,10908.0806
2026-08-19 21:57:58.650,10755.5625
2026-08-19 21:57:59.070,10524.1911
2026-08-19 21:57:59.486,10303.6387
2026-08-19 21:57:59.901,10093.4244
2026-08-19 21:58:00.315,9891.01533
2026-08-19 21:58:00.734,9697.18256
2026-08-19 21:58:01.162,9518.78666
2026-08-19 21:58:01.575,9354.87493
2026-08-19 21:58:01.990,9223.39743
2026-08-19 21:58:02.418,9121.97735
2026-08-19 21:58:02.835,9045.62566
2026-08-19 21:58:03.248,9040.60305
2026-08-19 21:58:03.665,9112.16217
2026-08-19 21:58:04.079,9210.62411
2026-08-19 21:58:04.507,9344.02781
2026-08-19 21:58:04.942,9499.93785
2026-08-19 21:58:05.370,9684.64278
2026-08-19 21:58:05.799,9880.97153
2026-08-19 21:58:06.225,10088.0285
2026-08-19 21:58:06.643,10302.3731
2026-08-19 21:58:07.072,10519.4131
2026-08-19 21:58:07.487,10747.9757
2026-08-19 21:58:07.912,10904.4111
2026-08-19 21:58:08.325,10712.6508
2026-08-19 21:58:08.739,10490.3111
2026-08-19 21:58:09.168,10266.8266
2026-08-19 21:58:09.582,10059.0023
2026-08-19 21:58:10.002,9858.41132
2026-08-19 21:58:10.415,9665.73067
2026-08-19 21:58:10.828,9490.05187
2026-08-19 21:58:11.262,9335.48203
2026-08-19 21:58:11.676,9202.7358
2026-08-19 21:58:12.094,9106.91252
2026-08-19 21:58:12.507,9037.64668
2026-08-19 21:58:12.921,9041.15911
2026-08-19 21:58:13.355,9111.72137
2026-08-19 21:58:13.770,9214.23477
2026-08-19 21:58:14.206,9348.14992
2026-08-19 21:58:14.620,9508.03715
2026-08-19 21:58:15.052,9690.7926
2026-08-19 21:58:15.467,9882.30182
2026-08-19 21:58:15.896,10089.6662
2026-08-19 21:58:16.343,10308.0996
2026-08-19 21:58:16.761,10529.5279
2026-08-19 21:58:17.188,10752.5595
2026-08-19 21:58:17.616,10895.0872
2026-08-19 21:58:18.029,10688.4159
2026-08-19 21:58:18.537,10423.2843
2026-08-19 21:58:18.952,10203.7014
2026-08-19 21:58:19.365,9997.71576
2026-08-19 21:58:19.779,9800.52366
2026-08-19 21:58:20.214,9613.96861
2026-08-19 21:58:20.626,9434.66877
2026-08-19 21:58:21.041,9288.35256
2026-08-19 21:58:21.456,9171.01327
2026-08-19 21:58:21.869,9083.35933
2026-08-19 21:58:22.282,9024.292
2026-08-19 21:58:22.709,9014.53429
2026-08-19 21:58:23.128,9013.76401
2026-08-19 21:58:23.554,9012.68222
2026-08-19 21:58:23.968,9011.71024
2026-08-19 21:58:24.390,9010.73265
2026-08-19 21:58:24.857,9009.76493
2026-08-19 21:58:25.278,9008.56137
2026-08-19 21:58:25.739,9007.48404
2026-08-19 21:58:26.159,9006.77652
2026-08-19 21:58:26.574,9005.90399
2026-08-19 21:58:27.000,9005.08624
2026-08-19 21:58:27.413,9016.50256
2026-08-19 21:58:27.833,9081.59992
2026-08-19 21:58:28.250,9174.767
2026-08-19 21:58:28.672,9296.455
2026-08-19 21:58:29.101,9446.91056
2026-08-19 21:58:29.515,9621.86863
2026-08-19 21:58:29.934,9660.06751
2026-08-19 21:58:30.360,9482.63773
2026-08-19 21:58:30.778,9320.69891
2026-08-19 21:58:31.191,9189.45896
2026-08-19 21:58:31.621,9089.13775
2026-08-19 21:58:32.038,9014.45696
2026-08-19 21:58:32.451,9034.99095
2026-08-19 21:58:32.883,9115.90037
2026-08-19 21:58:33.296,9226.87613
2026-08-19 21:58:33.722,9363.49272
2026-08-19 21:58:34.136,9529.22788
2026-08-19 21:58:34.551,9707.51679
2026-08-19 21:58:34.968,9899.07828
2026-08-19 21:58:35.381,10100.5214
2026-08-19 21:58:35.816,10315.7752
2026-08-19 21:58:36.243,10533.8511
2026-08-19 21:58:36.658,10761.7788
2026-08-19 21:58:37.075,10884.9057
2026-08-19 21:58:37.489,10677.8576
2026-08-19 21:58:37.906,10455.9987
2026-08-19 21:58:38.333,10239.8845
2026-08-19 21:58:38.746,10026.4344
2026-08-19 21:58:39.181,9828.48951
2026-08-19 21:58:39.595,9630.82074
2026-08-19 21:58:40.009,9457.80164
2026-08-19 21:58:40.422,9306.59902
2026-08-19 21:58:40.888,9183.53897
2026-08-19 21:58:41.316,9077.63408
2026-08-19 21:58:41.740,9018.79855
2026-08-19 21:58:42.154,9055.14445
2026-08-19 21:58:42.570,9134.92294
2026-08-19 21:58:42.988,9243.94476
2026-08-19 21:58:43.401,9383.80513
2026-08-19 21:58:43.817,9546.70182
2026-08-19 21:58:44.232,9727.45356
2026-08-19 21:58:44.658,9920.04177
2026-08-19 21:58:45.076,10127.7785
2026-08-19 21:58:45.495,10338.9071
2026-08-19 21:58:45.908,10556.522
2026-08-19 21:58:46.322,10776.9753
2026-08-19 21:58:46.735,10868.6145
2026-08-19 21:58:47.164,10652.6691
2026-08-19 21:58:47.591,10424.1035
2026-08-19 21:58:48.004,10203.8226
2026-08-19 21:58:48.418,9998.61722
2026-08-19 21:58:48.844,9801.41618
2026-08-19 21:58:49.271,9609.27439
2026-08-19 21:58:49.699,9433.20665
2026-08-19 21:58:50.112,9281.36732
2026-08-19 21:58:50.526,9164.50716
2026-08-19 21:58:50.941,9076.45884
2026-08-19 21:58:51.353,9018.79897
2026-08-19 21:58:51.792,9053.1007
2026-08-19 21:58:52.219,9136.92306
2026-08-19 21:58:52.633,9249.04339
2026-08-19 21:58:53.072,9393.77133
2026-08-19 21:58:53.485,9562.73969
2026-08-19 21:58:53.913,9744.26729
2026-08-19 21:58:54.325,9943.86866
2026-08-19 21:58:54.739,10145.6214
2026-08-19 21:58:55.164,10355.1834
2026-08-19 21:58:55.579,10577.097
2026-08-19 21:58:55.992,10798.4804
2026-08-19 21:58:56.418,10843.4634
2026-08-19 21:58:56.835,10618.7406
2026-08-19 21:58:57.269,10389.3432
2026-08-19 21:58:57.685,10174.4547
2026-08-19 21:58:58.098,9969.05889
2026-08-19 21:58:58.516,9773.62287
2026-08-19 21:58:58.934,9586.72154
2026-08-19 21:58:59.348,9415.98321
2026-08-19 21:58:59.763,9271.5218
2026-08-19 21:59:00.176,9156.567
2026-08-19 21:59:00.602,9070.96225
2026-08-19 21:59:01.078,9010.06712
2026-08-19 21:59:01.490,9005.58613
2026-08-19 21:59:01.918,9004.78927
2026-08-19 21:59:02.333,9003.65734
2026-08-19 21:59:02.749,9002.77792
2026-08-19 21:59:03.169,9001.93415
2026-08-19 21:59:03.582,9000.88864
2026-08-19 21:59:04.011,8999.93915
2026-08-19 21:59:04.429,8998.9107
2026-08-19 21:59:04.842,8997.98078
2026-08-19 21:59:05.271,8997.18281
2026-08-19 21:59:05.684,8996.27897
2026-08-19 21:59:06.098,9005.75942
2026-08-19 21:59:06.513,9068.21745
2026-08-19 21:59:06.926,9158.32019
2026-08-19 21:59:07.339,9275.72722
2026-08-19 21:59:07.755,9420.57261
2026-08-19 21:59:08.183,9593.97895
2026-08-19 21:59:08.597,9658.18342
2026-08-19 21:59:09.024,9480.95727
2026-08-19 21:59:09.438,9323.17062
2026-08-19 21:59:09.853,9190.99687
2026-08-19 21:59:10.267,9088.25778
2026-08-19 21:59:10.692,9013.12673
2026-08-19 21:59:11.105,9018.43553
2026-08-19 21:59:11.570,9095.49893
2026-08-19 21:59:11.989,9214.37527
2026-08-19 21:59:12.402,9350.26536
2026-08-19 21:59:12.816,9509.70203
2026-08-19 21:59:13.256,9693.30062
2026-08-19 21:59:13.674,9888.61279
2026-08-19 21:59:14.087,10090.8843
2026-08-19 21:59:14.501,10298.0121
2026-08-19 21:59:14.915,10512.3965
2026-08-19 21:59:15.332,10732.4663
2026-08-19 21:59:15.759,10873.7565
2026-08-19 21:59:16.173,10671.2027
2026-08-19 21:59:16.585,10450.0111
2026-08-19 21:59:17.000,10236.2364
2026-08-19 21:59:17.425,10029.9494
2026-08-19 21:59:17.841,9825.84285
2026-08-19 21:59:18.274,9636.51883
2026-08-19 21:59:18.687,9454.92972
2026-08-19 21:59:19.100,9303.43588
2026-08-19 21:59:19.514,9179.94656
2026-08-19 21:59:19.927,9085.69184
2026-08-19 21:59:20.426,9018.34918
2026-08-19 21:59:20.848,9045.94203
2026-08-19 21:59:21.263,9126.3776
2026-08-19 21:59:21.675,9233.97974
2026-08-19 21:59:22.088,9371.25434
2026-08-19 21:59:22.515,9538.36823
2026-08-19 21:59:22.929,9718.05387
2026-08-19 21:59:23.342,9909.55193
2026-08-19 21:59:23.758,10110.48
2026-08-19 21:59:24.179,10319.224
2026-08-19 21:59:24.595,10538.5179
2026-08-19 21:59:25.009,10759.7232
2026-08-19 21:59:25.451,10857.9847
2026-08-19 21:59:25.872,10629.3263
2026-08-19 21:59:26.286,10405.3948
2026-08-19 21:59:26.713,10191.9935
2026-08-19 21:59:27.126,9980.40024
2026-08-19 21:59:27.547,9781.51769
2026-08-19 21:59:27.962,9595.23463
2026-08-19 21:59:28.375,9424.67321
2026-08-19 21:59:28.790,9278.16951
2026-08-19 21:59:29.216,9160.21401
2026-08-19 21:59:29.642,9069.42116
2026-08-19 21:59:30.056,9011.15417
2026-08-19 21:59:30.478,9046.5969
2026-08-19 21:59:30.891,9126.27751
2026-08-19 21:59:31.318,9236.81948
2026-08-19 21:59:31.748,9374.55779
2026-08-19 21:59:32.175,9549.71586
2026-08-19 21:59:32.595,9730.47777
2026-08-19 21:59:33.023,9925.72117
2026-08-19 21:59:33.435,10134.1604
2026-08-19 21:59:33.865,10350.2216
2026-08-19 21:59:34.288,10566.7717
2026-08-19 21:59:34.715,10792.6369
2026-08-19 21:59:35.142,10823.291
2026-08-19 21:59:35.555,10590.5992
2026-08-19 21:59:35.972,10370.2058
2026-08-19 21:59:36.386,10158.8709
2026-08-19 21:59:36.820,9947.65646
2026-08-19 21:59:37.248,9749.82859
2026-08-19 21:59:37.662,9560.49723
2026-08-19 21:59:38.080,9392.2734
2026-08-19 21:59:38.494,9251.0059
2026-08-19 21:59:38.908,9139.6547
2026-08-19 21:59:39.320,9057.34122
2026-08-19 21:59:39.733,9004.87035
2026-08-19 21:59:40.203,8999.19506
2026-08-19 21:59:40.618,8998.33652
2026-08-19 21:59:41.032,8997.35262
2026-08-19 21:59:41.446,8996.49744
2026-08-19 21:59:41.874,8995.5935
2026-08-19 21:59:42.288,8994.74421
2026-08-19 21:59:42.719,8993.70349
2026-08-19 21:59:43.133,8992.75781
2026-08-19 21:59:43.549,8991.89673
2026-08-19 21:59:43.962,8991.30537
2026-08-19 21:59:44.401,8990.50253
2026-08-19 21:59:44.829,9003.64336
2026-08-19 21:59:45.249,9069.50776
2026-08-19 21:59:45.677,9162.67372
2026-08-19 21:59:46.096,9287.40137
2026-08-19 21:59:46.519,9437.36551
2026-08-19 21:59:46.933,9609.77378
2026-08-19 21:59:47.348,9631.28788
2026-08-19 21:59:47.761,9455.9414
2026-08-19 21:59:48.187,9300.70284
2026-08-19 21:59:48.605,9168.94765
2026-08-19 21:59:49.019,9069.71477
2026-08-19 21:59:49.434,8999.4718
2026-08-19 21:59:49.848,9019.97807
2026-08-19 21:59:50.262,9099.07494
2026-08-19 21:59:50.759,9204.26254
2026-08-19 21:59:51.173,9368.95598
2026-08-19 21:59:51.586,9531.3852
2026-08-19 21:59:51.999,9710.18926
2026-08-19 21:59:52.413,9901.74248
2026-08-19 21:59:52.879,10127.2111
2026-08-19 21:59:53.292,10336.5394
2026-08-19 21:59:53.706,10551.3655
2026-08-19 21:59:54.119,10772.0467
2026-08-19 21:59:54.532,10839.2604
2026-08-19 21:59:54.975,10618.9646
2026-08-19 21:59:55.398,10384.1464
2026-08-19 21:59:55.813,10167.5156
2026-08-19 21:59:56.240,9962.94711
2026-08-19 21:59:56.659,9761.5136
2026-08-19 21:59:57.088,9574.69657
2026-08-19 21:59:57.502,9400.54787
2026-08-19 21:59:57.915,9257.26096
2026-08-19 21:59:58.342,9143.11358
2026-08-19 21:59:58.757,9055.10901
2026-08-19 21:59:59.195,9004.2556
2026-08-19 21:59:59.609,9052.59849
2026-08-19 22:00:00.023,9135.58462
2026-08-19 22:00:00.439,9247.49353
2026-08-19 22:00:00.856,9389.84686
2026-08-19 22:00:01.294,9556.01353
2026-08-19 22:00:01.721,9748.40626
2026-08-19 22:00:02.135,9948.59477
2026-08-19 22:00:02.559,10151.1009
2026-08-19 22:00:02.973,10366.1436
2026-08-19 22:00:03.401,10582.2363
2026-08-19 22:00:03.816,10810.4364
2026-08-19 22:00:04.230,10799.1578
2026-08-19 22:00:04.644,10574.1888
2026-08-19 22:00:05.064,10356.1494
2026-08-19 22:00:05.539,10115.0563
2026-08-19 22:00:05.953,9909.08196
2026-08-19 22:00:06.378,9715.82711
2026-08-19 22:00:06.791,9529.94399
2026-08-19 22:00:07.205,9367.22828
2026-08-19 22:00:07.634,9225.78019
2026-08-19 22:00:08.071,9116.05965
2026-08-19 22:00:08.485,9037.57843
2026-08-19 22:00:08.919,9008.58689
2026-08-19 22:00:09.337,9071.29371
2026-08-19 22:00:09.761,9159.67694
2026-08-19 22:00:10.176,9281.74232
2026-08-19 22:00:10.590,9430.0949
2026-08-19 22:00:11.008,9599.96684
2026-08-19 22:00:11.423,9786.92446
2026-08-19 22:00:11.851,9983.59019
2026-08-19 22:00:12.269,10194.1334
2026-08-19 22:00:12.682,10407.5117
2026-08-19 22:00:13.095,10624.3207
2026-08-19 22:00:13.516,10839.2178
2026-08-19 22:00:13.935,10752.7067
2026-08-19 22:00:14.360,10529.3464
2026-08-19 22:00:14.775,10306.4884
2026-08-19 22:00:15.203,10089.6175
2026-08-19 22:00:15.622,9888.5793
2026-08-19 22:00:16.045,9694.04879
2026-08-19 22:00:16.458,9510.83401
2026-08-19 22:00:16.892,9345.52191
2026-08-19 22:00:17.306,9210.56696
2026-08-19 22:00:17.734,9105.41436
2026-08-19 22:00:18.164,9029.4934
2026-08-19 22:00:18.584,8994.72469
2026-08-19 22:00:19.010,8994.56848
2026-08-19 22:00:19.438,8993.57996
2026-08-19 22:00:19.915,8992.593
2026-08-19 22:00:20.329,8991.5995
2026-08-19 22:00:20.758,8990.89968
2026-08-19 22:00:21.225,8989.76062
2026-08-19 22:00:21.645,8988.67522
2026-08-19 22:00:22.061,8987.80414
2026-08-19 22:00:22.475,8986.9689
2026-08-19 22:00:22.902,8986.19503
2026-08-19 22:00:23.316,8986.1481
2026-08-19 22:00:23.759,9027.65021
2026-08-19 22:00:24.175,9112.39931
2026-08-19 22:00:24.601,9219.75386
2026-08-19 22:00:25.014,9359.19774
2026-08-19 22:00:25.438,9518.52025
2026-08-19 22:00:25.872,9659.31614
2026-08-19 22:00:26.285,9518.65095
2026-08-19 22:00:26.714,9355.04959
2026-08-19 22:00:27.128,9210.92241
2026-08-19 22:00:27.546,9101.24776
2026-08-19 22:00:27.960,9019.31069
2026-08-19 22:00:28.373,8992.5121
2026-08-19 22:00:28.791,9059.40243
2026-08-19 22:00:29.204,9154.15008
2026-08-19 22:00:29.633,9281.20999
2026-08-19 22:00:30.047,9431.62211
2026-08-19 22:00:30.475,9602.44284
2026-08-19 22:00:30.889,9793.77085
2026-08-19 22:00:31.315,9989.69236
2026-08-19 22:00:31.742,10200.0573
2026-08-19 22:00:32.160,10418.1889
2026-08-19 22:00:32.587,10637.6497
2026-08-19 22:00:33.008,10848.7967
2026-08-19 22:00:33.422,10729.2686
2026-08-19 22:00:33.836,10506.5888
2026-08-19 22:00:34.265,10290.2828
2026-08-19 22:00:34.678,10073.9974
2026-08-19 22:00:35.092,9873.86218
2026-08-19 22:00:35.508,9682.177
2026-08-19 22:00:35.921,9503.31545
2026-08-19 22:00:36.388,9325.05392
2026-08-19 22:00:36.802,9195.28109
2026-08-19 22:00:37.231,9095.01391
2026-08-19 22:00:37.644,9020.15091
2026-08-19 22:00:38.058,9010.26612
2026-08-19 22:00:38.477,9078.11048
2026-08-19 22:00:38.891,9173.28962
2026-08-19 22:00:39.307,9297.07181
2026-08-19 22:00:39.735,9449.92854
2026-08-19 22:00:40.148,9628.21059
2026-08-19 22:00:40.584,9814.68383
2026-08-19 22:00:41.010,10022.0476
2026-08-19 22:00:41.423,10233.7393
2026-08-19 22:00:41.843,10445.819
2026-08-19 22:00:42.258,10667.1567
2026-08-19 22:00:42.685,10855.5259
2026-08-19 22:00:43.098,10700.1504
2026-08-19 22:00:43.533,10478.9085
2026-08-19 22:00:43.947,10252.5364
2026-08-19 22:00:44.375,10038.5812
2026-08-19 22:00:44.788,9839.31599
2026-08-19 22:00:45.202,9649.96954
2026-08-19 22:00:45.638,9467.85182
2026-08-19 22:00:46.052,9310.95518
2026-08-19 22:00:46.465,9184.29149
2026-08-19 22:00:46.878,9087.92139
2026-08-19 22:00:47.294,9018.71277
2026-08-19 22:00:47.769,9022.29645
2026-08-19 22:00:48.182,9095.10715
2026-08-19 22:00:48.598,9193.03624
2026-08-19 22:00:49.011,9322.57276
2026-08-19 22:00:49.437,9477.90729
2026-08-19 22:00:49.853,9658.51266
2026-08-19 22:00:50.288,9854.42257
2026-08-19 22:00:50.714,10057.3484
2026-08-19 22:00:51.129,10269.8722
2026-08-19 22:00:51.558,10491.0952
2026-08-19 22:00:51.986,10718.5527
2026-08-19 22:00:52.399,10848.9671
2026-08-19 22:00:52.823,10649.3089
2026-08-19 22:00:53.250,10423.7322
2026-08-19 22:00:53.677,10203.7762
2026-08-19 22:00:54.095,9991.42755
2026-08-19 22:00:54.510,9792.61928
2026-08-19 22:00:54.925,9605.28099
2026-08-19 22:00:55.358,9427.55031
2026-08-19 22:00:55.849,9252.9285
2026-08-19 22:00:56.265,9139.82393
2026-08-19 22:00:56.679,9055.36279
2026-08-19 22:00:57.104,8999.93798
2026-08-19 22:00:57.531,8992.21241
2026-08-19 22:00:57.968,8991.53028
2026-08-19 22:00:58.393,8990.56496
2026-08-19 22:00:58.810,8989.70184
2026-08-19 22:00:59.284,8988.49583
2026-08-19 22:00:59.745,8987.84804
2026-08-19 22:01:00.159,8986.79839
2026-08-19 22:01:00.611,8985.72241
2026-08-19 22:01:01.029,8984.90262
2026-08-19 22:01:01.446,8984.12993
2026-08-19 22:01:01.874,8983.4052
2026-08-19 22:01:02.293,9004.78171
2026-08-19 22:01:02.707,9075.5701
2026-08-19 22:01:03.133,9170.95314
2026-08-19 22:01:03.547,9298.79241
2026-08-19 22:01:03.961,9449.63141
2026-08-19 22:01:04.398,9620.10137
2026-08-19 22:01:04.812,9588.64759
2026-08-19 22:01:05.227,9417.08969
2026-08-19 22:01:05.652,9266.71048
2026-08-19 22:01:06.079,9141.11417
2026-08-19 22:01:06.501,9046.20114
2026-08-19 22:01:06.926,8986.43772
2026-08-19 22:01:07.342,9029.56399
2026-08-19 22:01:07.757,9113.9447
2026-08-19 22:01:08.172,9225.79964
2026-08-19 22:01:08.615,9366.24565
2026-08-19 22:01:09.029,9541.34027
2026-08-19 22:01:09.449,9722.04207
2026-08-19 22:01:09.865,9917.56565
2026-08-19 22:01:10.292,10119.8066
2026-08-19 22:01:10.716,10335.4443
2026-08-19 22:01:11.142,10556.1539
2026-08-19 22:01:11.557,10783.4879
2026-08-19 22:01:11.984,10801.7321
2026-08-19 22:01:12.399,10576.9934
2026-08-19 22:01:12.826,10351.5157
2026-08-19 22:01:13.240,10140.5141
2026-08-19 22:01:13.662,9937.70533
2026-08-19 22:01:14.077,9739.32495
2026-08-19 22:01:14.491,9555.56179
2026-08-19 22:01:14.927,9384.07705
2026-08-19 22:01:15.343,9239.86163
2026-08-19 22:01:15.762,9128.25486
2026-08-19 22:01:16.191,9044.74617
2026-08-19 22:01:16.604,8998.33356
2026-08-19 22:01:17.037,9047.80579
2026-08-19 22:01:17.452,9134.6422
2026-08-19 22:01:17.865,9247.81301
2026-08-19 22:01:18.278,9389.98017
2026-08-19 22:01:18.744,9555.72697
2026-08-19 22:01:19.163,9763.8471
2026-08-19 22:01:19.577,9957.7875
2026-08-19 22:01:19.991,10160.5583
2026-08-19 22:01:20.413,10371.1799
2026-08-19 22:01:20.826,10592.4634
2026-08-19 22:01:21.240,10812.5855
2026-08-19 22:01:21.653,10774.7668
2026-08-19 22:01:22.086,10543.8153
2026-08-19 22:01:22.500,10324.0395
2026-08-19 22:01:22.915,10114.0788
2026-08-19 22:01:23.329,9911.5482
2026-08-19 22:01:23.761,9711.20437
2026-08-19 22:01:24.176,9528.62388
2026-08-19 22:01:24.591,9365.06498
2026-08-19 22:01:25.006,9227.12923
2026-08-19 22:01:25.420,9119.30797
2026-08-19 22:01:25.833,9040.27311
2026-08-19 22:01:26.306,9003.12339
2026-08-19 22:01:26.720,9063.63716
2026-08-19 22:01:27.133,9150.52794
2026-08-19 22:01:27.547,9267.21845
2026-08-19 22:01:27.976,9419.09958
2026-08-19 22:01:28.394,9588.39401
2026-08-19 22:01:28.808,9774.99126
2026-08-19 22:01:29.222,9970.16392
2026-08-19 22:01:29.637,10173.3905
2026-08-19 22:01:30.050,10384.591
2026-08-19 22:01:30.477,10601.1753
2026-08-19 22:01:30.960,10845.0889
2026-08-19 22:01:31.387,10719.5039
2026-08-19 22:01:31.815,10490.0582
2026-08-19 22:01:32.228,10267.1486
2026-08-19 22:01:32.659,10057.1077
2026-08-19 22:01:33.072,9851.112
2026-08-19 22:01:33.487,9661.09124
2026-08-19 22:01:33.899,9483.3952
2026-08-19 22:01:34.325,9326.60856
2026-08-19 22:01:34.757,9192.25183
2026-08-19 22:01:35.185,9091.23108
2026-08-19 22:01:35.598,9019.17588
2026-08-19 22:01:36.012,8990.47597
2026-08-19 22:01:36.443,8990.58938
2026-08-19 22:01:36.855,8989.5234
2026-08-19 22:01:37.284,8988.86678
2026-08-19 22:01:37.696,8987.91928
2026-08-19 22:01:38.110,8986.98773
2026-08-19 22:01:38.537,8986.04661
2026-08-19 22:01:38.955,8984.97028
2026-08-19 22:01:39.367,8984.15889
2026-08-19 22:01:39.800,8983.37559
2026-08-19 22:01:40.214,8982.53689
2026-08-19 22:01:40.631,8981.82072
2026-08-19 22:01:41.059,8981.17957
2026-08-19 22:01:41.472,8980.4913
2026-08-19 22:01:41.886,8979.89738
2026-08-19 22:01:42.307,8979.35569
2026-08-19 22:01:42.721,8978.70398
2026-08-19 22:01:43.161,8978.09745
2026-08-19 22:01:43.575,8977.66865
2026-08-19 22:01:44.005,8977.11838
2026-08-19 22:01:44.423,8976.56207
2026-08-19 22:01:44.837,8976.12651
2026-08-19 22:01:45.256,8975.61493
2026-08-19 22:01:45.674,8975.1141
2026-08-19 22:01:46.109,8974.69134
2026-08-19 22:01:46.524,8974.23163
2026-08-19 22:01:46.942,8973.74977
2026-08-19 22:01:47.354,8973.39599
2026-08-19 22:01:47.781,8972.95283
2026-08-19 22:01:48.236,8972.58864
2026-08-19 22:01:48.649,8972.13755
2026-08-19 22:01:49.066,8971.83862
2026-08-19 22:01:49.484,8971.37234
2026-08-19 22:01:49.897,8971.11041
2026-08-19 22:01:50.329,8970.75882
2026-08-19 22:01:50.752,8970.55047
2026-08-19 22:01:51.166,8970.21817
2026-08-19 22:01:51.580,8969.86407
2026-08-19 22:01:51.994,8969.65432
2026-08-19 22:01:52.461,8969.2783
2026-08-19 22:01:52.888,8969.06693
2026-08-19 22:01:53.301,8968.79844
2026-08-19 22:01:53.713,8968.44395
2026-08-19 22:01:54.129,8968.16987
2026-08-19 22:01:54.554,8967.96408
2026-08-19 22:01:54.966,8967.65767
2026-08-19 22:01:55.381,8967.47995
2026-08-19 22:01:55.794,8967.10202
2026-08-19 22:01:56.256,8966.89955
2026-08-19 22:01:56.686,8966.6201
2026-08-19 22:01:57.100,8966.35161
2026-08-19 22:01:57.513,8966.16485
2026-08-19 22:01:57.927,8966.02715
2026-08-19 22:01:58.341,8965.82406
2026-08-19 22:01:58.755,8965.59655
2026-08-19 22:01:59.176,8965.41928
2026-08-19 22:01:59.589,8965.2239
2026-08-19 22:02:00.004,8964.95318
2026-08-19 22:02:00.419,8964.79545
2026-08-19 22:02:00.863,8964.50781
2026-08-19 22:02:01.276,8964.33201
2026-08-19 22:02:01.692,8964.098
2026-08-19 22:02:02.106,8963.9017
2026-08-19 22:02:02.519,8963.75311
2026-08-19 22:02:02.988,8963.57166
2026-08-19 22:02:03.437,8963.39234
2026-08-19 22:02:03.864,8963.22645
2026-08-19 22:02:04.286,8962.99639
2026-08-19 22:02:04.699,8962.83732
2026-08-19 22:02:05.127,8962.68829
2026-08-19 22:02:05.549,8962.49337
2026-08-19 22:02:05.963,8962.28109
2026-08-19 22:02:06.375,8962.1355
2026-08-19 22:02:06.787,8961.91146
2026-08-19 22:02:07.213,8961.76616
2026-08-19 22:02:07.633,8961.58211
2026-08-19 22:02:08.049,8961.43436
2026-08-19 22:02:08.462,8961.18176
2026-08-19 22:02:08.886,8961.03068
2026-08-19 22:02:09.312,8960.83823
2026-08-19 22:02:09.726,8960.73844
2026-08-19 22:02:10.138,8960.40326
2026-08-19 22:02:10.553,8960.12524
2026-08-19 22:02:10.966,8959.87357
2026-08-19 22:02:11.444,8959.69702
2026-08-19 22:02:11.859,8959.57531
2026-08-19 22:02:12.287,8986.10149
2026-08-19 22:02:12.701,9067.22816
2026-08-19 22:02:13.127,9170.90186
2026-08-19 22:02:13.542,9305.28307
2026-08-19 22:02:13.970,9459.93248
2026-08-19 22:02:14.384,9633.56554
2026-08-19 22:02:14.802,9574.40978
2026-08-19 22:02:15.216,9402.78108
2026-08-19 22:02:15.636,9253.21393
2026-08-19 22:02:16.051,9128.6402
2026-08-19 22:02:16.476,9033.71506
2026-08-19 22:02:16.889,8970.36515
2026-08-19 22:02:17.310,9013.2532
2026-08-19 22:02:17.738,9101.06549
2026-08-19 22:02:18.153,9218.77888
2026-08-19 22:02:18.569,9360.44958
2026-08-19 22:02:18.984,9524.3716
2026-08-19 22:02:19.399,9704.07572
2026-08-19 22:02:19.860,9918.55865
2026-08-19 22:02:20.285,10119.4755
2026-08-19 22:02:20.705,10333.7193
2026-08-19 22:02:21.120,10552.6464
2026-08-19 22:02:21.549,10773.5659
2026-08-19 22:02:21.975,10804.4686
2026-08-19 22:02:22.389,10572.8361
2026-08-19 22:02:22.803,10354.8009
2026-08-19 22:02:23.217,10143.5174
2026-08-19 22:02:23.630,9940.92152
2026-08-19 22:02:24.064,9746.74981
2026-08-19 22:02:24.486,9555.04132
2026-08-19 22:02:24.901,9385.42978
2026-08-19 22:02:25.315,9242.6626
2026-08-19 22:02:25.747,9124.94842
2026-08-19 22:02:26.175,9038.94377
2026-08-19 22:02:26.589,8989.19544
2026-08-19 22:02:27.011,9038.91146
2026-08-19 22:02:27.439,9125.12688
2026-08-19 22:02:27.857,9243.04989
2026-08-19 22:02:28.270,9387.49271
2026-08-19 22:02:28.697,9559.03695
2026-08-19 22:02:29.116,9740.61743
2026-08-19 22:02:29.529,9936.25427
2026-08-19 22:02:29.942,10138.1772
2026-08-19 22:02:30.355,10347.1508
2026-08-19 22:02:30.816,10562.6842
2026-08-19 22:02:31.260,10808.4307
2026-08-19 22:02:31.675,10758.7404
2026-08-19 22:02:32.102,10535.0157
2026-08-19 22:02:32.516,10311.3246
2026-08-19 22:02:32.933,10101.1987
2026-08-19 22:02:33.362,9898.28966
2026-08-19 22:02:33.790,9692.60497
2026-08-19 22:02:34.207,9512.55528
2026-08-19 22:02:34.621,9350.38677
2026-08-19 22:02:35.049,9210.71472
2026-08-19 22:02:35.472,9105.13819
2026-08-19 22:02:35.900,9025.71078
2026-08-19 22:02:36.314,8996.68036
2026-08-19 22:02:36.728,9058.48351
2026-08-19 22:02:37.141,9147.27779
2026-08-19 22:02:37.584,9265.44583
2026-08-19 22:02:37.999,9423.727
2026-08-19 22:02:38.415,9593.77688
2026-08-19 22:02:38.830,9779.54346
2026-08-19 22:02:39.242,9975.53352
2026-08-19 22:02:39.719,10204.3634
2026-08-19 22:02:40.132,10422.5657
2026-08-19 22:02:40.548,10640.0514
2026-08-19 22:02:40.961,10841.9649
2026-08-19 22:02:41.375,10716.832
2026-08-19 22:02:41.804,10494.1502
2026-08-19 22:02:42.219,10270.6216
2026-08-19 22:02:42.648,10054.9276
2026-08-19 22:02:43.074,9854.82248
2026-08-19 22:02:43.487,9658.47698
2026-08-19 22:02:43.911,9481.7169
2026-08-19 22:02:44.327,9321.2519
2026-08-19 22:02:44.742,9190.86091
2026-08-19 22:02:45.161,9090.75304
2026-08-19 22:02:45.575,9017.38142
2026-08-19 22:02:45.990,8984.05589
2026-08-19 22:02:46.406,8983.95453
2026-08-19 22:02:46.831,8982.87588
2026-08-19 22:02:47.262,8981.82013
2026-08-19 22:02:47.687,8981.04385
2026-08-19 22:02:48.111,8980.00577
2026-08-19 22:02:48.525,8979.206
2026-08-19 22:02:48.954,8978.29146
2026-08-19 22:02:49.369,8977.34931
2026-08-19 22:02:49.783,8976.56482
2026-08-19 22:02:50.198,8975.7854
2026-08-19 22:02:50.612,8975.14289
2026-08-19 22:02:51.038,9001.78047
2026-08-19 22:02:51.472,9080.96508
2026-08-19 22:02:51.886,9182.58434
2026-08-19 22:02:52.301,9311.36512
2026-08-19 22:02:52.728,9465.54096
2026-08-19 22:02:53.143,9636.40684
2026-08-19 22:02:53.564,9562.16073
2026-08-19 22:02:53.977,9390.47796
2026-08-19 22:02:54.391,9243.58787
2026-08-19 22:02:54.804,9124.67999
2026-08-19 22:02:55.275,9024.66132
2026-08-19 22:02:55.703,8978.42951
2026-08-19 22:02:56.118,9036.62591
2026-08-19 22:02:56.531,9126.18985
2026-08-19 22:02:56.947,9243.41009
2026-08-19 22:02:57.374,9388.98733
2026-08-19 22:02:57.787,9560.74258
2026-08-19 22:02:58.199,9742.56901
2026-08-19 22:02:58.633,9942.69137
2026-08-19 22:02:59.047,10148.1233
2026-08-19 22:02:59.475,10357.8499
2026-08-19 22:02:59.888,10581.3512
2026-08-19 22:03:00.301,10802.1371
2026-08-19 22:03:00.723,10777.5313
2026-08-19 22:03:01.137,10548.5572
2026-08-19 22:03:01.556,10330.7207
2026-08-19 22:03:01.985,10117.7378
2026-08-19 22:03:02.398,9908.5808
2026-08-19 22:03:02.816,9715.19314
2026-08-19 22:03:03.231,9532.20545
2026-08-19 22:03:03.666,9367.69444
2026-08-19 22:03:04.090,9221.88152
2026-08-19 22:03:04.517,9110.60568
2026-08-19 22:03:04.932,9028.41413
2026-08-19 22:03:05.346,8991.99749
2026-08-19 22:03:05.769,9048.14568
2026-08-19 22:03:06.185,9136.21929
2026-08-19 22:03:06.602,9252.79825
2026-08-19 22:03:07.030,9398.80893
2026-08-19 22:03:07.445,9571.89261
2026-08-19 22:03:07.873,9755.89336
2026-08-19 22:03:08.300,9963.73416
2026-08-19 22:03:08.713,10166.7228
2026-08-19 22:03:09.126,10376.9345
2026-08-19 22:03:09.540,10593.293
2026-08-19 22:03:09.970,10813.4746
2026-08-19 22:03:10.385,10749.4926
2026-08-19 22:03:10.802,10525.5279
2026-08-19 22:03:11.229,10307.0994
2026-08-19 22:03:11.692,10090.7464
2026-08-19 22:03:12.110,9863.34171
2026-08-19 22:03:12.534,9672.45091
2026-08-19 22:03:12.952,9489.85691
2026-08-19 22:03:13.366,9329.57495
2026-08-19 22:03:13.797,9194.03817
2026-08-19 22:03:14.224,9092.31024
2026-08-19 22:03:14.639,9016.97439
2026-08-19 22:03:15.071,9002.13756
2026-08-19 22:03:15.497,9069.04424
2026-08-19 22:03:15.926,9164.28777
2026-08-19 22:03:16.339,9292.10132
2026-08-19 22:03:16.753,9443.34624
2026-08-19 22:03:17.173,9615.82958
2026-08-19 22:03:17.586,9805.1461
2026-08-19 22:03:18.002,10001.3106
2026-08-19 22:03:18.430,10209.8589
2026-08-19 22:03:18.843,10427.5526
2026-08-19 22:03:19.256,10645.2984
2026-08-19 22:03:19.683,10841.2159
2026-08-19 22:03:20.098,10699.7643
2026-08-19 22:03:20.516,10474.382
2026-08-19 22:03:20.929,10259.2714
2026-08-19 22:03:21.344,10051.5618
2026-08-19 22:03:21.757,9851.39964
2026-08-19 22:03:22.170,9661.02467
2026-08-19 22:03:22.638,9462.15603
2026-08-19 22:03:23.062,9307.27918
2026-08-19 22:03:23.476,9177.42047
2026-08-19 22:03:23.893,9081.09426
2026-08-19 22:03:24.308,9011.30533
2026-08-19 22:03:24.743,8983.60933
2026-08-19 22:03:25.157,8983.64931
2026-08-19 22:03:25.570,8982.50058
2026-08-19 22:03:25.984,8981.8544
2026-08-19 22:03:26.402,8980.8633
2026-08-19 22:03:26.826,8979.97511
2026-08-19 22:03:27.244,8979.09358
2026-08-19 22:03:27.657,8977.93848
2026-08-19 22:03:28.071,8977.07661
2026-08-19 22:03:28.486,8976.21709
2026-08-19 22:03:28.951,8975.36725
2026-08-19 22:03:29.364,8974.71895
2026-08-19 22:03:29.778,9009.48577
2026-08-19 22:03:30.198,9085.08557
2026-08-19 22:03:30.612,9187.9927
2026-08-19 22:03:31.025,9317.57978
2026-08-19 22:03:31.438,9472.40702
2026-08-19 22:03:31.870,9634.76718
2026-08-19 22:03:32.294,9544.39257
2026-08-19 22:03:32.722,9373.06869
2026-08-19 22:03:33.138,9224.48474
2026-08-19 22:03:33.554,9108.94857
2026-08-19 22:03:33.980,9022.5638
2026-08-19 22:03:34.393,8977.55328
2026-08-19 22:03:34.807,9034.10977
2026-08-19 22:03:35.222,9122.29013
2026-08-19 22:03:35.641,9238.49411
2026-08-19 22:03:36.120,9404.91586
2026-08-19 22:03:36.548,9578.62735
2026-08-19 22:03:36.965,9768.63845
2026-08-19 22:03:37.392,9965.38081
2026-08-19 22:03:37.806,10175.2173
2026-08-19 22:03:38.219,10386.3588
2026-08-19 22:03:38.650,10603.1978
2026-08-19 22:03:39.062,10825.4225
2026-08-19 22:03:39.476,10736.3084
2026-08-19 22:03:39.892,10513.1831
2026-08-19 22:03:40.306,10295.5301
2026-08-19 22:03:40.739,10079.4228
2026-08-19 22:03:41.167,9875.82143
2026-08-19 22:03:41.581,9677.38026
2026-08-19 22:03:41.995,9498.55709
2026-08-19 22:03:42.428,9336.61664
2026-08-19 22:03:42.845,9198.5756
2026-08-19 22:03:43.258,9094.41813
2026-08-19 22:03:43.671,9019.02337
2026-08-19 22:03:44.084,8992.18345
2026-08-19 22:03:44.518,9052.8001
2026-08-19 22:03:44.932,9145.47763
2026-08-19 22:03:45.360,9264.16049
2026-08-19 22:03:45.774,9416.80647
2026-08-19 22:03:46.187,9586.35044
2026-08-19 22:03:46.624,9770.82589
2026-08-19 22:03:47.050,9976.92533
2026-08-19 22:03:47.480,10187.2921
2026-08-19 22:03:47.894,10406.7208
2026-08-19 22:03:48.307,10623.8405
2026-08-19 22:03:48.728,10829.5801
2026-08-19 22:03:49.142,10712.702
2026-08-19 22:03:49.554,10490.1115
2026-08-19 22:03:49.968,10274.5441
2026-08-19 22:03:50.430,10066.1268
2026-08-19 22:03:50.848,9840.17622
2026-08-19 22:03:51.261,9650.30338
2026-08-19 22:03:51.689,9473.79001
2026-08-19 22:03:52.105,9312.14763
2026-08-19 22:03:52.531,9182.80261
2026-08-19 22:03:52.948,9081.03241
2026-08-19 22:03:53.363,9010.48193
2026-08-19 22:03:53.790,9000.10177
2026-08-19 22:03:54.203,9068.78639
2026-08-19 22:03:54.632,9164.67552
2026-08-19 22:03:55.049,9288.65901
2026-08-19 22:03:55.478,9447.32439
2026-08-19 22:03:55.892,9620.32616
2026-08-19 22:03:56.308,9807.8221
2026-08-19 22:03:56.722,10005.3453
2026-08-19 22:03:57.154,10210.1469
2026-08-19 22:03:57.579,10432.0547
2026-08-19 22:03:57.999,10656.6235
2026-08-19 22:03:58.413,10838.8099
2026-08-19 22:03:58.838,10679.051
2026-08-19 22:03:59.259,10451.4545
2026-08-19 22:03:59.685,10233.0038
2026-08-19 22:04:00.098,10019.6694
2026-08-19 22:04:00.511,9821.25716
2026-08-19 22:04:00.945,9626.02495
2026-08-19 22:04:01.362,9449.09314
2026-08-19 22:04:01.776,9294.32681
2026-08-19 22:04:02.194,9169.67134
2026-08-19 22:04:02.607,9073.67999
2026-08-19 22:04:03.021,9005.94287
2026-08-19 22:04:03.488,8980.16295
2026-08-19 22:04:03.903,8979.9106
2026-08-19 22:04:04.338,8978.78591
2026-08-19 22:04:04.765,8977.88159
2026-08-19 22:04:05.183,8976.91061
2026-08-19 22:04:05.597,8976.02539
2026-08-19 22:04:06.015,8975.0336
2026-08-19 22:04:06.433,8974.16522
2026-08-19 22:04:06.847,8973.26394
2026-08-19 22:04:07.261,8972.53236
2026-08-19 22:04:07.676,8971.74367
2026-08-19 22:04:08.104,8971.11011
2026-08-19 22:04:08.519,9011.04891
2026-08-19 22:04:08.947,9088.17982
2026-08-19 22:04:09.362,9194.98369
2026-08-19 22:04:09.785,9327.49197
2026-08-19 22:04:10.216,9490.10259
2026-08-19 22:04:10.632,9638.30341
2026-08-19 22:04:11.051,9514.42625
2026-08-19 22:04:11.465,9347.88257
2026-08-19 22:04:11.886,9207.2192
2026-08-19 22:04:12.302,9094.01759
2026-08-19 22:04:12.716,9010.7228
2026-08-19 22:04:13.133,8974.14578
2026-08-19 22:04:13.560,9035.08739
2026-08-19 22:04:13.983,9127.66818
2026-08-19 22:04:14.404,9249.66251
2026-08-19 22:04:14.817,9399.02772
2026-08-19 22:04:15.231,9566.78035
2026-08-19 22:04:15.645,9749.93751
2026-08-19 22:04:16.058,9943.87452
2026-08-19 22:04:16.474,10145.9828
2026-08-19 22:04:16.914,10356.2707
2026-08-19 22:04:17.329,10586.6799
2026-08-19 22:04:17.747,10805.8469
2026-08-19 22:04:18.173,10741.576
2026-08-19 22:04:18.586,10512.3617
2026-08-19 22:04:19.026,10295.9908
2026-08-19 22:04:19.448,10074.1077
2026-08-19 22:04:19.861,9869.15935
2026-08-19 22:04:20.287,9677.75093
2026-08-19 22:04:20.700,9493.3317
2026-08-19 22:04:21.122,9333.34629
2026-08-19 22:04:21.536,9196.94868
2026-08-19 22:04:21.951,9092.96301
2026-08-19 22:04:22.375,9016.58178
2026-08-19 22:04:22.789,8987.30211
2026-08-19 22:04:23.220,9047.17631
2026-08-19 22:04:23.647,9138.16979
2026-08-19 22:04:24.060,9260.29719
2026-08-19 22:04:24.473,9407.23626
2026-08-19 22:04:24.887,9575.82556
2026-08-19 22:04:25.332,9766.38941
2026-08-19 22:04:25.753,9969.17686
2026-08-19 22:04:26.168,10177.0091
2026-08-19 22:04:26.584,10388.0672
2026-08-19 22:04:26.999,10605.8915
2026-08-19 22:04:27.432,10816.1431
2026-08-19 22:04:27.857,10704.8751
2026-08-19 22:04:28.270,10477.2128
2026-08-19 22:04:28.683,10261.7359
2026-08-19 22:04:29.117,10047.529
2026-08-19 22:04:29.546,9844.42387
2026-08-19 22:04:29.962,9647.46285
2026-08-19 22:04:30.388,9469.42856
2026-08-19 22:04:30.815,9307.95389
2026-08-19 22:04:31.229,9175.50274
2026-08-19 22:04:31.644,9077.49733
2026-08-19 22:04:32.059,9006.58001
2026-08-19 22:04:32.488,8994.71623
2026-08-19 22:04:32.900,9060.66936
2026-08-19 22:04:33.313,9151.12789
2026-08-19 22:04:33.735,9271.96682
2026-08-19 22:04:34.148,9424.47746
2026-08-19 22:04:34.579,9594.84312
2026-08-19 22:04:34.992,9787.97962
2026-08-19 22:04:35.425,9990.78082
2026-08-19 22:04:35.839,10197.4517
2026-08-19 22:04:36.266,10416.1268
2026-08-19 22:04:36.685,10633.671
2026-08-19 22:04:37.099,10825.1909
2026-08-19 22:04:37.515,10679.0882
2026-08-19 22:04:37.945,10456.2979
2026-08-19 22:04:38.358,10233.4466
2026-08-19 22:04:38.794,10026.6814
2026-08-19 22:04:39.208,9816.86561
2026-08-19 22:04:39.622,9628.21158
2026-08-19 22:04:40.048,9452.47875
2026-08-19 22:04:40.461,9293.78503
2026-08-19 22:04:40.899,9168.21922
2026-08-19 22:04:41.313,9067.37218
2026-08-19 22:04:41.740,8999.83378
2026-08-19 22:04:42.157,8973.98136
2026-08-19 22:04:42.571,8974.03271
2026-08-19 22:04:42.996,8973.02435
2026-08-19 22:04:43.409,8972.10296
2026-08-19 22:04:43.822,8971.15199
2026-08-19 22:04:44.235,8970.27339
2026-08-19 22:04:44.650,8969.31664
2026-08-19 22:04:45.076,8968.24451
2026-08-19 22:04:45.572,8967.18791
2026-08-19 22:04:45.998,8966.34542
2026-08-19 22:04:46.412,8965.48597
2026-08-19 22:04:46.844,8966.01641
2026-08-19 22:04:47.257,9009.96964
2026-08-19 22:04:47.670,9087.81448
2026-08-19 22:04:48.084,9192.00498
2026-08-19 22:04:48.498,9324.73285
2026-08-19 22:04:48.913,9482.1639
2026-08-19 22:04:49.341,9628.69242
2026-08-19 22:04:49.758,9505.68252
2026-08-19 22:04:50.174,9340.43743
2026-08-19 22:04:50.602,9199.52257
2026-08-19 22:04:51.017,9085.04119
2026-08-19 22:04:51.442,9003.01001
2026-08-19 22:04:51.855,8968.90996
2026-08-19 22:04:52.276,9031.32586
2026-08-19 22:04:52.690,9123.07171
2026-08-19 22:04:53.104,9242.02208
2026-08-19 22:04:53.543,9388.40535
2026-08-19 22:04:53.956,9565.9813
2026-08-19 22:04:54.370,9749.18346
2026-08-19 22:04:54.793,9943.05385
2026-08-19 22:04:55.220,10150.0086
2026-08-19 22:04:55.644,10366.6413
2026-08-19 22:04:56.058,10588.3062
2026-08-19 22:04:56.482,10801.6513
2026-08-19 22:04:56.895,10710.4946
2026-08-19 22:04:57.325,10481.094
2026-08-19 22:04:57.754,10265.7531
2026-08-19 22:04:58.166,10049.8086
2026-08-19 22:04:58.578,9850.74741
2026-08-19 22:04:59.006,9660.39324
2026-08-19 22:04:59.419,9476.54168
2026-08-19 22:04:59.859,9318.29638
2026-08-19 22:05:00.279,9178.7577
2026-08-19 22:05:00.692,9076.45539
2026-08-19 22:05:01.107,9003.48569
2026-08-19 22:05:01.519,8982.96513
2026-08-19 22:05:01.996,9055.33927
2026-08-19 22:05:02.410,9149.78443
2026-08-19 22:05:02.828,9272.90755
2026-08-19 22:05:03.242,9425.05965
2026-08-19 22:05:03.670,9596.3146
2026-08-19 22:05:04.099,9789.15768
2026-08-19 22:05:04.515,9991.95154
2026-08-19 22:05:04.929,10197.2071
2026-08-19 22:05:05.343,10408.3517
2026-08-19 22:05:05.756,10624.9189
2026-08-19 22:05:06.170,10815.1004
2026-08-19 22:05:06.597,10672.1714
2026-08-19 22:05:07.025,10444.3263
2026-08-19 22:05:07.445,10222.4133
2026-08-19 22:05:07.858,10012.8857
2026-08-19 22:05:08.272,9814.9269
2026-08-19 22:05:08.685,9626.57625
2026-08-19 22:05:09.112,9451.0542
2026-08-19 22:05:09.603,9267.1651
2026-08-19 22:05:10.018,9144.26969
2026-08-19 22:05:10.432,9052.56231
2026-08-19 22:05:10.846,8987.42232
2026-08-19 22:05:11.281,8996.91409
2026-08-19 22:05:11.694,9070.1297
2026-08-19 22:05:12.107,9166.66295
2026-08-19 22:05:12.524,9293.70786
2026-08-19 22:05:12.936,9448.97466
2026-08-19 22:05:13.413,9643.78465
2026-08-19 22:05:13.826,9838.54389
2026-08-19 22:05:14.250,10036.2687
2026-08-19 22:05:14.664,10247.0831
2026-08-19 22:05:15.084,10460.1839
2026-08-19 22:05:15.504,10684.6141
2026-08-19 22:05:15.931,10806.5635
2026-08-19 22:05:16.349,10596.3615
2026-08-19 22:05:16.776,10375.4616
2026-08-19 22:05:17.191,10156.5108
2026-08-19 22:05:17.610,9951.99106
2026-08-19 22:05:18.023,9754.23225
2026-08-19 22:05:18.436,9568.83981
2026-08-19 22:05:18.851,9398.89847
2026-08-19 22:05:19.265,9251.41824
2026-08-19 22:05:19.678,9133.43135
2026-08-19 22:05:20.153,9035.82657
2026-08-19 22:05:20.616,8977.20581
2026-08-19 22:05:21.031,8967.09508
2026-08-19 22:05:21.458,8966.41847
2026-08-19 22:05:21.873,8965.47179
2026-08-19 22:05:22.286,8964.49158
2026-08-19 22:05:22.700,8963.47348
2026-08-19 22:05:23.113,8962.69877
2026-08-19 22:05:23.536,8961.7151
2026-08-19 22:05:23.949,8960.73096
2026-08-19 22:05:24.366,8959.94269
2026-08-19 22:05:24.781,8959.18577
2026-08-19 22:05:25.211,8958.46315
2026-08-19 22:05:25.624,8962.63631
2026-08-19 22:05:26.042,9015.62004
2026-08-19 22:05:26.456,9098.6523
2026-08-19 22:05:26.870,9208.31661
2026-08-19 22:05:27.284,9345.87447
2026-08-19 22:05:27.698,9506.57396
2026-08-19 22:05:28.173,9610.10176
2026-08-19 22:05:28.589,9441.12457
2026-08-19 22:05:29.004,9283.73504
2026-08-19 22:05:29.430,9152.75842
2026-08-19 22:05:29.843,9048.77486
2026-08-19 22:05:30.262,8975.92315
2026-08-19 22:05:30.675,8974.58985
2026-08-19 22:05:31.102,9047.37982
2026-08-19 22:05:31.514,9148.10249
2026-08-19 22:05:31.942,9279.68156
2026-08-19 22:05:32.364,9432.78548
2026-08-19 22:05:32.786,9609.19286
2026-08-19 22:05:33.200,9799.12883
2026-08-19 22:05:33.614,9995.08181
2026-08-19 22:05:34.027,10199.4196
2026-08-19 22:05:34.493,10437.387
2026-08-19 22:05:34.906,10654.8689
2026-08-19 22:05:35.321,10808.0648
2026-08-19 22:05:35.734,10624.3504
2026-08-19 22:05:36.149,10405.3146
2026-08-19 22:05:36.575,10191.7463
2026-08-19 22:05:36.997,9980.83474
2026-08-19 22:05:37.412,9779.85904
2026-08-19 22:05:37.826,9592.5603
2026-08-19 22:05:38.239,9420.18196
2026-08-19 22:05:38.715,9251.57146
2026-08-19 22:05:39.129,9129.69011
2026-08-19 22:05:39.542,9039.81172
2026-08-19 22:05:39.971,8975.53641
2026-08-19 22:05:40.398,8997.10021
2026-08-19 22:05:40.812,9072.55084
2026-08-19 22:05:41.225,9172.5361
2026-08-19 22:05:41.639,9302.94026
2026-08-19 22:05:42.053,9459.36561
2026-08-19 22:05:42.467,9634.54505
2026-08-19 22:05:42.900,9822.33807
2026-08-19 22:05:43.315,10029.8569
2026-08-19 22:05:43.728,10234.9721
2026-08-19 22:05:44.157,10446.9745
2026-08-19 22:05:44.571,10672.9444
2026-08-19 22:05:45.002,10796.9755
2026-08-19 22:05:45.420,10586.374
2026-08-19 22:05:45.834,10365.7855
2026-08-19 22:05:46.252,10154.452
2026-08-19 22:05:46.668,9948.42818
2026-08-19 22:05:47.144,9729.98628
2026-08-19 22:05:47.557,9540.22925
2026-08-19 22:05:47.969,9373.32794
2026-08-19 22:05:48.383,9230.21283
2026-08-19 22:05:48.803,9115.90495
2026-08-19 22:05:49.218,9029.61088
2026-08-19 22:05:49.632,8973.6937
2026-08-19 22:05:50.048,9004.85361
2026-08-19 22:05:50.463,9079.56681
2026-08-19 22:05:50.876,9181.66982
2026-08-19 22:05:51.342,9332.63382
2026-08-19 22:05:51.765,9493.05735
2026-08-19 22:05:52.193,9675.51014
2026-08-19 22:05:52.607,9872.64401
2026-08-19 22:05:53.020,10071.8328
2026-08-19 22:05:53.438,10280.9588
2026-08-19 22:05:53.851,10494.3584
2026-08-19 22:05:54.275,10712.6117
2026-08-19 22:05:54.688,10771.7713
2026-08-19 22:05:55.101,10551.3162
2026-08-19 22:05:55.536,10334.4331
2026-08-19 22:05:55.950,10112.8113
2026-08-19 22:05:56.369,9910.71684
2026-08-19 22:05:56.797,9714.24453
2026-08-19 22:05:57.215,9525.44143
2026-08-19 22:05:57.652,9358.20477
2026-08-19 22:05:58.066,9210.32979
2026-08-19 22:05:58.479,9100.88871
2026-08-19 22:05:58.894,9020.33878
2026-08-19 22:05:59.307,8968.19616
2026-08-19 22:05:59.720,8961.88335
2026-08-19 22:06:00.185,8961.04078
2026-08-19 22:06:00.612,8960.02779
2026-08-19 22:06:01.027,8959.26036
2026-08-19 22:06:01.440,8958.38029
2026-08-19 22:06:01.865,8957.62496
2026-08-19 22:06:02.278,8956.48563
2026-08-19 22:06:02.691,8955.64989
2026-08-19 22:06:03.107,8954.68391
2026-08-19 22:06:03.537,8954.00551
2026-08-19 22:06:03.951,8953.17155
2026-08-19 22:06:04.366,8961.11659
2026-08-19 22:06:04.786,9019.74872
2026-08-19 22:06:05.217,9110.06227
2026-08-19 22:06:05.635,9224.20323
2026-08-19 22:06:06.062,9367.77818
2026-08-19 22:06:06.476,9537.22533
2026-08-19 22:06:06.891,9593.72514
2026-08-19 22:06:07.306,9423.2378
2026-08-19 22:06:07.720,9268.1744
2026-08-19 22:06:08.133,9139.63046
2026-08-19 22:06:08.548,9040.78275
2026-08-19 22:06:09.025,8961.88164
2026-08-19 22:06:09.439,8981.65066
2026-08-19 22:06:09.858,9057.9095
2026-08-19 22:06:10.272,9161.49871
2026-08-19 22:06:10.690,9292.85364
2026-08-19 22:06:11.107,9450.57194
2026-08-19 22:06:11.526,9626.37684
2026-08-19 22:06:11.940,9816.29307
2026-08-19 22:06:12.354,10013.4252
2026-08-19 22:06:12.767,10218.1832
2026-08-19 22:06:13.246,10456.9245
2026-08-19 22:06:13.661,10680.6703
2026-08-19 22:06:14.088,10783.909
2026-08-19 22:06:14.503,10571.5897
2026-08-19 22:06:14.918,10353.408
2026-08-19 22:06:15.341,10141.9337
2026-08-19 22:06:15.754,9934.10445
2026-08-19 22:06:16.183,9733.05808
2026-08-19 22:06:16.599,9549.09953
2026-08-19 22:06:17.014,9379.45227
2026-08-19 22:06:17.444,9233.94046
2026-08-19 22:06:17.856,9113.69166
2026-08-19 22:06:18.281,9027.40601
2026-08-19 22:06:18.694,8968.50852
2026-08-19 22:06:19.107,8998.12174
2026-08-19 22:06:19.520,9072.2777
2026-08-19 22:06:19.985,9173.55895
2026-08-19 22:06:20.401,9323.4449
2026-08-19 22:06:20.829,9483.64554
2026-08-19 22:06:21.244,9667.59184
2026-08-19 22:06:21.672,9865.02705
2026-08-19 22:06:22.091,10066.8073
2026-08-19 22:06:22.504,10273.5816
2026-08-19 22:06:22.919,10486.311
2026-08-19 22:06:23.337,10707.752
2026-08-19 22:06:23.751,10768.6403
2026-08-19 22:06:24.163,10549.1494
2026-08-19 22:06:24.578,10332.4498
2026-08-19 22:06:25.048,10121.613
2026-08-19 22:06:25.476,9889.84775
2026-08-19 22:06:25.890,9693.02329
2026-08-19 22:06:26.303,9511.92168
2026-08-19 22:06:26.716,9347.98958
2026-08-19 22:06:27.129,9208.72708
2026-08-19 22:06:27.570,9095.5659
2026-08-19 22:06:27.985,9013.19088
2026-08-19 22:06:28.410,8968.06826
2026-08-19 22:06:28.823,9014.50195
2026-08-19 22:06:29.240,9093.46978
2026-08-19 22:06:29.706,9217.85397
2026-08-19 22:06:30.126,9358.82867
2026-08-19 22:06:30.539,9526.29927
2026-08-19 22:06:30.953,9706.80078
2026-08-19 22:06:31.419,9898.88094
2026-08-19 22:06:31.853,10127.9402
2026-08-19 22:06:32.266,10344.6721
2026-08-19 22:06:32.692,10559.436
2026-08-19 22:06:33.106,10778.1091
2026-08-19 22:06:33.519,10693.2217
2026-08-19 22:06:33.938,10472.3508
2026-08-19 22:06:34.363,10254.5588
2026-08-19 22:06:34.780,10041.3207
2026-08-19 22:06:35.194,9840.4326
2026-08-19 22:06:35.623,9643.89212
2026-08-19 22:06:36.038,9465.91489
2026-08-19 22:06:36.458,9307.39643
2026-08-19 22:06:36.935,9159.22371
2026-08-19 22:06:37.351,9059.76564
2026-08-19 22:06:37.779,8990.17967
2026-08-19 22:06:38.193,8958.5391
2026-08-19 22:06:38.621,8958.68159
2026-08-19 22:06:39.040,8957.64021
2026-08-19 22:06:39.470,8957.03774
2026-08-19 22:06:39.884,8956.04383
2026-08-19 22:06:40.298,8955.28675
2026-08-19 22:06:40.732,8954.23289
2026-08-19 22:06:41.147,8953.33587
2026-08-19 22:06:41.624,8952.37373
2026-08-19 22:06:42.043,8951.65309
2026-08-19 22:06:42.457,8950.83028
2026-08-19 22:06:42.871,8950.29679
2026-08-19 22:06:43.287,8985.53894
2026-08-19 22:06:43.701,9060.09059
2026-08-19 22:06:44.178,9177.04487
2026-08-19 22:06:44.594,9309.49656
2026-08-19 22:06:45.008,9466.75976
2026-08-19 22:06:45.435,9607.54124
2026-08-19 22:06:45.903,9478.88055
2026-08-19 22:06:46.321,9295.55745
2026-08-19 22:06:46.736,9161.2844
2026-08-19 22:06:47.150,9056.29235
2026-08-19 22:06:47.563,8979.07
2026-08-19 22:06:47.978,8957.76474
2026-08-19 22:06:48.438,9033.78406
2026-08-19 22:06:48.852,9128.41311
2026-08-19 22:06:49.278,9255.99105
2026-08-19 22:06:49.691,9406.31782
2026-08-19 22:06:50.104,9576.55759
2026-08-19 22:06:50.518,9760.2628
2026-08-19 22:06:50.940,9954.67905
2026-08-19 22:06:51.376,10161.3903
2026-08-19 22:06:51.789,10382.2895
2026-08-19 22:06:52.204,10598.2621
2026-08-19 22:06:52.619,10790.717
2026-08-19 22:06:53.045,10653.5408
2026-08-19 22:06:53.458,10426.8531
2026-08-19 22:06:53.885,10213.7539
2026-08-19 22:06:54.318,10001.4052
2026-08-19 22:06:54.732,9794.78797
2026-08-19 22:06:55.161,9606.77181
2026-08-19 22:06:55.576,9426.86691
2026-08-19 22:06:56.007,9268.88325
2026-08-19 22:06:56.421,9143.23933
2026-08-19 22:06:56.847,9048.52608
2026-08-19 22:06:57.264,8978.2388
2026-08-19 22:06:57.680,8977.55889
2026-08-19 22:06:58.093,9045.18491
2026-08-19 22:06:58.508,9137.60392
2026-08-19 22:06:58.922,9260.52724
2026-08-19 22:06:59.334,9410.7384
2026-08-19 22:06:59.762,9581.07859
2026-08-19 22:07:00.176,9772.09097
2026-08-19 22:07:00.591,9967.49302
2026-08-19 22:07:01.070,10197.8368
2026-08-19 22:07:01.488,10415.134
2026-08-19 22:07:01.902,10634.2432
2026-08-19 22:07:02.329,10791.4603
2026-08-19 22:07:02.757,10605.61
2026-08-19 22:07:03.174,10379.8807
2026-08-19 22:07:03.589,10166.1306
2026-08-19 22:07:04.002,9961.79429
2026-08-19 22:07:04.430,9765.90061
2026-08-19 22:07:04.858,9573.9813
2026-08-19 22:07:05.271,9397.00233
2026-08-19 22:07:05.685,9248.97495
2026-08-19 22:07:06.132,9129.42
2026-08-19 22:07:06.548,9033.1562
2026-08-19 22:07:06.962,8971.50481
2026-08-19 22:07:07.389,8990.4032
2026-08-19 22:07:07.803,9063.59199
2026-08-19 22:07:08.236,9161.50238
2026-08-19 22:07:08.649,9296.749
2026-08-19 22:07:09.063,9452.74459
2026-08-19 22:07:09.477,9627.59783
2026-08-19 22:07:09.904,9815.96728
2026-08-19 22:07:10.406,10019.2259
2026-08-19 22:07:10.823,10269.4924
2026-08-19 22:07:11.250,10483.7503
2026-08-19 22:07:11.664,10709.4029
2026-08-19 22:07:12.082,10760.7342
2026-08-19 22:07:12.496,10537.5422
2026-08-19 22:07:12.912,10320.829
2026-08-19 22:07:13.338,10109.9586
2026-08-19 22:07:13.757,9902.0872
2026-08-19 22:07:14.172,9706.17792
2026-08-19 22:07:14.601,9523.32113
2026-08-19 22:07:15.017,9351.86078
2026-08-19 22:07:15.431,9210.60789
2026-08-19 22:07:15.844,9100.39604
2026-08-19 22:07:16.286,9018.49344
2026-08-19 22:07:16.700,8962.92928
2026-08-19 22:07:17.113,8957.01518
2026-08-19 22:07:17.540,8956.3945
2026-08-19 22:07:17.957,8955.56675
2026-08-19 22:07:18.377,8954.64108
2026-08-19 22:07:18.871,8953.68963
2026-08-19 22:07:19.291,8952.76874
2026-08-19 22:07:19.768,8951.80786
2026-08-19 22:07:20.181,8950.79016
2026-08-19 22:07:20.615,8949.96258
2026-08-19 22:07:21.030,8949.14584
2026-08-19 22:07:21.445,8948.51778
2026-08-19 22:07:21.859,8966.30845
2026-08-19 22:07:22.271,9032.97234
2026-08-19 22:07:22.688,9123.76399
2026-08-19 22:07:23.101,9243.67285
2026-08-19 22:07:23.516,9389.16554
2026-08-19 22:07:23.932,9556.34382
2026-08-19 22:07:24.345,9561.39153
2026-08-19 22:07:24.767,9390.07454
2026-08-19 22:07:25.262,9210.12031
2026-08-19 22:07:25.677,9093.4162
2026-08-19 22:07:26.091,9005.46354
2026-08-19 22:07:26.558,8949.83313
2026-08-19 22:07:26.972,9000.6813
2026-08-19 22:07:27.401,9084.9951
2026-08-19 22:07:27.814,9201.35419
2026-08-19 22:07:28.229,9341.70988
2026-08-19 22:07:28.645,9505.21582
2026-08-19 22:07:29.089,9685.34798
2026-08-19 22:07:29.502,9890.33985
2026-08-19 22:07:29.917,10090.0194
2026-08-19 22:07:30.344,10297.9984
2026-08-19 22:07:30.770,10518.934
2026-08-19 22:07:31.200,10746.8627
2026-08-19 22:07:31.614,10714.5054
2026-08-19 22:07:32.042,10485.7757
2026-08-19 22:07:32.455,10270.6492
2026-08-19 22:07:32.868,10062.6859
2026-08-19 22:07:33.281,9863.04458
2026-08-19 22:07:33.697,9671.68209
2026-08-19 22:07:34.117,9491.40189
2026-08-19 22:07:34.531,9326.98406
2026-08-19 22:07:34.954,9190.41354
2026-08-19 22:07:35.370,9081.58999
2026-08-19 22:07:35.797,9002.9779
2026-08-19 22:07:36.212,8963.06925
2026-08-19 22:07:36.651,9017.32671
2026-08-19 22:07:37.071,9103.71217
2026-08-19 22:07:37.494,9216.64516
2026-08-19 22:07:37.908,9362.12009
2026-08-19 22:07:38.334,9527.32018
2026-08-19 22:07:38.747,9714.00339
2026-08-19 22:07:39.168,9906.37419
2026-08-19 22:07:39.633,10136.7289
2026-08-19 22:07:40.048,10345.3656
2026-08-19 22:07:40.475,10561.0203
2026-08-19 22:07:40.890,10777.1663
2026-08-19 22:07:41.306,10680.9495
2026-08-19 22:07:41.720,10459.2104
2026-08-19 22:07:42.139,10244.5042
2026-08-19 22:07:42.566,10035.1442
2026-08-19 22:07:42.979,9830.03759
2026-08-19 22:07:43.400,9640.32514
2026-08-19 22:07:43.827,9460.24701
2026-08-19 22:07:44.243,9297.38886
2026-08-19 22:07:44.658,9166.4923
2026-08-19 22:07:45.086,9065.99243
2026-08-19 22:07:45.500,8991.25195
2026-08-19 22:07:45.927,8967.9056
2026-08-19 22:07:46.353,9029.26413
2026-08-19 22:07:46.767,9118.26134
2026-08-19 22:07:47.200,9239.3443
2026-08-19 22:07:47.619,9387.57677
2026-08-19 22:07:48.050,9563.19545
2026-08-19 22:07:48.478,9748.89899
2026-08-19 22:07:48.895,9950.0369
2026-08-19 22:07:49.308,10154.4154
2026-08-19 22:07:49.736,10364.1571
2026-08-19 22:07:50.149,10586.4525
2026-08-19 22:07:50.577,10784.9917
2026-08-19 22:07:50.991,10647.2737
2026-08-19 22:07:51.403,10427.3224
2026-08-19 22:07:51.816,10214.1298
2026-08-19 22:07:52.261,10001.089
2026-08-19 22:07:52.702,9789.54622
2026-08-19 22:07:53.116,9596.07832
2026-08-19 22:07:53.543,9416.7529
2026-08-19 22:07:53.961,9263.49637
2026-08-19 22:07:54.407,9140.51912
2026-08-19 22:07:54.832,9041.44298
2026-08-19 22:07:55.246,8975.4432
2026-08-19 22:07:55.659,8954.71966
2026-08-19 22:07:56.076,8954.7741
2026-08-19 22:07:56.557,8953.63085
2026-08-19 22:07:56.975,8952.89405
2026-08-19 22:07:57.388,8952.05187
2026-08-19 22:07:57.803,8951.17726
2026-08-19 22:07:58.216,8950.1274
2026-08-19 22:07:58.630,8949.17573
2026-08-19 22:07:59.044,8948.48448
2026-08-19 22:07:59.476,8947.61237
2026-08-19 22:07:59.897,8946.90176
2026-08-19 22:08:00.324,8946.96767
2026-08-19 22:08:00.741,8989.38973
2026-08-19 22:08:01.154,9066.52478
2026-08-19 22:08:01.594,9172.70565
2026-08-19 22:08:02.021,9308.52284
2026-08-19 22:08:02.434,9470.80756
2026-08-19 22:08:02.857,9601.67502
2026-08-19 22:08:03.272,9464.50319
2026-08-19 22:08:03.709,9303.32964
2026-08-19 22:08:04.131,9160.35237
2026-08-19 22:08:04.547,9052.94383
2026-08-19 22:08:04.973,8975.59523
2026-08-19 22:08:05.390,8954.39305
2026-08-19 22:08:05.835,9021.83984
2026-08-19 22:08:06.250,9122.01535
2026-08-19 22:08:06.664,9245.09826
2026-08-19 22:08:07.078,9394.40115
2026-08-19 22:08:07.493,9564.00968
2026-08-19 22:08:07.905,9747.64881
2026-08-19 22:08:08.335,9948.24793
2026-08-19 22:08:08.769,10157.7211
2026-08-19 22:08:09.183,10370.91
2026-08-19 22:08:09.609,10586.3343
2026-08-19 22:08:10.021,10784.2523
2026-08-19 22:08:10.435,10647.6079
2026-08-19 22:08:10.847,10427.9394
2026-08-19 22:08:11.313,10188.1773
2026-08-19 22:08:11.735,9983.54114
2026-08-19 22:08:12.147,9782.96535
2026-08-19 22:08:12.576,9596.25717
2026-08-19 22:08:12.989,9417.056
2026-08-19 22:08:13.402,9265.40092
2026-08-19 22:08:13.828,9141.07636
2026-08-19 22:08:14.242,9043.7586
2026-08-19 22:08:14.677,8974.34994
2026-08-19 22:08:15.093,8975.26101
2026-08-19 22:08:15.510,9043.62722
2026-08-19 22:08:15.923,9137.1378
2026-08-19 22:08:16.348,9260.24595
2026-08-19 22:08:16.776,9415.56632
2026-08-19 22:08:17.212,9599.33143
2026-08-19 22:08:17.629,9789.05225
2026-08-19 22:08:18.056,9986.61639
2026-08-19 22:08:18.474,10197.0102
2026-08-19 22:08:18.900,10410.4067
2026-08-19 22:08:19.314,10633.3291
2026-08-19 22:08:19.727,10785.4831
2026-08-19 22:08:20.140,10602.5585
2026-08-19 22:08:20.555,10384.4557
2026-08-19 22:08:20.968,10172.2447
2026-08-19 22:08:21.383,9967.82568
2026-08-19 22:08:21.797,9770.80927
2026-08-19 22:08:22.210,9584.38013
2026-08-19 22:08:22.626,9412.16954
2026-08-19 22:08:23.092,9243.20759
2026-08-19 22:08:23.506,9124.19747
2026-08-19 22:08:23.918,9034.85241
2026-08-19 22:08:24.338,8971.83016
2026-08-19 22:08:24.751,8983.57174
2026-08-19 22:08:25.165,9052.32591
2026-08-19 22:08:25.645,9161.39406
2026-08-19 22:08:26.059,9294.94397
2026-08-19 22:08:26.472,9450.82322
2026-08-19 22:08:26.899,9625.41514
2026-08-19 22:08:27.317,9819.81727
2026-08-19 22:08:27.740,10019.0994
2026-08-19 22:08:28.158,10229.0283
2026-08-19 22:08:28.575,10442.9458
2026-08-19 22:08:28.988,10662.1584
2026-08-19 22:08:29.401,10782.9492
2026-08-19 22:08:29.864,10555.5225
2026-08-19 22:08:30.292,10338.0531
2026-08-19 22:08:30.705,10120.8505
2026-08-19 22:08:31.124,9918.52387
2026-08-19 22:08:31.552,9721.20935
2026-08-19 22:08:31.966,9531.58499
2026-08-19 22:08:32.380,9364.82262
2026-08-19 22:08:32.809,9216.72327
2026-08-19 22:08:33.223,9104.12997
2026-08-19 22:08:33.635,9020.70735
2026-08-19 22:08:34.049,8964.34726
2026-08-19 22:08:34.469,8954.1011
2026-08-19 22:08:34.888,8953.58646
2026-08-19 22:08:35.316,8952.6255
2026-08-19 22:08:35.747,8951.99389
2026-08-19 22:08:36.175,8951.01844
2026-08-19 22:08:36.594,8950.19184
2026-08-19 22:08:37.010,8949.28656
2026-08-19 22:08:37.423,8948.40539
2026-08-19 22:08:37.837,8947.66519
2026-08-19 22:08:38.264,8946.93584
2026-08-19 22:08:38.692,8946.19411
2026-08-19 22:08:39.107,8949.80101
2026-08-19 22:08:39.521,9001.59848
2026-08-19 22:08:39.939,9082.06868
2026-08-19 22:08:40.364,9190.72989
2026-08-19 22:08:40.779,9330.88911
2026-08-19 22:08:41.212,9499.02025
2026-08-19 22:08:41.661,9592.00017
2026-08-19 22:08:42.079,9422.56486
2026-08-19 22:08:42.493,9265.4428
2026-08-19 22:08:42.921,9136.43334
2026-08-19 22:08:43.335,9033.97037
2026-08-19 22:08:43.781,8960.44851
2026-08-19 22:08:44.201,8967.56074
2026-08-19 22:08:44.624,9042.09406
2026-08-19 22:08:45.039,9143.51142
2026-08-19 22:08:45.452,9271.85675
2026-08-19 22:08:45.864,9424.96791
2026-08-19 22:08:46.278,9597.5222
2026-08-19 22:08:46.723,9783.11039
2026-08-19 22:08:47.149,9993.74324
2026-08-19 22:08:47.570,10204.3155
2026-08-19 22:08:47.989,10418.626
2026-08-19 22:08:48.406,10638.3672
2026-08-19 22:08:48.819,10785.812
2026-08-19 22:08:49.233,10598.103
2026-08-19 22:08:49.652,10380.1358
2026-08-19 22:08:50.067,10165.2613
2026-08-19 22:08:50.481,9960.76267
2026-08-19 22:08:50.895,9764.64834
2026-08-19 22:08:51.323,9572.74943
2026-08-19 22:08:51.754,9395.6599
2026-08-19 22:08:52.181,9246.04803
2026-08-19 22:08:52.594,9122.46225
2026-08-19 22:08:53.009,9032.5519
2026-08-19 22:08:53.440,8968.84701
2026-08-19 22:08:53.853,8984.32848
2026-08-19 22:08:54.267,9054.89556
2026-08-19 22:08:54.680,9151.4422
2026-08-19 22:08:55.105,9278.22522
2026-08-19 22:08:55.572,9457.83069
2026-08-19 22:08:56.001,9633.63819
2026-08-19 22:08:56.414,9828.67547
2026-08-19 22:08:56.842,10026.3427
2026-08-19 22:08:57.258,10238.7507
2026-08-19 22:08:57.689,10452.0535
2026-08-19 22:08:58.104,10679.3653
2026-08-19 22:08:58.530,10770.0477
2026-08-19 22:08:58.943,10550.5071
2026-08-19 22:08:59.356,10333.7979
2026-08-19 22:08:59.769,10123.7781
2026-08-19 22:09:00.184,9921.99566
2026-08-19 22:09:00.598,9726.33966
2026-08-19 22:09:01.019,9542.91409
2026-08-19 22:09:01.452,9371.56104
2026-08-19 22:09:01.872,9221.03663
2026-08-19 22:09:02.286,9105.92246
2026-08-19 22:09:02.701,9021.58549
2026-08-19 22:09:03.115,8965.21699
2026-08-19 22:09:03.529,8993.35194
2026-08-19 22:09:03.995,9076.76278
2026-08-19 22:09:04.407,9179.87009
2026-08-19 22:09:04.822,9312.98787
2026-08-19 22:09:05.235,9472.17785
2026-08-19 22:09:05.650,9648.62145
2026-08-19 22:09:06.063,9837.9298
2026-08-19 22:09:06.509,10036.2106
2026-08-19 22:09:06.935,10258.341
2026-08-19 22:09:07.363,10477.6101
2026-08-19 22:09:07.782,10703.2818
2026-08-19 22:09:08.200,10752.8539
2026-08-19 22:09:08.613,10529.7066
2026-08-19 22:09:09.027,10313.341
2026-08-19 22:09:09.457,10103.7087
2026-08-19 22:09:09.871,9894.49931
2026-08-19 22:09:10.293,9700.87841
2026-08-19 22:09:10.707,9515.06187
2026-08-19 22:09:11.135,9349.7995
2026-08-19 22:09:11.590,9193.05898
2026-08-19 22:09:12.004,9086.1716
2026-08-19 22:09:12.417,9007.97968
2026-08-19 22:09:12.835,8959.2167
2026-08-19 22:09:13.296,8954.55401
2026-08-19 22:09:13.717,8953.77172
2026-08-19 22:09:14.143,8952.98583
2026-08-19 22:09:14.556,8952.11711
2026-08-19 22:09:14.970,8951.18295
2026-08-19 22:09:15.397,8950.38064
2026-08-19 22:09:15.861,8949.37455
2026-08-19 22:09:16.275,8948.48252
2026-08-19 22:09:16.698,8947.79315
2026-08-19 22:09:17.119,8946.98921
2026-08-19 22:09:17.534,8946.3234
2026-08-19 22:09:17.995,8967.08773
2026-08-19 22:09:18.409,9034.98021
2026-08-19 22:09:18.823,9126.96106
2026-08-19 22:09:19.237,9247.3478
2026-08-19 22:09:19.652,9394.33977
2026-08-19 22:09:20.066,9562.02979
2026-08-19 22:09:20.480,9555.00903
2026-08-19 22:09:20.942,9365.20667
2026-08-19 22:09:21.363,9218.15073
2026-08-19 22:09:21.779,9097.5004
2026-08-19 22:09:22.196,9007.72432
2026-08-19 22:09:22.610,8948.83656
2026-08-19 22:09:23.112,8984.25273
2026-08-19 22:09:23.542,9086.81533
2026-08-19 22:09:23.960,9199.73528
2026-08-19 22:09:24.374,9342.07859
2026-08-19 22:09:24.787,9505.39722
2026-08-19 22:09:25.202,9685.04882
2026-08-19 22:09:25.634,9878.81416
2026-08-19 22:09:26.053,10085.1089
2026-08-19 22:09:26.480,10294.8238
2026-08-19 22:09:26.893,10515.3265
2026-08-19 22:09:27.311,10733.3404
2026-08-19 22:09:27.724,10735.7528
2026-08-19 22:09:28.151,10513.4224
2026-08-19 22:09:28.564,10290.8758
2026-08-19 22:09:28.992,10075.3963
2026-08-19 22:09:29.412,9874.78807
2026-08-19 22:09:29.826,9680.12962
2026-08-19 22:09:30.253,9499.85063
2026-08-19 22:09:30.674,9329.62893
2026-08-19 22:09:31.118,9192.10127
2026-08-19 22:09:31.546,9074.95102
2026-08-19 22:09:31.973,8996.23894
2026-08-19 22:09:32.398,8961.93236
2026-08-19 22:09:32.812,9017.38708
2026-08-19 22:09:33.277,9111.65542
2026-08-19 22:09:33.692,9228.35031
2026-08-19 22:09:34.106,9373.19627
2026-08-19 22:09:34.519,9539.94343
2026-08-19 22:09:34.934,9722.17687
2026-08-19 22:09:35.350,9915.52982
2026-08-19 22:09:35.768,10118.3057
2026-08-19 22:09:36.214,10328.696
2026-08-19 22:09:36.642,10560.7514
2026-08-19 22:09:37.058,10773.5152
2026-08-19 22:09:37.472,10668.3626
2026-08-19 22:09:37.934,10448.0369
2026-08-19 22:09:38.363,10207.0198
2026-08-19 22:09:38.782,9996.13504
2026-08-19 22:09:39.209,9796.53837
2026-08-19 22:09:39.623,9602.45644
2026-08-19 22:09:40.040,9428.40223
2026-08-19 22:09:40.465,9273.61874
2026-08-19 22:09:40.879,9145.16835
2026-08-19 22:09:41.304,9050.5299
2026-08-19 22:09:41.724,8981.08786
2026-08-19 22:09:42.137,8974.55469
2026-08-19 22:09:42.559,9039.66168
2026-08-19 22:09:42.975,9131.18143
2026-08-19 22:09:43.403,9252.09237
2026-08-19 22:09:43.829,9406.74916
2026-08-19 22:09:44.247,9582.1748
2026-08-19 22:09:44.664,9769.50836
2026-08-19 22:09:45.078,9966.87742
2026-08-19 22:09:45.491,10170.2452
2026-08-19 22:09:45.905,10380.3024
2026-08-19 22:09:46.346,10596.4731
2026-08-19 22:09:46.771,10786.6343
2026-08-19 22:09:47.185,10621.4129
2026-08-19 22:09:47.598,10402.4521
2026-08-19 22:09:48.030,10182.7565
2026-08-19 22:09:48.443,9976.09595
2026-08-19 22:09:48.856,9779.72664
2026-08-19 22:09:49.281,9592.76677
2026-08-19 22:09:49.694,9414.98471
2026-08-19 22:09:50.107,9263.78376
2026-08-19 22:09:50.520,9140.99477
2026-08-19 22:09:50.936,9047.9727
2026-08-19 22:09:51.354,8981.32462
2026-08-19 22:09:51.769,8954.72689
2026-08-19 22:09:52.185,8955.04778
2026-08-19 22:09:52.605,8954.03083
2026-08-19 22:09:53.020,8953.3364
2026-08-19 22:09:53.435,8952.46643
2026-08-19 22:09:53.863,8951.6579
2026-08-19 22:09:54.275,8950.64178
2026-08-19 22:09:54.689,8949.70007
2026-08-19 22:09:55.136,8949.03643
2026-08-19 22:09:55.548,8948.09486
2026-08-19 22:09:55.962,8947.35221
2026-08-19 22:09:56.375,8946.57725
2026-08-19 22:09:56.789,8974.8049
2026-08-19 22:09:57.203,9045.77878
2026-08-19 22:09:57.628,9141.08361
2026-08-19 22:09:58.045,9268.82613
2026-08-19 22:09:58.472,9420.49484
2026-08-19 22:09:58.887,9588.08639
2026-08-19 22:09:59.300,9512.62835
2026-08-19 22:09:59.737,9346.45087
2026-08-19 22:10:00.157,9195.08889
2026-08-19 22:10:00.572,9080.13735
2026-08-19 22:10:00.986,8995.35293
2026-08-19 22:10:01.398,8946.7311
2026-08-19 22:10:01.824,8993.67928
2026-08-19 22:10:02.319,9097.25644
2026-08-19 22:10:02.735,9213.05129
2026-08-19 22:10:03.195,9375.68169
2026-08-19 22:10:03.609,9542.4297
2026-08-19 22:10:04.024,9724.81238
2026-08-19 22:10:04.445,9917.97069
2026-08-19 22:10:04.872,10122.9943
2026-08-19 22:10:05.352,10365.0813
2026-08-19 22:10:05.769,10587.9174
2026-08-19 22:10:06.183,10781.4229
2026-08-19 22:10:06.600,10644.7633
2026-08-19 22:10:07.016,10423.6218
2026-08-19 22:10:07.449,10209.1229
2026-08-19 22:10:07.876,9993.84735
2026-08-19 22:10:08.293,9790.35135
2026-08-19 22:10:08.722,9601.55329
2026-08-19 22:10:09.141,9421.54919
2026-08-19 22:10:09.557,9266.90812
2026-08-19 22:10:09.970,9141.68386
2026-08-19 22:10:10.386,9046.96202
2026-08-19 22:10:10.802,8978.37913
2026-08-19 22:10:11.218,8970.96324
2026-08-19 22:10:11.631,9036.99187
2026-08-19 22:10:12.061,9130.87047
2026-08-19 22:10:12.503,9252.3547
2026-08-19 22:10:12.918,9412.85218
2026-08-19 22:10:13.347,9584.33276
2026-08-19 22:10:13.767,9776.50012
2026-08-19 22:10:14.180,9975.20639
2026-08-19 22:10:14.616,10185.7739
2026-08-19 22:10:15.045,10400.5632
2026-08-19 22:10:15.457,10624.9642
2026-08-19 22:10:15.870,10784.8742
2026-08-19 22:10:16.294,10609.5082
2026-08-19 22:10:16.722,10385.5745
2026-08-19 22:10:17.199,10139.7727
2026-08-19 22:10:17.612,9931.93047
2026-08-19 22:10:18.037,9737.36165
2026-08-19 22:10:18.457,9547.6796
2026-08-19 22:10:18.871,9376.57264
2026-08-19 22:10:19.287,9231.16216
2026-08-19 22:10:19.701,9114.71595
2026-08-19 22:10:20.116,9027.83721
2026-08-19 22:10:20.530,8967.74898
2026-08-19 22:10:20.946,8988.15432
2026-08-19 22:10:21.359,9058.87712
2026-08-19 22:10:21.772,9155.55905
2026-08-19 22:10:22.201,9288.06844
2026-08-19 22:10:22.620,9442.9411
2026-08-19 22:10:23.048,9619.61481
2026-08-19 22:10:23.469,9813.41303
2026-08-19 22:10:23.883,10014.5606
2026-08-19 22:10:24.311,10219.8513
2026-08-19 22:10:24.724,10438.6758
2026-08-19 22:10:25.153,10664.2135
2026-08-19 22:10:25.577,10775.2501
2026-08-19 22:10:25.991,10564.0777
2026-08-19 22:10:26.410,10346.1984
2026-08-19 22:10:26.836,10133.0961
2026-08-19 22:10:27.251,9924.0465
2026-08-19 22:10:27.679,9729.15045
2026-08-19 22:10:28.093,9538.99289
2026-08-19 22:10:28.536,9365.29487
2026-08-19 22:10:28.950,9217.56277
2026-08-19 22:10:29.372,9104.80871
2026-08-19 22:10:29.786,9019.7788
2026-08-19 22:10:30.199,8964.03564
2026-08-19 22:10:30.626,8954.24363
2026-08-19 22:10:31.041,8953.79711
2026-08-19 22:10:31.483,8952.99808
2026-08-19 22:10:31.897,8952.12015
2026-08-19 22:10:32.328,8951.19975
2026-08-19 22:10:32.741,8950.36
2026-08-19 22:10:33.208,8949.35408
2026-08-19 22:10:33.630,8948.42593
2026-08-19 22:10:34.055,8947.48182
2026-08-19 22:10:34.468,8946.79051
2026-08-19 22:10:34.898,8945.99491
2026-08-19 22:10:35.397,8961.41497
2026-08-19 22:10:35.809,9026.24672
2026-08-19 22:10:36.223,9114.81695
2026-08-19 22:10:36.645,9233.63282
2026-08-19 22:10:37.087,9378.88384
2026-08-19 22:10:37.516,9562.87997
2026-08-19 22:10:37.932,9543.56629
2026-08-19 22:10:38.346,9372.67281
2026-08-19 22:10:38.759,9224.61176
2026-08-19 22:10:39.174,9104.22935
2026-08-19 22:10:39.588,9012.77332
2026-08-19 22:10:40.049,8947.8752
2026-08-19 22:10:40.463,8986.45659
2026-08-19 22:10:40.882,9066.11584
2026-08-19 22:10:41.294,9173.97676
2026-08-19 22:10:41.710,9309.00323
2026-08-19 22:10:42.124,9469.26956
2026-08-19 22:10:42.540,9645.64702
2026-08-19 22:10:42.968,9835.4895
2026-08-19 22:10:43.402,10040.5246
2026-08-19 22:10:43.815,10256.0511
2026-08-19 22:10:44.229,10468.8316
2026-08-19 22:10:44.662,10693.3962
2026-08-19 22:10:45.125,10732.8284
2026-08-19 22:10:45.539,10509.2054
2026-08-19 22:10:45.953,10293.0981
2026-08-19 22:10:46.367,10084.1742
2026-08-19 22:10:46.780,9883.72724
2026-08-19 22:10:47.254,9664.53542
2026-08-19 22:10:47.676,9485.1054
2026-08-19 22:10:48.090,9320.44307
2026-08-19 22:10:48.517,9184.79868
2026-08-19 22:10:48.931,9075.90674
2026-08-19 22:10:49.359,8999.06909
2026-08-19 22:10:49.778,8960.55341
2026-08-19 22:10:50.193,9013.42567
2026-08-19 22:10:50.607,9094.96228
2026-08-19 22:10:51.023,9205.54286
2026-08-19 22:10:51.438,9346.42561
2026-08-19 22:10:51.852,9510.66057
2026-08-19 22:10:52.329,9714.80277
2026-08-19 22:10:52.743,9912.61065
2026-08-19 22:10:53.158,10113.9286
2026-08-19 22:10:53.587,10330.5066
2026-08-19 22:10:54.012,10546.0121
2026-08-19 22:10:54.428,10766.3701
2026-08-19 22:10:54.842,10692.2905
2026-08-19 22:10:55.255,10471.6037
2026-08-19 22:10:55.669,10256.8701
2026-08-19 22:10:56.139,10049.2239
2026-08-19 22:10:56.556,9823.3771
2026-08-19 22:10:57.004,9617.18457
2026-08-19 22:10:57.466,9422.14225
2026-08-19 22:10:57.886,9269.28264
2026-08-19 22:10:58.312,9143.07289
2026-08-19 22:10:58.740,9046.29942
2026-08-19 22:10:59.153,8977.94995
2026-08-19 22:10:59.566,8974.66738
2026-08-19 22:11:00.002,9042.30493
2026-08-19 22:11:00.417,9135.23664
2026-08-19 22:11:00.842,9257.19576
2026-08-19 22:11:01.256,9411.47742
2026-08-19 22:11:01.671,9582.77866
2026-08-19 22:11:02.084,9768.64749
2026-08-19 22:11:02.505,9966.5939
2026-08-19 22:11:02.928,10170.2602
2026-08-19 22:11:03.346,10388.3135
2026-08-19 22:11:03.760,10604.2886
2026-08-19 22:11:04.176,10784.5803
2026-08-19 22:11:04.602,10628.6775
2026-08-19 22:11:05.016,10403.1243
2026-08-19 22:11:05.430,10189.9223
2026-08-19 22:11:05.876,9975.56658
2026-08-19 22:11:06.290,9772.43237
2026-08-19 22:11:06.704,9585.47021
2026-08-19 22:11:07.117,9412.52586
2026-08-19 22:11:07.530,9261.38329
2026-08-19 22:11:07.944,9138.83065
2026-08-19 22:11:08.365,9045.95735
2026-08-19 22:11:08.782,8979.01859
2026-08-19 22:11:09.197,8953.41364
2026-08-19 22:11:09.612,8953.75845
2026-08-19 22:11:10.025,8952.76315
2026-08-19 22:11:10.444,8952.1013
2026-08-19 22:11:10.857,8951.09246
2026-08-19 22:11:11.271,8950.1622
2026-08-19 22:11:11.686,8949.44209
2026-08-19 22:11:12.112,8948.41856
2026-08-19 22:11:12.524,8947.59068
2026-08-19 22:11:12.959,8946.83322
2026-08-19 22:11:13.371,8946.02633
2026-08-19 22:11:13.787,8945.26894
2026-08-19 22:11:14.222,8971.67418
2026-08-19 22:11:14.636,9045.7547
2026-08-19 22:11:15.050,9141.45585
2026-08-19 22:11:15.473,9265.58921
2026-08-19 22:11:15.889,9419.37311
2026-08-19 22:11:16.303,9583.63013
2026-08-19 22:11:16.802,9476.92687
2026-08-19 22:11:17.276,9314.52567
2026-08-19 22:11:17.694,9156.97453
2026-08-19 22:11:18.108,9052.46144
2026-08-19 22:11:18.522,8975.3871
2026-08-19 22:11:18.935,8950.78175
2026-08-19 22:11:19.368,9017.56443
2026-08-19 22:11:19.796,9108.95941
2026-08-19 22:11:20.229,9237.56155
2026-08-19 22:11:20.658,9387.51865
2026-08-19 22:11:21.071,9562.47759
2026-08-19 22:11:21.485,9745.60968
2026-08-19 22:11:21.912,9939.79414
2026-08-19 22:11:22.341,10148.8025
2026-08-19 22:11:22.755,10366.3815
2026-08-19 22:11:23.182,10581.9483
2026-08-19 22:11:23.594,10781.0384
2026-08-19 22:11:24.008,10644.6351
2026-08-19 22:11:24.422,10424.818
2026-08-19 22:11:24.848,10211.1629
2026-08-19 22:11:25.262,9999.65853
2026-08-19 22:11:25.677,9801.3783
2026-08-19 22:11:26.104,9612.50159
2026-08-19 22:11:26.517,9432.12893
2026-08-19 22:11:26.935,9277.64078
2026-08-19 22:11:27.439,9127.96167
2026-08-19 22:11:27.853,9034.5933
2026-08-19 22:11:28.266,8970.00265
2026-08-19 22:11:28.680,8975.73538
2026-08-19 22:11:29.092,9043.48328
2026-08-19 22:11:29.506,9136.13121
2026-08-19 22:11:29.944,9259.11102
2026-08-19 22:11:30.374,9425.22335
2026-08-19 22:11:30.801,9598.5042
2026-08-19 22:11:31.219,9791.06621
2026-08-19 22:11:31.634,9988.91026
2026-08-19 22:11:32.102,10220.8223
2026-08-19 22:11:32.513,10432.009
2026-08-19 22:11:32.928,10649.0005
2026-08-19 22:11:33.350,10776.4167
2026-08-19 22:11:33.763,10573.1974
2026-08-19 22:11:34.177,10355.4279
2026-08-19 22:11:34.604,10144.5113
2026-08-19 22:11:35.018,9934.61702
2026-08-19 22:11:35.430,9739.44455
2026-08-19 22:11:35.861,9548.89582
2026-08-19 22:11:36.276,9378.76684
2026-08-19 22:11:36.709,9228.00715
2026-08-19 22:11:37.122,9110.79676
2026-08-19 22:11:37.550,9024.90244
2026-08-19 22:11:37.977,8964.49065
2026-08-19 22:11:38.392,8989.70455
2026-08-19 22:11:38.807,9061.32637
2026-08-19 22:11:39.221,9159.74857
2026-08-19 22:11:39.649,9289.13923
2026-08-19 22:11:40.071,9449.89941
2026-08-19 22:11:40.497,9628.75078
2026-08-19 22:11:40.924,9822.76113
2026-08-19 22:11:41.340,10026.6322
2026-08-19 22:11:41.755,10233.8798
2026-08-19 22:11:42.189,10446.6917
2026-08-19 22:11:42.603,10675.5703
2026-08-19 22:11:43.028,10764.4362
2026-08-19 22:11:43.442,10545.175
2026-08-19 22:11:43.856,10328.0645
2026-08-19 22:11:44.269,10117.4726
2026-08-19 22:11:44.690,9915.15273
2026-08-19 22:11:45.107,9717.64694
2026-08-19 22:11:45.521,9532.74454
2026-08-19 22:11:45.950,9364.96846
2026-08-19 22:11:46.363,9216.84288
2026-08-19 22:11:46.789,9100.96455
2026-08-19 22:11:47.203,9018.33661
2026-08-19 22:11:47.647,8961.34067
2026-08-19 22:11:48.062,8952.53129
2026-08-19 22:11:48.475,8951.96143
2026-08-19 22:11:48.889,8951.0793
2026-08-19 22:11:49.302,8950.25003
2026-08-19 22:11:49.716,8949.3547
2026-08-19 22:11:50.131,8948.50023
2026-08-19 22:11:50.556,8947.54954
2026-08-19 22:11:50.985,8946.55888
2026-08-19 22:11:51.398,8945.76885
2026-08-19 22:11:51.814,8944.96939
2026-08-19 22:11:52.279,8944.27726
2026-08-19 22:11:52.697,8949.37689
2026-08-19 22:11:53.117,9002.99158
2026-08-19 22:11:53.530,9085.53296
2026-08-19 22:11:53.949,9193.96283
2026-08-19 22:11:54.364,9332.83213
2026-08-19 22:11:54.789,9493.687
2026-08-19 22:11:55.205,9588.29202
2026-08-19 22:11:55.628,9427.55076
2026-08-19 22:11:56.049,9267.90886
2026-08-19 22:11:56.464,9136.05738
2026-08-19 22:11:56.891,9035.91263
2026-08-19 22:11:57.303,8961.68254
2026-08-19 22:11:57.725,8957.84804
2026-08-19 22:11:58.140,9030.23472
2026-08-19 22:11:58.570,9125.56525
2026-08-19 22:11:58.984,9255.15086
2026-08-19 22:11:59.413,9406.56673
2026-08-19 22:11:59.828,9583.76715
2026-08-19 22:12:00.292,9769.69861
2026-08-19 22:12:00.719,9990.85411
2026-08-19 22:12:01.133,10199.0818
2026-08-19 22:12:01.550,10410.2865
2026-08-19 22:12:01.963,10628.583
2026-08-19 22:12:02.391,10780.5648
2026-08-19 22:12:02.819,10590.4358
2026-08-19 22:12:03.236,10364.4594
2026-08-19 22:12:03.651,10151.5409
2026-08-19 22:12:04.064,9947.09404
2026-08-19 22:12:04.478,9751.71267
2026-08-19 22:12:04.893,9566.21109
2026-08-19 22:12:05.320,9389.0999
2026-08-19 22:12:05.738,9241.47359
2026-08-19 22:12:06.157,9120.72635
2026-08-19 22:12:06.572,9029.68897
2026-08-19 22:12:07.004,8966.08887
2026-08-19 22:12:07.418,8979.56549
2026-08-19 22:12:07.840,9049.21989
2026-08-19 22:12:08.269,9146.99898
2026-08-19 22:12:08.683,9278.58053
2026-08-19 22:12:09.113,9432.95548
2026-08-19 22:12:09.526,9613.44707
2026-08-19 22:12:09.942,9800.34704
2026-08-19 22:12:10.358,9997.96689
2026-08-19 22:12:10.786,10203.6448
2026-08-19 22:12:11.242,10443.6176
2026-08-19 22:12:11.666,10661.8193
2026-08-19 22:12:12.083,10765.6115
2026-08-19 22:12:12.497,10553.7594
2026-08-19 22:12:12.922,10336.6068
2026-08-19 22:12:13.342,10117.0788
2026-08-19 22:12:13.756,9914.77426
2026-08-19 22:12:14.184,9720.25099
2026-08-19 22:12:14.604,9530.73043
2026-08-19 22:12:15.031,9360.83993
2026-08-19 22:12:15.449,9212.26151
2026-08-19 22:12:15.864,9100.1722
2026-08-19 22:12:16.278,9016.50851
2026-08-19 22:12:16.693,8961.62115
2026-08-19 22:12:17.106,8990.99836
2026-08-19 22:12:17.550,9063.16398
2026-08-19 22:12:17.964,9171.1044
2026-08-19 22:12:18.391,9308.40579
2026-08-19 22:12:18.819,9471.95135
2026-08-19 22:12:19.237,9649.39126
2026-08-19 22:12:19.662,9840.47512
2026-08-19 22:12:20.082,10044.2091
2026-08-19 22:12:20.509,10253.6389
2026-08-19 22:12:20.922,10472.9824
2026-08-19 22:12:21.336,10690.592
2026-08-19 22:12:21.767,10743.5406
2026-08-19 22:12:22.180,10520.5299
2026-08-19 22:12:22.606,10297.6068
2026-08-19 22:12:23.021,10088.7989
2026-08-19 22:12:23.434,9886.8925
2026-08-19 22:12:23.873,9694.28108
2026-08-19 22:12:24.286,9501.55791
2026-08-19 22:12:24.700,9337.84522
2026-08-19 22:12:25.114,9198.95341
2026-08-19 22:12:25.526,9090.05874
2026-08-19 22:12:26.021,9009.83864
2026-08-19 22:12:26.436,8952.93332
2026-08-19 22:12:26.864,8950.19047
2026-08-19 22:12:27.278,8949.45087
2026-08-19 22:12:27.691,8948.43179
2026-08-19 22:12:28.120,8947.76063
2026-08-19 22:12:28.546,8946.8547
2026-08-19 22:12:28.974,8945.98461
2026-08-19 22:12:29.388,8944.95956
2026-08-19 22:12:29.818,8944.01145
2026-08-19 22:12:30.232,8943.09262
2026-08-19 22:12:30.648,8942.41755
2026-08-19 22:12:31.062,8941.63628
2026-08-19 22:12:31.475,8953.15034
2026-08-19 22:12:31.890,9014.11329
2026-08-19 22:12:32.333,9100.16935
2026-08-19 22:12:32.748,9222.64652
2026-08-19 22:12:33.177,9366.46794
2026-08-19 22:12:33.591,9537.18584
2026-08-19 22:12:34.018,9556.32381
2026-08-19 22:12:34.438,9379.74397
2026-08-19 22:12:34.852,9228.01108
2026-08-19 22:12:35.265,9105.89826
2026-08-19 22:12:35.678,9013.13673
2026-08-19 22:12:36.091,8948.11215
2026-08-19 22:12:36.505,8969.09148
2026-08-19 22:12:36.929,9043.79925
2026-08-19 22:12:37.357,9146.88708
2026-08-19 22:12:37.806,9292.42334
2026-08-19 22:12:38.283,9473.30916
2026-08-19 22:12:38.696,9655.02095
2026-08-19 22:12:39.123,9844.13979
2026-08-19 22:12:39.543,10051.7933
2026-08-19 22:12:39.959,10258.3505
2026-08-19 22:12:40.391,10474.201
2026-08-19 22:12:40.817,10699.2788
2026-08-19 22:12:41.236,10731.0814
2026-08-19 22:12:41.727,10464.4761
2026-08-19 22:12:42.142,10249.9369
2026-08-19 22:12:42.569,10042.5756
2026-08-19 22:12:42.983,9836.75679
2026-08-19 22:12:43.418,9646.3415
2026-08-19 22:12:43.831,9459.50547
2026-08-19 22:12:44.256,9300.90023
2026-08-19 22:12:44.670,9165.16333
2026-08-19 22:12:45.098,9060.16796
2026-08-19 22:12:45.524,8986.72363
2026-08-19 22:12:45.946,8957.29441
2026-08-19 22:12:46.375,9015.66001
2026-08-19 22:12:46.789,9103.00927
2026-08-19 22:12:47.218,9217.31446
2026-08-19 22:12:47.633,9367.34016
2026-08-19 22:12:48.048,9533.48598
2026-08-19 22:12:48.482,9723.21874
2026-08-19 22:12:48.897,9918.81564
2026-08-19 22:12:49.312,10120.8921
2026-08-19 22:12:49.736,10330.1003
2026-08-19 22:12:50.156,10550.278
2026-08-19 22:12:50.569,10760.7631
2026-08-19 22:12:50.985,10661.0314
2026-08-19 22:12:51.410,10439.5878
2026-08-19 22:12:51.843,10220.2209
2026-08-19 22:12:52.263,10004.4846
2026-08-19 22:12:52.677,9803.52146
2026-08-19 22:12:53.090,9614.66556
2026-08-19 22:12:53.516,9439.25565
2026-08-19 22:12:53.932,9279.01874
2026-08-19 22:12:54.344,9150.5344
2026-08-19 22:12:54.763,9053.18474
2026-08-19 22:12:55.176,8982.07797
2026-08-19 22:12:55.592,8961.0182
2026-08-19 22:12:56.066,9029.62846
2026-08-19 22:12:56.495,9119.3137
2026-08-19 22:12:56.909,9242.53767
2026-08-19 22:12:57.324,9390.68535
2026-08-19 22:12:57.750,9560.21898
2026-08-19 22:12:58.179,9749.85832
2026-08-19 22:12:58.605,9951.36107
2026-08-19 22:12:59.022,10160.7395
2026-08-19 22:12:59.436,10372.1148
2026-08-19 22:12:59.850,10587.7788
2026-08-19 22:13:00.268,10776.5547
2026-08-19 22:13:00.697,10622.0636
2026-08-19 22:13:01.117,10402.9968
2026-08-19 22:13:01.546,10186.7451
2026-08-19 22:13:01.960,9974.63406
2026-08-19 22:13:02.388,9770.66449
2026-08-19 22:13:02.807,9584.29546
2026-08-19 22:13:03.236,9408.67015
2026-08-19 22:13:03.664,9252.49539
2026-08-19 22:13:04.080,9127.16148
2026-08-19 22:13:04.509,9035.49158
2026-08-19 22:13:04.922,8969.49286
2026-08-19 22:13:05.336,8947.88074
2026-08-19 22:13:05.762,8948.05416
2026-08-19 22:13:06.189,8947.11666
2026-08-19 22:13:06.602,8946.45016
2026-08-19 22:13:07.016,8945.53956
2026-08-19 22:13:07.444,8944.82421
2026-08-19 22:13:07.859,8943.65379
2026-08-19 22:13:08.287,8942.77448
2026-08-19 22:13:08.700,8941.92598
2026-08-19 22:13:09.116,8941.17295
2026-08-19 22:13:09.530,8940.38411
2026-08-19 22:13:09.964,8939.78898
2026-08-19 22:13:10.377,8975.407
2026-08-19 22:13:10.795,9048.13284
2026-08-19 22:13:11.221,9146.87688
2026-08-19 22:13:11.640,9277.70996
2026-08-19 22:13:12.068,9432.52262
2026-08-19 22:13:12.481,9586.63599
2026-08-19 22:13:12.904,9478.12192
2026-08-19 22:13:13.341,9305.79408
2026-08-19 22:13:13.755,9165.82845
2026-08-19 22:13:14.182,9057.69397
2026-08-19 22:13:14.609,8975.69866
2026-08-19 22:13:15.036,8943.27741
2026-08-19 22:13:15.450,9006.72085
2026-08-19 22:13:15.863,9094.78838
2026-08-19 22:13:16.290,9211.1159
2026-08-19 22:13:16.703,9360.28198
2026-08-19 22:13:17.135,9532.27061
2026-08-19 22:13:17.548,9715.58509
2026-08-19 22:13:17.962,9907.89647
2026-08-19 22:13:18.375,10108.6416
2026-08-19 22:13:18.800,10316.7206
2026-08-19 22:13:19.212,10536.7393
2026-08-19 22:13:19.625,10750.1689
2026-08-19 22:13:20.039,10676.8246
2026-08-19 22:13:20.457,10456.2408
2026-08-19 22:13:20.872,10239.9955
2026-08-19 22:13:21.287,10032.3306
2026-08-19 22:13:21.751,9808.45607
2026-08-19 22:13:22.176,9620.0031
2026-08-19 22:13:22.603,9439.42642
2026-08-19 22:13:23.017,9278.55648
2026-08-19 22:13:23.430,9150.44705
2026-08-19 22:13:23.860,9048.88731
2026-08-19 22:13:24.287,8976.1906
2026-08-19 22:13:24.701,8959.62087
2026-08-19 22:13:25.125,9021.29954
2026-08-19 22:13:25.553,9110.44487
2026-08-19 22:13:25.969,9232.01457
2026-08-19 22:13:26.384,9379.46808
2026-08-19 22:13:26.798,9548.06035
2026-08-19 22:13:27.211,9731.19049
2026-08-19 22:13:27.627,9924.51491
2026-08-19 22:13:28.040,10126.9752
2026-08-19 22:13:28.466,10335.5634
2026-08-19 22:13:28.880,10557.1551
2026-08-19 22:13:29.294,10760.8204
2026-08-19 22:13:29.707,10651.2907
2026-08-19 22:13:30.119,10431.7459
2026-08-19 22:13:30.559,10218.6987
2026-08-19 22:13:30.972,9999.77027
2026-08-19 22:13:31.386,9801.91196
2026-08-19 22:13:31.813,9607.35314
2026-08-19 22:13:32.228,9432.2912
2026-08-19 22:13:32.665,9276.8118
2026-08-19 22:13:33.079,9143.10143
2026-08-19 22:13:33.493,9046.87515
2026-08-19 22:13:33.920,8978.01295
2026-08-19 22:13:34.334,8962.78882
2026-08-19 22:13:34.752,9024.8082
2026-08-19 22:13:35.214,9112.42465
2026-08-19 22:13:35.631,9246.39036
2026-08-19 22:13:36.060,9394.78947
2026-08-19 22:13:36.483,9570.89478
2026-08-19 22:13:36.897,9760.30024
2026-08-19 22:13:37.314,9955.10582
2026-08-19 22:13:37.729,10160.0154
2026-08-19 22:13:38.143,10370.611
2026-08-19 22:13:38.557,10586.3049
2026-08-19 22:13:38.970,10769.9287
2026-08-19 22:13:39.385,10620.0698
2026-08-19 22:13:39.817,10400.3871
2026-08-19 22:13:40.238,10178.512
2026-08-19 22:13:40.651,9970.46159
2026-08-19 22:13:41.079,9767.60037
2026-08-19 22:13:41.493,9580.82242
2026-08-19 22:13:41.919,9407.93501
2026-08-19 22:13:42.337,9252.61452
2026-08-19 22:13:42.753,9129.36251
2026-08-19 22:13:43.166,9037.15578
2026-08-19 22:13:43.583,8972.16125
2026-08-19 22:13:44.017,8946.73719
2026-08-19 22:13:44.445,8946.95635
2026-08-19 22:13:44.858,8946.05279
2026-08-19 22:13:45.279,8945.3643
2026-08-19 22:13:45.707,8944.45015
2026-08-19 22:13:46.127,8943.6297
2026-08-19 22:13:46.555,8942.66743
2026-08-19 22:13:46.970,8941.73976
2026-08-19 22:13:47.397,8940.91061
2026-08-19 22:13:47.815,8940.15388
2026-08-19 22:13:48.239,8939.37285
2026-08-19 22:13:48.672,8939.11766
2026-08-19 22:13:49.101,8977.40079
2026-08-19 22:13:49.517,9054.23182
2026-08-19 22:13:49.946,9155.18778
2026-08-19 22:13:50.360,9289.43134
2026-08-19 22:13:50.773,9444.12266
2026-08-19 22:13:51.200,9587.47238
2026-08-19 22:13:51.615,9464.62886
2026-08-19 22:13:52.030,9302.62902
2026-08-19 22:13:52.465,9164.83206
2026-08-19 22:13:52.881,9051.89656
2026-08-19 22:13:53.295,8973.44223
2026-08-19 22:13:53.709,8941.91712
2026-08-19 22:13:54.122,9002.03973
2026-08-19 22:13:54.535,9088.81934
2026-08-19 22:13:54.948,9203.5903
2026-08-19 22:13:55.367,9346.1009
2026-08-19 22:13:55.781,9512.8731
2026-08-19 22:13:56.203,9693.60438
2026-08-19 22:13:56.617,9888.97593
2026-08-19 22:13:57.080,10088.7466
2026-08-19 22:13:57.503,10324.2797
2026-08-19 22:13:57.931,10540.8475
2026-08-19 22:13:58.351,10761.8067
2026-08-19 22:13:58.769,10822.7545
2026-08-19 22:13:59.185,10821.7003
2026-08-19 22:13:59.598,10820.3113
2026-08-19 22:14:00.016,10819.3949
2026-08-19 22:14:00.431,10819.1123
2026-08-19 22:14:00.856,10818.7333
2026-08-19 22:14:01.269,10818.3783
2026-08-19 22:14:01.687,10817.9372
2026-08-19 22:14:02.101,10817.7443
2026-08-19 22:14:02.515,10817.4678
2026-08-19 22:14:02.933,10817.2579
2026-08-19 22:14:03.347,10817.0232
2026-08-19 22:14:03.813,10816.8545
2026-08-19 22:14:04.229,10816.923
2026-08-19 22:14:04.643,10816.674
2026-08-19 22:14:05.057,10816.5512
2026-08-19 22:14:05.471,10816.4949
2026-08-19 22:14:05.899,10816.3823
2026-08-19 22:14:06.313,10816.4545
2026-08-19 22:14:06.729,10816.2833
2026-08-19 22:14:07.146,10816.3238
2026-08-19 22:14:07.608,10816.185
2026-08-19 22:14:08.032,10816.1508
2026-08-19 22:14:08.447,10816.1099
2026-08-19 22:14:08.870,10815.9478
2026-08-19 22:14:09.284,10815.9315
2026-08-19 22:14:09.698,10815.9343
2026-08-19 22:14:10.113,10815.9556
2026-08-19 22:14:10.528,10815.9478
2026-08-19 22:14:10.941,10815.9781
2026-08-19 22:14:11.370,10816.0991
2026-08-19 22:14:11.830,10816.1589
2026-08-19 22:14:12.252,10816.2652
2026-08-19 22:14:12.667,10816.375
2026-08-19 22:14:13.082,10816.425
2026-08-19 22:14:13.497,10816.5583
2026-08-19 22:14:13.926,10816.7355
2026-08-19 22:14:14.343,10816.8423
2026-08-19 22:14:14.756,10816.79
2026-08-19 22:14:15.183,10816.8395
2026-08-19 22:14:15.596,10816.8428
2026-08-19 22:14:16.034,10816.9315
2026-08-19 22:14:16.452,10816.9264
2026-08-19 22:14:16.864,10816.8088
2026-08-19 22:14:17.282,10816.8465
2026-08-19 22:14:17.696,10816.9599
2026-08-19 22:14:18.117,10817.1007
2026-08-19 22:14:18.578,10817.1141
2026-08-19 22:14:19.001,10817.1055
2026-08-19 22:14:19.421,10817.0651
2026-08-19 22:14:19.834,10817.003
2026-08-19 22:14:20.270,10817.0066
2026-08-19 22:14:20.687,10816.9172
2026-08-19 22:14:21.100,10816.8149
2026-08-19 22:14:21.517,10816.7431
2026-08-19 22:14:21.932,10816.729
2026-08-19 22:14:22.397,10816.7103
2026-08-19 22:14:22.830,10816.657
2026-08-19 22:14:23.243,10816.6034
2026-08-19 22:14:23.669,10816.4483
2026-08-19 22:14:24.088,10816.3585
2026-08-19 22:14:24.507,10816.3699
2026-08-19 22:14:24.921,10816.3953
2026-08-19 22:14:25.335,10816.3693
2026-08-19 22:14:25.748,10816.3225
2026-08-19 22:14:26.166,10816.3661
2026-08-19 22:14:26.584,10816.3569
2026-08-19 22:14:27.019,10816.3505
2026-08-19 22:14:27.433,10816.4108
2026-08-19 22:14:27.847,10816.4437
2026-08-19 22:14:28.266,10816.5016
2026-08-19 22:14:28.680,10816.4548
2026-08-19 22:14:29.153,10816.45
2026-08-19 22:14:29.567,10816.3921
2026-08-19 22:14:29.997,10816.339
2026-08-19 22:14:30.409,10816.3376
2026-08-19 22:14:30.823,10816.3993
2026-08-19 22:14:31.243,10816.3842
2026-08-19 22:14:31.663,10816.2251
2026-08-19 22:14:32.076,10816.1464
2026-08-19 22:14:32.503,10816.1481
2026-08-19 22:14:32.915,10816.1163
2026-08-19 22:14:33.340,10816.0407
2026-08-19 22:14:33.753,10816.0457
2026-08-19 22:14:34.182,10816.0706
2026-08-19 22:14:34.611,10816.0148
2026-08-19 22:14:35.036,10815.895
2026-08-19 22:14:35.456,10815.9178
2026-08-19 22:14:35.871,10815.6857
2026-08-19 22:14:36.286,10815.705
2026-08-19 22:14:36.700,10815.7404
2026-08-19 22:14:37.113,10815.7046
2026-08-19 22:14:37.547,10815.6702
2026-08-19 22:14:37.961,10815.5572
2026-08-19 22:14:38.374,10815.6243
2026-08-19 22:14:38.788,10812.6567
2026-08-19 22:14:39.203,10792.3768
2026-08-19 22:14:39.672,10769.7945
2026-08-19 22:14:40.116,10743.0079
2026-08-19 22:14:40.528,10720.9267
2026-08-19 22:14:40.942,10698.7859
2026-08-19 22:14:41.357,10676.4844
2026-08-19 22:14:41.796,10654.1634
2026-08-19 22:14:42.230,10630.2845
2026-08-19 22:14:42.645,10607.71
2026-08-19 22:14:43.060,10585.9593
2026-08-19 22:14:43.486,10563.409
2026-08-19 22:14:43.903,10541.2648
2026-08-19 22:14:44.332,10519.4429
2026-08-19 22:14:44.749,10497.1693
2026-08-19 22:14:45.165,10475.443
2026-08-19 22:14:45.578,10453.6352
2026-08-19 22:14:46.007,10432.3623
2026-08-19 22:14:46.421,10409.848
2026-08-19 22:14:46.835,10388.4097
2026-08-19 22:14:47.273,10366.4547
2026-08-19 22:14:47.687,10344.7749
2026-08-19 22:14:48.113,10323.4657
2026-08-19 22:14:48.541,10301.5561
2026-08-19 22:14:48.955,10279.8348
2026-08-19 22:14:49.369,10258.5374
2026-08-19 22:14:49.788,10237.7963
2026-08-19 22:14:50.265,10213.8339
2026-08-19 22:14:50.680,10192.2872
2026-08-19 22:14:51.097,10171.246
2026-08-19 22:14:51.511,10150.4007
2026-08-19 22:14:51.944,10129.6251
2026-08-19 22:14:52.358,10108.1261
2026-08-19 22:14:52.772,10087.7699
2026-08-19 22:14:53.187,10067.0416
2026-08-19 22:14:53.624,10045.9268
2026-08-19 22:14:54.037,10025.1717
2026-08-19 22:14:54.451,10005.1607
2026-08-19 22:14:54.865,9985.06482
2026-08-19 22:14:55.288,9964.87485
2026-08-19 22:14:55.702,9944.36158
2026-08-19 22:14:56.116,9924.22414
2026-08-19 22:14:56.558,9904.57994
2026-08-19 22:14:56.978,9883.35289
2026-08-19 22:14:57.392,9863.4905
2026-08-19 22:14:57.805,9843.74538
2026-08-19 22:14:58.231,9824.27568
2026-08-19 22:14:58.645,9804.1537
2026-08-19 22:14:59.113,9784.76931
2026-08-19 22:14:59.531,9763.0429
2026-08-19 22:14:59.944,9743.63125
2026-08-19 22:15:00.359,9724.56159
2026-08-19 22:15:00.779,9705.4885
2026-08-19 22:15:01.192,9686.1895
2026-08-19 22:15:01.623,9667.42909
2026-08-19 22:15:02.037,9648.2134
2026-08-19 22:15:02.449,9629.54877
2026-08-19 22:15:02.863,9610.92655
2026-08-19 22:15:03.276,9592.779
2026-08-19 22:15:03.693,9574.45217
2026-08-19 22:15:04.106,9556.52847
2026-08-19 22:15:04.521,9538.59864
2026-08-19 22:15:04.935,9520.5772
2026-08-19 22:15:05.362,9502.7722
2026-08-19 22:15:05.779,9484.56193
2026-08-19 22:15:06.193,9467.29362
2026-08-19 22:15:06.613,9449.8661
2026-08-19 22:15:07.028,9432.81567
2026-08-19 22:15:07.442,9415.66563
2026-08-19 22:15:07.855,9399.0744
2026-08-19 22:15:08.270,9382.59068
2026-08-19 22:15:08.684,9366.36206
2026-08-19 22:15:09.098,9350.53726
2026-08-19 22:15:09.528,9333.86559
2026-08-19 22:15:09.943,9318.40448
2026-08-19 22:15:10.358,9302.86069
2026-08-19 22:15:10.773,9287.85104
2026-08-19 22:15:11.205,9273.16552
2026-08-19 22:15:11.621,9258.20996
2026-08-19 22:15:12.034,9243.79745
2026-08-19 22:15:12.448,9229.84474
2026-08-19 22:15:12.861,9216.3611
2026-08-19 22:15:13.289,9202.89067
2026-08-19 22:15:13.771,9187.6365
2026-08-19 22:15:14.185,9174.86809
2026-08-19 22:15:14.598,9162.51044
2026-08-19 22:15:15.062,9150.60999
2026-08-19 22:15:15.481,9137.26768
2026-08-19 22:15:15.897,9125.97364
2026-08-19 22:15:16.311,9114.95918
2026-08-19 22:15:16.726,9104.37759
2026-08-19 22:15:17.139,9093.72733
2026-08-19 22:15:17.571,9083.70765
2026-08-19 22:15:17.985,9073.39954
2026-08-19 22:15:18.400,9064.02157
2026-08-19 22:15:18.814,9054.79256
2026-08-19 22:15:19.228,9045.76483
2026-08-19 22:15:19.647,9037.17206
2026-08-19 22:15:20.147,9026.9977
2026-08-19 22:15:20.561,9019.04702
2026-08-19 22:15:20.989,9010.92615
2026-08-19 22:15:21.419,9003.55477
2026-08-19 22:15:21.831,8995.94114
2026-08-19 22:15:22.245,8989.04454
2026-08-19 22:15:22.672,8982.23391
2026-08-19 22:15:23.085,8975.69752
2026-08-19 22:15:23.497,8969.56311
2026-08-19 22:15:23.921,8963.51988
2026-08-19 22:15:24.347,8957.84088
2026-08-19 22:15:24.761,8952.00678
2026-08-19 22:15:25.179,8946.83934
2026-08-19 22:15:25.593,8941.91646
2026-08-19 22:15:26.008,8937.1982
2026-08-19 22:15:26.421,8932.65414
2026-08-19 22:15:26.856,8928.09825
2026-08-19 22:15:27.270,8925.51311
2026-08-19 22:15:27.684,8926.06555
2026-08-19 22:15:28.110,8926.48323
2026-08-19 22:15:28.536,8926.72647
2026-08-19 22:15:28.960,8926.90916
2026-08-19 22:15:29.375,8927.73222
2026-08-19 22:15:29.801,8932.44955
2026-08-19 22:15:30.220,8934.39387
2026-08-19 22:15:30.636,8934.11917
2026-08-19 22:15:31.072,8933.9293
2026-08-19 22:15:31.485,8933.7841
2026-08-19 22:15:31.909,8933.57721
2026-08-19 22:15:32.323,8933.41809
2026-08-19 22:15:32.757,8933.22342
2026-08-19 22:15:33.176,8933.12272
2026-08-19 22:15:33.589,8932.95516
2026-08-19 22:15:34.003,8932.70257
2026-08-19 22:15:34.416,8932.55571
2026-08-19 22:15:34.829,8932.48285
2026-08-19 22:15:35.267,8932.24015
2026-08-19 22:15:35.695,8932.11333
2026-08-19 22:15:36.108,8931.9723
2026-08-19 22:15:36.535,8931.82246
2026-08-19 22:15:36.950,8931.67851
2026-08-19 22:15:37.376,8931.55674
2026-08-19 22:15:37.800,8931.39875
2026-08-19 22:15:38.217,8931.25042
2026-08-19 22:15:38.646,8931.06168
2026-08-19 22:15:39.060,8930.96085
2026-08-19 22:15:39.487,8930.77269
2026-08-19 22:15:39.900,8930.61654
2026-08-19 22:15:40.320,8930.44057
2026-08-19 22:15:40.747,8930.26764
2026-08-19 22:15:41.174,8930.10779
2026-08-19 22:15:41.592,8934.7434
2026-08-19 22:15:42.008,8990.7917
2026-08-19 22:15:42.422,9075.54515
2026-08-19 22:15:42.847,9185.90187
2026-08-19 22:15:43.275,9327.0037
2026-08-19 22:15:43.693,9492.67762
2026-08-19 22:15:44.107,9588.16178
2026-08-19 22:15:44.532,9429.20409
2026-08-19 22:15:44.946,9268.18867
2026-08-19 22:15:45.360,9136.81457
2026-08-19 22:15:45.826,9023.30663
2026-08-19 22:15:46.240,8951.27822
2026-08-19 22:15:46.653,8954.71911
2026-08-19 22:15:47.066,9028.81519
2026-08-19 22:15:47.493,9130.39435
2026-08-19 22:15:47.916,9257.31383
2026-08-19 22:15:48.343,9413.4099
2026-08-19 22:15:48.760,9592.4066
2026-08-19 22:15:49.174,9777.97267
2026-08-19 22:15:49.588,9973.93871
2026-08-19 22:15:50.002,10177.225
2026-08-19 22:15:50.417,10387.6318
2026-08-19 22:15:50.846,10603.9848
2026-08-19 22:15:51.272,10777.8568
2026-08-19 22:15:51.685,10600.1892
2026-08-19 22:15:52.118,10374.9027
2026-08-19 22:15:52.532,10160.5145
2026-08-19 22:15:52.959,9956.66581
2026-08-19 22:15:53.373,9754.31882
2026-08-19 22:15:53.787,9568.80654
2026-08-19 22:15:54.209,9397.86727
2026-08-19 22:15:54.624,9245.52205
2026-08-19 22:15:55.073,9124.48931
2026-08-19 22:15:55.487,9026.45335
2026-08-19 22:15:55.923,8961.77721
2026-08-19 22:15:56.340,8980.72802
2026-08-19 22:15:56.755,9052.13977
2026-08-19 22:15:57.169,9149.65329
2026-08-19 22:15:57.597,9282.31551
2026-08-19 22:15:58.019,9436.80792
2026-08-19 22:15:58.448,9614.37975
2026-08-19 22:15:58.864,9808.20138
2026-08-19 22:15:59.279,10006.8028
2026-08-19 22:15:59.696,10211.9141
2026-08-19 22:16:00.121,10424.9582
2026-08-19 22:16:00.539,10647.9634
2026-08-19 22:16:00.954,10770.0713
2026-08-19 22:16:01.368,10567.237
2026-08-19 22:16:01.781,10349.891
2026-08-19 22:16:02.243,10114.8048
2026-08-19 22:16:02.658,9912.58487
2026-08-19 22:16:03.071,9718.22683
2026-08-19 22:16:03.484,9534.90151
2026-08-19 22:16:03.899,9367.00145
2026-08-19 22:16:04.336,9222.75523
2026-08-19 22:16:04.755,9102.54041
2026-08-19 22:16:05.167,9017.76659
2026-08-19 22:16:05.605,8961.1694
2026-08-19 22:16:06.021,8992.66541
2026-08-19 22:16:06.448,9065.9003
2026-08-19 22:16:06.860,9169.39667
2026-08-19 22:16:07.274,9300.62667
2026-08-19 22:16:07.693,9458.05534
2026-08-19 22:16:08.105,9636.0739
2026-08-19 22:16:08.582,9846.59724
2026-08-19 22:16:08.998,10052.3363
2026-08-19 22:16:09.413,10260.1998
2026-08-19 22:16:09.841,10473.7599
2026-08-19 22:16:10.258,10698.9588
2026-08-19 22:16:10.684,10738.0818
2026-08-19 22:16:11.098,10510.2219
2026-08-19 22:16:11.526,10293.9365
2026-08-19 22:16:11.940,10077.5923
2026-08-19 22:16:12.367,9876.91398
2026-08-19 22:16:12.780,9678.77769
2026-08-19 22:16:13.195,9498.0516
2026-08-19 22:16:13.607,9334.59241
2026-08-19 22:16:14.022,9196.89661
2026-08-19 22:16:14.458,9085.35381
2026-08-19 22:16:14.872,9006.04924
2026-08-19 22:16:15.286,8956.87914
2026-08-19 22:16:15.700,8951.40811
2026-08-19 22:16:16.114,8950.91315
2026-08-19 22:16:16.529,8950.35709
2026-08-19 22:16:16.962,8949.54248
2026-08-19 22:16:17.376,8948.4843
2026-08-19 22:16:17.790,8947.46725
2026-08-19 22:16:18.209,8946.64158
2026-08-19 22:16:18.629,8945.68439
2026-08-19 22:16:19.062,8944.97769
2026-08-19 22:16:19.477,8944.13889
2026-08-19 22:16:19.890,8943.51366
2026-08-19 22:16:20.304,8949.03368
2026-08-19 22:16:20.716,9003.03313
2026-08-19 22:16:21.192,9094.98806
2026-08-19 22:16:21.605,9210.46848
2026-08-19 22:16:22.020,9350.51919
2026-08-19 22:16:22.449,9519.40982
2026-08-19 22:16:22.871,9572.85283
2026-08-19 22:16:23.294,9400.13242
2026-08-19 22:16:23.707,9244.41929
2026-08-19 22:16:24.121,9119.60159
2026-08-19 22:16:24.552,9020.97854
2026-08-19 22:16:24.964,8953.32052
2026-08-19 22:16:25.382,8966.44775
2026-08-19 22:16:25.805,9039.42401
2026-08-19 22:16:26.221,9140.1748
2026-08-19 22:16:26.636,9268.6892
2026-08-19 22:16:27.049,9422.39618
2026-08-19 22:16:27.480,9594.51873
2026-08-19 22:16:27.893,9788.3693
2026-08-19 22:16:28.311,9983.82258
2026-08-19 22:16:28.724,10189.3056
2026-08-19 22:16:29.137,10399.9523
2026-08-19 22:16:29.570,10623.7717
2026-08-19 22:16:29.999,10775.8628
2026-08-19 22:16:30.418,10583.7494
2026-08-19 22:16:30.831,10363.1175
2026-08-19 22:16:31.260,10151.7745
2026-08-19 22:16:31.676,9940.9576
2026-08-19 22:16:32.088,9744.97419
2026-08-19 22:16:32.516,9560.48814
2026-08-19 22:16:32.930,9384.32931
2026-08-19 22:16:33.342,9237.39711
2026-08-19 22:16:33.783,9115.36338
2026-08-19 22:16:34.197,9024.66795
2026-08-19 22:16:34.611,8963.18182
2026-08-19 22:16:35.026,8979.53553
2026-08-19 22:16:35.491,9048.70659
2026-08-19 22:16:35.909,9158.72186
2026-08-19 22:16:36.323,9288.09006
2026-08-19 22:16:36.737,9443.76828
2026-08-19 22:16:37.150,9618.04429
2026-08-19 22:16:37.564,9805.02029
2026-08-19 22:16:38.000,10002.3451
2026-08-19 22:16:38.414,10217.6544
2026-08-19 22:16:38.826,10429.0278
2026-08-19 22:16:39.240,10645.3447
2026-08-19 22:16:39.713,10766.8556
2026-08-19 22:16:40.131,10531.7559
2026-08-19 22:16:40.544,10315.6033
2026-08-19 22:16:40.957,10106.2858
2026-08-19 22:16:41.372,9904.50715
2026-08-19 22:16:41.787,9710.05117
2026-08-19 22:16:42.216,9526.96508
2026-08-19 22:16:42.642,9354.28545
2026-08-19 22:16:43.056,9208.38213
2026-08-19 22:16:43.469,9097.07961
2026-08-19 22:16:43.883,9014.63083
2026-08-19 22:16:44.313,8960.29258
2026-08-19 22:16:44.727,8991.82378
2026-08-19 22:16:45.142,9064.17467
2026-08-19 22:16:45.570,9164.16505
2026-08-19 22:16:45.984,9299.2315
2026-08-19 22:16:46.423,9456.4581
2026-08-19 22:16:46.836,9643.5023
2026-08-19 22:16:47.249,9831.8571
2026-08-19 22:16:47.677,10036.9558
2026-08-19 22:16:48.139,10242.5656
2026-08-19 22:16:48.559,10482.5846
2026-08-19 22:16:48.974,10701.0234
2026-08-19 22:16:49.396,10726.8881
2026-08-19 22:16:49.809,10500.3283
2026-08-19 22:16:50.222,10285.728
2026-08-19 22:16:50.641,10077.4927
2026-08-19 22:16:51.067,9873.96983
2026-08-19 22:16:51.480,9676.48467
2026-08-19 22:16:51.893,9496.35599
2026-08-19 22:16:52.306,9333.19123
2026-08-19 22:16:52.741,9195.0027
2026-08-19 22:16:53.155,9082.47308
2026-08-19 22:16:53.569,9004.74133
2026-08-19 22:16:53.991,8955.45794
2026-08-19 22:16:54.407,8949.71632
2026-08-19 22:16:54.843,8949.31689
2026-08-19 22:16:55.256,8948.66431
2026-08-19 22:16:55.683,8947.73492
2026-08-19 22:16:56.101,8946.66781
2026-08-19 22:16:56.516,8945.63378
2026-08-19 22:16:56.942,8944.76895
2026-08-19 22:16:57.354,8943.91323
2026-08-19 22:16:57.769,8943.04627
2026-08-19 22:16:58.197,8942.26213
2026-08-19 22:16:58.614,8941.52155
2026-08-19 22:16:59.029,8948.9553
2026-08-19 22:16:59.442,9005.31807
2026-08-19 22:16:59.903,9098.6408
2026-08-19 22:17:00.331,9211.40873
2026-08-19 22:17:00.745,9357.28315
2026-08-19 22:17:01.167,9520.85851
2026-08-19 22:17:01.581,9563.23387
2026-08-19 22:17:02.011,9392.7547
2026-08-19 22:17:02.426,9235.20899
2026-08-19 22:17:02.841,9111.52326
2026-08-19 22:17:03.255,9017.23975
2026-08-19 22:17:03.669,8950.34555
2026-08-19 22:17:04.083,8963.82468
2026-08-19 22:17:04.590,9054.61214
2026-08-19 22:17:05.004,9160.22564
2026-08-19 22:17:05.418,9293.18981
2026-08-19 22:17:05.831,9450.1451
2026-08-19 22:17:06.269,9631.40369
2026-08-19 22:17:06.683,9824.21633
2026-08-19 22:17:07.107,10021.7466
2026-08-19 22:17:07.521,10231.8463
2026-08-19 22:17:07.948,10443.6646
2026-08-19 22:17:08.374,10668.098
2026-08-19 22:17:08.787,10746.9672
2026-08-19 22:17:09.200,10530.4616
2026-08-19 22:17:09.615,10314.5968
2026-08-19 22:17:10.031,10104.8209
2026-08-19 22:17:10.470,9901.74686
2026-08-19 22:17:10.884,9696.98714
2026-08-19 22:17:11.312,9515.10733
2026-08-19 22:17:11.732,9344.45266
2026-08-19 22:17:12.154,9201.5184
2026-08-19 22:17:12.577,9088.99452
2026-08-19 22:17:13.002,9005.77102
2026-08-19 22:17:13.415,8955.08865
2026-08-19 22:17:13.843,8993.55231
2026-08-19 22:17:14.262,9071.6235
2026-08-19 22:17:14.691,9176.75281
2026-08-19 22:17:15.110,9316.66096
2026-08-19 22:17:15.523,9478.70983
2026-08-19 22:17:15.938,9656.33252
2026-08-19 22:17:16.365,9846.24142
2026-08-19 22:17:16.788,10051.8119
2026-08-19 22:17:17.203,10262.6067
2026-08-19 22:17:17.618,10475.6336
2026-08-19 22:17:18.031,10694.287
2026-08-19 22:17:18.445,10732.1115
2026-08-19 22:17:18.911,10482.8886
2026-08-19 22:17:19.324,10268.2727
2026-08-19 22:17:19.737,10060.5942
2026-08-19 22:17:20.162,9860.95467
2026-08-19 22:17:20.579,9664.55086
2026-08-19 22:17:21.006,9483.64147
2026-08-19 22:17:21.426,9317.04232
2026-08-19 22:17:21.841,9179.96638
2026-08-19 22:17:22.267,9075.12831
2026-08-19 22:17:22.693,8996.94852
2026-08-19 22:17:23.106,8958.05732
2026-08-19 22:17:23.529,9007.11289
2026-08-19 22:17:23.943,9087.55382
2026-08-19 22:17:24.357,9195.24562
2026-08-19 22:17:24.770,9333.49936
2026-08-19 22:17:25.210,9501.4406
2026-08-19 22:17:25.625,9686.07611
2026-08-19 22:17:26.047,9877.75886
2026-08-19 22:17:26.463,10082.0243
2026-08-19 22:17:26.876,10290.5224
2026-08-19 22:17:27.314,10511.2459
2026-08-19 22:17:27.728,10734.3811
2026-08-19 22:17:28.144,10693.7468
2026-08-19 22:17:28.557,10471.9518
2026-08-19 22:17:29.026,10257.6674
2026-08-19 22:17:29.457,10020.6605
2026-08-19 22:17:29.885,9816.19052
2026-08-19 22:17:30.299,9620.56823
2026-08-19 22:17:30.724,9443.88484
2026-08-19 22:17:31.139,9283.57387
2026-08-19 22:17:31.553,9155.01369
2026-08-19 22:17:31.981,9057.22171
2026-08-19 22:17:32.402,8984.86397
2026-08-19 22:17:32.863,8949.03906
2026-08-19 22:17:33.276,8949.02304
2026-08-19 22:17:33.690,8948.54097
2026-08-19 22:17:34.104,8947.80456
2026-08-19 22:17:34.517,8946.87079
2026-08-19 22:17:34.994,8945.76907
2026-08-19 22:17:35.407,8944.7537
2026-08-19 22:17:35.831,8943.96159
2026-08-19 22:17:36.245,8942.99499
2026-08-19 22:17:36.659,8942.27929
2026-08-19 22:17:37.076,8941.60401
2026-08-19 22:17:37.489,8940.84387
2026-08-19 22:17:37.901,8967.93462
2026-08-19 22:17:38.329,9037.53355
2026-08-19 22:17:38.743,9134.41202
2026-08-19 22:17:39.178,9257.57753
2026-08-19 22:17:39.606,9415.05232
2026-08-19 22:17:40.019,9579.5936
2026-08-19 22:17:40.447,9496.13456
2026-08-19 22:17:40.862,9325.60346
2026-08-19 22:17:41.287,9184.2995
2026-08-19 22:17:41.701,9069.60578
2026-08-19 22:17:42.119,8986.93908
2026-08-19 22:17:42.546,8941.66499
2026-08-19 22:17:42.960,8994.24644
2026-08-19 22:17:43.395,9077.68933
2026-08-19 22:17:43.824,9195.20784
2026-08-19 22:17:44.239,9341.08453
2026-08-19 22:17:44.656,9505.16266
2026-08-19 22:17:45.071,9686.41605
2026-08-19 22:17:45.499,9878.47619
2026-08-19 22:17:45.925,10085.0254
2026-08-19 22:17:46.345,10298.8781
2026-08-19 22:17:46.772,10515.4755
2026-08-19 22:17:47.185,10739.3719
2026-08-19 22:17:47.614,10678.3218
2026-08-19 22:17:48.041,10458.3947
2026-08-19 22:17:48.468,10237.4669
2026-08-19 22:17:48.896,10024.4092
2026-08-19 22:17:49.310,9819.1114
2026-08-19 22:17:49.722,9630.00682
2026-08-19 22:17:50.150,9448.22939
2026-08-19 22:17:50.564,9290.98966
2026-08-19 22:17:50.988,9160.52123
2026-08-19 22:17:51.405,9058.07035
2026-08-19 22:17:51.819,8985.19997
2026-08-19 22:17:52.248,8958.54401
2026-08-19 22:17:52.675,9018.07393
2026-08-19 22:17:53.104,9105.45508
2026-08-19 22:17:53.522,9224.76517
2026-08-19 22:17:53.936,9370.62069
2026-08-19 22:17:54.355,9537.56851
2026-08-19 22:17:54.784,9722.22795
2026-08-19 22:17:55.198,9922.99033
2026-08-19 22:17:55.615,10124.9823
2026-08-19 22:17:56.032,10334.9395
2026-08-19 22:17:56.446,10551.5525
2026-08-19 22:17:56.859,10759.5036
2026-08-19 22:17:57.274,10662.1632
2026-08-19 22:17:57.687,10441.4989
2026-08-19 22:17:58.101,10228.2663
2026-08-19 22:17:58.515,10021.9868
2026-08-19 22:17:58.929,9823.17454
2026-08-19 22:17:59.358,9633.45206
2026-08-19 22:17:59.775,9450.0817
2026-08-19 22:18:00.194,9291.61243
2026-08-19 22:18:00.609,9160.17053
2026-08-19 22:18:01.028,9060.63031
2026-08-19 22:18:01.441,8988.32243
2026-08-19 22:18:01.857,8960.39265
2026-08-19 22:18:02.282,9015.51069
2026-08-19 22:18:02.697,9099.41482
2026-08-19 22:18:03.111,9211.23941
2026-08-19 22:18:03.524,9352.39353
2026-08-19 22:18:03.961,9522.95178
2026-08-19 22:18:04.374,9708.27455
2026-08-19 22:18:04.788,9900.50728
2026-08-19 22:18:05.202,10101.5679
2026-08-19 22:18:05.616,10309.4238
2026-08-19 22:18:06.034,10523.5933
2026-08-19 22:18:06.528,10766.6476
2026-08-19 22:18:06.942,10644.579
2026-08-19 22:18:07.369,10424.7879
2026-08-19 22:18:07.783,10204.7244
2026-08-19 22:18:08.207,9999.58232
2026-08-19 22:18:08.621,9796.75041
2026-08-19 22:18:09.035,9608.68348
2026-08-19 22:18:09.459,9433.17544
2026-08-19 22:18:09.884,9275.19224
2026-08-19 22:18:10.307,9145.92017
2026-08-19 22:18:10.721,9049.36286
2026-08-19 22:18:11.148,8981.85845
2026-08-19 22:18:11.563,8950.98008
2026-08-19 22:18:11.976,8950.70108
2026-08-19 22:18:12.419,8950.19505
2026-08-19 22:18:12.847,8949.41298
2026-08-19 22:18:13.273,8948.64047
2026-08-19 22:18:13.687,8947.6053
2026-08-19 22:18:14.099,8946.68122
2026-08-19 22:18:14.523,8945.77069
2026-08-19 22:18:14.950,8944.99703
2026-08-19 22:18:15.363,8944.02484
2026-08-19 22:18:15.775,8943.32636
2026-08-19 22:18:16.191,8942.64874
2026-08-19 22:18:16.629,8967.27926
2026-08-19 22:18:17.061,9043.58642
2026-08-19 22:18:17.474,9139.5341
2026-08-19 22:18:17.902,9268.22338
2026-08-19 22:18:18.320,9418.59572
2026-08-19 22:18:18.748,9581.11412
2026-08-19 22:18:19.163,9497.14847
2026-08-19 22:18:19.592,9331.34143
2026-08-19 22:18:20.007,9185.15029
2026-08-19 22:18:20.436,9072.79791
2026-08-19 22:18:20.850,8987.29683
2026-08-19 22:18:21.277,8943.92824
2026-08-19 22:18:21.690,8997.07568
2026-08-19 22:18:22.105,9080.46693
2026-08-19 22:18:22.520,9192.06229
2026-08-19 22:18:22.962,9332.0898
2026-08-19 22:18:23.378,9506.13233
2026-08-19 22:18:23.793,9687.01665
2026-08-19 22:18:24.221,9878.58618
2026-08-19 22:18:24.634,10085.3965
2026-08-19 22:18:25.057,10292.0954
2026-08-19 22:18:25.471,10510.6798
2026-08-19 22:18:25.884,10728.9108
2026-08-19 22:18:26.311,10698.3105
2026-08-19 22:18:26.724,10477.9504
2026-08-19 22:18:27.163,10263.4966
2026-08-19 22:18:27.590,10043.4519
2026-08-19 22:18:28.005,9837.18172
2026-08-19 22:18:28.418,9646.89378
2026-08-19 22:18:28.841,9468.86978
2026-08-19 22:18:29.267,9306.09397
2026-08-19 22:18:29.680,9169.34735
2026-08-19 22:18:30.108,9063.94532
2026-08-19 22:18:30.520,8990.43138
2026-08-19 22:18:30.940,8957.95654
2026-08-19 22:18:31.354,9012.36701
2026-08-19 22:18:31.768,9093.99435
2026-08-19 22:18:32.198,9204.24964
2026-08-19 22:18:32.611,9350.42652
2026-08-19 22:18:33.024,9514.11814
2026-08-19 22:18:33.448,9694.56459
2026-08-19 22:18:33.861,9891.50469
2026-08-19 22:18:34.289,10091.7186
2026-08-19 22:18:34.779,10341.9127
2026-08-19 22:18:35.193,10560.6077
2026-08-19 22:18:35.607,10764.0544
2026-08-19 22:18:36.020,10652.4683
2026-08-19 22:18:36.460,10433.3766
2026-08-19 22:18:36.873,10206.6997
2026-08-19 22:18:37.288,10001.1292
2026-08-19 22:18:37.702,9803.02394
2026-08-19 22:18:38.163,9614.30104
2026-08-19 22:18:38.584,9417.18864
2026-08-19 22:18:38.998,9264.4781
2026-08-19 22:18:39.412,9140.57356
2026-08-19 22:18:39.825,9046.61932
2026-08-19 22:18:40.238,8979.44574
2026-08-19 22:18:40.671,8967.79303
2026-08-19 22:18:41.084,9033.3488
2026-08-19 22:18:41.504,9120.78524
2026-08-19 22:18:41.917,9241.02169
2026-08-19 22:18:42.331,9387.90345
2026-08-19 22:18:42.788,9556.81307
2026-08-19 22:18:43.207,9759.9828
2026-08-19 22:18:43.622,9957.69951
2026-08-19 22:18:44.035,10161.3719
2026-08-19 22:18:44.455,10370.4824
2026-08-19 22:18:44.885,10590.1172
2026-08-19 22:18:45.305,10775.5568
2026-08-19 22:18:45.718,10613.4073
2026-08-19 22:18:46.152,10387.9026
2026-08-19 22:18:46.580,10172.8321
2026-08-19 22:18:46.994,9961.98577
2026-08-19 22:18:47.431,9758.38122
2026-08-19 22:18:47.856,9568.68217
2026-08-19 22:18:48.269,9392.8656
2026-08-19 22:18:48.702,9240.10853
2026-08-19 22:18:49.131,9120.80013
2026-08-19 22:18:49.545,9030.36413
2026-08-19 22:18:49.958,8969.46289
2026-08-19 22:18:50.384,8952.22392
2026-08-19 22:18:50.805,8951.77418
2026-08-19 22:18:51.218,8951.28542
2026-08-19 22:18:51.647,8950.58061
2026-08-19 22:18:52.060,8949.61678
2026-08-19 22:18:52.473,8948.58755
2026-08-19 22:18:52.887,8947.63578
2026-08-19 22:18:53.325,8946.71635
2026-08-19 22:18:53.741,8945.89937
2026-08-19 22:18:54.154,8945.07299
2026-08-19 22:18:54.569,8944.39379
2026-08-19 22:18:54.982,8944.114
2026-08-19 22:18:55.404,8981.45967
2026-08-19 22:18:55.817,9056.25453
2026-08-19 22:18:56.250,9155.14301
2026-08-19 22:18:56.665,9289.25007
2026-08-19 22:18:57.090,9443.22957
2026-08-19 22:18:57.517,9592.0685
2026-08-19 22:18:57.930,9469.80767
2026-08-19 22:18:58.363,9302.38767
2026-08-19 22:18:58.776,9165.07112
2026-08-19 22:18:59.191,9058.50106
2026-08-19 22:18:59.617,8979.80159
2026-08-19 22:19:00.029,8946.18895
2026-08-19 22:19:00.473,9005.15536
2026-08-19 22:19:00.902,9101.59445
2026-08-19 22:19:01.314,9219.02153
2026-08-19 22:19:01.742,9363.59449
2026-08-19 22:19:02.155,9535.54105
2026-08-19 22:19:02.573,9717.12619
2026-08-19 22:19:02.993,9911.98871
2026-08-19 22:19:03.419,10116.1889
2026-08-19 22:19:03.832,10330.5766
2026-08-19 22:19:04.247,10545.0161
2026-08-19 22:19:04.672,10757.241
2026-08-19 22:19:05.092,10666.9327
2026-08-19 22:19:05.507,10442.9629
2026-08-19 22:19:05.921,10229.0268
2026-08-19 22:19:06.336,10022.3764
2026-08-19 22:19:06.778,9823.22622
2026-08-19 22:19:07.195,9620.87421
2026-08-19 22:19:07.611,9443.66585
2026-08-19 22:19:08.024,9286.74345
2026-08-19 22:19:08.438,9157.8378
2026-08-19 22:19:08.879,9058.60456
2026-08-19 22:19:09.314,8981.01989
2026-08-19 22:19:09.740,8964.81328
2026-08-19 22:19:10.154,9028.80069
2026-08-19 22:19:10.587,9119.27358
2026-08-19 22:19:11.001,9239.07162
2026-08-19 22:19:11.415,9386.01264
2026-08-19 22:19:11.828,9554.60867
2026-08-19 22:19:12.261,9743.82435
2026-08-19 22:19:12.673,9940.47742
2026-08-19 22:19:13.088,10142.5989
2026-08-19 22:19:13.515,10352.3666
2026-08-19 22:19:13.931,10574.7381
2026-08-19 22:19:14.344,10770.8505
2026-08-19 22:19:14.759,10641.7588
2026-08-19 22:19:15.201,10421.8688
2026-08-19 22:19:15.614,10194.123
2026-08-19 22:19:16.029,9989.12618
2026-08-19 22:19:16.453,9791.60014
2026-08-19 22:19:16.868,9598.79679
2026-08-19 22:19:17.303,9424.21529
2026-08-19 22:19:17.717,9263.70089
2026-08-19 22:19:18.131,9140.0442
2026-08-19 22:19:18.545,9046.46089
2026-08-19 22:19:19.017,8979.46962
2026-08-19 22:19:19.449,8976.38355
2026-08-19 22:19:19.864,9044.96211
2026-08-19 22:19:20.278,9137.14461
2026-08-19 22:19:20.697,9259.56413
2026-08-19 22:19:21.124,9412.16402
2026-08-19 22:19:21.553,9589.74821
2026-08-19 22:19:21.966,9781.70776
2026-08-19 22:19:22.380,9977.75796
2026-08-19 22:19:22.817,10188.4373
2026-08-19 22:19:23.246,10403.7741
2026-08-19 22:19:23.660,10627.9926
2026-08-19 22:19:24.087,10771.5327
2026-08-19 22:19:24.568,10547.443
2026-08-19 22:19:24.982,10325.8347
2026-08-19 22:19:25.395,10115.6515
2026-08-19 22:19:25.810,9913.55694
2026-08-19 22:19:26.225,9718.83495
2026-08-19 22:19:26.641,9534.69905
2026-08-19 22:19:27.071,9365.98951
2026-08-19 22:19:27.483,9217.50065
2026-08-19 22:19:27.911,9101.59777
2026-08-19 22:19:28.334,9018.90964
2026-08-19 22:19:28.750,8961.97774
2026-08-19 22:19:29.164,8951.73259
2026-08-19 22:19:29.577,8951.13837
2026-08-19 22:19:29.990,8950.58963
2026-08-19 22:19:30.403,8949.83814
2026-08-19 22:19:30.816,8948.88975
2026-08-19 22:19:31.230,8947.86112
2026-08-19 22:19:31.658,8946.91923
2026-08-19 22:19:32.077,8946.0114
2026-08-19 22:19:32.499,8945.18053
2026-08-19 22:19:32.914,8944.41624
2026-08-19 22:19:33.328,8943.76543
2026-08-19 22:19:33.741,8944.49438
2026-08-19 22:19:34.175,8987.48082
2026-08-19 22:19:34.589,9067.4113
2026-08-19 22:19:35.006,9170.21338
2026-08-19 22:19:35.420,9302.33545
2026-08-19 22:19:35.849,9464.3208
2026-08-19 22:19:36.285,9592.46505
2026-08-19 22:19:36.700,9446.70095
2026-08-19 22:19:37.122,9287.42514
2026-08-19 22:19:37.535,9151.59489
2026-08-19 22:19:37.951,9048.15261
2026-08-19 22:19:38.384,8971.97782
2026-08-19 22:19:38.806,8950.71408
2026-08-19 22:19:39.219,9018.17705
2026-08-19 22:19:39.655,9111.97355
2026-08-19 22:19:40.068,9235.00431
2026-08-19 22:19:40.496,9382.67263
2026-08-19 22:19:40.914,9557.21644
2026-08-19 22:19:41.330,9742.68605
2026-08-19 22:19:41.743,9937.67073
2026-08-19 22:19:42.176,10146.4788
2026-08-19 22:19:42.590,10358.2216
2026-08-19 22:19:43.019,10581.0567
2026-08-19 22:19:43.442,10772.9371
2026-08-19 22:19:43.856,10632.1706
2026-08-19 22:19:44.287,10406.0413
2026-08-19 22:19:44.710,10191.638
2026-08-19 22:19:45.127,9982.20812
2026-08-19 22:19:45.546,9783.67048
2026-08-19 22:19:45.959,9594.31431
2026-08-19 22:19:46.388,9415.07224
2026-08-19 22:19:46.816,9257.75322
2026-08-19 22:19:47.229,9135.2408
2026-08-19 22:19:47.642,9042.06396
2026-08-19 22:19:48.056,8975.31127
2026-08-19 22:19:48.470,8968.70468
2026-08-19 22:19:48.893,9033.2237
2026-08-19 22:19:49.320,9128.2207
2026-08-19 22:19:49.741,9248.49434
2026-08-19 22:19:50.156,9400.3374
2026-08-19 22:19:50.583,9570.91608
2026-08-19 22:19:51.011,9761.67345
2026-08-19 22:19:51.432,9964.1501
2026-08-19 22:19:51.844,10171.0543
2026-08-19 22:19:52.271,10381.0279
2026-08-19 22:19:52.686,10603.3988
2026-08-19 22:19:53.101,10776.339
2026-08-19 22:19:53.520,10612.7638
2026-08-19 22:19:53.938,10391.4836
2026-08-19 22:19:54.359,10177.288
2026-08-19 22:19:54.776,9969.30182
2026-08-19 22:19:55.202,9771.36409
2026-08-19 22:19:55.632,9579.39567
2026-08-19 22:19:56.047,9400.71693
2026-08-19 22:19:56.473,9251.02736
2026-08-19 22:19:56.886,9127.63854
2026-08-19 22:19:57.300,9037.95511
2026-08-19 22:19:57.732,8972.69631
2026-08-19 22:19:58.147,8980.84593
2026-08-19 22:19:58.561,9048.066
2026-08-19 22:19:58.983,9140.15394
2026-08-19 22:19:59.396,9265.95956
2026-08-19 22:19:59.823,9416.89036
2026-08-19 22:20:00.256,9596.3592
2026-08-19 22:20:00.669,9789.07752
2026-08-19 22:20:01.098,9992.40103
2026-08-19 22:20:01.520,10197.1569
2026-08-19 22:20:01.939,10412.5363
2026-08-19 22:20:02.365,10631.9593
2026-08-19 22:20:02.785,10775.8687
2026-08-19 22:20:03.200,10579.448
2026-08-19 22:20:03.628,10361.2104
2026-08-19 22:20:04.046,10142.8486
2026-08-19 22:20:04.472,9936.85483
2026-08-19 22:20:04.886,9736.22626
2026-08-19 22:20:05.299,9551.79071
2026-08-19 22:20:05.729,9376.5086
2026-08-19 22:20:06.163,9224.70762
2026-08-19 22:20:06.602,9107.12419
2026-08-19 22:20:07.017,9021.78563
2026-08-19 22:20:07.491,8961.29879
2026-08-19 22:20:07.906,8954.17034
2026-08-19 22:20:08.319,8953.74468
2026-08-19 22:20:08.747,8953.08529
2026-08-19 22:20:09.161,8952.17796
2026-08-19 22:20:09.576,8951.11248
2026-08-19 22:20:10.012,8950.10218
2026-08-19 22:20:10.425,8949.10345
2026-08-19 22:20:10.839,8948.24241
2026-08-19 22:20:11.260,8947.34857
2026-08-19 22:20:11.674,8946.58467
2026-08-19 22:20:12.142,8945.7416
2026-08-19 22:20:12.556,8953.10044
2026-08-19 22:20:12.971,9009.58109
2026-08-19 22:20:13.397,9092.23492
2026-08-19 22:20:13.810,9205.59649
2026-08-19 22:20:14.234,9344.00888
2026-08-19 22:20:14.662,9509.591
2026-08-19 22:20:15.077,9576.98892
2026-08-19 22:20:15.503,9408.65605
2026-08-19 22:20:15.921,9250.83436
2026-08-19 22:20:16.340,9123.74201
2026-08-19 22:20:16.753,9026.61711
2026-08-19 22:20:17.179,8957.92663
2026-08-19 22:20:17.607,8965.8555
2026-08-19 22:20:18.019,9040.84103
2026-08-19 22:20:18.453,9138.17887
2026-08-19 22:20:18.870,9271.89008
2026-08-19 22:20:19.298,9426.87591
2026-08-19 22:20:19.718,9606.19155
2026-08-19 22:20:20.134,9795.42407
2026-08-19 22:20:20.555,9993.13305
2026-08-19 22:20:20.979,10200.7947
2026-08-19 22:20:21.392,10417.5487
2026-08-19 22:20:21.810,10634.2912
2026-08-19 22:20:22.223,10775.2997
2026-08-19 22:20:22.657,10577.4137
2026-08-19 22:20:23.071,10356.6563
2026-08-19 22:20:23.506,10138.7253
2026-08-19 22:20:23.934,9931.95366
2026-08-19 22:20:24.347,9730.86736
2026-08-19 22:20:24.764,9547.02217
2026-08-19 22:20:25.178,9377.14161
2026-08-19 22:20:25.594,9231.41291
2026-08-19 22:20:26.008,9114.32026
2026-08-19 22:20:26.471,9027.04974
2026-08-19 22:20:26.889,8962.38795
2026-08-19 22:20:27.316,8991.4724
2026-08-19 22:20:27.729,9066.62645
2026-08-19 22:20:28.144,9166.50125
2026-08-19 22:20:28.558,9297.62694
2026-08-19 22:20:28.980,9454.63605
2026-08-19 22:20:29.404,9633.66792
2026-08-19 22:20:29.831,9826.9069
2026-08-19 22:20:30.250,10031.4624
2026-08-19 22:20:30.664,10239.3519
2026-08-19 22:20:31.084,10451.4647
2026-08-19 22:20:31.515,10680.7378
2026-08-19 22:20:31.951,10750.7473
2026-08-19 22:20:32.365,10528.0298
2026-08-19 22:20:32.779,10311.8154
2026-08-19 22:20:33.209,10094.5906
2026-08-19 22:20:33.630,9892.81247
2026-08-19 22:20:34.045,9695.75132
2026-08-19 22:20:34.458,9513.6049
2026-08-19 22:20:34.886,9348.54386
2026-08-19 22:20:35.306,9202.25825
2026-08-19 22:20:35.731,9093.4386
2026-08-19 22:20:36.146,9011.46002
2026-08-19 22:20:36.560,8963.12318
2026-08-19 22:20:36.976,9001.29528
2026-08-19 22:20:37.404,9076.07133
2026-08-19 22:20:37.818,9181.75106
2026-08-19 22:20:38.234,9315.33463
2026-08-19 22:20:38.648,9475.80054
2026-08-19 22:20:39.062,9653.46817
2026-08-19 22:20:39.541,9868.43629
2026-08-19 22:20:39.968,10073.5185
2026-08-19 22:20:40.386,10287.2671
2026-08-19 22:20:40.801,10503.2919
2026-08-19 22:20:41.220,10722.907
2026-08-19 22:20:41.634,10719.1467
2026-08-19 22:20:42.048,10496.2318
2026-08-19 22:20:42.479,10273.3887
2026-08-19 22:20:42.895,10063.9433
2026-08-19 22:20:43.309,9862.51443
2026-08-19 22:20:43.738,9664.01526
2026-08-19 22:20:44.153,9484.07067
2026-08-19 22:20:44.566,9322.09905
2026-08-19 22:20:44.980,9186.86066
2026-08-19 22:20:45.394,9081.70221
2026-08-19 22:20:45.861,8997.26367
2026-08-19 22:20:46.274,8955.58026
2026-08-19 22:20:46.702,8953.14658
2026-08-19 22:20:47.115,8952.55968
2026-08-19 22:20:47.528,8951.83729
2026-08-19 22:20:47.953,8950.96895
2026-08-19 22:20:48.366,8949.98897
2026-08-19 22:20:48.783,8949.03038
2026-08-19 22:20:49.211,8947.98038
2026-08-19 22:20:49.623,8947.18071
2026-08-19 22:20:50.056,8946.33218
2026-08-19 22:20:50.470,8945.45785
2026-08-19 22:20:50.883,8944.69044
2026-08-19 22:20:51.309,8956.12237
2026-08-19 22:20:51.722,9018.93074
2026-08-19 22:20:52.196,9117.62384
2026-08-19 22:20:52.615,9237.62062
2026-08-19 22:20:53.032,9384.63537
2026-08-19 22:20:53.461,9552.39345
2026-08-19 22:20:53.878,9538.44591
2026-08-19 22:20:54.292,9367.49767
2026-08-19 22:20:54.720,9215.31198
2026-08-19 22:20:55.138,9096.96361
2026-08-19 22:20:55.551,9006.68072
2026-08-19 22:20:55.978,8947.12787
2026-08-19 22:20:56.407,8980.28568
2026-08-19 22:20:56.820,9060.79573
2026-08-19 22:20:57.247,9169.41499
2026-08-19 22:20:57.667,9303.55316
2026-08-19 22:20:58.087,9464.55066
2026-08-19 22:20:58.510,9643.79743
2026-08-19 22:20:58.936,9837.39925
2026-08-19 22:20:59.364,10041.5668
2026-08-19 22:20:59.779,10254.7802
2026-08-19 22:21:00.198,10467.4896
2026-08-19 22:21:00.626,10688.7414
2026-08-19 22:21:01.039,10742.176
2026-08-19 22:21:01.455,10521.6786
2026-08-19 22:21:01.884,10304.0016
2026-08-19 22:21:02.297,10087.382
2026-08-19 22:21:02.714,9886.596
2026-08-19 22:21:03.127,9692.37349
2026-08-19 22:21:03.554,9504.9509
2026-08-19 22:21:03.969,9340.91769
2026-08-19 22:21:04.394,9201.13007
2026-08-19 22:21:04.807,9089.0263
2026-08-19 22:21:05.223,9008.33777
2026-08-19 22:21:05.647,8958.75375
2026-08-19 22:21:06.061,8998.34365
2026-08-19 22:21:06.475,9073.89177
2026-08-19 22:21:06.902,9177.27219
2026-08-19 22:21:07.315,9315.36842
2026-08-19 22:21:07.739,9474.74205
2026-08-19 22:21:08.168,9656.9681
2026-08-19 22:21:08.597,9853.69894
2026-08-19 22:21:09.011,10060.1848
2026-08-19 22:21:09.439,10274.5448
2026-08-19 22:21:09.867,10495.3401
2026-08-19 22:21:10.294,10720.6304
2026-08-19 22:21:10.707,10718.4675
2026-08-19 22:21:11.126,10496.0766
2026-08-19 22:21:11.544,10277.3806
2026-08-19 22:21:11.958,10067.0577
2026-08-19 22:21:12.385,9866.69181
2026-08-19 22:21:12.801,9668.60982
2026-08-19 22:21:13.228,9487.19973
2026-08-19 22:21:13.647,9320.08505
2026-08-19 22:21:14.074,9179.39979
2026-08-19 22:21:14.488,9075.7334
2026-08-19 22:21:14.909,8999.81394
2026-08-19 22:21:15.324,8960.57997
2026-08-19 22:21:15.738,9009.00497
2026-08-19 22:21:16.165,9087.21114
2026-08-19 22:21:16.582,9197.70946
2026-08-19 22:21:16.998,9337.3104
2026-08-19 22:21:17.425,9500.45977
2026-08-19 22:21:17.838,9685.85181
2026-08-19 22:21:18.267,9876.84077
2026-08-19 22:21:18.687,10084.5517
2026-08-19 22:21:19.101,10295.1982
2026-08-19 22:21:19.514,10508.7315
2026-08-19 22:21:19.928,10726.777
2026-08-19 22:21:20.406,10681.284
2026-08-19 22:21:20.820,10454.4419
2026-08-19 22:21:21.247,10239.6196
2026-08-19 22:21:21.662,10025.9641
2026-08-19 22:21:22.075,9826.69318
2026-08-19 22:21:22.490,9636.85812
2026-08-19 22:21:22.903,9458.47968
2026-08-19 22:21:23.316,9300.3195
2026-08-19 22:21:23.730,9168.8312
2026-08-19 22:21:24.155,9067.83231
2026-08-19 22:21:24.630,8985.32864
2026-08-19 22:21:25.043,8950.60888
2026-08-19 22:21:25.460,8949.87836
2026-08-19 22:21:25.875,8949.40299
2026-08-19 22:21:26.301,8948.61461
2026-08-19 22:21:26.736,8947.66834
2026-08-19 22:21:27.149,8946.4995
2026-08-19 22:21:27.563,8945.58786
2026-08-19 22:21:27.978,8944.71085
2026-08-19 22:21:28.404,8943.71491
2026-08-19 22:21:28.819,8942.99568
2026-08-19 22:21:29.234,8942.1782
2026-08-19 22:21:29.648,8941.53486
2026-08-19 22:21:30.061,8959.64066
2026-08-19 22:21:30.476,9025.24242
2026-08-19 22:21:30.898,9114.53531
2026-08-19 22:21:31.327,9234.81639
2026-08-19 22:21:31.739,9385.1428
2026-08-19 22:21:32.162,9551.55394
2026-08-19 22:21:32.575,9530.44996
2026-08-19 22:21:32.989,9361.91916
2026-08-19 22:21:33.403,9214.81524
2026-08-19 22:21:33.829,9096.00862
2026-08-19 22:21:34.245,9004.19355
2026-08-19 22:21:34.660,8944.48737
2026-08-19 22:21:35.075,8975.97143
2026-08-19 22:21:35.502,9052.86706
2026-08-19 22:21:35.932,9159.4119
2026-08-19 22:21:36.362,9302.77478
2026-08-19 22:21:36.779,9462.34065
2026-08-19 22:21:37.193,9640.72056
2026-08-19 22:21:37.610,9829.24454
2026-08-19 22:21:38.028,10028.5929
2026-08-19 22:21:38.452,10236.1907
2026-08-19 22:21:38.865,10453.2774
2026-08-19 22:21:39.294,10677.6972
2026-08-19 22:21:39.706,10746.5981
2026-08-19 22:21:40.132,10529.7839
2026-08-19 22:21:40.560,10299.9823
2026-08-19 22:21:40.974,10091.1821
2026-08-19 22:21:41.402,9882.77414
2026-08-19 22:21:41.824,9690.04441
2026-08-19 22:21:42.241,9505.36836
2026-08-19 22:21:42.671,9339.13924
2026-08-19 22:21:43.085,9195.0423
2026-08-19 22:21:43.499,9086.05967
2026-08-19 22:21:43.923,9005.42198
2026-08-19 22:21:44.348,8955.5731
2026-08-19 22:21:44.764,8996.79371
2026-08-19 22:21:45.179,9072.89775
2026-08-19 22:21:45.599,9177.38749
2026-08-19 22:21:46.013,9313.79701
2026-08-19 22:21:46.448,9473.35703
2026-08-19 22:21:46.862,9659.89885
2026-08-19 22:21:47.288,9850.09201
2026-08-19 22:21:47.701,10054.8199
2026-08-19 22:21:48.164,10260.8869
2026-08-19 22:21:48.593,10501.9214
2026-08-19 22:21:49.006,10725.7299
2026-08-19 22:21:49.420,10701.5709
2026-08-19 22:21:49.848,10473.43
2026-08-19 22:21:50.268,10258.6565
2026-08-19 22:21:50.681,10047.9996
2026-08-19 22:21:51.095,9848.49192
2026-08-19 22:21:51.512,9657.27172
2026-08-19 22:21:51.926,9477.01316
2026-08-19 22:21:52.341,9315.83361
2026-08-19 22:21:52.778,9180.87636
2026-08-19 22:21:53.192,9071.31755
2026-08-19 22:21:53.606,8996.16438
2026-08-19 22:21:54.020,8958.05905
2026-08-19 22:21:54.432,9005.91691
2026-08-19 22:21:54.845,9083.38865
2026-08-19 22:21:55.273,9190.78023
2026-08-19 22:21:55.688,9330.58762
2026-08-19 22:21:56.104,9494.53015
2026-08-19 22:21:56.517,9673.38904
2026-08-19 22:21:56.932,9863.60471
2026-08-19 22:21:57.346,10063.5968
2026-08-19 22:21:57.773,10270.2538
2026-08-19 22:21:58.189,10489.9213
2026-08-19 22:21:58.602,10709.3949
2026-08-19 22:21:59.024,10718.3099
2026-08-19 22:21:59.439,10491.8254
2026-08-19 22:21:59.865,10276.109
2026-08-19 22:22:00.279,10061.6904
2026-08-19 22:22:00.698,9861.37203
2026-08-19 22:22:01.112,9667.3707
2026-08-19 22:22:01.526,9487.20464
2026-08-19 22:22:01.941,9324.81189
2026-08-19 22:22:02.366,9188.2944
2026-08-19 22:22:02.795,9079.68817
2026-08-19 22:22:03.207,9000.56496
2026-08-19 22:22:03.630,8954.10257
2026-08-19 22:22:04.044,8949.76253
2026-08-19 22:22:04.457,8949.39273
2026-08-19 22:22:04.935,8948.65864
2026-08-19 22:22:05.348,8947.70159
2026-08-19 22:22:05.763,8946.5995
2026-08-19 22:22:06.178,8945.80675
2026-08-19 22:22:06.592,8944.85606
2026-08-19 22:22:07.021,8944.04081
2026-08-19 22:22:07.451,8943.23834
2026-08-19 22:22:07.880,8942.58751
2026-08-19 22:22:08.295,8941.84478
2026-08-19 22:22:08.708,8954.76949
2026-08-19 22:22:09.125,9017.35729
2026-08-19 22:22:09.550,9103.45375
2026-08-19 22:22:09.979,9220.9757
2026-08-19 22:22:10.395,9369.07526
2026-08-19 22:22:10.808,9534.93044
2026-08-19 22:22:11.221,9552.44771
2026-08-19 22:22:11.636,9381.69772
2026-08-19 22:22:12.048,9231.56048
2026-08-19 22:22:12.481,9105.38014
2026-08-19 22:22:12.894,9012.83888
2026-08-19 22:22:13.321,8948.53249
2026-08-19 22:22:13.750,8973.51222
2026-08-19 22:22:14.164,9049.3062
2026-08-19 22:22:14.589,9150.49852
2026-08-19 22:22:15.003,9285.00887
2026-08-19 22:22:15.428,9441.14721
2026-08-19 22:22:15.841,9620.46975
2026-08-19 22:22:16.256,9807.41946
2026-08-19 22:22:16.682,10004.78
2026-08-19 22:22:17.096,10215.663
2026-08-19 22:22:17.539,10426.9221
2026-08-19 22:22:17.952,10658.9689
2026-08-19 22:22:18.366,10759.3551
2026-08-19 22:22:18.787,10549.8773
2026-08-19 22:22:19.202,10330.0117
2026-08-19 22:22:19.628,10118.8508
2026-08-19 22:22:20.047,9910.82439
2026-08-19 22:22:20.461,9714.75559
2026-08-19 22:22:20.875,9531.34804
2026-08-19 22:22:21.289,9363.79766
2026-08-19 22:22:21.761,9203.62498
2026-08-19 22:22:22.187,9091.77259
2026-08-19 22:22:22.600,9008.02725
2026-08-19 22:22:23.020,8957.36941
2026-08-19 22:22:23.435,8994.35318
2026-08-19 22:22:23.854,9070.14209
2026-08-19 22:22:24.269,9172.53932
2026-08-19 22:22:24.683,9305.72697
2026-08-19 22:22:25.099,9464.40824
2026-08-19 22:22:25.517,9641.65833
2026-08-19 22:22:25.942,9832.54124
2026-08-19 22:22:26.356,10035.915
2026-08-19 22:22:26.770,10241.8527
2026-08-19 22:22:27.184,10453.9825
2026-08-19 22:22:27.597,10671.5428
2026-08-19 22:22:28.016,10751.9184
2026-08-19 22:22:28.508,10492.9073
2026-08-19 22:22:28.922,10277.8303
2026-08-19 22:22:29.343,10069.4773
2026-08-19 22:22:29.758,9865.2279
2026-08-19 22:22:30.198,9673.16015
2026-08-19 22:22:30.617,9482.05803
2026-08-19 22:22:31.034,9318.58825
2026-08-19 22:22:31.449,9182.55319
2026-08-19 22:22:31.875,9077.64051
2026-08-19 22:22:32.306,8999.27026
2026-08-19 22:22:32.719,8959.65929
2026-08-19 22:22:33.147,9008.19225
2026-08-19 22:22:33.561,9089.29094
2026-08-19 22:22:33.973,9197.03055
2026-08-19 22:22:34.414,9339.97954
2026-08-19 22:22:34.838,9507.9201
2026-08-19 22:22:35.252,9692.8491
2026-08-19 22:22:35.665,9884.50512
2026-08-19 22:22:36.126,10084.242
2026-08-19 22:22:36.544,10318.7717
2026-08-19 22:22:36.958,10532.5687
2026-08-19 22:22:37.384,10747.5762
2026-08-19 22:22:37.798,10674.5051
2026-08-19 22:22:38.211,10454.086
2026-08-19 22:22:38.635,10240.2858
2026-08-19 22:22:39.060,10028.1098
2026-08-19 22:22:39.473,9824.20515
2026-08-19 22:22:39.908,9628.33707
2026-08-19 22:22:40.322,9448.92487
2026-08-19 22:22:40.741,9291.82446
2026-08-19 22:22:41.156,9160.83722
2026-08-19 22:22:41.569,9062.05351
2026-08-19 22:22:41.997,8991.00056
2026-08-19 22:22:42.411,8952.42956
2026-08-19 22:22:42.841,8951.33861
2026-08-19 22:22:43.255,8950.85609
2026-08-19 22:22:43.669,8950.1153
2026-08-19 22:22:44.084,8949.264
2026-08-19 22:22:44.554,8948.21485
2026-08-19 22:22:44.985,8947.07512
2026-08-19 22:22:45.399,8946.32217
2026-08-19 22:22:45.816,8945.39463
2026-08-19 22:22:46.228,8944.72035
2026-08-19 22:22:46.642,8943.9306
2026-08-19 22:22:47.065,8943.19194
2026-08-19 22:22:47.486,8964.24283
2026-08-19 22:22:47.901,9032.69648
2026-08-19 22:22:48.317,9123.76446
2026-08-19 22:22:48.731,9243.92409
2026-08-19 22:22:49.181,9396.14523
2026-08-19 22:22:49.594,9570.79165
2026-08-19 22:22:50.019,9522.37658
2026-08-19 22:22:50.447,9350.47675
2026-08-19 22:22:50.860,9201.16793
2026-08-19 22:22:51.273,9086.07728
2026-08-19 22:22:51.696,8999.60076
2026-08-19 22:22:52.115,8944.35733
2026-08-19 22:22:52.541,8985.16656
2026-08-19 22:22:52.955,9066.9973
2026-08-19 22:22:53.369,9173.5548
2026-08-19 22:22:53.797,9309.2754
2026-08-19 22:22:54.215,9476.28657
2026-08-19 22:22:54.629,9653.7347
2026-08-19 22:22:55.043,9842.67521
2026-08-19 22:22:55.465,10041.3211
2026-08-19 22:22:55.893,10251.239
2026-08-19 22:22:56.319,10470.8482
2026-08-19 22:22:56.732,10695.1616
2026-08-19 22:22:57.145,10750.1485
2026-08-19 22:22:57.568,10530.988
2026-08-19 22:22:57.995,10310.2594
2026-08-19 22:22:58.450,10074.3429
2026-08-19 22:22:58.870,9873.69563
2026-08-19 22:22:59.297,9678.49375
2026-08-19 22:22:59.725,9492.33399
2026-08-19 22:23:00.138,9324.64373
2026-08-19 22:23:00.568,9187.07387
2026-08-19 22:23:00.982,9078.20866
2026-08-19 22:23:01.409,8998.47768
2026-08-19 22:23:01.838,8957.9763
2026-08-19 22:23:02.272,9007.40652
2026-08-19 22:23:02.686,9089.74062
2026-08-19 22:23:03.101,9198.57821
2026-08-19 22:23:03.514,9337.42612
2026-08-19 22:23:03.941,9499.56375
2026-08-19 22:23:04.372,9687.17914
2026-08-19 22:23:04.800,9884.59063
2026-08-19 22:23:05.262,10115.4028
2026-08-19 22:23:05.691,10330.8764
2026-08-19 22:23:06.111,10546.3995
2026-08-19 22:23:06.525,10759.6847
2026-08-19 22:23:06.938,10667.6248
2026-08-19 22:23:07.356,10447.6286
2026-08-19 22:23:07.782,10231.4445
2026-08-19 22:23:08.209,10019.3385
2026-08-19 22:23:08.636,9814.36621
2026-08-19 22:23:09.052,9619.74605
2026-08-19 22:23:09.483,9440.87601
2026-08-19 22:23:09.897,9281.0236
2026-08-19 22:23:10.311,9153.70652
2026-08-19 22:23:10.737,9056.85621
2026-08-19 22:23:11.152,8985.30334
2026-08-19 22:23:11.585,8967.42385
2026-08-19 22:23:11.999,9028.82185
2026-08-19 22:23:12.411,9114.22748
2026-08-19 22:23:12.839,9229.09603
2026-08-19 22:23:13.252,9378.74024
2026-08-19 22:23:13.670,9546.14512
2026-08-19 22:23:14.084,9731.20318
2026-08-19 22:23:14.504,9924.57671
2026-08-19 22:23:14.933,10129.7801
2026-08-19 22:23:15.349,10346.3604
2026-08-19 22:23:15.770,10562.796
2026-08-19 22:23:16.184,10768.085
2026-08-19 22:23:16.596,10650.8349
2026-08-19 22:23:17.011,10431.565
2026-08-19 22:23:17.426,10217.846
2026-08-19 22:23:17.843,10011.0639
2026-08-19 22:23:18.337,9774.91878
2026-08-19 22:23:18.752,9586.77129
2026-08-19 22:23:19.213,9394.5476
2026-08-19 22:23:19.627,9246.29546
2026-08-19 22:23:20.040,9127.44007
2026-08-19 22:23:20.455,9038.28931
2026-08-19 22:23:20.881,8975.20634
2026-08-19 22:23:21.346,8953.69866
2026-08-19 22:23:21.759,8953.24633
2026-08-19 22:23:22.185,8952.71536
2026-08-19 22:23:22.600,8951.9102
2026-08-19 22:23:23.013,8951.01886
2026-08-19 22:23:23.429,8950.01879
2026-08-19 22:23:23.842,8949.06864
2026-08-19 22:23:24.263,8948.17863
2026-08-19 22:23:24.679,8947.36805
2026-08-19 22:23:25.092,8946.56502
2026-08-19 22:23:25.519,8945.85785
2026-08-19 22:23:25.935,8945.68258
2026-08-19 22:23:26.351,8983.87417
2026-08-19 22:23:26.764,9057.58625
2026-08-19 22:23:27.177,9156.00904
2026-08-19 22:23:27.590,9283.14908
2026-08-19 22:23:28.061,9435.6355
2026-08-19 22:23:28.493,9593.04755
2026-08-19 22:23:28.908,9456.51077
2026-08-19 22:23:29.323,9295.78809
2026-08-19 22:23:29.749,9160.82423
2026-08-19 22:23:30.170,9052.87684
2026-08-19 22:23:30.584,8975.47799
2026-08-19 22:23:31.012,8950.54458
2026-08-19 22:23:31.430,9015.95411
2026-08-19 22:23:31.843,9106.09767
2026-08-19 22:23:32.258,9223.43347
2026-08-19 22:23:32.670,9369.12012
2026-08-19 22:23:33.100,9535.90907
2026-08-19 22:23:33.527,9724.40334
2026-08-19 22:23:33.944,9923.70359
2026-08-19 22:23:34.360,10126.9924
2026-08-19 22:23:34.776,10336.878
2026-08-19 22:23:35.189,10553.497
2026-08-19 22:23:35.602,10763.2624
2026-08-19 22:23:36.016,10671.7332
2026-08-19 22:23:36.428,10451.432
2026-08-19 22:23:36.848,10238.0928
2026-08-19 22:23:37.341,9989.98488
2026-08-19 22:23:37.754,9792.83385
2026-08-19 22:23:38.180,9605.21421
2026-08-19 22:23:38.593,9425.8849
2026-08-19 22:23:39.032,9272.73961
2026-08-19 22:23:39.445,9140.95805
2026-08-19 22:23:39.858,9047.29326
2026-08-19 22:23:40.272,8980.14542
2026-08-19 22:23:40.691,8970.49313
2026-08-19 22:23:41.152,9043.82713
2026-08-19 22:23:41.580,9135.145
2026-08-19 22:23:41.993,9261.40798
2026-08-19 22:23:42.424,9417.14365
2026-08-19 22:23:42.853,9590.18253
2026-08-19 22:23:43.266,9783.04045
2026-08-19 22:23:43.686,9978.76638
2026-08-19 22:23:44.100,10186.2468
2026-08-19 22:23:44.513,10396.8893
2026-08-19 22:23:44.930,10613.4266
2026-08-19 22:23:45.353,10782.611
2026-08-19 22:23:45.766,10608.2281
2026-08-19 22:23:46.182,10389.5758
2026-08-19 22:23:46.596,10176.3682
2026-08-19 22:23:47.063,9971.88493
2026-08-19 22:23:47.492,9747.9501
2026-08-19 22:23:47.906,9558.59247
2026-08-19 22:23:48.334,9388.62929
2026-08-19 22:23:48.749,9237.31581
2026-08-19 22:23:49.163,9120.89015
2026-08-19 22:23:49.590,9031.47694
2026-08-19 22:23:50.005,8971.79399
2026-08-19 22:23:50.418,8989.02427
2026-08-19 22:23:50.831,9057.3363
2026-08-19 22:23:51.256,9151.36898
2026-08-19 22:23:51.671,9280.22599
2026-08-19 22:23:52.087,9433.43832
2026-08-19 22:23:52.501,9608.04167
2026-08-19 22:23:52.928,9801.09857
2026-08-19 22:23:53.345,9997.87149
2026-08-19 22:23:53.772,10204.3889
2026-08-19 22:23:54.193,10422.6211
2026-08-19 22:23:54.606,10643.6227
2026-08-19 22:23:55.036,10786.5919
2026-08-19 22:23:55.450,10588.5464
2026-08-19 22:23:55.866,10369.997
2026-08-19 22:23:56.280,10157.0791
2026-08-19 22:23:56.708,9946.76661
2026-08-19 22:23:57.123,9750.22912
2026-08-19 22:23:57.535,9564.22687
2026-08-19 22:23:57.949,9394.08722
2026-08-19 22:23:58.368,9246.67654
2026-08-19 22:23:58.841,9114.10026
2026-08-19 22:23:59.255,9028.47159
2026-08-19 22:23:59.674,8970.93233
2026-08-19 22:24:00.092,8957.94874
2026-08-19 22:24:00.506,8957.29506
2026-08-19 22:24:00.924,8956.73011
2026-08-19 22:24:01.344,8955.8947
2026-08-19 22:24:01.761,8955.0024
2026-08-19 22:24:02.175,8953.94221
2026-08-19 22:24:02.589,8953.01624
2026-08-19 22:24:03.019,8952.13424
2026-08-19 22:24:03.443,8951.23813
2026-08-19 22:24:03.858,8950.33691
2026-08-19 22:24:04.286,8949.62836
2026-08-19 22:24:04.704,8950.60318
2026-08-19 22:24:05.116,8994.87984
2026-08-19 22:24:05.550,9073.28477
2026-08-19 22:24:05.977,9177.64416
2026-08-19 22:24:06.390,9313.87493
2026-08-19 22:24:06.808,9470.88646
2026-08-19 22:24:07.223,9597.73896
2026-08-19 22:24:07.638,9458.3463
2026-08-19 22:24:08.066,9298.28271
2026-08-19 22:24:08.480,9159.46261
2026-08-19 22:24:08.906,9055.47675
2026-08-19 22:24:09.319,8977.37974
2026-08-19 22:24:09.733,8954.88272
2026-08-19 22:24:10.173,9018.77186
2026-08-19 22:24:10.597,9114.24806
2026-08-19 22:24:11.012,9236.46866
2026-08-19 22:24:11.427,9384.24844
2026-08-19 22:24:11.846,9552.89889
2026-08-19 22:24:12.273,9738.42017
2026-08-19 22:24:12.686,9938.18653
2026-08-19 22:24:13.113,10140.3181
2026-08-19 22:24:13.532,10356.1123
2026-08-19 22:24:13.961,10574.7428
2026-08-19 22:24:14.375,10777.5971
2026-08-19 22:24:14.802,10638.7516
2026-08-19 22:24:15.216,10419.3619
2026-08-19 22:24:15.644,10206.1739
2026-08-19 22:24:16.072,9993.15397
2026-08-19 22:24:16.487,9789.03347
2026-08-19 22:24:16.905,9601.04173
2026-08-19 22:24:17.321,9425.2406
2026-08-19 22:24:17.737,9271.41262
2026-08-19 22:24:18.166,9144.74448
2026-08-19 22:24:18.582,9048.28763
2026-08-19 22:24:18.996,8980.90046
2026-08-19 22:24:19.433,8974.91938
2026-08-19 22:24:19.846,9041.80399
2026-08-19 22:24:20.267,9131.64831
2026-08-19 22:24:20.681,9253.91737
2026-08-19 22:24:21.096,9403.07724
2026-08-19 22:24:21.510,9573.52074
2026-08-19 22:24:21.924,9758.12731
2026-08-19 22:24:22.340,9952.69394
2026-08-19 22:24:22.754,10156.7942
2026-08-19 22:24:23.198,10374.647
2026-08-19 22:24:23.617,10598.0114
2026-08-19 22:24:24.031,10780.8675
2026-08-19 22:24:24.445,10624.774
2026-08-19 22:24:24.884,10398.1005
2026-08-19 22:24:25.326,10180.0684
2026-08-19 22:24:25.754,9954.48063
2026-08-19 22:24:26.168,9758.4762
2026-08-19 22:24:26.581,9572.63606
2026-08-19 22:24:26.996,9401.36038
2026-08-19 22:24:27.410,9251.84354
2026-08-19 22:24:27.829,9130.53736
2026-08-19 22:24:28.242,9040.58445
2026-08-19 22:24:28.660,8977.06126
2026-08-19 22:24:29.074,8979.48546
2026-08-19 22:24:29.489,9045.35957
2026-08-19 22:24:29.903,9135.627
2026-08-19 22:24:30.330,9256.39492
2026-08-19 22:24:30.743,9410.77822
2026-08-19 22:24:31.188,9581.29827
2026-08-19 22:24:31.612,9781.18483
2026-08-19 22:24:32.024,9981.53031
2026-08-19 22:24:32.444,10184.715
2026-08-19 22:24:32.857,10397.7948
2026-08-19 22:24:33.300,10613.3052
2026-08-19 22:24:33.720,10776.7587
2026-08-19 22:24:34.134,10587.1806
2026-08-19 22:24:34.547,10368.7968
2026-08-19 22:24:34.976,10150.4235
2026-08-19 22:24:35.417,9946.0433
2026-08-19 22:24:35.831,9737.58088
2026-08-19 22:24:36.254,9552.26008
2026-08-19 22:24:36.668,9379.07009
2026-08-19 22:24:37.082,9233.42275
2026-08-19 22:24:37.511,9117.25128
2026-08-19 22:24:37.924,9028.1968
2026-08-19 22:24:38.355,8968.89819
2026-08-19 22:24:38.768,8953.83459
2026-08-19 22:24:39.195,8953.40877
2026-08-19 22:24:39.609,8952.77943
2026-08-19 22:24:40.038,8951.92442
2026-08-19 22:24:40.479,8950.8796
2026-08-19 22:24:40.894,8949.76
2026-08-19 22:24:41.308,8948.88228
2026-08-19 22:24:41.737,8948.0598
2026-08-19 22:24:42.149,8947.12414
2026-08-19 22:24:42.562,8946.40787
2026-08-19 22:24:42.976,8945.75014
2026-08-19 22:24:43.415,8946.79241
2026-08-19 22:24:43.830,8994.37007
2026-08-19 22:24:44.245,9071.81427
2026-08-19 22:24:44.659,9175.27787
2026-08-19 22:24:45.074,9307.33512
2026-08-19 22:24:45.487,9464.15794
2026-08-19 22:24:45.914,9593.35668
2026-08-19 22:24:46.355,9453.73836
2026-08-19 22:24:46.770,9284.45948
2026-08-19 22:24:47.183,9151.68317
2026-08-19 22:24:47.597,9048.77826
2026-08-19 22:24:48.023,8973.58297
2026-08-19 22:24:48.435,8952.42965
2026-08-19 22:24:48.859,9017.51216
2026-08-19 22:24:49.287,9109.40794
2026-08-19 22:24:49.699,9232.67687
2026-08-19 22:24:50.127,9384.32139
2026-08-19 22:24:50.553,9553.19558
2026-08-19 22:24:50.984,9744.21335
2026-08-19 22:24:51.417,9943.78445
2026-08-19 22:24:51.830,10156.1252
2026-08-19 22:24:52.253,10365.4058
2026-08-19 22:24:52.680,10585.9191
2026-08-19 22:24:53.092,10775.6538
2026-08-19 22:24:53.553,10598.9516
2026-08-19 22:24:53.982,10373.4071
2026-08-19 22:24:54.412,10154.2001
2026-08-19 22:24:54.841,9943.83334
2026-08-19 22:24:55.256,9746.92191
2026-08-19 22:24:55.677,9561.00059
2026-08-19 22:24:56.091,9387.61455
2026-08-19 22:24:56.513,9240.32448
2026-08-19 22:24:56.929,9119.66416
2026-08-19 22:24:57.342,9030.88036
2026-08-19 22:24:57.756,8968.28168
2026-08-19 22:24:58.170,8978.96236
2026-08-19 22:24:58.636,9057.04412
2026-08-19 22:24:59.072,9157.17927
2026-08-19 22:24:59.493,9288.14521
2026-08-19 22:24:59.909,9446.39919
2026-08-19 22:25:00.323,9621.90492
2026-08-19 22:25:00.736,9809.38249
2026-08-19 22:25:01.170,10013.6238
2026-08-19 22:25:01.583,10221.4674
2026-08-19 22:25:02.000,10433.1007
2026-08-19 22:25:02.413,10651.6945
2026-08-19 22:25:02.826,10769.1995
2026-08-19 22:25:03.241,10566.243
2026-08-19 22:25:03.660,10348.5177
2026-08-19 22:25:04.154,10094.2372
2026-08-19 22:25:04.582,9886.12053
2026-08-19 22:25:05.005,9693.68395
2026-08-19 22:25:05.422,9507.76381
2026-08-19 22:25:05.838,9342.09714
2026-08-19 22:25:06.253,9202.3487
2026-08-19 22:25:06.673,9093.2188
2026-08-19 22:25:07.100,9012.01754
2026-08-19 22:25:07.523,8962.4146
2026-08-19 22:25:07.951,9002.13475
2026-08-19 22:25:08.364,9079.67874
2026-08-19 22:25:08.779,9182.81023
2026-08-19 22:25:09.193,9317.03786
2026-08-19 22:25:09.613,9476.75542
2026-08-19 22:25:10.032,9657.41492
2026-08-19 22:25:10.468,9849.39567
2026-08-19 22:25:10.882,10059.3165
2026-08-19 22:25:11.298,10266.2008
2026-08-19 22:25:11.711,10480.9843
2026-08-19 22:25:12.140,10706.5907
2026-08-19 22:25:12.581,10736.5991
2026-08-19 22:25:12.995,10500.079
2026-08-19 22:25:13.420,10284.1634
2026-08-19 22:25:13.834,10069.7238
2026-08-19 22:25:14.250,9868.95146
2026-08-19 22:25:14.729,9652.05463
2026-08-19 22:25:15.142,9468.57441
2026-08-19 22:25:15.557,9309.20701
2026-08-19 22:25:15.974,9176.64704
2026-08-19 22:25:16.387,9074.02262
2026-08-19 22:25:16.801,9000.40773
2026-08-19 22:25:17.215,8957.51374
2026-08-19 22:25:17.643,8954.75192
2026-08-19 22:25:18.135,8954.18023
2026-08-19 22:25:18.552,8953.447
2026-08-19 22:25:18.979,8952.5394
2026-08-19 22:25:19.392,8951.52623
2026-08-19 22:25:19.829,8950.55583
2026-08-19 22:25:20.242,8949.71099
2026-08-19 22:25:20.665,8948.81645
2026-08-19 22:25:21.079,8948.07068
2026-08-19 22:25:21.492,8947.22323
2026-08-19 22:25:21.907,8946.61101
2026-08-19 22:25:22.341,8966.21604
2026-08-19 22:25:22.773,9035.38428
2026-08-19 22:25:23.187,9130.59428
2026-08-19 22:25:23.601,9250.91078
2026-08-19 22:25:24.027,9398.53493
2026-08-19 22:25:24.455,9570.18349
2026-08-19 22:25:24.871,9520.83996
2026-08-19 22:25:25.285,9352.80208
2026-08-19 22:25:25.712,9208.15948
2026-08-19 22:25:26.139,9088.87596
2026-08-19 22:25:26.565,9000.23445
2026-08-19 22:25:26.978,8947.60768
2026-08-19 22:25:27.395,8991.68085
2026-08-19 22:25:27.809,9072.54542
2026-08-19 22:25:28.223,9179.80623
2026-08-19 22:25:28.647,9315.76696
2026-08-19 22:25:29.062,9480.09558
2026-08-19 22:25:29.485,9658.23476
2026-08-19 22:25:29.899,9852.56588
2026-08-19 22:25:30.366,10050.8374
2026-08-19 22:25:30.794,10286.9221
2026-08-19 22:25:31.208,10505.1061
2026-08-19 22:25:31.622,10723.9771
2026-08-19 22:25:32.034,10721.1711
2026-08-19 22:25:32.447,10499.2581
2026-08-19 22:25:32.862,10284.2283
2026-08-19 22:25:33.289,10074.7818
2026-08-19 22:25:33.718,9867.61327
2026-08-19 22:25:34.132,9668.75546
2026-08-19 22:25:34.547,9488.93235
2026-08-19 22:25:34.960,9326.63176
2026-08-19 22:25:35.374,9190.70338
2026-08-19 22:25:35.788,9084.48256
2026-08-19 22:25:36.202,9006.06638
2026-08-19 22:25:36.616,8961.50853
2026-08-19 22:25:37.028,9004.83493
2026-08-19 22:25:37.451,9081.22183
2026-08-19 22:25:37.878,9188.25443
2026-08-19 22:25:38.292,9328.3016
2026-08-19 22:25:38.708,9489.46537
2026-08-19 22:25:39.122,9668.86252
2026-08-19 22:25:39.536,9859.3527
2026-08-19 22:25:39.951,10058.6915
2026-08-19 22:25:40.387,10265.7615
2026-08-19 22:25:40.815,10490.4836
2026-08-19 22:25:41.242,10717.2046
2026-08-19 22:25:41.656,10720.1615
2026-08-19 22:25:42.072,10497.9775
2026-08-19 22:25:42.516,10281.1253
2026-08-19 22:25:42.930,10057.7042
2026-08-19 22:25:43.342,9857.92792
2026-08-19 22:25:43.757,9666.25256
2026-08-19 22:25:44.223,9486.34817
2026-08-19 22:25:44.647,9304.31767
2026-08-19 22:25:45.063,9171.61339
2026-08-19 22:25:45.477,9070.29803
2026-08-19 22:25:45.892,8997.44067
2026-08-19 22:25:46.321,8966.16147
2026-08-19 22:25:46.749,9020.47296
2026-08-19 22:25:47.162,9104.55219
2026-08-19 22:25:47.591,9215.59729
2026-08-19 22:25:48.011,9362.17941
2026-08-19 22:25:48.426,9530.05284
2026-08-19 22:25:48.861,9712.19761
2026-08-19 22:25:49.274,9915.23946
2026-08-19 22:25:49.700,10116.2938
2026-08-19 22:25:50.114,10331.0017
2026-08-19 22:25:50.532,10546.5156
2026-08-19 22:25:51.007,10774.1788
2026-08-19 22:25:51.422,10643.2733
2026-08-19 22:25:51.835,10423.5579
2026-08-19 22:25:52.261,10210.5807
2026-08-19 22:25:52.681,9998.19521
2026-08-19 22:25:53.111,9797.53704
2026-08-19 22:25:53.530,9601.99733
2026-08-19 22:25:53.953,9425.70117
2026-08-19 22:25:54.379,9269.70007
2026-08-19 22:25:54.808,9142.96788
2026-08-19 22:25:55.221,9047.4799
2026-08-19 22:25:55.721,8972.48318
2026-08-19 22:25:56.143,8956.55593
2026-08-19 22:25:56.557,8956.26224
2026-08-19 22:25:56.971,8955.80745
2026-08-19 22:25:57.385,8955.04292
2026-08-19 22:25:57.853,8953.96596
2026-08-19 22:25:58.271,8952.95196
2026-08-19 22:25:58.685,8952.03276
2026-08-19 22:25:59.112,8951.20243
2026-08-19 22:25:59.526,8950.40894
2026-08-19 22:25:59.959,8949.54806
2026-08-19 22:26:00.373,8948.89683
2026-08-19 22:26:00.789,8950.11636
2026-08-19 22:26:01.204,8995.28438
2026-08-19 22:26:01.617,9071.51579
2026-08-19 22:26:02.031,9173.33524
2026-08-19 22:26:02.450,9304.08408
2026-08-19 22:26:02.877,9461.65746
2026-08-19 22:26:03.302,9596.61133
2026-08-19 22:26:03.726,9457.35693
2026-08-19 22:26:04.141,9293.73306
2026-08-19 22:26:04.568,9159.83734
2026-08-19 22:26:04.981,9052.7781
2026-08-19 22:26:05.426,8977.31143
2026-08-19 22:26:05.854,8957.12156
2026-08-19 22:26:06.272,9026.30963
2026-08-19 22:26:06.688,9119.00291
2026-08-19 22:26:07.102,9240.18565
2026-08-19 22:26:07.529,9388.18843
2026-08-19 22:26:07.948,9562.27863
2026-08-19 22:26:08.367,9748.27887
2026-08-19 22:26:08.782,9944.93573
2026-08-19 22:26:09.197,10147.7951
2026-08-19 22:26:09.611,10357.5651
2026-08-19 22:26:10.025,10573.4168
2026-08-19 22:26:10.438,10773.1462
2026-08-19 22:26:10.872,10649.5554
2026-08-19 22:26:11.291,10421.6502
2026-08-19 22:26:11.706,10205.4051
2026-08-19 22:26:12.120,9998.99028
2026-08-19 22:26:12.534,9801.66879
2026-08-19 22:26:12.953,9613.20804
2026-08-19 22:26:13.380,9435.71441
2026-08-19 22:26:13.799,9276.79747
2026-08-19 22:26:14.212,9149.78063
2026-08-19 22:26:14.627,9053.97174
2026-08-19 22:26:15.057,8983.08026
2026-08-19 22:26:15.478,8970.80803
2026-08-19 22:26:15.893,9035.02822
2026-08-19 22:26:16.306,9122.5592
2026-08-19 22:26:16.720,9240.12976
2026-08-19 22:26:17.136,9386.0695
2026-08-19 22:26:17.599,9555.28345
2026-08-19 22:26:18.024,9763.57328
2026-08-19 22:26:18.438,9961.43812
2026-08-19 22:26:18.852,10164.567
2026-08-19 22:26:19.270,10374.9909
2026-08-19 22:26:19.686,10593.3765
2026-08-19 22:26:20.100,10779.1429
2026-08-19 22:26:20.526,10630.3258
2026-08-19 22:26:20.945,10404.852
2026-08-19 22:26:21.366,10189.8483
2026-08-19 22:26:21.793,9981.09976
2026-08-19 22:26:22.207,9778.03147
2026-08-19 22:26:22.634,9590.86556
2026-08-19 22:26:23.067,9412.66902
2026-08-19 22:26:23.481,9255.74391
2026-08-19 22:26:23.909,9131.49533
2026-08-19 22:26:24.342,9039.39726
2026-08-19 22:26:24.756,8976.19158
2026-08-19 22:26:25.186,8984.38069
2026-08-19 22:26:25.613,9053.88787
2026-08-19 22:26:26.026,9150.08485
2026-08-19 22:26:26.439,9274.16864
2026-08-19 22:26:26.853,9425.8323
2026-08-19 22:26:27.315,9619.77323
2026-08-19 22:26:27.729,9807.33033
2026-08-19 22:26:28.142,10004.5089
2026-08-19 22:26:28.557,10209.1052
2026-08-19 22:26:28.970,10421.1504
2026-08-19 22:26:29.383,10637.8194
2026-08-19 22:26:29.848,10781.5791
2026-08-19 22:26:30.284,10556.3633
2026-08-19 22:26:30.698,10335.6861
2026-08-19 22:26:31.117,10125.2513
2026-08-19 22:26:31.530,9920.22088
2026-08-19 22:26:31.944,9725.84926
2026-08-19 22:26:32.372,9541.86325
2026-08-19 22:26:32.790,9368.34124
2026-08-19 22:26:33.218,9224.20804
2026-08-19 22:26:33.632,9108.27886
2026-08-19 22:26:34.047,9025.65985
2026-08-19 22:26:34.476,8968.49838
2026-08-19 22:26:34.891,8958.92046
2026-08-19 22:26:35.313,8958.29665
2026-08-19 22:26:35.739,8957.75187
2026-08-19 22:26:36.154,8956.93654
2026-08-19 22:26:36.572,8956.01158
2026-08-19 22:26:36.987,8954.96905
2026-08-19 22:26:37.402,8954.01672
2026-08-19 22:26:37.822,8953.07714
2026-08-19 22:26:38.253,8952.16124
2026-08-19 22:26:38.671,8951.44035
2026-08-19 22:26:39.097,8950.7151
2026-08-19 22:26:39.512,8953.44551
2026-08-19 22:26:39.928,9002.36834
2026-08-19 22:26:40.373,9080.66758
2026-08-19 22:26:40.785,9193.94418
2026-08-19 22:26:41.214,9328.81995
2026-08-19 22:26:41.627,9493.5393
2026-08-19 22:26:42.042,9594.39848
2026-08-19 22:26:42.516,9417.27652
2026-08-19 22:26:42.936,9260.94079
2026-08-19 22:26:43.354,9132.23508
2026-08-19 22:26:43.768,9034.66305
2026-08-19 22:26:44.182,8965.16187
2026-08-19 22:26:44.619,8966.72104
2026-08-19 22:26:45.046,9041.94624
2026-08-19 22:26:45.460,9141.51328
2026-08-19 22:26:45.887,9272.20873
2026-08-19 22:26:46.301,9424.82202
2026-08-19 22:26:46.743,9597.41178
2026-08-19 22:26:47.172,9796.22509
2026-08-19 22:26:47.585,9999.53047
2026-08-19 22:26:47.999,10203.4705
2026-08-19 22:26:48.412,10414.7953
2026-08-19 22:26:48.824,10631.3463
2026-08-19 22:26:49.238,10783.6119
2026-08-19 22:26:49.652,10600.9973
2026-08-19 22:26:50.074,10382.2446
2026-08-19 22:26:50.487,10166.2536
2026-08-19 22:26:50.953,9937.11785
2026-08-19 22:26:51.382,9742.19253
2026-08-19 22:26:51.810,9550.86533
2026-08-19 22:26:52.227,9376.81197
2026-08-19 22:26:52.641,9231.04479
2026-08-19 22:26:53.055,9115.51132
2026-08-19 22:26:53.481,9029.36947
2026-08-19 22:26:53.976,8965.05841
2026-08-19 22:26:54.392,9003.30551
2026-08-19 22:26:54.807,9078.52907
2026-08-19 22:26:55.220,9181.27212
2026-08-19 22:26:55.642,9314.15349
2026-08-19 22:26:56.062,9476.03298
2026-08-19 22:26:56.476,9655.67697
2026-08-19 22:26:56.896,9845.40712
2026-08-19 22:26:57.310,10047.3504
2026-08-19 22:26:57.745,10261.4776
2026-08-19 22:26:58.158,10477.5365
2026-08-19 22:26:58.589,10695.2653
2026-08-19 22:26:59.083,10706.8998
2026-08-19 22:26:59.509,10486.0003
2026-08-19 22:26:59.926,10264.8602
2026-08-19 22:27:00.351,10055.2062
2026-08-19 22:27:00.783,9849.68854
2026-08-19 22:27:01.207,9650.09172
2026-08-19 22:27:01.623,9467.7991
2026-08-19 22:27:02.051,9308.33925
2026-08-19 22:27:02.478,9172.95485
2026-08-19 22:27:02.909,9070.14666
2026-08-19 22:27:03.338,8995.82267
2026-08-19 22:27:03.765,8971.27259
2026-08-19 22:27:04.177,9031.27372
2026-08-19 22:27:04.594,9114.76507
2026-08-19 22:27:05.022,9228.88116
2026-08-19 22:27:05.439,9377.32964
2026-08-19 22:27:05.868,9545.64595
2026-08-19 22:27:06.281,9735.06706
2026-08-19 22:27:06.694,9928.6328
2026-08-19 22:27:07.121,10130.7742
2026-08-19 22:27:07.550,10346.448
2026-08-19 22:27:07.965,10571.0197
2026-08-19 22:27:08.393,10774.876
2026-08-19 22:27:08.806,10657.378
2026-08-19 22:27:09.219,10437.7985
2026-08-19 22:27:09.634,10224.2107
2026-08-19 22:27:10.048,10017.0707
2026-08-19 22:27:10.472,9818.19629
2026-08-19 22:27:10.902,9623.93557
2026-08-19 22:27:11.317,9441.47717
2026-08-19 22:27:11.731,9286.37733
2026-08-19 22:27:12.146,9159.56249
2026-08-19 22:27:12.565,9063.40968
2026-08-19 22:27:13.030,8986.7546
2026-08-19 22:27:13.457,8959.6629
2026-08-19 22:27:13.875,8959.57219
2026-08-19 22:27:14.288,8959.12361
2026-08-19 22:27:14.702,8958.39907
2026-08-19 22:27:15.138,8957.42849
2026-08-19 22:27:15.553,8956.34362
2026-08-19 22:27:15.973,8955.44341
2026-08-19 22:27:16.389,8954.63044
2026-08-19 22:27:16.815,8953.79696
2026-08-19 22:27:17.272,8952.86708
2026-08-19 22:27:17.686,8952.17755
2026-08-19 22:27:18.099,8951.50739
2026-08-19 22:27:18.513,8983.61425
2026-08-19 22:27:18.939,9054.62067
2026-08-19 22:27:19.353,9153.28668
2026-08-19 22:27:19.769,9278.747
2026-08-19 22:27:20.182,9430.60967
2026-08-19 22:27:20.596,9590.25156
2026-08-19 22:27:21.016,9508.11146
2026-08-19 22:27:21.430,9340.15751
2026-08-19 22:27:21.854,9198.52341
2026-08-19 22:27:22.268,9083.37315
2026-08-19 22:27:22.696,9000.04731
2026-08-19 22:27:23.152,8953.8608
2026-08-19 22:27:23.567,9009.98695
2026-08-19 22:27:23.982,9095.01482
2026-08-19 22:27:24.399,9207.85399
2026-08-19 22:27:24.813,9350.10982
2026-08-19 22:27:25.280,9536.46239
2026-08-19 22:27:25.693,9718.12228
2026-08-19 22:27:26.112,9910.58802
2026-08-19 22:27:26.525,10114.3656
2026-08-19 22:27:26.952,10329.8471
2026-08-19 22:27:27.398,10544.4632
2026-08-19 22:27:27.811,10770.5477
2026-08-19 22:27:28.225,10677.2227
2026-08-19 22:27:28.638,10456.3183
2026-08-19 22:27:29.051,10242.1509
2026-08-19 22:27:29.469,10035.3245
2026-08-19 22:27:29.884,9834.36484
2026-08-19 22:27:30.360,9620.43217
2026-08-19 22:27:30.774,9441.08033
2026-08-19 22:27:31.189,9286.19154
2026-08-19 22:27:31.602,9159.08433
2026-08-19 22:27:32.030,9059.24645
2026-08-19 22:27:32.443,8990.17915
2026-08-19 22:27:32.872,8972.53597
2026-08-19 22:27:33.299,9036.06323
2026-08-19 22:27:33.713,9125.47974
2026-08-19 22:27:34.141,9247.36349
2026-08-19 22:27:34.568,9394.11839
2026-08-19 22:27:34.985,9568.53329
2026-08-19 22:27:35.404,9754.31812
2026-08-19 22:27:35.819,9951.63132
2026-08-19 22:27:36.247,10155.1681
2026-08-19 22:27:36.668,10372.4757
2026-08-19 22:27:37.081,10591.9362
2026-08-19 22:27:37.521,10784.9126
2026-08-19 22:27:37.941,10631.3823
2026-08-19 22:27:38.356,10408.9532
2026-08-19 22:27:38.783,10195.4099
2026-08-19 22:27:39.196,9983.78671
2026-08-19 22:27:39.656,9786.906
2026-08-19 22:27:40.068,9579.26978
2026-08-19 22:27:40.489,9408.22533
2026-08-19 22:27:40.905,9256.31393
2026-08-19 22:27:41.318,9135.95781
2026-08-19 22:27:41.755,9046.21326
2026-08-19 22:27:42.183,8979.85987
2026-08-19 22:27:42.598,8990.06583
2026-08-19 22:27:43.012,9057.46134
2026-08-19 22:27:43.423,9149.66021
2026-08-19 22:27:43.888,9288.86769
2026-08-19 22:27:44.302,9443.82276
2026-08-19 22:27:44.716,9617.84801
2026-08-19 22:27:45.129,9805.34369
2026-08-19 22:27:45.548,10001.9126
2026-08-19 22:27:46.051,10233.4781
2026-08-19 22:27:46.464,10467.27
2026-08-19 22:27:46.882,10684.9596
2026-08-19 22:27:47.296,10765.3557
2026-08-19 22:27:47.723,10549.2548
2026-08-19 22:27:48.142,10325.4518
2026-08-19 22:27:48.567,10112.5103
2026-08-19 22:27:48.983,9904.37927
2026-08-19 22:27:49.400,9709.8677
2026-08-19 22:27:49.814,9525.79575
2026-08-19 22:27:50.228,9359.63449
2026-08-19 22:27:50.664,9214.40557
2026-08-19 22:27:51.083,9103.30303
2026-08-19 22:27:51.496,9022.29642
2026-08-19 22:27:51.912,8969.97141
2026-08-19 22:27:52.325,8962.26895
2026-08-19 22:27:52.755,8961.77634
2026-08-19 22:27:53.172,8961.13599
2026-08-19 22:27:53.587,8960.28587
2026-08-19 22:27:54.000,8959.18628
2026-08-19 22:27:54.413,8958.33541
2026-08-19 22:27:54.828,8957.32759
2026-08-19 22:27:55.294,8956.39925
2026-08-19 22:27:55.709,8955.67339
2026-08-19 22:27:56.124,8954.963
2026-08-19 22:27:56.547,8954.20718
2026-08-19 22:27:56.961,8959.31486
2026-08-19 22:27:57.375,9012.21606
2026-08-19 22:27:57.820,9092.52093
2026-08-19 22:27:58.247,9208.86766
2026-08-19 22:27:58.660,9351.35909
2026-08-19 22:27:59.075,9512.76448
2026-08-19 22:27:59.503,9590.03024
2026-08-19 22:27:59.944,9418.04099
2026-08-19 22:28:00.357,9259.86581
2026-08-19 22:28:00.785,9134.27339
2026-08-19 22:28:01.209,9035.26618
2026-08-19 22:28:01.635,8965.4635
2026-08-19 22:28:02.063,8976.72905
2026-08-19 22:28:02.478,9052.17545
2026-08-19 22:28:02.901,9150.60788
2026-08-19 22:28:03.319,9281.71024
2026-08-19 22:28:03.732,9436.91922
2026-08-19 22:28:04.147,9610.05012
2026-08-19 22:28:04.626,9821.69585
2026-08-19 22:28:05.041,10025.5448
2026-08-19 22:28:05.457,10231.2996
2026-08-19 22:28:05.885,10444.9826
2026-08-19 22:28:06.302,10670.3359
2026-08-19 22:28:06.729,10778.5439
2026-08-19 22:28:07.144,10563.7979
2026-08-19 22:28:07.560,10345.7117
2026-08-19 22:28:07.975,10133.2265
2026-08-19 22:28:08.394,9929.93942
2026-08-19 22:28:08.808,9732.93348
2026-08-19 22:28:09.253,9548.86131
2026-08-19 22:28:09.667,9369.06054
2026-08-19 22:28:10.082,9226.43935
2026-08-19 22:28:10.499,9113.16586
2026-08-19 22:28:10.913,9028.77766
2026-08-19 22:28:11.335,8972.99782
2026-08-19 22:28:11.751,9002.67471
2026-08-19 22:28:12.165,9075.64501
2026-08-19 22:28:12.578,9175.25153
2026-08-19 22:28:13.016,9305.36489
2026-08-19 22:28:13.429,9471.71538
2026-08-19 22:28:13.848,9647.92292
2026-08-19 22:28:14.277,9840.79738
2026-08-19 22:28:14.689,10046.3848
2026-08-19 22:28:15.132,10252.8779
2026-08-19 22:28:15.560,10481.3089
2026-08-19 22:28:15.978,10708.1907
2026-08-19 22:28:16.392,10766.5531
2026-08-19 22:28:16.806,10546.3988
2026-08-19 22:28:17.285,10304.5923
2026-08-19 22:28:17.703,10087.096
2026-08-19 22:28:18.117,9883.53689
2026-08-19 22:28:18.532,9690.96967
2026-08-19 22:28:18.947,9509.35284
2026-08-19 22:28:19.383,9340.37039
2026-08-19 22:28:19.798,9201.65106
2026-08-19 22:28:20.222,9096.3138
2026-08-19 22:28:20.639,9017.89538
2026-08-19 22:28:21.053,8976.75383
2026-08-19 22:28:21.515,9030.60047
2026-08-19 22:28:21.932,9110.81634
2026-08-19 22:28:22.345,9220.843
2026-08-19 22:28:22.759,9360.26424
2026-08-19 22:28:23.172,9523.67701
2026-08-19 22:28:23.599,9704.63509
2026-08-19 22:28:24.026,9903.18072
2026-08-19 22:28:24.458,10110.5701
2026-08-19 22:28:24.871,10328.7248
2026-08-19 22:28:25.287,10543.4816
2026-08-19 22:28:25.716,10763.9893
2026-08-19 22:28:26.142,10710.5336
2026-08-19 22:28:26.604,10460.736
2026-08-19 22:28:27.019,10241.6537
2026-08-19 22:28:27.432,10033.5652
2026-08-19 22:28:27.847,9834.4169
2026-08-19 22:28:28.263,9643.67146
2026-08-19 22:28:28.706,9465.85098
2026-08-19 22:28:29.120,9298.03223
2026-08-19 22:28:29.535,9170.38005
2026-08-19 22:28:29.954,9073.2197
2026-08-19 22:28:30.370,9003.07395
2026-08-19 22:28:30.796,8968.7119
2026-08-19 22:28:31.211,8967.92655
2026-08-19 22:28:31.639,8967.44176
2026-08-19 22:28:32.052,8966.65275
2026-08-19 22:28:32.471,8965.73976
2026-08-19 22:28:32.886,8964.65826
2026-08-19 22:28:33.299,8963.63893
2026-08-19 22:28:33.733,8962.73907
2026-08-19 22:28:34.147,8961.85608
2026-08-19 22:28:34.582,8961.04425
2026-08-19 22:28:34.995,8960.32879
2026-08-19 22:28:35.408,8959.56835
2026-08-19 22:28:35.835,8979.54573
2026-08-19 22:28:36.250,9048.53901
2026-08-19 22:28:36.676,9139.7974
2026-08-19 22:28:37.162,9286.88241
2026-08-19 22:28:37.578,9437.50759
2026-08-19 22:28:37.993,9598.04157
2026-08-19 22:28:38.421,9513.31311
2026-08-19 22:28:38.877,9326.84347
2026-08-19 22:28:39.291,9188.13347
2026-08-19 22:28:39.704,9079.25273
2026-08-19 22:28:40.118,8998.84198
2026-08-19 22:28:40.532,8959.38107
2026-08-19 22:28:40.999,9023.48971
2026-08-19 22:28:41.425,9114.08825
2026-08-19 22:28:41.839,9230.32105
2026-08-19 22:28:42.253,9374.71354
2026-08-19 22:28:42.666,9541.08704
2026-08-19 22:28:43.087,9722.91768
2026-08-19 22:28:43.504,9919.95397
2026-08-19 22:28:43.932,10123.2925
2026-08-19 22:28:44.353,10339.145
2026-08-19 22:28:44.766,10558.8914
2026-08-19 22:28:45.192,10778.8358
2026-08-19 22:28:45.606,10695.6245
2026-08-19 22:28:46.019,10474.2329
2026-08-19 22:28:46.466,10243.0398
2026-08-19 22:28:46.887,10035.519
2026-08-19 22:28:47.300,9832.60915
2026-08-19 22:28:47.713,9642.63316
2026-08-19 22:28:48.182,9443.39637
2026-08-19 22:28:48.596,9288.8652
2026-08-19 22:28:49.016,9162.25137
2026-08-19 22:28:49.432,9064.56041
2026-08-19 22:28:49.847,8995.2301
2026-08-19 22:28:50.313,8986.12915
2026-08-19 22:28:50.729,9051.94173
2026-08-19 22:28:51.153,9142.32827
2026-08-19 22:28:51.567,9266.28541
2026-08-19 22:28:51.982,9415.87734
2026-08-19 22:28:52.426,9587.08719
2026-08-19 22:28:52.851,9786.53228
2026-08-19 22:28:53.265,9988.59564
2026-08-19 22:28:53.680,10193.0325
2026-08-19 22:28:54.143,10404.6444
2026-08-19 22:28:54.571,10650.4218
2026-08-19 22:28:54.985,10793.3794
2026-08-19 22:28:55.413,10599.31
2026-08-19 22:28:55.827,10373.5045
2026-08-19 22:28:56.267,10153.6284
2026-08-19 22:28:56.691,9944.25908
2026-08-19 22:28:57.106,9743.56863
2026-08-19 22:28:57.520,9558.37889
2026-08-19 22:28:57.947,9388.82547
2026-08-19 22:28:58.361,9239.31502
2026-08-19 22:28:58.782,9124.26894
2026-08-19 22:28:59.196,9037.6616
2026-08-19 22:28:59.619,8979.34874
2026-08-19 22:29:00.035,9001.9648
2026-08-19 22:29:00.449,9072.26819
2026-08-19 22:29:00.862,9168.65351
2026-08-19 22:29:01.372,9325.51118
2026-08-19 22:29:01.801,9489.30488
2026-08-19 22:29:02.230,9674.17299
2026-08-19 22:29:02.644,9871.84847
2026-08-19 22:29:03.061,10072.4812
2026-08-19 22:29:03.484,10281.3407
2026-08-19 22:29:03.897,10500.1275
2026-08-19 22:29:04.311,10718.9301
2026-08-19 22:29:04.736,10760.1511
2026-08-19 22:29:05.150,10532.1153
2026-08-19 22:29:05.568,10315.2499
2026-08-19 22:29:06.003,10103.0812
2026-08-19 22:29:06.429,9890.65262
2026-08-19 22:29:06.856,9691.61844
2026-08-19 22:29:07.270,9504.64408
2026-08-19 22:29:07.684,9341.47169
2026-08-19 22:29:08.129,9204.39911
2026-08-19 22:29:08.558,9088.41228
2026-08-19 22:29:08.971,9013.64502
2026-08-19 22:29:09.385,8969.37251
2026-08-19 22:29:09.797,8966.01674
2026-08-19 22:29:10.225,8965.54595
2026-08-19 22:29:10.640,8964.78975
2026-08-19 22:29:11.072,8963.89291
2026-08-19 22:29:11.499,8962.78607
2026-08-19 22:29:11.912,8961.82883
2026-08-19 22:29:12.339,8960.77633
2026-08-19 22:29:12.763,8959.93225
2026-08-19 22:29:13.211,8959.05406
2026-08-19 22:29:13.626,8958.22286
2026-08-19 22:29:14.043,8957.45084
2026-08-19 22:29:14.458,8970.98019
2026-08-19 22:29:14.872,9033.64749
2026-08-19 22:29:15.318,9120.43889
2026-08-19 22:29:15.731,9245.06023
2026-08-19 22:29:16.157,9389.27884
2026-08-19 22:29:16.572,9560.44496
2026-08-19 22:29:17.000,9561.2465
2026-08-19 22:29:17.452,9369.25757
2026-08-19 22:29:17.866,9223.50357
2026-08-19 22:29:18.281,9106.11959
2026-08-19 22:29:18.703,9017.73654
2026-08-19 22:29:19.116,8959.30802
2026-08-19 22:29:19.554,8995.01263
2026-08-19 22:29:19.967,9078.03719
2026-08-19 22:29:20.392,9183.70113
2026-08-19 22:29:20.805,9322.35484
2026-08-19 22:29:21.226,9481.84363
2026-08-19 22:29:21.664,9662.68042
2026-08-19 22:29:22.088,9863.82392
2026-08-19 22:29:22.516,10068.3423
2026-08-19 22:29:22.929,10282.6675
2026-08-19 22:29:23.342,10496.6491
2026-08-19 22:29:23.783,10715.3431
2026-08-19 22:29:24.210,10746.6684
2026-08-19 22:29:24.625,10516.6099
2026-08-19 22:29:25.040,10299.3845
2026-08-19 22:29:25.467,10089.7046
2026-08-19 22:29:25.894,9881.83375
2026-08-19 22:29:26.356,9683.00445
2026-08-19 22:29:26.787,9480.35934
2026-08-19 22:29:27.214,9316.10213
2026-08-19 22:29:27.640,9180.15566
2026-08-19 22:29:28.067,9076.33012
2026-08-19 22:29:28.481,9001.47998
2026-08-19 22:29:28.901,8974.31449
2026-08-19 22:29:29.314,9031.70361
2026-08-19 22:29:29.730,9114.48298
2026-08-19 22:29:30.143,9227.25877
2026-08-19 22:29:30.557,9369.19604
2026-08-19 22:29:30.982,9534.49475
2026-08-19 22:29:31.398,9721.34119
2026-08-19 22:29:31.813,9915.89222
2026-08-19 22:29:32.228,10117.9044
2026-08-19 22:29:32.641,10327.5767
2026-08-19 22:29:33.069,10542.4809
2026-08-19 22:29:33.483,10767.6688
2026-08-19 22:29:33.950,10679.6932
2026-08-19 22:29:34.364,10458.6208
2026-08-19 22:29:34.777,10243.9237
2026-08-19 22:29:35.195,10036.7046
2026-08-19 22:29:35.609,9835.34468
2026-08-19 22:29:36.023,9644.87693
2026-08-19 22:29:36.450,9461.30615
2026-08-19 22:29:36.920,9304.6424
2026-08-19 22:29:37.366,9151.45012
2026-08-19 22:29:37.783,9058.50658
2026-08-19 22:29:38.197,8992.1382
2026-08-19 22:29:38.626,8986.20457
2026-08-19 22:29:39.041,9050.69462
2026-08-19 22:29:39.455,9139.33275
2026-08-19 22:29:39.868,9258.6017
2026-08-19 22:29:40.293,9406.26759
2026-08-19 22:29:40.707,9581.02554
2026-08-19 22:29:41.143,9772.09005
2026-08-19 22:29:41.557,9972.37311
2026-08-19 22:29:41.971,10176.2011
2026-08-19 22:29:42.386,10387.0701
2026-08-19 22:29:42.799,10604.1902
2026-08-19 22:29:43.211,10793.1474
2026-08-19 22:29:43.635,10651.2066
2026-08-19 22:29:44.063,10425.7878
2026-08-19 22:29:44.476,10204.6613
2026-08-19 22:29:44.907,9991.79666
2026-08-19 22:29:45.337,9792.80634
2026-08-19 22:29:45.759,9597.68823
2026-08-19 22:29:46.184,9421.29785
2026-08-19 22:29:46.600,9266.57534
2026-08-19 22:29:47.013,9145.29343
2026-08-19 22:29:47.439,9054.7396
2026-08-19 22:29:47.852,8988.9309
2026-08-19 22:29:48.291,8966.15545
2026-08-19 22:29:48.704,8965.95208
2026-08-19 22:29:49.129,8965.44948
2026-08-19 22:29:49.543,8964.67762
2026-08-19 22:29:49.956,8963.75656
2026-08-19 22:29:50.379,8962.70255
2026-08-19 22:29:50.793,8961.7711
2026-08-19 22:29:51.212,8960.83897
2026-08-19 22:29:51.638,8959.94491
2026-08-19 22:29:52.052,8959.20783
2026-08-19 22:29:52.466,8958.4428
2026-08-19 22:29:52.883,8957.81814
2026-08-19 22:29:53.297,8989.25586
2026-08-19 22:29:53.797,9060.30799
2026-08-19 22:29:54.232,9183.22486
2026-08-19 22:29:54.645,9316.54597
2026-08-19 22:29:55.059,9472.50594
2026-08-19 22:29:55.471,9607.29382
2026-08-19 22:29:55.888,9477.71381
2026-08-19 22:29:56.301,9315.47685
2026-08-19 22:29:56.741,9178.94856
2026-08-19 22:29:57.168,9066.71842
2026-08-19 22:29:57.585,8987.90717
2026-08-19 22:29:57.998,8962.84444
2026-08-19 22:29:58.411,9025.73972
2026-08-19 22:29:58.825,9113.92113
2026-08-19 22:29:59.239,9230.34411
2026-08-19 22:29:59.668,9374.76179
2026-08-19 22:30:00.082,9547.83555
2026-08-19 22:30:00.500,9730.45698
2026-08-19 22:30:00.928,9925.83037
2026-08-19 22:30:01.342,10134.3391
2026-08-19 22:30:01.780,10343.8266
2026-08-19 22:30:02.195,10572.1603
2026-08-19 22:30:02.610,10781.9092
2026-08-19 22:30:03.034,10684.0787
2026-08-19 22:30:03.499,10457.2887
2026-08-19 22:30:03.918,10214.3539
2026-08-19 22:30:04.331,10008.2485
2026-08-19 22:30:04.753,9810.17016
2026-08-19 22:30:05.166,9617.83582
2026-08-19 22:30:05.634,9442.8637
2026-08-19 22:30:06.067,9268.48812
2026-08-19 22:30:06.481,9142.78932
2026-08-19 22:30:06.900,9051.18347
2026-08-19 22:30:07.315,8985.49651
2026-08-19 22:30:07.738,8986.70083
2026-08-19 22:30:08.152,9054.43666
2026-08-19 22:30:08.566,9145.91394
2026-08-19 22:30:08.994,9267.45459
2026-08-19 22:30:09.408,9422.85333
2026-08-19 22:30:09.823,9594.65319
2026-08-19 22:30:10.238,9781.06121
2026-08-19 22:30:10.653,9977.50182
2026-08-19 22:30:11.114,10205.927
2026-08-19 22:30:11.529,10417.5934
2026-08-19 22:30:11.968,10643.159
2026-08-19 22:30:12.385,10794.3114
2026-08-19 22:30:12.798,10604.0174
2026-08-19 22:30:13.213,10385.6989
2026-08-19 22:30:13.632,10172.8046
2026-08-19 22:30:14.060,9958.16745
2026-08-19 22:30:14.473,9761.86926
2026-08-19 22:30:14.887,9576.25553
2026-08-19 22:30:15.304,9405.13365
2026-08-19 22:30:15.718,9255.9287
2026-08-19 22:30:16.134,9137.30103
2026-08-19 22:30:16.562,9047.65891
2026-08-19 22:30:16.976,8983.40474
2026-08-19 22:30:17.405,8993.77366
2026-08-19 22:30:17.818,9063.53095
2026-08-19 22:30:18.255,9156.73526
2026-08-19 22:30:18.673,9288.38227
2026-08-19 22:30:19.098,9443.29459
2026-08-19 22:30:19.513,9622.3157
2026-08-19 22:30:19.932,9809.72107
2026-08-19 22:30:20.346,10009.7655
2026-08-19 22:30:20.760,10215.2305
2026-08-19 22:30:21.187,10427.5156
2026-08-19 22:30:21.613,10652.0693
2026-08-19 22:30:22.026,10789.8882
2026-08-19 22:30:22.456,10584.6266
2026-08-19 22:30:22.871,10366.0335
2026-08-19 22:30:23.285,10154.3799
2026-08-19 22:30:23.698,9950.13122
2026-08-19 22:30:24.111,9754.38392
2026-08-19 22:30:24.550,9569.10598
2026-08-19 22:30:24.965,9388.80638
2026-08-19 22:30:25.395,9238.55975
2026-08-19 22:30:25.808,9124.16793
2026-08-19 22:30:26.223,9039.34543
2026-08-19 22:30:26.652,8980.70488
2026-08-19 22:30:27.065,8966.804
2026-08-19 22:30:27.481,8966.2424
2026-08-19 22:30:27.899,8965.65733
2026-08-19 22:30:28.314,8964.88039
2026-08-19 22:30:28.749,8963.89855
2026-08-19 22:30:29.163,8962.83064
2026-08-19 22:30:29.576,8961.83255
2026-08-19 22:30:29.992,8960.95678
2026-08-19 22:30:30.419,8960.09904
2026-08-19 22:30:30.880,8959.19727
2026-08-19 22:30:31.294,8958.46758
2026-08-19 22:30:31.722,8961.32031
2026-08-19 22:30:32.141,9000.70073
2026-08-19 22:30:32.555,9077.29501
2026-08-19 22:30:32.974,9183.48646
2026-08-19 22:30:33.386,9317.1737
2026-08-19 22:30:33.801,9474.98187
2026-08-19 22:30:34.223,9593.55446
2026-08-19 22:30:34.638,9445.30829
2026-08-19 22:30:35.071,9286.12636
2026-08-19 22:30:35.498,9148.03017
2026-08-19 22:30:35.913,9043.41745
2026-08-19 22:30:36.326,8969.76837
2026-08-19 22:30:36.755,8955.0347
2026-08-19 22:30:37.179,9024.64639
2026-08-19 22:30:37.600,9119.07812
2026-08-19 22:30:38.029,9242.7978
2026-08-19 22:30:38.441,9397.12775
2026-08-19 22:30:38.869,9573.42936
2026-08-19 22:30:39.291,9760.1725
2026-08-19 22:30:39.704,9957.11045
2026-08-19 22:30:40.119,10160.1789
2026-08-19 22:30:40.535,10370.9232
2026-08-19 22:30:40.947,10588.5674
2026-08-19 22:30:41.381,10778.7845
2026-08-19 22:30:41.797,10629.0994
2026-08-19 22:30:42.210,10408.3405
2026-08-19 22:30:42.626,10194.8642
2026-08-19 22:30:43.049,9988.3396
2026-08-19 22:30:43.517,9760.8269
2026-08-19 22:30:43.942,9574.45578
2026-08-19 22:30:44.354,9397.74453
2026-08-19 22:30:44.782,9244.28554
2026-08-19 22:30:45.195,9125.02706
2026-08-19 22:30:45.614,9034.20043
2026-08-19 22:30:46.029,8970.66179
2026-08-19 22:30:46.441,8977.27702
2026-08-19 22:30:46.863,9044.04679
2026-08-19 22:30:47.276,9138.21125
2026-08-19 22:30:47.710,9265.75823
2026-08-19 22:30:48.123,9419.60745
2026-08-19 22:30:48.549,9591.81993
2026-08-19 22:30:48.967,9783.397
2026-08-19 22:30:49.381,9982.38042
2026-08-19 22:30:49.812,10194.1081
2026-08-19 22:30:50.240,10414.6401
2026-08-19 22:30:50.669,10639.4156
2026-08-19 22:30:51.082,10778.3819
2026-08-19 22:30:51.497,10586.0617
2026-08-19 22:30:51.925,10366.931
2026-08-19 22:30:52.353,10147.8737
2026-08-19 22:30:52.767,9936.65893
2026-08-19 22:30:53.181,9740.95339
2026-08-19 22:30:53.601,9555.5932
2026-08-19 22:30:54.027,9382.91346
2026-08-19 22:30:54.451,9232.628
2026-08-19 22:30:54.865,9113.9028
2026-08-19 22:30:55.278,9027.98993
2026-08-19 22:30:55.692,8968.44079
2026-08-19 22:30:56.173,8992.84813
2026-08-19 22:30:56.586,9066.9772
2026-08-19 22:30:57.000,9165.67249
2026-08-19 22:30:57.427,9295.47875
2026-08-19 22:30:57.844,9457.38802
2026-08-19 22:30:58.269,9634.98619
2026-08-19 22:30:58.688,9829.51382
2026-08-19 22:30:59.106,10030.6437
2026-08-19 22:30:59.522,10239.1451
2026-08-19 22:30:59.937,10453.4027
2026-08-19 22:31:00.351,10672.7165
2026-08-19 22:31:00.764,10767.139
2026-08-19 22:31:01.182,10555.9915
2026-08-19 22:31:01.609,10336.0661
2026-08-19 22:31:02.023,10118.2755
2026-08-19 22:31:02.454,9915.18612
2026-08-19 22:31:02.870,9713.04631
2026-08-19 22:31:03.288,9528.70283
2026-08-19 22:31:03.715,9359.50142
2026-08-19 22:31:04.132,9213.42261
2026-08-19 22:31:04.557,9101.6177
2026-08-19 22:31:04.978,9018.04391
2026-08-19 22:31:05.391,8963.55967
2026-08-19 22:31:05.805,8954.98137
2026-08-19 22:31:06.235,8954.33719
2026-08-19 22:31:06.666,8953.7414
2026-08-19 22:31:07.084,8952.85705
2026-08-19 22:31:07.497,8951.95847
2026-08-19 22:31:07.912,8950.97742
2026-08-19 22:31:08.327,8950.0213
2026-08-19 22:31:08.768,8949.06418
2026-08-19 22:31:09.184,8948.1616
2026-08-19 22:31:09.612,8947.40962
2026-08-19 22:31:10.033,8946.59006
2026-08-19 22:31:10.447,8951.26188
2026-08-19 22:31:10.875,9003.51497
2026-08-19 22:31:11.289,9086.45331
2026-08-19 22:31:11.718,9198.15549
2026-08-19 22:31:12.130,9335.20475
2026-08-19 22:31:12.557,9495.35429
2026-08-19 22:31:12.979,9585.17519
2026-08-19 22:31:13.394,9419.76124
2026-08-19 22:31:13.807,9263.77504
2026-08-19 22:31:14.227,9135.47179
2026-08-19 22:31:14.640,9035.36671
2026-08-19 22:31:15.062,8964.32326
2026-08-19 22:31:15.483,8960.01912
2026-08-19 22:31:15.902,9031.37059
2026-08-19 22:31:16.315,9126.57542
2026-08-19 22:31:16.743,9254.71669
2026-08-19 22:31:17.177,9411.34824
2026-08-19 22:31:17.591,9585.27424
2026-08-19 22:31:18.012,9771.15319
2026-08-19 22:31:18.432,9970.22339
2026-08-19 22:31:18.845,10177.36
2026-08-19 22:31:19.266,10387.9381
2026-08-19 22:31:19.693,10608.4334
2026-08-19 22:31:20.112,10780.7396
2026-08-19 22:31:20.526,10606.5636
2026-08-19 22:31:20.952,10387.1684
2026-08-19 22:31:21.379,10168.1667
2026-08-19 22:31:21.792,9956.94971
2026-08-19 22:31:22.223,9760.58999
2026-08-19 22:31:22.638,9566.69449
2026-08-19 22:31:23.053,9395.11513
2026-08-19 22:31:23.467,9245.64822
2026-08-19 22:31:23.894,9125.6901
2026-08-19 22:31:24.312,9033.16962
2026-08-19 22:31:24.739,8969.19333
2026-08-19 22:31:25.164,8980.01845
2026-08-19 22:31:25.579,9050.34844
2026-08-19 22:31:26.006,9148.41868
2026-08-19 22:31:26.429,9274.32143
2026-08-19 22:31:26.843,9431.03233
2026-08-19 22:31:27.267,9604.99556
2026-08-19 22:31:27.686,9796.94629
2026-08-19 22:31:28.114,9996.83598
2026-08-19 22:31:28.528,10209.4393
2026-08-19 22:31:28.947,10421.2706
2026-08-19 22:31:29.376,10649.3672
2026-08-19 22:31:29.790,10777.5653
2026-08-19 22:31:30.206,10578.6059
2026-08-19 22:31:30.620,10359.3315
2026-08-19 22:31:31.034,10147.8961
2026-08-19 22:31:31.449,9943.82119
2026-08-19 22:31:31.866,9746.86567
2026-08-19 22:31:32.280,9560.17673
2026-08-19 22:31:32.708,9389.31321
2026-08-19 22:31:33.124,9237.25129
2026-08-19 22:31:33.558,9119.76341
2026-08-19 22:31:33.983,9028.99369
2026-08-19 22:31:34.399,8968.22846
2026-08-19 22:31:34.813,8987.79998
2026-08-19 22:31:35.227,9056.72867
2026-08-19 22:31:35.668,9151.71393
2026-08-19 22:31:36.081,9286.61983
2026-08-19 22:31:36.495,9441.22444
2026-08-19 22:31:36.909,9615.9256
2026-08-19 22:31:37.371,9804.33264
2026-08-19 22:31:37.794,10028.0097
2026-08-19 22:31:38.210,10236.5554
2026-08-19 22:31:38.624,10450.6539
2026-08-19 22:31:39.037,10669.0118
2026-08-19 22:31:39.451,10771.7718
2026-08-19 22:31:39.883,10562.3781
2026-08-19 22:31:40.297,10334.5415
2026-08-19 22:31:40.713,10123.5913
2026-08-19 22:31:41.127,9919.36838
2026-08-19 22:31:41.547,9724.66025
2026-08-19 22:31:41.973,9536.7482
2026-08-19 22:31:42.390,9364.21532
2026-08-19 22:31:42.805,9220.40999
2026-08-19 22:31:43.236,9104.82097
2026-08-19 22:31:43.664,9021.56481
2026-08-19 22:31:44.083,8964.78452
2026-08-19 22:31:44.512,8955.87583
2026-08-19 22:31:44.925,8955.23638
2026-08-19 22:31:45.339,8954.65973
2026-08-19 22:31:45.761,8953.81779
2026-08-19 22:31:46.187,8952.87356
2026-08-19 22:31:46.601,8951.84829
2026-08-19 22:31:47.016,8950.9074
2026-08-19 22:31:47.429,8949.9527
2026-08-19 22:31:47.843,8949.12535
2026-08-19 22:31:48.309,8948.25056
2026-08-19 22:31:48.723,8947.47082
2026-08-19 22:31:49.139,8946.8431
2026-08-19 22:31:49.557,8945.98015
2026-08-19 22:31:49.984,8945.43005
2026-08-19 22:31:50.402,8944.68368
2026-08-19 22:31:50.816,8944.09819
2026-08-19 22:31:51.236,8943.57836
2026-08-19 22:31:51.653,8942.93408
2026-08-19 22:31:52.067,8942.43469
2026-08-19 22:31:52.534,8941.88528
2026-08-19 22:31:52.950,8941.38785
2026-08-19 22:31:53.364,8940.87884
2026-08-19 22:31:53.779,8940.49445
2026-08-19 22:31:54.193,8940.07159
2026-08-19 22:31:54.623,8939.52871
2026-08-19 22:31:55.035,8939.23563
2026-08-19 22:31:55.462,8938.71444
2026-08-19 22:31:55.875,8938.36143
2026-08-19 22:31:56.292,8937.99774
2026-08-19 22:31:56.725,8937.63461
2026-08-19 22:31:57.139,8937.24554
2026-08-19 22:31:57.552,8936.87544
2026-08-19 22:31:57.968,8936.53384
2026-08-19 22:31:58.383,8936.22584
2026-08-19 22:31:58.850,8935.86493
2026-08-19 22:31:59.263,8935.54589
2026-08-19 22:31:59.688,8935.22257
2026-08-19 22:32:00.101,8934.94041
2026-08-19 22:32:00.530,8934.63723
2026-08-19 22:32:00.944,8934.31859
2026-08-19 22:32:01.358,8934.02553
2026-08-19 22:32:01.773,8933.73357
2026-08-19 22:32:02.188,8933.4427
2026-08-19 22:32:02.617,8933.17316
2026-08-19 22:32:03.040,8932.95377
2026-08-19 22:32:03.457,8932.69865
2026-08-19 22:32:03.879,8932.42494
2026-08-19 22:32:04.295,8932.18978
2026-08-19 22:32:04.713,8931.94688
2026-08-19 22:32:05.147,8931.70865
2026-08-19 22:32:05.573,8931.4557
2026-08-19 22:32:05.988,8931.26643
2026-08-19 22:32:06.413,8931.05416
2026-08-19 22:32:06.827,8930.83652
2026-08-19 22:32:07.266,8930.64385
2026-08-19 22:32:07.681,8930.44547
2026-08-19 22:32:08.109,8930.25644
2026-08-19 22:32:08.524,8930.07195
2026-08-19 22:32:08.938,8929.8831
2026-08-19 22:32:09.371,8929.72263
2026-08-19 22:32:09.784,8929.53802
2026-08-19 22:32:10.212,8929.3763
2026-08-19 22:32:10.625,8929.20855
2026-08-19 22:32:11.050,8929.05182
2026-08-19 22:32:11.463,8928.89917
2026-08-19 22:32:11.883,8928.71207
2026-08-19 22:32:12.304,8928.54625
2026-08-19 22:32:12.731,8928.38975
2026-08-19 22:32:13.144,8927.77374
2026-08-19 22:32:13.564,8927.02961
2026-08-19 22:32:13.992,8926.64798
2026-08-19 22:32:14.406,8926.36658
2026-08-19 22:32:14.821,8926.1283
2026-08-19 22:32:15.238,8925.92016
2026-08-19 22:32:15.652,8925.71889
2026-08-19 22:32:16.072,8925.54873
2026-08-19 22:32:16.489,8929.56213
2026-08-19 22:32:16.901,8984.52228
2026-08-19 22:32:17.315,9068.9605
2026-08-19 22:32:17.784,9195.12933
2026-08-19 22:32:18.197,9335.62291
2026-08-19 22:32:18.612,9497.0659
2026-08-19 22:32:19.026,9587.08229
2026-08-19 22:32:19.438,9427.40692
2026-08-19 22:32:19.864,9271.13103
2026-08-19 22:32:20.278,9136.11801
2026-08-19 22:32:20.691,9033.3273
2026-08-19 22:32:21.106,8957.11693
2026-08-19 22:32:21.567,8946.3836
2026-08-19 22:32:21.986,9029.33114
2026-08-19 22:32:22.400,9128.64728
2026-08-19 22:32:22.813,9255.72989
2026-08-19 22:32:23.227,9407.86377
2026-08-19 22:32:23.644,9578.85972
2026-08-19 22:32:24.071,9765.44392
2026-08-19 22:32:24.499,9974.22713
2026-08-19 22:32:24.912,10177.9759
2026-08-19 22:32:25.326,10388.4883
2026-08-19 22:32:25.756,10613.6001
2026-08-19 22:32:26.174,10782.5013
2026-08-19 22:32:26.594,10611.5875
2026-08-19 22:32:27.013,10389.308
2026-08-19 22:32:27.428,10173.8815
2026-08-19 22:32:27.845,9968.53599
2026-08-19 22:32:28.279,9770.19967
2026-08-19 22:32:28.693,9574.84394
2026-08-19 22:32:29.116,9403.27859
2026-08-19 22:32:29.530,9250.1147
2026-08-19 22:32:29.944,9128.35414
2026-08-19 22:32:30.411,9025.39981
2026-08-19 22:32:30.839,8960.09645
2026-08-19 22:32:31.253,8979.31568
2026-08-19 22:32:31.666,9050.95415
2026-08-19 22:32:32.081,9148.34774
2026-08-19 22:32:32.498,9275.94
2026-08-19 22:32:32.913,9431.21115
2026-08-19 22:32:33.326,9605.03127
2026-08-19 22:32:33.739,9791.55696
2026-08-19 22:32:34.167,9988.11767
2026-08-19 22:32:34.623,10221.2976
2026-08-19 22:32:35.047,10433.3716
2026-08-19 22:32:35.462,10656.6714
2026-08-19 22:32:35.881,10772.9235
2026-08-19 22:32:36.308,10565.5984
2026-08-19 22:32:36.739,10338.1312
2026-08-19 22:32:37.157,10120.7275
2026-08-19 22:32:37.571,9915.7556
2026-08-19 22:32:37.984,9721.32513
2026-08-19 22:32:38.398,9537.7739
2026-08-19 22:32:38.827,9369.79964
2026-08-19 22:32:39.240,9221.01365
2026-08-19 22:32:39.662,9107.10837
2026-08-19 22:32:40.076,9019.90967
2026-08-19 22:32:40.514,8960.85142
2026-08-19 22:32:40.930,8990.48006
2026-08-19 22:32:41.354,9063.82246
2026-08-19 22:32:41.782,9166.71122
2026-08-19 22:32:42.211,9302.5512
2026-08-19 22:32:42.624,9465.84257
2026-08-19 22:32:43.061,9649.57464
2026-08-19 22:32:43.475,9842.76081
2026-08-19 22:32:43.904,10042.2589
2026-08-19 22:32:44.317,10255.9816
2026-08-19 22:32:44.732,10469.268
2026-08-19 22:32:45.151,10691.2616
2026-08-19 22:32:45.568,10753.7259
2026-08-19 22:32:45.985,10532.7213
2026-08-19 22:32:46.414,10314.4793
2026-08-19 22:32:46.827,10096.9302
2026-08-19 22:32:47.244,9895.35132
2026-08-19 22:32:47.658,9699.89267
2026-08-19 22:32:48.086,9511.88417
2026-08-19 22:32:48.498,9347.2715
2026-08-19 22:32:48.921,9207.70765
2026-08-19 22:32:49.336,9095.2344
2026-08-19 22:32:49.769,9011.679
2026-08-19 22:32:50.199,8957.87608
2026-08-19 22:32:50.616,8952.03826
2026-08-19 22:32:51.030,8951.08458
2026-08-19 22:32:51.446,8950.47788
2026-08-19 22:32:51.861,8949.67974
2026-08-19 22:32:52.284,8948.82475
2026-08-19 22:32:52.698,8947.93107
2026-08-19 22:32:53.112,8947.09119
2026-08-19 22:32:53.526,8946.22429
2026-08-19 22:32:53.960,8945.39792
2026-08-19 22:32:54.386,8944.67478
2026-08-19 22:32:54.812,8943.90802
2026-08-19 22:32:55.226,8949.98967
2026-08-19 22:32:55.642,9005.21957
2026-08-19 22:32:56.055,9088.00865
2026-08-19 22:32:56.487,9196.82364
2026-08-19 22:32:56.901,9340.7
2026-08-19 22:32:57.314,9501.97379
2026-08-19 22:32:57.727,9587.30722
2026-08-19 22:32:58.141,9425.70876
2026-08-19 22:32:58.555,9269.96075
2026-08-19 22:32:58.984,9140.21088
2026-08-19 22:32:59.408,9036.75917
2026-08-19 22:32:59.914,8952.58286
2026-08-19 22:33:00.353,8976.84497
2026-08-19 22:33:00.767,9053.28064
2026-08-19 22:33:01.262,9155.42025
2026-08-19 22:33:01.687,9315.84278
2026-08-19 22:33:02.101,9479.98833
2026-08-19 22:33:02.523,9658.18122
2026-08-19 22:33:02.937,9851.97212
2026-08-19 22:33:03.366,10058.673
2026-08-19 22:33:03.786,10265.855
2026-08-19 22:33:04.201,10483.0179
2026-08-19 22:33:04.616,10702.6466
2026-08-19 22:33:05.030,10750.2994
2026-08-19 22:33:05.464,10528.6779
2026-08-19 22:33:05.880,10301.5099
2026-08-19 22:33:06.295,10090.5371
2026-08-19 22:33:06.709,9888.15555
2026-08-19 22:33:07.136,9688.45451
2026-08-19 22:33:07.559,9507.66244
2026-08-19 22:33:07.971,9339.7852
2026-08-19 22:33:08.385,9201.06135
2026-08-19 22:33:08.799,9091.80411
2026-08-19 22:33:09.213,9010.69524
2026-08-19 22:33:09.641,8960.4336
2026-08-19 22:33:10.123,9011.61265
2026-08-19 22:33:10.536,9091.90199
2026-08-19 22:33:10.950,9200.55211
2026-08-19 22:33:11.364,9339.21448
2026-08-19 22:33:11.799,9502.33381
2026-08-19 22:33:12.214,9691.41709
2026-08-19 22:33:12.628,9884.4887
2026-08-19 22:33:13.042,10085.054
2026-08-19 22:33:13.454,10293.2619
2026-08-19 22:33:13.923,10534.9788
2026-08-19 22:33:14.338,10754.7982
2026-08-19 22:33:14.752,10699.9277
2026-08-19 22:33:15.166,10478.0757
2026-08-19 22:33:15.584,10262.5539
2026-08-19 22:33:16.016,10052.1485
2026-08-19 22:33:16.429,9843.09041
2026-08-19 22:33:16.850,9652.69399
2026-08-19 22:33:17.269,9470.53792
2026-08-19 22:33:17.682,9309.39753
2026-08-19 22:33:18.112,9177.34898
2026-08-19 22:33:18.538,9071.82242
2026-08-19 22:33:18.952,8996.23846
2026-08-19 22:33:19.381,8966.6732
2026-08-19 22:33:19.795,9023.24829
2026-08-19 22:33:20.215,9105.96289
2026-08-19 22:33:20.629,9219.59711
2026-08-19 22:33:21.058,9366.98291
2026-08-19 22:33:21.473,9533.49928
2026-08-19 22:33:21.885,9716.11442
2026-08-19 22:33:22.324,9909.20845
2026-08-19 22:33:22.737,10123.3245
2026-08-19 22:33:23.151,10332.3994
2026-08-19 22:33:23.565,10548.2004
2026-08-19 22:33:23.988,10764.3001
2026-08-19 22:33:24.407,10687.9606
2026-08-19 22:33:24.900,10422.2667
2026-08-19 22:33:25.314,10208.3625
2026-08-19 22:33:25.726,10002.3359
2026-08-19 22:33:26.194,9779.89218
2026-08-19 22:33:26.610,9592.2402
2026-08-19 22:33:27.089,9398.84889
2026-08-19 22:33:27.521,9239.47368
2026-08-19 22:33:27.944,9123.00662
2026-08-19 22:33:28.365,9034.3351
2026-08-19 22:33:28.794,8973.04046
2026-08-19 22:33:29.212,8958.11254
2026-08-19 22:33:29.641,8957.2841
2026-08-19 22:33:30.055,8956.61754
2026-08-19 22:33:30.468,8955.90626
2026-08-19 22:33:30.896,8954.96596
2026-08-19 22:33:31.314,8954.11784
2026-08-19 22:33:31.737,8953.19526
2026-08-19 22:33:32.151,8952.31315
2026-08-19 22:33:32.580,8951.40401
2026-08-19 22:33:32.994,8950.64068
2026-08-19 22:33:33.419,8949.84727
2026-08-19 22:33:33.834,8951.08918
2026-08-19 22:33:34.248,8995.75594
2026-08-19 22:33:34.665,9072.42705
2026-08-19 22:33:35.078,9175.59508
2026-08-19 22:33:35.555,9325.25098
2026-08-19 22:33:35.970,9487.87384
2026-08-19 22:33:36.396,9598.16664
2026-08-19 22:33:36.811,9442.30046
2026-08-19 22:33:37.236,9284.18258
2026-08-19 22:33:37.650,9149.23245
2026-08-19 22:33:38.080,9044.76241
2026-08-19 22:33:38.493,8971.67071
2026-08-19 22:33:38.928,8961.53259
2026-08-19 22:33:39.356,9032.33321
2026-08-19 22:33:39.770,9129.31119
2026-08-19 22:33:40.184,9252.45785
2026-08-19 22:33:40.596,9402.43592
2026-08-19 22:33:41.017,9572.10766
2026-08-19 22:33:41.430,9760.06115
2026-08-19 22:33:41.844,9955.45884
2026-08-19 22:33:42.269,10159.0853
2026-08-19 22:33:42.686,10375.572
2026-08-19 22:33:43.099,10594.1127
2026-08-19 22:33:43.520,10788.2935
2026-08-19 22:33:43.945,10649.5245
2026-08-19 22:33:44.359,10423.5664
2026-08-19 22:33:44.781,10209.7433
2026-08-19 22:33:45.196,9998.61639
2026-08-19 22:33:45.634,9793.43778
2026-08-19 22:33:46.062,9600.85536
2026-08-19 22:33:46.491,9415.107
2026-08-19 22:33:46.910,9264.39467
2026-08-19 22:33:47.324,9140.46999
2026-08-19 22:33:47.738,9047.74957
2026-08-19 22:33:48.162,8981.42597
2026-08-19 22:33:48.576,8979.93262
2026-08-19 22:33:49.004,9046.53677
2026-08-19 22:33:49.421,9141.01117
2026-08-19 22:33:49.837,9264.1562
2026-08-19 22:33:50.280,9415.13521
2026-08-19 22:33:50.708,9599.82216
2026-08-19 22:33:51.121,9792.92156
2026-08-19 22:33:51.534,9990.03396
2026-08-19 22:33:51.970,10201.9757
2026-08-19 22:33:52.395,10418.1008
2026-08-19 22:33:52.831,10649.4591
2026-08-19 22:33:53.245,10789.5617
2026-08-19 22:33:53.664,10594.5363
2026-08-19 22:33:54.092,10372.5936
2026-08-19 22:33:54.505,10153.3612
2026-08-19 22:33:54.932,9941.95662
2026-08-19 22:33:55.348,9746.42008
2026-08-19 22:33:55.772,9560.31217
2026-08-19 22:33:56.202,9386.25958
2026-08-19 22:33:56.616,9235.56804
2026-08-19 22:33:57.028,9120.49398
2026-08-19 22:33:57.448,9034.71862
2026-08-19 22:33:57.863,8974.55283
2026-08-19 22:33:58.277,8994.56336
2026-08-19 22:33:58.691,9064.06764
2026-08-19 22:33:59.105,9159.39184
2026-08-19 22:33:59.520,9285.71541
2026-08-19 22:33:59.943,9439.71197
2026-08-19 22:34:00.357,9617.77413
2026-08-19 22:34:00.793,9805.99641
2026-08-19 22:34:01.219,10014.7318
2026-08-19 22:34:01.645,10226.6821
2026-08-19 22:34:02.059,10446.2804
2026-08-19 22:34:02.471,10664.2659
2026-08-19 22:34:02.904,10790.367
2026-08-19 22:34:03.318,10580.2904
2026-08-19 22:34:03.740,10361.4268
2026-08-19 22:34:04.155,10145.0314
2026-08-19 22:34:04.569,9940.60883
2026-08-19 22:34:05.009,9744.9159
2026-08-19 22:34:05.422,9548.5945
2026-08-19 22:34:05.836,9380.21425
2026-08-19 22:34:06.248,9235.89046
2026-08-19 22:34:06.663,9121.59525
2026-08-19 22:34:07.128,9027.31919
2026-08-19 22:34:07.548,8972.41429
2026-08-19 22:34:07.966,8962.98205
2026-08-19 22:34:08.385,8962.16236
2026-08-19 22:34:08.803,8961.53372
2026-08-19 22:34:09.235,8960.81769
2026-08-19 22:34:09.648,8959.95516
2026-08-19 22:34:10.065,8959.03935
2026-08-19 22:34:10.478,8958.18004
2026-08-19 22:34:10.912,8957.35211
2026-08-19 22:34:11.331,8956.56894
2026-08-19 22:34:11.745,8955.74198
2026-08-19 22:34:12.158,8955.06287
2026-08-19 22:34:12.571,8957.74113
2026-08-19 22:34:12.989,9006.60675
2026-08-19 22:34:13.417,9085.86876
2026-08-19 22:34:13.831,9194.83941
2026-08-19 22:34:14.254,9329.55008
2026-08-19 22:34:14.667,9492.15497
2026-08-19 22:34:15.091,9604.17211
2026-08-19 22:34:15.521,9450.4739
2026-08-19 22:34:15.935,9286.2663
2026-08-19 22:34:16.349,9155.29893
2026-08-19 22:34:16.764,9053.84999
2026-08-19 22:34:17.183,8979.66582
2026-08-19 22:34:17.620,8964.43862
2026-08-19 22:34:18.044,9036.33012
2026-08-19 22:34:18.459,9131.66478
2026-08-19 22:34:18.874,9254.47407
2026-08-19 22:34:19.303,9404.29789
2026-08-19 22:34:19.730,9580.82856
2026-08-19 22:34:20.144,9772.13172
2026-08-19 22:34:20.558,9968.47597
2026-08-19 22:34:20.973,10172.5034
2026-08-19 22:34:21.387,10384.2454
2026-08-19 22:34:21.802,10601.2635
2026-08-19 22:34:22.303,10798.8704
2026-08-19 22:34:22.716,10613.3468
2026-08-19 22:34:23.131,10393.9044
2026-08-19 22:34:23.546,10180.1015
2026-08-19 22:34:24.007,9951.06712
2026-08-19 22:34:24.420,9755.21072
2026-08-19 22:34:24.834,9569.71211
2026-08-19 22:34:25.247,9399.32904
2026-08-19 22:34:25.660,9251.69835
2026-08-19 22:34:26.139,9120.31188
2026-08-19 22:34:26.553,9032.33391
2026-08-19 22:34:26.977,8974.30103
2026-08-19 22:34:27.393,9000.39246
2026-08-19 22:34:27.813,9072.70376
2026-08-19 22:34:28.239,9172.54089
2026-08-19 22:34:28.668,9306.58629
2026-08-19 22:34:29.082,9469.52409
2026-08-19 22:34:29.497,9646.33585
2026-08-19 22:34:29.915,9836.61508
2026-08-19 22:34:30.343,10045.0862
2026-08-19 22:34:30.765,10251.6146
2026-08-19 22:34:31.178,10469.7297
2026-08-19 22:34:31.597,10688.6848
2026-08-19 22:34:32.059,10768.6279
2026-08-19 22:34:32.477,10546.738
2026-08-19 22:34:32.975,10302.2762
2026-08-19 22:34:33.389,10074.2445
2026-08-19 22:34:33.814,9872.9469
2026-08-19 22:34:34.233,9674.88574
2026-08-19 22:34:34.647,9492.78779
2026-08-19 22:34:35.074,9326.57367
2026-08-19 22:34:35.489,9192.91143
2026-08-19 22:34:35.903,9089.42164
2026-08-19 22:34:36.316,9013.91412
2026-08-19 22:34:36.741,8975.66407
2026-08-19 22:34:37.165,9026.07925
2026-08-19 22:34:37.579,9107.39721
2026-08-19 22:34:37.993,9216.07598
2026-08-19 22:34:38.406,9354.9895
2026-08-19 22:34:38.820,9518.38066
2026-08-19 22:34:39.233,9699.4075
2026-08-19 22:34:39.651,9893.28238
2026-08-19 22:34:40.065,10095.1043
2026-08-19 22:34:40.480,10303.9146
2026-08-19 22:34:40.902,10519.6
2026-08-19 22:34:41.321,10744.2061
2026-08-19 22:34:41.736,10744.3608
2026-08-19 22:34:42.151,10520.037
2026-08-19 22:34:42.586,10292.028
2026-08-19 22:34:42.999,10082.296
2026-08-19 22:34:43.412,9880.23314
2026-08-19 22:34:43.825,9687.57655
2026-08-19 22:34:44.239,9506.7574
2026-08-19 22:34:44.652,9343.40443
2026-08-19 22:34:45.074,9207.03947
2026-08-19 22:34:45.495,9099.07824
2026-08-19 22:34:45.916,9020.44804
2026-08-19 22:34:46.337,8972.31414
2026-08-19 22:34:46.751,8968.1394
2026-08-19 22:34:47.185,8967.20761
2026-08-19 22:34:47.600,8966.46465
2026-08-19 22:34:48.013,8965.67009
2026-08-19 22:34:48.427,8964.69973
2026-08-19 22:34:48.856,8963.79986
2026-08-19 22:34:49.286,8962.90924
2026-08-19 22:34:49.699,8962.0095
2026-08-19 22:34:50.113,8961.17946
2026-08-19 22:34:50.528,8960.32026
2026-08-19 22:34:50.957,8959.60918
2026-08-19 22:34:51.411,8971.57483
2026-08-19 22:34:51.824,9033.3601
2026-08-19 22:34:52.239,9119.37847
2026-08-19 22:34:52.651,9233.24493
2026-08-19 22:34:53.065,9374.70029
2026-08-19 22:34:53.501,9539.07202
2026-08-19 22:34:53.915,9581.54803
2026-08-19 22:34:54.329,9409.32979
2026-08-19 22:34:54.742,9257.21774
2026-08-19 22:34:55.156,9133.18581
2026-08-19 22:34:55.619,9029.17502
2026-08-19 22:34:56.045,8965.21619
2026-08-19 22:34:56.473,8990.31505
2026-08-19 22:34:56.902,9069.17276
2026-08-19 22:34:57.318,9175.63886
2026-08-19 22:34:57.737,9309.08688
2026-08-19 22:34:58.152,9469.04722
2026-08-19 22:34:58.565,9645.80094
2026-08-19 22:34:59.000,9841.7308
2026-08-19 22:34:59.429,10044.2575
2026-08-19 22:34:59.849,10258.3837
2026-08-19 22:35:00.263,10475.9023
2026-08-19 22:35:00.677,10695.1851
2026-08-19 22:35:01.102,10788.6015
2026-08-19 22:35:01.529,10569.1337
2026-08-19 22:35:01.962,10341.2876
2026-08-19 22:35:02.379,10122.7688
2026-08-19 22:35:02.792,9918.40723
2026-08-19 22:35:03.207,9723.79717
2026-08-19 22:35:03.621,9539.62021
2026-08-19 22:35:04.052,9372.76105
2026-08-19 22:35:04.479,9220.66359
2026-08-19 22:35:04.893,9110.36883
2026-08-19 22:35:05.319,9028.2273
2026-08-19 22:35:05.733,8975.67501
2026-08-19 22:35:06.159,9012.38644
2026-08-19 22:35:06.580,9089.81943
2026-08-19 22:35:06.994,9194.83961
2026-08-19 22:35:07.407,9329.314
2026-08-19 22:35:07.831,9488.93559
2026-08-19 22:35:08.257,9671.5293
2026-08-19 22:35:08.680,9868.31702
2026-08-19 22:35:09.094,10072.89
2026-08-19 22:35:09.512,10281.276
2026-08-19 22:35:09.925,10497.9786
2026-08-19 22:35:10.360,10717.5101
2026-08-19 22:35:10.776,10768.2379
2026-08-19 22:35:11.188,10544.6943
2026-08-19 22:35:11.602,10326.6007
2026-08-19 22:35:12.015,10115.6007
2026-08-19 22:35:12.481,9912.75469
2026-08-19 22:35:12.925,9680.11536
2026-08-19 22:35:13.347,9499.96065
2026-08-19 22:35:13.762,9334.25101
2026-08-19 22:35:14.175,9198.91624
2026-08-19 22:35:14.607,9094.38276
2026-08-19 22:35:15.027,9015.1645
2026-08-19 22:35:15.442,8977.24239
2026-08-19 22:35:15.856,9026.86939
2026-08-19 22:35:16.271,9105.75453
2026-08-19 22:35:16.709,9213.54708
2026-08-19 22:35:17.123,9360.69517
2026-08-19 22:35:17.537,9524.84368
2026-08-19 22:35:17.950,9706.22762
2026-08-19 22:35:18.364,9899.08892
2026-08-19 22:35:18.808,10100.584
2026-08-19 22:35:19.225,10325.3542
2026-08-19 22:35:19.638,10542.7191
2026-08-19 22:35:20.052,10763.2497
2026-08-19 22:35:20.465,10731.1363
2026-08-19 22:35:20.944,10480.1554
2026-08-19 22:35:21.357,10257.9098
2026-08-19 22:35:21.771,10049.6565
2026-08-19 22:35:22.191,9848.76391
2026-08-19 22:35:22.612,9654.58453
2026-08-19 22:35:23.029,9471.03671
2026-08-19 22:35:23.443,9313.144
2026-08-19 22:35:23.856,9182.64789
2026-08-19 22:35:24.270,9082.73565
2026-08-19 22:35:24.684,9010.24618
2026-08-19 22:35:25.096,8970.14712
2026-08-19 22:35:25.559,8968.41929
2026-08-19 22:35:25.985,8967.51362
2026-08-19 22:35:26.399,8966.8339
2026-08-19 22:35:26.821,8965.96053
2026-08-19 22:35:27.235,8965.00448
2026-08-19 22:35:27.663,8964.03921
2026-08-19 22:35:28.083,8963.03386
2026-08-19 22:35:28.505,8962.20962
2026-08-19 22:35:28.931,8961.26306
2026-08-19 22:35:29.350,8960.49718
2026-08-19 22:35:29.764,8959.76797
2026-08-19 22:35:30.193,8981.11168
2026-08-19 22:35:30.608,9048.92708
2026-08-19 22:35:31.022,9140.22193
2026-08-19 22:35:31.439,9259.74154
2026-08-19 22:35:31.859,9408.01719
2026-08-19 22:35:32.287,9578.5968
2026-08-19 22:35:32.701,9544.51832
2026-08-19 22:35:33.129,9369.78656
2026-08-19 22:35:33.544,9224.42513
2026-08-19 22:35:33.958,9106.9785
2026-08-19 22:35:34.426,9009.74878
2026-08-19 22:35:34.853,8960.61372
2026-08-19 22:35:35.267,9009.26419
2026-08-19 22:35:35.679,9091.20285
2026-08-19 22:35:36.093,9200.21351
2026-08-19 22:35:36.511,9338.43221
2026-08-19 22:35:36.925,9502.05707
2026-08-19 22:35:37.341,9681.53083
2026-08-19 22:35:37.754,9873.99576
2026-08-19 22:35:38.168,10073.876
2026-08-19 22:35:38.664,10282.28
2026-08-19 22:35:39.078,10540.1438
2026-08-19 22:35:39.506,10760.3912
2026-08-19 22:35:39.926,10724.8988
2026-08-19 22:35:40.354,10499.1921
2026-08-19 22:35:40.772,10273.2913
2026-08-19 22:35:41.186,10064.1351
2026-08-19 22:35:41.598,9863.14156
2026-08-19 22:35:42.013,9671.35536
2026-08-19 22:35:42.428,9491.07086
2026-08-19 22:35:42.868,9329.8513
2026-08-19 22:35:43.288,9187.76066
2026-08-19 22:35:43.703,9083.60251
2026-08-19 22:35:44.131,9009.251
2026-08-19 22:35:44.545,8976.02132
2026-08-19 22:35:44.973,9033.13111
2026-08-19 22:35:45.386,9115.73135
2026-08-19 22:35:45.810,9227.41465
2026-08-19 22:35:46.224,9372.58879
2026-08-19 22:35:46.643,9538.04541
2026-08-19 22:35:47.070,9723.28459
2026-08-19 22:35:47.493,9923.77471
2026-08-19 22:35:47.908,10131.3707
2026-08-19 22:35:48.321,10341.5475
2026-08-19 22:35:48.736,10558.1685
2026-08-19 22:35:49.174,10777.4157
2026-08-19 22:35:49.587,10703.0477
2026-08-19 22:35:50.003,10481.2534
2026-08-19 22:35:50.416,10264.7425
2026-08-19 22:35:50.838,10056.021
2026-08-19 22:35:51.253,9851.13834
2026-08-19 22:35:51.667,9659.12118
2026-08-19 22:35:52.141,9455.82452
2026-08-19 22:35:52.553,9299.82616
2026-08-19 22:35:52.967,9172.43144
2026-08-19 22:35:53.381,9075.14507
2026-08-19 22:35:53.794,9004.93066
2026-08-19 22:35:54.235,8982.16671
2026-08-19 22:35:54.651,9045.03569
2026-08-19 22:35:55.071,9130.46968
2026-08-19 22:35:55.488,9247.405
2026-08-19 22:35:55.950,9394.08712
2026-08-19 22:35:56.369,9584.93717
2026-08-19 22:35:56.794,9770.88416
2026-08-19 22:35:57.210,9973.06349
2026-08-19 22:35:57.626,10178.5508
2026-08-19 22:35:58.039,10391.38
2026-08-19 22:35:58.453,10608.6982
2026-08-19 22:35:58.865,10803.9587
2026-08-19 22:35:59.282,10669.9321
2026-08-19 22:35:59.696,10447.0702
2026-08-19 22:36:00.116,10232.5109
2026-08-19 22:36:00.531,10021.5558
2026-08-19 22:36:00.996,9821.62014
2026-08-19 22:36:01.414,9606.81408
2026-08-19 22:36:01.839,9432.94404
2026-08-19 22:36:02.258,9276.84506
2026-08-19 22:36:02.673,9153.77274
2026-08-19 22:36:03.104,9059.46356
2026-08-19 22:36:03.517,8994.67696
2026-08-19 22:36:03.942,8971.36879
2026-08-19 22:36:04.355,8971.19255
2026-08-19 22:36:04.776,8970.43318
2026-08-19 22:36:05.189,8969.79978
2026-08-19 22:36:05.608,8968.87287
2026-08-19 22:36:06.021,8967.89665
2026-08-19 22:36:06.439,8967.04156
2026-08-19 22:36:06.852,8966.18741
2026-08-19 22:36:07.266,8965.35965
2026-08-19 22:36:07.679,8964.55318
2026-08-19 22:36:08.094,8963.75962
2026-08-19 22:36:08.534,8963.10481
2026-08-19 22:36:08.954,8992.42807
2026-08-19 22:36:09.367,9064.29702
2026-08-19 22:36:09.794,9162.77483
2026-08-19 22:36:10.219,9287.35493
2026-08-19 22:36:10.638,9442.99474
2026-08-19 22:36:11.051,9604.79102
2026-08-19 22:36:11.477,9519.1479
2026-08-19 22:36:11.897,9347.95767
2026-08-19 22:36:12.312,9204.87056
2026-08-19 22:36:12.744,9089.80641
2026-08-19 22:36:13.177,9004.7033
2026-08-19 22:36:13.591,8965.13347
2026-08-19 22:36:14.017,9022.91792
2026-08-19 22:36:14.448,9108.22672
2026-08-19 22:36:14.875,9226.43175
2026-08-19 22:36:15.290,9374.75675
2026-08-19 22:36:15.702,9541.03522
2026-08-19 22:36:16.130,9723.10173
2026-08-19 22:36:16.545,9922.97823
2026-08-19 22:36:16.976,10128.7343
2026-08-19 22:36:17.396,10345.3797
2026-08-19 22:36:17.815,10564.5852
2026-08-19 22:36:18.228,10785.0334
2026-08-19 22:36:18.641,10719.0667
2026-08-19 22:36:19.062,10496.9511
2026-08-19 22:36:19.476,10276.5186
2026-08-19 22:36:19.897,10067.3571
2026-08-19 22:36:20.323,9863.0089
2026-08-19 22:36:20.742,9665.50055
2026-08-19 22:36:21.175,9484.2749
2026-08-19 22:36:21.588,9317.81694
2026-08-19 22:36:22.009,9186.88912
2026-08-19 22:36:22.425,9084.11269
2026-08-19 22:36:22.838,9010.55508
2026-08-19 22:36:23.311,8984.35721
2026-08-19 22:36:23.725,9047.03885
2026-08-19 22:36:24.139,9132.91739
2026-08-19 22:36:24.557,9248.82407
2026-08-19 22:36:24.985,9396.02394
2026-08-19 22:36:25.402,9570.32482
2026-08-19 22:36:25.816,9756.77406
2026-08-19 22:36:26.242,9952.57865
2026-08-19 22:36:26.656,10162.2589
2026-08-19 22:36:27.083,10373.388
2026-08-19 22:36:27.497,10597.5124
2026-08-19 22:36:27.912,10802.7388
2026-08-19 22:36:28.345,10687.1692
2026-08-19 22:36:28.762,10455.4931
2026-08-19 22:36:29.189,10238.3539
2026-08-19 22:36:29.604,10024.2631
2026-08-19 22:36:30.018,9824.09258
2026-08-19 22:36:30.456,9627.49825
2026-08-19 22:36:30.870,9447.59435
2026-08-19 22:36:31.285,9293.41553
2026-08-19 22:36:31.701,9167.75391
2026-08-19 22:36:32.166,9072.29369
2026-08-19 22:36:32.597,8996.87037
2026-08-19 22:36:33.011,8997.79912
2026-08-19 22:36:33.428,9063.8375
2026-08-19 22:36:33.855,9155.20936
2026-08-19 22:36:34.272,9280.91487
2026-08-19 22:36:34.685,9433.26572
2026-08-19 22:36:35.120,9611.37718
2026-08-19 22:36:35.534,9802.28354
2026-08-19 22:36:35.949,9999.98943
2026-08-19 22:36:36.363,10205.9905
2026-08-19 22:36:36.776,10418.8193
2026-08-19 22:36:37.190,10636.4811
2026-08-19 22:36:37.605,10812.6363
2026-08-19 22:36:38.020,10648.7403
2026-08-19 22:36:38.448,10427.4042
2026-08-19 22:36:38.906,10183.3767
2026-08-19 22:36:39.321,9977.42227
2026-08-19 22:36:39.733,9779.22426
2026-08-19 22:36:40.160,9592.19505
2026-08-19 22:36:40.575,9414.7495
2026-08-19 22:36:41.000,9265.76825
2026-08-19 22:36:41.426,9144.17708
2026-08-19 22:36:41.839,9053.84876
2026-08-19 22:36:42.252,8992.57189
2026-08-19 22:36:42.681,8975.02771
2026-08-19 22:36:43.114,8974.35967
2026-08-19 22:36:43.528,8973.70323
2026-08-19 22:36:43.955,8972.97323
2026-08-19 22:36:44.382,8972.07168
2026-08-19 22:36:44.797,8971.0822
2026-08-19 22:36:45.210,8970.14642
2026-08-19 22:36:45.636,8969.29022
2026-08-19 22:36:46.055,8968.37826
2026-08-19 22:36:46.470,8967.58393
2026-08-19 22:36:46.883,8966.81917
2026-08-19 22:36:47.296,8966.88719
2026-08-19 22:36:47.733,9009.01936
2026-08-19 22:36:48.165,9086.11451
2026-08-19 22:36:48.587,9192.47532
2026-08-19 22:36:49.001,9326.90282
2026-08-19 22:36:49.428,9484.01696
2026-08-19 22:36:49.841,9618.88089
2026-08-19 22:36:50.274,9481.85507
2026-08-19 22:36:50.702,9308.98833
2026-08-19 22:36:51.128,9175.41632
2026-08-19 22:36:51.542,9068.9823
2026-08-19 22:36:51.976,8991.58976
2026-08-19 22:36:52.390,8974.80854
2026-08-19 22:36:52.804,9041.83055
2026-08-19 22:36:53.233,9136.31376
2026-08-19 22:36:53.647,9256.96251
2026-08-19 22:36:54.060,9405.5073
2026-08-19 22:36:54.482,9574.72541
2026-08-19 22:36:54.895,9762.86096
2026-08-19 22:36:55.309,9958.65428
2026-08-19 22:36:55.723,10161.978
2026-08-19 22:36:56.137,10372.9543
2026-08-19 22:36:56.603,10618.4007
2026-08-19 22:36:57.019,10810.9683
2026-08-19 22:36:57.432,10670.1577
2026-08-19 22:36:57.847,10449.2357
2026-08-19 22:36:58.275,10226.9198
2026-08-19 22:36:58.689,10019.2465
2026-08-19 22:36:59.109,9819.99083
2026-08-19 22:36:59.535,9627.63697
2026-08-19 22:36:59.955,9446.79904
2026-08-19 22:37:00.371,9290.90618
2026-08-19 22:37:00.784,9165.57302
2026-08-19 22:37:01.211,9070.59256
2026-08-19 22:37:01.628,8999.90233
2026-08-19 22:37:02.043,8991.67282
2026-08-19 22:37:02.463,9056.10437
2026-08-19 22:37:02.879,9146.22517
2026-08-19 22:37:03.293,9265.98465
2026-08-19 22:37:03.770,9434.8369
2026-08-19 22:37:04.182,9611.92435
2026-08-19 22:37:04.611,9805.54061
2026-08-19 22:37:05.048,10010.6949
2026-08-19 22:37:05.462,10220.6991
2026-08-19 22:37:05.875,10434.097
2026-08-19 22:37:06.291,10652.2603
2026-08-19 22:37:06.704,10816.2112
2026-08-19 22:37:07.119,10639.3934
2026-08-19 22:37:07.541,10418.735
2026-08-19 22:37:07.955,10199.8309
2026-08-19 22:37:08.368,9993.33738
2026-08-19 22:37:08.804,9788.73887
2026-08-19 22:37:09.218,9597.38545
2026-08-19 22:37:09.634,9424.63378
2026-08-19 22:37:10.050,9273.80986
2026-08-19 22:37:10.516,9152.67548
2026-08-19 22:37:10.944,9050.11519
2026-08-19 22:37:11.358,8990.63473
2026-08-19 22:37:11.786,9009.24097
2026-08-19 22:37:12.199,9081.06274
2026-08-19 22:37:12.615,9176.98888
2026-08-19 22:37:13.035,9306.16949
2026-08-19 22:37:13.449,9461.77431
2026-08-19 22:37:13.879,9643.5472
2026-08-19 22:37:14.304,9833.31301
2026-08-19 22:37:14.722,10038.332
2026-08-19 22:37:15.135,10247.0349
2026-08-19 22:37:15.549,10460.7109
2026-08-19 22:37:15.963,10680.4264
2026-08-19 22:37:16.378,10813.009
2026-08-19 22:37:16.801,10614.1965
2026-08-19 22:37:17.232,10389.2943
2026-08-19 22:37:17.661,10167.768
2026-08-19 22:37:18.074,9955.59267
2026-08-19 22:37:18.488,9758.9895
2026-08-19 22:37:18.907,9573.33253
2026-08-19 22:37:19.335,9401.05632
2026-08-19 22:37:19.750,9250.86545
2026-08-19 22:37:20.177,9132.91578
2026-08-19 22:37:20.600,9048.92039
2026-08-19 22:37:21.020,8990.36722
2026-08-19 22:37:21.443,8978.59285
2026-08-19 22:37:21.879,8977.83762
2026-08-19 22:37:22.293,8977.19067
2026-08-19 22:37:22.707,8976.4492
2026-08-19 22:37:23.129,8975.57259
2026-08-19 22:37:23.557,8974.59484
2026-08-19 22:37:23.980,8973.72295
2026-08-19 22:37:24.395,8972.85469
2026-08-19 22:37:24.829,8972.03279
2026-08-19 22:37:25.256,8971.1275
2026-08-19 22:37:25.669,8970.43626
2026-08-19 22:37:26.098,8974.38743
2026-08-19 22:37:26.526,9028.34093
2026-08-19 22:37:26.939,9108.7826
2026-08-19 22:37:27.363,9216.06225
2026-08-19 22:37:27.777,9356.1062
2026-08-19 22:37:28.191,9516.89841
2026-08-19 22:37:28.606,9616.25986
2026-08-19 22:37:29.020,9458.96529
2026-08-19 22:37:29.435,9300.48422
2026-08-19 22:37:29.868,9168.8123
2026-08-19 22:37:30.282,9063.08171
2026-08-19 22:37:30.696,8990.36852
2026-08-19 22:37:31.111,8979.42616
2026-08-19 22:37:31.544,9051.00579
2026-08-19 22:37:31.971,9145.14434
2026-08-19 22:37:32.395,9272.08418
2026-08-19 22:37:32.810,9426.7181
2026-08-19 22:37:33.224,9599.08988
2026-08-19 22:37:33.637,9785.47256
2026-08-19 22:37:34.078,9981.77346
2026-08-19 22:37:34.492,10200.6238
2026-08-19 22:37:34.906,10413.2412
2026-08-19 22:37:35.319,10631.1837
2026-08-19 22:37:35.747,10818.6615
2026-08-19 22:37:36.212,10641.118
2026-08-19 22:37:36.625,10414.1841
2026-08-19 22:37:37.039,10201.1117
2026-08-19 22:37:37.453,9994.79975
2026-08-19 22:37:37.865,9796.45314
2026-08-19 22:37:38.293,9608.77052
2026-08-19 22:37:38.710,9430.06334
2026-08-19 22:37:39.127,9278.41828
2026-08-19 22:37:39.552,9156.37952
2026-08-19 22:37:39.970,9062.63841
2026-08-19 22:37:40.395,8997.51992
2026-08-19 22:37:40.817,9005.07757
2026-08-19 22:37:41.244,9074.76397
2026-08-19 22:37:41.657,9172.28369
2026-08-19 22:37:42.070,9297.59653
2026-08-19 22:37:42.495,9450.68445
2026-08-19 22:37:42.918,9629.64014
2026-08-19 22:37:43.332,9822.79577
2026-08-19 22:37:43.751,10021.5564
2026-08-19 22:37:44.164,10230.7402
2026-08-19 22:37:44.598,10451.8696
2026-08-19 22:37:45.015,10674.5087
2026-08-19 22:37:45.431,10824.5658
2026-08-19 22:37:45.848,10634.1047
2026-08-19 22:37:46.311,10411.7836
2026-08-19 22:37:46.732,10170.1118
2026-08-19 22:37:47.146,9963.72686
2026-08-19 22:37:47.575,9759.63315
2026-08-19 22:37:48.016,9566.66817
2026-08-19 22:37:48.429,9393.11803
2026-08-19 22:37:48.856,9249.48209
2026-08-19 22:37:49.270,9132.92141
2026-08-19 22:37:49.683,9049.35045
2026-08-19 22:37:50.102,8993.71666
2026-08-19 22:37:50.519,9021.68954
2026-08-19 22:37:50.932,9093.96014
2026-08-19 22:37:51.346,9192.48449
2026-08-19 22:37:51.760,9322.19344
2026-08-19 22:37:52.188,9479.26367
2026-08-19 22:37:52.601,9662.18193
2026-08-19 22:37:53.036,9859.13679
2026-08-19 22:37:53.450,10062.6373
2026-08-19 22:37:53.865,10270.665
2026-08-19 22:37:54.278,10485.2543
2026-08-19 22:37:54.705,10705.2785
2026-08-19 22:37:55.119,10810.934
2026-08-19 22:37:55.555,10589.8521
2026-08-19 22:37:55.981,10366.447
2026-08-19 22:37:56.400,10147.1546
2026-08-19 22:37:56.817,9940.17438
2026-08-19 22:37:57.246,9742.49171
2026-08-19 22:37:57.675,9551.04375
2026-08-19 22:37:58.089,9378.0827
2026-08-19 22:37:58.504,9236.65711
2026-08-19 22:37:58.926,9126.11534
2026-08-19 22:37:59.345,9043.36426
2026-08-19 22:37:59.759,8989.59336
2026-08-19 22:38:00.187,8981.68131
2026-08-19 22:38:00.608,8980.78088
2026-08-19 22:38:01.036,8980.06185
2026-08-19 22:38:01.449,8979.24877
2026-08-19 22:38:01.862,8978.31309
2026-08-19 22:38:02.277,8977.24292
2026-08-19 22:38:02.706,8976.26466
2026-08-19 22:38:03.135,8975.31931
2026-08-19 22:38:03.547,8974.39361
2026-08-19 22:38:03.970,8973.56767
2026-08-19 22:38:04.398,8972.67703
2026-08-19 22:38:04.814,8977.9407
2026-08-19 22:38:05.232,9031.97584
2026-08-19 22:38:05.647,9113.85895
2026-08-19 22:38:06.070,9222.53106
2026-08-19 22:38:06.483,9363.0658
2026-08-19 22:38:06.910,9524.6191
2026-08-19 22:38:07.325,9617.24161
2026-08-19 22:38:07.756,9454.01523
2026-08-19 22:38:08.185,9290.92505
2026-08-19 22:38:08.599,9157.98607
2026-08-19 22:38:09.030,9056.7503
2026-08-19 22:38:09.444,8986.45055
2026-08-19 22:38:09.865,8989.23109
2026-08-19 22:38:10.292,9062.17727
2026-08-19 22:38:10.705,9161.54253
2026-08-19 22:38:11.131,9287.40424
2026-08-19 22:38:11.549,9445.14419
2026-08-19 22:38:11.966,9620.46242
2026-08-19 22:38:12.380,9810.43945
2026-08-19 22:38:12.802,10007.7012
2026-08-19 22:38:13.216,10218.428
2026-08-19 22:38:13.650,10438.608
2026-08-19 22:38:14.078,10660.7764
2026-08-19 22:38:14.492,10822.9758
2026-08-19 22:38:14.907,10638.1536
2026-08-19 22:38:15.329,10417.7033
2026-08-19 22:38:15.742,10198.9468
2026-08-19 22:38:16.185,9992.88952
2026-08-19 22:38:16.611,9780.71574
2026-08-19 22:38:17.025,9588.68454
2026-08-19 22:38:17.439,9417.16316
2026-08-19 22:38:17.860,9268.69119
2026-08-19 22:38:18.291,9148.11431
2026-08-19 22:38:18.718,9056.09959
2026-08-19 22:38:19.133,8993.57979
2026-08-19 22:38:19.561,9013.63166
2026-08-19 22:38:19.976,9086.86318
2026-08-19 22:38:20.395,9184.3926
2026-08-19 22:38:20.808,9314.60889
2026-08-19 22:38:21.236,9470.29404
2026-08-19 22:38:21.651,9652.25627
2026-08-19 22:38:22.064,9842.94089
2026-08-19 22:38:22.500,10041.9626
2026-08-19 22:38:22.914,10260.67
2026-08-19 22:38:23.339,10475.1044
2026-08-19 22:38:23.754,10700.6799
2026-08-19 22:38:24.169,10816.707
2026-08-19 22:38:24.598,10601.4724
2026-08-19 22:38:25.020,10380.2875
2026-08-19 22:38:25.434,10163.3207
2026-08-19 22:38:25.861,9951.51533
2026-08-19 22:38:26.274,9755.37294
2026-08-19 22:38:26.695,9569.73528
2026-08-19 22:38:27.108,9397.6214
2026-08-19 22:38:27.522,9253.01061
2026-08-19 22:38:27.947,9138.6638
2026-08-19 22:38:28.361,9051.37389
2026-08-19 22:38:28.788,8994.14646
2026-08-19 22:38:29.202,9020.22549
2026-08-19 22:38:29.619,9092.13188
2026-08-19 22:38:30.041,9190.01077
2026-08-19 22:38:30.455,9321.95257
2026-08-19 22:38:30.868,9478.9496
2026-08-19 22:38:31.282,9655.41508
2026-08-19 22:38:31.714,9845.05105
2026-08-19 22:38:32.141,10053.7481
2026-08-19 22:38:32.554,10268.2463
2026-08-19 22:38:32.971,10482.1608
2026-08-19 22:38:33.385,10703.701
2026-08-19 22:38:33.815,10812.7874
2026-08-19 22:38:34.238,10594.0688
2026-08-19 22:38:34.652,10369.7583
2026-08-19 22:38:35.066,10157.0741
2026-08-19 22:38:35.481,9952.12317
2026-08-19 22:38:35.961,9730.18203
2026-08-19 22:38:36.374,9540.60225
2026-08-19 22:38:36.793,9374.83817
2026-08-19 22:38:37.207,9232.35263
2026-08-19 22:38:37.621,9123.37037
2026-08-19 22:38:38.036,9042.70211
2026-08-19 22:38:38.449,8989.53729
2026-08-19 22:38:38.863,8981.58932
2026-08-19 22:38:39.276,8980.74862
2026-08-19 22:38:39.690,8980.10811
2026-08-19 22:38:40.170,8979.16384
2026-08-19 22:38:40.583,8978.11932
2026-08-19 22:38:41.000,8977.20487
2026-08-19 22:38:41.413,8976.26402
2026-08-19 22:38:41.827,8975.30148
2026-08-19 22:38:42.266,8974.36944
2026-08-19 22:38:42.679,8973.54311
2026-08-19 22:38:43.093,8972.75705
2026-08-19 22:38:43.517,8978.18001
2026-08-19 22:38:43.931,9033.85657
2026-08-19 22:38:44.355,9115.34138
2026-08-19 22:38:44.769,9227.05346
2026-08-19 22:38:45.181,9365.02283
2026-08-19 22:38:45.609,9526.83434
2026-08-19 22:38:46.023,9615.09489
2026-08-19 22:38:46.457,9450.97683
2026-08-19 22:38:46.877,9287.5062
2026-08-19 22:38:47.291,9157.69261
2026-08-19 22:38:47.704,9059.97381
2026-08-19 22:38:48.131,8989.42464
2026-08-19 22:38:48.583,8995.88491
2026-08-19 22:38:48.998,9068.86934
2026-08-19 22:38:49.420,9167.21624
2026-08-19 22:38:49.834,9297.14281
2026-08-19 22:38:50.248,9451.71523
2026-08-19 22:38:50.661,9625.67829
2026-08-19 22:38:51.076,9813.30782
2026-08-19 22:38:51.554,10037.4848
2026-08-19 22:38:51.969,10250.4315
2026-08-19 22:38:52.388,10464.2288
2026-08-19 22:38:52.805,10686.8882
2026-08-19 22:38:53.218,10818.4936
2026-08-19 22:38:53.636,10618.7583
2026-08-19 22:38:54.049,10396.6203
2026-08-19 22:38:54.462,10183.8027
2026-08-19 22:38:54.877,9978.58588
2026-08-19 22:38:55.292,9780.65601
2026-08-19 22:38:55.755,9572.27549
2026-08-19 22:38:56.168,9402.24198
2026-08-19 22:38:56.581,9256.93395
2026-08-19 22:38:56.995,9141.13077
2026-08-19 22:38:57.411,9054.39515
2026-08-19 22:38:57.871,8990.59223
2026-08-19 22:38:58.299,9020.1251
2026-08-19 22:38:58.711,9095.41976
2026-08-19 22:38:59.125,9195.28401
2026-08-19 22:38:59.537,9326.36306
2026-08-19 22:39:00.010,9505.16999
2026-08-19 22:39:00.425,9687.08354
2026-08-19 22:39:00.838,9879.22518
2026-08-19 22:39:01.251,10079.8756
2026-08-19 22:39:01.678,10288.3963
2026-08-19 22:39:02.101,10510.1963
2026-08-19 22:39:02.530,10744.0739
2026-08-19 22:39:02.944,10787.8678
2026-08-19 22:39:03.359,10564.175
2026-08-19 22:39:03.773,10344.877
2026-08-19 22:39:04.203,10132.9294
2026-08-19 22:39:04.615,9921.17615
2026-08-19 22:39:05.030,9726.83134
2026-08-19 22:39:05.444,9543.05057
2026-08-19 22:39:05.859,9376.60827
2026-08-19 22:39:06.339,9219.70437
2026-08-19 22:39:06.751,9110.87458
2026-08-19 22:39:07.165,9033.94531
2026-08-19 22:39:07.579,8991.70593
2026-08-19 22:39:08.003,9036.46763
2026-08-19 22:39:08.420,9115.74064
2026-08-19 22:39:08.846,9222.55725
2026-08-19 22:39:09.260,9364.22873
2026-08-19 22:39:09.688,9533.55507
2026-08-19 22:39:10.103,9714.88711
2026-08-19 22:39:10.518,9908.37723
2026-08-19 22:39:10.942,10111.4542
2026-08-19 22:39:11.357,10326.3447
2026-08-19 22:39:11.784,10550.5934
2026-08-19 22:39:12.197,10771.7814
2026-08-19 22:39:12.619,10762.8194
2026-08-19 22:39:13.034,10533.6562
2026-08-19 22:39:13.447,10315.4776
2026-08-19 22:39:13.861,10105.1436
2026-08-19 22:39:14.329,9902.17777
2026-08-19 22:39:14.748,9681.2789
2026-08-19 22:39:15.162,9500.91037
2026-08-19 22:39:15.576,9339.96793
2026-08-19 22:39:15.988,9207.05056
2026-08-19 22:39:16.414,9104.79835
2026-08-19 22:39:16.840,9028.55552
2026-08-19 22:39:17.255,8985.70803
2026-08-19 22:39:17.678,8983.70368
2026-08-19 22:39:18.092,8982.87069
2026-08-19 22:39:18.520,8982.2075
2026-08-19 22:39:18.940,8981.35969
2026-08-19 22:39:19.367,8980.3753
2026-08-19 22:39:19.781,8979.50724
2026-08-19 22:39:20.202,8978.57594
2026-08-19 22:39:20.629,8977.65968
2026-08-19 22:39:21.052,8976.81416
2026-08-19 22:39:21.480,8976.02947
2026-08-19 22:39:21.893,8975.28023
2026-08-19 22:39:22.317,8990.57933
2026-08-19 22:39:22.737,9056.48705
2026-08-19 22:39:23.161,9146.37421
2026-08-19 22:39:23.589,9266.84044
2026-08-19 22:39:24.004,9417.53265
2026-08-19 22:39:24.426,9586.34007
2026-08-19 22:39:24.852,9574.95226
2026-08-19 22:39:25.267,9398.8876
2026-08-19 22:39:25.692,9250.11013
2026-08-19 22:39:26.106,9128.0122
2026-08-19 22:39:26.520,9038.93538
2026-08-19 22:39:26.935,8978.63467
2026-08-19 22:39:27.374,9008.97625
2026-08-19 22:39:27.801,9091.1733
2026-08-19 22:39:28.229,9199.03819
2026-08-19 22:39:28.642,9338.72846
2026-08-19 22:39:29.061,9498.33999
2026-08-19 22:39:29.485,9679.25807
2026-08-19 22:39:29.907,9875.22804
2026-08-19 22:39:30.321,10079.8395
2026-08-19 22:39:30.736,10288.3386
2026-08-19 22:39:31.153,10503.9114
2026-08-19 22:39:31.591,10726.002
2026-08-19 22:39:32.003,10796.8064
2026-08-19 22:39:32.429,10575.3955
2026-08-19 22:39:32.844,10350.2461
2026-08-19 22:39:33.274,10130.3052
2026-08-19 22:39:33.697,9926.43156
2026-08-19 22:39:34.112,9726.68596
2026-08-19 22:39:34.527,9542.95559
2026-08-19 22:39:34.940,9376.73886
2026-08-19 22:39:35.354,9236.4743
2026-08-19 22:39:35.784,9122.44346
2026-08-19 22:39:36.200,9041.67015
2026-08-19 22:39:36.613,8991.7762
2026-08-19 22:39:37.026,9029.89952
2026-08-19 22:39:37.448,9104.77071
2026-08-19 22:39:37.867,9209.86943
2026-08-19 22:39:38.288,9345.69244
2026-08-19 22:39:38.713,9508.77092
2026-08-19 22:39:39.126,9692.72278
2026-08-19 22:39:39.540,9884.90478
2026-08-19 22:39:39.953,10086.2039
2026-08-19 22:39:40.380,10294.8612
2026-08-19 22:39:40.801,10517.5229
2026-08-19 22:39:41.216,10742.2355
2026-08-19 22:39:41.649,10796.1012
2026-08-19 22:39:42.064,10566.2069
2026-08-19 22:39:42.482,10346.0767
2026-08-19 22:39:42.899,10132.128
2026-08-19 22:39:43.311,9927.2668
2026-08-19 22:39:43.731,9732.65992
2026-08-19 22:39:44.154,9546.49104
2026-08-19 22:39:44.568,9376.45369
2026-08-19 22:39:44.982,9236.54791
2026-08-19 22:39:45.395,9127.38577
2026-08-19 22:39:45.837,9046.90267
2026-08-19 22:39:46.249,8995.65634
2026-08-19 22:39:46.678,9035.92873
2026-08-19 22:39:47.106,9114.26013
2026-08-19 22:39:47.520,9222.31194
2026-08-19 22:39:47.944,9358.4672
2026-08-19 22:39:48.358,9524.91934
2026-08-19 22:39:48.776,9705.32386
2026-08-19 22:39:49.190,9900.2327
2026-08-19 22:39:49.662,10102.2062
2026-08-19 22:39:50.094,10344.3618
2026-08-19 22:39:50.508,10567.8429
2026-08-19 22:39:50.921,10789.5355
2026-08-19 22:39:51.334,10758.8362
2026-08-19 22:39:51.767,10528.3452
2026-08-19 22:39:52.194,10307.6803
2026-08-19 22:39:52.607,10091.0936
2026-08-19 22:39:53.022,9888.75633
2026-08-19 22:39:53.437,9695.04506
2026-08-19 22:39:53.852,9513.75045
2026-08-19 22:39:54.276,9351.50555
2026-08-19 22:39:54.689,9213.93782
2026-08-19 22:39:55.103,9111.30011
2026-08-19 22:39:55.517,9036.43985
2026-08-19 22:39:55.982,8992.01564
2026-08-19 22:39:56.405,8988.83883
2026-08-19 22:39:56.826,8988.11728
2026-08-19 22:39:57.241,8987.52996
2026-08-19 22:39:57.655,8986.64179
2026-08-19 22:39:58.068,8985.71083
2026-08-19 22:39:58.491,8984.87616
2026-08-19 22:39:58.924,8983.92927
2026-08-19 22:39:59.338,8983.0933
2026-08-19 22:39:59.752,8982.29383
2026-08-19 22:40:00.181,8981.58135
2026-08-19 22:40:00.601,8980.85859
2026-08-19 22:40:01.027,8996.3351
2026-08-19 22:40:01.445,9062.88055
2026-08-19 22:40:01.865,9152.95299
2026-08-19 22:40:02.280,9272.1871
2026-08-19 22:40:02.693,9418.47321
2026-08-19 22:40:03.106,9586.01611
2026-08-19 22:40:03.545,9592.57821
2026-08-19 22:40:03.959,9409.58514
2026-08-19 22:40:04.394,9255.53698
2026-08-19 22:40:04.822,9134.50533
2026-08-19 22:40:05.236,9042.32521
2026-08-19 22:40:05.650,8983.66387
2026-08-19 22:40:06.061,9017.14529
2026-08-19 22:40:06.489,9094.42761
2026-08-19 22:40:06.909,9201.81479
2026-08-19 22:40:07.322,9338.43822
2026-08-19 22:40:07.743,9497.66167
2026-08-19 22:40:08.158,9678.9007
2026-08-19 22:40:08.587,9877.60024
2026-08-19 22:40:09.010,10077.9921
2026-08-19 22:40:09.423,10291.1971
2026-08-19 22:40:09.849,10505.9669
2026-08-19 22:40:10.278,10740.9988
2026-08-19 22:40:10.691,10809.055
2026-08-19 22:40:11.103,10588.7388
2026-08-19 22:40:11.516,10370.0333
2026-08-19 22:40:11.951,10150.5114
2026-08-19 22:40:12.372,9942.94278
2026-08-19 22:40:12.785,9743.66796
2026-08-19 22:40:13.197,9559.51454
2026-08-19 22:40:13.624,9392.5153
2026-08-19 22:40:14.052,9246.15917
2026-08-19 22:40:14.465,9131.53597
2026-08-19 22:40:14.892,9049.54903
2026-08-19 22:40:15.319,8997.24355
2026-08-19 22:40:15.732,9036.72247
2026-08-19 22:40:16.151,9112.53115
2026-08-19 22:40:16.565,9217.43017
2026-08-19 22:40:16.979,9352.05662
2026-08-19 22:40:17.399,9513.12176
2026-08-19 22:40:17.864,9695.07795
2026-08-19 22:40:18.286,9914.11338
2026-08-19 22:40:18.700,10117.7646
2026-08-19 22:40:19.113,10328.0658
2026-08-19 22:40:19.540,10544.5079
2026-08-19 22:40:19.955,10773.1
2026-08-19 22:40:20.381,10786.0452
2026-08-19 22:40:20.795,10553.8073
2026-08-19 22:40:21.223,10328.0039
2026-08-19 22:40:21.642,10116.5587
2026-08-19 22:40:22.057,9910.55837
2026-08-19 22:40:22.476,9715.75231
2026-08-19 22:40:22.891,9531.50533
2026-08-19 22:40:23.334,9367.02556
2026-08-19 22:40:23.747,9221.59734
2026-08-19 22:40:24.174,9117.08449
2026-08-19 22:40:24.602,9038.84403
2026-08-19 22:40:25.020,9001.15951
2026-08-19 22:40:25.436,9052.40464
2026-08-19 22:40:25.850,9132.08059
2026-08-19 22:40:26.267,9240.34435
2026-08-19 22:40:26.694,9380.78966
2026-08-19 22:40:27.109,9551.22654
2026-08-19 22:40:27.545,9733.72733
2026-08-19 22:40:27.960,9939.0383
2026-08-19 22:40:28.373,10143.1291
2026-08-19 22:40:28.786,10353.7224
2026-08-19 22:40:29.200,10570.6571
2026-08-19 22:40:29.681,10815.1577
2026-08-19 22:40:30.102,10729.8882
2026-08-19 22:40:30.515,10502.5545
2026-08-19 22:40:30.935,10286.1415
2026-08-19 22:40:31.348,10073.0973
2026-08-19 22:40:31.762,9871.59374
2026-08-19 22:40:32.176,9679.16492
2026-08-19 22:40:32.591,9499.40612
2026-08-19 22:40:33.004,9339.55557
2026-08-19 22:40:33.467,9208.06275
2026-08-19 22:40:33.886,9096.2443
2026-08-19 22:40:34.306,9026.5379
2026-08-19 22:40:34.721,8991.7193
2026-08-19 22:40:35.147,8991.27482
2026-08-19 22:40:35.561,8990.33005
2026-08-19 22:40:35.979,8989.71801
2026-08-19 22:40:36.392,8988.81164
2026-08-19 22:40:36.805,8987.89824
2026-08-19 22:40:37.219,8986.96998
2026-08-19 22:40:37.645,8986.04966
2026-08-19 22:40:38.112,8985.11564
2026-08-19 22:40:38.525,8984.22755
2026-08-19 22:40:38.938,8983.39796
2026-08-19 22:40:39.362,8982.65302
2026-08-19 22:40:39.782,9006.02529
2026-08-19 22:40:40.195,9075.85565
2026-08-19 22:40:40.629,9171.71335
2026-08-19 22:40:41.044,9296.29755
2026-08-19 22:40:41.462,9446.46495
2026-08-19 22:40:41.890,9616.08049
2026-08-19 22:40:42.304,9554.87116
2026-08-19 22:40:42.725,9386.02513
2026-08-19 22:40:43.139,9238.96648
2026-08-19 22:40:43.552,9123.83444
2026-08-19 22:40:43.980,9035.11706
2026-08-19 22:40:44.403,8983.98248
2026-08-19 22:40:44.816,9029.81748
2026-08-19 22:40:45.238,9110.80975
2026-08-19 22:40:45.658,9221.76708
2026-08-19 22:40:46.071,9361.95876
2026-08-19 22:40:46.506,9524.60227
2026-08-19 22:40:46.935,9714.58978
2026-08-19 22:40:47.349,9915.01884
2026-08-19 22:40:47.763,10117.1488
2026-08-19 22:40:48.176,10326.7659
2026-08-19 22:40:48.629,10543.1992
2026-08-19 22:40:49.044,10786.3383
2026-08-19 22:40:49.472,10778.302
2026-08-19 22:40:49.887,10545.3457
2026-08-19 22:40:50.302,10326.7651
2026-08-19 22:40:50.722,10114.906
2026-08-19 22:40:51.134,9908.69114
2026-08-19 22:40:51.548,9715.24999
2026-08-19 22:40:51.977,9526.69964
2026-08-19 22:40:52.391,9363.3241
2026-08-19 22:40:52.832,9226.32909
2026-08-19 22:40:53.245,9113.85332
2026-08-19 22:40:53.660,9037.55002
2026-08-19 22:40:54.075,8998.32863
2026-08-19 22:40:54.489,9047.68078
2026-08-19 22:40:54.902,9127.2899
2026-08-19 22:40:55.369,9250.95526
2026-08-19 22:40:55.784,9393.40805
2026-08-19 22:40:56.248,9580.69713
2026-08-19 22:40:56.692,9780.96484
2026-08-19 22:40:57.117,9977.24889
2026-08-19 22:40:57.531,10187.7467
2026-08-19 22:40:57.944,10400.3882
2026-08-19 22:40:58.358,10618.3284
2026-08-19 22:40:58.772,10828.0032
2026-08-19 22:40:59.209,10722.5474
2026-08-19 22:40:59.622,10486.4357
2026-08-19 22:41:00.037,10270.0702
2026-08-19 22:41:00.450,10060.6373
2026-08-19 22:41:00.863,9859.34289
2026-08-19 22:41:01.277,9668.00534
2026-08-19 22:41:01.776,9456.17781
2026-08-19 22:41:02.204,9302.29283
2026-08-19 22:41:02.622,9175.26547
2026-08-19 22:41:03.041,9082.02786
2026-08-19 22:41:03.456,9015.9556
2026-08-19 22:41:03.885,9016.21562
2026-08-19 22:41:04.298,9082.37106
2026-08-19 22:41:04.712,9172.90223
2026-08-19 22:41:05.130,9294.16665
2026-08-19 22:41:05.556,9446.28578
2026-08-19 22:41:05.977,9623.80004
2026-08-19 22:41:06.391,9815.61954
2026-08-19 22:41:06.804,10014.0693
2026-08-19 22:41:07.233,10227.3301
2026-08-19 22:41:07.660,10448.9908
2026-08-19 22:41:08.084,10667.9458
2026-08-19 22:41:08.511,10840.9161
2026-08-19 22:41:08.926,10659.253
2026-08-19 22:41:09.343,10437.0769
2026-08-19 22:41:09.756,10220.3957
2026-08-19 22:41:10.170,10013.1512
2026-08-19 22:41:10.586,9813.9086
2026-08-19 22:41:11.000,9623.96931
2026-08-19 22:41:11.414,9449.22685
2026-08-19 22:41:11.879,9280.92579
2026-08-19 22:41:12.307,9158.99712
2026-08-19 22:41:12.722,9071.9662
2026-08-19 22:41:13.151,9010.81811
2026-08-19 22:41:13.563,8993.83001
2026-08-19 22:41:13.979,8993.12848
2026-08-19 22:41:14.393,8992.2908
2026-08-19 22:41:14.808,8991.65295
2026-08-19 22:41:15.235,8990.67256
2026-08-19 22:41:15.648,8989.7333
2026-08-19 22:41:16.082,8988.81499
2026-08-19 22:41:16.511,8987.83224
2026-08-19 22:41:16.926,8986.9798
2026-08-19 22:41:17.353,8986.14627
2026-08-19 22:41:17.774,8985.37158
2026-08-19 22:41:18.197,8985.76777
2026-08-19 22:41:18.611,9028.85311
2026-08-19 22:41:19.024,9104.64566
2026-08-19 22:41:19.437,9206.02917
2026-08-19 22:41:19.851,9336.61296
2026-08-19 22:41:20.291,9492.82326
2026-08-19 22:41:20.706,9638.60642
2026-08-19 22:41:21.123,9505.77457
2026-08-19 22:41:21.536,9342.2024
2026-08-19 22:41:21.951,9205.5659
2026-08-19 22:41:22.387,9095.66267
2026-08-19 22:41:22.800,9016.67051
2026-08-19 22:41:23.236,8989.48455
2026-08-19 22:41:23.666,9059.11684
2026-08-19 22:41:24.096,9153.56319
2026-08-19 22:41:24.517,9274.32739
2026-08-19 22:41:24.940,9425.93908
2026-08-19 22:41:25.369,9600.63791
2026-08-19 22:41:25.782,9793.12989
2026-08-19 22:41:26.197,9990.18935
2026-08-19 22:41:26.611,10195.607
2026-08-19 22:41:27.034,10408.4502
2026-08-19 22:41:27.450,10632.0679
2026-08-19 22:41:27.863,10835.3598
2026-08-19 22:41:28.277,10710.4663
2026-08-19 22:41:28.690,10488.0646
2026-08-19 22:41:29.119,10263.5908
2026-08-19 22:41:29.554,10054.9609
2026-08-19 22:41:29.985,9836.73886
2026-08-19 22:41:30.399,9645.85176
2026-08-19 22:41:30.812,9469.6496
2026-08-19 22:41:31.225,9315.0279
2026-08-19 22:41:31.663,9188.94355
2026-08-19 22:41:32.077,9087.89938
2026-08-19 22:41:32.496,9020.25792
2026-08-19 22:41:32.909,9011.85886
2026-08-19 22:41:33.376,9076.56047
2026-08-19 22:41:33.803,9180.61992
2026-08-19 22:41:34.216,9306.87992
2026-08-19 22:41:34.640,9459.423
2026-08-19 22:41:35.053,9637.47924
2026-08-19 22:41:35.476,9825.86342
2026-08-19 22:41:35.891,10029.3335
2026-08-19 22:41:36.325,10243.0561
2026-08-19 22:41:36.753,10461.303
2026-08-19 22:41:37.167,10688.6919
2026-08-19 22:41:37.583,10845.2203
2026-08-19 22:41:37.995,10660.4203
2026-08-19 22:41:38.411,10439.2167
2026-08-19 22:41:38.826,10222.5578
2026-08-19 22:41:39.240,10014.6206
2026-08-19 22:41:39.654,9815.20913
2026-08-19 22:41:40.085,9626.33164
2026-08-19 22:41:40.499,9444.96394
2026-08-19 22:41:40.914,9294.48893
2026-08-19 22:41:41.329,9173.40018
2026-08-19 22:41:41.795,9082.53383
2026-08-19 22:41:42.214,9011.51604
2026-08-19 22:41:42.627,9027.97828
2026-08-19 22:41:43.050,9096.28071
2026-08-19 22:41:43.463,9193.24764
2026-08-19 22:41:43.875,9319.31057
2026-08-19 22:41:44.300,9473.04243
2026-08-19 22:41:44.714,9652.45439
2026-08-19 22:41:45.128,9842.51193
2026-08-19 22:41:45.545,10041.7402
2026-08-19 22:41:46.009,10251.0885
2026-08-19 22:41:46.427,10494.6963
2026-08-19 22:41:46.843,10715.0609
2026-08-19 22:41:47.256,10839.6439
2026-08-19 22:41:47.680,10635.668
2026-08-19 22:41:48.095,10409.4182
2026-08-19 22:41:48.512,10194.9752
2026-08-19 22:41:48.940,9986.58224
2026-08-19 22:41:49.367,9781.92231
2026-08-19 22:41:49.789,9588.91217
2026-08-19 22:41:50.202,9415.45758
2026-08-19 22:41:50.618,9270.49518
2026-08-19 22:41:51.033,9155.03633
2026-08-19 22:41:51.447,9069.67323
2026-08-19 22:41:51.860,9010.81976
2026-08-19 22:41:52.322,8997.21195
2026-08-19 22:41:52.752,8996.31073
2026-08-19 22:41:53.165,8995.62732
2026-08-19 22:41:53.587,8994.77606
2026-08-19 22:41:54.015,8993.85448
2026-08-19 22:41:54.434,8992.80344
2026-08-19 22:41:54.862,8991.86857
2026-08-19 22:41:55.275,8990.90499
2026-08-19 22:41:55.688,8990.07643
2026-08-19 22:41:56.103,8989.2167
2026-08-19 22:41:56.524,8988.52598
2026-08-19 22:41:56.943,8991.35798
2026-08-19 22:41:57.355,9040.77384
2026-08-19 22:41:57.781,9119.20592
2026-08-19 22:41:58.194,9227.93487
2026-08-19 22:41:58.610,9362.86449
2026-08-19 22:41:59.040,9523.58229
2026-08-19 22:41:59.454,9646.63415
2026-08-19 22:41:59.867,9497.44789
2026-08-19 22:42:00.282,9336.65416
2026-08-19 22:42:00.751,9201.51875
2026-08-19 22:42:01.179,9081.64011
2026-08-19 22:42:01.594,9009.30014
2026-08-19 22:42:02.018,9000.03227
2026-08-19 22:42:02.437,9071.33688
2026-08-19 22:42:02.854,9166.20549
2026-08-19 22:42:03.267,9290.60878
2026-08-19 22:42:03.683,9441.39658
2026-08-19 22:42:04.096,9613.36807
2026-08-19 22:42:04.523,9800.06875
2026-08-19 22:42:04.936,10004.0858
2026-08-19 22:42:05.356,10209.6642
2026-08-19 22:42:05.769,10425.6593
2026-08-19 22:42:06.205,10651.723
2026-08-19 22:42:06.618,10852.5246
2026-08-19 22:42:07.039,10717.0941
2026-08-19 22:42:07.452,10490.284
2026-08-19 22:42:07.866,10273.744
2026-08-19 22:42:08.288,10064.9187
2026-08-19 22:42:08.705,9859.73739
2026-08-19 22:42:09.118,9666.81507
2026-08-19 22:42:09.586,9467.58407
2026-08-19 22:42:10.000,9313.57735
2026-08-19 22:42:10.428,9184.84421
2026-08-19 22:42:10.848,9090.63239
2026-08-19 22:42:11.267,9022.16656
2026-08-19 22:42:11.680,9017.14827
2026-08-19 22:42:12.110,9085.57489
2026-08-19 22:42:12.524,9176.71653
2026-08-19 22:42:12.944,9298.45111
2026-08-19 22:42:13.357,9451.48753
2026-08-19 22:42:13.785,9623.71483
2026-08-19 22:42:14.200,9817.96955
2026-08-19 22:42:14.625,10017.027
2026-08-19 22:42:15.040,10229.4897
2026-08-19 22:42:15.454,10443.7095
2026-08-19 22:42:15.890,10670.7767
2026-08-19 22:42:16.303,10849.945
2026-08-19 22:42:16.717,10683.1945
2026-08-19 22:42:17.130,10460.742
2026-08-19 22:42:17.543,10245.3061
2026-08-19 22:42:18.009,10011.9143
2026-08-19 22:42:18.424,9812.43555
2026-08-19 22:42:18.844,9623.31082
2026-08-19 22:42:19.259,9446.62361
2026-08-19 22:42:19.673,9296.10918
2026-08-19 22:42:20.104,9175.34637
2026-08-19 22:42:20.516,9081.77352
2026-08-19 22:42:20.930,9018.73544
2026-08-19 22:42:21.345,9025.44008
2026-08-19 22:42:21.759,9092.38796
2026-08-19 22:42:22.222,9197.30218
2026-08-19 22:42:22.655,9329.03715
2026-08-19 22:42:23.069,9486.52296
2026-08-19 22:42:23.496,9669.03957
2026-08-19 22:42:23.917,9858.91132
2026-08-19 22:42:24.331,10062.7692
2026-08-19 22:42:24.767,10278.7156
2026-08-19 22:42:25.182,10497.5086
2026-08-19 22:42:25.600,10718.4772
2026-08-19 22:42:26.015,10840.331
2026-08-19 22:42:26.449,10633.6035
2026-08-19 22:42:26.863,10401.8397
2026-08-19 22:42:27.276,10187.9275
2026-08-19 22:42:27.705,9974.74753
2026-08-19 22:42:28.121,9776.8135
2026-08-19 22:42:28.566,9589.30765
2026-08-19 22:42:28.979,9407.25313
2026-08-19 22:42:29.392,9264.12033
2026-08-19 22:42:29.822,9147.74682
2026-08-19 22:42:30.235,9065.34665
2026-08-19 22:42:30.647,9009.70218
2026-08-19 22:42:31.061,8999.57091
2026-08-19 22:42:31.508,8998.70968
2026-08-19 22:42:31.920,8998.0157
2026-08-19 22:42:32.349,8997.20126
2026-08-19 22:42:32.765,8996.17834
2026-08-19 22:42:33.179,8995.29961
2026-08-19 22:42:33.641,8994.25367
2026-08-19 22:42:34.069,8993.3252
2026-08-19 22:42:34.484,8992.46669
2026-08-19 22:42:34.917,8991.58038
2026-08-19 22:42:35.332,8990.85078
2026-08-19 22:42:35.766,8998.3979
2026-08-19 22:42:36.193,9055.3787
2026-08-19 22:42:36.608,9141.37889
2026-08-19 22:42:37.022,9253.30935
2026-08-19 22:42:37.434,9393.18944
2026-08-19 22:42:37.848,9556.50136
2026-08-19 22:42:38.310,9633.31647
2026-08-19 22:42:38.739,9444.74875
2026-08-19 22:42:39.153,9288.15248
2026-08-19 22:42:39.567,9163.78559
2026-08-19 22:42:39.990,9069.12546
2026-08-19 22:42:40.407,9000.01518
2026-08-19 22:42:40.841,9015.27951
2026-08-19 22:42:41.255,9093.13893
2026-08-19 22:42:41.680,9193.07539
2026-08-19 22:42:42.094,9326.60401
2026-08-19 22:42:42.517,9483.14992
2026-08-19 22:42:42.952,9663.30315
2026-08-19 22:42:43.380,9863.13894
2026-08-19 22:42:43.795,10070.7734
2026-08-19 22:42:44.217,10278.9616
2026-08-19 22:42:44.680,10498.794
2026-08-19 22:42:45.101,10748.1036
2026-08-19 22:42:45.520,10826.7728
2026-08-19 22:42:45.936,10603.5251
2026-08-19 22:42:46.355,10383.1027
2026-08-19 22:42:46.768,10167.1548
2026-08-19 22:42:47.210,9962.04293
2026-08-19 22:42:47.624,9752.40824
2026-08-19 22:42:48.037,9567.73988
2026-08-19 22:42:48.455,9400.4053
2026-08-19 22:42:48.920,9256.87447
2026-08-19 22:42:49.350,9133.03192
2026-08-19 22:42:49.785,9047.49395
2026-08-19 22:42:50.250,9007.34152
2026-08-19 22:42:50.664,9061.60246
2026-08-19 22:42:51.082,9143.34227
2026-08-19 22:42:51.495,9255.44068
2026-08-19 22:42:51.908,9396.66522
2026-08-19 22:42:52.323,9562.49474
2026-08-19 22:42:52.736,9746.0353
2026-08-19 22:42:53.160,9942.82809
2026-08-19 22:42:53.579,10149.1969
2026-08-19 22:42:54.009,10363.0972
2026-08-19 22:42:54.426,10588.6116
2026-08-19 22:42:54.843,10812.2553
2026-08-19 22:42:55.256,10767.685
2026-08-19 22:42:55.682,10543.8156
2026-08-19 22:42:56.095,10319.0827
2026-08-19 22:42:56.523,10108.0068
2026-08-19 22:42:56.938,9898.01316
2026-08-19 22:42:57.361,9704.17805
2026-08-19 22:42:57.775,9518.97356
2026-08-19 22:42:58.189,9357.96156
2026-08-19 22:42:58.603,9223.95983
2026-08-19 22:42:59.083,9110.062
2026-08-19 22:42:59.497,9036.5223
2026-08-19 22:42:59.910,9013.07499
2026-08-19 22:43:00.341,9073.54483
2026-08-19 22:43:00.769,9158.61497
2026-08-19 22:43:01.265,9301.21635
2026-08-19 22:43:01.681,9455.18289
2026-08-19 22:43:02.108,9629.0013
2026-08-19 22:43:02.522,9822.62596
2026-08-19 22:43:02.953,10021.8583
2026-08-19 22:43:03.368,10237.1779
2026-08-19 22:43:03.781,10451.4144
2026-08-19 22:43:04.195,10671.0352
2026-08-19 22:43:04.609,10850.2217
2026-08-19 22:43:05.023,10688.9023
2026-08-19 22:43:05.437,10466.3905
2026-08-19 22:43:05.898,10225.7074
2026-08-19 22:43:06.313,10018.016
2026-08-19 22:43:06.727,9817.96627
2026-08-19 22:43:07.148,9629.11421
2026-08-19 22:43:07.561,9451.83661
2026-08-19 22:43:07.990,9296.4308
2026-08-19 22:43:08.404,9176.15403
2026-08-19 22:43:08.830,9086.3978
2026-08-19 22:43:09.324,9012.90049
2026-08-19 22:43:09.739,9001.18931
2026-08-19 22:43:10.154,9000.42556
2026-08-19 22:43:10.567,8999.75255
2026-08-19 22:43:10.980,8999.01245
2026-08-19 22:43:11.451,8997.92139
2026-08-19 22:43:11.868,8997.02333
2026-08-19 22:43:12.282,8996.03681
2026-08-19 22:43:12.711,8995.11638
2026-08-19 22:43:13.134,8994.28579
2026-08-19 22:43:13.555,8993.41526
2026-08-19 22:43:13.969,8992.62949
2026-08-19 22:43:14.383,8995.33568
2026-08-19 22:43:14.796,9044.15746
2026-08-19 22:43:15.224,9122.61438
2026-08-19 22:43:15.642,9231.41293
2026-08-19 22:43:16.083,9367.7995
2026-08-19 22:43:16.497,9539.14613
2026-08-19 22:43:16.919,9643.88093
2026-08-19 22:43:17.335,9484.54208
2026-08-19 22:43:17.749,9324.7451
2026-08-19 22:43:18.163,9192.94374
2026-08-19 22:43:18.665,9072.84617
2026-08-19 22:43:19.079,9004.27495
2026-08-19 22:43:19.492,9012.47117
2026-08-19 22:43:19.906,9084.75433
2026-08-19 22:43:20.332,9181.88307
2026-08-19 22:43:20.745,9312.15077
2026-08-19 22:43:21.163,9465.994
2026-08-19 22:43:21.581,9644.12362
2026-08-19 22:43:22.007,9832.53295
2026-08-19 22:43:22.437,10039.406
2026-08-19 22:43:22.850,10251.7566
2026-08-19 22:43:23.277,10472.4432
2026-08-19 22:43:23.760,10725.6937
2026-08-19 22:43:24.174,10840.7688
2026-08-19 22:43:24.588,10630.9178
2026-08-19 22:43:25.010,10409.9131
2026-08-19 22:43:25.426,10191.6676
2026-08-19 22:43:25.840,9984.51039
2026-08-19 22:43:26.254,9786.82145
2026-08-19 22:43:26.667,9599.79896
2026-08-19 22:43:27.089,9429.01479
2026-08-19 22:43:27.510,9279.47483
2026-08-19 22:43:27.924,9160.38141
2026-08-19 22:43:28.346,9073.57833
2026-08-19 22:43:28.759,9012.10683
2026-08-19 22:43:29.217,9032.79108
2026-08-19 22:43:29.634,9111.87576
2026-08-19 22:43:30.048,9212.4657
2026-08-19 22:43:30.462,9343.31417
2026-08-19 22:43:30.890,9507.01832
2026-08-19 22:43:31.318,9685.42193
2026-08-19 22:43:31.736,9883.07838
2026-08-19 22:43:32.151,10086.6643
2026-08-19 22:43:32.563,10295.6553
2026-08-19 22:43:32.978,10510.7411
2026-08-19 22:43:33.392,10731.8963
2026-08-19 22:43:33.810,10839.1838
2026-08-19 22:43:34.287,10597.1847
2026-08-19 22:43:34.701,10371.9416
2026-08-19 22:43:35.137,10151.6717
2026-08-19 22:43:35.558,9942.7567
2026-08-19 22:43:35.973,9744.08824
2026-08-19 22:43:36.388,9559.52659
2026-08-19 22:43:36.810,9392.58301
2026-08-19 22:43:37.228,9249.42962
2026-08-19 22:43:37.641,9139.61154
2026-08-19 22:43:38.064,9059.67342
2026-08-19 22:43:38.480,9010.24348
2026-08-19 22:43:38.910,9051.53331
2026-08-19 22:43:39.337,9127.83932
2026-08-19 22:43:39.751,9235.78722
2026-08-19 22:43:40.171,9371.5433
2026-08-19 22:43:40.598,9536.45262
2026-08-19 22:43:41.028,9723.02473
2026-08-19 22:43:41.451,9924.07386
2026-08-19 22:43:41.870,10131.4924
2026-08-19 22:43:42.283,10344.5748
2026-08-19 22:43:42.714,10563.8527
2026-08-19 22:43:43.129,10792.8747
2026-08-19 22:43:43.557,10787.4867
2026-08-19 22:43:43.970,10562.5188
2026-08-19 22:43:44.384,10343.4775
2026-08-19 22:43:44.798,10131.7805
2026-08-19 22:43:45.217,9928.04149
2026-08-19 22:43:45.632,9729.86271
2026-08-19 22:43:46.054,9546.81739
2026-08-19 22:43:46.468,9378.81371
2026-08-19 22:43:46.887,9241.4238
2026-08-19 22:43:47.346,9123.79601
2026-08-19 22:43:47.765,9049.49267
2026-08-19 22:43:48.180,9005.36911
2026-08-19 22:43:48.593,9002.78858
2026-08-19 22:43:49.009,9001.82027
2026-08-19 22:43:49.422,9001.15346
2026-08-19 22:43:49.840,9000.36151
2026-08-19 22:43:50.260,8999.42968
2026-08-19 22:43:50.679,8998.45913
2026-08-19 22:43:51.092,8997.58299
2026-08-19 22:43:51.512,8996.70364
2026-08-19 22:43:51.925,8995.83261
2026-08-19 22:43:52.338,8994.96391
2026-08-19 22:43:52.753,8994.24449
2026-08-19 22:43:53.230,9005.79164
2026-08-19 22:43:53.648,9069.68616
2026-08-19 22:43:54.062,9157.39902
2026-08-19 22:43:54.480,9272.42193
2026-08-19 22:43:54.900,9417.04498
2026-08-19 22:43:55.332,9586.24989
2026-08-19 22:43:55.758,9611.57939
2026-08-19 22:43:56.171,9432.07483
2026-08-19 22:43:56.585,9280.73137
2026-08-19 22:43:57.000,9158.07678
2026-08-19 22:43:57.467,9055.16131
2026-08-19 22:43:57.897,8994.8533
2026-08-19 22:43:58.330,9032.77442
2026-08-19 22:43:58.743,9113.02288
2026-08-19 22:43:59.173,9222.66342
2026-08-19 22:43:59.593,9359.55523
2026-08-19 22:44:00.006,9523.72322
2026-08-19 22:44:00.420,9703.0219
2026-08-19 22:44:00.833,9894.92646
2026-08-19 22:44:01.252,10096.1656
2026-08-19 22:44:01.692,10307.5778
2026-08-19 22:44:02.106,10536.87
2026-08-19 22:44:02.519,10758.9402
2026-08-19 22:44:02.933,10822.1278
2026-08-19 22:44:03.359,10600.23
2026-08-19 22:44:03.773,10373.9141
2026-08-19 22:44:04.194,10161.1871
2026-08-19 22:44:04.629,9952.39935
2026-08-19 22:44:05.044,9746.60807
2026-08-19 22:44:05.461,9561.75037
2026-08-19 22:44:05.879,9393.92391
2026-08-19 22:44:06.292,9251.55464
2026-08-19 22:44:06.706,9141.3716
2026-08-19 22:44:07.120,9059.50774
2026-08-19 22:44:07.548,9007.66344
2026-08-19 22:44:07.963,9046.24359
2026-08-19 22:44:08.432,9121.8278
2026-08-19 22:44:08.880,9251.34226
2026-08-19 22:44:09.294,9391.91111
2026-08-19 22:44:09.721,9556.8963
2026-08-19 22:44:10.210,9780.60732
2026-08-19 22:44:10.623,9976.78935
2026-08-19 22:44:11.048,10181.1836
2026-08-19 22:44:11.464,10399.1335
2026-08-19 22:44:11.943,10647.2879
2026-08-19 22:44:12.359,10847.3481
2026-08-19 22:44:12.772,10705.0598
2026-08-19 22:44:13.185,10482.7912
2026-08-19 22:44:13.598,10266.7349
2026-08-19 22:44:14.042,10057.5828
2026-08-19 22:44:14.457,9842.56886
2026-08-19 22:44:14.872,9651.79782
2026-08-19 22:44:15.287,9475.03544
2026-08-19 22:44:15.701,9320.36184
2026-08-19 22:44:16.139,9190.83414
2026-08-19 22:44:16.553,9095.27035
2026-08-19 22:44:16.977,9028.7937
2026-08-19 22:44:17.394,9022.74945
2026-08-19 22:44:17.808,9088.10389
2026-08-19 22:44:18.236,9180.80235
2026-08-19 22:44:18.651,9301.64345
2026-08-19 22:44:19.092,9452.00798
2026-08-19 22:44:19.505,9636.66787
2026-08-19 22:44:19.918,9824.90658
2026-08-19 22:44:20.331,10023.3438
2026-08-19 22:44:20.744,10229.6274
2026-08-19 22:44:21.171,10443.2975
2026-08-19 22:44:21.679,10713.7678
2026-08-19 22:44:22.145,10837.1851
2026-08-19 22:44:22.560,10619.9848
2026-08-19 22:44:22.975,10399.3334
2026-08-19 22:44:23.394,10185.0896
2026-08-19 22:44:23.808,9976.46511
2026-08-19 22:44:24.220,9778.98832
2026-08-19 22:44:24.636,9593.10578
2026-08-19 22:44:25.103,9422.17146
2026-08-19 22:44:25.536,9259.06871
2026-08-19 22:44:25.950,9145.63511
2026-08-19 22:44:26.380,9062.93344
2026-08-19 22:44:26.793,9011.58232
2026-08-19 22:44:27.207,9005.10785
2026-08-19 22:44:27.624,9004.27809
2026-08-19 22:44:28.049,9003.63927
2026-08-19 22:44:28.462,9002.85474
2026-08-19 22:44:28.877,9001.94904
2026-08-19 22:44:29.292,9001.05157
2026-08-19 22:44:29.760,8999.987
2026-08-19 22:44:30.173,8999.05447
2026-08-19 22:44:30.587,8998.28443
2026-08-19 22:44:31.000,8997.45327
2026-08-19 22:44:31.415,8996.70697
2026-08-19 22:44:31.882,9006.34827
2026-08-19 22:44:32.306,9065.74003
2026-08-19 22:44:32.736,9152.62141
2026-08-19 22:44:33.166,9270.46322
2026-08-19 22:44:33.659,9450.0701
2026-08-19 22:44:34.074,9619.86308
2026-08-19 22:44:34.489,9588.41094
2026-08-19 22:44:34.904,9417.10784
2026-08-19 22:44:35.320,9268.72688
2026-08-19 22:44:35.734,9148.98466
2026-08-19 22:44:36.167,9057.05511
2026-08-19 22:44:36.600,8998.47139
2026-08-19 22:44:37.013,9037.81715
2026-08-19 22:44:37.431,9117.1726
2026-08-19 22:44:37.847,9224.65665
2026-08-19 22:44:38.263,9361.47183
2026-08-19 22:44:38.677,9523.52159
2026-08-19 22:44:39.100,9702.79247
2026-08-19 22:44:39.514,9899.33658
2026-08-19 22:44:39.929,10101.3074
2026-08-19 22:44:40.344,10310.9051
2026-08-19 22:44:40.756,10527.4117
2026-08-19 22:44:41.170,10748.7249
2026-08-19 22:44:41.583,10842.3402
2026-08-19 22:44:42.004,10626.8343
2026-08-19 22:44:42.419,10402.1857
2026-08-19 22:44:42.846,10180.8222
2026-08-19 22:44:43.273,9975.56789
2026-08-19 22:44:43.687,9772.08353
2026-08-19 22:44:44.112,9586.24669
2026-08-19 22:44:44.526,9413.20786
2026-08-19 22:44:44.942,9269.30985
2026-08-19 22:44:45.360,9155.36937
2026-08-19 22:44:45.773,9070.35884
2026-08-19 22:44:46.186,9014.914
2026-08-19 22:44:46.610,9044.19751
2026-08-19 22:44:47.026,9119.00659
2026-08-19 22:44:47.440,9219.98306
2026-08-19 22:44:47.863,9351.36382
2026-08-19 22:44:48.278,9513.74379
2026-08-19 22:44:48.709,9692.8983
2026-08-19 22:44:49.123,9892.98409
2026-08-19 22:44:49.544,10094.9074
2026-08-19 22:44:49.959,10307.6707
2026-08-19 22:44:50.371,10524.4165
2026-08-19 22:44:50.832,10771.6827
2026-08-19 22:44:51.256,10831.3767
2026-08-19 22:44:51.669,10603.089
2026-08-19 22:44:52.084,10383.4873
2026-08-19 22:44:52.499,10169.5946
2026-08-19 22:44:52.915,9963.87642
2026-08-19 22:44:53.329,9765.51574
2026-08-19 22:44:53.757,9574.07176
2026-08-19 22:44:54.177,9406.43847
2026-08-19 22:44:54.590,9262.92846
2026-08-19 22:44:55.018,9152.33684
2026-08-19 22:44:55.430,9068.6552
2026-08-19 22:44:55.853,9018.18645
2026-08-19 22:44:56.267,9055.20448
2026-08-19 22:44:56.704,9129.51095
2026-08-19 22:44:57.126,9238.49155
2026-08-19 22:44:57.544,9376.51028
2026-08-19 22:44:57.958,9540.11253
2026-08-19 22:44:58.397,9727.64311
2026-08-19 22:44:58.839,9926.54008
2026-08-19 22:44:59.259,10143.4737
2026-08-19 22:44:59.678,10357.8662
2026-08-19 22:45:00.093,10578.529
2026-08-19 22:45:00.510,10802.1453
2026-08-19 22:45:00.946,10808.0119
2026-08-19 22:45:01.360,10569.2514
2026-08-19 22:45:01.774,10350.2227
2026-08-19 22:45:02.187,10137.766
2026-08-19 22:45:02.606,9933.87305
2026-08-19 22:45:03.020,9736.06391
2026-08-19 22:45:03.453,9550.52083
2026-08-19 22:45:03.882,9381.29352
2026-08-19 22:45:04.296,9240.43595
2026-08-19 22:45:04.717,9135.98569
2026-08-19 22:45:05.137,9058.92323
2026-08-19 22:45:05.551,9013.61124
2026-08-19 22:45:05.974,9010.5525
2026-08-19 22:45:06.468,9009.61975
2026-08-19 22:45:06.881,9008.9832
2026-08-19 22:45:07.385,9008.13481
2026-08-19 22:45:07.801,9006.9887
2026-08-19 22:45:08.217,9006.08925
2026-08-19 22:45:08.630,9005.21474
2026-08-19 22:45:09.095,9004.26298
2026-08-19 22:45:09.513,9003.36929
2026-08-19 22:45:09.933,9002.57052
2026-08-19 22:45:10.359,9001.87002
2026-08-19 22:45:10.774,9032.73909
2026-08-19 22:45:11.202,9104.41032
2026-08-19 22:45:11.615,9204.13858
2026-08-19 22:45:12.043,9329.79488
2026-08-19 22:45:12.460,9488.49305
2026-08-19 22:45:12.874,9650.70243
2026-08-19 22:45:13.292,9562.05442
2026-08-19 22:45:13.706,9392.47136
2026-08-19 22:45:14.120,9249.75829
2026-08-19 22:45:14.535,9136.24905
2026-08-19 22:45:14.949,9051.79311
2026-08-19 22:45:15.369,9003.33935
2026-08-19 22:45:15.784,9051.91713
2026-08-19 22:45:16.199,9134.6149
2026-08-19 22:45:16.612,9244.80692
2026-08-19 22:45:17.026,9383.72399
2026-08-19 22:45:17.440,9547.60358
2026-08-19 22:45:17.853,9728.78579
2026-08-19 22:45:18.318,9945.61453
2026-08-19 22:45:18.745,10150.1433
2026-08-19 22:45:19.158,10367.5294
2026-08-19 22:45:19.572,10585.5163
2026-08-19 22:45:20.040,10808.5227
2026-08-19 22:45:20.470,10775.288
2026-08-19 22:45:20.884,10544.302
2026-08-19 22:45:21.298,10325.943
2026-08-19 22:45:21.723,10114.289
2026-08-19 22:45:22.145,9905.43117
2026-08-19 22:45:22.570,9708.18798
2026-08-19 22:45:22.985,9522.88738
2026-08-19 22:45:23.410,9362.22535
2026-08-19 22:45:23.824,9226.12501
2026-08-19 22:45:24.250,9124.53718
2026-08-19 22:45:24.664,9048.82529
2026-08-19 22:45:25.078,9020.36825
2026-08-19 22:45:25.506,9076.79685
2026-08-19 22:45:25.920,9163.07111
2026-08-19 22:45:26.364,9276.8493
2026-08-19 22:45:26.778,9431.95005
2026-08-19 22:45:27.204,9601.10295
2026-08-19 22:45:27.619,9792.17023
2026-08-19 22:45:28.046,9990.09015
2026-08-19 22:45:28.463,10202.3104
2026-08-19 22:45:28.879,10416.8805
2026-08-19 22:45:29.312,10637.4909
2026-08-19 22:45:29.726,10856.9767
2026-08-19 22:45:30.139,10749.1152
2026-08-19 22:45:30.554,10524.9868
2026-08-19 22:45:30.973,10306.6031
2026-08-19 22:45:31.392,10093.4352
2026-08-19 22:45:31.857,9863.3128
2026-08-19 22:45:32.273,9671.82937
2026-08-19 22:45:32.686,9493.89457
2026-08-19 22:45:33.100,9338.39756
2026-08-19 22:45:33.518,9210.94584
2026-08-19 22:45:33.933,9113.46313
2026-08-19 22:45:34.348,9044.27955
2026-08-19 22:45:34.761,9027.4649
2026-08-19 22:45:35.187,9088.31522
2026-08-19 22:45:35.603,9176.95824
2026-08-19 22:45:36.016,9293.98513
2026-08-19 22:45:36.430,9440.8297
2026-08-19 22:45:36.846,9610.71377
2026-08-19 22:45:37.260,9798.15363
2026-08-19 22:45:37.675,9995.56413
2026-08-19 22:45:38.117,10201.7621
2026-08-19 22:45:38.531,10429.4327
2026-08-19 22:45:38.956,10649.3053
2026-08-19 22:45:39.372,10859.9053
2026-08-19 22:45:39.786,10737.3888
2026-08-19 22:45:40.200,10513.163
2026-08-19 22:45:40.707,10252.0038
2026-08-19 22:45:41.121,10038.9981
2026-08-19 22:45:41.534,9838.71473
2026-08-19 22:45:41.948,9648.77784
2026-08-19 22:45:42.415,9452.35352
2026-08-19 22:45:42.829,9303.45084
2026-08-19 22:45:43.257,9180.95181
2026-08-19 22:45:43.671,9093.3449
2026-08-19 22:45:44.085,9031.63013
2026-08-19 22:45:44.499,9014.13844
2026-08-19 22:45:44.915,9013.42071
2026-08-19 22:45:45.328,9012.74898
2026-08-19 22:45:45.741,9012.03884
2026-08-19 22:45:46.202,9011.05817
2026-08-19 22:45:46.615,9010.10683
2026-08-19 22:45:47.031,9009.21665
2026-08-19 22:45:47.444,9008.25799
2026-08-19 22:45:47.858,9007.45958
2026-08-19 22:45:48.272,9006.63654
2026-08-19 22:45:48.686,9005.80744
2026-08-19 22:45:49.100,9005.33172
2026-08-19 22:45:49.566,9050.11264
2026-08-19 22:45:49.979,9126.12138
2026-08-19 22:45:50.393,9228.21413
2026-08-19 22:45:50.819,9358.9541
2026-08-19 22:45:51.232,9521.30655
2026-08-19 22:45:51.649,9661.80039
2026-08-19 22:45:52.088,9533.4716
2026-08-19 22:45:52.501,9360.39545
2026-08-19 22:45:52.915,9223.78104
2026-08-19 22:45:53.329,9117.59406
2026-08-19 22:45:53.757,9039.35533
2026-08-19 22:45:54.169,9010.09128
2026-08-19 22:45:54.670,9088.65952
2026-08-19 22:45:55.083,9183.28739
2026-08-19 22:45:55.497,9306.71683
2026-08-19 22:45:55.924,9457.70107
2026-08-19 22:45:56.338,9635.45296
2026-08-19 22:45:56.752,9822.82099
2026-08-19 22:45:57.167,10021.5888
2026-08-19 22:45:57.588,10228.6776
2026-08-19 22:45:58.016,10446.349
2026-08-19 22:45:58.429,10673.9307
2026-08-19 22:45:58.845,10868.0414
2026-08-19 22:45:59.261,10725.8462
2026-08-19 22:45:59.674,10501.0623
2026-08-19 22:46:00.097,10284.0193
2026-08-19 22:46:00.519,10069.483
2026-08-19 22:46:00.932,9864.51523
2026-08-19 22:46:01.345,9673.17299
2026-08-19 22:46:01.774,9490.30693
2026-08-19 22:46:02.214,9329.9137
2026-08-19 22:46:02.627,9201.43598
2026-08-19 22:46:03.041,9106.99309
2026-08-19 22:46:03.456,9039.09929
2026-08-19 22:46:03.869,9030.34485
2026-08-19 22:46:04.283,9094.66122
2026-08-19 22:46:04.748,9183.46626
2026-08-19 22:46:05.167,9320.64826
2026-08-19 22:46:05.594,9473.08091
2026-08-19 22:46:06.011,9652.51464
2026-08-19 22:46:06.427,9842.97503
2026-08-19 22:46:06.841,10043.5158
2026-08-19 22:46:07.278,10250.7875
2026-08-19 22:46:07.692,10477.8079
2026-08-19 22:46:08.115,10698.5531
2026-08-19 22:46:08.529,10870.5694
2026-08-19 22:46:08.959,10685.8059
2026-08-19 22:46:09.402,10463.3536
2026-08-19 22:46:09.829,10232.0143
2026-08-19 22:46:10.244,10017.2354
2026-08-19 22:46:10.656,9817.94063
2026-08-19 22:46:11.071,9629.66824
2026-08-19 22:46:11.483,9456.01805
2026-08-19 22:46:11.898,9306.85528
2026-08-19 22:46:12.361,9183.58729
2026-08-19 22:46:12.773,9088.62515
2026-08-19 22:46:13.188,9028.98934
2026-08-19 22:46:13.614,9047.70583
2026-08-19 22:46:14.029,9119.48294
2026-08-19 22:46:14.460,9215.76805
2026-08-19 22:46:14.888,9349.52805
2026-08-19 22:46:15.302,9511.70241
2026-08-19 22:46:15.715,9689.14242
2026-08-19 22:46:16.128,9880.46076
2026-08-19 22:46:16.555,10081.1225
2026-08-19 22:46:16.968,10296.6474
2026-08-19 22:46:17.405,10520.1652
2026-08-19 22:46:17.818,10746.1951
2026-08-19 22:46:18.231,10862.3231
2026-08-19 22:46:18.650,10653.8218
2026-08-19 22:46:19.064,10429.3173
2026-08-19 22:46:19.480,10214.3238
2026-08-19 22:46:19.894,10006.0488
2026-08-19 22:46:20.308,9806.96952
2026-08-19 22:46:20.740,9616.57846
2026-08-19 22:46:21.154,9439.71457
2026-08-19 22:46:21.567,9293.20096
2026-08-19 22:46:22.000,9173.84266
2026-08-19 22:46:22.413,9087.66116
2026-08-19 22:46:22.826,9029.11554
2026-08-19 22:46:23.250,9015.81281
2026-08-19 22:46:23.664,9014.96773
2026-08-19 22:46:24.101,9014.22881
2026-08-19 22:46:24.514,9013.47445
2026-08-19 22:46:24.943,9012.6359
2026-08-19 22:46:25.362,9011.5993
2026-08-19 22:46:25.774,9010.72811
2026-08-19 22:46:26.235,9009.71386
2026-08-19 22:46:26.650,9008.85034
2026-08-19 22:46:27.065,9008.03087
2026-08-19 22:46:27.480,9007.30141
2026-08-19 22:46:27.951,9009.49392
2026-08-19 22:46:28.382,9067.75514
2026-08-19 22:46:28.799,9152.14618
2026-08-19 22:46:29.219,9262.77369
2026-08-19 22:46:29.648,9404.01413
2026-08-19 22:46:30.112,9594.77977
2026-08-19 22:46:30.547,9631.49382
2026-08-19 22:46:30.960,9454.66075
2026-08-19 22:46:31.387,9302.20351
2026-08-19 22:46:31.815,9174.49275
2026-08-19 22:46:32.246,9077.24189
2026-08-19 22:46:32.659,9011.5714
2026-08-19 22:46:33.081,9035.69755
2026-08-19 22:46:33.494,9112.5388
2026-08-19 22:46:33.907,9213.5018
2026-08-19 22:46:34.321,9344.40563
2026-08-19 22:46:34.745,9501.2717
2026-08-19 22:46:35.162,9682.63007
2026-08-19 22:46:35.590,9874.87641
2026-08-19 22:46:36.003,10082.1658
2026-08-19 22:46:36.429,10290.8402
2026-08-19 22:46:36.864,10512.8904
2026-08-19 22:46:37.277,10745.4498
2026-08-19 22:46:37.691,10863.5732
2026-08-19 22:46:38.107,10655.7361
2026-08-19 22:46:38.527,10432.9355
2026-08-19 22:46:38.949,10214.8064
2026-08-19 22:46:39.444,9964.42096
2026-08-19 22:46:39.914,9767.54999
2026-08-19 22:46:40.346,9556.25981
2026-08-19 22:46:40.759,9387.10294
2026-08-19 22:46:41.174,9250.33637
2026-08-19 22:46:41.588,9143.68839
2026-08-19 22:46:42.011,9065.61267
2026-08-19 22:46:42.441,9022.42298
2026-08-19 22:46:42.870,9074.75507
2026-08-19 22:46:43.285,9155.56745
2026-08-19 22:46:43.705,9265.44202
2026-08-19 22:46:44.119,9408.42359
2026-08-19 22:46:44.557,9573.94771
2026-08-19 22:46:44.971,9768.22987
2026-08-19 22:46:45.385,9963.85969
2026-08-19 22:46:45.799,10168.0319
2026-08-19 22:46:46.231,10386.8263
2026-08-19 22:46:46.670,10608.1027
2026-08-19 22:46:47.083,10842.8231
2026-08-19 22:46:47.496,10782.8432
2026-08-19 22:46:47.916,10557.6354
2026-08-19 22:46:48.332,10336.193
2026-08-19 22:46:48.757,10123.5776
2026-08-19 22:46:49.171,9914.09919
2026-08-19 22:46:49.613,9719.81681
2026-08-19 22:46:50.027,9526.72919
2026-08-19 22:46:50.455,9361.25599
2026-08-19 22:46:50.868,9230.52049
2026-08-19 22:46:51.281,9130.15885
2026-08-19 22:46:51.695,9057.61033
2026-08-19 22:46:52.193,9034.99937
2026-08-19 22:46:52.614,9098.04112
2026-08-19 22:46:53.029,9187.40007
2026-08-19 22:46:53.442,9305.96421
2026-08-19 22:46:53.856,9454.03931
2026-08-19 22:46:54.270,9625.61072
2026-08-19 22:46:54.686,9812.79918
2026-08-19 22:46:55.101,10011.762
2026-08-19 22:46:55.525,10218.8624
2026-08-19 22:46:55.955,10445.3918
2026-08-19 22:46:56.369,10665.7407
2026-08-19 22:46:56.791,10868.3537
2026-08-19 22:46:57.206,10736.2544
2026-08-19 22:46:57.619,10511.6397
2026-08-19 22:46:58.056,10286.7285
2026-08-19 22:46:58.481,10073.066
2026-08-19 22:46:58.895,9865.69291
2026-08-19 22:46:59.308,9674.42272
2026-08-19 22:46:59.731,9496.81007
2026-08-19 22:47:00.148,9338.2215
2026-08-19 22:47:00.588,9211.92075
2026-08-19 22:47:01.002,9112.01455
2026-08-19 22:47:01.415,9045.83137
2026-08-19 22:47:01.830,9017.83552
2026-08-19 22:47:02.245,9017.26147
2026-08-19 22:47:02.667,9016.47516
2026-08-19 22:47:03.088,9015.67758
2026-08-19 22:47:03.531,9014.69651
2026-08-19 22:47:03.945,9013.66158
2026-08-19 22:47:04.380,9012.63723
2026-08-19 22:47:04.793,9011.77534
2026-08-19 22:47:05.208,9010.821
2026-08-19 22:47:05.622,9009.97552
2026-08-19 22:47:06.037,9009.15478
2026-08-19 22:47:06.456,9008.50763
2026-08-19 22:47:06.876,9036.95659
2026-08-19 22:47:07.297,9108.96883
2026-08-19 22:47:07.714,9206.26694
2026-08-19 22:47:08.127,9332.28024
2026-08-19 22:47:08.541,9484.145
2026-08-19 22:47:08.963,9650.50424
2026-08-19 22:47:09.378,9577.32083
2026-08-19 22:47:09.790,9408.20268
2026-08-19 22:47:10.204,9263.77862
2026-08-19 22:47:10.618,9148.48039
2026-08-19 22:47:11.044,9062.56449
2026-08-19 22:47:11.471,9009.40446
2026-08-19 22:47:11.884,9056.52659
2026-08-19 22:47:12.306,9138.27443
2026-08-19 22:47:12.723,9249.6608
2026-08-19 22:47:13.141,9390.08121
2026-08-19 22:47:13.555,9555.56752
2026-08-19 22:47:13.976,9737.19526
2026-08-19 22:47:14.395,9934.59454
2026-08-19 22:47:14.809,10140.3074
2026-08-19 22:47:15.227,10351.462
2026-08-19 22:47:15.646,10570.9435
2026-08-19 22:47:16.060,10796.7622
2026-08-19 22:47:16.473,10836.0381
2026-08-19 22:47:16.916,10610.1733
2026-08-19 22:47:17.336,10374.3739
2026-08-19 22:47:17.750,10158.1717
2026-08-19 22:47:18.176,9953.24777
2026-08-19 22:47:18.605,9751.25975
2026-08-19 22:47:19.037,9560.81345
2026-08-19 22:47:19.451,9389.17177
2026-08-19 22:47:19.865,9251.87689
2026-08-19 22:47:20.279,9145.60031
2026-08-19 22:47:20.754,9067.15068
2026-08-19 22:47:21.186,9025.51149
2026-08-19 22:47:21.600,9082.46207
2026-08-19 22:47:22.015,9165.44775
2026-08-19 22:47:22.443,9282.71081
2026-08-19 22:47:22.873,9426.30011
2026-08-19 22:47:23.302,9601.76798
2026-08-19 22:47:23.722,9793.72342
2026-08-19 22:47:24.150,9993.69113
2026-08-19 22:47:24.614,10230.8786
2026-08-19 22:47:25.050,10454.6507
2026-08-19 22:47:25.466,10678.6176
2026-08-19 22:47:25.880,10874.8471
2026-08-19 22:47:26.296,10733.4165
2026-08-19 22:47:26.708,10508.5433
2026-08-19 22:47:27.128,10291.7094
2026-08-19 22:47:27.543,10078.6113
2026-08-19 22:47:27.975,9873.60231
2026-08-19 22:47:28.406,9675.49162
2026-08-19 22:47:28.819,9490.8447
2026-08-19 22:47:29.246,9336.22955
2026-08-19 22:47:29.659,9207.59615
2026-08-19 22:47:30.088,9110.80849
2026-08-19 22:47:30.518,9044.2852
2026-08-19 22:47:30.935,9040.22477
2026-08-19 22:47:31.350,9106.3226
2026-08-19 22:47:31.766,9196.60812
2026-08-19 22:47:32.183,9318.35797
2026-08-19 22:47:32.599,9470.1552
2026-08-19 22:47:33.071,9667.55708
2026-08-19 22:47:33.485,9860.32712
2026-08-19 22:47:33.898,10060.9033
2026-08-19 22:47:34.312,10268.6233
2026-08-19 22:47:34.726,10484.2282
2026-08-19 22:47:35.162,10713.141
2026-08-19 22:47:35.594,10876.8392
2026-08-19 22:47:36.008,10684.1685
2026-08-19 22:47:36.422,10461.4067
2026-08-19 22:47:36.835,10245.3842
2026-08-19 22:47:37.261,10037.3421
2026-08-19 22:47:37.675,9831.22598
2026-08-19 22:47:38.089,9641.40198
2026-08-19 22:47:38.516,9467.15901
2026-08-19 22:47:38.937,9312.1645
2026-08-19 22:47:39.356,9190.87932
2026-08-19 22:47:39.771,9101.17042
2026-08-19 22:47:40.184,9038.79002
2026-08-19 22:47:40.598,9020.04121
2026-08-19 22:47:41.016,9019.51508
2026-08-19 22:47:41.430,9018.85426
2026-08-19 22:47:41.844,9018.11504
2026-08-19 22:47:42.278,9017.22184
2026-08-19 22:47:42.692,9016.3517
2026-08-19 22:47:43.120,9015.38685
2026-08-19 22:47:43.535,9014.46195
2026-08-19 22:47:43.961,9013.57306
2026-08-19 22:47:44.378,9012.68317
2026-08-19 22:47:44.806,9011.97199
2026-08-19 22:47:45.220,9011.65428
2026-08-19 22:47:45.633,9049.8867
2026-08-19 22:47:46.048,9123.75104
2026-08-19 22:47:46.513,9236.76648
2026-08-19 22:47:46.927,9369.78231
2026-08-19 22:47:47.342,9528.04936
2026-08-19 22:47:47.761,9669.00628
2026-08-19 22:47:48.175,9539.09465
2026-08-19 22:47:48.650,9357.55039
2026-08-19 22:47:49.064,9219.00178
2026-08-19 22:47:49.478,9115.16442
2026-08-19 22:47:49.906,9036.94984
2026-08-19 22:47:50.320,9018.96728
2026-08-19 22:47:50.780,9094.81202
2026-08-19 22:47:51.197,9188.42156
2026-08-19 22:47:51.610,9312.45219
2026-08-19 22:47:52.045,9468.77047
2026-08-19 22:47:52.457,9644.9037
2026-08-19 22:47:52.924,9857.34487
2026-08-19 22:47:53.338,10057.5467
2026-08-19 22:47:53.755,10265.4487
2026-08-19 22:47:54.168,10482.223
2026-08-19 22:47:54.582,10703.0492
2026-08-19 22:47:54.996,10881.5188
2026-08-19 22:47:55.462,10687.5737
2026-08-19 22:47:55.875,10465.3538
2026-08-19 22:47:56.310,10242.383
2026-08-19 22:47:56.725,10031.1673
2026-08-19 22:47:57.139,9831.03318
2026-08-19 22:47:57.553,9641.40515
2026-08-19 22:47:57.971,9466.48395
2026-08-19 22:47:58.385,9315.88753
2026-08-19 22:47:58.807,9195.01267
2026-08-19 22:47:59.220,9102.86296
2026-08-19 22:47:59.649,9037.27647
2026-08-19 22:48:00.092,9051.56122
2026-08-19 22:48:00.523,9127.28095
2026-08-19 22:48:00.960,9229.74689
2026-08-19 22:48:01.378,9362.79446
2026-08-19 22:48:01.791,9522.72916
2026-08-19 22:48:02.206,9701.13814
2026-08-19 22:48:02.620,9893.42876
2026-08-19 22:48:03.044,10094.884
2026-08-19 22:48:03.458,10310.2099
2026-08-19 22:48:03.871,10527.2361
2026-08-19 22:48:04.343,10748.9521
2026-08-19 22:48:04.790,10851.3741
2026-08-19 22:48:05.204,10626.7211
2026-08-19 22:48:05.617,10405.6212
2026-08-19 22:48:06.030,10191.2817
2026-08-19 22:48:06.444,9985.61996
2026-08-19 22:48:06.878,9780.78108
2026-08-19 22:48:07.293,9592.3125
2026-08-19 22:48:07.706,9423.48798
2026-08-19 22:48:08.169,9267.04392
2026-08-19 22:48:08.584,9158.98742
2026-08-19 22:48:08.997,9079.71583
2026-08-19 22:48:09.433,9032.98965
2026-08-19 22:48:09.847,9077.42411
2026-08-19 22:48:10.291,9154.51123
2026-08-19 22:48:10.704,9269.03277
2026-08-19 22:48:11.118,9407.78218
2026-08-19 22:48:11.547,9572.87869
2026-08-19 22:48:11.960,9762.44251
2026-08-19 22:48:12.422,9981.06652
2026-08-19 22:48:12.835,10186.6551
2026-08-19 22:48:13.250,10399.3015
2026-08-19 22:48:13.663,10619.3534
2026-08-19 22:48:14.092,10850.9084
2026-08-19 22:48:14.526,10809.2726
2026-08-19 22:48:14.940,10572.0357
2026-08-19 22:48:15.362,10352.9035
2026-08-19 22:48:15.792,10135.6881
2026-08-19 22:48:16.206,9923.79902
2026-08-19 22:48:16.637,9728.81853
2026-08-19 22:48:17.050,9539.40869
2026-08-19 22:48:17.464,9378.94994
2026-08-19 22:48:17.877,9245.99128
2026-08-19 22:48:18.296,9144.39436
2026-08-19 22:48:18.734,9070.04517
2026-08-19 22:48:19.156,9028.02208
2026-08-19 22:48:19.570,9026.9853
2026-08-19 22:48:19.983,9025.92266
2026-08-19 22:48:20.397,9025.22091
2026-08-19 22:48:20.844,9024.34507
2026-08-19 22:48:21.257,9023.31079
2026-08-19 22:48:21.672,9022.42885
2026-08-19 22:48:22.095,9021.55396
2026-08-19 22:48:22.510,9020.67599
2026-08-19 22:48:22.922,9019.80652
2026-08-19 22:48:23.336,9019.09318
2026-08-19 22:48:23.773,9018.33098
2026-08-19 22:48:24.195,9017.60952
2026-08-19 22:48:24.608,9016.92266
2026-08-19 22:48:25.023,9016.25561
2026-08-19 22:48:25.449,9015.63646
2026-08-19 22:48:25.903,9014.99817
2026-08-19 22:48:26.318,9014.41
2026-08-19 22:48:26.745,9013.88774
2026-08-19 22:48:27.160,9013.34935
2026-08-19 22:48:27.574,9012.8323
2026-08-19 22:48:27.994,9012.38188
2026-08-19 22:48:28.409,9011.92866
2026-08-19 22:48:28.822,9011.45844
2026-08-19 22:48:29.234,9011.05655
2026-08-19 22:48:29.706,9010.6344
2026-08-19 22:48:30.125,9010.19083
2026-08-19 22:48:30.542,9009.82448
2026-08-19 22:48:30.959,9009.45683
2026-08-19 22:48:31.372,9009.10262
2026-08-19 22:48:31.785,9008.76088
2026-08-19 22:48:32.217,9008.4331
2026-08-19 22:48:32.632,9008.09823
2026-08-19 22:48:33.046,9007.80486
2026-08-19 22:48:33.462,9007.51714
2026-08-19 22:48:33.929,9007.22629
2026-08-19 22:48:34.347,9006.89337
2026-08-19 22:48:34.773,9006.62065
2026-08-19 22:48:35.200,9006.3586
2026-08-19 22:48:35.614,9006.08777
2026-08-19 22:48:36.033,9005.801
2026-08-19 22:48:36.447,9005.55254
2026-08-19 22:48:36.870,9005.29465
2026-08-19 22:48:37.293,9005.04304
2026-08-19 22:48:37.707,9004.78141
2026-08-19 22:48:38.120,9004.51405
2026-08-19 22:48:38.544,9004.26583
2026-08-19 22:48:38.958,9003.99445
2026-08-19 22:48:39.382,9003.72009
2026-08-19 22:48:39.796,9003.44882
2026-08-19 22:48:40.258,9003.19817
2026-08-19 22:48:40.692,9002.91836
2026-08-19 22:48:41.106,9002.68743
2026-08-19 22:48:41.520,9002.45223
2026-08-19 22:48:41.934,9002.22125
2026-08-19 22:48:42.349,9001.99376
2026-08-19 22:48:42.762,9001.76299
2026-08-19 22:48:43.176,9001.52903
2026-08-19 22:48:43.594,9001.29908
2026-08-19 22:48:44.013,9001.07392
2026-08-19 22:48:44.426,9000.86181
2026-08-19 22:48:44.839,9000.66459
2026-08-19 22:48:45.252,9000.45798
2026-08-19 22:48:45.749,9000.25342
2026-08-19 22:48:46.173,9000.01649
2026-08-19 22:48:46.601,8999.81288
2026-08-19 22:48:47.014,8999.61696
2026-08-19 22:48:47.442,8999.41936
2026-08-19 22:48:47.876,8999.22756
2026-08-19 22:48:48.290,8999.04669
2026-08-19 22:48:48.713,8998.86215
2026-08-19 22:48:49.128,8998.68603
2026-08-19 22:48:49.545,8998.51456
2026-08-19 22:48:49.980,8998.33891
2026-08-19 22:48:50.408,8998.16489
2026-08-19 22:48:50.824,8998.00488
2026-08-19 22:48:51.242,8997.85604
2026-08-19 22:48:51.658,8997.71061
2026-08-19 22:48:52.072,8997.55662
2026-08-19 22:48:52.491,8997.41813
2026-08-19 22:48:52.906,8997.29291
2026-08-19 22:48:53.324,8997.15045
2026-08-19 22:48:53.753,8997.02275
2026-08-19 22:48:54.180,8996.87793
2026-08-19 22:48:54.609,8996.72449
2026-08-19 22:48:55.024,8996.56818
2026-08-19 22:48:55.442,8996.42672
2026-08-19 22:48:55.860,8996.28719
2026-08-19 22:48:56.274,8996.14477
2026-08-19 22:48:56.691,8996.03451
2026-08-19 22:48:57.106,8995.89753
2026-08-19 22:48:57.533,8995.76847
2026-08-19 22:48:57.966,8995.62762
2026-08-19 22:48:58.384,8995.50625
2026-08-19 22:48:58.803,8995.37407
2026-08-19 22:48:59.218,8995.24427
2026-08-19 22:48:59.632,8995.14367
2026-08-19 22:49:00.059,8995.02186
2026-08-19 22:49:00.488,8994.92969
2026-08-19 22:49:00.908,8994.82709
2026-08-19 22:49:01.322,8994.71504
2026-08-19 22:49:01.744,8994.60949
2026-08-19 22:49:02.158,8994.50143
2026-08-19 22:49:02.570,8994.41628
2026-08-19 22:49:02.984,8994.30916
2026-08-19 22:49:03.403,8994.21793
2026-08-19 22:49:03.829,8994.11981
2026-08-19 22:49:04.257,8994.00859
2026-08-19 22:49:04.678,8993.90376
2026-08-19 22:49:05.092,8993.80852
2026-08-19 22:49:05.512,9015.68292
2026-08-19 22:49:05.934,9089.995
2026-08-19 22:49:06.347,9190.09522
2026-08-19 22:49:06.761,9315.4005
2026-08-19 22:49:07.175,9465.86558
2026-08-19 22:49:07.589,9636.56439
2026-08-19 22:49:08.017,9627.3105
2026-08-19 22:49:08.484,9430.75498
2026-08-19 22:49:08.900,9279.52265
2026-08-19 22:49:09.313,9158.77391
2026-08-19 22:49:09.748,9064.10922
2026-08-19 22:49:10.174,9004.40281
2026-08-19 22:49:10.591,9049.87438
2026-08-19 22:49:11.019,9135.42034
2026-08-19 22:49:11.433,9251.21939
2026-08-19 22:49:11.846,9391.25879
2026-08-19 22:49:12.263,9554.55246
2026-08-19 22:49:12.676,9736.32867
2026-08-19 22:49:13.105,9936.68231
2026-08-19 22:49:13.518,10139.5543
2026-08-19 22:49:13.932,10350.0095
2026-08-19 22:49:14.365,10575.6503
2026-08-19 22:49:14.782,10801.109
2026-08-19 22:49:15.209,10856.6777
2026-08-19 22:49:15.621,10625.0973
2026-08-19 22:49:16.049,10397.1647
2026-08-19 22:49:16.464,10183.7635
2026-08-19 22:49:16.879,9977.77236
2026-08-19 22:49:17.293,9780.74831
2026-08-19 22:49:17.706,9595.9527
2026-08-19 22:49:18.137,9423.56541
2026-08-19 22:49:18.554,9280.03592
2026-08-19 22:49:18.969,9166.44208
2026-08-19 22:49:19.386,9081.34338
2026-08-19 22:49:19.801,9027.39788
2026-08-19 22:49:20.213,9067.15544
2026-08-19 22:49:20.627,9145.55258
2026-08-19 22:49:21.068,9251.36711
2026-08-19 22:49:21.482,9396.93988
2026-08-19 22:49:21.895,9560.1474
2026-08-19 22:49:22.309,9740.95325
2026-08-19 22:49:22.722,9934.67985
2026-08-19 22:49:23.140,10137.6669
2026-08-19 22:49:23.633,10391.6323
2026-08-19 22:49:24.047,10610.6628
2026-08-19 22:49:24.460,10834.4704
2026-08-19 22:49:24.874,10830.0929
2026-08-19 22:49:25.310,10602.3302
2026-08-19 22:49:25.724,10370.6745
2026-08-19 22:49:26.151,10151.1405
2026-08-19 22:49:26.565,9946.71537
2026-08-19 22:49:26.979,9751.1389
2026-08-19 22:49:27.412,9567.96786
2026-08-19 22:49:27.826,9397.33125
2026-08-19 22:49:28.246,9260.38796
2026-08-19 22:49:28.661,9151.9151
2026-08-19 22:49:29.075,9073.03573
2026-08-19 22:49:29.488,9031.47197
2026-08-19 22:49:29.915,9080.90993
2026-08-19 22:49:30.332,9164.46543
2026-08-19 22:49:30.746,9275.44929
2026-08-19 22:49:31.164,9416.05687
2026-08-19 22:49:31.590,9582.77142
2026-08-19 22:49:32.011,9771.75993
2026-08-19 22:49:32.439,9970.3852
2026-08-19 22:49:32.857,10182.5933
2026-08-19 22:49:33.273,10397.4044
2026-08-19 22:49:33.686,10617.3536
2026-08-19 22:49:34.100,10841.3586
2026-08-19 22:49:34.518,10825.7803
2026-08-19 22:49:35.019,10553.8572
2026-08-19 22:49:35.445,10330.4532
2026-08-19 22:49:35.860,10112.5047
2026-08-19 22:49:36.273,9909.14075
2026-08-19 22:49:36.695,9715.47268
2026-08-19 22:49:37.110,9531.93666
2026-08-19 22:49:37.524,9372.44147
2026-08-19 22:49:37.939,9241.14437
2026-08-19 22:49:38.354,9139.76456
2026-08-19 22:49:38.780,9065.77921
2026-08-19 22:49:39.263,9024.33193
2026-08-19 22:49:39.677,9024.66094
2026-08-19 22:49:40.091,9023.09492
2026-08-19 22:49:40.519,9022.19579
2026-08-19 22:49:40.983,9021.22297
2026-08-19 22:49:41.396,9020.27837
2026-08-19 22:49:41.815,9019.4449
2026-08-19 22:49:42.229,9018.57679
2026-08-19 22:49:42.660,9017.7799
2026-08-19 22:49:43.089,9017.00148
2026-08-19 22:49:43.506,9016.25227
2026-08-19 22:49:43.918,9015.59666
2026-08-19 22:49:44.332,9048.47203
2026-08-19 22:49:44.759,9122.13424
2026-08-19 22:49:45.173,9224.10034
2026-08-19 22:49:45.602,9356.55963
2026-08-19 22:49:46.023,9512.19519
2026-08-19 22:49:46.451,9673.69224
2026-08-19 22:49:46.865,9570.51086
2026-08-19 22:49:47.280,9403.95732
2026-08-19 22:49:47.693,9261.43819
2026-08-19 22:49:48.106,9148.58128
2026-08-19 22:49:48.536,9061.75803
2026-08-19 22:49:48.949,9018.39536
2026-08-19 22:49:49.376,9072.83647
2026-08-19 22:49:49.803,9164.90768
2026-08-19 22:49:50.217,9279.96846
2026-08-19 22:49:50.638,9423.71962
2026-08-19 22:49:51.056,9593.74394
2026-08-19 22:49:51.480,9779.58102
2026-08-19 22:49:51.893,9980.24853
2026-08-19 22:49:52.306,10184.0852
2026-08-19 22:49:52.721,10395.8334
2026-08-19 22:49:53.136,10615.088
2026-08-19 22:49:53.550,10839.78
2026-08-19 22:49:54.030,10796.4023
2026-08-19 22:49:54.443,10563.6384
2026-08-19 22:49:54.866,10344.2684
2026-08-19 22:49:55.286,10127.6016
2026-08-19 22:49:55.765,9895.87178
2026-08-19 22:49:56.192,9697.29375
2026-08-19 22:49:56.608,9513.36524
2026-08-19 22:49:57.033,9355.89023
2026-08-19 22:49:57.463,9223.9508
2026-08-19 22:49:57.882,9122.87813
2026-08-19 22:49:58.309,9051.76027
2026-08-19 22:49:58.787,9049.56352
2026-08-19 22:49:59.202,9121.24477
2026-08-19 22:49:59.639,9220.23901
2026-08-19 22:50:00.142,9377.79649
2026-08-19 22:50:00.569,9542.61597
2026-08-19 22:50:00.983,9728.09181
2026-08-19 22:50:01.398,9921.89212
2026-08-19 22:50:01.828,10132.2233
2026-08-19 22:50:02.247,10343.6895
2026-08-19 22:50:02.660,10564.4455
2026-08-19 22:50:03.074,10787.5125
2026-08-19 22:50:03.502,10871.8134
2026-08-19 22:50:03.922,10644.308
2026-08-19 22:50:04.335,10419.2252
2026-08-19 22:50:04.761,10204.7958
2026-08-19 22:50:05.181,9992.13327
2026-08-19 22:50:05.594,9791.07106
2026-08-19 22:50:06.025,9605.24919
2026-08-19 22:50:06.452,9424.44595
2026-08-19 22:50:06.885,9278.53989
2026-08-19 22:50:07.298,9167.22236
2026-08-19 22:50:07.712,9085.71893
2026-08-19 22:50:08.129,9035.37815
2026-08-19 22:50:08.555,9074.34166
2026-08-19 22:50:08.970,9152.92966
2026-08-19 22:50:09.385,9257.7903
2026-08-19 22:50:09.799,9394.08792
2026-08-19 22:50:10.237,9556.03467
2026-08-19 22:50:10.658,9748.50786
2026-08-19 22:50:11.072,9946.61418
2026-08-19 22:50:11.501,10151.0625
2026-08-19 22:50:11.915,10370.809
2026-08-19 22:50:12.341,10590.0995
2026-08-19 22:50:12.756,10820.8496
2026-08-19 22:50:13.170,10853.4318
2026-08-19 22:50:13.584,10625.882
2026-08-19 22:50:13.997,10404.6979
2026-08-19 22:50:14.466,10163.4673
2026-08-19 22:50:14.880,9957.65923
2026-08-19 22:50:15.292,9761.1756
2026-08-19 22:50:15.721,9577.50879
2026-08-19 22:50:16.138,9406.73415
2026-08-19 22:50:16.557,9266.80969
2026-08-19 22:50:16.975,9160.51045
2026-08-19 22:50:17.391,9081.59563
2026-08-19 22:50:17.819,9033.45505
2026-08-19 22:50:18.233,9029.61779
2026-08-19 22:50:18.648,9028.6214
2026-08-19 22:50:19.061,9027.68184
2026-08-19 22:50:19.475,9026.74947
2026-08-19 22:50:19.897,9025.81437
2026-08-19 22:50:20.324,9024.77625
2026-08-19 22:50:20.749,9023.92359
2026-08-19 22:50:21.176,9022.98024
2026-08-19 22:50:21.599,9022.20576
2026-08-19 22:50:22.014,9021.42343
2026-08-19 22:50:22.430,9020.67772
2026-08-19 22:50:22.861,9029.95843
2026-08-19 22:50:23.275,9093.18227
2026-08-19 22:50:23.690,9180.02708
2026-08-19 22:50:24.109,9294.63941
2026-08-19 22:50:24.523,9439.97772
2026-08-19 22:50:25.001,9629.1128
2026-08-19 22:50:25.414,9639.0037
2026-08-19 22:50:25.827,9464.46733
2026-08-19 22:50:26.247,9312.80174
2026-08-19 22:50:26.662,9187.57392
2026-08-19 22:50:27.084,9093.8122
2026-08-19 22:50:27.497,9027.08866
2026-08-19 22:50:27.916,9051.69151
2026-08-19 22:50:28.333,9129.59827
2026-08-19 22:50:28.761,9233.34135
2026-08-19 22:50:29.215,9385.29977
2026-08-19 22:50:29.639,9547.05291
2026-08-19 22:50:30.067,9731.52869
2026-08-19 22:50:30.484,9931.391
2026-08-19 22:50:30.903,10136.2458
2026-08-19 22:50:31.329,10350.3352
2026-08-19 22:50:31.744,10573.8719
2026-08-19 22:50:32.157,10797.5916
2026-08-19 22:50:32.583,10874.7711
2026-08-19 22:50:33.012,10646.3093
2026-08-19 22:50:33.426,10416.0655
2026-08-19 22:50:33.841,10201.0435
2026-08-19 22:50:34.257,9994.02206
2026-08-19 22:50:34.672,9794.93078
2026-08-19 22:50:35.086,9608.07717
2026-08-19 22:50:35.507,9438.85666
2026-08-19 22:50:35.920,9292.32777
2026-08-19 22:50:36.333,9178.95655
2026-08-19 22:50:36.747,9094.06961
2026-08-19 22:50:37.219,9037.9147
2026-08-19 22:50:37.648,9078.89074
2026-08-19 22:50:38.062,9159.13558
2026-08-19 22:50:38.489,9265.86289
2026-08-19 22:50:38.902,9408.39479
2026-08-19 22:50:39.316,9572.208
2026-08-19 22:50:39.747,9761.68611
2026-08-19 22:50:40.161,9958.42538
2026-08-19 22:50:40.576,10163.1312
2026-08-19 22:50:40.990,10375.8855
2026-08-19 22:50:41.403,10594.1498
2026-08-19 22:50:41.823,10817.7982
2026-08-19 22:50:42.238,10855.7543
2026-08-19 22:50:42.652,10627.8898
2026-08-19 22:50:43.066,10406.205
2026-08-19 22:50:43.479,10191.3577
2026-08-19 22:50:43.901,9985.41377
2026-08-19 22:50:44.404,9747.77993
2026-08-19 22:50:44.818,9560.7755
2026-08-19 22:50:45.232,9397.55641
2026-08-19 22:50:45.646,9262.20084
2026-08-19 22:50:46.075,9156.98605
2026-08-19 22:50:46.487,9077.77744
2026-08-19 22:50:46.919,9041.23793
2026-08-19 22:50:47.336,9095.63593
2026-08-19 22:50:47.763,9178.13965
2026-08-19 22:50:48.177,9293.60625
2026-08-19 22:50:48.600,9436.38568
2026-08-19 22:50:49.029,9610.19988
2026-08-19 22:50:49.442,9800.74524
2026-08-19 22:50:49.861,9997.81444
2026-08-19 22:50:50.274,10206.9306
2026-08-19 22:50:50.707,10427.225
2026-08-19 22:50:51.134,10650.1749
2026-08-19 22:50:51.549,10878.195
2026-08-19 22:50:51.964,10804.6119
2026-08-19 22:50:52.378,10577.5078
2026-08-19 22:50:52.790,10358.1375
2026-08-19 22:50:53.210,10145.808
2026-08-19 22:50:53.638,9938.16336
2026-08-19 22:50:54.051,9736.03685
2026-08-19 22:50:54.464,9554.45516
2026-08-19 22:50:54.881,9392.93811
2026-08-19 22:50:55.323,9258.08793
2026-08-19 22:50:55.746,9149.12749
2026-08-19 22:50:56.159,9074.5845
2026-08-19 22:50:56.578,9035.39853
2026-08-19 22:50:57.005,9034.80191
2026-08-19 22:50:57.419,9033.41622
2026-08-19 22:50:57.832,9032.4646
2026-08-19 22:50:58.251,9031.48667
2026-08-19 22:50:58.679,9030.50578
2026-08-19 22:50:59.092,9029.59154
2026-08-19 22:50:59.524,9028.7929
2026-08-19 22:50:59.939,9027.95857
2026-08-19 22:51:00.352,9027.11116
2026-08-19 22:51:00.765,9026.34969
2026-08-19 22:51:01.180,9025.69135
2026-08-19 22:51:01.593,9040.50943
2026-08-19 22:51:02.073,9115.0448
2026-08-19 22:51:02.486,9210.64911
2026-08-19 22:51:02.914,9337.09996
2026-08-19 22:51:03.328,9487.58517
2026-08-19 22:51:03.795,9658.78312
2026-08-19 22:51:04.241,9585.36429
2026-08-19 22:51:04.668,9416.79563
2026-08-19 22:51:05.134,9256.08355
2026-08-19 22:51:05.548,9144.54118
2026-08-19 22:51:05.963,9063.91858
2026-08-19 22:51:06.377,9028.34169
2026-08-19 22:51:06.791,9087.54163
2026-08-19 22:51:07.214,9174.83581
2026-08-19 22:51:07.648,9297.93229
2026-08-19 22:51:08.065,9445.71705
2026-08-19 22:51:08.479,9616.47128
2026-08-19 22:51:08.893,9802.07457
2026-08-19 22:51:09.317,9999.32074
2026-08-19 22:51:09.738,10209.981
2026-08-19 22:51:10.153,10427.3986
2026-08-19 22:51:10.580,10648.2702
2026-08-19 22:51:11.000,10876.3344
2026-08-19 22:51:11.431,10804.2679
2026-08-19 22:51:11.864,10561.1115
2026-08-19 22:51:12.291,10338.7473
2026-08-19 22:51:12.706,10120.1081
2026-08-19 22:51:13.121,9916.58939
2026-08-19 22:51:13.539,9722.15017
2026-08-19 22:51:13.953,9540.04393
2026-08-19 22:51:14.365,9379.9275
2026-08-19 22:51:14.779,9248.36359
2026-08-19 22:51:15.198,9146.82729
2026-08-19 22:51:15.665,9064.44279
2026-08-19 22:51:16.079,9048.42332
2026-08-19 22:51:16.507,9111.76656
2026-08-19 22:51:16.922,9203.05023
2026-08-19 22:51:17.342,9322.24792
2026-08-19 22:51:17.755,9473.46784
2026-08-19 22:51:18.182,9651.36987
2026-08-19 22:51:18.604,9839.19862
2026-08-19 22:51:19.030,10042.3473
2026-08-19 22:51:19.456,10256.0997
2026-08-19 22:51:19.873,10477.967
2026-08-19 22:51:20.291,10700.8734
2026-08-19 22:51:20.704,10900.8761
2026-08-19 22:51:21.119,10761.359
2026-08-19 22:51:21.534,10535.6743
2026-08-19 22:51:21.962,10309.6635
2026-08-19 22:51:22.391,10091.1382
2026-08-19 22:51:22.804,9888.47718
2026-08-19 22:51:23.218,9696.13664
2026-08-19 22:51:23.632,9517.86979
2026-08-19 22:51:24.058,9361.64273
2026-08-19 22:51:24.472,9231.3882
2026-08-19 22:51:24.887,9135.5366
2026-08-19 22:51:25.303,9066.56503
2026-08-19 22:51:25.717,9054.20727
2026-08-19 22:51:26.194,9127.63435
2026-08-19 22:51:26.608,9222.0785
2026-08-19 22:51:27.044,9350.3089
2026-08-19 22:51:27.462,9507.01968
2026-08-19 22:51:27.875,9684.29406
2026-08-19 22:51:28.305,9874.65586
2026-08-19 22:51:28.721,10082.9237
2026-08-19 22:51:29.135,10293.7862
2026-08-19 22:51:29.574,10518.6066
2026-08-19 22:51:30.002,10746.145
2026-08-19 22:51:30.422,10906.6118
2026-08-19 22:51:30.835,10712.6395
2026-08-19 22:51:31.247,10489.4505
2026-08-19 22:51:31.684,10266.055
2026-08-19 22:51:32.103,10049.8391
2026-08-19 22:51:32.517,9849.16447
2026-08-19 22:51:32.930,9659.06086
2026-08-19 22:51:33.345,9485.12943
2026-08-19 22:51:33.757,9334.19827
2026-08-19 22:51:34.182,9214.22129
2026-08-19 22:51:34.604,9121.88348
2026-08-19 22:51:35.031,9057.58747
2026-08-19 22:51:35.447,9039.0856
2026-08-19 22:51:35.875,9038.6707
2026-08-19 22:51:36.289,9037.51367
2026-08-19 22:51:36.713,9036.78496
2026-08-19 22:51:37.141,9035.74755
2026-08-19 22:51:37.562,9034.83201
2026-08-19 22:51:37.975,9033.99624
2026-08-19 22:51:38.389,9033.15618
2026-08-19 22:51:38.817,9032.35337
2026-08-19 22:51:39.237,9031.54622
2026-08-19 22:51:39.651,9030.78953
2026-08-19 22:51:40.083,9031.05024
2026-08-19 22:51:40.500,9073.40857
2026-08-19 22:51:40.920,9150.42885
2026-08-19 22:51:41.334,9254.58209
2026-08-19 22:51:41.748,9386.5728
2026-08-19 22:51:42.163,9544.45606
2026-08-19 22:51:42.576,9691.51598
2026-08-19 22:51:42.998,9570.35546
2026-08-19 22:51:43.489,9372.7615
2026-08-19 22:51:43.904,9238.78802
2026-08-19 22:51:44.318,9134.45387
2026-08-19 22:51:44.780,9058.21715
2026-08-19 22:51:45.199,9044.61432
2026-08-19 22:51:45.613,9115.8265
2026-08-19 22:51:46.052,9214.90154
2026-08-19 22:51:46.469,9343.93451
2026-08-19 22:51:46.887,9498.99369
2026-08-19 22:51:47.300,9675.46512
2026-08-19 22:51:47.728,9870.80467
2026-08-19 22:51:48.142,10071.6515
2026-08-19 22:51:48.555,10280.7173
2026-08-19 22:51:48.968,10496.1022
2026-08-19 22:51:49.392,10717.6825
2026-08-19 22:51:49.821,10910.6204
2026-08-19 22:51:50.249,10744.7975
2026-08-19 22:51:50.667,10512.505
2026-08-19 22:51:51.081,10292.6859
2026-08-19 22:51:51.498,10082.5016
2026-08-19 22:51:51.927,9871.85729
2026-08-19 22:51:52.354,9680.53198
2026-08-19 22:51:52.781,9498.99195
2026-08-19 22:51:53.210,9341.60491
2026-08-19 22:51:53.625,9215.56388
2026-08-19 22:51:54.053,9123.61124
2026-08-19 22:51:54.467,9056.63077
2026-08-19 22:51:54.883,9067.01715
2026-08-19 22:51:55.300,9136.55916
2026-08-19 22:51:55.715,9232.44167
2026-08-19 22:51:56.129,9358.98328
2026-08-19 22:51:56.548,9513.67277
2026-08-19 22:51:56.977,9692.09606
2026-08-19 22:51:57.395,9890.10496
2026-08-19 22:51:57.811,10093.8275
2026-08-19 22:51:58.224,10304.8755
2026-08-19 22:51:58.637,10521.2867
2026-08-19 22:51:59.051,10743.7696
2026-08-19 22:51:59.470,10912.9239
2026-08-19 22:51:59.908,10732.9592
2026-08-19 22:52:00.321,10495.4753
2026-08-19 22:52:00.746,10278.3449
2026-08-19 22:52:01.159,10063.2922
2026-08-19 22:52:01.572,9862.62779
2026-08-19 22:52:02.051,9648.44529
2026-08-19 22:52:02.468,9470.94566
2026-08-19 22:52:02.882,9322.63354
2026-08-19 22:52:03.295,9205.41717
2026-08-19 22:52:03.717,9118.30978
2026-08-19 22:52:04.135,9056.27396
2026-08-19 22:52:04.551,9077.60813
2026-08-19 22:52:04.966,9148.84126
2026-08-19 22:52:05.392,9249.82253
2026-08-19 22:52:05.814,9379.51779
2026-08-19 22:52:06.231,9540.67029
2026-08-19 22:52:06.647,9720.72004
2026-08-19 22:52:07.072,9914.33882
2026-08-19 22:52:07.487,10122.7623
2026-08-19 22:52:07.924,10341.6317
2026-08-19 22:52:08.344,10563.9466
2026-08-19 22:52:08.768,10791.2577
2026-08-19 22:52:09.181,10902.5509
2026-08-19 22:52:09.599,10688.3577
2026-08-19 22:52:10.026,10462.7622
2026-08-19 22:52:10.445,10239.6802
2026-08-19 22:52:10.871,10028.9167
2026-08-19 22:52:11.284,9823.54387
2026-08-19 22:52:11.698,9635.50013
2026-08-19 22:52:12.113,9464.02696
2026-08-19 22:52:12.548,9317.83956
2026-08-19 22:52:12.966,9197.47197
2026-08-19 22:52:13.379,9112.44743
2026-08-19 22:52:13.798,9055.47451
2026-08-19 22:52:14.217,9044.81458
2026-08-19 22:52:14.645,9044.03848
2026-08-19 22:52:15.058,9042.86491
2026-08-19 22:52:15.496,9042.07827
2026-08-19 22:52:15.923,9041.08665
2026-08-19 22:52:16.339,9040.20943
2026-08-19 22:52:16.753,9039.36876
2026-08-19 22:52:17.181,9038.50515
2026-08-19 22:52:17.601,9037.68049
2026-08-19 22:52:18.022,9036.939
2026-08-19 22:52:18.436,9036.17149
2026-08-19 22:52:18.863,9040.40595
2026-08-19 22:52:19.277,9092.9115
2026-08-19 22:52:19.708,9174.0303
2026-08-19 22:52:20.122,9287.27781
2026-08-19 22:52:20.535,9425.87968
2026-08-19 22:52:20.950,9588.81226
2026-08-19 22:52:21.365,9696.37992
2026-08-19 22:52:21.841,9518.94293
2026-08-19 22:52:22.261,9355.48208
2026-08-19 22:52:22.675,9224.03461
2026-08-19 22:52:23.102,9124.885
2026-08-19 22:52:23.518,9051.18639
2026-08-19 22:52:23.932,9054.47493
2026-08-19 22:52:24.349,9127.28812
2026-08-19 22:52:24.764,9225.58323
2026-08-19 22:52:25.190,9352.84045
2026-08-19 22:52:25.604,9512.37311
2026-08-19 22:52:26.038,9688.01351
2026-08-19 22:52:26.452,9887.93855
2026-08-19 22:52:26.866,10089.1556
2026-08-19 22:52:27.302,10306.3478
2026-08-19 22:52:27.721,10527.2755
2026-08-19 22:52:28.149,10752.7668
2026-08-19 22:52:28.577,10917.9119
2026-08-19 22:52:28.992,10723.1169
2026-08-19 22:52:29.405,10498.6195
2026-08-19 22:52:29.823,10281.2792
2026-08-19 22:52:30.240,10069.4737
2026-08-19 22:52:30.654,9866.45495
2026-08-19 22:52:31.067,9675.89633
2026-08-19 22:52:31.481,9500.52846
2026-08-19 22:52:31.895,9348.26915
2026-08-19 22:52:32.329,9225.56115
2026-08-19 22:52:32.742,9128.99808
2026-08-19 22:52:33.165,9063.95273
2026-08-19 22:52:33.582,9072.67563
2026-08-19 22:52:34.010,9142.66878
2026-08-19 22:52:34.433,9241.23354
2026-08-19 22:52:34.846,9371.76552
2026-08-19 22:52:35.274,9527.57187
2026-08-19 22:52:35.703,9710.96616
2026-08-19 22:52:36.118,9909.97314
2026-08-19 22:52:36.539,10113.4313
2026-08-19 22:52:36.952,10327.7834
2026-08-19 22:52:37.373,10544.854
2026-08-19 22:52:37.786,10771.7062
2026-08-19 22:52:38.198,10919.1464
2026-08-19 22:52:38.659,10698.9943
2026-08-19 22:52:39.072,10475.665
2026-08-19 22:52:39.486,10259.4016
2026-08-19 22:52:39.901,10050.3767
2026-08-19 22:52:40.319,9849.63134
2026-08-19 22:52:40.781,9636.87608
2026-08-19 22:52:41.197,9466.06721
2026-08-19 22:52:41.610,9319.31494
2026-08-19 22:52:42.024,9204.66458
2026-08-19 22:52:42.450,9119.01686
2026-08-19 22:52:42.879,9059.56177
2026-08-19 22:52:43.293,9089.05667
2026-08-19 22:52:43.715,9162.3406
2026-08-19 22:52:44.144,9265.19071
2026-08-19 22:52:44.562,9403.14383
2026-08-19 22:52:44.991,9566.14782
2026-08-19 22:52:45.408,9753.56594
2026-08-19 22:52:45.823,9950.48897
2026-08-19 22:52:46.251,10155.2557
2026-08-19 22:52:46.669,10374.9919
2026-08-19 22:52:47.087,10595.5405
2026-08-19 22:52:47.505,10823.23
2026-08-19 22:52:47.918,10894.7817
2026-08-19 22:52:48.345,10670.7371
2026-08-19 22:52:48.767,10441.1481
2026-08-19 22:52:49.191,10220.9553
2026-08-19 22:52:49.619,10008.5502
2026-08-19 22:52:50.034,9803.09367
2026-08-19 22:52:50.462,9616.03074
2026-08-19 22:52:50.880,9441.80045
2026-08-19 22:52:51.296,9299.36321
2026-08-19 22:52:51.710,9189.00332
2026-08-19 22:52:52.124,9108.24516
2026-08-19 22:52:52.546,9055.59383
2026-08-19 22:52:52.963,9048.67418
2026-08-19 22:52:53.386,9047.75016
2026-08-19 22:52:53.798,9046.70147
2026-08-19 22:52:54.224,9045.87904
2026-08-19 22:52:54.652,9044.94859
2026-08-19 22:52:55.071,9043.94509
2026-08-19 22:52:55.486,9043.11055
2026-08-19 22:52:55.900,9042.28041
2026-08-19 22:52:56.319,9041.39668
2026-08-19 22:52:56.732,9040.65847
2026-08-19 22:52:57.145,9039.88943
2026-08-19 22:52:57.623,9047.55479
2026-08-19 22:52:58.040,9107.59939
2026-08-19 22:52:58.453,9193.29078
2026-08-19 22:52:58.880,9305.97776
2026-08-19 22:52:59.298,9452.78071
2026-08-19 22:52:59.727,9621.29009
2026-08-19 22:53:00.144,9683.19383
2026-08-19 22:53:00.558,9508.03514
2026-08-19 22:53:00.998,9346.90822
2026-08-19 22:53:01.412,9216.31063
2026-08-19 22:53:01.825,9119.89179
2026-08-19 22:53:02.253,9050.78307
2026-08-19 22:53:02.668,9064.11441
2026-08-19 22:53:03.084,9138.97655
2026-08-19 22:53:03.498,9239.61246
2026-08-19 22:53:03.927,9369.33693
2026-08-19 22:53:04.341,9532.30841
2026-08-19 22:53:04.769,9716.47996
2026-08-19 22:53:05.187,9908.68446
2026-08-19 22:53:05.663,10137.5394
2026-08-19 22:53:06.091,10356.1058
2026-08-19 22:53:06.507,10582.0124
2026-08-19 22:53:06.922,10807.5598
2026-08-19 22:53:07.335,10911.8321
2026-08-19 22:53:07.765,10687.7028
2026-08-19 22:53:08.195,10457.1501
2026-08-19 22:53:08.610,10239.5569
2026-08-19 22:53:09.026,10030.6983
2026-08-19 22:53:09.439,9829.83858
2026-08-19 22:53:09.855,9641.65087
2026-08-19 22:53:10.269,9469.57875
2026-08-19 22:53:10.686,9322.83643
2026-08-19 22:53:11.112,9205.8625
2026-08-19 22:53:11.528,9117.03214
2026-08-19 22:53:11.943,9059.07407
2026-08-19 22:53:12.363,9087.41791
2026-08-19 22:53:12.779,9162.2688
2026-08-19 22:53:13.194,9263.53588
2026-08-19 22:53:13.609,9396.44728
2026-08-19 22:53:14.024,9556.83085
2026-08-19 22:53:14.493,9761.84848
2026-08-19 22:53:14.907,9957.78249
2026-08-19 22:53:15.320,10162.5911
2026-08-19 22:53:15.745,10374.7429
2026-08-19 22:53:16.162,10599.9216
2026-08-19 22:53:16.592,10829.1606
2026-08-19 22:53:17.006,10897.8073
2026-08-19 22:53:17.419,10672.982
2026-08-19 22:53:17.840,10449.4026
2026-08-19 22:53:18.255,10229.6894
2026-08-19 22:53:18.679,10021.2699
2026-08-19 22:53:19.100,9817.2564
2026-08-19 22:53:19.514,9626.36709
2026-08-19 22:53:19.929,9456.76455
2026-08-19 22:53:20.343,9313.1224
2026-08-19 22:53:20.782,9200.14592
2026-08-19 22:53:21.196,9112.67447
2026-08-19 22:53:21.610,9061.43927
2026-08-19 22:53:22.034,9098.05098
2026-08-19 22:53:22.464,9175.38587
2026-08-19 22:53:22.885,9283.28586
2026-08-19 22:53:23.314,9422.45674
2026-08-19 22:53:23.742,9592.3895
2026-08-19 22:53:24.155,9781.74486
2026-08-19 22:53:24.569,9977.7096
2026-08-19 22:53:24.983,10183.5745
2026-08-19 22:53:25.397,10396.499
2026-08-19 22:53:25.813,10616.4109
2026-08-19 22:53:26.226,10842.9818
2026-08-19 22:53:26.640,10895.5955
2026-08-19 22:53:27.053,10668.8042
2026-08-19 22:53:27.472,10446.2642
2026-08-19 22:53:27.885,10227.1969
2026-08-19 22:53:28.313,10019.5705
2026-08-19 22:53:28.726,9813.84341
2026-08-19 22:53:29.139,9626.6
2026-08-19 22:53:29.552,9457.36539
2026-08-19 22:53:29.977,9314.02021
2026-08-19 22:53:30.394,9199.15425
2026-08-19 22:53:30.807,9116.24307
2026-08-19 22:53:31.221,9061.88908
2026-08-19 22:53:31.661,9053.71141
2026-08-19 22:53:32.075,9052.7717
2026-08-19 22:53:32.493,9051.61204
2026-08-19 22:53:32.906,9050.84165
2026-08-19 22:53:33.322,9049.93377
2026-08-19 22:53:33.749,9048.87457
2026-08-19 22:53:34.163,9047.96584
2026-08-19 22:53:34.584,9047.14099
2026-08-19 22:53:35.012,9046.2784
2026-08-19 22:53:35.429,9045.463
2026-08-19 22:53:35.856,9044.74791
2026-08-19 22:53:36.269,9049.39863
2026-08-19 22:53:36.695,9105.32588
2026-08-19 22:53:37.116,9187.76654
2026-08-19 22:53:37.531,9299.42487
2026-08-19 22:53:37.963,9439.05259
2026-08-19 22:53:38.379,9611.0964
2026-08-19 22:53:38.792,9699.79526
2026-08-19 22:53:39.207,9533.6472
2026-08-19 22:53:39.620,9373.73594
2026-08-19 22:53:40.094,9227.09725
2026-08-19 22:53:40.509,9127.86188
2026-08-19 22:53:40.922,9057.45442
2026-08-19 22:53:41.349,9066.30618
2026-08-19 22:53:41.763,9140.16464
2026-08-19 22:53:42.185,9239.13895
2026-08-19 22:53:42.601,9370.32953
2026-08-19 22:53:43.016,9527.57424
2026-08-19 22:53:43.444,9705.39813
2026-08-19 22:53:43.857,9902.83704
2026-08-19 22:53:44.295,10105.148
2026-08-19 22:53:44.721,10327.7733
2026-08-19 22:53:45.136,10551.9967
2026-08-19 22:53:45.556,10776.0879
2026-08-19 22:53:45.969,10930.4432
2026-08-19 22:53:46.397,10737.9774
2026-08-19 22:53:46.820,10505.3879
2026-08-19 22:53:47.238,10282.8205
2026-08-19 22:53:47.651,10070.5829
2026-08-19 22:53:48.080,9862.57189
2026-08-19 22:53:48.504,9671.93485
2026-08-19 22:53:48.918,9493.37248
2026-08-19 22:53:49.334,9343.50506
2026-08-19 22:53:49.760,9222.79305
2026-08-19 22:53:50.173,9130.52304
2026-08-19 22:53:50.604,9066.26166
2026-08-19 22:53:51.017,9086.31976
2026-08-19 22:53:51.430,9157.60045
2026-08-19 22:53:51.844,9255.08354
2026-08-19 22:53:52.274,9388.69892
2026-08-19 22:53:52.702,9547.56558
2026-08-19 22:53:53.116,9732.8883
2026-08-19 22:53:53.538,9926.48271
2026-08-19 22:53:53.967,10133.8487
2026-08-19 22:53:54.382,10353.1343
2026-08-19 22:53:54.811,10572.1685
2026-08-19 22:53:55.226,10804.8823
2026-08-19 22:53:55.656,10919.7655
2026-08-19 22:53:56.068,10703.9642
2026-08-19 22:53:56.492,10480.4627
2026-08-19 22:53:56.910,10257.6002
2026-08-19 22:53:57.329,10046.5167
2026-08-19 22:53:57.742,9843.53763
2026-08-19 22:53:58.157,9654.64498
2026-08-19 22:53:58.570,9481.4239
2026-08-19 22:53:59.037,9317.47668
2026-08-19 22:53:59.462,9204.67238
2026-08-19 22:53:59.881,9118.96489
2026-08-19 22:54:00.294,9065.528
2026-08-19 22:54:00.708,9100.27203
2026-08-19 22:54:01.128,9174.97234
2026-08-19 22:54:01.543,9278.8336
2026-08-19 22:54:01.957,9413.43015
2026-08-19 22:54:02.385,9575.12475
2026-08-19 22:54:02.799,9763.14308
2026-08-19 22:54:03.229,9958.3346
2026-08-19 22:54:03.657,10177.8796
2026-08-19 22:54:04.076,10390.629
2026-08-19 22:54:04.491,10613.2124
2026-08-19 22:54:04.920,10839.1982
2026-08-19 22:54:05.339,10901.8045
2026-08-19 22:54:05.752,10671.7568
2026-08-19 22:54:06.166,10448.9495
2026-08-19 22:54:06.595,10225.1033
2026-08-19 22:54:07.024,10009.6664
2026-08-19 22:54:07.445,9811.05162
2026-08-19 22:54:07.860,9620.4117
2026-08-19 22:54:08.273,9451.84763
2026-08-19 22:54:08.688,9310.15389
2026-08-19 22:54:09.102,9199.33457
2026-08-19 22:54:09.516,9117.71963
2026-08-19 22:54:09.982,9061.05255
2026-08-19 22:54:10.402,9057.06711
2026-08-19 22:54:10.865,9055.82591
2026-08-19 22:54:11.279,9054.92235
2026-08-19 22:54:11.706,9053.93443
2026-08-19 22:54:12.131,9053.00987
2026-08-19 22:54:12.596,9051.96684
2026-08-19 22:54:13.021,9051.13895
2026-08-19 22:54:13.438,9050.15964
2026-08-19 22:54:13.855,9049.39051
2026-08-19 22:54:14.268,9048.60722
2026-08-19 22:54:14.682,9047.90512
2026-08-19 22:54:15.097,9063.7546
2026-08-19 22:54:15.510,9129.55132
2026-08-19 22:54:15.924,9218.99509
2026-08-19 22:54:16.350,9337.07799
2026-08-19 22:54:16.766,9488.58089
2026-08-19 22:54:17.197,9659.93011
2026-08-19 22:54:17.619,9664.73311
2026-08-19 22:54:18.032,9485.81095
2026-08-19 22:54:18.464,9329.35257
2026-08-19 22:54:18.892,9206.79277
2026-08-19 22:54:19.324,9111.70571
2026-08-19 22:54:19.741,9050.35024
2026-08-19 22:54:20.156,9086.80682
2026-08-19 22:54:20.571,9166.59222
2026-08-19 22:54:20.986,9273.45837
2026-08-19 22:54:21.412,9409.929
2026-08-19 22:54:21.826,9577.37007
2026-08-19 22:54:22.239,9759.09334
2026-08-19 22:54:22.652,9953.10305
2026-08-19 22:54:23.126,10156.8893
2026-08-19 22:54:23.557,10403.2586
2026-08-19 22:54:23.972,10629.3239
2026-08-19 22:54:24.385,10855.5569
2026-08-19 22:54:24.800,10897.2913
2026-08-19 22:54:25.215,10668.5408
2026-08-19 22:54:25.630,10444.9854
2026-08-19 22:54:26.055,10228.7406
2026-08-19 22:54:26.469,10015.5142
2026-08-19 22:54:26.882,9816.65827
2026-08-19 22:54:27.296,9629.81065
2026-08-19 22:54:27.715,9460.98652
2026-08-19 22:54:28.128,9315.55203
2026-08-19 22:54:28.567,9199.81712
2026-08-19 22:54:28.981,9115.47877
2026-08-19 22:54:29.398,9065.31392
2026-08-19 22:54:29.815,9105.52145
2026-08-19 22:54:30.228,9183.19068
2026-08-19 22:54:30.702,9302.33018
2026-08-19 22:54:31.116,9446.8679
2026-08-19 22:54:31.529,9613.32318
2026-08-19 22:54:31.958,9804.19708
2026-08-19 22:54:32.373,10001.6879
2026-08-19 22:54:32.793,10208.5381
2026-08-19 22:54:33.221,10425.9592
2026-08-19 22:54:33.647,10653.7074
2026-08-19 22:54:34.062,10887.1471
2026-08-19 22:54:34.480,10868.4143
2026-08-19 22:54:34.895,10637.6582
2026-08-19 22:54:35.309,10414.4234
2026-08-19 22:54:35.732,10199.5325
2026-08-19 22:54:36.145,9988.34149
2026-08-19 22:54:36.578,9784.06598
2026-08-19 22:54:37.010,9597.48392
2026-08-19 22:54:37.424,9425.93059
2026-08-19 22:54:37.837,9289.77242
2026-08-19 22:54:38.263,9184.92606
2026-08-19 22:54:38.676,9106.07648
2026-08-19 22:54:39.114,9069.40996
2026-08-19 22:54:39.539,9124.66136
2026-08-19 22:54:39.954,9209.44207
2026-08-19 22:54:40.381,9322.27259
2026-08-19 22:54:40.797,9470.80814
2026-08-19 22:54:41.211,9641.07406
2026-08-19 22:54:41.637,9827.62145
2026-08-19 22:54:42.050,10032.2619
2026-08-19 22:54:42.464,10239.8664
2026-08-19 22:54:42.890,10454.4882
2026-08-19 22:54:43.319,10682.5325
2026-08-19 22:54:43.734,10914.0125
2026-08-19 22:54:44.147,10843.1292
2026-08-19 22:54:44.576,10615.8834
2026-08-19 22:54:44.989,10386.7833
2026-08-19 22:54:45.430,10172.6166
2026-08-19 22:54:45.853,9953.96779
2026-08-19 22:54:46.282,9753.54583
2026-08-19 22:54:46.698,9565.40787
2026-08-19 22:54:47.127,9404.3033
2026-08-19 22:54:47.542,9268.30792
2026-08-19 22:54:47.972,9167.0694
2026-08-19 22:54:48.385,9096.24117
2026-08-19 22:54:48.800,9061.88474
2026-08-19 22:54:49.213,9062.14871
2026-08-19 22:54:49.643,9060.68709
2026-08-19 22:54:50.068,9059.78651
2026-08-19 22:54:50.484,9058.84359
2026-08-19 22:54:50.900,9057.94002
2026-08-19 22:54:51.313,9057.01477
2026-08-19 22:54:51.743,9056.16675
2026-08-19 22:54:52.157,9055.24694
2026-08-19 22:54:52.571,9054.45092
2026-08-19 22:54:52.991,9053.70719
2026-08-19 22:54:53.454,9052.95381
2026-08-19 22:54:53.874,9078.99675
2026-08-19 22:54:54.289,9150.213
2026-08-19 22:54:54.711,9245.40024
2026-08-19 22:54:55.124,9372.35179
2026-08-19 22:54:55.557,9530.73756
2026-08-19 22:54:55.970,9701.13027
2026-08-19 22:54:56.386,9636.38916
2026-08-19 22:54:56.800,9463.71512
2026-08-19 22:54:57.233,9312.06122
2026-08-19 22:54:57.647,9194.1387
2026-08-19 22:54:58.074,9107.25081
2026-08-19 22:54:58.491,9054.13593
2026-08-19 22:54:58.909,9101.39888
2026-08-19 22:54:59.321,9185.10309
2026-08-19 22:54:59.735,9295.13094
2026-08-19 22:55:00.169,9440.3526
2026-08-19 22:55:00.582,9608.81202
2026-08-19 22:55:01.005,9792.54235
2026-08-19 22:55:01.420,9993.42874
2026-08-19 22:55:01.833,10199.8836
2026-08-19 22:55:02.308,10441.0758
2026-08-19 22:55:02.722,10666.5147
2026-08-19 22:55:03.137,10893.101
2026-08-19 22:55:03.554,10893.3588
2026-08-19 22:55:03.967,10662.0433
2026-08-19 22:55:04.381,10439.7841
2026-08-19 22:55:04.802,10223.4656
2026-08-19 22:55:05.216,10012.3145
2026-08-19 22:55:05.629,9814.07265
2026-08-19 22:55:06.058,9621.24711
2026-08-19 22:55:06.477,9453.19552
2026-08-19 22:55:06.891,9310.35177
2026-08-19 22:55:07.307,9200.31887
2026-08-19 22:55:07.723,9118.66567
2026-08-19 22:55:08.152,9070.17769
2026-08-19 22:55:08.619,9122.32669
2026-08-19 22:55:09.032,9205.25399
2026-08-19 22:55:09.460,9315.92389
2026-08-19 22:55:09.876,9463.00724
2026-08-19 22:55:10.289,9632.22811
2026-08-19 22:55:10.705,9817.66449
2026-08-19 22:55:11.120,10016.8324
2026-08-19 22:55:11.540,10224.1768
2026-08-19 22:55:11.953,10442.3302
2026-08-19 22:55:12.381,10671.0033
2026-08-19 22:55:12.814,10896.9494
2026-08-19 22:55:13.242,10856.3757
2026-08-19 22:55:13.666,10628.6028
2026-08-19 22:55:14.079,10401.3457
2026-08-19 22:55:14.493,10186.9954
2026-08-19 22:55:14.906,9980.87492
2026-08-19 22:55:15.324,9784.04782
2026-08-19 22:55:15.756,9597.82253
2026-08-19 22:55:16.183,9426.97168
2026-08-19 22:55:16.598,9287.53986
2026-08-19 22:55:17.012,9184.14188
2026-08-19 22:55:17.440,9106.82699
2026-08-19 22:55:17.878,9075.55177
2026-08-19 22:55:18.291,9134.73217
2026-08-19 22:55:18.734,9222.13899
2026-08-19 22:55:19.151,9341.74981
2026-08-19 22:55:19.566,9489.89812
2026-08-19 22:55:19.996,9661.87478
2026-08-19 22:55:20.412,9857.56046
2026-08-19 22:55:20.828,10058.859
2026-08-19 22:55:21.243,10268.702
2026-08-19 22:55:21.670,10485.2642
2026-08-19 22:55:22.098,10714.6508
2026-08-19 22:55:22.511,10935.85
2026-08-19 22:55:22.939,10827.6811
2026-08-19 22:55:23.353,10592.8413
2026-08-19 22:55:23.782,10363.9024
2026-08-19 22:55:24.202,10150.5152
2026-08-19 22:55:24.615,9942.32251
2026-08-19 22:55:25.029,9747.45282
2026-08-19 22:55:25.457,9566.25723
2026-08-19 22:55:25.876,9401.77595
2026-08-19 22:55:26.290,9270.90904
2026-08-19 22:55:26.711,9172.67443
2026-08-19 22:55:27.126,9101.1918
2026-08-19 22:55:27.552,9067.33889
2026-08-19 22:55:27.966,9067.74256
2026-08-19 22:55:28.392,9066.31887
2026-08-19 22:55:28.821,9065.35381
2026-08-19 22:55:29.234,9064.38072
2026-08-19 22:55:29.648,9063.38996
2026-08-19 22:55:30.074,9062.53067
2026-08-19 22:55:30.503,9061.72719
2026-08-19 22:55:30.938,9060.81187
2026-08-19 22:55:31.352,9060.05882
2026-08-19 22:55:31.780,9059.27957
2026-08-19 22:55:32.198,9058.60824
2026-08-19 22:55:32.630,9086.29579
2026-08-19 22:55:33.043,9160.36593
2026-08-19 22:55:33.457,9256.91457
2026-08-19 22:55:33.870,9382.85388
2026-08-19 22:55:34.284,9536.31834
2026-08-19 22:55:34.719,9706.45594
2026-08-19 22:55:35.146,9634.95758
2026-08-19 22:55:35.561,9458.80021
2026-08-19 22:55:35.975,9313.14754
2026-08-19 22:55:36.403,9194.43267
2026-08-19 22:55:36.828,9109.07786
2026-08-19 22:55:37.243,9060.12266
2026-08-19 22:55:37.657,9110.80384
2026-08-19 22:55:38.081,9194.79443
2026-08-19 22:55:38.494,9309.66955
2026-08-19 22:55:38.934,9451.57163
2026-08-19 22:55:39.346,9629.24798
2026-08-19 22:55:39.769,9813.98456
2026-08-19 22:55:40.184,10015.8651
2026-08-19 22:55:40.598,10223.1978
2026-08-19 22:55:41.035,10437.6198
2026-08-19 22:55:41.450,10671.291
2026-08-19 22:55:41.870,10898.5646
2026-08-19 22:55:42.284,10886.6333
2026-08-19 22:55:42.699,10657.0851
2026-08-19 22:55:43.165,10406.4328
2026-08-19 22:55:43.579,10191.9518
2026-08-19 22:55:43.993,9985.35418
2026-08-19 22:55:44.420,9788.46258
2026-08-19 22:55:44.849,9598.41505
2026-08-19 22:55:45.264,9429.02888
2026-08-19 22:55:45.678,9293.80899
2026-08-19 22:55:46.112,9186.09632
2026-08-19 22:55:46.527,9110.00184
2026-08-19 22:55:46.941,9079.19196
2026-08-19 22:55:47.374,9138.44512
2026-08-19 22:55:47.790,9224.4461
2026-08-19 22:55:48.204,9339.70873
2026-08-19 22:55:48.618,9485.85507
2026-08-19 22:55:49.032,9656.27558
2026-08-19 22:55:49.464,9843.98264
2026-08-19 22:55:49.877,10051.9232
2026-08-19 22:55:50.291,10260.6332
2026-08-19 22:55:50.717,10476.2517
2026-08-19 22:55:51.179,10705.0186
2026-08-19 22:55:51.596,10946.675
2026-08-19 22:55:52.011,10836.4826
2026-08-19 22:55:52.438,10608.6416
2026-08-19 22:55:52.865,10379.8174
2026-08-19 22:55:53.283,10159.0716
2026-08-19 22:55:53.702,9949.26056
2026-08-19 22:55:54.115,9754.09506
2026-08-19 22:55:54.539,9572.66452
2026-08-19 22:55:54.953,9408.86678
2026-08-19 22:55:55.369,9278.57013
2026-08-19 22:55:55.798,9178.87236
2026-08-19 22:55:56.235,9103.24634
2026-08-19 22:55:56.650,9089.03561
2026-08-19 22:55:57.063,9153.01877
2026-08-19 22:55:57.477,9241.182
2026-08-19 22:55:57.891,9360.06256
2026-08-19 22:55:58.304,9509.68647
2026-08-19 22:55:58.771,9706.03608
2026-08-19 22:55:59.196,9897.03693
2026-08-19 22:55:59.610,10104.4982
2026-08-19 22:56:00.025,10315.2834
2026-08-19 22:56:00.455,10540.8879
2026-08-19 22:56:00.868,10766.2925
2026-08-19 22:56:01.296,10957.9112
2026-08-19 22:56:01.709,10794.9577
2026-08-19 22:56:02.145,10560.0048
2026-08-19 22:56:02.559,10335.2613
2026-08-19 22:56:02.975,10122.5844
2026-08-19 22:56:03.403,9917.0497
2026-08-19 22:56:03.818,9717.03714
2026-08-19 22:56:04.232,9538.34218
2026-08-19 22:56:04.645,9383.48423
2026-08-19 22:56:05.058,9258.99863
2026-08-19 22:56:05.483,9165.14382
2026-08-19 22:56:05.912,9096.76215
2026-08-19 22:56:06.326,9071.03561
2026-08-19 22:56:06.751,9071.50435
2026-08-19 22:56:07.177,9069.99775
2026-08-19 22:56:07.590,9069.12833
2026-08-19 22:56:08.027,9068.0512
2026-08-19 22:56:08.439,9067.07664
2026-08-19 22:56:08.852,9066.10446
2026-08-19 22:56:09.266,9065.16706
2026-08-19 22:56:09.679,9064.29029
2026-08-19 22:56:10.094,9063.41901
2026-08-19 22:56:10.507,9062.55761
2026-08-19 22:56:10.921,9061.82123
2026-08-19 22:56:11.335,9091.68101
2026-08-19 22:56:11.809,9173.56552
2026-08-19 22:56:12.229,9277.1616
2026-08-19 22:56:12.643,9409.85878
2026-08-19 22:56:13.056,9567.67297
2026-08-19 22:56:13.470,9724.04493
2026-08-19 22:56:13.892,9616.84181
2026-08-19 22:56:14.318,9445.22476
2026-08-19 22:56:14.733,9298.61918
2026-08-19 22:56:15.147,9186.94997
2026-08-19 22:56:15.561,9104.27209
2026-08-19 22:56:15.998,9063.65277
2026-08-19 22:56:16.426,9122.94952
2026-08-19 22:56:16.838,9213.81194
2026-08-19 22:56:17.257,9330.29364
2026-08-19 22:56:17.670,9477.8908
2026-08-19 22:56:18.104,9647.72951
2026-08-19 22:56:18.517,9844.0404
2026-08-19 22:56:18.930,10042.9072
2026-08-19 22:56:19.345,10250.7936
2026-08-19 22:56:19.759,10466.6099
2026-08-19 22:56:20.238,10717.6675
2026-08-19 22:56:20.652,10941.5241
2026-08-19 22:56:21.080,10835.9862
2026-08-19 22:56:21.502,10608.3305
2026-08-19 22:56:21.920,10382.0387
2026-08-19 22:56:22.340,10165.5333
2026-08-19 22:56:22.755,9957.02539
2026-08-19 22:56:23.167,9760.6333
2026-08-19 22:56:23.582,9579.08548
2026-08-19 22:56:23.995,9417.87931
2026-08-19 22:56:24.416,9285.11352
2026-08-19 22:56:24.830,9181.37934
2026-08-19 22:56:25.246,9107.41953
2026-08-19 22:56:25.660,9080.89015
2026-08-19 22:56:26.076,9140.09469
2026-08-19 22:56:26.519,9226.04041
2026-08-19 22:56:26.933,9351.09863
2026-08-19 22:56:27.350,9499.40894
2026-08-19 22:56:27.763,9672.6493
2026-08-19 22:56:28.180,9860.60211
2026-08-19 22:56:28.593,10063.0303
2026-08-19 22:56:29.072,10298.5139
2026-08-19 22:56:29.500,10522.7345
2026-08-19 22:56:29.915,10753.7921
2026-08-19 22:56:30.395,10958.4725
2026-08-19 22:56:30.822,10776.7043
2026-08-19 22:56:31.235,10543.3708
2026-08-19 22:56:31.649,10323.6527
2026-08-19 22:56:32.088,10112.0501
2026-08-19 22:56:32.513,9895.69868
2026-08-19 22:56:32.929,9698.18074
2026-08-19 22:56:33.361,9515.51216
2026-08-19 22:56:33.788,9363.19245
2026-08-19 22:56:34.202,9239.88485
2026-08-19 22:56:34.630,9147.94984
2026-08-19 22:56:35.062,9085.19833
2026-08-19 22:56:35.478,9106.83779
2026-08-19 22:56:35.898,9178.38709
2026-08-19 22:56:36.322,9277.87315
2026-08-19 22:56:36.735,9411.61675
2026-08-19 22:56:37.171,9576.82008
2026-08-19 22:56:37.584,9760.58149
2026-08-19 22:56:38.011,9954.8256
2026-08-19 22:56:38.424,10165.993
2026-08-19 22:56:38.837,10378.1839
2026-08-19 22:56:39.264,10604.787
2026-08-19 22:56:39.677,10829.94
2026-08-19 22:56:40.103,10949.8955
2026-08-19 22:56:40.533,10729.4319
2026-08-19 22:56:40.948,10497.9745
2026-08-19 22:56:41.380,10271.9387
2026-08-19 22:56:41.795,10060.2359
2026-08-19 22:56:42.213,9858.47782
2026-08-19 22:56:42.639,9666.67928
2026-08-19 22:56:43.066,9489.05112
2026-08-19 22:56:43.481,9338.69219
2026-08-19 22:56:43.919,9220.77502
2026-08-19 22:56:44.333,9136.1415
2026-08-19 22:56:44.749,9081.08651
2026-08-19 22:56:45.163,9072.5483
2026-08-19 22:56:45.590,9072.00336
2026-08-19 22:56:46.005,9070.60894
2026-08-19 22:56:46.464,9069.63386
2026-08-19 22:56:46.931,9068.58661
2026-08-19 22:56:47.346,9067.68633
2026-08-19 22:56:47.761,9066.64244
2026-08-19 22:56:48.188,9065.86525
2026-08-19 22:56:48.602,9064.94095
2026-08-19 22:56:49.021,9064.15159
2026-08-19 22:56:49.441,9063.38105
2026-08-19 22:56:49.854,9072.16001
2026-08-19 22:56:50.268,9131.56732
2026-08-19 22:56:50.694,9219.8835
2026-08-19 22:56:51.107,9333.44788
2026-08-19 22:56:51.529,9476.73348
2026-08-19 22:56:51.956,9653.68423
2026-08-19 22:56:52.369,9709.53908
2026-08-19 22:56:52.787,9535.14566
2026-08-19 22:56:53.202,9376.04262
2026-08-19 22:56:53.627,9246.94235
2026-08-19 22:56:54.039,9146.09941
2026-08-19 22:56:54.461,9075.85982
2026-08-19 22:56:54.877,9084.48464
2026-08-19 22:56:55.342,9159.25327
2026-08-19 22:56:55.759,9273.99713
2026-08-19 22:56:56.172,9406.70787
2026-08-19 22:56:56.596,9566.14296
2026-08-19 22:56:57.009,9750.39622
2026-08-19 22:56:57.436,9944.15078
2026-08-19 22:56:57.855,10156.9957
2026-08-19 22:56:58.270,10369.4908
2026-08-19 22:56:58.700,10589.2665
2026-08-19 22:56:59.114,10822.9402
2026-08-19 22:56:59.528,10952.0118
2026-08-19 22:56:59.962,10745.1821
2026-08-19 22:57:00.378,10508.3417
2026-08-19 22:57:00.793,10288.5435
2026-08-19 22:57:01.207,10077.4571
2026-08-19 22:57:01.621,9875.84506
2026-08-19 22:57:02.047,9684.51505
2026-08-19 22:57:02.460,9505.42612
2026-08-19 22:57:02.873,9356.50756
2026-08-19 22:57:03.288,9237.3007
2026-08-19 22:57:03.750,9147.77501
2026-08-19 22:57:04.170,9080.95407
2026-08-19 22:57:04.592,9110.01635
2026-08-19 22:57:05.005,9185.73396
2026-08-19 22:57:05.418,9287.08357
2026-08-19 22:57:05.831,9419.74102
2026-08-19 22:57:06.264,9580.2153
2026-08-19 22:57:06.698,9776.43662
2026-08-19 22:57:07.111,9974.63247
2026-08-19 22:57:07.531,10179.5015
2026-08-19 22:57:07.959,10396.4496
2026-08-19 22:57:08.373,10624.138
2026-08-19 22:57:08.785,10849.9605
2026-08-19 22:57:09.200,10943.0444
2026-08-19 22:57:09.614,10722.1485
2026-08-19 22:57:10.086,10497.4056
2026-08-19 22:57:10.506,10246.1271
2026-08-19 22:57:10.920,10036.9449
2026-08-19 22:57:11.333,9836.76448
2026-08-19 22:57:11.758,9648.87983
2026-08-19 22:57:12.173,9474.14581
2026-08-19 22:57:12.596,9330.61951
2026-08-19 22:57:13.010,9216.52975
2026-08-19 22:57:13.423,9134.2933
2026-08-19 22:57:13.837,9082.82448
2026-08-19 22:57:14.251,9119.39814
2026-08-19 22:57:14.719,9206.62495
2026-08-19 22:57:15.145,9313.48807
2026-08-19 22:57:15.564,9457.4373
2026-08-19 22:57:15.979,9625.92323
2026-08-19 22:57:16.392,9811.1797
2026-08-19 22:57:16.816,10008.5416
2026-08-19 22:57:17.229,10220.2906
2026-08-19 22:57:17.655,10434.6894
2026-08-19 22:57:18.081,10662.4656
2026-08-19 22:57:18.510,10895.9011
2026-08-19 22:57:18.924,10897.7265
2026-08-19 22:57:19.351,10667.1226
2026-08-19 22:57:19.767,10436.0665
2026-08-19 22:57:20.182,10219.1695
2026-08-19 22:57:20.620,10003.7056
2026-08-19 22:57:21.039,9800.70877
2026-08-19 22:57:21.452,9613.07262
2026-08-19 22:57:21.865,9447.72156
2026-08-19 22:57:22.287,9310.34257
2026-08-19 22:57:22.701,9202.16548
2026-08-19 22:57:23.129,9122.96325
2026-08-19 22:57:23.546,9077.80657
2026-08-19 22:57:23.960,9075.40663
2026-08-19 22:57:24.374,9074.13214
2026-08-19 22:57:24.802,9073.12327
2026-08-19 22:57:25.234,9072.19555
2026-08-19 22:57:25.662,9071.2866
2026-08-19 22:57:26.076,9070.29794
2026-08-19 22:57:26.504,9069.46314
2026-08-19 22:57:26.917,9068.58907
2026-08-19 22:57:27.331,9067.79625
2026-08-19 22:57:27.744,9067.03801
2026-08-19 22:57:28.161,9066.29221
2026-08-19 22:57:28.575,9076.86951
2026-08-19 22:57:28.991,9138.40772
2026-08-19 22:57:29.457,9238.50053
2026-08-19 22:57:29.871,9357.22193
2026-08-19 22:57:30.285,9505.06467
2026-08-19 22:57:30.700,9675.72629
2026-08-19 22:57:31.113,9696.4786
2026-08-19 22:57:31.545,9519.3034
2026-08-19 22:57:31.960,9358.1776
2026-08-19 22:57:32.382,9233.92815
2026-08-19 22:57:32.796,9138.29285
2026-08-19 22:57:33.210,9072.58557
2026-08-19 22:57:33.648,9096.47706
2026-08-19 22:57:34.060,9178.63309
2026-08-19 22:57:34.487,9282.84557
2026-08-19 22:57:34.900,9421.85888
2026-08-19 22:57:35.314,9583.2259
2026-08-19 22:57:35.788,9788.38308
2026-08-19 22:57:36.204,9988.3614
2026-08-19 22:57:36.623,10195.3308
2026-08-19 22:57:37.041,10411.655
2026-08-19 22:57:37.468,10634.3514
2026-08-19 22:57:37.883,10868.3776
2026-08-19 22:57:38.309,10936.7922
2026-08-19 22:57:38.723,10703.9942
2026-08-19 22:57:39.137,10479.2917
2026-08-19 22:57:39.551,10261.8248
2026-08-19 22:57:39.981,10044.5727
2026-08-19 22:57:40.396,9843.88929
2026-08-19 22:57:40.809,9655.12686
2026-08-19 22:57:41.223,9484.68577
2026-08-19 22:57:41.636,9339.63157
2026-08-19 22:57:42.050,9225.28009
2026-08-19 22:57:42.477,9139.59649
2026-08-19 22:57:42.891,9083.79212
2026-08-19 22:57:43.316,9118.90821
2026-08-19 22:57:43.728,9196.04344
2026-08-19 22:57:44.151,9299.5217
2026-08-19 22:57:44.566,9437.96676
2026-08-19 22:57:44.979,9601.40808
2026-08-19 22:57:45.398,9783.60944
2026-08-19 22:57:45.823,9982.08438
2026-08-19 22:57:46.237,10193.5335
2026-08-19 22:57:46.651,10407.4167
2026-08-19 22:57:47.066,10627.5904
2026-08-19 22:57:47.487,10853.9986
2026-08-19 22:57:47.903,10943.1665
2026-08-19 22:57:48.318,10718.94
2026-08-19 22:57:48.732,10493.6911
2026-08-19 22:57:49.145,10275.8698
2026-08-19 22:57:49.611,10066.4532
2026-08-19 22:57:50.044,9837.88744
2026-08-19 22:57:50.457,9643.64913
2026-08-19 22:57:50.870,9474.47473
2026-08-19 22:57:51.297,9331.97119
2026-08-19 22:57:51.718,9217.2663
2026-08-19 22:57:52.131,9134.63866
2026-08-19 22:57:52.545,9085.95728
2026-08-19 22:57:52.974,9126.59777
2026-08-19 22:57:53.391,9206.51669
2026-08-19 22:57:53.809,9313.42271
2026-08-19 22:57:54.225,9453.24843
2026-08-19 22:57:54.639,9619.24126
2026-08-19 22:57:55.061,9803.8485
2026-08-19 22:57:55.480,10004.5094
2026-08-19 22:57:55.894,10213.6515
2026-08-19 22:57:56.327,10428.0669
2026-08-19 22:57:56.741,10659.2664
2026-08-19 22:57:57.156,10886.1043
2026-08-19 22:57:57.570,10922.0313
2026-08-19 22:57:58.036,10692.1244
2026-08-19 22:57:58.456,10436.5297
2026-08-19 22:57:58.870,10221.2033
2026-08-19 22:57:59.285,10012.6578
2026-08-19 22:57:59.697,9813.5589
2026-08-19 22:58:00.122,9627.57701
2026-08-19 22:58:00.540,9456.02232
2026-08-19 22:58:00.967,9316.01938
2026-08-19 22:58:01.382,9205.94398
2026-08-19 22:58:01.795,9128.0277
2026-08-19 22:58:02.209,9080.95416
2026-08-19 22:58:02.641,9077.50279
2026-08-19 22:58:03.070,9076.31885
2026-08-19 22:58:03.484,9075.06873
2026-08-19 22:58:03.904,9074.31599
2026-08-19 22:58:04.318,9073.3803
2026-08-19 22:58:04.751,9072.39006
2026-08-19 22:58:05.165,9071.47294
2026-08-19 22:58:05.580,9070.54703
2026-08-19 22:58:06.007,9069.78713
2026-08-19 22:58:06.421,9068.97015
2026-08-19 22:58:06.849,9068.22359
2026-08-19 22:58:07.263,9079.2465
2026-08-19 22:58:07.677,9141.28
2026-08-19 22:58:08.091,9228.07836
2026-08-19 22:58:08.509,9343.4173
2026-08-19 22:58:08.975,9509.69286
2026-08-19 22:58:09.389,9680.53095
2026-08-19 22:58:09.803,9698.8914
2026-08-19 22:58:10.216,9521.61168
2026-08-19 22:58:10.644,9362.05788
2026-08-19 22:58:11.076,9232.19523
2026-08-19 22:58:11.491,9138.86522
2026-08-19 22:58:11.904,9073.36473
2026-08-19 22:58:12.330,9097.32168
2026-08-19 22:58:12.744,9176.55025
2026-08-19 22:58:13.177,9279.9922
2026-08-19 22:58:13.592,9420.22857
2026-08-19 22:58:14.005,9581.89654
2026-08-19 22:58:14.418,9762.28047
2026-08-19 22:58:14.832,9956.32966
2026-08-19 22:58:15.250,10160.6491
2026-08-19 22:58:15.749,10416.3547
2026-08-19 22:58:16.167,10639.6686
2026-08-19 22:58:16.594,10867.9866
2026-08-19 22:58:17.007,10941.9723
2026-08-19 22:58:17.435,10708.6242
2026-08-19 22:58:17.854,10483.8493
2026-08-19 22:58:18.267,10263.2668
2026-08-19 22:58:18.681,10054.4568
2026-08-19 22:58:19.105,9853.61692
2026-08-19 22:58:19.533,9659.97652
2026-08-19 22:58:19.949,9483.14102
2026-08-19 22:58:20.367,9338.10263
2026-08-19 22:58:20.782,9223.04119
2026-08-19 22:58:21.248,9138.52308
2026-08-19 22:58:21.677,9082.18347
2026-08-19 22:58:22.091,9127.77343
2026-08-19 22:58:22.520,9210.10598
2026-08-19 22:58:22.935,9318.83386
2026-08-19 22:58:23.355,9459.10495
2026-08-19 22:58:23.770,9628.05789
2026-08-19 22:58:24.182,9813.12227
2026-08-19 22:58:24.600,10010.1459
2026-08-19 22:58:25.012,10218.4636
2026-08-19 22:58:25.473,10432.4408
2026-08-19 22:58:25.895,10682.0337
2026-08-19 22:58:26.309,10910.2341
2026-08-19 22:58:26.741,10887.1266
2026-08-19 22:58:27.155,10655.5006
2026-08-19 22:58:27.569,10432.5905
2026-08-19 22:58:28.001,10214.1147
2026-08-19 22:58:28.421,10000.0379
2026-08-19 22:58:28.847,9798.96246
2026-08-19 22:58:29.265,9608.27398
2026-08-19 22:58:29.678,9442.39905
2026-08-19 22:58:30.096,9304.67093
2026-08-19 22:58:30.519,9200.02876
2026-08-19 22:58:30.933,9121.75213
2026-08-19 22:58:31.359,9085.10934
2026-08-19 22:58:31.772,9138.74234
2026-08-19 22:58:32.197,9220.03945
2026-08-19 22:58:32.610,9334.65488
2026-08-19 22:58:33.029,9477.56341
2026-08-19 22:58:33.442,9648.22916
2026-08-19 22:58:33.855,9834.56856
2026-08-19 22:58:34.318,10056.5746
2026-08-19 22:58:34.746,10265.3211
2026-08-19 22:58:35.163,10488.5915
2026-08-19 22:58:35.578,10712.9686
2026-08-19 22:58:35.993,10935.7107
2026-08-19 22:58:36.409,10859.2728
2026-08-19 22:58:36.824,10628.8164
2026-08-19 22:58:37.237,10406.0607
2026-08-19 22:58:37.664,10191.5493
2026-08-19 22:58:38.079,9978.68493
2026-08-19 22:58:38.506,9781.30815
2026-08-19 22:58:38.923,9591.89183
2026-08-19 22:58:39.341,9428.16515
2026-08-19 22:58:39.770,9293.50573
2026-08-19 22:58:40.187,9188.52195
2026-08-19 22:58:40.613,9115.15908
2026-08-19 22:58:41.027,9076.14661
2026-08-19 22:58:41.448,9075.89608
2026-08-19 22:58:41.862,9074.35408
2026-08-19 22:58:42.286,9073.44723
2026-08-19 22:58:42.716,9072.40211
2026-08-19 22:58:43.130,9071.46318
2026-08-19 22:58:43.544,9070.48845
2026-08-19 22:58:43.957,9069.57431
2026-08-19 22:58:44.369,9068.66093
2026-08-19 22:58:44.782,9067.79763
2026-08-19 22:58:45.250,9066.9325
2026-08-19 22:58:45.670,9066.16414
2026-08-19 22:58:46.131,9093.7168
2026-08-19 22:58:46.577,9171.35848
2026-08-19 22:58:47.014,9273.49159
2026-08-19 22:58:47.428,9404.56816
2026-08-19 22:58:47.868,9566.57501
2026-08-19 22:58:48.282,9727.92471
2026-08-19 22:58:48.695,9621.09974
2026-08-19 22:58:49.108,9452.63702
2026-08-19 22:58:49.536,9309.18902
2026-08-19 22:58:49.952,9192.87544
2026-08-19 22:58:50.381,9108.47015
2026-08-19 22:58:50.810,9067.14587
2026-08-19 22:58:51.227,9126.38029
2026-08-19 22:58:51.641,9214.36428
2026-08-19 22:58:52.068,9330.22501
2026-08-19 22:58:52.482,9480.20866
2026-08-19 22:58:52.896,9650.26813
2026-08-19 22:58:53.310,9836.35918
2026-08-19 22:58:53.724,10034.9377
2026-08-19 22:58:54.147,10242.5495
2026-08-19 22:58:54.575,10462.2163
2026-08-19 22:58:54.989,10691.2076
2026-08-19 22:58:55.408,10917.2358
2026-08-19 22:58:55.822,10873.8007
2026-08-19 22:58:56.236,10644.9209
2026-08-19 22:58:56.717,10393.8786
2026-08-19 22:58:57.138,10172.4816
2026-08-19 22:58:57.554,9963.21353
2026-08-19 22:58:57.967,9766.28429
2026-08-19 22:58:58.387,9584.14784
2026-08-19 22:58:58.801,9420.38183
2026-08-19 22:58:59.218,9287.41785
2026-08-19 22:58:59.632,9184.57585
2026-08-19 22:59:00.045,9110.33377
2026-08-19 22:59:00.472,9082.79079
2026-08-19 22:59:00.890,9141.86902
2026-08-19 22:59:01.304,9228.33476
2026-08-19 22:59:01.726,9343.7513
2026-08-19 22:59:02.153,9493.18531
2026-08-19 22:59:02.568,9669.78949
2026-08-19 22:59:03.001,9865.27825
2026-08-19 22:59:03.414,10067.3344
2026-08-19 22:59:03.830,10275.9249
2026-08-19 22:59:04.243,10492.8511
2026-08-19 22:59:04.662,10715.2713
2026-08-19 22:59:05.138,10948.2099
2026-08-19 22:59:05.550,10810.2178
2026-08-19 22:59:05.968,10583.4857
2026-08-19 22:59:06.387,10360.5776
2026-08-19 22:59:06.815,10144.8039
2026-08-19 22:59:07.227,9933.28646
2026-08-19 22:59:07.641,9739.5263
2026-08-19 22:59:08.061,9559.61651
2026-08-19 22:59:08.475,9399.20025
2026-08-19 22:59:08.887,9271.31981
2026-08-19 22:59:09.330,9173.90479
2026-08-19 22:59:09.751,9099.80532
2026-08-19 22:59:10.165,9090.56428
2026-08-19 22:59:10.585,9155.39381
2026-08-19 22:59:11.001,9246.1552
2026-08-19 22:59:11.428,9367.58461
2026-08-19 22:59:11.842,9523.7986
2026-08-19 22:59:12.256,9698.47473
2026-08-19 22:59:12.670,9888.43975
2026-08-19 22:59:13.084,10089.722
2026-08-19 22:59:13.500,10299.3582
2026-08-19 22:59:13.915,10517.4522
2026-08-19 22:59:14.332,10740.5534
2026-08-19 22:59:14.746,10945.8984
2026-08-19 22:59:15.158,10813.3768
2026-08-19 22:59:15.572,10586.4493
2026-08-19 22:59:16.004,10362.9845
2026-08-19 22:59:16.417,10143.5525
2026-08-19 22:59:16.830,9939.29699
2026-08-19 22:59:17.249,9744.59707
2026-08-19 22:59:17.662,9561.72864
2026-08-19 22:59:18.092,9403.21942
2026-08-19 22:59:18.518,9269.88499
2026-08-19 22:59:18.932,9170.48654
2026-08-19 22:59:19.345,9101.61873
2026-08-19 22:59:19.758,9070.12281
2026-08-19 22:59:20.191,9070.48003
2026-08-19 22:59:20.620,9069.01286
2026-08-19 22:59:21.034,9068.20947
2026-08-19 22:59:21.448,9067.15883
2026-08-19 22:59:21.861,9066.26301
2026-08-19 22:59:22.301,9065.29315
2026-08-19 22:59:22.717,9064.31293
2026-08-19 22:59:23.140,9063.44225
2026-08-19 22:59:23.555,9062.56054
2026-08-19 22:59:23.969,9061.72047
2026-08-19 22:59:24.398,9060.94166
2026-08-19 22:59:24.826,9087.48826
2026-08-19 22:59:25.253,9161.11646
2026-08-19 22:59:25.667,9259.98322
2026-08-19 22:59:26.083,9385.55574
2026-08-19 22:59:26.500,9539.64491
2026-08-19 22:59:26.913,9709.17466
2026-08-19 22:59:27.326,9639.11241
2026-08-19 22:59:27.746,9467.95025
2026-08-19 22:59:28.159,9318.82945
2026-08-19 22:59:28.623,9189.84983
2026-08-19 22:59:29.035,9105.574
2026-08-19 22:59:29.450,9059.24218
2026-08-19 22:59:29.866,9110.40779
2026-08-19 22:59:30.279,9194.66197
2026-08-19 22:59:30.716,9306.31194
2026-08-19 22:59:31.136,9456.65289
2026-08-19 22:59:31.553,9626.15759
2026-08-19 22:59:31.973,9812.60639
2026-08-19 22:59:32.386,10012.7445
2026-08-19 22:59:32.819,10218.4043
2026-08-19 22:59:33.248,10442.3631
2026-08-19 22:59:33.661,10670.8985
2026-08-19 22:59:34.080,10896.1566
2026-08-19 22:59:34.493,10871.0503
2026-08-19 22:59:34.927,10642.5185
2026-08-19 22:59:35.340,10409.7778
2026-08-19 22:59:35.758,10194.9938
2026-08-19 22:59:36.185,9986.4473
2026-08-19 22:59:36.599,9782.93631
2026-08-19 22:59:37.032,9598.33811
2026-08-19 22:59:37.459,9427.14698
2026-08-19 22:59:37.886,9287.31896
2026-08-19 22:59:38.303,9180.41502
2026-08-19 22:59:38.721,9104.26565
2026-08-19 22:59:39.138,9072.43436
2026-08-19 22:59:39.563,9128.95522
2026-08-19 22:59:39.990,9215.15232
2026-08-19 22:59:40.419,9332.72426
2026-08-19 22:59:40.838,9484.10277
2026-08-19 22:59:41.257,9659.14354
2026-08-19 22:59:41.673,9846.82723
2026-08-19 22:59:42.090,10046.6492
2026-08-19 22:59:42.504,10256.0362
2026-08-19 22:59:42.918,10470.9177
2026-08-19 22:59:43.353,10692.4123
2026-08-19 22:59:43.781,10925.9997
2026-08-19 22:59:44.195,10822.6008
2026-08-19 22:59:44.609,10594.6357
2026-08-19 22:59:45.031,10373.9337
2026-08-19 22:59:45.451,10155.807
2026-08-19 22:59:45.866,9947.97433
2026-08-19 22:59:46.280,9752.20768
2026-08-19 22:59:46.705,9570.41933
2026-08-19 22:59:47.134,9405.52819
2026-08-19 22:59:47.557,9270.19122
2026-08-19 22:59:47.971,9168.77586
2026-08-19 22:59:48.385,9097.57699
2026-08-19 22:59:48.810,9075.46168
2026-08-19 22:59:49.224,9137.15266
2026-08-19 22:59:49.665,9222.90044
2026-08-19 22:59:50.079,9347.57199
2026-08-19 22:59:50.505,9495.8785
2026-08-19 22:59:50.918,9673.33542
2026-08-19 22:59:51.350,9869.10932
2026-08-19 22:59:51.767,10070.6712
2026-08-19 22:59:52.179,10280.3066
2026-08-19 22:59:52.606,10495.9504
2026-08-19 22:59:53.020,10724.3641
2026-08-19 22:59:53.435,10929.5443
2026-08-19 22:59:53.870,10801.4587
2026-08-19 22:59:54.285,10562.7768
2026-08-19 22:59:54.700,10342.446
2026-08-19 22:59:55.113,10129.7979
2026-08-19 22:59:55.527,9925.96629
2026-08-19 22:59:56.007,9707.78041
2026-08-19 22:59:56.421,9524.46607
2026-08-19 22:59:56.848,9370.42421
2026-08-19 22:59:57.262,9243.4303
2026-08-19 22:59:57.681,9151.09918
2026-08-19 22:59:58.107,9084.73446
2026-08-19 22:59:58.519,9060.43694
2026-08-19 22:59:58.949,9060.85394
2026-08-19 22:59:59.365,9059.33722
2026-08-19 22:59:59.780,9058.48544
2026-08-19 23:00:00.193,9057.46414
2026-08-19 23:00:00.610,9056.53915
2026-08-19 23:00:01.024,9055.43706
2026-08-19 23:00:01.438,9054.56402
2026-08-19 23:00:01.852,9053.72469
2026-08-19 23:00:02.291,9052.84237
2026-08-19 23:00:02.703,9051.99066
2026-08-19 23:00:03.118,9051.20992
2026-08-19 23:00:03.532,9081.65105
2026-08-19 23:00:03.993,9153.54389
2026-08-19 23:00:04.424,9264.18004
2026-08-19 23:00:04.838,9397.50916
2026-08-19 23:00:05.254,9554.74217
2026-08-19 23:00:05.668,9709.66023
2026-08-19 23:00:06.102,9594.85768
2026-08-19 23:00:06.531,9425.9588
2026-08-19 23:00:06.944,9280.62554
2026-08-19 23:00:07.372,9167.98927
2026-08-19 23:00:07.785,9087.69173
2026-08-19 23:00:08.202,9053.18815
2026-08-19 23:00:08.623,9113.46914
2026-08-19 23:00:09.044,9202.73635
2026-08-19 23:00:09.472,9321.41163
2026-08-19 23:00:09.888,9472.93291
2026-08-19 23:00:10.306,9643.46766
2026-08-19 23:00:10.719,9831.64767
2026-08-19 23:00:11.153,10036.2759
2026-08-19 23:00:11.567,10246.0867
2026-08-19 23:00:11.981,10460.1336
2026-08-19 23:00:12.395,10681.004
2026-08-19 23:00:12.819,10903.5131
2026-08-19 23:00:13.241,10832.8979
2026-08-19 23:00:13.653,10600.6078
2026-08-19 23:00:14.067,10380.4668
2026-08-19 23:00:14.481,10167.0413
2026-08-19 23:00:14.949,9935.79531
2026-08-19 23:00:15.363,9740.83718
2026-08-19 23:00:15.779,9559.81799
2026-08-19 23:00:16.207,9399.17199
2026-08-19 23:00:16.621,9263.70963
2026-08-19 23:00:17.038,9163.756
2026-08-19 23:00:17.460,9090.53696
2026-08-19 23:00:17.874,9067.54684
2026-08-19 23:00:18.289,9128.04675
2026-08-19 23:00:18.717,9214.00663
2026-08-19 23:00:19.160,9334.25023
2026-08-19 23:00:19.574,9492.43408
2026-08-19 23:00:20.002,9670.63195
2026-08-19 23:00:20.421,9859.11796
2026-08-19 23:00:20.835,10061.3072
2026-08-19 23:00:21.254,10272.2169
2026-08-19 23:00:21.677,10487.3989
2026-08-19 23:00:22.104,10713.3398
2026-08-19 23:00:22.519,10921.9156
2026-08-19 23:00:22.949,10779.7724
2026-08-19 23:00:23.362,10552.8472
2026-08-19 23:00:23.786,10333.4103
2026-08-19 23:00:24.214,10116.786
2026-08-19 23:00:24.628,9906.6458
2026-08-19 23:00:25.041,9713.56816
2026-08-19 23:00:25.475,9533.3051
2026-08-19 23:00:25.888,9372.2397
2026-08-19 23:00:26.304,9246.4263
2026-08-19 23:00:26.732,9151.11168
2026-08-19 23:00:27.145,9081.02964
2026-08-19 23:00:27.562,9072.84764
2026-08-19 23:00:27.991,9137.7893
2026-08-19 23:00:28.409,9231.48241
2026-08-19 23:00:28.822,9352.2265
2026-08-19 23:00:29.237,9502.61646
2026-08-19 23:00:29.651,9676.30281
2026-08-19 23:00:30.076,9865.56887
2026-08-19 23:00:30.540,10091.5978
2026-08-19 23:00:30.968,10305.3607
2026-08-19 23:00:31.382,10528.7522
2026-08-19 23:00:31.809,10751.5632
2026-08-19 23:00:32.222,10923.2938
2026-08-19 23:00:32.641,10742.3404
2026-08-19 23:00:33.056,10514.8466
2026-08-19 23:00:33.468,10295.9196
2026-08-19 23:00:33.900,10079.7833
2026-08-19 23:00:34.314,9876.27756
2026-08-19 23:00:34.753,9684.79515
2026-08-19 23:00:35.173,9498.80121
2026-08-19 23:00:35.587,9346.50851
2026-08-19 23:00:36.002,9226.6846
2026-08-19 23:00:36.432,9134.2977
2026-08-19 23:00:36.873,9071.82822
2026-08-19 23:00:37.288,9053.79427
2026-08-19 23:00:37.703,9053.69697
2026-08-19 23:00:38.117,9052.26016
2026-08-19 23:00:38.531,9051.43806
2026-08-19 23:00:38.954,9050.65415
2026-08-19 23:00:39.367,9049.57109
2026-08-19 23:00:39.786,9048.76533
2026-08-19 23:00:40.201,9047.91346
2026-08-19 23:00:40.618,9047.09607
2026-08-19 23:00:41.032,9046.34251
2026-08-19 23:00:41.500,9045.48259
2026-08-19 23:00:41.917,9046.17163
2026-08-19 23:00:42.331,9090.06743
2026-08-19 23:00:42.745,9166.82301
2026-08-19 23:00:43.160,9269.22415
2026-08-19 23:00:43.573,9401.37409
2026-08-19 23:00:43.999,9559.37332
2026-08-19 23:00:44.474,9705.23286
2026-08-19 23:00:44.890,9551.863
2026-08-19 23:00:45.303,9389.32004
2026-08-19 23:00:45.725,9255.13828
2026-08-19 23:00:46.153,9148.56281
2026-08-19 23:00:46.584,9070.29075
2026-08-19 23:00:46.999,9054.76543
2026-08-19 23:00:47.433,9126.42037
2026-08-19 23:00:47.846,9221.86746
2026-08-19 23:00:48.262,9345.09233
2026-08-19 23:00:48.703,9496.84803
2026-08-19 23:00:49.130,9682.01913
2026-08-19 23:00:49.544,9877.5177
2026-08-19 23:00:49.977,10084.3704
2026-08-19 23:00:50.390,10295.6062
2026-08-19 23:00:50.818,10511.3192
2026-08-19 23:00:51.237,10740.267
2026-08-19 23:00:51.650,10920.5951
2026-08-19 23:00:52.063,10752.7081
2026-08-19 23:00:52.478,10528.2228
2026-08-19 23:00:52.891,10309.2895
2026-08-19 23:00:53.304,10099.0797
2026-08-19 23:00:53.732,9896.8547
2026-08-19 23:00:54.226,9662.64241
2026-08-19 23:00:54.653,9489.54813
2026-08-19 23:00:55.115,9320.19394
2026-08-19 23:00:55.532,9205.52921
2026-08-19 23:00:55.945,9119.22904
2026-08-19 23:00:56.359,9061.48603
2026-08-19 23:00:56.821,9088.41632
2026-08-19 23:00:57.248,9172.12087
2026-08-19 23:00:57.661,9277.63123
2026-08-19 23:00:58.077,9411.91771
2026-08-19 23:00:58.490,9574.47843
2026-08-19 23:00:58.904,9755.18251
2026-08-19 23:00:59.347,9948.97747
2026-08-19 23:00:59.772,10166.9191
2026-08-19 23:01:00.186,10384.3734
2026-08-19 23:01:00.600,10602.7424
2026-08-19 23:01:01.030,10834.7918
2026-08-19 23:01:01.460,10883.0416
2026-08-19 23:01:01.872,10647.2252
2026-08-19 23:01:02.293,10425.608
2026-08-19 23:01:02.707,10207.4019
2026-08-19 23:01:03.134,9993.16206
2026-08-19 23:01:03.585,9795.96445
2026-08-19 23:01:04.001,9594.31878
2026-08-19 23:01:04.415,9428.03161
2026-08-19 23:01:04.829,9289.83535
2026-08-19 23:01:05.242,9182.57129
2026-08-19 23:01:05.656,9103.82891
2026-08-19 23:01:06.072,9058.12311
2026-08-19 23:01:06.519,9101.27133
2026-08-19 23:01:06.933,9185.06398
2026-08-19 23:01:07.359,9292.16063
2026-08-19 23:01:07.787,9435.15352
2026-08-19 23:01:08.212,9606.46603
2026-08-19 23:01:08.633,9795.32764
2026-08-19 23:01:09.058,9994.55276
2026-08-19 23:01:09.479,10205.5055
2026-08-19 23:01:09.908,10422.3187
2026-08-19 23:01:10.329,10649.2391
2026-08-19 23:01:10.746,10877.1953
2026-08-19 23:01:11.174,10834.6412
2026-08-19 23:01:11.601,10600.3323
2026-08-19 23:01:12.015,10372.7465
2026-08-19 23:01:12.429,10159.922
2026-08-19 23:01:12.843,9954.90049
2026-08-19 23:01:13.269,9759.06012
2026-08-19 23:01:13.688,9571.03748
2026-08-19 23:01:14.108,9406.19492
2026-08-19 23:01:14.527,9270.46185
2026-08-19 23:01:14.946,9166.842
2026-08-19 23:01:15.360,9091.64693
2026-08-19 23:01:15.840,9047.66659
2026-08-19 23:01:16.254,9047.4717
2026-08-19 23:01:16.667,9046.00508
2026-08-19 23:01:17.081,9045.12088
2026-08-19 23:01:17.504,9044.2201
2026-08-19 23:01:17.932,9043.31847
2026-08-19 23:01:18.360,9042.24746
2026-08-19 23:01:18.774,9041.39932
2026-08-19 23:01:19.188,9040.52986
2026-08-19 23:01:19.603,9039.69182
2026-08-19 23:01:20.083,9038.79511
2026-08-19 23:01:20.498,9037.96446
2026-08-19 23:01:20.915,9062.99673
2026-08-19 23:01:21.329,9133.41059
2026-08-19 23:01:21.757,9230.53626
2026-08-19 23:01:22.178,9353.83106
2026-08-19 23:01:22.671,9539.7071
2026-08-19 23:01:23.099,9695.13991
2026-08-19 23:01:23.526,9584.88095
2026-08-19 23:01:23.939,9413.22671
2026-08-19 23:01:24.378,9272.84628
2026-08-19 23:01:24.792,9156.4858
2026-08-19 23:01:25.217,9076.18886
2026-08-19 23:01:25.631,9039.34612
2026-08-19 23:01:26.044,9098.12214
2026-08-19 23:01:26.468,9184.26594
2026-08-19 23:01:26.946,9317.68539
2026-08-19 23:01:27.359,9470.45319
2026-08-19 23:01:27.774,9640.47628
2026-08-19 23:01:28.189,9827.22251
2026-08-19 23:01:28.604,10025.3874
2026-08-19 23:01:29.017,10232.2742
2026-08-19 23:01:29.441,10445.332
2026-08-19 23:01:29.855,10669.9953
2026-08-19 23:01:30.272,10888.6424
2026-08-19 23:01:30.700,10799.1697
2026-08-19 23:01:31.114,10565.6697
2026-08-19 23:01:31.528,10345.9964
2026-08-19 23:01:31.942,10134.6653
2026-08-19 23:01:32.404,9908.1374
2026-08-19 23:01:32.820,9714.87727
2026-08-19 23:01:33.233,9534.70195
2026-08-19 23:01:33.646,9377.38969
2026-08-19 23:01:34.066,9248.1531
2026-08-19 23:01:34.526,9138.19707
2026-08-19 23:01:34.940,9069.68816
2026-08-19 23:01:35.353,9057.78418
2026-08-19 23:01:35.790,9124.01367
2026-08-19 23:01:36.217,9214.97279
2026-08-19 23:01:36.640,9338.91939
2026-08-19 23:01:37.135,9524.38536
2026-08-19 23:01:37.548,9701.05177
2026-08-19 23:01:37.962,9891.10604
2026-08-19 23:01:38.377,10091.9055
2026-08-19 23:01:38.858,10328.2608
2026-08-19 23:01:39.271,10551.8489
2026-08-19 23:01:39.684,10773.6332
2026-08-19 23:01:40.098,10892.2001
2026-08-19 23:01:40.511,10683.865
2026-08-19 23:01:40.952,10461.1816
2026-08-19 23:01:41.387,10223.6441
2026-08-19 23:01:41.800,10013.5457
2026-08-19 23:01:42.215,9815.5628
2026-08-19 23:01:42.641,9627.86638
2026-08-19 23:01:43.075,9452.77009
2026-08-19 23:01:43.489,9302.22167
2026-08-19 23:01:43.903,9190.23637
2026-08-19 23:01:44.317,9106.83458
2026-08-19 23:01:44.790,9051.76296
2026-08-19 23:01:45.217,9090.60899
2026-08-19 23:01:45.633,9167.73181
2026-08-19 23:01:46.048,9272.1764
2026-08-19 23:01:46.464,9407.81309
2026-08-19 23:01:46.879,9570.86283
2026-08-19 23:01:47.315,9752.25636
2026-08-19 23:01:47.741,9956.70999
2026-08-19 23:01:48.155,10166.3023
2026-08-19 23:01:48.568,10377.2085
2026-08-19 23:01:48.995,10601.7259
2026-08-19 23:01:49.434,10824.2715
2026-08-19 23:01:49.860,10838.7473
2026-08-19 23:01:50.274,10604.8236
2026-08-19 23:01:50.687,10384.4739
2026-08-19 23:01:51.102,10171.6159
2026-08-19 23:01:51.515,9965.97075
2026-08-19 23:01:51.929,9770.15807
2026-08-19 23:01:52.342,9585.8895
2026-08-19 23:01:52.756,9420.83264
2026-08-19 23:01:53.181,9282.33437
2026-08-19 23:01:53.613,9169.6682
2026-08-19 23:01:54.028,9091.6333
2026-08-19 23:01:54.457,9042.9955
2026-08-19 23:01:54.870,9039.67559
2026-08-19 23:01:55.311,9038.69301
2026-08-19 23:01:55.724,9037.48815
2026-08-19 23:01:56.137,9036.7628
2026-08-19 23:01:56.554,9035.82451
2026-08-19 23:01:56.968,9034.97679
2026-08-19 23:01:57.394,9034.06412
2026-08-19 23:01:57.808,9033.1876
2026-08-19 23:01:58.245,9032.35876
2026-08-19 23:01:58.659,9031.64085
2026-08-19 23:01:59.080,9030.89524
2026-08-19 23:01:59.495,9040.4636
2026-08-19 23:01:59.908,9100.04672
2026-08-19 23:02:00.347,9184.71717
2026-08-19 23:02:00.761,9304.31649
2026-08-19 23:02:01.187,9446.7465
2026-08-19 23:02:01.602,9617.73104
2026-08-19 23:02:02.016,9659.42275
2026-08-19 23:02:02.476,9466.89456
2026-08-19 23:02:02.911,9311.76963
2026-08-19 23:02:03.327,9189.09985
2026-08-19 23:02:03.741,9097.45178
2026-08-19 23:02:04.167,9034.72239
2026-08-19 23:02:04.596,9063.35839
2026-08-19 23:02:05.014,9143.24222
2026-08-19 23:02:05.433,9248.2479
2026-08-19 23:02:05.861,9383.56088
2026-08-19 23:02:06.275,9548.62988
2026-08-19 23:02:06.711,9727.54734
2026-08-19 23:02:07.135,9930.38604
2026-08-19 23:02:07.549,10137.5637
2026-08-19 23:02:07.979,10347.5136
2026-08-19 23:02:08.392,10572.2272
2026-08-19 23:02:08.823,10794.0487
2026-08-19 23:02:09.236,10861.9082
2026-08-19 23:02:09.659,10638.2608
2026-08-19 23:02:10.073,10412.1617
2026-08-19 23:02:10.488,10197.7084
2026-08-19 23:02:10.905,9991.37323
2026-08-19 23:02:11.320,9792.74769
2026-08-19 23:02:11.765,9606.57973
2026-08-19 23:02:12.191,9426.27536
2026-08-19 23:02:12.608,9282.51935
2026-08-19 23:02:13.023,9172.83033
2026-08-19 23:02:13.450,9091.91652
2026-08-19 23:02:13.879,9042.41377
2026-08-19 23:02:14.316,9088.70054
2026-08-19 23:02:14.730,9168.68411
2026-08-19 23:02:15.158,9275.5797
2026-08-19 23:02:15.573,9418.38901
2026-08-19 23:02:16.003,9589.38346
2026-08-19 23:02:16.417,9772.23934
2026-08-19 23:02:16.831,9966.95937
2026-08-19 23:02:17.244,10170.0507
2026-08-19 23:02:17.672,10381.3269
2026-08-19 23:02:18.148,10631.4912
2026-08-19 23:02:18.574,10859.8435
2026-08-19 23:02:18.990,10791.0219
2026-08-19 23:02:19.407,10564.3404
2026-08-19 23:02:19.820,10343.7902
2026-08-19 23:02:20.242,10132.9633
2026-08-19 23:02:20.669,9925.2566
2026-08-19 23:02:21.082,9725.6244
2026-08-19 23:02:21.500,9545.26626
2026-08-19 23:02:21.928,9383.55381
2026-08-19 23:02:22.361,9247.40092
2026-08-19 23:02:22.791,9140.51388
2026-08-19 23:02:23.204,9069.63192
2026-08-19 23:02:23.624,9046.45958
2026-08-19 23:02:24.038,9106.09221
2026-08-19 23:02:24.495,9189.97684
2026-08-19 23:02:24.909,9316.79717
2026-08-19 23:02:25.323,9463.6877
2026-08-19 23:02:25.745,9633.98303
2026-08-19 23:02:26.158,9823.70208
2026-08-19 23:02:26.594,10028.0191
2026-08-19 23:02:27.007,10238.4432
2026-08-19 23:02:27.429,10451.0802
2026-08-19 23:02:27.857,10674.7757
2026-08-19 23:02:28.283,10880.177
2026-08-19 23:02:28.717,10738.8182
2026-08-19 23:02:29.132,10504.2917
2026-08-19 23:02:29.545,10286.8526
2026-08-19 23:02:29.979,10070.3387
2026-08-19 23:02:30.392,9866.6637
2026-08-19 23:02:30.834,9676.1696
2026-08-19 23:02:31.263,9483.1131
2026-08-19 23:02:31.681,9332.02322
2026-08-19 23:02:32.095,9210.28271
2026-08-19 23:02:32.508,9119.82236
2026-08-19 23:02:32.931,9055.70286
2026-08-19 23:02:33.358,9031.94724
2026-08-19 23:02:33.772,9032.07447
2026-08-19 23:02:34.192,9030.80182
2026-08-19 23:02:34.606,9030.06239
2026-08-19 23:02:35.034,9029.11293
2026-08-19 23:02:35.452,9028.15495
2026-08-19 23:02:35.869,9027.32131
2026-08-19 23:02:36.290,9026.39163
2026-08-19 23:02:36.735,9025.59745
2026-08-19 23:02:37.148,9024.75298
2026-08-19 23:02:37.563,9023.97824
2026-08-19 23:02:37.978,9023.30301
2026-08-19 23:02:38.392,9022.58199
2026-08-19 23:02:38.893,9021.99783
2026-08-19 23:02:39.310,9021.2357
2026-08-19 23:02:39.724,9020.59077
2026-08-19 23:02:40.139,9020.0323
2026-08-19 23:02:40.604,9019.48939
2026-08-19 23:02:41.037,9018.85883
2026-08-19 23:02:41.450,9018.33705
2026-08-19 23:02:41.861,9017.84557
2026-08-19 23:02:42.288,9017.36439
2026-08-19 23:02:42.755,9016.90062
2026-08-19 23:02:43.173,9016.40855
2026-08-19 23:02:43.590,9015.9699
2026-08-19 23:02:44.011,9015.56633
2026-08-19 23:02:44.429,9015.14531
2026-08-19 23:02:44.843,9014.77026
2026-08-19 23:02:45.279,9014.39334
2026-08-19 23:02:45.705,9013.9976
2026-08-19 23:02:46.119,9013.6319
2026-08-19 23:02:46.534,9013.27995
2026-08-19 23:02:46.950,9012.92982
2026-08-19 23:02:47.370,9012.58952
2026-08-19 23:02:47.864,9012.17964
2026-08-19 23:02:48.279,9011.85752
2026-08-19 23:02:48.748,9011.53025
2026-08-19 23:02:49.208,9011.14675
2026-08-19 23:02:49.670,9010.80004
2026-08-19 23:02:50.096,9010.50071
2026-08-19 23:02:50.510,9010.19756
2026-08-19 23:02:50.923,9009.9162
