Address,GPIB0::22::INSTR
Model,34461A
Serial Number:,MY60051737
Firmware Version,A.03.03-03.15-03.03-00.52-04-03
Start Time,2026-08-20 13:17:15.207
Stop Time,2026-08-20 13:53:27.692
,
Time (s),Channel 1 (Ω)
2026-08-20 13:17:15.680,29301.7221
2026-08-20 13:17:16.098,29301.1221
2026-08-20 13:17:16.511,29300.4998
2026-08-20 13:17:16.924,29299.6609
2026-08-20 13:17:17.339,29298.8343
2026-08-20 13:17:17.754,29297.5042
2026-08-20 13:17:18.187,29296.0161
2026-08-20 13:17:18.605,29295.6074
2026-08-20 13:17:19.027,29294.9901
2026-08-20 13:17:19.441,29295.3941
2026-08-20 13:17:19.853,29294.8286
2026-08-20 13:17:20.272,29294.0704
2026-08-20 13:17:20.685,29293.7767
2026-08-20 13:17:21.164,29293.3973
2026-08-20 13:17:21.577,29293.3454
2026-08-20 13:17:22.003,29291.5708
2026-08-20 13:17:22.417,29291.0428
2026-08-20 13:17:22.830,29289.2582
2026-08-20 13:17:23.267,29288.3003
2026-08-20 13:17:23.697,29286.9277
2026-08-20 13:17:24.108,29285.8639
2026-08-20 13:17:24.528,29285.2717
2026-08-20 13:17:24.940,29285.2231
2026-08-20 13:17:25.384,29284.236
2026-08-20 13:17:25.797,29283.7394
2026-08-20 13:17:26.210,29282.2179
2026-08-20 13:17:26.624,29281.1013
2026-08-20 13:17:27.037,29279.941
2026-08-20 13:17:27.450,29279.0261
2026-08-20 13:17:27.863,29277.8655
2026-08-20 13:17:28.279,29276.6913
2026-08-20 13:17:28.692,29275.6931
2026-08-20 13:17:29.110,29274.4576
2026-08-20 13:17:29.524,29273.2988
2026-08-20 13:17:29.950,29271.7072
2026-08-20 13:17:30.368,29271.3457
2026-08-20 13:17:30.781,29270.9544
2026-08-20 13:17:31.195,29270.9321
2026-08-20 13:17:31.611,29270.8035
2026-08-20 13:17:32.025,29270.5609
2026-08-20 13:17:32.522,29269.5481
2026-08-20 13:17:32.937,29269.3531
2026-08-20 13:17:33.353,29269.0957
2026-08-20 13:17:33.766,29340.7788
2026-08-20 13:17:34.193,29542.9284
2026-08-20 13:17:34.609,29822.3401
2026-08-20 13:17:35.051,30097.5398
2026-08-20 13:17:35.475,29878.9053
2026-08-20 13:17:35.893,29581.0455
2026-08-20 13:17:36.312,29361.2814
2026-08-20 13:17:36.774,29306.9236
2026-08-20 13:17:37.192,29515.561
2026-08-20 13:17:37.605,29783.107
2026-08-20 13:17:38.017,30094.7983
2026-08-20 13:17:38.432,30431.4756
2026-08-20 13:17:38.845,30790.2324
2026-08-20 13:17:39.258,31164.4904
2026-08-20 13:17:39.757,31352.0463
2026-08-20 13:17:40.184,30967.8878
2026-08-20 13:17:40.597,30581.6177
2026-08-20 13:17:41.011,30227.3799
2026-08-20 13:17:41.430,29896.3637
2026-08-20 13:17:41.843,29599.4981
2026-08-20 13:17:42.270,29381.2712
2026-08-20 13:17:42.694,29290.2883
2026-08-20 13:17:43.107,29432.8469
2026-08-20 13:17:43.521,29672.4223
2026-08-20 13:17:43.935,29978.911
2026-08-20 13:17:44.348,29997.5233
2026-08-20 13:17:44.762,29687.6854
2026-08-20 13:17:45.176,29438.2354
2026-08-20 13:17:45.589,29288.8921
2026-08-20 13:17:46.015,29377.9556
2026-08-20 13:17:46.428,29597.4913
2026-08-20 13:17:46.848,29890.3475
2026-08-20 13:17:47.281,30060.0972
2026-08-20 13:17:47.707,29761.3812
2026-08-20 13:17:48.119,29485.0299
2026-08-20 13:17:48.533,29305.031
2026-08-20 13:17:48.963,29258.458
2026-08-20 13:17:49.381,29259.5874
2026-08-20 13:17:49.794,29260.3865
2026-08-20 13:17:50.220,29259.9947
2026-08-20 13:17:50.631,29259.8651
2026-08-20 13:17:51.091,29257.9262
2026-08-20 13:17:51.503,29256.9728
2026-08-20 13:17:51.916,29255.2684
2026-08-20 13:17:52.342,29253.5221
2026-08-20 13:17:52.809,29251.5242
2026-08-20 13:17:53.227,29249.6485
2026-08-20 13:17:53.639,29253.771
2026-08-20 13:17:54.052,29373.9517
2026-08-20 13:17:54.479,29605.0235
2026-08-20 13:17:54.896,29895.678
2026-08-20 13:17:55.337,30046.5947
2026-08-20 13:17:55.751,29728.4036
2026-08-20 13:17:56.178,29460.8277
2026-08-20 13:17:56.589,29276.5638
2026-08-20 13:17:57.015,29326.9592
2026-08-20 13:17:57.494,29572.6174
2026-08-20 13:17:57.906,29870.9047
2026-08-20 13:17:58.318,30195.6566
2026-08-20 13:17:58.740,30540.0088
2026-08-20 13:17:59.152,30911.7589
2026-08-20 13:17:59.601,31302.5374
2026-08-20 13:18:00.026,31193.7078
2026-08-20 13:18:00.442,30797.5555
2026-08-20 13:18:00.855,30428.1192
2026-08-20 13:18:01.267,30082.3276
2026-08-20 13:18:01.687,29761.6062
2026-08-20 13:18:02.100,29484.7702
2026-08-20 13:18:02.518,29298.8933
2026-08-20 13:18:02.932,29282.0862
2026-08-20 13:18:03.367,29455.2259
2026-08-20 13:18:03.792,29731.477
2026-08-20 13:18:04.206,30018.8556
2026-08-20 13:18:04.619,29831.3165
2026-08-20 13:18:05.098,29528.3577
2026-08-20 13:18:05.529,29292.2312
2026-08-20 13:18:05.941,29250.3418
2026-08-20 13:18:06.353,29416.3929
2026-08-20 13:18:06.771,29669.8543
2026-08-20 13:18:07.183,29977.2695
2026-08-20 13:18:07.601,29883.3183
2026-08-20 13:18:08.018,29576.4197
2026-08-20 13:18:08.449,29338.1147
2026-08-20 13:18:08.872,29206.3963
2026-08-20 13:18:09.285,29198.2534
2026-08-20 13:18:09.697,29197.7153
2026-08-20 13:18:10.112,29196.7251
2026-08-20 13:18:10.573,29195.6004
2026-08-20 13:18:10.999,29192.7612
2026-08-20 13:18:11.412,29190.6042
2026-08-20 13:18:11.825,29189.2321
2026-08-20 13:18:12.243,29187.4092
2026-08-20 13:18:12.657,29186.302
2026-08-20 13:18:13.072,29184.9046
2026-08-20 13:18:13.487,29182.6449
2026-08-20 13:18:13.899,29205.1777
2026-08-20 13:18:14.323,29360.1702
2026-08-20 13:18:14.737,29611.0159
2026-08-20 13:18:15.162,29911.968
2026-08-20 13:18:15.579,29905.125
2026-08-20 13:18:15.996,29591.6444
2026-08-20 13:18:16.410,29339.8271
2026-08-20 13:18:16.822,29194.8123
2026-08-20 13:18:17.236,29290.3645
2026-08-20 13:18:17.711,29551.9987
2026-08-20 13:18:18.138,29858.6514
2026-08-20 13:18:18.551,30187.675
2026-08-20 13:18:18.974,30536.1091
2026-08-20 13:18:19.386,30910.0137
2026-08-20 13:18:19.799,31267.8385
2026-08-20 13:18:20.225,31080.4875
2026-08-20 13:18:20.639,30685.4012
2026-08-20 13:18:21.082,30319.8654
2026-08-20 13:18:21.495,29952.4704
2026-08-20 13:18:21.906,29638.5864
2026-08-20 13:18:22.319,29379.8542
2026-08-20 13:18:22.746,29211.5905
2026-08-20 13:18:23.169,29239.9795
2026-08-20 13:18:23.585,29433.8008
2026-08-20 13:18:24.017,29710.5646
2026-08-20 13:18:24.431,29961.7479
2026-08-20 13:18:24.843,29714.9777
2026-08-20 13:18:25.256,29432.1288
2026-08-20 13:18:25.670,29230.7507
2026-08-20 13:18:26.097,29195.8038
2026-08-20 13:18:26.521,29367.6375
2026-08-20 13:18:26.934,29633.8356
2026-08-20 13:18:27.354,29935.6014
2026-08-20 13:18:27.780,29818.7177
2026-08-20 13:18:28.191,29509.4502
2026-08-20 13:18:28.614,29278.0947
2026-08-20 13:18:29.027,29152.1443
2026-08-20 13:18:29.441,29144.5743
2026-08-20 13:18:29.878,29142.9324
2026-08-20 13:18:30.305,29141.958
2026-08-20 13:18:30.731,29140.7701
2026-08-20 13:18:31.146,29139.1955
2026-08-20 13:18:31.559,29136.298
2026-08-20 13:18:32.000,29133.6076
2026-08-20 13:18:32.433,29131.381
2026-08-20 13:18:32.845,29129.1848
2026-08-20 13:18:33.266,29127.6261
2026-08-20 13:18:33.678,29126.4961
2026-08-20 13:18:34.092,29154.1036
2026-08-20 13:18:34.506,29314.0446
2026-08-20 13:18:34.932,29560.675
2026-08-20 13:18:35.344,29872.1944
2026-08-20 13:18:35.770,29829.056
2026-08-20 13:18:36.184,29512.9082
2026-08-20 13:18:36.617,29261.5147
2026-08-20 13:18:37.050,29133.2445
2026-08-20 13:18:37.468,29259.6607
2026-08-20 13:18:37.883,29496.8117
2026-08-20 13:18:38.296,29795.4196
2026-08-20 13:18:38.709,30124.758
2026-08-20 13:18:39.123,30473.7252
2026-08-20 13:18:39.550,30840.6031
2026-08-20 13:18:40.012,31226.0105
2026-08-20 13:18:40.440,30957.4236
2026-08-20 13:18:40.862,30577.1232
2026-08-20 13:18:41.274,30208.2258
2026-08-20 13:18:41.688,29867.9963
2026-08-20 13:18:42.123,29555.0249
2026-08-20 13:18:42.543,29287.9007
2026-08-20 13:18:42.956,29131.556
2026-08-20 13:18:43.369,29184.3356
2026-08-20 13:18:43.796,29385.6771
2026-08-20 13:18:44.210,29663.622
2026-08-20 13:18:44.632,29888.3072
2026-08-20 13:18:45.068,29623.3419
2026-08-20 13:18:45.492,29330.7527
2026-08-20 13:18:45.906,29136.7206
2026-08-20 13:18:46.320,29133.944
2026-08-20 13:18:46.748,29324.8274
2026-08-20 13:18:47.173,29592.8428
2026-08-20 13:18:47.600,29874.5853
2026-08-20 13:18:48.013,29667.8216
2026-08-20 13:18:48.429,29376.2195
2026-08-20 13:18:48.842,29161.5323
2026-08-20 13:18:49.256,29064.4879
2026-08-20 13:18:49.670,29063.0257
2026-08-20 13:18:50.082,29062.2226
2026-08-20 13:18:50.495,29060.921
2026-08-20 13:18:50.934,29060.0638
2026-08-20 13:18:51.348,29059.0344
2026-08-20 13:18:51.768,29057.4642
2026-08-20 13:18:52.179,29056.2096
2026-08-20 13:18:52.605,29055.5557
2026-08-20 13:18:53.028,29055.0888
2026-08-20 13:18:53.440,29053.473
2026-08-20 13:18:53.856,29052.3134
2026-08-20 13:18:54.272,29086.5857
2026-08-20 13:18:54.694,29256.646
2026-08-20 13:18:55.109,29515.8229
2026-08-20 13:18:55.521,29821.6725
2026-08-20 13:18:55.939,29744.3755
2026-08-20 13:18:56.350,29435.6833
2026-08-20 13:18:56.763,29193.6669
2026-08-20 13:18:57.175,29064.4927
2026-08-20 13:18:57.589,29175.2527
2026-08-20 13:18:58.006,29405.5081
2026-08-20 13:18:58.419,29698.5633
2026-08-20 13:18:58.845,30026.0239
2026-08-20 13:18:59.271,30385.3749
2026-08-20 13:18:59.698,30763.6933
2026-08-20 13:19:00.117,31138.7335
2026-08-20 13:19:00.531,30957.8288
2026-08-20 13:19:00.945,30573.442
2026-08-20 13:19:01.358,30207.6056
2026-08-20 13:19:01.823,29862.9073
2026-08-20 13:19:02.241,29502.9494
2026-08-20 13:19:02.664,29243.8714
2026-08-20 13:19:03.077,29075.3059
2026-08-20 13:19:03.490,29111.1146
2026-08-20 13:19:03.917,29307.9354
2026-08-20 13:19:04.338,29583.1753
2026-08-20 13:19:04.750,29828.2267
2026-08-20 13:19:05.168,29579.3898
2026-08-20 13:19:05.597,29295.1374
2026-08-20 13:19:06.023,29089.5639
2026-08-20 13:19:06.435,29064.1448
2026-08-20 13:19:06.856,29237.7968
2026-08-20 13:19:07.285,29504.1533
2026-08-20 13:19:07.770,29826.2012
2026-08-20 13:19:08.183,29601.1153
2026-08-20 13:19:08.597,29313.114
2026-08-20 13:19:09.010,29102.2059
2026-08-20 13:19:09.474,29010.9134
2026-08-20 13:19:09.896,29012.3283
2026-08-20 13:19:10.312,29012.5448
2026-08-20 13:19:10.725,29012.9972
2026-08-20 13:19:11.137,29012.8232
2026-08-20 13:19:11.550,29011.8348
2026-08-20 13:19:11.962,29011.0269
2026-08-20 13:19:12.402,29010.4816
2026-08-20 13:19:12.813,29010.9251
2026-08-20 13:19:13.240,29011.1421
2026-08-20 13:19:13.657,29012.2752
2026-08-20 13:19:14.070,29013.5305
2026-08-20 13:19:14.532,29085.7134
2026-08-20 13:19:14.946,29282.6161
2026-08-20 13:19:15.358,29554.0804
2026-08-20 13:19:15.772,29832.163
2026-08-20 13:19:16.185,29639.1362
2026-08-20 13:19:16.657,29312.5061
2026-08-20 13:19:17.069,29106.4004
2026-08-20 13:19:17.497,29065.2505
2026-08-20 13:19:17.910,29241.3978
2026-08-20 13:19:18.323,29502.5563
2026-08-20 13:19:18.736,29815.1143
2026-08-20 13:19:19.247,30227.4862
2026-08-20 13:19:19.665,30602.4479
2026-08-20 13:19:20.078,30988.0354
2026-08-20 13:19:20.491,31132.8255
2026-08-20 13:19:20.904,30758.6914
2026-08-20 13:19:21.324,30389.2839
2026-08-20 13:19:21.764,30033.7712
2026-08-20 13:19:22.176,29685.2475
2026-08-20 13:19:22.589,29395.4193
2026-08-20 13:19:23.002,29180.717
2026-08-20 13:19:23.418,29093.6155
2026-08-20 13:19:23.845,29223.7067
2026-08-20 13:19:24.259,29468.6321
2026-08-20 13:19:24.702,29773.5707
2026-08-20 13:19:25.130,29765.2201
2026-08-20 13:19:25.543,29461.2148
2026-08-20 13:19:25.965,29223.2593
2026-08-20 13:19:26.427,29096.0521
2026-08-20 13:19:26.846,29224.8237
2026-08-20 13:19:27.258,29460.0511
2026-08-20 13:19:27.671,29761.34
2026-08-20 13:19:28.099,29832.9467
2026-08-20 13:19:28.512,29522.3298
2026-08-20 13:19:28.925,29267.1517
2026-08-20 13:19:29.351,29106.3703
2026-08-20 13:19:29.778,29083.1137
2026-08-20 13:19:30.206,29086.662
2026-08-20 13:19:30.622,29089.8574
2026-08-20 13:19:31.041,29092.1218
2026-08-20 13:19:31.453,29093.0165
2026-08-20 13:19:31.920,29093.7725
2026-08-20 13:19:32.332,29095.1231
2026-08-20 13:19:32.747,29096.3095
2026-08-20 13:19:33.159,29097.3683
2026-08-20 13:19:33.575,29098.6594
2026-08-20 13:19:33.987,29100.4326
2026-08-20 13:19:34.414,29109.6646
2026-08-20 13:19:34.831,29238.2135
2026-08-20 13:19:35.243,29468.0303
2026-08-20 13:19:35.670,29759.1069
2026-08-20 13:19:36.096,29894.1228
2026-08-20 13:19:36.508,29581.4461
2026-08-20 13:19:36.921,29318.955
2026-08-20 13:19:37.335,29145.0178
2026-08-20 13:19:37.747,29192.0459
2026-08-20 13:19:38.161,29396.8943
2026-08-20 13:19:38.593,29688.0512
2026-08-20 13:19:39.019,30015.3051
2026-08-20 13:19:39.433,30373.4482
2026-08-20 13:19:39.850,30740.3674
2026-08-20 13:19:40.261,31127.1199
2026-08-20 13:19:40.682,31178.4347
2026-08-20 13:19:41.095,30784.1916
2026-08-20 13:19:41.507,30416.4633
2026-08-20 13:19:41.921,30068.94
2026-08-20 13:19:42.348,29741.9978
2026-08-20 13:19:42.838,29401.6603
2026-08-20 13:19:43.252,29215.0754
2026-08-20 13:19:43.678,29189.4498
2026-08-20 13:19:44.094,29361.164
2026-08-20 13:19:44.506,29622.5806
2026-08-20 13:19:44.919,29922.1239
2026-08-20 13:19:45.359,29791.5472
2026-08-20 13:19:45.772,29475.6016
2026-08-20 13:19:46.198,29254.3909
2026-08-20 13:19:46.624,29165.0037
2026-08-20 13:19:47.037,29308.4625
2026-08-20 13:19:47.485,29559.7011
2026-08-20 13:19:47.902,29880.8293
2026-08-20 13:19:48.314,29851.8792
2026-08-20 13:19:48.728,29545.5718
2026-08-20 13:19:49.144,29300.6596
2026-08-20 13:19:49.558,29157.0789
2026-08-20 13:19:49.974,29141.8746
2026-08-20 13:19:50.436,29144.2362
2026-08-20 13:19:50.849,29145.013
2026-08-20 13:19:51.282,29145.7022
2026-08-20 13:19:51.701,29145.8404
2026-08-20 13:19:52.128,29147.5496
2026-08-20 13:19:52.565,29147.2103
2026-08-20 13:19:52.976,29147.4501
2026-08-20 13:19:53.388,29148.715
2026-08-20 13:19:53.801,29149.6057
2026-08-20 13:19:54.228,29151.1654
2026-08-20 13:19:54.691,29182.3787
2026-08-20 13:19:55.110,29345.1344
2026-08-20 13:19:55.537,29597.6291
2026-08-20 13:19:55.954,29913.3532
2026-08-20 13:19:56.370,29863.3544
2026-08-20 13:19:56.803,29557.4989
2026-08-20 13:19:57.217,29305.9746
2026-08-20 13:19:57.637,29179.429
2026-08-20 13:19:58.051,29292.7199
2026-08-20 13:19:58.463,29522.6949
2026-08-20 13:19:58.926,29857.1459
2026-08-20 13:19:59.339,30188.7857
2026-08-20 13:19:59.765,30540.8993
2026-08-20 13:20:00.181,30923.2191
2026-08-20 13:20:00.608,31282.4329
2026-08-20 13:20:01.024,31068.5411
2026-08-20 13:20:01.437,30683.8337
2026-08-20 13:20:01.871,30322.4241
2026-08-20 13:20:02.284,29964.3883
2026-08-20 13:20:02.698,29649.556
2026-08-20 13:20:03.125,29390.9889
2026-08-20 13:20:03.545,29221.9815
2026-08-20 13:20:04.009,29276.7772
2026-08-20 13:20:04.433,29479.5976
2026-08-20 13:20:04.853,29769.7659
2026-08-20 13:20:05.265,29973.3802
2026-08-20 13:20:05.684,29697.3338
2026-08-20 13:20:06.148,29392.8355
2026-08-20 13:20:06.561,29218.5324
2026-08-20 13:20:06.974,29248.4703
2026-08-20 13:20:07.387,29440.0956
2026-08-20 13:20:07.799,29714.689
2026-08-20 13:20:08.226,29994.0381
2026-08-20 13:20:08.640,29786.1175
2026-08-20 13:20:09.062,29492.5727
2026-08-20 13:20:09.480,29271.9738
2026-08-20 13:20:09.891,29174.0996
2026-08-20 13:20:10.305,29174.2986
2026-08-20 13:20:10.731,29176.0728
2026-08-20 13:20:11.155,29177.2877
2026-08-20 13:20:11.567,29177.8769
2026-08-20 13:20:12.004,29178.4299
2026-08-20 13:20:12.419,29179.4808
2026-08-20 13:20:12.833,29179.9744
2026-08-20 13:20:13.245,29179.705
2026-08-20 13:20:13.657,29180.0773
2026-08-20 13:20:14.070,29180.007
2026-08-20 13:20:14.491,29178.9833
2026-08-20 13:20:14.904,29211.4306
2026-08-20 13:20:15.315,29377.0932
2026-08-20 13:20:15.750,29627.5897
2026-08-20 13:20:16.165,29947.4504
2026-08-20 13:20:16.580,29867.1617
2026-08-20 13:20:16.993,29563.1913
2026-08-20 13:20:17.420,29317.7877
2026-08-20 13:20:17.834,29200.1765
2026-08-20 13:20:18.279,29335.7565
2026-08-20 13:20:18.702,29574.8537
2026-08-20 13:20:19.117,29882.6243
2026-08-20 13:20:19.530,30215.9556
2026-08-20 13:20:19.998,30615.3915
2026-08-20 13:20:20.420,30988.9613
2026-08-20 13:20:20.834,31307.7766
2026-08-20 13:20:21.248,31026.4297
2026-08-20 13:20:21.675,30632.8309
2026-08-20 13:20:22.113,30275.2371
2026-08-20 13:20:22.531,29917.1516
2026-08-20 13:20:22.950,29607.0479
2026-08-20 13:20:23.362,29359.3057
2026-08-20 13:20:23.783,29218.4366
2026-08-20 13:20:24.244,29309.6957
2026-08-20 13:20:24.662,29526.065
2026-08-20 13:20:25.077,29822.5977
2026-08-20 13:20:25.494,29960.9008
2026-08-20 13:20:25.906,29657.4555
2026-08-20 13:20:26.319,29394.9154
2026-08-20 13:20:26.779,29211.9871
2026-08-20 13:20:27.233,29270.2815
2026-08-20 13:20:27.646,29498.6022
2026-08-20 13:20:28.060,29785.8065
2026-08-20 13:20:28.472,29981.2823
2026-08-20 13:20:28.883,29704.0575
2026-08-20 13:20:29.298,29428.1965
2026-08-20 13:20:29.721,29236.9023
2026-08-20 13:20:30.137,29174.7589
2026-08-20 13:20:30.550,29177.7233
2026-08-20 13:20:30.962,29178.875
2026-08-20 13:20:31.376,29178.6496
2026-08-20 13:20:31.803,29178.1178
2026-08-20 13:20:32.217,29176.6953
2026-08-20 13:20:32.631,29176.5624
2026-08-20 13:20:33.044,29176.8745
2026-08-20 13:20:33.517,29176.1202
2026-08-20 13:20:33.949,29175.0819
2026-08-20 13:20:34.362,29174.9136
2026-08-20 13:20:34.776,29174.9512
2026-08-20 13:20:35.189,29256.978
2026-08-20 13:20:35.614,29465.1177
2026-08-20 13:20:36.047,29740.6156
2026-08-20 13:20:36.460,29990.7126
2026-08-20 13:20:36.872,29741.5326
2026-08-20 13:20:37.285,29457.962
2026-08-20 13:20:37.700,29253.1424
2026-08-20 13:20:38.113,29208.8907
2026-08-20 13:20:38.525,29378.268
2026-08-20 13:20:38.952,29643.985
2026-08-20 13:20:39.364,29954.0412
2026-08-20 13:20:39.783,30289.8317
2026-08-20 13:20:40.196,30652.061
2026-08-20 13:20:40.637,31025.0258
2026-08-20 13:20:41.051,31294.1544
2026-08-20 13:20:41.463,30957.0276
2026-08-20 13:20:41.877,30581.6362
2026-08-20 13:20:42.303,30224.0308
2026-08-20 13:20:42.715,29878.9927
2026-08-20 13:20:43.128,29575.806
2026-08-20 13:20:43.541,29338.7658
2026-08-20 13:20:43.955,29208.8419
2026-08-20 13:20:44.379,29291.9906
2026-08-20 13:20:44.795,29509.1776
2026-08-20 13:20:45.208,29800.9223
2026-08-20 13:20:45.621,29959.9658
2026-08-20 13:20:46.049,29656.2038
2026-08-20 13:20:46.461,29391.2798
2026-08-20 13:20:46.875,29216.3885
2026-08-20 13:20:47.311,29240.5937
2026-08-20 13:20:47.737,29442.3594
2026-08-20 13:20:48.149,29728.0552
2026-08-20 13:20:48.573,29974.6993
2026-08-20 13:20:48.986,29729.2147
2026-08-20 13:20:49.453,29412.7292
2026-08-20 13:20:49.866,29223.3045
2026-08-20 13:20:50.279,29161.9743
2026-08-20 13:20:50.692,29163.7886
2026-08-20 13:20:51.103,29163.9221
2026-08-20 13:20:51.516,29163.1239
2026-08-20 13:20:51.928,29161.5383
2026-08-20 13:20:52.339,29159.5371
2026-08-20 13:20:52.762,29157.8576
2026-08-20 13:20:53.177,29156.6441
2026-08-20 13:20:53.594,29154.655
2026-08-20 13:20:54.020,29154.1791
2026-08-20 13:20:54.437,29153.3394
2026-08-20 13:20:54.851,29152.9261
2026-08-20 13:20:55.263,29209.4553
2026-08-20 13:20:55.675,29393.6431
2026-08-20 13:20:56.142,29693.8091
2026-08-20 13:20:56.566,29964.3888
2026-08-20 13:20:56.984,29753.0085
2026-08-20 13:20:57.412,29460.6028
2026-08-20 13:20:57.825,29240.9868
2026-08-20 13:20:58.249,29186.1805
2026-08-20 13:20:58.675,29357.533
2026-08-20 13:20:59.095,29622.9769
2026-08-20 13:20:59.507,29938.8923
2026-08-20 13:20:59.968,30274.808
2026-08-20 13:21:00.386,30678.0436
2026-08-20 13:21:00.799,31052.5628
2026-08-20 13:21:01.217,31258.6985
2026-08-20 13:21:01.644,30898.2045
2026-08-20 13:21:02.057,30511.4793
2026-08-20 13:21:02.495,30146.056
2026-08-20 13:21:02.908,29805.1785
2026-08-20 13:21:03.321,29509.8508
2026-08-20 13:21:03.735,29286.0521
2026-08-20 13:21:04.161,29180.5097
2026-08-20 13:21:04.576,29295.7882
2026-08-20 13:21:05.004,29522.931
2026-08-20 13:21:05.458,29863.5646
2026-08-20 13:21:05.883,29871.2544
2026-08-20 13:21:06.295,29553.9938
2026-08-20 13:21:06.709,29310.123
2026-08-20 13:21:07.129,29171.969
2026-08-20 13:21:07.542,29260.2013
2026-08-20 13:21:07.977,29483.1549
2026-08-20 13:21:08.388,29779.1923
2026-08-20 13:21:08.815,29925.2978
2026-08-20 13:21:09.237,29625.6451
2026-08-20 13:21:09.663,29353.9293
2026-08-20 13:21:10.076,29176.8417
2026-08-20 13:21:10.499,29139.6329
2026-08-20 13:21:10.993,29139.4487
2026-08-20 13:21:11.407,29138.5196
2026-08-20 13:21:11.819,29136.8211
2026-08-20 13:21:12.232,29134.5127
2026-08-20 13:21:12.691,29132.3367
2026-08-20 13:21:13.105,29130.7168
2026-08-20 13:21:13.531,29128.1137
2026-08-20 13:21:13.942,29126.3957
2026-08-20 13:21:14.366,29126.0943
2026-08-20 13:21:14.826,29125.8722
2026-08-20 13:21:15.247,29141.4628
2026-08-20 13:21:15.661,29285.5035
2026-08-20 13:21:16.073,29522.3445
2026-08-20 13:21:16.486,29819.6505
2026-08-20 13:21:16.956,29850.1088
2026-08-20 13:21:17.378,29539.329
2026-08-20 13:21:17.804,29288.4693
2026-08-20 13:21:18.218,29147.6727
2026-08-20 13:21:18.647,29256.0888
2026-08-20 13:21:19.093,29481.7424
2026-08-20 13:21:19.506,29801.5545
2026-08-20 13:21:19.920,30130.2739
2026-08-20 13:21:20.334,30482.1896
2026-08-20 13:21:20.751,30851.6941
2026-08-20 13:21:21.217,31246.8176
2026-08-20 13:21:21.631,31019.9092
2026-08-20 13:21:22.043,30640.0876
2026-08-20 13:21:22.456,30279.9181
2026-08-20 13:21:22.868,29938.6379
2026-08-20 13:21:23.281,29624.2251
2026-08-20 13:21:23.699,29362.681
2026-08-20 13:21:24.111,29191.2865
2026-08-20 13:21:24.536,29209.5798
2026-08-20 13:21:24.949,29397.9848
2026-08-20 13:21:25.361,29668.0495
2026-08-20 13:21:25.798,29936.7638
2026-08-20 13:21:26.210,29711.4336
2026-08-20 13:21:26.624,29426.5736
2026-08-20 13:21:27.036,29222.0625
2026-08-20 13:21:27.462,29170.9823
2026-08-20 13:21:27.874,29337.1439
2026-08-20 13:21:28.286,29590.6398
2026-08-20 13:21:28.766,29923.3255
2026-08-20 13:21:29.185,29767.4603
2026-08-20 13:21:29.598,29468.3534
2026-08-20 13:21:30.010,29247.8445
2026-08-20 13:21:30.436,29140.4701
2026-08-20 13:21:30.898,29138.2312
2026-08-20 13:21:31.325,29139.6899
2026-08-20 13:21:31.739,29140.9352
2026-08-20 13:21:32.153,29141.7079
2026-08-20 13:21:32.576,29142.0098
2026-08-20 13:21:32.993,29142.0359
2026-08-20 13:21:33.406,29142.5453
2026-08-20 13:21:33.843,29142.6003
2026-08-20 13:21:34.271,29143.5225
2026-08-20 13:21:34.684,29143.5923
2026-08-20 13:21:35.098,29143.8316
2026-08-20 13:21:35.510,29188.1426
2026-08-20 13:21:35.922,29363.0693
2026-08-20 13:21:36.335,29620.4523
2026-08-20 13:21:36.748,29922.4752
2026-08-20 13:21:37.163,29822.1886
2026-08-20 13:21:37.576,29520.0737
2026-08-20 13:21:37.988,29283.3194
2026-08-20 13:21:38.412,29164.9757
2026-08-20 13:21:38.847,29296.5993
2026-08-20 13:21:39.265,29538.5708
2026-08-20 13:21:39.678,29842.5858
2026-08-20 13:21:40.107,30185.958
2026-08-20 13:21:40.536,30553.4528
2026-08-20 13:21:40.948,30923.0494
2026-08-20 13:21:41.362,31263.9272
2026-08-20 13:21:41.787,31031.1899
2026-08-20 13:21:42.200,30639.7993
2026-08-20 13:21:42.636,30278.3397
2026-08-20 13:21:43.062,29919.0727
2026-08-20 13:21:43.475,29598.8295
2026-08-20 13:21:43.887,29347.9201
2026-08-20 13:21:44.308,29192.473
2026-08-20 13:21:44.721,29240.4329
2026-08-20 13:21:45.153,29443.1732
2026-08-20 13:21:45.565,29726.7425
2026-08-20 13:21:45.977,29950.092
2026-08-20 13:21:46.414,29681.7788
2026-08-20 13:21:46.834,29399.9401
2026-08-20 13:21:47.248,29208.4591
2026-08-20 13:21:47.675,29192.9867
2026-08-20 13:21:48.087,29372.3501
2026-08-20 13:21:48.513,29644.1718
2026-08-20 13:21:48.928,29935.535
2026-08-20 13:21:49.348,29779.4915
2026-08-20 13:21:49.761,29479.2162
2026-08-20 13:21:50.173,29257.5813
2026-08-20 13:21:50.586,29149.3543
2026-08-20 13:21:51.000,29146.1361
2026-08-20 13:21:51.427,29146.0909
2026-08-20 13:21:51.908,29146.2337
2026-08-20 13:21:52.320,29146.3679
2026-08-20 13:21:52.738,29145.655
2026-08-20 13:21:53.166,29145.0869
2026-08-20 13:21:53.580,29145.0673
2026-08-20 13:21:53.992,29145.1449
2026-08-20 13:21:54.414,29144.7876
2026-08-20 13:21:54.827,29144.7235
2026-08-20 13:21:55.255,29144.8126
2026-08-20 13:21:55.670,29185.9713
2026-08-20 13:21:56.083,29360.3947
2026-08-20 13:21:56.495,29617.1059
2026-08-20 13:21:56.911,29920.1071
2026-08-20 13:21:57.336,29828.0146
2026-08-20 13:21:57.755,29517.5622
2026-08-20 13:21:58.181,29280.3223
2026-08-20 13:21:58.602,29167.7508
2026-08-20 13:21:59.020,29300.6887
2026-08-20 13:21:59.435,29540.5611
2026-08-20 13:21:59.847,29842.1529
2026-08-20 13:22:00.260,30174.2535
2026-08-20 13:22:00.673,30526.9818
2026-08-20 13:22:01.146,30895.9759
2026-08-20 13:22:01.566,31274.2026
2026-08-20 13:22:01.979,31002.7946
2026-08-20 13:22:02.391,30623.504
2026-08-20 13:22:02.805,30263.6445
2026-08-20 13:22:03.229,29923.4619
2026-08-20 13:22:03.641,29602.7048
2026-08-20 13:22:04.053,29349.7148
2026-08-20 13:22:04.479,29193.2436
2026-08-20 13:22:04.891,29243.2385
2026-08-20 13:22:05.303,29437.9093
2026-08-20 13:22:05.743,29714.7874
2026-08-20 13:22:06.157,29952.2712
2026-08-20 13:22:06.570,29687.5854
2026-08-20 13:22:06.982,29410.1458
2026-08-20 13:22:07.396,29217.9146
2026-08-20 13:22:07.822,29195.4833
2026-08-20 13:22:08.306,29415.2388
2026-08-20 13:22:08.720,29690.4682
2026-08-20 13:22:09.132,29950.7246
2026-08-20 13:22:09.545,29729.6901
2026-08-20 13:22:09.972,29442.3727
2026-08-20 13:22:10.400,29222.7512
2026-08-20 13:22:10.813,29144.0659
2026-08-20 13:22:11.240,29146.3858
2026-08-20 13:22:11.653,29147.6017
2026-08-20 13:22:12.092,29148.4757
2026-08-20 13:22:12.508,29149.2327
2026-08-20 13:22:12.921,29149.5075
2026-08-20 13:22:13.334,29149.4751
2026-08-20 13:22:13.746,29149.3494
2026-08-20 13:22:14.174,29149.5851
2026-08-20 13:22:14.657,29149.6672
2026-08-20 13:22:15.071,29150.7827
2026-08-20 13:22:15.497,29150.5955
2026-08-20 13:22:15.911,29227.0986
2026-08-20 13:22:16.341,29424.2042
2026-08-20 13:22:16.755,29708.2536
2026-08-20 13:22:17.167,29961.7564
2026-08-20 13:22:17.587,29734.494
2026-08-20 13:22:18.014,29443.5424
2026-08-20 13:22:18.476,29215.4713
2026-08-20 13:22:18.894,29201.3767
2026-08-20 13:22:19.311,29387.7624
2026-08-20 13:22:19.737,29656.6059
2026-08-20 13:22:20.152,29982.1021
2026-08-20 13:22:20.587,30335.4655
2026-08-20 13:22:21.008,30701.6028
2026-08-20 13:22:21.420,31087.2812
2026-08-20 13:22:21.838,31248.3813
2026-08-20 13:22:22.253,30871.5808
2026-08-20 13:22:22.665,30496.836
2026-08-20 13:22:23.081,30144.0489
2026-08-20 13:22:23.494,29809.7208
2026-08-20 13:22:23.907,29513.3977
2026-08-20 13:22:24.321,29289.3139
2026-08-20 13:22:24.737,29183.3167
2026-08-20 13:22:25.151,29294.5088
2026-08-20 13:22:25.568,29519.1777
2026-08-20 13:22:25.982,29818.1984
2026-08-20 13:22:26.410,29927.6768
2026-08-20 13:22:26.824,29609.2259
2026-08-20 13:22:27.246,29349.5864
2026-08-20 13:22:27.691,29183.8269
2026-08-20 13:22:28.103,29247.1204
2026-08-20 13:22:28.515,29454.4455
2026-08-20 13:22:28.941,29738.0302
2026-08-20 13:22:29.366,29952.1125
2026-08-20 13:22:29.781,29670.0571
2026-08-20 13:22:30.193,29394.5196
2026-08-20 13:22:30.618,29206.886
2026-08-20 13:22:31.030,29147.6305
2026-08-20 13:22:31.456,29150.6676
2026-08-20 13:22:31.868,29150.8412
2026-08-20 13:22:32.279,29152.0435
2026-08-20 13:22:32.718,29152.5459
2026-08-20 13:22:33.131,29152.195
2026-08-20 13:22:33.550,29151.7299
2026-08-20 13:22:33.976,29151.5525
2026-08-20 13:22:34.395,29152.6433
2026-08-20 13:22:34.820,29152.8828
2026-08-20 13:22:35.236,29152.1051
2026-08-20 13:22:35.665,29150.9362
2026-08-20 13:22:36.076,29235.0718
2026-08-20 13:22:36.503,29433.9066
2026-08-20 13:22:36.916,29719.3825
2026-08-20 13:22:37.334,29968.2805
2026-08-20 13:22:37.748,29729.9448
2026-08-20 13:22:38.160,29443.5001
2026-08-20 13:22:38.576,29236.0318
2026-08-20 13:22:38.988,29188.6536
2026-08-20 13:22:39.401,29356.939
2026-08-20 13:22:39.816,29612.027
2026-08-20 13:22:40.306,29988.349
2026-08-20 13:22:40.721,30329.5071
2026-08-20 13:22:41.147,30691.4245
2026-08-20 13:22:41.561,31081.6025
2026-08-20 13:22:41.992,31266.1094
2026-08-20 13:22:42.419,30883.85
2026-08-20 13:22:42.830,30498.9597
2026-08-20 13:22:43.263,30133.7858
2026-08-20 13:22:43.676,29799.7291
2026-08-20 13:22:44.101,29498.0943
2026-08-20 13:22:44.516,29284.5937
2026-08-20 13:22:44.943,29196.0053
2026-08-20 13:22:45.361,29325.1332
2026-08-20 13:22:45.773,29561.4889
2026-08-20 13:22:46.201,29861.5389
2026-08-20 13:22:46.614,29895.3897
2026-08-20 13:22:47.031,29584.6353
2026-08-20 13:22:47.446,29333.0274
2026-08-20 13:22:47.858,29188.1544
2026-08-20 13:22:48.270,29266.3205
2026-08-20 13:22:48.689,29479.8777
2026-08-20 13:22:49.120,29779.8568
2026-08-20 13:22:49.615,29925.3622
2026-08-20 13:22:50.029,29610.5705
2026-08-20 13:22:50.442,29352.2844
2026-08-20 13:22:50.856,29190.432
2026-08-20 13:22:51.267,29160.5824
2026-08-20 13:22:51.679,29162.3858
2026-08-20 13:22:52.098,29163.1553
2026-08-20 13:22:52.530,29163.456
2026-08-20 13:22:52.957,29162.2989
2026-08-20 13:22:53.382,29161.928
2026-08-20 13:22:53.795,29162.3662
2026-08-20 13:22:54.208,29162.5837
2026-08-20 13:22:54.635,29162.8332
2026-08-20 13:22:55.060,29162.6307
2026-08-20 13:22:55.473,29162.9236
2026-08-20 13:22:55.894,29165.966
2026-08-20 13:22:56.306,29276.1977
2026-08-20 13:22:56.742,29491.5031
2026-08-20 13:22:57.154,29795.4075
2026-08-20 13:22:57.576,29969.668
2026-08-20 13:22:58.002,29674.4487
2026-08-20 13:22:58.428,29395.6135
2026-08-20 13:22:58.845,29208.2639
2026-08-20 13:22:59.272,29240.333
2026-08-20 13:22:59.698,29446.8451
2026-08-20 13:23:00.111,29735.704
2026-08-20 13:23:00.545,30068.7081
2026-08-20 13:23:00.976,30424.2224
2026-08-20 13:23:01.389,30800.4132
2026-08-20 13:23:01.817,31198.0892
2026-08-20 13:23:02.230,31205.114
2026-08-20 13:23:02.642,30817.2377
2026-08-20 13:23:03.060,30448.2724
2026-08-20 13:23:03.472,30094.9296
2026-08-20 13:23:03.898,29769.7224
2026-08-20 13:23:04.311,29478.036
2026-08-20 13:23:04.724,29278.7339
2026-08-20 13:23:05.186,29229.4899
2026-08-20 13:23:05.608,29389.951
2026-08-20 13:23:06.021,29650.3757
2026-08-20 13:23:06.433,29954.6039
2026-08-20 13:23:06.859,29843.1882
2026-08-20 13:23:07.287,29534.5725
2026-08-20 13:23:07.718,29294.0923
2026-08-20 13:23:08.131,29207.7974
2026-08-20 13:23:08.545,29344.564
2026-08-20 13:23:08.979,29595.0213
2026-08-20 13:23:09.395,29905.5555
2026-08-20 13:23:09.823,29921.1158
2026-08-20 13:23:10.236,29599.1529
2026-08-20 13:23:10.650,29349.882
2026-08-20 13:23:11.061,29202.6584
2026-08-20 13:23:11.500,29183.0353
2026-08-20 13:23:11.914,29184.7299
2026-08-20 13:23:12.327,29185.49
2026-08-20 13:23:12.739,29185.8429
2026-08-20 13:23:13.153,29186.1689
2026-08-20 13:23:13.564,29186.4836
2026-08-20 13:23:13.978,29187.3476
2026-08-20 13:23:14.393,29187.9762
2026-08-20 13:23:14.806,29188.2426
2026-08-20 13:23:15.232,29188.1737
2026-08-20 13:23:15.655,29187.108
2026-08-20 13:23:16.067,29192.9201
2026-08-20 13:23:16.480,29308.3549
2026-08-20 13:23:16.896,29529.1739
2026-08-20 13:23:17.322,29819.511
2026-08-20 13:23:17.733,29989.3802
2026-08-20 13:23:18.147,29696.6331
2026-08-20 13:23:18.575,29417.2758
2026-08-20 13:23:18.987,29235.7171
2026-08-20 13:23:19.400,29260.3313
2026-08-20 13:23:19.811,29455.578
2026-08-20 13:23:20.224,29729.0546
2026-08-20 13:23:20.637,30048.2827
2026-08-20 13:23:21.054,30390.7574
2026-08-20 13:23:21.529,30805.2659
2026-08-20 13:23:21.946,31194.8343
2026-08-20 13:23:22.359,31257.113
2026-08-20 13:23:22.786,30854.4459
2026-08-20 13:23:23.198,30486.7698
2026-08-20 13:23:23.611,30136.4083
2026-08-20 13:23:24.024,29808.479
2026-08-20 13:23:24.436,29519.9657
2026-08-20 13:23:24.859,29312.4832
2026-08-20 13:23:25.321,29241.891
2026-08-20 13:23:25.750,29409.3732
2026-08-20 13:23:26.164,29668.5755
2026-08-20 13:23:26.577,29977.9561
2026-08-20 13:23:26.994,29893.4107
2026-08-20 13:23:27.407,29586.6099
2026-08-20 13:23:27.837,29343.6803
2026-08-20 13:23:28.253,29229.5638
2026-08-20 13:23:28.668,29344.4756
2026-08-20 13:23:29.086,29574.126
2026-08-20 13:23:29.499,29876.139
2026-08-20 13:23:29.973,29952.198
2026-08-20 13:23:30.385,29634.9981
2026-08-20 13:23:30.798,29385.2839
2026-08-20 13:23:31.211,29233.6425
2026-08-20 13:23:31.625,29211.8221
2026-08-20 13:23:32.061,29213.4295
2026-08-20 13:23:32.473,29213.695
2026-08-20 13:23:32.896,29214.9601
2026-08-20 13:23:33.308,29215.8629
2026-08-20 13:23:33.727,29216.2696
2026-08-20 13:23:34.167,29215.6634
2026-08-20 13:23:34.594,29215.2561
2026-08-20 13:23:35.022,29215.944
2026-08-20 13:23:35.449,29217.3641
2026-08-20 13:23:35.871,29217.7513
2026-08-20 13:23:36.283,29229.3228
2026-08-20 13:23:36.695,29362.9949
2026-08-20 13:23:37.130,29603.1078
2026-08-20 13:23:37.542,29906.3561
2026-08-20 13:23:37.975,29990.2056
2026-08-20 13:23:38.389,29674.9937
2026-08-20 13:23:38.807,29416.7477
2026-08-20 13:23:39.223,29254.1828
2026-08-20 13:23:39.635,29323.0724
2026-08-20 13:23:40.060,29533.8606
2026-08-20 13:23:40.480,29828.0972
2026-08-20 13:23:40.894,30160.5345
2026-08-20 13:23:41.319,30510.9476
2026-08-20 13:23:41.731,30890.3024
2026-08-20 13:23:42.143,31274.8415
2026-08-20 13:23:42.576,31263.4583
2026-08-20 13:23:42.990,30854.8222
2026-08-20 13:23:43.416,30470.9878
2026-08-20 13:23:43.835,30123.4419
2026-08-20 13:23:44.259,29794.0756
2026-08-20 13:23:44.676,29508.8504
2026-08-20 13:23:45.103,29317.5345
2026-08-20 13:23:45.516,29291.1815
2026-08-20 13:23:45.934,29457.498
2026-08-20 13:23:46.347,29719.4945
2026-08-20 13:23:46.784,30020.3389
2026-08-20 13:23:47.196,29870.4681
2026-08-20 13:23:47.611,29573.757
2026-08-20 13:23:48.023,29351.2078
2026-08-20 13:23:48.443,29262.9137
2026-08-20 13:23:48.921,29427.3154
2026-08-20 13:23:49.338,29686.4063
2026-08-20 13:23:49.751,29999.1325
2026-08-20 13:23:50.161,29942.861
2026-08-20 13:23:50.576,29636.9132
2026-08-20 13:23:51.000,29392.4832
2026-08-20 13:23:51.413,29251.2183
2026-08-20 13:23:51.826,29238.3145
2026-08-20 13:23:52.253,29240.4426
2026-08-20 13:23:52.676,29240.8634
2026-08-20 13:23:53.108,29241.3664
2026-08-20 13:23:53.520,29242.0891
2026-08-20 13:23:53.945,29243.0479
2026-08-20 13:23:54.357,29243.1055
2026-08-20 13:23:54.770,29243.8074
2026-08-20 13:23:55.187,29244.8907
2026-08-20 13:23:55.693,29245.3031
2026-08-20 13:23:56.158,29245.916
2026-08-20 13:23:56.576,29286.2105
2026-08-20 13:23:56.987,29460.6242
2026-08-20 13:23:57.400,29716.489
2026-08-20 13:23:57.812,30022.6902
2026-08-20 13:23:58.225,29934.9908
2026-08-20 13:23:58.665,29632.8077
2026-08-20 13:23:59.078,29381.7081
2026-08-20 13:23:59.494,29272.6328
2026-08-20 13:23:59.907,29402.3497
2026-08-20 13:24:00.371,29639.2795
2026-08-20 13:24:00.801,29984.3016
2026-08-20 13:24:01.221,30331.6393
2026-08-20 13:24:01.648,30694.9002
2026-08-20 13:24:02.075,31083.1214
2026-08-20 13:24:02.493,31398.6221
2026-08-20 13:24:02.906,31101.4147
2026-08-20 13:24:03.323,30720.9071
2026-08-20 13:24:03.738,30356.8674
2026-08-20 13:24:04.152,30016.8366
2026-08-20 13:24:04.580,29693.6235
2026-08-20 13:24:05.002,29446.5591
2026-08-20 13:24:05.416,29300.0681
2026-08-20 13:24:05.829,29367.7307
2026-08-20 13:24:06.263,29580.6119
2026-08-20 13:24:06.678,29873.2654
2026-08-20 13:24:07.093,30066.2174
2026-08-20 13:24:07.507,29782.3708
2026-08-20 13:24:07.935,29507.6293
2026-08-20 13:24:08.348,29318.5382
2026-08-20 13:24:08.777,29335.6919
2026-08-20 13:24:09.204,29526.0575
2026-08-20 13:24:09.616,29809.9184
2026-08-20 13:24:10.042,30077.2956
2026-08-20 13:24:10.456,29849.2796
2026-08-20 13:24:10.868,29562.7099
2026-08-20 13:24:11.281,29355.8428
2026-08-20 13:24:11.694,29270.2579
2026-08-20 13:24:12.107,29271.2076
2026-08-20 13:24:12.523,29272.0034
2026-08-20 13:24:12.936,29272.5384
2026-08-20 13:24:13.349,29271.8588
2026-08-20 13:24:13.815,29271.8593
2026-08-20 13:24:14.235,29273.3407
2026-08-20 13:24:14.735,29274.4243
2026-08-20 13:24:15.154,29274.3017
2026-08-20 13:24:15.579,29274.3178
2026-08-20 13:24:15.992,29274.2695
2026-08-20 13:24:16.414,29274.1687
2026-08-20 13:24:16.827,29355.6881
2026-08-20 13:24:17.243,29554.9368
2026-08-20 13:24:17.657,29832.8968
2026-08-20 13:24:18.071,30092.6579
2026-08-20 13:24:18.485,29866.7419
2026-08-20 13:24:18.962,29546.4875
2026-08-20 13:24:19.376,29341.6282
2026-08-20 13:24:19.811,29328.9362
2026-08-20 13:24:20.224,29518.2791
2026-08-20 13:24:20.636,29784.8753
2026-08-20 13:24:21.062,30110.4154
2026-08-20 13:24:21.490,30464.7106
2026-08-20 13:24:21.910,30827.9688
2026-08-20 13:24:22.326,31214.8295
2026-08-20 13:24:22.739,31387.6576
2026-08-20 13:24:23.156,31017.379
2026-08-20 13:24:23.583,30638.9882
2026-08-20 13:24:24.003,30272.6206
2026-08-20 13:24:24.428,29935.7596
2026-08-20 13:24:24.845,29632.6084
2026-08-20 13:24:25.269,29411.9785
2026-08-20 13:24:25.681,29319.1905
2026-08-20 13:24:26.094,29444.8965
2026-08-20 13:24:26.508,29677.0878
2026-08-20 13:24:26.920,29977.6652
2026-08-20 13:24:27.415,30035.8844
2026-08-20 13:24:27.829,29667.4219
2026-08-20 13:24:28.242,29430.8397
2026-08-20 13:24:28.668,29309.0803
2026-08-20 13:24:29.080,29419.7444
2026-08-20 13:24:29.513,29645.1314
2026-08-20 13:24:29.936,29956.6487
2026-08-20 13:24:30.348,30066.5976
2026-08-20 13:24:30.764,29758.5921
2026-08-20 13:24:31.226,29492.1763
2026-08-20 13:24:31.656,29307.391
2026-08-20 13:24:32.069,29281.8233
2026-08-20 13:24:32.482,29283.1911
2026-08-20 13:24:32.893,29284.7673
2026-08-20 13:24:33.319,29285.4881
2026-08-20 13:24:33.743,29285.8372
2026-08-20 13:24:34.155,29285.6571
2026-08-20 13:24:34.568,29285.009
2026-08-20 13:24:34.981,29285.3884
2026-08-20 13:24:35.408,29285.2029
2026-08-20 13:24:35.849,29284.4573
2026-08-20 13:24:36.261,29285.091
2026-08-20 13:24:36.675,29291.2991
2026-08-20 13:24:37.093,29405.727
2026-08-20 13:24:37.519,29628.4741
2026-08-20 13:24:37.986,29959.619
2026-08-20 13:24:38.398,30062.6636
2026-08-20 13:24:38.811,29753.7393
2026-08-20 13:24:39.224,29491.8722
2026-08-20 13:24:39.642,29321.2799
2026-08-20 13:24:40.067,29372.6276
2026-08-20 13:24:40.481,29585.1687
2026-08-20 13:24:40.893,29868.686
2026-08-20 13:24:41.306,30191.7741
2026-08-20 13:24:41.727,30537.4088
2026-08-20 13:24:42.201,30958.5365
2026-08-20 13:24:42.615,31349.7331
2026-08-20 13:24:43.028,31294.9885
2026-08-20 13:24:43.454,30895.803
2026-08-20 13:24:43.876,30529.1598
2026-08-20 13:24:44.289,30173.8654
2026-08-20 13:24:44.708,29851.7255
2026-08-20 13:24:45.132,29571.6128
2026-08-20 13:24:45.552,29379.0294
2026-08-20 13:24:45.979,29353.4101
2026-08-20 13:24:46.390,29524.5918
2026-08-20 13:24:46.851,29782.8441
2026-08-20 13:24:47.279,30098.0998
2026-08-20 13:24:47.698,29891.325
2026-08-20 13:24:48.113,29597.3736
2026-08-20 13:24:48.526,29388.4308
2026-08-20 13:24:48.954,29331.5091
2026-08-20 13:24:49.365,29489.5332
2026-08-20 13:24:49.799,29750.4549
2026-08-20 13:24:50.226,30060.2321
2026-08-20 13:24:50.642,29959.302
2026-08-20 13:24:51.054,29655.7475
2026-08-20 13:24:51.482,29417.394
2026-08-20 13:24:51.896,29299.4687
2026-08-20 13:24:52.314,29293.872
2026-08-20 13:24:52.728,29294.3624
2026-08-20 13:24:53.142,29294.683
2026-08-20 13:24:53.565,29295.0113
2026-08-20 13:24:53.980,29294.1051
2026-08-20 13:24:54.421,29294.2414
2026-08-20 13:24:54.844,29294.2546
2026-08-20 13:24:55.256,29294.2366
2026-08-20 13:24:55.668,29294.2523
2026-08-20 13:24:56.095,29294.8052
2026-08-20 13:24:56.525,29295.0803
2026-08-20 13:24:56.945,29320.8252
2026-08-20 13:24:57.359,29479.5686
2026-08-20 13:24:57.785,29724.2612
2026-08-20 13:24:58.200,30038.0005
2026-08-20 13:24:58.644,30017.3246
2026-08-20 13:24:59.056,29687.6428
2026-08-20 13:24:59.479,29446.4745
2026-08-20 13:24:59.893,29316.5351
2026-08-20 13:25:00.306,29429.0101
2026-08-20 13:25:00.744,29657.453
2026-08-20 13:25:01.171,29982.6375
2026-08-20 13:25:01.584,30314.117
2026-08-20 13:25:01.997,30666.3461
2026-08-20 13:25:02.422,31036.5375
2026-08-20 13:25:02.847,31406.9861
2026-08-20 13:25:03.264,31201.4658
2026-08-20 13:25:03.676,30815.4367
2026-08-20 13:25:04.104,30440.122
2026-08-20 13:25:04.525,30097.2114
2026-08-20 13:25:04.951,29774.9236
2026-08-20 13:25:05.363,29508.2964
2026-08-20 13:25:05.782,29345.9669
2026-08-20 13:25:06.195,29377.7154
2026-08-20 13:25:06.619,29562.7081
2026-08-20 13:25:07.045,29842.0911
2026-08-20 13:25:07.457,30108.1362
2026-08-20 13:25:07.904,29865.4453
2026-08-20 13:25:08.316,29572.4962
2026-08-20 13:25:08.742,29369.4613
2026-08-20 13:25:09.168,29339.5478
2026-08-20 13:25:09.595,29514.564
2026-08-20 13:25:10.008,29783.9824
2026-08-20 13:25:10.435,30086.3256
2026-08-20 13:25:10.855,29928.2013
2026-08-20 13:25:11.281,29626.272
2026-08-20 13:25:11.697,29400.0632
2026-08-20 13:25:12.113,29295.9832
2026-08-20 13:25:12.526,29293.4479
2026-08-20 13:25:12.937,29293.7667
2026-08-20 13:25:13.351,29293.9609
2026-08-20 13:25:13.764,29293.8254
2026-08-20 13:25:14.191,29294.6437
2026-08-20 13:25:14.616,29294.2622
2026-08-20 13:25:15.029,29294.4994
2026-08-20 13:25:15.455,29294.4205
2026-08-20 13:25:15.883,29294.9817
2026-08-20 13:25:16.300,29295.8965
2026-08-20 13:25:16.721,29297.1774
2026-08-20 13:25:17.133,29329.5906
2026-08-20 13:25:17.546,29490.6023
2026-08-20 13:25:17.958,29739.263
2026-08-20 13:25:18.385,30043.5634
2026-08-20 13:25:18.881,29968.1281
2026-08-20 13:25:19.294,29660.7115
2026-08-20 13:25:19.722,29424.3465
2026-08-20 13:25:20.133,29324.49
2026-08-20 13:25:20.552,29458.3838
2026-08-20 13:25:20.973,29699.7261
2026-08-20 13:25:21.386,30007.2974
2026-08-20 13:25:21.800,30339.0235
2026-08-20 13:25:22.261,30693.217
2026-08-20 13:25:22.678,31113.8272
2026-08-20 13:25:23.092,31431.2487
2026-08-20 13:25:23.505,31159.3696
2026-08-20 13:25:23.928,30780.2976
2026-08-20 13:25:24.356,30412.0382
2026-08-20 13:25:24.772,30062.3358
2026-08-20 13:25:25.186,29749.5303
2026-08-20 13:25:25.600,29500.4453
2026-08-20 13:25:26.025,29350.4656
2026-08-20 13:25:26.439,29410.3158
2026-08-20 13:25:26.867,29608.8625
2026-08-20 13:25:27.279,29901.7096
2026-08-20 13:25:27.693,30113.3866
2026-08-20 13:25:28.105,29845.1313
2026-08-20 13:25:28.519,29569.4612
2026-08-20 13:25:28.938,29379.477
2026-08-20 13:25:29.429,29390.9988
2026-08-20 13:25:29.857,29583.9713
2026-08-20 13:25:30.320,29905.4374
2026-08-20 13:25:30.737,30120.6737
2026-08-20 13:25:31.149,29848.7935
2026-08-20 13:25:31.575,29564.6418
2026-08-20 13:25:31.988,29377.1189
2026-08-20 13:25:32.409,29315.8223
2026-08-20 13:25:32.836,29318.7786
2026-08-20 13:25:33.251,29319.2123
2026-08-20 13:25:33.662,29320.3459
2026-08-20 13:25:34.076,29319.7667
2026-08-20 13:25:34.503,29320.6307
2026-08-20 13:25:34.922,29321.219
2026-08-20 13:25:35.334,29321.5793
2026-08-20 13:25:35.755,29322.1648
2026-08-20 13:25:36.169,29322.7427
2026-08-20 13:25:36.605,29323.4859
2026-08-20 13:25:37.017,29323.841
2026-08-20 13:25:37.430,29392.7067
2026-08-20 13:25:37.842,29584.4597
2026-08-20 13:25:38.316,29852.4619
2026-08-20 13:25:38.748,30138.7269
2026-08-20 13:25:39.169,29882.3237
2026-08-20 13:25:39.582,29597.1722
2026-08-20 13:25:40.007,29398.3174
2026-08-20 13:25:40.422,29375.9835
2026-08-20 13:25:40.836,29558.2519
2026-08-20 13:25:41.252,29823.8437
2026-08-20 13:25:41.665,30140.6845
2026-08-20 13:25:42.079,30479.9564
2026-08-20 13:25:42.497,30840.05
2026-08-20 13:25:42.929,31221.8027
2026-08-20 13:25:43.342,31448.1993
2026-08-20 13:25:43.769,31092.477
2026-08-20 13:25:44.184,30705.2283
2026-08-20 13:25:44.598,30349.0016
2026-08-20 13:25:45.031,30015.4627
2026-08-20 13:25:45.443,29703.3551
2026-08-20 13:25:45.869,29480.4303
2026-08-20 13:25:46.282,29373.4394
2026-08-20 13:25:46.695,29485.0188
2026-08-20 13:25:47.174,29743.895
2026-08-20 13:25:47.590,30056.3974
2026-08-20 13:25:48.003,30066.5884
2026-08-20 13:25:48.430,29758.3972
2026-08-20 13:25:48.850,29506.3457
2026-08-20 13:25:49.263,29369.1439
2026-08-20 13:25:49.689,29457.5134
2026-08-20 13:25:50.101,29681.1752
2026-08-20 13:25:50.522,29972.3482
2026-08-20 13:25:50.936,30133.085
2026-08-20 13:25:51.348,29837.2066
2026-08-20 13:25:51.762,29569.4867
2026-08-20 13:25:52.182,29391.3219
2026-08-20 13:25:52.610,29345.5139
2026-08-20 13:25:53.023,29347.2516
2026-08-20 13:25:53.437,29347.2953
2026-08-20 13:25:53.850,29347.1922
2026-08-20 13:25:54.281,29347.8465
2026-08-20 13:25:54.695,29348.2858
2026-08-20 13:25:55.108,29348.9833
2026-08-20 13:25:55.531,29349.469
2026-08-20 13:25:55.995,29349.8711
2026-08-20 13:25:56.414,29350.2125
2026-08-20 13:25:56.832,29349.6965
2026-08-20 13:25:57.243,29351.2428
2026-08-20 13:25:57.662,29449.7136
2026-08-20 13:25:58.076,29662.8172
2026-08-20 13:25:58.489,29946.4921
2026-08-20 13:25:58.910,30163.186
2026-08-20 13:25:59.323,29893.7584
2026-08-20 13:25:59.735,29615.5989
2026-08-20 13:26:00.200,29420.7911
2026-08-20 13:26:00.626,29421.8736
2026-08-20 13:26:01.040,29619.9744
2026-08-20 13:26:01.454,29894.1094
2026-08-20 13:26:01.881,30222.5564
2026-08-20 13:26:02.299,30565.3562
2026-08-20 13:26:02.713,30932.8488
2026-08-20 13:26:03.135,31313.5605
2026-08-20 13:26:03.562,31437.7348
2026-08-20 13:26:03.987,31042.6036
2026-08-20 13:26:04.406,30660.0356
2026-08-20 13:26:04.832,30294.1524
2026-08-20 13:26:05.245,29968.5351
2026-08-20 13:26:05.673,29672.4837
2026-08-20 13:26:06.095,29468.7188
2026-08-20 13:26:06.507,29402.2385
2026-08-20 13:26:06.925,29544.0263
2026-08-20 13:26:07.339,29788.4905
2026-08-20 13:26:07.751,30094.1235
2026-08-20 13:26:08.177,30067.1856
2026-08-20 13:26:08.604,29751.7986
2026-08-20 13:26:09.019,29506.6934
2026-08-20 13:26:09.434,29384.5141
2026-08-20 13:26:09.861,29485.6692
2026-08-20 13:26:10.272,29714.1283
2026-08-20 13:26:10.685,30007.9281
2026-08-20 13:26:11.150,30117.8537
2026-08-20 13:26:11.576,29808.0271
2026-08-20 13:26:12.002,29544.2867
2026-08-20 13:26:12.416,29383.5144
2026-08-20 13:26:12.828,29359.8953
2026-08-20 13:26:13.251,29361.5306
2026-08-20 13:26:13.685,29362.7063
2026-08-20 13:26:14.111,29363.1353
2026-08-20 13:26:14.524,29363.0831
2026-08-20 13:26:14.937,29363.4464
2026-08-20 13:26:15.355,29364.2921
2026-08-20 13:26:15.769,29364.0845
2026-08-20 13:26:16.191,29363.5487
2026-08-20 13:26:16.617,29363.3808
2026-08-20 13:26:17.030,29363.3502
2026-08-20 13:26:17.464,29371.2098
2026-08-20 13:26:17.887,29493.6
2026-08-20 13:26:18.304,29722.4852
2026-08-20 13:26:18.717,30016.3422
2026-08-20 13:26:19.129,30155.7689
2026-08-20 13:26:19.564,29856.7976
2026-08-20 13:26:19.978,29579.3547
2026-08-20 13:26:20.391,29403.8122
2026-08-20 13:26:20.808,29444.6847
2026-08-20 13:26:21.221,29646.7782
2026-08-20 13:26:21.681,29960.8479
2026-08-20 13:26:22.094,30284.5037
2026-08-20 13:26:22.528,30645.3559
2026-08-20 13:26:22.947,31019.691
2026-08-20 13:26:23.360,31411.1555
2026-08-20 13:26:23.777,31399.0977
2026-08-20 13:26:24.199,31010.1522
2026-08-20 13:26:24.613,30639.289
2026-08-20 13:26:25.028,30296.1202
2026-08-20 13:26:25.440,29973.7305
2026-08-20 13:26:25.857,29698.0126
2026-08-20 13:26:26.285,29503.9249
2026-08-20 13:26:26.714,29463.7509
2026-08-20 13:26:27.131,29628.7055
2026-08-20 13:26:27.544,29887.9837
2026-08-20 13:26:27.962,30194.7107
2026-08-20 13:26:28.377,30084.4337
2026-08-20 13:26:28.812,29788.6613
2026-08-20 13:26:29.225,29556.776
2026-08-20 13:26:29.642,29468.3274
2026-08-20 13:26:30.068,29603.058
2026-08-20 13:26:30.481,29849.7537
2026-08-20 13:26:30.900,30154.3088
2026-08-20 13:26:31.314,30197.7559
2026-08-20 13:26:31.742,29888.8511
2026-08-20 13:26:32.161,29634.0771
2026-08-20 13:26:32.587,29488.5854
2026-08-20 13:26:33.000,29473.9424
2026-08-20 13:26:33.418,29480.0326
2026-08-20 13:26:33.851,29484.3239
2026-08-20 13:26:34.277,29488.2309
2026-08-20 13:26:34.694,29492.0581
2026-08-20 13:26:35.106,29495.8429
2026-08-20 13:26:35.518,29500.0738
2026-08-20 13:26:35.978,29504.0091
2026-08-20 13:26:36.392,29507.4794
2026-08-20 13:26:36.805,29510.5967
2026-08-20 13:26:37.229,29514.6195
2026-08-20 13:26:37.644,29532.2441
2026-08-20 13:26:38.073,29671.4918
2026-08-20 13:26:38.486,29916.2599
2026-08-20 13:26:38.897,30216.3824
2026-08-20 13:26:39.324,30305.659
2026-08-20 13:26:39.740,29990.4083
2026-08-20 13:26:40.217,29709.1519
2026-08-20 13:26:40.644,29570.7759
2026-08-20 13:26:41.056,29678.1324
2026-08-20 13:26:41.469,29904.0362
2026-08-20 13:26:41.883,30198.0608
2026-08-20 13:26:42.295,30529.7298
2026-08-20 13:26:42.708,30881.8645
2026-08-20 13:26:43.123,31253.4242
2026-08-20 13:26:43.536,31640.9233
2026-08-20 13:26:44.003,31560.3039
2026-08-20 13:26:44.431,31126.6384
2026-08-20 13:26:44.843,30759.4084
2026-08-20 13:26:45.256,30421.2965
2026-08-20 13:26:45.669,30106.7128
2026-08-20 13:26:46.081,29843.8998
2026-08-20 13:26:46.505,29672.341
2026-08-20 13:26:46.918,29676.9645
2026-08-20 13:26:47.333,29854.5758
2026-08-20 13:26:47.750,30123.2291
2026-08-20 13:26:48.167,30417.9697
2026-08-20 13:26:48.631,30210.7628
2026-08-20 13:26:49.043,29927.1191
2026-08-20 13:26:49.470,29722.3425
2026-08-20 13:26:49.896,29665.8214
2026-08-20 13:26:50.316,29831.148
2026-08-20 13:26:50.730,30090.1325
2026-08-20 13:26:51.152,30399.699
2026-08-20 13:26:51.580,30314.1115
2026-08-20 13:26:52.009,30005.6256
2026-08-20 13:26:52.428,29770.9077
2026-08-20 13:26:52.856,29656.6196
2026-08-20 13:26:53.272,29653.9062
2026-08-20 13:26:53.685,29657.8604
2026-08-20 13:26:54.114,29660.6834
2026-08-20 13:26:54.527,29663.3064
2026-08-20 13:26:54.955,29665.0018
2026-08-20 13:26:55.384,29667.1346
2026-08-20 13:26:55.884,29669.5856
2026-08-20 13:26:56.297,29671.7598
2026-08-20 13:26:56.720,29675.2686
2026-08-20 13:26:57.132,29678.107
2026-08-20 13:26:57.570,29679.8584
2026-08-20 13:26:57.983,29735.507
2026-08-20 13:26:58.407,29920.0524
2026-08-20 13:26:58.821,30191.3792
2026-08-20 13:26:59.284,30484.4781
2026-08-20 13:26:59.713,30289.4357
2026-08-20 13:27:00.130,29997.4698
2026-08-20 13:27:00.546,29787.7616
2026-08-20 13:27:00.958,29734.313
2026-08-20 13:27:01.376,29899.0074
2026-08-20 13:27:01.795,30159.6751
2026-08-20 13:27:02.209,30470.8259
2026-08-20 13:27:02.621,30810.9292
2026-08-20 13:27:03.032,31168.834
2026-08-20 13:27:03.446,31544.0896
2026-08-20 13:27:03.886,31844.9288
2026-08-20 13:27:04.322,31514.1928
2026-08-20 13:27:04.748,31133.3844
2026-08-20 13:27:05.168,30767.5517
2026-08-20 13:27:05.585,30430.1645
2026-08-20 13:27:06.011,30127.4842
2026-08-20 13:27:06.437,29890.0532
2026-08-20 13:27:06.851,29769.2737
2026-08-20 13:27:07.264,29865.3118
2026-08-20 13:27:07.678,30079.7343
2026-08-20 13:27:08.095,30374.9344
2026-08-20 13:27:08.509,30525.9433
2026-08-20 13:27:08.921,30231.5414
2026-08-20 13:27:09.333,29968.8351
2026-08-20 13:27:09.797,29796.4624
2026-08-20 13:27:10.220,29835.377
2026-08-20 13:27:10.632,30035.9294
2026-08-20 13:27:11.058,30325.3947
2026-08-20 13:27:11.479,30556.828
2026-08-20 13:27:11.892,30300.6457
2026-08-20 13:27:12.310,30023.3722
2026-08-20 13:27:12.723,29829.1825
2026-08-20 13:27:13.136,29761.8211
2026-08-20 13:27:13.569,29766.5409
2026-08-20 13:27:13.982,29769.7715
2026-08-20 13:27:14.410,29771.551
2026-08-20 13:27:14.823,29773.4251
2026-08-20 13:27:15.236,29774.699
2026-08-20 13:27:15.652,29776.9002
2026-08-20 13:27:16.071,29778.8068
2026-08-20 13:27:16.548,29780.3734
2026-08-20 13:27:16.962,29781.9313
2026-08-20 13:27:17.388,29783.3269
2026-08-20 13:27:17.801,29784.3327
2026-08-20 13:27:18.219,29862.1468
2026-08-20 13:27:18.638,30063.706
2026-08-20 13:27:19.064,30337.6391
2026-08-20 13:27:19.490,30600.2389
2026-08-20 13:27:19.904,30364.2546
2026-08-20 13:27:20.317,30082.9454
2026-08-20 13:27:20.734,29879.4459
2026-08-20 13:27:21.146,29834.6513
2026-08-20 13:27:21.569,30003.7591
2026-08-20 13:27:21.981,30266.5769
2026-08-20 13:27:22.408,30588.3373
2026-08-20 13:27:22.832,30926.0783
2026-08-20 13:27:23.244,31294.5127
2026-08-20 13:27:23.664,31669.4239
2026-08-20 13:27:24.076,31925.7694
2026-08-20 13:27:24.489,31594.7085
2026-08-20 13:27:24.959,31220.8834
2026-08-20 13:27:25.402,30795.4822
2026-08-20 13:27:25.824,30467.7343
2026-08-20 13:27:26.235,30170.9106
2026-08-20 13:27:26.647,29954.5109
2026-08-20 13:27:27.088,29860.0007
2026-08-20 13:27:27.504,29988.9157
2026-08-20 13:27:27.918,30222.8553
2026-08-20 13:27:28.332,30523.9282
2026-08-20 13:27:28.794,30565.5162
2026-08-20 13:27:29.211,30220.7675
2026-08-20 13:27:29.624,29983.5398
2026-08-20 13:27:30.050,29856.8832
2026-08-20 13:27:30.463,29958.0689
2026-08-20 13:27:30.885,30178.9146
2026-08-20 13:27:31.316,30481.1402
2026-08-20 13:27:31.732,30601.8836
2026-08-20 13:27:32.145,30296.3579
2026-08-20 13:27:32.560,30037.8373
2026-08-20 13:27:32.973,29871.8156
2026-08-20 13:27:33.419,29837.354
2026-08-20 13:27:33.839,29840.3588
2026-08-20 13:27:34.252,29842.2848
2026-08-20 13:27:34.678,29844.5187
2026-08-20 13:27:35.090,29845.4257
2026-08-20 13:27:35.520,29845.962
2026-08-20 13:27:35.933,29846.4602
2026-08-20 13:27:36.346,29847.6439
2026-08-20 13:27:36.758,29848.5112
2026-08-20 13:27:37.220,29849.4242
2026-08-20 13:27:37.645,29850.4715
2026-08-20 13:27:38.073,29851.5706
2026-08-20 13:27:38.485,29852.554
2026-08-20 13:27:38.900,29853.1977
2026-08-20 13:27:39.313,29854.2759
2026-08-20 13:27:39.730,29855.677
2026-08-20 13:27:40.158,29856.9969
2026-08-20 13:27:40.575,29858.3246
2026-08-20 13:27:40.991,29859.2161
2026-08-20 13:27:41.404,29860.1392
2026-08-20 13:27:41.842,29860.8845
2026-08-20 13:27:42.254,29862.005
2026-08-20 13:27:42.676,29862.2815
2026-08-20 13:27:43.093,29862.796
2026-08-20 13:27:43.506,29863.2971
2026-08-20 13:27:43.945,29864.1802
2026-08-20 13:27:44.364,29865.5179
2026-08-20 13:27:44.776,29866.1635
2026-08-20 13:27:45.190,29866.5333
2026-08-20 13:27:45.653,29867.6581
2026-08-20 13:27:46.079,29869.1666
2026-08-20 13:27:46.493,29870.0495
2026-08-20 13:27:46.905,29870.6383
2026-08-20 13:27:47.322,29871.548
2026-08-20 13:27:47.748,29872.5712
2026-08-20 13:27:48.179,29873.7871
2026-08-20 13:27:48.599,29874.4045
2026-08-20 13:27:49.018,29874.9477
2026-08-20 13:27:49.436,29875.967
2026-08-20 13:27:49.850,29876.4142
2026-08-20 13:27:50.271,29877.2989
2026-08-20 13:27:50.701,29879.014
2026-08-20 13:27:51.113,29880.6468
2026-08-20 13:27:51.526,29881.4928
2026-08-20 13:27:51.938,29882.7956
2026-08-20 13:27:52.379,29883.3144
2026-08-20 13:27:52.796,29883.6676
2026-08-20 13:27:53.209,29884.883
2026-08-20 13:27:53.622,29884.6723
2026-08-20 13:27:54.042,29884.1733
2026-08-20 13:27:54.519,29882.5994
2026-08-20 13:27:54.932,29883.3894
2026-08-20 13:27:55.361,29884.2215
2026-08-20 13:27:55.774,29885.3951
2026-08-20 13:27:56.209,29887.338
2026-08-20 13:27:56.621,29888.1552
2026-08-20 13:27:57.043,29889.5647
2026-08-20 13:27:57.471,29890.0119
2026-08-20 13:27:57.884,29890.0588
2026-08-20 13:27:58.302,29890.6301
2026-08-20 13:27:58.718,29890.7438
2026-08-20 13:27:59.135,29891.025
2026-08-20 13:27:59.555,29891.627
2026-08-20 13:27:59.966,29892.0433
2026-08-20 13:28:00.398,29892.4794
2026-08-20 13:28:00.809,29893.2891
2026-08-20 13:28:01.223,29894.1873
2026-08-20 13:28:01.636,29894.9147
2026-08-20 13:28:02.048,29896.448
2026-08-20 13:28:02.460,29897.577
2026-08-20 13:28:02.872,29898.0113
2026-08-20 13:28:03.285,29899.1613
2026-08-20 13:28:03.798,29901.4216
2026-08-20 13:28:04.214,29902.5074
2026-08-20 13:28:04.627,29903.3533
2026-08-20 13:28:05.039,29904.2406
2026-08-20 13:28:05.466,29905.1425
2026-08-20 13:28:05.932,29905.5841
2026-08-20 13:28:06.353,29972.5266
2026-08-20 13:28:06.766,30172.2074
2026-08-20 13:28:07.178,30440.9705
2026-08-20 13:28:07.591,30720.6731
2026-08-20 13:28:08.003,30540.7829
2026-08-20 13:28:08.448,30251.2114
2026-08-20 13:28:08.861,30016.873
2026-08-20 13:28:09.283,29950.52
2026-08-20 13:28:09.708,30119.7174
2026-08-20 13:28:10.123,30381.9342
2026-08-20 13:28:10.567,30690.2263
2026-08-20 13:28:10.981,31051.5674
2026-08-20 13:28:11.394,31408.8421
2026-08-20 13:28:11.814,31781.8674
2026-08-20 13:28:12.226,32045.916
2026-08-20 13:28:12.638,31720.4173
2026-08-20 13:28:13.065,31334.2699
2026-08-20 13:28:13.510,30968.358
2026-08-20 13:28:13.947,30612.2555
2026-08-20 13:28:14.373,30309.5697
2026-08-20 13:28:14.786,30077.541
2026-08-20 13:28:15.211,29967.7309
2026-08-20 13:28:15.623,30081.4614
2026-08-20 13:28:16.036,30305.4451
2026-08-20 13:28:16.452,30602.5435
2026-08-20 13:28:16.863,30715.8435
2026-08-20 13:28:17.289,30413.3276
2026-08-20 13:28:17.702,30145.076
2026-08-20 13:28:18.114,29976.7158
2026-08-20 13:28:18.528,30014.6666
2026-08-20 13:28:19.027,30259.885
2026-08-20 13:28:19.452,30545.5358
2026-08-20 13:28:19.863,30731.3561
2026-08-20 13:28:20.277,30447.6081
2026-08-20 13:28:20.746,30148.2519
2026-08-20 13:28:21.170,29976.5364
2026-08-20 13:28:21.584,29937.9677
2026-08-20 13:28:22.002,29939.9109
2026-08-20 13:28:22.417,29940.8635
2026-08-20 13:28:22.855,29942.1791
2026-08-20 13:28:23.277,29942.5777
2026-08-20 13:28:23.690,29942.5767
2026-08-20 13:28:24.103,29943.2495
2026-08-20 13:28:24.515,29943.2013
2026-08-20 13:28:24.929,29943.1461
2026-08-20 13:28:25.347,29943.349
2026-08-20 13:28:25.791,29944.5829
2026-08-20 13:28:26.206,29948.1908
2026-08-20 13:28:26.618,30050.9849
2026-08-20 13:28:27.032,30261.0893
2026-08-20 13:28:27.445,30541.8267
2026-08-20 13:28:27.858,30755.0024
2026-08-20 13:28:28.279,30492.7469
2026-08-20 13:28:28.692,30210.7357
2026-08-20 13:28:29.111,30013.1184
2026-08-20 13:28:29.533,29998.7865
2026-08-20 13:28:29.949,30186.5892
2026-08-20 13:28:30.374,30451.8949
2026-08-20 13:28:30.788,30774.7707
2026-08-20 13:28:31.200,31114.2872
2026-08-20 13:28:31.626,31471.4853
2026-08-20 13:28:32.039,31858.8539
2026-08-20 13:28:32.453,32049.4807
2026-08-20 13:28:32.864,31688.3887
2026-08-20 13:28:33.296,31305.5543
2026-08-20 13:28:33.709,30950.3782
2026-08-20 13:28:34.135,30610.8254
2026-08-20 13:28:34.557,30319.0967
2026-08-20 13:28:34.984,30095.166
2026-08-20 13:28:35.396,29997.0458
2026-08-20 13:28:35.809,30117.4937
2026-08-20 13:28:36.234,30344.5747
2026-08-20 13:28:36.786,30711.2867
2026-08-20 13:28:37.204,30597.203
2026-08-20 13:28:37.618,30303.8287
2026-08-20 13:28:38.040,30082.8804
2026-08-20 13:28:38.453,29989.028
2026-08-20 13:28:38.878,30126.9084
2026-08-20 13:28:39.291,30363.1851
2026-08-20 13:28:39.703,30662.708
2026-08-20 13:28:40.116,30700.7503
2026-08-20 13:28:40.542,30391.1788
2026-08-20 13:28:40.954,30134.5259
2026-08-20 13:28:41.382,29981.0461
2026-08-20 13:28:41.795,29961.5914
2026-08-20 13:28:42.259,29962.9999
2026-08-20 13:28:42.675,29963.777
2026-08-20 13:28:43.096,29964.1564
2026-08-20 13:28:43.509,29963.8938
2026-08-20 13:28:43.923,29963.0252
2026-08-20 13:28:44.335,29963.1909
2026-08-20 13:28:44.801,29963.7904
2026-08-20 13:28:45.214,29964.0334
2026-08-20 13:28:45.626,29964.3075
2026-08-20 13:28:46.039,29964.419
2026-08-20 13:28:46.453,29978.4729
2026-08-20 13:28:46.866,30115.3211
2026-08-20 13:28:47.367,30405.0094
2026-08-20 13:28:47.789,30708.0633
2026-08-20 13:28:48.202,30670.4982
2026-08-20 13:28:48.672,30366.0978
2026-08-20 13:28:49.091,30094.9547
2026-08-20 13:28:49.518,29984.8564
2026-08-20 13:28:49.932,30115.0952
2026-08-20 13:28:50.357,30358.6076
2026-08-20 13:28:50.769,30655.1829
2026-08-20 13:28:51.203,30984.6739
2026-08-20 13:28:51.616,31350.5951
2026-08-20 13:28:52.040,31718.398
2026-08-20 13:28:52.453,32069.8379
2026-08-20 13:28:52.891,31831.711
2026-08-20 13:28:53.335,31444.3316
2026-08-20 13:28:53.753,31059.3724
2026-08-20 13:28:54.181,30720.8184
2026-08-20 13:28:54.594,30405.3148
2026-08-20 13:28:55.010,30161.2494
2026-08-20 13:28:55.441,30014.696
2026-08-20 13:28:55.854,30080.7256
2026-08-20 13:28:56.266,30280.2547
2026-08-20 13:28:56.693,30558.5542
2026-08-20 13:28:57.107,30760.8283
2026-08-20 13:28:57.563,30482.5371
2026-08-20 13:28:57.974,30187.7802
2026-08-20 13:28:58.387,30014.0206
2026-08-20 13:28:58.820,30040.6164
2026-08-20 13:28:59.236,30233.5239
2026-08-20 13:28:59.667,30508.025
2026-08-20 13:29:00.080,30769.2212
2026-08-20 13:29:00.492,30536.7655
2026-08-20 13:29:00.905,30253.967
2026-08-20 13:29:01.316,30053.0053
2026-08-20 13:29:01.746,29970.9472
2026-08-20 13:29:02.240,29973.3317
2026-08-20 13:29:02.653,29973.891
2026-08-20 13:29:03.071,29974.1732
2026-08-20 13:29:03.485,29975.2423
2026-08-20 13:29:03.911,29976.4837
2026-08-20 13:29:04.323,29975.6935
2026-08-20 13:29:04.764,29974.6754
2026-08-20 13:29:05.178,29975.1161
2026-08-20 13:29:05.596,29975.9482
2026-08-20 13:29:06.009,29975.4707
2026-08-20 13:29:06.442,29976.6777
2026-08-20 13:29:06.856,30058.5319
2026-08-20 13:29:07.270,30256.3927
2026-08-20 13:29:07.712,30528.8709
2026-08-20 13:29:08.126,30785.5721
2026-08-20 13:29:08.553,30530.5427
2026-08-20 13:29:08.972,30252.7643
2026-08-20 13:29:09.385,30051.3657
2026-08-20 13:29:09.811,30030.0076
2026-08-20 13:29:10.224,30209.4598
2026-08-20 13:29:10.648,30470.4494
2026-08-20 13:29:11.064,30790.2373
2026-08-20 13:29:11.482,31134.4865
2026-08-20 13:29:11.908,31491.2692
2026-08-20 13:29:12.322,31878.4689
2026-08-20 13:29:12.736,32083.9318
2026-08-20 13:29:13.149,31728.7266
2026-08-20 13:29:13.614,31310.2336
2026-08-20 13:29:14.029,30961.2008
2026-08-20 13:29:14.441,30633.134
2026-08-20 13:29:14.867,30341.5868
2026-08-20 13:29:15.279,30118.5099
2026-08-20 13:29:15.694,30025.2247
2026-08-20 13:29:16.106,30144.1596
2026-08-20 13:29:16.544,30369.1943
2026-08-20 13:29:16.972,30684.9683
2026-08-20 13:29:17.387,30715.8456
2026-08-20 13:29:17.802,30406.4524
2026-08-20 13:29:18.214,30160.5042
2026-08-20 13:29:18.678,30015.459
2026-08-20 13:29:19.091,30118.8682
2026-08-20 13:29:19.503,30337.9627
2026-08-20 13:29:19.926,30626.8451
2026-08-20 13:29:20.340,30762.7701
2026-08-20 13:29:20.767,30452.6756
2026-08-20 13:29:21.181,30193.044
2026-08-20 13:29:21.615,30024.6172
2026-08-20 13:29:22.030,29987.7954
2026-08-20 13:29:22.457,29989.2921
2026-08-20 13:29:22.870,29990.9127
2026-08-20 13:29:23.283,29992.7676
2026-08-20 13:29:23.705,29993.5276
2026-08-20 13:29:24.199,29993.5388
2026-08-20 13:29:24.613,29994.0991
2026-08-20 13:29:25.026,29994.2148
2026-08-20 13:29:25.437,29993.6377
2026-08-20 13:29:25.848,29993.2998
2026-08-20 13:29:26.262,29993.975
2026-08-20 13:29:26.678,30000.6869
2026-08-20 13:29:27.097,30116.0015
2026-08-20 13:29:27.522,30337.2712
2026-08-20 13:29:27.937,30633.305
2026-08-20 13:29:28.350,30782.4892
2026-08-20 13:29:28.778,30477.6706
2026-08-20 13:29:29.211,30207.3289
2026-08-20 13:29:29.626,30032.9891
2026-08-20 13:29:30.038,30078.2179
2026-08-20 13:29:30.451,30276.6253
2026-08-20 13:29:30.887,30563.7615
2026-08-20 13:29:31.314,30889.751
2026-08-20 13:29:31.727,31244.703
2026-08-20 13:29:32.141,31606.8108
2026-08-20 13:29:32.568,31986.2679
2026-08-20 13:29:32.983,32026.9293
2026-08-20 13:29:33.413,31639.1906
2026-08-20 13:29:33.825,31258.54
2026-08-20 13:29:34.238,30913.2218
2026-08-20 13:29:34.651,30589.8808
2026-08-20 13:29:35.065,30307.5345
2026-08-20 13:29:35.493,30102.9017
2026-08-20 13:29:35.905,30048.4429
2026-08-20 13:29:36.319,30192.0028
2026-08-20 13:29:36.745,30433.5815
2026-08-20 13:29:37.158,30746.1482
2026-08-20 13:29:37.573,30689.0792
2026-08-20 13:29:37.986,30387.9891
2026-08-20 13:29:38.400,30152.9093
2026-08-20 13:29:38.813,30028.7499
2026-08-20 13:29:39.226,30129.7512
2026-08-20 13:29:39.651,30349.0641
2026-08-20 13:29:40.063,30647.8754
2026-08-20 13:29:40.475,30780.1738
2026-08-20 13:29:40.920,30481.886
2026-08-20 13:29:41.335,30202.5314
2026-08-20 13:29:41.762,30037.528
2026-08-20 13:29:42.174,30004.1339
2026-08-20 13:29:42.590,30006.196
2026-08-20 13:29:43.003,30007.2701
2026-08-20 13:29:43.417,30007.5517
2026-08-20 13:29:43.830,30006.3631
2026-08-20 13:29:44.241,30006.2291
2026-08-20 13:29:44.655,30007.1727
2026-08-20 13:29:45.072,30006.9901
2026-08-20 13:29:45.485,30007.2296
2026-08-20 13:29:45.897,30007.6378
2026-08-20 13:29:46.323,30008.7147
2026-08-20 13:29:46.735,30009.1136
2026-08-20 13:29:47.147,30094.3792
2026-08-20 13:29:47.563,30292.7192
2026-08-20 13:29:47.976,30568.3285
2026-08-20 13:29:48.402,30813.5246
2026-08-20 13:29:48.822,30566.3137
2026-08-20 13:29:49.238,30285.9165
2026-08-20 13:29:49.655,30084.5845
2026-08-20 13:29:50.068,30050.2019
2026-08-20 13:29:50.480,30222.8652
2026-08-20 13:29:50.894,30479.8005
2026-08-20 13:29:51.319,30789.2658
2026-08-20 13:29:51.733,31135.1998
2026-08-20 13:29:52.146,31490.8568
2026-08-20 13:29:52.578,31867.6522
2026-08-20 13:29:53.008,32113.8811
2026-08-20 13:29:53.421,31758.6459
2026-08-20 13:29:53.834,31387.2936
2026-08-20 13:29:54.257,31034.7087
2026-08-20 13:29:54.669,30696.0231
2026-08-20 13:29:55.086,30398.5167
2026-08-20 13:29:55.498,30167.0292
2026-08-20 13:29:55.909,30047.4646
2026-08-20 13:29:56.382,30160.0029
2026-08-20 13:29:56.796,30387.4161
2026-08-20 13:29:57.222,30682.7711
2026-08-20 13:29:57.650,30761.634
2026-08-20 13:29:58.069,30443.4357
2026-08-20 13:29:58.487,30191.1629
2026-08-20 13:29:58.910,30043.1206
2026-08-20 13:29:59.337,30117.8607
2026-08-20 13:29:59.757,30332.9833
2026-08-20 13:30:00.171,30622.9861
2026-08-20 13:30:00.584,30804.0998
2026-08-20 13:30:01.011,30520.6226
2026-08-20 13:30:01.423,30242.7783
2026-08-20 13:30:01.850,30064.0167
2026-08-20 13:30:02.263,30012.9392
2026-08-20 13:30:02.683,30016.4501
2026-08-20 13:30:03.110,30018.0975
2026-08-20 13:30:03.522,30018.7521
2026-08-20 13:30:03.955,30019.4669
2026-08-20 13:30:04.367,30018.8532
2026-08-20 13:30:04.788,30019.012
2026-08-20 13:30:05.201,30019.0917
2026-08-20 13:30:05.627,30018.9895
2026-08-20 13:30:06.073,30019.1796
2026-08-20 13:30:06.485,30019.3236
2026-08-20 13:30:06.911,30020.0162
2026-08-20 13:30:07.327,30115.7608
2026-08-20 13:30:07.743,30322.3594
2026-08-20 13:30:08.157,30600.782
2026-08-20 13:30:08.582,30825.2879
2026-08-20 13:30:08.995,30562.032
2026-08-20 13:30:09.408,30286.3304
2026-08-20 13:30:09.842,30091.3254
2026-08-20 13:30:10.254,30069.6326
2026-08-20 13:30:10.681,30247.94
2026-08-20 13:30:11.093,30516.8155
2026-08-20 13:30:11.506,30829.5484
2026-08-20 13:30:11.938,31176.9947
2026-08-20 13:30:12.367,31539.8499
2026-08-20 13:30:12.798,31932.2254
2026-08-20 13:30:13.210,32099.5594
2026-08-20 13:30:13.647,31716.5871
2026-08-20 13:30:14.061,31340.9936
2026-08-20 13:30:14.491,30986.8523
2026-08-20 13:30:14.925,30652.4443
2026-08-20 13:30:15.339,30351.5255
2026-08-20 13:30:15.753,30145.029
2026-08-20 13:30:16.179,30068.0397
2026-08-20 13:30:16.591,30204.4445
2026-08-20 13:30:17.011,30438.3174
2026-08-20 13:30:17.424,30744.1959
2026-08-20 13:30:17.859,30733.4532
2026-08-20 13:30:18.272,30425.3164
2026-08-20 13:30:18.691,30188.2249
2026-08-20 13:30:19.108,30058.638
2026-08-20 13:30:19.521,30154.8837
2026-08-20 13:30:19.934,30371.4882
2026-08-20 13:30:20.346,30659.0271
2026-08-20 13:30:20.758,30815.1882
2026-08-20 13:30:21.182,30523.1736
2026-08-20 13:30:21.597,30250.2776
2026-08-20 13:30:22.024,30074.7704
2026-08-20 13:30:22.438,30032.9413
2026-08-20 13:30:22.854,30035.7653
2026-08-20 13:30:23.268,30036.9272
2026-08-20 13:30:23.681,30037.8413
2026-08-20 13:30:24.114,30038.0273
2026-08-20 13:30:24.526,30038.6635
2026-08-20 13:30:24.963,30039.3131
2026-08-20 13:30:25.379,30040.0687
2026-08-20 13:30:25.794,30040.72
2026-08-20 13:30:26.220,30041.4213
2026-08-20 13:30:26.631,30042.0581
2026-08-20 13:30:27.045,30043.418
2026-08-20 13:30:27.473,30135.8423
2026-08-20 13:30:27.885,30338.4599
2026-08-20 13:30:28.297,30613.3987
2026-08-20 13:30:28.711,30847.0113
2026-08-20 13:30:29.125,30599.9396
2026-08-20 13:30:29.553,30319.0903
2026-08-20 13:30:29.969,30112.3619
2026-08-20 13:30:30.382,30084.7077
2026-08-20 13:30:30.816,30267.7208
2026-08-20 13:30:31.240,30531.701
2026-08-20 13:30:31.653,30850.6945
2026-08-20 13:30:32.078,31186.4959
2026-08-20 13:30:32.507,31555.2237
2026-08-20 13:30:32.919,31943.5555
2026-08-20 13:30:33.330,32129.7799
2026-08-20 13:30:33.742,31770.7782
2026-08-20 13:30:34.168,31400.3833
2026-08-20 13:30:34.594,31038.7911
2026-08-20 13:30:35.020,30698.7551
2026-08-20 13:30:35.432,30398.4089
2026-08-20 13:30:35.857,30180.6036
2026-08-20 13:30:36.270,30081.3035
2026-08-20 13:30:36.683,30196.6844
2026-08-20 13:30:37.110,30421.0989
2026-08-20 13:30:37.605,30786.1962
2026-08-20 13:30:38.019,30727.0174
2026-08-20 13:30:38.433,30424.7964
2026-08-20 13:30:38.847,30187.9889
2026-08-20 13:30:39.264,30065.154
2026-08-20 13:30:39.681,30167.1041
2026-08-20 13:30:40.146,30423.0987
2026-08-20 13:30:40.572,30719.7038
2026-08-20 13:30:40.984,30799.5795
2026-08-20 13:30:41.407,30492.2963
2026-08-20 13:30:41.818,30233.3567
2026-08-20 13:30:42.264,30075.2157
2026-08-20 13:30:42.676,30045.4966
2026-08-20 13:30:43.113,30046.4376
2026-08-20 13:30:43.540,30046.7923
2026-08-20 13:30:43.952,30045.3961
2026-08-20 13:30:44.365,30044.006
2026-08-20 13:30:44.777,30043.7268
2026-08-20 13:30:45.191,30041.4622
2026-08-20 13:30:45.608,30040.313
2026-08-20 13:30:46.034,30040.2909
2026-08-20 13:30:46.446,30040.4342
2026-08-20 13:30:46.861,30040.0411
2026-08-20 13:30:47.275,30044.3086
2026-08-20 13:30:47.687,30152.5206
2026-08-20 13:30:48.099,30364.0129
2026-08-20 13:30:48.511,30645.1662
2026-08-20 13:30:48.937,30841.2244
2026-08-20 13:30:49.353,30558.7185
2026-08-20 13:30:49.766,30285.5591
2026-08-20 13:30:50.183,30097.5391
2026-08-20 13:30:50.596,30097.6851
2026-08-20 13:30:51.015,30285.5295
2026-08-20 13:30:51.459,30551.9765
2026-08-20 13:30:51.885,30890.1731
2026-08-20 13:30:52.301,31240.8752
2026-08-20 13:30:52.713,31602.6483
2026-08-20 13:30:53.126,31978.9698
2026-08-20 13:30:53.537,32110.6544
2026-08-20 13:30:53.951,31736.0638
2026-08-20 13:30:54.364,31366.5496
2026-08-20 13:30:54.777,31017.9212
2026-08-20 13:30:55.199,30689.7012
2026-08-20 13:30:55.611,30392.7737
2026-08-20 13:30:56.039,30171.9975
2026-08-20 13:30:56.462,30079.7196
2026-08-20 13:30:56.878,30197.0582
2026-08-20 13:30:57.304,30420.9351
2026-08-20 13:30:57.722,30728.3561
2026-08-20 13:30:58.139,30786.5741
2026-08-20 13:30:58.556,30478.0196
2026-08-20 13:30:58.969,30225.4925
2026-08-20 13:30:59.383,30074.8479
2026-08-20 13:30:59.795,30140.5185
2026-08-20 13:31:00.210,30341.5838
2026-08-20 13:31:00.623,30626.1877
2026-08-20 13:31:01.035,30857.325
2026-08-20 13:31:01.448,30608.2248
2026-08-20 13:31:01.910,30299.3379
2026-08-20 13:31:02.324,30110.745
2026-08-20 13:31:02.736,30046.7722
2026-08-20 13:31:03.164,30048.6186
2026-08-20 13:31:03.577,30048.4541
2026-08-20 13:31:03.992,30047.2604
2026-08-20 13:31:04.420,30046.1524
2026-08-20 13:31:04.849,30045.2231
2026-08-20 13:31:05.278,30044.0116
2026-08-20 13:31:05.698,30043.7294
2026-08-20 13:31:06.113,30043.3773
2026-08-20 13:31:06.528,30043.1366
2026-08-20 13:31:06.967,30042.6162
2026-08-20 13:31:07.392,30042.7161
2026-08-20 13:31:07.804,30119.6186
2026-08-20 13:31:08.218,30313.502
2026-08-20 13:31:08.645,30593.1719
2026-08-20 13:31:09.073,30847.0557
2026-08-20 13:31:09.485,30611.7196
2026-08-20 13:31:09.904,30331.274
2026-08-20 13:31:10.316,30125.7835
2026-08-20 13:31:10.735,30082.034
2026-08-20 13:31:11.149,30249.1356
2026-08-20 13:31:11.564,30501.9748
2026-08-20 13:31:11.977,30810.2996
2026-08-20 13:31:12.403,31155.6734
2026-08-20 13:31:12.822,31508.3749
2026-08-20 13:31:13.237,31885.8361
2026-08-20 13:31:13.678,32147.5132
2026-08-20 13:31:14.098,31798.9176
2026-08-20 13:31:14.516,31420.1182
2026-08-20 13:31:14.928,31065.2982
2026-08-20 13:31:15.356,30724.0612
2026-08-20 13:31:15.777,30428.2456
2026-08-20 13:31:16.194,30198.2586
2026-08-20 13:31:16.607,30084.8386
2026-08-20 13:31:17.021,30183.224
2026-08-20 13:31:17.443,30398.1189
2026-08-20 13:31:17.856,30693.3913
2026-08-20 13:31:18.268,30815.8575
2026-08-20 13:31:18.681,30516.7973
2026-08-20 13:31:19.104,30257.8698
2026-08-20 13:31:19.563,30079.4432
2026-08-20 13:31:19.994,30143.8709
2026-08-20 13:31:20.407,30345.6018
2026-08-20 13:31:20.819,30625.013
2026-08-20 13:31:21.231,30843.4041
2026-08-20 13:31:21.644,30585.6911
2026-08-20 13:31:22.056,30310.0783
2026-08-20 13:31:22.469,30118.3184
2026-08-20 13:31:22.890,30049.2534
2026-08-20 13:31:23.303,30051.9087
2026-08-20 13:31:23.715,30052.3057
2026-08-20 13:31:24.144,30052.1837
2026-08-20 13:31:24.557,30051.5383
2026-08-20 13:31:24.983,30052.1896
2026-08-20 13:31:25.397,30052.5693
2026-08-20 13:31:25.810,30052.3795
2026-08-20 13:31:26.222,30052.0515
2026-08-20 13:31:26.635,30051.7578
2026-08-20 13:31:27.061,30052.192
2026-08-20 13:31:27.479,30052.2931
2026-08-20 13:31:27.893,30104.4507
2026-08-20 13:31:28.320,30291.1917
2026-08-20 13:31:28.733,30548.964
2026-08-20 13:31:29.145,30836.3493
2026-08-20 13:31:29.557,30684.1855
2026-08-20 13:31:29.970,30392.1671
2026-08-20 13:31:30.398,30162.4533
2026-08-20 13:31:30.821,30075.2242
2026-08-20 13:31:31.248,30221.2085
2026-08-20 13:31:31.662,30471.4259
2026-08-20 13:31:32.074,30774.0812
2026-08-20 13:31:32.501,31116.571
2026-08-20 13:31:32.915,31468.3891
2026-08-20 13:31:33.328,31838.4265
2026-08-20 13:31:33.769,32156.1182
2026-08-20 13:31:34.182,31866.208
2026-08-20 13:31:34.607,31491.9099
2026-08-20 13:31:35.019,31126.4948
2026-08-20 13:31:35.432,30792.2189
2026-08-20 13:31:35.847,30487.3972
2026-08-20 13:31:36.261,30242.2257
2026-08-20 13:31:36.675,30096.5867
2026-08-20 13:31:37.108,30160.0911
2026-08-20 13:31:37.535,30360.987
2026-08-20 13:31:37.951,30648.8068
2026-08-20 13:31:38.369,30840.9879
2026-08-20 13:31:38.783,30561.3575
2026-08-20 13:31:39.207,30292.986
2026-08-20 13:31:39.619,30108.3292
2026-08-20 13:31:40.047,30116.3077
2026-08-20 13:31:40.460,30297.4296
2026-08-20 13:31:40.886,30563.3304
2026-08-20 13:31:41.306,30843.4612
2026-08-20 13:31:41.719,30641.2989
2026-08-20 13:31:42.132,30355.0521
2026-08-20 13:31:42.545,30145.8957
2026-08-20 13:31:42.971,30053.198
2026-08-20 13:31:43.388,30052.7651
2026-08-20 13:31:43.853,30053.6477
2026-08-20 13:31:44.277,30052.8281
2026-08-20 13:31:44.690,30052.2316
2026-08-20 13:31:45.111,30051.6359
2026-08-20 13:31:45.524,30050.8118
2026-08-20 13:31:45.937,30050.1503
2026-08-20 13:31:46.351,30049.6547
2026-08-20 13:31:46.762,30049.2723
2026-08-20 13:31:47.183,30048.5988
2026-08-20 13:31:47.598,30047.9026
2026-08-20 13:31:48.017,30091.6823
2026-08-20 13:31:48.429,30267.6036
2026-08-20 13:31:48.856,30532.4704
2026-08-20 13:31:49.269,30825.9854
2026-08-20 13:31:49.688,30698.3356
2026-08-20 13:31:50.125,30397.9934
2026-08-20 13:31:50.539,30162.8484
2026-08-20 13:31:50.966,30072.191
2026-08-20 13:31:51.379,30216.271
2026-08-20 13:31:51.799,30455.0536
2026-08-20 13:31:52.266,30801.1774
2026-08-20 13:31:52.678,31134.2791
2026-08-20 13:31:53.095,31487.0745
2026-08-20 13:31:53.507,31862.4336
2026-08-20 13:31:53.922,32153.8298
2026-08-20 13:31:54.343,31858.6246
2026-08-20 13:31:54.755,31475.6308
2026-08-20 13:31:55.198,31121.1443
2026-08-20 13:31:55.612,30762.9894
2026-08-20 13:31:56.038,30459.6737
2026-08-20 13:31:56.451,30215.4984
2026-08-20 13:31:56.877,30083.6617
2026-08-20 13:31:57.344,30188.1191
2026-08-20 13:31:57.764,30407.0181
2026-08-20 13:31:58.177,30703.9007
2026-08-20 13:31:58.605,30793.8923
2026-08-20 13:31:59.017,30487.7534
2026-08-20 13:31:59.441,30236.2878
2026-08-20 13:31:59.854,30078.1757
2026-08-20 13:32:00.271,30138.1479
2026-08-20 13:32:00.697,30344.4481
2026-08-20 13:32:01.121,30623.1144
2026-08-20 13:32:01.534,30836.8411
2026-08-20 13:32:01.947,30568.9666
2026-08-20 13:32:02.387,30294.7799
2026-08-20 13:32:02.799,30096.3623
2026-08-20 13:32:03.213,30039.6988
2026-08-20 13:32:03.631,30042.3953
2026-08-20 13:32:04.046,30042.9624
2026-08-20 13:32:04.462,30043.2393
2026-08-20 13:32:04.875,30043.503
2026-08-20 13:32:05.287,30043.0795
2026-08-20 13:32:05.700,30042.8956
2026-08-20 13:32:06.123,30042.9558
2026-08-20 13:32:06.539,30042.4754
2026-08-20 13:32:06.965,30041.3787
2026-08-20 13:32:07.377,30040.1998
2026-08-20 13:32:07.802,30039.9652
2026-08-20 13:32:08.214,30101.58
2026-08-20 13:32:08.626,30286.6522
2026-08-20 13:32:09.039,30548.0625
2026-08-20 13:32:09.452,30828.7965
2026-08-20 13:32:09.866,30658.4337
2026-08-20 13:32:10.280,30365.9905
2026-08-20 13:32:10.713,30140.836
2026-08-20 13:32:11.125,30062.1836
2026-08-20 13:32:11.547,30209.0578
2026-08-20 13:32:11.961,30456.2756
2026-08-20 13:32:12.374,30756.9665
2026-08-20 13:32:12.786,31085.5753
2026-08-20 13:32:13.200,31434.3865
2026-08-20 13:32:13.613,31801.8761
2026-08-20 13:32:14.025,32125.839
2026-08-20 13:32:14.451,31860.8416
2026-08-20 13:32:14.864,31486.5067
2026-08-20 13:32:15.276,31129.6915
2026-08-20 13:32:15.691,30794.9813
2026-08-20 13:32:16.122,30475.9671
2026-08-20 13:32:16.534,30226.269
2026-08-20 13:32:16.949,30075.9065
2026-08-20 13:32:17.362,30124.7881
2026-08-20 13:32:17.829,30312.5408
2026-08-20 13:32:18.259,30625.934
2026-08-20 13:32:18.672,30802.8667
2026-08-20 13:32:19.084,30517.0555
2026-08-20 13:32:19.496,30251.8782
2026-08-20 13:32:19.910,30074.6502
2026-08-20 13:32:20.355,30083.5202
2026-08-20 13:32:20.788,30289.8729
2026-08-20 13:32:21.200,30564.3739
2026-08-20 13:32:21.633,30815.1244
2026-08-20 13:32:22.061,30573.0498
2026-08-20 13:32:22.479,30284.0267
2026-08-20 13:32:22.893,30086.0688
2026-08-20 13:32:23.306,30013.6631
2026-08-20 13:32:23.720,30016.3413
2026-08-20 13:32:24.149,30016.7136
2026-08-20 13:32:24.561,30017.3334
2026-08-20 13:32:24.983,30016.8969
2026-08-20 13:32:25.396,30015.0995
2026-08-20 13:32:25.810,30014.117
2026-08-20 13:32:26.276,30012.9229
2026-08-20 13:32:26.704,30011.5669
2026-08-20 13:32:27.140,30010.7791
2026-08-20 13:32:27.553,30010.0653
2026-08-20 13:32:27.993,30009.5539
2026-08-20 13:32:28.405,30088.4145
2026-08-20 13:32:28.818,30281.3792
2026-08-20 13:32:29.232,30548.775
2026-08-20 13:32:29.645,30802.5077
2026-08-20 13:32:30.058,30583.7061
2026-08-20 13:32:30.469,30299.5718
2026-08-20 13:32:30.882,30091.5892
2026-08-20 13:32:31.352,30032.6221
2026-08-20 13:32:31.810,30237.6915
2026-08-20 13:32:32.222,30506.7168
2026-08-20 13:32:32.635,30816.2884
2026-08-20 13:32:33.104,31150.926
2026-08-20 13:32:33.537,31559.0201
2026-08-20 13:32:33.948,31945.6984
2026-08-20 13:32:34.371,32032.6643
2026-08-20 13:32:34.785,31643.0171
2026-08-20 13:32:35.202,31275.953
2026-08-20 13:32:35.616,30925.7477
2026-08-20 13:32:36.030,30601.6351
2026-08-20 13:32:36.458,30316.9063
2026-08-20 13:32:36.872,30103.6329
2026-08-20 13:32:37.286,30031.4371
2026-08-20 13:32:37.699,30163.0914
2026-08-20 13:32:38.112,30393.9021
2026-08-20 13:32:38.524,30689.7639
2026-08-20 13:32:38.998,30717.5176
2026-08-20 13:32:39.415,30366.093
2026-08-20 13:32:39.840,30133.9445
2026-08-20 13:32:40.253,30011.1109
2026-08-20 13:32:40.671,30112.6947
2026-08-20 13:32:41.089,30333.067
2026-08-20 13:32:41.503,30624.4434
2026-08-20 13:32:41.918,30747.5277
2026-08-20 13:32:42.353,30447.1741
2026-08-20 13:32:42.776,30177.1593
2026-08-20 13:32:43.191,30012.9747
2026-08-20 13:32:43.606,29982.8747
2026-08-20 13:32:44.018,29984.1993
2026-08-20 13:32:44.431,29982.4954
2026-08-20 13:32:44.849,29981.7068
2026-08-20 13:32:45.269,29980.0749
2026-08-20 13:32:45.687,29978.0805
2026-08-20 13:32:46.101,29975.7524
2026-08-20 13:32:46.515,29974.4861
2026-08-20 13:32:46.931,29972.6724
2026-08-20 13:32:47.358,29972.0418
2026-08-20 13:32:47.770,29970.2932
2026-08-20 13:32:48.183,29970.2548
2026-08-20 13:32:48.609,30058.803
2026-08-20 13:32:49.031,30265.1388
2026-08-20 13:32:49.447,30551.049
2026-08-20 13:32:49.858,30769.8913
2026-08-20 13:32:50.280,30512.5785
2026-08-20 13:32:50.692,30233.849
2026-08-20 13:32:51.106,30041.8118
2026-08-20 13:32:51.518,30019.8591
2026-08-20 13:32:51.930,30193.3225
2026-08-20 13:32:52.344,30448.6261
2026-08-20 13:32:52.767,30756.2697
2026-08-20 13:32:53.181,31097.3749
2026-08-20 13:32:53.593,31450.348
2026-08-20 13:32:54.005,31818.1778
2026-08-20 13:32:54.418,32053.5389
2026-08-20 13:32:54.830,31720.7446
2026-08-20 13:32:55.244,31350.7924
2026-08-20 13:32:55.672,30987.6861
2026-08-20 13:32:56.099,30658.9549
2026-08-20 13:32:56.513,30353.1117
2026-08-20 13:32:56.928,30126.4879
2026-08-20 13:32:57.340,30008.409
2026-08-20 13:32:57.754,30098.6718
2026-08-20 13:32:58.216,30306.5279
2026-08-20 13:32:58.633,30629.8967
2026-08-20 13:32:59.047,30715.8323
2026-08-20 13:32:59.462,30411.6398
2026-08-20 13:32:59.877,30159.5996
2026-08-20 13:33:00.291,30003.6388
2026-08-20 13:33:00.757,30075.092
2026-08-20 13:33:01.182,30279.2775
2026-08-20 13:33:01.595,30568.2632
2026-08-20 13:33:02.015,30741.8397
2026-08-20 13:33:02.431,30455.6088
2026-08-20 13:33:02.844,30188.8074
2026-08-20 13:33:03.257,30011.6054
2026-08-20 13:33:03.684,29960.8733
2026-08-20 13:33:04.095,29962.7979
2026-08-20 13:33:04.515,29962.1574
2026-08-20 13:33:04.941,29961.5783
2026-08-20 13:33:05.353,29961.5745
2026-08-20 13:33:05.781,29960.6578
2026-08-20 13:33:06.204,29959.2805
2026-08-20 13:33:06.634,29958.2855
2026-08-20 13:33:07.046,29958.0044
2026-08-20 13:33:07.458,29957.0432
2026-08-20 13:33:07.870,29953.0314
2026-08-20 13:33:08.293,29949.6558
2026-08-20 13:33:08.706,30027.731
2026-08-20 13:33:09.119,30219.7625
2026-08-20 13:33:09.533,30490.7685
2026-08-20 13:33:09.969,30745.0485
2026-08-20 13:33:10.382,30507.2489
2026-08-20 13:33:10.800,30227.1803
2026-08-20 13:33:11.214,30029.7263
2026-08-20 13:33:11.628,29981.3454
2026-08-20 13:33:12.053,30138.8578
2026-08-20 13:33:12.473,30392.0202
2026-08-20 13:33:12.900,30696.8373
2026-08-20 13:33:13.323,31035.9559
2026-08-20 13:33:13.736,31392.5324
2026-08-20 13:33:14.160,31758.9544
2026-08-20 13:33:14.585,32022.9913
2026-08-20 13:33:14.996,31691.2683
2026-08-20 13:33:15.440,31323.674
2026-08-20 13:33:15.853,30949.6823
2026-08-20 13:33:16.277,30621.9769
2026-08-20 13:33:16.689,30319.87
2026-08-20 13:33:17.101,30096.7827
2026-08-20 13:33:17.562,29981.9873
2026-08-20 13:33:17.974,30093.5129
2026-08-20 13:33:18.386,30311.1278
2026-08-20 13:33:18.812,30599.0878
2026-08-20 13:33:19.240,30679.3085
2026-08-20 13:33:19.718,30331.6988
2026-08-20 13:33:20.130,30090.2784
2026-08-20 13:33:20.556,29966.6163
2026-08-20 13:33:20.969,30062.6449
2026-08-20 13:33:21.387,30276.1187
2026-08-20 13:33:21.814,30564.4583
2026-08-20 13:33:22.227,30702.5793
2026-08-20 13:33:22.641,30408.0275
2026-08-20 13:33:23.064,30149.9307
2026-08-20 13:33:23.478,29979.1266
2026-08-20 13:33:23.891,29942.1327
2026-08-20 13:33:24.389,29943.4316
2026-08-20 13:33:24.804,29943.1256
2026-08-20 13:33:25.232,29943.5364
2026-08-20 13:33:25.659,29942.9905
2026-08-20 13:33:26.072,29942.1645
2026-08-20 13:33:26.508,29941.8368
2026-08-20 13:33:26.923,29941.1416
2026-08-20 13:33:27.337,29940.0921
2026-08-20 13:33:27.749,29939.6518
2026-08-20 13:33:28.167,29939.2305
2026-08-20 13:33:28.580,29945.3978
2026-08-20 13:33:29.047,30082.27
2026-08-20 13:33:29.459,30308.5348
2026-08-20 13:33:29.877,30596.1986
2026-08-20 13:33:30.290,30690.963
2026-08-20 13:33:30.702,30389.0366
2026-08-20 13:33:31.163,30110.3294
2026-08-20 13:33:31.583,29958.8606
2026-08-20 13:33:31.997,30026.2838
2026-08-20 13:33:32.409,30228.342
2026-08-20 13:33:32.835,30513.7015
2026-08-20 13:33:33.246,30826.8142
2026-08-20 13:33:33.693,31191.3046
2026-08-20 13:33:34.113,31549.1869
2026-08-20 13:33:34.525,31929.1185
2026-08-20 13:33:34.945,31887.0531
2026-08-20 13:33:35.356,31501.5824
2026-08-20 13:33:35.769,31143.3636
2026-08-20 13:33:36.181,30803.5642
2026-08-20 13:33:36.593,30487.9694
2026-08-20 13:33:37.007,30214.657
2026-08-20 13:33:37.420,30024.9399
2026-08-20 13:33:37.833,29977.6704
2026-08-20 13:33:38.246,30123.0608
2026-08-20 13:33:38.661,30363.576
2026-08-20 13:33:39.075,30664.2945
2026-08-20 13:33:39.576,30536.5854
2026-08-20 13:33:39.989,30250.9875
2026-08-20 13:33:40.403,30039.8753
2026-08-20 13:33:40.829,29960.3377
2026-08-20 13:33:41.289,30121.8098
2026-08-20 13:33:41.702,30365.0613
2026-08-20 13:33:42.114,30664.4551
2026-08-20 13:33:42.527,30604.5662
2026-08-20 13:33:42.940,30307.5308
2026-08-20 13:33:43.353,30075.4341
2026-08-20 13:33:43.818,29938.682
2026-08-20 13:33:44.236,29932.747
2026-08-20 13:33:44.702,29933.1212
2026-08-20 13:33:45.154,29933.4734
2026-08-20 13:33:45.630,29933.3215
2026-08-20 13:33:46.044,29933.3104
2026-08-20 13:33:46.458,29933.783
2026-08-20 13:33:46.872,29933.4815
2026-08-20 13:33:47.286,29933.5612
2026-08-20 13:33:47.699,29933.6143
2026-08-20 13:33:48.133,29933.43
2026-08-20 13:33:48.545,29932.9299
2026-08-20 13:33:48.958,29980.7814
2026-08-20 13:33:49.371,30154.7144
2026-08-20 13:33:49.786,30407.2673
2026-08-20 13:33:50.202,30699.8663
2026-08-20 13:33:50.627,30572.335
2026-08-20 13:33:51.058,30273.435
2026-08-20 13:33:51.489,30037.3889
2026-08-20 13:33:51.917,29950.8937
2026-08-20 13:33:52.332,30091.2301
2026-08-20 13:33:52.745,30326.2694
2026-08-20 13:33:53.162,30622.2358
2026-08-20 13:33:53.589,30961.8655
2026-08-20 13:33:54.011,31309.2178
2026-08-20 13:33:54.425,31681.1642
2026-08-20 13:33:54.839,32005.188
2026-08-20 13:33:55.266,31756.7958
2026-08-20 13:33:55.683,31371.9546
2026-08-20 13:33:56.097,31014.9567
2026-08-20 13:33:56.511,30682.4526
2026-08-20 13:33:56.923,30377.8601
2026-08-20 13:33:57.334,30133.2062
2026-08-20 13:33:57.757,29981.1022
2026-08-20 13:33:58.184,30024.1855
2026-08-20 13:33:58.675,30259.2148
2026-08-20 13:33:59.089,30545.1007
2026-08-20 13:33:59.506,30701.7248
2026-08-20 13:33:59.918,30412.0146
2026-08-20 13:34:00.332,30152.2929
2026-08-20 13:34:00.759,29976.9889
2026-08-20 13:34:01.170,30004.1288
2026-08-20 13:34:01.592,30187.6368
2026-08-20 13:34:02.005,30459.0496
2026-08-20 13:34:02.452,30717.3066
2026-08-20 13:34:02.865,30477.1711
2026-08-20 13:34:03.290,30193.0074
2026-08-20 13:34:03.710,30001.4187
2026-08-20 13:34:04.136,29929.4698
2026-08-20 13:34:04.553,29931.7332
2026-08-20 13:34:04.966,29932.2269
2026-08-20 13:34:05.388,29932.3671
2026-08-20 13:34:05.801,29932.2757
2026-08-20 13:34:06.215,29932.3544
2026-08-20 13:34:06.635,29932.5657
2026-08-20 13:34:07.061,29932.0325
2026-08-20 13:34:07.476,29929.9688
2026-08-20 13:34:07.902,29929.2967
2026-08-20 13:34:08.314,29928.8624
2026-08-20 13:34:08.740,29928.1951
2026-08-20 13:34:09.153,29984.9757
2026-08-20 13:34:09.574,30164.705
2026-08-20 13:34:09.988,30427.3045
2026-08-20 13:34:10.454,30717.1501
2026-08-20 13:34:10.877,30499.5
2026-08-20 13:34:11.289,30212.6868
2026-08-20 13:34:11.717,30010.5473
2026-08-20 13:34:12.136,29963.6121
2026-08-20 13:34:12.548,30132.2899
2026-08-20 13:34:12.982,30395.4788
2026-08-20 13:34:13.407,30701.7209
2026-08-20 13:34:13.820,31044.2586
2026-08-20 13:34:14.245,31407.336
2026-08-20 13:34:14.658,31774.9515
2026-08-20 13:34:15.071,32003.0827
2026-08-20 13:34:15.501,31651.6897
2026-08-20 13:34:15.919,31279.244
2026-08-20 13:34:16.353,30919.5914
2026-08-20 13:34:16.765,30587.9875
2026-08-20 13:34:17.178,30296.7037
2026-08-20 13:34:17.592,30075.6715
2026-08-20 13:34:18.055,29959.8663
2026-08-20 13:34:18.467,30064.7275
2026-08-20 13:34:18.881,30276.4793
2026-08-20 13:34:19.294,30561.874
2026-08-20 13:34:19.762,30687.2526
2026-08-20 13:34:20.193,30350.2657
2026-08-20 13:34:20.607,30099.7993
2026-08-20 13:34:21.020,29957.9811
2026-08-20 13:34:21.434,30028.0792
2026-08-20 13:34:21.859,30229.5393
2026-08-20 13:34:22.272,30515.8943
2026-08-20 13:34:22.690,30705.6552
2026-08-20 13:34:23.108,30429.7621
2026-08-20 13:34:23.521,30159.946
2026-08-20 13:34:23.933,29979.8262
2026-08-20 13:34:24.352,29925.2303
2026-08-20 13:34:24.778,29928.2494
2026-08-20 13:34:25.204,29929.4051
2026-08-20 13:34:25.623,29929.6686
2026-08-20 13:34:26.083,29929.5466
2026-08-20 13:34:26.496,29930.0107
2026-08-20 13:34:26.915,29929.9608
2026-08-20 13:34:27.328,29929.5666
2026-08-20 13:34:27.743,29929.8068
2026-08-20 13:34:28.156,29930.3667
2026-08-20 13:34:28.568,29930.6538
2026-08-20 13:34:29.033,29932.1387
2026-08-20 13:34:29.446,30028.5077
2026-08-20 13:34:29.859,30232.5219
2026-08-20 13:34:30.273,30507.1964
2026-08-20 13:34:30.687,30722.3965
2026-08-20 13:34:31.100,30465.9517
2026-08-20 13:34:31.517,30193.246
2026-08-20 13:34:31.928,29998.4192
2026-08-20 13:34:32.404,29994.1845
2026-08-20 13:34:32.835,30188.5182
2026-08-20 13:34:33.254,30457.6381
2026-08-20 13:34:33.672,30774.8342
2026-08-20 13:34:34.098,31114.6328
2026-08-20 13:34:34.520,31481.9994
2026-08-20 13:34:34.932,31862.1286
2026-08-20 13:34:35.346,31968.7997
2026-08-20 13:34:35.758,31592.4498
2026-08-20 13:34:36.170,31229.1628
2026-08-20 13:34:36.584,30884.9147
2026-08-20 13:34:37.011,30560.8732
2026-08-20 13:34:37.437,30265.9948
2026-08-20 13:34:37.856,30050.9205
2026-08-20 13:34:38.271,29972.127
2026-08-20 13:34:38.711,30100.4375
2026-08-20 13:34:39.126,30347.091
2026-08-20 13:34:39.547,30645.418
2026-08-20 13:34:39.962,30642.987
2026-08-20 13:34:40.374,30338.9633
2026-08-20 13:34:40.872,30100.2429
2026-08-20 13:34:41.301,29960.3953
2026-08-20 13:34:41.716,30082.2546
2026-08-20 13:34:42.132,30309.8999
2026-08-20 13:34:42.545,30604.9814
2026-08-20 13:34:42.984,30661.6706
2026-08-20 13:34:43.409,30348.5824
2026-08-20 13:34:43.823,30097.9272
2026-08-20 13:34:44.235,29953.3469
2026-08-20 13:34:44.662,29932.8789
2026-08-20 13:34:45.107,29933.203
2026-08-20 13:34:45.519,29932.8474
2026-08-20 13:34:45.946,29932.2121
2026-08-20 13:34:46.373,29932.2374
2026-08-20 13:34:46.785,29931.8813
2026-08-20 13:34:47.225,29930.9907
2026-08-20 13:34:47.637,29930.3412
2026-08-20 13:34:48.050,29929.8089
2026-08-20 13:34:48.463,29929.6242
2026-08-20 13:34:48.889,29928.9222
2026-08-20 13:34:49.303,29939.6664
2026-08-20 13:34:49.734,30069.7449
2026-08-20 13:34:50.166,30300.2099
2026-08-20 13:34:50.581,30602.9027
2026-08-20 13:34:51.008,30669.2081
2026-08-20 13:34:51.420,30356.4198
2026-08-20 13:34:51.834,30108.1534
2026-08-20 13:34:52.306,29953.6037
2026-08-20 13:34:52.753,30056.6005
2026-08-20 13:34:53.168,30279.8517
2026-08-20 13:34:53.581,30570.672
2026-08-20 13:34:54.091,30962.8324
2026-08-20 13:34:54.507,31318.8993
2026-08-20 13:34:54.921,31685.3891
2026-08-20 13:34:55.334,32003.2459
2026-08-20 13:34:55.755,31744.7464
2026-08-20 13:34:56.170,31364.7823
2026-08-20 13:34:56.582,31009.3469
2026-08-20 13:34:57.010,30665.8423
2026-08-20 13:34:57.427,30358.5787
2026-08-20 13:34:57.840,30115.5537
2026-08-20 13:34:58.259,29967.4595
2026-08-20 13:34:58.677,30016.6458
2026-08-20 13:34:59.090,30207.0609
2026-08-20 13:34:59.502,30477.2715
2026-08-20 13:34:59.916,30704.9779
2026-08-20 13:35:00.329,30459.3915
2026-08-20 13:35:00.742,30185.5178
2026-08-20 13:35:01.208,29979.7645
2026-08-20 13:35:01.621,29977.3089
2026-08-20 13:35:02.033,30150.8747
2026-08-20 13:35:02.450,30408.609
2026-08-20 13:35:02.862,30692.4806
2026-08-20 13:35:03.275,30525.3649
2026-08-20 13:35:03.757,30201.5659
2026-08-20 13:35:04.184,29997.1377
2026-08-20 13:35:04.603,29916.7948
2026-08-20 13:35:05.030,29918.6449
2026-08-20 13:35:05.446,29918.8402
2026-08-20 13:35:05.873,29918.9674
2026-08-20 13:35:06.284,29918.1861
2026-08-20 13:35:06.711,29917.3615
2026-08-20 13:35:07.137,29917.0749
2026-08-20 13:35:07.551,29916.6062
2026-08-20 13:35:07.967,29915.9578
2026-08-20 13:35:08.385,29915.7893
2026-08-20 13:35:08.810,29915.2572
2026-08-20 13:35:09.224,29914.5026
2026-08-20 13:35:09.652,29967.7612
2026-08-20 13:35:10.067,30153.4693
2026-08-20 13:35:10.501,30412.1285
2026-08-20 13:35:10.913,30697.9866
2026-08-20 13:35:11.337,30513.3146
2026-08-20 13:35:11.754,30221.0752
2026-08-20 13:35:12.181,30008.5489
2026-08-20 13:35:12.637,29944.9755
2026-08-20 13:35:13.050,30106.7773
2026-08-20 13:35:13.469,30354.1709
2026-08-20 13:35:13.881,30660.9339
2026-08-20 13:35:14.293,30989.4037
2026-08-20 13:35:14.705,31338.3467
2026-08-20 13:35:15.131,31717.0165
2026-08-20 13:35:15.564,31993.1407
2026-08-20 13:35:15.981,31671.0173
2026-08-20 13:35:16.395,31297.8952
2026-08-20 13:35:16.809,30947.5763
2026-08-20 13:35:17.222,30615.5263
2026-08-20 13:35:17.655,30308.016
2026-08-20 13:35:18.069,30073.3976
2026-08-20 13:35:18.506,29947.5464
2026-08-20 13:35:18.917,30036.7926
2026-08-20 13:35:19.343,30253.1889
2026-08-20 13:35:19.756,30537.4838
2026-08-20 13:35:20.182,30674.7932
2026-08-20 13:35:20.657,30339.0944
2026-08-20 13:35:21.074,30085.5735
2026-08-20 13:35:21.499,29940.349
2026-08-20 13:35:21.917,30014.6664
2026-08-20 13:35:22.330,30221.1384
2026-08-20 13:35:22.745,30500.5599
2026-08-20 13:35:23.158,30688.312
2026-08-20 13:35:23.582,30413.5726
2026-08-20 13:35:24.007,30140.4071
2026-08-20 13:35:24.430,29957.4461
2026-08-20 13:35:24.843,29907.8087
2026-08-20 13:35:25.270,29909.6436
2026-08-20 13:35:25.684,29909.7213
2026-08-20 13:35:26.097,29909.7416
2026-08-20 13:35:26.520,29908.9644
2026-08-20 13:35:26.931,29908.2607
2026-08-20 13:35:27.378,29906.895
2026-08-20 13:35:27.791,29905.848
2026-08-20 13:35:28.203,29905.4223
2026-08-20 13:35:28.616,29905.27
2026-08-20 13:35:29.035,29904.7611
2026-08-20 13:35:29.449,29904.0944
2026-08-20 13:35:29.880,29986.8727
2026-08-20 13:35:30.305,30188.8681
2026-08-20 13:35:30.724,30458.8112
2026-08-20 13:35:31.151,30701.1464
2026-08-20 13:35:31.564,30455.7501
2026-08-20 13:35:31.977,30178.9653
2026-08-20 13:35:32.390,29979.4199
2026-08-20 13:35:32.852,29937.7566
2026-08-20 13:35:33.280,30130.5407
2026-08-20 13:35:33.691,30396.1937
2026-08-20 13:35:34.105,30703.543
2026-08-20 13:35:34.521,31037.0585
2026-08-20 13:35:34.938,31392.9763
2026-08-20 13:35:35.383,31765.2846
2026-08-20 13:35:35.810,31954.9159
2026-08-20 13:35:36.223,31578.681
2026-08-20 13:35:36.635,31212.7023
2026-08-20 13:35:37.051,30866.1909
2026-08-20 13:35:37.517,30503.8356
2026-08-20 13:35:37.966,30195.9711
2026-08-20 13:35:38.380,29999.2892
2026-08-20 13:35:38.795,29940.2639
2026-08-20 13:35:39.262,30105.632
2026-08-20 13:35:39.686,30352.1605
2026-08-20 13:35:40.101,30655.2552
2026-08-20 13:35:40.513,30542.1441
2026-08-20 13:35:40.927,30249.021
2026-08-20 13:35:41.340,30024.5521
2026-08-20 13:35:41.787,29919.0391
2026-08-20 13:35:42.214,30045.3552
2026-08-20 13:35:42.631,30283.5163
2026-08-20 13:35:43.053,30581.6328
2026-08-20 13:35:43.466,30608.7373
2026-08-20 13:35:43.912,30304.2907
2026-08-20 13:35:44.326,30045.1573
2026-08-20 13:35:44.756,29906.0503
2026-08-20 13:35:45.170,29893.1295
2026-08-20 13:35:45.584,29894.7391
2026-08-20 13:35:46.065,29895.2511
2026-08-20 13:35:46.483,29895.3535
2026-08-20 13:35:46.898,29894.5629
2026-08-20 13:35:47.311,29894.1296
2026-08-20 13:35:47.725,29893.4278
2026-08-20 13:35:48.169,29892.2581
2026-08-20 13:35:48.582,29892.1854
2026-08-20 13:35:48.994,29892.3449
2026-08-20 13:35:49.409,29892.3528
2026-08-20 13:35:49.821,29910.6989
2026-08-20 13:35:50.239,30050.1135
2026-08-20 13:35:50.652,30284.2432
2026-08-20 13:35:51.066,30576.1231
2026-08-20 13:35:51.479,30622.1015
2026-08-20 13:35:51.899,30317.172
2026-08-20 13:35:52.311,30064.9879
2026-08-20 13:35:52.723,29914.1699
2026-08-20 13:35:53.141,29986.0573
2026-08-20 13:35:53.556,30194.9235
2026-08-20 13:35:53.969,30474.9772
2026-08-20 13:35:54.396,30804.939
2026-08-20 13:35:54.824,31144.3888
2026-08-20 13:35:55.255,31532.6035
2026-08-20 13:35:55.669,31907.3669
2026-08-20 13:35:56.096,31818.3091
2026-08-20 13:35:56.510,31440.8034
2026-08-20 13:35:56.924,31081.3923
2026-08-20 13:35:57.386,30740.9033
2026-08-20 13:35:57.803,30385.651
2026-08-20 13:35:58.230,30125.9484
2026-08-20 13:35:58.642,29950.4704
2026-08-20 13:35:59.077,29958.1096
2026-08-20 13:35:59.492,30134.9051
2026-08-20 13:35:59.909,30396.4613
2026-08-20 13:36:00.323,30667.7912
2026-08-20 13:36:00.736,30472.0573
2026-08-20 13:36:01.151,30188.3072
2026-08-20 13:36:01.563,29982.3691
2026-08-20 13:36:01.978,29913.1596
2026-08-20 13:36:02.406,30058.3356
2026-08-20 13:36:02.849,30295.7201
2026-08-20 13:36:03.260,30616.2047
2026-08-20 13:36:03.685,30560.4242
2026-08-20 13:36:04.099,30254.0141
2026-08-20 13:36:04.525,30016.3429
2026-08-20 13:36:04.967,29893.1077
2026-08-20 13:36:05.396,29884.4905
2026-08-20 13:36:05.809,29885.8701
2026-08-20 13:36:06.234,29885.9131
2026-08-20 13:36:06.648,29886.0522
2026-08-20 13:36:07.060,29885.1762
2026-08-20 13:36:07.479,29883.6574
2026-08-20 13:36:07.919,29882.7609
2026-08-20 13:36:08.340,29881.4371
2026-08-20 13:36:08.755,29880.6854
2026-08-20 13:36:09.181,29880.0278
2026-08-20 13:36:09.593,29879.4553
2026-08-20 13:36:10.021,29902.3691
2026-08-20 13:36:10.432,30056.5451
2026-08-20 13:36:10.866,30294.3235
2026-08-20 13:36:11.281,30607.0471
2026-08-20 13:36:11.694,30578.0483
2026-08-20 13:36:12.114,30275.8953
2026-08-20 13:36:12.530,30032.0498
2026-08-20 13:36:12.944,29898.075
2026-08-20 13:36:13.373,29996.9811
2026-08-20 13:36:13.784,30221.2722
2026-08-20 13:36:14.212,30517.6786
2026-08-20 13:36:14.625,30840.3514
2026-08-20 13:36:15.037,31183.0028
2026-08-20 13:36:15.450,31544.0216
2026-08-20 13:36:15.874,31914.9743
2026-08-20 13:36:16.286,31786.6053
2026-08-20 13:36:16.731,31409.997
2026-08-20 13:36:17.158,31013.6625
2026-08-20 13:36:17.581,30676.4407
2026-08-20 13:36:18.008,30359.2219
2026-08-20 13:36:18.425,30096.4834
2026-08-20 13:36:18.850,29931.8056
2026-08-20 13:36:19.274,29955.615
2026-08-20 13:36:19.689,30139.44
2026-08-20 13:36:20.102,30406.1825
2026-08-20 13:36:20.515,30663.5946
2026-08-20 13:36:20.977,30413.9493
2026-08-20 13:36:21.390,30138.5894
2026-08-20 13:36:21.804,29948.0241
2026-08-20 13:36:22.224,29917.6665
2026-08-20 13:36:22.637,30084.3599
2026-08-20 13:36:23.051,30336.0672
2026-08-20 13:36:23.469,30639.5887
2026-08-20 13:36:23.881,30733.8625
2026-08-20 13:36:24.294,30729.4981
2026-08-20 13:36:24.713,30726.6626
2026-08-20 13:36:25.126,30724.7214
2026-08-20 13:36:25.538,30723.7182
2026-08-20 13:36:25.959,30723.6538
2026-08-20 13:36:26.373,30723.0811
2026-08-20 13:36:26.801,30722.9046
2026-08-20 13:36:27.220,30722.842
2026-08-20 13:36:27.633,30722.1285
2026-08-20 13:36:28.061,30720.9771
2026-08-20 13:36:28.493,30720.3197
2026-08-20 13:36:28.905,30719.6264
2026-08-20 13:36:29.330,30719.0168
2026-08-20 13:36:29.742,30718.393
2026-08-20 13:36:30.155,30717.4606
2026-08-20 13:36:30.568,30716.3452
2026-08-20 13:36:30.995,30715.6788
2026-08-20 13:36:31.407,30715.217
2026-08-20 13:36:31.836,30714.8962
2026-08-20 13:36:32.251,30715.0211
2026-08-20 13:36:32.670,30714.6042
2026-08-20 13:36:33.097,30714.2412
2026-08-20 13:36:33.510,30713.9264
2026-08-20 13:36:33.922,30713.467
2026-08-20 13:36:34.340,30713.4017
2026-08-20 13:36:34.752,30713.865
2026-08-20 13:36:35.192,30713.9797
2026-08-20 13:36:35.627,30713.6411
2026-08-20 13:36:36.041,30713.6075
2026-08-20 13:36:36.454,30712.8267
2026-08-20 13:36:36.866,30712.0983
2026-08-20 13:36:37.326,30711.8114
2026-08-20 13:36:37.746,30711.0624
2026-08-20 13:36:38.165,30698.9982
2026-08-20 13:36:38.579,30681.6781
2026-08-20 13:36:38.993,30665.7773
2026-08-20 13:36:39.436,30649.939
2026-08-20 13:36:39.856,30633.1407
2026-08-20 13:36:40.268,30616.9293
2026-08-20 13:36:40.682,30600.6634
2026-08-20 13:36:41.095,30584.694
2026-08-20 13:36:41.590,30566.484
2026-08-20 13:36:42.004,30548.2836
2026-08-20 13:36:42.478,30530.8916
2026-08-20 13:36:42.897,30514.3301
2026-08-20 13:36:43.324,30498.1122
2026-08-20 13:36:43.740,30481.8408
2026-08-20 13:36:44.153,30465.0908
2026-08-20 13:36:44.572,30448.6189
2026-08-20 13:36:44.985,30432.6816
2026-08-20 13:36:45.413,30416.1774
2026-08-20 13:36:45.826,30401.1524
2026-08-20 13:36:46.240,30385.6404
2026-08-20 13:36:46.653,30370.291
2026-08-20 13:36:47.115,30353.4962
2026-08-20 13:36:47.542,30337.7086
2026-08-20 13:36:47.967,30321.9654
2026-08-20 13:36:48.392,30305.5954
2026-08-20 13:36:48.805,30290.2125
2026-08-20 13:36:49.218,30275.0603
2026-08-20 13:36:49.630,30261.0379
2026-08-20 13:36:50.062,30247.7199
2026-08-20 13:36:50.473,30233.1131
2026-08-20 13:36:50.896,30218.9097
2026-08-20 13:36:51.318,30204.4459
2026-08-20 13:36:51.732,30189.9551
2026-08-20 13:36:52.201,30176.483
2026-08-20 13:36:52.647,30161.764
2026-08-20 13:36:53.059,30148.2854
2026-08-20 13:36:53.486,30135.2554
2026-08-20 13:36:53.984,30118.63
2026-08-20 13:36:54.402,30105.7394
2026-08-20 13:36:54.821,30093.2584
2026-08-20 13:36:55.281,30080.6935
2026-08-20 13:36:55.714,30066.94
2026-08-20 13:36:56.127,30054.074
2026-08-20 13:36:56.540,30042.1914
2026-08-20 13:36:56.953,30030.5366
2026-08-20 13:36:57.373,30018.7538
2026-08-20 13:36:57.786,30007.0622
2026-08-20 13:36:58.254,29996.2772
2026-08-20 13:36:58.685,29984.1466
2026-08-20 13:36:59.097,29973.3747
2026-08-20 13:36:59.520,29964.2991
2026-08-20 13:36:59.938,29954.7091
2026-08-20 13:37:00.354,29945.0698
2026-08-20 13:37:00.779,29935.3929
2026-08-20 13:37:01.197,29926.0261
2026-08-20 13:37:01.610,29917.2495
2026-08-20 13:37:02.023,29909.4959
2026-08-20 13:37:02.436,29901.5206
2026-08-20 13:37:02.849,29893.572
2026-08-20 13:37:03.330,29886.0457
2026-08-20 13:37:03.747,29877.5064
2026-08-20 13:37:04.171,29870.7881
2026-08-20 13:37:04.584,29864.4013
2026-08-20 13:37:05.003,29858.2222
2026-08-20 13:37:05.424,29852.1052
2026-08-20 13:37:05.858,29845.8632
2026-08-20 13:37:06.284,29840.2824
2026-08-20 13:37:06.696,29835.0741
2026-08-20 13:37:07.122,29828.8146
2026-08-20 13:37:07.535,29823.0363
2026-08-20 13:37:07.976,29817.6541
2026-08-20 13:37:08.403,29814.7939
2026-08-20 13:37:08.816,29815.1437
2026-08-20 13:37:09.236,29815.7772
2026-08-20 13:37:09.648,29816.1783
2026-08-20 13:37:10.113,29820.5323
2026-08-20 13:37:10.550,29821.3828
2026-08-20 13:37:10.966,29821.2833
2026-08-20 13:37:11.378,29820.4857
2026-08-20 13:37:11.790,29819.6882
2026-08-20 13:37:12.224,29819.3812
2026-08-20 13:37:12.636,29818.8567
2026-08-20 13:37:13.059,29818.762
2026-08-20 13:37:13.471,29819.449
2026-08-20 13:37:13.889,29819.4499
2026-08-20 13:37:14.352,29819.0189
2026-08-20 13:37:14.773,29819.117
2026-08-20 13:37:15.185,29818.8449
2026-08-20 13:37:15.610,29818.6257
2026-08-20 13:37:16.023,29817.766
2026-08-20 13:37:16.501,29817.1204
2026-08-20 13:37:16.915,29817.5651
2026-08-20 13:37:17.325,29817.8394
2026-08-20 13:37:17.749,29817.7477
2026-08-20 13:37:18.164,29816.9975
2026-08-20 13:37:18.585,29816.8528
2026-08-20 13:37:18.997,29816.4972
2026-08-20 13:37:19.414,29815.7866
2026-08-20 13:37:19.840,29815.4155
2026-08-20 13:37:20.253,29815.7102
2026-08-20 13:37:20.670,29815.5331
2026-08-20 13:37:21.083,29815.561
2026-08-20 13:37:21.510,29812.4696
2026-08-20 13:37:21.945,29810.1732
2026-08-20 13:37:22.358,29809.4398
2026-08-20 13:37:22.770,29808.8562
2026-08-20 13:37:23.244,29808.5781
2026-08-20 13:37:23.674,29808.5435
2026-08-20 13:37:24.109,29808.2586
2026-08-20 13:37:24.574,29807.8297
2026-08-20 13:37:25.005,29807.3708
2026-08-20 13:37:25.418,29896.9372
2026-08-20 13:37:25.831,30099.8307
2026-08-20 13:37:26.253,30371.9471
2026-08-20 13:37:26.672,30625.2
2026-08-20 13:37:27.083,30391.5712
2026-08-20 13:37:27.496,30108.8366
2026-08-20 13:37:27.925,29898.7338
2026-08-20 13:37:28.338,29842.5957
2026-08-20 13:37:28.750,30010.9036
2026-08-20 13:37:29.162,30260.8433
2026-08-20 13:37:29.589,30563.4006
2026-08-20 13:37:30.005,30903.8626
2026-08-20 13:37:30.480,31303.2023
2026-08-20 13:37:30.893,31681.5308
2026-08-20 13:37:31.318,31895.1457
2026-08-20 13:37:31.731,31537.5168
2026-08-20 13:37:32.146,31168.6861
2026-08-20 13:37:32.566,30816.9995
2026-08-20 13:37:32.997,30483.3748
2026-08-20 13:37:33.414,30177.4418
2026-08-20 13:37:33.829,29952.4093
2026-08-20 13:37:34.242,29843.3869
2026-08-20 13:37:34.655,29949.1753
2026-08-20 13:37:35.069,30167.8
2026-08-20 13:37:35.485,30457.1996
2026-08-20 13:37:35.960,30539.0992
2026-08-20 13:37:36.372,30227.4478
2026-08-20 13:37:36.799,29976.1531
2026-08-20 13:37:37.218,29835.045
2026-08-20 13:37:37.643,29917.1077
2026-08-20 13:37:38.078,30133.8508
2026-08-20 13:37:38.499,30434.2835
2026-08-20 13:37:38.917,30581.5894
2026-08-20 13:37:39.331,30284.474
2026-08-20 13:37:39.756,30021.5674
2026-08-20 13:37:40.170,29844.4659
2026-08-20 13:37:40.582,29804.6444
2026-08-20 13:37:40.995,29805.6042
2026-08-20 13:37:41.409,29805.3691
2026-08-20 13:37:41.887,29804.6018
2026-08-20 13:37:42.305,29803.9991
2026-08-20 13:37:42.718,29803.5381
2026-08-20 13:37:43.159,29802.9673
2026-08-20 13:37:43.625,29802.3765
2026-08-20 13:37:44.038,29802.1582
2026-08-20 13:37:44.466,29801.4265
2026-08-20 13:37:44.890,29801.1658
2026-08-20 13:37:45.302,29810.7913
2026-08-20 13:37:45.729,29943.0849
2026-08-20 13:37:46.147,30170.5233
2026-08-20 13:37:46.573,30470.7787
2026-08-20 13:37:46.986,30562.3653
2026-08-20 13:37:47.409,30258.9204
2026-08-20 13:37:47.823,29995.1144
2026-08-20 13:37:48.260,29829.2619
2026-08-20 13:37:48.672,29892.6891
2026-08-20 13:37:49.098,30098.5608
2026-08-20 13:37:49.511,30387.2645
2026-08-20 13:37:49.945,30717.8879
2026-08-20 13:37:50.359,31065.5288
2026-08-20 13:37:50.772,31426.1706
2026-08-20 13:37:51.184,31800.8591
2026-08-20 13:37:51.597,31782.1459
2026-08-20 13:37:52.009,31399.7452
2026-08-20 13:37:52.422,31037.216
2026-08-20 13:37:52.889,30651.0747
2026-08-20 13:37:53.313,30333.706
2026-08-20 13:37:53.742,30057.4212
2026-08-20 13:37:54.160,29869.8858
2026-08-20 13:37:54.574,29857.1835
2026-08-20 13:37:54.988,30025.2156
2026-08-20 13:37:55.408,30281.2827
2026-08-20 13:37:55.827,30574.3113
2026-08-20 13:37:56.244,30419.1844
2026-08-20 13:37:56.661,30123.6465
2026-08-20 13:37:57.074,29903.425
2026-08-20 13:37:57.495,29815.4672
2026-08-20 13:37:57.924,29949.7026
2026-08-20 13:37:58.417,30244.5212
2026-08-20 13:37:58.830,30544.5117
2026-08-20 13:37:59.242,30436.8824
2026-08-20 13:37:59.669,30130.4187
2026-08-20 13:38:00.149,29881.6644
2026-08-20 13:38:00.560,29779.2984
2026-08-20 13:38:00.974,29777.7941
2026-08-20 13:38:01.398,29777.7775
2026-08-20 13:38:01.810,29776.9329
2026-08-20 13:38:02.227,29776.8317
2026-08-20 13:38:02.639,29776.1635
2026-08-20 13:38:03.051,29776.0854
2026-08-20 13:38:03.479,29776.5357
2026-08-20 13:38:03.919,29775.5734
2026-08-20 13:38:04.333,29774.7176
2026-08-20 13:38:04.759,29774.4959
2026-08-20 13:38:05.173,29772.8081
2026-08-20 13:38:05.589,29806.6252
2026-08-20 13:38:06.014,29970.6832
2026-08-20 13:38:06.428,30225.4453
2026-08-20 13:38:06.862,30524.4392
2026-08-20 13:38:07.274,30426.902
2026-08-20 13:38:07.701,30122.8083
2026-08-20 13:38:08.124,29896.7173
2026-08-20 13:38:08.537,29791.7975
2026-08-20 13:38:08.950,29922.8248
2026-08-20 13:38:09.380,30166.997
2026-08-20 13:38:09.825,30462.8828
2026-08-20 13:38:10.244,30815.6707
2026-08-20 13:38:10.657,31167.9631
2026-08-20 13:38:11.094,31547.302
2026-08-20 13:38:11.507,31858.9561
2026-08-20 13:38:11.949,31582.2057
2026-08-20 13:38:12.363,31182.5285
2026-08-20 13:38:12.780,30829.5716
2026-08-20 13:38:13.205,30494.8839
2026-08-20 13:38:13.618,30183.6371
2026-08-20 13:38:14.030,29945.0426
2026-08-20 13:38:14.456,29805.5748
2026-08-20 13:38:14.869,29875.7483
2026-08-20 13:38:15.282,30075.2374
2026-08-20 13:38:15.710,30354.3554
2026-08-20 13:38:16.122,30548.0077
2026-08-20 13:38:16.534,30270.6307
2026-08-20 13:38:16.970,29995.28
2026-08-20 13:38:17.431,29813.9658
2026-08-20 13:38:17.861,29844.1789
2026-08-20 13:38:18.277,30043.1769
2026-08-20 13:38:18.689,30318.5379
2026-08-20 13:38:19.106,30555.5156
2026-08-20 13:38:19.520,30313.5942
2026-08-20 13:38:19.952,30025.2721
2026-08-20 13:38:20.364,29827.8274
2026-08-20 13:38:20.791,29755.9691
2026-08-20 13:38:21.203,29758.304
2026-08-20 13:38:21.627,29758.3508
2026-08-20 13:38:22.041,29756.9672
2026-08-20 13:38:22.455,29755.8203
2026-08-20 13:38:22.867,29754.4852
2026-08-20 13:38:23.285,29752.2673
2026-08-20 13:38:23.707,29750.6189
2026-08-20 13:38:24.206,29750.4627
2026-08-20 13:38:24.620,29749.7456
2026-08-20 13:38:25.037,29748.2424
2026-08-20 13:38:25.504,29747.969
2026-08-20 13:38:25.918,29840.0638
2026-08-20 13:38:26.332,30043.359
2026-08-20 13:38:26.744,30318.1238
2026-08-20 13:38:27.164,30541.2691
2026-08-20 13:38:27.576,30286.1596
2026-08-20 13:38:27.989,30011.4463
2026-08-20 13:38:28.408,29815.4703
2026-08-20 13:38:28.848,29790.3968
2026-08-20 13:38:29.262,29979.7341
2026-08-20 13:38:29.685,30241.6646
2026-08-20 13:38:30.096,30559.0814
2026-08-20 13:38:30.524,30905.5544
2026-08-20 13:38:30.937,31259.6656
2026-08-20 13:38:31.351,31630.0066
2026-08-20 13:38:31.784,31814.0568
2026-08-20 13:38:32.197,31438.7297
2026-08-20 13:38:32.609,31069.962
2026-08-20 13:38:33.029,30722.8554
2026-08-20 13:38:33.441,30391.6645
2026-08-20 13:38:33.855,30102.7995
2026-08-20 13:38:34.268,29883.4387
2026-08-20 13:38:34.683,29779.8016
2026-08-20 13:38:35.095,29886.034
2026-08-20 13:38:35.518,30103.5261
2026-08-20 13:38:35.931,30400.4772
2026-08-20 13:38:36.357,30497.2957
2026-08-20 13:38:36.771,30186.0247
2026-08-20 13:38:37.184,29934.5019
2026-08-20 13:38:37.598,29777.915
2026-08-20 13:38:38.009,29829.1815
2026-08-20 13:38:38.422,30022.8927
2026-08-20 13:38:38.882,30295.0549
2026-08-20 13:38:39.300,30523.4823
2026-08-20 13:38:39.725,30249.5789
2026-08-20 13:38:40.138,29972.8688
2026-08-20 13:38:40.554,29791.172
2026-08-20 13:38:40.968,29735.3631
2026-08-20 13:38:41.394,29737.3401
2026-08-20 13:38:41.806,29736.8241
2026-08-20 13:38:42.224,29736.6995
2026-08-20 13:38:42.648,29736.2041
2026-08-20 13:38:43.068,29735.9121
2026-08-20 13:38:43.482,29735.9311
2026-08-20 13:38:43.896,29736.0666
2026-08-20 13:38:44.340,29735.9224
2026-08-20 13:38:44.753,29735.9811
2026-08-20 13:38:45.182,29734.7327
2026-08-20 13:38:45.595,29734.1833
2026-08-20 13:38:46.064,29811.0234
2026-08-20 13:38:46.491,30039.9851
2026-08-20 13:38:46.904,30322.7964
2026-08-20 13:38:47.321,30530.0967
2026-08-20 13:38:47.734,30263.6045
2026-08-20 13:38:48.156,29990.9022
2026-08-20 13:38:48.569,29794.9115
2026-08-20 13:38:48.981,29782.0585
2026-08-20 13:38:49.412,29960.1937
2026-08-20 13:38:49.824,30231.499
2026-08-20 13:38:50.251,30540.8749
2026-08-20 13:38:50.663,30885.8324
2026-08-20 13:38:51.081,31239.75
2026-08-20 13:38:51.506,31615.03
2026-08-20 13:38:52.004,31750.1839
2026-08-20 13:38:52.419,31359.0369
2026-08-20 13:38:52.835,30994.359
2026-08-20 13:38:53.249,30648.0294
2026-08-20 13:38:53.662,30326.9819
2026-08-20 13:38:54.074,30046.4097
2026-08-20 13:38:54.486,29844.7339
2026-08-20 13:38:54.900,29774.8586
2026-08-20 13:38:55.312,29909.2494
2026-08-20 13:38:55.725,30143.0471
2026-08-20 13:38:56.169,30439.6949
2026-08-20 13:38:56.582,30418.5469
2026-08-20 13:38:57.004,30119.486
2026-08-20 13:38:57.418,29881.6014
2026-08-20 13:38:57.830,29760.5796
2026-08-20 13:38:58.246,29861.0493
2026-08-20 13:38:58.708,30078.9567
2026-08-20 13:38:59.126,30408.4248
2026-08-20 13:38:59.553,30476.936
2026-08-20 13:38:59.966,30162.5714
2026-08-20 13:39:00.380,29913.9546
2026-08-20 13:39:00.794,29760.751
2026-08-20 13:39:01.226,29735.6736
2026-08-20 13:39:01.638,29736.5127
2026-08-20 13:39:02.051,29736.9943
2026-08-20 13:39:02.479,29737.4965
2026-08-20 13:39:02.892,29737.1638
2026-08-20 13:39:03.305,29737.32
2026-08-20 13:39:03.719,29736.7381
2026-08-20 13:39:04.185,29736.63
2026-08-20 13:39:04.602,29735.6443
2026-08-20 13:39:05.015,29735.3242
2026-08-20 13:39:05.442,29734.7055
2026-08-20 13:39:05.904,29743.1052
2026-08-20 13:39:06.337,29888.1593
2026-08-20 13:39:06.752,30127.6353
2026-08-20 13:39:07.176,30422.5374
2026-08-20 13:39:07.589,30475.1382
2026-08-20 13:39:08.005,30168.6341
2026-08-20 13:39:08.431,29917.428
2026-08-20 13:39:08.853,29762.7374
2026-08-20 13:39:09.267,29845.1511
2026-08-20 13:39:09.694,30057.1191
2026-08-20 13:39:10.154,30350.2986
2026-08-20 13:39:10.586,30714.6491
2026-08-20 13:39:11.002,31070.8644
2026-08-20 13:39:11.415,31437.3431
2026-08-20 13:39:11.827,31801.4803
2026-08-20 13:39:12.239,31648.3505
2026-08-20 13:39:12.651,31269.7422
2026-08-20 13:39:13.110,30883.4808
2026-08-20 13:39:13.524,30534.4012
2026-08-20 13:39:13.936,30222.2369
2026-08-20 13:39:14.349,29964.0449
2026-08-20 13:39:14.822,29783.0481
2026-08-20 13:39:15.236,29829.8673
2026-08-20 13:39:15.649,30019.6347
2026-08-20 13:39:16.062,30291.7905
2026-08-20 13:39:16.478,30525.3703
2026-08-20 13:39:16.890,30279.7296
2026-08-20 13:39:17.359,30003.2594
2026-08-20 13:39:17.776,29790.2054
2026-08-20 13:39:18.190,29794.2263
2026-08-20 13:39:18.610,29973.2119
2026-08-20 13:39:19.022,30241.7889
2026-08-20 13:39:19.449,30523.4499
2026-08-20 13:39:19.892,30331.0084
2026-08-20 13:39:20.304,30025.1727
2026-08-20 13:39:20.723,29821.2156
2026-08-20 13:39:21.135,29735.0658
2026-08-20 13:39:21.550,29737.2654
2026-08-20 13:39:21.962,29737.9648
2026-08-20 13:39:22.390,29738.4514
2026-08-20 13:39:22.832,29738.6796
2026-08-20 13:39:23.252,29738.0524
2026-08-20 13:39:23.670,29737.7334
2026-08-20 13:39:24.097,29737.6087
2026-08-20 13:39:24.515,29737.5949
2026-08-20 13:39:24.950,29737.8542
2026-08-20 13:39:25.366,29737.4216
2026-08-20 13:39:25.784,29736.4196
2026-08-20 13:39:26.199,29788.8174
2026-08-20 13:39:26.613,29969.3056
2026-08-20 13:39:27.078,30261.9163
2026-08-20 13:39:27.496,30533.6579
2026-08-20 13:39:27.913,30332.6005
2026-08-20 13:39:28.325,30042.8362
2026-08-20 13:39:28.739,29831.6011
2026-08-20 13:39:29.153,29759.067
2026-08-20 13:39:29.578,29909.8483
2026-08-20 13:39:29.991,30157.4882
2026-08-20 13:39:30.410,30458.071
2026-08-20 13:39:30.862,30793.0231
2026-08-20 13:39:31.326,31220.3728
2026-08-20 13:39:31.772,31624.8479
2026-08-20 13:39:32.187,31810.6046
2026-08-20 13:39:32.608,31449.4535
2026-08-20 13:39:33.102,31002.6356
2026-08-20 13:39:33.529,30657.9308
2026-08-20 13:39:33.945,30324.4915
2026-08-20 13:39:34.357,30040.6899
2026-08-20 13:39:34.800,29839.8205
2026-08-20 13:39:35.213,29778.3978
2026-08-20 13:39:35.633,29924.1428
2026-08-20 13:39:36.049,30170.3771
2026-08-20 13:39:36.462,30474.0675
2026-08-20 13:39:36.874,30406.7196
2026-08-20 13:39:37.341,30109.6264
2026-08-20 13:39:37.759,29851.639
2026-08-20 13:39:38.172,29759.1903
2026-08-20 13:39:38.585,29885.7474
2026-08-20 13:39:39.012,30115.2443
2026-08-20 13:39:39.439,30421.3373
2026-08-20 13:39:39.859,30456.4813
2026-08-20 13:39:40.286,30144.9287
2026-08-20 13:39:40.698,29893.1207
2026-08-20 13:39:41.125,29748.2746
2026-08-20 13:39:41.537,29731.7915
2026-08-20 13:39:41.950,29732.3516
2026-08-20 13:39:42.363,29732.2829
2026-08-20 13:39:42.859,29732.4217
2026-08-20 13:39:43.287,29732.5758
2026-08-20 13:39:43.706,29732.5106
2026-08-20 13:39:44.118,29731.898
2026-08-20 13:39:44.546,29731.6142
2026-08-20 13:39:44.964,29731.7686
2026-08-20 13:39:45.385,29731.4181
2026-08-20 13:39:45.798,29730.7739
2026-08-20 13:39:46.225,29751.596
2026-08-20 13:39:46.637,29895.9309
2026-08-20 13:39:47.061,30130.3842
2026-08-20 13:39:47.474,30433.7017
2026-08-20 13:39:47.885,30456.435
2026-08-20 13:39:48.297,30149.92
2026-08-20 13:39:48.710,29901.745
2026-08-20 13:39:49.123,29752.3724
2026-08-20 13:39:49.549,29828.7962
2026-08-20 13:39:49.981,30045.3886
2026-08-20 13:39:50.414,30352.5119
2026-08-20 13:39:50.826,30681.1933
2026-08-20 13:39:51.241,31025.6907
2026-08-20 13:39:51.658,31390.0368
2026-08-20 13:39:52.083,31770.1108
2026-08-20 13:39:52.496,31672.5402
2026-08-20 13:39:52.923,31293.3725
2026-08-20 13:39:53.339,30919.2935
2026-08-20 13:39:53.766,30576.2918
2026-08-20 13:39:54.193,30249.9097
2026-08-20 13:39:54.606,29974.7932
2026-08-20 13:39:55.034,29795.7221
2026-08-20 13:39:55.453,29797.9743
2026-08-20 13:39:55.871,29973.5523
2026-08-20 13:39:56.300,30237.4365
2026-08-20 13:39:56.726,30518.365
2026-08-20 13:39:57.146,30310.1593
2026-08-20 13:39:57.559,30023.3753
2026-08-20 13:39:57.978,29821.4615
2026-08-20 13:39:58.402,29768.0651
2026-08-20 13:39:58.815,29927.8667
2026-08-20 13:39:59.229,30176.5471
2026-08-20 13:39:59.641,30480.1503
2026-08-20 13:40:00.058,30419.7992
2026-08-20 13:40:00.472,30116.0752
2026-08-20 13:40:00.950,29856.3177
2026-08-20 13:40:01.363,29737.5818
2026-08-20 13:40:01.780,29733.0446
2026-08-20 13:40:02.192,29734.3641
2026-08-20 13:40:02.606,29734.8166
2026-08-20 13:40:03.018,29735.0342
2026-08-20 13:40:03.436,29734.6274
2026-08-20 13:40:03.850,29734.1306
2026-08-20 13:40:04.276,29733.9452
2026-08-20 13:40:04.689,29733.8315
2026-08-20 13:40:05.101,29733.8232
2026-08-20 13:40:05.535,29733.1931
2026-08-20 13:40:05.949,29732.6269
2026-08-20 13:40:06.377,29751.6789
2026-08-20 13:40:06.800,29895.1391
2026-08-20 13:40:07.216,30135.9061
2026-08-20 13:40:07.651,30432.9296
2026-08-20 13:40:08.077,30441.7795
2026-08-20 13:40:08.491,30127.7182
2026-08-20 13:40:08.904,29885.415
2026-08-20 13:40:09.331,29747.9777
2026-08-20 13:40:09.762,29854.9069
2026-08-20 13:40:10.175,30080.0325
2026-08-20 13:40:10.587,30369.6971
2026-08-20 13:40:11.005,30694.2523
2026-08-20 13:40:11.417,31043.4115
2026-08-20 13:40:11.890,31453.783
2026-08-20 13:40:12.304,31816.0877
2026-08-20 13:40:12.717,31629.8773
2026-08-20 13:40:13.129,31251.6411
2026-08-20 13:40:13.544,30891.655
2026-08-20 13:40:13.973,30549.5248
2026-08-20 13:40:14.384,30224.454
2026-08-20 13:40:14.811,29956.8617
2026-08-20 13:40:15.228,29789.1522
2026-08-20 13:40:15.641,29800.5696
2026-08-20 13:40:16.084,29983.9634
2026-08-20 13:40:16.503,30259.3555
2026-08-20 13:40:16.923,30516.4134
2026-08-20 13:40:17.339,30287.5893
2026-08-20 13:40:17.752,30005.1702
2026-08-20 13:40:18.188,29807.171
2026-08-20 13:40:18.607,29767.2148
2026-08-20 13:40:19.020,29934.5309
2026-08-20 13:40:19.432,30188.0006
2026-08-20 13:40:19.846,30485.559
2026-08-20 13:40:20.289,30359.2702
2026-08-20 13:40:20.707,30054.5606
2026-08-20 13:40:21.120,29832.2518
2026-08-20 13:40:21.547,29724.0262
2026-08-20 13:40:21.974,29720.0779
2026-08-20 13:40:22.397,29720.4959
2026-08-20 13:40:22.809,29720.0614
2026-08-20 13:40:23.222,29718.9434
2026-08-20 13:40:23.636,29718.1889
2026-08-20 13:40:24.049,29717.855
2026-08-20 13:40:24.509,29717.3023
2026-08-20 13:40:24.923,29717.4364
2026-08-20 13:40:25.343,29717.2654
2026-08-20 13:40:25.756,29715.7971
2026-08-20 13:40:26.185,29715.0786
2026-08-20 13:40:26.606,29749.741
2026-08-20 13:40:27.018,29916.4533
2026-08-20 13:40:27.430,30162.8692
2026-08-20 13:40:27.844,30463.2185
2026-08-20 13:40:28.315,30398.9373
2026-08-20 13:40:28.745,30057.2954
2026-08-20 13:40:29.171,29828.6251
2026-08-20 13:40:29.593,29738.0292
2026-08-20 13:40:30.025,29883.1836
2026-08-20 13:40:30.438,30135.7241
2026-08-20 13:40:30.851,30436.9734
2026-08-20 13:40:31.263,30766.6726
2026-08-20 13:40:31.677,31115.7461
2026-08-20 13:40:32.087,31482.0447
2026-08-20 13:40:32.499,31806.7996
2026-08-20 13:40:32.931,31558.5703
2026-08-20 13:40:33.345,31166.5007
2026-08-20 13:40:33.767,30811.6927
2026-08-20 13:40:34.194,30468.4473
2026-08-20 13:40:34.606,30151.2836
2026-08-20 13:40:35.033,29898.6493
2026-08-20 13:40:35.444,29754.1166
2026-08-20 13:40:35.874,29809.2779
2026-08-20 13:40:36.286,30011.1714
2026-08-20 13:40:36.709,30288.1995
2026-08-20 13:40:37.126,30507.488
2026-08-20 13:40:37.540,30241.9726
2026-08-20 13:40:37.951,29968.0963
2026-08-20 13:40:38.383,29775.1838
2026-08-20 13:40:38.814,29762.8254
2026-08-20 13:40:39.233,29942.3331
2026-08-20 13:40:39.647,30207.1433
2026-08-20 13:40:40.065,30489.7325
2026-08-20 13:40:40.479,30312.8377
2026-08-20 13:40:40.906,30022.9856
2026-08-20 13:40:41.318,29803.8127
2026-08-20 13:40:41.732,29708.1121
2026-08-20 13:40:42.145,29708.3081
2026-08-20 13:40:42.560,29709.3917
2026-08-20 13:40:42.998,29708.713
2026-08-20 13:40:43.418,29707.7135
2026-08-20 13:40:43.837,29706.5677
2026-08-20 13:40:44.252,29706.0786
2026-08-20 13:40:44.665,29705.8333
2026-08-20 13:40:45.103,29705.039
2026-08-20 13:40:45.515,29705.1852
2026-08-20 13:40:45.931,29705.9697
2026-08-20 13:40:46.352,29706.1126
2026-08-20 13:40:46.768,29740.4062
2026-08-20 13:40:47.245,29931.8007
2026-08-20 13:40:47.671,30195.333
2026-08-20 13:40:48.084,30488.1202
2026-08-20 13:40:48.497,30324.7846
2026-08-20 13:40:48.909,30033.9373
2026-08-20 13:40:49.337,29808.7265
2026-08-20 13:40:49.776,29728.8148
2026-08-20 13:40:50.189,29882.6138
2026-08-20 13:40:50.607,30125.73
2026-08-20 13:40:51.020,30430.6993
2026-08-20 13:40:51.450,30766.2015
2026-08-20 13:40:51.866,31127.9367
2026-08-20 13:40:52.278,31498.7689
2026-08-20 13:40:52.690,31799.345
2026-08-20 13:40:53.114,31516.4039
2026-08-20 13:40:53.529,31132.578
2026-08-20 13:40:53.943,30776.3906
2026-08-20 13:40:54.357,30442.6317
2026-08-20 13:40:54.779,30137.1088
2026-08-20 13:40:55.192,29887.95
2026-08-20 13:40:55.626,29744.3087
2026-08-20 13:40:56.045,29808.3649
2026-08-20 13:40:56.459,30009.0621
2026-08-20 13:40:56.886,30297.6839
2026-08-20 13:40:57.308,30483.2371
2026-08-20 13:40:57.721,30199.0557
2026-08-20 13:40:58.133,29932.7495
2026-08-20 13:40:58.544,29753.3934
2026-08-20 13:40:58.956,29754.3267
2026-08-20 13:40:59.368,29930.4938
2026-08-20 13:40:59.797,30190.5008
2026-08-20 13:41:00.288,30492.0538
2026-08-20 13:41:00.701,30246.5881
2026-08-20 13:41:01.114,29968.2405
2026-08-20 13:41:01.527,29770.6421
2026-08-20 13:41:01.994,29693.2448
2026-08-20 13:41:02.406,29695.3692
2026-08-20 13:41:02.818,29695.4089
2026-08-20 13:41:03.243,29695.3181
2026-08-20 13:41:03.656,29694.8919
2026-08-20 13:41:04.081,29694.5504
2026-08-20 13:41:04.504,29693.7939
2026-08-20 13:41:04.918,29693.2109
2026-08-20 13:41:05.330,29692.6382
2026-08-20 13:41:05.756,29692.3949
2026-08-20 13:41:06.191,29692.2052
2026-08-20 13:41:06.604,29692.6405
2026-08-20 13:41:07.025,29752.69
2026-08-20 13:41:07.439,29935.9264
2026-08-20 13:41:07.870,30206.6828
2026-08-20 13:41:08.298,30519.116
2026-08-20 13:41:08.717,30863.7326
2026-08-20 13:41:09.129,31225.1398
2026-08-20 13:41:09.555,31610.4456
2026-08-20 13:41:09.976,31758.0636
2026-08-20 13:41:10.401,31380.0577
2026-08-20 13:41:10.819,31001.7361
2026-08-20 13:41:11.231,30650.0518
2026-08-20 13:41:11.643,30325.3157
2026-08-20 13:41:12.056,30037.5058
2026-08-20 13:41:12.491,29818.3865
2026-08-20 13:41:12.905,29732.5702
2026-08-20 13:41:13.333,29863.073
2026-08-20 13:41:13.745,30093.0207
2026-08-20 13:41:14.171,30389.7308
2026-08-20 13:41:14.598,30409.7811
2026-08-20 13:41:15.024,30094.1957
2026-08-20 13:41:15.437,29848.7985
2026-08-20 13:41:15.857,29718.8336
2026-08-20 13:41:16.284,29812.3661
2026-08-20 13:41:16.699,30035.2336
2026-08-20 13:41:17.126,30324.4221
2026-08-20 13:41:17.539,30456.0423
2026-08-20 13:41:17.957,30155.8379
2026-08-20 13:41:18.371,29894.3156
2026-08-20 13:41:18.802,29728.0401
2026-08-20 13:41:19.229,29691.434
2026-08-20 13:41:19.641,29692.6891
2026-08-20 13:41:20.054,29692.7489
2026-08-20 13:41:20.480,29692.8059
2026-08-20 13:41:20.910,29692.7114
2026-08-20 13:41:21.323,29691.8208
2026-08-20 13:41:21.735,29691.0308
2026-08-20 13:41:22.147,29691.1961
2026-08-20 13:41:22.559,29691.9561
2026-08-20 13:41:23.024,29692.2075
2026-08-20 13:41:23.460,29691.9294
2026-08-20 13:41:23.875,29698.2063
2026-08-20 13:41:24.290,29811.358
2026-08-20 13:41:24.708,30028.5669
2026-08-20 13:41:25.125,30315.601
2026-08-20 13:41:25.549,30480.5987
2026-08-20 13:41:25.962,30183.2312
2026-08-20 13:41:26.375,29918.0123
2026-08-20 13:41:26.835,29738.698
2026-08-20 13:41:27.263,29777.4758
2026-08-20 13:41:27.676,29982.2381
2026-08-20 13:41:28.090,30258.8042
2026-08-20 13:41:28.510,30578.4311
2026-08-20 13:41:28.924,30926.7908
2026-08-20 13:41:29.353,31288.4789
2026-08-20 13:41:29.768,31678.3402
2026-08-20 13:41:30.182,31709.5179
2026-08-20 13:41:30.600,31323.3597
2026-08-20 13:41:31.064,30953.4518
2026-08-20 13:41:31.482,30561.6732
2026-08-20 13:41:31.896,30242.0539
2026-08-20 13:41:32.321,29968.031
2026-08-20 13:41:32.733,29776.1309
2026-08-20 13:41:33.160,29748.4173
2026-08-20 13:41:33.577,29911.0269
2026-08-20 13:41:33.991,30163.5654
2026-08-20 13:41:34.404,30459.397
2026-08-20 13:41:34.817,30333.251
2026-08-20 13:41:35.278,30039.012
2026-08-20 13:41:35.698,29794.4303
2026-08-20 13:41:36.111,29720.4313
2026-08-20 13:41:36.524,29860.7407
2026-08-20 13:41:36.936,30098.6608
2026-08-20 13:41:37.349,30398.1764
2026-08-20 13:41:37.787,30408.2547
2026-08-20 13:41:38.201,30083.1778
2026-08-20 13:41:38.628,29843.7423
2026-08-20 13:41:39.042,29702.8784
2026-08-20 13:41:39.461,29689.6611
2026-08-20 13:41:39.896,29690.6093
2026-08-20 13:41:40.322,29690.6677
2026-08-20 13:41:40.740,29690.4921
2026-08-20 13:41:41.152,29690.0839
2026-08-20 13:41:41.566,29690.1901
2026-08-20 13:41:42.003,29690.2194
2026-08-20 13:41:42.416,29689.4723
2026-08-20 13:41:42.852,29689.4966
2026-08-20 13:41:43.265,29689.2991
2026-08-20 13:41:43.690,29688.4109
2026-08-20 13:41:44.104,29705.1956
2026-08-20 13:41:44.518,29843.947
2026-08-20 13:41:44.953,30085.6268
2026-08-20 13:41:45.364,30386.7702
2026-08-20 13:41:45.795,30425.9281
2026-08-20 13:41:46.208,30107.0301
2026-08-20 13:41:46.622,29860.964
2026-08-20 13:41:47.034,29711.3866
2026-08-20 13:41:47.460,29776.4446
2026-08-20 13:41:47.873,29984.2187
2026-08-20 13:41:48.307,30272.9672
2026-08-20 13:41:48.735,30599.2584
2026-08-20 13:41:49.148,30953.8222
2026-08-20 13:41:49.574,31327.0371
2026-08-20 13:41:49.997,31705.8927
2026-08-20 13:41:50.422,31659.3868
2026-08-20 13:41:50.836,31265.7384
2026-08-20 13:41:51.252,30902.4638
2026-08-20 13:41:51.665,30557.6719
2026-08-20 13:41:52.078,30237.9573
2026-08-20 13:41:52.509,29964.5086
2026-08-20 13:41:52.924,29769.9327
2026-08-20 13:41:53.336,29741.0098
2026-08-20 13:41:53.750,29898.5059
2026-08-20 13:41:54.162,30148.4521
2026-08-20 13:41:54.600,30446.7552
2026-08-20 13:41:55.019,30322.3391
2026-08-20 13:41:55.435,30026.0554
2026-08-20 13:41:55.855,29806.7145
2026-08-20 13:41:56.275,29716.0614
2026-08-20 13:41:56.697,29848.2601
2026-08-20 13:41:57.109,30087.0502
2026-08-20 13:41:57.537,30385.0305
2026-08-20 13:41:57.951,30406.5863
2026-08-20 13:41:58.388,30089.5009
2026-08-20 13:41:58.806,29840.7622
2026-08-20 13:41:59.221,29703.4993
2026-08-20 13:41:59.650,29689.36
2026-08-20 13:42:00.061,29689.9697
2026-08-20 13:42:00.474,29690.3135
2026-08-20 13:42:00.898,29690.329
2026-08-20 13:42:01.321,29690.4088
2026-08-20 13:42:01.747,29690.1618
2026-08-20 13:42:02.163,29689.4997
2026-08-20 13:42:02.577,29689.5586
2026-08-20 13:42:03.001,29689.7768
2026-08-20 13:42:03.427,29690.0717
2026-08-20 13:42:03.841,29690.1152
2026-08-20 13:42:04.253,29701.5915
2026-08-20 13:42:04.665,29830.0456
2026-08-20 13:42:05.126,30085.981
2026-08-20 13:42:05.564,30392.9592
2026-08-20 13:42:05.977,30417.8859
2026-08-20 13:42:06.389,30110.1764
2026-08-20 13:42:06.802,29863.698
2026-08-20 13:42:07.227,29716.2943
2026-08-20 13:42:07.640,29800.5766
2026-08-20 13:42:08.054,30013.3469
2026-08-20 13:42:08.468,30298.9647
2026-08-20 13:42:08.932,30622.7821
2026-08-20 13:42:09.349,31015.4025
2026-08-20 13:42:09.776,31392.7209
2026-08-20 13:42:10.190,31762.7854
2026-08-20 13:42:10.615,31618.1131
2026-08-20 13:42:11.028,31227.0232
2026-08-20 13:42:11.445,30862.4775
2026-08-20 13:42:11.867,30521.8333
2026-08-20 13:42:12.279,30200.5112
2026-08-20 13:42:12.707,29938.1786
2026-08-20 13:42:13.119,29760.2196
2026-08-20 13:42:13.547,29763.4272
2026-08-20 13:42:13.959,29941.9834
2026-08-20 13:42:14.373,30204.1511
2026-08-20 13:42:14.800,30481.2184
2026-08-20 13:42:15.227,30282.7828
2026-08-20 13:42:15.652,29989.7219
2026-08-20 13:42:16.066,29781.8224
2026-08-20 13:42:16.492,29730.3896
2026-08-20 13:42:16.904,29890.818
2026-08-20 13:42:17.316,30138.7682
2026-08-20 13:42:17.760,30442.4236
2026-08-20 13:42:18.172,30341.6903
2026-08-20 13:42:18.584,30045.9336
2026-08-20 13:42:18.996,29820.1065
2026-08-20 13:42:19.460,29700.7578
2026-08-20 13:42:19.883,29693.7237
2026-08-20 13:42:20.298,29694.4816
2026-08-20 13:42:20.711,29694.0682
2026-08-20 13:42:21.123,29693.7429
2026-08-20 13:42:21.535,29693.3913
2026-08-20 13:42:21.975,29692.4513
2026-08-20 13:42:22.402,29691.8809
2026-08-20 13:42:22.815,29691.092
2026-08-20 13:42:23.227,29690.1591
2026-08-20 13:42:23.650,29689.5249
2026-08-20 13:42:24.083,29690.0966
2026-08-20 13:42:24.496,29721.8471
2026-08-20 13:42:24.916,29880.9976
2026-08-20 13:42:25.330,30130.1742
2026-08-20 13:42:25.752,30432.6002
2026-08-20 13:42:26.167,30397.1592
2026-08-20 13:42:26.580,30091.1784
2026-08-20 13:42:27.018,29840.3778
2026-08-20 13:42:27.430,29708.2294
2026-08-20 13:42:27.842,29808.9916
2026-08-20 13:42:28.270,30027.0348
2026-08-20 13:42:28.684,30326.6534
2026-08-20 13:42:29.100,30653.4616
2026-08-20 13:42:29.529,31016.6374
2026-08-20 13:42:29.942,31384.0446
2026-08-20 13:42:30.355,31756.5309
2026-08-20 13:42:30.775,31622.5401
2026-08-20 13:42:31.200,31234.9006
2026-08-20 13:42:31.613,30862.7481
2026-08-20 13:42:32.026,30522.8235
2026-08-20 13:42:32.439,30206.4233
2026-08-20 13:42:32.852,29940.5074
2026-08-20 13:42:33.322,29762.2913
2026-08-20 13:42:33.766,29775.6462
2026-08-20 13:42:34.179,29962.1132
2026-08-20 13:42:34.603,30231.8887
2026-08-20 13:42:35.015,30486.2763
2026-08-20 13:42:35.443,30251.7176
2026-08-20 13:42:35.867,29963.5439
2026-08-20 13:42:36.279,29764.7554
2026-08-20 13:42:36.695,29735.5847
2026-08-20 13:42:37.108,29902.1748
2026-08-20 13:42:37.541,30155.5723
2026-08-20 13:42:37.967,30462.5635
2026-08-20 13:42:38.381,30313.0382
2026-08-20 13:42:38.794,30018.1462
2026-08-20 13:42:39.218,29798.0411
2026-08-20 13:42:39.649,29689.1369
2026-08-20 13:42:40.063,29686.6055
2026-08-20 13:42:40.490,29687.4115
2026-08-20 13:42:40.902,29687.2103
2026-08-20 13:42:41.316,29687.0118
2026-08-20 13:42:41.731,29686.7194
2026-08-20 13:42:42.148,29685.8891
2026-08-20 13:42:42.578,29685.1135
2026-08-20 13:42:42.993,29684.6725
2026-08-20 13:42:43.420,29683.8765
2026-08-20 13:42:43.833,29683.7159
2026-08-20 13:42:44.260,29683.1974
2026-08-20 13:42:44.684,29714.6964
2026-08-20 13:42:45.111,29879.5033
2026-08-20 13:42:45.524,30136.0207
2026-08-20 13:42:45.944,30437.5257
2026-08-20 13:42:46.358,30352.0423
2026-08-20 13:42:46.786,30043.5692
2026-08-20 13:42:47.209,29812.9768
2026-08-20 13:42:47.622,29701.7824
2026-08-20 13:42:48.034,29825.4675
2026-08-20 13:42:48.445,30054.2522
2026-08-20 13:42:48.877,30347.6183
2026-08-20 13:42:49.299,30690.2967
2026-08-20 13:42:49.712,31046.3024
2026-08-20 13:42:50.124,31412.9646
2026-08-20 13:42:50.552,31769.9861
2026-08-20 13:42:50.983,31555.2428
2026-08-20 13:42:51.403,31159.1821
2026-08-20 13:42:51.819,30794.1441
2026-08-20 13:42:52.235,30453.9706
2026-08-20 13:42:52.662,30141.4568
2026-08-20 13:42:53.127,29861.737
2026-08-20 13:42:53.553,29716.211
2026-08-20 13:42:53.967,29786.0473
2026-08-20 13:42:54.378,29985.7364
2026-08-20 13:42:54.795,30264.4406
2026-08-20 13:42:55.208,30463.1593
2026-08-20 13:42:55.622,30189.2051
2026-08-20 13:42:56.047,29917.8236
2026-08-20 13:42:56.460,29729.7394
2026-08-20 13:42:56.885,29723.8506
2026-08-20 13:42:57.308,29902.5447
2026-08-20 13:42:57.722,30171.5801
2026-08-20 13:42:58.134,30454.0566
2026-08-20 13:42:58.553,30281.6948
2026-08-20 13:42:59.018,29985.8734
2026-08-20 13:42:59.446,29749.1852
2026-08-20 13:42:59.861,29664.7391
2026-08-20 13:43:00.274,29663.7332
2026-08-20 13:43:00.686,29664.1001
2026-08-20 13:43:01.099,29664.6056
2026-08-20 13:43:01.516,29665.0931
2026-08-20 13:43:01.934,29665.169
2026-08-20 13:43:02.347,29665.2149
2026-08-20 13:43:02.775,29665.6263
2026-08-20 13:43:03.187,29665.2862
2026-08-20 13:43:03.610,29665.3024
2026-08-20 13:43:04.023,29664.7009
2026-08-20 13:43:04.441,29663.7712
2026-08-20 13:43:04.853,29702.8776
2026-08-20 13:43:05.267,29869.4163
2026-08-20 13:43:05.680,30119.1234
2026-08-20 13:43:06.093,30418.9564
2026-08-20 13:43:06.562,30335.0988
2026-08-20 13:43:07.007,29979.7242
2026-08-20 13:43:07.420,29763.2661
2026-08-20 13:43:07.847,29685.9741
2026-08-20 13:43:08.269,29835.8114
2026-08-20 13:43:08.684,30084.209
2026-08-20 13:43:09.097,30387.1029
2026-08-20 13:43:09.509,30717.1795
2026-08-20 13:43:09.926,31067.4156
2026-08-20 13:43:10.389,31439.0501
2026-08-20 13:43:10.807,31758.9025
2026-08-20 13:43:11.218,31445.5347
2026-08-20 13:43:11.635,31071.9832
2026-08-20 13:43:12.050,30714.3488
2026-08-20 13:43:12.462,30378.6212
2026-08-20 13:43:12.898,30075.1598
2026-08-20 13:43:13.311,29824.465
2026-08-20 13:43:13.722,29691.9692
2026-08-20 13:43:14.145,29763.1004
2026-08-20 13:43:14.558,29967.6566
2026-08-20 13:43:15.000,30247.018
2026-08-20 13:43:15.412,30423.2272
2026-08-20 13:43:15.826,30134.0792
2026-08-20 13:43:16.252,29869.7419
2026-08-20 13:43:16.664,29692.5943
2026-08-20 13:43:17.102,29713.3744
2026-08-20 13:43:17.528,29908.6925
2026-08-20 13:43:17.940,30187.4363
2026-08-20 13:43:18.365,30433.0791
2026-08-20 13:43:18.778,30193.2631
2026-08-20 13:43:19.212,29913.6236
2026-08-20 13:43:19.625,29709.4702
2026-08-20 13:43:20.052,29637.8141
2026-08-20 13:43:20.468,29639.5973
2026-08-20 13:43:20.882,29638.9277
2026-08-20 13:43:21.322,29638.0495
2026-08-20 13:43:21.736,29636.8264
2026-08-20 13:43:22.155,29636.3446
2026-08-20 13:43:22.568,29635.3571
2026-08-20 13:43:23.029,29633.7346
2026-08-20 13:43:23.462,29631.9603
2026-08-20 13:43:23.876,29631.0282
2026-08-20 13:43:24.306,29630.2856
2026-08-20 13:43:24.725,29629.9469
2026-08-20 13:43:25.138,29629.4576
2026-08-20 13:43:25.556,29629.1953
2026-08-20 13:43:25.968,29629.1487
2026-08-20 13:43:26.381,29628.6301
2026-08-20 13:43:26.808,29627.8139
2026-08-20 13:43:27.220,29627.1802
2026-08-20 13:43:27.643,29626.9287
2026-08-20 13:43:28.064,29625.8636
2026-08-20 13:43:28.477,29623.9418
2026-08-20 13:43:28.900,29623.3652
2026-08-20 13:43:29.314,29622.5686
2026-08-20 13:43:29.748,29621.9428
2026-08-20 13:43:30.161,29621.6118
2026-08-20 13:43:30.586,29621.3224
2026-08-20 13:43:31.004,29620.4179
2026-08-20 13:43:31.417,29619.4765
2026-08-20 13:43:31.857,29618.9386
2026-08-20 13:43:32.271,29618.6995
2026-08-20 13:43:32.689,29618.1143
2026-08-20 13:43:33.102,29617.2542
2026-08-20 13:43:33.570,29616.3364
2026-08-20 13:43:34.002,29614.3033
2026-08-20 13:43:34.427,29613.5489
2026-08-20 13:43:34.847,29612.695
2026-08-20 13:43:35.267,29612.4859
2026-08-20 13:43:35.679,29611.948
2026-08-20 13:43:36.103,29611.4593
2026-08-20 13:43:36.523,29610.6521
2026-08-20 13:43:36.935,29609.9888
2026-08-20 13:43:37.349,29609.3335
2026-08-20 13:43:37.762,29608.6766
2026-08-20 13:43:38.178,29608.1853
2026-08-20 13:43:38.598,29607.4343
2026-08-20 13:43:39.013,29606.502
2026-08-20 13:43:39.424,29605.3569
2026-08-20 13:43:39.889,29604.4772
2026-08-20 13:43:40.311,29603.3336
2026-08-20 13:43:40.723,29602.8714
2026-08-20 13:43:41.135,29602.4744
2026-08-20 13:43:41.547,29602.3919
2026-08-20 13:43:41.960,29601.7676
2026-08-20 13:43:42.401,29601.1417
2026-08-20 13:43:42.815,29600.7539
2026-08-20 13:43:43.229,29600.29
2026-08-20 13:43:43.642,29599.8402
2026-08-20 13:43:44.054,29599.1651
2026-08-20 13:43:44.528,29598.3082
2026-08-20 13:43:44.944,29596.4755
2026-08-20 13:43:45.363,29593.7759
2026-08-20 13:43:45.777,29591.4285
2026-08-20 13:43:46.189,29590.3026
2026-08-20 13:43:46.611,29590.0231
2026-08-20 13:43:47.029,29589.1768
2026-08-20 13:43:47.443,29588.1972
2026-08-20 13:43:47.855,29587.6327
2026-08-20 13:43:48.324,29587.0117
2026-08-20 13:43:48.754,29587.2447
2026-08-20 13:43:49.166,29586.4832
2026-08-20 13:43:49.588,29585.5637
2026-08-20 13:43:50.002,29584.2889
2026-08-20 13:43:50.433,29582.5769
2026-08-20 13:43:50.851,29581.4181
2026-08-20 13:43:51.264,29581.3985
2026-08-20 13:43:51.691,29582.2766
2026-08-20 13:43:52.105,29582.4557
2026-08-20 13:43:52.524,29633.7874
2026-08-20 13:43:52.943,29817.7677
2026-08-20 13:43:53.371,30086.0203
2026-08-20 13:43:53.783,30366.8154
2026-08-20 13:43:54.196,30210.9985
2026-08-20 13:43:54.609,29921.4876
2026-08-20 13:43:55.024,29699.5856
2026-08-20 13:43:55.436,29603.8333
2026-08-20 13:43:55.913,29765.8778
2026-08-20 13:43:56.329,30018.7003
2026-08-20 13:43:56.756,30320.5682
2026-08-20 13:43:57.168,30659.6244
2026-08-20 13:43:57.590,31006.6157
2026-08-20 13:43:58.008,31384.6186
2026-08-20 13:43:58.422,31658.3077
2026-08-20 13:43:58.836,31353.3079
2026-08-20 13:43:59.264,30969.6575
2026-08-20 13:43:59.689,30619.1137
2026-08-20 13:44:00.104,30281.3778
2026-08-20 13:44:00.518,29981.6326
2026-08-20 13:44:00.931,29746.9273
2026-08-20 13:44:01.343,29611.0796
2026-08-20 13:44:01.757,29684.9011
2026-08-20 13:44:02.171,29886.1014
2026-08-20 13:44:02.648,30201.2704
2026-08-20 13:44:03.061,30343.8531
2026-08-20 13:44:03.471,30050.349
2026-08-20 13:44:03.931,29766.104
2026-08-20 13:44:04.356,29605.9771
2026-08-20 13:44:04.769,29655.4198
2026-08-20 13:44:05.182,29849.3221
2026-08-20 13:44:05.600,30119.6743
2026-08-20 13:44:06.026,30358.5468
2026-08-20 13:44:06.502,30077.004
2026-08-20 13:44:06.915,29799.9161
2026-08-20 13:44:07.327,29617.9816
2026-08-20 13:44:07.754,29560.2516
2026-08-20 13:44:08.166,29562.1498
2026-08-20 13:44:08.602,29562.191
2026-08-20 13:44:09.014,29561.5925
2026-08-20 13:44:09.441,29561.4061
2026-08-20 13:44:09.854,29560.8492
2026-08-20 13:44:10.267,29559.5802
2026-08-20 13:44:10.691,29558.0614
2026-08-20 13:44:11.107,29557.2139
2026-08-20 13:44:11.523,29556.1311
2026-08-20 13:44:11.936,29555.1915
2026-08-20 13:44:12.349,29554.049
2026-08-20 13:44:12.826,29641.0507
2026-08-20 13:44:13.239,29845.202
2026-08-20 13:44:13.657,30115.2194
2026-08-20 13:44:14.071,30342.292
2026-08-20 13:44:14.484,30095.7266
2026-08-20 13:44:14.914,29821.3507
2026-08-20 13:44:15.340,29614.9398
2026-08-20 13:44:15.752,29600.0865
2026-08-20 13:44:16.165,29775.4257
2026-08-20 13:44:16.579,30030.2096
2026-08-20 13:44:17.005,30334.7141
2026-08-20 13:44:17.420,30674.1825
2026-08-20 13:44:17.833,31025.7515
2026-08-20 13:44:18.260,31404.1934
2026-08-20 13:44:18.674,31599.3075
2026-08-20 13:44:19.110,31247.7919
2026-08-20 13:44:19.537,30862.3667
2026-08-20 13:44:19.954,30505.7981
2026-08-20 13:44:20.368,30179.0409
2026-08-20 13:44:20.793,29891.4839
2026-08-20 13:44:21.213,29671.1865
2026-08-20 13:44:21.625,29577.3198
2026-08-20 13:44:22.037,29692.9687
2026-08-20 13:44:22.451,29912.0868
2026-08-20 13:44:22.867,30200.181
2026-08-20 13:44:23.345,30232.6689
2026-08-20 13:44:23.765,29925.9849
2026-08-20 13:44:24.177,29689.1469
2026-08-20 13:44:24.591,29561.8937
2026-08-20 13:44:25.012,29650.1351
2026-08-20 13:44:25.425,29861.9325
2026-08-20 13:44:25.838,30143.8492
2026-08-20 13:44:26.251,30302.0909
2026-08-20 13:44:26.678,30008.1446
2026-08-20 13:44:27.089,29748.973
2026-08-20 13:44:27.515,29577.1695
2026-08-20 13:44:27.928,29530.7359
2026-08-20 13:44:28.342,29532.239
2026-08-20 13:44:28.754,29532.1278
2026-08-20 13:44:29.167,29532.4383
2026-08-20 13:44:29.579,29532.1832
2026-08-20 13:44:30.052,29531.9728
2026-08-20 13:44:30.469,29531.6883
2026-08-20 13:44:30.932,29530.3205
2026-08-20 13:44:31.375,29529.2835
2026-08-20 13:44:31.787,29528.5989
2026-08-20 13:44:32.200,29527.7642
2026-08-20 13:44:32.614,29531.9894
2026-08-20 13:44:33.026,29640.9214
2026-08-20 13:44:33.468,29867.1573
2026-08-20 13:44:33.884,30145.1673
2026-08-20 13:44:34.296,30294.9805
2026-08-20 13:44:34.708,30008.8984
2026-08-20 13:44:35.120,29748.249
2026-08-20 13:44:35.532,29570.2539
2026-08-20 13:44:35.980,29582.3631
2026-08-20 13:44:36.407,29785.3161
2026-08-20 13:44:36.826,30060.8243
2026-08-20 13:44:37.239,30376.2046
2026-08-20 13:44:37.651,30710.0556
2026-08-20 13:44:38.073,31061.3301
2026-08-20 13:44:38.486,31438.8349
2026-08-20 13:44:38.899,31526.764
2026-08-20 13:44:39.313,31152.5128
2026-08-20 13:44:39.732,30790.7096
2026-08-20 13:44:40.145,30443.9389
2026-08-20 13:44:40.611,30086.7919
2026-08-20 13:44:41.023,29811.591
2026-08-20 13:44:41.448,29617.998
2026-08-20 13:44:41.861,29561.0556
2026-08-20 13:44:42.291,29711.0553
2026-08-20 13:44:42.704,29950.2151
2026-08-20 13:44:43.122,30248.7706
2026-08-20 13:44:43.542,30169.0503
2026-08-20 13:44:43.956,29872.9566
2026-08-20 13:44:44.368,29649.0848
2026-08-20 13:44:44.795,29537.5551
2026-08-20 13:44:45.217,29648.4396
2026-08-20 13:44:45.641,29872.9212
2026-08-20 13:44:46.054,30168.9986
2026-08-20 13:44:46.476,30250.0881
2026-08-20 13:44:46.904,29943.9388
2026-08-20 13:44:47.319,29689.8712
2026-08-20 13:44:47.733,29536.6015
2026-08-20 13:44:48.160,29510.5524
2026-08-20 13:44:48.571,29511.2783
2026-08-20 13:44:48.985,29511.3348
2026-08-20 13:44:49.427,29511.2182
2026-08-20 13:44:49.842,29509.1413
2026-08-20 13:44:50.264,29507.2363
2026-08-20 13:44:50.680,29506.9053
2026-08-20 13:44:51.093,29505.98
2026-08-20 13:44:51.519,29505.2939
2026-08-20 13:44:51.941,29504.2232
2026-08-20 13:44:52.367,29503.7696
2026-08-20 13:44:52.780,29509.5282
2026-08-20 13:44:53.192,29621.4512
2026-08-20 13:44:53.609,29832.7161
2026-08-20 13:44:54.021,30112.2964
2026-08-20 13:44:54.454,30267.3228
2026-08-20 13:44:54.867,29975.4156
2026-08-20 13:44:55.292,29716.7593
2026-08-20 13:44:55.711,29538.9507
2026-08-20 13:44:56.129,29573.7457
2026-08-20 13:44:56.559,29767.0872
2026-08-20 13:44:56.987,30055.8304
2026-08-20 13:44:57.400,30368.2703
2026-08-20 13:44:57.827,30701.766
2026-08-20 13:44:58.255,31066.1395
2026-08-20 13:44:58.686,31452.4151
2026-08-20 13:44:59.105,31447.4924
2026-08-20 13:44:59.518,31065.9455
2026-08-20 13:44:59.930,30709.5222
2026-08-20 13:45:00.352,30373.0903
2026-08-20 13:45:00.770,30051.7927
2026-08-20 13:45:01.182,29778.8485
2026-08-20 13:45:01.602,29591.84
2026-08-20 13:45:02.019,29544.8482
2026-08-20 13:45:02.431,29692.8802
2026-08-20 13:45:02.892,29962.6283
2026-08-20 13:45:03.330,30256.0147
2026-08-20 13:45:03.744,30100.2456
2026-08-20 13:45:04.170,29815.6022
2026-08-20 13:45:04.588,29600.2366
2026-08-20 13:45:05.001,29519.7381
2026-08-20 13:45:05.414,29648.3878
2026-08-20 13:45:05.826,29874.6428
2026-08-20 13:45:06.239,30163.8298
2026-08-20 13:45:06.653,30215.2645
2026-08-20 13:45:07.117,29878.1355
2026-08-20 13:45:07.550,29638.2336
2026-08-20 13:45:07.964,29505.842
2026-08-20 13:45:08.377,29492.7879
2026-08-20 13:45:08.797,29493.6403
2026-08-20 13:45:09.227,29493.6714
2026-08-20 13:45:09.641,29492.9211
2026-08-20 13:45:10.053,29492.4113
2026-08-20 13:45:10.466,29491.3554
2026-08-20 13:45:10.880,29490.5727
2026-08-20 13:45:11.309,29489.5646
2026-08-20 13:45:11.721,29488.0407
2026-08-20 13:45:12.132,29488.3771
2026-08-20 13:45:12.552,29488.8665
2026-08-20 13:45:12.965,29498.0815
2026-08-20 13:45:13.444,29639.2817
2026-08-20 13:45:13.871,29871.8735
2026-08-20 13:45:14.288,30169.889
2026-08-20 13:45:14.702,30208.1813
2026-08-20 13:45:15.115,29907.086
2026-08-20 13:45:15.547,29660.7274
2026-08-20 13:45:15.960,29511.1203
2026-08-20 13:45:16.373,29590.469
2026-08-20 13:45:16.787,29795.8076
2026-08-20 13:45:17.199,30072.0728
2026-08-20 13:45:17.624,30384.8239
2026-08-20 13:45:18.053,30731.6799
2026-08-20 13:45:18.479,31098.9013
2026-08-20 13:45:18.892,31480.6537
2026-08-20 13:45:19.309,31396.7213
2026-08-20 13:45:19.732,31018.1007
2026-08-20 13:45:20.145,30653.9228
2026-08-20 13:45:20.558,30318.291
2026-08-20 13:45:20.972,30006.9164
2026-08-20 13:45:21.393,29740.9233
2026-08-20 13:45:21.806,29557.9298
2026-08-20 13:45:22.218,29530.368
2026-08-20 13:45:22.653,29683.8315
2026-08-20 13:45:23.068,29943.2638
2026-08-20 13:45:23.486,30229.5596
2026-08-20 13:45:23.903,30087.2522
2026-08-20 13:45:24.316,29798.9633
2026-08-20 13:45:24.777,29569.5465
2026-08-20 13:45:25.201,29506.2009
2026-08-20 13:45:25.615,29653.6579
2026-08-20 13:45:26.042,29900.3829
2026-08-20 13:45:26.477,30205.0499
2026-08-20 13:45:26.890,30123.8227
2026-08-20 13:45:27.318,29821.1162
2026-08-20 13:45:27.732,29598.4723
2026-08-20 13:45:28.144,29479.0138
2026-08-20 13:45:28.556,29471.6031
2026-08-20 13:45:28.979,29472.5567
2026-08-20 13:45:29.391,29472.1133
2026-08-20 13:45:29.803,29471.9129
2026-08-20 13:45:30.231,29471.2579
2026-08-20 13:45:30.643,29471.4988
2026-08-20 13:45:31.078,29472.5097
2026-08-20 13:45:31.490,29471.3844
2026-08-20 13:45:31.909,29470.4852
2026-08-20 13:45:32.322,29469.861
2026-08-20 13:45:32.751,29469.2659
2026-08-20 13:45:33.205,29493.6376
2026-08-20 13:45:33.619,29640.4642
2026-08-20 13:45:34.035,29873.7498
2026-08-20 13:45:34.448,30166.2154
2026-08-20 13:45:34.862,30171.2277
2026-08-20 13:45:35.293,29872.2274
2026-08-20 13:45:35.721,29625.2975
2026-08-20 13:45:36.133,29490.4178
2026-08-20 13:45:36.545,29586.5397
2026-08-20 13:45:36.958,29798.4673
2026-08-20 13:45:37.411,30078.5408
2026-08-20 13:45:37.825,30424.4017
2026-08-20 13:45:38.245,30762.8896
2026-08-20 13:45:38.659,31124.4285
2026-08-20 13:45:39.073,31483.0827
2026-08-20 13:45:39.485,31336.8934
2026-08-20 13:45:39.898,30965.4548
2026-08-20 13:45:40.318,30611.9666
2026-08-20 13:45:40.730,30273.9309
2026-08-20 13:45:41.141,29965.3771
2026-08-20 13:45:41.555,29706.5998
2026-08-20 13:45:41.968,29533.1734
2026-08-20 13:45:42.381,29516.8685
2026-08-20 13:45:42.846,29702.71
2026-08-20 13:45:43.258,29956.8028
2026-08-20 13:45:43.672,30227.2569
2026-08-20 13:45:44.084,30050.3836
2026-08-20 13:45:44.507,29769.9338
2026-08-20 13:45:44.919,29559.812
2026-08-20 13:45:45.355,29487.1549
2026-08-20 13:45:45.773,29632.5014
2026-08-20 13:45:46.188,29869.9081
2026-08-20 13:45:46.604,30165.2831
2026-08-20 13:45:47.017,30130.6648
2026-08-20 13:45:47.451,29825.5114
2026-08-20 13:45:47.862,29594.2321
2026-08-20 13:45:48.295,29464.8269
2026-08-20 13:45:48.721,29454.5333
2026-08-20 13:45:49.138,29455.5804
2026-08-20 13:45:49.555,29455.7283
2026-08-20 13:45:49.971,29456.0078
2026-08-20 13:45:50.387,29455.7863
2026-08-20 13:45:50.800,29454.901
2026-08-20 13:45:51.213,29454.399
2026-08-20 13:45:51.674,29453.7894
2026-08-20 13:45:52.092,29453.1292
2026-08-20 13:45:52.505,29452.3968
2026-08-20 13:45:52.917,29452.0213
2026-08-20 13:45:53.331,29468.0399
2026-08-20 13:45:53.754,29604.1715
2026-08-20 13:45:54.168,29836.4667
2026-08-20 13:45:54.593,30125.242
2026-08-20 13:45:55.014,30162.7348
2026-08-20 13:45:55.427,29855.0647
2026-08-20 13:45:55.852,29606.7732
2026-08-20 13:45:56.274,29467.2588
2026-08-20 13:45:56.694,29552.0084
2026-08-20 13:45:57.107,29764.0541
2026-08-20 13:45:57.524,30042.5933
2026-08-20 13:45:57.949,30361.0488
2026-08-20 13:45:58.363,30706.9409
2026-08-20 13:45:58.796,31060.2537
2026-08-20 13:45:59.208,31443.9543
2026-08-20 13:45:59.642,31321.5459
2026-08-20 13:46:00.056,30944.8396
2026-08-20 13:46:00.470,30591.4489
2026-08-20 13:46:00.915,30256.1145
2026-08-20 13:46:01.329,29924.4292
2026-08-20 13:46:01.746,29669.0856
2026-08-20 13:46:02.157,29500.1555
2026-08-20 13:46:02.570,29502.6189
2026-08-20 13:46:02.990,29668.7326
2026-08-20 13:46:03.404,29925.1011
2026-08-20 13:46:03.865,30204.7435
2026-08-20 13:46:04.279,29986.5907
2026-08-20 13:46:04.691,29713.7965
2026-08-20 13:46:05.125,29514.8787
2026-08-20 13:46:05.542,29474.3669
2026-08-20 13:46:05.979,29629.6034
2026-08-20 13:46:06.391,29887.8031
2026-08-20 13:46:06.804,30176.744
2026-08-20 13:46:07.220,30059.4063
2026-08-20 13:46:07.632,29769.6144
2026-08-20 13:46:08.048,29551.2292
2026-08-20 13:46:08.476,29437.4599
2026-08-20 13:46:08.889,29431.143
2026-08-20 13:46:09.301,29431.8818
2026-08-20 13:46:09.733,29432.1323
2026-08-20 13:46:10.160,29431.9958
2026-08-20 13:46:10.579,29431.5306
2026-08-20 13:46:10.993,29431.4022
2026-08-20 13:46:11.407,29430.9011
2026-08-20 13:46:11.824,29430.1985
2026-08-20 13:46:12.237,29429.0834
2026-08-20 13:46:12.680,29428.2981
2026-08-20 13:46:13.094,29427.6955
2026-08-20 13:46:13.506,29450.3742
2026-08-20 13:46:13.921,29593.9385
2026-08-20 13:46:14.332,29825.4842
2026-08-20 13:46:14.759,30124.1267
2026-08-20 13:46:15.172,30135.1488
2026-08-20 13:46:15.600,29825.7068
2026-08-20 13:46:16.023,29587.8211
2026-08-20 13:46:16.437,29447.7707
2026-08-20 13:46:16.851,29535.9725
2026-08-20 13:46:17.265,29745.7174
2026-08-20 13:46:17.680,30022.9153
2026-08-20 13:46:18.094,30338.9022
2026-08-20 13:46:18.507,30675.187
2026-08-20 13:46:18.919,31028.5712
2026-08-20 13:46:19.332,31396.6107
2026-08-20 13:46:19.745,31343.6419
2026-08-20 13:46:20.158,30971.2676
2026-08-20 13:46:20.571,30615.8529
2026-08-20 13:46:20.987,30281.6742
2026-08-20 13:46:21.401,29967.4292
2026-08-20 13:46:21.822,29700.8614
2026-08-20 13:46:22.235,29511.3801
2026-08-20 13:46:22.649,29470.2827
2026-08-20 13:46:23.061,29616.6134
2026-08-20 13:46:23.488,29853.5956
2026-08-20 13:46:23.949,30176.5989
2026-08-20 13:46:24.369,30027.2301
2026-08-20 13:46:24.782,29739.5765
2026-08-20 13:46:25.209,29525.1271
2026-08-20 13:46:25.622,29449.5332
2026-08-20 13:46:26.035,29581.6586
2026-08-20 13:46:26.447,29809.7919
2026-08-20 13:46:26.888,30099.1831
2026-08-20 13:46:27.301,30100.5927
2026-08-20 13:46:27.713,29803.7602
2026-08-20 13:46:28.127,29571.3775
2026-08-20 13:46:28.551,29436.6894
2026-08-20 13:46:28.964,29420.2918
2026-08-20 13:46:29.377,29421.2073
2026-08-20 13:46:29.803,29420.7726
2026-08-20 13:46:30.221,29420.4711
2026-08-20 13:46:30.649,29420.2777
2026-08-20 13:46:31.136,29420.754
2026-08-20 13:46:31.557,29420.7108
2026-08-20 13:46:31.970,29420.5814
2026-08-20 13:46:32.383,29419.8053
2026-08-20 13:46:32.796,29418.4266
2026-08-20 13:46:33.214,29417.7138
2026-08-20 13:46:33.627,29435.1006
2026-08-20 13:46:34.047,29572.1052
2026-08-20 13:46:34.511,29831.7654
2026-08-20 13:46:34.923,30124.1702
2026-08-20 13:46:35.349,30099.381
2026-08-20 13:46:35.761,29795.3204
2026-08-20 13:46:36.175,29563.4688
2026-08-20 13:46:36.588,29434.1331
2026-08-20 13:46:37.047,29529.5929
2026-08-20 13:46:37.465,29772.7003
2026-08-20 13:46:37.877,30057.5078
2026-08-20 13:46:38.293,30373.7408
2026-08-20 13:46:38.709,30713.9877
2026-08-20 13:46:39.121,31072.7312
2026-08-20 13:46:39.582,31446.9927
2026-08-20 13:46:40.003,31230.2031
2026-08-20 13:46:40.423,30853.6667
2026-08-20 13:46:40.849,30499.5296
2026-08-20 13:46:41.270,30159.58
2026-08-20 13:46:41.702,29852.0185
2026-08-20 13:46:42.114,29601.0529
2026-08-20 13:46:42.531,29455.0347
2026-08-20 13:46:42.945,29501.4964
2026-08-20 13:46:43.359,29685.3543
2026-08-20 13:46:43.771,29950.469
2026-08-20 13:46:44.182,30184.0109
2026-08-20 13:46:44.595,29952.7024
2026-08-20 13:46:45.009,29681.1523
2026-08-20 13:46:45.421,29488.2722
2026-08-20 13:46:45.835,29444.2828
2026-08-20 13:46:46.274,29596.879
2026-08-20 13:46:46.691,29855.4407
2026-08-20 13:46:47.119,30147.6566
2026-08-20 13:46:47.531,30022.6645
2026-08-20 13:46:47.943,29737.4421
2026-08-20 13:46:48.357,29521.3733
2026-08-20 13:46:48.770,29411.2522
2026-08-20 13:46:49.236,29405.891
2026-08-20 13:46:49.649,29406.7223
2026-08-20 13:46:50.075,29405.7337
2026-08-20 13:46:50.489,29405.1237
2026-08-20 13:46:50.902,29404.518
2026-08-20 13:46:51.346,29404.164
2026-08-20 13:46:51.758,29403.9156
2026-08-20 13:46:52.172,29403.6091
2026-08-20 13:46:52.599,29403.9184
2026-08-20 13:46:53.012,29403.4799
2026-08-20 13:46:53.449,29403.1931
2026-08-20 13:46:53.862,29438.4127
2026-08-20 13:46:54.303,29597.1525
2026-08-20 13:46:54.723,29856.3065
2026-08-20 13:46:55.137,30148.2124
2026-08-20 13:46:55.555,30035.2712
2026-08-20 13:46:55.970,29744.4019
2026-08-20 13:46:56.386,29523.2192
2026-08-20 13:46:56.807,29421.7335
2026-08-20 13:46:57.238,29548.0478
2026-08-20 13:46:57.651,29785.4267
2026-08-20 13:46:58.067,30074.5199
2026-08-20 13:46:58.481,30397.1836
2026-08-20 13:46:58.893,30737.7628
2026-08-20 13:46:59.306,31094.874
2026-08-20 13:46:59.719,31433.3666
2026-08-20 13:47:00.140,31230.6486
2026-08-20 13:47:00.606,30807.2079
2026-08-20 13:47:01.032,30459.8762
2026-08-20 13:47:01.444,30121.5949
2026-08-20 13:47:01.879,29815.3537
2026-08-20 13:47:02.292,29576.1295
2026-08-20 13:47:02.706,29438.1903
2026-08-20 13:47:03.134,29496.4017
2026-08-20 13:47:03.563,29701.8773
2026-08-20 13:47:03.990,29984.968
2026-08-20 13:47:04.408,30155.3369
2026-08-20 13:47:04.821,29875.6993
2026-08-20 13:47:05.250,29618.0507
2026-08-20 13:47:05.664,29441.967
2026-08-20 13:47:06.077,29462.8738
2026-08-20 13:47:06.503,29641.8309
2026-08-20 13:47:06.916,29910.5772
2026-08-20 13:47:07.328,30164.591
2026-08-20 13:47:07.756,29957.4742
2026-08-20 13:47:08.169,29672.5448
2026-08-20 13:47:08.590,29475.7703
2026-08-20 13:47:09.008,29392.8579
2026-08-20 13:47:09.420,29394.8444
2026-08-20 13:47:09.833,29395.5156
2026-08-20 13:47:10.244,29394.5776
2026-08-20 13:47:10.708,29393.941
2026-08-20 13:47:11.126,29392.9683
2026-08-20 13:47:11.539,29393.0081
2026-08-20 13:47:11.971,29393.676
2026-08-20 13:47:12.387,29393.3457
2026-08-20 13:47:12.800,29393.1851
2026-08-20 13:47:13.216,29393.0086
2026-08-20 13:47:13.632,29392.1158
2026-08-20 13:47:14.058,29439.0808
2026-08-20 13:47:14.552,29656.2709
2026-08-20 13:47:14.967,29921.1555
2026-08-20 13:47:15.379,30166.0202
2026-08-20 13:47:15.806,29936.151
2026-08-20 13:47:16.218,29664.588
2026-08-20 13:47:16.644,29468.8263
2026-08-20 13:47:17.061,29427.9891
2026-08-20 13:47:17.474,29593.3964
2026-08-20 13:47:17.901,29839.6945
2026-08-20 13:47:18.313,30148.6717
2026-08-20 13:47:18.783,30473.0153
2026-08-20 13:47:19.214,30871.6296
2026-08-20 13:47:19.626,31246.0407
2026-08-20 13:47:20.038,31406.0663
2026-08-20 13:47:20.452,31047.7341
2026-08-20 13:47:20.888,30673.6582
2026-08-20 13:47:21.307,30327.1484
2026-08-20 13:47:21.724,30005.9298
2026-08-20 13:47:22.149,29722.5644
2026-08-20 13:47:22.574,29510.9894
2026-08-20 13:47:22.987,29426.0044
2026-08-20 13:47:23.431,29553.0997
2026-08-20 13:47:23.859,29795.4509
2026-08-20 13:47:24.272,30087.7736
2026-08-20 13:47:24.685,30065.5436
2026-08-20 13:47:25.109,29769.0193
2026-08-20 13:47:25.547,29532.992
2026-08-20 13:47:25.968,29406.6473
2026-08-20 13:47:26.381,29504.9331
2026-08-20 13:47:26.794,29712.4836
2026-08-20 13:47:27.207,29992.5219
2026-08-20 13:47:27.619,30134.0728
2026-08-20 13:47:28.032,29848.4407
2026-08-20 13:47:28.444,29592.8355
2026-08-20 13:47:28.857,29425.1158
2026-08-20 13:47:29.288,29381.6388
2026-08-20 13:47:29.720,29383.4794
2026-08-20 13:47:30.147,29383.1283
2026-08-20 13:47:30.561,29382.1871
2026-08-20 13:47:30.974,29381.3775
2026-08-20 13:47:31.390,29380.7684
2026-08-20 13:47:31.808,29380.3294
2026-08-20 13:47:32.254,29379.4087
2026-08-20 13:47:32.673,29378.9064
2026-08-20 13:47:33.090,29378.642
2026-08-20 13:47:33.504,29377.4245
2026-08-20 13:47:33.917,29378.2108
2026-08-20 13:47:34.343,29469.3943
2026-08-20 13:47:34.757,29674.1509
2026-08-20 13:47:35.196,29943.3003
2026-08-20 13:47:35.623,30145.1423
2026-08-20 13:47:36.038,29867.423
2026-08-20 13:47:36.452,29605.2126
2026-08-20 13:47:36.866,29426.33
2026-08-20 13:47:37.330,29448.4831
2026-08-20 13:47:37.751,29638.1304
2026-08-20 13:47:38.178,29907.3165
2026-08-20 13:47:38.590,30226.3314
2026-08-20 13:47:39.004,30557.783
2026-08-20 13:47:39.449,30907.999
2026-08-20 13:47:39.862,31302.011
2026-08-20 13:47:40.275,31332.6674
2026-08-20 13:47:40.688,30958.5839
2026-08-20 13:47:41.116,30602.3892
2026-08-20 13:47:41.592,30214.3319
2026-08-20 13:47:42.009,29895.6125
2026-08-20 13:47:42.421,29630.7049
2026-08-20 13:47:42.837,29453.4322
2026-08-20 13:47:43.251,29427.2258
2026-08-20 13:47:43.685,29588.7594
2026-08-20 13:47:44.098,29839.1363
2026-08-20 13:47:44.510,30123.2606
2026-08-20 13:47:44.925,29986.7854
2026-08-20 13:47:45.342,29700.5125
2026-08-20 13:47:45.756,29486.448
2026-08-20 13:47:46.168,29398.4239
2026-08-20 13:47:46.593,29519.9933
2026-08-20 13:47:47.087,29803.1314
2026-08-20 13:47:47.500,30098.5232
2026-08-20 13:47:47.913,30027.3678
2026-08-20 13:47:48.326,29735.5142
2026-08-20 13:47:48.754,29509.4529
2026-08-20 13:47:49.168,29382.5261
2026-08-20 13:47:49.611,29373.9004
2026-08-20 13:47:50.023,29374.803
2026-08-20 13:47:50.444,29373.7534
2026-08-20 13:47:50.856,29373.8654
2026-08-20 13:47:51.283,29374.1317
2026-08-20 13:47:51.746,29374.5198
2026-08-20 13:47:52.158,29374.2309
2026-08-20 13:47:52.584,29373.6817
2026-08-20 13:47:52.998,29372.7744
2026-08-20 13:47:53.411,29371.7092
2026-08-20 13:47:53.824,29371.3054
2026-08-20 13:47:54.240,29393.8703
2026-08-20 13:47:54.674,29539.7458
2026-08-20 13:47:55.087,29782.9282
2026-08-20 13:47:55.498,30073.6074
2026-08-20 13:47:55.911,30053.9563
2026-08-20 13:47:56.323,29758.3075
2026-08-20 13:47:56.736,29524.2481
2026-08-20 13:47:57.148,29389.6221
2026-08-20 13:47:57.563,29476.6988
2026-08-20 13:47:57.990,29684.8528
2026-08-20 13:47:58.420,29974.7505
2026-08-20 13:47:58.837,30299.2036
2026-08-20 13:47:59.264,30638.1464
2026-08-20 13:47:59.677,31003.4811
2026-08-20 13:48:00.094,31365.63
2026-08-20 13:48:00.526,31244.939
2026-08-20 13:48:00.954,30859.0998
2026-08-20 13:48:01.368,30495.7268
2026-08-20 13:48:01.782,30164.3398
2026-08-20 13:48:02.217,29848.5623
2026-08-20 13:48:02.650,29591.6281
2026-08-20 13:48:03.063,29423.526
2026-08-20 13:48:03.475,29442.6276
2026-08-20 13:48:03.888,29613.2663
2026-08-20 13:48:04.311,29868.3832
2026-08-20 13:48:04.772,30130.4874
2026-08-20 13:48:05.184,29890.0346
2026-08-20 13:48:05.597,29621.6529
2026-08-20 13:48:06.008,29434.4297
2026-08-20 13:48:06.435,29398.3896
2026-08-20 13:48:06.848,29559.3982
2026-08-20 13:48:07.260,29804.5378
2026-08-20 13:48:07.673,30095.6384
2026-08-20 13:48:08.087,29994.5505
2026-08-20 13:48:08.501,29705.6748
2026-08-20 13:48:08.926,29484.6782
2026-08-20 13:48:09.339,29366.0521
2026-08-20 13:48:09.752,29358.5751
2026-08-20 13:48:10.166,29359.3961
2026-08-20 13:48:10.582,29359.7983
2026-08-20 13:48:10.994,29360.6847
2026-08-20 13:48:11.407,29360.8868
2026-08-20 13:48:11.818,29360.5641
2026-08-20 13:48:12.242,29360.3286
2026-08-20 13:48:12.674,29359.8761
2026-08-20 13:48:13.091,29359.852
2026-08-20 13:48:13.519,29358.8477
2026-08-20 13:48:13.932,29358.0574
2026-08-20 13:48:14.345,29372.8137
2026-08-20 13:48:14.759,29504.7117
2026-08-20 13:48:15.184,29726.8834
2026-08-20 13:48:15.615,30024.1171
2026-08-20 13:48:16.030,30073.3599
2026-08-20 13:48:16.444,29774.1256
2026-08-20 13:48:16.862,29532.0247
2026-08-20 13:48:17.278,29382.0966
2026-08-20 13:48:17.693,29452.664
2026-08-20 13:48:18.115,29654.4807
2026-08-20 13:48:18.528,29934.1213
2026-08-20 13:48:18.939,30245.6396
2026-08-20 13:48:19.352,30577.67
2026-08-20 13:48:19.777,30928.536
2026-08-20 13:48:20.194,31307.6852
2026-08-20 13:48:20.671,31236.4626
2026-08-20 13:48:21.084,30856.1121
2026-08-20 13:48:21.496,30504.3418
2026-08-20 13:48:21.928,30162.2917
2026-08-20 13:48:22.353,29851.7497
2026-08-20 13:48:22.767,29589.1288
2026-08-20 13:48:23.191,29421.1143
2026-08-20 13:48:23.617,29419.095
2026-08-20 13:48:24.029,29589.6017
2026-08-20 13:48:24.456,29841.6757
2026-08-20 13:48:24.867,30115.2594
2026-08-20 13:48:25.279,29929.4361
2026-08-20 13:48:25.734,29632.424
2026-08-20 13:48:26.147,29434.3506
2026-08-20 13:48:26.573,29389.055
2026-08-20 13:48:26.989,29546.3188
2026-08-20 13:48:27.433,29790.4884
2026-08-20 13:48:27.846,30097.0075
2026-08-20 13:48:28.257,29967.9086
2026-08-20 13:48:28.669,29682.355
2026-08-20 13:48:29.095,29466.1972
2026-08-20 13:48:29.510,29354.2653
2026-08-20 13:48:29.928,29350.358
2026-08-20 13:48:30.354,29351.2592
2026-08-20 13:48:30.786,29351.3532
2026-08-20 13:48:31.200,29351.1327
2026-08-20 13:48:31.613,29350.4
2026-08-20 13:48:32.030,29350.1036
2026-08-20 13:48:32.457,29349.702
2026-08-20 13:48:32.876,29349.2186
2026-08-20 13:48:33.289,29348.4691
2026-08-20 13:48:33.701,29348.7359
2026-08-20 13:48:34.122,29348.2039
2026-08-20 13:48:34.560,29373.0756
2026-08-20 13:48:34.974,29525.8434
2026-08-20 13:48:35.392,29760.7027
2026-08-20 13:48:35.804,30056.824
2026-08-20 13:48:36.220,30024.2481
2026-08-20 13:48:36.633,29728.3177
2026-08-20 13:48:37.063,29496.2618
2026-08-20 13:48:37.488,29365.6316
2026-08-20 13:48:37.901,29471.9482
2026-08-20 13:48:38.314,29688.4528
2026-08-20 13:48:38.726,29968.9518
2026-08-20 13:48:39.139,30284.535
2026-08-20 13:48:39.554,30619.693
2026-08-20 13:48:40.014,31016.8881
2026-08-20 13:48:40.428,31359.5092
2026-08-20 13:48:40.849,31175.0713
2026-08-20 13:48:41.262,30799.5943
2026-08-20 13:48:41.675,30450.9527
2026-08-20 13:48:42.147,30074.5799
2026-08-20 13:48:42.560,29777.0892
2026-08-20 13:48:42.986,29536.074
2026-08-20 13:48:43.399,29384.1263
2026-08-20 13:48:43.864,29427.7652
2026-08-20 13:48:44.283,29641.0423
2026-08-20 13:48:44.697,29912.2866
2026-08-20 13:48:45.120,30099.8774
2026-08-20 13:48:45.534,29825.3058
2026-08-20 13:48:45.947,29566.5688
2026-08-20 13:48:46.382,29392.1505
2026-08-20 13:48:46.795,29393.7403
2026-08-20 13:48:47.223,29565.2796
2026-08-20 13:48:47.638,29828.7797
2026-08-20 13:48:48.050,30095.6201
2026-08-20 13:48:48.512,29874.7457
2026-08-20 13:48:48.925,29600.6802
2026-08-20 13:48:49.338,29408.1239
2026-08-20 13:48:49.752,29330.4281
2026-08-20 13:48:50.166,29330.1723
2026-08-20 13:48:50.593,29329.7983
2026-08-20 13:48:51.086,29330.3589
2026-08-20 13:48:51.499,29330.4671
2026-08-20 13:48:51.912,29329.9805
2026-08-20 13:48:52.330,29329.3108
2026-08-20 13:48:52.742,29329.1081
2026-08-20 13:48:53.204,29328.4181
2026-08-20 13:48:53.622,29328.1411
2026-08-20 13:48:54.049,29327.6584
2026-08-20 13:48:54.462,29327.3012
2026-08-20 13:48:54.879,29403.3349
2026-08-20 13:48:55.291,29593.4054
2026-08-20 13:48:55.703,29854.6125
2026-08-20 13:48:56.116,30098.6103
2026-08-20 13:48:56.561,29881.9859
2026-08-20 13:48:56.988,29589.5061
2026-08-20 13:48:57.401,29393.3648
2026-08-20 13:48:57.814,29366.5338
2026-08-20 13:48:58.228,29532.5049
2026-08-20 13:48:58.650,29779.7196
2026-08-20 13:48:59.063,30085.7128
2026-08-20 13:48:59.502,30411.5537
2026-08-20 13:48:59.915,30777.5768
2026-08-20 13:49:00.339,31139.4956
2026-08-20 13:49:00.752,31350.4282
2026-08-20 13:49:01.169,31008.5758
2026-08-20 13:49:01.648,30599.8407
2026-08-20 13:49:02.062,30251.2466
2026-08-20 13:49:02.475,29934.043
2026-08-20 13:49:02.901,29645.8424
2026-08-20 13:49:03.329,29437.4858
2026-08-20 13:49:03.766,29362.538
2026-08-20 13:49:04.180,29494.7656
2026-08-20 13:49:04.593,29723.1975
2026-08-20 13:49:05.007,30014.6195
2026-08-20 13:49:05.419,30003.7205
2026-08-20 13:49:05.833,29709.6222
2026-08-20 13:49:06.246,29477.7968
2026-08-20 13:49:06.690,29349.3527
2026-08-20 13:49:07.117,29449.4658
2026-08-20 13:49:07.530,29661.8336
2026-08-20 13:49:07.957,29941.6724
2026-08-20 13:49:08.379,30060.3423
2026-08-20 13:49:08.816,29761.161
2026-08-20 13:49:09.228,29501.2109
2026-08-20 13:49:09.653,29349.8498
2026-08-20 13:49:10.065,29321.9349
2026-08-20 13:49:10.536,29322.541
2026-08-20 13:49:10.955,29322.2241
2026-08-20 13:49:11.382,29322.0184
2026-08-20 13:49:11.808,29322.3327
2026-08-20 13:49:12.221,29321.8655
2026-08-20 13:49:12.633,29320.7751
2026-08-20 13:49:13.056,29319.7515
2026-08-20 13:49:13.551,29319.0582
2026-08-20 13:49:13.963,29318.6209
2026-08-20 13:49:14.380,29317.769
2026-08-20 13:49:14.793,29335.2326
2026-08-20 13:49:15.254,29493.4185
2026-08-20 13:49:15.678,29726.3561
2026-08-20 13:49:16.093,30024.9084
2026-08-20 13:49:16.505,29989.7204
2026-08-20 13:49:16.923,29697.4785
2026-08-20 13:49:17.391,29439.9527
2026-08-20 13:49:17.802,29334.9223
2026-08-20 13:49:18.226,29452.2587
2026-08-20 13:49:18.640,29679.945
2026-08-20 13:49:19.052,29965.8391
2026-08-20 13:49:19.478,30282.9917
2026-08-20 13:49:19.891,30631.6445
2026-08-20 13:49:20.323,30999.5269
2026-08-20 13:49:20.737,31340.1188
2026-08-20 13:49:21.153,31131.5983
2026-08-20 13:49:21.619,30716.09
2026-08-20 13:49:22.050,30370.1621
2026-08-20 13:49:22.516,29995.4239
2026-08-20 13:49:22.963,29679.4743
2026-08-20 13:49:23.379,29460.9745
2026-08-20 13:49:23.792,29349.5277
2026-08-20 13:49:24.301,29476.394
2026-08-20 13:49:24.727,29704.2668
2026-08-20 13:49:25.143,30002.4915
2026-08-20 13:49:25.555,30002.3389
2026-08-20 13:49:25.999,29706.9826
2026-08-20 13:49:26.412,29458.635
2026-08-20 13:49:26.825,29337.9111
2026-08-20 13:49:27.241,29428.9033
2026-08-20 13:49:27.654,29637.1809
2026-08-20 13:49:28.067,29914.7926
2026-08-20 13:49:28.486,30061.946
2026-08-20 13:49:28.900,29773.406
2026-08-20 13:49:29.313,29519.0754
2026-08-20 13:49:29.740,29352.5084
2026-08-20 13:49:30.159,29310.8297
2026-08-20 13:49:30.573,29311.9277
2026-08-20 13:49:30.985,29311.8452
2026-08-20 13:49:31.406,29311.6991
2026-08-20 13:49:31.818,29311.1762
2026-08-20 13:49:32.230,29310.8162
2026-08-20 13:49:32.663,29309.896
2026-08-20 13:49:33.092,29309.3364
2026-08-20 13:49:33.523,29309.2773
2026-08-20 13:49:33.941,29308.9088
2026-08-20 13:49:34.356,29308.183
2026-08-20 13:49:34.771,29308.7248
2026-08-20 13:49:35.183,29396.1703
2026-08-20 13:49:35.619,29597.9667
2026-08-20 13:49:36.045,29871.0183
2026-08-20 13:49:36.470,30079.5091
2026-08-20 13:49:36.889,29812.9974
2026-08-20 13:49:37.304,29545.5147
2026-08-20 13:49:37.721,29363.5117
2026-08-20 13:49:38.138,29355.963
2026-08-20 13:49:38.550,29530.5574
2026-08-20 13:49:38.967,29781.5414
2026-08-20 13:49:39.434,30126.3865
2026-08-20 13:49:39.849,30456.6116
2026-08-20 13:49:40.264,30805.2698
2026-08-20 13:49:40.682,31170.7199
2026-08-20 13:49:41.095,31303.7409
2026-08-20 13:49:41.562,30891.9838
2026-08-20 13:49:41.976,30535.5846
2026-08-20 13:49:42.388,30198.0193
2026-08-20 13:49:42.817,29873.9196
2026-08-20 13:49:43.241,29601.0599
2026-08-20 13:49:43.652,29404.093
2026-08-20 13:49:44.069,29345.881
2026-08-20 13:49:44.512,29481.5116
2026-08-20 13:49:44.928,29729.6637
2026-08-20 13:49:45.343,30024.6806
2026-08-20 13:49:45.770,29949.421
2026-08-20 13:49:46.188,29651.4292
2026-08-20 13:49:46.601,29429.9308
2026-08-20 13:49:47.015,29325.6894
2026-08-20 13:49:47.477,29453.8834
2026-08-20 13:49:47.905,29679.0324
2026-08-20 13:49:48.321,29977.2966
2026-08-20 13:49:48.737,29994.0705
2026-08-20 13:49:49.162,29694.6227
2026-08-20 13:49:49.576,29453.6076
2026-08-20 13:49:50.004,29315.69
2026-08-20 13:49:50.427,29301.7343
2026-08-20 13:49:50.839,29302.3417
2026-08-20 13:49:51.264,29301.9374
2026-08-20 13:49:51.683,29301.8842
2026-08-20 13:49:52.098,29301.4584
2026-08-20 13:49:52.563,29301.1802
2026-08-20 13:49:52.977,29301.4335
2026-08-20 13:49:53.404,29301.346
2026-08-20 13:49:53.821,29301.357
2026-08-20 13:49:54.233,29300.8456
2026-08-20 13:49:54.670,29299.841
2026-08-20 13:49:55.083,29317.5097
2026-08-20 13:49:55.506,29453.8324
2026-08-20 13:49:55.919,29684.0247
2026-08-20 13:49:56.345,29979.2722
2026-08-20 13:49:56.810,29963.7939
2026-08-20 13:49:57.223,29669.8805
2026-08-20 13:49:57.641,29440.6904
2026-08-20 13:49:58.053,29316.9498
2026-08-20 13:49:58.466,29416.9244
2026-08-20 13:49:58.934,29628.8638
2026-08-20 13:49:59.381,29972.604
2026-08-20 13:49:59.792,30290.6659
2026-08-20 13:50:00.206,30628.7444
2026-08-20 13:50:00.717,31063.3672
2026-08-20 13:50:01.130,31328.0872
2026-08-20 13:50:01.542,31019.1733
2026-08-20 13:50:01.956,30656.2496
2026-08-20 13:50:02.368,30312.9513
2026-08-20 13:50:02.797,29986.6055
2026-08-20 13:50:03.211,29687.1033
2026-08-20 13:50:03.635,29457.8975
2026-08-20 13:50:04.059,29331.8928
2026-08-20 13:50:04.473,29411.4389
2026-08-20 13:50:04.920,29620.4858
2026-08-20 13:50:05.343,29906.9642
2026-08-20 13:50:05.766,30037.6154
2026-08-20 13:50:06.182,29740.0876
2026-08-20 13:50:06.595,29489.2325
2026-08-20 13:50:07.006,29330.8523
2026-08-20 13:50:07.431,29364.1302
2026-08-20 13:50:07.845,29543.636
2026-08-20 13:50:08.257,29803.5669
2026-08-20 13:50:08.684,30054.4839
2026-08-20 13:50:09.098,29835.7703
2026-08-20 13:50:09.511,29562.4974
2026-08-20 13:50:09.943,29363.9566
2026-08-20 13:50:10.358,29288.309
2026-08-20 13:50:10.771,29289.8063
2026-08-20 13:50:11.187,29289.5557
2026-08-20 13:50:11.614,29288.4883
2026-08-20 13:50:12.026,29288.3634
2026-08-20 13:50:12.448,29288.3947
2026-08-20 13:50:12.875,29288.3316
2026-08-20 13:50:13.291,29288.0696
2026-08-20 13:50:13.714,29287.7946
2026-08-20 13:50:14.141,29287.9426
2026-08-20 13:50:14.561,29288.5267
2026-08-20 13:50:14.974,29288.1468
2026-08-20 13:50:15.389,29335.218
2026-08-20 13:50:15.856,29534.1773
2026-08-20 13:50:16.273,29789.3536
2026-08-20 13:50:16.686,30050.7436
2026-08-20 13:50:17.109,29858.2127
2026-08-20 13:50:17.522,29575.6833
2026-08-20 13:50:17.966,29373.9937
2026-08-20 13:50:18.382,29318.3626
2026-08-20 13:50:18.795,29477.2559
2026-08-20 13:50:19.222,29718.6935
2026-08-20 13:50:19.634,30024.6934
2026-08-20 13:50:20.047,30346.248
2026-08-20 13:50:20.469,30688.6884
2026-08-20 13:50:20.898,31055.694
2026-08-20 13:50:21.311,31305.7626
2026-08-20 13:50:21.731,30984.1798
2026-08-20 13:50:22.145,30617.502
2026-08-20 13:50:22.557,30276.6881
2026-08-20 13:50:22.985,29944.6611
2026-08-20 13:50:23.397,29657.4766
2026-08-20 13:50:23.838,29437.2894
2026-08-20 13:50:24.252,29317.7093
2026-08-20 13:50:24.664,29410.1395
2026-08-20 13:50:25.081,29613.8063
2026-08-20 13:50:25.496,29893.6749
2026-08-20 13:50:25.910,30022.3273
2026-08-20 13:50:26.324,29733.6229
2026-08-20 13:50:26.736,29484.2285
2026-08-20 13:50:27.155,29324.3031
2026-08-20 13:50:27.568,29354.21
2026-08-20 13:50:27.979,29533.5062
2026-08-20 13:50:28.405,29792.4932
2026-08-20 13:50:28.833,30044.1039
2026-08-20 13:50:29.244,29815.6662
2026-08-20 13:50:29.669,29546.0244
2026-08-20 13:50:30.095,29351.4327
2026-08-20 13:50:30.508,29279.1341
2026-08-20 13:50:30.936,29280.3813
2026-08-20 13:50:31.363,29279.957
2026-08-20 13:50:31.786,29279.6238
2026-08-20 13:50:32.198,29280.088
2026-08-20 13:50:32.626,29280.1215
2026-08-20 13:50:33.040,29279.6719
2026-08-20 13:50:33.453,29279.8302
2026-08-20 13:50:33.865,29279.3951
2026-08-20 13:50:34.296,29278.3988
2026-08-20 13:50:34.724,29278.1615
2026-08-20 13:50:35.137,29277.801
2026-08-20 13:50:35.550,29334.6267
2026-08-20 13:50:35.963,29510.0401
2026-08-20 13:50:36.391,29760.2774
2026-08-20 13:50:36.882,30042.3457
2026-08-20 13:50:37.310,29798.9462
2026-08-20 13:50:37.767,29499.6068
2026-08-20 13:50:38.179,29323.4455
2026-08-20 13:50:38.592,29330.5322
2026-08-20 13:50:39.005,29507.6882
2026-08-20 13:50:39.471,29761.7525
2026-08-20 13:50:39.886,30104.3355
2026-08-20 13:50:40.298,30433.7877
2026-08-20 13:50:40.718,30779.6889
2026-08-20 13:50:41.130,31148.9859
2026-08-20 13:50:41.547,31258.3504
2026-08-20 13:50:41.975,30888.8034
2026-08-20 13:50:42.392,30520.1016
2026-08-20 13:50:42.807,30180.5179
2026-08-20 13:50:43.220,29864.6595
2026-08-20 13:50:43.645,29581.0857
2026-08-20 13:50:44.069,29384.7267
2026-08-20 13:50:44.482,29312.4312
2026-08-20 13:50:44.895,29437.0476
2026-08-20 13:50:45.308,29658.8999
2026-08-20 13:50:45.720,29945.6714
2026-08-20 13:50:46.134,29959.9999
2026-08-20 13:50:46.550,29663.6637
2026-08-20 13:50:46.966,29429.5119
2026-08-20 13:50:47.383,29295.3952
2026-08-20 13:50:47.796,29365.073
2026-08-20 13:50:48.210,29557.5356
2026-08-20 13:50:48.623,29827.0621
2026-08-20 13:50:49.045,30024.7592
2026-08-20 13:50:49.505,29725.6045
2026-08-20 13:50:49.918,29472.2596
2026-08-20 13:50:50.330,29305.4865
2026-08-20 13:50:50.746,29263.0573
2026-08-20 13:50:51.162,29265.0897
2026-08-20 13:50:51.668,29264.8514
2026-08-20 13:50:52.083,29264.8256
2026-08-20 13:50:52.496,29264.8636
2026-08-20 13:50:52.955,29264.029
2026-08-20 13:50:53.367,29263.4868
2026-08-20 13:50:53.780,29262.5337
2026-08-20 13:50:54.193,29261.6964
2026-08-20 13:50:54.618,29260.203
2026-08-20 13:50:55.080,29260.4682
2026-08-20 13:50:55.492,29270.7922
2026-08-20 13:50:55.905,29391.158
2026-08-20 13:50:56.331,29613.1756
2026-08-20 13:50:56.758,29902.2481
2026-08-20 13:50:57.170,29990.0707
2026-08-20 13:50:57.593,29696.6686
2026-08-20 13:50:58.023,29445.4579
2026-08-20 13:50:58.436,29287.0363
2026-08-20 13:50:58.850,29348.812
2026-08-20 13:50:59.262,29544.4516
2026-08-20 13:50:59.676,29811.822
2026-08-20 13:51:00.090,30119.6126
2026-08-20 13:51:00.502,30450.1179
2026-08-20 13:51:00.914,30798.5045
2026-08-20 13:51:01.339,31161.5514
2026-08-20 13:51:01.755,31196.2925
2026-08-20 13:51:02.169,30821.6303
2026-08-20 13:51:02.597,30468.07
2026-08-20 13:51:03.018,30123.2274
2026-08-20 13:51:03.430,29806.6966
2026-08-20 13:51:03.911,29505.7686
2026-08-20 13:51:04.326,29330.7729
2026-08-20 13:51:04.743,29312.5844
2026-08-20 13:51:05.156,29469.9781
2026-08-20 13:51:05.578,29713.5236
2026-08-20 13:51:05.990,29998.6876
2026-08-20 13:51:06.404,29856.3701
2026-08-20 13:51:06.817,29574.4015
2026-08-20 13:51:07.246,29364.9007
2026-08-20 13:51:07.659,29277.2172
2026-08-20 13:51:08.085,29402.4296
2026-08-20 13:51:08.499,29633.5841
2026-08-20 13:51:08.915,29921.6082
2026-08-20 13:51:09.330,29937.0352
2026-08-20 13:51:09.758,29639.7932
2026-08-20 13:51:10.219,29398.8186
2026-08-20 13:51:10.639,29257.0084
2026-08-20 13:51:11.056,29248.2756
2026-08-20 13:51:11.469,29248.1996
2026-08-20 13:51:11.883,29248.1012
2026-08-20 13:51:12.300,29247.2736
2026-08-20 13:51:12.713,29246.5803
2026-08-20 13:51:13.127,29246.134
2026-08-20 13:51:13.561,29245.6716
2026-08-20 13:51:13.973,29245.246
2026-08-20 13:51:14.393,29244.7942
2026-08-20 13:51:14.820,29243.7042
2026-08-20 13:51:15.241,29243.0832
2026-08-20 13:51:15.674,29256.5944
2026-08-20 13:51:16.087,29392.5813
2026-08-20 13:51:16.498,29613.4523
2026-08-20 13:51:16.912,29895.086
2026-08-20 13:51:17.325,29958.4334
2026-08-20 13:51:17.757,29653.8974
2026-08-20 13:51:18.170,29411.1053
2026-08-20 13:51:18.606,29263.7836
2026-08-20 13:51:19.017,29341.745
2026-08-20 13:51:19.428,29542.5869
2026-08-20 13:51:19.855,29823.1281
2026-08-20 13:51:20.268,30132.4515
2026-08-20 13:51:20.681,30464.255
2026-08-20 13:51:21.148,30859.2602
2026-08-20 13:51:21.574,31216.9259
2026-08-20 13:51:21.991,31080.669
2026-08-20 13:51:22.406,30710.4021
2026-08-20 13:51:22.819,30360.795
2026-08-20 13:51:23.243,30032.1235
2026-08-20 13:51:23.655,29720.5314
2026-08-20 13:51:24.068,29467.9493
2026-08-20 13:51:24.495,29300.9077
2026-08-20 13:51:24.908,29296.6041
2026-08-20 13:51:25.335,29465.1775
2026-08-20 13:51:25.759,29713.7548
2026-08-20 13:51:26.179,29983.6974
2026-08-20 13:51:26.623,29794.0798
2026-08-20 13:51:27.037,29502.2118
2026-08-20 13:51:27.449,29311.5751
2026-08-20 13:51:27.862,29263.7716
2026-08-20 13:51:28.276,29409.6847
2026-08-20 13:51:28.689,29644.3173
2026-08-20 13:51:29.106,29938.4074
2026-08-20 13:51:29.554,29886.8995
2026-08-20 13:51:29.967,29575.1644
2026-08-20 13:51:30.393,29354.6215
2026-08-20 13:51:30.811,29234.16
2026-08-20 13:51:31.224,29226.5628
2026-08-20 13:51:31.636,29227.1991
2026-08-20 13:51:32.049,29227.2528
2026-08-20 13:51:32.462,29226.7174
2026-08-20 13:51:32.890,29226.0986
2026-08-20 13:51:33.326,29226.2229
2026-08-20 13:51:33.737,29225.9782
2026-08-20 13:51:34.164,29225.4243
2026-08-20 13:51:34.579,29224.8975
2026-08-20 13:51:35.004,29223.7024
2026-08-20 13:51:35.417,29221.7764
2026-08-20 13:51:35.836,29236.973
2026-08-20 13:51:36.262,29371.115
2026-08-20 13:51:36.679,29599.9245
2026-08-20 13:51:37.093,29886.276
2026-08-20 13:51:37.507,29917.8951
2026-08-20 13:51:37.927,29621.6499
2026-08-20 13:51:38.344,29380.8126
2026-08-20 13:51:38.759,29239.0461
2026-08-20 13:51:39.205,29316.0179
2026-08-20 13:51:39.619,29535.2879
2026-08-20 13:51:40.045,29810.1557
2026-08-20 13:51:40.458,30129.7145
2026-08-20 13:51:40.870,30461.4209
2026-08-20 13:51:41.282,30809.6547
2026-08-20 13:51:41.752,31170.0133
2026-08-20 13:51:42.170,31027.7652
2026-08-20 13:51:42.582,30663.5934
2026-08-20 13:51:43.001,30319.7103
2026-08-20 13:51:43.415,29988.2059
2026-08-20 13:51:43.831,29686.851
2026-08-20 13:51:44.244,29435.2866
2026-08-20 13:51:44.754,29253.0046
2026-08-20 13:51:45.168,29304.3862
2026-08-20 13:51:45.580,29487.166
2026-08-20 13:51:46.001,29747.9246
2026-08-20 13:51:46.413,29959.9073
2026-08-20 13:51:46.843,29707.8145
2026-08-20 13:51:47.272,29440.116
2026-08-20 13:51:47.766,29252.3588
2026-08-20 13:51:48.196,29286.5
2026-08-20 13:51:48.615,29477.1354
2026-08-20 13:51:49.029,29745.218
2026-08-20 13:51:49.442,29958.2049
2026-08-20 13:51:49.874,29702.7065
2026-08-20 13:51:50.303,29435.5355
2026-08-20 13:51:50.720,29255.2753
2026-08-20 13:51:51.134,29199.4554
2026-08-20 13:51:51.549,29201.9454
2026-08-20 13:51:51.963,29202.3269
2026-08-20 13:51:52.391,29202.0201
2026-08-20 13:51:52.807,29201.2884
2026-08-20 13:51:53.221,29200.9214
2026-08-20 13:51:53.640,29201.0955
2026-08-20 13:51:54.054,29201.1151
2026-08-20 13:51:54.471,29200.9625
2026-08-20 13:51:54.890,29200.8211
2026-08-20 13:51:55.305,29200.5844
2026-08-20 13:51:55.716,29200.6182
2026-08-20 13:51:56.128,29254.9746
2026-08-20 13:51:56.555,29426.5867
2026-08-20 13:51:56.971,29684.4022
2026-08-20 13:51:57.394,29950.5691
2026-08-20 13:51:57.808,29774.6752
2026-08-20 13:51:58.222,29497.8263
2026-08-20 13:51:58.633,29294.7719
2026-08-20 13:51:59.056,29222.4307
2026-08-20 13:51:59.468,29365.0669
2026-08-20 13:51:59.881,29594.9533
2026-08-20 13:52:00.294,29881.5013
2026-08-20 13:52:00.707,30198.0019
2026-08-20 13:52:01.119,30534.024
2026-08-20 13:52:01.585,30887.2582
2026-08-20 13:52:02.016,31204.0566
2026-08-20 13:52:02.428,30898.8751
2026-08-20 13:52:02.846,30541.4757
2026-08-20 13:52:03.260,30198.033
2026-08-20 13:52:03.673,29878.3023
2026-08-20 13:52:04.117,29589.2824
2026-08-20 13:52:04.530,29350.013
2026-08-20 13:52:04.951,29230.8894
2026-08-20 13:52:05.379,29311.6006
2026-08-20 13:52:05.793,29516.4504
2026-08-20 13:52:06.258,29824.3332
2026-08-20 13:52:06.671,29907.766
2026-08-20 13:52:07.084,29615.6861
2026-08-20 13:52:07.511,29368.655
2026-08-20 13:52:07.974,29224.6552
2026-08-20 13:52:08.392,29300.6626
2026-08-20 13:52:08.820,29508.9679
2026-08-20 13:52:09.254,29792.9796
2026-08-20 13:52:09.667,29929.3821
2026-08-20 13:52:10.103,29635.3067
2026-08-20 13:52:10.518,29383.7666
2026-08-20 13:52:10.935,29226.3286
2026-08-20 13:52:11.361,29192.6316
2026-08-20 13:52:11.774,29194.3998
2026-08-20 13:52:12.188,29194.8397
2026-08-20 13:52:12.616,29194.7005
2026-08-20 13:52:13.029,29194.1704
2026-08-20 13:52:13.442,29193.7401
2026-08-20 13:52:13.870,29193.4603
2026-08-20 13:52:14.284,29193.7889
2026-08-20 13:52:14.744,29193.9519
2026-08-20 13:52:15.170,29192.9834
2026-08-20 13:52:15.583,29192.1048
2026-08-20 13:52:16.009,29195.3228
2026-08-20 13:52:16.434,29300.4025
2026-08-20 13:52:16.898,29533.4719
2026-08-20 13:52:17.311,29817.01
2026-08-20 13:52:17.738,29922.8822
2026-08-20 13:52:18.151,29624.5528
2026-08-20 13:52:18.564,29378.837
2026-08-20 13:52:18.994,29220.3958
2026-08-20 13:52:19.419,29266.866
2026-08-20 13:52:19.833,29462.1674
2026-08-20 13:52:20.244,29725.3184
2026-08-20 13:52:20.658,30029.3853
2026-08-20 13:52:21.071,30357.6375
2026-08-20 13:52:21.490,30706.061
2026-08-20 13:52:21.936,31067.226
2026-08-20 13:52:22.349,31104.1501
2026-08-20 13:52:22.761,30734.2975
2026-08-20 13:52:23.174,30384.8777
2026-08-20 13:52:23.586,30053.7649
2026-08-20 13:52:24.009,29745.9253
2026-08-20 13:52:24.424,29471.6638
2026-08-20 13:52:24.837,29283.8459
2026-08-20 13:52:25.249,29226.6762
2026-08-20 13:52:25.680,29364.5371
2026-08-20 13:52:26.093,29593.1523
2026-08-20 13:52:26.514,29882.3251
2026-08-20 13:52:26.926,29830.3758
2026-08-20 13:52:27.339,29544.6805
2026-08-20 13:52:27.752,29323.2307
2026-08-20 13:52:28.172,29208.0229
2026-08-20 13:52:28.594,29303.354
2026-08-20 13:52:29.024,29518.107
2026-08-20 13:52:29.442,29803.6136
2026-08-20 13:52:29.856,29922.5953
2026-08-20 13:52:30.277,29633.7676
2026-08-20 13:52:30.690,29379.2093
2026-08-20 13:52:31.117,29217.7674
2026-08-20 13:52:31.530,29178.7338
2026-08-20 13:52:31.949,29180.5525
2026-08-20 13:52:32.376,29181.3912
2026-08-20 13:52:32.791,29182.1229
2026-08-20 13:52:33.210,29182.2246
2026-08-20 13:52:33.643,29182.3365
2026-08-20 13:52:34.057,29182.4712
2026-08-20 13:52:34.469,29182.7931
2026-08-20 13:52:34.881,29181.9689
2026-08-20 13:52:35.307,29181.9373
2026-08-20 13:52:35.720,29181.0224
2026-08-20 13:52:36.187,29184.6054
2026-08-20 13:52:36.600,29285.0683
2026-08-20 13:52:37.034,29493.175
2026-08-20 13:52:37.448,29765.9873
2026-08-20 13:52:37.875,29922.0026
2026-08-20 13:52:38.373,29585.5099
2026-08-20 13:52:38.787,29348.4647
2026-08-20 13:52:39.201,29201.8355
2026-08-20 13:52:39.627,29263.9219
2026-08-20 13:52:40.039,29464.2173
2026-08-20 13:52:40.454,29731.0312
2026-08-20 13:52:40.868,30039.7354
2026-08-20 13:52:41.281,30369.2169
2026-08-20 13:52:41.694,30716.1858
2026-08-20 13:52:42.108,31079.2666
2026-08-20 13:52:42.575,31042.4216
2026-08-20 13:52:42.994,30676.7504
2026-08-20 13:52:43.420,30324.9051
2026-08-20 13:52:43.833,29987.2749
2026-08-20 13:52:44.246,29684.8766
2026-08-20 13:52:44.684,29429.2059
2026-08-20 13:52:45.097,29248.7813
2026-08-20 13:52:45.516,29237.3788
2026-08-20 13:52:45.943,29396.0551
2026-08-20 13:52:46.356,29648.5508
2026-08-20 13:52:46.783,29926.0601
2026-08-20 13:52:47.195,29754.0879
2026-08-20 13:52:47.627,29479.5993
2026-08-20 13:52:48.041,29270.848
2026-08-20 13:52:48.454,29208.5283
2026-08-20 13:52:48.878,29346.2881
2026-08-20 13:52:49.291,29583.795
2026-08-20 13:52:49.704,29876.5068
2026-08-20 13:52:50.117,29845.5329
2026-08-20 13:52:50.583,29522.0208
2026-08-20 13:52:51.002,29306.0297
2026-08-20 13:52:51.415,29191.4701
2026-08-20 13:52:51.833,29185.4438
2026-08-20 13:52:52.245,29187.5467
2026-08-20 13:52:52.672,29188.4988
2026-08-20 13:52:53.098,29188.3161
2026-08-20 13:52:53.517,29188.1498
2026-08-20 13:52:53.930,29188.278
2026-08-20 13:52:54.351,29188.2196
2026-08-20 13:52:54.764,29187.6621
2026-08-20 13:52:55.183,29187.2543
2026-08-20 13:52:55.662,29186.6078
2026-08-20 13:52:56.075,29186.5786
2026-08-20 13:52:56.510,29216.5042
2026-08-20 13:52:56.922,29371.9148
2026-08-20 13:52:57.343,29606.7189
2026-08-20 13:52:57.758,29901.3273
2026-08-20 13:52:58.170,29841.0383
2026-08-20 13:52:58.584,29554.001
2026-08-20 13:52:59.004,29327.9053
2026-08-20 13:52:59.432,29206.5774
2026-08-20 13:52:59.846,29312.724
2026-08-20 13:53:00.258,29526.5245
2026-08-20 13:53:00.699,29804.703
2026-08-20 13:53:01.123,30141.7085
2026-08-20 13:53:01.537,30486.849
2026-08-20 13:53:01.949,30841.1378
2026-08-20 13:53:02.364,31185.2897
2026-08-20 13:53:02.776,31009.3528
2026-08-20 13:53:03.189,30645.3369
2026-08-20 13:53:03.607,30298.9266
2026-08-20 13:53:04.024,29968.9196
2026-08-20 13:53:04.450,29665.1826
2026-08-20 13:53:04.864,29410.147
2026-08-20 13:53:05.276,29251.8884
2026-08-20 13:53:05.699,29263.8636
2026-08-20 13:53:06.112,29435.3801
2026-08-20 13:53:06.552,29688.7253
2026-08-20 13:53:06.977,29950.9416
2026-08-20 13:53:07.391,29727.4725
2026-08-20 13:53:07.825,29453.1892
2026-08-20 13:53:08.240,29267.0397
2026-08-20 13:53:08.669,29238.9774
2026-08-20 13:53:09.083,29403.2861
2026-08-20 13:53:09.496,29648.4675
2026-08-20 13:53:09.909,29931.7366
2026-08-20 13:53:10.322,29805.1204
2026-08-20 13:53:10.736,29522.3279
2026-08-20 13:53:11.148,29309.2661
2026-08-20 13:53:11.574,29202.3759
2026-08-20 13:53:12.033,29198.74
2026-08-20 13:53:12.514,29200.3757
2026-08-20 13:53:12.932,29201.5562
2026-08-20 13:53:13.378,29200.9891
2026-08-20 13:53:13.793,29201.1314
2026-08-20 13:53:14.207,29200.6383
2026-08-20 13:53:14.707,29201.3946
2026-08-20 13:53:15.120,29200.634
2026-08-20 13:53:15.533,29199.9174
2026-08-20 13:53:15.946,29200.4485
2026-08-20 13:53:16.360,29200.6763
2026-08-20 13:53:16.773,29200.1944
2026-08-20 13:53:17.185,29200.195
2026-08-20 13:53:17.665,29199.2184
2026-08-20 13:53:18.078,29199.1449
2026-08-20 13:53:18.500,29198.9988
2026-08-20 13:53:18.917,29198.8871
2026-08-20 13:53:19.329,29199.5586
2026-08-20 13:53:19.742,29200.0266
2026-08-20 13:53:20.166,29199.4321
2026-08-20 13:53:20.580,29199.1496
2026-08-20 13:53:20.999,29198.0431
2026-08-20 13:53:21.413,29198.2389
2026-08-20 13:53:21.826,29199.088
2026-08-20 13:53:22.240,29198.7845
2026-08-20 13:53:22.658,29198.5501
2026-08-20 13:53:23.071,29198.4809
2026-08-20 13:53:23.484,29198.4498
2026-08-20 13:53:23.901,29198.3588
2026-08-20 13:53:24.314,29198.5862
2026-08-20 13:53:24.726,29199.2461
2026-08-20 13:53:25.153,29199.331
2026-08-20 13:53:25.565,29198.8337
2026-08-20 13:53:25.978,29199.0598
2026-08-20 13:53:26.390,29199.563
2026-08-20 13:53:26.807,29199.9819
2026-08-20 13:53:27.221,29200.3436
