Address,GPIB0::22::INSTR
Model,34461A
Serial Number:,MY60051737
Firmware Version,A.03.03-03.15-03.03-00.52-04-03
Start Time,2026-08-20 14:26:07.295
Stop Time,2026-08-20 14:52:10.163
,
Time (s),Channel 1 (Ω)
2026-08-20 14:26:07.781,28446.9093
2026-08-20 14:26:08.208,28446.4724
2026-08-20 14:26:08.620,28446.4467
2026-08-20 14:26:09.032,28446.2574
2026-08-20 14:26:09.446,28445.6359
2026-08-20 14:26:09.861,28444.5951
2026-08-20 14:26:10.285,28444.1317
2026-08-20 14:26:10.712,28443.4626
2026-08-20 14:26:11.126,28442.849
2026-08-20 14:26:11.551,28441.989
2026-08-20 14:26:11.974,28441.4258
2026-08-20 14:26:12.392,28441.0557
2026-08-20 14:26:12.859,28440.8183
2026-08-20 14:26:13.291,28440.2595
2026-08-20 14:26:13.704,28440.108
2026-08-20 14:26:14.117,28439.7962
2026-08-20 14:26:14.529,28439.6379
2026-08-20 14:26:14.944,28439.0247
2026-08-20 14:26:15.386,28438.4902
2026-08-20 14:26:15.812,28438.1051
2026-08-20 14:26:16.232,28437.705
2026-08-20 14:26:16.646,28437.1187
2026-08-20 14:26:17.074,28436.9188
2026-08-20 14:26:17.487,28436.347
2026-08-20 14:26:17.915,28435.8795
2026-08-20 14:26:18.332,28434.7559
2026-08-20 14:26:18.745,28432.9427
2026-08-20 14:26:19.168,28432.7071
2026-08-20 14:26:19.596,28432.2258
2026-08-20 14:26:20.010,28431.1524
2026-08-20 14:26:20.428,28430.7167
2026-08-20 14:26:20.894,28430.6878
2026-08-20 14:26:21.313,28430.8591
2026-08-20 14:26:21.739,28430.8551
2026-08-20 14:26:22.156,28430.7969
2026-08-20 14:26:22.583,28430.3112
2026-08-20 14:26:22.995,28430.3203
2026-08-20 14:26:23.430,28431.853
2026-08-20 14:26:23.847,28431.5865
2026-08-20 14:26:24.260,28431.3104
2026-08-20 14:26:24.676,28431.1374
2026-08-20 14:26:25.089,28430.4126
2026-08-20 14:26:25.503,28429.7635
2026-08-20 14:26:25.969,28429.5234
2026-08-20 14:26:26.399,28429.4375
2026-08-20 14:26:26.817,28429.1732
2026-08-20 14:26:27.231,28429.1195
2026-08-20 14:26:27.651,28428.9327
2026-08-20 14:26:28.064,28428.7535
2026-08-20 14:26:28.510,28428.4781
2026-08-20 14:26:28.923,28427.8855
2026-08-20 14:26:29.336,28427.1859
2026-08-20 14:26:29.757,28426.6865
2026-08-20 14:26:30.169,28426.2949
2026-08-20 14:26:30.645,28425.9326
2026-08-20 14:26:31.058,28425.4146
2026-08-20 14:26:31.471,28424.6547
2026-08-20 14:26:31.884,28424.3961
2026-08-20 14:26:32.300,28423.8132
2026-08-20 14:26:32.712,28422.9299
2026-08-20 14:26:33.124,28421.9678
2026-08-20 14:26:33.536,28420.7881
2026-08-20 14:26:33.950,28419.4296
2026-08-20 14:26:34.364,28419.6104
2026-08-20 14:26:34.777,28418.9497
2026-08-20 14:26:35.221,28418.4561
2026-08-20 14:26:35.644,28418.6015
2026-08-20 14:26:36.067,28418.1288
2026-08-20 14:26:36.484,28416.9191
2026-08-20 14:26:36.898,28416.1848
2026-08-20 14:26:37.340,28415.4441
2026-08-20 14:26:37.757,28414.7785
2026-08-20 14:26:38.178,28413.5207
2026-08-20 14:26:38.592,28412.9201
2026-08-20 14:26:39.005,28412.3363
2026-08-20 14:26:39.425,28412.1047
2026-08-20 14:26:39.839,28411.5625
2026-08-20 14:26:40.262,28411.2187
2026-08-20 14:26:40.690,28411.0009
2026-08-20 14:26:41.104,28410.0832
2026-08-20 14:26:41.517,28409.9757
2026-08-20 14:26:41.930,28409.2678
2026-08-20 14:26:42.358,28408.9743
2026-08-20 14:26:42.822,28408.4101
2026-08-20 14:26:43.241,28407.4317
2026-08-20 14:26:43.656,28407.4414
2026-08-20 14:26:44.082,28407.4798
2026-08-20 14:26:44.495,28406.9488
2026-08-20 14:26:44.925,28406.5854
2026-08-20 14:26:45.338,28406.4071
2026-08-20 14:26:45.752,28406.1764
2026-08-20 14:26:46.178,28405.7966
2026-08-20 14:26:46.590,28405.97
2026-08-20 14:26:47.018,28405.3393
2026-08-20 14:26:47.431,28405.2791
2026-08-20 14:26:47.897,28404.0268
2026-08-20 14:26:48.323,28403.0526
2026-08-20 14:26:48.735,28402.6017
2026-08-20 14:26:49.148,28402.368
2026-08-20 14:26:49.570,28401.7349
2026-08-20 14:26:49.982,28401.5743
2026-08-20 14:26:50.417,28400.9406
2026-08-20 14:26:50.846,28400.2127
2026-08-20 14:26:51.262,28398.9575
2026-08-20 14:26:51.675,28399.4579
2026-08-20 14:26:52.095,28399.184
2026-08-20 14:26:52.507,28398.3393
2026-08-20 14:26:52.919,28397.5484
2026-08-20 14:26:53.360,28397.053
2026-08-20 14:26:53.787,28396.559
2026-08-20 14:26:54.199,28396.4616
2026-08-20 14:26:54.611,28397.0002
2026-08-20 14:26:55.035,28395.8447
2026-08-20 14:26:55.466,28394.5979
2026-08-20 14:26:55.882,28394.0771
2026-08-20 14:26:56.297,28393.2993
2026-08-20 14:26:56.709,28392.7177
2026-08-20 14:26:57.122,28392.1579
2026-08-20 14:26:57.549,28391.6359
2026-08-20 14:26:58.015,28390.9041
2026-08-20 14:26:58.441,28411.9348
2026-08-20 14:26:58.855,28557.3013
2026-08-20 14:26:59.277,28779.939
2026-08-20 14:26:59.689,29067.6179
2026-08-20 14:27:00.202,29453.0856
2026-08-20 14:27:00.615,29804.2563
2026-08-20 14:27:01.027,30163.4497
2026-08-20 14:27:01.441,30392.8849
2026-08-20 14:27:01.903,30023.6319
2026-08-20 14:27:02.330,29664.8255
2026-08-20 14:27:02.749,29314.8802
2026-08-20 14:27:03.162,28995.7276
2026-08-20 14:27:03.576,28722.0412
2026-08-20 14:27:04.023,28522.7944
2026-08-20 14:27:04.442,28428.789
2026-08-20 14:27:04.857,28540.8518
2026-08-20 14:27:05.268,28748.1507
2026-08-20 14:27:05.681,29024.9416
2026-08-20 14:27:06.094,29092.6164
2026-08-20 14:27:06.511,28801.7083
2026-08-20 14:27:06.976,28542.6582
2026-08-20 14:27:07.402,28411.884
2026-08-20 14:27:07.814,28391.4642
2026-08-20 14:27:08.227,28391.4326
2026-08-20 14:27:08.691,28390.5543
2026-08-20 14:27:09.111,28389.2046
2026-08-20 14:27:09.523,28387.8857
2026-08-20 14:27:09.936,28387.2227
2026-08-20 14:27:10.348,28386.3671
2026-08-20 14:27:10.761,28385.2037
2026-08-20 14:27:11.174,28383.1319
2026-08-20 14:27:11.584,28381.9754
2026-08-20 14:27:12.004,28381.5925
2026-08-20 14:27:12.430,28387.2313
2026-08-20 14:27:12.858,28495.5221
2026-08-20 14:27:13.270,28701.9271
2026-08-20 14:27:13.683,28970.4489
2026-08-20 14:27:14.111,29290.3712
2026-08-20 14:27:14.532,29623.2613
2026-08-20 14:27:14.998,30027.9804
2026-08-20 14:27:15.411,30359.3753
2026-08-20 14:27:15.825,30149.7938
2026-08-20 14:27:16.238,29784.1324
2026-08-20 14:27:16.652,29437.5212
2026-08-20 14:27:17.066,29111.458
2026-08-20 14:27:17.497,28811.9295
2026-08-20 14:27:17.949,28554.7383
2026-08-20 14:27:18.376,28420.1541
2026-08-20 14:27:18.789,28465.2166
2026-08-20 14:27:19.207,28635.9627
2026-08-20 14:27:19.620,28892.4019
2026-08-20 14:27:20.032,29109.3947
2026-08-20 14:27:20.452,28872.6823
2026-08-20 14:27:20.867,28612.1347
2026-08-20 14:27:21.288,28439.471
2026-08-20 14:27:21.706,28375.5397
2026-08-20 14:27:22.120,28376.7017
2026-08-20 14:27:22.546,28376.2086
2026-08-20 14:27:22.958,28375.1654
2026-08-20 14:27:23.379,28374.2959
2026-08-20 14:27:23.791,28373.3955
2026-08-20 14:27:24.208,28372.6816
2026-08-20 14:27:24.622,28372.0904
2026-08-20 14:27:25.039,28371.4122
2026-08-20 14:27:25.452,28371.1324
2026-08-20 14:27:25.871,28371.1131
2026-08-20 14:27:26.289,28369.783
2026-08-20 14:27:26.713,28411.8396
2026-08-20 14:27:27.139,28573.0931
2026-08-20 14:27:27.551,28817.2943
2026-08-20 14:27:27.965,29108.5442
2026-08-20 14:27:28.377,29430.8573
2026-08-20 14:27:28.792,29772.4702
2026-08-20 14:27:29.271,30179.4228
2026-08-20 14:27:29.683,30321.6025
2026-08-20 14:27:30.110,29948.921
2026-08-20 14:27:30.522,29593.6927
2026-08-20 14:27:30.933,29258.2512
2026-08-20 14:27:31.345,28946.4178
2026-08-20 14:27:31.759,28676.6942
2026-08-20 14:27:32.204,28483.5285
2026-08-20 14:27:32.617,28399.763
2026-08-20 14:27:33.051,28516.3185
2026-08-20 14:27:33.477,28729.4917
2026-08-20 14:27:33.890,29019.0958
2026-08-20 14:27:34.314,29017.6642
2026-08-20 14:27:34.738,28722.7578
2026-08-20 14:27:35.153,28501.8189
2026-08-20 14:27:35.568,28380.8072
2026-08-20 14:27:35.980,28365.8596
2026-08-20 14:27:36.397,28367.3464
2026-08-20 14:27:36.811,28367.1622
2026-08-20 14:27:37.223,28366.3636
2026-08-20 14:27:37.640,28366.1748
2026-08-20 14:27:38.051,28366.5109
2026-08-20 14:27:38.465,28366.0616
2026-08-20 14:27:38.880,28365.504
2026-08-20 14:27:39.292,28364.8745
2026-08-20 14:27:39.719,28364.212
2026-08-20 14:27:40.138,28363.4569
2026-08-20 14:27:40.553,28368.1473
2026-08-20 14:27:41.014,28484.4654
2026-08-20 14:27:41.426,28686.0814
2026-08-20 14:27:41.840,28955.3224
2026-08-20 14:27:42.254,29265.6129
2026-08-20 14:27:42.666,29599.9717
2026-08-20 14:27:43.078,29949.9875
2026-08-20 14:27:43.525,30320.9968
2026-08-20 14:27:43.958,30166.451
2026-08-20 14:27:44.371,29782.3382
2026-08-20 14:27:44.798,29435.203
2026-08-20 14:27:45.209,29099.0228
2026-08-20 14:27:45.621,28804.2962
2026-08-20 14:27:46.048,28569.0702
2026-08-20 14:27:46.460,28416.5906
2026-08-20 14:27:46.882,28429.163
2026-08-20 14:27:47.310,28588.201
2026-08-20 14:27:47.725,28841.2775
2026-08-20 14:27:48.137,29089.066
2026-08-20 14:27:48.551,28886.0147
2026-08-20 14:27:48.976,28622.8692
2026-08-20 14:27:49.389,28438.307
2026-08-20 14:27:49.801,28365.2465
2026-08-20 14:27:50.214,28364.9214
2026-08-20 14:27:50.627,28365.1256
2026-08-20 14:27:51.040,28364.5661
2026-08-20 14:27:51.486,28363.4246
2026-08-20 14:27:51.914,28362.6523
2026-08-20 14:27:52.325,28362.0628
2026-08-20 14:27:52.740,28361.3854
2026-08-20 14:27:53.160,28359.9215
2026-08-20 14:27:53.585,28359.663
2026-08-20 14:27:53.997,28359.8962
2026-08-20 14:27:54.421,28358.9425
2026-08-20 14:27:54.833,28396.598
2026-08-20 14:27:55.268,28547.2511
2026-08-20 14:27:55.689,28792.3727
2026-08-20 14:27:56.102,29089.3614
2026-08-20 14:27:56.524,29410.2085
2026-08-20 14:27:56.940,29759.6441
2026-08-20 14:27:57.405,30168.6144
2026-08-20 14:27:57.820,30316.1179
2026-08-20 14:27:58.247,29956.2658
2026-08-20 14:27:58.663,29587.5163
2026-08-20 14:27:59.085,29249.4819
2026-08-20 14:27:59.502,28929.4381
2026-08-20 14:27:59.917,28657.4994
2026-08-20 14:28:00.332,28467.6126
2026-08-20 14:28:00.745,28389.0058
2026-08-20 14:28:01.159,28493.7969
2026-08-20 14:28:01.619,28725.3693
2026-08-20 14:28:02.047,29006.4976
2026-08-20 14:28:02.475,28984.2647
2026-08-20 14:28:02.886,28691.1155
2026-08-20 14:28:03.315,28481.1744
2026-08-20 14:28:03.732,28363.4729
2026-08-20 14:28:04.148,28353.7634
2026-08-20 14:28:04.575,28354.0403
2026-08-20 14:28:04.991,28353.4245
2026-08-20 14:28:05.403,28352.563
2026-08-20 14:28:05.831,28352.1746
2026-08-20 14:28:06.243,28351.5058
2026-08-20 14:28:06.657,28351.1036
2026-08-20 14:28:07.070,28350.5584
2026-08-20 14:28:07.482,28349.2091
2026-08-20 14:28:07.901,28348.5079
2026-08-20 14:28:08.366,28347.8361
2026-08-20 14:28:08.784,28362.507
2026-08-20 14:28:09.248,28507.2795
2026-08-20 14:28:09.675,28729.7556
2026-08-20 14:28:10.087,29022.8443
2026-08-20 14:28:10.501,29339.5572
2026-08-20 14:28:10.913,29678.3245
2026-08-20 14:28:11.334,30034.1693
2026-08-20 14:28:11.746,30337.2852
2026-08-20 14:28:12.166,30068.5002
2026-08-20 14:28:12.579,29700.4093
2026-08-20 14:28:12.996,29357.3
2026-08-20 14:28:13.423,29032.0587
2026-08-20 14:28:13.850,28733.9106
2026-08-20 14:28:14.304,28492.4265
2026-08-20 14:28:14.731,28381.058
2026-08-20 14:28:15.156,28456.1532
2026-08-20 14:28:15.568,28647.4229
2026-08-20 14:28:15.982,28912.5185
2026-08-20 14:28:16.418,29053.647
2026-08-20 14:28:16.845,28763.6745
2026-08-20 14:28:17.261,28523.7895
2026-08-20 14:28:17.678,28379.23
2026-08-20 14:28:18.097,28347.8553
2026-08-20 14:28:18.512,28348.4183
2026-08-20 14:28:18.926,28346.1442
2026-08-20 14:28:19.352,28345.1851
2026-08-20 14:28:19.784,28343.967
2026-08-20 14:28:20.197,28342.6614
2026-08-20 14:28:20.609,28341.9925
2026-08-20 14:28:21.044,28341.8934
2026-08-20 14:28:21.459,28341.6986
2026-08-20 14:28:21.873,28340.9486
2026-08-20 14:28:22.336,28340.4545
2026-08-20 14:28:22.770,28345.9716
2026-08-20 14:28:23.182,28448.0267
2026-08-20 14:28:23.610,28649.2975
2026-08-20 14:28:24.022,28916.6936
2026-08-20 14:28:24.455,29223.897
2026-08-20 14:28:24.875,29572.4837
2026-08-20 14:28:25.288,29930.6283
2026-08-20 14:28:25.702,30288.8117
2026-08-20 14:28:26.114,30162.4371
2026-08-20 14:28:26.526,29796.3502
2026-08-20 14:28:26.949,29447.9623
2026-08-20 14:28:27.362,29111.6451
2026-08-20 14:28:27.776,28810.85
2026-08-20 14:28:28.211,28558.4084
2026-08-20 14:28:28.638,28401.4146
2026-08-20 14:28:29.051,28400.2858
2026-08-20 14:28:29.470,28551.0991
2026-08-20 14:28:29.891,28791.6048
2026-08-20 14:28:30.318,29057.075
2026-08-20 14:28:30.737,28867.4347
2026-08-20 14:28:31.149,28600.1137
2026-08-20 14:28:31.589,28414.3027
2026-08-20 14:28:32.082,28338.5335
2026-08-20 14:28:32.507,28340.8699
2026-08-20 14:28:32.920,28341.364
2026-08-20 14:28:33.333,28340.5387
2026-08-20 14:28:33.746,28340.1182
2026-08-20 14:28:34.159,28339.8031
2026-08-20 14:28:34.620,28339.1872
2026-08-20 14:28:35.039,28338.6059
2026-08-20 14:28:35.466,28337.9719
2026-08-20 14:28:35.881,28337.4415
2026-08-20 14:28:36.293,28336.4684
2026-08-20 14:28:36.730,28336.5959
2026-08-20 14:28:37.146,28409.9927
2026-08-20 14:28:37.563,28588.7742
2026-08-20 14:28:37.975,28840.7388
2026-08-20 14:28:38.398,29140.5353
2026-08-20 14:28:38.810,29477.044
2026-08-20 14:28:39.223,29823.2969
2026-08-20 14:28:39.637,30186.6151
2026-08-20 14:28:40.066,30267.4539
2026-08-20 14:28:40.500,29887.6021
2026-08-20 14:28:40.916,29515.3243
2026-08-20 14:28:41.334,29180.2972
2026-08-20 14:28:41.760,28868.2925
2026-08-20 14:28:42.188,28601.7059
2026-08-20 14:28:42.622,28422.9502
2026-08-20 14:28:43.035,28382.2468
2026-08-20 14:28:43.447,28515.7127
2026-08-20 14:28:43.862,28736.8874
2026-08-20 14:28:44.278,29021.6537
2026-08-20 14:28:44.691,28940.2365
2026-08-20 14:28:45.108,28661.251
2026-08-20 14:28:45.521,28454.5507
2026-08-20 14:28:46.022,28340.5428
2026-08-20 14:28:46.448,28338.0162
2026-08-20 14:28:46.860,28338.8975
2026-08-20 14:28:47.272,28338.7351
2026-08-20 14:28:47.685,28338.0671
2026-08-20 14:28:48.097,28337.5964
2026-08-20 14:28:48.510,28337.1409
2026-08-20 14:28:48.922,28336.3176
2026-08-20 14:28:49.334,28335.1952
2026-08-20 14:28:49.747,28334.1444
2026-08-20 14:28:50.188,28333.1346
2026-08-20 14:28:50.607,28332.5712
2026-08-20 14:28:51.020,28356.0065
2026-08-20 14:28:51.446,28491.0445
2026-08-20 14:28:51.874,28718.0424
2026-08-20 14:28:52.327,29041.7897
2026-08-20 14:28:52.753,29361.6586
2026-08-20 14:28:53.166,29712.0616
2026-08-20 14:28:53.579,30069.824
2026-08-20 14:28:54.012,30313.8657
2026-08-20 14:28:54.446,29983.9215
2026-08-20 14:28:54.860,29606.0126
2026-08-20 14:28:55.274,29266.3012
2026-08-20 14:28:55.685,28948.6981
2026-08-20 14:28:56.098,28671.4634
2026-08-20 14:28:56.511,28467.5044
2026-08-20 14:28:56.974,28359.5921
2026-08-20 14:28:57.406,28446.3313
2026-08-20 14:28:57.818,28642.9694
2026-08-20 14:28:58.250,28922.8057
2026-08-20 14:28:58.663,29017.1828
2026-08-20 14:28:59.076,28730.153
2026-08-20 14:28:59.507,28498.645
2026-08-20 14:28:59.921,28354.2884
2026-08-20 14:29:00.336,28329.7869
2026-08-20 14:29:00.747,28331.258
2026-08-20 14:29:01.164,28331.2078
2026-08-20 14:29:01.591,28330.8395
2026-08-20 14:29:02.004,28330.503
2026-08-20 14:29:02.444,28329.8324
2026-08-20 14:29:02.862,28330.0051
2026-08-20 14:29:03.274,28329.5781
2026-08-20 14:29:03.702,28329.0336
2026-08-20 14:29:04.113,28328.3427
2026-08-20 14:29:04.560,28327.2583
2026-08-20 14:29:04.972,28331.0902
2026-08-20 14:29:05.392,28427.484
2026-08-20 14:29:05.808,28621.9239
2026-08-20 14:29:06.225,28888.3984
2026-08-20 14:29:06.686,29237.1837
2026-08-20 14:29:07.100,29572.8578
2026-08-20 14:29:07.517,29926.9943
2026-08-20 14:29:07.937,30288.4498
2026-08-20 14:29:08.349,30142.9012
2026-08-20 14:29:08.819,29775.9675
2026-08-20 14:29:09.267,29352.713
2026-08-20 14:29:09.681,29027.4993
2026-08-20 14:29:10.093,28734.9317
2026-08-20 14:29:10.506,28508.8092
2026-08-20 14:29:10.971,28365.6642
2026-08-20 14:29:11.383,28420.6938
2026-08-20 14:29:11.809,28594.0346
2026-08-20 14:29:12.225,28860.1664
2026-08-20 14:29:12.637,29052.7101
2026-08-20 14:29:13.098,28760.6962
2026-08-20 14:29:13.512,28521.4039
2026-08-20 14:29:13.939,28369.2953
2026-08-20 14:29:14.353,28330.2791
2026-08-20 14:29:14.766,28331.2684
2026-08-20 14:29:15.178,28331.3997
2026-08-20 14:29:15.589,28330.5591
2026-08-20 14:29:16.048,28329.1334
2026-08-20 14:29:16.495,28328.448
2026-08-20 14:29:16.908,28327.9136
2026-08-20 14:29:17.322,28327.3816
2026-08-20 14:29:17.740,28326.4632
2026-08-20 14:29:18.153,28325.696
2026-08-20 14:29:18.566,28325.6257
2026-08-20 14:29:18.989,28327.077
2026-08-20 14:29:19.418,28415.1224
2026-08-20 14:29:19.830,28600.714
2026-08-20 14:29:20.257,28859.5207
2026-08-20 14:29:20.684,29174.9112
2026-08-20 14:29:21.108,29517.4329
2026-08-20 14:29:21.532,29877.9531
2026-08-20 14:29:21.946,30253.7295
2026-08-20 14:29:22.359,30195.6971
2026-08-20 14:29:22.771,29825.0095
2026-08-20 14:29:23.184,29473.772
2026-08-20 14:29:23.598,29141.1903
2026-08-20 14:29:24.012,28834.0863
2026-08-20 14:29:24.442,28576.5341
2026-08-20 14:29:24.863,28403.3484
2026-08-20 14:29:25.276,28371.2422
2026-08-20 14:29:25.690,28507.2181
2026-08-20 14:29:26.119,28743.1169
2026-08-20 14:29:26.545,29025.744
2026-08-20 14:29:27.024,28865.5806
2026-08-20 14:29:27.436,28590.7322
2026-08-20 14:29:27.848,28407.838
2026-08-20 14:29:28.274,28327.5438
2026-08-20 14:29:28.691,28325.6512
2026-08-20 14:29:29.121,28326.5233
2026-08-20 14:29:29.547,28325.9251
2026-08-20 14:29:29.974,28324.9872
2026-08-20 14:29:30.389,28324.4496
2026-08-20 14:29:30.801,28323.2399
2026-08-20 14:29:31.247,28322.4254
2026-08-20 14:29:31.666,28321.9073
2026-08-20 14:29:32.083,28321.4341
2026-08-20 14:29:32.497,28321.0085
2026-08-20 14:29:32.911,28320.7925
2026-08-20 14:29:33.326,28360.3235
2026-08-20 14:29:33.742,28512.6267
2026-08-20 14:29:34.155,28746.1625
2026-08-20 14:29:34.581,29038.0333
2026-08-20 14:29:35.002,29370.2357
2026-08-20 14:29:35.416,29720.0572
2026-08-20 14:29:35.828,30080.9963
2026-08-20 14:29:36.261,30303.5162
2026-08-20 14:29:36.675,29961.5891
2026-08-20 14:29:37.088,29601.204
2026-08-20 14:29:37.500,29260.8373
2026-08-20 14:29:37.926,28943.352
2026-08-20 14:29:38.341,28655.8829
2026-08-20 14:29:38.781,28452.3185
2026-08-20 14:29:39.195,28351.4141
2026-08-20 14:29:39.623,28444.8361
2026-08-20 14:29:40.043,28649.1394
2026-08-20 14:29:40.455,28929.1887
2026-08-20 14:29:40.884,28999.0708
2026-08-20 14:29:41.304,28707.1787
2026-08-20 14:29:41.729,28477.7749
2026-08-20 14:29:42.158,28342.4329
2026-08-20 14:29:42.573,28321.0657
2026-08-20 14:29:42.986,28321.4355
2026-08-20 14:29:43.412,28321.9809
2026-08-20 14:29:43.830,28321.0429
2026-08-20 14:29:44.242,28320.7018
2026-08-20 14:29:44.667,28320.2936
2026-08-20 14:29:45.080,28319.3456
2026-08-20 14:29:45.501,28319.2517
2026-08-20 14:29:45.967,28318.4773
2026-08-20 14:29:46.382,28318.2443
2026-08-20 14:29:46.794,28318.2758
2026-08-20 14:29:47.208,28326.3462
2026-08-20 14:29:47.621,28434.388
2026-08-20 14:29:48.034,28633.0204
2026-08-20 14:29:48.446,28902.3506
2026-08-20 14:29:48.912,29255.3148
2026-08-20 14:29:49.325,29593.1861
2026-08-20 14:29:49.744,29949.1416
2026-08-20 14:29:50.156,30302.0516
2026-08-20 14:29:50.568,30123.9898
2026-08-20 14:29:50.990,29756.6025
2026-08-20 14:29:51.416,29400.412
2026-08-20 14:29:51.849,29061.4716
2026-08-20 14:29:52.275,28750.338
2026-08-20 14:29:52.693,28511.783
2026-08-20 14:29:53.110,28368.4685
2026-08-20 14:29:53.524,28395.6552
2026-08-20 14:29:53.936,28556.9971
2026-08-20 14:29:54.360,28803.4966
2026-08-20 14:29:54.773,29049.8742
2026-08-20 14:29:55.185,28831.7778
2026-08-20 14:29:55.607,28571.4171
2026-08-20 14:29:56.021,28391.9149
2026-08-20 14:29:56.440,28323.2408
2026-08-20 14:29:56.853,28324.0922
2026-08-20 14:29:57.267,28324.0682
2026-08-20 14:29:57.679,28323.2456
2026-08-20 14:29:58.103,28322.8037
2026-08-20 14:29:58.537,28322.3528
2026-08-20 14:29:58.963,28322.0323
2026-08-20 14:29:59.376,28320.8731
2026-08-20 14:29:59.792,28320.0917
2026-08-20 14:30:00.207,28319.4434
2026-08-20 14:30:00.670,28318.933
2026-08-20 14:30:01.082,28318.0375
2026-08-20 14:30:01.508,28372.2286
2026-08-20 14:30:01.921,28534.3992
2026-08-20 14:30:02.359,28785.6173
2026-08-20 14:30:02.773,29091.5858
2026-08-20 14:30:03.186,29419.6529
2026-08-20 14:30:03.611,29767.7375
2026-08-20 14:30:04.024,30141.4691
2026-08-20 14:30:04.449,30285.6806
2026-08-20 14:30:04.863,29913.6465
2026-08-20 14:30:05.289,29545.0138
2026-08-20 14:30:05.734,29207.3288
2026-08-20 14:30:06.155,28869.4803
2026-08-20 14:30:06.576,28599.6185
2026-08-20 14:30:06.988,28415.1152
2026-08-20 14:30:07.414,28354.5891
2026-08-20 14:30:07.828,28478.3727
2026-08-20 14:30:08.247,28693.2217
2026-08-20 14:30:08.680,28981.9926
2026-08-20 14:30:09.098,28939.2364
2026-08-20 14:30:09.513,28651.5957
2026-08-20 14:30:09.929,28440.133
2026-08-20 14:30:10.344,28327.584
2026-08-20 14:30:10.757,28316.956
2026-08-20 14:30:11.218,28317.1259
2026-08-20 14:30:11.635,28317.1796
2026-08-20 14:30:12.049,28316.1018
2026-08-20 14:30:12.465,28315.7729
2026-08-20 14:30:12.879,28315.7442
2026-08-20 14:30:13.290,28315.0245
2026-08-20 14:30:13.703,28314.3819
2026-08-20 14:30:14.205,28313.5795
2026-08-20 14:30:14.617,28313.424
2026-08-20 14:30:15.030,28312.6585
2026-08-20 14:30:15.449,28334.8762
2026-08-20 14:30:15.866,28471.6439
2026-08-20 14:30:16.288,28693.7714
2026-08-20 14:30:16.715,28984.5358
2026-08-20 14:30:17.127,29314.2121
2026-08-20 14:30:17.552,29654.5926
2026-08-20 14:30:17.971,30023.2298
2026-08-20 14:30:18.384,30311.5611
2026-08-20 14:30:18.798,30025.6253
2026-08-20 14:30:19.210,29661.2306
2026-08-20 14:30:19.637,29304.4265
2026-08-20 14:30:20.059,28982.0732
2026-08-20 14:30:20.525,28654.893
2026-08-20 14:30:20.938,28449.0504
2026-08-20 14:30:21.355,28342.2261
2026-08-20 14:30:21.772,28418.0935
2026-08-20 14:30:22.200,28606.2705
2026-08-20 14:30:22.658,28916.1283
2026-08-20 14:30:23.084,28985.7548
2026-08-20 14:30:23.499,28695.23
2026-08-20 14:30:23.925,28468.2872
2026-08-20 14:30:24.338,28330.8807
2026-08-20 14:30:24.770,28310.0111
2026-08-20 14:30:25.211,28310.7232
2026-08-20 14:30:25.625,28310.3213
2026-08-20 14:30:26.044,28309.6588
2026-08-20 14:30:26.455,28308.7975
2026-08-20 14:30:26.889,28308.7297
2026-08-20 14:30:27.302,28308.2802
2026-08-20 14:30:27.723,28307.4148
2026-08-20 14:30:28.137,28306.8145
2026-08-20 14:30:28.552,28306.1749
2026-08-20 14:30:28.978,28305.6127
2026-08-20 14:30:29.390,28311.8397
2026-08-20 14:30:29.835,28414.7916
2026-08-20 14:30:30.248,28628.7698
2026-08-20 14:30:30.660,28901.0192
2026-08-20 14:30:31.086,29223.7621
2026-08-20 14:30:31.506,29559.587
2026-08-20 14:30:31.919,29919.7709
2026-08-20 14:30:32.338,30275.761
2026-08-20 14:30:32.760,30120.7607
2026-08-20 14:30:33.220,29703.3953
2026-08-20 14:30:33.635,29356.8406
2026-08-20 14:30:34.046,29029.3135
2026-08-20 14:30:34.459,28734.6237
2026-08-20 14:30:34.874,28501.7594
2026-08-20 14:30:35.294,28357.5071
2026-08-20 14:30:35.770,28394.8283
2026-08-20 14:30:36.184,28569.3888
2026-08-20 14:30:36.599,28826.6447
2026-08-20 14:30:37.012,29033.4675
2026-08-20 14:30:37.424,28784.0406
2026-08-20 14:30:37.868,28530.7271
2026-08-20 14:30:38.297,28350.4545
2026-08-20 14:30:38.714,28305.0044
2026-08-20 14:30:39.127,28306.0148
2026-08-20 14:30:39.541,28307.236
2026-08-20 14:30:40.002,28307.0904
2026-08-20 14:30:40.426,28306.4476
2026-08-20 14:30:40.841,28306.0587
2026-08-20 14:30:41.255,28305.3349
2026-08-20 14:30:41.666,28305.0733
2026-08-20 14:30:42.148,28304.4025
2026-08-20 14:30:42.567,28304.2118
2026-08-20 14:30:42.993,28303.453
2026-08-20 14:30:43.406,28305.4459
2026-08-20 14:30:43.842,28398.9651
2026-08-20 14:30:44.255,28591.6148
2026-08-20 14:30:44.672,28855.6734
2026-08-20 14:30:45.091,29166.2178
2026-08-20 14:30:45.509,29503.9528
2026-08-20 14:30:45.921,29859.2862
2026-08-20 14:30:46.333,30224.8526
2026-08-20 14:30:46.827,30101.0328
2026-08-20 14:30:47.239,29729.286
2026-08-20 14:30:47.651,29381.2002
2026-08-20 14:30:48.068,29053.3017
2026-08-20 14:30:48.481,28751.161
2026-08-20 14:30:48.914,28504.2357
2026-08-20 14:30:49.346,28353.9414
2026-08-20 14:30:49.757,28367.5664
2026-08-20 14:30:50.176,28523.5546
2026-08-20 14:30:50.589,28770.5541
2026-08-20 14:30:51.001,29023.4121
2026-08-20 14:30:51.414,28826.6579
2026-08-20 14:30:51.878,28561.528
2026-08-20 14:30:52.297,28360.8124
2026-08-20 14:30:52.723,28297.6714
2026-08-20 14:30:53.135,28299.7205
2026-08-20 14:30:53.558,28298.993
2026-08-20 14:30:53.975,28297.1479
2026-08-20 14:30:54.394,28296.9975
2026-08-20 14:30:54.809,28296.5232
2026-08-20 14:30:55.229,28296.1354
2026-08-20 14:30:55.643,28295.3339
2026-08-20 14:30:56.067,28294.342
2026-08-20 14:30:56.480,28293.9582
2026-08-20 14:30:56.897,28293.5115
2026-08-20 14:30:57.360,28293.33
2026-08-20 14:30:57.784,28349.2912
2026-08-20 14:30:58.199,28519.4704
2026-08-20 14:30:58.611,28765.24
2026-08-20 14:30:59.024,29062.2718
2026-08-20 14:30:59.437,29388.2137
2026-08-20 14:30:59.857,29738.0467
2026-08-20 14:31:00.285,30114.3741
2026-08-20 14:31:00.704,30248.7689
2026-08-20 14:31:01.118,29883.2939
2026-08-20 14:31:01.532,29524.7851
2026-08-20 14:31:01.958,29186.2941
2026-08-20 14:31:02.377,28862.3575
2026-08-20 14:31:02.806,28585.8416
2026-08-20 14:31:03.238,28395.1978
2026-08-20 14:31:03.653,28324.2947
2026-08-20 14:31:04.065,28439.6447
2026-08-20 14:31:04.492,28648.1639
2026-08-20 14:31:04.905,28939.4262
2026-08-20 14:31:05.318,28932.0217
2026-08-20 14:31:05.743,28643.9409
2026-08-20 14:31:06.179,28422.1598
2026-08-20 14:31:06.591,28300.3668
2026-08-20 14:31:07.004,28289.8822
2026-08-20 14:31:07.416,28290.8938
2026-08-20 14:31:07.829,28289.9359
2026-08-20 14:31:08.255,28289.121
2026-08-20 14:31:08.669,28288.505
2026-08-20 14:31:09.081,28287.8104
2026-08-20 14:31:09.501,28287.778
2026-08-20 14:31:09.914,28287.1608
2026-08-20 14:31:10.326,28285.9364
2026-08-20 14:31:10.738,28284.824
2026-08-20 14:31:11.151,28284.1553
2026-08-20 14:31:11.624,28289.1958
2026-08-20 14:31:12.052,28413.0183
2026-08-20 14:31:12.465,28624.2245
2026-08-20 14:31:12.891,28898.2731
2026-08-20 14:31:13.305,29223.1513
2026-08-20 14:31:13.737,29577.0945
2026-08-20 14:31:14.151,29933.2884
2026-08-20 14:31:14.573,30267.7155
2026-08-20 14:31:14.986,30049.7467
2026-08-20 14:31:15.400,29684.1898
2026-08-20 14:31:15.819,29336.366
2026-08-20 14:31:16.231,29005.4516
2026-08-20 14:31:16.643,28710.5953
2026-08-20 14:31:17.057,28477.7592
2026-08-20 14:31:17.571,28319.933
2026-08-20 14:31:17.992,28384.2872
2026-08-20 14:31:18.407,28567.7588
2026-08-20 14:31:18.819,28831.8361
2026-08-20 14:31:19.232,29002.3821
2026-08-20 14:31:19.645,28733.6801
2026-08-20 14:31:20.066,28488.0758
2026-08-20 14:31:20.483,28328.0401
2026-08-20 14:31:20.901,28283.5381
2026-08-20 14:31:21.313,28284.8673
2026-08-20 14:31:21.745,28284.5563
2026-08-20 14:31:22.159,28283.6704
2026-08-20 14:31:22.586,28283.4315
2026-08-20 14:31:23.024,28282.4661
2026-08-20 14:31:23.451,28281.6974
2026-08-20 14:31:23.867,28281.2324
2026-08-20 14:31:24.281,28280.4268
2026-08-20 14:31:24.694,28279.7963
2026-08-20 14:31:25.107,28279.2908
2026-08-20 14:31:25.552,28279.6943
2026-08-20 14:31:25.965,28358.3641
2026-08-20 14:31:26.388,28535.6852
2026-08-20 14:31:26.802,28798.5253
2026-08-20 14:31:27.222,29103.2572
2026-08-20 14:31:27.636,29440.1144
2026-08-20 14:31:28.097,29831.8983
2026-08-20 14:31:28.511,30199.1351
2026-08-20 14:31:28.930,30158.8015
2026-08-20 14:31:29.347,29782.9859
2026-08-20 14:31:29.762,29426.5875
2026-08-20 14:31:30.176,29092.3953
2026-08-20 14:31:30.589,28785.173
2026-08-20 14:31:31.056,28503.9013
2026-08-20 14:31:31.480,28346.5171
2026-08-20 14:31:31.893,28335.8608
2026-08-20 14:31:32.307,28482.4787
2026-08-20 14:31:32.723,28716.6876
2026-08-20 14:31:33.135,28993.0079
2026-08-20 14:31:33.548,28845.0001
2026-08-20 14:31:33.994,28565.3539
2026-08-20 14:31:34.423,28367.006
2026-08-20 14:31:34.836,28282.1397
2026-08-20 14:31:35.248,28281.5542
2026-08-20 14:31:35.662,28282.1664
2026-08-20 14:31:36.076,28281.8976
2026-08-20 14:31:36.489,28281.6638
2026-08-20 14:31:36.901,28281.4322
2026-08-20 14:31:37.345,28280.856
2026-08-20 14:31:37.772,28280.492
2026-08-20 14:31:38.185,28279.3453
2026-08-20 14:31:38.598,28278.8412
2026-08-20 14:31:39.011,28278.4237
2026-08-20 14:31:39.423,28277.9113
2026-08-20 14:31:39.850,28306.435
2026-08-20 14:31:40.262,28446.8995
2026-08-20 14:31:40.691,28669.618
2026-08-20 14:31:41.104,28967.4119
2026-08-20 14:31:41.518,29287.4293
2026-08-20 14:31:41.930,29629.3014
2026-08-20 14:31:42.343,29986.0569
2026-08-20 14:31:42.756,30273.6081
2026-08-20 14:31:43.177,29992.2398
2026-08-20 14:31:43.594,29621.1351
2026-08-20 14:31:44.010,29274.2163
2026-08-20 14:31:44.432,28951.2604
2026-08-20 14:31:44.844,28658.046
2026-08-20 14:31:45.271,28434.9389
2026-08-20 14:31:45.696,28314.6728
2026-08-20 14:31:46.109,28377.7295
2026-08-20 14:31:46.521,28555.731
2026-08-20 14:31:46.967,28838.9749
2026-08-20 14:31:47.401,28986.2764
2026-08-20 14:31:47.813,28701.952
2026-08-20 14:31:48.248,28457.0929
2026-08-20 14:31:48.666,28309.577
2026-08-20 14:31:49.078,28277.74
2026-08-20 14:31:49.508,28278.3916
2026-08-20 14:31:49.922,28279.4119
2026-08-20 14:31:50.335,28278.9642
2026-08-20 14:31:50.749,28278.6718
2026-08-20 14:31:51.215,28277.9064
2026-08-20 14:31:51.632,28277.0244
2026-08-20 14:31:52.045,28276.2846
2026-08-20 14:31:52.456,28275.727
2026-08-20 14:31:52.868,28275.0304
2026-08-20 14:31:53.295,28274.3338
2026-08-20 14:31:53.708,28277.2697
2026-08-20 14:31:54.136,28368.7432
2026-08-20 14:31:54.572,28556.1792
2026-08-20 14:31:54.987,28833.7812
2026-08-20 14:31:55.403,29143.7431
2026-08-20 14:31:55.819,29481.5736
2026-08-20 14:31:56.286,29835.6914
2026-08-20 14:31:56.716,30242.4967
2026-08-20 14:31:57.134,30081.7705
2026-08-20 14:31:57.553,29709.9718
2026-08-20 14:31:57.973,29355.39
2026-08-20 14:31:58.387,29021.5898
2026-08-20 14:31:58.814,28722.0434
2026-08-20 14:31:59.225,28477.2389
2026-08-20 14:31:59.653,28330.5333
2026-08-20 14:32:00.071,28346.2559
2026-08-20 14:32:00.496,28506.598
2026-08-20 14:32:00.918,28760.1795
2026-08-20 14:32:01.331,29005.7803
2026-08-20 14:32:01.752,28789.3385
2026-08-20 14:32:02.164,28523.3268
2026-08-20 14:32:02.608,28348.1775
2026-08-20 14:32:03.021,28278.0129
2026-08-20 14:32:03.436,28279.685
2026-08-20 14:32:03.850,28279.9709
2026-08-20 14:32:04.278,28280.2983
2026-08-20 14:32:04.691,28279.5977
2026-08-20 14:32:05.105,28279.1777
2026-08-20 14:32:05.550,28278.1443
2026-08-20 14:32:05.964,28276.7108
2026-08-20 14:32:06.389,28276.2474
2026-08-20 14:32:06.801,28275.5796
2026-08-20 14:32:07.214,28274.8183
2026-08-20 14:32:07.677,28274.3789
2026-08-20 14:32:08.103,28334.6293
2026-08-20 14:32:08.516,28508.8802
2026-08-20 14:32:08.928,28756.0331
2026-08-20 14:32:09.341,29054.2997
2026-08-20 14:32:09.752,29380.8712
2026-08-20 14:32:10.165,29726.8068
2026-08-20 14:32:10.578,30090.0736
2026-08-20 14:32:10.995,30244.5328
2026-08-20 14:32:11.435,29883.4091
2026-08-20 14:32:11.856,29503.7289
2026-08-20 14:32:12.274,29159.6797
2026-08-20 14:32:12.687,28841.3424
2026-08-20 14:32:13.102,28572.0528
2026-08-20 14:32:13.515,28383.0084
2026-08-20 14:32:13.932,28307.131
2026-08-20 14:32:14.364,28414.4978
2026-08-20 14:32:14.783,28629.9562
2026-08-20 14:32:15.207,28915.016
2026-08-20 14:32:15.629,28917.3473
2026-08-20 14:32:16.043,28623.0419
2026-08-20 14:32:16.508,28386.8323
2026-08-20 14:32:16.931,28281.3136
2026-08-20 14:32:17.343,28272.974
2026-08-20 14:32:17.771,28273.1753
2026-08-20 14:32:18.189,28272.6031
2026-08-20 14:32:18.620,28271.5764
2026-08-20 14:32:19.032,28270.9043
2026-08-20 14:32:19.446,28270.5603
2026-08-20 14:32:19.862,28269.4611
2026-08-20 14:32:20.275,28268.8553
2026-08-20 14:32:20.687,28267.959
2026-08-20 14:32:21.100,28266.928
2026-08-20 14:32:21.530,28266.235
2026-08-20 14:32:22.023,28292.9603
2026-08-20 14:32:22.437,28432.6899
2026-08-20 14:32:22.851,28655.0441
2026-08-20 14:32:23.268,28944.1967
2026-08-20 14:32:23.681,29262.8562
2026-08-20 14:32:24.093,29603.0626
2026-08-20 14:32:24.514,29960.3261
2026-08-20 14:32:24.925,30261.8867
2026-08-20 14:32:25.339,29990.7345
2026-08-20 14:32:25.765,29625.9673
2026-08-20 14:32:26.178,29270.0041
2026-08-20 14:32:26.638,28911.6935
2026-08-20 14:32:27.050,28628.0747
2026-08-20 14:32:27.473,28416.539
2026-08-20 14:32:27.888,28299.7224
2026-08-20 14:32:28.354,28369.3254
2026-08-20 14:32:28.773,28583.5484
2026-08-20 14:32:29.200,28854.6331
2026-08-20 14:32:29.612,28953.8854
2026-08-20 14:32:30.025,28664.8842
2026-08-20 14:32:30.437,28434.0398
2026-08-20 14:32:30.853,28293.8489
2026-08-20 14:32:31.265,28265.1536
2026-08-20 14:32:31.705,28265.1856
2026-08-20 14:32:32.131,28265.7424
2026-08-20 14:32:32.558,28264.9957
2026-08-20 14:32:32.975,28264.445
2026-08-20 14:32:33.388,28263.5122
2026-08-20 14:32:33.829,28262.7383
2026-08-20 14:32:34.255,28262.0739
2026-08-20 14:32:34.670,28262.0578
2026-08-20 14:32:35.084,28261.0881
2026-08-20 14:32:35.547,28260.3739
2026-08-20 14:32:35.966,28268.3024
2026-08-20 14:32:36.378,28376.5198
2026-08-20 14:32:36.799,28576.3784
2026-08-20 14:32:37.216,28852.5333
2026-08-20 14:32:37.629,29167.3604
2026-08-20 14:32:38.053,29502.4245
2026-08-20 14:32:38.466,29865.3695
2026-08-20 14:32:38.883,30221.7243
2026-08-20 14:32:39.295,30073.373
2026-08-20 14:32:39.712,29707.0025
2026-08-20 14:32:40.126,29354.3201
2026-08-20 14:32:40.538,29024.2896
2026-08-20 14:32:40.964,28723.742
2026-08-20 14:32:41.376,28474.8987
2026-08-20 14:32:41.788,28322.1995
2026-08-20 14:32:42.252,28317.2239
2026-08-20 14:32:42.680,28491.5401
2026-08-20 14:32:43.105,28743.506
2026-08-20 14:32:43.518,28985.7222
2026-08-20 14:32:43.947,28752.2095
2026-08-20 14:32:44.360,28495.3261
2026-08-20 14:32:44.780,28323.3846
2026-08-20 14:32:45.192,28258.1284
2026-08-20 14:32:45.613,28258.2596
2026-08-20 14:32:46.025,28259.1214
2026-08-20 14:32:46.448,28259.2008
2026-08-20 14:32:46.927,28258.1436
2026-08-20 14:32:47.339,28257.0263
2026-08-20 14:32:47.751,28256.3848
2026-08-20 14:32:48.164,28255.9602
2026-08-20 14:32:48.591,28255.3245
2026-08-20 14:32:49.029,28254.5209
2026-08-20 14:32:49.441,28253.5065
2026-08-20 14:32:49.853,28252.6613
2026-08-20 14:32:50.266,28312.231
2026-08-20 14:32:50.681,28478.0633
2026-08-20 14:32:51.097,28723.6066
2026-08-20 14:32:51.511,29022.8784
2026-08-20 14:32:51.975,29388.4809
2026-08-20 14:32:52.387,29738.2306
2026-08-20 14:32:52.820,30115.2457
2026-08-20 14:32:53.233,30173.1459
2026-08-20 14:32:53.652,29801.7403
2026-08-20 14:32:54.072,29440.6998
2026-08-20 14:32:54.489,29100.0781
2026-08-20 14:32:54.923,28787.3338
2026-08-20 14:32:55.348,28506.6655
2026-08-20 14:32:55.761,28335.5289
2026-08-20 14:32:56.179,28289.1984
2026-08-20 14:32:56.598,28417.1494
2026-08-20 14:32:57.033,28639.1435
2026-08-20 14:32:57.448,28936.9415
2026-08-20 14:32:57.859,28842.1533
2026-08-20 14:32:58.282,28564.6946
2026-08-20 14:32:58.695,28358.0123
2026-08-20 14:32:59.121,28255.5074
2026-08-20 14:32:59.534,28248.6173
2026-08-20 14:32:59.972,28249.1393
2026-08-20 14:33:00.384,28248.5516
2026-08-20 14:33:00.802,28248.1925
2026-08-20 14:33:01.215,28247.6285
2026-08-20 14:33:01.636,28246.7904
2026-08-20 14:33:02.049,28245.8866
2026-08-20 14:33:02.467,28245.458
2026-08-20 14:33:02.912,28244.3227
2026-08-20 14:33:03.338,28243.5166
2026-08-20 14:33:03.750,28243.2918
2026-08-20 14:33:04.163,28262.8329
2026-08-20 14:33:04.586,28392.3436
2026-08-20 14:33:04.999,28612.954
2026-08-20 14:33:05.428,28905.0381
2026-08-20 14:33:05.842,29221.5234
2026-08-20 14:33:06.264,29560.8329
2026-08-20 14:33:06.682,29924.1875
2026-08-20 14:33:07.095,30224.6476
2026-08-20 14:33:07.521,29956.1801
2026-08-20 14:33:07.941,29582.8432
2026-08-20 14:33:08.354,29233.6412
2026-08-20 14:33:08.800,28911.6394
2026-08-20 14:33:09.227,28594.2679
2026-08-20 14:33:09.639,28385.3631
2026-08-20 14:33:10.051,28271.9491
2026-08-20 14:33:10.465,28337.3929
2026-08-20 14:33:10.932,28544.8424
2026-08-20 14:33:11.359,28825.3761
2026-08-20 14:33:11.784,28927.7439
2026-08-20 14:33:12.198,28634.6788
2026-08-20 14:33:12.614,28403.7914
2026-08-20 14:33:13.036,28262.9418
2026-08-20 14:33:13.590,28235.332
2026-08-20 14:33:14.007,28236.0142
2026-08-20 14:33:14.419,28235.7156
2026-08-20 14:33:14.833,28234.7391
2026-08-20 14:33:15.245,28234.0778
2026-08-20 14:33:15.658,28233.2164
2026-08-20 14:33:16.129,28232.1941
2026-08-20 14:33:16.561,28230.9591
2026-08-20 14:33:16.974,28229.4862
2026-08-20 14:33:17.396,28228.5463
2026-08-20 14:33:17.809,28227.9335
2026-08-20 14:33:18.222,28249.0143
2026-08-20 14:33:18.665,28379.9726
2026-08-20 14:33:19.092,28613.4402
2026-08-20 14:33:19.506,28906.3609
2026-08-20 14:33:19.920,29224.3644
2026-08-20 14:33:20.332,29563.1434
2026-08-20 14:33:20.744,29918.7535
2026-08-20 14:33:21.156,30210.4978
2026-08-20 14:33:21.602,29939.3645
2026-08-20 14:33:22.014,29550.4343
2026-08-20 14:33:22.442,29210.2442
2026-08-20 14:33:22.854,28879.9123
2026-08-20 14:33:23.267,28596.5329
2026-08-20 14:33:23.679,28383.4223
2026-08-20 14:33:24.192,28261.1182
2026-08-20 14:33:24.608,28357.606
2026-08-20 14:33:25.024,28555.7942
2026-08-20 14:33:25.438,28830.5405
2026-08-20 14:33:25.850,28907.8476
2026-08-20 14:33:26.263,28619.0479
2026-08-20 14:33:26.702,28390.9672
2026-08-20 14:33:27.131,28248.1529
2026-08-20 14:33:27.545,28225.6887
2026-08-20 14:33:27.971,28227.4295
2026-08-20 14:33:28.387,28227.22
2026-08-20 14:33:28.799,28226.3809
2026-08-20 14:33:29.213,28225.3508
2026-08-20 14:33:29.659,28224.7679
2026-08-20 14:33:30.087,28224.016
2026-08-20 14:33:30.502,28222.8449
2026-08-20 14:33:30.914,28221.4692
2026-08-20 14:33:31.382,28220.3823
2026-08-20 14:33:31.815,28219.3317
2026-08-20 14:33:32.227,28231.0746
2026-08-20 14:33:32.654,28346.9122
2026-08-20 14:33:33.077,28558.2033
2026-08-20 14:33:33.495,28843.4024
2026-08-20 14:33:33.907,29154.7028
2026-08-20 14:33:34.325,29488.1747
2026-08-20 14:33:34.738,29844.1947
2026-08-20 14:33:35.150,30178.4049
2026-08-20 14:33:35.571,29981.3164
2026-08-20 14:33:35.983,29609.9669
2026-08-20 14:33:36.395,29266.1706
2026-08-20 14:33:36.821,28942.0868
2026-08-20 14:33:37.315,28586.659
2026-08-20 14:33:37.729,28371.2964
2026-08-20 14:33:38.149,28248.9242
2026-08-20 14:33:38.562,28304.6908
2026-08-20 14:33:38.989,28478.2271
2026-08-20 14:33:39.406,28742.269
2026-08-20 14:33:39.818,28923.3863
2026-08-20 14:33:40.231,28662.5995
2026-08-20 14:33:40.643,28416.8797
2026-08-20 14:33:41.060,28257.5464
2026-08-20 14:33:41.473,28209.5519
2026-08-20 14:33:41.887,28211.1843
2026-08-20 14:33:42.307,28211.1847
2026-08-20 14:33:42.720,28210.6853
2026-08-20 14:33:43.134,28209.9744
2026-08-20 14:33:43.547,28208.9676
2026-08-20 14:33:43.974,28208.3337
2026-08-20 14:33:44.388,28207.1456
2026-08-20 14:33:44.801,28206.1944
2026-08-20 14:33:45.221,28205.6098
2026-08-20 14:33:45.647,28204.8736
2026-08-20 14:33:46.071,28203.9742
2026-08-20 14:33:46.566,28284.0532
2026-08-20 14:33:46.979,28461.3802
2026-08-20 14:33:47.392,28713.6922
2026-08-20 14:33:47.830,29024.3327
2026-08-20 14:33:48.243,29358.3812
2026-08-20 14:33:48.655,29703.4796
2026-08-20 14:33:49.078,30063.8644
2026-08-20 14:33:49.544,30032.4527
2026-08-20 14:33:49.973,29666.2633
2026-08-20 14:33:50.385,29305.2416
2026-08-20 14:33:50.797,28978.1531
2026-08-20 14:33:51.209,28678.7015
2026-08-20 14:33:51.647,28425.5473
2026-08-20 14:33:52.114,28250.9863
2026-08-20 14:33:52.537,28260.1962
2026-08-20 14:33:52.951,28415.4524
2026-08-20 14:33:53.376,28656.2856
2026-08-20 14:33:53.789,28906.3857
2026-08-20 14:33:54.234,28700.7803
2026-08-20 14:33:54.647,28424.0878
2026-08-20 14:33:55.070,28254.4253
2026-08-20 14:33:55.482,28190.0687
2026-08-20 14:33:55.900,28191.2762
2026-08-20 14:33:56.312,28190.3188
2026-08-20 14:33:56.726,28188.7475
2026-08-20 14:33:57.149,28189.0508
2026-08-20 14:33:57.561,28188.9154
2026-08-20 14:33:57.989,28188.0574
2026-08-20 14:33:58.402,28187.3462
2026-08-20 14:33:58.814,28186.2011
2026-08-20 14:33:59.227,28185.7465
2026-08-20 14:33:59.661,28184.9395
2026-08-20 14:34:00.072,28184.2772
2026-08-20 14:34:00.484,28222.8151
2026-08-20 14:34:00.915,28374.3186
2026-08-20 14:34:01.332,28611.2031
2026-08-20 14:34:01.746,28902.7538
2026-08-20 14:34:02.159,29222.0128
2026-08-20 14:34:02.591,29572.576
2026-08-20 14:34:03.008,29937.8502
2026-08-20 14:34:03.422,30141.1008
2026-08-20 14:34:03.835,29805.8732
2026-08-20 14:34:04.247,29449.5891
2026-08-20 14:34:04.661,29114.0967
2026-08-20 14:34:05.139,28760.8889
2026-08-20 14:34:05.552,28485.1984
2026-08-20 14:34:05.970,28297.0752
2026-08-20 14:34:06.383,28215.247
2026-08-20 14:34:06.794,28314.0411
2026-08-20 14:34:07.226,28509.3377
2026-08-20 14:34:07.639,28793.1297
2026-08-20 14:34:08.053,28848.9035
2026-08-20 14:34:08.466,28561.9803
2026-08-20 14:34:08.878,28338.9878
2026-08-20 14:34:09.291,28206.2346
2026-08-20 14:34:09.722,28182.4069
2026-08-20 14:34:10.134,28183.0161
2026-08-20 14:34:10.563,28182.3605
2026-08-20 14:34:10.977,28181.2848
2026-08-20 14:34:11.399,28180.5834
2026-08-20 14:34:11.864,28179.2896
2026-08-20 14:34:12.281,28178.3272
2026-08-20 14:34:12.780,28177.9381
2026-08-20 14:34:13.193,28177.9127
2026-08-20 14:34:13.606,28176.7295
2026-08-20 14:34:14.028,28176.5006
2026-08-20 14:34:14.455,28192.6637
2026-08-20 14:34:14.866,28320.2882
2026-08-20 14:34:15.289,28529.2857
2026-08-20 14:34:15.711,28811.0921
2026-08-20 14:34:16.124,29129.309
2026-08-20 14:34:16.550,29473.3365
2026-08-20 14:34:16.972,29824.7208
2026-08-20 14:34:17.399,30147.7034
2026-08-20 14:34:17.812,29895.6234
2026-08-20 14:34:18.225,29536.4128
2026-08-20 14:34:18.639,29195.2511
2026-08-20 14:34:19.070,28873.2972
2026-08-20 14:34:19.482,28573.0181
2026-08-20 14:34:19.897,28350.6632
2026-08-20 14:34:20.308,28216.9232
2026-08-20 14:34:20.734,28249.7652
2026-08-20 14:34:21.199,28442.5174
2026-08-20 14:34:21.622,28696.72
2026-08-20 14:34:22.049,28876.7425
2026-08-20 14:34:22.463,28606.1805
2026-08-20 14:34:22.875,28365.258
2026-08-20 14:34:23.314,28208.5453
2026-08-20 14:34:23.731,28168.7299
2026-08-20 14:34:24.144,28168.5358
2026-08-20 14:34:24.557,28169.4087
2026-08-20 14:34:24.969,28169.0679
2026-08-20 14:34:25.410,28168.5247
2026-08-20 14:34:25.823,28167.4524
2026-08-20 14:34:26.245,28165.9923
2026-08-20 14:34:26.658,28164.5853
2026-08-20 14:34:27.097,28163.4406
2026-08-20 14:34:27.514,28162.3145
2026-08-20 14:34:27.929,28161.4391
2026-08-20 14:34:28.367,28161.2288
2026-08-20 14:34:28.783,28240.5106
2026-08-20 14:34:29.195,28418.122
2026-08-20 14:34:29.608,28668.1143
2026-08-20 14:34:30.023,28965.4913
2026-08-20 14:34:30.436,29289.1127
2026-08-20 14:34:30.864,29643.5403
2026-08-20 14:34:31.286,30002.5172
2026-08-20 14:34:31.716,30026.7099
2026-08-20 14:34:32.152,29631.9176
2026-08-20 14:34:32.565,29277.9451
2026-08-20 14:34:33.001,28940.0057
2026-08-20 14:34:33.420,28633.5375
2026-08-20 14:34:33.832,28385.5412
2026-08-20 14:34:34.244,28225.6332
2026-08-20 14:34:34.670,28195.8152
2026-08-20 14:34:35.086,28332.5061
2026-08-20 14:34:35.500,28555.2358
2026-08-20 14:34:35.924,28834.9279
2026-08-20 14:34:36.338,28732.9447
2026-08-20 14:34:36.762,28458.4586
2026-08-20 14:34:37.188,28254.0152
2026-08-20 14:34:37.601,28152.357
2026-08-20 14:34:38.033,28146.9794
2026-08-20 14:34:38.449,28146.926
2026-08-20 14:34:38.861,28146.161
2026-08-20 14:34:39.282,28145.1798
2026-08-20 14:34:39.695,28144.2846
2026-08-20 14:34:40.132,28143.145
2026-08-20 14:34:40.557,28142.3974
2026-08-20 14:34:40.971,28141.0555
2026-08-20 14:34:41.384,28140.1451
2026-08-20 14:34:41.796,28139.4638
2026-08-20 14:34:42.237,28138.5711
2026-08-20 14:34:42.656,28159.3797
2026-08-20 14:34:43.072,28291.0137
2026-08-20 14:34:43.497,28504.9949
2026-08-20 14:34:43.911,28790.0292
2026-08-20 14:34:44.336,29099.7198
2026-08-20 14:34:44.750,29441.9769
2026-08-20 14:34:45.187,29804.791
2026-08-20 14:34:45.601,30083.5597
2026-08-20 14:34:46.021,29796.6333
2026-08-20 14:34:46.448,29434.2491
2026-08-20 14:34:46.860,29086.8091
2026-08-20 14:34:47.297,28771.5144
2026-08-20 14:34:47.710,28477.5707
2026-08-20 14:34:48.130,28272.0752
2026-08-20 14:34:48.542,28160.8019
2026-08-20 14:34:49.006,28228.3465
2026-08-20 14:34:49.424,28434.7161
2026-08-20 14:34:49.851,28699.7811
2026-08-20 14:34:50.264,28804.6154
2026-08-20 14:34:50.675,28522.362
2026-08-20 14:34:51.096,28294.4978
2026-08-20 14:34:51.515,28152.8887
2026-08-20 14:34:51.941,28124.6977
2026-08-20 14:34:52.353,28124.9975
2026-08-20 14:34:52.769,28124.3549
2026-08-20 14:34:53.182,28123.4673
2026-08-20 14:34:53.623,28122.5946
2026-08-20 14:34:54.035,28121.4772
2026-08-20 14:34:54.448,28120.4025
2026-08-20 14:34:54.871,28119.4126
2026-08-20 14:34:55.284,28116.8435
2026-08-20 14:34:55.750,28116.6951
2026-08-20 14:34:56.177,28116.3125
2026-08-20 14:34:56.589,28121.1921
2026-08-20 14:34:57.024,28222.6684
2026-08-20 14:34:57.444,28417.0412
2026-08-20 14:34:57.856,28683.3068
2026-08-20 14:34:58.268,28984.7843
2026-08-20 14:34:58.695,29310.9637
2026-08-20 14:34:59.109,29665.7531
2026-08-20 14:34:59.521,30018.5555
2026-08-20 14:34:59.945,29903.9506
2026-08-20 14:35:00.363,29533.1928
2026-08-20 14:35:00.776,29186.364
2026-08-20 14:35:01.190,28863.5622
2026-08-20 14:35:01.602,28568.185
2026-08-20 14:35:02.040,28328.5231
2026-08-20 14:35:02.452,28167.892
2026-08-20 14:35:02.875,28163.6829
2026-08-20 14:35:03.289,28312.0341
2026-08-20 14:35:03.726,28552.3524
2026-08-20 14:35:04.155,28808.5274
2026-08-20 14:35:04.569,28613.4567
2026-08-20 14:35:04.986,28355.8067
2026-08-20 14:35:05.400,28178.4734
2026-08-20 14:35:05.812,28105.3731
2026-08-20 14:35:06.224,28105.3227
2026-08-20 14:35:06.689,28105.233
2026-08-20 14:35:07.105,28104.3638
2026-08-20 14:35:07.566,28103.2446
2026-08-20 14:35:07.982,28102.2827
2026-08-20 14:35:08.403,28101.3334
2026-08-20 14:35:08.815,28100.4552
2026-08-20 14:35:09.242,28099.4491
2026-08-20 14:35:09.665,28098.3971
2026-08-20 14:35:10.077,28097.5336
2026-08-20 14:35:10.490,28096.8357
2026-08-20 14:35:10.900,28145.5929
2026-08-20 14:35:11.321,28300.9219
2026-08-20 14:35:11.737,28537.36
2026-08-20 14:35:12.150,28827.3461
2026-08-20 14:35:12.584,29154.2913
2026-08-20 14:35:12.997,29496.5042
2026-08-20 14:35:13.411,29848.8083
2026-08-20 14:35:13.822,30013.2854
2026-08-20 14:35:14.235,29669.5061
2026-08-20 14:35:14.658,29318.8366
2026-08-20 14:35:15.162,28919.8487
2026-08-20 14:35:15.579,28607.8582
2026-08-20 14:35:16.006,28351.2119
2026-08-20 14:35:16.419,28174.4393
2026-08-20 14:35:16.838,28125.9527
2026-08-20 14:35:17.250,28247.5993
2026-08-20 14:35:17.679,28466.0571
2026-08-20 14:35:18.099,28744.4486
2026-08-20 14:35:18.513,28676.5871
2026-08-20 14:35:18.937,28402.1567
2026-08-20 14:35:19.357,28196.5413
2026-08-20 14:35:19.775,28092.269
2026-08-20 14:35:20.187,28085.0707
2026-08-20 14:35:20.600,28085.2857
2026-08-20 14:35:21.041,28084.6469
2026-08-20 14:35:21.454,28083.1284
2026-08-20 14:35:21.873,28081.8044
2026-08-20 14:35:22.290,28080.6165
2026-08-20 14:35:22.752,28079.728
2026-08-20 14:35:23.181,28078.7111
2026-08-20 14:35:23.594,28077.5863
2026-08-20 14:35:24.007,28076.5931
2026-08-20 14:35:24.425,28075.2697
2026-08-20 14:35:24.841,28095.3898
2026-08-20 14:35:25.257,28224.1679
2026-08-20 14:35:25.669,28436.1467
2026-08-20 14:35:26.081,28708.644
2026-08-20 14:35:26.494,29016.0615
2026-08-20 14:35:26.906,29344.5008
2026-08-20 14:35:27.320,29689.2148
2026-08-20 14:35:27.737,30004.2478
2026-08-20 14:35:28.151,29773.4895
2026-08-20 14:35:28.563,29417.5799
2026-08-20 14:35:28.977,29080.5102
2026-08-20 14:35:29.403,28763.0545
2026-08-20 14:35:29.816,28467.985
2026-08-20 14:35:30.245,28240.1783
2026-08-20 14:35:30.664,28108.791
2026-08-20 14:35:31.090,28144.6817
2026-08-20 14:35:31.508,28310.5813
2026-08-20 14:35:31.934,28567.8389
2026-08-20 14:35:32.361,28765.2086
2026-08-20 14:35:32.775,28515.9624
2026-08-20 14:35:33.188,28272.4066
2026-08-20 14:35:33.601,28114.2678
2026-08-20 14:35:34.030,28061.2017
2026-08-20 14:35:34.458,28061.3352
2026-08-20 14:35:34.871,28062.3972
2026-08-20 14:35:35.284,28061.9975
2026-08-20 14:35:35.695,28060.9649
2026-08-20 14:35:36.109,28060.1162
2026-08-20 14:35:36.523,28059.2159
2026-08-20 14:35:36.936,28058.5569
2026-08-20 14:35:37.363,28057.8504
2026-08-20 14:35:37.776,28056.5223
2026-08-20 14:35:38.217,28055.4701
2026-08-20 14:35:38.630,28054.3064
2026-08-20 14:35:39.046,28106.3548
2026-08-20 14:35:39.458,28264.9477
2026-08-20 14:35:39.876,28498.1207
2026-08-20 14:35:40.341,28827.1907
2026-08-20 14:35:40.767,29143.9461
2026-08-20 14:35:41.182,29491.6719
2026-08-20 14:35:41.598,29845.258
2026-08-20 14:35:42.010,29928.3929
2026-08-20 14:35:42.429,29569.0464
2026-08-20 14:35:42.841,29218.1045
2026-08-20 14:35:43.256,28891.8078
2026-08-20 14:35:43.681,28587.7476
2026-08-20 14:35:44.094,28322.6111
2026-08-20 14:35:44.530,28140.8712
2026-08-20 14:35:44.943,28080.7526
2026-08-20 14:35:45.356,28193.4132
2026-08-20 14:35:45.768,28396.1002
2026-08-20 14:35:46.181,28667.7178
2026-08-20 14:35:46.646,28674.4582
2026-08-20 14:35:47.091,28343.7613
2026-08-20 14:35:47.518,28148.409
2026-08-20 14:35:47.930,28048.591
2026-08-20 14:35:48.343,28043.4767
2026-08-20 14:35:48.774,28043.2829
2026-08-20 14:35:49.191,28042.3508
2026-08-20 14:35:49.606,28041.2944
2026-08-20 14:35:50.019,28039.8997
2026-08-20 14:35:50.480,28038.9867
2026-08-20 14:35:50.912,28037.6666
2026-08-20 14:35:51.325,28036.1698
2026-08-20 14:35:51.738,28034.8383
2026-08-20 14:35:52.150,28033.8593
2026-08-20 14:35:52.561,28033.5259
2026-08-20 14:35:52.982,28053.4951
2026-08-20 14:35:53.394,28182.9944
2026-08-20 14:35:53.810,28391.8418
2026-08-20 14:35:54.223,28665.6799
2026-08-20 14:35:54.651,28983.7081
2026-08-20 14:35:55.064,29311.9668
2026-08-20 14:35:55.488,29657.5646
2026-08-20 14:35:55.907,29956.9183
2026-08-20 14:35:56.320,29693.367
2026-08-20 14:35:56.733,29340.6901
2026-08-20 14:35:57.146,29007.429
2026-08-20 14:35:57.612,28693.4447
2026-08-20 14:35:58.039,28376.6092
2026-08-20 14:35:58.452,28169.6787
2026-08-20 14:35:58.865,28060.8646
2026-08-20 14:35:59.286,28125.6564
2026-08-20 14:35:59.704,28302.9955
2026-08-20 14:36:00.121,28560.2559
2026-08-20 14:36:00.535,28718.4468
2026-08-20 14:36:00.948,28453.8613
2026-08-20 14:36:01.360,28217.9195
2026-08-20 14:36:01.773,28068.0998
2026-08-20 14:36:02.244,28025.5041
2026-08-20 14:36:02.658,28026.2225
2026-08-20 14:36:03.071,28025.8378
2026-08-20 14:36:03.483,28024.9156
2026-08-20 14:36:03.906,28024.2544
2026-08-20 14:36:04.332,28023.6381
2026-08-20 14:36:04.750,28022.4317
2026-08-20 14:36:05.164,28020.5202
2026-08-20 14:36:05.583,28019.0223
2026-08-20 14:36:05.996,28017.5707
2026-08-20 14:36:06.434,28016.3153
2026-08-20 14:36:06.848,28016.1412
2026-08-20 14:36:07.270,28091.8659
2026-08-20 14:36:07.697,28268.6968
2026-08-20 14:36:08.108,28524.6184
2026-08-20 14:36:08.539,28817.7436
2026-08-20 14:36:08.975,29162.5198
2026-08-20 14:36:09.387,29508.4102
2026-08-20 14:36:09.800,29862.269
2026-08-20 14:36:10.232,29819.7453
2026-08-20 14:36:10.649,29451.9231
2026-08-20 14:36:11.076,29111.904
2026-08-20 14:36:11.488,28779.9805
2026-08-20 14:36:11.908,28485.9574
2026-08-20 14:36:12.320,28240.3523
2026-08-20 14:36:12.740,28083.2019
2026-08-20 14:36:13.160,28057.1463
2026-08-20 14:36:13.586,28192.6129
2026-08-20 14:36:13.998,28419.6357
2026-08-20 14:36:14.419,28687.4229
2026-08-20 14:36:14.831,28558.1067
2026-08-20 14:36:15.243,28293.8724
2026-08-20 14:36:15.709,28087.3479
2026-08-20 14:36:16.122,28009.6965
2026-08-20 14:36:16.535,28008.6179
2026-08-20 14:36:16.947,28008.6266
2026-08-20 14:36:17.373,28007.855
2026-08-20 14:36:17.812,28007.0944
2026-08-20 14:36:18.228,28005.7967
2026-08-20 14:36:18.641,28004.7712
2026-08-20 14:36:19.054,28004.0112
2026-08-20 14:36:19.467,28003.2331
2026-08-20 14:36:19.911,28002.4025
2026-08-20 14:36:20.346,28001.1852
2026-08-20 14:36:20.763,28000.1764
2026-08-20 14:36:21.176,27999.3773
2026-08-20 14:36:21.596,27998.512
2026-08-20 14:36:22.018,27997.562
2026-08-20 14:36:22.430,27996.5258
2026-08-20 14:36:22.845,27994.9141
2026-08-20 14:36:23.258,27994.7461
2026-08-20 14:36:23.671,27993.9965
2026-08-20 14:36:24.143,27993.0809
2026-08-20 14:36:24.555,27992.6157
2026-08-20 14:36:24.969,27992.085
2026-08-20 14:36:25.381,27991.1352
2026-08-20 14:36:25.795,27990.4013
2026-08-20 14:36:26.208,27989.4038
2026-08-20 14:36:26.671,27988.3704
2026-08-20 14:36:27.098,27987.0076
2026-08-20 14:36:27.563,27985.9535
2026-08-20 14:36:28.007,27985.2985
2026-08-20 14:36:28.476,27984.8853
2026-08-20 14:36:28.892,27984.22
2026-08-20 14:36:29.304,27983.4589
2026-08-20 14:36:29.732,27982.4009
2026-08-20 14:36:30.144,27981.5258
2026-08-20 14:36:30.571,27980.7164
2026-08-20 14:36:30.983,27980.0935
2026-08-20 14:36:31.395,27979.0013
2026-08-20 14:36:31.807,27976.8118
2026-08-20 14:36:32.220,27976.1459
2026-08-20 14:36:32.641,27976.2178
2026-08-20 14:36:33.054,27975.82
2026-08-20 14:36:33.467,27975.4386
2026-08-20 14:36:33.894,27975.14
2026-08-20 14:36:34.391,27974.6798
2026-08-20 14:36:34.804,27974.2349
2026-08-20 14:36:35.218,27973.6711
2026-08-20 14:36:35.639,27972.9136
2026-08-20 14:36:36.069,27972.4587
2026-08-20 14:36:36.498,27971.8709
2026-08-20 14:36:36.912,27971.3778
2026-08-20 14:36:37.324,27970.6663
2026-08-20 14:36:37.740,27969.3205
2026-08-20 14:36:38.182,27968.5039
2026-08-20 14:36:38.596,27967.8394
2026-08-20 14:36:39.010,27967.4239
2026-08-20 14:36:39.423,27967.0259
2026-08-20 14:36:39.889,27966.3313
2026-08-20 14:36:40.307,27965.0802
2026-08-20 14:36:40.734,27964.0967
2026-08-20 14:36:41.159,27963.3883
2026-08-20 14:36:41.571,27962.4406
2026-08-20 14:36:41.984,27961.8878
2026-08-20 14:36:42.403,27961.5342
2026-08-20 14:36:42.817,27961.1132
2026-08-20 14:36:43.232,27960.712
2026-08-20 14:36:43.645,27960.2104
2026-08-20 14:36:44.106,27958.9656
2026-08-20 14:36:44.523,27958.237
2026-08-20 14:36:44.953,27957.454
2026-08-20 14:36:45.379,27956.9163
2026-08-20 14:36:45.790,27956.0125
2026-08-20 14:36:46.208,27954.0505
2026-08-20 14:36:46.634,27951.9703
2026-08-20 14:36:47.046,27952.258
2026-08-20 14:36:47.473,27952.3188
2026-08-20 14:36:47.884,27951.6493
2026-08-20 14:36:48.297,27951.5135
2026-08-20 14:36:48.720,27950.7746
2026-08-20 14:36:49.132,27950.1168
2026-08-20 14:36:49.557,27949.4745
2026-08-20 14:36:49.973,27949.2715
2026-08-20 14:36:50.386,27949.1692
2026-08-20 14:36:50.818,27949.208
2026-08-20 14:36:51.231,27948.5929
2026-08-20 14:36:51.646,27947.0318
2026-08-20 14:36:52.074,27945.6592
2026-08-20 14:36:52.489,27944.5987
2026-08-20 14:36:52.931,27943.7333
2026-08-20 14:36:53.344,27942.6118
2026-08-20 14:36:53.756,27942.1578
2026-08-20 14:36:54.171,27941.5427
2026-08-20 14:36:54.586,27940.445
2026-08-20 14:36:54.999,27939.7661
2026-08-20 14:36:55.431,27939.2754
2026-08-20 14:36:55.848,27938.4997
2026-08-20 14:36:56.295,27949.9282
2026-08-20 14:36:56.707,28068.5965
2026-08-20 14:36:57.174,28301.783
2026-08-20 14:36:57.587,28571.4987
2026-08-20 14:36:58.009,28873.9349
2026-08-20 14:36:58.422,29204.2034
2026-08-20 14:36:58.847,29545.7717
2026-08-20 14:36:59.259,29861.591
2026-08-20 14:36:59.671,29632.949
2026-08-20 14:37:00.088,29278.3554
2026-08-20 14:37:00.513,28946.2348
2026-08-20 14:37:00.925,28625.502
2026-08-20 14:37:01.346,28344.9479
2026-08-20 14:37:01.758,28120.6462
2026-08-20 14:37:02.190,27984.4476
2026-08-20 14:37:02.602,28019.4126
2026-08-20 14:37:03.016,28181.2448
2026-08-20 14:37:03.441,28422.7905
2026-08-20 14:37:03.854,28640.9836
2026-08-20 14:37:04.266,28413.4645
2026-08-20 14:37:04.679,28167.34
2026-08-20 14:37:05.116,27995.5429
2026-08-20 14:37:05.541,27935.7489
2026-08-20 14:37:05.956,27936.6556
2026-08-20 14:37:06.373,27936.4362
2026-08-20 14:37:06.785,27935.7653
2026-08-20 14:37:07.197,27934.8831
2026-08-20 14:37:07.618,27934.4845
2026-08-20 14:37:08.031,27933.8618
2026-08-20 14:37:08.458,27933.0458
2026-08-20 14:37:08.874,27931.9802
2026-08-20 14:37:09.290,27930.8416
2026-08-20 14:37:09.715,27930.024
2026-08-20 14:37:10.127,27928.5408
2026-08-20 14:37:10.547,27974.4839
2026-08-20 14:37:10.959,28131.9873
2026-08-20 14:37:11.385,28370.5845
2026-08-20 14:37:11.797,28652.4994
2026-08-20 14:37:12.219,28962.4374
2026-08-20 14:37:12.632,29299.9495
2026-08-20 14:37:13.043,29644.9916
2026-08-20 14:37:13.469,29824.5166
2026-08-20 14:37:13.881,29481.2399
2026-08-20 14:37:14.294,29137.626
2026-08-20 14:37:14.720,28802.0749
2026-08-20 14:37:15.138,28496.5063
2026-08-20 14:37:15.553,28234.0486
2026-08-20 14:37:15.965,28045.0362
2026-08-20 14:37:16.386,27956.6401
2026-08-20 14:37:16.799,28049.7457
2026-08-20 14:37:17.278,28269.9064
2026-08-20 14:37:17.693,28547.7678
2026-08-20 14:37:18.106,28547.9581
2026-08-20 14:37:18.519,28271.7544
2026-08-20 14:37:18.933,28060.7893
2026-08-20 14:37:19.363,27940.1535
2026-08-20 14:37:19.776,27923.779
2026-08-20 14:37:20.198,27924.0899
2026-08-20 14:37:20.610,27923.7746
2026-08-20 14:37:21.038,27922.8951
2026-08-20 14:37:21.459,27921.5757
2026-08-20 14:37:21.873,27921.1411
2026-08-20 14:37:22.286,27920.3866
2026-08-20 14:37:22.700,27919.6442
2026-08-20 14:37:23.121,27918.8163
2026-08-20 14:37:23.588,27917.9738
2026-08-20 14:37:24.000,27917.3163
2026-08-20 14:37:24.412,27926.3635
2026-08-20 14:37:24.828,28034.1794
2026-08-20 14:37:25.247,28229.8779
2026-08-20 14:37:25.680,28493.8891
2026-08-20 14:37:26.091,28807.8504
2026-08-20 14:37:26.510,29129.7564
2026-08-20 14:37:26.924,29473.3211
2026-08-20 14:37:27.366,29812.0555
2026-08-20 14:37:27.783,29609.3569
2026-08-20 14:37:28.196,29258.6869
2026-08-20 14:37:28.609,28926.2996
2026-08-20 14:37:29.021,28613.2763
2026-08-20 14:37:29.434,28328.3131
2026-08-20 14:37:29.899,28081.3472
2026-08-20 14:37:30.327,27949.4246
2026-08-20 14:37:30.745,27992.7333
2026-08-20 14:37:31.157,28157.614
2026-08-20 14:37:31.570,28400.4535
2026-08-20 14:37:32.004,28606.9645
2026-08-20 14:37:32.418,28362.4154
2026-08-20 14:37:32.830,28121.2511
2026-08-20 14:37:33.244,27963.3115
2026-08-20 14:37:33.665,27908.5248
2026-08-20 14:37:34.141,27909.4923
2026-08-20 14:37:34.554,27910.2712
2026-08-20 14:37:34.968,27909.5747
2026-08-20 14:37:35.379,27908.7039
2026-08-20 14:37:35.805,27907.7855
2026-08-20 14:37:36.232,27907.3499
2026-08-20 14:37:36.644,27906.6294
2026-08-20 14:37:37.057,27906.0446
2026-08-20 14:37:37.470,27905.755
2026-08-20 14:37:37.883,27906.5508
2026-08-20 14:37:38.296,27906.0608
2026-08-20 14:37:38.712,27965.3649
2026-08-20 14:37:39.123,28126.5606
2026-08-20 14:37:39.540,28361.4843
2026-08-20 14:37:39.961,28649.2561
2026-08-20 14:37:40.377,28968.3814
2026-08-20 14:37:40.790,29302.3762
2026-08-20 14:37:41.202,29649.9708
2026-08-20 14:37:41.616,29787.2594
2026-08-20 14:37:42.040,29441.0159
2026-08-20 14:37:42.453,29089.1059
2026-08-20 14:37:42.866,28764.8257
2026-08-20 14:37:43.291,28463.2499
2026-08-20 14:37:43.711,28195.7371
2026-08-20 14:37:44.141,28010.2665
2026-08-20 14:37:44.560,27934.7751
2026-08-20 14:37:44.985,28042.0399
2026-08-20 14:37:45.403,28247.1686
2026-08-20 14:37:45.816,28519.5985
2026-08-20 14:37:46.254,28526.2852
2026-08-20 14:37:46.666,28233.8018
2026-08-20 14:37:47.078,28028.8445
2026-08-20 14:37:47.491,27914.5825
2026-08-20 14:37:47.905,27901.2508
2026-08-20 14:37:48.366,27901.7517
2026-08-20 14:37:48.779,27901.3778
2026-08-20 14:37:49.191,27900.6695
2026-08-20 14:37:49.604,27899.7065
2026-08-20 14:37:50.066,27899.0188
2026-08-20 14:37:50.485,27898.1011
2026-08-20 14:37:50.900,27897.5216
2026-08-20 14:37:51.316,27896.8313
2026-08-20 14:37:51.729,27895.8654
2026-08-20 14:37:52.142,27895.5666
2026-08-20 14:37:52.580,27907.5969
2026-08-20 14:37:53.001,28030.7902
2026-08-20 14:37:53.416,28237.1136
2026-08-20 14:37:53.830,28504.6237
2026-08-20 14:37:54.244,28807.5683
2026-08-20 14:37:54.687,29131.6425
2026-08-20 14:37:55.100,29498.2592
2026-08-20 14:37:55.522,29804.2024
2026-08-20 14:37:55.940,29568.0705
2026-08-20 14:37:56.354,29214.0716
2026-08-20 14:37:56.796,28881.4118
2026-08-20 14:37:57.208,28549.2286
2026-08-20 14:37:57.620,28272.3984
2026-08-20 14:37:58.033,28060.0389
2026-08-20 14:37:58.446,27933.528
2026-08-20 14:37:58.911,27974.2097
2026-08-20 14:37:59.355,28177.7462
2026-08-20 14:37:59.767,28431.4668
2026-08-20 14:38:00.193,28574.496
2026-08-20 14:38:00.620,28301.2483
2026-08-20 14:38:01.038,28066.3485
2026-08-20 14:38:01.451,27924.2956
2026-08-20 14:38:01.864,27891.4473
2026-08-20 14:38:02.282,27891.3526
2026-08-20 14:38:02.694,27892.7623
2026-08-20 14:38:03.106,27892.5791
2026-08-20 14:38:03.580,27891.9797
2026-08-20 14:38:04.040,27891.3252
2026-08-20 14:38:04.453,27890.7644
2026-08-20 14:38:04.896,27890.329
2026-08-20 14:38:05.377,27890.1825
2026-08-20 14:38:05.790,27889.8393
2026-08-20 14:38:06.216,27890.0865
2026-08-20 14:38:06.628,27903.6717
2026-08-20 14:38:07.059,28020.7025
2026-08-20 14:38:07.472,28230.7983
2026-08-20 14:38:07.897,28497.6466
2026-08-20 14:38:08.309,28808.5904
2026-08-20 14:38:08.722,29132.9871
2026-08-20 14:38:09.134,29473.9834
2026-08-20 14:38:09.555,29793.8854
2026-08-20 14:38:09.982,29617.58
2026-08-20 14:38:10.394,29256.1278
2026-08-20 14:38:10.805,28923.1451
2026-08-20 14:38:11.228,28609.1896
2026-08-20 14:38:11.654,28315.4148
2026-08-20 14:38:12.081,28081.5382
2026-08-20 14:38:12.496,27937.9324
2026-08-20 14:38:12.909,27956.3886
2026-08-20 14:38:13.322,28107.4999
2026-08-20 14:38:13.748,28350.6372
2026-08-20 14:38:14.173,28592.0892
2026-08-20 14:38:14.587,28390.7711
2026-08-20 14:38:15.017,28129.689
2026-08-20 14:38:15.444,27957.7354
2026-08-20 14:38:15.862,27887.6624
2026-08-20 14:38:16.288,27888.5082
2026-08-20 14:38:16.709,27888.663
2026-08-20 14:38:17.123,27888.3913
2026-08-20 14:38:17.550,27887.8361
2026-08-20 14:38:17.967,27887.0936
2026-08-20 14:38:18.383,27886.8284
2026-08-20 14:38:18.808,27886.1332
2026-08-20 14:38:19.221,27885.309
2026-08-20 14:38:19.646,27884.6622
2026-08-20 14:38:20.057,27884.2738
2026-08-20 14:38:20.488,27884.0731
2026-08-20 14:38:20.906,27927.2841
2026-08-20 14:38:21.332,28079.3846
2026-08-20 14:38:21.744,28315.0415
2026-08-20 14:38:22.176,28608.0284
2026-08-20 14:38:22.604,28934.7875
2026-08-20 14:38:23.016,29266.9469
2026-08-20 14:38:23.437,29613.7356
2026-08-20 14:38:23.854,29771.565
2026-08-20 14:38:24.280,29425.4902
2026-08-20 14:38:24.696,29070.6623
2026-08-20 14:38:25.110,28742.8087
2026-08-20 14:38:25.534,28441.0287
2026-08-20 14:38:25.948,28173.3616
2026-08-20 14:38:26.362,27990.3038
2026-08-20 14:38:26.782,27910.61
2026-08-20 14:38:27.194,28006.2003
2026-08-20 14:38:27.614,28195.2302
2026-08-20 14:38:28.028,28462.4564
2026-08-20 14:38:28.440,28534.8511
2026-08-20 14:38:28.917,28222.944
2026-08-20 14:38:29.344,28009.1849
2026-08-20 14:38:29.760,27889.4912
2026-08-20 14:38:30.173,27876.2382
2026-08-20 14:38:30.590,27876.0217
2026-08-20 14:38:31.004,27875.3792
2026-08-20 14:38:31.421,27874.6065
2026-08-20 14:38:31.833,27873.519
2026-08-20 14:38:32.249,27872.3822
2026-08-20 14:38:32.663,27871.3754
2026-08-20 14:38:33.093,27870.9002
2026-08-20 14:38:33.506,27869.3286
2026-08-20 14:38:33.922,27868.0854
2026-08-20 14:38:34.335,27867.3271
2026-08-20 14:38:34.797,27871.5707
2026-08-20 14:38:35.214,27984.7297
2026-08-20 14:38:35.628,28177.7034
2026-08-20 14:38:36.040,28438.9904
2026-08-20 14:38:36.469,28749.4595
2026-08-20 14:38:36.882,29072.6247
2026-08-20 14:38:37.298,29411.8075
2026-08-20 14:38:37.710,29751.8515
2026-08-20 14:38:38.133,29598.3831
2026-08-20 14:38:38.550,29236.6592
2026-08-20 14:38:38.967,28897.9449
2026-08-20 14:38:39.401,28579.1564
2026-08-20 14:38:39.813,28278.6851
2026-08-20 14:38:40.233,28053.2405
2026-08-20 14:38:40.647,27910.6007
2026-08-20 14:38:41.059,27924.8251
2026-08-20 14:38:41.472,28073.1608
2026-08-20 14:38:41.948,28338.7314
2026-08-20 14:38:42.362,28555.2541
2026-08-20 14:38:42.788,28325.9729
2026-08-20 14:38:43.201,28073.7096
2026-08-20 14:38:43.613,27913.6789
2026-08-20 14:38:44.044,27857.0885
2026-08-20 14:38:44.463,27858.6516
2026-08-20 14:38:44.877,27858.547
2026-08-20 14:38:45.289,27857.606
2026-08-20 14:38:45.715,27856.464
2026-08-20 14:38:46.133,27855.931
2026-08-20 14:38:46.551,27855.2819
2026-08-20 14:38:46.964,27854.3394
2026-08-20 14:38:47.377,27853.2938
2026-08-20 14:38:47.792,27852.2401
2026-08-20 14:38:48.205,27851.2657
2026-08-20 14:38:48.619,27850.3904
2026-08-20 14:38:49.036,27893.5309
2026-08-20 14:38:49.449,28043.3035
2026-08-20 14:38:49.866,28269.2492
2026-08-20 14:38:50.278,28552.639
2026-08-20 14:38:50.704,28873.3928
2026-08-20 14:38:51.116,29203.5037
2026-08-20 14:38:51.529,29549.7596
2026-08-20 14:38:51.943,29757.2899
2026-08-20 14:38:52.371,29435.6533
2026-08-20 14:38:52.797,29076.3844
2026-08-20 14:38:53.209,28739.3948
2026-08-20 14:38:53.637,28424.8994
2026-08-20 14:38:54.065,28151.583
2026-08-20 14:38:54.482,27962.3056
2026-08-20 14:38:54.893,27877.2009
2026-08-20 14:38:55.319,27967.1706
2026-08-20 14:38:55.736,28161.0889
2026-08-20 14:38:56.152,28426.8323
2026-08-20 14:38:56.580,28500.8131
2026-08-20 14:38:56.993,28212.8807
2026-08-20 14:38:57.420,27990.4408
2026-08-20 14:38:57.833,27864.823
2026-08-20 14:38:58.247,27844.8592
2026-08-20 14:38:58.657,27845.3208
2026-08-20 14:38:59.131,27844.7865
2026-08-20 14:38:59.549,27844.2957
2026-08-20 14:38:59.963,27843.4813
2026-08-20 14:39:00.376,27842.6258
2026-08-20 14:39:00.788,27842.0114
2026-08-20 14:39:01.201,27841.0432
2026-08-20 14:39:01.636,27840.7418
2026-08-20 14:39:02.048,27839.8504
2026-08-20 14:39:02.461,27839.6054
2026-08-20 14:39:02.881,27844.641
2026-08-20 14:39:03.293,27942.4408
2026-08-20 14:39:03.753,28154.3192
2026-08-20 14:39:04.169,28416.0238
2026-08-20 14:39:04.583,28717.3126
2026-08-20 14:39:05.002,29040.2763
2026-08-20 14:39:05.416,29385.3307
2026-08-20 14:39:05.847,29725.5052
2026-08-20 14:39:06.259,29561.6236
2026-08-20 14:39:06.671,29208.7106
2026-08-20 14:39:07.084,28873.467
2026-08-20 14:39:07.497,28557.3285
2026-08-20 14:39:07.970,28239.1745
2026-08-20 14:39:08.386,28011.7063
2026-08-20 14:39:08.799,27877.4496
2026-08-20 14:39:09.211,27906.0789
2026-08-20 14:39:09.624,28060.0031
2026-08-20 14:39:10.056,28296.705
2026-08-20 14:39:10.468,28529.9319
2026-08-20 14:39:10.895,28302.7963
2026-08-20 14:39:11.309,28057.0827
2026-08-20 14:39:11.732,27892.4324
2026-08-20 14:39:12.162,27830.1836
2026-08-20 14:39:12.574,27829.8201
2026-08-20 14:39:13.007,27830.8366
2026-08-20 14:39:13.424,27831.0809
2026-08-20 14:39:13.851,27830.3595
2026-08-20 14:39:14.267,27830.2313
2026-08-20 14:39:14.679,27829.5653
2026-08-20 14:39:15.100,27828.5826
2026-08-20 14:39:15.527,27827.6778
2026-08-20 14:39:15.939,27826.7552
2026-08-20 14:39:16.372,27826.2729
2026-08-20 14:39:16.785,27825.9999
2026-08-20 14:39:17.208,27877.6674
2026-08-20 14:39:17.634,28038.3564
2026-08-20 14:39:18.048,28279.7309
2026-08-20 14:39:18.481,28565.6066
2026-08-20 14:39:18.894,28895.3684
2026-08-20 14:39:19.306,29228.3649
2026-08-20 14:39:19.727,29575.9009
2026-08-20 14:39:20.140,29697.7056
2026-08-20 14:39:20.620,29301.2902
2026-08-20 14:39:21.034,28949.2346
2026-08-20 14:39:21.446,28626.6304
2026-08-20 14:39:21.863,28329.6649
2026-08-20 14:39:22.276,28078.363
2026-08-20 14:39:22.720,27909.9229
2026-08-20 14:39:23.132,27861.9132
2026-08-20 14:39:23.544,27985.0678
2026-08-20 14:39:23.956,28194.2277
2026-08-20 14:39:24.383,28468.4447
2026-08-20 14:39:24.799,28403.0142
2026-08-20 14:39:25.216,28130.6834
2026-08-20 14:39:25.631,27931.6828
2026-08-20 14:39:26.044,27827.6439
2026-08-20 14:39:26.511,27819.7078
2026-08-20 14:39:26.931,27820.519
2026-08-20 14:39:27.348,27819.8012
2026-08-20 14:39:27.775,27819.3607
2026-08-20 14:39:28.188,27818.7385
2026-08-20 14:39:28.600,27817.6183
2026-08-20 14:39:29.016,27815.1069
2026-08-20 14:39:29.433,27814.44
2026-08-20 14:39:29.847,27814.7262
2026-08-20 14:39:30.261,27814.4215
2026-08-20 14:39:30.678,27813.7234
2026-08-20 14:39:31.091,27828.9257
2026-08-20 14:39:31.505,27947.9578
2026-08-20 14:39:31.930,28150.0831
2026-08-20 14:39:32.342,28423.9835
2026-08-20 14:39:32.768,28726.9918
2026-08-20 14:39:33.183,29061.7897
2026-08-20 14:39:33.597,29405.2171
2026-08-20 14:39:34.034,29718.7324
2026-08-20 14:39:34.446,29480.4874
2026-08-20 14:39:34.859,29130.5238
2026-08-20 14:39:35.271,28798.7078
2026-08-20 14:39:35.684,28485.5306
2026-08-20 14:39:36.097,28203.5763
2026-08-20 14:39:36.514,27982.5357
2026-08-20 14:39:36.927,27850.4452
2026-08-20 14:39:37.339,27878.6404
2026-08-20 14:39:37.752,28031.9611
2026-08-20 14:39:38.174,28267.4089
2026-08-20 14:39:38.602,28501.1275
2026-08-20 14:39:39.016,28281.3863
2026-08-20 14:39:39.444,28026.606
2026-08-20 14:39:39.865,27864.6661
2026-08-20 14:39:40.282,27805.5739
2026-08-20 14:39:40.708,27806.9325
2026-08-20 14:39:41.120,27807.1864
2026-08-20 14:39:41.539,27806.3686
2026-08-20 14:39:41.951,27805.8149
2026-08-20 14:39:42.384,27805.4316
2026-08-20 14:39:42.797,27804.5531
2026-08-20 14:39:43.212,27803.0717
2026-08-20 14:39:43.640,27802.2155
2026-08-20 14:39:44.054,27801.1235
2026-08-20 14:39:44.469,27799.9459
2026-08-20 14:39:44.885,27798.8698
2026-08-20 14:39:45.310,27846.5871
2026-08-20 14:39:45.723,27999.2531
2026-08-20 14:39:46.142,28227.3961
2026-08-20 14:39:46.556,28515.0021
2026-08-20 14:39:46.990,28827.1225
2026-08-20 14:39:47.408,29175.2016
2026-08-20 14:39:47.821,29527.4758
2026-08-20 14:39:48.234,29689.5466
2026-08-20 14:39:48.646,29350.7601
2026-08-20 14:39:49.108,28966.9822
2026-08-20 14:39:49.528,28643.5128
2026-08-20 14:39:49.942,28336.7748
2026-08-20 14:39:50.361,28079.2396
2026-08-20 14:39:50.774,27897.7441
2026-08-20 14:39:51.214,27827.9368
2026-08-20 14:39:51.626,27939.7186
2026-08-20 14:39:52.053,28148.5156
2026-08-20 14:39:52.476,28420.0587
2026-08-20 14:39:52.892,28403.578
2026-08-20 14:39:53.321,28127.2511
2026-08-20 14:39:53.739,27915.7682
2026-08-20 14:39:54.158,27805.4489
2026-08-20 14:39:54.571,27795.1993
2026-08-20 14:39:54.983,27795.5446
2026-08-20 14:39:55.420,27794.9334
2026-08-20 14:39:55.841,27794.3802
2026-08-20 14:39:56.255,27793.4176
2026-08-20 14:39:56.670,27792.4434
2026-08-20 14:39:57.084,27791.8984
2026-08-20 14:39:57.561,27791.0779
2026-08-20 14:39:57.978,27790.103
2026-08-20 14:39:58.393,27789.1872
2026-08-20 14:39:58.806,27788.2232
2026-08-20 14:39:59.218,27802.379
2026-08-20 14:39:59.637,27919.2042
2026-08-20 14:40:00.054,28123.0058
2026-08-20 14:40:00.468,28392.3103
2026-08-20 14:40:00.880,28694.5225
2026-08-20 14:40:01.293,29018.148
2026-08-20 14:40:01.788,29358.1472
2026-08-20 14:40:02.201,29702.7755
2026-08-20 14:40:02.624,29431.9927
2026-08-20 14:40:03.043,29074.3664
2026-08-20 14:40:03.456,28738.9934
2026-08-20 14:40:03.886,28428.9414
2026-08-20 14:40:04.299,28141.6453
2026-08-20 14:40:04.712,27934.5089
2026-08-20 14:40:05.138,27817.6934
2026-08-20 14:40:05.550,27873.2649
2026-08-20 14:40:05.985,28047.4174
2026-08-20 14:40:06.398,28302.9357
2026-08-20 14:40:06.825,28466.8883
2026-08-20 14:40:07.252,28200.4191
2026-08-20 14:40:07.664,27961.1655
2026-08-20 14:40:08.088,27815.8481
2026-08-20 14:40:08.508,27778.2008
2026-08-20 14:40:08.921,27779.3069
2026-08-20 14:40:09.334,27779.3757
2026-08-20 14:40:09.746,27778.5348
2026-08-20 14:40:10.212,27776.7695
2026-08-20 14:40:10.640,27774.2569
2026-08-20 14:40:11.052,27774.048
2026-08-20 14:40:11.475,27774.2341
2026-08-20 14:40:11.889,27773.1211
2026-08-20 14:40:12.321,27772.1189
2026-08-20 14:40:12.743,27770.837
2026-08-20 14:40:13.172,27772.4946
2026-08-20 14:40:13.585,27859.2544
2026-08-20 14:40:13.997,28037.5555
2026-08-20 14:40:14.411,28286.0232
2026-08-20 14:40:14.838,28590.9242
2026-08-20 14:40:15.276,28918.2949
2026-08-20 14:40:15.693,29262.4779
2026-08-20 14:40:16.105,29617.8636
2026-08-20 14:40:16.531,29599.5377
2026-08-20 14:40:16.958,29230.1938
2026-08-20 14:40:17.370,28880.0744
2026-08-20 14:40:17.781,28560.924
2026-08-20 14:40:18.193,28265.5362
2026-08-20 14:40:18.619,28017.9548
2026-08-20 14:40:19.112,27826.797
2026-08-20 14:40:19.525,27816.071
2026-08-20 14:40:19.940,27954.8524
2026-08-20 14:40:20.355,28178.4925
2026-08-20 14:40:20.768,28446.1315
2026-08-20 14:40:21.183,28316.2402
2026-08-20 14:40:21.610,28051.1425
2026-08-20 14:40:22.022,27857.7302
2026-08-20 14:40:22.443,27768.2197
2026-08-20 14:40:22.856,27764.6003
2026-08-20 14:40:23.270,27764.858
2026-08-20 14:40:23.684,27764.4389
2026-08-20 14:40:24.111,27763.4295
2026-08-20 14:40:24.571,27762.661
2026-08-20 14:40:24.984,27762.0363
2026-08-20 14:40:25.403,27761.4348
2026-08-20 14:40:25.816,27760.7667
2026-08-20 14:40:26.283,27760.1277
2026-08-20 14:40:26.701,27759.1575
2026-08-20 14:40:27.112,27758.6496
2026-08-20 14:40:27.525,27790.0045
2026-08-20 14:40:27.938,27928.8591
2026-08-20 14:40:28.364,28146.5181
2026-08-20 14:40:28.776,28430.6875
2026-08-20 14:40:29.190,28738.3848
2026-08-20 14:40:29.602,29067.0126
2026-08-20 14:40:30.026,29411.495
2026-08-20 14:40:30.445,29666.4943
2026-08-20 14:40:30.859,29366.119
2026-08-20 14:40:31.286,29017.9956
2026-08-20 14:40:31.701,28678.4905
2026-08-20 14:40:32.115,28369.9185
2026-08-20 14:40:32.555,28099.2117
2026-08-20 14:40:32.967,27886.331
2026-08-20 14:40:33.391,27786.697
2026-08-20 14:40:33.804,27864.8421
2026-08-20 14:40:34.216,28044.8521
2026-08-20 14:40:34.691,28301.2936
2026-08-20 14:40:35.138,28385.426
2026-08-20 14:40:35.563,28106.1117
2026-08-20 14:40:35.975,27890.1444
2026-08-20 14:40:36.388,27771.0338
2026-08-20 14:40:36.815,27754.5983
2026-08-20 14:40:37.227,27755.3614
2026-08-20 14:40:37.659,27754.9571
2026-08-20 14:40:38.072,27754.3818
2026-08-20 14:40:38.485,27753.8074
2026-08-20 14:40:38.898,27752.8903
2026-08-20 14:40:39.328,27752.0674
2026-08-20 14:40:39.800,27751.272
2026-08-20 14:40:40.246,27750.6398
2026-08-20 14:40:40.660,27749.9869
2026-08-20 14:40:41.074,27748.8434
2026-08-20 14:40:41.492,27762.8884
2026-08-20 14:40:41.935,27878.2492
2026-08-20 14:40:42.348,28094.915
2026-08-20 14:40:42.776,28372.8901
2026-08-20 14:40:43.192,28676.9025
2026-08-20 14:40:43.607,29004.9083
2026-08-20 14:40:44.067,29347.4967
2026-08-20 14:40:44.520,29656.1058
2026-08-20 14:40:44.933,29349.4684
2026-08-20 14:40:45.347,29001.8107
2026-08-20 14:40:45.767,28670.136
2026-08-20 14:40:46.179,28360.5003
2026-08-20 14:40:46.609,28079.3355
2026-08-20 14:40:47.022,27881.3851
2026-08-20 14:40:47.435,27777.8933
2026-08-20 14:40:47.860,27848.1749
2026-08-20 14:40:48.273,28029.2035
2026-08-20 14:40:48.686,28283.7943
2026-08-20 14:40:49.130,28424.2361
2026-08-20 14:40:49.544,28138.224
2026-08-20 14:40:49.957,27913.3926
2026-08-20 14:40:50.370,27775.4911
2026-08-20 14:40:50.780,27745.0882
2026-08-20 14:40:51.208,27746.2195
2026-08-20 14:40:51.641,27746.7241
2026-08-20 14:40:52.056,27746.0426
2026-08-20 14:40:52.475,27745.0507
2026-08-20 14:40:52.904,27744.1073
2026-08-20 14:40:53.317,27743.3389
2026-08-20 14:40:53.733,27742.8953
2026-08-20 14:40:54.145,27741.0483
2026-08-20 14:40:54.557,27740.1969
2026-08-20 14:40:54.993,27740.7333
2026-08-20 14:40:55.406,27741.9976
2026-08-20 14:40:55.819,27820.5674
2026-08-20 14:40:56.248,27993.7774
2026-08-20 14:40:56.661,28249.8361
2026-08-20 14:40:57.127,28581.7141
2026-08-20 14:40:57.552,28901.5625
2026-08-20 14:40:57.971,29248.915
2026-08-20 14:40:58.391,29603.4098
2026-08-20 14:40:58.808,29500.8745
2026-08-20 14:40:59.221,29143.447
2026-08-20 14:40:59.634,28807.2384
2026-08-20 14:41:00.060,28488.9062
2026-08-20 14:41:00.473,28187.4021
2026-08-20 14:41:00.886,27952.4157
2026-08-20 14:41:01.298,27800.6964
2026-08-20 14:41:01.711,27783.7282
2026-08-20 14:41:02.135,27919.1624
2026-08-20 14:41:02.548,28145.7199
2026-08-20 14:41:02.975,28414.161
2026-08-20 14:41:03.461,28234.0778
2026-08-20 14:41:03.873,27981.3972
2026-08-20 14:41:04.287,27808.2523
2026-08-20 14:41:04.699,27735.0789
2026-08-20 14:41:05.111,27735.0559
2026-08-20 14:41:05.523,27734.943
2026-08-20 14:41:05.948,27733.7195
2026-08-20 14:41:06.365,27733.4771
2026-08-20 14:41:06.778,27733.1108
2026-08-20 14:41:07.205,27732.9059
2026-08-20 14:41:07.631,27732.5737
2026-08-20 14:41:08.050,27731.3011
2026-08-20 14:41:08.462,27730.2195
2026-08-20 14:41:08.892,27729.597
2026-08-20 14:41:09.305,27728.8157
2026-08-20 14:41:09.730,27758.9252
2026-08-20 14:41:10.147,27901.0683
2026-08-20 14:41:10.560,28121.1894
2026-08-20 14:41:11.004,28397.0975
2026-08-20 14:41:11.419,28728.8943
2026-08-20 14:41:11.846,29059.7749
2026-08-20 14:41:12.259,29417.9027
2026-08-20 14:41:12.672,29632.3916
2026-08-20 14:41:13.138,29270.1833
2026-08-20 14:41:13.551,28926.3974
2026-08-20 14:41:13.965,28601.4229
2026-08-20 14:41:14.391,28288.3989
2026-08-20 14:41:14.812,28027.6573
2026-08-20 14:41:15.237,27839.4005
2026-08-20 14:41:15.658,27757.6246
2026-08-20 14:41:16.072,27854.8337
2026-08-20 14:41:16.484,28045.9691
2026-08-20 14:41:16.897,28309.2841
2026-08-20 14:41:17.311,28377.3264
2026-08-20 14:41:17.736,28090.9592
2026-08-20 14:41:18.149,27875.401
2026-08-20 14:41:18.561,27748.659
2026-08-20 14:41:19.007,27727.5279
2026-08-20 14:41:19.424,27728.4723
2026-08-20 14:41:19.850,27728.5449
2026-08-20 14:41:20.263,27727.8981
2026-08-20 14:41:20.695,27727.8075
2026-08-20 14:41:21.108,27727.1451
2026-08-20 14:41:21.524,27726.1412
2026-08-20 14:41:21.942,27725.5042
2026-08-20 14:41:22.369,27725.0633
2026-08-20 14:41:22.795,27723.9977
2026-08-20 14:41:23.207,27723.512
2026-08-20 14:41:23.620,27728.5804
2026-08-20 14:41:24.059,27824.6782
2026-08-20 14:41:24.471,28024.0859
2026-08-20 14:41:24.905,28292.2486
2026-08-20 14:41:25.331,28595.286
2026-08-20 14:41:25.743,28928.5195
2026-08-20 14:41:26.156,29267.5281
2026-08-20 14:41:26.569,29607.7296
2026-08-20 14:41:26.994,29463.0111
2026-08-20 14:41:27.412,29100.5404
2026-08-20 14:41:27.824,28762.018
2026-08-20 14:41:28.238,28446.365
2026-08-20 14:41:28.652,28158.0355
2026-08-20 14:41:29.075,27927.6627
2026-08-20 14:41:29.489,27778.8462
2026-08-20 14:41:29.922,27783.9467
2026-08-20 14:41:30.395,27957.9148
2026-08-20 14:41:30.811,28203.1414
2026-08-20 14:41:31.238,28418.0784
2026-08-20 14:41:31.653,28183.7533
2026-08-20 14:41:32.067,27939.7895
2026-08-20 14:41:32.480,27780.2528
2026-08-20 14:41:32.904,27724.6891
2026-08-20 14:41:33.339,27726.5404
2026-08-20 14:41:33.751,27726.8225
2026-08-20 14:41:34.166,27726.4669
2026-08-20 14:41:34.580,27726.4066
2026-08-20 14:41:35.022,27726.0708
2026-08-20 14:41:35.436,27726.5684
2026-08-20 14:41:35.849,27726.8459
2026-08-20 14:41:36.261,27726.6795
2026-08-20 14:41:36.674,27725.7458
2026-08-20 14:41:37.087,27723.8771
2026-08-20 14:41:37.499,27723.577
2026-08-20 14:41:37.922,27768.0474
2026-08-20 14:41:38.337,27923.5027
2026-08-20 14:41:38.750,28154.0241
2026-08-20 14:41:39.168,28437.0809
2026-08-20 14:41:39.604,28753.0919
2026-08-20 14:41:40.026,29103.5736
2026-08-20 14:41:40.442,29459.3306
2026-08-20 14:41:40.854,29614.8889
2026-08-20 14:41:41.266,29273.2011
2026-08-20 14:41:41.692,28929.3225
2026-08-20 14:41:42.106,28593.8186
2026-08-20 14:41:42.542,28289.9582
2026-08-20 14:41:42.955,28014.8462
2026-08-20 14:41:43.367,27833.1666
2026-08-20 14:41:43.783,27755.6278
2026-08-20 14:41:44.196,27852.825
2026-08-20 14:41:44.668,28078.4897
2026-08-20 14:41:45.079,28350.7145
2026-08-20 14:41:45.507,28356.4545
2026-08-20 14:41:45.920,28069.0731
2026-08-20 14:41:46.388,27859.6558
2026-08-20 14:41:46.817,27734.0515
2026-08-20 14:41:47.230,27725.9731
2026-08-20 14:41:47.643,27726.6482
2026-08-20 14:41:48.071,27726.2975
2026-08-20 14:41:48.483,27726.1501
2026-08-20 14:41:48.921,27725.6819
2026-08-20 14:41:49.347,27725.4618
2026-08-20 14:41:49.759,27725.162
2026-08-20 14:41:50.171,27724.9044
2026-08-20 14:41:50.587,27724.6524
2026-08-20 14:41:51.053,27724.4039
2026-08-20 14:41:51.479,27724.0847
2026-08-20 14:41:51.894,27745.5809
2026-08-20 14:41:52.306,27874.6314
2026-08-20 14:41:52.724,28083.0136
2026-08-20 14:41:53.162,28358.58
2026-08-20 14:41:53.574,28684.0649
2026-08-20 14:41:54.001,29011.555
2026-08-20 14:41:54.413,29367.8375
2026-08-20 14:41:54.825,29644.5988
2026-08-20 14:41:55.237,29374.7876
2026-08-20 14:41:55.650,29025.7459
2026-08-20 14:41:56.110,28656.8017
2026-08-20 14:41:56.537,28349.2068
2026-08-20 14:41:56.955,28068.5184
2026-08-20 14:41:57.373,27866.027
2026-08-20 14:41:57.785,27759.5365
2026-08-20 14:41:58.263,27845.0762
2026-08-20 14:41:58.675,28037.2945
2026-08-20 14:41:59.102,28309.5135
2026-08-20 14:41:59.515,28382.1935
2026-08-20 14:41:59.927,28104.4544
2026-08-20 14:42:00.368,27880.2602
2026-08-20 14:42:00.785,27749.5357
2026-08-20 14:42:01.201,27730.0686
2026-08-20 14:42:01.627,27731.3179
2026-08-20 14:42:02.040,27731.3606
2026-08-20 14:42:02.453,27731.1645
2026-08-20 14:42:02.867,27730.48
2026-08-20 14:42:03.311,27730.2968
2026-08-20 14:42:03.722,27730.347
2026-08-20 14:42:04.134,27730.2521
2026-08-20 14:42:04.560,27729.7715
2026-08-20 14:42:04.973,27729.3076
2026-08-20 14:42:05.437,27728.837
2026-08-20 14:42:05.849,27736.4321
2026-08-20 14:42:06.277,27843.8698
2026-08-20 14:42:06.689,28036.7521
2026-08-20 14:42:07.117,28297.9656
2026-08-20 14:42:07.530,28609.4086
2026-08-20 14:42:07.952,28933.9397
2026-08-20 14:42:08.372,29283.0485
2026-08-20 14:42:08.784,29627.8641
2026-08-20 14:42:09.196,29470.2547
2026-08-20 14:42:09.625,29116.5296
2026-08-20 14:42:10.043,28767.8885
2026-08-20 14:42:10.462,28447.6434
2026-08-20 14:42:10.875,28156.1766
2026-08-20 14:42:11.319,27928.5976
2026-08-20 14:42:11.732,27778.9927
2026-08-20 14:42:12.145,27800.4087
2026-08-20 14:42:12.560,27952.337
2026-08-20 14:42:12.977,28188.468
2026-08-20 14:42:13.401,28430.541
2026-08-20 14:42:13.954,28171.9229
2026-08-20 14:42:14.371,27904.1171
2026-08-20 14:42:14.785,27764.7691
2026-08-20 14:42:15.198,27733.2341
2026-08-20 14:42:15.611,27734.1866
2026-08-20 14:42:16.023,27734.4145
2026-08-20 14:42:16.486,27733.8725
2026-08-20 14:42:16.911,27733.1169
2026-08-20 14:42:17.325,27732.4759
2026-08-20 14:42:17.737,27732.2285
2026-08-20 14:42:18.150,27732.3057
2026-08-20 14:42:18.562,27732.2201
2026-08-20 14:42:18.974,27730.5369
2026-08-20 14:42:19.387,27727.9384
2026-08-20 14:42:19.868,27731.3337
2026-08-20 14:42:20.289,27821.964
2026-08-20 14:42:20.716,28007.2706
2026-08-20 14:42:21.129,28270.2401
2026-08-20 14:42:21.556,28579.148
2026-08-20 14:42:21.987,28901.2246
2026-08-20 14:42:22.401,29257.644
2026-08-20 14:42:22.828,29617.219
2026-08-20 14:42:23.241,29491.748
2026-08-20 14:42:23.666,29135.7638
2026-08-20 14:42:24.079,28787.6686
2026-08-20 14:42:24.507,28458.5971
2026-08-20 14:42:24.927,28168.9013
2026-08-20 14:42:25.339,27933.9327
2026-08-20 14:42:25.751,27788.7172
2026-08-20 14:42:26.176,27785.4638
2026-08-20 14:42:26.590,27932.5242
2026-08-20 14:42:27.035,28161.7544
2026-08-20 14:42:27.447,28426.5965
2026-08-20 14:42:27.859,28236.6828
2026-08-20 14:42:28.284,27982.3341
2026-08-20 14:42:28.698,27803.3269
2026-08-20 14:42:29.118,27731.5688
2026-08-20 14:42:29.531,27732.0673
2026-08-20 14:42:29.998,27732.8687
2026-08-20 14:42:30.438,27732.5642
2026-08-20 14:42:30.852,27732.2591
2026-08-20 14:42:31.266,27732.1589
2026-08-20 14:42:31.703,27731.926
2026-08-20 14:42:32.117,27731.7147
2026-08-20 14:42:32.533,27731.4898
2026-08-20 14:42:32.946,27731.4612
2026-08-20 14:42:33.358,27731.1799
2026-08-20 14:42:33.771,27731.0236
2026-08-20 14:42:34.185,27775.2203
2026-08-20 14:42:34.652,27951.8889
2026-08-20 14:42:35.076,28189.2252
2026-08-20 14:42:35.581,28521.8938
2026-08-20 14:42:35.995,28876.1573
2026-08-20 14:42:36.407,29216.9771
2026-08-20 14:42:36.869,29611.4451
2026-08-20 14:42:37.282,29520.6278
2026-08-20 14:42:37.695,29163.9542
2026-08-20 14:42:38.108,28824.1265
2026-08-20 14:42:38.521,28504.0249
2026-08-20 14:42:38.949,28210.9776
2026-08-20 14:42:39.456,27925.0724
2026-08-20 14:42:39.924,27776.1448
2026-08-20 14:42:40.338,27823.7093
2026-08-20 14:42:40.752,27988.6821
2026-08-20 14:42:41.170,28235.876
2026-08-20 14:42:41.596,28439.9475
2026-08-20 14:42:42.015,28191.8391
2026-08-20 14:42:42.444,27947.8934
2026-08-20 14:42:42.861,27788.0758
2026-08-20 14:42:43.278,27741.9215
2026-08-20 14:42:43.690,27743.9082
2026-08-20 14:42:44.162,27745.0732
2026-08-20 14:42:44.593,27744.7097
2026-08-20 14:42:45.009,27744.8508
2026-08-20 14:42:45.421,27744.6002
2026-08-20 14:42:45.833,27744.0024
2026-08-20 14:42:46.259,27743.8205
2026-08-20 14:42:46.672,27743.3079
2026-08-20 14:42:47.084,27742.9535
2026-08-20 14:42:47.504,27742.6703
2026-08-20 14:42:47.931,27742.2383
2026-08-20 14:42:48.352,27815.0777
2026-08-20 14:42:48.767,27988.689
2026-08-20 14:42:49.230,28235.3202
2026-08-20 14:42:49.648,28568.6982
2026-08-20 14:42:50.065,28888.9747
2026-08-20 14:42:50.478,29232.5472
2026-08-20 14:42:50.891,29588.4837
2026-08-20 14:42:51.317,29567.227
2026-08-20 14:42:51.729,29195.272
2026-08-20 14:42:52.160,28841.5362
2026-08-20 14:42:52.603,28517.0151
2026-08-20 14:42:53.015,28201.9575
2026-08-20 14:42:53.436,27964.4887
2026-08-20 14:42:53.862,27808.6406
2026-08-20 14:42:54.276,27793.9079
2026-08-20 14:42:54.688,27932.263
2026-08-20 14:42:55.132,28175.4695
2026-08-20 14:42:55.545,28434.9524
2026-08-20 14:42:55.981,28264.7359
2026-08-20 14:42:56.396,28001.887
2026-08-20 14:42:56.834,27819.2186
2026-08-20 14:42:57.247,27746.0679
2026-08-20 14:42:57.669,27746.3573
2026-08-20 14:42:58.082,27747.0613
2026-08-20 14:42:58.494,27746.9946
2026-08-20 14:42:58.921,27746.6403
2026-08-20 14:42:59.413,27743.9045
2026-08-20 14:42:59.826,27744.5394
2026-08-20 14:43:00.240,27745.2757
2026-08-20 14:43:00.652,27744.9188
2026-08-20 14:43:01.076,27745.0598
2026-08-20 14:43:01.494,27744.7939
2026-08-20 14:43:01.906,27744.4441
2026-08-20 14:43:02.320,27788.8944
2026-08-20 14:43:02.732,27941.0536
2026-08-20 14:43:03.155,28170.0079
2026-08-20 14:43:03.569,28461.9745
2026-08-20 14:43:04.004,28777.3444
2026-08-20 14:43:04.417,29130.1296
2026-08-20 14:43:04.854,29495.528
2026-08-20 14:43:05.267,29650.0318
2026-08-20 14:43:05.701,29289.914
2026-08-20 14:43:06.119,28938.7832
2026-08-20 14:43:06.546,28607.0338
2026-08-20 14:43:06.965,28292.6733
2026-08-20 14:43:07.382,28030.5249
2026-08-20 14:43:07.800,27850.3901
2026-08-20 14:43:08.238,27782.3901
2026-08-20 14:43:08.650,27897.9717
2026-08-20 14:43:09.071,28101.6334
2026-08-20 14:43:09.483,28380.7498
2026-08-20 14:43:09.952,28368.1277
2026-08-20 14:43:10.370,28054.2554
2026-08-20 14:43:10.797,27858.3288
2026-08-20 14:43:11.210,27756.702
2026-08-20 14:43:11.637,27751.1429
2026-08-20 14:43:12.054,27751.807
2026-08-20 14:43:12.468,27751.2928
2026-08-20 14:43:12.886,27750.8232
2026-08-20 14:43:13.300,27750.3399
2026-08-20 14:43:13.712,27749.6405
2026-08-20 14:43:14.130,27748.1297
2026-08-20 14:43:14.542,27746.3554
2026-08-20 14:43:14.970,27745.4244
2026-08-20 14:43:15.382,27744.6134
2026-08-20 14:43:15.794,27744.4085
2026-08-20 14:43:16.206,27755.9765
2026-08-20 14:43:16.618,27867.6348
2026-08-20 14:43:17.085,28095.724
2026-08-20 14:43:17.506,28366.6138
2026-08-20 14:43:17.932,28680.7617
2026-08-20 14:43:18.355,29019.7591
2026-08-20 14:43:18.782,29374.0314
2026-08-20 14:43:19.200,29674.5657
2026-08-20 14:43:19.631,29404.7753
2026-08-20 14:43:20.049,29041.7741
2026-08-20 14:43:20.463,28703.9635
2026-08-20 14:43:20.876,28391.4791
2026-08-20 14:43:21.293,28112.2156
2026-08-20 14:43:21.707,27899.8984
2026-08-20 14:43:22.152,27777.8211
2026-08-20 14:43:22.568,27840.3349
2026-08-20 14:43:22.986,28014.0797
2026-08-20 14:43:23.399,28270.482
2026-08-20 14:43:23.813,28434.6725
2026-08-20 14:43:24.253,28173.9738
2026-08-20 14:43:24.665,27923.7555
2026-08-20 14:43:25.078,27778.6356
2026-08-20 14:43:25.506,27741.1568
2026-08-20 14:43:25.920,27741.9727
2026-08-20 14:43:26.386,27741.7847
2026-08-20 14:43:26.812,27740.8273
2026-08-20 14:43:27.225,27739.8743
2026-08-20 14:43:27.637,27739.0239
2026-08-20 14:43:28.099,27738.536
2026-08-20 14:43:28.516,27737.661
2026-08-20 14:43:28.944,27736.9929
2026-08-20 14:43:29.357,27736.3104
2026-08-20 14:43:29.771,27735.6498
2026-08-20 14:43:30.190,27738.3564
2026-08-20 14:43:30.646,27829.5677
2026-08-20 14:43:31.059,28034.5865
2026-08-20 14:43:31.493,28304.4854
2026-08-20 14:43:31.907,28611.2874
2026-08-20 14:43:32.318,28935.5863
2026-08-20 14:43:32.744,29277.0113
2026-08-20 14:43:33.156,29631.9917
2026-08-20 14:43:33.589,29479.6044
2026-08-20 14:43:34.001,29118.1085
2026-08-20 14:43:34.430,28768.6869
2026-08-20 14:43:34.868,28450.4703
2026-08-20 14:43:35.282,28146.2471
2026-08-20 14:43:35.707,27921.4392
2026-08-20 14:43:36.120,27780.4986
2026-08-20 14:43:36.587,27802.4741
2026-08-20 14:43:37.018,27983.7978
2026-08-20 14:43:37.431,28238.2953
2026-08-20 14:43:37.843,28430.437
2026-08-20 14:43:38.257,28185.6196
2026-08-20 14:43:38.670,27943.7133
2026-08-20 14:43:39.146,27771.8673
2026-08-20 14:43:39.562,27733.2215
2026-08-20 14:43:39.974,27734.0417
2026-08-20 14:43:40.387,27734.0508
2026-08-20 14:43:40.799,27733.5296
2026-08-20 14:43:41.236,27732.5433
2026-08-20 14:43:41.650,27731.3755
2026-08-20 14:43:42.067,27730.6558
2026-08-20 14:43:42.479,27730.5271
2026-08-20 14:43:42.894,27730.3149
2026-08-20 14:43:43.308,27729.8941
2026-08-20 14:43:43.720,27729.4477
2026-08-20 14:43:44.135,27727.0186
2026-08-20 14:43:44.549,27785.5887
2026-08-20 14:43:45.015,27974.3995
2026-08-20 14:43:45.428,28218.6406
2026-08-20 14:43:45.855,28522.5928
2026-08-20 14:43:46.274,28841.6791
2026-08-20 14:43:46.686,29182.9483
2026-08-20 14:43:47.099,29536.0787
2026-08-20 14:43:47.517,29586.5378
2026-08-20 14:43:47.950,29221.3788
2026-08-20 14:43:48.364,28860.9565
2026-08-20 14:43:48.778,28537.7181
2026-08-20 14:43:49.190,28238.0077
2026-08-20 14:43:49.607,27987.4901
2026-08-20 14:43:50.073,27802.7648
2026-08-20 14:43:50.519,27779.5972
2026-08-20 14:43:50.932,27918.0099
2026-08-20 14:43:51.345,28140.7256
2026-08-20 14:43:51.762,28410.256
2026-08-20 14:43:52.209,28273.6883
2026-08-20 14:43:52.632,27991.907
2026-08-20 14:43:53.045,27808.4513
2026-08-20 14:43:53.458,27730.305
2026-08-20 14:43:53.876,27729.2551
2026-08-20 14:43:54.301,27729.3698
2026-08-20 14:43:54.796,27728.6483
2026-08-20 14:43:55.209,27727.6521
2026-08-20 14:43:55.622,27726.5612
2026-08-20 14:43:56.034,27726.2047
2026-08-20 14:43:56.446,27725.2213
2026-08-20 14:43:56.859,27723.7937
2026-08-20 14:43:57.279,27723.7609
2026-08-20 14:43:57.693,27723.8939
2026-08-20 14:43:58.109,27723.9566
2026-08-20 14:43:58.522,27760.5501
2026-08-20 14:43:58.941,27905.053
2026-08-20 14:43:59.368,28130.3668
2026-08-20 14:43:59.855,28473.2644
2026-08-20 14:44:00.269,28790.0358
2026-08-20 14:44:00.682,29125.5308
2026-08-20 14:44:01.107,29476.2092
2026-08-20 14:44:01.525,29612.164
2026-08-20 14:44:01.937,29256.7143
2026-08-20 14:44:02.381,28911.2726
2026-08-20 14:44:02.794,28560.7966
2026-08-20 14:44:03.228,28249.9877
2026-08-20 14:44:03.640,27991.0116
2026-08-20 14:44:04.059,27817.3058
2026-08-20 14:44:04.525,27762.5582
2026-08-20 14:44:04.948,27887.5956
2026-08-20 14:44:05.361,28105.3645
2026-08-20 14:44:05.780,28381.1014
2026-08-20 14:44:06.193,28297.0623
2026-08-20 14:44:06.652,28027.1858
2026-08-20 14:44:07.069,27815.2458
2026-08-20 14:44:07.481,27726.0097
2026-08-20 14:44:07.895,27722.8491
2026-08-20 14:44:08.356,27723.0778
2026-08-20 14:44:08.775,27722.893
2026-08-20 14:44:09.187,27722.3555
2026-08-20 14:44:09.611,27721.8678
2026-08-20 14:44:10.022,27721.2448
2026-08-20 14:44:10.457,27720.8097
2026-08-20 14:44:10.887,27720.3042
2026-08-20 14:44:11.314,27719.8488
2026-08-20 14:44:11.725,27719.0042
2026-08-20 14:44:12.153,27718.8232
2026-08-20 14:44:12.576,27750.8858
2026-08-20 14:44:12.989,27894.9799
2026-08-20 14:44:13.407,28115.2068
2026-08-20 14:44:13.820,28397.4388
2026-08-20 14:44:14.253,28723.0859
2026-08-20 14:44:14.666,29055.252
2026-08-20 14:44:15.079,29403.8349
2026-08-20 14:44:15.491,29639.8748
2026-08-20 14:44:15.906,29334.1587
2026-08-20 14:44:16.318,28983.0091
2026-08-20 14:44:16.763,28653.4037
2026-08-20 14:44:17.176,28320.2584
2026-08-20 14:44:17.595,28050.8355
2026-08-20 14:44:18.009,27851.2181
2026-08-20 14:44:18.421,27751.1083
2026-08-20 14:44:18.833,27825.7294
2026-08-20 14:44:19.259,28010.9106
2026-08-20 14:44:19.671,28268.6848
2026-08-20 14:44:20.098,28392.8175
2026-08-20 14:44:20.522,28118.6431
2026-08-20 14:44:20.949,27886.7345
2026-08-20 14:44:21.361,27746.8709
2026-08-20 14:44:21.780,27720.8325
2026-08-20 14:44:22.193,27722.0778
2026-08-20 14:44:22.611,27722.3242
2026-08-20 14:44:23.024,27721.7563
2026-08-20 14:44:23.451,27721.268
2026-08-20 14:44:23.863,27720.5283
2026-08-20 14:44:24.279,27719.7989
2026-08-20 14:44:24.692,27719.3758
2026-08-20 14:44:25.117,27719.0177
2026-08-20 14:44:25.531,27718.9245
2026-08-20 14:44:25.949,27718.5113
2026-08-20 14:44:26.362,27718.6913
2026-08-20 14:44:26.831,27792.2208
2026-08-20 14:44:27.251,27993.9095
2026-08-20 14:44:27.677,28247.0306
2026-08-20 14:44:28.090,28553.704
2026-08-20 14:44:28.501,28875.2265
2026-08-20 14:44:28.925,29214.5213
2026-08-20 14:44:29.355,29579.3112
2026-08-20 14:44:29.768,29502.5467
2026-08-20 14:44:30.181,29145.9133
2026-08-20 14:44:30.592,28806.4525
2026-08-20 14:44:31.005,28486.8369
2026-08-20 14:44:31.417,28193.2347
2026-08-20 14:44:31.832,27951.9562
2026-08-20 14:44:32.245,27793.6382
2026-08-20 14:44:32.657,27760.5078
2026-08-20 14:44:33.089,27885.7211
2026-08-20 14:44:33.502,28109.2271
2026-08-20 14:44:33.915,28384.1367
2026-08-20 14:44:34.328,28295.0073
2026-08-20 14:44:34.752,28026.2991
2026-08-20 14:44:35.166,27826.5468
2026-08-20 14:44:35.582,27728.7338
2026-08-20 14:44:36.048,27723.3501
2026-08-20 14:44:36.462,27723.9817
2026-08-20 14:44:36.874,27723.696
2026-08-20 14:44:37.292,27723.3656
2026-08-20 14:44:37.713,27722.9314
2026-08-20 14:44:38.173,27722.2525
2026-08-20 14:44:38.586,27721.6546
2026-08-20 14:44:38.998,27721.1365
2026-08-20 14:44:39.426,27720.6208
2026-08-20 14:44:39.839,27720.2451
2026-08-20 14:44:40.253,27720.3608
2026-08-20 14:44:40.715,27745.469
2026-08-20 14:44:41.133,27901.5019
2026-08-20 14:44:41.552,28124.4807
2026-08-20 14:44:41.966,28409.7955
2026-08-20 14:44:42.381,28722.2789
2026-08-20 14:44:42.811,29066.3346
2026-08-20 14:44:43.232,29418.4059
2026-08-20 14:44:43.645,29640.2862
2026-08-20 14:44:44.059,29320.2408
2026-08-20 14:44:44.520,28970.8901
2026-08-20 14:44:44.954,28592.0381
2026-08-20 14:44:45.377,28282.035
2026-08-20 14:44:45.790,28014.3715
2026-08-20 14:44:46.209,27831.5931
2026-08-20 14:44:46.625,27750.8025
2026-08-20 14:44:47.037,27844.937
2026-08-20 14:44:47.450,28033.7584
2026-08-20 14:44:47.877,28297.2458
2026-08-20 14:44:48.289,28377.367
2026-08-20 14:44:48.710,28097.8407
2026-08-20 14:44:49.124,27875.2005
2026-08-20 14:44:49.557,27743.7002
2026-08-20 14:44:49.996,27723.891
2026-08-20 14:44:50.408,27725.1863
2026-08-20 14:44:50.835,27724.6418
2026-08-20 14:44:51.249,27722.7272
2026-08-20 14:44:51.675,27721.6586
2026-08-20 14:44:52.091,27720.3748
2026-08-20 14:44:52.502,27719.7466
2026-08-20 14:44:52.916,27719.8628
2026-08-20 14:44:53.329,27718.9041
2026-08-20 14:44:53.753,27717.9399
2026-08-20 14:44:54.256,27717.0911
2026-08-20 14:44:54.670,27730.1013
2026-08-20 14:44:55.082,27844.8161
2026-08-20 14:44:55.508,28052.3657
2026-08-20 14:44:55.950,28319.6096
2026-08-20 14:44:56.362,28646.1946
2026-08-20 14:44:56.774,28973.6871
2026-08-20 14:44:57.199,29317.4995
2026-08-20 14:44:57.613,29640.0726
2026-08-20 14:44:58.032,29415.5108
2026-08-20 14:44:58.446,29055.8979
2026-08-20 14:44:58.859,28719.8334
2026-08-20 14:44:59.273,28404.9569
2026-08-20 14:44:59.694,28119.8844
2026-08-20 14:45:00.106,27895.4788
2026-08-20 14:45:00.519,27762.314
2026-08-20 14:45:00.931,27789.7017
2026-08-20 14:45:01.349,27943.3295
2026-08-20 14:45:01.767,28184.6875
2026-08-20 14:45:02.203,28419.1862
2026-08-20 14:45:02.615,28193.7276
2026-08-20 14:45:03.027,27946.6826
2026-08-20 14:45:03.453,27782.4364
2026-08-20 14:45:03.865,27720.778
2026-08-20 14:45:04.293,27722.4193
2026-08-20 14:45:04.706,27723.0737
2026-08-20 14:45:05.142,27723.0056
2026-08-20 14:45:05.556,27723.0659
2026-08-20 14:45:05.989,27722.7339
2026-08-20 14:45:06.403,27722.2312
2026-08-20 14:45:06.815,27721.4256
2026-08-20 14:45:07.244,27720.8906
2026-08-20 14:45:07.670,27720.587
2026-08-20 14:45:08.088,27720.4976
2026-08-20 14:45:08.522,27720.526
2026-08-20 14:45:08.934,27777.2046
2026-08-20 14:45:09.352,27936.6573
2026-08-20 14:45:09.764,28175.7167
2026-08-20 14:45:10.176,28463.5677
2026-08-20 14:45:10.625,28804.8455
2026-08-20 14:45:11.041,29144.4734
2026-08-20 14:45:11.454,29500.5439
2026-08-20 14:45:11.867,29612.778
2026-08-20 14:45:12.341,29206.3895
2026-08-20 14:45:12.753,28863.1766
2026-08-20 14:45:13.177,28539.5451
2026-08-20 14:45:13.604,28232.9601
2026-08-20 14:45:14.019,27975.6867
2026-08-20 14:45:14.463,27809.384
2026-08-20 14:45:14.889,27772.5239
2026-08-20 14:45:15.302,27904.8947
2026-08-20 14:45:15.717,28123.5645
2026-08-20 14:45:16.131,28399.308
2026-08-20 14:45:16.597,28258.2122
2026-08-20 14:45:17.009,27998.1858
2026-08-20 14:45:17.422,27815.9628
2026-08-20 14:45:17.836,27732.742
2026-08-20 14:45:18.252,27731.2807
2026-08-20 14:45:18.665,27732.0055
2026-08-20 14:45:19.079,27731.7514
2026-08-20 14:45:19.510,27730.9961
2026-08-20 14:45:19.924,27730.2106
2026-08-20 14:45:20.357,27729.2189
2026-08-20 14:45:20.770,27728.7141
2026-08-20 14:45:21.196,27728.3149
2026-08-20 14:45:21.609,27727.691
2026-08-20 14:45:22.023,27727.4254
2026-08-20 14:45:22.439,27726.9436
2026-08-20 14:45:22.866,27748.821
2026-08-20 14:45:23.278,27883.4095
2026-08-20 14:45:23.786,28152.0689
2026-08-20 14:45:24.200,28440.8118
2026-08-20 14:45:24.612,28756.0151
2026-08-20 14:45:25.039,29100.8012
2026-08-20 14:45:25.483,29465.2436
2026-08-20 14:45:25.906,29635.6606
2026-08-20 14:45:26.326,29281.6082
2026-08-20 14:45:26.738,28928.012
2026-08-20 14:45:27.151,28599.5159
2026-08-20 14:45:27.596,28294.2252
2026-08-20 14:45:28.008,28013.0484
2026-08-20 14:45:28.431,27832.8995
2026-08-20 14:45:28.843,27760.3648
2026-08-20 14:45:29.256,27863.2523
2026-08-20 14:45:29.685,28067.7446
2026-08-20 14:45:30.106,28339.4715
2026-08-20 14:45:30.568,28321.61
2026-08-20 14:45:30.981,28048.223
2026-08-20 14:45:31.395,27846.721
2026-08-20 14:45:31.822,27738.9833
2026-08-20 14:45:32.286,27729.1009
2026-08-20 14:45:32.706,27730.0439
2026-08-20 14:45:33.132,27729.4274
2026-08-20 14:45:33.545,27729.1634
2026-08-20 14:45:33.959,27729.0648
2026-08-20 14:45:34.386,27729.0597
2026-08-20 14:45:34.819,27728.9166
2026-08-20 14:45:35.231,27728.7631
2026-08-20 14:45:35.649,27728.5601
2026-08-20 14:45:36.061,27728.2885
2026-08-20 14:45:36.474,27728.3294
2026-08-20 14:45:36.887,27746.3546
2026-08-20 14:45:37.307,27869.5304
2026-08-20 14:45:37.724,28079.8291
2026-08-20 14:45:38.137,28354.7011
2026-08-20 14:45:38.560,28662.2296
2026-08-20 14:45:38.987,29000.523
2026-08-20 14:45:39.403,29360.8321
2026-08-20 14:45:39.828,29663.1942
2026-08-20 14:45:40.241,29408.7861
2026-08-20 14:45:40.660,29054.2971
2026-08-20 14:45:41.087,28714.9923
2026-08-20 14:45:41.511,28390.7092
2026-08-20 14:45:41.937,28103.032
2026-08-20 14:45:42.350,27887.1129
2026-08-20 14:45:42.762,27770.1712
2026-08-20 14:45:43.176,27822.3652
2026-08-20 14:45:43.587,27988.8695
2026-08-20 14:45:44.001,28237.3313
2026-08-20 14:45:44.434,28433.3149
2026-08-20 14:45:44.853,28176.0946
2026-08-20 14:45:45.266,27936.6733
2026-08-20 14:45:45.680,27783.1052
2026-08-20 14:45:46.107,27736.2283
2026-08-20 14:45:46.520,27738.2025
2026-08-20 14:45:46.932,27738.6925
2026-08-20 14:45:47.367,27738.3467
2026-08-20 14:45:47.792,27738.4463
2026-08-20 14:45:48.204,27738.2878
2026-08-20 14:45:48.627,27738.2414
2026-08-20 14:45:49.039,27737.9263
2026-08-20 14:45:49.453,27737.6427
2026-08-20 14:45:49.866,27737.165
2026-08-20 14:45:50.287,27736.8886
2026-08-20 14:45:50.701,27736.451
2026-08-20 14:45:51.118,27790.8009
2026-08-20 14:45:51.585,27976.4557
2026-08-20 14:45:52.011,28221.7579
2026-08-20 14:45:52.422,28524.1656
2026-08-20 14:45:52.846,28843.8493
2026-08-20 14:45:53.259,29193.2866
2026-08-20 14:45:53.686,29547.9501
2026-08-20 14:45:54.099,29600.3836
2026-08-20 14:45:54.516,29237.6125
2026-08-20 14:45:54.930,28888.9682
2026-08-20 14:45:55.358,28563.9065
2026-08-20 14:45:55.769,28252.6638
2026-08-20 14:45:56.211,28001.1631
2026-08-20 14:45:56.625,27822.076
2026-08-20 14:45:57.052,27782.9144
2026-08-20 14:45:57.466,27910.3389
2026-08-20 14:45:57.879,28124.9716
2026-08-20 14:45:58.291,28401.3998
2026-08-20 14:45:58.711,28324.4828
2026-08-20 14:45:59.154,28052.8283
2026-08-20 14:45:59.569,27844.2395
2026-08-20 14:45:59.982,27750.4447
2026-08-20 14:46:00.395,27746.2
2026-08-20 14:46:00.824,27746.9144
2026-08-20 14:46:01.237,27746.4587
2026-08-20 14:46:01.650,27746.0369
2026-08-20 14:46:02.092,27745.6377
2026-08-20 14:46:02.505,27744.7059
2026-08-20 14:46:02.917,27744.4191
2026-08-20 14:46:03.330,27744.0578
2026-08-20 14:46:03.744,27743.1932
2026-08-20 14:46:04.221,27742.5868
2026-08-20 14:46:04.632,27742.4016
2026-08-20 14:46:05.045,27766.9055
2026-08-20 14:46:05.456,27898.3225
2026-08-20 14:46:05.870,28110.4244
2026-08-20 14:46:06.324,28385.8971
2026-08-20 14:46:06.741,28728.5847
2026-08-20 14:46:07.154,29064.8444
2026-08-20 14:46:07.567,29415.273
2026-08-20 14:46:07.995,29682.9467
2026-08-20 14:46:08.417,29386.9208
2026-08-20 14:46:08.830,29025.9316
2026-08-20 14:46:09.255,28691.8474
2026-08-20 14:46:09.674,28370.3937
2026-08-20 14:46:10.086,28091.889
2026-08-20 14:46:10.552,27869.5868
2026-08-20 14:46:10.971,27777.5658
2026-08-20 14:46:11.384,27862.8902
2026-08-20 14:46:11.797,28047.8729
2026-08-20 14:46:12.218,28309.9612
2026-08-20 14:46:12.647,28423.8966
2026-08-20 14:46:13.073,28135.049
2026-08-20 14:46:13.485,27905.2532
2026-08-20 14:46:13.909,27772.8523
2026-08-20 14:46:14.323,27748.0862
2026-08-20 14:46:14.752,27749.3104
2026-08-20 14:46:15.172,27749.5486
2026-08-20 14:46:15.587,27748.5129
2026-08-20 14:46:16.001,27747.9529
2026-08-20 14:46:16.427,27747.4866
2026-08-20 14:46:16.894,27746.5778
2026-08-20 14:46:17.308,27745.6182
2026-08-20 14:46:17.720,27745.163
2026-08-20 14:46:18.147,27744.8168
2026-08-20 14:46:18.559,27744.3228
2026-08-20 14:46:18.972,27749.6091
2026-08-20 14:46:19.395,27845.3553
2026-08-20 14:46:19.818,28037.2317
2026-08-20 14:46:20.231,28303.4571
2026-08-20 14:46:20.658,28606.0018
2026-08-20 14:46:21.076,28943.6049
2026-08-20 14:46:21.491,29292.2811
2026-08-20 14:46:21.921,29648.0661
2026-08-20 14:46:22.334,29511.962
2026-08-20 14:46:22.761,29153.2359
2026-08-20 14:46:23.172,28801.2459
2026-08-20 14:46:23.584,28483.1889
2026-08-20 14:46:24.024,28192.2298
2026-08-20 14:46:24.442,27945.7475
2026-08-20 14:46:24.856,27801.7728
2026-08-20 14:46:25.282,27813.2683
2026-08-20 14:46:25.695,27961.6317
2026-08-20 14:46:26.160,28228.8078
2026-08-20 14:46:26.587,28449.8753
2026-08-20 14:46:27.000,28217.2338
2026-08-20 14:46:27.426,27970.3653
2026-08-20 14:46:27.839,27804.0899
2026-08-20 14:46:28.273,27748.7086
2026-08-20 14:46:28.701,27750.5466
2026-08-20 14:46:29.114,27750.6611
2026-08-20 14:46:29.526,27750.3092
2026-08-20 14:46:29.940,27749.8442
2026-08-20 14:46:30.365,27749.0973
2026-08-20 14:46:30.777,27749.3467
2026-08-20 14:46:31.215,27748.8489
2026-08-20 14:46:31.627,27747.8843
2026-08-20 14:46:32.052,27747.4011
2026-08-20 14:46:32.464,27746.9652
2026-08-20 14:46:32.886,27746.6406
2026-08-20 14:46:33.300,27801.0246
2026-08-20 14:46:33.720,27962.4125
2026-08-20 14:46:34.133,28199.3056
2026-08-20 14:46:34.578,28513.0725
2026-08-20 14:46:34.991,28832.2146
2026-08-20 14:46:35.413,29170.2536
2026-08-20 14:46:35.827,29533.1601
2026-08-20 14:46:36.249,29640.3807
2026-08-20 14:46:36.662,29273.995
2026-08-20 14:46:37.122,28887.2143
2026-08-20 14:46:37.538,28561.0236
2026-08-20 14:46:37.955,28258.7022
2026-08-20 14:46:38.370,28003.6672
2026-08-20 14:46:38.782,27834.0853
2026-08-20 14:46:39.201,27780.8011
2026-08-20 14:46:39.616,27896.4635
2026-08-20 14:46:40.027,28102.6523
2026-08-20 14:46:40.445,28377.2802
2026-08-20 14:46:40.872,28364.4878
2026-08-20 14:46:41.292,28078.0302
2026-08-20 14:46:41.718,27869.3324
2026-08-20 14:46:42.132,27757.482
2026-08-20 14:46:42.556,27747.9325
2026-08-20 14:46:42.970,27748.9763
2026-08-20 14:46:43.381,27748.7802
2026-08-20 14:46:43.816,27748.6519
2026-08-20 14:46:44.229,27748.4021
2026-08-20 14:46:44.654,27748.1037
2026-08-20 14:46:45.070,27747.2793
2026-08-20 14:46:45.486,27746.8045
2026-08-20 14:46:45.950,27746.1564
2026-08-20 14:46:46.376,27745.7721
2026-08-20 14:46:46.791,27745.2909
2026-08-20 14:46:47.217,27763.1388
2026-08-20 14:46:47.631,27891.1092
2026-08-20 14:46:48.076,28099.9163
2026-08-20 14:46:48.489,28396.0203
2026-08-20 14:46:48.912,28706.4378
2026-08-20 14:46:49.340,29046.9517
2026-08-20 14:46:49.767,29408.4856
2026-08-20 14:46:50.179,29688.3199
2026-08-20 14:46:50.604,29401.9884
2026-08-20 14:46:51.030,29039.0216
2026-08-20 14:46:51.443,28693.9976
2026-08-20 14:46:51.855,28381.3758
2026-08-20 14:46:52.269,28104.5974
2026-08-20 14:46:52.696,27897.5733
2026-08-20 14:46:53.107,27781.7346
2026-08-20 14:46:53.519,27843.8883
2026-08-20 14:46:53.933,28014.4769
2026-08-20 14:46:54.346,28267.122
2026-08-20 14:46:54.807,28432.2948
2026-08-20 14:46:55.221,28159.507
2026-08-20 14:46:55.635,27928.5563
2026-08-20 14:46:56.049,27784.743
2026-08-20 14:46:56.462,27749.8167
2026-08-20 14:46:56.889,27750.6842
2026-08-20 14:46:57.307,27750.9147
2026-08-20 14:46:57.737,27750.7332
2026-08-20 14:46:58.151,27750.2891
2026-08-20 14:46:58.579,27749.9098
2026-08-20 14:46:58.991,27749.6083
2026-08-20 14:46:59.402,27749.2565
2026-08-20 14:46:59.829,27748.8682
2026-08-20 14:47:00.242,27748.1743
2026-08-20 14:47:00.681,27747.1762
2026-08-20 14:47:01.107,27747.1324
2026-08-20 14:47:01.522,27826.6661
2026-08-20 14:47:01.936,28002.1973
2026-08-20 14:47:02.349,28252.0707
2026-08-20 14:47:02.762,28547.9111
2026-08-20 14:47:03.190,28868.7872
2026-08-20 14:47:03.649,29260.293
2026-08-20 14:47:04.066,29617.6505
2026-08-20 14:47:04.479,29555.0958
2026-08-20 14:47:04.890,29194.465
2026-08-20 14:47:05.355,28851.8379
2026-08-20 14:47:05.769,28488.8324
2026-08-20 14:47:06.225,28173.6396
2026-08-20 14:47:06.690,27915.5888
2026-08-20 14:47:07.103,27785.6827
2026-08-20 14:47:07.518,27819.0153
2026-08-20 14:47:07.931,27976.2127
2026-08-20 14:47:08.344,28217.2598
2026-08-20 14:47:08.756,28443.7492
2026-08-20 14:47:09.176,28227.4973
2026-08-20 14:47:09.590,27972.6773
2026-08-20 14:47:10.036,27805.6624
2026-08-20 14:47:10.451,27741.4384
2026-08-20 14:47:10.878,27743.228
2026-08-20 14:47:11.290,27743.9453
2026-08-20 14:47:11.717,27743.6914
2026-08-20 14:47:12.162,27743.5932
2026-08-20 14:47:12.576,27743.5982
2026-08-20 14:47:13.001,27737.1238
2026-08-20 14:47:13.417,27732.342
2026-08-20 14:47:13.831,27730.5117
2026-08-20 14:47:14.293,27729.2834
2026-08-20 14:47:14.705,27728.3127
2026-08-20 14:47:15.117,27728.0684
2026-08-20 14:47:15.531,27792.1128
2026-08-20 14:47:15.951,27956.7221
2026-08-20 14:47:16.364,28202.5472
2026-08-20 14:47:16.791,28494.4167
2026-08-20 14:47:17.268,28866.4238
2026-08-20 14:47:17.683,29218.6308
2026-08-20 14:47:18.095,29578.0498
2026-08-20 14:47:18.514,29571.8734
2026-08-20 14:47:18.928,29202.8357
2026-08-20 14:47:19.366,28859.3177
2026-08-20 14:47:19.793,28503.7813
2026-08-20 14:47:20.205,28207.6485
2026-08-20 14:47:20.618,27964.0113
2026-08-20 14:47:21.029,27804.4821
2026-08-20 14:47:21.507,27782.0101
2026-08-20 14:47:21.926,27928.7728
2026-08-20 14:47:22.338,28160.4656
2026-08-20 14:47:22.750,28422.8377
2026-08-20 14:47:23.171,28267.7071
2026-08-20 14:47:23.583,28000.5615
2026-08-20 14:47:23.996,27817.9584
2026-08-20 14:47:24.428,27734.0877
2026-08-20 14:47:24.847,27732.5444
2026-08-20 14:47:25.265,27733.0477
2026-08-20 14:47:25.679,27732.3787
2026-08-20 14:47:26.091,27731.6309
2026-08-20 14:47:26.507,27731.3208
2026-08-20 14:47:26.974,27731.1075
2026-08-20 14:47:27.386,27731.1171
2026-08-20 14:47:27.803,27730.6513
2026-08-20 14:47:28.218,27730.3401
2026-08-20 14:47:28.630,27730.4407
2026-08-20 14:47:29.089,27730.6888
2026-08-20 14:47:29.518,27768.7256
2026-08-20 14:47:29.934,27918.8267
2026-08-20 14:47:30.347,28148.9312
2026-08-20 14:47:30.775,28445.6749
2026-08-20 14:47:31.186,28762.5217
2026-08-20 14:47:31.616,29097.9716
2026-08-20 14:47:32.029,29465.0868
2026-08-20 14:47:32.445,29656.6761
2026-08-20 14:47:32.861,29319.8564
2026-08-20 14:47:33.273,28967.8165
2026-08-20 14:47:33.688,28637.349
2026-08-20 14:47:34.102,28325.9305
2026-08-20 14:47:34.513,28056.8354
2026-08-20 14:47:34.926,27862.8522
2026-08-20 14:47:35.337,27766.1954
2026-08-20 14:47:35.750,27844.3492
2026-08-20 14:47:36.168,28025.4476
2026-08-20 14:47:36.596,28288.7581
2026-08-20 14:47:37.017,28418.5243
2026-08-20 14:47:37.435,28133.87
2026-08-20 14:47:37.858,27907.006
2026-08-20 14:47:38.272,27766.7013
2026-08-20 14:47:38.698,27739.1706
2026-08-20 14:47:39.124,27740.3074
2026-08-20 14:47:39.547,27740.9592
2026-08-20 14:47:39.963,27740.6681
2026-08-20 14:47:40.377,27740.7185
2026-08-20 14:47:40.807,27740.623
2026-08-20 14:47:41.223,27740.1024
2026-08-20 14:47:41.637,27739.8618
2026-08-20 14:47:42.052,27739.6423
2026-08-20 14:47:42.468,27739.6886
2026-08-20 14:47:42.929,27739.8729
2026-08-20 14:47:43.341,27744.1594
2026-08-20 14:47:43.753,27836.5162
2026-08-20 14:47:44.167,28020.0305
2026-08-20 14:47:44.646,28287.0788
2026-08-20 14:47:45.075,28632.7612
2026-08-20 14:47:45.488,28971.1034
2026-08-20 14:47:45.902,29319.0046
2026-08-20 14:47:46.315,29663.3752
2026-08-20 14:47:46.726,29505.9005
2026-08-20 14:47:47.140,29147.9984
2026-08-20 14:47:47.553,28806.3359
2026-08-20 14:47:47.976,28485.7665
2026-08-20 14:47:48.392,28186.3272
2026-08-20 14:47:48.816,27952.3477
2026-08-20 14:47:49.228,27803.5885
2026-08-20 14:47:49.653,27808.934
2026-08-20 14:47:50.072,27960.7508
2026-08-20 14:47:50.499,28198.9317
2026-08-20 14:47:50.911,28453.2457
2026-08-20 14:47:51.329,28259.5836
2026-08-20 14:47:51.757,28000.0689
2026-08-20 14:47:52.185,27816.4582
2026-08-20 14:47:52.599,27752.9948
2026-08-20 14:47:53.011,27754.7411
2026-08-20 14:47:53.423,27755.436
2026-08-20 14:47:53.837,27756.0427
2026-08-20 14:47:54.269,27756.1232
2026-08-20 14:47:54.705,27755.6611
2026-08-20 14:47:55.117,27755.893
2026-08-20 14:47:55.542,27756.4069
2026-08-20 14:47:55.962,27755.9693
2026-08-20 14:47:56.424,27755.3982
2026-08-20 14:47:56.857,27755.4808
2026-08-20 14:47:57.269,27755.1874
2026-08-20 14:47:57.705,27815.3974
2026-08-20 14:47:58.127,27982.6033
2026-08-20 14:47:58.621,28283.3969
2026-08-20 14:47:59.035,28583.0839
2026-08-20 14:47:59.448,28908.6182
2026-08-20 14:47:59.863,29252.8398
2026-08-20 14:48:00.275,29613.9694
2026-08-20 14:48:00.687,29610.8741
2026-08-20 14:48:01.100,29246.7812
2026-08-20 14:48:01.512,28900.6757
2026-08-20 14:48:01.979,28537.6651
2026-08-20 14:48:02.392,28236.4363
2026-08-20 14:48:02.818,27992.9104
2026-08-20 14:48:03.235,27831.3318
2026-08-20 14:48:03.648,27808.1954
2026-08-20 14:48:04.066,27941.8032
2026-08-20 14:48:04.526,28165.9531
2026-08-20 14:48:04.945,28460.1889
2026-08-20 14:48:05.358,28295.1152
2026-08-20 14:48:05.771,28032.0247
2026-08-20 14:48:06.199,27843.6778
2026-08-20 14:48:06.625,27764.2553
2026-08-20 14:48:07.062,27764.4397
2026-08-20 14:48:07.476,27765.0046
2026-08-20 14:48:07.902,27764.8486
2026-08-20 14:48:08.319,27764.4453
2026-08-20 14:48:08.733,27764.2089
2026-08-20 14:48:09.191,27763.7169
2026-08-20 14:48:09.606,27763.4211
2026-08-20 14:48:10.019,27763.3147
2026-08-20 14:48:10.445,27763.1103
2026-08-20 14:48:10.861,27763.0926
2026-08-20 14:48:11.292,27762.9323
2026-08-20 14:48:11.707,27805.6018
2026-08-20 14:48:12.132,27956.5209
2026-08-20 14:48:12.549,28193.674
2026-08-20 14:48:13.013,28484.4076
2026-08-20 14:48:13.442,28847.3737
2026-08-20 14:48:13.854,29196.9406
2026-08-20 14:48:14.275,29553.7208
2026-08-20 14:48:14.688,29675.8376
2026-08-20 14:48:15.106,29317.1518
2026-08-20 14:48:15.519,28962.9281
2026-08-20 14:48:15.933,28632.165
2026-08-20 14:48:16.358,28325.0843
2026-08-20 14:48:16.770,28055.1358
2026-08-20 14:48:17.197,27873.346
2026-08-20 14:48:17.611,27799.986
2026-08-20 14:48:18.023,27905.0885
2026-08-20 14:48:18.490,28135.7028
2026-08-20 14:48:18.903,28414.1922
2026-08-20 14:48:19.327,28383.1295
2026-08-20 14:48:19.741,28098.2402
2026-08-20 14:48:20.167,27893.3108
2026-08-20 14:48:20.588,27781.271
2026-08-20 14:48:21.002,27772.475
2026-08-20 14:48:21.437,27773.8867
2026-08-20 14:48:21.849,27773.922
2026-08-20 14:48:22.274,27773.4422
2026-08-20 14:48:22.688,27772.1705
2026-08-20 14:48:23.115,27771.1629
2026-08-20 14:48:23.555,27771.2686
2026-08-20 14:48:23.981,27771.5943
2026-08-20 14:48:24.394,27771.7402
2026-08-20 14:48:24.806,27771.744
2026-08-20 14:48:25.233,27771.7397
2026-08-20 14:48:25.692,27796.0098
2026-08-20 14:48:26.104,27928.9769
2026-08-20 14:48:26.527,28144.2676
2026-08-20 14:48:26.940,28429.9129
2026-08-20 14:48:27.403,28742.51
2026-08-20 14:48:27.836,29124.3477
2026-08-20 14:48:28.249,29490.417
2026-08-20 14:48:28.686,29721.7067
2026-08-20 14:48:29.103,29389.1824
2026-08-20 14:48:29.517,29032.411
2026-08-20 14:48:29.948,28693.5866
2026-08-20 14:48:30.365,28372.4124
2026-08-20 14:48:30.777,28099.6129
2026-08-20 14:48:31.195,27905.5774
2026-08-20 14:48:31.609,27809.6989
2026-08-20 14:48:32.052,27892.5725
2026-08-20 14:48:32.468,28094.5759
2026-08-20 14:48:32.880,28364.1017
2026-08-20 14:48:33.293,28454.7594
2026-08-20 14:48:33.707,28171.8622
2026-08-20 14:48:34.120,27945.0318
2026-08-20 14:48:34.533,27808.1714
2026-08-20 14:48:34.944,27780.7556
2026-08-20 14:48:35.368,27781.9192
2026-08-20 14:48:35.784,27782.6839
2026-08-20 14:48:36.211,27782.9175
2026-08-20 14:48:36.626,27782.8124
2026-08-20 14:48:37.040,27782.0461
2026-08-20 14:48:37.469,27780.9709
2026-08-20 14:48:37.881,27780.7465
2026-08-20 14:48:38.316,27780.4697
2026-08-20 14:48:38.762,27780.1791
2026-08-20 14:48:39.176,27779.4846
2026-08-20 14:48:39.590,27778.5684
2026-08-20 14:48:40.008,27778.3684
2026-08-20 14:48:40.426,27778.3371
2026-08-20 14:48:40.841,27778.2119
2026-08-20 14:48:41.254,27778.1472
2026-08-20 14:48:41.719,27778.1211
2026-08-20 14:48:42.132,27777.6001
2026-08-20 14:48:42.553,27777.2561
2026-08-20 14:48:42.965,27777.003
2026-08-20 14:48:43.378,27776.6833
2026-08-20 14:48:43.790,27776.2524
2026-08-20 14:48:44.205,27776.0503
2026-08-20 14:48:44.631,27775.9253
2026-08-20 14:48:45.042,27775.6199
2026-08-20 14:48:45.471,27775.6735
2026-08-20 14:48:45.883,27775.5584
2026-08-20 14:48:46.296,27775.4577
2026-08-20 14:48:46.722,27774.9497
2026-08-20 14:48:47.140,27774.7781
2026-08-20 14:48:47.574,27774.6028
2026-08-20 14:48:47.990,27774.3913
2026-08-20 14:48:48.406,27774.3259
2026-08-20 14:48:48.819,27774.584
2026-08-20 14:48:49.246,27774.6766
2026-08-20 14:48:49.711,27774.7145
2026-08-20 14:48:50.123,27774.6064
2026-08-20 14:48:50.549,27774.8009
2026-08-20 14:48:50.963,27774.7227
2026-08-20 14:48:51.390,27774.6376
2026-08-20 14:48:51.825,27773.8749
2026-08-20 14:48:52.242,27773.5553
2026-08-20 14:48:52.656,27773.2293
2026-08-20 14:48:53.070,27773.0927
2026-08-20 14:48:53.484,27773.0419
2026-08-20 14:48:53.896,27773.0261
2026-08-20 14:48:54.309,27773.0625
2026-08-20 14:48:54.721,27773.3485
2026-08-20 14:48:55.135,27773.5216
2026-08-20 14:48:55.547,27773.1935
2026-08-20 14:48:55.964,27772.8393
2026-08-20 14:48:56.387,27772.9775
2026-08-20 14:48:56.801,27773.1535
2026-08-20 14:48:57.215,27773.3406
2026-08-20 14:48:57.628,27773.3401
2026-08-20 14:48:58.040,27773.1821
2026-08-20 14:48:58.466,27773.2005
2026-08-20 14:48:58.928,27772.9598
2026-08-20 14:48:59.346,27773.2619
2026-08-20 14:48:59.772,27773.4386
2026-08-20 14:49:00.184,27773.9266
2026-08-20 14:49:00.610,27774.1246
2026-08-20 14:49:01.022,27774.2677
2026-08-20 14:49:01.436,27774.3976
2026-08-20 14:49:01.854,27774.6672
2026-08-20 14:49:02.267,27775.0659
2026-08-20 14:49:02.684,27775.16
2026-08-20 14:49:03.104,27775.1957
2026-08-20 14:49:03.515,27774.6736
2026-08-20 14:49:03.938,27774.9042
2026-08-20 14:49:04.350,27773.7941
2026-08-20 14:49:04.761,27772.497
2026-08-20 14:49:05.174,27771.8457
2026-08-20 14:49:05.588,27771.7823
2026-08-20 14:49:05.999,27771.8402
2026-08-20 14:49:06.414,27771.6007
2026-08-20 14:49:06.828,27771.7478
2026-08-20 14:49:07.255,27772.276
2026-08-20 14:49:07.668,27773.0392
2026-08-20 14:49:08.085,27773.5334
2026-08-20 14:49:08.508,27773.7459
2026-08-20 14:49:08.921,27774.0073
2026-08-20 14:49:09.338,27773.8879
2026-08-20 14:49:09.774,27773.763
2026-08-20 14:49:10.200,27773.479
2026-08-20 14:49:10.613,27773.3684
2026-08-20 14:49:11.026,27773.5301
2026-08-20 14:49:11.447,27773.7094
2026-08-20 14:49:11.927,27774.2563
2026-08-20 14:49:12.340,27774.3978
2026-08-20 14:49:12.752,27773.9152
2026-08-20 14:49:13.165,27773.7855
2026-08-20 14:49:13.591,27773.8924
2026-08-20 14:49:14.005,27773.7109
2026-08-20 14:49:14.426,27773.3613
2026-08-20 14:49:14.893,27772.9119
2026-08-20 14:49:15.318,27772.7407
2026-08-20 14:49:15.745,27772.5801
2026-08-20 14:49:16.156,27772.5541
2026-08-20 14:49:16.569,27772.4764
2026-08-20 14:49:17.003,27772.2004
2026-08-20 14:49:17.415,27772.2755
2026-08-20 14:49:17.839,27772.1831
2026-08-20 14:49:18.255,27772.4569
2026-08-20 14:49:18.668,27772.4623
2026-08-20 14:49:19.131,27772.0678
2026-08-20 14:49:19.543,27771.9201
2026-08-20 14:49:19.965,27772.2921
2026-08-20 14:49:20.379,27772.6419
2026-08-20 14:49:20.816,27772.816
2026-08-20 14:49:21.229,27773.1938
2026-08-20 14:49:21.654,27773.5171
2026-08-20 14:49:22.071,27773.376
2026-08-20 14:49:22.498,27773.3886
2026-08-20 14:49:22.911,27773.436
2026-08-20 14:49:23.327,27773.4569
2026-08-20 14:49:23.789,27773.4958
2026-08-20 14:49:24.219,27773.5064
2026-08-20 14:49:24.632,27774.1671
2026-08-20 14:49:25.063,27774.4803
2026-08-20 14:49:25.478,27774.8878
2026-08-20 14:49:25.889,27775.058
2026-08-20 14:49:26.315,27775.1476
2026-08-20 14:49:26.737,27775.3465
2026-08-20 14:49:27.158,27775.6452
2026-08-20 14:49:27.570,27775.9817
2026-08-20 14:49:27.981,27775.8884
2026-08-20 14:49:28.394,27776.05
2026-08-20 14:49:28.809,27788.0915
2026-08-20 14:49:29.255,27908.8621
2026-08-20 14:49:29.671,28134.8474
2026-08-20 14:49:30.087,28410.0982
2026-08-20 14:49:30.499,28722.0444
2026-08-20 14:49:30.963,29053.569
2026-08-20 14:49:31.414,29448.2848
2026-08-20 14:49:31.881,29760.3399
2026-08-20 14:49:32.298,29427.9763
2026-08-20 14:49:32.711,29073.0753
2026-08-20 14:49:33.124,28737.5377
2026-08-20 14:49:33.553,28412.8091
2026-08-20 14:49:33.975,28137.4656
2026-08-20 14:49:34.388,27930.2222
2026-08-20 14:49:34.824,27821.898
2026-08-20 14:49:35.236,27902.0645
2026-08-20 14:49:35.660,28087.0404
2026-08-20 14:49:36.075,28356.8541
2026-08-20 14:49:36.492,28496.4338
2026-08-20 14:49:36.967,28185.2377
2026-08-20 14:49:37.384,27956.8233
2026-08-20 14:49:37.801,27820.4664
2026-08-20 14:49:38.216,27796.684
2026-08-20 14:49:38.630,27797.8315
2026-08-20 14:49:39.065,27798.0801
2026-08-20 14:49:39.477,27797.7421
2026-08-20 14:49:39.889,27797.3058
2026-08-20 14:49:40.315,27797.0899
2026-08-20 14:49:40.733,27797.3002
2026-08-20 14:49:41.147,27797.3044
2026-08-20 14:49:41.585,27796.6647
2026-08-20 14:49:42.064,27796.174
2026-08-20 14:49:42.485,27795.8866
2026-08-20 14:49:42.898,27806.5214
2026-08-20 14:49:43.315,27919.5558
2026-08-20 14:49:43.735,28123.5071
2026-08-20 14:49:44.174,28397.3633
2026-08-20 14:49:44.586,28725.8613
2026-08-20 14:49:44.999,29056.9729
2026-08-20 14:49:45.418,29406.1745
2026-08-20 14:49:45.836,29748.8804
2026-08-20 14:49:46.254,29557.8576
2026-08-20 14:49:46.721,29147.3332
2026-08-20 14:49:47.139,28806.9175
2026-08-20 14:49:47.553,28483.9541
2026-08-20 14:49:47.965,28197.6646
2026-08-20 14:49:48.378,27977.2051
2026-08-20 14:49:48.790,27843.6355
2026-08-20 14:49:49.203,27879.1722
2026-08-20 14:49:49.616,28041.0767
2026-08-20 14:49:50.076,28287.0871
2026-08-20 14:49:50.492,28517.2986
2026-08-20 14:49:50.904,28267.4139
2026-08-20 14:49:51.331,28021.6454
2026-08-20 14:49:51.759,27854.1579
2026-08-20 14:49:52.177,27801.8076
2026-08-20 14:49:52.595,27803.3331
2026-08-20 14:49:53.014,27803.478
2026-08-20 14:49:53.427,27803.5368
2026-08-20 14:49:53.840,27803.0671
2026-08-20 14:49:54.252,27802.9113
2026-08-20 14:49:54.677,27802.5308
2026-08-20 14:49:55.138,27802.4403
2026-08-20 14:49:55.559,27802.2889
2026-08-20 14:49:55.970,27802.1792
2026-08-20 14:49:56.384,27801.8426
2026-08-20 14:49:56.797,27801.9565
2026-08-20 14:49:57.224,27865.234
2026-08-20 14:49:57.730,28082.0368
2026-08-20 14:49:58.195,28385.1595
2026-08-20 14:49:58.609,28690.8922
2026-08-20 14:49:59.021,29020.8412
2026-08-20 14:49:59.436,29368.5447
2026-08-20 14:49:59.850,29727.3751
2026-08-20 14:50:00.276,29601.8899
2026-08-20 14:50:00.743,29195.0874
2026-08-20 14:50:01.167,28852.4654
2026-08-20 14:50:01.580,28522.3068
2026-08-20 14:50:02.016,28221.8789
2026-08-20 14:50:02.428,27991.7
2026-08-20 14:50:02.860,27850.494
2026-08-20 14:50:03.290,27889.6063
2026-08-20 14:50:03.702,28054.3114
2026-08-20 14:50:04.115,28302.1702
2026-08-20 14:50:04.528,28521.3345
2026-08-20 14:50:04.941,28290.4403
2026-08-20 14:50:05.355,28039.1197
2026-08-20 14:50:05.767,27870.5088
2026-08-20 14:50:06.186,27807.2742
2026-08-20 14:50:06.602,27808.8705
2026-08-20 14:50:07.017,27809.0037
2026-08-20 14:50:07.476,27808.8669
2026-08-20 14:50:07.889,27808.0477
2026-08-20 14:50:08.305,27807.6309
2026-08-20 14:50:08.722,27807.0937
2026-08-20 14:50:09.137,27806.5785
2026-08-20 14:50:09.557,27806.2641
2026-08-20 14:50:09.972,27805.93
2026-08-20 14:50:10.418,27805.541
2026-08-20 14:50:10.830,27805.07
2026-08-20 14:50:11.245,27859.0101
2026-08-20 14:50:11.658,28020.3981
2026-08-20 14:50:12.074,28258.261
2026-08-20 14:50:12.488,28551.6739
2026-08-20 14:50:12.902,28872.7676
2026-08-20 14:50:13.314,29212.7895
2026-08-20 14:50:13.741,29567.2513
2026-08-20 14:50:14.158,29742.4156
2026-08-20 14:50:14.573,29389.5467
2026-08-20 14:50:15.000,29034.6241
2026-08-20 14:50:15.412,28690.9507
2026-08-20 14:50:15.839,28371.8237
2026-08-20 14:50:16.264,28106.515
2026-08-20 14:50:16.680,27913.9655
2026-08-20 14:50:17.098,27836.1185
2026-08-20 14:50:17.511,27940.1219
2026-08-20 14:50:17.924,28138.7489
2026-08-20 14:50:18.358,28421.9653
2026-08-20 14:50:18.819,28455.519
2026-08-20 14:50:19.246,28137.6416
2026-08-20 14:50:19.658,27928.0276
2026-08-20 14:50:20.089,27816.1271
2026-08-20 14:50:20.508,27807.4468
2026-08-20 14:50:20.924,27807.8114
2026-08-20 14:50:21.349,27807.9561
2026-08-20 14:50:21.769,27807.5092
2026-08-20 14:50:22.180,27807.0652
2026-08-20 14:50:22.605,27806.7692
2026-08-20 14:50:23.018,27806.6744
2026-08-20 14:50:23.431,27806.697
2026-08-20 14:50:23.843,27806.2838
2026-08-20 14:50:24.257,27805.9074
2026-08-20 14:50:24.671,27805.4222
2026-08-20 14:50:25.104,27814.2996
2026-08-20 14:50:25.517,27930.0891
2026-08-20 14:50:25.930,28130.6739
2026-08-20 14:50:26.342,28399.6344
2026-08-20 14:50:26.765,28707.2967
2026-08-20 14:50:27.182,29045.9596
2026-08-20 14:50:27.612,29402.6281
2026-08-20 14:50:28.027,29751.1854
2026-08-20 14:50:28.440,29563.5191
2026-08-20 14:50:28.854,29202.5288
2026-08-20 14:50:29.276,28858.7832
2026-08-20 14:50:29.699,28529.5467
2026-08-20 14:50:30.118,28230.7537
2026-08-20 14:50:30.530,27998.7835
2026-08-20 14:50:30.969,27853.6255
2026-08-20 14:50:31.383,27880.1637
2026-08-20 14:50:31.817,28038.2896
2026-08-20 14:50:32.236,28295.1552
2026-08-20 14:50:32.650,28519.6306
2026-08-20 14:50:33.063,28290.2906
2026-08-20 14:50:33.488,28039.395
2026-08-20 14:50:33.945,27856.2159
2026-08-20 14:50:34.358,27808.2904
2026-08-20 14:50:34.778,27810.4604
2026-08-20 14:50:35.194,27810.8486
2026-08-20 14:50:35.611,27811.0762
2026-08-20 14:50:36.047,27810.5813
2026-08-20 14:50:36.458,27809.969
2026-08-20 14:50:36.872,27809.7925
2026-08-20 14:50:37.287,27809.4844
2026-08-20 14:50:37.702,27809.1248
2026-08-20 14:50:38.128,27809.0089
2026-08-20 14:50:38.546,27809.2678
2026-08-20 14:50:38.980,27809.5162
2026-08-20 14:50:39.392,27870.9999
2026-08-20 14:50:39.812,28034.8492
2026-08-20 14:50:40.225,28280.663
2026-08-20 14:50:40.638,28574.9863
2026-08-20 14:50:41.104,28938.1905
2026-08-20 14:50:41.518,29283.7174
2026-08-20 14:50:41.929,29644.5668
2026-08-20 14:50:42.357,29698.7676
2026-08-20 14:50:42.770,29331.2761
2026-08-20 14:50:43.183,28982.3016
2026-08-20 14:50:43.595,28652.9945
2026-08-20 14:50:44.074,28310.4539
2026-08-20 14:50:44.486,28054.441
2026-08-20 14:50:44.897,27891.2638
2026-08-20 14:50:45.310,27853.447
2026-08-20 14:50:45.723,27981.6401
2026-08-20 14:50:46.151,28206.9597
2026-08-20 14:50:46.565,28487.2937
2026-08-20 14:50:47.004,28396.9476
2026-08-20 14:50:47.428,28108.5093
2026-08-20 14:50:47.842,27910.8914
2026-08-20 14:50:48.254,27818.062
2026-08-20 14:50:48.726,27813.9715
2026-08-20 14:50:49.146,27814.1746
2026-08-20 14:50:49.563,27814.1633
2026-08-20 14:50:49.978,27813.5431
2026-08-20 14:50:50.391,27813.0079
2026-08-20 14:50:50.804,27812.4223
2026-08-20 14:50:51.216,27812.1407
2026-08-20 14:50:51.628,27811.831
2026-08-20 14:50:52.087,27811.6527
2026-08-20 14:50:52.505,27811.6105
2026-08-20 14:50:52.918,27811.3133
2026-08-20 14:50:53.340,27840.4475
2026-08-20 14:50:53.752,27983.7281
2026-08-20 14:50:54.176,28204.509
2026-08-20 14:50:54.589,28494.8725
2026-08-20 14:50:55.027,28810.2121
2026-08-20 14:50:55.441,29168.6498
2026-08-20 14:50:55.855,29523.91
2026-08-20 14:50:56.267,29771.836
2026-08-20 14:50:56.689,29465.2526
2026-08-20 14:50:57.108,29101.9034
2026-08-20 14:50:57.521,28760.3475
2026-08-20 14:50:57.982,28410.5888
2026-08-20 14:50:58.395,28139.4933
2026-08-20 14:50:58.811,27943.5518
2026-08-20 14:50:59.224,27846.4559
2026-08-20 14:50:59.652,27934.2544
2026-08-20 14:51:00.117,28153.3271
2026-08-20 14:51:00.543,28426.1656
2026-08-20 14:51:00.957,28466.0446
2026-08-20 14:51:01.383,28180.2941
2026-08-20 14:51:01.802,27958.2495
2026-08-20 14:51:02.231,27835.15
2026-08-20 14:51:02.649,27819.2922
2026-08-20 14:51:03.065,27819.8805
2026-08-20 14:51:03.476,27819.8929
2026-08-20 14:51:03.889,27819.7401
2026-08-20 14:51:04.301,27819.501
2026-08-20 14:51:04.713,27818.6863
2026-08-20 14:51:05.173,27818.2482
2026-08-20 14:51:05.585,27817.7252
2026-08-20 14:51:06.000,27817.1705
2026-08-20 14:51:06.413,27816.7713
2026-08-20 14:51:06.837,27816.394
2026-08-20 14:51:07.250,27823.0592
2026-08-20 14:51:07.676,27924.893
2026-08-20 14:51:08.129,28147.0774
2026-08-20 14:51:08.555,28416.9421
2026-08-20 14:51:08.972,28734.858
2026-08-20 14:51:09.385,29070.6779
2026-08-20 14:51:09.797,29418.7647
2026-08-20 14:51:10.209,29757.6624
2026-08-20 14:51:10.621,29577.4878
2026-08-20 14:51:11.070,29204.3915
2026-08-20 14:51:11.498,28833.5437
2026-08-20 14:51:11.911,28513.2711
2026-08-20 14:51:12.324,28224.791
2026-08-20 14:51:12.742,28000.6002
2026-08-20 14:51:13.207,27854.9272
2026-08-20 14:51:13.621,27904.0396
2026-08-20 14:51:14.035,28071.455
2026-08-20 14:51:14.449,28322.806
2026-08-20 14:51:14.861,28527.4102
2026-08-20 14:51:15.275,28284.9187
2026-08-20 14:51:15.702,28036.8987
2026-08-20 14:51:16.178,27856.8539
2026-08-20 14:51:16.591,27819.0408
2026-08-20 14:51:17.003,27819.6918
2026-08-20 14:51:17.415,27819.6918
2026-08-20 14:51:17.827,27819.3744
2026-08-20 14:51:18.307,27819.0757
2026-08-20 14:51:18.724,27818.8712
2026-08-20 14:51:19.136,27818.6372
2026-08-20 14:51:19.560,27818.499
2026-08-20 14:51:19.974,27817.7355
2026-08-20 14:51:20.419,27815.7186
2026-08-20 14:51:20.831,27814.6908
2026-08-20 14:51:21.243,27816.2908
2026-08-20 14:51:21.656,27898.5322
2026-08-20 14:51:22.070,28077.3019
2026-08-20 14:51:22.482,28330.8724
2026-08-20 14:51:22.910,28630.1947
2026-08-20 14:51:23.323,28967.0516
2026-08-20 14:51:23.798,29364.5662
2026-08-20 14:51:24.225,29735.5312
2026-08-20 14:51:24.650,29624.0633
2026-08-20 14:51:25.068,29250.7828
2026-08-20 14:51:25.486,28901.841
2026-08-20 14:51:25.901,28572.8846
2026-08-20 14:51:26.319,28271.7813
2026-08-20 14:51:26.734,28033.646
2026-08-20 14:51:27.162,27877.2055
2026-08-20 14:51:27.584,27874.1048
2026-08-20 14:51:27.998,28023.0547
2026-08-20 14:51:28.432,28255.4232
2026-08-20 14:51:28.855,28525.7361
2026-08-20 14:51:29.267,28339.0288
2026-08-20 14:51:29.680,28078.9272
2026-08-20 14:51:30.094,27899.7323
2026-08-20 14:51:30.560,27819.9943
2026-08-20 14:51:30.974,27821.3326
2026-08-20 14:51:31.386,27821.6064
2026-08-20 14:51:31.806,27821.5505
2026-08-20 14:51:32.225,27821.1226
2026-08-20 14:51:32.669,27820.3817
2026-08-20 14:51:33.109,27819.7983
2026-08-20 14:51:33.522,27819.1552
2026-08-20 14:51:33.936,27818.4966
2026-08-20 14:51:34.349,27818.0945
2026-08-20 14:51:34.764,27817.4573
2026-08-20 14:51:35.181,27817.4243
2026-08-20 14:51:35.611,27861.0284
2026-08-20 14:51:36.031,28021.514
2026-08-20 14:51:36.446,28260.0311
2026-08-20 14:51:36.859,28551.5385
2026-08-20 14:51:37.270,28871.1328
2026-08-20 14:51:37.683,29209.8937
2026-08-20 14:51:38.096,29565.078
2026-08-20 14:51:38.508,29768.7143
2026-08-20 14:51:38.936,29434.4703
2026-08-20 14:51:39.348,29068.6709
2026-08-20 14:51:39.780,28730.5535
2026-08-20 14:51:40.193,28407.036
2026-08-20 14:51:40.620,28128.9425
2026-08-20 14:51:41.031,27937.6607
2026-08-20 14:51:41.444,27850.2095
2026-08-20 14:51:41.858,27940.5926
2026-08-20 14:51:42.272,28130.9829
2026-08-20 14:51:42.697,28399.4005
2026-08-20 14:51:43.109,28491.3486
2026-08-20 14:51:43.523,28208.1203
2026-08-20 14:51:43.942,27982.8253
2026-08-20 14:51:44.401,27837.8524
2026-08-20 14:51:44.816,27820.8582
2026-08-20 14:51:45.230,27821.6498
2026-08-20 14:51:45.649,27821.7512
2026-08-20 14:51:46.074,27821.2148
2026-08-20 14:51:46.490,27820.5858
2026-08-20 14:51:46.902,27820.223
2026-08-20 14:51:47.315,27819.8373
2026-08-20 14:51:47.728,27819.2939
2026-08-20 14:51:48.157,27819.2809
2026-08-20 14:51:48.569,27818.9025
2026-08-20 14:51:48.996,27819.0033
2026-08-20 14:51:49.417,27823.1948
2026-08-20 14:51:49.843,27918.4908
2026-08-20 14:51:50.255,28112.3606
2026-08-20 14:51:50.676,28373.0669
2026-08-20 14:51:51.107,28684.4082
2026-08-20 14:51:51.521,29028.4874
2026-08-20 14:51:51.934,29377.1488
2026-08-20 14:51:52.347,29736.6235
2026-08-20 14:51:52.775,29621.2712
2026-08-20 14:51:53.198,29257.5375
2026-08-20 14:51:53.611,28903.878
2026-08-20 14:51:54.048,28568.2795
2026-08-20 14:51:54.460,28266.707
2026-08-20 14:51:54.872,28032.5353
2026-08-20 14:51:55.308,27880.3736
2026-08-20 14:51:55.721,27885.2459
2026-08-20 14:51:56.134,28032.9138
2026-08-20 14:51:56.547,28266.6016
2026-08-20 14:51:56.991,28527.0517
2026-08-20 14:51:57.404,28333.8872
2026-08-20 14:51:57.817,28075.3732
2026-08-20 14:51:58.230,27899.9453
2026-08-20 14:51:58.649,27826.505
2026-08-20 14:51:59.061,27826.8995
2026-08-20 14:51:59.473,27827.391
2026-08-20 14:51:59.933,27827.5546
2026-08-20 14:52:00.356,27826.8609
2026-08-20 14:52:00.770,27826.4735
2026-08-20 14:52:01.182,27826.1358
2026-08-20 14:52:01.611,27825.6247
2026-08-20 14:52:02.024,27825.2956
2026-08-20 14:52:02.438,27823.2159
2026-08-20 14:52:02.851,27822.0269
2026-08-20 14:52:03.264,27822.0841
2026-08-20 14:52:03.679,27822.039
2026-08-20 14:52:04.143,27822.3203
2026-08-20 14:52:04.563,27822.4097
2026-08-20 14:52:04.975,27822.5421
2026-08-20 14:52:05.402,27822.6434
2026-08-20 14:52:05.826,27822.6199
2026-08-20 14:52:06.245,27822.5538
2026-08-20 14:52:06.657,27822.7064
2026-08-20 14:52:07.071,27822.7268
2026-08-20 14:52:07.487,27822.5542
2026-08-20 14:52:07.899,27822.4538
2026-08-20 14:52:08.312,27822.6537
2026-08-20 14:52:08.755,27822.2055
2026-08-20 14:52:09.177,27821.4683
2026-08-20 14:52:09.591,27821.5185
