Address,GPIB0::22::INSTR
Model,34461A
Serial Number:,MY60051737
Firmware Version,A.03.03-03.15-03.03-00.52-04-03
Start Time,2026-08-20 16:34:04.190
Stop Time,2026-08-20 17:27:58.293
,
Time (s),Channel 1 (Ω)
2026-08-20 16:34:04.683,26726.0674
2026-08-20 16:34:05.153,26725.5864
2026-08-20 16:34:05.612,26725.2999
2026-08-20 16:34:06.073,26724.2439
2026-08-20 16:34:06.486,26723.9132
2026-08-20 16:34:06.899,26723.5911
2026-08-20 16:34:07.313,26723.1919
2026-08-20 16:34:07.725,26723.0765
2026-08-20 16:34:08.137,26722.6478
2026-08-20 16:34:08.602,26722.2947
2026-08-20 16:34:09.016,26721.811
2026-08-20 16:34:09.434,26721.3838
2026-08-20 16:34:09.858,26721.1567
2026-08-20 16:34:10.275,26720.5214
2026-08-20 16:34:10.714,26720.0725
2026-08-20 16:34:11.127,26719.307
2026-08-20 16:34:11.539,26718.653
2026-08-20 16:34:11.952,26718.3018
2026-08-20 16:34:12.369,26718.1561
2026-08-20 16:34:12.789,26717.5585
2026-08-20 16:34:13.203,26717.1381
2026-08-20 16:34:13.619,26716.6756
2026-08-20 16:34:14.084,26716.4312
2026-08-20 16:34:14.497,26715.8003
2026-08-20 16:34:14.911,26715.4938
2026-08-20 16:34:15.325,26714.8288
2026-08-20 16:34:15.738,26714.2428
2026-08-20 16:34:16.172,26713.0468
2026-08-20 16:34:16.606,26712.4737
2026-08-20 16:34:17.020,26711.9999
2026-08-20 16:34:17.439,26712.4284
2026-08-20 16:34:17.852,26712.2297
2026-08-20 16:34:18.287,26711.6649
2026-08-20 16:34:18.701,26711.3531
2026-08-20 16:34:19.113,26711.1564
2026-08-20 16:34:19.548,26710.7637
2026-08-20 16:34:19.962,26710.264
2026-08-20 16:34:20.390,26709.9133
2026-08-20 16:34:20.803,26709.08
2026-08-20 16:34:21.215,26708.2343
2026-08-20 16:34:21.639,26706.7607
2026-08-20 16:34:22.053,26706.1133
2026-08-20 16:34:22.509,26705.3879
2026-08-20 16:34:22.920,26704.6315
2026-08-20 16:34:23.357,26704.054
2026-08-20 16:34:23.776,26703.6133
2026-08-20 16:34:24.189,26702.9059
2026-08-20 16:34:24.601,26702.3454
2026-08-20 16:34:25.014,26702.4149
2026-08-20 16:34:25.434,26701.9558
2026-08-20 16:34:25.848,26701.49
2026-08-20 16:34:26.261,26701.1272
2026-08-20 16:34:26.674,26700.8576
2026-08-20 16:34:27.099,26700.5552
2026-08-20 16:34:27.562,26699.9417
2026-08-20 16:34:27.981,26699.5807
2026-08-20 16:34:28.393,26699.2296
2026-08-20 16:34:28.814,26698.7647
2026-08-20 16:34:29.233,26698.3199
2026-08-20 16:34:29.698,26698.1721
2026-08-20 16:34:30.111,26697.7574
2026-08-20 16:34:30.524,26697.6256
2026-08-20 16:34:30.941,26697.1533
2026-08-20 16:34:31.409,26696.5233
2026-08-20 16:34:31.840,26696.1495
2026-08-20 16:34:32.254,26696.0102
2026-08-20 16:34:32.668,26695.7144
2026-08-20 16:34:33.079,26695.4183
2026-08-20 16:34:33.494,26695.0464
2026-08-20 16:34:33.938,26695.0264
2026-08-20 16:34:34.364,26694.5514
2026-08-20 16:34:34.776,26694.3226
2026-08-20 16:34:35.189,26693.8864
2026-08-20 16:34:35.603,26693.8132
2026-08-20 16:34:36.041,26693.5413
2026-08-20 16:34:36.452,26693.3479
2026-08-20 16:34:36.864,26693.5142
2026-08-20 16:34:37.277,26693.3586
2026-08-20 16:34:37.694,26693.1065
2026-08-20 16:34:38.169,26692.8822
2026-08-20 16:34:38.587,26692.959
2026-08-20 16:34:38.999,26692.9067
2026-08-20 16:34:39.416,26692.8982
2026-08-20 16:34:39.832,26692.8554
2026-08-20 16:34:40.260,26692.9918
2026-08-20 16:34:40.674,26692.9442
2026-08-20 16:34:41.088,26693.0177
2026-08-20 16:34:41.501,26692.8607
2026-08-20 16:34:41.915,26692.7231
2026-08-20 16:34:42.382,26692.5778
2026-08-20 16:34:42.803,26692.3781
2026-08-20 16:34:43.218,26692.1061
2026-08-20 16:34:43.634,26692.192
2026-08-20 16:34:44.047,26692.1232
2026-08-20 16:34:44.459,26691.839
2026-08-20 16:34:44.872,26692.08
2026-08-20 16:34:45.312,26691.9958
2026-08-20 16:34:45.724,26691.9963
2026-08-20 16:34:46.135,26691.8419
2026-08-20 16:34:46.561,26691.9157
2026-08-20 16:34:46.974,26691.9483
2026-08-20 16:34:47.435,26691.8943
2026-08-20 16:34:47.862,26691.9197
2026-08-20 16:34:48.276,26691.8517
2026-08-20 16:34:48.689,26691.9971
2026-08-20 16:34:49.106,26691.939
2026-08-20 16:34:49.538,26692.8698
2026-08-20 16:34:49.951,26693.5092
2026-08-20 16:34:50.364,26693.7015
2026-08-20 16:34:50.784,26693.7833
2026-08-20 16:34:51.203,26693.954
2026-08-20 16:34:51.615,26693.9647
2026-08-20 16:34:52.027,26694.0403
2026-08-20 16:34:52.454,26694.2435
2026-08-20 16:34:52.868,26693.9716
2026-08-20 16:34:53.281,26693.9978
2026-08-20 16:34:53.695,26694.0544
2026-08-20 16:34:54.109,26694.1799
2026-08-20 16:34:54.521,26694.1869
2026-08-20 16:34:54.933,26694.3294
2026-08-20 16:34:55.346,26693.8012
2026-08-20 16:34:55.760,26693.5107
2026-08-20 16:34:56.180,26693.6792
2026-08-20 16:34:56.601,26693.6852
2026-08-20 16:34:57.014,26693.6558
2026-08-20 16:34:57.432,26693.6449
2026-08-20 16:34:57.846,26693.549
2026-08-20 16:34:58.260,26693.5587
2026-08-20 16:34:58.672,26693.5559
2026-08-20 16:34:59.088,26693.4706
2026-08-20 16:34:59.506,26693.3747
2026-08-20 16:34:59.931,26693.2977
2026-08-20 16:35:00.354,26693.2638
2026-08-20 16:35:00.767,26693.3507
2026-08-20 16:35:01.194,26693.4168
2026-08-20 16:35:01.606,26693.3123
2026-08-20 16:35:02.029,26693.0696
2026-08-20 16:35:02.443,26692.96
2026-08-20 16:35:02.856,26693.0609
2026-08-20 16:35:03.270,26692.9966
2026-08-20 16:35:03.695,26692.8462
2026-08-20 16:35:04.108,26692.7364
2026-08-20 16:35:04.531,26692.6801
2026-08-20 16:35:04.942,26692.6388
2026-08-20 16:35:05.413,26692.6254
2026-08-20 16:35:05.844,26692.4201
2026-08-20 16:35:06.259,26692.3648
2026-08-20 16:35:06.680,26692.1424
2026-08-20 16:35:07.092,26691.8498
2026-08-20 16:35:07.505,26691.8133
2026-08-20 16:35:07.957,26691.2922
2026-08-20 16:35:08.374,26690.6169
2026-08-20 16:35:08.787,26690.4781
2026-08-20 16:35:09.200,26690.1184
2026-08-20 16:35:09.615,26689.8989
2026-08-20 16:35:10.031,26689.7403
2026-08-20 16:35:10.446,26689.6116
2026-08-20 16:35:10.858,26689.3204
2026-08-20 16:35:11.291,26689.261
2026-08-20 16:35:11.719,26688.9331
2026-08-20 16:35:12.152,26688.7727
2026-08-20 16:35:12.564,26693.9251
2026-08-20 16:35:12.985,26804.8712
2026-08-20 16:35:13.397,27021.1318
2026-08-20 16:35:13.832,27317.1822
2026-08-20 16:35:14.249,27656.3827
2026-08-20 16:35:14.668,28019.0871
2026-08-20 16:35:15.091,28404.4495
2026-08-20 16:35:15.504,28805.6435
2026-08-20 16:35:15.918,28692.92
2026-08-20 16:35:16.343,28294.306
2026-08-20 16:35:16.801,27864.6341
2026-08-20 16:35:17.216,27511.7929
2026-08-20 16:35:17.628,27190.8521
2026-08-20 16:35:18.043,26936.9581
2026-08-20 16:35:18.504,26770.9853
2026-08-20 16:35:18.930,26791.202
2026-08-20 16:35:19.357,26967.8172
2026-08-20 16:35:19.769,27243.7061
2026-08-20 16:35:20.181,27568.7499
2026-08-20 16:35:20.599,27922.84
2026-08-20 16:35:21.027,28303.9625
2026-08-20 16:35:21.439,28712.7509
2026-08-20 16:35:21.865,28781.7322
2026-08-20 16:35:22.278,28369.301
2026-08-20 16:35:22.748,27986.0888
2026-08-20 16:35:23.179,27573.9729
2026-08-20 16:35:23.598,27236.5309
2026-08-20 16:35:24.011,26968.1041
2026-08-20 16:35:24.428,26794.8426
2026-08-20 16:35:24.853,26762.8011
2026-08-20 16:35:25.272,26914.3634
2026-08-20 16:35:25.696,27161.2577
2026-08-20 16:35:26.127,27466.6898
2026-08-20 16:35:26.544,27308.1816
2026-08-20 16:35:26.963,27017.0365
2026-08-20 16:35:27.391,26813.03
2026-08-20 16:35:27.803,26738.5645
2026-08-20 16:35:28.214,26869.1046
2026-08-20 16:35:28.630,27096.0517
2026-08-20 16:35:29.044,27401.0276
2026-08-20 16:35:29.458,27745.5119
2026-08-20 16:35:29.886,28127.9508
2026-08-20 16:35:30.299,28513.186
2026-08-20 16:35:30.713,28851.0653
2026-08-20 16:35:31.126,28582.4855
2026-08-20 16:35:31.539,28189.0111
2026-08-20 16:35:31.951,27814.9802
2026-08-20 16:35:32.372,27465.3551
2026-08-20 16:35:32.785,27146.1352
2026-08-20 16:35:33.212,26902.0152
2026-08-20 16:35:33.649,26761.1492
2026-08-20 16:35:34.062,26730.3818
2026-08-20 16:35:34.489,26728.8713
2026-08-20 16:35:34.917,26727.5236
2026-08-20 16:35:35.337,26725.682
2026-08-20 16:35:35.749,26724.1603
2026-08-20 16:35:36.162,26722.9555
2026-08-20 16:35:36.590,26721.5478
2026-08-20 16:35:37.013,26720.5623
2026-08-20 16:35:37.429,26719.4069
2026-08-20 16:35:37.856,26718.4785
2026-08-20 16:35:38.268,26717.3558
2026-08-20 16:35:38.710,26721.7952
2026-08-20 16:35:39.123,26829.2747
2026-08-20 16:35:39.546,27033.0472
2026-08-20 16:35:39.963,27324.5122
2026-08-20 16:35:40.376,27662.2505
2026-08-20 16:35:40.846,28023.0405
2026-08-20 16:35:41.296,28487.5205
2026-08-20 16:35:41.709,28855.5728
2026-08-20 16:35:42.135,28636.0108
2026-08-20 16:35:42.553,28227.5821
2026-08-20 16:35:42.992,27846.3356
2026-08-20 16:35:43.405,27472.9802
2026-08-20 16:35:43.818,27157.9009
2026-08-20 16:35:44.230,26916.9899
2026-08-20 16:35:44.659,26768.4637
2026-08-20 16:35:45.078,26797.7684
2026-08-20 16:35:45.491,26970.7782
2026-08-20 16:35:45.928,27234.6493
2026-08-20 16:35:46.342,27579.3292
2026-08-20 16:35:46.761,27936.9699
2026-08-20 16:35:47.177,28320.2703
2026-08-20 16:35:47.590,28719.3459
2026-08-20 16:35:48.006,28778.8481
2026-08-20 16:35:48.418,28374.3462
2026-08-20 16:35:48.831,27991.4429
2026-08-20 16:35:49.243,27629.6698
2026-08-20 16:35:49.656,27294.2384
2026-08-20 16:35:50.082,27014.7497
2026-08-20 16:35:50.497,26821.6393
2026-08-20 16:35:50.909,26756.3104
2026-08-20 16:35:51.322,26875.5631
2026-08-20 16:35:51.734,27093.6315
2026-08-20 16:35:52.147,27393.6536
2026-08-20 16:35:52.571,27406.9573
2026-08-20 16:35:52.984,27090.2433
2026-08-20 16:35:53.396,26863.4817
2026-08-20 16:35:53.817,26739.6649
2026-08-20 16:35:54.233,26816.6718
2026-08-20 16:35:54.708,27045.0552
2026-08-20 16:35:55.121,27344.4367
2026-08-20 16:35:55.552,27695.5123
2026-08-20 16:35:55.965,28064.3631
2026-08-20 16:35:56.394,28463.517
2026-08-20 16:35:56.814,28835.2255
2026-08-20 16:35:57.241,28626.3063
2026-08-20 16:35:57.653,28217.1446
2026-08-20 16:35:58.066,27841.8345
2026-08-20 16:35:58.481,27488.7864
2026-08-20 16:35:58.899,27169.5401
2026-08-20 16:35:59.313,26921.6641
2026-08-20 16:35:59.732,26772.6266
2026-08-20 16:36:00.158,26732.2376
2026-08-20 16:36:00.578,26731.2061
2026-08-20 16:36:00.992,26729.5162
2026-08-20 16:36:01.410,26727.9004
2026-08-20 16:36:01.823,26726.4188
2026-08-20 16:36:02.235,26725.1294
2026-08-20 16:36:02.649,26723.9282
2026-08-20 16:36:03.062,26722.9811
2026-08-20 16:36:03.473,26721.853
2026-08-20 16:36:03.896,26720.9491
2026-08-20 16:36:04.309,26720.1177
2026-08-20 16:36:04.721,26719.5229
2026-08-20 16:36:05.134,26781.5938
2026-08-20 16:36:05.546,26954.0966
2026-08-20 16:36:05.959,27212.103
2026-08-20 16:36:06.393,27543.9565
2026-08-20 16:36:06.860,27950.4213
2026-08-20 16:36:07.272,28327.6394
2026-08-20 16:36:07.685,28723.4952
2026-08-20 16:36:08.111,28782.0281
2026-08-20 16:36:08.524,28366.133
2026-08-20 16:36:08.966,27982.0104
2026-08-20 16:36:09.383,27594.5247
2026-08-20 16:36:09.796,27259.6755
2026-08-20 16:36:10.210,26988.8338
2026-08-20 16:36:10.624,26809.6489
2026-08-20 16:36:11.037,26758.9245
2026-08-20 16:36:11.503,26888.887
2026-08-20 16:36:11.935,27154.9413
2026-08-20 16:36:12.349,27479.7039
2026-08-20 16:36:12.762,27831.2522
2026-08-20 16:36:13.188,28204.3751
2026-08-20 16:36:13.606,28608.0099
2026-08-20 16:36:14.083,28817.0142
2026-08-20 16:36:14.499,28416.3736
2026-08-20 16:36:14.913,28026.9659
2026-08-20 16:36:15.325,27660.6905
2026-08-20 16:36:15.737,27322.3411
2026-08-20 16:36:16.203,27004.653
2026-08-20 16:36:16.630,26815.495
2026-08-20 16:36:17.059,26757.0846
2026-08-20 16:36:17.473,26882.8515
2026-08-20 16:36:17.885,27106.6441
2026-08-20 16:36:18.312,27410.7094
2026-08-20 16:36:18.724,27368.0557
2026-08-20 16:36:19.138,27066.7213
2026-08-20 16:36:19.565,26840.5436
2026-08-20 16:36:19.979,26734.5181
2026-08-20 16:36:20.404,26826.2142
2026-08-20 16:36:20.824,27034.9029
2026-08-20 16:36:21.258,27330.4567
2026-08-20 16:36:21.670,27686.7755
2026-08-20 16:36:22.082,28050.8796
2026-08-20 16:36:22.507,28434.2201
2026-08-20 16:36:22.920,28821.9628
2026-08-20 16:36:23.340,28638.1189
2026-08-20 16:36:23.757,28234.4656
2026-08-20 16:36:24.176,27852.135
2026-08-20 16:36:24.606,27487.5647
2026-08-20 16:36:25.041,27159.1092
2026-08-20 16:36:25.453,26903.9845
2026-08-20 16:36:25.866,26760.0235
2026-08-20 16:36:26.279,26723.9938
2026-08-20 16:36:26.692,26722.8806
2026-08-20 16:36:27.109,26721.0199
2026-08-20 16:36:27.523,26719.1334
2026-08-20 16:36:27.937,26717.4455
2026-08-20 16:36:28.354,26715.6917
2026-08-20 16:36:28.767,26714.1841
2026-08-20 16:36:29.195,26712.9785
2026-08-20 16:36:29.609,26711.4827
2026-08-20 16:36:30.036,26710.4188
2026-08-20 16:36:30.450,26709.1698
2026-08-20 16:36:30.876,26708.3223
2026-08-20 16:36:31.293,26779.7821
2026-08-20 16:36:31.710,26958.1682
2026-08-20 16:36:32.124,27224.3892
2026-08-20 16:36:32.541,27552.6736
2026-08-20 16:36:32.966,27906.9523
2026-08-20 16:36:33.380,28293.8954
2026-08-20 16:36:33.808,28689.078
2026-08-20 16:36:34.226,28768.2216
2026-08-20 16:36:34.659,28359.8706
2026-08-20 16:36:35.072,27956.9378
2026-08-20 16:36:35.485,27595.7677
2026-08-20 16:36:35.899,27261.6783
2026-08-20 16:36:36.312,26985.5653
2026-08-20 16:36:36.724,26802.6537
2026-08-20 16:36:37.136,26741.412
2026-08-20 16:36:37.550,26862.3287
2026-08-20 16:36:37.964,27081.9852
2026-08-20 16:36:38.397,27396.0802
2026-08-20 16:36:38.812,27745.1133
2026-08-20 16:36:39.246,28116.1732
2026-08-20 16:36:39.670,28523.9838
2026-08-20 16:36:40.085,28837.4871
2026-08-20 16:36:40.512,28523.9238
2026-08-20 16:36:40.923,28118.4143
2026-08-20 16:36:41.386,27705.733
2026-08-20 16:36:41.802,27360.2427
2026-08-20 16:36:42.229,27059.5099
2026-08-20 16:36:42.643,26842.5817
2026-08-20 16:36:43.060,26737.6892
2026-08-20 16:36:43.472,26818.7511
2026-08-20 16:36:43.886,27010.401
2026-08-20 16:36:44.331,27293.4836
2026-08-20 16:36:44.755,27430.4584
2026-08-20 16:36:45.168,27114.5879
2026-08-20 16:36:45.582,26873.6527
2026-08-20 16:36:46.001,26731.3647
2026-08-20 16:36:46.467,26795.002
2026-08-20 16:36:46.881,26985.5813
2026-08-20 16:36:47.304,27265.1874
2026-08-20 16:36:47.732,27607.6731
2026-08-20 16:36:48.159,27982.3492
2026-08-20 16:36:48.573,28376.4776
2026-08-20 16:36:48.990,28773.6215
2026-08-20 16:36:49.403,28671.96
2026-08-20 16:36:49.815,28273.3772
2026-08-20 16:36:50.230,27894.0543
2026-08-20 16:36:50.644,27533.7466
2026-08-20 16:36:51.056,27205.4571
2026-08-20 16:36:51.534,26916.5425
2026-08-20 16:36:51.947,26758.9405
2026-08-20 16:36:52.367,26713.9462
2026-08-20 16:36:52.781,26713.5473
2026-08-20 16:36:53.208,26712.0576
2026-08-20 16:36:53.643,26710.6166
2026-08-20 16:36:54.056,26709.2429
2026-08-20 16:36:54.468,26707.9305
2026-08-20 16:36:54.881,26706.7167
2026-08-20 16:36:55.301,26705.3664
2026-08-20 16:36:55.721,26704.1875
2026-08-20 16:36:56.133,26703.2568
2026-08-20 16:36:56.546,26702.3188
2026-08-20 16:36:56.958,26701.7033
2026-08-20 16:36:57.420,26777.48
2026-08-20 16:36:57.833,26957.777
2026-08-20 16:36:58.247,27223.0891
2026-08-20 16:36:58.673,27548.7357
2026-08-20 16:36:59.085,27916.2621
2026-08-20 16:36:59.504,28293.1305
2026-08-20 16:36:59.916,28693.6276
2026-08-20 16:37:00.351,28774.9218
2026-08-20 16:37:00.764,28350.6815
2026-08-20 16:37:01.190,27966.2582
2026-08-20 16:37:01.603,27591.9332
2026-08-20 16:37:02.068,27257.3022
2026-08-20 16:37:02.486,26950.6848
2026-08-20 16:37:02.905,26780.7031
2026-08-20 16:37:03.319,26746.5843
2026-08-20 16:37:03.745,26885.2062
2026-08-20 16:37:04.158,27128.0178
2026-08-20 16:37:04.594,27453.1525
2026-08-20 16:37:05.008,27812.7597
2026-08-20 16:37:05.421,28187.7033
2026-08-20 16:37:05.833,28578.9822
2026-08-20 16:37:06.248,28841.8664
2026-08-20 16:37:06.662,28494.5343
2026-08-20 16:37:07.077,28102.3739
2026-08-20 16:37:07.503,27730.2487
2026-08-20 16:37:07.923,27372.3779
2026-08-20 16:37:08.348,27066.6001
2026-08-20 16:37:08.765,26847.8139
2026-08-20 16:37:09.179,26739.6885
2026-08-20 16:37:09.591,26815.8148
2026-08-20 16:37:10.019,27002.6313
2026-08-20 16:37:10.432,27293.8908
2026-08-20 16:37:10.868,27441.2475
2026-08-20 16:37:11.280,27132.1869
2026-08-20 16:37:11.708,26879.2373
2026-08-20 16:37:12.120,26735.1594
2026-08-20 16:37:12.541,26773.2034
2026-08-20 16:37:12.955,26950.0928
2026-08-20 16:37:13.392,27218.0992
2026-08-20 16:37:13.818,27566.4765
2026-08-20 16:37:14.236,27937.7325
2026-08-20 16:37:14.649,28323.3437
2026-08-20 16:37:15.063,28719.9944
2026-08-20 16:37:15.475,28754.0247
2026-08-20 16:37:15.889,28348.808
2026-08-20 16:37:16.329,27962.9621
2026-08-20 16:37:16.742,27576.526
2026-08-20 16:37:17.156,27242.3688
2026-08-20 16:37:17.583,26969.7643
2026-08-20 16:37:17.999,26789.4049
2026-08-20 16:37:18.412,26718.2995
2026-08-20 16:37:18.885,26716.9918
2026-08-20 16:37:19.299,26715.6406
2026-08-20 16:37:19.732,26713.8025
2026-08-20 16:37:20.146,26712.4477
2026-08-20 16:37:20.559,26711.1828
2026-08-20 16:37:20.973,26709.8607
2026-08-20 16:37:21.407,26708.8088
2026-08-20 16:37:21.834,26707.8493
2026-08-20 16:37:22.249,26706.6253
2026-08-20 16:37:22.676,26705.7569
2026-08-20 16:37:23.101,26704.8303
2026-08-20 16:37:23.533,26764.3032
2026-08-20 16:37:23.946,26939.7079
2026-08-20 16:37:24.358,27198.2542
2026-08-20 16:37:24.786,27530.8362
2026-08-20 16:37:25.215,27898.2521
2026-08-20 16:37:25.632,28275.3982
2026-08-20 16:37:26.060,28689.0821
2026-08-20 16:37:26.488,28769.8032
2026-08-20 16:37:26.912,28365.5305
2026-08-20 16:37:27.377,27921.8905
2026-08-20 16:37:27.812,27561.8066
2026-08-20 16:37:28.228,27214.419
2026-08-20 16:37:28.641,26949.0815
2026-08-20 16:37:29.074,26776.7329
2026-08-20 16:37:29.489,26739.9145
2026-08-20 16:37:29.915,26868.6931
2026-08-20 16:37:30.411,27153.6668
2026-08-20 16:37:30.839,27475.1392
2026-08-20 16:37:31.251,27840.5508
2026-08-20 16:37:31.663,28215.2415
2026-08-20 16:37:32.086,28608.1774
2026-08-20 16:37:32.503,28819.2017
2026-08-20 16:37:32.932,28438.8817
2026-08-20 16:37:33.347,28033.9131
2026-08-20 16:37:33.760,27664.2026
2026-08-20 16:37:34.174,27322.2112
2026-08-20 16:37:34.590,27030.6643
2026-08-20 16:37:35.003,26828.9104
2026-08-20 16:37:35.416,26736.9205
2026-08-20 16:37:35.840,26827.6227
2026-08-20 16:37:36.265,27030.8651
2026-08-20 16:37:36.677,27329.9644
2026-08-20 16:37:37.096,27414.8507
2026-08-20 16:37:37.509,27102.5254
2026-08-20 16:37:37.954,26849.3838
2026-08-20 16:37:38.366,26721.6813
2026-08-20 16:37:38.804,26789.701
2026-08-20 16:37:39.217,26984.565
2026-08-20 16:37:39.679,27303.3422
2026-08-20 16:37:40.092,27642.0894
2026-08-20 16:37:40.508,28006.5863
2026-08-20 16:37:40.921,28393.8223
2026-08-20 16:37:41.349,28787.9062
2026-08-20 16:37:41.824,28599.5874
2026-08-20 16:37:42.242,28191.1833
2026-08-20 16:37:42.654,27809.2341
2026-08-20 16:37:43.066,27455.3355
2026-08-20 16:37:43.479,27137.6723
2026-08-20 16:37:43.946,26871.2904
2026-08-20 16:37:44.364,26738.8089
2026-08-20 16:37:44.790,26712.0263
2026-08-20 16:37:45.202,26710.4162
2026-08-20 16:37:45.623,26708.5642
2026-08-20 16:37:46.037,26706.7414
2026-08-20 16:37:46.463,26704.8683
2026-08-20 16:37:46.883,26703.3568
2026-08-20 16:37:47.295,26701.697
2026-08-20 16:37:47.712,26700.1175
2026-08-20 16:37:48.124,26698.8998
2026-08-20 16:37:48.537,26697.6609
2026-08-20 16:37:48.951,26697.0996
2026-08-20 16:37:49.364,26698.091
2026-08-20 16:37:49.789,26779.4371
2026-08-20 16:37:50.209,26969.7506
2026-08-20 16:37:50.623,27246.5782
2026-08-20 16:37:51.049,27576.7731
2026-08-20 16:37:51.462,27947.1889
2026-08-20 16:37:51.877,28327.6642
2026-08-20 16:37:52.291,28727.2929
2026-08-20 16:37:52.731,28730.2662
2026-08-20 16:37:53.143,28299.6877
2026-08-20 16:37:53.573,27903.326
2026-08-20 16:37:53.985,27542.8824
2026-08-20 16:37:54.398,27213.0282
2026-08-20 16:37:54.825,26946.2227
2026-08-20 16:37:55.237,26770.1162
2026-08-20 16:37:55.674,26738.2915
2026-08-20 16:37:56.087,26886.1637
2026-08-20 16:37:56.501,27124.2179
2026-08-20 16:37:56.913,27438.2722
2026-08-20 16:37:57.325,27789.348
2026-08-20 16:37:57.758,28175.9592
2026-08-20 16:37:58.224,28623.8836
2026-08-20 16:37:58.638,28796.9985
2026-08-20 16:37:59.050,28409.9828
2026-08-20 16:37:59.462,28021.5846
2026-08-20 16:37:59.874,27654.18
2026-08-20 16:38:00.288,27311.6496
2026-08-20 16:38:00.755,26990.764
2026-08-20 16:38:01.178,26799.4059
2026-08-20 16:38:01.599,26726.446
2026-08-20 16:38:02.012,26840.017
2026-08-20 16:38:02.423,27052.7635
2026-08-20 16:38:02.844,27350.6168
2026-08-20 16:38:03.256,27369.0432
2026-08-20 16:38:03.678,27059.3632
2026-08-20 16:38:04.091,26827.3797
2026-08-20 16:38:04.507,26707.1568
2026-08-20 16:38:04.939,26782.8336
2026-08-20 16:38:05.370,26981.8561
2026-08-20 16:38:05.797,27279.8999
2026-08-20 16:38:06.213,27629.7686
2026-08-20 16:38:06.628,27997.4035
2026-08-20 16:38:07.055,28382.5906
2026-08-20 16:38:07.512,28804.4214
2026-08-20 16:38:07.925,28586.673
2026-08-20 16:38:08.338,28189.2257
2026-08-20 16:38:08.751,27811.1348
2026-08-20 16:38:09.165,27455.2298
2026-08-20 16:38:09.578,27134.0642
2026-08-20 16:38:10.011,26881.3559
2026-08-20 16:38:10.447,26734.1178
2026-08-20 16:38:10.860,26696.5619
2026-08-20 16:38:11.280,26695.5813
2026-08-20 16:38:11.693,26693.8594
2026-08-20 16:38:12.105,26691.9401
2026-08-20 16:38:12.519,26690.3549
2026-08-20 16:38:12.933,26689.0199
2026-08-20 16:38:13.370,26687.7021
2026-08-20 16:38:13.787,26686.4607
2026-08-20 16:38:14.201,26685.4182
2026-08-20 16:38:14.614,26684.4991
2026-08-20 16:38:15.034,26683.5746
2026-08-20 16:38:15.448,26683.0026
2026-08-20 16:38:15.866,26754.1108
2026-08-20 16:38:16.310,26932.5869
2026-08-20 16:38:16.724,27218.9665
2026-08-20 16:38:17.138,27547.4369
2026-08-20 16:38:17.550,27906.3897
2026-08-20 16:38:17.967,28284.1202
2026-08-20 16:38:18.381,28684.2918
2026-08-20 16:38:18.796,28744.3887
2026-08-20 16:38:19.260,28292.7965
2026-08-20 16:38:19.673,27906.3552
2026-08-20 16:38:20.098,27545.4111
2026-08-20 16:38:20.512,27204.8002
2026-08-20 16:38:20.926,26937.9645
2026-08-20 16:38:21.338,26766.1984
2026-08-20 16:38:21.751,26725.6697
2026-08-20 16:38:22.210,26878.8654
2026-08-20 16:38:22.623,27117.1387
2026-08-20 16:38:23.050,27431.8782
2026-08-20 16:38:23.464,27794.87
2026-08-20 16:38:23.878,28169.9272
2026-08-20 16:38:24.350,28562.2627
2026-08-20 16:38:24.797,28764.8781
2026-08-20 16:38:25.222,28364.5952
2026-08-20 16:38:25.634,27965.9414
2026-08-20 16:38:26.046,27601.7343
2026-08-20 16:38:26.459,27265.5859
2026-08-20 16:38:26.882,26983.8179
2026-08-20 16:38:27.317,26791.5707
2026-08-20 16:38:27.735,26722.2915
2026-08-20 16:38:28.148,26838.8888
2026-08-20 16:38:28.566,27054.333
2026-08-20 16:38:28.983,27358.8825
2026-08-20 16:38:29.397,27359.1055
2026-08-20 16:38:29.818,27050.453
2026-08-20 16:38:30.250,26822.8583
2026-08-20 16:38:30.676,26705.5971
2026-08-20 16:38:31.093,26795.4011
2026-08-20 16:38:31.508,26997.2913
2026-08-20 16:38:31.936,27286.2134
2026-08-20 16:38:32.402,27671.2177
2026-08-20 16:38:32.817,28051.7045
2026-08-20 16:38:33.232,28440.1473
2026-08-20 16:38:33.646,28806.9905
2026-08-20 16:38:34.058,28581.837
2026-08-20 16:38:34.471,28185.1275
2026-08-20 16:38:34.930,27779.6668
2026-08-20 16:38:35.343,27415.5167
2026-08-20 16:38:35.769,27102.1995
2026-08-20 16:38:36.184,26862.4532
2026-08-20 16:38:36.622,26728.802
2026-08-20 16:38:37.044,26701.7675
2026-08-20 16:38:37.461,26700.7077
2026-08-20 16:38:37.873,26699.2877
2026-08-20 16:38:38.286,26697.8501
2026-08-20 16:38:38.753,26696.4822
2026-08-20 16:38:39.177,26695.3984
2026-08-20 16:38:39.593,26694.4248
2026-08-20 16:38:40.020,26693.5339
2026-08-20 16:38:40.436,26692.647
2026-08-20 16:38:40.878,26692.018
2026-08-20 16:38:41.298,26691.3513
2026-08-20 16:38:41.724,26700.6915
2026-08-20 16:38:42.142,26816.4342
2026-08-20 16:38:42.556,27028.7403
2026-08-20 16:38:43.037,27362.1502
2026-08-20 16:38:43.450,27717.3126
2026-08-20 16:38:43.876,28085.6479
2026-08-20 16:38:44.290,28487.0335
2026-08-20 16:38:44.770,28830.9525
2026-08-20 16:38:45.193,28494.397
2026-08-20 16:38:45.657,28047.5636
2026-08-20 16:38:46.109,27645.6433
2026-08-20 16:38:46.573,27263.2802
2026-08-20 16:38:46.994,26981.9927
2026-08-20 16:38:47.406,26793.0276
2026-08-20 16:38:47.818,26727.478
2026-08-20 16:38:48.231,26842.8037
2026-08-20 16:38:48.656,27057.6465
2026-08-20 16:38:49.069,27367.0468
2026-08-20 16:38:49.482,27712.2937
2026-08-20 16:38:49.896,28082.1175
2026-08-20 16:38:50.309,28469.2462
2026-08-20 16:38:50.738,28819.4073
2026-08-20 16:38:51.152,28546.3305
2026-08-20 16:38:51.578,28150.0334
2026-08-20 16:38:52.005,27762.8238
2026-08-20 16:38:52.419,27399.5021
2026-08-20 16:38:52.836,27088.4348
2026-08-20 16:38:53.249,26859.311
2026-08-20 16:38:53.676,26731.0723
2026-08-20 16:38:54.107,26786.8472
2026-08-20 16:38:54.520,26964.1502
2026-08-20 16:38:54.940,27236.9539
2026-08-20 16:38:55.366,27443.2481
2026-08-20 16:38:55.778,27152.8549
2026-08-20 16:38:56.191,26896.1226
2026-08-20 16:38:56.603,26736.082
2026-08-20 16:38:57.015,26737.1004
2026-08-20 16:38:57.430,26893.8927
2026-08-20 16:38:57.842,27145.7959
2026-08-20 16:38:58.268,27465.3047
2026-08-20 16:38:58.686,27835.214
2026-08-20 16:38:59.129,28211.437
2026-08-20 16:38:59.545,28633.4346
2026-08-20 16:38:59.958,28781.9636
2026-08-20 16:39:00.372,28388.7042
2026-08-20 16:39:00.788,28000.1139
2026-08-20 16:39:01.201,27630.8686
2026-08-20 16:39:01.613,27289.5367
2026-08-20 16:39:02.026,27001.8402
2026-08-20 16:39:02.457,26804.2695
2026-08-20 16:39:02.881,26708.6923
2026-08-20 16:39:03.308,26703.2305
2026-08-20 16:39:03.720,26702.1543
2026-08-20 16:39:04.133,26700.5952
2026-08-20 16:39:04.545,26698.9655
2026-08-20 16:39:04.958,26697.5165
2026-08-20 16:39:05.370,26696.1438
2026-08-20 16:39:05.796,26695.2501
2026-08-20 16:39:06.209,26693.7312
2026-08-20 16:39:06.621,26693.0758
2026-08-20 16:39:07.047,26692.0626
2026-08-20 16:39:07.463,26691.3623
2026-08-20 16:39:07.923,26715.7595
2026-08-20 16:39:08.343,26852.2135
2026-08-20 16:39:08.758,27083.4494
2026-08-20 16:39:09.172,27388.6997
2026-08-20 16:39:09.600,27734.94
2026-08-20 16:39:10.077,28164.0546
2026-08-20 16:39:10.494,28567.9091
2026-08-20 16:39:10.908,28824.0155
2026-08-20 16:39:11.321,28470.1307
2026-08-20 16:39:11.735,28077.6183
2026-08-20 16:39:12.149,27705.4116
2026-08-20 16:39:12.561,27357.8784
2026-08-20 16:39:12.988,27057.1159
2026-08-20 16:39:13.413,26834.5911
2026-08-20 16:39:13.829,26723.7823
2026-08-20 16:39:14.242,26802.9649
2026-08-20 16:39:14.654,26993.188
2026-08-20 16:39:15.066,27274.9434
2026-08-20 16:39:15.480,27610.8025
2026-08-20 16:39:15.946,28022.6259
2026-08-20 16:39:16.371,28421.5862
2026-08-20 16:39:16.784,28798.6125
2026-08-20 16:39:17.196,28612.0947
2026-08-20 16:39:17.609,28214.0891
2026-08-20 16:39:18.022,27834.6689
2026-08-20 16:39:18.485,27478.2591
2026-08-20 16:39:18.902,27117.2912
2026-08-20 16:39:19.319,26880.7457
2026-08-20 16:39:19.733,26740.2564
2026-08-20 16:39:20.146,26767.0944
2026-08-20 16:39:20.558,26927.1194
2026-08-20 16:39:21.023,27223.2121
2026-08-20 16:39:21.436,27451.985
2026-08-20 16:39:21.849,27190.1167
2026-08-20 16:39:22.274,26922.5387
2026-08-20 16:39:22.687,26748.1803
2026-08-20 16:39:23.113,26730.5349
2026-08-20 16:39:23.526,26887.0815
2026-08-20 16:39:23.963,27134.0415
2026-08-20 16:39:24.380,27471.5385
2026-08-20 16:39:24.793,27828.9385
2026-08-20 16:39:25.218,28204.1502
2026-08-20 16:39:25.683,28609.476
2026-08-20 16:39:26.117,28764.7015
2026-08-20 16:39:26.530,28349.4367
2026-08-20 16:39:26.943,27963.4246
2026-08-20 16:39:27.367,27599.1164
2026-08-20 16:39:27.780,27253.754
2026-08-20 16:39:28.190,26976.6179
2026-08-20 16:39:28.609,26793.7422
2026-08-20 16:39:29.053,26710.4703
2026-08-20 16:39:29.467,26706.7286
2026-08-20 16:39:29.880,26705.3067
2026-08-20 16:39:30.301,26703.5578
2026-08-20 16:39:30.720,26701.8852
2026-08-20 16:39:31.150,26700.3324
2026-08-20 16:39:31.571,26698.9636
2026-08-20 16:39:31.984,26697.6672
2026-08-20 16:39:32.401,26696.3466
2026-08-20 16:39:32.826,26695.4749
2026-08-20 16:39:33.290,26694.8948
2026-08-20 16:39:33.704,26694.1034
2026-08-20 16:39:34.139,26739.5262
2026-08-20 16:39:34.553,26901.1098
2026-08-20 16:39:34.981,27149.4592
2026-08-20 16:39:35.395,27478.0493
2026-08-20 16:39:35.822,27843.3134
2026-08-20 16:39:36.235,28217.5734
2026-08-20 16:39:36.647,28610.6295
2026-08-20 16:39:37.061,28810.2238
2026-08-20 16:39:37.537,28386.0915
2026-08-20 16:39:37.952,27984.6715
2026-08-20 16:39:38.365,27616.3629
2026-08-20 16:39:38.777,27278.3115
2026-08-20 16:39:39.191,26996.1061
2026-08-20 16:39:39.636,26804.9874
2026-08-20 16:39:40.049,26730.3876
2026-08-20 16:39:40.462,26846.4444
2026-08-20 16:39:40.882,27061.8364
2026-08-20 16:39:41.295,27368.2232
2026-08-20 16:39:41.708,27714.4266
2026-08-20 16:39:42.126,28084.2155
2026-08-20 16:39:42.539,28477.5227
2026-08-20 16:39:43.039,28828.406
2026-08-20 16:39:43.460,28484.7484
2026-08-20 16:39:43.874,28086.5499
2026-08-20 16:39:44.287,27714.4707
2026-08-20 16:39:44.703,27366.8105
2026-08-20 16:39:45.116,27063.039
2026-08-20 16:39:45.530,26848.6489
2026-08-20 16:39:45.955,26735.8506
2026-08-20 16:39:46.388,26806.3863
2026-08-20 16:39:46.800,27001.4206
2026-08-20 16:39:47.212,27283.0122
2026-08-20 16:39:47.631,27442.9294
2026-08-20 16:39:48.044,27140.5757
2026-08-20 16:39:48.463,26890.5615
2026-08-20 16:39:48.875,26736.969
2026-08-20 16:39:49.335,26773.5127
2026-08-20 16:39:49.754,26948.3506
2026-08-20 16:39:50.169,27221.7504
2026-08-20 16:39:50.583,27553.0145
2026-08-20 16:39:50.997,27913.2772
2026-08-20 16:39:51.422,28293.4037
2026-08-20 16:39:51.923,28777.7759
2026-08-20 16:39:52.348,28665.2791
2026-08-20 16:39:52.806,28211.2444
2026-08-20 16:39:53.219,27833.9146
2026-08-20 16:39:53.639,27478.2839
2026-08-20 16:39:54.051,27151.457
2026-08-20 16:39:54.512,26906.3651
2026-08-20 16:39:54.943,26746.4945
2026-08-20 16:39:55.355,26717.0719
2026-08-20 16:39:55.775,26716.4302
2026-08-20 16:39:56.187,26714.9833
2026-08-20 16:39:56.621,26713.5283
2026-08-20 16:39:57.033,26712.1738
2026-08-20 16:39:57.446,26710.9705
2026-08-20 16:39:57.866,26709.9984
2026-08-20 16:39:58.281,26708.9639
2026-08-20 16:39:58.708,26707.9883
2026-08-20 16:39:59.120,26707.2949
2026-08-20 16:39:59.533,26706.67
2026-08-20 16:39:59.945,26707.052
2026-08-20 16:40:00.357,26784.8312
2026-08-20 16:40:00.769,26963.7991
2026-08-20 16:40:01.181,27230.1021
2026-08-20 16:40:01.649,27600.2991
2026-08-20 16:40:02.073,27961.4288
2026-08-20 16:40:02.485,28353.3423
2026-08-20 16:40:02.898,28752.0415
2026-08-20 16:40:03.310,28723.1404
2026-08-20 16:40:03.722,28320.2233
2026-08-20 16:40:04.135,27938.3329
2026-08-20 16:40:04.548,27576.1793
2026-08-20 16:40:04.963,27243.3014
2026-08-20 16:40:05.376,26971.9514
2026-08-20 16:40:05.790,26796.5505
2026-08-20 16:40:06.217,26747.0491
2026-08-20 16:40:06.631,26879.0238
2026-08-20 16:40:07.043,27105.6958
2026-08-20 16:40:07.456,27413.1682
2026-08-20 16:40:07.880,27762.5609
2026-08-20 16:40:08.295,28144.1028
2026-08-20 16:40:08.773,28587.4676
2026-08-20 16:40:09.187,28831.2406
2026-08-20 16:40:09.599,28466.4136
2026-08-20 16:40:10.026,28075.565
2026-08-20 16:40:10.442,27694.0278
2026-08-20 16:40:10.856,27346.8968
2026-08-20 16:40:11.277,27051.3679
2026-08-20 16:40:11.706,26837.2081
2026-08-20 16:40:12.141,26745.0818
2026-08-20 16:40:12.554,26841.9069
2026-08-20 16:40:12.971,27042.541
2026-08-20 16:40:13.399,27336.8382
2026-08-20 16:40:13.814,27417.8307
2026-08-20 16:40:14.242,27105.5546
2026-08-20 16:40:14.659,26863.7228
2026-08-20 16:40:15.087,26734.0998
2026-08-20 16:40:15.501,26798.7984
2026-08-20 16:40:15.967,26988.166
2026-08-20 16:40:16.387,27307.4141
2026-08-20 16:40:16.801,27646.9108
2026-08-20 16:40:17.214,28012.7632
2026-08-20 16:40:17.628,28397.7923
2026-08-20 16:40:18.041,28794.1945
2026-08-20 16:40:18.453,28685.7422
2026-08-20 16:40:18.918,28236.2845
2026-08-20 16:40:19.340,27858.1132
2026-08-20 16:40:19.753,27493.4185
2026-08-20 16:40:20.164,27172.0212
2026-08-20 16:40:20.577,26924.53
2026-08-20 16:40:20.989,26774.3233
2026-08-20 16:40:21.466,26729.5776
2026-08-20 16:40:21.891,26729.1011
2026-08-20 16:40:22.304,26728.0049
2026-08-20 16:40:22.722,26726.8511
2026-08-20 16:40:23.137,26725.691
2026-08-20 16:40:23.580,26724.6667
2026-08-20 16:40:24.011,26723.8299
2026-08-20 16:40:24.424,26722.9499
2026-08-20 16:40:24.837,26722.1835
2026-08-20 16:40:25.268,26721.7253
2026-08-20 16:40:25.698,26721.3446
2026-08-20 16:40:26.111,26723.8163
2026-08-20 16:40:26.539,26818.356
2026-08-20 16:40:26.952,27010.475
2026-08-20 16:40:27.375,27288.0056
2026-08-20 16:40:27.789,27629.7987
2026-08-20 16:40:28.205,27992.3978
2026-08-20 16:40:28.624,28377.3517
2026-08-20 16:40:29.037,28782.624
2026-08-20 16:40:29.457,28727.7206
2026-08-20 16:40:29.882,28316.936
2026-08-20 16:40:30.294,27922.9953
2026-08-20 16:40:30.707,27563.5102
2026-08-20 16:40:31.123,27234.8817
2026-08-20 16:40:31.583,26945.2275
2026-08-20 16:40:31.996,26788.9453
2026-08-20 16:40:32.428,26782.714
2026-08-20 16:40:32.840,26935.4171
2026-08-20 16:40:33.252,27181.938
2026-08-20 16:40:33.666,27500.5923
2026-08-20 16:40:34.082,27855.9721
2026-08-20 16:40:34.525,28235.4032
2026-08-20 16:40:34.937,28658.7378
2026-08-20 16:40:35.365,28826.7235
2026-08-20 16:40:35.777,28435.0778
2026-08-20 16:40:36.198,28046.9667
2026-08-20 16:40:36.612,27672.6864
2026-08-20 16:40:37.028,27330.5849
2026-08-20 16:40:37.457,27041.2175
2026-08-20 16:40:37.869,26842.1635
2026-08-20 16:40:38.282,26764.6038
2026-08-20 16:40:38.718,26871.3985
2026-08-20 16:40:39.130,27084.4473
2026-08-20 16:40:39.565,27391.9149
2026-08-20 16:40:39.977,27411.1957
2026-08-20 16:40:40.392,27100.4646
2026-08-20 16:40:40.804,26872.9625
2026-08-20 16:40:41.222,26751.9585
2026-08-20 16:40:41.635,26823.169
2026-08-20 16:40:42.100,27042.8465
2026-08-20 16:40:42.525,27331.3327
2026-08-20 16:40:43.018,27721.6803
2026-08-20 16:40:43.432,28120.5137
2026-08-20 16:40:43.860,28524.2288
2026-08-20 16:40:44.284,28865.6717
2026-08-20 16:40:44.697,28585.3924
2026-08-20 16:40:45.124,28189.8722
2026-08-20 16:40:45.553,27789.7175
2026-08-20 16:40:45.966,27436.0507
2026-08-20 16:40:46.381,27125.979
2026-08-20 16:40:46.794,26898.2197
2026-08-20 16:40:47.230,26770.3825
2026-08-20 16:40:47.644,26746.3124
2026-08-20 16:40:48.058,26745.2415
2026-08-20 16:40:48.470,26743.7842
2026-08-20 16:40:48.884,26742.1547
2026-08-20 16:40:49.358,26740.703
2026-08-20 16:40:49.770,26739.4395
2026-08-20 16:40:50.182,26738.1436
2026-08-20 16:40:50.615,26737.0763
2026-08-20 16:40:51.027,26736.185
2026-08-20 16:40:51.457,26735.2989
2026-08-20 16:40:51.870,26734.2443
2026-08-20 16:40:52.289,26740.5493
2026-08-20 16:40:52.709,26846.0779
2026-08-20 16:40:53.123,27050.8504
2026-08-20 16:40:53.552,27336.6169
2026-08-20 16:40:53.977,27698.3492
2026-08-20 16:40:54.401,28062.509
2026-08-20 16:40:54.815,28457.216
2026-08-20 16:40:55.229,28840.2594
2026-08-20 16:40:55.654,28664.7817
2026-08-20 16:40:56.076,28253.3921
2026-08-20 16:40:56.489,27865.9929
2026-08-20 16:40:56.905,27510.1523
2026-08-20 16:40:57.322,27186.9323
2026-08-20 16:40:57.737,26938.3281
2026-08-20 16:40:58.163,26787.328
2026-08-20 16:40:58.615,26809.3047
2026-08-20 16:40:59.041,26972.9992
2026-08-20 16:40:59.455,27242.6006
2026-08-20 16:40:59.867,27570.3378
2026-08-20 16:41:00.285,27928.1663
2026-08-20 16:41:00.713,28312.1465
2026-08-20 16:41:01.148,28736.8427
2026-08-20 16:41:01.561,28773.8202
2026-08-20 16:41:01.981,28367.9441
2026-08-20 16:41:02.396,27975.6631
2026-08-20 16:41:02.822,27611.1594
2026-08-20 16:41:03.235,27267.5314
2026-08-20 16:41:03.649,26996.7113
2026-08-20 16:41:04.062,26822.3678
2026-08-20 16:41:04.477,26773.2189
2026-08-20 16:41:04.896,26896.331
2026-08-20 16:41:05.398,27173.9514
2026-08-20 16:41:05.826,27474.7824
2026-08-20 16:41:06.239,27299.7258
2026-08-20 16:41:06.652,27014.1443
2026-08-20 16:41:07.076,26821.4231
2026-08-20 16:41:07.489,26754.4605
2026-08-20 16:41:07.915,26877.3804
2026-08-20 16:41:08.327,27107.3369
2026-08-20 16:41:08.747,27411.9146
2026-08-20 16:41:09.160,27764.8405
2026-08-20 16:41:09.587,28135.9023
2026-08-20 16:41:10.014,28540.0708
2026-08-20 16:41:10.427,28868.479
2026-08-20 16:41:10.859,28554.7072
2026-08-20 16:41:11.275,28156.6196
2026-08-20 16:41:11.691,27780.2445
2026-08-20 16:41:12.110,27427.8841
2026-08-20 16:41:12.524,27115.6219
2026-08-20 16:41:12.953,26892.9705
2026-08-20 16:41:13.366,26767.3053
2026-08-20 16:41:13.787,26748.8939
2026-08-20 16:41:14.200,26747.767
2026-08-20 16:41:14.655,26746.0096
2026-08-20 16:41:15.121,26744.2053
2026-08-20 16:41:15.542,26742.3881
2026-08-20 16:41:15.956,26740.4686
2026-08-20 16:41:16.372,26739.9949
2026-08-20 16:41:16.798,26739.1491
2026-08-20 16:41:17.214,26738.2843
2026-08-20 16:41:17.641,26737.5151
2026-08-20 16:41:18.059,26736.7079
2026-08-20 16:41:18.475,26751.1223
2026-08-20 16:41:18.898,26872.8919
2026-08-20 16:41:19.314,27093.4795
2026-08-20 16:41:19.727,27393.3127
2026-08-20 16:41:20.144,27735.2412
2026-08-20 16:41:20.557,28105.745
2026-08-20 16:41:20.974,28492.532
2026-08-20 16:41:21.388,28861.5271
2026-08-20 16:41:21.827,28635.9162
2026-08-20 16:41:22.239,28214.1783
2026-08-20 16:41:22.664,27837.4159
2026-08-20 16:41:23.079,27473.484
2026-08-20 16:41:23.491,27158.0741
2026-08-20 16:41:23.908,26923.182
2026-08-20 16:41:24.336,26782.7399
2026-08-20 16:41:24.753,26818.2237
2026-08-20 16:41:25.165,26987.0348
2026-08-20 16:41:25.578,27250.1019
2026-08-20 16:41:25.990,27578.4176
2026-08-20 16:41:26.402,27936.7072
2026-08-20 16:41:26.827,28315.4414
2026-08-20 16:41:27.246,28723.941
2026-08-20 16:41:27.658,28802.9975
2026-08-20 16:41:28.073,28399.6394
2026-08-20 16:41:28.485,28011.3815
2026-08-20 16:41:28.913,27633.2117
2026-08-20 16:41:29.325,27297.0686
2026-08-20 16:41:29.737,27020.2969
2026-08-20 16:41:30.151,26838.8866
2026-08-20 16:41:30.581,26774.9162
2026-08-20 16:41:30.994,26894.0023
2026-08-20 16:41:31.407,27110.4757
2026-08-20 16:41:31.821,27413.8019
2026-08-20 16:41:32.246,27402.7899
2026-08-20 16:41:32.724,27053.8091
2026-08-20 16:41:33.141,26842.3233
2026-08-20 16:41:33.566,26755.5749
2026-08-20 16:41:33.979,26866.1765
2026-08-20 16:41:34.400,27078.5927
2026-08-20 16:41:34.816,27383.0127
2026-08-20 16:41:35.233,27730.3087
2026-08-20 16:41:35.649,28102.8781
2026-08-20 16:41:36.061,28493.7434
2026-08-20 16:41:36.474,28860.4631
2026-08-20 16:41:36.913,28641.1969
2026-08-20 16:41:37.325,28218.0166
2026-08-20 16:41:37.740,27841.2352
2026-08-20 16:41:38.154,27485.2462
2026-08-20 16:41:38.566,27167.2577
2026-08-20 16:41:39.026,26907.9653
2026-08-20 16:41:39.437,26778.9116
2026-08-20 16:41:39.850,26753.8859
2026-08-20 16:41:40.262,26753.0898
2026-08-20 16:41:40.674,26751.558
2026-08-20 16:41:41.085,26750.031
2026-08-20 16:41:41.513,26748.6244
2026-08-20 16:41:41.925,26747.4842
2026-08-20 16:41:42.438,26746.3104
2026-08-20 16:41:42.865,26744.8974
2026-08-20 16:41:43.291,26743.8758
2026-08-20 16:41:43.704,26743.1331
2026-08-20 16:41:44.125,26742.2366
2026-08-20 16:41:44.551,26749.8897
2026-08-20 16:41:44.994,26873.4037
2026-08-20 16:41:45.405,27084.6276
2026-08-20 16:41:45.866,27414.0687
2026-08-20 16:41:46.279,27757.7435
2026-08-20 16:41:46.704,28139.1284
2026-08-20 16:41:47.124,28526.0868
2026-08-20 16:41:47.551,28905.3582
2026-08-20 16:41:47.968,28972.6648
2026-08-20 16:41:48.381,28968.6228
2026-08-20 16:41:48.794,28966.0463
2026-08-20 16:41:49.218,28964.091
2026-08-20 16:41:49.631,28962.767
2026-08-20 16:41:50.072,28961.7311
2026-08-20 16:41:50.499,28960.6405
2026-08-20 16:41:50.911,28960.0704
2026-08-20 16:41:51.349,28959.1296
2026-08-20 16:41:51.775,28958.4194
2026-08-20 16:41:52.201,28957.761
2026-08-20 16:41:52.613,28956.8084
2026-08-20 16:41:53.028,28955.2133
2026-08-20 16:41:53.456,28954.8038
2026-08-20 16:41:53.870,28954.5232
2026-08-20 16:41:54.284,28954.2039
2026-08-20 16:41:54.697,28954.5004
2026-08-20 16:41:55.122,28954.4142
2026-08-20 16:41:55.539,28954.1598
2026-08-20 16:41:55.953,28953.6858
2026-08-20 16:41:56.390,28953.051
2026-08-20 16:41:56.806,28952.8764
2026-08-20 16:41:57.225,28953.0524
2026-08-20 16:41:57.638,28952.7389
2026-08-20 16:41:58.107,28952.2842
2026-08-20 16:41:58.537,28951.7133
2026-08-20 16:41:58.950,28951.1113
2026-08-20 16:41:59.363,28950.6465
2026-08-20 16:41:59.777,28950.262
2026-08-20 16:42:00.189,28949.5498
2026-08-20 16:42:00.633,28949.165
2026-08-20 16:42:01.053,28948.6864
2026-08-20 16:42:01.466,28948.2546
2026-08-20 16:42:01.879,28948.0709
2026-08-20 16:42:02.291,28947.2706
2026-08-20 16:42:02.723,28946.6526
2026-08-20 16:42:03.147,28946.1192
2026-08-20 16:42:03.567,28945.6309
2026-08-20 16:42:03.980,28945.135
2026-08-20 16:42:04.404,28944.5102
2026-08-20 16:42:04.831,28943.9697
2026-08-20 16:42:05.243,28943.4251
2026-08-20 16:42:05.670,28942.9308
2026-08-20 16:42:06.082,28942.5965
2026-08-20 16:42:06.495,28941.9792
2026-08-20 16:42:06.976,28941.8451
2026-08-20 16:42:07.388,28941.4463
2026-08-20 16:42:07.801,28941.1622
2026-08-20 16:42:08.214,28940.6189
2026-08-20 16:42:08.640,28940.4074
2026-08-20 16:42:09.060,28940.2547
2026-08-20 16:42:09.485,28940.228
2026-08-20 16:42:09.905,28940.3627
2026-08-20 16:42:10.322,28940.1989
2026-08-20 16:42:10.735,28940.1732
2026-08-20 16:42:11.168,28940.4454
2026-08-20 16:42:11.597,28940.4117
2026-08-20 16:42:12.009,28940.2739
2026-08-20 16:42:12.435,28940.369
2026-08-20 16:42:12.848,28940.6405
2026-08-20 16:42:13.267,28940.9208
2026-08-20 16:42:13.679,28941.1428
2026-08-20 16:42:14.093,28941.1454
2026-08-20 16:42:14.506,28941.6655
2026-08-20 16:42:14.919,28941.674
2026-08-20 16:42:15.330,28942.1152
2026-08-20 16:42:15.754,28942.7232
2026-08-20 16:42:16.166,28943.2063
2026-08-20 16:42:16.595,28943.1217
2026-08-20 16:42:17.008,28943.0904
2026-08-20 16:42:17.422,28942.9761
2026-08-20 16:42:17.840,28943.1414
2026-08-20 16:42:18.253,28943.3086
2026-08-20 16:42:18.677,28943.7465
2026-08-20 16:42:19.089,28944.0657
2026-08-20 16:42:19.510,28944.172
2026-08-20 16:42:19.923,28944.2365
2026-08-20 16:42:20.347,28944.0108
2026-08-20 16:42:20.760,28943.7409
2026-08-20 16:42:21.194,28942.9842
2026-08-20 16:42:21.606,28942.1124
2026-08-20 16:42:22.023,28941.7159
2026-08-20 16:42:22.443,28941.2308
2026-08-20 16:42:22.856,28940.976
2026-08-20 16:42:23.317,28941.1226
2026-08-20 16:42:23.741,28941.0793
2026-08-20 16:42:24.154,28940.6162
2026-08-20 16:42:24.571,28939.1204
2026-08-20 16:42:24.989,28937.8536
2026-08-20 16:42:25.416,28937.2121
2026-08-20 16:42:25.839,28936.914
2026-08-20 16:42:26.251,28936.8998
2026-08-20 16:42:26.664,28937.1419
2026-08-20 16:42:27.077,28937.2763
2026-08-20 16:42:27.518,28937.3895
2026-08-20 16:42:27.933,28937.5126
2026-08-20 16:42:28.347,28937.5776
2026-08-20 16:42:28.762,28937.5219
2026-08-20 16:42:29.226,28937.8084
2026-08-20 16:42:29.657,28938.039
2026-08-20 16:42:30.074,28938.0816
2026-08-20 16:42:30.487,28938.1573
2026-08-20 16:42:30.899,28938.2235
2026-08-20 16:42:31.324,28938.1333
2026-08-20 16:42:31.743,28938.1687
2026-08-20 16:42:32.182,28937.9391
2026-08-20 16:42:32.595,28937.9155
2026-08-20 16:42:33.007,28937.4673
2026-08-20 16:42:33.433,28937.5671
2026-08-20 16:42:33.846,28937.2442
2026-08-20 16:42:34.269,28937.0645
2026-08-20 16:42:34.689,28936.5582
2026-08-20 16:42:35.107,28935.3617
2026-08-20 16:42:35.527,28934.9679
2026-08-20 16:42:35.944,28935.2147
2026-08-20 16:42:36.361,28935.9519
2026-08-20 16:42:36.776,28936.2375
2026-08-20 16:42:37.188,28936.4925
2026-08-20 16:42:37.610,28936.3246
2026-08-20 16:42:38.022,28935.94
2026-08-20 16:42:38.434,28935.8388
2026-08-20 16:42:38.874,28935.4814
2026-08-20 16:42:39.286,28935.4617
2026-08-20 16:42:39.714,28935.2219
2026-08-20 16:42:40.134,28935.2187
2026-08-20 16:42:40.547,28935.1054
2026-08-20 16:42:40.980,28934.507
2026-08-20 16:42:41.405,28934.1779
2026-08-20 16:42:41.818,28933.608
2026-08-20 16:42:42.243,28933.4012
2026-08-20 16:42:42.656,28932.7755
2026-08-20 16:42:43.086,28932.3816
2026-08-20 16:42:43.498,28931.6868
2026-08-20 16:42:43.922,28931.4848
2026-08-20 16:42:44.334,28930.8946
2026-08-20 16:42:44.748,28930.9908
2026-08-20 16:42:45.225,28931.1929
2026-08-20 16:42:45.637,28931.3476
2026-08-20 16:42:46.054,28931.5651
2026-08-20 16:42:46.478,28917.9581
2026-08-20 16:42:46.891,28895.9954
2026-08-20 16:42:47.305,28875.0146
2026-08-20 16:42:47.726,28853.9801
2026-08-20 16:42:48.140,28832.7464
2026-08-20 16:42:48.553,28812.1698
2026-08-20 16:42:48.980,28791.832
2026-08-20 16:42:49.415,28770.3074
2026-08-20 16:42:49.840,28748.5474
2026-08-20 16:42:50.254,28727.0982
2026-08-20 16:42:50.673,28706.8454
2026-08-20 16:42:51.091,28686.323
2026-08-20 16:42:51.519,28666.4336
2026-08-20 16:42:51.941,28645.7844
2026-08-20 16:42:52.356,28625.4509
2026-08-20 16:42:52.783,28605.3336
2026-08-20 16:42:53.195,28584.6443
2026-08-20 16:42:53.629,28564.7137
2026-08-20 16:42:54.050,28543.5664
2026-08-20 16:42:54.466,28522.9187
2026-08-20 16:42:54.879,28502.8016
2026-08-20 16:42:55.296,28482.9694
2026-08-20 16:42:55.730,28463.2294
2026-08-20 16:42:56.143,28442.9416
2026-08-20 16:42:56.569,28423.5738
2026-08-20 16:42:56.984,28403.6886
2026-08-20 16:42:57.396,28384.0891
2026-08-20 16:42:57.808,28364.7165
2026-08-20 16:42:58.232,28345.8909
2026-08-20 16:42:58.647,28326.236
2026-08-20 16:42:59.062,28306.9606
2026-08-20 16:42:59.491,28287.631
2026-08-20 16:42:59.905,28267.7765
2026-08-20 16:43:00.317,28248.2584
2026-08-20 16:43:00.754,28228.1293
2026-08-20 16:43:01.167,28208.6177
2026-08-20 16:43:01.600,28189.2384
2026-08-20 16:43:02.014,28168.9389
2026-08-20 16:43:02.426,28149.3662
2026-08-20 16:43:02.838,28130.3348
2026-08-20 16:43:03.253,28112.3059
2026-08-20 16:43:03.666,28093.8705
2026-08-20 16:43:04.131,28072.952
2026-08-20 16:43:04.548,28054.1195
2026-08-20 16:43:05.008,28033.2405
2026-08-20 16:43:05.433,28014.5348
2026-08-20 16:43:05.846,27995.7737
2026-08-20 16:43:06.272,27976.9959
2026-08-20 16:43:06.685,27958.5213
2026-08-20 16:43:07.098,27940.2647
2026-08-20 16:43:07.524,27922.5065
2026-08-20 16:43:07.937,27904.049
2026-08-20 16:43:08.354,27885.9169
2026-08-20 16:43:08.782,27867.6195
2026-08-20 16:43:09.198,27849.21
2026-08-20 16:43:09.613,27831.4426
2026-08-20 16:43:10.026,27813.7583
2026-08-20 16:43:10.449,27796.3473
2026-08-20 16:43:10.876,27777.8801
2026-08-20 16:43:11.289,27759.4472
2026-08-20 16:43:11.716,27741.4121
2026-08-20 16:43:12.144,27723.1667
2026-08-20 16:43:12.562,27705.9819
2026-08-20 16:43:12.975,27687.9268
2026-08-20 16:43:13.387,27670.4916
2026-08-20 16:43:13.803,27653.3594
2026-08-20 16:43:14.218,27635.9962
2026-08-20 16:43:14.633,27618.4974
2026-08-20 16:43:15.074,27601.3068
2026-08-20 16:43:15.488,27583.0026
2026-08-20 16:43:15.914,27565.6641
2026-08-20 16:43:16.327,27547.6491
2026-08-20 16:43:16.763,27529.8058
2026-08-20 16:43:17.187,27512.1041
2026-08-20 16:43:17.617,27493.8416
2026-08-20 16:43:18.037,27476.6927
2026-08-20 16:43:18.449,27459.346
2026-08-20 16:43:18.864,27442.6218
2026-08-20 16:43:19.283,27425.5615
2026-08-20 16:43:19.697,27408.4577
2026-08-20 16:43:20.110,27391.8773
2026-08-20 16:43:20.536,27375.7098
2026-08-20 16:43:20.948,27358.7001
2026-08-20 16:43:21.390,27341.7892
2026-08-20 16:43:21.803,27324.9731
2026-08-20 16:43:22.221,27308.6001
2026-08-20 16:43:22.635,27292.2233
2026-08-20 16:43:23.047,27275.8911
2026-08-20 16:43:23.475,27258.5412
2026-08-20 16:43:23.906,27241.4128
2026-08-20 16:43:24.340,27224.6699
2026-08-20 16:43:24.766,27207.8149
2026-08-20 16:43:25.180,27191.1953
2026-08-20 16:43:25.595,27175.1997
2026-08-20 16:43:26.009,27159.42
2026-08-20 16:43:26.444,27143.8403
2026-08-20 16:43:26.866,27127.8078
2026-08-20 16:43:27.279,27112.9099
2026-08-20 16:43:27.700,27098.3416
2026-08-20 16:43:28.116,27083.5398
2026-08-20 16:43:28.528,27069.1911
2026-08-20 16:43:28.963,27054.6072
2026-08-20 16:43:29.395,27040.7676
2026-08-20 16:43:29.807,27026.7542
2026-08-20 16:43:30.242,27012.934
2026-08-20 16:43:30.667,26999.615
2026-08-20 16:43:31.079,26986.2909
2026-08-20 16:43:31.498,26974.0036
2026-08-20 16:43:31.925,26961.6347
2026-08-20 16:43:32.354,26949.1742
2026-08-20 16:43:32.770,26936.9958
2026-08-20 16:43:33.183,26925.1502
2026-08-20 16:43:33.605,26913.8793
2026-08-20 16:43:34.030,26902.6918
2026-08-20 16:43:34.444,26891.7017
2026-08-20 16:43:34.868,26881.234
2026-08-20 16:43:35.284,26870.6168
2026-08-20 16:43:35.714,26860.54
2026-08-20 16:43:36.127,26850.362
2026-08-20 16:43:36.541,26840.9594
2026-08-20 16:43:36.954,26831.9766
2026-08-20 16:43:37.372,26823.0713
2026-08-20 16:43:37.799,26814.2201
2026-08-20 16:43:38.280,26804.1677
2026-08-20 16:43:38.692,26796.4706
2026-08-20 16:43:39.118,26789.0472
2026-08-20 16:43:39.545,26781.2194
2026-08-20 16:43:39.963,26773.8117
2026-08-20 16:43:40.375,26766.8618
2026-08-20 16:43:40.788,26759.8769
2026-08-20 16:43:41.201,26753.2096
2026-08-20 16:43:41.614,26746.7958
2026-08-20 16:43:42.026,26740.6497
2026-08-20 16:43:42.447,26734.6996
2026-08-20 16:43:42.859,26728.707
2026-08-20 16:43:43.271,26723.164
2026-08-20 16:43:43.684,26717.0175
2026-08-20 16:43:44.102,26711.9573
2026-08-20 16:43:44.515,26707.2164
2026-08-20 16:43:44.927,26703.2304
2026-08-20 16:43:45.354,26698.9177
2026-08-20 16:43:45.777,26695.0131
2026-08-20 16:43:46.205,26694.4764
2026-08-20 16:43:46.617,26694.2778
2026-08-20 16:43:47.128,26693.9455
2026-08-20 16:43:47.541,26693.4463
2026-08-20 16:43:47.965,26693.0237
2026-08-20 16:43:48.379,26692.5922
2026-08-20 16:43:48.799,26691.9531
2026-08-20 16:43:49.217,26688.5435
2026-08-20 16:43:49.644,26684.5314
2026-08-20 16:43:50.057,26684.1722
2026-08-20 16:43:50.469,26683.6572
2026-08-20 16:43:50.881,26683.0839
2026-08-20 16:43:51.348,26683.5755
2026-08-20 16:43:51.775,26683.989
2026-08-20 16:43:52.189,26683.4979
2026-08-20 16:43:52.601,26683.091
2026-08-20 16:43:53.021,26682.3437
2026-08-20 16:43:53.439,26681.6433
2026-08-20 16:43:53.865,26680.9784
2026-08-20 16:43:54.279,26680.3026
2026-08-20 16:43:54.695,26679.4192
2026-08-20 16:43:55.111,26678.7298
2026-08-20 16:43:55.542,26697.0333
2026-08-20 16:43:55.957,26835.163
2026-08-20 16:43:56.384,27069.7454
2026-08-20 16:43:56.797,27371.4296
2026-08-20 16:43:57.223,27715.7934
2026-08-20 16:43:57.650,28097.2985
2026-08-20 16:43:58.077,28513.6486
2026-08-20 16:43:58.490,28820.7166
2026-08-20 16:43:58.904,28509.3282
2026-08-20 16:43:59.330,28113.5766
2026-08-20 16:43:59.746,27726.8256
2026-08-20 16:44:00.157,27373.3269
2026-08-20 16:44:00.590,27067.0296
2026-08-20 16:44:01.018,26836.1255
2026-08-20 16:44:01.433,26716.7929
2026-08-20 16:44:01.845,26783.5363
2026-08-20 16:44:02.272,26971.7707
2026-08-20 16:44:02.703,27248.6261
2026-08-20 16:44:03.126,27597.8296
2026-08-20 16:44:03.540,27971.2441
2026-08-20 16:44:03.954,28355.6178
2026-08-20 16:44:04.368,28752.5688
2026-08-20 16:44:04.798,28644.3572
2026-08-20 16:44:05.210,28226.3059
2026-08-20 16:44:05.624,27844.8223
2026-08-20 16:44:06.041,27484.4033
2026-08-20 16:44:06.459,27154.8213
2026-08-20 16:44:06.925,26873.3589
2026-08-20 16:44:07.350,26731.4835
2026-08-20 16:44:07.778,26746.7634
2026-08-20 16:44:08.190,26905.4095
2026-08-20 16:44:08.604,27158.1053
2026-08-20 16:44:09.064,27421.9209
2026-08-20 16:44:09.487,27160.8839
2026-08-20 16:44:09.914,26890.16
2026-08-20 16:44:10.326,26722.3958
2026-08-20 16:44:10.750,26712.8739
2026-08-20 16:44:11.163,26866.4022
2026-08-20 16:44:11.581,27111.932
2026-08-20 16:44:11.994,27433.1716
2026-08-20 16:44:12.430,27798.2411
2026-08-20 16:44:12.846,28182.0447
2026-08-20 16:44:13.276,28577.632
2026-08-20 16:44:13.703,28746.4576
2026-08-20 16:44:14.115,28349.9547
2026-08-20 16:44:14.543,27961.964
2026-08-20 16:44:14.957,27581.8776
2026-08-20 16:44:15.387,27230.4338
2026-08-20 16:44:15.799,26948.9882
2026-08-20 16:44:16.223,26765.8159
2026-08-20 16:44:16.635,26681.2074
2026-08-20 16:44:17.049,26677.1704
2026-08-20 16:44:17.526,26675.029
2026-08-20 16:44:17.938,26672.7629
2026-08-20 16:44:18.364,26670.7686
2026-08-20 16:44:18.778,26668.6768
2026-08-20 16:44:19.190,26666.865
2026-08-20 16:44:19.608,26664.9343
2026-08-20 16:44:20.023,26663.2492
2026-08-20 16:44:20.443,26661.6543
2026-08-20 16:44:20.856,26660.051
2026-08-20 16:44:21.281,26658.6224
2026-08-20 16:44:21.720,26687.154
2026-08-20 16:44:22.134,26835.9209
2026-08-20 16:44:22.551,27068.892
2026-08-20 16:44:22.966,27379.9997
2026-08-20 16:44:23.379,27727.9986
2026-08-20 16:44:23.840,28143.1884
2026-08-20 16:44:24.262,28535.0031
2026-08-20 16:44:24.674,28755.9459
2026-08-20 16:44:25.101,28369.6657
2026-08-20 16:44:25.512,27980.7469
2026-08-20 16:44:25.958,27612.3808
2026-08-20 16:44:26.373,27243.1183
2026-08-20 16:44:26.789,26956.2013
2026-08-20 16:44:27.206,26762.1244
2026-08-20 16:44:27.622,26678.7353
2026-08-20 16:44:28.047,26773.8078
2026-08-20 16:44:28.482,26986.3373
2026-08-20 16:44:28.895,27284.6321
2026-08-20 16:44:29.307,27626.8352
2026-08-20 16:44:29.719,27993.1099
2026-08-20 16:44:30.153,28391.8356
2026-08-20 16:44:30.580,28758.2082
2026-08-20 16:44:30.993,28500.3461
2026-08-20 16:44:31.416,28105.7205
2026-08-20 16:44:31.834,27721.4959
2026-08-20 16:44:32.262,27366.2514
2026-08-20 16:44:32.678,27044.4199
2026-08-20 16:44:33.098,26816.912
2026-08-20 16:44:33.509,26689.3316
2026-08-20 16:44:33.924,26727.786
2026-08-20 16:44:34.340,26888.3336
2026-08-20 16:44:34.804,27149.1604
2026-08-20 16:44:35.234,27384.386
2026-08-20 16:44:35.647,27093.3511
2026-08-20 16:44:36.060,26841.4413
2026-08-20 16:44:36.477,26688.9755
2026-08-20 16:44:36.891,26694.7462
2026-08-20 16:44:37.310,26847.9506
2026-08-20 16:44:37.721,27100.7224
2026-08-20 16:44:38.134,27419.6385
2026-08-20 16:44:38.546,27772.7178
2026-08-20 16:44:38.958,28146.6019
2026-08-20 16:44:39.371,28539.0668
2026-08-20 16:44:39.785,28745.315
2026-08-20 16:44:40.197,28370.4315
2026-08-20 16:44:40.610,27981.291
2026-08-20 16:44:41.028,27613.2634
2026-08-20 16:44:41.454,27264.851
2026-08-20 16:44:41.866,26964.5641
2026-08-20 16:44:42.280,26768.2749
2026-08-20 16:44:42.692,26670.422
2026-08-20 16:44:43.132,26661.7611
2026-08-20 16:44:43.564,26660.6589
2026-08-20 16:44:43.977,26659.1845
2026-08-20 16:44:44.394,26657.8901
2026-08-20 16:44:44.815,26656.5801
2026-08-20 16:44:45.229,26655.1488
2026-08-20 16:44:45.641,26654.1305
2026-08-20 16:44:46.074,26653.0156
2026-08-20 16:44:46.488,26652.17
2026-08-20 16:44:46.915,26651.1191
2026-08-20 16:44:47.328,26650.2245
2026-08-20 16:44:47.741,26664.4803
2026-08-20 16:44:48.184,26781.8374
2026-08-20 16:44:48.609,27018.7972
2026-08-20 16:44:49.022,27315.8051
2026-08-20 16:44:49.435,27657.8438
2026-08-20 16:44:49.848,28025.0729
2026-08-20 16:44:50.286,28411.8117
2026-08-20 16:44:50.721,28768.1636
2026-08-20 16:44:51.134,28464.4165
2026-08-20 16:44:51.557,28070.6076
2026-08-20 16:44:51.969,27687.6534
2026-08-20 16:44:52.390,27339.1291
2026-08-20 16:44:52.802,27027.9033
2026-08-20 16:44:53.216,26808.7021
2026-08-20 16:44:53.628,26686.5971
2026-08-20 16:44:54.041,26735.5972
2026-08-20 16:44:54.462,26902.6355
2026-08-20 16:44:54.928,27212.2067
2026-08-20 16:44:55.347,27546.958
2026-08-20 16:44:55.810,27957.5073
2026-08-20 16:44:56.254,28373.5788
2026-08-20 16:44:56.673,28753.0074
2026-08-20 16:44:57.146,28511.0158
2026-08-20 16:44:57.559,28108.9013
2026-08-20 16:44:57.986,27720.7329
2026-08-20 16:44:58.410,27370.1376
2026-08-20 16:44:58.828,27050.8964
2026-08-20 16:44:59.240,26822.8389
2026-08-20 16:44:59.655,26696.0032
2026-08-20 16:45:00.069,26732.055
2026-08-20 16:45:00.482,26891.5731
2026-08-20 16:45:00.893,27149.047
2026-08-20 16:45:01.336,27398.5586
2026-08-20 16:45:01.748,27136.5001
2026-08-20 16:45:02.171,26874.0428
2026-08-20 16:45:02.584,26706.5935
2026-08-20 16:45:03.048,26691.5952
2026-08-20 16:45:03.476,26863.2252
2026-08-20 16:45:03.889,27122.0688
2026-08-20 16:45:04.302,27444.1128
2026-08-20 16:45:04.717,27800.3704
2026-08-20 16:45:05.135,28178.2775
2026-08-20 16:45:05.563,28577.7103
2026-08-20 16:45:05.976,28733.3758
2026-08-20 16:45:06.389,28339.7003
2026-08-20 16:45:06.802,27951.2785
2026-08-20 16:45:07.214,27584.9222
2026-08-20 16:45:07.626,27245.6491
2026-08-20 16:45:08.040,26960.7583
2026-08-20 16:45:08.471,26770.3014
2026-08-20 16:45:08.975,26673.0544
2026-08-20 16:45:09.389,26672.379
2026-08-20 16:45:09.804,26671.3091
2026-08-20 16:45:10.218,26669.9185
2026-08-20 16:45:10.670,26668.7112
2026-08-20 16:45:11.085,26667.6444
2026-08-20 16:45:11.507,26666.7103
2026-08-20 16:45:11.919,26665.9559
2026-08-20 16:45:12.345,26665.2438
2026-08-20 16:45:12.773,26664.5799
2026-08-20 16:45:13.192,26664.0266
2026-08-20 16:45:13.604,26663.4299
2026-08-20 16:45:14.021,26702.7665
2026-08-20 16:45:14.433,26853.146
2026-08-20 16:45:14.868,27091.297
2026-08-20 16:45:15.280,27420.2731
2026-08-20 16:45:15.694,27771.5878
2026-08-20 16:45:16.110,28146.0109
2026-08-20 16:45:16.581,28541.9965
2026-08-20 16:45:17.010,28749.3507
2026-08-20 16:45:17.424,28345.884
2026-08-20 16:45:17.836,27957.2868
2026-08-20 16:45:18.263,27591.5749
2026-08-20 16:45:18.676,27241.4211
2026-08-20 16:45:19.093,26958.4806
2026-08-20 16:45:19.507,26773.2195
2026-08-20 16:45:19.919,26700.3913
2026-08-20 16:45:20.346,26803.0806
2026-08-20 16:45:20.758,27014.7484
2026-08-20 16:45:21.192,27320.5502
2026-08-20 16:45:21.604,27672.5666
2026-08-20 16:45:22.020,28041.9628
2026-08-20 16:45:22.447,28433.5827
2026-08-20 16:45:22.860,28793.0153
2026-08-20 16:45:23.301,28530.8063
2026-08-20 16:45:23.715,28107.9021
2026-08-20 16:45:24.128,27733.04
2026-08-20 16:45:24.547,27381.3157
2026-08-20 16:45:24.961,27066.9803
2026-08-20 16:45:25.439,26821.0869
2026-08-20 16:45:25.854,26710.1963
2026-08-20 16:45:26.267,26776.4403
2026-08-20 16:45:26.686,26953.2781
2026-08-20 16:45:27.105,27232.0632
2026-08-20 16:45:27.519,27421.7822
2026-08-20 16:45:27.947,27121.5537
2026-08-20 16:45:28.360,26870.2885
2026-08-20 16:45:28.773,26718.2218
2026-08-20 16:45:29.185,26725.4548
2026-08-20 16:45:29.623,26879.8448
2026-08-20 16:45:30.046,27147.1909
2026-08-20 16:45:30.462,27478.7148
2026-08-20 16:45:30.888,27838.2588
2026-08-20 16:45:31.300,28228.4543
2026-08-20 16:45:31.729,28624.3479
2026-08-20 16:45:32.141,28747.9613
2026-08-20 16:45:32.566,28348.9074
2026-08-20 16:45:32.979,27949.8613
2026-08-20 16:45:33.391,27584.8094
2026-08-20 16:45:33.827,27247.0513
2026-08-20 16:45:34.240,26953.6465
2026-08-20 16:45:34.657,26776.2873
2026-08-20 16:45:35.085,26698.742
2026-08-20 16:45:35.498,26696.1054
2026-08-20 16:45:35.931,26694.7949
2026-08-20 16:45:36.348,26693.1741
2026-08-20 16:45:36.776,26691.8868
2026-08-20 16:45:37.188,26690.8159
2026-08-20 16:45:37.601,26689.7738
2026-08-20 16:45:38.034,26689.15
2026-08-20 16:45:38.447,26688.335
2026-08-20 16:45:38.859,26687.5196
2026-08-20 16:45:39.285,26686.7696
2026-08-20 16:45:39.698,26685.964
2026-08-20 16:45:40.111,26714.6151
2026-08-20 16:45:40.535,26852.8552
2026-08-20 16:45:40.964,27088.7608
2026-08-20 16:45:41.383,27406.7418
2026-08-20 16:45:41.799,27761.8167
2026-08-20 16:45:42.226,28137.4312
2026-08-20 16:45:42.638,28541.7223
2026-08-20 16:45:43.063,28823.8381
2026-08-20 16:45:43.476,28479.6299
2026-08-20 16:45:43.889,28085.6705
2026-08-20 16:45:44.315,27712.4931
2026-08-20 16:45:44.727,27353.3881
2026-08-20 16:45:45.162,27052.1203
2026-08-20 16:45:45.575,26829.0817
2026-08-20 16:45:45.988,26721.8271
2026-08-20 16:45:46.403,26791.1193
2026-08-20 16:45:46.816,26972.2703
2026-08-20 16:45:47.277,27284.8179
2026-08-20 16:45:47.690,27624.6306
2026-08-20 16:45:48.106,27990.7482
2026-08-20 16:45:48.518,28378.9313
2026-08-20 16:45:48.932,28771.8256
2026-08-20 16:45:49.368,28639.4175
2026-08-20 16:45:49.792,28216.0106
2026-08-20 16:45:50.205,27825.3949
2026-08-20 16:45:50.617,27468.7768
2026-08-20 16:45:51.030,27145.5338
2026-08-20 16:45:51.469,26899.2817
2026-08-20 16:45:51.886,26745.0871
2026-08-20 16:45:52.298,26753.1849
2026-08-20 16:45:52.711,26900.2446
2026-08-20 16:45:53.138,27145.848
2026-08-20 16:45:53.600,27438.4759
2026-08-20 16:45:54.016,27193.4766
2026-08-20 16:45:54.428,26921.9567
2026-08-20 16:45:54.853,26751.8657
2026-08-20 16:45:55.265,26721.33
2026-08-20 16:45:55.685,26860.0942
2026-08-20 16:45:56.098,27098.9735
2026-08-20 16:45:56.512,27411.8847
2026-08-20 16:45:56.924,27764.2977
2026-08-20 16:45:57.336,28137.3506
2026-08-20 16:45:57.802,28528.6348
2026-08-20 16:45:58.251,28793.544
2026-08-20 16:45:58.678,28404.3928
2026-08-20 16:45:59.091,28002.1536
2026-08-20 16:45:59.520,27621.138
2026-08-20 16:45:59.934,27279.097
2026-08-20 16:46:00.346,26992.5478
2026-08-20 16:46:00.762,26803.3834
2026-08-20 16:46:01.177,26712.5284
2026-08-20 16:46:01.589,26706.379
2026-08-20 16:46:02.055,26705.0377
2026-08-20 16:46:02.478,26703.5428
2026-08-20 16:46:02.891,26702.4958
2026-08-20 16:46:03.305,26701.1936
2026-08-20 16:46:03.731,26700.1875
2026-08-20 16:46:04.147,26699.0088
2026-08-20 16:46:04.561,26698.0953
2026-08-20 16:46:04.985,26697.354
2026-08-20 16:46:05.398,26696.5714
2026-08-20 16:46:05.810,26695.8713
2026-08-20 16:46:06.222,26715.73
2026-08-20 16:46:06.640,26842.6089
2026-08-20 16:46:07.052,27064.2093
2026-08-20 16:46:07.464,27362.3052
2026-08-20 16:46:07.890,27717.4176
2026-08-20 16:46:08.310,28086.3987
2026-08-20 16:46:08.737,28481.1824
2026-08-20 16:46:09.152,28822.3502
2026-08-20 16:46:09.564,28531.8661
2026-08-20 16:46:09.991,28123.7034
2026-08-20 16:46:10.403,27748.1662
2026-08-20 16:46:10.831,27386.1986
2026-08-20 16:46:11.258,27078.8551
2026-08-20 16:46:11.670,26851.9476
2026-08-20 16:46:12.110,26731.045
2026-08-20 16:46:12.522,26795.3939
2026-08-20 16:46:12.934,26973.1259
2026-08-20 16:46:13.350,27246.8332
2026-08-20 16:46:13.764,27583.1223
2026-08-20 16:46:14.196,27959.5194
2026-08-20 16:46:14.613,28348.7981
2026-08-20 16:46:15.026,28752.2539
2026-08-20 16:46:15.452,28680.3967
2026-08-20 16:46:15.877,28265.7546
2026-08-20 16:46:16.297,27872.1951
2026-08-20 16:46:16.709,27506.3994
2026-08-20 16:46:17.145,27169.5712
2026-08-20 16:46:17.559,26914.1565
2026-08-20 16:46:17.974,26763.5126
2026-08-20 16:46:18.388,26753.7273
2026-08-20 16:46:18.801,26894.0589
2026-08-20 16:46:19.236,27141.2926
2026-08-20 16:46:19.663,27434.8087
2026-08-20 16:46:20.090,27247.9752
2026-08-20 16:46:20.506,26959.1512
2026-08-20 16:46:20.920,26775.35
2026-08-20 16:46:21.345,26722.4162
2026-08-20 16:46:21.765,26852.6357
2026-08-20 16:46:22.179,27081.7419
2026-08-20 16:46:22.592,27389.8049
2026-08-20 16:46:23.054,27738.5054
2026-08-20 16:46:23.473,28160.4816
2026-08-20 16:46:23.886,28553.539
2026-08-20 16:46:24.312,28824.8932
2026-08-20 16:46:24.725,28470.4964
2026-08-20 16:46:25.139,28077.6152
2026-08-20 16:46:25.551,27704.4623
2026-08-20 16:46:25.963,27357.3795
2026-08-20 16:46:26.380,27056.1074
2026-08-20 16:46:26.792,26842.8798
2026-08-20 16:46:27.204,26730.7341
2026-08-20 16:46:27.617,26715.4177
2026-08-20 16:46:28.091,26714.7739
2026-08-20 16:46:28.521,26712.9596
2026-08-20 16:46:28.934,26711.4971
2026-08-20 16:46:29.348,26710.2788
2026-08-20 16:46:29.761,26709.1176
2026-08-20 16:46:30.188,26707.9928
2026-08-20 16:46:30.606,26706.8882
2026-08-20 16:46:31.018,26705.8729
2026-08-20 16:46:31.431,26705.1535
2026-08-20 16:46:31.853,26704.3334
2026-08-20 16:46:32.314,26713.7575
2026-08-20 16:46:32.746,26843.7144
2026-08-20 16:46:33.172,27065.742
2026-08-20 16:46:33.584,27372.3102
2026-08-20 16:46:34.010,27726.6884
2026-08-20 16:46:34.428,28096.5457
2026-08-20 16:46:34.848,28489.8388
2026-08-20 16:46:35.265,28829.8214
2026-08-20 16:46:35.678,28545.1437
2026-08-20 16:46:36.092,28148.6787
2026-08-20 16:46:36.504,27771.7377
2026-08-20 16:46:36.940,27408.9703
2026-08-20 16:46:37.367,27092.8547
2026-08-20 16:46:37.781,26863.2063
2026-08-20 16:46:38.197,26740.2456
2026-08-20 16:46:38.623,26790.974
2026-08-20 16:46:39.043,26968.0209
2026-08-20 16:46:39.455,27242.0728
2026-08-20 16:46:39.880,27573.6892
2026-08-20 16:46:40.292,27946.2172
2026-08-20 16:46:40.704,28327.908
2026-08-20 16:46:41.179,28774.9713
2026-08-20 16:46:41.592,28660.7168
2026-08-20 16:46:42.011,28259.8186
2026-08-20 16:46:42.425,27873.1778
2026-08-20 16:46:42.846,27513.0105
2026-08-20 16:46:43.264,27177.4081
2026-08-20 16:46:43.676,26926.0396
2026-08-20 16:46:44.091,26774.1847
2026-08-20 16:46:44.508,26759.4279
2026-08-20 16:46:44.922,26898.8228
2026-08-20 16:46:45.387,27172.1671
2026-08-20 16:46:45.801,27450.2501
2026-08-20 16:46:46.215,27250.5054
2026-08-20 16:46:46.643,26961.7503
2026-08-20 16:46:47.055,26780.9615
2026-08-20 16:46:47.488,26730.5085
2026-08-20 16:46:47.901,26865.4152
2026-08-20 16:46:48.313,27092.5533
2026-08-20 16:46:48.724,27400.5928
2026-08-20 16:46:49.138,27748.2193
2026-08-20 16:46:49.574,28121.1326
2026-08-20 16:46:49.986,28533.0947
2026-08-20 16:46:50.408,28833.7812
2026-08-20 16:46:50.822,28507.6125
2026-08-20 16:46:51.235,28112.7852
2026-08-20 16:46:51.649,27738.5689
2026-08-20 16:46:52.081,27375.8448
2026-08-20 16:46:52.495,27068.9696
2026-08-20 16:46:52.910,26854.5668
2026-08-20 16:46:53.321,26739.4147
2026-08-20 16:46:53.742,26722.7194
2026-08-20 16:46:54.156,26721.8902
2026-08-20 16:46:54.568,26720.2352
2026-08-20 16:46:55.012,26718.7167
2026-08-20 16:46:55.438,26717.235
2026-08-20 16:46:55.851,26716.0246
2026-08-20 16:46:56.270,26714.6541
2026-08-20 16:46:56.683,26713.671
2026-08-20 16:46:57.098,26712.7601
2026-08-20 16:46:57.511,26711.7201
2026-08-20 16:46:58.023,26710.8597
2026-08-20 16:46:58.448,26726.3446
2026-08-20 16:46:58.868,26851.1136
2026-08-20 16:46:59.281,27069.7303
2026-08-20 16:46:59.701,27367.2098
2026-08-20 16:47:00.113,27715.4843
2026-08-20 16:47:00.525,28083.7383
2026-08-20 16:47:00.938,28471.0002
2026-08-20 16:47:01.383,28831.5915
2026-08-20 16:47:01.813,28552.1041
2026-08-20 16:47:02.241,28138.6999
2026-08-20 16:47:02.654,27763.9517
2026-08-20 16:47:03.067,27413.6787
2026-08-20 16:47:03.499,27104.679
2026-08-20 16:47:03.924,26871.6072
2026-08-20 16:47:04.336,26747.9446
2026-08-20 16:47:04.749,26804.2514
2026-08-20 16:47:05.161,26977.318
2026-08-20 16:47:05.573,27246.8616
2026-08-20 16:47:05.990,27577.7806
2026-08-20 16:47:06.404,27944.6053
2026-08-20 16:47:06.816,28328.033
2026-08-20 16:47:07.255,28728.0243
2026-08-20 16:47:07.680,28724.1741
2026-08-20 16:47:08.093,28307.5536
2026-08-20 16:47:08.519,27924.0638
2026-08-20 16:47:08.937,27551.2362
2026-08-20 16:47:09.349,27217.1873
2026-08-20 16:47:09.767,26957.9788
2026-08-20 16:47:10.181,26795.2478
2026-08-20 16:47:10.647,26772.1765
2026-08-20 16:47:11.060,26910.3265
2026-08-20 16:47:11.476,27145.5647
2026-08-20 16:47:11.901,27446.5298
2026-08-20 16:47:12.314,27295.7006
2026-08-20 16:47:12.726,27007.9586
2026-08-20 16:47:13.166,26814.4083
2026-08-20 16:47:13.581,26738.9761
2026-08-20 16:47:13.994,26851.8172
2026-08-20 16:47:14.407,27063.3626
2026-08-20 16:47:14.825,27360.7762
2026-08-20 16:47:15.297,27709.9961
2026-08-20 16:47:15.743,28165.5481
2026-08-20 16:47:16.210,28558.0433
2026-08-20 16:47:16.647,28837.6423
2026-08-20 16:47:17.059,28455.4893
2026-08-20 16:47:17.471,28065.5426
2026-08-20 16:47:17.895,27695.2902
2026-08-20 16:47:18.309,27341.7491
2026-08-20 16:47:18.747,27049.1846
2026-08-20 16:47:19.160,26841.2763
2026-08-20 16:47:19.572,26748.8249
2026-08-20 16:47:19.985,26742.1626
2026-08-20 16:47:20.399,26741.2035
2026-08-20 16:47:20.812,26739.5774
2026-08-20 16:47:21.229,26738.3067
2026-08-20 16:47:21.642,26737.0685
2026-08-20 16:47:22.070,26735.8856
2026-08-20 16:47:22.498,26734.8157
2026-08-20 16:47:22.918,26734.1137
2026-08-20 16:47:23.332,26733.4403
2026-08-20 16:47:23.744,26732.9038
2026-08-20 16:47:24.158,26732.5287
2026-08-20 16:47:24.571,26744.0724
2026-08-20 16:47:24.983,26856.7331
2026-08-20 16:47:25.399,27062.3056
2026-08-20 16:47:25.818,27357.9352
2026-08-20 16:47:26.231,27698.7469
2026-08-20 16:47:26.648,28066.0867
2026-08-20 16:47:27.075,28457.4913
2026-08-20 16:47:27.502,28847.1858
2026-08-20 16:47:27.913,28635.3054
2026-08-20 16:47:28.326,28236.8959
2026-08-20 16:47:28.744,27858.045
2026-08-20 16:47:29.158,27495.5598
2026-08-20 16:47:29.585,27166.9904
2026-08-20 16:47:30.000,26926.712
2026-08-20 16:47:30.414,26785.7285
2026-08-20 16:47:30.840,26799.0485
2026-08-20 16:47:31.266,26955.9171
2026-08-20 16:47:31.677,27215.9844
2026-08-20 16:47:32.098,27540.0148
2026-08-20 16:47:32.524,27905.249
2026-08-20 16:47:32.937,28296.6791
2026-08-20 16:47:33.350,28693.5769
2026-08-20 16:47:33.762,28821.4749
2026-08-20 16:47:34.185,28423.2562
2026-08-20 16:47:34.603,28025.5142
2026-08-20 16:47:35.016,27653.1339
2026-08-20 16:47:35.429,27313.3835
2026-08-20 16:47:35.841,27031.8155
2026-08-20 16:47:36.254,26846.6103
2026-08-20 16:47:36.665,26773.7991
2026-08-20 16:47:37.099,26879.422
2026-08-20 16:47:37.529,27088.8914
2026-08-20 16:47:37.947,27399.9065
2026-08-20 16:47:38.360,27407.9354
2026-08-20 16:47:38.772,27099.0473
2026-08-20 16:47:39.248,26870.5426
2026-08-20 16:47:39.687,26756.0333
2026-08-20 16:47:40.114,26856.832
2026-08-20 16:47:40.526,27068.4467
2026-08-20 16:47:40.939,27362.2511
2026-08-20 16:47:41.406,27751.523
2026-08-20 16:47:41.831,28123.6361
2026-08-20 16:47:42.250,28524.9754
2026-08-20 16:47:42.663,28868.7094
2026-08-20 16:47:43.075,28592.4468
2026-08-20 16:47:43.489,28195.2391
2026-08-20 16:47:43.960,27766.0087
2026-08-20 16:47:44.373,27416.1893
2026-08-20 16:47:44.800,27110.1181
2026-08-20 16:47:45.212,26887.2728
2026-08-20 16:47:45.625,26771.7311
2026-08-20 16:47:46.037,26754.4907
2026-08-20 16:47:46.451,26753.5235
2026-08-20 16:47:46.917,26751.8485
2026-08-20 16:47:47.331,26750.2077
2026-08-20 16:47:47.745,26748.6709
2026-08-20 16:47:48.158,26747.4812
2026-08-20 16:47:48.571,26746.1511
2026-08-20 16:47:48.982,26744.9637
2026-08-20 16:47:49.448,26743.9758
2026-08-20 16:47:49.880,26742.7651
2026-08-20 16:47:50.298,26741.962
2026-08-20 16:47:50.710,26752.6393
2026-08-20 16:47:51.124,26863.9327
2026-08-20 16:47:51.548,27069.1037
2026-08-20 16:47:51.978,27366.1201
2026-08-20 16:47:52.392,27720.3152
2026-08-20 16:47:52.816,28088.4335
2026-08-20 16:47:53.228,28486.5224
2026-08-20 16:47:53.641,28854.1186
2026-08-20 16:47:54.054,28637.1653
2026-08-20 16:47:54.468,28237.6411
2026-08-20 16:47:54.912,27858.2573
2026-08-20 16:47:55.329,27476.3996
2026-08-20 16:47:55.757,27158.392
2026-08-20 16:47:56.170,26918.0622
2026-08-20 16:47:56.586,26783.807
2026-08-20 16:47:57.012,26817.8537
2026-08-20 16:47:57.424,26985.9584
2026-08-20 16:47:57.853,27247.0976
2026-08-20 16:47:58.266,27588.2302
2026-08-20 16:47:58.679,27949.4607
2026-08-20 16:47:59.090,28330.2753
2026-08-20 16:47:59.503,28727.7205
2026-08-20 16:47:59.940,28788.6953
2026-08-20 16:48:00.441,28295.7322
2026-08-20 16:48:00.855,27907.2408
2026-08-20 16:48:01.316,27507.9045
2026-08-20 16:48:01.735,27187.2359
2026-08-20 16:48:02.148,26942.3017
2026-08-20 16:48:02.562,26799.2825
2026-08-20 16:48:02.975,26806.857
2026-08-20 16:48:03.387,26954.6462
2026-08-20 16:48:03.813,27199.3906
2026-08-20 16:48:04.225,27487.2929
2026-08-20 16:48:04.663,27277.065
2026-08-20 16:48:05.076,26993.7343
2026-08-20 16:48:05.493,26815.5924
2026-08-20 16:48:05.907,26770.3187
2026-08-20 16:48:06.333,26901.5628
2026-08-20 16:48:06.747,27138.35
2026-08-20 16:48:07.161,27451.6668
2026-08-20 16:48:07.577,27801.4984
2026-08-20 16:48:07.992,28177.4283
2026-08-20 16:48:08.406,28571.9307
2026-08-20 16:48:08.824,28876.8709
2026-08-20 16:48:09.238,28556.1003
2026-08-20 16:48:09.656,28155.0146
2026-08-20 16:48:10.099,27780.5396
2026-08-20 16:48:10.527,27405.7906
2026-08-20 16:48:10.943,27095.1569
2026-08-20 16:48:11.357,26884.7168
2026-08-20 16:48:11.824,26775.8454
2026-08-20 16:48:12.243,26762.5228
2026-08-20 16:48:12.668,26761.493
2026-08-20 16:48:13.094,26759.3907
2026-08-20 16:48:13.506,26757.2804
2026-08-20 16:48:13.941,26755.8999
2026-08-20 16:48:14.353,26755.2672
2026-08-20 16:48:14.785,26754.6494
2026-08-20 16:48:15.199,26753.7649
2026-08-20 16:48:15.612,26752.862
2026-08-20 16:48:16.026,26752.1205
2026-08-20 16:48:16.471,26751.3177
2026-08-20 16:48:16.884,26770.4867
2026-08-20 16:48:17.297,26896.9612
2026-08-20 16:48:17.710,27115.159
2026-08-20 16:48:18.190,27425.2723
2026-08-20 16:48:18.621,27820.7026
2026-08-20 16:48:19.033,28205.9198
2026-08-20 16:48:19.446,28597.4368
2026-08-20 16:48:19.859,28885.7556
2026-08-20 16:48:20.272,28555.5211
2026-08-20 16:48:20.686,28160.1867
2026-08-20 16:48:21.099,27784.8401
2026-08-20 16:48:21.541,27434.3808
2026-08-20 16:48:21.953,27110.1956
2026-08-20 16:48:22.377,26897.3623
2026-08-20 16:48:22.790,26784.2314
2026-08-20 16:48:23.207,26854.1925
2026-08-20 16:48:23.671,27065.8026
2026-08-20 16:48:24.084,27354.9237
2026-08-20 16:48:24.512,27695.5889
2026-08-20 16:48:24.925,28076.3492
2026-08-20 16:48:25.336,28462.3979
2026-08-20 16:48:25.795,28872.8514
2026-08-20 16:48:26.219,28646.5402
2026-08-20 16:48:26.632,28237.1411
2026-08-20 16:48:27.049,27858.6663
2026-08-20 16:48:27.466,27498.364
2026-08-20 16:48:27.881,27177.3061
2026-08-20 16:48:28.295,26940.827
2026-08-20 16:48:28.740,26802.7557
2026-08-20 16:48:29.173,26835.004
2026-08-20 16:48:29.588,27000.8405
2026-08-20 16:48:30.014,27265.0363
2026-08-20 16:48:30.429,27500.8945
2026-08-20 16:48:30.843,27235.0112
2026-08-20 16:48:31.256,26971.4323
2026-08-20 16:48:31.690,26806.9497
2026-08-20 16:48:32.103,26794.8169
2026-08-20 16:48:32.518,26945.2318
2026-08-20 16:48:32.932,27192.6942
2026-08-20 16:48:33.344,27511.7192
2026-08-20 16:48:33.757,27865.606
2026-08-20 16:48:34.181,28242.0337
2026-08-20 16:48:34.594,28647.4555
2026-08-20 16:48:35.008,28873.0549
2026-08-20 16:48:35.438,28504.103
2026-08-20 16:48:35.852,28094.5839
2026-08-20 16:48:36.265,27724.3066
2026-08-20 16:48:36.680,27378.7695
2026-08-20 16:48:37.094,27082.8221
2026-08-20 16:48:37.510,26881.139
2026-08-20 16:48:37.936,26779.0549
2026-08-20 16:48:38.348,26768.8518
2026-08-20 16:48:38.768,26767.9766
2026-08-20 16:48:39.194,26766.9267
2026-08-20 16:48:39.611,26765.1385
2026-08-20 16:48:40.037,26764.0731
2026-08-20 16:48:40.451,26762.8415
2026-08-20 16:48:40.864,26762.0736
2026-08-20 16:48:41.278,26761.0726
2026-08-20 16:48:41.692,26760.3394
2026-08-20 16:48:42.114,26759.5922
2026-08-20 16:48:42.534,26758.6933
2026-08-20 16:48:42.947,26769.133
2026-08-20 16:48:43.362,26880.0239
2026-08-20 16:48:43.774,27085.2835
2026-08-20 16:48:44.205,27383.0164
2026-08-20 16:48:44.621,27727.4709
2026-08-20 16:48:45.062,28096.9592
2026-08-20 16:48:45.482,28509.5387
2026-08-20 16:48:45.906,28878.0834
2026-08-20 16:48:46.322,28632.2137
2026-08-20 16:48:46.734,28230.9428
2026-08-20 16:48:47.176,27842.4526
2026-08-20 16:48:47.680,27410.8594
2026-08-20 16:48:48.093,27104.855
2026-08-20 16:48:48.522,26891.2835
2026-08-20 16:48:48.949,26790.4118
2026-08-20 16:48:49.380,26875.2276
2026-08-20 16:48:49.794,27076.7451
2026-08-20 16:48:50.204,27364.757
2026-08-20 16:48:50.617,27705.2848
2026-08-20 16:48:51.030,28072.6384
2026-08-20 16:48:51.455,28472.5771
2026-08-20 16:48:51.873,28858.7689
2026-08-20 16:48:52.287,28690.7448
2026-08-20 16:48:52.701,28289.0383
2026-08-20 16:48:53.113,27908.4557
2026-08-20 16:48:53.545,27538.6183
2026-08-20 16:48:53.970,27213.0082
2026-08-20 16:48:54.395,26962.911
2026-08-20 16:48:54.813,26817.2419
2026-08-20 16:48:55.230,26832.2286
2026-08-20 16:48:55.645,26985.7595
2026-08-20 16:48:56.082,27238.177
2026-08-20 16:48:56.495,27515.5223
2026-08-20 16:48:56.907,27284.4427
2026-08-20 16:48:57.320,27011.2259
2026-08-20 16:48:57.740,26834.869
2026-08-20 16:48:58.153,26794.1255
2026-08-20 16:48:58.574,26928.2582
2026-08-20 16:48:59.001,27163.8392
2026-08-20 16:48:59.413,27486.5612
2026-08-20 16:48:59.847,27850.129
2026-08-20 16:49:00.259,28231.8121
2026-08-20 16:49:00.698,28637.7694
2026-08-20 16:49:01.119,28888.4078
2026-08-20 16:49:01.535,28517.7773
2026-08-20 16:49:01.950,28121.2511
2026-08-20 16:49:02.363,27747.8215
2026-08-20 16:49:02.775,27401.0165
2026-08-20 16:49:03.241,27071.4058
2026-08-20 16:49:03.664,26878.4766
2026-08-20 16:49:04.078,26783.9799
2026-08-20 16:49:04.491,26777.4689
2026-08-20 16:49:04.916,26776.4876
2026-08-20 16:49:05.329,26774.862
2026-08-20 16:49:05.752,26773.1308
2026-08-20 16:49:06.168,26771.5842
2026-08-20 16:49:06.586,26770.3155
2026-08-20 16:49:06.998,26769.3243
2026-08-20 16:49:07.425,26768.4487
2026-08-20 16:49:07.837,26767.5213
2026-08-20 16:49:08.251,26766.5156
2026-08-20 16:49:08.674,26765.5305
2026-08-20 16:49:09.136,26779.6908
2026-08-20 16:49:09.553,26919.6752
2026-08-20 16:49:09.972,27141.9374
2026-08-20 16:49:10.398,27448.3126
2026-08-20 16:49:10.809,27806.1941
2026-08-20 16:49:11.229,28177.0091
2026-08-20 16:49:11.667,28574.4306
2026-08-20 16:49:12.079,28903.7664
2026-08-20 16:49:12.502,28589.4694
2026-08-20 16:49:12.916,28182.652
2026-08-20 16:49:13.329,27807.0472
2026-08-20 16:49:13.742,27456.5079
2026-08-20 16:49:14.157,27148.3949
2026-08-20 16:49:14.570,26926.11
2026-08-20 16:49:14.983,26803.8289
2026-08-20 16:49:15.401,26855.8834
2026-08-20 16:49:15.830,27029.8305
2026-08-20 16:49:16.243,27310.3322
2026-08-20 16:49:16.675,27655.9277
2026-08-20 16:49:17.101,28025.0114
2026-08-20 16:49:17.514,28422.0232
2026-08-20 16:49:17.929,28823.2903
2026-08-20 16:49:18.350,28759.6584
2026-08-20 16:49:18.771,28351.9357
2026-08-20 16:49:19.184,27960.1494
2026-08-20 16:49:19.622,27585.4627
2026-08-20 16:49:20.037,27247.3691
2026-08-20 16:49:20.454,26991.0775
2026-08-20 16:49:20.867,26835.0076
2026-08-20 16:49:21.313,26817.6194
2026-08-20 16:49:21.726,26969.7411
2026-08-20 16:49:22.153,27211.7355
2026-08-20 16:49:22.571,27509.2839
2026-08-20 16:49:22.985,27323.6325
2026-08-20 16:49:23.462,27009.1316
2026-08-20 16:49:23.879,26831.191
2026-08-20 16:49:24.298,26798.5462
2026-08-20 16:49:24.712,26940.0519
2026-08-20 16:49:25.124,27176.3811
2026-08-20 16:49:25.563,27489.062
2026-08-20 16:49:25.990,27876.5139
2026-08-20 16:49:26.406,28253.4374
2026-08-20 16:49:26.820,28651.6293
2026-08-20 16:49:27.247,28898.5925
2026-08-20 16:49:27.702,28484.0795
2026-08-20 16:49:28.125,28092.7445
2026-08-20 16:49:28.537,27714.7008
2026-08-20 16:49:28.951,27371.5075
2026-08-20 16:49:29.366,27081.7419
2026-08-20 16:49:29.842,26869.3507
2026-08-20 16:49:30.255,26788.0587
2026-08-20 16:49:30.668,26784.9569
2026-08-20 16:49:31.090,26783.963
2026-08-20 16:49:31.504,26782.5649
2026-08-20 16:49:31.947,26781.3151
2026-08-20 16:49:32.360,26780.1117
2026-08-20 16:49:32.781,26779.2028
2026-08-20 16:49:33.208,26778.518
2026-08-20 16:49:33.619,26777.9071
2026-08-20 16:49:34.046,26777.0165
2026-08-20 16:49:34.459,26776.5569
2026-08-20 16:49:34.883,26776.0373
2026-08-20 16:49:35.297,26804.4126
2026-08-20 16:49:35.721,26942.7106
2026-08-20 16:49:36.140,27178.5532
2026-08-20 16:49:36.553,27491.1143
2026-08-20 16:49:37.018,27883.3126
2026-08-20 16:49:37.439,28261.9782
2026-08-20 16:49:37.854,28664.319
2026-08-20 16:49:38.270,28907.7756
2026-08-20 16:49:38.682,28543.091
2026-08-20 16:49:39.097,28149.9498
2026-08-20 16:49:39.511,27775.7305
2026-08-20 16:49:39.946,27415.7739
2026-08-20 16:49:40.376,27111.5498
2026-08-20 16:49:40.809,26904.3338
2026-08-20 16:49:41.222,26810.5099
2026-08-20 16:49:41.635,26903.0414
2026-08-20 16:49:42.057,27100.529
2026-08-20 16:49:42.484,27396.9212
2026-08-20 16:49:42.939,27787.8464
2026-08-20 16:49:43.351,28159.0141
2026-08-20 16:49:43.764,28548.3579
2026-08-20 16:49:44.189,28915.0366
2026-08-20 16:49:44.616,28676.7768
2026-08-20 16:49:45.064,28264.2472
2026-08-20 16:49:45.477,27854.1361
2026-08-20 16:49:45.905,27486.7712
2026-08-20 16:49:46.318,27175.8908
2026-08-20 16:49:46.730,26949.9665
2026-08-20 16:49:47.152,26822.2835
2026-08-20 16:49:47.571,26864.9339
2026-08-20 16:49:48.016,27030.7971
2026-08-20 16:49:48.429,27318.2465
2026-08-20 16:49:48.857,27532.3899
2026-08-20 16:49:49.276,27246.4737
2026-08-20 16:49:49.689,26983.834
2026-08-20 16:49:50.148,26813.5916
2026-08-20 16:49:50.560,26833.7896
2026-08-20 16:49:50.973,26992.6089
2026-08-20 16:49:51.398,27248.0103
2026-08-20 16:49:51.818,27581.4739
2026-08-20 16:49:52.282,27988.3043
2026-08-20 16:49:52.693,28372.1361
2026-08-20 16:49:53.112,28770.0878
2026-08-20 16:49:53.524,28836.2343
2026-08-20 16:49:53.940,28431.0532
2026-08-20 16:49:54.353,28040.0891
2026-08-20 16:49:54.788,27662.0863
2026-08-20 16:49:55.202,27318.4273
2026-08-20 16:49:55.613,27044.4898
2026-08-20 16:49:56.037,26869.9628
2026-08-20 16:49:56.451,26794.4985
2026-08-20 16:49:56.864,26792.4715
2026-08-20 16:49:57.280,26791.2449
2026-08-20 16:49:57.691,26789.8628
2026-08-20 16:49:58.116,26788.2568
2026-08-20 16:49:58.609,26786.7591
2026-08-20 16:49:59.023,26785.9117
2026-08-20 16:49:59.449,26784.939
2026-08-20 16:49:59.914,26783.8975
2026-08-20 16:50:00.346,26783.195
2026-08-20 16:50:00.758,26782.4758
2026-08-20 16:50:01.187,26781.8713
2026-08-20 16:50:01.614,26849.2031
2026-08-20 16:50:02.026,27018.5971
2026-08-20 16:50:02.445,27280.9511
2026-08-20 16:50:02.865,27605.7105
2026-08-20 16:50:03.279,27969.9567
2026-08-20 16:50:03.692,28349.1843
2026-08-20 16:50:04.106,28746.8003
2026-08-20 16:50:04.519,28866.8068
2026-08-20 16:50:04.931,28467.0044
2026-08-20 16:50:05.354,28077.1298
2026-08-20 16:50:05.780,27700.9299
2026-08-20 16:50:06.193,27351.7492
2026-08-20 16:50:06.612,27072.0097
2026-08-20 16:50:07.037,26885.2722
2026-08-20 16:50:07.450,26815.0531
2026-08-20 16:50:07.869,26921.7968
2026-08-20 16:50:08.283,27132.0141
2026-08-20 16:50:08.696,27429.2878
2026-08-20 16:50:09.125,27789.9972
2026-08-20 16:50:09.538,28159.3868
2026-08-20 16:50:09.966,28548.8773
2026-08-20 16:50:10.383,28910.4179
2026-08-20 16:50:10.796,28643.8304
2026-08-20 16:50:11.230,28232.392
2026-08-20 16:50:11.696,27850.2222
2026-08-20 16:50:12.129,27441.7524
2026-08-20 16:50:12.541,27138.4903
2026-08-20 16:50:12.965,26929.7304
2026-08-20 16:50:13.391,26822.2563
2026-08-20 16:50:13.805,26897.4861
2026-08-20 16:50:14.246,27081.2431
2026-08-20 16:50:14.659,27382.9792
2026-08-20 16:50:15.072,27513.9936
2026-08-20 16:50:15.484,27208.3622
2026-08-20 16:50:15.897,26965.2982
2026-08-20 16:50:16.310,26821.8905
2026-08-20 16:50:16.727,26852.5918
2026-08-20 16:50:17.140,27017.1393
2026-08-20 16:50:17.559,27278.5537
2026-08-20 16:50:17.984,27609.541
2026-08-20 16:50:18.397,27979.4759
2026-08-20 16:50:18.816,28359.8388
2026-08-20 16:50:19.235,28764.7413
2026-08-20 16:50:19.647,28865.3484
2026-08-20 16:50:20.093,28462.1423
2026-08-20 16:50:20.506,28042.4974
2026-08-20 16:50:20.933,27677.1035
2026-08-20 16:50:21.347,27329.9323
2026-08-20 16:50:21.780,27048.7917
2026-08-20 16:50:22.204,26875.9012
2026-08-20 16:50:22.618,26807.2359
2026-08-20 16:50:23.036,26806.3886
2026-08-20 16:50:23.454,26805.194
2026-08-20 16:50:23.871,26803.9333
2026-08-20 16:50:24.289,26802.6331
2026-08-20 16:50:24.701,26801.5539
2026-08-20 16:50:25.168,26800.35
2026-08-20 16:50:25.596,26799.5536
2026-08-20 16:50:26.031,26798.8432
2026-08-20 16:50:26.444,26798.197
2026-08-20 16:50:26.876,26797.3237
2026-08-20 16:50:27.289,26796.67
2026-08-20 16:50:27.702,26847.7963
2026-08-20 16:50:28.123,27007.6215
2026-08-20 16:50:28.535,27262.3665
2026-08-20 16:50:28.955,27580.1739
2026-08-20 16:50:29.421,27988.6371
2026-08-20 16:50:29.834,28368.4745
2026-08-20 16:50:30.248,28765.7752
2026-08-20 16:50:30.675,28880.2565
2026-08-20 16:50:31.094,28466.4114
2026-08-20 16:50:31.507,28072.3407
2026-08-20 16:50:31.921,27705.2113
2026-08-20 16:50:32.345,27366.333
2026-08-20 16:50:32.758,27080.9496
2026-08-20 16:50:33.175,26898.3887
2026-08-20 16:50:33.587,26836.0644
2026-08-20 16:50:34.001,26948.4775
2026-08-20 16:50:34.423,27160.3895
2026-08-20 16:50:34.835,27467.5392
2026-08-20 16:50:35.249,27814.3827
2026-08-20 16:50:35.662,28186.656
2026-08-20 16:50:36.090,28591.9097
2026-08-20 16:50:36.502,28936.0047
2026-08-20 16:50:36.924,28667.2599
2026-08-20 16:50:37.351,28247.3021
2026-08-20 16:50:37.785,27857.6723
2026-08-20 16:50:38.197,27501.531
2026-08-20 16:50:38.609,27194.2375
2026-08-20 16:50:39.034,26971.8948
2026-08-20 16:50:39.446,26846.989
2026-08-20 16:50:39.874,26896.6616
2026-08-20 16:50:40.301,27072.4004
2026-08-20 16:50:40.713,27352.3286
2026-08-20 16:50:41.126,27555.6401
2026-08-20 16:50:41.547,27275.6587
2026-08-20 16:50:41.980,27012.9315
2026-08-20 16:50:42.393,26850.7619
2026-08-20 16:50:42.817,26860.0667
2026-08-20 16:50:43.243,27022.7957
2026-08-20 16:50:43.656,27287.2447
2026-08-20 16:50:44.070,27613.4534
2026-08-20 16:50:44.515,28001.8507
2026-08-20 16:50:44.928,28382.4238
2026-08-20 16:50:45.362,28795.8154
2026-08-20 16:50:45.775,28877.6802
2026-08-20 16:50:46.237,28424.738
2026-08-20 16:50:46.664,28038.021
2026-08-20 16:50:47.080,27661.637
2026-08-20 16:50:47.493,27326.2657
2026-08-20 16:50:47.905,27060.44
2026-08-20 16:50:48.371,26879.1706
2026-08-20 16:50:48.788,26826.905
2026-08-20 16:50:49.200,26826.934
2026-08-20 16:50:49.627,26825.7921
2026-08-20 16:50:50.040,26824.2414
2026-08-20 16:50:50.483,26822.8997
2026-08-20 16:50:50.907,26821.4986
2026-08-20 16:50:51.320,26820.2925
2026-08-20 16:50:51.733,26819.3663
2026-08-20 16:50:52.199,26818.7723
2026-08-20 16:50:52.616,26817.7848
2026-08-20 16:50:53.030,26817.0674
2026-08-20 16:50:53.457,26816.3542
2026-08-20 16:50:53.872,26883.2069
2026-08-20 16:50:54.285,27054.4542
2026-08-20 16:50:54.727,27313.6223
2026-08-20 16:50:55.144,27662.6345
2026-08-20 16:50:55.560,28024.8515
2026-08-20 16:50:55.973,28408.7251
2026-08-20 16:50:56.385,28806.5658
2026-08-20 16:50:56.806,28883.054
2026-08-20 16:50:57.224,28464.5514
2026-08-20 16:50:57.637,28076.9076
2026-08-20 16:50:58.051,27710.2796
2026-08-20 16:50:58.469,27372.1929
2026-08-20 16:50:58.884,27092.1307
2026-08-20 16:50:59.303,26911.4758
2026-08-20 16:50:59.715,26850.5595
2026-08-20 16:51:00.127,26965.75
2026-08-20 16:51:00.540,27178.8469
2026-08-20 16:51:01.018,27520.9429
2026-08-20 16:51:01.431,27882.1826
2026-08-20 16:51:01.858,28269.9267
2026-08-20 16:51:02.280,28661.9586
2026-08-20 16:51:02.694,28952.9867
2026-08-20 16:51:03.160,28566.0982
2026-08-20 16:51:03.573,28172.3614
2026-08-20 16:51:03.992,27801.1912
2026-08-20 16:51:04.419,27449.4439
2026-08-20 16:51:04.835,27145.2184
2026-08-20 16:51:05.248,26943.1136
2026-08-20 16:51:05.691,26848.1035
2026-08-20 16:51:06.106,26938.3528
2026-08-20 16:51:06.519,27133.4972
2026-08-20 16:51:06.946,27431.5209
2026-08-20 16:51:07.366,27520.7643
2026-08-20 16:51:07.830,27170.6301
2026-08-20 16:51:08.243,26949.5906
2026-08-20 16:51:08.668,26832.9637
2026-08-20 16:51:09.081,26902.4228
2026-08-20 16:51:09.510,27094.6583
2026-08-20 16:51:09.922,27373.1477
2026-08-20 16:51:10.339,27708.2388
2026-08-20 16:51:10.763,28076.9968
2026-08-20 16:51:11.176,28471.3603
2026-08-20 16:51:11.589,28872.1929
2026-08-20 16:51:12.000,29040.4041
2026-08-20 16:51:12.425,29036.0641
2026-08-20 16:51:12.842,29032.9682
2026-08-20 16:51:13.253,29030.9427
2026-08-20 16:51:13.667,29029.1887
2026-08-20 16:51:14.080,29028.3229
2026-08-20 16:51:14.541,29027.4521
2026-08-20 16:51:14.952,29027.2397
2026-08-20 16:51:15.364,29026.7651
2026-08-20 16:51:15.787,29026.5158
2026-08-20 16:51:16.199,29026.1437
2026-08-20 16:51:16.621,29025.8578
2026-08-20 16:51:17.088,29025.4729
2026-08-20 16:51:17.513,29025.2209
2026-08-20 16:51:17.926,29024.5644
2026-08-20 16:51:18.339,29024.363
2026-08-20 16:51:18.752,29023.875
2026-08-20 16:51:19.163,29023.7872
2026-08-20 16:51:19.576,29023.9192
2026-08-20 16:51:19.988,29023.7749
2026-08-20 16:51:20.435,29023.8551
2026-08-20 16:51:20.855,29023.657
2026-08-20 16:51:21.268,29023.6762
2026-08-20 16:51:21.680,29023.9046
2026-08-20 16:51:22.093,29023.6939
2026-08-20 16:51:22.508,29023.6165
2026-08-20 16:51:22.972,29023.1354
2026-08-20 16:51:23.385,29022.7004
2026-08-20 16:51:23.801,29022.1923
2026-08-20 16:51:24.217,29021.759
2026-08-20 16:51:24.630,29021.6468
2026-08-20 16:51:25.070,29021.5704
2026-08-20 16:51:25.482,29021.4245
2026-08-20 16:51:25.914,29021.2042
2026-08-20 16:51:26.350,29021.0733
2026-08-20 16:51:26.767,29020.8743
2026-08-20 16:51:27.183,29020.594
2026-08-20 16:51:27.597,29020.1223
2026-08-20 16:51:28.012,29019.7437
2026-08-20 16:51:28.450,29019.4419
2026-08-20 16:51:28.862,29019.3387
2026-08-20 16:51:29.274,29019.2776
2026-08-20 16:51:29.711,29019.0259
2026-08-20 16:51:30.126,29018.9551
2026-08-20 16:51:30.568,29018.8352
2026-08-20 16:51:30.996,29018.5174
2026-08-20 16:51:31.409,29018.3209
2026-08-20 16:51:31.821,29018.0697
2026-08-20 16:51:32.245,29017.9699
2026-08-20 16:51:32.658,29017.5877
2026-08-20 16:51:33.086,29017.2502
2026-08-20 16:51:33.499,29016.8343
2026-08-20 16:51:33.911,29016.8439
2026-08-20 16:51:34.338,29016.4704
2026-08-20 16:51:34.751,29016.4346
2026-08-20 16:51:35.163,29016.1722
2026-08-20 16:51:35.589,29016.0819
2026-08-20 16:51:36.003,29016.0376
2026-08-20 16:51:36.429,29016.1856
2026-08-20 16:51:36.841,29015.7785
2026-08-20 16:51:37.281,29015.5587
2026-08-20 16:51:37.708,29015.1578
2026-08-20 16:51:38.122,29014.6582
2026-08-20 16:51:38.535,29014.0244
2026-08-20 16:51:38.946,29013.0727
2026-08-20 16:51:39.416,29012.5249
2026-08-20 16:51:39.876,29012.4171
2026-08-20 16:51:40.335,29012.3655
2026-08-20 16:51:40.759,29012.4713
2026-08-20 16:51:41.173,29012.262
2026-08-20 16:51:41.587,29012.3064
2026-08-20 16:51:42.001,29011.8369
2026-08-20 16:51:42.416,29011.4274
2026-08-20 16:51:42.830,29011.2353
2026-08-20 16:51:43.242,29010.6908
2026-08-20 16:51:43.743,29010.3503
2026-08-20 16:51:44.157,29010.2585
2026-08-20 16:51:44.571,29009.7253
2026-08-20 16:51:44.987,29009.5097
2026-08-20 16:51:45.399,29009.306
2026-08-20 16:51:45.813,29008.8054
2026-08-20 16:51:46.277,29008.6024
2026-08-20 16:51:46.695,29007.7901
2026-08-20 16:51:47.134,29007.4512
2026-08-20 16:51:47.547,29006.7699
2026-08-20 16:51:47.960,29006.5995
2026-08-20 16:51:48.386,29006.1877
2026-08-20 16:51:48.803,29006.0103
2026-08-20 16:51:49.220,29005.5897
2026-08-20 16:51:49.634,29004.9749
2026-08-20 16:51:50.045,29004.5635
2026-08-20 16:51:50.472,29004.1718
2026-08-20 16:51:50.885,29003.5736
2026-08-20 16:51:51.298,29003.4816
2026-08-20 16:51:51.711,29002.9737
2026-08-20 16:51:52.123,29002.5849
2026-08-20 16:51:52.536,29002.2496
2026-08-20 16:51:52.956,29001.5914
2026-08-20 16:51:53.369,29001.1223
2026-08-20 16:51:53.781,29000.688
2026-08-20 16:51:54.213,29000.2828
2026-08-20 16:51:54.638,28999.5765
2026-08-20 16:51:55.053,28999.4583
2026-08-20 16:51:55.466,28998.9926
2026-08-20 16:51:55.878,28998.8859
2026-08-20 16:51:56.292,28998.4469
2026-08-20 16:51:56.705,28997.8042
2026-08-20 16:51:57.150,28997.4201
2026-08-20 16:51:57.572,28997.0899
2026-08-20 16:51:57.984,28985.3533
2026-08-20 16:51:58.397,28964.2418
2026-08-20 16:51:58.824,28943.16
2026-08-20 16:51:59.249,28921.5764
2026-08-20 16:51:59.749,28895.6168
2026-08-20 16:52:00.162,28874.5912
2026-08-20 16:52:00.575,28854.179
2026-08-20 16:52:01.001,28833.6219
2026-08-20 16:52:01.462,28809.7009
2026-08-20 16:52:01.874,28789.0297
2026-08-20 16:52:02.291,28768.5358
2026-08-20 16:52:02.704,28747.6781
2026-08-20 16:52:03.117,28727.2133
2026-08-20 16:52:03.578,28704.3741
2026-08-20 16:52:03.991,28683.893
2026-08-20 16:52:04.405,28663.2571
2026-08-20 16:52:04.830,28643.1502
2026-08-20 16:52:05.247,28622.4504
2026-08-20 16:52:05.665,28602.1188
2026-08-20 16:52:06.080,28581.6113
2026-08-20 16:52:06.515,28561.225
2026-08-20 16:52:06.940,28539.9434
2026-08-20 16:52:07.358,28519.1759
2026-08-20 16:52:07.771,28499.0496
2026-08-20 16:52:08.198,28478.2653
2026-08-20 16:52:08.641,28458.5219
2026-08-20 16:52:09.055,28437.1207
2026-08-20 16:52:09.479,28417.2488
2026-08-20 16:52:09.891,28397.0621
2026-08-20 16:52:10.317,28377.4922
2026-08-20 16:52:10.795,28354.8119
2026-08-20 16:52:11.208,28334.5378
2026-08-20 16:52:11.620,28314.9097
2026-08-20 16:52:12.033,28295.2041
2026-08-20 16:52:12.446,28275.6532
2026-08-20 16:52:12.859,28256.4082
2026-08-20 16:52:13.273,28237.2552
2026-08-20 16:52:13.709,28218.1788
2026-08-20 16:52:14.121,28197.8417
2026-08-20 16:52:14.533,28178.6704
2026-08-20 16:52:14.946,28159.3303
2026-08-20 16:52:15.425,28140.2518
2026-08-20 16:52:15.876,28118.0983
2026-08-20 16:52:16.289,28097.319
2026-08-20 16:52:16.702,28078.508
2026-08-20 16:52:17.169,28057.2705
2026-08-20 16:52:17.583,28038.5065
2026-08-20 16:52:18.018,28018.7196
2026-08-20 16:52:18.433,27999.4937
2026-08-20 16:52:18.859,27980.8329
2026-08-20 16:52:19.338,27958.9732
2026-08-20 16:52:19.749,27939.9194
2026-08-20 16:52:20.162,27921.7703
2026-08-20 16:52:20.584,27903.1963
2026-08-20 16:52:20.996,27884.5311
2026-08-20 16:52:21.438,27866.2624
2026-08-20 16:52:21.863,27846.7313
2026-08-20 16:52:22.276,27828.3547
2026-08-20 16:52:22.687,27810.1222
2026-08-20 16:52:23.106,27792.1129
2026-08-20 16:52:23.571,27771.67
2026-08-20 16:52:23.983,27753.5648
2026-08-20 16:52:24.395,27735.5129
2026-08-20 16:52:24.809,27717.5897
2026-08-20 16:52:25.226,27699.7162
2026-08-20 16:52:25.644,27681.557
2026-08-20 16:52:26.058,27663.4145
2026-08-20 16:52:26.502,27645.5676
2026-08-20 16:52:26.944,27626.0341
2026-08-20 16:52:27.365,27607.5796
2026-08-20 16:52:27.782,27589.5252
2026-08-20 16:52:28.199,27571.4511
2026-08-20 16:52:28.666,27551.9536
2026-08-20 16:52:29.081,27534.6053
2026-08-20 16:52:29.494,27517.3627
2026-08-20 16:52:29.906,27500.4535
2026-08-20 16:52:30.320,27483.2133
2026-08-20 16:52:30.734,27466.2059
2026-08-20 16:52:31.147,27449.383
2026-08-20 16:52:31.609,27430.4455
2026-08-20 16:52:32.035,27413.1943
2026-08-20 16:52:32.448,27396.7232
2026-08-20 16:52:32.873,27379.9244
2026-08-20 16:52:33.286,27363.0559
2026-08-20 16:52:33.726,27346.1416
2026-08-20 16:52:34.139,27329.3771
2026-08-20 16:52:34.554,27313.4936
2026-08-20 16:52:34.968,27297.3268
2026-08-20 16:52:35.391,27281.2348
2026-08-20 16:52:35.857,27263.4223
2026-08-20 16:52:36.281,27247.8702
2026-08-20 16:52:36.700,27231.9728
2026-08-20 16:52:37.118,27216.4919
2026-08-20 16:52:37.531,27201.3881
2026-08-20 16:52:37.972,27185.8968
2026-08-20 16:52:38.384,27171.0008
2026-08-20 16:52:38.817,27156.3892
2026-08-20 16:52:39.232,27141.8953
2026-08-20 16:52:39.644,27127.7304
2026-08-20 16:52:40.060,27113.7481
2026-08-20 16:52:40.473,27100.3676
2026-08-20 16:52:40.887,27087.1721
2026-08-20 16:52:41.301,27074.306
2026-08-20 16:52:41.734,27061.1047
2026-08-20 16:52:42.147,27048.3782
2026-08-20 16:52:42.569,27036.0713
2026-08-20 16:52:42.981,27023.7661
2026-08-20 16:52:43.394,27012.0442
2026-08-20 16:52:43.807,27000.4529
2026-08-20 16:52:44.219,26989.2669
2026-08-20 16:52:44.648,26978.2428
2026-08-20 16:52:45.062,26966.9727
2026-08-20 16:52:45.489,26956.5755
2026-08-20 16:52:45.908,26945.9903
2026-08-20 16:52:46.322,26935.9505
2026-08-20 16:52:46.755,26926.2173
2026-08-20 16:52:47.169,26916.6816
2026-08-20 16:52:47.605,26907.4886
2026-08-20 16:52:48.017,26898.1567
2026-08-20 16:52:48.444,26889.072
2026-08-20 16:52:48.869,26880.8993
2026-08-20 16:52:49.303,26873.0366
2026-08-20 16:52:49.716,26865.6247
2026-08-20 16:52:50.133,26858.1951
2026-08-20 16:52:50.551,26851.0916
2026-08-20 16:52:50.979,26844.22
2026-08-20 16:52:51.393,26837.4016
2026-08-20 16:52:51.807,26831.2491
2026-08-20 16:52:52.220,26825.0835
2026-08-20 16:52:52.632,26819.1334
2026-08-20 16:52:53.091,26812.8464
2026-08-20 16:52:53.502,26807.5506
2026-08-20 16:52:53.928,26802.1804
2026-08-20 16:52:54.341,26797.0902
2026-08-20 16:52:54.765,26792.1518
2026-08-20 16:52:55.179,26787.6004
2026-08-20 16:52:55.594,26783.0329
2026-08-20 16:52:56.015,26778.8537
2026-08-20 16:52:56.427,26774.8136
2026-08-20 16:52:56.852,26771.1678
2026-08-20 16:52:57.270,26767.324
2026-08-20 16:52:57.684,26763.8661
2026-08-20 16:52:58.147,26762.9011
2026-08-20 16:52:58.568,26763.4262
2026-08-20 16:52:58.988,26763.5056
2026-08-20 16:52:59.416,26763.7162
2026-08-20 16:52:59.834,26765.7116
2026-08-20 16:53:00.265,26766.2843
2026-08-20 16:53:00.683,26767.1399
2026-08-20 16:53:01.095,26767.3505
2026-08-20 16:53:01.508,26767.216
2026-08-20 16:53:01.923,26767.454
2026-08-20 16:53:02.425,26767.4855
2026-08-20 16:53:02.840,26767.6006
2026-08-20 16:53:03.254,26767.6583
2026-08-20 16:53:03.719,26767.6022
2026-08-20 16:53:04.142,26767.5031
2026-08-20 16:53:04.554,26774.0851
2026-08-20 16:53:04.996,26882.3732
2026-08-20 16:53:05.410,27091.4261
2026-08-20 16:53:05.846,27376.9442
2026-08-20 16:53:06.258,27731.4766
2026-08-20 16:53:06.687,28107.639
2026-08-20 16:53:07.100,28491.6297
2026-08-20 16:53:07.519,28870.7094
2026-08-20 16:53:07.935,28684.9245
2026-08-20 16:53:08.348,28285.3689
2026-08-20 16:53:08.784,27909.5444
2026-08-20 16:53:09.197,27535.4679
2026-08-20 16:53:09.609,27219.3285
2026-08-20 16:53:10.023,26979.612
2026-08-20 16:53:10.440,26836.2033
2026-08-20 16:53:10.867,26847.3585
2026-08-20 16:53:11.279,27004.0663
2026-08-20 16:53:11.692,27253.2583
2026-08-20 16:53:12.103,27572.6067
2026-08-20 16:53:12.529,27926.1005
2026-08-20 16:53:12.941,28312.9655
2026-08-20 16:53:13.367,28705.9866
2026-08-20 16:53:13.779,28851.2048
2026-08-20 16:53:14.191,28458.9325
2026-08-20 16:53:14.616,28074.0353
2026-08-20 16:53:15.030,27698.6696
2026-08-20 16:53:15.447,27360.6942
2026-08-20 16:53:15.859,27078.2354
2026-08-20 16:53:16.287,26891.5114
2026-08-20 16:53:16.701,26824.4367
2026-08-20 16:53:17.133,26927.0283
2026-08-20 16:53:17.548,27140.5906
2026-08-20 16:53:17.963,27438.3775
2026-08-20 16:53:18.381,27452.9999
2026-08-20 16:53:18.798,27142.8096
2026-08-20 16:53:19.265,26901.0255
2026-08-20 16:53:19.690,26806.3968
2026-08-20 16:53:20.103,26899.7687
2026-08-20 16:53:20.516,27096.2899
2026-08-20 16:53:20.929,27382.9958
2026-08-20 16:53:21.373,27720.7986
2026-08-20 16:53:21.785,28112.8668
2026-08-20 16:53:22.208,28495.9574
2026-08-20 16:53:22.620,28878.1102
2026-08-20 16:53:23.038,28680.4468
2026-08-20 16:53:23.450,28279.6272
2026-08-20 16:53:23.863,27903.58
2026-08-20 16:53:24.277,27549.3757
2026-08-20 16:53:24.706,27226.1745
2026-08-20 16:53:25.140,26980.6282
2026-08-20 16:53:25.554,26837.4785
2026-08-20 16:53:25.981,26805.9942
2026-08-20 16:53:26.404,26805.3917
2026-08-20 16:53:26.820,26803.9792
2026-08-20 16:53:27.233,26802.3923
2026-08-20 16:53:27.645,26800.8763
2026-08-20 16:53:28.087,26799.5116
2026-08-20 16:53:28.525,26798.0495
2026-08-20 16:53:28.941,26796.8996
2026-08-20 16:53:29.358,26795.7244
2026-08-20 16:53:29.771,26794.6616
2026-08-20 16:53:30.207,26793.8715
2026-08-20 16:53:30.623,26794.9892
2026-08-20 16:53:31.035,26875.7698
2026-08-20 16:53:31.448,27053.0582
2026-08-20 16:53:31.860,27318.6535
2026-08-20 16:53:32.288,27645.0216
2026-08-20 16:53:32.715,28015.6489
2026-08-20 16:53:33.128,28407.3543
2026-08-20 16:53:33.561,28818.8104
2026-08-20 16:53:33.977,28765.6374
2026-08-20 16:53:34.393,28366.428
2026-08-20 16:53:34.826,27970.1879
2026-08-20 16:53:35.241,27606.5242
2026-08-20 16:53:35.654,27279.5072
2026-08-20 16:53:36.066,27023.8826
2026-08-20 16:53:36.480,26866.0805
2026-08-20 16:53:36.896,26838.38
2026-08-20 16:53:37.313,26971.2533
2026-08-20 16:53:37.793,27233.9719
2026-08-20 16:53:38.205,27561.5427
2026-08-20 16:53:38.620,27915.5773
2026-08-20 16:53:39.032,28291.0454
2026-08-20 16:53:39.445,28685.4489
2026-08-20 16:53:39.915,28892.6846
2026-08-20 16:53:40.363,28433.0372
2026-08-20 16:53:40.776,28046.6374
2026-08-20 16:53:41.242,27638.1177
2026-08-20 16:53:41.654,27308.406
2026-08-20 16:53:42.066,27047.0649
2026-08-20 16:53:42.478,26884.0758
2026-08-20 16:53:42.892,26843.1773
2026-08-20 16:53:43.311,26962.425
2026-08-20 16:53:43.723,27182.9367
2026-08-20 16:53:44.136,27485.6464
2026-08-20 16:53:44.562,27428.7177
2026-08-20 16:53:44.978,27122.5546
2026-08-20 16:53:45.395,26915.4144
2026-08-20 16:53:45.809,26820.9881
2026-08-20 16:53:46.220,26909.7883
2026-08-20 16:53:46.642,27102.2139
2026-08-20 16:53:47.054,27393.3316
2026-08-20 16:53:47.473,27731.3354
2026-08-20 16:53:47.948,28150.0635
2026-08-20 16:53:48.362,28545.8478
2026-08-20 16:53:48.776,28908.5571
2026-08-20 16:53:49.202,28665.5314
2026-08-20 16:53:49.614,28270.9102
2026-08-20 16:53:50.034,27895.2433
2026-08-20 16:53:50.446,27536.7526
2026-08-20 16:53:50.893,27222.8554
2026-08-20 16:53:51.307,26976.004
2026-08-20 16:53:51.734,26850.4543
2026-08-20 16:53:52.147,26825.7834
2026-08-20 16:53:52.563,26825.1366
2026-08-20 16:53:52.994,26823.9302
2026-08-20 16:53:53.407,26822.346
2026-08-20 16:53:53.819,26820.9051
2026-08-20 16:53:54.255,26816.6654
2026-08-20 16:53:54.672,26804.9044
2026-08-20 16:53:55.085,26800.1523
2026-08-20 16:53:55.524,26797.7138
2026-08-20 16:53:55.950,26795.9546
2026-08-20 16:53:56.364,26794.3782
2026-08-20 16:53:56.783,26797.2522
2026-08-20 16:53:57.196,26887.062
2026-08-20 16:53:57.658,27072.5185
2026-08-20 16:53:58.089,27385.3837
2026-08-20 16:53:58.502,27731.0476
2026-08-20 16:53:58.914,28094.7387
2026-08-20 16:53:59.326,28477.8577
2026-08-20 16:53:59.752,28867.1054
2026-08-20 16:54:00.185,28710.7932
2026-08-20 16:54:00.598,28292.9283
2026-08-20 16:54:01.011,27915.085
2026-08-20 16:54:01.435,27559.8509
2026-08-20 16:54:01.851,27231.8392
2026-08-20 16:54:02.273,26989.5046
2026-08-20 16:54:02.772,26830.5549
2026-08-20 16:54:03.189,26881.1446
2026-08-20 16:54:03.649,27077.1673
2026-08-20 16:54:04.061,27351.9092
2026-08-20 16:54:04.474,27685.5783
2026-08-20 16:54:04.887,28048.5075
2026-08-20 16:54:05.299,28431.0958
2026-08-20 16:54:05.713,28829.3409
2026-08-20 16:54:06.124,28778.2068
2026-08-20 16:54:06.554,28364.5062
2026-08-20 16:54:06.966,27979.381
2026-08-20 16:54:07.380,27619.9596
2026-08-20 16:54:07.794,27290.4259
2026-08-20 16:54:08.207,27031.8239
2026-08-20 16:54:08.619,26872.9855
2026-08-20 16:54:09.031,26839.9687
2026-08-20 16:54:09.449,26964.2878
2026-08-20 16:54:09.863,27188.5141
2026-08-20 16:54:10.278,27492.7343
2026-08-20 16:54:10.691,27402.5765
2026-08-20 16:54:11.104,27107.6721
2026-08-20 16:54:11.522,26904.3893
2026-08-20 16:54:11.941,26812.4371
2026-08-20 16:54:12.366,26906.2178
2026-08-20 16:54:12.794,27109.9235
2026-08-20 16:54:13.210,27410.2412
2026-08-20 16:54:13.622,27754.6085
2026-08-20 16:54:14.061,28121.2233
2026-08-20 16:54:14.475,28532.0007
2026-08-20 16:54:14.899,28898.2713
2026-08-20 16:54:15.317,28665.2703
2026-08-20 16:54:15.778,28263.368
2026-08-20 16:54:16.197,27840.1122
2026-08-20 16:54:16.610,27488.9852
2026-08-20 16:54:17.023,27180.8693
2026-08-20 16:54:17.437,26958.8083
2026-08-20 16:54:17.849,26836.0032
2026-08-20 16:54:18.262,26812.7825
2026-08-20 16:54:18.679,26812.0066
2026-08-20 16:54:19.092,26810.7071
2026-08-20 16:54:19.507,26809.3784
2026-08-20 16:54:19.920,26807.9008
2026-08-20 16:54:20.356,26807.0337
2026-08-20 16:54:20.768,26806.0068
2026-08-20 16:54:21.180,26805.1136
2026-08-20 16:54:21.592,26804.1718
2026-08-20 16:54:22.006,26803.5126
2026-08-20 16:54:22.418,26802.58
2026-08-20 16:54:22.831,26802.3477
2026-08-20 16:54:23.252,26872.8242
2026-08-20 16:54:23.664,27046.7928
2026-08-20 16:54:24.082,27306.7338
2026-08-20 16:54:24.499,27639.1767
2026-08-20 16:54:24.912,27995.5259
2026-08-20 16:54:25.339,28375.6648
2026-08-20 16:54:25.754,28786.576
2026-08-20 16:54:26.166,28848.0429
2026-08-20 16:54:26.585,28445.3693
2026-08-20 16:54:27.012,28055.5172
2026-08-20 16:54:27.445,27681.1959
2026-08-20 16:54:27.858,27331.995
2026-08-20 16:54:28.274,27066.1211
2026-08-20 16:54:28.688,26895.3249
2026-08-20 16:54:29.100,26848.5924
2026-08-20 16:54:29.528,26967.3246
2026-08-20 16:54:29.941,27192.3346
2026-08-20 16:54:30.385,27496.1928
2026-08-20 16:54:30.807,27870.733
2026-08-20 16:54:31.224,28252.2264
2026-08-20 16:54:31.636,28645.5372
2026-08-20 16:54:32.100,28920.0129
2026-08-20 16:54:32.517,28528.9442
2026-08-20 16:54:32.955,28125.9706
2026-08-20 16:54:33.380,27749.7032
2026-08-20 16:54:33.797,27399.3245
2026-08-20 16:54:34.264,27109.1218
2026-08-20 16:54:34.680,26905.6265
2026-08-20 16:54:35.093,26847.4295
2026-08-20 16:54:35.506,26955.3076
2026-08-20 16:54:35.919,27162.1473
2026-08-20 16:54:36.332,27458.8153
2026-08-20 16:54:36.746,27473.5135
2026-08-20 16:54:37.161,27163.7564
2026-08-20 16:54:37.582,26944.981
2026-08-20 16:54:38.002,26829.9403
2026-08-20 16:54:38.414,26902.256
2026-08-20 16:54:38.826,27084.787
2026-08-20 16:54:39.239,27361.602
2026-08-20 16:54:39.652,27695.2434
2026-08-20 16:54:40.065,28056.6714
2026-08-20 16:54:40.525,28482.8131
2026-08-20 16:54:40.938,28876.4966
2026-08-20 16:54:41.363,28755.3247
2026-08-20 16:54:41.790,28344.161
2026-08-20 16:54:42.205,27951.9422
2026-08-20 16:54:42.639,27592.7997
2026-08-20 16:54:43.064,27255.726
2026-08-20 16:54:43.476,27007.3187
2026-08-20 16:54:43.908,26863.4049
2026-08-20 16:54:44.323,26827.4688
2026-08-20 16:54:44.765,26827.4525
2026-08-20 16:54:45.179,26826.2986
2026-08-20 16:54:45.591,26825.1564
2026-08-20 16:54:46.014,26823.7118
2026-08-20 16:54:46.428,26822.4795
2026-08-20 16:54:46.856,26821.2524
2026-08-20 16:54:47.275,26820.5134
2026-08-20 16:54:47.700,26819.7029
2026-08-20 16:54:48.113,26818.798
2026-08-20 16:54:48.528,26818.0551
2026-08-20 16:54:48.940,26817.5531
2026-08-20 16:54:49.361,26886.0632
2026-08-20 16:54:49.774,27058.9198
2026-08-20 16:54:50.186,27318.5874
2026-08-20 16:54:50.613,27653.2403
2026-08-20 16:54:51.035,28009.8094
2026-08-20 16:54:51.449,28396.5865
2026-08-20 16:54:51.873,28794.0436
2026-08-20 16:54:52.286,28856.4874
2026-08-20 16:54:52.701,28451.8777
2026-08-20 16:54:53.114,28063.582
2026-08-20 16:54:53.526,27699.3779
2026-08-20 16:54:53.940,27363.4102
2026-08-20 16:54:54.368,27088.5896
2026-08-20 16:54:54.794,26906.533
2026-08-20 16:54:55.228,26851.9235
2026-08-20 16:54:55.643,26977.2625
2026-08-20 16:54:56.070,27197.7811
2026-08-20 16:54:56.489,27512.5634
2026-08-20 16:54:56.902,27867.0907
2026-08-20 16:54:57.347,28239.0192
2026-08-20 16:54:57.760,28660.2101
2026-08-20 16:54:58.182,28927.1025
2026-08-20 16:54:58.596,28576.1537
2026-08-20 16:54:59.009,28182.87
2026-08-20 16:54:59.432,27813.4168
2026-08-20 16:54:59.844,27459.1291
2026-08-20 16:55:00.257,27163.2325
2026-08-20 16:55:00.670,26958.1914
2026-08-20 16:55:01.108,26854.7442
2026-08-20 16:55:01.521,26928.0023
2026-08-20 16:55:01.934,27108.1618
2026-08-20 16:55:02.362,27396.5617
2026-08-20 16:55:02.781,27539.6367
2026-08-20 16:55:03.198,27235.3959
2026-08-20 16:55:03.615,26992.4738
2026-08-20 16:55:04.056,26851.5225
2026-08-20 16:55:04.468,26890.9401
2026-08-20 16:55:04.881,27058.4318
2026-08-20 16:55:05.294,27320.9919
2026-08-20 16:55:05.707,27648.9707
2026-08-20 16:55:06.119,28007.3933
2026-08-20 16:55:06.534,28384.9293
2026-08-20 16:55:06.998,28829.8219
2026-08-20 16:55:07.424,28826.2425
2026-08-20 16:55:07.840,28409.5026
2026-08-20 16:55:08.252,28023.4477
2026-08-20 16:55:08.673,27663.8593
2026-08-20 16:55:09.085,27327.5273
2026-08-20 16:55:09.512,27058.9409
2026-08-20 16:55:09.929,26898.1265
2026-08-20 16:55:10.343,26839.1782
2026-08-20 16:55:10.756,26838.9443
2026-08-20 16:55:11.169,26837.509
2026-08-20 16:55:11.585,26836.0385
2026-08-20 16:55:12.089,26834.5695
2026-08-20 16:55:12.502,26833.3005
2026-08-20 16:55:12.915,26832.389
2026-08-20 16:55:13.328,26831.5675
2026-08-20 16:55:13.744,26830.6891
2026-08-20 16:55:14.157,26829.5593
2026-08-20 16:55:14.572,26828.625
2026-08-20 16:55:14.984,26827.2953
2026-08-20 16:55:15.399,26871.5066
2026-08-20 16:55:15.813,27024.7543
2026-08-20 16:55:16.226,27267.686
2026-08-20 16:55:16.667,27580.5672
2026-08-20 16:55:17.085,27955.2525
2026-08-20 16:55:17.497,28334.5995
2026-08-20 16:55:17.916,28726.3392
2026-08-20 16:55:18.328,28910.6783
2026-08-20 16:55:18.750,28527.8908
2026-08-20 16:55:19.176,28130.6926
2026-08-20 16:55:19.592,27752.9657
2026-08-20 16:55:20.006,27410.5302
2026-08-20 16:55:20.419,27126.619
2026-08-20 16:55:20.834,26936.297
2026-08-20 16:55:21.247,26854.0438
2026-08-20 16:55:21.659,26947.245
2026-08-20 16:55:22.137,27177.1731
2026-08-20 16:55:22.551,27478.5298
2026-08-20 16:55:22.964,27822.5589
2026-08-20 16:55:23.380,28191.0504
2026-08-20 16:55:23.791,28581.036
2026-08-20 16:55:24.205,28937.0535
2026-08-20 16:55:24.650,28700.3764
2026-08-20 16:55:25.064,28272.7804
2026-08-20 16:55:25.477,27896.6425
2026-08-20 16:55:25.911,27532.8808
2026-08-20 16:55:26.337,27218.1049
2026-08-20 16:55:26.812,26968.0221
2026-08-20 16:55:27.228,26856.5633
2026-08-20 16:55:27.643,26919.6661
2026-08-20 16:55:28.057,27093.4136
2026-08-20 16:55:28.476,27364.0068
2026-08-20 16:55:28.907,27551.0589
2026-08-20 16:55:29.320,27251.0937
2026-08-20 16:55:29.752,26998.1035
2026-08-20 16:55:30.166,26852.9962
2026-08-20 16:55:30.578,26878.0323
2026-08-20 16:55:30.993,27036.6047
2026-08-20 16:55:31.405,27291.2936
2026-08-20 16:55:31.864,27612.9571
2026-08-20 16:55:32.320,28038.9444
2026-08-20 16:55:32.734,28428.4283
2026-08-20 16:55:33.158,28826.4596
2026-08-20 16:55:33.585,28807.5034
2026-08-20 16:55:34.003,28392.5668
2026-08-20 16:55:34.416,28005.8084
2026-08-20 16:55:34.828,27646.6047
2026-08-20 16:55:35.240,27318.9321
2026-08-20 16:55:35.652,27057.7498
2026-08-20 16:55:36.066,26896.1203
2026-08-20 16:55:36.483,26833.7022
2026-08-20 16:55:36.898,26832.957
2026-08-20 16:55:37.314,26831.568
2026-08-20 16:55:37.726,26829.8327
2026-08-20 16:55:38.140,26828.225
2026-08-20 16:55:38.600,26826.7743
2026-08-20 16:55:39.013,26825.5516
2026-08-20 16:55:39.441,26824.0556
2026-08-20 16:55:39.862,26823.0421
2026-08-20 16:55:40.324,26821.9553
2026-08-20 16:55:40.753,26820.6607
2026-08-20 16:55:41.166,26819.6975
2026-08-20 16:55:41.580,26875.1619
2026-08-20 16:55:42.007,27035.3085
2026-08-20 16:55:42.426,27293.7356
2026-08-20 16:55:42.848,27617.5322
2026-08-20 16:55:43.267,27978.8702
2026-08-20 16:55:43.681,28360.5912
2026-08-20 16:55:44.094,28755.1719
2026-08-20 16:55:44.512,28885.3471
2026-08-20 16:55:44.973,28439.554
2026-08-20 16:55:45.386,28054.961
2026-08-20 16:55:45.803,27692.774
2026-08-20 16:55:46.216,27356.0556
2026-08-20 16:55:46.690,27078.4158
2026-08-20 16:55:47.122,26891.529
2026-08-20 16:55:47.535,26864.2072
2026-08-20 16:55:47.956,26995.866
2026-08-20 16:55:48.376,27228.4403
2026-08-20 16:55:48.788,27543.5423
2026-08-20 16:55:49.202,27892.5608
2026-08-20 16:55:49.630,28278.8838
2026-08-20 16:55:50.045,28674.3567
2026-08-20 16:55:50.457,28919.7106
2026-08-20 16:55:50.871,28566.4385
2026-08-20 16:55:51.284,28175.9847
2026-08-20 16:55:51.697,27806.5495
2026-08-20 16:55:52.111,27461.0067
2026-08-20 16:55:52.538,27155.1659
2026-08-20 16:55:52.952,26953.3384
2026-08-20 16:55:53.363,26852.8956
2026-08-20 16:55:53.818,26922.7237
2026-08-20 16:55:54.231,27123.1231
2026-08-20 16:55:54.644,27405.0365
2026-08-20 16:55:55.058,27530.4341
2026-08-20 16:55:55.485,27216.4999
2026-08-20 16:55:55.897,26981.9839
2026-08-20 16:55:56.309,26845.75
2026-08-20 16:55:56.743,26876.616
2026-08-20 16:55:57.156,27046.4738
2026-08-20 16:55:57.568,27304.4313
2026-08-20 16:55:57.995,27640.0387
2026-08-20 16:55:58.406,27995.2835
2026-08-20 16:55:58.820,28371.6462
2026-08-20 16:55:59.233,28766.1665
2026-08-20 16:55:59.645,28867.2458
2026-08-20 16:56:00.072,28468.5314
2026-08-20 16:56:00.490,28070.413
2026-08-20 16:56:00.902,27702.7622
2026-08-20 16:56:01.326,27368.0021
2026-08-20 16:56:01.740,27085.7787
2026-08-20 16:56:02.152,26910.357
2026-08-20 16:56:02.568,26833.0867
2026-08-20 16:56:02.985,26829.7806
2026-08-20 16:56:03.413,26828.3332
2026-08-20 16:56:03.824,26826.5262
2026-08-20 16:56:04.266,26825.0644
2026-08-20 16:56:04.692,26823.4781
2026-08-20 16:56:05.111,26821.8907
2026-08-20 16:56:05.523,26820.5872
2026-08-20 16:56:05.936,26819.6348
2026-08-20 16:56:06.401,26818.4185
2026-08-20 16:56:06.816,26817.5324
2026-08-20 16:56:07.243,26816.7154
2026-08-20 16:56:07.660,26853.4574
2026-08-20 16:56:08.073,27000.0676
2026-08-20 16:56:08.484,27233.3691
2026-08-20 16:56:08.897,27539.8137
2026-08-20 16:56:09.376,27932.6404
2026-08-20 16:56:09.791,28317.6766
2026-08-20 16:56:10.214,28709.9161
2026-08-20 16:56:10.629,28890.252
2026-08-20 16:56:11.058,28488.9078
2026-08-20 16:56:11.497,28087.2304
2026-08-20 16:56:11.916,27713.7975
2026-08-20 16:56:12.329,27373.5611
2026-08-20 16:56:12.741,27097.2136
2026-08-20 16:56:13.154,26914.8822
2026-08-20 16:56:13.577,26843.4166
2026-08-20 16:56:13.998,26949.2438
2026-08-20 16:56:14.413,27157.2359
2026-08-20 16:56:14.824,27451.4191
2026-08-20 16:56:15.237,27791.0226
2026-08-20 16:56:15.650,28156.9929
2026-08-20 16:56:16.064,28541.1831
2026-08-20 16:56:16.480,28898.7508
2026-08-20 16:56:16.893,28663.2367
2026-08-20 16:56:17.307,28268.8069
2026-08-20 16:56:17.720,27894.7524
2026-08-20 16:56:18.133,27541.9019
2026-08-20 16:56:18.548,27228.1579
2026-08-20 16:56:18.975,26993.9945
2026-08-20 16:56:19.387,26855.2214
2026-08-20 16:56:19.799,26877.2146
2026-08-20 16:56:20.211,27026.3876
2026-08-20 16:56:20.625,27273.7036
2026-08-20 16:56:21.045,27540.3093
2026-08-20 16:56:21.460,27322.3597
2026-08-20 16:56:21.873,27050.0241
2026-08-20 16:56:22.290,26875.6485
2026-08-20 16:56:22.756,26841.5342
2026-08-20 16:56:23.178,26982.0648
2026-08-20 16:56:23.604,27222.1773
2026-08-20 16:56:24.020,27543.8322
2026-08-20 16:56:24.434,27896.1208
2026-08-20 16:56:24.847,28267.533
2026-08-20 16:56:25.267,28656.4827
2026-08-20 16:56:25.690,28892.0742
2026-08-20 16:56:26.102,28520.7166
2026-08-20 16:56:26.515,28133.4946
2026-08-20 16:56:26.941,27766.2197
2026-08-20 16:56:27.353,27413.1399
2026-08-20 16:56:27.766,27123.1257
2026-08-20 16:56:28.184,26923.7005
2026-08-20 16:56:28.596,26824.7919
2026-08-20 16:56:29.042,26814.3274
2026-08-20 16:56:29.455,26812.6019
2026-08-20 16:56:29.879,26810.6089
2026-08-20 16:56:30.297,26808.6171
2026-08-20 16:56:30.715,26806.921
2026-08-20 16:56:31.135,26805.3871
2026-08-20 16:56:31.579,26803.9812
2026-08-20 16:56:31.994,26802.6158
2026-08-20 16:56:32.414,26801.4685
2026-08-20 16:56:32.834,26800.1378
2026-08-20 16:56:33.247,26798.6528
2026-08-20 16:56:33.724,26822.1082
2026-08-20 16:56:34.136,26956.6042
2026-08-20 16:56:34.549,27177.3849
2026-08-20 16:56:34.967,27476.6145
2026-08-20 16:56:35.427,27821.4524
2026-08-20 16:56:35.845,28235.379
2026-08-20 16:56:36.258,28620.6714
2026-08-20 16:56:36.671,28888.2493
2026-08-20 16:56:37.084,28551.0472
2026-08-20 16:56:37.496,28162.1251
2026-08-20 16:56:37.910,27794.1058
2026-08-20 16:56:38.336,27449.1161
2026-08-20 16:56:38.800,27116.1409
2026-08-20 16:56:39.217,26914.9521
2026-08-20 16:56:39.630,26822.6528
2026-08-20 16:56:40.042,26905.6198
2026-08-20 16:56:40.463,27090.7484
2026-08-20 16:56:40.907,27375.2516
2026-08-20 16:56:41.328,27734.3815
2026-08-20 16:56:41.744,28104.5177
2026-08-20 16:56:42.156,28488.5541
2026-08-20 16:56:42.568,28866.661
2026-08-20 16:56:42.992,28698.4027
2026-08-20 16:56:43.487,28217.0695
2026-08-20 16:56:43.899,27844.1337
2026-08-20 16:56:44.312,27495.7425
2026-08-20 16:56:44.724,27187.6812
2026-08-20 16:56:45.135,26962.4047
2026-08-20 16:56:45.547,26833.0431
2026-08-20 16:56:45.960,26859.9944
2026-08-20 16:56:46.389,27011.3624
2026-08-20 16:56:46.813,27271.0199
2026-08-20 16:56:47.229,27519.1275
2026-08-20 16:56:47.656,27271.8905
2026-08-20 16:56:48.069,27001.6033
2026-08-20 16:56:48.481,26838.2588
2026-08-20 16:56:48.923,26813.8457
2026-08-20 16:56:49.347,26963.308
2026-08-20 16:56:49.760,27207.6022
2026-08-20 16:56:50.176,27520.2846
2026-08-20 16:56:50.590,27870.6799
2026-08-20 16:56:51.054,28284.8929
2026-08-20 16:56:51.470,28677.4012
2026-08-20 16:56:51.894,28833.0202
2026-08-20 16:56:52.313,28435.9836
2026-08-20 16:56:52.725,28046.454
2026-08-20 16:56:53.147,27684.6665
2026-08-20 16:56:53.559,27341.8296
2026-08-20 16:56:53.995,27063.5028
2026-08-20 16:56:54.416,26872.291
2026-08-20 16:56:54.830,26791.0696
2026-08-20 16:56:55.246,26786.9849
2026-08-20 16:56:55.660,26785.1318
2026-08-20 16:56:56.125,26782.6309
2026-08-20 16:56:56.551,26780.4502
2026-08-20 16:56:56.963,26778.1829
2026-08-20 16:56:57.384,26776.0931
2026-08-20 16:56:57.796,26774.339
2026-08-20 16:56:58.235,26772.6006
2026-08-20 16:56:58.646,26770.9358
2026-08-20 16:56:59.069,26769.5359
2026-08-20 16:56:59.482,26767.9552
2026-08-20 16:56:59.895,26796.8708
2026-08-20 16:57:00.316,26932.1741
2026-08-20 16:57:00.869,27215.4552
2026-08-20 16:57:01.286,27577.9831
2026-08-20 16:57:01.700,27928.4519
2026-08-20 16:57:02.113,28300.1231
2026-08-20 16:57:02.526,28688.8871
2026-08-20 16:57:02.939,28792.7686
2026-08-20 16:57:03.351,28398.3063
2026-08-20 16:57:03.816,27971.1077
2026-08-20 16:57:04.228,27611.5187
2026-08-20 16:57:04.652,27282.8388
2026-08-20 16:57:05.066,27010.4616
2026-08-20 16:57:05.479,26841.5203
2026-08-20 16:57:05.892,26790.526
2026-08-20 16:57:06.305,26905.1117
2026-08-20 16:57:06.718,27114.8151
2026-08-20 16:57:07.144,27409.9859
2026-08-20 16:57:07.556,27759.9306
2026-08-20 16:57:07.987,28135.0075
2026-08-20 16:57:08.400,28521.5513
2026-08-20 16:57:08.812,28831.3217
2026-08-20 16:57:09.225,28535.2791
2026-08-20 16:57:09.668,28145.3864
2026-08-20 16:57:10.081,27750.1038
2026-08-20 16:57:10.495,27406.3694
2026-08-20 16:57:10.908,27106.9548
2026-08-20 16:57:11.320,26894.8344
2026-08-20 16:57:11.734,26781.5395
2026-08-20 16:57:12.148,26833.1347
2026-08-20 16:57:12.609,27023.6182
2026-08-20 16:57:13.021,27293.8064
2026-08-20 16:57:13.447,27452.4798
2026-08-20 16:57:13.879,27148.766
2026-08-20 16:57:14.294,26908.3934
2026-08-20 16:57:14.707,26768.6558
2026-08-20 16:57:15.119,26796.6282
2026-08-20 16:57:15.546,26953.9786
2026-08-20 16:57:15.961,27215.2224
2026-08-20 16:57:16.374,27536.2294
2026-08-20 16:57:16.791,27886.5198
2026-08-20 16:57:17.204,28261.5539
2026-08-20 16:57:17.617,28649.707
2026-08-20 16:57:18.046,28775.3594
2026-08-20 16:57:18.459,28381.8027
2026-08-20 16:57:18.903,27970.496
2026-08-20 16:57:19.331,27611.0553
2026-08-20 16:57:19.750,27267.45
2026-08-20 16:57:20.166,26992.3102
2026-08-20 16:57:20.627,26803.8118
2026-08-20 16:57:21.053,26739.841
2026-08-20 16:57:21.465,26738.1145
2026-08-20 16:57:21.878,26735.9392
2026-08-20 16:57:22.350,26733.6561
2026-08-20 16:57:22.780,26731.0519
2026-08-20 16:57:23.193,26728.6399
2026-08-20 16:57:23.614,26726.3764
2026-08-20 16:57:24.028,26724.3149
2026-08-20 16:57:24.441,26722.328
2026-08-20 16:57:24.878,26720.4719
2026-08-20 16:57:25.291,26718.673
2026-08-20 16:57:25.703,26717.1061
2026-08-20 16:57:26.137,26766.9472
2026-08-20 16:57:26.564,26923.8066
2026-08-20 16:57:26.977,27176.4612
2026-08-20 16:57:27.393,27489.0098
2026-08-20 16:57:27.810,27838.538
2026-08-20 16:57:28.226,28211.0917
2026-08-20 16:57:28.639,28599.8917
2026-08-20 16:57:29.056,28760.5984
2026-08-20 16:57:29.524,28373.0019
2026-08-20 16:57:29.944,27936.6508
2026-08-20 16:57:30.357,27576.7682
2026-08-20 16:57:30.780,27244.9632
2026-08-20 16:57:31.208,26969.267
2026-08-20 16:57:31.621,26791.3377
2026-08-20 16:57:32.040,26735.07
2026-08-20 16:57:32.455,26845.1265
2026-08-20 16:57:32.873,27049.9863
2026-08-20 16:57:33.285,27344.0617
2026-08-20 16:57:33.697,27681.195
2026-08-20 16:57:34.111,28042.0978
2026-08-20 16:57:34.538,28422.8258
2026-08-20 16:57:34.959,28772.4044
2026-08-20 16:57:35.452,28426.3937
2026-08-20 16:57:35.866,28041.0149
2026-08-20 16:57:36.279,27674.6565
2026-08-20 16:57:36.706,27329.5883
2026-08-20 16:57:37.132,27031.0295
2026-08-20 16:57:37.551,26822.7731
2026-08-20 16:57:37.964,26726.0272
2026-08-20 16:57:38.389,26798.0599
2026-08-20 16:57:38.803,26981.7974
2026-08-20 16:57:39.289,27266.7105
2026-08-20 16:57:39.747,27332.3507
2026-08-20 16:57:40.160,27023.3762
2026-08-20 16:57:40.573,26811.8077
2026-08-20 16:57:40.986,26704.9358
2026-08-20 16:57:41.464,26795.5385
2026-08-20 16:57:41.879,26996.3813
2026-08-20 16:57:42.312,27292.5962
2026-08-20 16:57:42.727,27631.7604
2026-08-20 16:57:43.139,27993.0432
2026-08-20 16:57:43.569,28370.4055
2026-08-20 16:57:43.984,28745.1733
2026-08-20 16:57:44.397,28527.0989
2026-08-20 16:57:44.820,28135.6906
2026-08-20 16:57:45.281,27750.706
2026-08-20 16:57:45.711,27354.4721
2026-08-20 16:57:46.139,27040.6721
2026-08-20 16:57:46.555,26816.088
2026-08-20 16:57:46.968,26697.2282
2026-08-20 16:57:47.381,26676.5438
2026-08-20 16:57:47.809,26674.8527
2026-08-20 16:57:48.236,26672.2809
2026-08-20 16:57:48.652,26670.0483
2026-08-20 16:57:49.065,26667.7231
2026-08-20 16:57:49.491,26665.5823
2026-08-20 16:57:49.903,26663.3435
2026-08-20 16:57:50.332,26662.2088
2026-08-20 16:57:50.748,26660.6746
2026-08-20 16:57:51.174,26658.9656
2026-08-20 16:57:51.588,26657.4057
2026-08-20 16:57:52.000,26660.2212
2026-08-20 16:57:52.415,26748.4564
2026-08-20 16:57:52.843,26931.0115
2026-08-20 16:57:53.347,27271.0977
2026-08-20 16:57:53.827,27657.786
2026-08-20 16:57:54.241,28031.4098
2026-08-20 16:57:54.661,28412.8817
2026-08-20 16:57:55.073,28732.58
2026-08-20 16:57:55.486,28440.6617
2026-08-20 16:57:55.902,28053.1614
2026-08-20 16:57:56.327,27681.6897
2026-08-20 16:57:56.739,27327.2218
2026-08-20 16:57:57.162,27025.9819
2026-08-20 16:57:57.575,26803.5258
2026-08-20 16:57:58.010,26681.953
2026-08-20 16:57:58.423,26736.4407
2026-08-20 16:57:58.837,26904.1402
2026-08-20 16:57:59.266,27166.2963
2026-08-20 16:57:59.692,27516.6049
2026-08-20 16:58:00.107,27870.6008
2026-08-20 16:58:00.533,28246.5848
2026-08-20 16:58:00.948,28650.3583
2026-08-20 16:58:01.390,28609.5052
2026-08-20 16:58:01.818,28187.1048
2026-08-20 16:58:02.230,27799.6058
2026-08-20 16:58:02.643,27447.009
2026-08-20 16:58:03.054,27125.9738
2026-08-20 16:58:03.468,26874.9309
2026-08-20 16:58:03.880,26720.873
2026-08-20 16:58:04.292,26692.6445
2026-08-20 16:58:04.722,26818.2886
2026-08-20 16:58:05.135,27049.7264
2026-08-20 16:58:05.548,27345.1907
2026-08-20 16:58:05.963,27228.4708
2026-08-20 16:58:06.386,26942.5455
2026-08-20 16:58:06.798,26744.2906
2026-08-20 16:58:07.227,26666.5551
2026-08-20 16:58:07.639,26771.4382
2026-08-20 16:58:08.068,26973.7749
2026-08-20 16:58:08.485,27275.0512
2026-08-20 16:58:08.904,27616.175
2026-08-20 16:58:09.320,27984.012
2026-08-20 16:58:09.732,28367.3108
2026-08-20 16:58:10.211,28730.5934
2026-08-20 16:58:10.625,28427.5435
2026-08-20 16:58:11.037,28039.2316
2026-08-20 16:58:11.449,27672.2205
2026-08-20 16:58:11.861,27329.1864
2026-08-20 16:58:12.287,27026.8677
2026-08-20 16:58:12.699,26803.3672
2026-08-20 16:58:13.113,26685.3314
2026-08-20 16:58:13.529,26664.4445
2026-08-20 16:58:13.996,26663.5117
2026-08-20 16:58:14.423,26662.2201
2026-08-20 16:58:14.836,26660.7428
2026-08-20 16:58:15.250,26659.4878
2026-08-20 16:58:15.663,26658.2553
2026-08-20 16:58:16.075,26657.3124
2026-08-20 16:58:16.488,26656.6013
2026-08-20 16:58:16.927,26655.8464
2026-08-20 16:58:17.339,26654.9888
2026-08-20 16:58:17.752,26654.4426
2026-08-20 16:58:18.164,26658.9669
2026-08-20 16:58:18.577,26750.9138
2026-08-20 16:58:19.001,26936.833
2026-08-20 16:58:19.413,27215.0977
2026-08-20 16:58:19.842,27554.2006
2026-08-20 16:58:20.259,27910.7843
2026-08-20 16:58:20.673,28291.065
2026-08-20 16:58:21.099,28689.6807
2026-08-20 16:58:21.511,28562.6557
2026-08-20 16:58:21.923,28169.9506
2026-08-20 16:58:22.335,27796.759
2026-08-20 16:58:22.760,27444.8427
2026-08-20 16:58:23.173,27116.9921
2026-08-20 16:58:23.616,26869.5029
2026-08-20 16:58:24.030,26710.5585
2026-08-20 16:58:24.456,26708.6607
2026-08-20 16:58:24.881,26855.898
2026-08-20 16:58:25.301,27103.4346
2026-08-20 16:58:25.738,27421.9731
2026-08-20 16:58:26.164,27791.7207
2026-08-20 16:58:26.577,28174.777
2026-08-20 16:58:26.991,28562.622
2026-08-20 16:58:27.404,28686.1072
2026-08-20 16:58:27.841,28280.6247
2026-08-20 16:58:28.254,27892.1323
2026-08-20 16:58:28.675,27533.0357
2026-08-20 16:58:29.092,27195.9066
2026-08-20 16:58:29.506,26923.2726
2026-08-20 16:58:29.918,26748.8402
2026-08-20 16:58:30.344,26686.8927
2026-08-20 16:58:30.756,26795.6383
2026-08-20 16:58:31.167,26998.933
2026-08-20 16:58:31.594,27289.8133
2026-08-20 16:58:32.007,27296.0315
2026-08-20 16:58:32.441,26995.9298
2026-08-20 16:58:32.854,26772.8336
2026-08-20 16:58:33.278,26668.5826
2026-08-20 16:58:33.691,26748.5116
2026-08-20 16:58:34.119,26943.3344
2026-08-20 16:58:34.557,27222.611
2026-08-20 16:58:34.969,27575.4557
2026-08-20 16:58:35.396,27933.86
2026-08-20 16:58:35.809,28325.3643
2026-08-20 16:58:36.224,28702.4234
2026-08-20 16:58:36.637,28531.8503
2026-08-20 16:58:37.052,28139.183
2026-08-20 16:58:37.513,27723.4874
2026-08-20 16:58:37.932,27375.3382
2026-08-20 16:58:38.345,27061.6958
2026-08-20 16:58:38.763,26832.3735
2026-08-20 16:58:39.232,26698.8128
2026-08-20 16:58:39.663,26667.807
2026-08-20 16:58:40.077,26667.0011
2026-08-20 16:58:40.504,26665.4647
2026-08-20 16:58:40.923,26664.1218
2026-08-20 16:58:41.336,26662.8793
2026-08-20 16:58:41.750,26661.9267
2026-08-20 16:58:42.167,26660.8324
2026-08-20 16:58:42.580,26659.9287
2026-08-20 16:58:43.004,26659.1682
2026-08-20 16:58:43.417,26658.4388
2026-08-20 16:58:43.898,26657.2702
2026-08-20 16:58:44.309,26663.2541
2026-08-20 16:58:44.721,26761.8269
2026-08-20 16:58:45.134,26952.8098
2026-08-20 16:58:45.554,27228.257
2026-08-20 16:58:45.980,27562.3439
2026-08-20 16:58:46.399,27930.5444
2026-08-20 16:58:46.814,28313.3174
2026-08-20 16:58:47.226,28698.2772
2026-08-20 16:58:47.687,28559.1518
2026-08-20 16:58:48.119,28116.7498
2026-08-20 16:58:48.531,27733.4231
2026-08-20 16:58:48.943,27387.0457
2026-08-20 16:58:49.356,27075.7669
2026-08-20 16:58:49.781,26843.369
2026-08-20 16:58:50.196,26702.7836
2026-08-20 16:58:50.622,26723.3574
2026-08-20 16:58:51.034,26879.9299
2026-08-20 16:58:51.466,27138.6335
2026-08-20 16:58:51.879,27461.5861
2026-08-20 16:58:52.305,27813.5299
2026-08-20 16:58:52.717,28198.1863
2026-08-20 16:58:53.143,28588.1299
2026-08-20 16:58:53.556,28670.5986
2026-08-20 16:58:53.969,28273.3434
2026-08-20 16:58:54.410,27894.0735
2026-08-20 16:58:54.822,27512.3352
2026-08-20 16:58:55.247,27184.4422
2026-08-20 16:58:55.662,26912.0769
2026-08-20 16:58:56.074,26745.0006
2026-08-20 16:58:56.522,26696.9268
2026-08-20 16:58:56.940,26824.5865
2026-08-20 16:58:57.353,27046.1464
2026-08-20 16:58:57.770,27344.7522
2026-08-20 16:58:58.183,27258.0524
2026-08-20 16:58:58.605,26968.3653
2026-08-20 16:58:59.017,26763.8702
2026-08-20 16:58:59.446,26677.4655
2026-08-20 16:58:59.859,26776.9334
2026-08-20 16:59:00.271,26977.028
2026-08-20 16:59:00.749,27304.605
2026-08-20 16:59:01.164,27654.7295
2026-08-20 16:59:01.577,28019.9756
2026-08-20 16:59:01.989,28401.9812
2026-08-20 16:59:02.402,28742.3195
2026-08-20 16:59:02.826,28485.0997
2026-08-20 16:59:03.247,28084.3446
2026-08-20 16:59:03.663,27707.524
2026-08-20 16:59:04.082,27358.7461
2026-08-20 16:59:04.496,27048.2327
2026-08-20 16:59:04.927,26826.601
2026-08-20 16:59:05.343,26698.3065
2026-08-20 16:59:05.756,26675.9929
2026-08-20 16:59:06.184,26675.3082
2026-08-20 16:59:06.596,26673.6443
2026-08-20 16:59:07.036,26672.3316
2026-08-20 16:59:07.448,26670.9019
2026-08-20 16:59:07.861,26669.6878
2026-08-20 16:59:08.274,26668.7837
2026-08-20 16:59:08.687,26667.6011
2026-08-20 16:59:09.099,26666.5187
2026-08-20 16:59:09.593,26665.3719
2026-08-20 16:59:10.020,26664.1595
2026-08-20 16:59:10.432,26671.5209
2026-08-20 16:59:10.845,26772.2419
2026-08-20 16:59:11.285,26965.0281
2026-08-20 16:59:11.698,27262.4077
2026-08-20 16:59:12.111,27594.7312
2026-08-20 16:59:12.537,27952.0222
2026-08-20 16:59:12.952,28342.2237
2026-08-20 16:59:13.367,28718.9502
2026-08-20 16:59:13.780,28543.2627
2026-08-20 16:59:14.196,28150.7312
2026-08-20 16:59:14.608,27774.4571
2026-08-20 16:59:15.026,27424.2692
2026-08-20 16:59:15.440,27104.9864
2026-08-20 16:59:15.852,26863.8817
2026-08-20 16:59:16.266,26718.7039
2026-08-20 16:59:16.726,26729.1485
2026-08-20 16:59:17.140,26880.6682
2026-08-20 16:59:17.552,27127.5483
2026-08-20 16:59:17.966,27443.2346
2026-08-20 16:59:18.377,27794.1601
2026-08-20 16:59:18.790,28164.0992
2026-08-20 16:59:19.227,28551.9759
2026-08-20 16:59:19.640,28694.8217
2026-08-20 16:59:20.052,28303.5397
2026-08-20 16:59:20.467,27922.5277
2026-08-20 16:59:20.880,27561.2654
2026-08-20 16:59:21.293,27227.1501
2026-08-20 16:59:21.758,26922.248
2026-08-20 16:59:22.228,26752.2786
2026-08-20 16:59:22.643,26705.1796
2026-08-20 16:59:23.086,26842.3767
2026-08-20 16:59:23.499,27068.8475
2026-08-20 16:59:23.927,27369.4087
2026-08-20 16:59:24.339,27227.9394
2026-08-20 16:59:24.775,26945.4364
2026-08-20 16:59:25.188,26747.1681
2026-08-20 16:59:25.600,26681.0105
2026-08-20 16:59:26.012,26791.7048
2026-08-20 16:59:26.434,26999.1583
2026-08-20 16:59:26.895,27335.9138
2026-08-20 16:59:27.310,27677.9824
2026-08-20 16:59:27.724,28045.0189
2026-08-20 16:59:28.151,28429.8897
2026-08-20 16:59:28.563,28744.4227
2026-08-20 16:59:28.997,28439.636
2026-08-20 16:59:29.419,28033.63
2026-08-20 16:59:29.830,27659.6554
2026-08-20 16:59:30.242,27318.6159
2026-08-20 16:59:30.657,27020.6623
2026-08-20 16:59:31.071,26809.1478
2026-08-20 16:59:31.492,26695.2251
2026-08-20 16:59:31.925,26677.0652
2026-08-20 16:59:32.338,26676.0311
2026-08-20 16:59:32.756,26674.6722
2026-08-20 16:59:33.180,26673.264
2026-08-20 16:59:33.592,26671.7352
2026-08-20 16:59:34.058,26670.26
2026-08-20 16:59:34.475,26669.2056
2026-08-20 16:59:34.891,26668.3997
2026-08-20 16:59:35.303,26667.5135
2026-08-20 16:59:35.731,26666.6077
2026-08-20 16:59:36.159,26665.7781
2026-08-20 16:59:36.572,26675.7561
2026-08-20 16:59:36.986,26782.7965
2026-08-20 16:59:37.414,26990.0624
2026-08-20 16:59:37.874,27273.2688
2026-08-20 16:59:38.294,27650.1304
2026-08-20 16:59:38.708,28013.6287
2026-08-20 16:59:39.125,28395.5068
2026-08-20 16:59:39.542,28743.3381
2026-08-20 16:59:39.955,28489.1023
2026-08-20 16:59:40.388,28099.4651
2026-08-20 16:59:40.801,27711.6214
2026-08-20 16:59:41.212,27366.4311
2026-08-20 16:59:41.632,27061.1438
2026-08-20 16:59:42.097,26833.2282
2026-08-20 16:59:42.517,26696.9245
2026-08-20 16:59:42.952,26754.8275
2026-08-20 16:59:43.366,26927.8523
2026-08-20 16:59:43.779,27193.601
2026-08-20 16:59:44.193,27519.2169
2026-08-20 16:59:44.608,27875.1248
2026-08-20 16:59:45.021,28252.5833
2026-08-20 16:59:45.450,28643.9846
2026-08-20 16:59:45.877,28623.2778
2026-08-20 16:59:46.290,28214.3777
2026-08-20 16:59:46.715,27837.8156
2026-08-20 16:59:47.128,27472.668
2026-08-20 16:59:47.559,27139.3194
2026-08-20 16:59:47.972,26887.6404
2026-08-20 16:59:48.385,26734.424
2026-08-20 16:59:48.797,26711.0551
2026-08-20 16:59:49.219,26839.6068
2026-08-20 16:59:49.697,27105.1648
2026-08-20 16:59:50.110,27392.0405
2026-08-20 16:59:50.535,27208.2237
2026-08-20 16:59:50.947,26924.1688
2026-08-20 16:59:51.359,26743.3828
2026-08-20 16:59:51.783,26684.0645
2026-08-20 16:59:52.196,26803.864
2026-08-20 16:59:52.628,27026.5286
2026-08-20 16:59:53.040,27328.5202
2026-08-20 16:59:53.453,27668.6724
2026-08-20 16:59:53.892,28032.1813
2026-08-20 16:59:54.305,28439.8278
2026-08-20 16:59:54.723,28744.9752
2026-08-20 16:59:55.138,28438.4568
2026-08-20 16:59:55.551,28048.8386
2026-08-20 16:59:56.012,27640.8761
2026-08-20 16:59:56.430,27300.2853
2026-08-20 16:59:56.847,27003.0461
2026-08-20 16:59:57.259,26797.7057
2026-08-20 16:59:57.720,26691.2888
2026-08-20 16:59:58.146,26677.0933
2026-08-20 16:59:58.571,26675.8889
2026-08-20 16:59:58.989,26674.3768
2026-08-20 16:59:59.409,26672.9175
2026-08-20 16:59:59.900,26671.3782
2026-08-20 17:00:00.313,26670.4332
2026-08-20 17:00:00.741,26669.5355
2026-08-20 17:00:01.153,26668.7274
2026-08-20 17:00:01.580,26667.9411
2026-08-20 17:00:01.993,26667.1213
2026-08-20 17:00:02.405,26666.274
2026-08-20 17:00:02.832,26692.0588
2026-08-20 17:00:03.247,26823.7272
2026-08-20 17:00:03.659,27044.9628
2026-08-20 17:00:04.126,27382.774
2026-08-20 17:00:04.561,27739.5042
2026-08-20 17:00:04.975,28113.3945
2026-08-20 17:00:05.388,28499.5404
2026-08-20 17:00:05.809,28743.8589
2026-08-20 17:00:06.310,28312.3216
2026-08-20 17:00:06.783,27879.552
2026-08-20 17:00:07.195,27512.437
2026-08-20 17:00:07.608,27187.0915
2026-08-20 17:00:08.032,26922.9185
2026-08-20 17:00:08.447,26750.1765
2026-08-20 17:00:08.864,26701.2257
2026-08-20 17:00:09.276,26817.1271
2026-08-20 17:00:09.691,27026.9173
2026-08-20 17:00:10.105,27322.4697
2026-08-20 17:00:10.531,27664.2935
2026-08-20 17:00:10.946,28040.7503
2026-08-20 17:00:11.365,28423.9939
2026-08-20 17:00:11.791,28749.4879
2026-08-20 17:00:12.205,28450.3782
2026-08-20 17:00:12.618,28061.4274
2026-08-20 17:00:13.032,27693.5415
2026-08-20 17:00:13.444,27348.7349
2026-08-20 17:00:13.862,27046.8317
2026-08-20 17:00:14.322,26809.5247
2026-08-20 17:00:14.739,26704.2413
2026-08-20 17:00:15.153,26767.767
2026-08-20 17:00:15.580,26940.2954
2026-08-20 17:00:15.993,27218.2842
2026-08-20 17:00:16.427,27389.5413
2026-08-20 17:00:16.841,27087.8484
2026-08-20 17:00:17.253,26847.4462
2026-08-20 17:00:17.667,26704.7778
2026-08-20 17:00:18.083,26723.4349
2026-08-20 17:00:18.497,26879.5883
2026-08-20 17:00:18.916,27129.3214
2026-08-20 17:00:19.328,27451.4655
2026-08-20 17:00:19.743,27801.8518
2026-08-20 17:00:20.174,28187.628
2026-08-20 17:00:20.602,28580.9629
2026-08-20 17:00:21.013,28705.6512
2026-08-20 17:00:21.426,28313.3707
2026-08-20 17:00:21.840,27932.0374
2026-08-20 17:00:22.256,27567.7775
2026-08-20 17:00:22.675,27234.778
2026-08-20 17:00:23.088,26954.4926
2026-08-20 17:00:23.501,26773.9191
2026-08-20 17:00:23.915,26690.6606
2026-08-20 17:00:24.356,26686.0632
2026-08-20 17:00:24.785,26685.1321
2026-08-20 17:00:25.198,26683.7884
2026-08-20 17:00:25.623,26682.473
2026-08-20 17:00:26.036,26681.0636
2026-08-20 17:00:26.474,26679.6078
2026-08-20 17:00:26.900,26678.6953
2026-08-20 17:00:27.313,26678.0688
2026-08-20 17:00:27.724,26677.3593
2026-08-20 17:00:28.137,26677.2878
2026-08-20 17:00:28.577,26676.7558
2026-08-20 17:00:28.991,26704.973
2026-08-20 17:00:29.405,26839.802
2026-08-20 17:00:29.829,27063.7386
2026-08-20 17:00:30.242,27372.0751
2026-08-20 17:00:30.676,27714.0962
2026-08-20 17:00:31.103,28098.9811
2026-08-20 17:00:31.516,28497.3486
2026-08-20 17:00:31.929,28764.9552
2026-08-20 17:00:32.347,28430.1772
2026-08-20 17:00:32.773,28038.0302
2026-08-20 17:00:33.185,27659.428
2026-08-20 17:00:33.597,27318.9604
2026-08-20 17:00:34.011,27025.1122
2026-08-20 17:00:34.424,26817.4488
2026-08-20 17:00:34.885,26707.1754
2026-08-20 17:00:35.299,26789.07
2026-08-20 17:00:35.712,26975.3182
2026-08-20 17:00:36.131,27252.9579
2026-08-20 17:00:36.548,27591.3843
2026-08-20 17:00:36.982,27955.0543
2026-08-20 17:00:37.395,28354.73
2026-08-20 17:00:37.808,28735.2177
2026-08-20 17:00:38.221,28574.6797
2026-08-20 17:00:38.639,28181.7814
2026-08-20 17:00:39.116,27756.1625
2026-08-20 17:00:39.530,27397.8931
2026-08-20 17:00:39.945,27087.9935
2026-08-20 17:00:40.363,26858.5636
2026-08-20 17:00:40.775,26726.0445
2026-08-20 17:00:41.188,26752.249
2026-08-20 17:00:41.609,26903.9532
2026-08-20 17:00:42.031,27158.2408
2026-08-20 17:00:42.443,27413.512
2026-08-20 17:00:42.855,27180.3738
2026-08-20 17:00:43.269,26915.7062
2026-08-20 17:00:43.681,26746.5264
2026-08-20 17:00:44.101,26710.3619
2026-08-20 17:00:44.606,26879.8261
2026-08-20 17:00:45.019,27133.8714
2026-08-20 17:00:45.436,27450.6425
2026-08-20 17:00:45.862,27806.7069
2026-08-20 17:00:46.276,28191.4669
2026-08-20 17:00:46.695,28582.7173
2026-08-20 17:00:47.107,28747.1637
2026-08-20 17:00:47.525,28363.4792
2026-08-20 17:00:47.951,27974.3968
2026-08-20 17:00:48.367,27600.6871
2026-08-20 17:00:48.778,27262.5255
2026-08-20 17:00:49.197,26983.2567
2026-08-20 17:00:49.609,26795.5355
2026-08-20 17:00:50.023,26709.176
2026-08-20 17:00:50.436,26704.0502
2026-08-20 17:00:50.901,26703.871
2026-08-20 17:00:51.328,26703.0724
2026-08-20 17:00:51.750,26702.2088
2026-08-20 17:00:52.163,26701.1829
2026-08-20 17:00:52.575,26700.24
2026-08-20 17:00:53.009,26699.5283
2026-08-20 17:00:53.435,26698.9189
2026-08-20 17:00:53.866,26698.3155
2026-08-20 17:00:54.278,26697.8918
2026-08-20 17:00:54.690,26697.5329
2026-08-20 17:00:55.117,26726.8239
2026-08-20 17:00:55.546,26863.7086
2026-08-20 17:00:55.974,27110.3658
2026-08-20 17:00:56.388,27415.6025
2026-08-20 17:00:56.801,27761.4929
2026-08-20 17:00:57.213,28131.3423
2026-08-20 17:00:57.654,28518.0696
2026-08-20 17:00:58.081,28789.3872
2026-08-20 17:00:58.493,28429.896
2026-08-20 17:00:58.917,28043.0175
2026-08-20 17:00:59.330,27667.7734
2026-08-20 17:00:59.757,27327.4305
2026-08-20 17:01:00.183,27019.3949
2026-08-20 17:01:00.597,26825.31
2026-08-20 17:01:01.024,26734.4424
2026-08-20 17:01:01.444,26823.5827
2026-08-20 17:01:01.864,27018.7982
2026-08-20 17:01:02.277,27307.8837
2026-08-20 17:01:02.704,27641.2837
2026-08-20 17:01:03.122,28017.6629
2026-08-20 17:01:03.538,28405.4277
2026-08-20 17:01:03.964,28780.408
2026-08-20 17:01:04.378,28572.2289
2026-08-20 17:01:04.813,28177.5368
2026-08-20 17:01:05.239,27784.6548
2026-08-20 17:01:05.656,27423.7405
2026-08-20 17:01:06.070,27110.6446
2026-08-20 17:01:06.484,26882.9325
2026-08-20 17:01:06.924,26752.9312
2026-08-20 17:01:07.357,26791.8663
2026-08-20 17:01:07.772,26957.2738
2026-08-20 17:01:08.185,27219.9917
2026-08-20 17:01:08.617,27443.7591
2026-08-20 17:01:09.029,27173.2325
2026-08-20 17:01:09.448,26918.361
2026-08-20 17:01:09.862,26759.5958
2026-08-20 17:01:10.276,26751.728
2026-08-20 17:01:10.691,26897.8343
2026-08-20 17:01:11.125,27138.9846
2026-08-20 17:01:11.552,27469.7812
2026-08-20 17:01:11.964,27832.7634
2026-08-20 17:01:12.378,28205.4778
2026-08-20 17:01:12.811,28610.6194
2026-08-20 17:01:13.226,28781.9877
2026-08-20 17:01:13.638,28394.9217
2026-08-20 17:01:14.051,28010.694
2026-08-20 17:01:14.465,27646.7895
2026-08-20 17:01:14.892,27296.7575
2026-08-20 17:01:15.305,27014.7581
2026-08-20 17:01:15.717,26827.4402
2026-08-20 17:01:16.152,26737.8222
2026-08-20 17:01:16.564,26731.3393
2026-08-20 17:01:16.991,26730.5508
2026-08-20 17:01:17.403,26729.5375
2026-08-20 17:01:17.831,26728.4709
2026-08-20 17:01:18.267,26727.4209
2026-08-20 17:01:18.680,26726.557
2026-08-20 17:01:19.095,26725.7722
2026-08-20 17:01:19.508,26725.1731
2026-08-20 17:01:19.935,26724.6731
2026-08-20 17:01:20.393,26724.0223
2026-08-20 17:01:20.812,26723.5665
2026-08-20 17:01:21.226,26750.7053
2026-08-20 17:01:21.643,26885.336
2026-08-20 17:01:22.069,27112.073
2026-08-20 17:01:22.484,27423.387
2026-08-20 17:01:22.898,27769.7174
2026-08-20 17:01:23.327,28140.5904
2026-08-20 17:01:23.741,28542.087
2026-08-20 17:01:24.168,28838.346
2026-08-20 17:01:24.581,28507.9648
2026-08-20 17:01:25.014,28103.3479
2026-08-20 17:01:25.442,27728.9809
2026-08-20 17:01:25.853,27373.0435
2026-08-20 17:01:26.281,27069.2709
2026-08-20 17:01:26.708,26859.679
2026-08-20 17:01:27.122,26760.6798
2026-08-20 17:01:27.535,26836.3349
2026-08-20 17:01:27.963,27017.6329
2026-08-20 17:01:28.384,27304.5894
2026-08-20 17:01:28.801,27646.663
2026-08-20 17:01:29.213,28013.3244
2026-08-20 17:01:29.649,28408.8742
2026-08-20 17:01:30.067,28801.6024
2026-08-20 17:01:30.481,28640.5017
2026-08-20 17:01:30.896,28242.6602
2026-08-20 17:01:31.309,27863.7413
2026-08-20 17:01:31.728,27509.7407
2026-08-20 17:01:32.141,27186.3198
2026-08-20 17:01:32.555,26942.7118
2026-08-20 17:01:32.981,26797.2775
2026-08-20 17:01:33.395,26795.2086
2026-08-20 17:01:33.828,26937.0162
2026-08-20 17:01:34.241,27188.9274
2026-08-20 17:01:34.658,27467.9544
2026-08-20 17:01:35.071,27273.9157
2026-08-20 17:01:35.484,26997.5283
2026-08-20 17:01:35.949,26816.1512
2026-08-20 17:01:36.394,26773.0635
2026-08-20 17:01:36.808,26915.0408
2026-08-20 17:01:37.222,27150.8722
2026-08-20 17:01:37.650,27474.9437
2026-08-20 17:01:38.084,27825.2263
2026-08-20 17:01:38.503,28218.021
2026-08-20 17:01:38.916,28615.5029
2026-08-20 17:01:39.331,28828.191
2026-08-20 17:01:39.761,28457.4524
2026-08-20 17:01:40.187,28053.0362
2026-08-20 17:01:40.599,27676.4201
2026-08-20 17:01:41.017,27337.3205
2026-08-20 17:01:41.430,27047.9818
2026-08-20 17:01:41.844,26857.129
2026-08-20 17:01:42.270,26763.6566
2026-08-20 17:01:42.693,26756.2583
2026-08-20 17:01:43.109,26755.2472
2026-08-20 17:01:43.522,26753.8815
2026-08-20 17:01:43.933,26752.4772
2026-08-20 17:01:44.406,26751.0015
2026-08-20 17:01:44.818,26749.8921
2026-08-20 17:01:45.231,26748.7949
2026-08-20 17:01:45.645,26748.2462
2026-08-20 17:01:46.056,26747.4711
2026-08-20 17:01:46.487,26746.9515
2026-08-20 17:01:46.908,26746.3147
2026-08-20 17:01:47.323,26765.1255
2026-08-20 17:01:47.741,26888.8829
2026-08-20 17:01:48.152,27105.1972
2026-08-20 17:01:48.585,27398.9818
2026-08-20 17:01:48.999,27755.9629
2026-08-20 17:01:49.421,28123.0448
2026-08-20 17:01:49.833,28517.2293
2026-08-20 17:01:50.267,28852.1282
2026-08-20 17:01:50.693,28556.2779
2026-08-20 17:01:51.104,28152.4412
2026-08-20 17:01:51.527,27781.6967
2026-08-20 17:01:51.940,27426.0046
2026-08-20 17:01:52.354,27122.7044
2026-08-20 17:01:52.792,26904.0415
2026-08-20 17:01:53.205,26779.8908
2026-08-20 17:01:53.629,26837.3039
2026-08-20 17:01:54.043,27013.9084
2026-08-20 17:01:54.456,27282.7416
2026-08-20 17:01:54.935,27656.7714
2026-08-20 17:01:55.349,28030.0957
2026-08-20 17:01:55.763,28412.1889
2026-08-20 17:01:56.177,28802.8199
2026-08-20 17:01:56.601,28673.9956
2026-08-20 17:01:57.016,28265.8472
2026-08-20 17:01:57.429,27886.1162
2026-08-20 17:01:57.842,27531.376
2026-08-20 17:01:58.255,27209.4296
2026-08-20 17:01:58.667,26961.8485
2026-08-20 17:01:59.079,26811.9371
2026-08-20 17:01:59.491,26795.433
2026-08-20 17:01:59.915,26927.921
2026-08-20 17:02:00.343,27164.1952
2026-08-20 17:02:00.764,27469.5023
2026-08-20 17:02:01.176,27322.8891
2026-08-20 17:02:01.589,27035.8405
2026-08-20 17:02:02.085,26841.5314
2026-08-20 17:02:02.499,26769.9803
2026-08-20 17:02:02.927,26897.4434
2026-08-20 17:02:03.344,27129.4347
2026-08-20 17:02:03.757,27437.2701
2026-08-20 17:02:04.184,27783.3166
2026-08-20 17:02:04.597,28165.5356
2026-08-20 17:02:05.010,28553.3767
2026-08-20 17:02:05.429,28849.2572
2026-08-20 17:02:05.840,28527.5841
2026-08-20 17:02:06.276,28137.6406
2026-08-20 17:02:06.706,27733.4349
2026-08-20 17:02:07.117,27389.7246
2026-08-20 17:02:07.528,27092.2936
2026-08-20 17:02:07.955,26884.1468
2026-08-20 17:02:08.381,26770.6159
2026-08-20 17:02:08.814,26756.3684
2026-08-20 17:02:09.227,26755.5031
2026-08-20 17:02:09.640,26754.2543
2026-08-20 17:02:10.069,26752.7903
2026-08-20 17:02:10.485,26751.7057
2026-08-20 17:02:10.897,26750.5218
2026-08-20 17:02:11.310,26749.3255
2026-08-20 17:02:11.743,26748.5037
2026-08-20 17:02:12.171,26747.8865
2026-08-20 17:02:12.590,26747.2406
2026-08-20 17:02:13.015,26746.5488
2026-08-20 17:02:13.427,26756.2545
2026-08-20 17:02:13.855,26868.3639
2026-08-20 17:02:14.267,27070.0918
2026-08-20 17:02:14.687,27354.8579
2026-08-20 17:02:15.099,27696.0836
2026-08-20 17:02:15.523,28057.9243
2026-08-20 17:02:15.935,28450.3673
2026-08-20 17:02:16.348,28824.721
2026-08-20 17:02:16.815,28584.6722
2026-08-20 17:02:17.252,28177.5336
2026-08-20 17:02:17.668,27797.1132
2026-08-20 17:02:18.082,27445.9533
2026-08-20 17:02:18.509,27129.9675
2026-08-20 17:02:18.934,26910.4676
2026-08-20 17:02:19.346,26785.026
2026-08-20 17:02:19.760,26832.6038
2026-08-20 17:02:20.172,26997.7616
2026-08-20 17:02:20.584,27258.185
2026-08-20 17:02:21.006,27582.6727
2026-08-20 17:02:21.432,27948.2733
2026-08-20 17:02:21.858,28338.0594
2026-08-20 17:02:22.272,28746.6017
2026-08-20 17:02:22.683,28753.8319
2026-08-20 17:02:23.109,28352.2233
2026-08-20 17:02:23.528,27959.299
2026-08-20 17:02:23.944,27594.2418
2026-08-20 17:02:24.356,27263.6828
2026-08-20 17:02:24.769,27002.0715
2026-08-20 17:02:25.211,26837.0185
2026-08-20 17:02:25.627,26796.3857
2026-08-20 17:02:26.055,26922.5142
2026-08-20 17:02:26.467,27153.2619
2026-08-20 17:02:26.893,27462.4686
2026-08-20 17:02:27.320,27356.3875
2026-08-20 17:02:27.734,27055.2177
2026-08-20 17:02:28.162,26851.7419
2026-08-20 17:02:28.575,26771.696
2026-08-20 17:02:28.988,26873.2066
2026-08-20 17:02:29.417,27074.7462
2026-08-20 17:02:29.829,27376.9841
2026-08-20 17:02:30.250,27716.6446
2026-08-20 17:02:30.671,28090.2027
2026-08-20 17:02:31.099,28482.1551
2026-08-20 17:02:31.562,28859.8503
2026-08-20 17:02:31.975,28564.2715
2026-08-20 17:02:32.403,28157.9731
2026-08-20 17:02:32.824,27787.7876
2026-08-20 17:02:33.240,27433.0043
2026-08-20 17:02:33.652,27128.3437
2026-08-20 17:02:34.079,26907.3246
2026-08-20 17:02:34.501,26792.8089
2026-08-20 17:02:34.915,26774.8075
2026-08-20 17:02:35.329,26774.0423
2026-08-20 17:02:35.748,26772.8956
2026-08-20 17:02:36.160,26771.9036
2026-08-20 17:02:36.593,26770.8737
2026-08-20 17:02:37.007,26769.9887
2026-08-20 17:02:37.420,26769.1492
2026-08-20 17:02:37.858,26768.7582
2026-08-20 17:02:38.280,26767.974
2026-08-20 17:02:38.696,26767.0347
2026-08-20 17:02:39.110,26766.2528
2026-08-20 17:02:39.522,26770.783
2026-08-20 17:02:40.001,26882.7508
2026-08-20 17:02:40.413,27089.6415
2026-08-20 17:02:40.828,27374.7555
2026-08-20 17:02:41.241,27712.3266
2026-08-20 17:02:41.653,28074.6967
2026-08-20 17:02:42.072,28456.5377
2026-08-20 17:02:42.491,28845.6214
2026-08-20 17:02:42.905,28676.3021
2026-08-20 17:02:43.318,28278.3526
2026-08-20 17:02:43.730,27900.8804
2026-08-20 17:02:44.192,27506.9491
2026-08-20 17:02:44.605,27192.4798
2026-08-20 17:02:45.018,26957.1041
2026-08-20 17:02:45.446,26814.2546
2026-08-20 17:02:45.871,26837.0548
2026-08-20 17:02:46.288,26998.236
2026-08-20 17:02:46.711,27251.2368
2026-08-20 17:02:47.124,27582.9473
2026-08-20 17:02:47.539,27938.8957
2026-08-20 17:02:47.965,28318.2354
2026-08-20 17:02:48.390,28725.4077
2026-08-20 17:02:48.814,28808.8719
2026-08-20 17:02:49.231,28396.3257
2026-08-20 17:02:49.645,28008.6753
2026-08-20 17:02:50.058,27645.9855
2026-08-20 17:02:50.492,27313.1157
2026-08-20 17:02:50.905,27030.714
2026-08-20 17:02:51.317,26861.8294
2026-08-20 17:02:51.730,26801.7593
2026-08-20 17:02:52.149,26900.1638
2026-08-20 17:02:52.576,27097.8363
2026-08-20 17:02:53.059,27451.0365
2026-08-20 17:02:53.471,27403.5622
2026-08-20 17:02:53.885,27105.6462
2026-08-20 17:02:54.304,26894.5642
2026-08-20 17:02:54.735,26791.1208
2026-08-20 17:02:55.162,26879.7936
2026-08-20 17:02:55.575,27081.8619
2026-08-20 17:02:55.994,27368.4797
2026-08-20 17:02:56.407,27711.2478
2026-08-20 17:02:56.836,28075.5612
2026-08-20 17:02:57.262,28487.2635
2026-08-20 17:02:57.677,28860.9062
2026-08-20 17:02:58.088,28663.8086
2026-08-20 17:02:58.548,28267.7206
2026-08-20 17:02:58.965,27844.9797
2026-08-20 17:02:59.387,27494.4463
2026-08-20 17:02:59.800,27176.4666
2026-08-20 17:03:00.212,26948.5651
2026-08-20 17:03:00.626,26819.1643
2026-08-20 17:03:01.064,26790.7178
2026-08-20 17:03:01.482,26790.124
2026-08-20 17:03:01.894,26788.7057
2026-08-20 17:03:02.322,26787.4547
2026-08-20 17:03:02.743,26786.1428
2026-08-20 17:03:03.172,26785.2111
2026-08-20 17:03:03.584,26784.3323
2026-08-20 17:03:04.010,26783.4681
2026-08-20 17:03:04.436,26782.8958
2026-08-20 17:03:04.848,26781.9716
2026-08-20 17:03:05.279,26781.53
2026-08-20 17:03:05.705,26784.2221
2026-08-20 17:03:06.118,26874.9093
2026-08-20 17:03:06.531,27059.763
2026-08-20 17:03:06.943,27331.7038
2026-08-20 17:03:07.409,27704.777
2026-08-20 17:03:07.821,28066.5501
2026-08-20 17:03:08.242,28448.566
2026-08-20 17:03:08.670,28847.3784
2026-08-20 17:03:09.090,28703.3085
2026-08-20 17:03:09.502,28298.7061
2026-08-20 17:03:09.925,27921.7898
2026-08-20 17:03:10.337,27556.9841
2026-08-20 17:03:10.751,27237.9766
2026-08-20 17:03:11.177,26992.4833
2026-08-20 17:03:11.606,26840.8378
2026-08-20 17:03:12.020,26829.416
2026-08-20 17:03:12.432,26962.6002
2026-08-20 17:03:12.860,27199.6842
2026-08-20 17:03:13.281,27509.3325
2026-08-20 17:03:13.714,27866.8122
2026-08-20 17:03:14.127,28257.5849
2026-08-20 17:03:14.540,28649.8632
2026-08-20 17:03:14.952,28899.145
2026-08-20 17:03:15.421,28547.9789
2026-08-20 17:03:15.839,28101.3175
2026-08-20 17:03:16.253,27734.85
2026-08-20 17:03:16.688,27381.3301
2026-08-20 17:03:17.100,27092.3581
2026-08-20 17:03:17.528,26898.932
2026-08-20 17:03:17.947,26820.8655
2026-08-20 17:03:18.361,26915.7269
2026-08-20 17:03:18.793,27114.1286
2026-08-20 17:03:19.205,27412.8373
2026-08-20 17:03:19.638,27458.9385
2026-08-20 17:03:20.055,27148.0429
2026-08-20 17:03:20.473,26924.583
2026-08-20 17:03:20.885,26807.149
2026-08-20 17:03:21.302,26873.1231
2026-08-20 17:03:21.730,27054.6917
2026-08-20 17:03:22.146,27339.9337
2026-08-20 17:03:22.572,27675.3805
2026-08-20 17:03:22.990,28052.1119
2026-08-20 17:03:23.402,28434.3985
2026-08-20 17:03:23.829,28831.1457
2026-08-20 17:03:24.240,28734.5811
2026-08-20 17:03:24.662,28336.5197
2026-08-20 17:03:25.081,27948.7741
2026-08-20 17:03:25.492,27585.3851
2026-08-20 17:03:25.920,27261.7197
2026-08-20 17:03:26.333,27002.4962
2026-08-20 17:03:26.747,26852.002
2026-08-20 17:03:27.197,26802.1281
2026-08-20 17:03:27.610,26802.0826
2026-08-20 17:03:28.022,26800.8881
2026-08-20 17:03:28.435,26799.6594
2026-08-20 17:03:28.847,26798.6805
2026-08-20 17:03:29.285,26797.6045
2026-08-20 17:03:29.713,26796.6205
2026-08-20 17:03:30.129,26795.8695
2026-08-20 17:03:30.543,26795.1862
2026-08-20 17:03:30.956,26794.4375
2026-08-20 17:03:31.391,26793.5699
2026-08-20 17:03:31.813,26792.7898
2026-08-20 17:03:32.226,26852.4892
2026-08-20 17:03:32.645,27014.6207
2026-08-20 17:03:33.071,27270.4383
2026-08-20 17:03:33.492,27598.1988
2026-08-20 17:03:33.918,27958.6419
2026-08-20 17:03:34.346,28346.4683
2026-08-20 17:03:34.765,28754.5863
2026-08-20 17:03:35.177,28828.7743
2026-08-20 17:03:35.609,28427.5449
2026-08-20 17:03:36.021,28026.0624
2026-08-20 17:03:36.436,27663.9775
2026-08-20 17:03:36.848,27329.7402
2026-08-20 17:03:37.276,27050.847
2026-08-20 17:03:37.702,26879.21
2026-08-20 17:03:38.118,26828.557
2026-08-20 17:03:38.544,26949.1882
2026-08-20 17:03:38.960,27173.6545
2026-08-20 17:03:39.373,27479.4661
2026-08-20 17:03:39.804,27839.4858
2026-08-20 17:03:40.232,28212.9394
2026-08-20 17:03:40.649,28615.8203
2026-08-20 17:03:41.063,28903.7126
2026-08-20 17:03:41.489,28560.9994
2026-08-20 17:03:41.907,28170.4121
2026-08-20 17:03:42.319,27796.3215
2026-08-20 17:03:42.733,27451.9741
2026-08-20 17:03:43.157,27152.3553
2026-08-20 17:03:43.571,26938.4554
2026-08-20 17:03:44.000,26831.4414
2026-08-20 17:03:44.425,26899.3033
2026-08-20 17:03:44.841,27082.0287
2026-08-20 17:03:45.264,27360.1376
2026-08-20 17:03:45.676,27516.6218
2026-08-20 17:03:46.107,27210.0313
2026-08-20 17:03:46.520,26968.5171
2026-08-20 17:03:46.941,26829.0012
2026-08-20 17:03:47.354,26860.2857
2026-08-20 17:03:47.767,27022.8646
2026-08-20 17:03:48.202,27279.5119
2026-08-20 17:03:48.615,27621.8547
2026-08-20 17:03:49.027,27978.4242
2026-08-20 17:03:49.448,28355.2912
2026-08-20 17:03:49.860,28757.8798
2026-08-20 17:03:50.272,28846.1376
2026-08-20 17:03:50.686,28446.7924
2026-08-20 17:03:51.129,28046.5881
2026-08-20 17:03:51.541,27670.1829
2026-08-20 17:03:51.969,27337.3817
2026-08-20 17:03:52.381,27058.6494
2026-08-20 17:03:52.794,26888.3395
2026-08-20 17:03:53.227,26816.6058
2026-08-20 17:03:53.641,26815.0283
2026-08-20 17:03:54.053,26814.033
2026-08-20 17:03:54.465,26811.538
2026-08-20 17:03:54.884,26808.1229
2026-08-20 17:03:55.295,26805.97
2026-08-20 17:03:55.708,26804.3633
2026-08-20 17:03:56.135,26803.1386
2026-08-20 17:03:56.565,26802.1137
2026-08-20 17:03:56.979,26801.362
2026-08-20 17:03:57.395,26800.3164
2026-08-20 17:03:57.809,26799.2617
2026-08-20 17:03:58.221,26798.3775
2026-08-20 17:03:58.647,26797.5395
2026-08-20 17:03:59.064,26797.04
2026-08-20 17:03:59.479,26796.4328
2026-08-20 17:03:59.892,26795.8079
2026-08-20 17:04:00.319,26795.4402
2026-08-20 17:04:00.746,26794.7494
2026-08-20 17:04:01.176,26794.4826
2026-08-20 17:04:01.590,26793.7424
2026-08-20 17:04:02.008,26793.1607
2026-08-20 17:04:02.420,26792.381
2026-08-20 17:04:02.837,26791.7019
2026-08-20 17:04:03.263,26791.3995
2026-08-20 17:04:03.684,26790.7902
2026-08-20 17:04:04.097,26790.2217
2026-08-20 17:04:04.508,26790.1053
2026-08-20 17:04:04.971,26789.7015
2026-08-20 17:04:05.388,26789.2425
2026-08-20 17:04:05.809,26788.6733
2026-08-20 17:04:06.223,26788.1188
2026-08-20 17:04:06.658,26787.8504
2026-08-20 17:04:07.072,26787.4795
2026-08-20 17:04:07.485,26787.0883
2026-08-20 17:04:07.900,26786.5001
2026-08-20 17:04:08.313,26785.7724
2026-08-20 17:04:08.727,26785.0884
2026-08-20 17:04:09.141,26784.5174
2026-08-20 17:04:09.573,26784.0979
2026-08-20 17:04:09.985,26784.1379
2026-08-20 17:04:10.399,26783.8429
2026-08-20 17:04:10.811,26783.6791
2026-08-20 17:04:11.237,26783.4625
2026-08-20 17:04:11.715,26783.3874
2026-08-20 17:04:12.131,26783.5217
2026-08-20 17:04:12.543,26783.416
2026-08-20 17:04:12.971,26783.4505
2026-08-20 17:04:13.383,26783.1123
2026-08-20 17:04:13.799,26783.0682
2026-08-20 17:04:14.212,26783.0238
2026-08-20 17:04:14.625,26782.7775
2026-08-20 17:04:15.037,26782.7878
2026-08-20 17:04:15.463,26782.6181
2026-08-20 17:04:15.922,26782.192
2026-08-20 17:04:16.335,26782.2603
2026-08-20 17:04:16.757,26781.9984
2026-08-20 17:04:17.171,26781.9847
2026-08-20 17:04:17.583,26782.1307
2026-08-20 17:04:18.011,26782.4977
2026-08-20 17:04:18.430,26782.3863
2026-08-20 17:04:18.843,26782.1562
2026-08-20 17:04:19.255,26782.0807
2026-08-20 17:04:19.668,26781.687
2026-08-20 17:04:20.148,26781.4257
2026-08-20 17:04:20.563,26781.1586
2026-08-20 17:04:20.979,26781.3362
2026-08-20 17:04:21.397,26781.3246
2026-08-20 17:04:21.809,26781.2257
2026-08-20 17:04:22.227,26781.4713
2026-08-20 17:04:22.654,26781.4626
2026-08-20 17:04:23.067,26781.2211
2026-08-20 17:04:23.480,26781.3599
2026-08-20 17:04:23.894,26781.3457
2026-08-20 17:04:24.332,26781.3097
2026-08-20 17:04:24.753,26781.2365
2026-08-20 17:04:25.168,26781.078
2026-08-20 17:04:25.587,26781.0955
2026-08-20 17:04:25.999,26781.0773
2026-08-20 17:04:26.411,26781.0315
2026-08-20 17:04:26.831,26781.2468
2026-08-20 17:04:27.250,26781.5104
2026-08-20 17:04:27.754,26781.6561
2026-08-20 17:04:28.180,26781.7237
2026-08-20 17:04:28.599,26781.8214
2026-08-20 17:04:29.018,26781.9542
2026-08-20 17:04:29.431,26781.9384
2026-08-20 17:04:29.872,26782.0135
2026-08-20 17:04:30.300,26782.2042
2026-08-20 17:04:30.713,26782.0736
2026-08-20 17:04:31.127,26782.5271
2026-08-20 17:04:31.541,26782.643
2026-08-20 17:04:31.955,26782.7295
2026-08-20 17:04:32.368,26782.9753
2026-08-20 17:04:32.783,26782.9251
2026-08-20 17:04:33.195,26782.7316
2026-08-20 17:04:33.627,26782.8699
2026-08-20 17:04:34.050,26782.6182
2026-08-20 17:04:34.467,26782.7126
2026-08-20 17:04:34.882,26782.741
2026-08-20 17:04:35.298,26782.6146
2026-08-20 17:04:35.746,26782.6309
2026-08-20 17:04:36.161,26782.6812
2026-08-20 17:04:36.591,26782.8004
2026-08-20 17:04:37.003,26782.9069
2026-08-20 17:04:37.416,26782.5581
2026-08-20 17:04:37.836,26782.7755
2026-08-20 17:04:38.248,26782.885
2026-08-20 17:04:38.676,26782.6789
2026-08-20 17:04:39.090,26782.8573
2026-08-20 17:04:39.502,26782.7409
2026-08-20 17:04:39.943,26782.76
2026-08-20 17:04:40.356,26782.6986
2026-08-20 17:04:40.776,26782.8108
2026-08-20 17:04:41.188,26782.8268
2026-08-20 17:04:41.600,26782.7457
2026-08-20 17:04:42.014,26783.0616
2026-08-20 17:04:42.426,26783.0404
2026-08-20 17:04:42.843,26783.2012
2026-08-20 17:04:43.256,26783.3581
2026-08-20 17:04:43.669,26783.5221
2026-08-20 17:04:44.082,26783.6733
2026-08-20 17:04:44.518,26784.0219
2026-08-20 17:04:44.931,26784.2859
2026-08-20 17:04:45.344,26784.2805
2026-08-20 17:04:45.772,26784.4314
2026-08-20 17:04:46.184,26784.2372
2026-08-20 17:04:46.604,26784.3907
2026-08-20 17:04:47.016,26784.6473
2026-08-20 17:04:47.429,26784.6612
2026-08-20 17:04:47.845,26784.7517
2026-08-20 17:04:48.258,26784.8866
2026-08-20 17:04:48.671,26784.9558
2026-08-20 17:04:49.088,26784.9715
2026-08-20 17:04:49.500,26785.0715
2026-08-20 17:04:49.915,26785.1035
2026-08-20 17:04:50.327,26785.2009
2026-08-20 17:04:50.758,26785.5101
2026-08-20 17:04:51.173,26785.617
2026-08-20 17:04:51.586,26785.6745
2026-08-20 17:04:51.997,26785.7653
2026-08-20 17:04:52.423,26785.6323
2026-08-20 17:04:52.837,26785.9243
2026-08-20 17:04:53.259,26785.8687
2026-08-20 17:04:53.672,26785.9499
2026-08-20 17:04:54.100,26786.0263
2026-08-20 17:04:54.522,26785.3087
2026-08-20 17:04:54.935,26785.1015
2026-08-20 17:04:55.348,26785.2727
2026-08-20 17:04:55.761,26786.2162
2026-08-20 17:04:56.174,26786.5158
2026-08-20 17:04:56.587,26786.6793
2026-08-20 17:04:57.000,26786.8162
2026-08-20 17:04:57.412,26786.7771
2026-08-20 17:04:57.831,26786.9084
2026-08-20 17:04:58.243,26786.9271
2026-08-20 17:04:58.656,26787.4896
2026-08-20 17:04:59.076,26868.89
2026-08-20 17:04:59.492,27059.3019
2026-08-20 17:04:59.911,27328.8941
2026-08-20 17:05:00.324,27656.0362
2026-08-20 17:05:00.737,28008.4721
2026-08-20 17:05:01.149,28383.6682
2026-08-20 17:05:01.574,28775.5147
2026-08-20 17:05:01.989,28847.1805
2026-08-20 17:05:02.406,28444.4567
2026-08-20 17:05:02.823,28057.5601
2026-08-20 17:05:03.236,27693.6983
2026-08-20 17:05:03.648,27362.6732
2026-08-20 17:05:04.062,27089.5302
2026-08-20 17:05:04.478,26903.2916
2026-08-20 17:05:04.938,26840.9644
2026-08-20 17:05:05.358,26975.0817
2026-08-20 17:05:05.784,27211.5397
2026-08-20 17:05:06.208,27517.2866
2026-08-20 17:05:06.635,27871.9926
2026-08-20 17:05:07.047,28252.9872
2026-08-20 17:05:07.472,28640.3116
2026-08-20 17:05:07.886,28911.3629
2026-08-20 17:05:08.305,28566.6086
2026-08-20 17:05:08.722,28171.8048
2026-08-20 17:05:09.140,27801.141
2026-08-20 17:05:09.551,27454.744
2026-08-20 17:05:09.979,27151.5102
2026-08-20 17:05:10.392,26945.4046
2026-08-20 17:05:10.806,26834.9332
2026-08-20 17:05:11.225,26898.4992
2026-08-20 17:05:11.643,27079.4726
2026-08-20 17:05:12.055,27348.0984
2026-08-20 17:05:12.484,27549.1626
2026-08-20 17:05:12.901,27263.5344
2026-08-20 17:05:13.315,27008.5127
2026-08-20 17:05:13.792,26836.7345
2026-08-20 17:05:14.206,26868.0989
2026-08-20 17:05:14.620,27036.3135
2026-08-20 17:05:15.032,27295.5559
2026-08-20 17:05:15.458,27628.3308
2026-08-20 17:05:15.897,27982.3275
2026-08-20 17:05:16.310,28382.1337
2026-08-20 17:05:16.723,28774.8139
2026-08-20 17:05:17.137,28847.3766
2026-08-20 17:05:17.554,28445.1345
2026-08-20 17:05:17.967,28058.8455
2026-08-20 17:05:18.391,27697.709
2026-08-20 17:05:18.850,27321.522
2026-08-20 17:05:19.269,27059.3307
2026-08-20 17:05:19.681,26888.7347
2026-08-20 17:05:20.095,26821.2542
2026-08-20 17:05:20.564,26819.9763
2026-08-20 17:05:20.992,26818.8828
2026-08-20 17:05:21.406,26817.5449
2026-08-20 17:05:21.820,26816.267
2026-08-20 17:05:22.233,26815.2762
2026-08-20 17:05:22.661,26813.9598
2026-08-20 17:05:23.127,26812.7125
2026-08-20 17:05:23.541,26811.5851
2026-08-20 17:05:23.954,26810.3341
2026-08-20 17:05:24.368,26809.523
2026-08-20 17:05:24.797,26808.8605
2026-08-20 17:05:25.242,26870.5415
2026-08-20 17:05:25.670,27061.0583
2026-08-20 17:05:26.099,27333.9753
2026-08-20 17:05:26.518,27658.4441
2026-08-20 17:05:26.932,28018.4914
2026-08-20 17:05:27.358,28394.2559
2026-08-20 17:05:27.770,28801.5236
2026-08-20 17:05:28.183,28847.0196
2026-08-20 17:05:28.596,28445.0821
2026-08-20 17:05:29.012,28061.7403
2026-08-20 17:05:29.424,27698.7339
2026-08-20 17:05:29.837,27367.966
2026-08-20 17:05:30.250,27093.968
2026-08-20 17:05:30.662,26911.8699
2026-08-20 17:05:31.094,26846.2439
2026-08-20 17:05:31.506,26964.0336
2026-08-20 17:05:31.918,27176.9098
2026-08-20 17:05:32.330,27473.28
2026-08-20 17:05:32.743,27814.275
2026-08-20 17:05:33.158,28180.2348
2026-08-20 17:05:33.623,28617.8228
2026-08-20 17:05:34.046,28918.2897
2026-08-20 17:05:34.472,28597.5552
2026-08-20 17:05:34.886,28196.2739
2026-08-20 17:05:35.311,27815.245
2026-08-20 17:05:35.737,27471.8704
2026-08-20 17:05:36.163,27166.5126
2026-08-20 17:05:36.576,26953.3176
2026-08-20 17:05:37.002,26846.0552
2026-08-20 17:05:37.414,26912.3946
2026-08-20 17:05:37.915,27135.4915
2026-08-20 17:05:38.333,27421.4007
2026-08-20 17:05:38.747,27520.3162
2026-08-20 17:05:39.160,27214.2996
2026-08-20 17:05:39.625,26957.0819
2026-08-20 17:05:40.040,26836.5226
2026-08-20 17:05:40.459,26901.7176
2026-08-20 17:05:40.872,27086.5933
2026-08-20 17:05:41.289,27359.6931
2026-08-20 17:05:41.702,27693.5875
2026-08-20 17:05:42.114,28051.4709
2026-08-20 17:05:42.527,28429.2957
2026-08-20 17:05:42.972,28856.4959
2026-08-20 17:05:43.396,28779.5206
2026-08-20 17:05:43.810,28371.5899
2026-08-20 17:05:44.222,27993.1104
2026-08-20 17:05:44.634,27636.8392
2026-08-20 17:05:45.060,27302.6588
2026-08-20 17:05:45.503,27048.7213
2026-08-20 17:05:45.917,26882.8085
2026-08-20 17:05:46.331,26832.7402
2026-08-20 17:05:46.745,26832.7581
2026-08-20 17:05:47.160,26831.5628
2026-08-20 17:05:47.573,26830.2205
2026-08-20 17:05:48.042,26828.9613
2026-08-20 17:05:48.470,26827.5826
2026-08-20 17:05:48.888,26826.2647
2026-08-20 17:05:49.300,26825.1286
2026-08-20 17:05:49.712,26823.9964
2026-08-20 17:05:50.128,26823.1815
2026-08-20 17:05:50.572,26822.4615
2026-08-20 17:05:51.000,26821.806
2026-08-20 17:05:51.412,26891.9534
2026-08-20 17:05:51.826,27062.7195
2026-08-20 17:05:52.242,27321.1935
2026-08-20 17:05:52.669,27644.1801
2026-08-20 17:05:53.156,28075.9321
2026-08-20 17:05:53.569,28455.4599
2026-08-20 17:05:53.983,28852.7676
2026-08-20 17:05:54.396,28820.3768
2026-08-20 17:05:54.809,28419.9608
2026-08-20 17:05:55.226,28039.5182
2026-08-20 17:05:55.638,27676.531
2026-08-20 17:05:56.055,27349.1207
2026-08-20 17:05:56.485,27082.2314
2026-08-20 17:05:56.897,26906.6914
2026-08-20 17:05:57.317,26866.8363
2026-08-20 17:05:57.731,26996.6865
2026-08-20 17:05:58.146,27220.2595
2026-08-20 17:05:58.558,27526.108
2026-08-20 17:05:58.970,27871.0276
2026-08-20 17:05:59.391,28238.9606
2026-08-20 17:05:59.806,28633.8817
2026-08-20 17:06:00.238,28929.181
2026-08-20 17:06:00.650,28593.8966
2026-08-20 17:06:01.063,28204.7821
2026-08-20 17:06:01.496,27823.5904
2026-08-20 17:06:01.923,27475.9296
2026-08-20 17:06:02.336,27171.296
2026-08-20 17:06:02.750,26966.8405
2026-08-20 17:06:03.163,26861.5059
2026-08-20 17:06:03.600,26933.1487
2026-08-20 17:06:04.013,27117.7632
2026-08-20 17:06:04.429,27392.7327
2026-08-20 17:06:04.846,27554.5336
2026-08-20 17:06:05.274,27258.1238
2026-08-20 17:06:05.685,27007.678
2026-08-20 17:06:06.099,26863.7713
2026-08-20 17:06:06.513,26887.8641
2026-08-20 17:06:06.940,27048.7228
2026-08-20 17:06:07.418,27348.4909
2026-08-20 17:06:07.832,27688.8057
2026-08-20 17:06:08.246,28047.6892
2026-08-20 17:06:08.658,28425.5587
2026-08-20 17:06:09.082,28819.7781
2026-08-20 17:06:09.496,28828.7551
2026-08-20 17:06:09.909,28426.083
2026-08-20 17:06:10.333,28045.2238
2026-08-20 17:06:10.749,27675.7006
2026-08-20 17:06:11.162,27345.1052
2026-08-20 17:06:11.574,27081.5052
2026-08-20 17:06:11.995,26913.6474
2026-08-20 17:06:12.407,26844.4087
2026-08-20 17:06:12.835,26843.2045
2026-08-20 17:06:13.273,26841.7192
2026-08-20 17:06:13.700,26840.0543
2026-08-20 17:06:14.115,26838.4828
2026-08-20 17:06:14.528,26837.1385
2026-08-20 17:06:14.947,26835.8692
2026-08-20 17:06:15.365,26833.8917
2026-08-20 17:06:15.778,26832.6482
2026-08-20 17:06:16.198,26831.8771
2026-08-20 17:06:16.621,26831.7204
2026-08-20 17:06:17.034,26831.1959
2026-08-20 17:06:17.460,26868.3028
2026-08-20 17:06:17.873,27020.653
2026-08-20 17:06:18.298,27257.0504
2026-08-20 17:06:18.711,27574.4628
2026-08-20 17:06:19.167,27922.2275
2026-08-20 17:06:19.582,28332.4473
2026-08-20 17:06:19.995,28723.6031
2026-08-20 17:06:20.409,28913.4667
2026-08-20 17:06:20.833,28535.4399
2026-08-20 17:06:21.247,28138.9304
2026-08-20 17:06:21.660,27773.1015
2026-08-20 17:06:22.097,27434.4355
2026-08-20 17:06:22.510,27135.3502
2026-08-20 17:06:22.923,26946.1079
2026-08-20 17:06:23.350,26864.9134
2026-08-20 17:06:23.761,26965.1188
2026-08-20 17:06:24.174,27164.3549
2026-08-20 17:06:24.588,27452.4531
2026-08-20 17:06:25.051,27832.2805
2026-08-20 17:06:25.464,28199.9418
2026-08-20 17:06:25.878,28585.2913
2026-08-20 17:06:26.297,28930.9791
2026-08-20 17:06:26.725,28669.9276
2026-08-20 17:06:27.140,28263.0213
2026-08-20 17:06:27.558,27883.9269
2026-08-20 17:06:28.003,27535.662
2026-08-20 17:06:28.417,27207.7664
2026-08-20 17:06:28.838,26991.5947
2026-08-20 17:06:29.252,26871.2831
2026-08-20 17:06:29.714,26924.4556
2026-08-20 17:06:30.135,27123.0081
2026-08-20 17:06:30.548,27399.1568
2026-08-20 17:06:30.961,27557.3659
2026-08-20 17:06:31.387,27263.7925
2026-08-20 17:06:31.799,27012.7494
2026-08-20 17:06:32.240,26868.4345
2026-08-20 17:06:32.653,26897.9716
2026-08-20 17:06:33.065,27062.5097
2026-08-20 17:06:33.478,27320.5256
2026-08-20 17:06:33.891,27642.9256
2026-08-20 17:06:34.304,27998.3619
2026-08-20 17:06:34.722,28373.8283
2026-08-20 17:06:35.182,28817.7747
2026-08-20 17:06:35.596,28852.5308
2026-08-20 17:06:36.017,28450.4427
2026-08-20 17:06:36.431,28060.1746
2026-08-20 17:06:36.845,27699.5978
2026-08-20 17:06:37.257,27368.385
2026-08-20 17:06:37.669,27099.9363
2026-08-20 17:06:38.085,26928.2432
2026-08-20 17:06:38.500,26854.3485
2026-08-20 17:06:38.940,26852.1273
2026-08-20 17:06:39.352,26850.929
2026-08-20 17:06:39.779,26849.555
2026-08-20 17:06:40.205,26848.31
2026-08-20 17:06:40.618,26847.1508
2026-08-20 17:06:41.032,26845.8805
2026-08-20 17:06:41.444,26845.008
2026-08-20 17:06:41.878,26844.2274
2026-08-20 17:06:42.290,26843.5966
2026-08-20 17:06:42.707,26843.0666
2026-08-20 17:06:43.134,26842.5562
2026-08-20 17:06:43.552,26875.6722
2026-08-20 17:06:44.032,27045.1228
2026-08-20 17:06:44.445,27296.8627
2026-08-20 17:06:44.859,27610.6746
2026-08-20 17:06:45.272,27961.0808
2026-08-20 17:06:45.685,28333.3783
2026-08-20 17:06:46.151,28775.3992
2026-08-20 17:06:46.564,28906.9915
2026-08-20 17:06:46.977,28513.1349
2026-08-20 17:06:47.390,28127.4005
2026-08-20 17:06:47.804,27763.8332
2026-08-20 17:06:48.266,27389.6735
2026-08-20 17:06:48.682,27117.7086
2026-08-20 17:06:49.108,26938.8291
2026-08-20 17:06:49.522,26878.3208
2026-08-20 17:06:49.950,26998.6848
2026-08-20 17:06:50.383,27213.7641
2026-08-20 17:06:50.798,27528.7703
2026-08-20 17:06:51.214,27875.8052
2026-08-20 17:06:51.642,28247.7321
2026-08-20 17:06:52.067,28649.4053
2026-08-20 17:06:52.479,28950.416
2026-08-20 17:06:52.891,28628.6014
2026-08-20 17:06:53.318,28238.7173
2026-08-20 17:06:53.731,27855.791
2026-08-20 17:06:54.144,27510.6677
2026-08-20 17:06:54.556,27211.0185
2026-08-20 17:06:54.979,26998.7315
2026-08-20 17:06:55.392,26882.1808
2026-08-20 17:06:55.893,26963.5634
2026-08-20 17:06:56.306,27151.3914
2026-08-20 17:06:56.718,27432.1822
2026-08-20 17:06:57.143,27563.6428
2026-08-20 17:06:57.620,27219.032
2026-08-20 17:06:58.032,26989.3074
2026-08-20 17:06:58.460,26868.8085
2026-08-20 17:06:58.878,26934.844
2026-08-20 17:06:59.290,27118.4016
2026-08-20 17:06:59.719,27391.3613
2026-08-20 17:07:00.131,27736.1914
2026-08-20 17:07:00.557,28095.1769
2026-08-20 17:07:00.969,28487.9283
2026-08-20 17:07:01.382,28884.0951
2026-08-20 17:07:01.794,28813.2856
2026-08-20 17:07:02.208,28414.8985
2026-08-20 17:07:02.621,28033.8752
2026-08-20 17:07:03.048,27675.7728
2026-08-20 17:07:03.464,27337.3651
2026-08-20 17:07:03.890,27079.8993
2026-08-20 17:07:04.307,26918.1703
2026-08-20 17:07:04.720,26863.3618
2026-08-20 17:07:05.152,26863.2365
2026-08-20 17:07:05.583,26862.0935
2026-08-20 17:07:05.996,26860.9239
2026-08-20 17:07:06.425,26859.594
2026-08-20 17:07:06.845,26858.4072
2026-08-20 17:07:07.259,26857.3577
2026-08-20 17:07:07.699,26856.1654
2026-08-20 17:07:08.119,26855.2438
2026-08-20 17:07:08.533,26854.3511
2026-08-20 17:07:08.945,26853.8981
2026-08-20 17:07:09.357,26853.4327
2026-08-20 17:07:09.792,26909.755
2026-08-20 17:07:10.223,27074.3457
2026-08-20 17:07:10.649,27337.6204
2026-08-20 17:07:11.062,27667.7033
2026-08-20 17:07:11.474,28020.5648
2026-08-20 17:07:11.888,28395.4901
2026-08-20 17:07:12.300,28789.9879
2026-08-20 17:07:12.713,28918.9986
2026-08-20 17:07:13.179,28473.6638
2026-08-20 17:07:13.593,28090.6647
2026-08-20 17:07:14.016,27728.7737
2026-08-20 17:07:14.429,27388.9797
2026-08-20 17:07:14.841,27120.5113
2026-08-20 17:07:15.254,26947.1617
2026-08-20 17:07:15.698,26892.0511
2026-08-20 17:07:16.125,27026.1854
2026-08-20 17:07:16.538,27249.6805
2026-08-20 17:07:16.965,27553.8068
2026-08-20 17:07:17.378,27912.226
2026-08-20 17:07:17.811,28283.2528
2026-08-20 17:07:18.224,28691.6136
2026-08-20 17:07:18.648,28961.4406
2026-08-20 17:07:19.066,28611.906
2026-08-20 17:07:19.478,28217.0431
2026-08-20 17:07:19.943,27807.931
2026-08-20 17:07:20.356,27463.5456
2026-08-20 17:07:20.780,27176.4088
2026-08-20 17:07:21.192,26977.524
2026-08-20 17:07:21.620,26890.7035
2026-08-20 17:07:22.087,27002.0507
2026-08-20 17:07:22.513,27216.7967
2026-08-20 17:07:22.939,27513.3257
2026-08-20 17:07:23.353,27499.5681
2026-08-20 17:07:23.778,27197.5473
2026-08-20 17:07:24.210,26978.9367
2026-08-20 17:07:24.627,26873.399
2026-08-20 17:07:25.039,26961.6049
2026-08-20 17:07:25.466,27154.832
2026-08-20 17:07:25.885,27447.8561
2026-08-20 17:07:26.298,27789.955
2026-08-20 17:07:26.720,28153.5164
2026-08-20 17:07:27.140,28549.6395
2026-08-20 17:07:27.552,28934.0524
2026-08-20 17:07:27.976,28769.5613
2026-08-20 17:07:28.390,28361.0147
2026-08-20 17:07:28.802,27983.1405
2026-08-20 17:07:29.263,27588.5472
2026-08-20 17:07:29.676,27276.2163
2026-08-20 17:07:30.101,27042.2944
2026-08-20 17:07:30.519,26902.929
2026-08-20 17:07:30.932,26871.0454
2026-08-20 17:07:31.347,26870.168
2026-08-20 17:07:31.763,26868.5422
2026-08-20 17:07:32.205,26866.0336
2026-08-20 17:07:32.624,26864.1864
2026-08-20 17:07:33.036,26862.9856
2026-08-20 17:07:33.463,26862.2122
2026-08-20 17:07:33.876,26861.4449
2026-08-20 17:07:34.301,26860.4555
2026-08-20 17:07:34.716,26859.4181
2026-08-20 17:07:35.157,26858.3773
2026-08-20 17:07:35.570,26859.1362
2026-08-20 17:07:35.982,26939.2063
2026-08-20 17:07:36.400,27116.7539
2026-08-20 17:07:36.817,27385.464
2026-08-20 17:07:37.278,27754.2096
2026-08-20 17:07:37.704,28114.2896
2026-08-20 17:07:38.117,28506.378
2026-08-20 17:07:38.536,28902.3678
2026-08-20 17:07:38.951,28813.2868
2026-08-20 17:07:39.432,28362.4316
2026-08-20 17:07:39.859,27972.0164
2026-08-20 17:07:40.274,27607.1298
2026-08-20 17:07:40.689,27289.5462
2026-08-20 17:07:41.116,27050.554
2026-08-20 17:07:41.532,26904.9454
2026-08-20 17:07:41.944,26923.6094
2026-08-20 17:07:42.357,27075.1142
2026-08-20 17:07:42.769,27323.5553
2026-08-20 17:07:43.193,27641.396
2026-08-20 17:07:43.616,28005.0464
2026-08-20 17:07:44.109,28464.4509
2026-08-20 17:07:44.523,28859.8461
2026-08-20 17:07:44.935,28848.3789
2026-08-20 17:07:45.353,28447.0341
2026-08-20 17:07:45.769,28061.1226
2026-08-20 17:07:46.182,27698.504
2026-08-20 17:07:46.612,27365.7002
2026-08-20 17:07:47.038,27096.5509
2026-08-20 17:07:47.455,26930.1201
2026-08-20 17:07:47.869,26897.9831
2026-08-20 17:07:48.303,27031.5932
2026-08-20 17:07:48.716,27263.5011
2026-08-20 17:07:49.134,27561.9019
2026-08-20 17:07:49.548,27439.8611
2026-08-20 17:07:49.963,27150.3724
2026-08-20 17:07:50.380,26951.9421
2026-08-20 17:07:50.795,26869.6701
2026-08-20 17:07:51.256,26972.8619
2026-08-20 17:07:51.688,27209.1558
2026-08-20 17:07:52.116,27519.0971
2026-08-20 17:07:52.531,27875.8118
2026-08-20 17:07:52.945,28246.2357
2026-08-20 17:07:53.382,28647.6749
2026-08-20 17:07:53.794,28953.8991
2026-08-20 17:07:54.218,28638.8688
2026-08-20 17:07:54.632,28237.2771
2026-08-20 17:07:55.044,27865.9065
2026-08-20 17:07:55.471,27520.3121
2026-08-20 17:07:55.896,27208.6972
2026-08-20 17:07:56.310,26991.6891
2026-08-20 17:07:56.737,26877.4
2026-08-20 17:07:57.155,26862.8277
2026-08-20 17:07:57.569,26861.3954
2026-08-20 17:07:58.013,26859.5872
2026-08-20 17:07:58.426,26857.7225
2026-08-20 17:07:58.852,26856.2317
2026-08-20 17:07:59.270,26854.8397
2026-08-20 17:07:59.687,26853.795
2026-08-20 17:08:00.099,26852.785
2026-08-20 17:08:00.535,26851.5936
2026-08-20 17:08:00.952,26850.6129
2026-08-20 17:08:01.365,26849.5423
2026-08-20 17:08:01.793,26859.1895
2026-08-20 17:08:02.209,26966.6164
2026-08-20 17:08:02.625,27168.1751
2026-08-20 17:08:03.042,27454.3337
2026-08-20 17:08:03.458,27792.5385
2026-08-20 17:08:03.872,28156.1867
2026-08-20 17:08:04.285,28538.2933
2026-08-20 17:08:04.712,28921.0021
2026-08-20 17:08:05.141,28728.5173
2026-08-20 17:08:05.559,28331.3019
2026-08-20 17:08:05.972,27950.1023
2026-08-20 17:08:06.433,27597.0609
2026-08-20 17:08:06.851,27244.9118
2026-08-20 17:08:07.269,27017.543
2026-08-20 17:08:07.695,26885.0605
2026-08-20 17:08:08.110,26922.6196
2026-08-20 17:08:08.522,27085.1276
2026-08-20 17:08:08.949,27342.6934
2026-08-20 17:08:09.364,27677.3961
2026-08-20 17:08:09.782,28040.5209
2026-08-20 17:08:10.195,28417.7167
2026-08-20 17:08:10.608,28813.0916
2026-08-20 17:08:11.019,28871.2723
2026-08-20 17:08:11.446,28469.2817
2026-08-20 17:08:11.911,28026.9525
2026-08-20 17:08:12.324,27668.1592
2026-08-20 17:08:12.737,27340.3332
2026-08-20 17:08:13.164,27073.5424
2026-08-20 17:08:13.593,26909.3536
2026-08-20 17:08:14.020,26881.7612
2026-08-20 17:08:14.435,27009.3813
2026-08-20 17:08:14.858,27233.0381
2026-08-20 17:08:15.271,27538.9903
2026-08-20 17:08:15.698,27430.9681
2026-08-20 17:08:16.110,27130.9824
2026-08-20 17:08:16.531,26933.5603
2026-08-20 17:08:16.993,26852.4163
2026-08-20 17:08:17.406,26969.3525
2026-08-20 17:08:17.819,27182.5394
2026-08-20 17:08:18.231,27479.7581
2026-08-20 17:08:18.707,27821.7327
2026-08-20 17:08:19.158,28245.1605
2026-08-20 17:08:19.626,28668.3782
2026-08-20 17:08:20.044,28905.3126
2026-08-20 17:08:20.458,28521.3769
2026-08-20 17:08:20.886,28132.5016
2026-08-20 17:08:21.305,27752.2703
2026-08-20 17:08:21.720,27406.736
2026-08-20 17:08:22.132,27121.0095
2026-08-20 17:08:22.545,26930.6627
2026-08-20 17:08:22.982,26836.6372
2026-08-20 17:08:23.395,26829.4501
2026-08-20 17:08:23.820,26827.1639
2026-08-20 17:08:24.237,26824.5812
2026-08-20 17:08:24.649,26822.1877
2026-08-20 17:08:25.063,26819.7507
2026-08-20 17:08:25.502,26817.6669
2026-08-20 17:08:25.914,26815.4215
2026-08-20 17:08:26.328,26813.3391
2026-08-20 17:08:26.744,26811.7044
2026-08-20 17:08:27.156,26810.3589
2026-08-20 17:08:27.567,26808.8353
2026-08-20 17:08:27.981,26822.0893
2026-08-20 17:08:28.409,26937.9863
2026-08-20 17:08:28.827,27153.2877
2026-08-20 17:08:29.241,27448.0974
2026-08-20 17:08:29.659,27787.2929
2026-08-20 17:08:30.072,28155.5766
2026-08-20 17:08:30.484,28538.7945
2026-08-20 17:08:30.898,28897.702
2026-08-20 17:08:31.312,28667.9626
2026-08-20 17:08:31.724,28270.2083
2026-08-20 17:08:32.168,27895.1728
2026-08-20 17:08:32.582,27515.6502
2026-08-20 17:08:33.010,27204.4329
2026-08-20 17:08:33.427,26968.003
2026-08-20 17:08:33.839,26835.7941
2026-08-20 17:08:34.255,26870.1891
2026-08-20 17:08:34.670,27029.2387
2026-08-20 17:08:35.110,27285.533
2026-08-20 17:08:35.535,27630.7427
2026-08-20 17:08:35.952,27997.3796
2026-08-20 17:08:36.379,28379.1941
2026-08-20 17:08:36.792,28787.3772
2026-08-20 17:08:37.232,28789.2944
2026-08-20 17:08:37.644,28360.8056
2026-08-20 17:08:38.067,27978.7811
2026-08-20 17:08:38.494,27611.0765
2026-08-20 17:08:38.955,27272.9583
2026-08-20 17:08:39.385,26990.5538
2026-08-20 17:08:39.798,26841.0706
2026-08-20 17:08:40.230,26844.611
2026-08-20 17:08:40.644,26991.1255
2026-08-20 17:08:41.057,27233.6258
2026-08-20 17:08:41.503,27515.2273
2026-08-20 17:08:41.919,27295.347
2026-08-20 17:08:42.332,27021.8575
2026-08-20 17:08:42.745,26846.8033
2026-08-20 17:08:43.158,26797.9974
2026-08-20 17:08:43.592,26919.7139
2026-08-20 17:08:44.003,27149.434
2026-08-20 17:08:44.431,27461.6016
2026-08-20 17:08:44.866,27819.532
2026-08-20 17:08:45.293,28194.5423
2026-08-20 17:08:45.705,28594.2393
2026-08-20 17:08:46.118,28871.0704
2026-08-20 17:08:46.545,28524.4758
2026-08-20 17:08:46.971,28133.2628
2026-08-20 17:08:47.387,27752.5472
2026-08-20 17:08:47.801,27404.7691
2026-08-20 17:08:48.262,27106.8925
2026-08-20 17:08:48.693,26880.2199
2026-08-20 17:08:49.107,26782.2673
2026-08-20 17:08:49.519,26773.6605
2026-08-20 17:08:49.931,26771.6447
2026-08-20 17:08:50.354,26769.1785
2026-08-20 17:08:50.794,26766.6798
2026-08-20 17:08:51.222,26763.9228
2026-08-20 17:08:51.656,26761.7659
2026-08-20 17:08:52.069,26759.5977
2026-08-20 17:08:52.481,26757.5324
2026-08-20 17:08:52.893,26755.626
2026-08-20 17:08:53.328,26753.6903
2026-08-20 17:08:53.741,26751.3968
2026-08-20 17:08:54.153,26766.4715
2026-08-20 17:08:54.566,26886.0753
2026-08-20 17:08:54.978,27095.5652
2026-08-20 17:08:55.396,27385.6045
2026-08-20 17:08:55.809,27726.6593
2026-08-20 17:08:56.223,28089.742
2026-08-20 17:08:56.663,28472.3825
2026-08-20 17:08:57.076,28838.4506
2026-08-20 17:08:57.497,28578.1139
2026-08-20 17:08:57.910,28175.5312
2026-08-20 17:08:58.323,27801.9637
2026-08-20 17:08:58.736,27451.5361
2026-08-20 17:08:59.148,27141.5842
2026-08-20 17:08:59.576,26912.7074
2026-08-20 17:09:00.006,26775.0151
2026-08-20 17:09:00.423,26811.3631
2026-08-20 17:09:00.835,26972.9796
2026-08-20 17:09:01.261,27228.9168
2026-08-20 17:09:01.674,27561.4855
2026-08-20 17:09:02.088,27916.5706
2026-08-20 17:09:02.512,28291.2438
2026-08-20 17:09:02.926,28694.2961
2026-08-20 17:09:03.343,28744.7366
2026-08-20 17:09:03.756,28337.9323
2026-08-20 17:09:04.175,27954.6602
2026-08-20 17:09:04.589,27588.2808
2026-08-20 17:09:05.008,27256.0573
2026-08-20 17:09:05.420,26982.1142
2026-08-20 17:09:05.832,26810.3661
2026-08-20 17:09:06.251,26753.7724
2026-08-20 17:09:06.683,26869.9144
2026-08-20 17:09:07.095,27083.1184
2026-08-20 17:09:07.510,27380.0545
2026-08-20 17:09:07.929,27357.3074
2026-08-20 17:09:08.357,27051.9411
2026-08-20 17:09:08.770,26831.5369
2026-08-20 17:09:09.197,26727.015
2026-08-20 17:09:09.610,26809.9622
2026-08-20 17:09:10.029,26998.6323
2026-08-20 17:09:10.445,27281.8557
2026-08-20 17:09:10.859,27617.3222
2026-08-20 17:09:11.294,27989.9137
2026-08-20 17:09:11.710,28376.3681
2026-08-20 17:09:12.137,28759.8059
2026-08-20 17:09:12.554,28588.6651
2026-08-20 17:09:12.965,28189.2233
2026-08-20 17:09:13.431,27767.2356
2026-08-20 17:09:13.857,27416.6281
2026-08-20 17:09:14.270,27096.7754
2026-08-20 17:09:14.691,26868.5466
2026-08-20 17:09:15.105,26735.3956
2026-08-20 17:09:15.532,26706.4536
2026-08-20 17:09:15.944,26704.6049
2026-08-20 17:09:16.360,26702.3291
2026-08-20 17:09:16.777,26700.337
2026-08-20 17:09:17.191,26699.5706
2026-08-20 17:09:17.608,26698.2571
2026-08-20 17:09:18.020,26696.5822
2026-08-20 17:09:18.438,26694.845
2026-08-20 17:09:18.856,26692.9724
2026-08-20 17:09:19.272,26691.2524
2026-08-20 17:09:19.687,26689.7413
2026-08-20 17:09:20.110,26688.7774
2026-08-20 17:09:20.523,26758.4494
2026-08-20 17:09:20.936,26926.5973
2026-08-20 17:09:21.349,27181.8417
2026-08-20 17:09:21.761,27500.1031
2026-08-20 17:09:22.174,27849.4628
2026-08-20 17:09:22.593,28221.0489
2026-08-20 17:09:23.011,28616.3476
2026-08-20 17:09:23.439,28710.0218
2026-08-20 17:09:23.852,28302.5269
2026-08-20 17:09:24.265,27921.2027
2026-08-20 17:09:24.692,27548.2229
2026-08-20 17:09:25.152,27183.1838
2026-08-20 17:09:25.566,26923.6743
2026-08-20 17:09:26.046,26743.5022
2026-08-20 17:09:26.460,26728.2528
2026-08-20 17:09:26.872,26865.0399
2026-08-20 17:09:27.295,27095.8637
2026-08-20 17:09:27.708,27411.6376
2026-08-20 17:09:28.141,27771.2852
2026-08-20 17:09:28.558,28145.3776
2026-08-20 17:09:28.970,28535.876
2026-08-20 17:09:29.384,28743.2891
2026-08-20 17:09:29.798,28374.0606
2026-08-20 17:09:30.212,27986.8101
2026-08-20 17:09:30.625,27622.7016
2026-08-20 17:09:31.091,27245.2873
2026-08-20 17:09:31.504,26964.176
2026-08-20 17:09:31.927,26779.7795
2026-08-20 17:09:32.341,26702.4224
2026-08-20 17:09:32.753,26798.0618
2026-08-20 17:09:33.167,26991.2981
2026-08-20 17:09:33.585,27279.6683
2026-08-20 17:09:33.998,27347.1126
2026-08-20 17:09:34.454,27021.6444
2026-08-20 17:09:34.871,26798.0145
2026-08-20 17:09:35.284,26684.3046
2026-08-20 17:09:35.696,26752.6917
2026-08-20 17:09:36.109,26931.9624
2026-08-20 17:09:36.521,27201.8173
2026-08-20 17:09:36.934,27529.0589
2026-08-20 17:09:37.347,27884.4801
2026-08-20 17:09:37.775,28259.138
2026-08-20 17:09:38.188,28665.1948
2026-08-20 17:09:38.602,28608.8105
2026-08-20 17:09:39.018,28211.3009
2026-08-20 17:09:39.431,27830.6346
2026-08-20 17:09:39.844,27474.2833
2026-08-20 17:09:40.255,27150.559
2026-08-20 17:09:40.668,26892.9003
2026-08-20 17:09:41.081,26732.1353
2026-08-20 17:09:41.493,26669.1519
2026-08-20 17:09:41.920,26667.6003
2026-08-20 17:09:42.338,26665.5666
2026-08-20 17:09:42.751,26663.4456
2026-08-20 17:09:43.178,26661.3491
2026-08-20 17:09:43.590,26659.3564
2026-08-20 17:09:44.003,26657.4238
2026-08-20 17:09:44.424,26655.9614
2026-08-20 17:09:44.927,26653.6975
2026-08-20 17:09:45.393,26651.6796
2026-08-20 17:09:45.807,26649.8458
2026-08-20 17:09:46.230,26648.6616
2026-08-20 17:09:46.643,26716.8571
2026-08-20 17:09:47.074,26883.2098
2026-08-20 17:09:47.567,27207.9136
2026-08-20 17:09:48.040,27533.7688
2026-08-20 17:09:48.471,27945.7813
2026-08-20 17:09:48.883,28334.9951
2026-08-20 17:09:49.295,28700.9632
2026-08-20 17:09:49.708,28505.1965
2026-08-20 17:09:50.121,28113.3275
2026-08-20 17:09:50.534,27739.8112
2026-08-20 17:09:50.951,27390.204
2026-08-20 17:09:51.390,27073.0822
2026-08-20 17:09:51.804,26822.5638
2026-08-20 17:09:52.228,26684.2049
2026-08-20 17:09:52.641,26702.2173
2026-08-20 17:09:53.053,26852.5723
2026-08-20 17:09:53.519,27135.1939
2026-08-20 17:09:53.932,27455.5107
2026-08-20 17:09:54.345,27807.4044
2026-08-20 17:09:54.757,28178.6735
2026-08-20 17:09:55.170,28566.9582
2026-08-20 17:09:55.584,28644.3493
2026-08-20 17:09:55.996,28247.2374
2026-08-20 17:09:56.409,27867.6855
2026-08-20 17:09:56.824,27509.648
2026-08-20 17:09:57.252,27176.9495
2026-08-20 17:09:57.664,26896.846
2026-08-20 17:09:58.090,26718.8453
2026-08-20 17:09:58.512,26662.2062
2026-08-20 17:09:58.940,26773.5536
2026-08-20 17:09:59.354,26987.9132
2026-08-20 17:09:59.775,27282.9156
2026-08-20 17:10:00.188,27258.5824
2026-08-20 17:10:00.600,26960.5958
2026-08-20 17:10:01.014,26748.5002
2026-08-20 17:10:01.430,26639.1038
2026-08-20 17:10:01.846,26710.1757
2026-08-20 17:10:02.259,26891.3693
2026-08-20 17:10:02.673,27162.2539
2026-08-20 17:10:03.086,27490.128
2026-08-20 17:10:03.514,27857.3504
2026-08-20 17:10:03.927,28233.2012
2026-08-20 17:10:04.340,28623.0232
2026-08-20 17:10:04.752,28559.8762
2026-08-20 17:10:05.166,28164.6883
2026-08-20 17:10:05.585,27787.0292
2026-08-20 17:10:06.013,27427.6732
2026-08-20 17:10:06.507,27040.5227
2026-08-20 17:10:06.933,26801.376
2026-08-20 17:10:07.347,26659.865
2026-08-20 17:10:07.774,26624.1311
2026-08-20 17:10:08.198,26623.0341
2026-08-20 17:10:08.611,26620.9225
2026-08-20 17:10:09.038,26618.7747
2026-08-20 17:10:09.454,26616.7701
2026-08-20 17:10:09.868,26614.9116
2026-08-20 17:10:10.329,26612.902
2026-08-20 17:10:10.742,26610.9547
2026-08-20 17:10:11.158,26609.3182
2026-08-20 17:10:11.570,26607.5044
2026-08-20 17:10:11.983,26606.0505
2026-08-20 17:10:12.398,26604.7938
2026-08-20 17:10:12.812,26663.5241
2026-08-20 17:10:13.226,26823.358
2026-08-20 17:10:13.692,27107.7573
2026-08-20 17:10:14.113,27426.2437
2026-08-20 17:10:14.525,27782.9561
2026-08-20 17:10:14.961,28165.7558
2026-08-20 17:10:15.379,28562.5218
2026-08-20 17:10:15.791,28575.5547
2026-08-20 17:10:16.217,28165.4805
2026-08-20 17:10:16.630,27788.8416
2026-08-20 17:10:17.042,27433.0914
2026-08-20 17:10:17.458,27108.7701
2026-08-20 17:10:17.870,26845.3947
2026-08-20 17:10:18.338,26663.398
2026-08-20 17:10:18.750,26636.4669
2026-08-20 17:10:19.162,26763.8234
2026-08-20 17:10:19.575,26984.0837
2026-08-20 17:10:20.003,27295.3205
2026-08-20 17:10:20.470,27683.4364
2026-08-20 17:10:20.884,28051.5327
2026-08-20 17:10:21.311,28451.2039
2026-08-20 17:10:21.737,28638.8755
2026-08-20 17:10:22.149,28253.1807
2026-08-20 17:10:22.581,27859.5215
2026-08-20 17:10:22.995,27493.6056
2026-08-20 17:10:23.412,27159.3283
2026-08-20 17:10:23.828,26878.3197
2026-08-20 17:10:24.241,26692.595
2026-08-20 17:10:24.704,26617.1031
2026-08-20 17:10:25.120,26722.0559
2026-08-20 17:10:25.537,26924.6333
2026-08-20 17:10:25.954,27216.2983
2026-08-20 17:10:26.371,27225.5384
2026-08-20 17:10:26.785,26922.2857
2026-08-20 17:10:27.211,26707.2821
2026-08-20 17:10:27.627,26594.5748
2026-08-20 17:10:28.041,26668.3857
2026-08-20 17:10:28.453,26850.6058
2026-08-20 17:10:28.878,27122.1586
2026-08-20 17:10:29.294,27462.844
2026-08-20 17:10:29.717,27817.5526
2026-08-20 17:10:30.132,28202.1641
2026-08-20 17:10:30.560,28600.8247
2026-08-20 17:10:30.979,28475.0873
2026-08-20 17:10:31.406,28076.4753
2026-08-20 17:10:31.820,27689.7034
2026-08-20 17:10:32.232,27338.141
2026-08-20 17:10:32.651,27020.995
2026-08-20 17:10:33.063,26774.0239
2026-08-20 17:10:33.476,26628.2419
2026-08-20 17:10:33.893,26580.7566
2026-08-20 17:10:34.306,26579.9296
2026-08-20 17:10:34.723,26578.0107
2026-08-20 17:10:35.136,26575.905
2026-08-20 17:10:35.549,26573.6099
2026-08-20 17:10:35.964,26571.6737
2026-08-20 17:10:36.379,26570.1305
2026-08-20 17:10:36.798,26568.4492
2026-08-20 17:10:37.213,26566.6503
2026-08-20 17:10:37.629,26564.8455
2026-08-20 17:10:38.056,26563.4399
2026-08-20 17:10:38.468,26561.9794
2026-08-20 17:10:38.895,26606.7272
2026-08-20 17:10:39.321,26755.9327
2026-08-20 17:10:39.733,27001.8375
2026-08-20 17:10:40.159,27319.5511
2026-08-20 17:10:40.571,27663.3312
2026-08-20 17:10:40.994,28029.3169
2026-08-20 17:10:41.412,28422.9997
2026-08-20 17:10:41.845,28610.3245
2026-08-20 17:10:42.256,28216.4417
2026-08-20 17:10:42.684,27823.2271
2026-08-20 17:10:43.097,27462.8019
2026-08-20 17:10:43.511,27129.1595
2026-08-20 17:10:43.924,26851.5469
2026-08-20 17:10:44.336,26664.6848
2026-08-20 17:10:44.808,26584.0536
2026-08-20 17:10:45.255,26710.2119
2026-08-20 17:10:45.671,26924.3922
2026-08-20 17:10:46.084,27222.8081
2026-08-20 17:10:46.497,27562.3111
2026-08-20 17:10:46.918,27925.2131
2026-08-20 17:10:47.423,28389.723
2026-08-20 17:10:47.902,28583.6206
2026-08-20 17:10:48.314,28182.4327
2026-08-20 17:10:48.728,27803.1075
2026-08-20 17:10:49.158,27429.3482
2026-08-20 17:10:49.571,27097.3083
2026-08-20 17:10:49.986,26825.3118
2026-08-20 17:10:50.413,26646.8916
2026-08-20 17:10:50.825,26579.7164
2026-08-20 17:10:51.260,26686.9629
2026-08-20 17:10:51.679,26894.4029
2026-08-20 17:10:52.097,27190.359
2026-08-20 17:10:52.522,27179.7174
2026-08-20 17:10:52.936,26873.9315
2026-08-20 17:10:53.349,26663.8108
2026-08-20 17:10:53.762,26558.6698
2026-08-20 17:10:54.175,26634.2546
2026-08-20 17:10:54.608,26817.5497
2026-08-20 17:10:55.021,27105.204
2026-08-20 17:10:55.434,27434.858
2026-08-20 17:10:55.851,27791.8446
2026-08-20 17:10:56.263,28171.1398
2026-08-20 17:10:56.682,28558.9254
2026-08-20 17:10:57.173,28374.3882
2026-08-20 17:10:57.585,27984.9694
2026-08-20 17:10:58.002,27614.3558
2026-08-20 17:10:58.415,27263.8464
2026-08-20 17:10:58.827,26952.6906
2026-08-20 17:10:59.247,26720.7842
2026-08-20 17:10:59.660,26583.0306
2026-08-20 17:11:00.076,26548.9772
2026-08-20 17:11:00.490,26548.4719
2026-08-20 17:11:00.908,26546.8742
2026-08-20 17:11:01.323,26545.1984
2026-08-20 17:11:01.756,26543.6052
2026-08-20 17:11:02.169,26542.2574
2026-08-20 17:11:02.581,26540.8965
2026-08-20 17:11:03.019,26539.7457
2026-08-20 17:11:03.484,26538.3928
2026-08-20 17:11:03.900,26537.0245
2026-08-20 17:11:04.328,26536.1736
2026-08-20 17:11:04.751,26537.9253
2026-08-20 17:11:05.167,26622.4165
2026-08-20 17:11:05.581,26803.2563
2026-08-20 17:11:06.005,27069.5298
2026-08-20 17:11:06.420,27402.402
2026-08-20 17:11:06.847,27757.8183
2026-08-20 17:11:07.261,28145.4459
2026-08-20 17:11:07.674,28537.6658
2026-08-20 17:11:08.091,28485.4102
2026-08-20 17:11:08.503,28085.5097
2026-08-20 17:11:08.931,27697.1096
2026-08-20 17:11:09.350,27342.9067
2026-08-20 17:11:09.767,27013.1232
2026-08-20 17:11:10.179,26761.3845
2026-08-20 17:11:10.599,26605.0825
2026-08-20 17:11:11.021,26578.8484
2026-08-20 17:11:11.434,26713.9222
2026-08-20 17:11:11.861,26950.9688
2026-08-20 17:11:12.275,27257.8942
2026-08-20 17:11:12.703,27604.9346
2026-08-20 17:11:13.118,27987.4976
2026-08-20 17:11:13.545,28376.0346
2026-08-20 17:11:13.957,28603.0987
2026-08-20 17:11:14.374,28239.3458
2026-08-20 17:11:14.788,27850.6733
2026-08-20 17:11:15.206,27486.3877
2026-08-20 17:11:15.618,27144.2795
2026-08-20 17:11:16.030,26857.7909
2026-08-20 17:11:16.460,26662.257
2026-08-20 17:11:16.872,26567.0946
2026-08-20 17:11:17.284,26647.4882
2026-08-20 17:11:17.697,26830.0379
2026-08-20 17:11:18.109,27106.0734
2026-08-20 17:11:18.522,27244.2101
2026-08-20 17:11:18.949,26947.9926
2026-08-20 17:11:19.361,26702.6213
2026-08-20 17:11:19.782,26564.6006
2026-08-20 17:11:20.196,26594.9843
2026-08-20 17:11:20.609,26755.3589
2026-08-20 17:11:21.024,27009.8935
2026-08-20 17:11:21.438,27331.6693
2026-08-20 17:11:21.850,27684.831
2026-08-20 17:11:22.270,28057.7893
2026-08-20 17:11:22.683,28454.4597
2026-08-20 17:11:23.129,28594.5873
2026-08-20 17:11:23.542,28175.433
2026-08-20 17:11:23.956,27792.5753
2026-08-20 17:11:24.370,27431.1103
2026-08-20 17:11:24.782,27096.2127
2026-08-20 17:11:25.193,26820.4572
2026-08-20 17:11:25.607,26638.9166
2026-08-20 17:11:26.019,26554.0225
2026-08-20 17:11:26.431,26549.1474
2026-08-20 17:11:26.843,26548.0329
2026-08-20 17:11:27.269,26547.2083
2026-08-20 17:11:27.687,26546.2325
2026-08-20 17:11:28.122,26545.0627
2026-08-20 17:11:28.535,26544.0109
2026-08-20 17:11:28.947,26543.1345
2026-08-20 17:11:29.367,26541.9524
2026-08-20 17:11:29.780,26540.9468
2026-08-20 17:11:30.207,26540.2008
2026-08-20 17:11:30.624,26539.4677
2026-08-20 17:11:31.037,26556.1758
2026-08-20 17:11:31.450,26675.7406
2026-08-20 17:11:31.863,26885.3473
2026-08-20 17:11:32.276,27174.1522
2026-08-20 17:11:32.694,27510.3686
2026-08-20 17:11:33.109,27877.0819
2026-08-20 17:11:33.569,28304.8766
2026-08-20 17:11:33.981,28627.8954
2026-08-20 17:11:34.393,28344.8891
2026-08-20 17:11:34.806,27954.5764
2026-08-20 17:11:35.220,27584.0367
2026-08-20 17:11:35.633,27237.0423
2026-08-20 17:11:36.046,26929.8863
2026-08-20 17:11:36.513,26684.3502
2026-08-20 17:11:36.926,26567.9375
2026-08-20 17:11:37.350,26624.5231
2026-08-20 17:11:37.778,26799.6811
2026-08-20 17:11:38.196,27077.2245
2026-08-20 17:11:38.657,27450.4127
2026-08-20 17:11:39.070,27811.5701
2026-08-20 17:11:39.483,28190.7613
2026-08-20 17:11:39.895,28577.472
2026-08-20 17:11:40.308,28446.7744
2026-08-20 17:11:40.734,28052.9189
2026-08-20 17:11:41.148,27664.0859
2026-08-20 17:11:41.570,27310.9586
2026-08-20 17:11:41.983,26985.2743
2026-08-20 17:11:42.415,26739.8701
2026-08-20 17:11:42.828,26591.1002
2026-08-20 17:11:43.242,26590.5931
2026-08-20 17:11:43.655,26730.4599
2026-08-20 17:11:44.067,26966.0433
2026-08-20 17:11:44.546,27264.724
2026-08-20 17:11:44.964,27040.9079
2026-08-20 17:11:45.390,26769.401
2026-08-20 17:11:45.803,26594.7005
2026-08-20 17:11:46.216,26561.7759
2026-08-20 17:11:46.664,26694.3436
2026-08-20 17:11:47.078,26943.8895
2026-08-20 17:11:47.491,27254.1565
2026-08-20 17:11:47.919,27614.577
2026-08-20 17:11:48.365,28002.7131
2026-08-20 17:11:48.778,28403.7072
2026-08-20 17:11:49.190,28604.6939
2026-08-20 17:11:49.619,28218.262
2026-08-20 17:11:50.032,27832.6023
2026-08-20 17:11:50.444,27468.3702
2026-08-20 17:11:50.857,27129.9572
2026-08-20 17:11:51.269,26844.0202
2026-08-20 17:11:51.681,26650.7815
2026-08-20 17:11:52.114,26552.1957
2026-08-20 17:11:52.560,26544.4398
2026-08-20 17:11:52.977,26543.2616
2026-08-20 17:11:53.393,26541.5669
2026-08-20 17:11:53.811,26539.8817
2026-08-20 17:11:54.225,26538.2852
2026-08-20 17:11:54.637,26536.9034
2026-08-20 17:11:55.070,26535.2655
2026-08-20 17:11:55.505,26533.8379
2026-08-20 17:11:55.919,26532.5399
2026-08-20 17:11:56.331,26531.3626
2026-08-20 17:11:56.756,26529.9625
2026-08-20 17:11:57.169,26547.4722
2026-08-20 17:11:57.581,26668.1016
2026-08-20 17:11:58.001,26878.362
2026-08-20 17:11:58.420,27175.008
2026-08-20 17:11:58.836,27517.6351
2026-08-20 17:11:59.265,27884.1336
2026-08-20 17:11:59.680,28282.274
2026-08-20 17:12:00.093,28621.7597
2026-08-20 17:12:00.505,28357.0574
2026-08-20 17:12:00.931,27966.1038
2026-08-20 17:12:01.350,27582.6046
2026-08-20 17:12:01.763,27230.4086
2026-08-20 17:12:02.187,26924.2248
2026-08-20 17:12:02.620,26686.3025
2026-08-20 17:12:03.046,26565.2233
2026-08-20 17:12:03.459,26615.4892
2026-08-20 17:12:03.871,26782.449
2026-08-20 17:12:04.299,27044.3319
2026-08-20 17:12:04.713,27382.3501
2026-08-20 17:12:05.126,27740.2865
2026-08-20 17:12:05.576,28148.5983
2026-08-20 17:12:05.989,28548.0021
2026-08-20 17:12:06.416,28476.2318
2026-08-20 17:12:06.829,28079.4687
2026-08-20 17:12:07.240,27700.4157
2026-08-20 17:12:07.653,27344.64
2026-08-20 17:12:08.067,27019.7225
2026-08-20 17:12:08.493,26763.6889
2026-08-20 17:12:08.904,26601.6972
2026-08-20 17:12:09.335,26575.3231
2026-08-20 17:12:09.746,26709.7618
2026-08-20 17:12:10.165,26935.9029
2026-08-20 17:12:10.578,27236.4282
2026-08-20 17:12:10.996,27107.9352
2026-08-20 17:12:11.408,26819.1649
2026-08-20 17:12:11.849,26625.7821
2026-08-20 17:12:12.270,26547.672
2026-08-20 17:12:12.685,26660.8144
2026-08-20 17:12:13.099,26871.2079
2026-08-20 17:12:13.514,27166.8362
2026-08-20 17:12:13.928,27508.9922
2026-08-20 17:12:14.342,27875.0901
2026-08-20 17:12:14.754,28260.1253
2026-08-20 17:12:15.182,28616.8599
2026-08-20 17:12:15.608,28370.9562
2026-08-20 17:12:16.024,27966.1825
2026-08-20 17:12:16.437,27590.2535
2026-08-20 17:12:16.857,27240.9866
2026-08-20 17:12:17.271,26925.9732
2026-08-20 17:12:17.716,26699.3098
2026-08-20 17:12:18.147,26562.104
2026-08-20 17:12:18.559,26541.7564
2026-08-20 17:12:18.985,26540.7192
2026-08-20 17:12:19.399,26538.8632
2026-08-20 17:12:19.812,26537.1989
2026-08-20 17:12:20.225,26535.8753
2026-08-20 17:12:20.660,26534.395
2026-08-20 17:12:21.079,26532.9468
2026-08-20 17:12:21.491,26531.5508
2026-08-20 17:12:21.904,26530.4885
2026-08-20 17:12:22.317,26529.383
2026-08-20 17:12:22.732,26528.4625
2026-08-20 17:12:23.147,26529.7383
2026-08-20 17:12:23.559,26611.1816
2026-08-20 17:12:24.065,26838.1512
2026-08-20 17:12:24.491,27122.3263
2026-08-20 17:12:24.904,27465.9969
2026-08-20 17:12:25.319,27827.482
2026-08-20 17:12:25.764,28210.7081
2026-08-20 17:12:26.179,28606.5305
2026-08-20 17:12:26.600,28393.8367
2026-08-20 17:12:27.012,27991.7492
2026-08-20 17:12:27.478,27616.803
2026-08-20 17:12:27.898,27218.1485
2026-08-20 17:12:28.313,26911.6741
2026-08-20 17:12:28.724,26688.7423
2026-08-20 17:12:29.136,26563.3654
2026-08-20 17:12:29.550,26601.7402
2026-08-20 17:12:29.964,26761.4757
2026-08-20 17:12:30.392,27028.6919
2026-08-20 17:12:30.819,27353.2375
2026-08-20 17:12:31.248,27721.9123
2026-08-20 17:12:31.660,28113.1288
2026-08-20 17:12:32.085,28506.7679
2026-08-20 17:12:32.499,28512.8556
2026-08-20 17:12:32.921,28110.2147
2026-08-20 17:12:33.333,27721.1197
2026-08-20 17:12:33.753,27363.0934
2026-08-20 17:12:34.166,27029.1503
2026-08-20 17:12:34.592,26767.7352
2026-08-20 17:12:35.006,26599.2191
2026-08-20 17:12:35.473,26561.8917
2026-08-20 17:12:35.891,26708.2179
2026-08-20 17:12:36.317,26939.5901
2026-08-20 17:12:36.734,27236.6149
2026-08-20 17:12:37.145,27074.5976
2026-08-20 17:12:37.558,26794.1777
2026-08-20 17:12:37.993,26606.1112
2026-08-20 17:12:38.406,26537.7441
2026-08-20 17:12:38.831,26652.9812
2026-08-20 17:12:39.250,26871.8164
2026-08-20 17:12:39.675,27173.8203
2026-08-20 17:12:40.133,27565.2278
2026-08-20 17:12:40.545,27933.1
2026-08-20 17:12:40.967,28318.4037
2026-08-20 17:12:41.382,28606.0966
2026-08-20 17:12:41.794,28274.2718
2026-08-20 17:12:42.207,27885.8162
2026-08-20 17:12:42.633,27516.8095
2026-08-20 17:12:43.045,27162.302
2026-08-20 17:12:43.461,26865.0859
2026-08-20 17:12:43.881,26655.0673
2026-08-20 17:12:44.296,26543.0461
2026-08-20 17:12:44.709,26527.7557
2026-08-20 17:12:45.121,26526.7133
2026-08-20 17:12:45.538,26524.7922
2026-08-20 17:12:45.955,26522.9005
2026-08-20 17:12:46.369,26521.2164
2026-08-20 17:12:46.782,26519.5274
2026-08-20 17:12:47.204,26517.9546
2026-08-20 17:12:47.616,26516.0972
2026-08-20 17:12:48.034,26514.6395
2026-08-20 17:12:48.462,26513.2223
2026-08-20 17:12:48.874,26511.8409
2026-08-20 17:12:49.288,26514.9865
2026-08-20 17:12:49.699,26602.2048
2026-08-20 17:12:50.162,26783.7048
2026-08-20 17:12:50.580,27092.7398
2026-08-20 17:12:50.993,27423.2056
2026-08-20 17:12:51.408,27781.4607
2026-08-20 17:12:51.821,28161.7947
2026-08-20 17:12:52.235,28552.1607
2026-08-20 17:12:52.697,28393.7459
2026-08-20 17:12:53.111,27998.595
2026-08-20 17:12:53.523,27623.4041
2026-08-20 17:12:53.943,27271.6178
2026-08-20 17:12:54.358,26949.1234
2026-08-20 17:12:54.771,26707.1948
2026-08-20 17:12:55.185,26561.4183
2026-08-20 17:12:55.602,26559.3613
2026-08-20 17:12:56.035,26704.637
2026-08-20 17:12:56.449,26953.0357
2026-08-20 17:12:56.860,27266.9052
2026-08-20 17:12:57.273,27615.3359
2026-08-20 17:12:57.697,27985.9591
2026-08-20 17:12:58.110,28384.5159
2026-08-20 17:12:58.523,28565.075
2026-08-20 17:12:58.935,28187.3444
2026-08-20 17:12:59.347,27802.2271
2026-08-20 17:12:59.812,27394.3526
2026-08-20 17:13:00.238,27060.8619
2026-08-20 17:13:00.652,26777.7492
2026-08-20 17:13:01.065,26598.6409
2026-08-20 17:13:01.484,26531.6411
2026-08-20 17:13:01.898,26634.4166
2026-08-20 17:13:02.328,26834.7404
2026-08-20 17:13:02.748,27137.3574
2026-08-20 17:13:03.162,27142.0945
2026-08-20 17:13:03.574,26840.7146
2026-08-20 17:13:03.987,26625.6146
2026-08-20 17:13:04.399,26513.6496
2026-08-20 17:13:04.811,26580.9954
2026-08-20 17:13:05.237,26758.7857
2026-08-20 17:13:05.664,27038.7209
2026-08-20 17:13:06.091,27378.4606
2026-08-20 17:13:06.511,27748.439
2026-08-20 17:13:06.925,28131.5363
2026-08-20 17:13:07.351,28521.2664
2026-08-20 17:13:07.828,28349.6793
2026-08-20 17:13:08.294,27943.9464
2026-08-20 17:13:08.711,27523.7207
2026-08-20 17:13:09.135,27174.6743
2026-08-20 17:13:09.548,26862.8637
2026-08-20 17:13:09.961,26645.266
2026-08-20 17:13:10.375,26523.6126
2026-08-20 17:13:10.803,26500.3146
2026-08-20 17:13:11.216,26498.932
2026-08-20 17:13:11.634,26496.9283
2026-08-20 17:13:12.046,26494.9482
2026-08-20 17:13:12.472,26492.9632
2026-08-20 17:13:12.887,26491.3735
2026-08-20 17:13:13.301,26489.6019
2026-08-20 17:13:13.713,26488.1559
2026-08-20 17:13:14.134,26486.6688
2026-08-20 17:13:14.553,26485.2242
2026-08-20 17:13:14.981,26483.7297
2026-08-20 17:13:15.397,26484.535
2026-08-20 17:13:15.813,26565.7301
2026-08-20 17:13:16.238,26743.1141
2026-08-20 17:13:16.650,27014.7187
2026-08-20 17:13:17.062,27336.5368
2026-08-20 17:13:17.545,27736.6635
2026-08-20 17:13:17.961,28127.2749
2026-08-20 17:13:18.388,28515.0036
2026-08-20 17:13:18.813,28370.8236
2026-08-20 17:13:19.227,27965.4362
2026-08-20 17:13:19.643,27587.7992
2026-08-20 17:13:20.057,27236.7232
2026-08-20 17:13:20.470,26920.6769
2026-08-20 17:13:20.883,26678.5752
2026-08-20 17:13:21.296,26532.0172
2026-08-20 17:13:21.722,26525.5164
2026-08-20 17:13:22.198,26693.0728
2026-08-20 17:13:22.610,26949.1232
2026-08-20 17:13:23.023,27265.8734
2026-08-20 17:13:23.435,27615.6339
2026-08-20 17:13:23.861,27986.2259
2026-08-20 17:13:24.274,28385.8406
2026-08-20 17:13:24.749,28638.946
2026-08-20 17:13:25.168,28632.3891
2026-08-20 17:13:25.591,28628.4489
2026-08-20 17:13:26.004,28625.3628
2026-08-20 17:13:26.431,28622.8455
2026-08-20 17:13:26.844,28620.5839
2026-08-20 17:13:27.269,28618.8138
2026-08-20 17:13:27.682,28617.0326
2026-08-20 17:13:28.096,28615.383
2026-08-20 17:13:28.511,28613.5065
2026-08-20 17:13:28.923,28611.6721
2026-08-20 17:13:29.351,28609.8673
2026-08-20 17:13:29.796,28608.4168
2026-08-20 17:13:30.209,28607.2712
2026-08-20 17:13:30.630,28606.1533
2026-08-20 17:13:31.043,28604.7167
2026-08-20 17:13:31.480,28603.4272
2026-08-20 17:13:31.893,28602.4683
2026-08-20 17:13:32.313,28601.3759
2026-08-20 17:13:32.734,28600.2985
2026-08-20 17:13:33.146,28599.2051
2026-08-20 17:13:33.559,28598.4065
2026-08-20 17:13:33.971,28596.957
2026-08-20 17:13:34.387,28595.9243
2026-08-20 17:13:34.799,28594.7508
2026-08-20 17:13:35.226,28593.4236
2026-08-20 17:13:35.706,28592.3036
2026-08-20 17:13:36.120,28591.3401
2026-08-20 17:13:36.533,28590.1655
2026-08-20 17:13:36.946,28589.2946
2026-08-20 17:13:37.358,28588.1255
2026-08-20 17:13:37.802,28587.0697
2026-08-20 17:13:38.222,28586.2108
2026-08-20 17:13:38.635,28585.4521
2026-08-20 17:13:39.046,28584.7547
2026-08-20 17:13:39.461,28583.8991
2026-08-20 17:13:39.872,28582.7338
2026-08-20 17:13:40.306,28581.8169
2026-08-20 17:13:40.743,28580.3647
2026-08-20 17:13:41.155,28579.5303
2026-08-20 17:13:41.581,28579.1331
2026-08-20 17:13:41.995,28578.1413
2026-08-20 17:13:42.435,28577.5387
2026-08-20 17:13:42.877,28576.9358
2026-08-20 17:13:43.290,28576.0093
2026-08-20 17:13:43.703,28575.1806
2026-08-20 17:13:44.116,28574.1095
2026-08-20 17:13:44.541,28573.571
2026-08-20 17:13:45.002,28572.2403
2026-08-20 17:13:45.414,28570.9179
2026-08-20 17:13:45.826,28569.9608
2026-08-20 17:13:46.240,28568.5019
2026-08-20 17:13:46.661,28567.9109
2026-08-20 17:13:47.073,28567.1661
2026-08-20 17:13:47.489,28566.4726
2026-08-20 17:13:47.901,28565.3709
2026-08-20 17:13:48.314,28564.545
2026-08-20 17:13:48.735,28563.676
2026-08-20 17:13:49.146,28562.8415
2026-08-20 17:13:49.569,28561.6924
2026-08-20 17:13:49.981,28560.9077
2026-08-20 17:13:50.395,28560.2901
2026-08-20 17:13:50.807,28559.5711
2026-08-20 17:13:51.221,28558.5702
2026-08-20 17:13:51.635,28557.7194
2026-08-20 17:13:52.051,28556.8563
2026-08-20 17:13:52.513,28554.2497
2026-08-20 17:13:52.939,28535.9812
2026-08-20 17:13:53.352,28514.5375
2026-08-20 17:13:53.768,28493.5223
2026-08-20 17:13:54.182,28472.7314
2026-08-20 17:13:54.621,28452.1744
2026-08-20 17:13:55.033,28430.6307
2026-08-20 17:13:55.456,28410.1491
2026-08-20 17:13:55.869,28389.1689
2026-08-20 17:13:56.330,28368.3379
2026-08-20 17:13:56.747,28345.4251
2026-08-20 17:13:57.191,28323.3717
2026-08-20 17:13:57.605,28303.1343
2026-08-20 17:13:58.084,28280.3052
2026-08-20 17:13:58.497,28259.4307
2026-08-20 17:13:58.920,28239.3062
2026-08-20 17:13:59.338,28218.8696
2026-08-20 17:13:59.752,28198.7575
2026-08-20 17:14:00.190,28178.6768
2026-08-20 17:14:00.615,28157.7598
2026-08-20 17:14:01.030,28137.19
2026-08-20 17:14:01.458,28117.3832
2026-08-20 17:14:01.870,28096.9588
2026-08-20 17:14:02.315,28077.4481
2026-08-20 17:14:02.742,28056.3955
2026-08-20 17:14:03.154,28035.9933
2026-08-20 17:14:03.567,28016.062
2026-08-20 17:14:03.980,27996.7361
2026-08-20 17:14:04.393,27977.471
2026-08-20 17:14:04.807,27958.1619
2026-08-20 17:14:05.224,27938.939
2026-08-20 17:14:05.639,27919.5477
2026-08-20 17:14:06.058,27899.9366
2026-08-20 17:14:06.481,27880.1885
2026-08-20 17:14:06.898,27860.7877
2026-08-20 17:14:07.312,27841.8492
2026-08-20 17:14:07.725,27822.9125
2026-08-20 17:14:08.202,27801.795
2026-08-20 17:14:08.616,27782.5726
2026-08-20 17:14:09.027,27763.6583
2026-08-20 17:14:09.454,27745.0553
2026-08-20 17:14:09.878,27725.8843
2026-08-20 17:14:10.291,27706.5163
2026-08-20 17:14:10.712,27687.7806
2026-08-20 17:14:11.134,27668.7315
2026-08-20 17:14:11.548,27649.9469
2026-08-20 17:14:11.962,27631.6286
2026-08-20 17:14:12.383,27613.343
2026-08-20 17:14:12.797,27594.0518
2026-08-20 17:14:13.210,27575.1359
2026-08-20 17:14:13.622,27556.8956
2026-08-20 17:14:14.067,27538.5443
2026-08-20 17:14:14.496,27514.3967
2026-08-20 17:14:14.909,27491.1273
2026-08-20 17:14:15.344,27471.504
2026-08-20 17:14:15.772,27452.7859
2026-08-20 17:14:16.190,27434.2088
2026-08-20 17:14:16.605,27416.4551
2026-08-20 17:14:17.031,27398.7825
2026-08-20 17:14:17.451,27380.9383
2026-08-20 17:14:17.867,27363.5364
2026-08-20 17:14:18.279,27346.4756
2026-08-20 17:14:18.692,27329.8428
2026-08-20 17:14:19.118,27313.1458
2026-08-20 17:14:19.532,27295.0586
2026-08-20 17:14:19.958,27277.7229
2026-08-20 17:14:20.371,27259.8108
2026-08-20 17:14:20.787,27242.728
2026-08-20 17:14:21.199,27225.5151
2026-08-20 17:14:21.611,27208.5266
2026-08-20 17:14:22.025,27191.9178
2026-08-20 17:14:22.443,27174.662
2026-08-20 17:14:22.869,27157.1157
2026-08-20 17:14:23.283,27140.5696
2026-08-20 17:14:23.696,27123.8129
2026-08-20 17:14:24.124,27106.9315
2026-08-20 17:14:24.538,27090.4014
2026-08-20 17:14:24.957,27073.847
2026-08-20 17:14:25.370,27057.1842
2026-08-20 17:14:25.787,27039.3867
2026-08-20 17:14:26.203,27022.6157
2026-08-20 17:14:26.633,27006.7308
2026-08-20 17:14:27.046,26990.5224
2026-08-20 17:14:27.472,26975.1283
2026-08-20 17:14:27.885,26959.1055
2026-08-20 17:14:28.298,26943.5914
2026-08-20 17:14:28.711,26928.0315
2026-08-20 17:14:29.136,26912.6947
2026-08-20 17:14:29.552,26896.8194
2026-08-20 17:14:29.971,26881.3562
2026-08-20 17:14:30.384,26865.7386
2026-08-20 17:14:30.800,26850.5736
2026-08-20 17:14:31.222,26835.6665
2026-08-20 17:14:31.648,26820.6661
2026-08-20 17:14:32.062,26805.6034
2026-08-20 17:14:32.473,26791.3441
2026-08-20 17:14:32.889,26777.3674
2026-08-20 17:14:33.303,26763.5013
2026-08-20 17:14:33.716,26749.9705
2026-08-20 17:14:34.127,26736.4589
2026-08-20 17:14:34.541,26723.0743
2026-08-20 17:14:34.954,26709.6748
2026-08-20 17:14:35.366,26696.6778
2026-08-20 17:14:35.786,26684.2837
2026-08-20 17:14:36.198,26671.338
2026-08-20 17:14:36.631,26658.6494
2026-08-20 17:14:37.046,26645.8339
2026-08-20 17:14:37.460,26634.7804
2026-08-20 17:14:37.873,26623.7769
2026-08-20 17:14:38.294,26612.7699
2026-08-20 17:14:38.707,26601.8904
2026-08-20 17:14:39.122,26591.3853
2026-08-20 17:14:39.599,26579.7129
2026-08-20 17:14:40.020,26569.567
2026-08-20 17:14:40.446,26559.6306
2026-08-20 17:14:40.860,26550.0502
2026-08-20 17:14:41.334,26539.4518
2026-08-20 17:14:41.811,26530.67
2026-08-20 17:14:42.227,26520.8157
2026-08-20 17:14:42.646,26512.4821
2026-08-20 17:14:43.063,26504.3351
2026-08-20 17:14:43.475,26496.336
2026-08-20 17:14:43.890,26488.7285
2026-08-20 17:14:44.313,26481.2385
2026-08-20 17:14:44.726,26473.9822
2026-08-20 17:14:45.157,26466.9332
2026-08-20 17:14:45.570,26460.3536
2026-08-20 17:14:45.986,26454.462
2026-08-20 17:14:46.401,26448.7158
2026-08-20 17:14:46.813,26443.0551
2026-08-20 17:14:47.226,26437.4689
2026-08-20 17:14:47.738,26430.9339
2026-08-20 17:14:48.198,26425.0775
2026-08-20 17:14:48.611,26420.1598
2026-08-20 17:14:49.024,26415.3036
2026-08-20 17:14:49.436,26410.4887
2026-08-20 17:14:49.851,26406.1313
2026-08-20 17:14:50.262,26402.0495
2026-08-20 17:14:50.676,26397.955
2026-08-20 17:14:51.089,26394.0165
2026-08-20 17:14:51.529,26390.4143
2026-08-20 17:14:51.942,26386.7821
2026-08-20 17:14:52.354,26383.3534
2026-08-20 17:14:52.779,26380.4014
2026-08-20 17:14:53.242,26380.7651
2026-08-20 17:14:53.657,26381.4857
2026-08-20 17:14:54.105,26382.1589
2026-08-20 17:14:54.517,26384.6853
2026-08-20 17:14:54.930,26385.5306
2026-08-20 17:14:55.396,26385.7617
2026-08-20 17:14:55.818,26386.1678
2026-08-20 17:14:56.230,26386.5322
2026-08-20 17:14:56.644,26386.5941
2026-08-20 17:14:57.067,26386.7358
2026-08-20 17:14:57.480,26386.4737
2026-08-20 17:14:57.919,26386.3847
2026-08-20 17:14:58.331,26386.1843
2026-08-20 17:14:58.757,26397.1544
2026-08-20 17:14:59.170,26515.3669
2026-08-20 17:14:59.636,26721.5291
2026-08-20 17:15:00.067,27051.2656
2026-08-20 17:15:00.483,27398.7673
2026-08-20 17:15:00.898,27762.4906
2026-08-20 17:15:01.311,28144.7299
2026-08-20 17:15:01.731,28476.4345
2026-08-20 17:15:02.159,28201.1601
2026-08-20 17:15:02.574,27799.7502
2026-08-20 17:15:03.001,27429.7529
2026-08-20 17:15:03.418,27074.1407
2026-08-20 17:15:03.832,26770.9784
2026-08-20 17:15:04.244,26554.0486
2026-08-20 17:15:04.656,26434.8303
2026-08-20 17:15:05.102,26485.5394
2026-08-20 17:15:05.515,26661.5835
2026-08-20 17:15:05.940,26925.6701
2026-08-20 17:15:06.355,27261.4834
2026-08-20 17:15:06.767,27618.111
2026-08-20 17:15:07.196,28005.7619
2026-08-20 17:15:07.615,28397.568
2026-08-20 17:15:08.046,28339.8025
2026-08-20 17:15:08.460,27928.8526
2026-08-20 17:15:08.874,27552.2155
2026-08-20 17:15:09.288,27198.5303
2026-08-20 17:15:09.701,26877.0492
2026-08-20 17:15:10.113,26625.8374
2026-08-20 17:15:10.527,26473.041
2026-08-20 17:15:10.942,26446.3352
2026-08-20 17:15:11.368,26572.0158
2026-08-20 17:15:11.781,26801.7508
2026-08-20 17:15:12.193,27096.6126
2026-08-20 17:15:12.607,26981.4402
2026-08-20 17:15:13.020,26695.6881
2026-08-20 17:15:13.438,26501.4324
2026-08-20 17:15:13.898,26422.6032
2026-08-20 17:15:14.324,26534.9426
2026-08-20 17:15:14.736,26751.3312
2026-08-20 17:15:15.149,27045.466
2026-08-20 17:15:15.563,27385.5456
2026-08-20 17:15:16.028,27797.3371
2026-08-20 17:15:16.451,28179.9374
2026-08-20 17:15:16.864,28481.4417
2026-08-20 17:15:17.277,28166.1516
2026-08-20 17:15:17.739,27779.5129
2026-08-20 17:15:18.172,27366.1348
2026-08-20 17:15:18.583,27015.7261
2026-08-20 17:15:19.001,26728.1437
2026-08-20 17:15:19.415,26530.4775
2026-08-20 17:15:19.833,26432.919
2026-08-20 17:15:20.274,26423.2607
2026-08-20 17:15:20.687,26422.7244
2026-08-20 17:15:21.100,26421.6737
2026-08-20 17:15:21.522,26420.6008
2026-08-20 17:15:21.936,26419.5826
2026-08-20 17:15:22.407,26418.7583
2026-08-20 17:15:22.855,26417.5336
2026-08-20 17:15:23.268,26416.9205
2026-08-20 17:15:23.681,26416.6538
2026-08-20 17:15:24.094,26416.0016
2026-08-20 17:15:24.507,26415.4347
2026-08-20 17:15:24.971,26442.8827
2026-08-20 17:15:25.385,26574.8497
2026-08-20 17:15:25.797,26795.9773
2026-08-20 17:15:26.223,27105.0901
2026-08-20 17:15:26.643,27446.247
2026-08-20 17:15:27.056,27817.9444
2026-08-20 17:15:27.513,28201.9765
2026-08-20 17:15:27.929,28495.7659
2026-08-20 17:15:28.355,28146.7569
2026-08-20 17:15:28.771,27748.2384
2026-08-20 17:15:29.184,27381.1507
2026-08-20 17:15:29.617,27041.2005
2026-08-20 17:15:30.046,26739.2408
2026-08-20 17:15:30.462,26539.2646
2026-08-20 17:15:30.876,26450.2486
2026-08-20 17:15:31.289,26532.4261
2026-08-20 17:15:31.701,26716.1749
2026-08-20 17:15:32.120,26992.4855
2026-08-20 17:15:32.536,27330.2643
2026-08-20 17:15:32.950,27692.8293
2026-08-20 17:15:33.364,28072.6623
2026-08-20 17:15:33.782,28462.0208
2026-08-20 17:15:34.195,28317.1357
2026-08-20 17:15:34.613,27923.6799
2026-08-20 17:15:35.040,27544.6594
2026-08-20 17:15:35.452,27181.2633
2026-08-20 17:15:35.866,26862.58
2026-08-20 17:15:36.294,26615.1337
2026-08-20 17:15:36.720,26476.8195
2026-08-20 17:15:37.141,26482.3491
2026-08-20 17:15:37.564,26626.8394
2026-08-20 17:15:37.976,26873.5749
2026-08-20 17:15:38.394,27143.2424
2026-08-20 17:15:38.807,26938.0852
2026-08-20 17:15:39.234,26667.3927
2026-08-20 17:15:39.725,26468.3957
2026-08-20 17:15:40.193,26461.3117
2026-08-20 17:15:40.623,26632.3936
2026-08-20 17:15:41.037,26889.6778
2026-08-20 17:15:41.448,27209.9104
2026-08-20 17:15:41.877,27560.8783
2026-08-20 17:15:42.293,27945.6746
2026-08-20 17:15:42.753,28384.8137
2026-08-20 17:15:43.166,28415.524
2026-08-20 17:15:43.588,28015.8859
2026-08-20 17:15:44.013,27626.4192
2026-08-20 17:15:44.434,27258.841
2026-08-20 17:15:44.850,26924.7111
2026-08-20 17:15:45.263,26662.4094
2026-08-20 17:15:45.682,26500.4918
2026-08-20 17:15:46.095,26436.0622
2026-08-20 17:15:46.515,26435.6147
2026-08-20 17:15:46.929,26434.6114
2026-08-20 17:15:47.342,26433.5919
2026-08-20 17:15:47.764,26432.6663
2026-08-20 17:15:48.192,26431.908
2026-08-20 17:15:48.604,26431.1726
2026-08-20 17:15:49.017,26430.21
2026-08-20 17:15:49.448,26429.5818
2026-08-20 17:15:49.874,26428.8852
2026-08-20 17:15:50.287,26428.2288
2026-08-20 17:15:50.699,26427.8165
2026-08-20 17:15:51.168,26458.1496
2026-08-20 17:15:51.598,26621.5101
2026-08-20 17:15:52.023,26866.6629
2026-08-20 17:15:52.435,27186.5503
2026-08-20 17:15:52.848,27534.4589
2026-08-20 17:15:53.271,27905.5271
2026-08-20 17:15:53.685,28304.1157
2026-08-20 17:15:54.098,28492.255
2026-08-20 17:15:54.523,28115.801
2026-08-20 17:15:54.941,27720.432
2026-08-20 17:15:55.354,27352.6593
2026-08-20 17:15:55.767,27016.0411
2026-08-20 17:15:56.194,26734.5195
2026-08-20 17:15:56.607,26541.399
2026-08-20 17:15:57.043,26462.5898
2026-08-20 17:15:57.462,26562.9424
2026-08-20 17:15:57.874,26760.1403
2026-08-20 17:15:58.299,27046.9266
2026-08-20 17:15:58.714,27395.9394
2026-08-20 17:15:59.128,27762.8002
2026-08-20 17:15:59.541,28147.7375
2026-08-20 17:15:59.954,28508.2636
2026-08-20 17:16:00.383,28285.9718
2026-08-20 17:16:00.878,27812.3339
2026-08-20 17:16:01.292,27436.1204
2026-08-20 17:16:01.704,27091.4782
2026-08-20 17:16:02.138,26785.5846
2026-08-20 17:16:02.554,26577.1872
2026-08-20 17:16:02.968,26472.4798
2026-08-20 17:16:03.403,26538.2922
2026-08-20 17:16:03.832,26714.5431
2026-08-20 17:16:04.253,26996.2117
2026-08-20 17:16:04.667,27143.0029
2026-08-20 17:16:05.079,26845.6921
2026-08-20 17:16:05.498,26608.926
2026-08-20 17:16:05.918,26469.2336
2026-08-20 17:16:06.334,26498.1129
2026-08-20 17:16:06.746,26656.8162
2026-08-20 17:16:07.158,26909.267
2026-08-20 17:16:07.583,27229.1635
2026-08-20 17:16:08.077,27666.0563
2026-08-20 17:16:08.489,28043.9902
2026-08-20 17:16:08.904,28438.5165
2026-08-20 17:16:09.317,28413.0524
2026-08-20 17:16:09.744,28014.2874
2026-08-20 17:16:10.156,27622.4784
2026-08-20 17:16:10.588,27261.6806
2026-08-20 17:16:11.008,26926.0803
2026-08-20 17:16:11.425,26668.2083
2026-08-20 17:16:11.839,26513.0467
2026-08-20 17:16:12.253,26458.2867
2026-08-20 17:16:12.667,26458.8695
2026-08-20 17:16:13.081,26458.1121
2026-08-20 17:16:13.494,26457.1999
2026-08-20 17:16:13.956,26456.226
2026-08-20 17:16:14.387,26455.256
2026-08-20 17:16:14.806,26454.3917
2026-08-20 17:16:15.224,26453.8349
2026-08-20 17:16:15.637,26453.382
2026-08-20 17:16:16.064,26453.0165
2026-08-20 17:16:16.483,26452.7352
2026-08-20 17:16:16.895,26452.6473
2026-08-20 17:16:17.308,26501.6229
2026-08-20 17:16:17.736,26661.4408
2026-08-20 17:16:18.165,26916.1576
2026-08-20 17:16:18.577,27230.2829
2026-08-20 17:16:18.990,27580.5387
2026-08-20 17:16:19.402,27952.7332
2026-08-20 17:16:19.814,28343.5721
2026-08-20 17:16:20.281,28488.2621
2026-08-20 17:16:20.708,28090.3846
2026-08-20 17:16:21.121,27693.8273
2026-08-20 17:16:21.539,27333.1734
2026-08-20 17:16:21.960,26996.5904
2026-08-20 17:16:22.386,26721.7467
2026-08-20 17:16:22.798,26545.0194
2026-08-20 17:16:23.211,26490.3291
2026-08-20 17:16:23.636,26600.5978
2026-08-20 17:16:24.050,26814.7131
2026-08-20 17:16:24.477,27110.8248
2026-08-20 17:16:24.965,27531.4768
2026-08-20 17:16:25.379,27902.1898
2026-08-20 17:16:25.791,28291.4042
2026-08-20 17:16:26.205,28541.8424
2026-08-20 17:16:26.617,28192.6644
2026-08-20 17:16:27.028,27804.8507
2026-08-20 17:16:27.500,27438.3276
2026-08-20 17:16:27.959,27024.5058
2026-08-20 17:16:28.371,26739.2828
2026-08-20 17:16:28.795,26561.8825
2026-08-20 17:16:29.207,26493.8307
2026-08-20 17:16:29.639,26594.0489
2026-08-20 17:16:30.066,26802.6513
2026-08-20 17:16:30.484,27105.7123
2026-08-20 17:16:30.899,27100.5451
2026-08-20 17:16:31.313,26799.0384
2026-08-20 17:16:31.778,26566.1322
2026-08-20 17:16:32.192,26476.9696
2026-08-20 17:16:32.604,26566.9806
2026-08-20 17:16:33.030,26758.7824
2026-08-20 17:16:33.443,27051.0102
2026-08-20 17:16:33.858,27387.472
2026-08-20 17:16:34.270,27751.414
2026-08-20 17:16:34.716,28132.6808
2026-08-20 17:16:35.131,28535.5874
2026-08-20 17:16:35.542,28337.0992
2026-08-20 17:16:35.970,27929.5709
2026-08-20 17:16:36.384,27556.371
2026-08-20 17:16:36.809,27203.6875
2026-08-20 17:16:37.230,26880.1648
2026-08-20 17:16:37.642,26644.2709
2026-08-20 17:16:38.056,26512.1611
2026-08-20 17:16:38.483,26479.8498
2026-08-20 17:16:38.895,26479.602
2026-08-20 17:16:39.320,26478.4828
2026-08-20 17:16:39.739,26477.1173
2026-08-20 17:16:40.201,26476.0444
2026-08-20 17:16:40.619,26475.2174
2026-08-20 17:16:41.036,26474.4463
2026-08-20 17:16:41.450,26473.7838
2026-08-20 17:16:41.866,26473.174
2026-08-20 17:16:42.294,26472.4808
2026-08-20 17:16:42.707,26471.9248
2026-08-20 17:16:43.120,26473.1532
2026-08-20 17:16:43.545,26550.4901
2026-08-20 17:16:43.966,26730.5828
2026-08-20 17:16:44.381,27000.5006
2026-08-20 17:16:44.793,27328.0562
2026-08-20 17:16:45.219,27695.9856
2026-08-20 17:16:45.664,28086.9665
2026-08-20 17:16:46.087,28498.0811
2026-08-20 17:16:46.503,28417.4863
2026-08-20 17:16:46.916,28017.6008
2026-08-20 17:16:47.343,27638.8061
2026-08-20 17:16:47.756,27270.4616
2026-08-20 17:16:48.169,26947.6958
2026-08-20 17:16:48.598,26696.7062
2026-08-20 17:16:49.020,26539.0013
2026-08-20 17:16:49.434,26523.5103
2026-08-20 17:16:49.844,26658.1644
2026-08-20 17:16:50.305,26886.4358
2026-08-20 17:16:50.728,27238.3081
2026-08-20 17:16:51.154,27596.1824
2026-08-20 17:16:51.567,27982.673
2026-08-20 17:16:51.981,28374.003
2026-08-20 17:16:52.394,28540.0666
2026-08-20 17:16:52.814,28155.0159
2026-08-20 17:16:53.242,27762.2537
2026-08-20 17:16:53.655,27385.437
2026-08-20 17:16:54.069,27048.5426
2026-08-20 17:16:54.481,26769.2496
2026-08-20 17:16:54.955,26570.9295
2026-08-20 17:16:55.372,26515.5426
2026-08-20 17:16:55.785,26626.107
2026-08-20 17:16:56.197,26832.7742
2026-08-20 17:16:56.609,27127.8265
2026-08-20 17:16:57.021,27126.201
2026-08-20 17:16:57.449,26825.0107
2026-08-20 17:16:57.902,26589.8226
2026-08-20 17:16:58.313,26496.6148
2026-08-20 17:16:58.727,26578.8092
2026-08-20 17:16:59.140,26764.6851
2026-08-20 17:16:59.558,27043.1826
2026-08-20 17:16:59.988,27381.7608
2026-08-20 17:17:00.416,27759.1236
2026-08-20 17:17:00.833,28156.3862
2026-08-20 17:17:01.245,28548.6779
2026-08-20 17:17:01.658,28403.5195
2026-08-20 17:17:02.092,28006.7927
2026-08-20 17:17:02.517,27610.6047
2026-08-20 17:17:02.930,27246.4726
2026-08-20 17:17:03.342,26930.455
2026-08-20 17:17:03.754,26691.2187
2026-08-20 17:17:04.167,26550.4238
2026-08-20 17:17:04.580,26508.9995
2026-08-20 17:17:05.011,26509.8377
2026-08-20 17:17:05.424,26508.9754
2026-08-20 17:17:05.851,26508.1083
2026-08-20 17:17:06.263,26507.34
2026-08-20 17:17:06.677,26506.673
2026-08-20 17:17:07.151,26506.0073
2026-08-20 17:17:07.564,26505.4055
2026-08-20 17:17:07.977,26504.881
2026-08-20 17:17:08.389,26504.4015
2026-08-20 17:17:08.802,26504.1057
2026-08-20 17:17:09.232,26503.7499
2026-08-20 17:17:09.661,26575.989
2026-08-20 17:17:10.073,26745.542
2026-08-20 17:17:10.504,27014.3884
2026-08-20 17:17:10.917,27341.9316
2026-08-20 17:17:11.347,27697.9247
2026-08-20 17:17:11.761,28092.8573
2026-08-20 17:17:12.188,28503.5985
2026-08-20 17:17:12.611,28510.9798
2026-08-20 17:17:13.023,28097.6199
2026-08-20 17:17:13.452,27701.4768
2026-08-20 17:17:13.887,27328.9951
2026-08-20 17:17:14.301,26996.3541
2026-08-20 17:17:14.728,26733.3419
2026-08-20 17:17:15.142,26578.567
2026-08-20 17:17:15.559,26551.0288
2026-08-20 17:17:15.979,26680.5309
2026-08-20 17:17:16.394,26908.1538
2026-08-20 17:17:16.808,27217.1018
2026-08-20 17:17:17.220,27567.1368
2026-08-20 17:17:17.687,27987.9174
2026-08-20 17:17:18.104,28380.9191
2026-08-20 17:17:18.522,28598.9225
2026-08-20 17:17:18.948,28224.0735
2026-08-20 17:17:19.363,27823.8804
2026-08-20 17:17:19.782,27455.7396
2026-08-20 17:17:20.195,27110.5093
2026-08-20 17:17:20.607,26826.259
2026-08-20 17:17:21.020,26636.9437
2026-08-20 17:17:21.447,26550.919
2026-08-20 17:17:21.891,26638.1084
2026-08-20 17:17:22.303,26843.6225
2026-08-20 17:17:22.728,27131.3954
2026-08-20 17:17:23.141,27198.4656
2026-08-20 17:17:23.554,26891.5847
2026-08-20 17:17:23.994,26666.5295
2026-08-20 17:17:24.417,26541.0535
2026-08-20 17:17:24.831,26608.2291
2026-08-20 17:17:25.264,26795.8033
2026-08-20 17:17:25.676,27075.847
2026-08-20 17:17:26.099,27410.082
2026-08-20 17:17:26.518,27781.2578
2026-08-20 17:17:26.931,28170.342
2026-08-20 17:17:27.356,28567.2408
2026-08-20 17:17:27.769,28463.896
2026-08-20 17:17:28.198,28064.0566
2026-08-20 17:17:28.610,27669.3578
2026-08-20 17:17:29.022,27313.3958
2026-08-20 17:17:29.449,26990.4929
2026-08-20 17:17:29.862,26734.8557
2026-08-20 17:17:30.328,26576.0556
2026-08-20 17:17:30.741,26541.7326
2026-08-20 17:17:31.163,26541.72
2026-08-20 17:17:31.576,26540.5089
2026-08-20 17:17:31.992,26539.057
2026-08-20 17:17:32.432,26537.8982
2026-08-20 17:17:32.844,26536.8016
2026-08-20 17:17:33.271,26536.0775
2026-08-20 17:17:33.689,26526.5471
2026-08-20 17:17:34.115,26523.6691
2026-08-20 17:17:34.543,26522.3076
2026-08-20 17:17:34.954,26521.9299
2026-08-20 17:17:35.369,26521.4631
2026-08-20 17:17:35.780,26591.1595
2026-08-20 17:17:36.193,26758.1066
2026-08-20 17:17:36.610,27014.2045
2026-08-20 17:17:37.088,27382.8837
2026-08-20 17:17:37.502,27753.7736
2026-08-20 17:17:37.928,28148.1915
2026-08-20 17:17:38.342,28547.3795
2026-08-20 17:17:38.762,28497.7691
2026-08-20 17:17:39.176,28090.7414
2026-08-20 17:17:39.603,27707.1787
2026-08-20 17:17:40.017,27336.0833
2026-08-20 17:17:40.435,27010.6998
2026-08-20 17:17:40.852,26753.064
2026-08-20 17:17:41.269,26596.1309
2026-08-20 17:17:41.681,26571.2245
2026-08-20 17:17:42.101,26701.3667
2026-08-20 17:17:42.516,26931.2218
2026-08-20 17:17:42.930,27240.9289
2026-08-20 17:17:43.342,27590.8829
2026-08-20 17:17:43.803,28007.6051
2026-08-20 17:17:44.239,28413.0802
2026-08-20 17:17:44.652,28611.5075
2026-08-20 17:17:45.066,28231.1491
2026-08-20 17:17:45.478,27841.1656
2026-08-20 17:17:45.901,27474.4651
2026-08-20 17:17:46.315,27124.4234
2026-08-20 17:17:46.742,26837.9
2026-08-20 17:17:47.155,26642.3427
2026-08-20 17:17:47.581,26560.0722
2026-08-20 17:17:48.008,26649.9436
2026-08-20 17:17:48.420,26847.4704
2026-08-20 17:17:48.833,27133.9899
2026-08-20 17:17:49.246,27216.3224
2026-08-20 17:17:49.660,26909.7668
2026-08-20 17:17:50.087,26680.7576
2026-08-20 17:17:50.579,26545.3683
2026-08-20 17:17:51.000,26628.1421
2026-08-20 17:17:51.412,26821.2063
2026-08-20 17:17:51.825,27102.7748
2026-08-20 17:17:52.244,27439.1122
2026-08-20 17:17:52.656,27807.2765
2026-08-20 17:17:53.079,28190.3698
2026-08-20 17:17:53.506,28591.4049
2026-08-20 17:17:53.918,28443.8896
2026-08-20 17:17:54.354,28046.2057
2026-08-20 17:17:54.779,27646.3239
2026-08-20 17:17:55.192,27280.8153
2026-08-20 17:17:55.604,26963.2262
2026-08-20 17:17:56.017,26725.8126
2026-08-20 17:17:56.483,26574.9334
2026-08-20 17:17:56.909,26547.4569
2026-08-20 17:17:57.326,26547.2216
2026-08-20 17:17:57.753,26545.5718
2026-08-20 17:17:58.170,26542.7944
2026-08-20 17:17:58.583,26541.0942
2026-08-20 17:17:58.998,26539.8979
2026-08-20 17:17:59.411,26538.9968
2026-08-20 17:17:59.832,26538.0537
2026-08-20 17:18:00.258,26537.2355
2026-08-20 17:18:00.677,26536.3539
2026-08-20 17:18:01.091,26535.6806
2026-08-20 17:18:01.504,26536.1044
2026-08-20 17:18:01.930,26608.4039
2026-08-20 17:18:02.344,26785.112
2026-08-20 17:18:02.810,27086.1954
2026-08-20 17:18:03.223,27415.8964
2026-08-20 17:18:03.657,27788.2648
2026-08-20 17:18:04.085,28176.3657
2026-08-20 17:18:04.504,28586.4571
2026-08-20 17:18:04.918,28478.9577
2026-08-20 17:18:05.344,28078.186
2026-08-20 17:18:05.756,27685.8307
2026-08-20 17:18:06.180,27327.9929
2026-08-20 17:18:06.592,26997.3893
2026-08-20 17:18:07.021,26750.3114
2026-08-20 17:18:07.434,26596.1496
2026-08-20 17:18:07.851,26588.849
2026-08-20 17:18:08.263,26730.0164
2026-08-20 17:18:08.676,26964.8061
2026-08-20 17:18:09.104,27291.1791
2026-08-20 17:18:09.528,27643.6894
2026-08-20 17:18:09.957,28033.7746
2026-08-20 17:18:10.369,28438.6947
2026-08-20 17:18:10.791,28621.5689
2026-08-20 17:18:11.205,28230.9945
2026-08-20 17:18:11.617,27842.7882
2026-08-20 17:18:12.059,27476.3831
2026-08-20 17:18:12.485,27114.0835
2026-08-20 17:18:12.897,26827.1792
2026-08-20 17:18:13.310,26647.7857
2026-08-20 17:18:13.723,26576.8483
2026-08-20 17:18:14.167,26673.6457
2026-08-20 17:18:14.599,26896.8902
2026-08-20 17:18:15.027,27196.6184
2026-08-20 17:18:15.446,27178.5123
2026-08-20 17:18:15.857,26874.4208
2026-08-20 17:18:16.276,26665.6888
2026-08-20 17:18:16.694,26562.9728
2026-08-20 17:18:17.121,26645.1011
2026-08-20 17:18:17.533,26840.8389
2026-08-20 17:18:17.955,27123.2532
2026-08-20 17:18:18.385,27468.6013
2026-08-20 17:18:18.799,27848.6288
2026-08-20 17:18:19.211,28234.9798
2026-08-20 17:18:19.623,28621.3875
2026-08-20 17:18:20.035,28467.4862
2026-08-20 17:18:20.505,28015.9461
2026-08-20 17:18:20.918,27639.341
2026-08-20 17:18:21.335,27284.9439
2026-08-20 17:18:21.747,26967.1588
2026-08-20 17:18:22.160,26734.9093
2026-08-20 17:18:22.598,26600.6986
2026-08-20 17:18:23.024,26566.7347
2026-08-20 17:18:23.438,26566.6204
2026-08-20 17:18:23.853,26565.7948
2026-08-20 17:18:24.265,26564.6282
2026-08-20 17:18:24.704,26563.3067
2026-08-20 17:18:25.116,26562.4315
2026-08-20 17:18:25.532,26561.7655
2026-08-20 17:18:25.945,26560.972
2026-08-20 17:18:26.357,26560.2358
2026-08-20 17:18:26.784,26559.67
2026-08-20 17:18:27.280,26558.9998
2026-08-20 17:18:27.693,26563.3478
2026-08-20 17:18:28.121,26659.6941
2026-08-20 17:18:28.534,26848.2007
2026-08-20 17:18:28.959,27124.0819
2026-08-20 17:18:29.371,27465.5269
2026-08-20 17:18:29.785,27827.7826
2026-08-20 17:18:30.211,28211.4186
2026-08-20 17:18:30.624,28621.0819
2026-08-20 17:18:31.057,28525.1853
2026-08-20 17:18:31.484,28105.9342
2026-08-20 17:18:31.898,27711.8575
2026-08-20 17:18:32.325,27341.4346
2026-08-20 17:18:32.738,27021.2092
2026-08-20 17:18:33.158,26775.8319
2026-08-20 17:18:33.571,26625.2097
2026-08-20 17:18:33.990,26618.3329
2026-08-20 17:18:34.403,26758.2743
2026-08-20 17:18:34.818,26993.7068
2026-08-20 17:18:35.236,27309.0253
2026-08-20 17:18:35.662,27666.0346
2026-08-20 17:18:36.086,28053.6348
2026-08-20 17:18:36.499,28457.6923
2026-08-20 17:18:36.913,28654.7824
2026-08-20 17:18:37.326,28275.7633
2026-08-20 17:18:37.739,27886.774
2026-08-20 17:18:38.157,27518.2275
2026-08-20 17:18:38.650,27111.6466
2026-08-20 17:18:39.085,26831.6469
2026-08-20 17:18:39.499,26659.3089
2026-08-20 17:18:39.913,26606.2036
2026-08-20 17:18:40.335,26716.0665
2026-08-20 17:18:40.748,26928.41
2026-08-20 17:18:41.161,27225.6796
2026-08-20 17:18:41.587,27218.7143
2026-08-20 17:18:42.001,26906.525
2026-08-20 17:18:42.429,26694.6682
2026-08-20 17:18:42.856,26587.6665
2026-08-20 17:18:43.269,26669.9421
2026-08-20 17:18:43.681,26856.7798
2026-08-20 17:18:44.093,27136.0826
2026-08-20 17:18:44.564,27516.3605
2026-08-20 17:18:44.981,27887.1842
2026-08-20 17:18:45.397,28276.154
2026-08-20 17:18:45.824,28658.0606
2026-08-20 17:18:46.237,28459.6022
2026-08-20 17:18:46.655,28056.8714
2026-08-20 17:18:47.080,27678.9246
2026-08-20 17:18:47.494,27313.8889
2026-08-20 17:18:47.907,26997.0046
2026-08-20 17:18:48.322,26762.247
2026-08-20 17:18:48.751,26625.6006
2026-08-20 17:18:49.172,26590.2993
2026-08-20 17:18:49.587,26590.0236
2026-08-20 17:18:49.999,26588.8839
2026-08-20 17:18:50.412,26587.6013
2026-08-20 17:18:50.850,26586.1993
2026-08-20 17:18:51.276,26585.0451
2026-08-20 17:18:51.689,26583.8808
2026-08-20 17:18:52.115,26582.8108
2026-08-20 17:18:52.534,26581.997
2026-08-20 17:18:52.960,26581.298
2026-08-20 17:18:53.378,26580.5458
2026-08-20 17:18:53.795,26580.8961
2026-08-20 17:18:54.209,26655.1492
2026-08-20 17:18:54.622,26826.8773
2026-08-20 17:18:55.061,27088.0363
2026-08-20 17:18:55.474,27432.6546
2026-08-20 17:18:55.895,27791.3799
2026-08-20 17:18:56.309,28178.6562
2026-08-20 17:18:56.773,28576.4506
2026-08-20 17:18:57.203,28534.1443
2026-08-20 17:18:57.619,28122.3716
2026-08-20 17:18:58.033,27737.9887
2026-08-20 17:18:58.445,27379.3531
2026-08-20 17:18:58.868,27055.6554
2026-08-20 17:18:59.300,26795.9777
2026-08-20 17:18:59.717,26640.4926
2026-08-20 17:19:00.130,26629.557
2026-08-20 17:19:00.567,26772.8478
2026-08-20 17:19:01.062,27070.0175
2026-08-20 17:19:01.475,27397.1277
2026-08-20 17:19:01.899,27753.5552
2026-08-20 17:19:02.311,28142.5861
2026-08-20 17:19:02.744,28537.137
2026-08-20 17:19:03.157,28610.9906
2026-08-20 17:19:03.570,28206.5355
2026-08-20 17:19:03.981,27821.6501
2026-08-20 17:19:04.409,27459.2547
2026-08-20 17:19:04.885,27076.9483
2026-08-20 17:19:05.302,26811.9858
2026-08-20 17:19:05.718,26653.6359
2026-08-20 17:19:06.131,26624.3826
2026-08-20 17:19:06.544,26750.0405
2026-08-20 17:19:06.966,26971.5974
2026-08-20 17:19:07.400,27284.5348
2026-08-20 17:19:07.826,27156.6002
2026-08-20 17:19:08.244,26862.6746
2026-08-20 17:19:08.658,26671.6394
2026-08-20 17:19:09.086,26601.6324
2026-08-20 17:19:09.515,26719.3514
2026-08-20 17:19:09.926,26931.7165
2026-08-20 17:19:10.339,27229.4753
2026-08-20 17:19:10.763,27573.949
2026-08-20 17:19:11.179,27952.3294
2026-08-20 17:19:11.596,28343.8987
2026-08-20 17:19:12.010,28688.6366
2026-08-20 17:19:12.423,28420.9276
2026-08-20 17:19:12.836,28025.771
2026-08-20 17:19:13.314,27604.3187
2026-08-20 17:19:13.726,27246.4127
2026-08-20 17:19:14.139,26946.281
2026-08-20 17:19:14.565,26734.8547
2026-08-20 17:19:14.977,26618.9332
2026-08-20 17:19:15.388,26603.0409
2026-08-20 17:19:15.801,26602.6049
2026-08-20 17:19:16.228,26601.1617
2026-08-20 17:19:16.640,26600.3225
2026-08-20 17:19:17.067,26599.371
2026-08-20 17:19:17.481,26598.5067
2026-08-20 17:19:17.894,26597.4554
2026-08-20 17:19:18.329,26596.9655
2026-08-20 17:19:18.742,26596.4459
2026-08-20 17:19:19.168,26595.8351
2026-08-20 17:19:19.594,26595.4698
2026-08-20 17:19:20.008,26600.738
2026-08-20 17:19:20.420,26695.0371
2026-08-20 17:19:20.833,26882.4781
2026-08-20 17:19:21.260,27158.0379
2026-08-20 17:19:21.673,27500.1314
2026-08-20 17:19:22.100,27874.6074
2026-08-20 17:19:22.519,28256.9824
2026-08-20 17:19:22.937,28655.5028
2026-08-20 17:19:23.372,28528.9066
2026-08-20 17:19:23.786,28107.8476
2026-08-20 17:19:24.200,27727.5221
2026-08-20 17:19:24.612,27370.3099
2026-08-20 17:19:25.025,27050.1462
2026-08-20 17:19:25.491,26780.6377
2026-08-20 17:19:25.920,26640.6531
2026-08-20 17:19:26.344,26666.0708
2026-08-20 17:19:26.756,26824.5585
2026-08-20 17:19:27.170,27077.0029
2026-08-20 17:19:27.587,27400.7026
2026-08-20 17:19:27.999,27761.5947
2026-08-20 17:19:28.412,28139.1258
2026-08-20 17:19:28.825,28534.8213
2026-08-20 17:19:29.248,28657.5505
2026-08-20 17:19:29.660,28250.8932
2026-08-20 17:19:30.088,27851.7349
2026-08-20 17:19:30.524,27486.6138
2026-08-20 17:19:30.946,27133.0789
2026-08-20 17:19:31.373,26858.5402
2026-08-20 17:19:31.785,26685.812
2026-08-20 17:19:32.201,26638.356
2026-08-20 17:19:32.630,26753.905
2026-08-20 17:19:33.043,26975.68
2026-08-20 17:19:33.469,27286.8355
2026-08-20 17:19:33.897,27202.2228
2026-08-20 17:19:34.309,26910.1251
2026-08-20 17:19:34.745,26709.3856
2026-08-20 17:19:35.177,26620.1776
2026-08-20 17:19:35.605,26725.2481
2026-08-20 17:19:36.020,26938.0266
2026-08-20 17:19:36.446,27235.0553
2026-08-20 17:19:36.864,27594.2305
2026-08-20 17:19:37.293,27976.3046
2026-08-20 17:19:37.704,28365.632
2026-08-20 17:19:38.117,28710.0691
2026-08-20 17:19:38.529,28449.3749
2026-08-20 17:19:38.970,28041.0208
2026-08-20 17:19:39.394,27652.5258
2026-08-20 17:19:39.808,27292.8005
2026-08-20 17:19:40.222,26985.7016
2026-08-20 17:19:40.636,26766.6044
2026-08-20 17:19:41.072,26645.2412
2026-08-20 17:19:41.485,26622.8992
2026-08-20 17:19:41.907,26622.6679
2026-08-20 17:19:42.323,26621.6107
2026-08-20 17:19:42.736,26620.658
2026-08-20 17:19:43.201,26619.5945
2026-08-20 17:19:43.615,26618.8957
2026-08-20 17:19:44.040,26618.1075
2026-08-20 17:19:44.456,26617.5051
2026-08-20 17:19:44.867,26616.9985
2026-08-20 17:19:45.288,26616.46
2026-08-20 17:19:45.703,26616.0043
2026-08-20 17:19:46.115,26621.1029
2026-08-20 17:19:46.529,26713.9806
2026-08-20 17:19:46.998,26901.1834
2026-08-20 17:19:47.416,27222.3275
2026-08-20 17:19:47.839,27559.1836
2026-08-20 17:19:48.252,27932.515
2026-08-20 17:19:48.683,28330.3575
2026-08-20 17:19:49.095,28708.2059
2026-08-20 17:19:49.512,28506.1744
2026-08-20 17:19:49.934,28107.4743
2026-08-20 17:19:50.346,27721.9392
2026-08-20 17:19:50.777,27356.0883
2026-08-20 17:19:51.204,27039.3233
2026-08-20 17:19:51.619,26799.4079
2026-08-20 17:19:52.033,26664.826
2026-08-20 17:19:52.460,26687.7349
2026-08-20 17:19:52.875,26845.9945
2026-08-20 17:19:53.288,27099.4131
2026-08-20 17:19:53.716,27421.7657
2026-08-20 17:19:54.129,27792.0258
2026-08-20 17:19:54.543,28170.9681
2026-08-20 17:19:54.955,28567.526
2026-08-20 17:19:55.368,28672.706
2026-08-20 17:19:55.779,28273.769
2026-08-20 17:19:56.245,27839.8449
2026-08-20 17:19:56.663,27476.8692
2026-08-20 17:19:57.125,27105.9504
2026-08-20 17:19:57.576,26835.9501
2026-08-20 17:19:58.005,26685.2668
2026-08-20 17:19:58.423,26677.3356
2026-08-20 17:19:58.835,26817.9785
2026-08-20 17:19:59.262,27063.5597
2026-08-20 17:19:59.674,27347.7546
2026-08-20 17:20:00.087,27170.0016
2026-08-20 17:20:00.499,26889.9628
2026-08-20 17:20:00.913,26705.9437
2026-08-20 17:20:01.342,26643.0887
2026-08-20 17:20:01.764,26759.7592
2026-08-20 17:20:02.185,26978.9238
2026-08-20 17:20:02.598,27285.3271
2026-08-20 17:20:03.012,27631.6294
2026-08-20 17:20:03.424,28002.0477
2026-08-20 17:20:03.838,28389.2126
2026-08-20 17:20:04.250,28728.741
2026-08-20 17:20:04.716,28408.6744
2026-08-20 17:20:05.127,28015.2256
2026-08-20 17:20:05.541,27643.1024
2026-08-20 17:20:05.957,27294.3219
2026-08-20 17:20:06.371,26988.6735
2026-08-20 17:20:06.783,26774.0048
2026-08-20 17:20:07.199,26657.4202
2026-08-20 17:20:07.613,26637.7119
2026-08-20 17:20:08.035,26637.1619
2026-08-20 17:20:08.454,26635.8286
2026-08-20 17:20:08.881,26634.4113
2026-08-20 17:20:09.312,26632.6988
2026-08-20 17:20:09.726,26630.9855
2026-08-20 17:20:10.148,26629.2125
2026-08-20 17:20:10.560,26628.7104
2026-08-20 17:20:10.977,26628.1219
2026-08-20 17:20:11.391,26627.5197
2026-08-20 17:20:11.805,26626.7556
2026-08-20 17:20:12.220,26629.4175
2026-08-20 17:20:12.636,26715.9481
2026-08-20 17:20:13.049,26898.8503
2026-08-20 17:20:13.461,27168.2533
2026-08-20 17:20:13.873,27496.1185
2026-08-20 17:20:14.299,27855.1528
2026-08-20 17:20:14.783,28313.1702
2026-08-20 17:20:15.196,28697.9737
2026-08-20 17:20:15.616,28538.4765
2026-08-20 17:20:16.027,28133.338
2026-08-20 17:20:16.463,27755.6961
2026-08-20 17:20:16.883,27380.9915
2026-08-20 17:20:17.296,27059.0683
2026-08-20 17:20:17.723,26820.4238
2026-08-20 17:20:18.138,26675.5006
2026-08-20 17:20:18.567,26687.4528
2026-08-20 17:20:18.984,26841.9893
2026-08-20 17:20:19.399,27091.4475
2026-08-20 17:20:19.814,27413.6864
2026-08-20 17:20:20.228,27771.0896
2026-08-20 17:20:20.692,28197.3479
2026-08-20 17:20:21.126,28606.0825
2026-08-20 17:20:21.540,28637.0535
2026-08-20 17:20:21.952,28231.8867
2026-08-20 17:20:22.365,27848.8706
2026-08-20 17:20:22.784,27481.7964
2026-08-20 17:20:23.205,27149.5447
2026-08-20 17:20:23.618,26878.9921
2026-08-20 17:20:24.030,26713.1091
2026-08-20 17:20:24.442,26663.788
2026-08-20 17:20:24.902,26794.6875
2026-08-20 17:20:25.322,27014.6479
2026-08-20 17:20:25.739,27319.6404
2026-08-20 17:20:26.155,27221.811
2026-08-20 17:20:26.570,26929.5467
2026-08-20 17:20:27.003,26730.5245
2026-08-20 17:20:27.415,26645.0265
2026-08-20 17:20:27.829,26745.6584
2026-08-20 17:20:28.240,26946.3989
2026-08-20 17:20:28.655,27235.2259
2026-08-20 17:20:29.069,27575.9998
2026-08-20 17:20:29.546,27990.7743
2026-08-20 17:20:29.958,28390.1626
2026-08-20 17:20:30.372,28734.1416
2026-08-20 17:20:30.785,28472.118
2026-08-20 17:20:31.197,28076.3471
2026-08-20 17:20:31.610,27700.2087
2026-08-20 17:20:32.032,27347.2616
2026-08-20 17:20:32.446,27028.7685
2026-08-20 17:20:32.858,26800.883
2026-08-20 17:20:33.273,26671.5641
2026-08-20 17:20:33.686,26642.4489
2026-08-20 17:20:34.113,26641.9443
2026-08-20 17:20:34.527,26640.1551
2026-08-20 17:20:34.953,26638.5559
2026-08-20 17:20:35.374,26637.026
2026-08-20 17:20:35.787,26635.6956
2026-08-20 17:20:36.199,26634.7446
2026-08-20 17:20:36.662,26633.5646
2026-08-20 17:20:37.092,26632.6745
2026-08-20 17:20:37.506,26631.6352
2026-08-20 17:20:37.919,26630.9519
2026-08-20 17:20:38.336,26632.5785
2026-08-20 17:20:38.753,26715.7041
2026-08-20 17:20:39.171,26899.1815
2026-08-20 17:20:39.584,27168.0331
2026-08-20 17:20:39.998,27496.8932
2026-08-20 17:20:40.421,27857.4312
2026-08-20 17:20:40.834,28247.8201
2026-08-20 17:20:41.302,28692.676
2026-08-20 17:20:41.726,28568.1189
2026-08-20 17:20:42.141,28157.3572
2026-08-20 17:20:42.556,27774.9043
2026-08-20 17:20:42.981,27415.5784
2026-08-20 17:20:43.411,27083.9335
2026-08-20 17:20:43.823,26831.054
2026-08-20 17:20:44.236,26686.7173
2026-08-20 17:20:44.649,26685.5427
2026-08-20 17:20:45.062,26827.4064
2026-08-20 17:20:45.533,27102.3218
2026-08-20 17:20:45.946,27428.2166
2026-08-20 17:20:46.358,27785.1735
2026-08-20 17:20:46.773,28162.5539
2026-08-20 17:20:47.185,28560.067
2026-08-20 17:20:47.618,28701.4358
2026-08-20 17:20:48.030,28287.8132
2026-08-20 17:20:48.456,27899.999
2026-08-20 17:20:48.869,27524.0787
2026-08-20 17:20:49.291,27187.0343
2026-08-20 17:20:49.719,26905.5291
2026-08-20 17:20:50.154,26720.1242
2026-08-20 17:20:50.579,26666.9303
2026-08-20 17:20:50.996,26784.299
2026-08-20 17:20:51.414,26999.2973
2026-08-20 17:20:51.825,27303.6358
2026-08-20 17:20:52.243,27257.8531
2026-08-20 17:20:52.657,26955.0965
2026-08-20 17:20:53.071,26746.1729
2026-08-20 17:20:53.499,26644.0471
2026-08-20 17:20:53.929,26729.6154
2026-08-20 17:20:54.347,26930.6119
2026-08-20 17:20:54.763,27220.1756
2026-08-20 17:20:55.175,27561.8911
2026-08-20 17:20:55.642,27927.4918
2026-08-20 17:20:56.071,28379.3274
2026-08-20 17:20:56.490,28733.4681
2026-08-20 17:20:56.911,28480.5164
2026-08-20 17:20:57.329,28075.9771
2026-08-20 17:20:57.750,27694.5931
2026-08-20 17:20:58.163,27335.2593
2026-08-20 17:20:58.577,27022.9936
2026-08-20 17:20:58.990,26796.4759
2026-08-20 17:20:59.404,26668.7709
2026-08-20 17:20:59.826,26640.8383
2026-08-20 17:21:00.256,26639.9831
2026-08-20 17:21:00.671,26638.5437
2026-08-20 17:21:01.083,26637.0128
2026-08-20 17:21:01.495,26635.4489
2026-08-20 17:21:01.920,26633.9928
2026-08-20 17:21:02.400,26632.4072
2026-08-20 17:21:02.812,26631.1185
2026-08-20 17:21:03.225,26630.2392
2026-08-20 17:21:03.650,26629.3444
2026-08-20 17:21:04.066,26628.3843
2026-08-20 17:21:04.479,26631.3985
2026-08-20 17:21:04.892,26719.79
2026-08-20 17:21:05.307,26902.7595
2026-08-20 17:21:05.719,27175.7231
2026-08-20 17:21:06.153,27517.2344
2026-08-20 17:21:06.575,27885.7826
2026-08-20 17:21:06.988,28277.0923
2026-08-20 17:21:07.400,28676.8466
2026-08-20 17:21:07.821,28596.8766
2026-08-20 17:21:08.235,28187.16
2026-08-20 17:21:08.702,27755.3724
2026-08-20 17:21:09.114,27396.3569
2026-08-20 17:21:09.535,27076.0798
2026-08-20 17:21:09.961,26827.9616
2026-08-20 17:21:10.373,26679.5666
2026-08-20 17:21:10.800,26683.5413
2026-08-20 17:21:11.215,26833.625
2026-08-20 17:21:11.628,27079.0104
2026-08-20 17:21:12.040,27397.9959
2026-08-20 17:21:12.455,27752.8258
2026-08-20 17:21:12.922,28182.0554
2026-08-20 17:21:13.334,28580.7043
2026-08-20 17:21:13.747,28686.1697
2026-08-20 17:21:14.172,28284.0726
2026-08-20 17:21:14.588,27883.9725
2026-08-20 17:21:15.010,27514.8237
2026-08-20 17:21:15.421,27170.4604
2026-08-20 17:21:15.849,26897.2147
2026-08-20 17:21:16.274,26716.982
2026-08-20 17:21:16.685,26660.3221
2026-08-20 17:21:17.123,26771.3228
2026-08-20 17:21:17.540,26995.1489
2026-08-20 17:21:17.968,27300.4108
2026-08-20 17:21:18.381,27238.0556
2026-08-20 17:21:18.814,26929.0678
2026-08-20 17:21:19.227,26727.3971
2026-08-20 17:21:19.643,26637.4175
2026-08-20 17:21:20.055,26729.5632
2026-08-20 17:21:20.482,26932.8457
2026-08-20 17:21:20.909,27220.8315
2026-08-20 17:21:21.321,27573.4714
2026-08-20 17:21:21.743,27940.5124
2026-08-20 17:21:22.160,28341.0873
2026-08-20 17:21:22.582,28716.89
2026-08-20 17:21:22.994,28510.6339
2026-08-20 17:21:23.416,28111.3781
2026-08-20 17:21:23.831,27722.287
2026-08-20 17:21:24.258,27363.1133
2026-08-20 17:21:24.671,27034.2564
2026-08-20 17:21:25.084,26799.542
2026-08-20 17:21:25.496,26663.4933
2026-08-20 17:21:25.911,26628.658
2026-08-20 17:21:26.338,26627.7701
2026-08-20 17:21:26.830,26625.384
2026-08-20 17:21:27.244,26623.359
2026-08-20 17:21:27.656,26621.4176
2026-08-20 17:21:28.070,26619.8307
2026-08-20 17:21:28.504,26618.3403
2026-08-20 17:21:28.921,26616.8167
2026-08-20 17:21:29.347,26616.1619
2026-08-20 17:21:29.761,26616.6116
2026-08-20 17:21:30.172,26616.1663
2026-08-20 17:21:30.607,26618.387
2026-08-20 17:21:31.021,26709.5748
2026-08-20 17:21:31.433,26894.3902
2026-08-20 17:21:31.847,27166.9947
2026-08-20 17:21:32.260,27498.4471
2026-08-20 17:21:32.760,27859.1232
2026-08-20 17:21:33.187,28338.3412
2026-08-20 17:21:33.600,28713.3259
2026-08-20 17:21:34.016,28514.5072
2026-08-20 17:21:34.434,28112.219
2026-08-20 17:21:34.852,27727.9653
2026-08-20 17:21:35.267,27367.9817
2026-08-20 17:21:35.682,27048.5259
2026-08-20 17:21:36.108,26809.4872
2026-08-20 17:21:36.520,26665.2808
2026-08-20 17:21:36.958,26679.3444
2026-08-20 17:21:37.375,26839.4444
2026-08-20 17:21:37.802,27092.9612
2026-08-20 17:21:38.214,27427.4994
2026-08-20 17:21:38.641,27785.8019
2026-08-20 17:21:39.070,28178.7642
2026-08-20 17:21:39.495,28591.9711
2026-08-20 17:21:39.908,28649.3034
2026-08-20 17:21:40.335,28230.6645
2026-08-20 17:21:40.808,27787.9373
2026-08-20 17:21:41.228,27426.6092
2026-08-20 17:21:41.694,27059.628
2026-08-20 17:21:42.141,26800.5199
2026-08-20 17:21:42.553,26664.2804
2026-08-20 17:21:42.971,26679.9809
2026-08-20 17:21:43.384,26828.982
2026-08-20 17:21:43.820,27075.2587
2026-08-20 17:21:44.232,27349.4745
2026-08-20 17:21:44.659,27110.0343
2026-08-20 17:21:45.079,26843.6459
2026-08-20 17:21:45.492,26672.9801
2026-08-20 17:21:45.932,26642.4736
2026-08-20 17:21:46.359,26794.1032
2026-08-20 17:21:46.771,27032.1872
2026-08-20 17:21:47.184,27345.9839
2026-08-20 17:21:47.645,27697.4736
2026-08-20 17:21:48.063,28121.7868
2026-08-20 17:21:48.490,28517.3244
2026-08-20 17:21:48.902,28693.0533
2026-08-20 17:21:49.318,28303.798
2026-08-20 17:21:49.732,27911.1445
2026-08-20 17:21:50.156,27542.5844
2026-08-20 17:21:50.577,27192.0335
2026-08-20 17:21:50.992,26904.3722
2026-08-20 17:21:51.405,26719.5037
2026-08-20 17:21:51.819,26633.3503
2026-08-20 17:21:52.286,26627.88
2026-08-20 17:21:52.714,26626.6499
2026-08-20 17:21:53.126,26625.0162
2026-08-20 17:21:53.547,26623.1289
2026-08-20 17:21:53.977,26622.0407
2026-08-20 17:21:54.392,26620.9153
2026-08-20 17:21:54.805,26619.9942
2026-08-20 17:21:55.221,26618.9996
2026-08-20 17:21:55.634,26617.957
2026-08-20 17:21:56.065,26616.6782
2026-08-20 17:21:56.485,26615.5571
2026-08-20 17:21:56.899,26642.0399
2026-08-20 17:21:57.327,26774.8403
2026-08-20 17:21:57.747,27006.2898
2026-08-20 17:21:58.176,27315.0374
2026-08-20 17:21:58.590,27674.1826
2026-08-20 17:21:59.017,28060.5436
2026-08-20 17:21:59.429,28449.6388
2026-08-20 17:21:59.842,28719.3657
2026-08-20 17:22:00.254,28378.3686
2026-08-20 17:22:00.683,27985.3976
2026-08-20 17:22:01.114,27586.1264
2026-08-20 17:22:01.541,27238.786
2026-08-20 17:22:01.962,26937.0265
2026-08-20 17:22:02.374,26735.1721
2026-08-20 17:22:02.788,26640.9132
2026-08-20 17:22:03.201,26720.0494
2026-08-20 17:22:03.626,26903.7594
2026-08-20 17:22:04.037,27190.1471
2026-08-20 17:22:04.452,27525.159
2026-08-20 17:22:04.917,27938.3966
2026-08-20 17:22:05.338,28323.4854
2026-08-20 17:22:05.754,28698.7918
2026-08-20 17:22:06.167,28482.6337
2026-08-20 17:22:06.589,28084.9159
2026-08-20 17:22:07.018,27699.1811
2026-08-20 17:22:07.431,27332.2891
2026-08-20 17:22:07.859,27008.8054
2026-08-20 17:22:08.271,26782.2286
2026-08-20 17:22:08.685,26652.7966
2026-08-20 17:22:09.112,26682.3684
2026-08-20 17:22:09.525,26835.2148
2026-08-20 17:22:09.944,27089.737
2026-08-20 17:22:10.356,27338.9842
2026-08-20 17:22:10.771,27102.1505
2026-08-20 17:22:11.194,26834.6611
2026-08-20 17:22:11.608,26663.8205
2026-08-20 17:22:12.075,26644.9555
2026-08-20 17:22:12.497,26790.186
2026-08-20 17:22:12.909,27035.1904
2026-08-20 17:22:13.339,27361.2803
2026-08-20 17:22:13.752,27715.4966
2026-08-20 17:22:14.169,28093.8896
2026-08-20 17:22:14.581,28485.3934
2026-08-20 17:22:14.993,28681.0992
2026-08-20 17:22:15.407,28304.7454
2026-08-20 17:22:15.820,27914.679
2026-08-20 17:22:16.281,27505.3606
2026-08-20 17:22:16.704,27167.6946
2026-08-20 17:22:17.117,26881.6898
2026-08-20 17:22:17.530,26700.6982
2026-08-20 17:22:17.943,26616.0634
2026-08-20 17:22:18.384,26610.8761
2026-08-20 17:22:18.803,26609.4668
2026-08-20 17:22:19.219,26607.6027
2026-08-20 17:22:19.631,26605.83
2026-08-20 17:22:20.048,26604.2828
2026-08-20 17:22:20.476,26602.7173
2026-08-20 17:22:20.888,26601.0605
2026-08-20 17:22:21.313,26599.5999
2026-08-20 17:22:21.727,26598.1524
2026-08-20 17:22:22.141,26596.8253
2026-08-20 17:22:22.563,26595.5475
2026-08-20 17:22:22.978,26613.6539
2026-08-20 17:22:23.390,26735.6738
2026-08-20 17:22:23.855,26979.2701
2026-08-20 17:22:24.281,27278.5106
2026-08-20 17:22:24.693,27631.497
2026-08-20 17:22:25.111,27999.0757
2026-08-20 17:22:25.524,28389.3202
2026-08-20 17:22:25.949,28688.142
2026-08-20 17:22:26.364,28360.3205
2026-08-20 17:22:26.776,27968.8348
2026-08-20 17:22:27.204,27598.5245
2026-08-20 17:22:27.617,27241.4287
2026-08-20 17:22:28.030,26943.0304
2026-08-20 17:22:28.477,26733.3632
2026-08-20 17:22:28.892,26618.0088
2026-08-20 17:22:29.319,26692.3712
2026-08-20 17:22:29.741,26870.7677
2026-08-20 17:22:30.154,27150.2202
2026-08-20 17:22:30.578,27481.4594
2026-08-20 17:22:30.990,27851.4079
2026-08-20 17:22:31.402,28231.1151
2026-08-20 17:22:31.816,28620.557
2026-08-20 17:22:32.278,28502.2907
2026-08-20 17:22:32.700,28053.6202
2026-08-20 17:22:33.116,27674.4682
2026-08-20 17:22:33.529,27319.6452
2026-08-20 17:22:33.948,27005.207
2026-08-20 17:22:34.361,26768.0434
2026-08-20 17:22:34.790,26631.2508
2026-08-20 17:22:35.203,26643.5967
2026-08-20 17:22:35.616,26788.0056
2026-08-20 17:22:36.029,27029.6733
2026-08-20 17:22:36.499,27298.2488
2026-08-20 17:22:36.917,27048.9092
2026-08-20 17:22:37.344,26790.3227
2026-08-20 17:22:37.759,26625.5298
2026-08-20 17:22:38.175,26609.9568
2026-08-20 17:22:38.590,26750.5284
2026-08-20 17:22:39.006,26984.971
2026-08-20 17:22:39.420,27296.4565
2026-08-20 17:22:39.834,27643.9337
2026-08-20 17:22:40.260,28014.0326
2026-08-20 17:22:40.672,28413.7433
2026-08-20 17:22:41.108,28648.7266
2026-08-20 17:22:41.522,28269.1272
2026-08-20 17:22:41.934,27881.6926
2026-08-20 17:22:42.352,27517.0645
2026-08-20 17:22:42.820,27171.6949
2026-08-20 17:22:43.239,26849.6018
2026-08-20 17:22:43.653,26668.7406
2026-08-20 17:22:44.066,26585.1043
2026-08-20 17:22:44.479,26579.8698
2026-08-20 17:22:44.910,26578.2736
2026-08-20 17:22:45.330,26576.3327
2026-08-20 17:22:45.744,26574.3877
2026-08-20 17:22:46.171,26572.7199
2026-08-20 17:22:46.584,26570.6895
2026-08-20 17:22:47.013,26569.0329
2026-08-20 17:22:47.426,26567.2635
2026-08-20 17:22:47.842,26565.7434
2026-08-20 17:22:48.259,26564.5222
2026-08-20 17:22:48.672,26563.1824
2026-08-20 17:22:49.086,26579.3053
2026-08-20 17:22:49.499,26696.4985
2026-08-20 17:22:49.916,26902.9125
2026-08-20 17:22:50.343,27193.5624
2026-08-20 17:22:50.757,27540.281
2026-08-20 17:22:51.181,27913.8557
2026-08-20 17:22:51.594,28294.289
2026-08-20 17:22:52.006,28630.688
2026-08-20 17:22:52.447,28370.0116
2026-08-20 17:22:52.873,27952.1115
2026-08-20 17:22:53.286,27571.0294
2026-08-20 17:22:53.708,27225.3129
2026-08-20 17:22:54.122,26918.4631
2026-08-20 17:22:54.553,26704.5039
2026-08-20 17:22:54.966,26584.4973
2026-08-20 17:22:55.380,26637.5937
2026-08-20 17:22:55.792,26802.2468
2026-08-20 17:22:56.207,27061.0022
2026-08-20 17:22:56.627,27385.4613
2026-08-20 17:22:57.119,27814.4888
2026-08-20 17:22:57.590,28192.603
2026-08-20 17:22:58.019,28607.1114
2026-08-20 17:22:58.434,28371.416
2026-08-20 17:22:58.861,27977.9683
2026-08-20 17:22:59.277,27594.7881
2026-08-20 17:22:59.690,27243.9214
2026-08-20 17:23:00.105,26937.3309
2026-08-20 17:23:00.523,26712.2802
2026-08-20 17:23:00.937,26582.486
2026-08-20 17:23:01.349,26608.3579
2026-08-20 17:23:01.762,26754.8711
2026-08-20 17:23:02.237,26998.409
2026-08-20 17:23:02.686,27249.7966
2026-08-20 17:23:03.099,26967.2621
2026-08-20 17:23:03.513,26721.7024
2026-08-20 17:23:03.940,26573.8811
2026-08-20 17:23:04.366,26578.9879
2026-08-20 17:23:04.778,26732.4809
2026-08-20 17:23:05.207,26983.3946
2026-08-20 17:23:05.619,27297.9048
2026-08-20 17:23:06.040,27644.7045
2026-08-20 17:23:06.454,28020.3118
2026-08-20 17:23:06.873,28406.8875
2026-08-20 17:23:07.308,28549.6074
2026-08-20 17:23:07.719,28141.2158
2026-08-20 17:23:08.132,27761.7168
2026-08-20 17:23:08.545,27402.6613
2026-08-20 17:23:08.971,27071.1715
2026-08-20 17:23:09.438,26761.9761
2026-08-20 17:23:09.851,26598.5887
2026-08-20 17:23:10.274,26532.2021
2026-08-20 17:23:10.688,26530.3538
2026-08-20 17:23:11.101,26528.5908
2026-08-20 17:23:11.564,26526.0453
2026-08-20 17:23:11.978,26523.8418
2026-08-20 17:23:12.392,26521.8249
2026-08-20 17:23:12.803,26520.0192
2026-08-20 17:23:13.215,26518.5078
2026-08-20 17:23:13.640,26516.9852
2026-08-20 17:23:14.054,26515.4062
2026-08-20 17:23:14.497,26514.0276
2026-08-20 17:23:14.911,26512.934
2026-08-20 17:23:15.323,26549.5029
2026-08-20 17:23:15.738,26689.7185
2026-08-20 17:23:16.150,26917.5867
2026-08-20 17:23:16.567,27217.5385
2026-08-20 17:23:16.986,27560.3152
2026-08-20 17:23:17.399,27928.7603
2026-08-20 17:23:17.813,28310.1607
2026-08-20 17:23:18.234,28563.2634
2026-08-20 17:23:18.646,28213.1955
2026-08-20 17:23:19.060,27829.6393
2026-08-20 17:23:19.474,27466.1561
2026-08-20 17:23:19.900,27127.5489
2026-08-20 17:23:20.360,26802.0423
2026-08-20 17:23:20.779,26614.9254
2026-08-20 17:23:21.198,26530.3651
2026-08-20 17:23:21.611,26618.9668
2026-08-20 17:23:22.035,26812.3448
2026-08-20 17:23:22.478,27090.5132
2026-08-20 17:23:22.890,27445.4833
2026-08-20 17:23:23.315,27801.9771
2026-08-20 17:23:23.727,28188.8589
2026-08-20 17:23:24.147,28538.0641
2026-08-20 17:23:24.561,28302.1911
2026-08-20 17:23:24.980,27908.2081
2026-08-20 17:23:25.423,27539.5845
2026-08-20 17:23:25.846,27170.309
2026-08-20 17:23:26.263,26861.9509
2026-08-20 17:23:26.675,26645.4906
2026-08-20 17:23:27.101,26526.9013
2026-08-20 17:23:27.529,26568.3427
2026-08-20 17:23:28.021,26769.4826
2026-08-20 17:23:28.448,27044.6931
2026-08-20 17:23:28.867,27169.4217
2026-08-20 17:23:29.282,26868.354
2026-08-20 17:23:29.721,26639.2992
2026-08-20 17:23:30.141,26505.3446
2026-08-20 17:23:30.555,26554.3007
2026-08-20 17:23:30.973,26720.277
2026-08-20 17:23:31.385,26981.7961
2026-08-20 17:23:31.797,27300.8798
2026-08-20 17:23:32.262,27696.6736
2026-08-20 17:23:32.694,28079.2855
2026-08-20 17:23:33.110,28471.2916
2026-08-20 17:23:33.537,28380.3058
2026-08-20 17:23:34.016,27926.2381
2026-08-20 17:23:34.441,27545.1333
2026-08-20 17:23:34.861,27188.4648
2026-08-20 17:23:35.273,26876.2683
2026-08-20 17:23:35.693,26649.7883
2026-08-20 17:23:36.138,26516.5802
2026-08-20 17:23:36.557,26484.6256
2026-08-20 17:23:36.971,26483.3231
2026-08-20 17:23:37.384,26481.6126
2026-08-20 17:23:37.806,26479.6991
2026-08-20 17:23:38.233,26477.9108
2026-08-20 17:23:38.646,26476.0449
2026-08-20 17:23:39.081,26474.2745
2026-08-20 17:23:39.499,26472.6887
2026-08-20 17:23:39.923,26470.8451
2026-08-20 17:23:40.338,26469.2206
2026-08-20 17:23:40.764,26467.5155
2026-08-20 17:23:41.186,26468.3597
2026-08-20 17:23:41.611,26548.7639
2026-08-20 17:23:42.023,26727.0492
2026-08-20 17:23:42.435,26986.823
2026-08-20 17:23:42.856,27303.1278
2026-08-20 17:23:43.322,27704.7083
2026-08-20 17:23:43.735,28074.9743
2026-08-20 17:23:44.149,28456.4351
2026-08-20 17:23:44.562,28342.1293
2026-08-20 17:23:44.991,27939.0708
2026-08-20 17:23:45.403,27568.5451
2026-08-20 17:23:45.858,27195.4998
2026-08-20 17:23:46.272,26878.6082
2026-08-20 17:23:46.698,26645.5826
2026-08-20 17:23:47.118,26503.8521
2026-08-20 17:23:47.532,26514.2121
2026-08-20 17:23:47.944,26656.385
2026-08-20 17:23:48.396,26891.6788
2026-08-20 17:23:48.813,27229.86
2026-08-20 17:23:49.236,27578.2278
2026-08-20 17:23:49.649,27953.2715
2026-08-20 17:23:50.070,28336.4042
2026-08-20 17:23:50.497,28426.48
2026-08-20 17:23:50.910,28023.6558
2026-08-20 17:23:51.323,27648.1497
2026-08-20 17:23:51.735,27294.7426
2026-08-20 17:23:52.159,26970.7756
2026-08-20 17:23:52.586,26701.0825
2026-08-20 17:23:53.073,26511.1509
2026-08-20 17:23:53.486,26491.0899
2026-08-20 17:23:53.919,26622.3836
2026-08-20 17:23:54.332,26846.9389
2026-08-20 17:23:54.775,27130.9438
2026-08-20 17:23:55.188,26970.9197
2026-08-20 17:23:55.600,26698.9983
2026-08-20 17:23:56.017,26520.6549
2026-08-20 17:23:56.432,26457.535
2026-08-20 17:23:56.898,26586.8098
2026-08-20 17:23:57.310,26800.0313
2026-08-20 17:23:57.734,27092.0588
2026-08-20 17:23:58.148,27435.7649
2026-08-20 17:23:58.565,27793.5703
2026-08-20 17:23:59.027,28215.743
2026-08-20 17:23:59.454,28461.8406
2026-08-20 17:23:59.867,28107.9492
2026-08-20 17:24:00.280,27729.2216
2026-08-20 17:24:00.694,27370.4981
2026-08-20 17:24:01.156,26999.9636
2026-08-20 17:24:01.583,26723.0292
2026-08-20 17:24:01.995,26534.0612
2026-08-20 17:24:02.411,26447.1969
2026-08-20 17:24:02.824,26440.1123
2026-08-20 17:24:03.300,26438.5162
2026-08-20 17:24:03.714,26436.6824
2026-08-20 17:24:04.126,26434.8811
2026-08-20 17:24:04.548,26433.1838
2026-08-20 17:24:04.976,26431.6272
2026-08-20 17:24:05.401,26430.1096
2026-08-20 17:24:05.814,26428.5902
2026-08-20 17:24:06.238,26427.0663
2026-08-20 17:24:06.652,26425.6293
2026-08-20 17:24:07.114,26424.1366
2026-08-20 17:24:07.533,26453.123
2026-08-20 17:24:07.979,26601.1096
2026-08-20 17:24:08.393,26826.3024
2026-08-20 17:24:08.819,27123.8117
2026-08-20 17:24:09.315,27530.3041
2026-08-20 17:24:09.727,27902.2961
2026-08-20 17:24:10.139,28281.5083
2026-08-20 17:24:10.553,28403.2151
2026-08-20 17:24:11.025,28019.3333
2026-08-20 17:24:11.472,27563.3492
2026-08-20 17:24:11.938,27171.7715
2026-08-20 17:24:12.351,26860.9258
2026-08-20 17:24:12.779,26614.8497
2026-08-20 17:24:13.194,26471.7125
2026-08-20 17:24:13.621,26461.7511
2026-08-20 17:24:14.037,26599.7825
2026-08-20 17:24:14.498,26860.2245
2026-08-20 17:24:14.911,27167.8734
2026-08-20 17:24:15.337,27520.0551
2026-08-20 17:24:15.750,27882.3605
2026-08-20 17:24:16.177,28261.5455
2026-08-20 17:24:16.638,28357.2054
2026-08-20 17:24:17.052,27958.4672
2026-08-20 17:24:17.479,27586.1196
2026-08-20 17:24:17.896,27225.5089
2026-08-20 17:24:18.312,26902.6121
2026-08-20 17:24:18.738,26645.8686
2026-08-20 17:24:19.225,26463.6336
2026-08-20 17:24:19.645,26454.0249
2026-08-20 17:24:20.125,26609.2439
2026-08-20 17:24:20.553,26853.5981
2026-08-20 17:24:20.965,27112.4705
2026-08-20 17:24:21.377,26895.9622
2026-08-20 17:24:21.798,26635.0809
2026-08-20 17:24:22.238,26462.8995
2026-08-20 17:24:22.651,26424.5197
2026-08-20 17:24:23.082,26557.0091
2026-08-20 17:24:23.500,26780.1851
2026-08-20 17:24:23.915,27080.2485
2026-08-20 17:24:24.327,27416.4919
2026-08-20 17:24:24.754,27772.4257
2026-08-20 17:24:25.210,28199.3205
2026-08-20 17:24:25.623,28392.6926
2026-08-20 17:24:26.046,28029.9364
2026-08-20 17:24:26.460,27645.7431
2026-08-20 17:24:26.888,27292.1481
2026-08-20 17:24:27.345,26920.7798
2026-08-20 17:24:27.758,26655.0917
2026-08-20 17:24:28.182,26482.6724
2026-08-20 17:24:28.595,26403.7809
2026-08-20 17:24:29.010,26400.089
2026-08-20 17:24:29.475,26398.5077
2026-08-20 17:24:29.901,26396.7354
2026-08-20 17:24:30.314,26394.9524
2026-08-20 17:24:30.729,26393.1699
2026-08-20 17:24:31.153,26391.4202
2026-08-20 17:24:31.566,26389.7363
2026-08-20 17:24:31.980,26388.37
2026-08-20 17:24:32.400,26386.8735
2026-08-20 17:24:32.812,26385.3955
2026-08-20 17:24:33.224,26384.051
2026-08-20 17:24:33.651,26382.7788
2026-08-20 17:24:34.064,26381.653
2026-08-20 17:24:34.478,26380.5063
2026-08-20 17:24:34.900,26379.3021
2026-08-20 17:24:35.312,26378.2118
2026-08-20 17:24:35.724,26377.1135
2026-08-20 17:24:36.161,26376.3975
2026-08-20 17:24:36.574,26375.2974
2026-08-20 17:24:36.987,26374.2155
2026-08-20 17:24:37.399,26373.3817
2026-08-20 17:24:37.812,26372.527
2026-08-20 17:24:38.225,26371.7793
2026-08-20 17:24:38.638,26371.0167
2026-08-20 17:24:39.051,26370.1615
2026-08-20 17:24:39.463,26369.0463
2026-08-20 17:24:39.876,26368.0636
2026-08-20 17:24:40.288,26367.0912
2026-08-20 17:24:40.724,26366.2555
2026-08-20 17:24:41.151,26365.3851
2026-08-20 17:24:41.569,26364.2554
2026-08-20 17:24:41.981,26363.3399
2026-08-20 17:24:42.394,26362.5169
2026-08-20 17:24:42.807,26361.7116
2026-08-20 17:24:43.224,26360.7687
2026-08-20 17:24:43.640,26359.8869
2026-08-20 17:24:44.059,26358.9843
2026-08-20 17:24:44.473,26358.1912
2026-08-20 17:24:44.885,26357.445
2026-08-20 17:24:45.312,26356.8366
2026-08-20 17:24:45.725,26356.0786
2026-08-20 17:24:46.137,26355.2509
2026-08-20 17:24:46.565,26354.3951
2026-08-20 17:24:46.992,26353.7619
2026-08-20 17:24:47.410,26353.1043
2026-08-20 17:24:47.837,26352.4523
2026-08-20 17:24:48.249,26351.8207
2026-08-20 17:24:48.662,26350.8512
2026-08-20 17:24:49.099,26350.0791
2026-08-20 17:24:49.512,26349.5043
2026-08-20 17:24:49.933,26348.9878
2026-08-20 17:24:50.352,26348.1442
2026-08-20 17:24:50.765,26347.3192
2026-08-20 17:24:51.182,26346.5485
2026-08-20 17:24:51.595,26345.718
2026-08-20 17:24:52.008,26345.0507
2026-08-20 17:24:52.420,26344.3092
2026-08-20 17:24:52.838,26343.5156
2026-08-20 17:24:53.256,26342.7342
2026-08-20 17:24:53.673,26341.949
2026-08-20 17:24:54.111,26341.2088
2026-08-20 17:24:54.534,26340.2432
2026-08-20 17:24:54.945,26339.3318
2026-08-20 17:24:55.371,26338.3943
2026-08-20 17:24:55.789,26337.7246
2026-08-20 17:24:56.226,26336.9193
2026-08-20 17:24:56.639,26335.8579
2026-08-20 17:24:57.059,26334.8949
2026-08-20 17:24:57.471,26334.1369
2026-08-20 17:24:57.885,26333.1783
2026-08-20 17:24:58.296,26332.0694
2026-08-20 17:24:58.758,26331.2652
2026-08-20 17:24:59.178,26330.642
2026-08-20 17:24:59.593,26330.2558
2026-08-20 17:25:00.011,26329.6435
2026-08-20 17:25:00.424,26328.9449
2026-08-20 17:25:00.886,26328.0524
2026-08-20 17:25:01.306,26327.5797
2026-08-20 17:25:01.734,26326.9035
2026-08-20 17:25:02.159,26326.3893
2026-08-20 17:25:02.574,26325.7448
2026-08-20 17:25:02.987,26325.0453
2026-08-20 17:25:03.424,26324.2105
2026-08-20 17:25:03.842,26323.5817
2026-08-20 17:25:04.263,26322.9757
2026-08-20 17:25:04.684,26322.3137
2026-08-20 17:25:05.106,26321.7406
2026-08-20 17:25:05.518,26321.081
2026-08-20 17:25:05.935,26320.7035
2026-08-20 17:25:06.347,26319.9927
2026-08-20 17:25:06.771,26319.3179
2026-08-20 17:25:07.183,26318.7119
2026-08-20 17:25:07.609,26318.3955
2026-08-20 17:25:08.037,26317.7413
2026-08-20 17:25:08.448,26317.3054
2026-08-20 17:25:08.861,26316.6438
2026-08-20 17:25:09.272,26316.3187
2026-08-20 17:25:09.685,26315.643
2026-08-20 17:25:10.099,26315.1936
2026-08-20 17:25:10.520,26314.7787
2026-08-20 17:25:10.960,26314.2545
2026-08-20 17:25:11.374,26313.6637
2026-08-20 17:25:11.786,26312.9423
2026-08-20 17:25:12.198,26312.5253
2026-08-20 17:25:12.617,26312.0378
2026-08-20 17:25:13.030,26311.4581
2026-08-20 17:25:13.501,26310.9355
2026-08-20 17:25:13.918,26310.4687
2026-08-20 17:25:14.332,26309.9344
2026-08-20 17:25:14.746,26309.461
2026-08-20 17:25:15.171,26308.9686
2026-08-20 17:25:15.583,26308.4274
2026-08-20 17:25:16.049,26307.9626
2026-08-20 17:25:16.468,26307.5592
2026-08-20 17:25:16.881,26307.1877
2026-08-20 17:25:17.295,26306.7167
2026-08-20 17:25:17.708,26306.1273
2026-08-20 17:25:18.131,26305.6814
2026-08-20 17:25:18.635,26305.3916
2026-08-20 17:25:19.114,26304.5733
2026-08-20 17:25:19.527,26304.4518
2026-08-20 17:25:19.941,26303.8282
2026-08-20 17:25:20.365,26303.0401
2026-08-20 17:25:20.780,26302.4066
2026-08-20 17:25:21.192,26301.7151
2026-08-20 17:25:21.625,26301.1551
2026-08-20 17:25:22.051,26300.2761
2026-08-20 17:25:22.472,26299.7732
2026-08-20 17:25:22.889,26299.3435
2026-08-20 17:25:23.302,26298.9549
2026-08-20 17:25:23.722,26298.6472
2026-08-20 17:25:24.134,26298.4789
2026-08-20 17:25:24.547,26298.4196
2026-08-20 17:25:24.966,26298.2327
2026-08-20 17:25:25.387,26297.7831
2026-08-20 17:25:25.799,26297.3616
2026-08-20 17:25:26.227,26296.5937
2026-08-20 17:25:26.647,26296.3725
2026-08-20 17:25:27.060,26295.9492
2026-08-20 17:25:27.496,26295.3757
2026-08-20 17:25:27.914,26295.1041
2026-08-20 17:25:28.337,26294.7958
2026-08-20 17:25:28.749,26294.2575
2026-08-20 17:25:29.161,26294.0093
2026-08-20 17:25:29.573,26293.3642
2026-08-20 17:25:29.985,26292.8192
2026-08-20 17:25:30.403,26292.4185
2026-08-20 17:25:30.817,26291.9454
2026-08-20 17:25:31.229,26291.2355
2026-08-20 17:25:31.653,26344.9403
2026-08-20 17:25:32.066,26511.9871
2026-08-20 17:25:32.483,26753.4208
2026-08-20 17:25:32.897,27056.872
2026-08-20 17:25:33.325,27402.9957
2026-08-20 17:25:33.737,27758.3409
2026-08-20 17:25:34.164,28130.2658
2026-08-20 17:25:34.582,28287.6486
2026-08-20 17:25:35.015,27910.5986
2026-08-20 17:25:35.427,27523.9766
2026-08-20 17:25:35.840,27178.0908
2026-08-20 17:25:36.253,26857.5202
2026-08-20 17:25:36.667,26590.3701
2026-08-20 17:25:37.088,26406.8401
2026-08-20 17:25:37.506,26327.1711
2026-08-20 17:25:37.950,26428.2864
2026-08-20 17:25:38.387,26651.2799
2026-08-20 17:25:38.799,26940.3049
2026-08-20 17:25:39.225,27276.5587
2026-08-20 17:25:39.636,27625.5598
2026-08-20 17:25:40.076,27992.6546
2026-08-20 17:25:40.490,28330.5559
2026-08-20 17:25:40.902,28063.4799
2026-08-20 17:25:41.331,27673.267
2026-08-20 17:25:41.758,27316.8833
2026-08-20 17:25:42.171,26972.5657
2026-08-20 17:25:42.584,26680.5024
2026-08-20 17:25:43.009,26464.0253
2026-08-20 17:25:43.423,26334.6419
2026-08-20 17:25:43.850,26375.3129
2026-08-20 17:25:44.272,26533.4172
2026-08-20 17:25:44.694,26787.993
2026-08-20 17:25:45.107,27001.7163
2026-08-20 17:25:45.528,26749.5276
2026-08-20 17:25:45.948,26498.3374
2026-08-20 17:25:46.364,26340.7393
2026-08-20 17:25:46.783,26329.1761
2026-08-20 17:25:47.211,26471.5052
2026-08-20 17:25:47.623,26709.7822
2026-08-20 17:25:48.035,27007.5587
2026-08-20 17:25:48.449,27340.4189
2026-08-20 17:25:48.914,27742.1637
2026-08-20 17:25:49.342,28127.5144
2026-08-20 17:25:49.769,28251.7417
2026-08-20 17:25:50.182,27863.0177
2026-08-20 17:25:50.594,27495.8637
2026-08-20 17:25:51.024,27150.161
2026-08-20 17:25:51.449,26817.9333
2026-08-20 17:25:51.863,26549.122
2026-08-20 17:25:52.287,26378.514
2026-08-20 17:25:52.699,26299.5886
2026-08-20 17:25:53.164,26296.1541
2026-08-20 17:25:53.577,26294.7018
2026-08-20 17:25:53.989,26293.0777
2026-08-20 17:25:54.403,26291.6521
2026-08-20 17:25:54.831,26290.1149
2026-08-20 17:25:55.311,26288.5166
2026-08-20 17:25:55.727,26287.3174
2026-08-20 17:25:56.140,26286.2223
2026-08-20 17:25:56.562,26284.9868
2026-08-20 17:25:56.982,26283.6124
2026-08-20 17:25:57.413,26282.5952
2026-08-20 17:25:57.831,26329.0549
2026-08-20 17:25:58.249,26479.7403
2026-08-20 17:25:58.667,26714.7509
2026-08-20 17:25:59.080,27016.1803
2026-08-20 17:25:59.507,27360.9727
2026-08-20 17:25:59.923,27715.3783
2026-08-20 17:26:00.352,28088.9968
2026-08-20 17:26:00.781,28243.0263
2026-08-20 17:26:01.207,27867.21
2026-08-20 17:26:01.620,27487.7778
2026-08-20 17:26:02.041,27141.7188
2026-08-20 17:26:02.479,26816.1707
2026-08-20 17:26:02.892,26540.8789
2026-08-20 17:26:03.320,26366.1901
2026-08-20 17:26:03.733,26308.5756
2026-08-20 17:26:04.147,26414.9426
2026-08-20 17:26:04.574,26612.3176
2026-08-20 17:26:04.986,26901.0416
2026-08-20 17:26:05.429,27224.7982
2026-08-20 17:26:05.842,27599.9741
2026-08-20 17:26:06.255,27967.0295
2026-08-20 17:26:06.667,28276.8303
2026-08-20 17:26:07.080,28004.3404
2026-08-20 17:26:07.492,27630.6675
2026-08-20 17:26:07.905,27275.981
2026-08-20 17:26:08.322,26943.3653
2026-08-20 17:26:08.740,26649.1906
2026-08-20 17:26:09.153,26434.5328
2026-08-20 17:26:09.565,26313.6716
2026-08-20 17:26:09.979,26348.1822
2026-08-20 17:26:10.393,26499.5412
2026-08-20 17:26:10.811,26744.7473
2026-08-20 17:26:11.224,26975.462
2026-08-20 17:26:11.647,26744.2605
2026-08-20 17:26:12.064,26487.5237
2026-08-20 17:26:12.478,26327.9591
2026-08-20 17:26:12.940,26313.4615
2026-08-20 17:26:13.371,26463.1663
2026-08-20 17:26:13.784,26698.4989
2026-08-20 17:26:14.211,27010.8885
2026-08-20 17:26:14.639,27345.4998
2026-08-20 17:26:15.051,27713.8798
2026-08-20 17:26:15.473,28085.5865
2026-08-20 17:26:15.890,28233.3591
2026-08-20 17:26:16.318,27857.474
2026-08-20 17:26:16.731,27476.9127
2026-08-20 17:26:17.153,27130.3934
2026-08-20 17:26:17.566,26803.7784
2026-08-20 17:26:17.991,26533.1184
2026-08-20 17:26:18.405,26362.5574
2026-08-20 17:26:18.819,26284.0063
2026-08-20 17:26:19.246,26279.7887
2026-08-20 17:26:19.726,26278.6699
2026-08-20 17:26:20.145,26277.0061
2026-08-20 17:26:20.558,26274.5415
2026-08-20 17:26:20.971,26272.6333
2026-08-20 17:26:21.386,26271.297
2026-08-20 17:26:21.798,26270.8486
2026-08-20 17:26:22.209,26270.0569
2026-08-20 17:26:22.622,26269.1573
2026-08-20 17:26:23.048,26268.3019
2026-08-20 17:26:23.481,26267.2755
2026-08-20 17:26:23.900,26296.0267
2026-08-20 17:26:24.318,26430.351
2026-08-20 17:26:24.733,26649.0686
2026-08-20 17:26:25.160,26939.1353
2026-08-20 17:26:25.577,27277.7256
2026-08-20 17:26:26.005,27633.5729
2026-08-20 17:26:26.417,28014.9579
2026-08-20 17:26:26.830,28261.3322
2026-08-20 17:26:27.242,27932.5818
2026-08-20 17:26:27.667,27561.2559
2026-08-20 17:26:28.096,27200.0189
2026-08-20 17:26:28.508,26861.5275
2026-08-20 17:26:28.930,26584.326
2026-08-20 17:26:29.346,26387.8192
2026-08-20 17:26:29.761,26291.3294
2026-08-20 17:26:30.175,26364.0603
2026-08-20 17:26:30.587,26537.2675
2026-08-20 17:26:31.054,26837.1998
2026-08-20 17:26:31.467,27157.0897
2026-08-20 17:26:31.881,27502.6166
2026-08-20 17:26:32.303,27867.4018
2026-08-20 17:26:32.721,28233.7793
2026-08-20 17:26:33.134,28054.6438
2026-08-20 17:26:33.546,27677.711
2026-08-20 17:26:33.973,27319.9941
2026-08-20 17:26:34.467,26910.263
2026-08-20 17:26:34.939,26620.8482
2026-08-20 17:26:35.370,26389.3733
2026-08-20 17:26:35.782,26290.482
2026-08-20 17:26:36.194,26359.4355
2026-08-20 17:26:36.607,26529.013
2026-08-20 17:26:37.020,26787.9272
2026-08-20 17:26:37.464,26943.8257
2026-08-20 17:26:37.877,26646.0265
2026-08-20 17:26:38.290,26419.5969
2026-08-20 17:26:38.704,26286.5988
2026-08-20 17:26:39.126,26313.5134
2026-08-20 17:26:39.540,26470.2089
2026-08-20 17:26:39.976,26723.7522
2026-08-20 17:26:40.407,27037.9342
2026-08-20 17:26:40.820,27390.9866
2026-08-20 17:26:41.232,27749.8713
2026-08-20 17:26:41.645,28124.7326
2026-08-20 17:26:42.059,28182.7607
2026-08-20 17:26:42.483,27798.6204
2026-08-20 17:26:42.914,27419.2595
2026-08-20 17:26:43.349,27064.291
2026-08-20 17:26:43.762,26734.1761
2026-08-20 17:26:44.174,26486.3382
2026-08-20 17:26:44.594,26329.9046
2026-08-20 17:26:45.012,26266.3665
2026-08-20 17:26:45.427,26265.4426
2026-08-20 17:26:45.845,26264.4142
2026-08-20 17:26:46.259,26262.902
2026-08-20 17:26:46.678,26261.3412
2026-08-20 17:26:47.092,26259.9514
2026-08-20 17:26:47.504,26258.511
2026-08-20 17:26:47.941,26257.4041
2026-08-20 17:26:48.356,26256.6456
2026-08-20 17:26:48.768,26255.713
2026-08-20 17:26:49.189,26254.9129
2026-08-20 17:26:49.604,26254.1503
2026-08-20 17:26:50.017,26283.7236
2026-08-20 17:26:50.488,26440.6985
2026-08-20 17:26:50.913,26667.8194
2026-08-20 17:26:51.325,26971.6275
2026-08-20 17:26:51.751,27313.8998
2026-08-20 17:26:52.163,27667.1697
2026-08-20 17:26:52.577,28038.5421
2026-08-20 17:26:53.010,28236.8821
2026-08-20 17:26:53.422,27863.7169
2026-08-20 17:26:53.843,27495.4552
2026-08-20 17:26:54.255,27140.2645
2026-08-20 17:26:54.728,26818.6082
2026-08-20 17:26:55.146,26512.3696
2026-08-20 17:26:55.559,26342.8956
2026-08-20 17:26:55.972,26281.038
2026-08-20 17:26:56.398,26382.4131
2026-08-20 17:26:56.824,26583.5757
2026-08-20 17:26:57.240,26872.2894
2026-08-20 17:26:57.671,27204.6111
2026-08-20 17:26:58.104,27565.3571
2026-08-20 17:26:58.516,27951.8914
2026-08-20 17:26:58.929,28245.0255
2026-08-20 17:26:59.354,27954.8746
2026-08-20 17:26:59.771,27570.9889
2026-08-20 17:27:00.189,27213.9583
2026-08-20 17:27:00.666,26840.2895
2026-08-20 17:27:01.087,26557.028
2026-08-20 17:27:01.500,26366.801
2026-08-20 17:27:01.934,26278.3748
2026-08-20 17:27:02.347,26359.8922
2026-08-20 17:27:02.771,26538.0302
2026-08-20 17:27:03.191,26813.3372
2026-08-20 17:27:03.604,26911.5306
2026-08-20 17:27:04.035,26621.3779
2026-08-20 17:27:04.462,26386.7971
2026-08-20 17:27:04.875,26268.8694
2026-08-20 17:27:05.287,26318.6235
2026-08-20 17:27:05.751,26480.8296
2026-08-20 17:27:06.183,26771.924
2026-08-20 17:27:06.595,27099.3814
2026-08-20 17:27:07.016,27442.928
2026-08-20 17:27:07.429,27812.5768
2026-08-20 17:27:07.845,28190.3239
2026-08-20 17:27:08.262,28103.5186
2026-08-20 17:27:08.675,27720.2333
2026-08-20 17:27:09.097,27358.1439
2026-08-20 17:27:09.511,27009.6477
2026-08-20 17:27:09.938,26701.5089
2026-08-20 17:27:10.353,26454.3761
2026-08-20 17:27:10.765,26310.013
2026-08-20 17:27:11.211,26261.0521
2026-08-20 17:27:11.623,26261.2689
2026-08-20 17:27:12.035,26259.9593
2026-08-20 17:27:12.454,26258.781
2026-08-20 17:27:12.866,26257.6958
2026-08-20 17:27:13.283,26256.5788
2026-08-20 17:27:13.697,26255.2579
2026-08-20 17:27:14.119,26254.3332
2026-08-20 17:27:14.531,26253.504
2026-08-20 17:27:14.948,26252.9941
2026-08-20 17:27:15.363,26252.2472
2026-08-20 17:27:15.786,26251.4435
2026-08-20 17:27:16.199,26295.1796
2026-08-20 17:27:16.611,26439.2844
2026-08-20 17:27:17.091,26702.2286
2026-08-20 17:27:17.503,27014.6077
2026-08-20 17:27:17.931,27363.4634
2026-08-20 17:27:18.344,27721.1881
2026-08-20 17:27:18.770,28095.4081
2026-08-20 17:27:19.194,28199.507
2026-08-20 17:27:19.606,27808.6521
2026-08-20 17:27:20.033,27442.1728
2026-08-20 17:27:20.445,27084.6633
2026-08-20 17:27:20.874,26757.2378
2026-08-20 17:27:21.310,26501.5124
2026-08-20 17:27:21.722,26329.4628
2026-08-20 17:27:22.140,26283.5397
2026-08-20 17:27:22.558,26397.6303
2026-08-20 17:27:22.984,26605.1086
2026-08-20 17:27:23.451,26930.5071
2026-08-20 17:27:23.864,27274.7968
2026-08-20 17:27:24.284,27629.6913
2026-08-20 17:27:24.696,28008.5305
2026-08-20 17:27:25.124,28242.2445
2026-08-20 17:27:25.535,27897.4671
2026-08-20 17:27:25.948,27526.6242
2026-08-20 17:27:26.360,27175.2656
2026-08-20 17:27:26.772,26848.5169
2026-08-20 17:27:27.191,26566.7596
2026-08-20 17:27:27.615,26375.5874
2026-08-20 17:27:28.027,26280.682
2026-08-20 17:27:28.449,26351.4547
2026-08-20 17:27:28.862,26527.3941
2026-08-20 17:27:29.306,26801.9317
2026-08-20 17:27:29.734,26918.5202
2026-08-20 17:27:30.150,26619.0248
2026-08-20 17:27:30.568,26398.0666
2026-08-20 17:27:30.990,26273.3857
2026-08-20 17:27:31.403,26319.2344
2026-08-20 17:27:31.815,26480.4325
2026-08-20 17:27:32.227,26730.5851
2026-08-20 17:27:32.640,27041.5442
2026-08-20 17:27:33.063,27382.1818
2026-08-20 17:27:33.475,27752.3207
2026-08-20 17:27:33.891,28129.6524
2026-08-20 17:27:34.304,28187.1332
2026-08-20 17:27:34.726,27801.7915
2026-08-20 17:27:35.146,27427.445
2026-08-20 17:27:35.561,27076.3494
2026-08-20 17:27:35.976,26757.3312
2026-08-20 17:27:36.389,26500.085
2026-08-20 17:27:36.802,26337.8297
2026-08-20 17:27:37.221,26268.3941
2026-08-20 17:27:37.666,26266.8669
2026-08-20 17:27:38.090,26266.2721
2026-08-20 17:27:38.507,26265.0466
2026-08-20 17:27:38.919,26263.9718
2026-08-20 17:27:39.330,26263.087
2026-08-20 17:27:39.744,26262.534
2026-08-20 17:27:40.158,26261.6451
2026-08-20 17:27:40.627,26260.9325
2026-08-20 17:27:41.040,26260.365
2026-08-20 17:27:41.461,26259.4605
2026-08-20 17:27:41.873,26258.9598
2026-08-20 17:27:42.304,26258.7973
2026-08-20 17:27:42.716,26258.435
2026-08-20 17:27:43.128,26257.8578
2026-08-20 17:27:43.558,26257.3506
2026-08-20 17:27:43.970,26256.7239
2026-08-20 17:27:44.396,26256.3658
2026-08-20 17:27:44.807,26256.0732
2026-08-20 17:27:45.219,26255.5935
2026-08-20 17:27:45.632,26254.9847
2026-08-20 17:27:46.115,26254.7457
2026-08-20 17:27:46.527,26254.2944
2026-08-20 17:27:46.940,26253.9104
2026-08-20 17:27:47.359,26253.3985
2026-08-20 17:27:47.773,26253.0233
2026-08-20 17:27:48.188,26252.84
2026-08-20 17:27:48.623,26252.4284
2026-08-20 17:27:49.049,26251.9542
2026-08-20 17:27:49.462,26251.6634
2026-08-20 17:27:49.900,26251.2874
2026-08-20 17:27:50.313,26250.9583
2026-08-20 17:27:50.724,26250.7735
2026-08-20 17:27:51.230,26250.1737
2026-08-20 17:27:51.642,26250.1037
2026-08-20 17:27:52.061,26249.9053
2026-08-20 17:27:52.473,26249.6945
2026-08-20 17:27:52.918,26249.6071
2026-08-20 17:27:53.331,26249.3355
2026-08-20 17:27:53.744,26249.0178
2026-08-20 17:27:54.156,26248.7864
2026-08-20 17:27:54.572,26248.7741
2026-08-20 17:27:54.985,26248.6827
2026-08-20 17:27:55.399,26248.499
2026-08-20 17:27:55.819,26248.5338
2026-08-20 17:27:56.231,26248.5177
2026-08-20 17:27:56.691,26248.519
2026-08-20 17:27:57.110,26248.5848
2026-08-20 17:27:57.522,26248.6211
2026-08-20 17:27:57.934,26247.8094
