Address,GPIB0::22::INSTR
Model,34461A
Serial Number:,MY60051737
Firmware Version,A.03.03-03.15-03.03-00.52-04-03
Start Time,2026-08-20 17:28:17.158
Stop Time,2026-08-20 18:01:27.857
,
Time (s),Channel 1 (Ω)
2026-08-20 17:28:17.632,26254.2213
2026-08-20 17:28:18.060,26254.0898
2026-08-20 17:28:18.471,26254.1163
2026-08-20 17:28:18.890,26253.7603
2026-08-20 17:28:19.304,26252.7366
2026-08-20 17:28:19.768,26251.7809
2026-08-20 17:28:20.183,26251.3769
2026-08-20 17:28:20.602,26251.396
2026-08-20 17:28:21.015,26251.1902
2026-08-20 17:28:21.435,26251.0225
2026-08-20 17:28:21.848,26251.0375
2026-08-20 17:28:22.266,26250.9169
2026-08-20 17:28:22.702,26250.8041
2026-08-20 17:28:23.115,26250.8677
2026-08-20 17:28:23.539,26251.0465
2026-08-20 17:28:23.958,26251.5401
2026-08-20 17:28:24.369,26252.0138
2026-08-20 17:28:24.850,26252.5464
2026-08-20 17:28:25.262,26252.7014
2026-08-20 17:28:25.676,26253.0823
2026-08-20 17:28:26.088,26253.3485
2026-08-20 17:28:26.500,26253.6171
2026-08-20 17:28:26.967,26253.7344
2026-08-20 17:28:27.392,26253.9116
2026-08-20 17:28:27.806,26253.8921
2026-08-20 17:28:28.227,26253.9613
2026-08-20 17:28:28.648,26254.1173
2026-08-20 17:28:29.080,26254.4766
2026-08-20 17:28:29.493,26254.8069
2026-08-20 17:28:29.933,26255.2565
2026-08-20 17:28:30.344,26255.6651
2026-08-20 17:28:30.757,26256.0533
2026-08-20 17:28:31.169,26256.4198
2026-08-20 17:28:31.587,26256.9013
2026-08-20 17:28:32.008,26257.3547
2026-08-20 17:28:32.421,26257.9317
2026-08-20 17:28:32.832,26258.4036
2026-08-20 17:28:33.252,26259.1801
2026-08-20 17:28:33.665,26259.6978
2026-08-20 17:28:34.077,26260.1863
2026-08-20 17:28:34.493,26260.7625
2026-08-20 17:28:34.906,26261.3553
2026-08-20 17:28:35.318,26261.7803
2026-08-20 17:28:35.757,26262.0879
2026-08-20 17:28:36.168,26262.2265
2026-08-20 17:28:36.581,26262.4007
2026-08-20 17:28:36.993,26262.8472
2026-08-20 17:28:37.406,26263.427
2026-08-20 17:28:37.886,26263.705
2026-08-20 17:28:38.299,26263.9171
2026-08-20 17:28:38.710,26264.3488
2026-08-20 17:28:39.133,26264.6208
2026-08-20 17:28:39.547,26265.0628
2026-08-20 17:28:39.981,26265.2716
2026-08-20 17:28:40.397,26265.6866
2026-08-20 17:28:40.813,26265.9952
2026-08-20 17:28:41.227,26266.1125
2026-08-20 17:28:41.640,26266.2076
2026-08-20 17:28:42.062,26266.6345
2026-08-20 17:28:42.557,26266.96
2026-08-20 17:28:43.026,26267.475
2026-08-20 17:28:43.443,26267.9031
2026-08-20 17:28:43.880,26268.5993
2026-08-20 17:28:44.293,26269.1723
2026-08-20 17:28:44.715,26269.6017
2026-08-20 17:28:45.127,26270.1958
2026-08-20 17:28:45.554,26270.6315
2026-08-20 17:28:45.966,26271.054
2026-08-20 17:28:46.380,26271.4309
2026-08-20 17:28:46.807,26271.6271
2026-08-20 17:28:47.221,26271.9075
2026-08-20 17:28:47.633,26272.465
2026-08-20 17:28:48.045,26272.6553
2026-08-20 17:28:48.458,26273.1995
2026-08-20 17:28:48.871,26273.7507
2026-08-20 17:28:49.336,26274.0946
2026-08-20 17:28:49.748,26274.0462
2026-08-20 17:28:50.175,26274.2757
2026-08-20 17:28:50.591,26274.5175
2026-08-20 17:28:51.004,26274.8631
2026-08-20 17:28:51.422,26275.2959
2026-08-20 17:28:51.834,26275.5268
2026-08-20 17:28:52.245,26275.668
2026-08-20 17:28:52.663,26276.0769
2026-08-20 17:28:53.087,26276.4941
2026-08-20 17:28:53.504,26276.7322
2026-08-20 17:28:53.927,26277.1918
2026-08-20 17:28:54.339,26277.6601
2026-08-20 17:28:54.752,26277.9548
2026-08-20 17:28:55.178,26278.5017
2026-08-20 17:28:55.595,26278.8312
2026-08-20 17:28:56.007,26278.9717
2026-08-20 17:28:56.426,26279.5263
2026-08-20 17:28:56.854,26279.892
2026-08-20 17:28:57.266,26280.0252
2026-08-20 17:28:57.692,26280.33
2026-08-20 17:28:58.109,26280.3834
2026-08-20 17:28:58.535,26280.8253
2026-08-20 17:28:58.948,26280.875
2026-08-20 17:28:59.359,26281.0436
2026-08-20 17:28:59.772,26280.9771
2026-08-20 17:29:00.199,26281.274
2026-08-20 17:29:00.613,26281.3991
2026-08-20 17:29:01.038,26281.8716
2026-08-20 17:29:01.455,26282.1529
2026-08-20 17:29:01.867,26282.604
2026-08-20 17:29:02.309,26283.0044
2026-08-20 17:29:02.721,26283.8718
2026-08-20 17:29:03.135,26284.4014
2026-08-20 17:29:03.549,26284.6989
2026-08-20 17:29:03.977,26285.4522
2026-08-20 17:29:04.418,26285.6559
2026-08-20 17:29:04.831,26285.6401
2026-08-20 17:29:05.245,26285.9298
2026-08-20 17:29:05.659,26286.149
2026-08-20 17:29:06.071,26286.4888
2026-08-20 17:29:06.497,26286.7647
2026-08-20 17:29:06.991,26287.1481
2026-08-20 17:29:07.458,26287.647
2026-08-20 17:29:07.887,26288.0799
2026-08-20 17:29:08.315,26288.6965
2026-08-20 17:29:08.733,26289.1302
2026-08-20 17:29:09.145,26289.6792
2026-08-20 17:29:09.557,26290.1347
2026-08-20 17:29:09.989,26290.4506
2026-08-20 17:29:10.425,26290.8208
2026-08-20 17:29:10.837,26291.1162
2026-08-20 17:29:11.250,26291.4197
2026-08-20 17:29:11.677,26291.8277
2026-08-20 17:29:12.091,26292.6272
2026-08-20 17:29:12.506,26293.1372
2026-08-20 17:29:12.919,26293.7242
2026-08-20 17:29:13.334,26294.3293
2026-08-20 17:29:13.765,26294.7091
2026-08-20 17:29:14.190,26295.2958
2026-08-20 17:29:14.603,26295.5146
2026-08-20 17:29:15.016,26295.934
2026-08-20 17:29:15.430,26296.4466
2026-08-20 17:29:15.844,26296.5958
2026-08-20 17:29:16.272,26297.2888
2026-08-20 17:29:16.689,26298.0744
2026-08-20 17:29:17.103,26298.5263
2026-08-20 17:29:17.515,26299.3331
2026-08-20 17:29:17.935,26300.116
2026-08-20 17:29:18.379,26300.8519
2026-08-20 17:29:18.797,26301.777
2026-08-20 17:29:19.211,26302.5072
2026-08-20 17:29:19.637,26303.0909
2026-08-20 17:29:20.051,26304.0203
2026-08-20 17:29:20.491,26304.5604
2026-08-20 17:29:20.908,26305.1957
2026-08-20 17:29:21.333,26305.6784
2026-08-20 17:29:21.745,26306.409
2026-08-20 17:29:22.173,26307.0076
2026-08-20 17:29:22.608,26307.5736
2026-08-20 17:29:23.022,26308.0606
2026-08-20 17:29:23.434,26308.812
2026-08-20 17:29:23.857,26309.304
2026-08-20 17:29:24.270,26310.1626
2026-08-20 17:29:24.682,26310.8124
2026-08-20 17:29:25.143,26311.44
2026-08-20 17:29:25.584,26311.9393
2026-08-20 17:29:25.996,26312.4098
2026-08-20 17:29:26.422,26312.8135
2026-08-20 17:29:26.849,26313.2103
2026-08-20 17:29:27.262,26307.3161
2026-08-20 17:29:27.675,26298.8891
2026-08-20 17:29:28.098,26296.5237
2026-08-20 17:29:28.512,26295.4381
2026-08-20 17:29:28.926,26294.9439
2026-08-20 17:29:29.388,26294.6628
2026-08-20 17:29:29.799,26294.4853
2026-08-20 17:29:30.228,26294.416
2026-08-20 17:29:30.640,26294.661
2026-08-20 17:29:31.053,26294.7294
2026-08-20 17:29:31.515,26294.8654
2026-08-20 17:29:31.935,26295.0929
2026-08-20 17:29:32.349,26295.1057
2026-08-20 17:29:32.762,26295.383
2026-08-20 17:29:33.188,26318.1775
2026-08-20 17:29:33.651,26487.9463
2026-08-20 17:29:34.073,26723.9689
2026-08-20 17:29:34.488,27025.8294
2026-08-20 17:29:34.902,26930.3772
2026-08-20 17:29:35.366,26642.4399
2026-08-20 17:29:35.784,26406.7941
2026-08-20 17:29:36.206,26324.1874
2026-08-20 17:29:36.622,26453.8814
2026-08-20 17:29:37.036,26678.0084
2026-08-20 17:29:37.463,26983.251
2026-08-20 17:29:37.890,27317.6683
2026-08-20 17:29:38.303,27689.0313
2026-08-20 17:29:38.729,28066.8693
2026-08-20 17:29:39.143,28399.4462
2026-08-20 17:29:39.555,28122.8835
2026-08-20 17:29:40.025,27687.5729
2026-08-20 17:29:40.450,27328.0124
2026-08-20 17:29:40.864,26982.1993
2026-08-20 17:29:41.276,26690.2315
2026-08-20 17:29:41.704,26471.5467
2026-08-20 17:29:42.139,26355.6414
2026-08-20 17:29:42.566,26434.1195
2026-08-20 17:29:42.977,26629.5214
2026-08-20 17:29:43.395,26904.2003
2026-08-20 17:29:43.808,27053.749
2026-08-20 17:29:44.224,26764.3546
2026-08-20 17:29:44.637,26520.1724
2026-08-20 17:29:45.077,26368.5857
2026-08-20 17:29:45.491,26329.193
2026-08-20 17:29:45.903,26330.7817
2026-08-20 17:29:46.316,26331.4055
2026-08-20 17:29:46.743,26331.9575
2026-08-20 17:29:47.156,26332.2959
2026-08-20 17:29:47.584,26332.5353
2026-08-20 17:29:48.013,26332.8531
2026-08-20 17:29:48.426,26333.0797
2026-08-20 17:29:48.845,26333.2779
2026-08-20 17:29:49.257,26333.3518
2026-08-20 17:29:49.687,26333.6433
2026-08-20 17:29:50.152,26337.3142
2026-08-20 17:29:50.578,26433.877
2026-08-20 17:29:50.992,26633.4489
2026-08-20 17:29:51.405,26908.0101
2026-08-20 17:29:51.822,27079.9139
2026-08-20 17:29:52.240,26794.311
2026-08-20 17:29:52.652,26541.6606
2026-08-20 17:29:53.090,26381.048
2026-08-20 17:29:53.502,26400.0707
2026-08-20 17:29:53.916,26570.9849
2026-08-20 17:29:54.330,26828.1692
2026-08-20 17:29:54.743,27145.0546
2026-08-20 17:29:55.160,27491.9646
2026-08-20 17:29:55.586,27863.9571
2026-08-20 17:29:56.004,28263.9049
2026-08-20 17:29:56.431,28385.097
2026-08-20 17:29:56.851,27984.0042
2026-08-20 17:29:57.264,27600.6912
2026-08-20 17:29:57.677,27245.1357
2026-08-20 17:29:58.092,26918.4937
2026-08-20 17:29:58.504,26644.9126
2026-08-20 17:29:58.915,26461.0211
2026-08-20 17:29:59.336,26387.8266
2026-08-20 17:29:59.749,26499.3186
2026-08-20 17:30:00.165,26707.2408
2026-08-20 17:30:00.591,26999.7281
2026-08-20 17:30:01.004,27032.4169
2026-08-20 17:30:01.443,26722.8214
2026-08-20 17:30:01.858,26498.6086
2026-08-20 17:30:02.284,26376.2594
2026-08-20 17:30:02.709,26361.5283
2026-08-20 17:30:03.133,26362.8622
2026-08-20 17:30:03.549,26363.3492
2026-08-20 17:30:03.969,26363.7433
2026-08-20 17:30:04.383,26364.3187
2026-08-20 17:30:04.823,26364.6029
2026-08-20 17:30:05.251,26364.8498
2026-08-20 17:30:05.666,26365.0477
2026-08-20 17:30:06.078,26365.428
2026-08-20 17:30:06.497,26366.5462
2026-08-20 17:30:06.923,26367.004
2026-08-20 17:30:07.340,26380.1223
2026-08-20 17:30:07.755,26500.065
2026-08-20 17:30:08.168,26710.894
2026-08-20 17:30:08.594,26996.8699
2026-08-20 17:30:09.008,27071.2413
2026-08-20 17:30:09.421,26767.7094
2026-08-20 17:30:09.848,26534.2308
2026-08-20 17:30:10.315,26388.0572
2026-08-20 17:30:10.740,26473.6966
2026-08-20 17:30:11.152,26677.5401
2026-08-20 17:30:11.564,26957.5164
2026-08-20 17:30:11.978,27285.613
2026-08-20 17:30:12.391,27642.1355
2026-08-20 17:30:12.821,28017.7519
2026-08-20 17:30:13.235,28420.3838
2026-08-20 17:30:13.646,28305.2976
2026-08-20 17:30:14.061,27914.5787
2026-08-20 17:30:14.485,27540.3279
2026-08-20 17:30:14.897,27179.7187
2026-08-20 17:30:15.331,26852.5755
2026-08-20 17:30:15.757,26601.4539
2026-08-20 17:30:16.218,26442.7057
2026-08-20 17:30:16.654,26454.2706
2026-08-20 17:30:17.067,26617.4193
2026-08-20 17:30:17.483,26870.8013
2026-08-20 17:30:17.910,27124.891
2026-08-20 17:30:18.323,26888.7574
2026-08-20 17:30:18.756,26616.8943
2026-08-20 17:30:19.170,26444.6301
2026-08-20 17:30:19.597,26382.4189
2026-08-20 17:30:20.011,26384.0873
2026-08-20 17:30:20.425,26384.401
2026-08-20 17:30:20.837,26384.3939
2026-08-20 17:30:21.261,26383.9626
2026-08-20 17:30:21.714,26383.5312
2026-08-20 17:30:22.133,26383.1268
2026-08-20 17:30:22.545,26382.8154
2026-08-20 17:30:22.966,26382.6181
2026-08-20 17:30:23.378,26382.3386
2026-08-20 17:30:23.794,26381.8308
2026-08-20 17:30:24.210,26381.4172
2026-08-20 17:30:24.622,26431.6802
2026-08-20 17:30:25.035,26591.3442
2026-08-20 17:30:25.462,26845.3586
2026-08-20 17:30:25.875,27124.7371
2026-08-20 17:30:26.306,26935.4663
2026-08-20 17:30:26.732,26651.279
2026-08-20 17:30:27.144,26462.8345
2026-08-20 17:30:27.558,26403.6
2026-08-20 17:30:27.971,26536.5549
2026-08-20 17:30:28.452,26796.3511
2026-08-20 17:30:28.864,27112.9185
2026-08-20 17:30:29.277,27455.6289
2026-08-20 17:30:29.690,27820.8102
2026-08-20 17:30:30.104,28204.6033
2026-08-20 17:30:30.570,28462.9047
2026-08-20 17:30:31.006,28082.5488
2026-08-20 17:30:31.419,27693.9584
2026-08-20 17:30:31.830,27333.8119
2026-08-20 17:30:32.251,26999.6669
2026-08-20 17:30:32.667,26710.6738
2026-08-20 17:30:33.083,26512.4585
2026-08-20 17:30:33.548,26422.4276
2026-08-20 17:30:33.960,26530.6797
2026-08-20 17:30:34.386,26744.6655
2026-08-20 17:30:34.799,27036.1491
2026-08-20 17:30:35.221,27076.6065
2026-08-20 17:30:35.635,26766.4302
2026-08-20 17:30:36.047,26541.4007
2026-08-20 17:30:36.481,26409.971
2026-08-20 17:30:36.894,26392.147
2026-08-20 17:30:37.308,26393.1799
2026-08-20 17:30:37.722,26393.4825
2026-08-20 17:30:38.148,26393.5785
2026-08-20 17:30:38.561,26393.4795
2026-08-20 17:30:38.973,26393.3377
2026-08-20 17:30:39.387,26393.1846
2026-08-20 17:30:39.805,26393.1075
2026-08-20 17:30:40.217,26393.1794
2026-08-20 17:30:40.664,26393.2969
2026-08-20 17:30:41.077,26393.4202
2026-08-20 17:30:41.489,26398.421
2026-08-20 17:30:41.910,26494.6554
2026-08-20 17:30:42.322,26690.9114
2026-08-20 17:30:42.740,26963.7066
2026-08-20 17:30:43.206,27111.631
2026-08-20 17:30:43.629,26810.2129
2026-08-20 17:30:44.042,26565.5611
2026-08-20 17:30:44.460,26421.5221
2026-08-20 17:30:44.872,26467.9283
2026-08-20 17:30:45.284,26645.6467
2026-08-20 17:30:45.695,26909.1906
2026-08-20 17:30:46.133,27229.8644
2026-08-20 17:30:46.549,27603.4854
2026-08-20 17:30:46.966,27977.9763
2026-08-20 17:30:47.379,28371.89
2026-08-20 17:30:47.794,28410.9909
2026-08-20 17:30:48.207,28011.8531
2026-08-20 17:30:48.619,27633.6087
2026-08-20 17:30:49.048,27265.0062
2026-08-20 17:30:49.468,26938.1089
2026-08-20 17:30:49.888,26667.3257
2026-08-20 17:30:50.300,26490.9998
2026-08-20 17:30:50.714,26439.8694
2026-08-20 17:30:51.127,26561.9797
2026-08-20 17:30:51.541,26779.0303
2026-08-20 17:30:51.953,27076.4422
2026-08-20 17:30:52.371,27047.7933
2026-08-20 17:30:52.785,26746.8168
2026-08-20 17:30:53.251,26511.3503
2026-08-20 17:30:53.721,26409.6845
2026-08-20 17:30:54.138,26402.9735
2026-08-20 17:30:54.600,26403.556
2026-08-20 17:30:55.060,26403.4008
2026-08-20 17:30:55.492,26403.3995
2026-08-20 17:30:55.905,26403.3203
2026-08-20 17:30:56.339,26403.1218
2026-08-20 17:30:56.783,26403.0158
2026-08-20 17:30:57.203,26400.8649
2026-08-20 17:30:57.617,26398.4821
2026-08-20 17:30:58.029,26397.0318
2026-08-20 17:30:58.465,26396.3
2026-08-20 17:30:58.879,26454.7703
2026-08-20 17:30:59.298,26620.8773
2026-08-20 17:30:59.711,26875.3488
2026-08-20 17:31:00.141,27143.566
2026-08-20 17:31:00.552,26924.5311
2026-08-20 17:31:00.965,26650.0121
2026-08-20 17:31:01.379,26460.2738
2026-08-20 17:31:01.811,26404.9821
2026-08-20 17:31:02.224,26543.4146
2026-08-20 17:31:02.658,26770.8769
2026-08-20 17:31:03.070,27086.4083
2026-08-20 17:31:03.490,27425.8699
2026-08-20 17:31:03.907,27794.1524
2026-08-20 17:31:04.320,28180.0689
2026-08-20 17:31:04.732,28449.4522
2026-08-20 17:31:05.145,28118.2666
2026-08-20 17:31:05.557,27732.455
2026-08-20 17:31:05.977,27367.4903
2026-08-20 17:31:06.412,27020.5926
2026-08-20 17:31:06.833,26710.2116
2026-08-20 17:31:07.245,26497.858
2026-08-20 17:31:07.663,26389.6192
2026-08-20 17:31:08.075,26462.8323
2026-08-20 17:31:08.524,26652.955
2026-08-20 17:31:08.939,26942.5307
2026-08-20 17:31:09.365,27067.9926
2026-08-20 17:31:09.776,26759.4416
2026-08-20 17:31:10.188,26522.6999
2026-08-20 17:31:10.662,26379.9509
2026-08-20 17:31:11.107,26348.579
2026-08-20 17:31:11.522,26349.1208
2026-08-20 17:31:11.937,26348.1815
2026-08-20 17:31:12.349,26346.9496
2026-08-20 17:31:12.774,26346.0979
2026-08-20 17:31:13.264,26345.3345
2026-08-20 17:31:13.682,26343.9634
2026-08-20 17:31:14.094,26342.665
2026-08-20 17:31:14.517,26341.5373
2026-08-20 17:31:14.996,26340.2345
2026-08-20 17:31:15.408,26339.1197
2026-08-20 17:31:15.829,26360.0166
2026-08-20 17:31:16.245,26493.8346
2026-08-20 17:31:16.659,26715.0768
2026-08-20 17:31:17.073,27009.6079
2026-08-20 17:31:17.485,26996.9335
2026-08-20 17:31:17.915,26696.5467
2026-08-20 17:31:18.329,26466.0256
2026-08-20 17:31:18.755,26348.8555
2026-08-20 17:31:19.168,26437.459
2026-08-20 17:31:19.593,26633.6894
2026-08-20 17:31:20.029,26920.837
2026-08-20 17:31:20.442,27268.7932
2026-08-20 17:31:20.854,27624.2883
2026-08-20 17:31:21.281,28011.7046
2026-08-20 17:31:21.747,28384.3199
2026-08-20 17:31:22.165,28158.0052
2026-08-20 17:31:22.578,27769.4219
2026-08-20 17:31:22.996,27399.7753
2026-08-20 17:31:23.408,27050.3232
2026-08-20 17:31:23.873,26743.809
2026-08-20 17:31:24.306,26482.5778
2026-08-20 17:31:24.721,26358.7367
2026-08-20 17:31:25.134,26413.1928
2026-08-20 17:31:25.546,26584.0931
2026-08-20 17:31:25.965,26846.0024
2026-08-20 17:31:26.378,27051.3316
2026-08-20 17:31:26.792,26781.1707
2026-08-20 17:31:27.219,26519.3546
2026-08-20 17:31:27.639,26361.4327
2026-08-20 17:31:28.052,26311.6421
2026-08-20 17:31:28.465,26312.0617
2026-08-20 17:31:28.891,26310.0315
2026-08-20 17:31:29.335,26307.6844
2026-08-20 17:31:29.748,26305.7552
2026-08-20 17:31:30.160,26304.1906
2026-08-20 17:31:30.576,26303.0661
2026-08-20 17:31:30.988,26302.4931
2026-08-20 17:31:31.400,26301.6322
2026-08-20 17:31:31.812,26300.4642
2026-08-20 17:31:32.226,26299.3092
2026-08-20 17:31:32.648,26297.9391
2026-08-20 17:31:33.062,26352.6707
2026-08-20 17:31:33.475,26514.5271
2026-08-20 17:31:33.902,26770.1996
2026-08-20 17:31:34.315,27034.9043
2026-08-20 17:31:34.741,26834.4244
2026-08-20 17:31:35.168,26552.5315
2026-08-20 17:31:35.583,26362.2085
2026-08-20 17:31:35.995,26313.5983
2026-08-20 17:31:36.408,26449.5478
2026-08-20 17:31:36.833,26674.9801
2026-08-20 17:31:37.260,26982.839
2026-08-20 17:31:37.678,27331.4018
2026-08-20 17:31:38.095,27695.9918
2026-08-20 17:31:38.507,28078.2783
2026-08-20 17:31:38.950,28359.0824
2026-08-20 17:31:39.367,28012.3092
2026-08-20 17:31:39.781,27625.8153
2026-08-20 17:31:40.194,27262.8829
2026-08-20 17:31:40.620,26925.0096
2026-08-20 17:31:41.099,26592.6611
2026-08-20 17:31:41.512,26393.007
2026-08-20 17:31:41.924,26306.5999
2026-08-20 17:31:42.350,26403.3428
2026-08-20 17:31:42.810,26628.0689
2026-08-20 17:31:43.240,26927.0565
2026-08-20 17:31:43.663,26921.5308
2026-08-20 17:31:44.084,26616.2708
2026-08-20 17:31:44.544,26379.1004
2026-08-20 17:31:44.965,26275.6055
2026-08-20 17:31:45.379,26267.2037
2026-08-20 17:31:45.813,26266.642
2026-08-20 17:31:46.227,26265.4344
2026-08-20 17:31:46.660,26263.991
2026-08-20 17:31:47.073,26262.359
2026-08-20 17:31:47.496,26260.8034
2026-08-20 17:31:47.908,26259.0488
2026-08-20 17:31:48.342,26257.2495
2026-08-20 17:31:48.782,26255.6619
2026-08-20 17:31:49.195,26254.0879
2026-08-20 17:31:49.628,26252.5883
2026-08-20 17:31:50.041,26275.0715
2026-08-20 17:31:50.457,26407.2227
2026-08-20 17:31:50.884,26627.4912
2026-08-20 17:31:51.302,26928.7633
2026-08-20 17:31:51.734,26879.4482
2026-08-20 17:31:52.161,26573.6758
2026-08-20 17:31:52.576,26357.663
2026-08-20 17:31:52.993,26258.0292
2026-08-20 17:31:53.420,26357.7841
2026-08-20 17:31:53.838,26566.8357
2026-08-20 17:31:54.264,26853.501
2026-08-20 17:31:54.677,27192.7214
2026-08-20 17:31:55.089,27547.5266
2026-08-20 17:31:55.516,27931.7559
2026-08-20 17:31:55.931,28288.0131
2026-08-20 17:31:56.343,28076.57
2026-08-20 17:31:56.761,27689.7123
2026-08-20 17:31:57.174,27317.8898
2026-08-20 17:31:57.639,26930.8004
2026-08-20 17:31:58.054,26629.9081
2026-08-20 17:31:58.466,26404.8706
2026-08-20 17:31:58.878,26273.5087
2026-08-20 17:31:59.296,26308.2824
2026-08-20 17:31:59.715,26470.3271
2026-08-20 17:32:00.134,26730.683
2026-08-20 17:32:00.553,26960.8988
2026-08-20 17:32:00.969,26711.6436
2026-08-20 17:32:01.395,26451.7234
2026-08-20 17:32:01.809,26281.6097
2026-08-20 17:32:02.232,26224.8885
2026-08-20 17:32:02.644,26227.5187
2026-08-20 17:32:03.056,26228.2683
2026-08-20 17:32:03.498,26227.8754
2026-08-20 17:32:03.917,26227.0612
2026-08-20 17:32:04.332,26226.3171
2026-08-20 17:32:04.748,26225.5208
2026-08-20 17:32:05.176,26224.5451
2026-08-20 17:32:05.651,26223.6321
2026-08-20 17:32:06.067,26222.7918
2026-08-20 17:32:06.479,26222.0226
2026-08-20 17:32:06.909,26221.5025
2026-08-20 17:32:07.326,26292.8615
2026-08-20 17:32:07.746,26466.0267
2026-08-20 17:32:08.173,26726.6445
2026-08-20 17:32:08.585,26959.0357
2026-08-20 17:32:08.997,26709.3695
2026-08-20 17:32:09.422,26449.017
2026-08-20 17:32:09.880,26259.7879
2026-08-20 17:32:10.293,26262.2936
2026-08-20 17:32:10.705,26419.5928
2026-08-20 17:32:11.118,26663.0502
2026-08-20 17:32:11.584,26970.7509
2026-08-20 17:32:12.001,27357.3759
2026-08-20 17:32:12.461,27753.7328
2026-08-20 17:32:12.921,28194.4494
2026-08-20 17:32:13.334,28149.6716
2026-08-20 17:32:13.756,27758.3277
2026-08-20 17:32:14.169,27378.8978
2026-08-20 17:32:14.582,27029.7453
2026-08-20 17:32:15.005,26710.5885
2026-08-20 17:32:15.419,26449.7062
2026-08-20 17:32:15.832,26286.8481
2026-08-20 17:32:16.259,26255.2952
2026-08-20 17:32:16.672,26387.7753
2026-08-20 17:32:17.095,26611.7994
2026-08-20 17:32:17.522,26908.825
2026-08-20 17:32:17.934,26781.1101
2026-08-20 17:32:18.380,26491.4614
2026-08-20 17:32:18.796,26294.2275
2026-08-20 17:32:19.214,26207.6374
2026-08-20 17:32:19.627,26205.0948
2026-08-20 17:32:20.041,26205.1403
2026-08-20 17:32:20.453,26204.3102
2026-08-20 17:32:20.919,26203.5579
2026-08-20 17:32:21.351,26202.7006
2026-08-20 17:32:21.816,26201.7038
2026-08-20 17:32:22.262,26200.9276
2026-08-20 17:32:22.674,26199.9432
2026-08-20 17:32:23.088,26198.9473
2026-08-20 17:32:23.502,26198.1789
2026-08-20 17:32:23.916,26197.2102
2026-08-20 17:32:24.328,26242.9517
2026-08-20 17:32:24.756,26403.6688
2026-08-20 17:32:25.188,26653.7405
2026-08-20 17:32:25.600,26926.7798
2026-08-20 17:32:26.017,26742.2185
2026-08-20 17:32:26.431,26465.3644
2026-08-20 17:32:26.844,26276.0685
2026-08-20 17:32:27.271,26212.577
2026-08-20 17:32:27.692,26341.1346
2026-08-20 17:32:28.104,26565.8426
2026-08-20 17:32:28.525,26859.3312
2026-08-20 17:32:28.939,27199.3097
2026-08-20 17:32:29.352,27556.6242
2026-08-20 17:32:29.812,27976.513
2026-08-20 17:32:30.236,28249.7402
2026-08-20 17:32:30.650,27919.4674
2026-08-20 17:32:31.064,27537.7143
2026-08-20 17:32:31.477,27176.7415
2026-08-20 17:32:31.891,26840.9816
2026-08-20 17:32:32.304,26547.9532
2026-08-20 17:32:32.717,26337.0214
2026-08-20 17:32:33.128,26222.1208
2026-08-20 17:32:33.545,26281.067
2026-08-20 17:32:33.966,26454.6531
2026-08-20 17:32:34.380,26723.3293
2026-08-20 17:32:34.794,26910.3743
2026-08-20 17:32:35.209,26635.5975
2026-08-20 17:32:35.623,26385.8097
2026-08-20 17:32:36.039,26230.1145
2026-08-20 17:32:36.451,26182.0441
2026-08-20 17:32:36.863,26183.4031
2026-08-20 17:32:37.276,26183.0836
2026-08-20 17:32:37.737,26182.3042
2026-08-20 17:32:38.168,26181.4233
2026-08-20 17:32:38.580,26180.5828
2026-08-20 17:32:38.992,26179.7173
2026-08-20 17:32:39.407,26178.7861
2026-08-20 17:32:39.819,26177.9677
2026-08-20 17:32:40.264,26177.1633
2026-08-20 17:32:40.677,26176.383
2026-08-20 17:32:41.100,26175.5941
2026-08-20 17:32:41.513,26244.5475
2026-08-20 17:32:41.929,26413.3241
2026-08-20 17:32:42.406,26705.2405
2026-08-20 17:32:42.821,26905.8931
2026-08-20 17:32:43.234,26634.9857
2026-08-20 17:32:43.661,26382.3483
2026-08-20 17:32:44.075,26215.5951
2026-08-20 17:32:44.493,26217.0876
2026-08-20 17:32:44.912,26377.3822
2026-08-20 17:32:45.325,26625.916
2026-08-20 17:32:45.739,26934.4726
2026-08-20 17:32:46.152,27275.9662
2026-08-20 17:32:46.575,27637.3463
2026-08-20 17:32:46.993,28025.6716
2026-08-20 17:32:47.419,28198.917
2026-08-20 17:32:47.834,27813.6164
2026-08-20 17:32:48.268,27435.4032
2026-08-20 17:32:48.680,27063.6875
2026-08-20 17:32:49.104,26737.6067
2026-08-20 17:32:49.521,26457.857
2026-08-20 17:32:49.935,26272.7736
2026-08-20 17:32:50.347,26200.0211
2026-08-20 17:32:50.771,26302.2342
2026-08-20 17:32:51.184,26508.1786
2026-08-20 17:32:51.604,26792.7978
2026-08-20 17:32:52.016,26825.3914
2026-08-20 17:32:52.445,26517.9811
2026-08-20 17:32:52.858,26301.3029
2026-08-20 17:32:53.276,26181.0681
2026-08-20 17:32:53.702,26164.2274
2026-08-20 17:32:54.120,26164.2037
2026-08-20 17:32:54.535,26163.9546
2026-08-20 17:32:54.962,26163.2993
2026-08-20 17:32:55.391,26162.2953
2026-08-20 17:32:55.808,26161.621
2026-08-20 17:32:56.221,26160.5498
2026-08-20 17:32:56.633,26159.7102
2026-08-20 17:32:57.045,26158.961
2026-08-20 17:32:57.462,26157.996
2026-08-20 17:32:57.888,26156.9329
2026-08-20 17:32:58.377,26171.8994
2026-08-20 17:32:58.804,26297.5433
2026-08-20 17:32:59.216,26506.923
2026-08-20 17:32:59.642,26791.0186
2026-08-20 17:33:00.069,26849.2733
2026-08-20 17:33:00.484,26538.9917
2026-08-20 17:33:00.898,26308.9969
2026-08-20 17:33:01.311,26174.472
2026-08-20 17:33:01.730,26228.7662
2026-08-20 17:33:02.143,26408.8725
2026-08-20 17:33:02.556,26671.6551
2026-08-20 17:33:02.968,26988.2549
2026-08-20 17:33:03.383,27333.297
2026-08-20 17:33:03.797,27699.1166
2026-08-20 17:33:04.210,28082.4986
2026-08-20 17:33:04.623,28122.1219
2026-08-20 17:33:05.039,27730.4792
2026-08-20 17:33:05.473,27355.955
2026-08-20 17:33:05.885,26989.0559
2026-08-20 17:33:06.298,26668.9014
2026-08-20 17:33:06.711,26407.5623
2026-08-20 17:33:07.132,26236.7195
2026-08-20 17:33:07.546,26184.8587
2026-08-20 17:33:07.960,26304.5755
2026-08-20 17:33:08.379,26517.2585
2026-08-20 17:33:08.855,26844.8853
2026-08-20 17:33:09.273,26722.7443
2026-08-20 17:33:09.687,26438.9512
2026-08-20 17:33:10.101,26244.7655
2026-08-20 17:33:10.514,26149.9373
2026-08-20 17:33:10.942,26144.8114
2026-08-20 17:33:11.360,26145.0167
2026-08-20 17:33:11.774,26144.4904
2026-08-20 17:33:12.191,26143.7249
2026-08-20 17:33:12.604,26142.4932
2026-08-20 17:33:13.032,26140.7416
2026-08-20 17:33:13.446,26139.6211
2026-08-20 17:33:13.875,26139.1163
2026-08-20 17:33:14.337,26138.9179
2026-08-20 17:33:14.751,26138.443
2026-08-20 17:33:15.176,26137.8647
2026-08-20 17:33:15.590,26164.2161
2026-08-20 17:33:16.005,26300.2132
2026-08-20 17:33:16.439,26522.3026
2026-08-20 17:33:16.854,26827.8987
2026-08-20 17:33:17.268,26748.391
2026-08-20 17:33:17.691,26460.3673
2026-08-20 17:33:18.104,26247.9045
2026-08-20 17:33:18.517,26149.041
2026-08-20 17:33:18.931,26246.022
2026-08-20 17:33:19.375,26445.1706
2026-08-20 17:33:19.788,26746.7208
2026-08-20 17:33:20.201,27074.0893
2026-08-20 17:33:20.614,27424.3755
2026-08-20 17:33:21.029,27794.4058
2026-08-20 17:33:21.457,28158.3611
2026-08-20 17:33:21.920,27911.8734
2026-08-20 17:33:22.348,27530.3166
2026-08-20 17:33:22.760,27156.2738
2026-08-20 17:33:23.174,26818.9012
2026-08-20 17:33:23.586,26521.014
2026-08-20 17:33:23.998,26299.516
2026-08-20 17:33:24.444,26170.1827
2026-08-20 17:33:24.862,26213.9963
2026-08-20 17:33:25.277,26382.2621
2026-08-20 17:33:25.691,26640.7923
2026-08-20 17:33:26.105,26850.5996
2026-08-20 17:33:26.517,26591.699
2026-08-20 17:33:26.937,26339.9197
2026-08-20 17:33:27.348,26177.1287
2026-08-20 17:33:27.761,26123.5924
2026-08-20 17:33:28.202,26124.9718
2026-08-20 17:33:28.616,26124.7527
2026-08-20 17:33:29.029,26124.1968
2026-08-20 17:33:29.450,26123.4093
2026-08-20 17:33:29.863,26122.6411
2026-08-20 17:33:30.283,26121.8673
2026-08-20 17:33:30.698,26121.0542
2026-08-20 17:33:31.136,26120.3061
2026-08-20 17:33:31.548,26119.5236
2026-08-20 17:33:31.962,26118.6972
2026-08-20 17:33:32.374,26117.9585
2026-08-20 17:33:32.800,26168.4862
2026-08-20 17:33:33.217,26331.4577
2026-08-20 17:33:33.634,26577.0273
2026-08-20 17:33:34.067,26845.2579
2026-08-20 17:33:34.485,26639.7733
2026-08-20 17:33:34.905,26369.3659
2026-08-20 17:33:35.317,26186.0357
2026-08-20 17:33:35.738,26138.0218
2026-08-20 17:33:36.216,26299.4406
2026-08-20 17:33:36.643,26542.6168
2026-08-20 17:33:37.062,26855.8467
2026-08-20 17:33:37.476,27199.5176
2026-08-20 17:33:37.891,27559.4307
2026-08-20 17:33:38.315,27937.7551
2026-08-20 17:33:38.729,28144.1167
2026-08-20 17:33:39.140,27781.9352
2026-08-20 17:33:39.560,27407.2406
2026-08-20 17:33:39.973,27046.6848
2026-08-20 17:33:40.395,26716.3386
2026-08-20 17:33:40.873,26399.7388
2026-08-20 17:33:41.287,26212.0725
2026-08-20 17:33:41.699,26142.3728
2026-08-20 17:33:42.125,26251.2951
2026-08-20 17:33:42.538,26454.7955
2026-08-20 17:33:42.951,26739.3449
2026-08-20 17:33:43.382,26756.2098
2026-08-20 17:33:43.794,26457.7448
2026-08-20 17:33:44.219,26242.9729
2026-08-20 17:33:44.632,26121.0729
2026-08-20 17:33:45.045,26106.4019
2026-08-20 17:33:45.474,26106.7554
2026-08-20 17:33:45.887,26106.4474
2026-08-20 17:33:46.327,26105.9134
2026-08-20 17:33:46.739,26105.1679
2026-08-20 17:33:47.161,26104.2947
2026-08-20 17:33:47.574,26103.58
2026-08-20 17:33:47.987,26102.6749
2026-08-20 17:33:48.401,26102.0322
2026-08-20 17:33:48.814,26101.1221
2026-08-20 17:33:49.238,26100.3976
2026-08-20 17:33:49.655,26106.397
2026-08-20 17:33:50.082,26207.678
2026-08-20 17:33:50.500,26407.8591
2026-08-20 17:33:50.926,26684.7086
2026-08-20 17:33:51.339,26799.7494
2026-08-20 17:33:51.751,26504.017
2026-08-20 17:33:52.175,26268.6377
2026-08-20 17:33:52.594,26120.6897
2026-08-20 17:33:53.020,26157.0228
2026-08-20 17:33:53.433,26330.6828
2026-08-20 17:33:53.844,26585.1288
2026-08-20 17:33:54.257,26895.9433
2026-08-20 17:33:54.668,27237.9856
2026-08-20 17:33:55.094,27599.021
2026-08-20 17:33:55.507,27989.0238
2026-08-20 17:33:55.944,28070.6988
2026-08-20 17:33:56.357,27673.1349
2026-08-20 17:33:56.784,27302.0605
2026-08-20 17:33:57.197,26941.3656
2026-08-20 17:33:57.608,26620.8158
2026-08-20 17:33:58.020,26358.1137
2026-08-20 17:33:58.485,26168.8828
2026-08-20 17:33:58.907,26132.5683
2026-08-20 17:33:59.319,26263.6906
2026-08-20 17:33:59.755,26493.2107
2026-08-20 17:34:00.168,26787.2444
2026-08-20 17:34:00.604,26659.1915
2026-08-20 17:34:01.030,26375.1569
2026-08-20 17:34:01.443,26179.431
2026-08-20 17:34:01.856,26091.3839
2026-08-20 17:34:02.269,26088.2333
2026-08-20 17:34:02.681,26088.3958
2026-08-20 17:34:03.092,26087.9631
2026-08-20 17:34:03.506,26087.2924
2026-08-20 17:34:03.949,26086.594
2026-08-20 17:34:04.361,26085.7446
2026-08-20 17:34:04.788,26084.9937
2026-08-20 17:34:05.210,26084.073
2026-08-20 17:34:05.637,26083.2518
2026-08-20 17:34:06.061,26082.675
2026-08-20 17:34:06.486,26082.0157
2026-08-20 17:34:06.899,26106.3203
2026-08-20 17:34:07.322,26238.4281
2026-08-20 17:34:07.737,26463.1309
2026-08-20 17:34:08.150,26755.0179
2026-08-20 17:34:08.562,26707.1379
2026-08-20 17:34:09.000,26417.3578
2026-08-20 17:34:09.413,26193.9501
2026-08-20 17:34:09.826,26092.2998
2026-08-20 17:34:10.252,26186.0898
2026-08-20 17:34:10.664,26390.3423
2026-08-20 17:34:11.077,26668.1115
2026-08-20 17:34:11.494,26996.4332
2026-08-20 17:34:11.906,27344.5844
2026-08-20 17:34:12.352,27741.7036
2026-08-20 17:34:12.771,28100.8818
2026-08-20 17:34:13.183,27904.0264
2026-08-20 17:34:13.596,27522.2487
2026-08-20 17:34:14.015,27158.716
2026-08-20 17:34:14.429,26812.7
2026-08-20 17:34:14.893,26475.1422
2026-08-20 17:34:15.305,26249.227
2026-08-20 17:34:15.731,26116.8191
2026-08-20 17:34:16.149,26150.0625
2026-08-20 17:34:16.563,26311.2113
2026-08-20 17:34:16.979,26562.4064
2026-08-20 17:34:17.391,26796.7587
2026-08-20 17:34:17.846,26549.4859
2026-08-20 17:34:18.262,26279.3528
2026-08-20 17:34:18.677,26120.0722
2026-08-20 17:34:19.099,26068.3873
2026-08-20 17:34:19.518,26069.8267
2026-08-20 17:34:19.936,26069.4942
2026-08-20 17:34:20.349,26068.8301
2026-08-20 17:34:20.774,26068.1016
2026-08-20 17:34:21.192,26067.2083
2026-08-20 17:34:21.606,26066.3511
2026-08-20 17:34:22.018,26065.3519
2026-08-20 17:34:22.435,26064.3972
2026-08-20 17:34:22.848,26063.588
2026-08-20 17:34:23.261,26062.813
2026-08-20 17:34:23.679,26061.9191
2026-08-20 17:34:24.173,26132.2599
2026-08-20 17:34:24.585,26301.719
2026-08-20 17:34:24.996,26552.9148
2026-08-20 17:34:25.409,26793.6572
2026-08-20 17:34:25.829,26566.7695
2026-08-20 17:34:26.242,26299.8695
2026-08-20 17:34:26.662,26122.3783
2026-08-20 17:34:27.075,26086.0502
2026-08-20 17:34:27.489,26227.0666
2026-08-20 17:34:27.915,26455.5024
2026-08-20 17:34:28.328,26762.4307
2026-08-20 17:34:28.754,27096.6424
2026-08-20 17:34:29.167,27464.2857
2026-08-20 17:34:29.606,27852.3431
2026-08-20 17:34:30.037,28089.3568
2026-08-20 17:34:30.449,27728.1987
2026-08-20 17:34:30.870,27353.3499
2026-08-20 17:34:31.283,26991.5043
2026-08-20 17:34:31.722,26651.0299
2026-08-20 17:34:32.139,26364.8637
2026-08-20 17:34:32.551,26171.9303
2026-08-20 17:34:32.978,26084.3114
2026-08-20 17:34:33.391,26177.7004
2026-08-20 17:34:33.818,26369.8734
2026-08-20 17:34:34.229,26656.6814
2026-08-20 17:34:34.667,26730.944
2026-08-20 17:34:35.081,26417.4572
2026-08-20 17:34:35.506,26195.7552
2026-08-20 17:34:35.924,26067.6319
2026-08-20 17:34:36.336,26049.4994
2026-08-20 17:34:36.749,26050.1345
2026-08-20 17:34:37.176,26049.7118
2026-08-20 17:34:37.605,26049.1927
2026-08-20 17:34:38.021,26048.294
2026-08-20 17:34:38.436,26047.6122
2026-08-20 17:34:38.862,26046.6606
2026-08-20 17:34:39.275,26045.5941
2026-08-20 17:34:39.719,26044.5876
2026-08-20 17:34:40.132,26043.6295
2026-08-20 17:34:40.543,26042.6154
2026-08-20 17:34:40.956,26048.0971
2026-08-20 17:34:41.368,26145.6056
2026-08-20 17:34:41.807,26343.1882
2026-08-20 17:34:42.301,26682.264
2026-08-20 17:34:42.715,26699.6372
2026-08-20 17:34:43.128,26401.8577
2026-08-20 17:34:43.541,26180.8439
2026-08-20 17:34:43.968,26056.4153
2026-08-20 17:34:44.462,26157.4416
2026-08-20 17:34:44.932,26360.4036
2026-08-20 17:34:45.360,26687.5023
2026-08-20 17:34:45.772,27025.5325
2026-08-20 17:34:46.186,27377.7866
2026-08-20 17:34:46.600,27750.3532
2026-08-20 17:34:47.013,28077.6289
2026-08-20 17:34:47.453,27806.6213
2026-08-20 17:34:47.868,27414.6572
2026-08-20 17:34:48.281,27054.3759
2026-08-20 17:34:48.707,26717.816
2026-08-20 17:34:49.121,26412.3738
2026-08-20 17:34:49.587,26173.9463
2026-08-20 17:34:50.000,26065.7695
2026-08-20 17:34:50.412,26130.7481
2026-08-20 17:34:50.825,26304.5083
2026-08-20 17:34:51.251,26577.6676
2026-08-20 17:34:51.732,26724.3475
2026-08-20 17:34:52.143,26420.9037
2026-08-20 17:34:52.556,26192.4328
2026-08-20 17:34:52.969,26056.5136
2026-08-20 17:34:53.380,26028.9976
2026-08-20 17:34:53.793,26029.6048
2026-08-20 17:34:54.206,26029.1971
2026-08-20 17:34:54.637,26028.5477
2026-08-20 17:34:55.062,26027.5842
2026-08-20 17:34:55.477,26026.5781
2026-08-20 17:34:55.903,26025.5501
2026-08-20 17:34:56.316,26024.6978
2026-08-20 17:34:56.741,26023.8362
2026-08-20 17:34:57.156,26022.9433
2026-08-20 17:34:57.569,26022.1924
2026-08-20 17:34:58.004,26023.4733
2026-08-20 17:34:58.416,26107.1063
2026-08-20 17:34:58.846,26285.3427
2026-08-20 17:34:59.279,26567.266
2026-08-20 17:34:59.691,26742.3544
2026-08-20 17:35:00.103,26465.0597
2026-08-20 17:35:00.531,26210.2325
2026-08-20 17:35:00.950,26055.0776
2026-08-20 17:35:01.372,26067.4414
2026-08-20 17:35:01.785,26232.2339
2026-08-20 17:35:02.203,26480.1069
2026-08-20 17:35:02.616,26791.6186
2026-08-20 17:35:03.056,27143.1469
2026-08-20 17:35:03.468,27515.3457
2026-08-20 17:35:03.881,27893.4479
2026-08-20 17:35:04.294,28010.6856
2026-08-20 17:35:04.763,27629.9283
2026-08-20 17:35:05.182,27204.3279
2026-08-20 17:35:05.599,26855.6047
2026-08-20 17:35:06.028,26532.5468
2026-08-20 17:35:06.440,26263.1144
2026-08-20 17:35:06.851,26095.2182
2026-08-20 17:35:07.264,26046.7226
2026-08-20 17:35:07.692,26165.3678
2026-08-20 17:35:08.106,26385.5569
2026-08-20 17:35:08.521,26678.4593
2026-08-20 17:35:08.934,26634.619
2026-08-20 17:35:09.371,26343.4894
2026-08-20 17:35:09.786,26123.0453
2026-08-20 17:35:10.198,26015.0437
2026-08-20 17:35:10.612,26005.3928
2026-08-20 17:35:11.028,26005.7846
2026-08-20 17:35:11.442,26005.2241
2026-08-20 17:35:11.855,26004.4806
2026-08-20 17:35:12.281,26003.7352
2026-08-20 17:35:12.707,26002.8115
2026-08-20 17:35:13.121,26001.7953
2026-08-20 17:35:13.535,26000.7991
2026-08-20 17:35:13.957,26000.0632
2026-08-20 17:35:14.368,25999.088
2026-08-20 17:35:14.800,25998.078
2026-08-20 17:35:15.214,26006.909
2026-08-20 17:35:15.633,26113.3965
2026-08-20 17:35:16.050,26313.4365
2026-08-20 17:35:16.462,26591.2989
2026-08-20 17:35:16.895,26688.9132
2026-08-20 17:35:17.323,26387.7207
2026-08-20 17:35:17.735,26149.9879
2026-08-20 17:35:18.153,26015.3247
2026-08-20 17:35:18.570,26067.5085
2026-08-20 17:35:18.996,26245.3082
2026-08-20 17:35:19.415,26514.2984
2026-08-20 17:35:19.827,26834.7256
2026-08-20 17:35:20.258,27189.6332
2026-08-20 17:35:20.670,27556.9416
2026-08-20 17:35:21.096,27948.808
2026-08-20 17:35:21.518,27907.5997
2026-08-20 17:35:21.930,27513.0762
2026-08-20 17:35:22.346,27146.634
2026-08-20 17:35:22.759,26797.3289
2026-08-20 17:35:23.187,26471.7461
2026-08-20 17:35:23.627,26220.5632
2026-08-20 17:35:24.050,26052.7967
2026-08-20 17:35:24.475,26035.2752
2026-08-20 17:35:24.889,26178.0114
2026-08-20 17:35:25.302,26409.237
2026-08-20 17:35:25.727,26690.725
2026-08-20 17:35:26.139,26537.4902
2026-08-20 17:35:26.552,26262.3294
2026-08-20 17:35:26.978,26074.278
2026-08-20 17:35:27.391,25984.5744
2026-08-20 17:35:27.830,25981.8155
2026-08-20 17:35:28.244,25981.6874
2026-08-20 17:35:28.664,25980.8965
2026-08-20 17:35:29.077,25980.0211
2026-08-20 17:35:29.489,25979.1247
2026-08-20 17:35:29.900,25978.4039
2026-08-20 17:35:30.374,25977.4728
2026-08-20 17:35:30.789,25976.4632
2026-08-20 17:35:31.265,25975.4255
2026-08-20 17:35:31.698,25974.6458
2026-08-20 17:35:32.164,25973.6915
2026-08-20 17:35:32.580,26038.6064
2026-08-20 17:35:32.993,26203.6439
2026-08-20 17:35:33.405,26451.4023
2026-08-20 17:35:33.818,26702.8243
2026-08-20 17:35:34.249,26480.2004
2026-08-20 17:35:34.674,26214.341
2026-08-20 17:35:35.088,26033.2176
2026-08-20 17:35:35.500,25996.979
2026-08-20 17:35:35.913,26136.5294
2026-08-20 17:35:36.328,26363.8317
2026-08-20 17:35:36.740,26660.5197
2026-08-20 17:35:37.153,26992.4054
2026-08-20 17:35:37.580,27346.0258
2026-08-20 17:35:37.998,27736.0343
2026-08-20 17:35:38.410,28000.3941
2026-08-20 17:35:38.830,27679.465
2026-08-20 17:35:39.242,27296.8986
2026-08-20 17:35:39.667,26930.6053
2026-08-20 17:35:40.080,26599.542
2026-08-20 17:35:40.514,26308.4024
2026-08-20 17:35:40.928,26097.1449
2026-08-20 17:35:41.343,25992.6136
2026-08-20 17:35:41.770,26064.0056
2026-08-20 17:35:42.182,26249.2451
2026-08-20 17:35:42.612,26520.3693
2026-08-20 17:35:43.026,26655.3734
2026-08-20 17:35:43.455,26355.0268
2026-08-20 17:35:43.877,26123.5246
2026-08-20 17:35:44.290,25983.6407
2026-08-20 17:35:44.705,25956.1798
2026-08-20 17:35:45.118,25956.8652
2026-08-20 17:35:45.539,25956.6247
2026-08-20 17:35:45.964,25955.781
2026-08-20 17:35:46.378,25954.9433
2026-08-20 17:35:46.790,25954.0247
2026-08-20 17:35:47.217,25953.0522
2026-08-20 17:35:47.639,25952.0905
2026-08-20 17:35:48.053,25951.2614
2026-08-20 17:35:48.480,25950.4541
2026-08-20 17:35:48.894,25949.5685
2026-08-20 17:35:49.310,25950.1483
2026-08-20 17:35:49.747,26028.5212
2026-08-20 17:35:50.160,26216.6816
2026-08-20 17:35:50.572,26476.6152
2026-08-20 17:35:50.987,26675.5634
2026-08-20 17:35:51.403,26411.9655
2026-08-20 17:35:51.864,26133.9901
2026-08-20 17:35:52.276,25980.4722
2026-08-20 17:35:52.692,25993.5106
2026-08-20 17:35:53.105,26154.0938
2026-08-20 17:35:53.518,26398.8333
2026-08-20 17:35:53.993,26743.0423
2026-08-20 17:35:54.405,27094.0876
2026-08-20 17:35:54.830,27454.503
2026-08-20 17:35:55.244,27843.2617
2026-08-20 17:35:55.665,27908.1165
2026-08-20 17:35:56.080,27513.4443
2026-08-20 17:35:56.493,27142.4788
2026-08-20 17:35:56.918,26794.4158
2026-08-20 17:35:57.345,26464.8934
2026-08-20 17:35:57.756,26195.1395
2026-08-20 17:35:58.190,26025.2211
2026-08-20 17:35:58.609,25972.5667
2026-08-20 17:35:59.021,26094.536
2026-08-20 17:35:59.432,26307.5476
2026-08-20 17:35:59.846,26596.9151
2026-08-20 17:36:00.260,26541.0052
2026-08-20 17:36:00.684,26253.3899
2026-08-20 17:36:01.097,26043.1116
2026-08-20 17:36:01.564,25931.3422
2026-08-20 17:36:01.988,25926.845
2026-08-20 17:36:02.450,25926.8362
2026-08-20 17:36:02.863,25925.9838
2026-08-20 17:36:03.276,25925.172
2026-08-20 17:36:03.690,25924.3158
2026-08-20 17:36:04.103,25923.2605
2026-08-20 17:36:04.515,25922.3866
2026-08-20 17:36:04.954,25921.3859
2026-08-20 17:36:05.366,25920.7228
2026-08-20 17:36:05.794,25919.7448
2026-08-20 17:36:06.218,25918.8453
2026-08-20 17:36:06.644,25945.1488
2026-08-20 17:36:07.064,26084.8968
2026-08-20 17:36:07.477,26311.1992
2026-08-20 17:36:07.905,26608.4022
2026-08-20 17:36:08.319,26511.2418
2026-08-20 17:36:08.733,26226.3669
2026-08-20 17:36:09.145,26022.5924
2026-08-20 17:36:09.566,25925.974
2026-08-20 17:36:09.987,26026.3049
2026-08-20 17:36:10.399,26230.3381
2026-08-20 17:36:10.824,26508.8982
2026-08-20 17:36:11.236,26842.0563
2026-08-20 17:36:11.671,27189.7832
2026-08-20 17:36:12.082,27575.6526
2026-08-20 17:36:12.505,27926.9386
2026-08-20 17:36:12.917,27714.8065
2026-08-20 17:36:13.329,27335.4999
2026-08-20 17:36:13.800,26929.9445
2026-08-20 17:36:14.214,26590.9126
2026-08-20 17:36:14.633,26294.425
2026-08-20 17:36:15.049,26071.3757
2026-08-20 17:36:15.463,25944.5607
2026-08-20 17:36:15.876,25984.9906
2026-08-20 17:36:16.288,26145.4578
2026-08-20 17:36:16.706,26395.6511
2026-08-20 17:36:17.119,26631.4311
2026-08-20 17:36:17.588,26394.25
2026-08-20 17:36:18.016,26104.2033
2026-08-20 17:36:18.430,25946.6367
2026-08-20 17:36:18.842,25900.3742
2026-08-20 17:36:19.255,25901.7752
2026-08-20 17:36:19.668,25901.6063
2026-08-20 17:36:20.095,25900.8613
2026-08-20 17:36:20.508,25900.0471
2026-08-20 17:36:20.933,25899.2911
2026-08-20 17:36:21.359,25898.4324
2026-08-20 17:36:21.774,25897.6211
2026-08-20 17:36:22.207,25896.8357
2026-08-20 17:36:22.634,25895.8649
2026-08-20 17:36:23.048,25895.0404
2026-08-20 17:36:23.476,25894.1887
2026-08-20 17:36:23.888,25958.0927
2026-08-20 17:36:24.305,26122.1888
2026-08-20 17:36:24.717,26371.3192
2026-08-20 17:36:25.131,26621.7503
2026-08-20 17:36:25.549,26409.4278
2026-08-20 17:36:25.961,26140.0918
2026-08-20 17:36:26.382,25961.4404
2026-08-20 17:36:26.794,25913.5262
2026-08-20 17:36:27.207,26047.7654
2026-08-20 17:36:27.638,26273.0269
2026-08-20 17:36:28.050,26576.4405
2026-08-20 17:36:28.560,26939.6429
2026-08-20 17:36:28.980,27349.0727
2026-08-20 17:36:29.392,27726.4506
2026-08-20 17:36:29.808,27893.2478
2026-08-20 17:36:30.224,27522.8543
2026-08-20 17:36:30.641,27148.1138
2026-08-20 17:36:31.055,26793.4959
2026-08-20 17:36:31.476,26466.8775
2026-08-20 17:36:31.890,26186.3612
2026-08-20 17:36:32.315,25997.3398
2026-08-20 17:36:32.730,25912.8148
2026-08-20 17:36:33.143,26007.4003
2026-08-20 17:36:33.575,26199.7365
2026-08-20 17:36:33.997,26490.7056
2026-08-20 17:36:34.414,26541.955
2026-08-20 17:36:34.830,26243.3013
2026-08-20 17:36:35.243,26022.1795
2026-08-20 17:36:35.676,25897.5844
2026-08-20 17:36:36.089,25877.8236
2026-08-20 17:36:36.502,25878.3365
2026-08-20 17:36:36.929,25877.6989
2026-08-20 17:36:37.341,25877.1065
2026-08-20 17:36:37.822,25875.9477
2026-08-20 17:36:38.238,25875.1606
2026-08-20 17:36:38.650,25874.2019
2026-08-20 17:36:39.061,25873.4112
2026-08-20 17:36:39.475,25872.4328
2026-08-20 17:36:39.898,25871.6265
2026-08-20 17:36:40.319,25870.7064
2026-08-20 17:36:40.737,25869.8642
2026-08-20 17:36:41.149,25869.0317
2026-08-20 17:36:41.561,25868.1904
2026-08-20 17:36:42.002,25867.1307
2026-08-20 17:36:42.429,25866.2708
2026-08-20 17:36:42.842,25865.4675
2026-08-20 17:36:43.267,25864.4774
2026-08-20 17:36:43.680,25863.7729
2026-08-20 17:36:44.107,25862.7935
2026-08-20 17:36:44.528,25862.0555
2026-08-20 17:36:44.941,25861.2647
2026-08-20 17:36:45.353,25860.3511
2026-08-20 17:36:45.766,25859.8243
2026-08-20 17:36:46.178,25858.9128
2026-08-20 17:36:46.656,25858.1872
2026-08-20 17:36:47.070,25857.4991
2026-08-20 17:36:47.482,25856.8179
2026-08-20 17:36:47.918,25856.2431
2026-08-20 17:36:48.341,25855.5609
2026-08-20 17:36:48.753,25854.8426
2026-08-20 17:36:49.178,25854.3232
2026-08-20 17:36:49.600,25853.7486
2026-08-20 17:36:50.013,25852.9928
2026-08-20 17:36:50.426,25852.2829
2026-08-20 17:36:50.844,25851.3608
2026-08-20 17:36:51.261,25850.6657
2026-08-20 17:36:51.684,25850.155
2026-08-20 17:36:52.097,25849.3949
2026-08-20 17:36:52.511,25848.8206
2026-08-20 17:36:52.940,25847.9073
2026-08-20 17:36:53.357,25847.3284
2026-08-20 17:36:53.770,25846.5328
2026-08-20 17:36:54.185,25845.4861
2026-08-20 17:36:54.598,25844.781
2026-08-20 17:36:55.026,25844.0019
2026-08-20 17:36:55.463,25843.2528
2026-08-20 17:36:55.879,25842.7482
2026-08-20 17:36:56.306,25842.1936
2026-08-20 17:36:56.721,25841.4759
2026-08-20 17:36:57.134,25840.9053
2026-08-20 17:36:57.572,25839.9934
2026-08-20 17:36:57.984,25839.342
2026-08-20 17:36:58.412,25838.9399
2026-08-20 17:36:58.824,25838.2473
2026-08-20 17:36:59.285,25837.7085
2026-08-20 17:36:59.704,25836.8701
2026-08-20 17:37:00.120,25836.2872
2026-08-20 17:37:00.533,25835.5809
2026-08-20 17:37:00.966,25834.8056
2026-08-20 17:37:01.379,25834.2309
2026-08-20 17:37:01.796,25865.913
2026-08-20 17:37:02.218,26013.0061
2026-08-20 17:37:02.630,26245.096
2026-08-20 17:37:03.048,26533.4596
2026-08-20 17:37:03.461,26444.008
2026-08-20 17:37:03.873,26159.5043
2026-08-20 17:37:04.306,25946.257
2026-08-20 17:37:04.740,25847.3206
2026-08-20 17:37:05.153,25960.9729
2026-08-20 17:37:05.577,26169.4482
2026-08-20 17:37:05.989,26459.0286
2026-08-20 17:37:06.414,26793.3665
2026-08-20 17:37:06.836,27141.0174
2026-08-20 17:37:07.247,27515.053
2026-08-20 17:37:07.683,27859.4313
2026-08-20 17:37:08.095,27610.7453
2026-08-20 17:37:08.507,27233.2994
2026-08-20 17:37:08.950,26875.6411
2026-08-20 17:37:09.371,26516.8668
2026-08-20 17:37:09.785,26215.9852
2026-08-20 17:37:10.212,25989.6456
2026-08-20 17:37:10.638,25862.8311
2026-08-20 17:37:11.055,25911.6327
2026-08-20 17:37:11.468,26081.897
2026-08-20 17:37:11.882,26338.8911
2026-08-20 17:37:12.304,26548.6346
2026-08-20 17:37:12.717,26287.6227
2026-08-20 17:37:13.157,26037.4331
2026-08-20 17:37:13.591,25864.4637
2026-08-20 17:37:14.004,25819.7087
2026-08-20 17:37:14.419,25820.5658
2026-08-20 17:37:14.832,25820.1038
2026-08-20 17:37:15.266,25819.265
2026-08-20 17:37:15.692,25818.1513
2026-08-20 17:37:16.111,25817.1088
2026-08-20 17:37:16.539,25816.0577
2026-08-20 17:37:16.954,25814.9262
2026-08-20 17:37:17.380,25813.8721
2026-08-20 17:37:17.792,25812.7723
2026-08-20 17:37:18.204,25811.8776
2026-08-20 17:37:18.618,25810.7319
2026-08-20 17:37:19.039,25875.2582
2026-08-20 17:37:19.505,26072.7614
2026-08-20 17:37:19.917,26329.1918
2026-08-20 17:37:20.330,26538.3597
2026-08-20 17:37:20.757,26285.4263
2026-08-20 17:37:21.174,26023.2335
2026-08-20 17:37:21.602,25856.2355
2026-08-20 17:37:22.014,25846.3637
2026-08-20 17:37:22.430,26000.2521
2026-08-20 17:37:22.849,26239.6101
2026-08-20 17:37:23.264,26545.5604
2026-08-20 17:37:23.726,26921.5213
2026-08-20 17:37:24.138,27278.7355
2026-08-20 17:37:24.551,27652.6967
2026-08-20 17:37:24.978,27799.5109
2026-08-20 17:37:25.390,27413.21
2026-08-20 17:37:25.833,27044.5081
2026-08-20 17:37:26.245,26670.6438
2026-08-20 17:37:26.667,26350.6568
2026-08-20 17:37:27.079,26078.9088
2026-08-20 17:37:27.505,25899.4381
2026-08-20 17:37:27.960,25834.3389
2026-08-20 17:37:28.384,25953.8729
2026-08-20 17:37:28.798,26171.6223
2026-08-20 17:37:29.215,26460.5346
2026-08-20 17:37:29.632,26401.3016
2026-08-20 17:37:30.044,26114.1787
2026-08-20 17:37:30.469,25910.939
2026-08-20 17:37:30.897,25800.8733
2026-08-20 17:37:31.318,25791.4597
2026-08-20 17:37:31.731,25791.4797
2026-08-20 17:37:32.143,25790.8911
2026-08-20 17:37:32.557,25790.1497
2026-08-20 17:37:33.018,25789.169
2026-08-20 17:37:33.431,25788.0769
2026-08-20 17:37:33.845,25787.0126
2026-08-20 17:37:34.258,25786.1999
2026-08-20 17:37:34.671,25785.3051
2026-08-20 17:37:35.084,25784.3259
2026-08-20 17:37:35.501,25783.4559
2026-08-20 17:37:35.928,25796.7107
2026-08-20 17:37:36.353,25917.5288
2026-08-20 17:37:36.766,26130.2284
2026-08-20 17:37:37.178,26411.0634
2026-08-20 17:37:37.591,26444.4738
2026-08-20 17:37:38.006,26148.1639
2026-08-20 17:37:38.428,25925.5506
2026-08-20 17:37:38.856,25796.0684
2026-08-20 17:37:39.270,25867.0522
2026-08-20 17:37:39.683,26051.6601
2026-08-20 17:37:40.095,26316.571
2026-08-20 17:37:40.520,26630.6187
2026-08-20 17:37:40.938,26982.7488
2026-08-20 17:37:41.352,27347.9875
2026-08-20 17:37:41.778,27726.2422
2026-08-20 17:37:42.194,27654.0764
2026-08-20 17:37:42.621,27270.3359
2026-08-20 17:37:43.036,26895.6278
2026-08-20 17:37:43.449,26552.139
2026-08-20 17:37:43.867,26242.2748
2026-08-20 17:37:44.280,25993.8314
2026-08-20 17:37:44.693,25838.6671
2026-08-20 17:37:45.159,25826.9948
2026-08-20 17:37:45.580,25971.2436
2026-08-20 17:37:45.997,26210.5178
2026-08-20 17:37:46.410,26478.4967
2026-08-20 17:37:46.823,26295.6805
2026-08-20 17:37:47.258,26027.5757
2026-08-20 17:37:47.684,25835.4922
2026-08-20 17:37:48.098,25764.4059
2026-08-20 17:37:48.510,25764.4808
2026-08-20 17:37:48.939,25764.107
2026-08-20 17:37:49.358,25763.4819
2026-08-20 17:37:49.771,25762.6736
2026-08-20 17:37:50.193,25761.7116
2026-08-20 17:37:50.606,25760.9174
2026-08-20 17:37:51.018,25759.9385
2026-08-20 17:37:51.430,25759.0998
2026-08-20 17:37:51.902,25757.7259
2026-08-20 17:37:52.370,25756.5807
2026-08-20 17:37:52.785,25755.4522
2026-08-20 17:37:53.242,25817.7973
2026-08-20 17:37:53.656,25988.1165
2026-08-20 17:37:54.071,26235.8523
2026-08-20 17:37:54.483,26480.953
2026-08-20 17:37:54.917,26262.6003
2026-08-20 17:37:55.337,25988.2392
2026-08-20 17:37:55.753,25811.9612
2026-08-20 17:37:56.168,25777.8654
2026-08-20 17:37:56.580,25919.0111
2026-08-20 17:37:57.060,26180.1397
2026-08-20 17:37:57.472,26489.9982
2026-08-20 17:37:57.890,26823.1599
2026-08-20 17:37:58.303,27181.6777
2026-08-20 17:37:58.715,27552.5943
2026-08-20 17:37:59.145,27769.8971
2026-08-20 17:37:59.570,27408.2277
2026-08-20 17:37:59.986,27025.7776
2026-08-20 17:38:00.399,26673.4991
2026-08-20 17:38:00.816,26347.2331
2026-08-20 17:38:01.248,26064.8697
2026-08-20 17:38:01.676,25862.5241
2026-08-20 17:38:02.089,25771.2824
2026-08-20 17:38:02.516,25864.9292
2026-08-20 17:38:02.927,26055.5377
2026-08-20 17:38:03.357,26328.8595
2026-08-20 17:38:03.771,26404.3567
2026-08-20 17:38:04.183,26110.2156
2026-08-20 17:38:04.600,25888.3546
2026-08-20 17:38:05.026,25758.4157
2026-08-20 17:38:05.487,25735.9111
2026-08-20 17:38:05.924,25736.1086
2026-08-20 17:38:06.337,25735.4698
2026-08-20 17:38:06.764,25734.4854
2026-08-20 17:38:07.177,25733.6876
2026-08-20 17:38:07.593,25732.5779
2026-08-20 17:38:08.015,25731.3864
2026-08-20 17:38:08.429,25730.4921
2026-08-20 17:38:08.847,25729.5576
2026-08-20 17:38:09.273,25728.6294
2026-08-20 17:38:09.691,25727.5376
2026-08-20 17:38:10.109,25735.9557
2026-08-20 17:38:10.524,25842.9781
2026-08-20 17:38:10.937,26039.6086
2026-08-20 17:38:11.350,26310.9655
2026-08-20 17:38:11.783,26412.8804
2026-08-20 17:38:12.195,26115.9407
2026-08-20 17:38:12.628,25886.4316
2026-08-20 17:38:13.045,25743.2277
2026-08-20 17:38:13.457,25795.8691
2026-08-20 17:38:13.871,25969.8414
2026-08-20 17:38:14.284,26227.1011
2026-08-20 17:38:14.719,26538.1918
2026-08-20 17:38:15.131,26895.7601
2026-08-20 17:38:15.559,27254.0441
2026-08-20 17:38:15.971,27642.5842
2026-08-20 17:38:16.388,27634.3658
2026-08-20 17:38:16.823,27246.4907
2026-08-20 17:38:17.235,26863.5395
2026-08-20 17:38:17.662,26522.1443
2026-08-20 17:38:18.074,26199.6179
2026-08-20 17:38:18.486,25950.7955
2026-08-20 17:38:18.928,25790.3846
2026-08-20 17:38:19.354,25761.206
2026-08-20 17:38:19.767,25895.647
2026-08-20 17:38:20.179,26119.7549
2026-08-20 17:38:20.603,26401.8094
2026-08-20 17:38:21.029,26271.389
2026-08-20 17:38:21.442,25989.1872
2026-08-20 17:38:21.866,25801.5587
2026-08-20 17:38:22.283,25711.8096
2026-08-20 17:38:22.695,25708.7204
2026-08-20 17:38:23.162,25708.613
2026-08-20 17:38:23.574,25707.9007
2026-08-20 17:38:24.000,25707.0075
2026-08-20 17:38:24.426,25705.9958
2026-08-20 17:38:24.839,25704.9932
2026-08-20 17:38:25.273,25704.0074
2026-08-20 17:38:25.686,25703.1425
2026-08-20 17:38:26.099,25702.1655
2026-08-20 17:38:26.520,25701.1083
2026-08-20 17:38:26.931,25700.3784
2026-08-20 17:38:27.353,25730.1001
2026-08-20 17:38:27.766,25871.3731
2026-08-20 17:38:28.192,26093.8657
2026-08-20 17:38:28.613,26387.3105
2026-08-20 17:38:29.030,26282.1969
2026-08-20 17:38:29.452,25999.877
2026-08-20 17:38:29.876,25797.0521
2026-08-20 17:38:30.290,25710.5436
2026-08-20 17:38:30.702,25819.9638
2026-08-20 17:38:31.168,26023.7109
2026-08-20 17:38:31.587,26346.8526
2026-08-20 17:38:32.001,26672.4575
2026-08-20 17:38:32.428,27021.9031
2026-08-20 17:38:32.841,27400.3796
2026-08-20 17:38:33.268,27706.62
2026-08-20 17:38:33.682,27418.2289
2026-08-20 17:38:34.093,27044.2671
2026-08-20 17:38:34.506,26691.0384
2026-08-20 17:38:34.919,26359.5361
2026-08-20 17:38:35.347,26068.0157
2026-08-20 17:38:35.773,25845.5867
2026-08-20 17:38:36.200,25721.3413
2026-08-20 17:38:36.613,25779.0307
2026-08-20 17:38:37.026,25947.8239
2026-08-20 17:38:37.438,26204.4192
2026-08-20 17:38:37.871,26395.6224
2026-08-20 17:38:38.297,26119.5979
2026-08-20 17:38:38.711,25871.1694
2026-08-20 17:38:39.124,25722.5902
2026-08-20 17:38:39.550,25681.2655
2026-08-20 17:38:39.976,25682.3772
2026-08-20 17:38:40.405,25681.9192
2026-08-20 17:38:40.818,25681.0578
2026-08-20 17:38:41.246,25680.1553
2026-08-20 17:38:41.659,25679.0947
2026-08-20 17:38:42.085,25678.2771
2026-08-20 17:38:42.517,25677.2933
2026-08-20 17:38:42.944,25676.3508
2026-08-20 17:38:43.370,25675.2827
2026-08-20 17:38:43.787,25674.3738
2026-08-20 17:38:44.201,25674.8842
2026-08-20 17:38:44.634,25757.4706
2026-08-20 17:38:45.060,25936.659
2026-08-20 17:38:45.472,26202.1206
2026-08-20 17:38:45.884,26389.2642
2026-08-20 17:38:46.302,26125.1687
2026-08-20 17:38:46.716,25874.7677
2026-08-20 17:38:47.142,25714.4672
2026-08-20 17:38:47.555,25713.1961
2026-08-20 17:38:47.968,25868.1349
2026-08-20 17:38:48.403,26107.0672
2026-08-20 17:38:48.831,26435.6469
2026-08-20 17:38:49.243,26769.8225
2026-08-20 17:38:49.656,27124.595
2026-08-20 17:38:50.090,27509.4113
2026-08-20 17:38:50.503,27633.1466
2026-08-20 17:38:50.930,27242.3521
2026-08-20 17:38:51.365,26864.2351
2026-08-20 17:38:51.777,26514.3173
2026-08-20 17:38:52.190,26197.1656
2026-08-20 17:38:52.601,25934.3592
2026-08-20 17:38:53.016,25758.634
2026-08-20 17:38:53.430,25692.6533
2026-08-20 17:38:53.855,25798.8533
2026-08-20 17:38:54.274,26005.4862
2026-08-20 17:38:54.705,26292.1093
2026-08-20 17:38:55.128,26275.4905
2026-08-20 17:38:55.550,25982.9573
2026-08-20 17:38:55.962,25774.4144
2026-08-20 17:38:56.394,25664.8292
2026-08-20 17:38:56.806,25655.6457
2026-08-20 17:38:57.220,25655.7918
2026-08-20 17:38:57.648,25655.3175
2026-08-20 17:38:58.073,25654.6139
2026-08-20 17:38:58.486,25653.29
2026-08-20 17:38:58.916,25651.1807
2026-08-20 17:38:59.328,25650.436
2026-08-20 17:38:59.740,25649.8372
2026-08-20 17:39:00.161,25649.2672
2026-08-20 17:39:00.573,25648.5081
2026-08-20 17:39:01.039,25647.5637
2026-08-20 17:39:01.451,25664.2557
2026-08-20 17:39:01.865,25784.9362
2026-08-20 17:39:02.292,25990.8261
2026-08-20 17:39:02.704,26279.9671
2026-08-20 17:39:03.137,26297.7709
2026-08-20 17:39:03.555,25991.5322
2026-08-20 17:39:03.967,25774.3832
2026-08-20 17:39:04.380,25656.2957
2026-08-20 17:39:04.844,25725.6597
2026-08-20 17:39:05.263,25937.5928
2026-08-20 17:39:05.676,26209.4266
2026-08-20 17:39:06.090,26527.2217
2026-08-20 17:39:06.502,26869.6854
2026-08-20 17:39:06.917,27231.0049
2026-08-20 17:39:07.353,27603.2318
2026-08-20 17:39:07.766,27468.9409
2026-08-20 17:39:08.186,27091.26
2026-08-20 17:39:08.601,26726.3599
2026-08-20 17:39:09.014,26387.3724
2026-08-20 17:39:09.475,26050.7163
2026-08-20 17:39:09.888,25822.2736
2026-08-20 17:39:10.301,25683.6833
2026-08-20 17:39:10.732,25646.3994
2026-08-20 17:39:11.149,25645.3059
2026-08-20 17:39:11.561,25643.5959
2026-08-20 17:39:11.973,25642.0945
2026-08-20 17:39:12.398,25640.3853
2026-08-20 17:39:12.812,25638.9434
2026-08-20 17:39:13.224,25637.3311
2026-08-20 17:39:13.641,25635.9997
2026-08-20 17:39:14.059,25634.7422
2026-08-20 17:39:14.484,25633.4045
2026-08-20 17:39:14.898,25632.362
2026-08-20 17:39:15.310,25631.337
2026-08-20 17:39:15.745,25630.1647
2026-08-20 17:39:16.159,25628.9184
2026-08-20 17:39:16.592,25627.4976
2026-08-20 17:39:17.006,25626.4115
2026-08-20 17:39:17.420,25625.4342
2026-08-20 17:39:17.839,25624.7763
2026-08-20 17:39:18.300,25623.8802
2026-08-20 17:39:18.717,25622.7484
2026-08-20 17:39:19.144,25621.7821
2026-08-20 17:39:19.555,25620.971
2026-08-20 17:39:19.974,25620.0634
2026-08-20 17:39:20.387,25619.2851
2026-08-20 17:39:20.806,25618.6664
2026-08-20 17:39:21.216,25618.0681
2026-08-20 17:39:21.634,25617.3639
2026-08-20 17:39:22.045,25616.7176
2026-08-20 17:39:22.457,25616.1381
2026-08-20 17:39:22.919,25615.2443
2026-08-20 17:39:23.331,25614.2646
2026-08-20 17:39:23.744,25613.5051
2026-08-20 17:39:24.158,25612.8203
2026-08-20 17:39:24.569,25612.1384
2026-08-20 17:39:25.034,25611.3618
2026-08-20 17:39:25.460,25610.6575
2026-08-20 17:39:25.886,25609.8389
2026-08-20 17:39:26.300,25608.925
2026-08-20 17:39:26.713,25608.0129
2026-08-20 17:39:27.140,25607.169
2026-08-20 17:39:27.554,25606.3323
2026-08-20 17:39:27.966,25605.5622
2026-08-20 17:39:28.393,25604.718
2026-08-20 17:39:28.807,25603.8594
2026-08-20 17:39:29.274,25602.848
2026-08-20 17:39:29.713,25601.808
2026-08-20 17:39:30.124,25600.8002
2026-08-20 17:39:30.544,25599.6843
2026-08-20 17:39:30.962,25598.581
2026-08-20 17:39:31.375,25597.5288
2026-08-20 17:39:31.787,25596.1547
2026-08-20 17:39:32.199,25594.5152
2026-08-20 17:39:32.612,25593.3706
2026-08-20 17:39:33.030,25592.1958
2026-08-20 17:39:33.471,25591.1581
2026-08-20 17:39:33.884,25590.5659
2026-08-20 17:39:34.298,25589.9087
2026-08-20 17:39:34.716,25587.8802
2026-08-20 17:39:35.128,25585.9405
2026-08-20 17:39:35.554,25584.5353
2026-08-20 17:39:35.966,25583.3767
2026-08-20 17:39:36.390,25582.118
2026-08-20 17:39:36.801,25581.2384
2026-08-20 17:39:37.215,25580.1869
2026-08-20 17:39:37.652,25579.5876
2026-08-20 17:39:38.064,25578.6892
2026-08-20 17:39:38.499,25577.4463
2026-08-20 17:39:38.920,25576.1553
2026-08-20 17:39:39.334,25574.7477
2026-08-20 17:39:39.761,25573.6855
2026-08-20 17:39:40.184,25572.385
2026-08-20 17:39:40.611,25571.3999
2026-08-20 17:39:41.037,25570.2066
2026-08-20 17:39:41.451,25569.1287
2026-08-20 17:39:41.863,25568.3328
2026-08-20 17:39:42.291,25567.1804
2026-08-20 17:39:42.704,25566.1421
2026-08-20 17:39:43.124,25565.1201
2026-08-20 17:39:43.537,25564.1834
2026-08-20 17:39:43.963,25563.323
2026-08-20 17:39:44.388,25562.5413
2026-08-20 17:39:44.805,25561.7382
2026-08-20 17:39:45.221,25560.9572
2026-08-20 17:39:45.637,25560.021
2026-08-20 17:39:46.062,25559.0378
2026-08-20 17:39:46.474,25558.2596
2026-08-20 17:39:46.910,25557.3142
2026-08-20 17:39:47.324,25556.5319
2026-08-20 17:39:47.756,25555.7194
2026-08-20 17:39:48.168,25554.8364
2026-08-20 17:39:48.581,25559.6107
2026-08-20 17:39:49.012,25658.8003
2026-08-20 17:39:49.425,25860.0122
2026-08-20 17:39:49.851,26135.952
2026-08-20 17:39:50.276,26275.2633
2026-08-20 17:39:50.688,25984.2881
2026-08-20 17:39:51.121,25738.827
2026-08-20 17:39:51.534,25584.2852
2026-08-20 17:39:51.947,25613.1413
2026-08-20 17:39:52.361,25780.7762
2026-08-20 17:39:52.773,26028.8279
2026-08-20 17:39:53.252,26370.7624
2026-08-20 17:39:53.665,26718.4173
2026-08-20 17:39:54.077,27073.0833
2026-08-20 17:39:54.490,27445.229
2026-08-20 17:39:54.903,27473.8042
2026-08-20 17:39:55.329,27092.1428
2026-08-20 17:39:55.743,26717.8426
2026-08-20 17:39:56.156,26376.5167
2026-08-20 17:39:56.568,26064.4468
2026-08-20 17:39:56.993,25808.0657
2026-08-20 17:39:57.471,25616.4401
2026-08-20 17:39:57.898,25590.8461
2026-08-20 17:39:58.314,25732.5376
2026-08-20 17:39:58.728,25960.6544
2026-08-20 17:39:59.140,26238.5546
2026-08-20 17:39:59.559,26099.4237
2026-08-20 17:39:59.978,25826.7246
2026-08-20 17:40:00.393,25634.509
2026-08-20 17:40:00.808,25542.9299
2026-08-20 17:40:01.234,25538.7785
2026-08-20 17:40:01.654,25538.6587
2026-08-20 17:40:02.066,25538.0455
2026-08-20 17:40:02.486,25537.2701
2026-08-20 17:40:02.899,25536.4605
2026-08-20 17:40:03.363,25535.482
2026-08-20 17:40:03.794,25534.3917
2026-08-20 17:40:04.209,25533.3696
2026-08-20 17:40:04.622,25532.3689
2026-08-20 17:40:05.040,25531.3012
2026-08-20 17:40:05.453,25530.2983
2026-08-20 17:40:05.870,25557.0365
2026-08-20 17:40:06.282,25693.9941
2026-08-20 17:40:06.695,25910.8964
2026-08-20 17:40:07.107,26195.5863
2026-08-20 17:40:07.522,26142.2416
2026-08-20 17:40:07.942,25857.423
2026-08-20 17:40:08.432,25615.6566
2026-08-20 17:40:08.860,25541.5816
2026-08-20 17:40:09.272,25661.8879
2026-08-20 17:40:09.698,25872.1253
2026-08-20 17:40:10.123,26162.5487
2026-08-20 17:40:10.550,26504.009
2026-08-20 17:40:10.962,26849.4128
2026-08-20 17:40:11.390,27224.679
2026-08-20 17:40:11.802,27519.7548
2026-08-20 17:40:12.228,27237.5288
2026-08-20 17:40:12.641,26854.3968
2026-08-20 17:40:13.064,26504.4713
2026-08-20 17:40:13.480,26168.3664
2026-08-20 17:40:13.895,25879.1537
2026-08-20 17:40:14.336,25667.713
2026-08-20 17:40:14.748,25544.0614
2026-08-20 17:40:15.160,25603.8883
2026-08-20 17:40:15.574,25773.5893
2026-08-20 17:40:15.987,26029.1641
2026-08-20 17:40:16.400,26214.8965
2026-08-20 17:40:16.894,25898.0345
2026-08-20 17:40:17.310,25671.1341
2026-08-20 17:40:17.726,25532.9469
2026-08-20 17:40:18.140,25503.2636
2026-08-20 17:40:18.569,25503.7613
2026-08-20 17:40:18.983,25502.9639
2026-08-20 17:40:19.400,25502.1095
2026-08-20 17:40:19.813,25500.9445
2026-08-20 17:40:20.227,25499.7423
2026-08-20 17:40:20.644,25498.668
2026-08-20 17:40:21.119,25497.2947
2026-08-20 17:40:21.532,25496.3171
2026-08-20 17:40:21.945,25495.1511
2026-08-20 17:40:22.370,25494.2081
2026-08-20 17:40:22.787,25496.3195
2026-08-20 17:40:23.203,25584.6428
2026-08-20 17:40:23.678,25795.5878
2026-08-20 17:40:24.091,26067.8159
2026-08-20 17:40:24.518,26182.4816
2026-08-20 17:40:24.943,25886.9787
2026-08-20 17:40:25.359,25650.8584
2026-08-20 17:40:25.780,25511.2355
2026-08-20 17:40:26.195,25556.7319
2026-08-20 17:40:26.608,25728.2376
2026-08-20 17:40:27.020,25980.0335
2026-08-20 17:40:27.443,26284.9986
2026-08-20 17:40:27.869,26627.175
2026-08-20 17:40:28.291,26991.5904
2026-08-20 17:40:28.704,27369.3869
2026-08-20 17:40:29.118,27390.5963
2026-08-20 17:40:29.579,27009.264
2026-08-20 17:40:30.005,26602.9949
2026-08-20 17:40:30.418,26260.5095
2026-08-20 17:40:30.845,25943.2057
2026-08-20 17:40:31.257,25701.8715
2026-08-20 17:40:31.670,25547.2872
2026-08-20 17:40:32.087,25522.3414
2026-08-20 17:40:32.499,25653.6381
2026-08-20 17:40:32.912,25872.5622
2026-08-20 17:40:33.325,26153.3042
2026-08-20 17:40:33.739,26046.3714
2026-08-20 17:40:34.200,25743.7132
2026-08-20 17:40:34.615,25559.9909
2026-08-20 17:40:35.034,25474.3501
2026-08-20 17:40:35.446,25471.1975
2026-08-20 17:40:35.859,25470.9628
2026-08-20 17:40:36.295,25470.3216
2026-08-20 17:40:36.709,25469.3534
2026-08-20 17:40:37.120,25468.2797
2026-08-20 17:40:37.534,25467.3336
2026-08-20 17:40:37.956,25466.1408
2026-08-20 17:40:38.415,25464.5605
2026-08-20 17:40:38.849,25463.2824
2026-08-20 17:40:39.261,25462.0407
2026-08-20 17:40:39.687,25460.9683
2026-08-20 17:40:40.109,25491.9179
2026-08-20 17:40:40.539,25636.5074
2026-08-20 17:40:40.953,25866.9335
2026-08-20 17:40:41.371,26147.0051
2026-08-20 17:40:41.789,26029.4959
2026-08-20 17:40:42.202,25751.4792
2026-08-20 17:40:42.630,25555.7712
2026-08-20 17:40:43.041,25468.8025
2026-08-20 17:40:43.456,25576.8989
2026-08-20 17:40:43.877,25779.5585
2026-08-20 17:40:44.293,26061.3715
2026-08-20 17:40:44.728,26381.0338
2026-08-20 17:40:45.141,26740.3442
2026-08-20 17:40:45.566,27101.2252
2026-08-20 17:40:45.979,27437
2026-08-20 17:40:46.392,27198.1645
2026-08-20 17:40:46.831,26828.0636
2026-08-20 17:40:47.243,26453.9127
2026-08-20 17:40:47.656,26125.7689
2026-08-20 17:40:48.082,25834.2485
2026-08-20 17:40:48.499,25610.805
2026-08-20 17:40:48.964,25476.682
2026-08-20 17:40:49.386,25533.9715
2026-08-20 17:40:49.799,25705.3543
2026-08-20 17:40:50.212,25960.2451
2026-08-20 17:40:50.649,26137.2667
2026-08-20 17:40:51.063,25860.4342
2026-08-20 17:40:51.487,25623.5458
2026-08-20 17:40:51.904,25474.1158
2026-08-20 17:40:52.317,25435.6679
2026-08-20 17:40:52.744,25436.1777
2026-08-20 17:40:53.161,25435.7268
2026-08-20 17:40:53.587,25434.6941
2026-08-20 17:40:54.004,25433.7291
2026-08-20 17:40:54.417,25432.7166
2026-08-20 17:40:54.831,25431.4743
2026-08-20 17:40:55.265,25430.5428
2026-08-20 17:40:55.679,25429.4542
2026-08-20 17:40:56.091,25428.2437
2026-08-20 17:40:56.502,25427.3154
2026-08-20 17:40:56.976,25426.3546
2026-08-20 17:40:57.405,25508.3646
2026-08-20 17:40:57.820,25688.0068
2026-08-20 17:40:58.232,25943.4834
2026-08-20 17:40:58.659,26131.5312
2026-08-20 17:40:59.071,25867.4429
2026-08-20 17:40:59.489,25623.6274
2026-08-20 17:40:59.902,25464.1571
2026-08-20 17:41:00.330,25466.153
2026-08-20 17:41:00.755,25620.5417
2026-08-20 17:41:01.180,25865.9064
2026-08-20 17:41:01.599,26173.7846
2026-08-20 17:41:02.019,26506.809
2026-08-20 17:41:02.433,26863.0466
2026-08-20 17:41:02.846,27230.595
2026-08-20 17:41:03.269,27366.3443
2026-08-20 17:41:03.699,26989.8557
2026-08-20 17:41:04.125,26601.3821
2026-08-20 17:41:04.538,26262.6142
2026-08-20 17:41:04.951,25948.5753
2026-08-20 17:41:05.364,25686.7424
2026-08-20 17:41:05.798,25510.4714
2026-08-20 17:41:06.219,25443.1159
2026-08-20 17:41:06.630,25553.7689
2026-08-20 17:41:07.056,25762.3103
2026-08-20 17:41:07.468,26041.4919
2026-08-20 17:41:07.893,26025.5199
2026-08-20 17:41:08.307,25732.6889
2026-08-20 17:41:08.721,25527.3113
2026-08-20 17:41:09.133,25417.1385
2026-08-20 17:41:09.547,25405.2635
2026-08-20 17:41:09.959,25405.6791
2026-08-20 17:41:10.383,25405.5037
2026-08-20 17:41:10.797,25404.7325
2026-08-20 17:41:11.211,25403.901
2026-08-20 17:41:11.629,25402.989
2026-08-20 17:41:12.056,25402.0108
2026-08-20 17:41:12.483,25401.3391
2026-08-20 17:41:12.897,25400.6685
2026-08-20 17:41:13.309,25400.0985
2026-08-20 17:41:13.735,25399.6445
2026-08-20 17:41:14.147,25406.335
2026-08-20 17:41:14.566,25507.005
2026-08-20 17:41:14.978,25696.2745
2026-08-20 17:41:15.392,25959.8615
2026-08-20 17:41:15.818,26090.0514
2026-08-20 17:41:16.230,25799.6575
2026-08-20 17:41:16.663,25561.8156
2026-08-20 17:41:17.075,25419.9259
2026-08-20 17:41:17.509,25458.3676
2026-08-20 17:41:17.922,25635.064
2026-08-20 17:41:18.334,25887.1077
2026-08-20 17:41:18.746,26190.1257
2026-08-20 17:41:19.158,26521.7683
2026-08-20 17:41:19.582,26872.391
2026-08-20 17:41:20.009,27251.2046
2026-08-20 17:41:20.429,27296.736
2026-08-20 17:41:20.849,26906.1575
2026-08-20 17:41:21.279,26546.7427
2026-08-20 17:41:21.693,26194.6682
2026-08-20 17:41:22.121,25885.1835
2026-08-20 17:41:22.584,25603.7538
2026-08-20 17:41:22.996,25452.1889
2026-08-20 17:41:23.429,25436.7752
2026-08-20 17:41:23.849,25574.5575
2026-08-20 17:41:24.262,25803.5444
2026-08-20 17:41:24.695,26078.7307
2026-08-20 17:41:25.111,25908.9284
2026-08-20 17:41:25.530,25643.5061
2026-08-20 17:41:25.943,25463.2231
2026-08-20 17:41:26.372,25384.517
2026-08-20 17:41:26.784,25383.475
2026-08-20 17:41:27.197,25383.2631
2026-08-20 17:41:27.611,25382.6809
2026-08-20 17:41:28.028,25381.9455
2026-08-20 17:41:28.467,25380.9142
2026-08-20 17:41:28.880,25379.8832
2026-08-20 17:41:29.292,25378.9037
2026-08-20 17:41:29.705,25377.817
2026-08-20 17:41:30.134,25376.5074
2026-08-20 17:41:30.547,25375.8994
2026-08-20 17:41:30.971,25375.1371
2026-08-20 17:41:31.384,25401.4449
2026-08-20 17:41:31.798,25533.5491
2026-08-20 17:41:32.211,25749.2304
2026-08-20 17:41:32.625,26030.719
2026-08-20 17:41:33.057,25967.4076
2026-08-20 17:41:33.477,25684.7172
2026-08-20 17:41:33.891,25479.3939
2026-08-20 17:41:34.304,25382.1382
2026-08-20 17:41:34.718,25475.9338
2026-08-20 17:41:35.184,25697.7344
2026-08-20 17:41:35.607,25977.1308
2026-08-20 17:41:36.023,26302.074
2026-08-20 17:41:36.435,26645.4564
2026-08-20 17:41:36.847,27003.3704
2026-08-20 17:41:37.272,27337.5209
2026-08-20 17:41:37.690,27110.8398
2026-08-20 17:41:38.119,26736.2928
2026-08-20 17:41:38.547,26360.3251
2026-08-20 17:41:38.959,26033.22
2026-08-20 17:41:39.371,25744.2415
2026-08-20 17:41:39.832,25527.7131
2026-08-20 17:41:40.250,25392.98
2026-08-20 17:41:40.670,25447.0819
2026-08-20 17:41:41.082,25615.7311
2026-08-20 17:41:41.495,25867.8257
2026-08-20 17:41:41.907,26056.3231
2026-08-20 17:41:42.319,25798.4988
2026-08-20 17:41:42.738,25554.1242
2026-08-20 17:41:43.181,25401.4632
2026-08-20 17:41:43.593,25352.7947
2026-08-20 17:41:44.005,25353.8217
2026-08-20 17:41:44.433,25353.4373
2026-08-20 17:41:44.851,25352.5862
2026-08-20 17:41:45.329,25351.5963
2026-08-20 17:41:45.742,25350.6795
2026-08-20 17:41:46.173,25349.746
2026-08-20 17:41:46.599,25348.8734
2026-08-20 17:41:47.010,25347.8317
2026-08-20 17:41:47.425,25347.2881
2026-08-20 17:41:47.838,25346.6005
2026-08-20 17:41:48.250,25347.0308
2026-08-20 17:41:48.664,25421.6678
2026-08-20 17:41:49.077,25591.1736
2026-08-20 17:41:49.501,25839.2628
2026-08-20 17:41:49.925,26054.6067
2026-08-20 17:41:50.386,25770.0123
2026-08-20 17:41:50.800,25531.4876
2026-08-20 17:41:51.214,25379.6777
2026-08-20 17:41:51.628,25390.3167
2026-08-20 17:41:52.047,25546.2942
2026-08-20 17:41:52.461,25788.9633
2026-08-20 17:41:52.892,26091.5906
2026-08-20 17:41:53.304,26429.6808
2026-08-20 17:41:53.716,26778.3365
2026-08-20 17:41:54.129,27143.2483
2026-08-20 17:41:54.544,27287.6493
2026-08-20 17:41:54.961,26922.8585
2026-08-20 17:41:55.374,26557.3538
2026-08-20 17:41:55.787,26215.7929
2026-08-20 17:41:56.200,25900.047
2026-08-20 17:41:56.613,25632.8719
2026-08-20 17:41:57.038,25448.1494
2026-08-20 17:41:57.465,25365.3226
2026-08-20 17:41:57.887,25461.5127
2026-08-20 17:41:58.300,25657.0404
2026-08-20 17:41:58.713,25929.2126
2026-08-20 17:41:59.135,25992.4664
2026-08-20 17:41:59.562,25697.294
2026-08-20 17:41:59.975,25474.6094
2026-08-20 17:42:00.393,25351.9112
2026-08-20 17:42:00.807,25332.0354
2026-08-20 17:42:01.245,25332.8077
2026-08-20 17:42:01.658,25332.5502
2026-08-20 17:42:02.071,25332.193
2026-08-20 17:42:02.485,25331.4507
2026-08-20 17:42:02.928,25330.7304
2026-08-20 17:42:03.341,25329.8753
2026-08-20 17:42:03.752,25329.264
2026-08-20 17:42:04.165,25328.4543
2026-08-20 17:42:04.578,25327.8322
2026-08-20 17:42:04.998,25327.2011
2026-08-20 17:42:05.411,25330.3224
2026-08-20 17:42:05.829,25418.1575
2026-08-20 17:42:06.247,25603.0507
2026-08-20 17:42:06.659,25861.0329
2026-08-20 17:42:07.084,26036.5957
2026-08-20 17:42:07.497,25762.9271
2026-08-20 17:42:07.924,25514.1548
2026-08-20 17:42:08.337,25361.9282
2026-08-20 17:42:08.749,25367.6806
2026-08-20 17:42:09.162,25520.7016
2026-08-20 17:42:09.573,25756.0497
2026-08-20 17:42:09.988,26050.895
2026-08-20 17:42:10.401,26379.5083
2026-08-20 17:42:10.815,26726.0638
2026-08-20 17:42:11.227,27091.7887
2026-08-20 17:42:11.672,27268.4751
2026-08-20 17:42:12.086,26906.5261
2026-08-20 17:42:12.502,26544.1284
2026-08-20 17:42:12.915,26200.6474
2026-08-20 17:42:13.348,25873.6574
2026-08-20 17:42:13.760,25605.2943
2026-08-20 17:42:14.204,25425.1441
2026-08-20 17:42:14.620,25349.0934
2026-08-20 17:42:15.034,25452.518
2026-08-20 17:42:15.449,25648.978
2026-08-20 17:42:15.862,25925.0332
2026-08-20 17:42:16.274,25953.649
2026-08-20 17:42:16.688,25666.6746
2026-08-20 17:42:17.101,25453.6403
2026-08-20 17:42:17.513,25332.7539
2026-08-20 17:42:17.936,25314.4561
2026-08-20 17:42:18.348,25315.0486
2026-08-20 17:42:18.760,25314.5759
2026-08-20 17:42:19.187,25314.0119
2026-08-20 17:42:19.615,25313.2176
2026-08-20 17:42:20.027,25312.5817
2026-08-20 17:42:20.462,25311.5357
2026-08-20 17:42:20.878,25310.7821
2026-08-20 17:42:21.305,25310.0728
2026-08-20 17:42:21.722,25309.1191
2026-08-20 17:42:22.136,25308.5535
2026-08-20 17:42:22.552,25313.539
2026-08-20 17:42:23.013,25424.8909
2026-08-20 17:42:23.431,25617.9106
2026-08-20 17:42:23.847,25888.175
2026-08-20 17:42:24.261,25979.8729
2026-08-20 17:42:24.674,25692.0392
2026-08-20 17:42:25.087,25465.4879
2026-08-20 17:42:25.499,25328.3074
2026-08-20 17:42:25.960,25384.3302
2026-08-20 17:42:26.386,25561.0488
2026-08-20 17:42:26.803,25826.2385
2026-08-20 17:42:27.216,26138.1068
2026-08-20 17:42:27.629,26472.448
2026-08-20 17:42:28.042,26825.3932
2026-08-20 17:42:28.487,27221.4582
2026-08-20 17:42:28.909,27139.2434
2026-08-20 17:42:29.334,26758.7249
2026-08-20 17:42:29.746,26393.2338
2026-08-20 17:42:30.172,26061.5365
2026-08-20 17:42:30.589,25749.4281
2026-08-20 17:42:31.023,25510.1221
2026-08-20 17:42:31.436,25356.8216
2026-08-20 17:42:31.860,25351.4309
2026-08-20 17:42:32.274,25494.9113
2026-08-20 17:42:32.710,25732.2748
2026-08-20 17:42:33.152,25995.8864
2026-08-20 17:42:33.565,25792.542
2026-08-20 17:42:33.985,25536.1049
2026-08-20 17:42:34.397,25364.192
2026-08-20 17:42:34.859,25295.6582
2026-08-20 17:42:35.274,25296.095
2026-08-20 17:42:35.719,25296.152
2026-08-20 17:42:36.187,25295.6831
2026-08-20 17:42:36.615,25294.9414
2026-08-20 17:42:37.028,25294.2434
2026-08-20 17:42:37.449,25293.6118
2026-08-20 17:42:37.862,25293.0079
2026-08-20 17:42:38.274,25292.4368
2026-08-20 17:42:38.716,25291.7078
2026-08-20 17:42:39.132,25291.0049
2026-08-20 17:42:39.560,25290.6765
2026-08-20 17:42:39.977,25361.6558
2026-08-20 17:42:40.391,25529.504
2026-08-20 17:42:40.804,25776.4949
2026-08-20 17:42:41.220,26001.0459
2026-08-20 17:42:41.647,25768.7708
2026-08-20 17:42:42.061,25509.319
2026-08-20 17:42:42.477,25342.1754
2026-08-20 17:42:42.891,25318.6134
2026-08-20 17:42:43.316,25460.8469
2026-08-20 17:42:43.729,25693.8552
2026-08-20 17:42:44.142,25984.9431
2026-08-20 17:42:44.556,26309.5143
2026-08-20 17:42:45.027,26705.6762
2026-08-20 17:42:45.442,27069.2832
2026-08-20 17:42:45.854,27241.3187
2026-08-20 17:42:46.267,26885.4282
2026-08-20 17:42:46.695,26511.1218
2026-08-20 17:42:47.129,26152.4301
2026-08-20 17:42:47.542,25836.9842
2026-08-20 17:42:47.994,25554.755
2026-08-20 17:42:48.406,25378.0975
2026-08-20 17:42:48.833,25315.1704
2026-08-20 17:42:49.247,25423.0794
2026-08-20 17:42:49.669,25622.7879
2026-08-20 17:42:50.083,25906.6925
2026-08-20 17:42:50.523,25919.2652
2026-08-20 17:42:50.937,25614.6368
2026-08-20 17:42:51.365,25401.5693
2026-08-20 17:42:51.792,25291.0177
2026-08-20 17:42:52.208,25278.4879
2026-08-20 17:42:52.640,25278.8762
2026-08-20 17:42:53.067,25278.4534
2026-08-20 17:42:53.484,25277.6692
2026-08-20 17:42:53.896,25276.8953
2026-08-20 17:42:54.319,25276.1115
2026-08-20 17:42:54.732,25275.3866
2026-08-20 17:42:55.163,25274.6785
2026-08-20 17:42:55.580,25273.9016
2026-08-20 17:42:56.007,25273.1926
2026-08-20 17:42:56.422,25272.5917
2026-08-20 17:42:56.835,25283.8262
2026-08-20 17:42:57.261,25398.3039
2026-08-20 17:42:57.673,25595.3525
2026-08-20 17:42:58.089,25864.852
2026-08-20 17:42:58.514,25934.1784
2026-08-20 17:42:58.926,25638.3695
2026-08-20 17:42:59.339,25418.3776
2026-08-20 17:42:59.751,25288.8878
2026-08-20 17:43:00.171,25341.6772
2026-08-20 17:43:00.585,25516.8401
2026-08-20 17:43:00.998,25770.817
2026-08-20 17:43:01.413,26075.9864
2026-08-20 17:43:01.828,26409.6661
2026-08-20 17:43:02.248,26762.8993
2026-08-20 17:43:02.677,27136.1647
2026-08-20 17:43:03.102,27138.6756
2026-08-20 17:43:03.515,26752.0454
2026-08-20 17:43:03.932,26396.3104
2026-08-20 17:43:04.346,26058.2438
2026-08-20 17:43:04.760,25750.9841
2026-08-20 17:43:05.192,25502.6943
2026-08-20 17:43:05.616,25337.6175
2026-08-20 17:43:06.042,25306.3275
2026-08-20 17:43:06.456,25437.486
2026-08-20 17:43:06.917,25654.6067
2026-08-20 17:43:07.336,25952.3529
2026-08-20 17:43:07.749,25784.5675
2026-08-20 17:43:08.165,25519.4601
2026-08-20 17:43:08.577,25336.5489
2026-08-20 17:43:09.004,25255.4339
2026-08-20 17:43:09.416,25254.0938
2026-08-20 17:43:09.840,25254.3481
2026-08-20 17:43:10.270,25253.7399
2026-08-20 17:43:10.688,25252.9946
2026-08-20 17:43:11.114,25252.1731
2026-08-20 17:43:11.532,25251.5009
2026-08-20 17:43:11.993,25250.7081
2026-08-20 17:43:12.411,25249.6168
2026-08-20 17:43:12.834,25249.078
2026-08-20 17:43:13.248,25248.6733
2026-08-20 17:43:13.660,25247.9866
2026-08-20 17:43:14.079,25284.5349
2026-08-20 17:43:14.545,25453.0844
2026-08-20 17:43:14.966,25686.6457
2026-08-20 17:43:15.378,25951.2624
2026-08-20 17:43:15.791,25774.0755
2026-08-20 17:43:16.262,25510.9731
2026-08-20 17:43:16.680,25308.2896
2026-08-20 17:43:17.094,25273.9964
2026-08-20 17:43:17.515,25410.1365
2026-08-20 17:43:17.929,25635.4997
2026-08-20 17:43:18.341,25923.3073
2026-08-20 17:43:18.786,26245.6372
2026-08-20 17:43:19.199,26616.2419
2026-08-20 17:43:19.613,26977.9984
2026-08-20 17:43:20.026,27218.0564
2026-08-20 17:43:20.439,26895.657
2026-08-20 17:43:20.860,26531.1049
2026-08-20 17:43:21.274,26180.7301
2026-08-20 17:43:21.708,25850.4138
2026-08-20 17:43:22.120,25569.512
2026-08-20 17:43:22.546,25375.0631
2026-08-20 17:43:22.961,25275.0518
2026-08-20 17:43:23.375,25350.2355
2026-08-20 17:43:23.801,25534.4705
2026-08-20 17:43:24.213,25796.8147
2026-08-20 17:43:24.641,25922.6055
2026-08-20 17:43:25.069,25632.2659
2026-08-20 17:43:25.484,25400.1576
2026-08-20 17:43:25.910,25267.64
2026-08-20 17:43:26.322,25240.5596
2026-08-20 17:43:26.800,25240.7737
2026-08-20 17:43:27.214,25240.28
2026-08-20 17:43:27.628,25239.7164
2026-08-20 17:43:28.052,25239.1367
2026-08-20 17:43:28.465,25238.2534
2026-08-20 17:43:28.936,25237.1682
2026-08-20 17:43:29.361,25236.1477
2026-08-20 17:43:29.787,25235.0334
2026-08-20 17:43:30.206,25234.041
2026-08-20 17:43:30.618,25233.0761
2026-08-20 17:43:31.060,25242.8887
2026-08-20 17:43:31.474,25359.6032
2026-08-20 17:43:31.886,25557.6132
2026-08-20 17:43:32.298,25827.409
2026-08-20 17:43:32.710,25892.5652
2026-08-20 17:43:33.124,25604.3571
2026-08-20 17:43:33.537,25381.5925
2026-08-20 17:43:33.962,25248.5647
2026-08-20 17:43:34.374,25299.4084
2026-08-20 17:43:34.792,25472.0803
2026-08-20 17:43:35.205,25723.3862
2026-08-20 17:43:35.618,26027.288
2026-08-20 17:43:36.045,26357.8398
2026-08-20 17:43:36.458,26720.36
2026-08-20 17:43:36.882,27086.5795
2026-08-20 17:43:37.294,27108.3828
2026-08-20 17:43:37.731,26732.8571
2026-08-20 17:43:38.144,26355.8895
2026-08-20 17:43:38.556,26021.1485
2026-08-20 17:43:38.983,25705.3511
2026-08-20 17:43:39.397,25456.5421
2026-08-20 17:43:39.810,25295.4507
2026-08-20 17:43:40.223,25249.5971
2026-08-20 17:43:40.637,25362.8431
2026-08-20 17:43:41.048,25565.2705
2026-08-20 17:43:41.489,25842.8898
2026-08-20 17:43:41.909,25803.5387
2026-08-20 17:43:42.323,25521.4576
2026-08-20 17:43:42.750,25317.6386
2026-08-20 17:43:43.164,25217.6955
2026-08-20 17:43:43.609,25209.676
2026-08-20 17:43:44.035,25209.5867
2026-08-20 17:43:44.448,25208.8009
2026-08-20 17:43:44.866,25207.8191
2026-08-20 17:43:45.279,25206.8852
2026-08-20 17:43:45.720,25205.8202
2026-08-20 17:43:46.155,25204.6575
2026-08-20 17:43:46.568,25203.5231
2026-08-20 17:43:46.984,25202.5628
2026-08-20 17:43:47.396,25201.3919
2026-08-20 17:43:47.837,25200.1797
2026-08-20 17:43:48.250,25221.9302
2026-08-20 17:43:48.674,25347.1746
2026-08-20 17:43:49.087,25562.0367
2026-08-20 17:43:49.499,25839.4176
2026-08-20 17:43:49.927,25799.5156
2026-08-20 17:43:50.339,25518.4605
2026-08-20 17:43:50.766,25307.2622
2026-08-20 17:43:51.178,25205.3844
2026-08-20 17:43:51.592,25292.0493
2026-08-20 17:43:52.012,25479.9753
2026-08-20 17:43:52.426,25748.8904
2026-08-20 17:43:52.839,26060.1998
2026-08-20 17:43:53.265,26405.5563
2026-08-20 17:43:53.711,26758.3497
2026-08-20 17:43:54.123,27135.5206
2026-08-20 17:43:54.534,26961.9491
2026-08-20 17:43:54.946,26593.0224
2026-08-20 17:43:55.370,26242.354
2026-08-20 17:43:55.784,25903.9095
2026-08-20 17:43:56.253,25606.9205
2026-08-20 17:43:56.686,25350.6915
2026-08-20 17:43:57.106,25219.4564
2026-08-20 17:43:57.520,25255.2754
2026-08-20 17:43:57.937,25409.6041
2026-08-20 17:43:58.351,25653.6918
2026-08-20 17:43:58.772,25876.6316
2026-08-20 17:43:59.199,25640.2715
2026-08-20 17:43:59.631,25385.499
2026-08-20 17:44:00.044,25222.7154
2026-08-20 17:44:00.457,25172.1322
2026-08-20 17:44:00.891,25173.3496
2026-08-20 17:44:01.306,25172.7801
2026-08-20 17:44:01.752,25171.8931
2026-08-20 17:44:02.165,25170.832
2026-08-20 17:44:02.592,25169.7257
2026-08-20 17:44:03.014,25168.8042
2026-08-20 17:44:03.428,25167.6706
2026-08-20 17:44:03.874,25166.7287
2026-08-20 17:44:04.286,25165.8434
2026-08-20 17:44:04.701,25164.948
2026-08-20 17:44:05.128,25164.068
2026-08-20 17:44:05.540,25230.7558
2026-08-20 17:44:05.955,25392.7249
2026-08-20 17:44:06.368,25636.0565
2026-08-20 17:44:06.813,25868.9538
2026-08-20 17:44:07.225,25628.8657
2026-08-20 17:44:07.638,25379.8334
2026-08-20 17:44:08.050,25214.8816
2026-08-20 17:44:08.463,25179.2022
2026-08-20 17:44:08.876,25309.3943
2026-08-20 17:44:09.289,25523.4299
2026-08-20 17:44:09.703,25806.3477
2026-08-20 17:44:10.117,26125.3229
2026-08-20 17:44:10.546,26467.0437
2026-08-20 17:44:10.962,26838.3101
2026-08-20 17:44:11.378,27120.1966
2026-08-20 17:44:11.794,26827.32
2026-08-20 17:44:12.210,26459.7575
2026-08-20 17:44:12.622,26112.8058
2026-08-20 17:44:13.041,25791.0742
2026-08-20 17:44:13.454,25504.5289
2026-08-20 17:44:13.870,25298.6267
2026-08-20 17:44:14.286,25183.4117
2026-08-20 17:44:14.698,25233.9847
2026-08-20 17:44:15.163,25421.159
2026-08-20 17:44:15.589,25688.2839
2026-08-20 17:44:16.005,25827.651
2026-08-20 17:44:16.419,25549.7608
2026-08-20 17:44:16.832,25319.5201
2026-08-20 17:44:17.249,25178.7309
2026-08-20 17:44:17.723,25143.6258
2026-08-20 17:44:18.135,25144.1731
2026-08-20 17:44:18.549,25143.712
2026-08-20 17:44:18.961,25142.8788
2026-08-20 17:44:19.374,25142.2106
2026-08-20 17:44:19.802,25141.1311
2026-08-20 17:44:20.243,25140.4191
2026-08-20 17:44:20.657,25139.5819
2026-08-20 17:44:21.071,25138.7643
2026-08-20 17:44:21.484,25137.934
2026-08-20 17:44:21.897,25137.3977
2026-08-20 17:44:22.311,25138.3477
2026-08-20 17:44:22.724,25215.9329
2026-08-20 17:44:23.149,25386.3004
2026-08-20 17:44:23.627,25679.2694
2026-08-20 17:44:24.040,25820.4106
2026-08-20 17:44:24.455,25541.2713
2026-08-20 17:44:24.886,25302.8044
2026-08-20 17:44:25.360,25151.6727
2026-08-20 17:44:25.773,25209.1767
2026-08-20 17:44:26.201,25389.9113
2026-08-20 17:44:26.619,25646.1288
2026-08-20 17:44:27.031,25957.0985
2026-08-20 17:44:27.445,26288.3527
2026-08-20 17:44:27.857,26640.0478
2026-08-20 17:44:28.281,27006.3915
2026-08-20 17:44:28.693,26985.947
2026-08-20 17:44:29.106,26613.824
2026-08-20 17:44:29.519,26260.4441
2026-08-20 17:44:29.938,25926.6035
2026-08-20 17:44:30.365,25617.4049
2026-08-20 17:44:30.778,25364.5542
2026-08-20 17:44:31.255,25191.085
2026-08-20 17:44:31.676,25182.5728
2026-08-20 17:44:32.088,25320.9193
2026-08-20 17:44:32.501,25544.2697
2026-08-20 17:44:32.913,25814.0794
2026-08-20 17:44:33.342,25668.3017
2026-08-20 17:44:33.842,25351.5085
2026-08-20 17:44:34.257,25188.6946
2026-08-20 17:44:34.670,25129.7434
2026-08-20 17:44:35.082,25131.2625
2026-08-20 17:44:35.495,25131.4372
2026-08-20 17:44:35.995,25131.1455
2026-08-20 17:44:36.408,25130.6871
2026-08-20 17:44:36.820,25130.0361
2026-08-20 17:44:37.280,25129.3428
2026-08-20 17:44:37.692,25128.7386
2026-08-20 17:44:38.139,25128.2026
2026-08-20 17:44:38.560,25127.5695
2026-08-20 17:44:39.026,25127.1405
2026-08-20 17:44:39.450,25129.7377
2026-08-20 17:44:39.877,25217.9103
2026-08-20 17:44:40.290,25403.2529
2026-08-20 17:44:40.719,25670.2606
2026-08-20 17:44:41.142,25816.6678
2026-08-20 17:44:41.567,25535.8657
2026-08-20 17:44:41.981,25297.2658
2026-08-20 17:44:42.399,25153.3715
2026-08-20 17:44:42.824,25180.4829
2026-08-20 17:44:43.261,25346.5569
2026-08-20 17:44:43.674,25606.8909
2026-08-20 17:44:44.097,25909.226
2026-08-20 17:44:44.511,26246.0453
2026-08-20 17:44:44.922,26595.9427
2026-08-20 17:44:45.367,26959.9631
2026-08-20 17:44:45.780,26993.5083
2026-08-20 17:44:46.204,26619.4828
2026-08-20 17:44:46.618,26255.4959
2026-08-20 17:44:47.045,25921.2762
2026-08-20 17:44:47.498,25577.6971
2026-08-20 17:44:47.920,25339.5056
2026-08-20 17:44:48.337,25186.4367
2026-08-20 17:44:48.762,25166.6203
2026-08-20 17:44:49.180,25302.0987
2026-08-20 17:44:49.613,25524.8391
2026-08-20 17:44:50.026,25804.8655
2026-08-20 17:44:50.439,25650.0942
2026-08-20 17:44:50.874,25379.3854
2026-08-20 17:44:51.287,25199.7489
2026-08-20 17:44:51.700,25122.2051
2026-08-20 17:44:52.125,25121.4047
2026-08-20 17:44:52.562,25121.9518
2026-08-20 17:44:52.974,25121.973
2026-08-20 17:44:53.399,25121.362
2026-08-20 17:44:53.815,25121.1643
2026-08-20 17:44:54.228,25120.7669
2026-08-20 17:44:54.641,25120.4194
2026-08-20 17:44:55.069,25120.0343
2026-08-20 17:44:55.503,25119.2752
2026-08-20 17:44:55.930,25119.025
2026-08-20 17:44:56.344,25118.5583
2026-08-20 17:44:56.756,25150.3403
2026-08-20 17:44:57.184,25293.023
2026-08-20 17:44:57.626,25513.2525
2026-08-20 17:44:58.039,25804.3299
2026-08-20 17:44:58.463,25673.07
2026-08-20 17:44:58.883,25397.2231
2026-08-20 17:44:59.295,25207.4521
2026-08-20 17:44:59.714,25133.2955
2026-08-20 17:45:00.127,25245.5299
2026-08-20 17:45:00.568,25447.6311
2026-08-20 17:45:00.990,25743.1649
2026-08-20 17:45:01.406,26067.7581
2026-08-20 17:45:01.819,26409.0633
2026-08-20 17:45:02.234,26765.8499
2026-08-20 17:45:02.709,27079.55
2026-08-20 17:45:03.122,26769.7338
2026-08-20 17:45:03.535,26407.2073
2026-08-20 17:45:03.948,26064.5728
2026-08-20 17:45:04.375,25744.3933
2026-08-20 17:45:04.794,25456.0982
2026-08-20 17:45:05.209,25253.7735
2026-08-20 17:45:05.634,25147.9207
2026-08-20 17:45:06.066,25219.2847
2026-08-20 17:45:06.481,25395.4504
2026-08-20 17:45:06.908,25655.5957
2026-08-20 17:45:07.320,25792.0843
2026-08-20 17:45:07.757,25514.2869
2026-08-20 17:45:08.171,25275.874
2026-08-20 17:45:08.583,25143.2387
2026-08-20 17:45:08.996,25115.245
2026-08-20 17:45:09.416,25116.461
2026-08-20 17:45:09.843,25115.6899
2026-08-20 17:45:10.257,25115.258
2026-08-20 17:45:10.703,25115.0986
2026-08-20 17:45:11.116,25115.4306
2026-08-20 17:45:11.534,25115.3676
2026-08-20 17:45:11.951,25115.0577
2026-08-20 17:45:12.364,25114.6897
2026-08-20 17:45:12.829,25114.3331
2026-08-20 17:45:13.255,25113.8499
2026-08-20 17:45:13.670,25117.511
2026-08-20 17:45:14.084,25207.7615
2026-08-20 17:45:14.519,25395.4871
2026-08-20 17:45:14.933,25659.8298
2026-08-20 17:45:15.349,25797.9473
2026-08-20 17:45:15.769,25519.9612
2026-08-20 17:45:16.182,25283.3794
2026-08-20 17:45:16.610,25136.3663
2026-08-20 17:45:17.025,25163.6813
2026-08-20 17:45:17.441,25325.3931
2026-08-20 17:45:17.902,25602.4557
2026-08-20 17:45:18.328,25917.1414
2026-08-20 17:45:18.751,26246.6074
2026-08-20 17:45:19.163,26603.8574
2026-08-20 17:45:19.583,26968.9718
2026-08-20 17:45:19.999,26969.191
2026-08-20 17:45:20.412,26593.6634
2026-08-20 17:45:20.824,26241.0449
2026-08-20 17:45:21.237,25908.5661
2026-08-20 17:45:21.650,25602.7658
2026-08-20 17:45:22.063,25353.9021
2026-08-20 17:45:22.486,25190.8091
2026-08-20 17:45:22.985,25156.9281
2026-08-20 17:45:23.398,25293.8679
2026-08-20 17:45:23.860,25547.5355
2026-08-20 17:45:24.285,25807.0633
2026-08-20 17:45:24.698,25620.52
2026-08-20 17:45:25.134,25353.5919
2026-08-20 17:45:25.551,25179.2732
2026-08-20 17:45:25.981,25107.4673
2026-08-20 17:45:26.407,25107.5881
2026-08-20 17:45:26.823,25108.0431
2026-08-20 17:45:27.235,25107.8669
2026-08-20 17:45:27.646,25107.9336
2026-08-20 17:45:28.060,25107.6849
2026-08-20 17:45:28.522,25107.4733
2026-08-20 17:45:28.955,25107.1058
2026-08-20 17:45:29.367,25106.7782
2026-08-20 17:45:29.791,25106.338
2026-08-20 17:45:30.204,25106.2119
2026-08-20 17:45:30.617,25105.9603
2026-08-20 17:45:31.043,25145.987
2026-08-20 17:45:31.465,25295.8617
2026-08-20 17:45:31.878,25527.8739
2026-08-20 17:45:32.302,25795.1369
2026-08-20 17:45:32.721,25639.2894
2026-08-20 17:45:33.146,25372.2905
2026-08-20 17:45:33.566,25185.1399
2026-08-20 17:45:34.000,25124.1632
2026-08-20 17:45:34.414,25253.5841
2026-08-20 17:45:34.837,25466.5916
2026-08-20 17:45:35.250,25755.1441
2026-08-20 17:45:35.681,26083.9935
2026-08-20 17:45:36.126,26427.5268
2026-08-20 17:45:36.540,26813.3539
2026-08-20 17:45:36.951,27064.0354
2026-08-20 17:45:37.364,26752.1619
2026-08-20 17:45:37.776,26391.2384
2026-08-20 17:45:38.190,26049.9853
2026-08-20 17:45:38.607,25730.5281
2026-08-20 17:45:39.021,25449.1313
2026-08-20 17:45:39.434,25248.7964
2026-08-20 17:45:39.860,25138.2764
2026-08-20 17:45:40.294,25203.5462
2026-08-20 17:45:40.707,25376.4618
2026-08-20 17:45:41.120,25631.5472
2026-08-20 17:45:41.532,25792.0995
2026-08-20 17:45:41.977,25524.5188
2026-08-20 17:45:42.390,25276.3012
2026-08-20 17:45:42.818,25136.0499
2026-08-20 17:45:43.247,25106.3804
2026-08-20 17:45:43.673,25107.5196
2026-08-20 17:45:44.088,25107.6604
2026-08-20 17:45:44.566,25107.6419
2026-08-20 17:45:44.980,25107.2872
2026-08-20 17:45:45.390,25107.022
2026-08-20 17:45:45.814,25106.7053
2026-08-20 17:45:46.231,25106.5154
2026-08-20 17:45:46.643,25106.252
2026-08-20 17:45:47.078,25106.0215
2026-08-20 17:45:47.507,25105.7153
2026-08-20 17:45:47.926,25111.0408
2026-08-20 17:45:48.352,25205.766
2026-08-20 17:45:48.765,25395.1506
2026-08-20 17:45:49.188,25655.8523
2026-08-20 17:45:49.648,25761.0505
2026-08-20 17:45:50.084,25476.0794
2026-08-20 17:45:50.497,25246.9232
2026-08-20 17:45:50.930,25122.0761
2026-08-20 17:45:51.347,25188.9132
2026-08-20 17:45:51.760,25367.6405
2026-08-20 17:45:52.230,25624.6534
2026-08-20 17:45:52.679,26000.1974
2026-08-20 17:45:53.091,26337.6833
2026-08-20 17:45:53.556,26735.4007
2026-08-20 17:45:53.969,27056.979
2026-08-20 17:45:54.383,26825.0193
2026-08-20 17:45:54.796,26460.3806
2026-08-20 17:45:55.222,26114.7971
2026-08-20 17:45:55.649,25770.8524
2026-08-20 17:45:56.076,25475.4085
2026-08-20 17:45:56.490,25265.5033
2026-08-20 17:45:56.904,25143.6431
2026-08-20 17:45:57.369,25196.8946
2026-08-20 17:45:57.781,25362.1891
2026-08-20 17:45:58.198,25612.6539
2026-08-20 17:45:58.614,25791.7362
2026-08-20 17:45:59.030,25528.778
2026-08-20 17:45:59.443,25292.614
2026-08-20 17:45:59.904,25147.1806
2026-08-20 17:46:00.323,25105.0149
2026-08-20 17:46:00.736,25106.2966
2026-08-20 17:46:01.149,25106.6586
2026-08-20 17:46:01.561,25106.701
2026-08-20 17:46:01.975,25106.2227
2026-08-20 17:46:02.388,25105.8783
2026-08-20 17:46:02.852,25105.5472
2026-08-20 17:46:03.271,25104.9497
2026-08-20 17:46:03.684,25104.7585
2026-08-20 17:46:04.106,25104.311
2026-08-20 17:46:04.521,25104.0092
2026-08-20 17:46:04.934,25104.6198
2026-08-20 17:46:05.379,25176.9946
2026-08-20 17:46:05.805,25366.538
2026-08-20 17:46:06.220,25618.5851
2026-08-20 17:46:06.633,25800.769
2026-08-20 17:46:07.044,25543.7304
2026-08-20 17:46:07.470,25304.2938
2026-08-20 17:46:07.960,25128.2815
2026-08-20 17:46:08.374,25168.3847
2026-08-20 17:46:08.800,25333.3074
2026-08-20 17:46:09.262,25587.9753
2026-08-20 17:46:09.680,25929.707
2026-08-20 17:46:10.092,26260.3699
2026-08-20 17:46:10.505,26609.1046
2026-08-20 17:46:10.917,26973.7222
2026-08-20 17:46:11.343,26954.4995
2026-08-20 17:46:11.817,26531.67
2026-08-20 17:46:12.234,26171.7011
2026-08-20 17:46:12.646,25840.4983
2026-08-20 17:46:13.074,25544.8375
2026-08-20 17:46:13.487,25306.1867
2026-08-20 17:46:13.900,25164.6834
2026-08-20 17:46:14.313,25159.0488
2026-08-20 17:46:14.742,25295.2534
2026-08-20 17:46:15.154,25527.4932
2026-08-20 17:46:15.566,25790.611
2026-08-20 17:46:15.993,25619.3968
2026-08-20 17:46:16.406,25361.4852
2026-08-20 17:46:16.833,25186.9144
2026-08-20 17:46:17.250,25109.1571
2026-08-20 17:46:17.663,25109.0471
2026-08-20 17:46:18.077,25109.5902
2026-08-20 17:46:18.501,25109.7093
2026-08-20 17:46:18.913,25109.5592
2026-08-20 17:46:19.326,25109.4543
2026-08-20 17:46:19.758,25109.102
2026-08-20 17:46:20.171,25108.9127
2026-08-20 17:46:20.591,25108.6128
2026-08-20 17:46:21.006,25108.3405
2026-08-20 17:46:21.418,25107.9303
2026-08-20 17:46:21.842,25107.8987
2026-08-20 17:46:22.268,25132.8567
2026-08-20 17:46:22.699,25269.259
2026-08-20 17:46:23.113,25490.4292
2026-08-20 17:46:23.525,25768.7009
2026-08-20 17:46:23.950,25687.5693
2026-08-20 17:46:24.368,25407.2231
2026-08-20 17:46:24.785,25210.3614
2026-08-20 17:46:25.212,25120.5292
2026-08-20 17:46:25.625,25222.3328
2026-08-20 17:46:26.037,25417.6644
2026-08-20 17:46:26.462,25687.0997
2026-08-20 17:46:26.932,26007.3763
2026-08-20 17:46:27.348,26392.9345
2026-08-20 17:46:27.776,26747.0337
2026-08-20 17:46:28.189,27059.835
2026-08-20 17:46:28.603,26797.4012
2026-08-20 17:46:29.015,26434.8871
2026-08-20 17:46:29.460,26092.4725
2026-08-20 17:46:29.872,25746.8071
2026-08-20 17:46:30.291,25466.5122
2026-08-20 17:46:30.704,25258.2035
2026-08-20 17:46:31.115,25143.6243
2026-08-20 17:46:31.529,25190.097
2026-08-20 17:46:31.941,25348.8631
2026-08-20 17:46:32.355,25593.4999
2026-08-20 17:46:32.773,25799.1711
2026-08-20 17:46:33.188,25554.9378
2026-08-20 17:46:33.606,25313.1454
2026-08-20 17:46:34.019,25158.8486
2026-08-20 17:46:34.431,25108.39
2026-08-20 17:46:34.844,25110.5011
2026-08-20 17:46:35.255,25111.0146
2026-08-20 17:46:35.668,25110.8943
2026-08-20 17:46:36.092,25110.9039
2026-08-20 17:46:36.540,25110.6681
2026-08-20 17:46:36.978,25110.313
2026-08-20 17:46:37.393,25110.0787
2026-08-20 17:46:37.807,25109.9675
2026-08-20 17:46:38.219,25109.8566
2026-08-20 17:46:38.645,25109.5643
2026-08-20 17:46:39.121,25109.5822
2026-08-20 17:46:39.535,25179.5331
2026-08-20 17:46:39.970,25350.9186
2026-08-20 17:46:40.383,25600.9636
2026-08-20 17:46:40.799,25812.5185
2026-08-20 17:46:41.214,25593.3023
2026-08-20 17:46:41.640,25340.7367
2026-08-20 17:46:42.068,25168.7272
2026-08-20 17:46:42.482,25140.5127
2026-08-20 17:46:42.898,25280.4391
2026-08-20 17:46:43.311,25504.3675
2026-08-20 17:46:43.725,25791.7617
2026-08-20 17:46:44.139,26111.5237
2026-08-20 17:46:44.558,26453.5948
2026-08-20 17:46:44.972,26816.9901
2026-08-20 17:46:45.386,27058.2623
2026-08-20 17:46:45.800,26740.0045
2026-08-20 17:46:46.213,26380.4384
2026-08-20 17:46:46.629,26041.4995
2026-08-20 17:46:47.088,25687.659
2026-08-20 17:46:47.502,25420.4122
2026-08-20 17:46:47.928,25228.0415
2026-08-20 17:46:48.349,25141.3062
2026-08-20 17:46:48.774,25225.363
2026-08-20 17:46:49.187,25412.6858
2026-08-20 17:46:49.601,25676.8142
2026-08-20 17:46:50.026,25768.1236
2026-08-20 17:46:50.440,25478.6504
2026-08-20 17:46:50.852,25262.1922
2026-08-20 17:46:51.279,25132.9961
2026-08-20 17:46:51.692,25112.2889
2026-08-20 17:46:52.116,25113.6888
2026-08-20 17:46:52.610,25114.1298
2026-08-20 17:46:53.023,25114.0116
2026-08-20 17:46:53.436,25113.8105
2026-08-20 17:46:53.863,25113.6975
2026-08-20 17:46:54.279,25113.3553
2026-08-20 17:46:54.696,25113.2207
2026-08-20 17:46:55.123,25112.9271
2026-08-20 17:46:55.536,25112.7954
2026-08-20 17:46:55.962,25112.8171
2026-08-20 17:46:56.373,25112.6983
2026-08-20 17:46:56.786,25112.6824
2026-08-20 17:46:57.201,25112.5304
2026-08-20 17:46:57.616,25112.4579
2026-08-20 17:46:58.044,25112.43
2026-08-20 17:46:58.462,25112.2671
2026-08-20 17:46:58.881,25112.1276
2026-08-20 17:46:59.295,25112.0936
2026-08-20 17:46:59.708,25112.0448
2026-08-20 17:47:00.132,25111.7936
2026-08-20 17:47:00.544,25110.5474
2026-08-20 17:47:00.979,25110.5831
2026-08-20 17:47:01.391,25111.4174
2026-08-20 17:47:01.804,25111.6586
2026-08-20 17:47:02.243,25111.8862
2026-08-20 17:47:02.655,25111.8875
2026-08-20 17:47:03.067,25111.9363
2026-08-20 17:47:03.481,25111.9631
2026-08-20 17:47:03.904,25111.8558
2026-08-20 17:47:04.364,25111.6856
2026-08-20 17:47:04.802,25111.6159
2026-08-20 17:47:05.216,25111.5758
2026-08-20 17:47:05.630,25111.6345
2026-08-20 17:47:06.065,25111.6376
2026-08-20 17:47:06.479,25111.7213
2026-08-20 17:47:06.891,25111.8769
2026-08-20 17:47:07.305,25111.9008
2026-08-20 17:47:07.718,25111.9445
2026-08-20 17:47:08.130,25112.1013
2026-08-20 17:47:08.570,25112.0463
2026-08-20 17:47:08.994,25110.9035
2026-08-20 17:47:09.407,25110.6961
2026-08-20 17:47:09.821,25111.0659
2026-08-20 17:47:10.282,25112.1116
2026-08-20 17:47:10.702,25112.6378
2026-08-20 17:47:11.115,25112.8494
2026-08-20 17:47:11.537,25113.0012
2026-08-20 17:47:11.954,25113.229
2026-08-20 17:47:12.368,25113.2691
2026-08-20 17:47:12.805,25113.0894
2026-08-20 17:47:13.228,25112.952
2026-08-20 17:47:13.641,25113.0424
2026-08-20 17:47:14.062,25112.9961
2026-08-20 17:47:14.477,25113.1186
2026-08-20 17:47:14.955,25113.2548
2026-08-20 17:47:15.367,25113.176
2026-08-20 17:47:15.801,25113.1129
2026-08-20 17:47:16.214,25113.1029
2026-08-20 17:47:16.627,25113.4643
2026-08-20 17:47:17.048,25113.5008
2026-08-20 17:47:17.475,25113.6064
2026-08-20 17:47:17.888,25113.6746
2026-08-20 17:47:18.301,25114.0098
2026-08-20 17:47:18.715,25114.4059
2026-08-20 17:47:19.140,25114.4028
2026-08-20 17:47:19.569,25114.3385
2026-08-20 17:47:19.982,25114.4889
2026-08-20 17:47:20.399,25114.64
2026-08-20 17:47:20.811,25114.6363
2026-08-20 17:47:21.228,25114.5369
2026-08-20 17:47:21.646,25114.5367
2026-08-20 17:47:22.059,25114.6037
2026-08-20 17:47:22.523,25114.7405
2026-08-20 17:47:22.943,25115.0402
2026-08-20 17:47:23.356,25115.1875
2026-08-20 17:47:23.769,25115.3329
2026-08-20 17:47:24.181,25115.4753
2026-08-20 17:47:24.653,25115.5407
2026-08-20 17:47:25.084,25115.5382
2026-08-20 17:47:25.502,25115.5058
2026-08-20 17:47:25.915,25115.5736
2026-08-20 17:47:26.328,25115.7236
2026-08-20 17:47:26.739,25115.7225
2026-08-20 17:47:27.164,25115.7345
2026-08-20 17:47:27.576,25115.736
2026-08-20 17:47:28.010,25115.8948
2026-08-20 17:47:28.423,25116.0273
2026-08-20 17:47:28.835,25116.156
2026-08-20 17:47:29.260,25116.3324
2026-08-20 17:47:29.684,25116.4476
2026-08-20 17:47:30.150,25115.3953
2026-08-20 17:47:30.576,25114.4571
2026-08-20 17:47:30.989,25113.9058
2026-08-20 17:47:31.414,25113.7625
2026-08-20 17:47:31.826,25113.4667
2026-08-20 17:47:32.239,25113.3132
2026-08-20 17:47:32.664,25113.3294
2026-08-20 17:47:33.083,25113.1681
2026-08-20 17:47:33.495,25112.9072
2026-08-20 17:47:33.918,25112.7505
2026-08-20 17:47:34.329,25112.4732
2026-08-20 17:47:34.743,25111.69
2026-08-20 17:47:35.157,25112.1622
2026-08-20 17:47:35.569,25112.3105
2026-08-20 17:47:36.042,25112.3169
2026-08-20 17:47:36.487,25112.2644
2026-08-20 17:47:36.908,25112.4223
2026-08-20 17:47:37.320,25112.5216
2026-08-20 17:47:37.731,25112.5939
2026-08-20 17:47:38.146,25112.4871
2026-08-20 17:47:38.564,25112.4044
2026-08-20 17:47:39.031,25112.5231
2026-08-20 17:47:39.444,25112.5956
2026-08-20 17:47:39.863,25112.8377
2026-08-20 17:47:40.276,25113.0009
2026-08-20 17:47:40.688,25113.0147
2026-08-20 17:47:41.101,25113.0565
2026-08-20 17:47:41.567,25113.3558
2026-08-20 17:47:41.985,25113.4451
2026-08-20 17:47:42.410,25113.6521
2026-08-20 17:47:42.824,25113.9319
2026-08-20 17:47:43.246,25114.1607
2026-08-20 17:47:43.659,25114.6727
2026-08-20 17:47:44.072,25115.039
2026-08-20 17:47:44.485,25115.2686
2026-08-20 17:47:44.912,25115.5929
2026-08-20 17:47:45.326,25115.9731
2026-08-20 17:47:45.739,25116.1432
2026-08-20 17:47:46.151,25116.4001
2026-08-20 17:47:46.562,25116.6477
2026-08-20 17:47:46.985,25116.8088
2026-08-20 17:47:47.399,25117.0178
2026-08-20 17:47:47.819,25117.2369
2026-08-20 17:47:48.328,25117.3901
2026-08-20 17:47:48.747,25117.4113
2026-08-20 17:47:49.166,25117.5325
2026-08-20 17:47:49.578,25117.7294
2026-08-20 17:47:49.991,25117.9474
2026-08-20 17:47:50.435,25118.1955
2026-08-20 17:47:50.847,25118.3103
2026-08-20 17:47:51.261,25118.4566
2026-08-20 17:47:51.673,25118.5377
2026-08-20 17:47:52.086,25118.5455
2026-08-20 17:47:52.504,25118.6563
2026-08-20 17:47:52.921,25118.7976
2026-08-20 17:47:53.348,25118.9742
2026-08-20 17:47:53.805,25119.2817
2026-08-20 17:47:54.220,25119.5516
2026-08-20 17:47:54.635,25119.7321
2026-08-20 17:47:55.056,25119.9129
2026-08-20 17:47:55.469,25119.9662
2026-08-20 17:47:55.909,25120.1999
2026-08-20 17:47:56.323,25120.4823
2026-08-20 17:47:56.743,25120.7904
2026-08-20 17:47:57.155,25121.7919
2026-08-20 17:47:57.579,25122.253
2026-08-20 17:47:58.042,25122.6148
2026-08-20 17:47:58.455,25122.7208
2026-08-20 17:47:58.879,25122.6969
2026-08-20 17:47:59.300,25122.5317
2026-08-20 17:47:59.762,25122.84
2026-08-20 17:48:00.193,25123.1992
2026-08-20 17:48:00.610,25123.2739
2026-08-20 17:48:01.028,25123.3047
2026-08-20 17:48:01.454,25123.2588
2026-08-20 17:48:01.873,25134.0498
2026-08-20 17:48:02.291,25249.4422
2026-08-20 17:48:02.706,25451.1476
2026-08-20 17:48:03.119,25718.9132
2026-08-20 17:48:03.544,25801.5208
2026-08-20 17:48:03.967,25519.2305
2026-08-20 17:48:04.396,25291.1534
2026-08-20 17:48:04.810,25151.4674
2026-08-20 17:48:05.232,25210.419
2026-08-20 17:48:05.728,25437.5602
2026-08-20 17:48:06.143,25705.0047
2026-08-20 17:48:06.568,26013.7828
2026-08-20 17:48:07.060,26421.856
2026-08-20 17:48:07.487,26773.8454
2026-08-20 17:48:07.900,27085.1518
2026-08-20 17:48:08.366,26825.1124
2026-08-20 17:48:08.785,26415.692
2026-08-20 17:48:09.203,26077.1369
2026-08-20 17:48:09.616,25758.8786
2026-08-20 17:48:10.029,25484.3002
2026-08-20 17:48:10.441,25283.5749
2026-08-20 17:48:10.853,25171.0699
2026-08-20 17:48:11.316,25229.7659
2026-08-20 17:48:11.735,25426.0857
2026-08-20 17:48:12.149,25684.9285
2026-08-20 17:48:12.566,25816.5532
2026-08-20 17:48:12.979,25540.669
2026-08-20 17:48:13.445,25314.8507
2026-08-20 17:48:13.863,25162.4802
2026-08-20 17:48:14.275,25139.6713
2026-08-20 17:48:14.688,25140.6484
2026-08-20 17:48:15.123,25140.9255
2026-08-20 17:48:15.535,25140.9228
2026-08-20 17:48:15.963,25140.8933
2026-08-20 17:48:16.403,25140.9573
2026-08-20 17:48:16.818,25140.8346
2026-08-20 17:48:17.232,25140.6895
2026-08-20 17:48:17.647,25140.486
2026-08-20 17:48:18.062,25140.0931
2026-08-20 17:48:18.489,25139.9421
2026-08-20 17:48:18.947,25148.3852
2026-08-20 17:48:19.375,25256.6644
2026-08-20 17:48:19.799,25448.7215
2026-08-20 17:48:20.215,25718.7816
2026-08-20 17:48:20.630,25811.2922
2026-08-20 17:48:21.044,25528.3337
2026-08-20 17:48:21.458,25304.4557
2026-08-20 17:48:21.886,25163.7618
2026-08-20 17:48:22.302,25209.3868
2026-08-20 17:48:22.729,25378.4863
2026-08-20 17:48:23.142,25634.4627
2026-08-20 17:48:23.580,25944.0614
2026-08-20 17:48:23.997,26279.4187
2026-08-20 17:48:24.412,26627.6108
2026-08-20 17:48:24.838,26991.141
2026-08-20 17:48:25.265,26980.8743
2026-08-20 17:48:25.700,26600.8557
2026-08-20 17:48:26.113,26234.3684
2026-08-20 17:48:26.537,25908.3475
2026-08-20 17:48:26.951,25602.6501
2026-08-20 17:48:27.380,25358.3607
2026-08-20 17:48:27.853,25193.2695
2026-08-20 17:48:28.267,25202.2647
2026-08-20 17:48:28.680,25345.5001
2026-08-20 17:48:29.093,25573.1346
2026-08-20 17:48:29.519,25828.5825
2026-08-20 17:48:29.935,25646.4938
2026-08-20 17:48:30.400,25390.7759
2026-08-20 17:48:30.820,25201.9937
2026-08-20 17:48:31.232,25142.0485
2026-08-20 17:48:31.645,25144.3772
2026-08-20 17:48:32.058,25145.0129
2026-08-20 17:48:32.525,25145.4185
2026-08-20 17:48:32.942,25145.1924
2026-08-20 17:48:33.361,25145.1313
2026-08-20 17:48:33.789,25145.1486
2026-08-20 17:48:34.202,25145.1497
2026-08-20 17:48:34.613,25145.1207
2026-08-20 17:48:35.027,25145.1116
2026-08-20 17:48:35.462,25144.7952
2026-08-20 17:48:35.878,25144.7457
2026-08-20 17:48:36.291,25195.3126
2026-08-20 17:48:36.705,25347.4501
2026-08-20 17:48:37.117,25578.14
2026-08-20 17:48:37.583,25846.0648
2026-08-20 17:48:37.996,25638.6595
2026-08-20 17:48:38.416,25387.4814
2026-08-20 17:48:38.828,25213.512
2026-08-20 17:48:39.252,25171.0031
2026-08-20 17:48:39.672,25308.1137
2026-08-20 17:48:40.086,25529.1078
2026-08-20 17:48:40.514,25823.3877
2026-08-20 17:48:40.927,26139.9484
2026-08-20 17:48:41.341,26476.4747
2026-08-20 17:48:41.754,26833.3366
2026-08-20 17:48:42.168,27088.9246
2026-08-20 17:48:42.669,26742.8664
2026-08-20 17:48:43.082,26355.5659
2026-08-20 17:48:43.499,26023.6287
2026-08-20 17:48:43.967,25675.1286
2026-08-20 17:48:44.380,25422.5735
2026-08-20 17:48:44.807,25252.7287
2026-08-20 17:48:45.225,25190.2532
2026-08-20 17:48:45.641,25299.4234
2026-08-20 17:48:46.054,25498.8401
2026-08-20 17:48:46.472,25771.5779
2026-08-20 17:48:46.903,25770.0512
2026-08-20 17:48:47.317,25481.5018
2026-08-20 17:48:47.730,25281.6594
2026-08-20 17:48:48.143,25173.1186
2026-08-20 17:48:48.570,25161.2561
2026-08-20 17:48:48.982,25162.1447
2026-08-20 17:48:49.404,25162.4692
2026-08-20 17:48:49.822,25162.3179
2026-08-20 17:48:50.239,25162.0313
2026-08-20 17:48:50.666,25161.858
2026-08-20 17:48:51.079,25161.811
2026-08-20 17:48:51.491,25161.5114
2026-08-20 17:48:51.930,25161.5399
2026-08-20 17:48:52.396,25161.3949
2026-08-20 17:48:52.813,25161.3209
2026-08-20 17:48:53.227,25177.2475
2026-08-20 17:48:53.639,25293.8351
2026-08-20 17:48:54.052,25491.4831
2026-08-20 17:48:54.476,25758.8874
2026-08-20 17:48:54.893,25798.0317
2026-08-20 17:48:55.306,25513.8207
2026-08-20 17:48:55.769,25282.9031
2026-08-20 17:48:56.182,25175.0618
2026-08-20 17:48:56.595,25249.307
2026-08-20 17:48:57.020,25427.0007
2026-08-20 17:48:57.433,25690.0949
2026-08-20 17:48:57.847,25993.0369
2026-08-20 17:48:58.270,26321.0553
2026-08-20 17:48:58.683,26676.2206
2026-08-20 17:48:59.101,27037.063
2026-08-20 17:48:59.561,26936.3443
2026-08-20 17:48:59.976,26573.0651
2026-08-20 17:49:00.387,26227.4082
2026-08-20 17:49:00.800,25903.9865
2026-08-20 17:49:01.213,25609.4915
2026-08-20 17:49:01.627,25375.1291
2026-08-20 17:49:02.041,25226.4387
2026-08-20 17:49:02.456,25205.6791
2026-08-20 17:49:02.873,25338.7201
2026-08-20 17:49:03.319,25554.0132
2026-08-20 17:49:03.745,25838.8497
2026-08-20 17:49:04.158,25681.123
2026-08-20 17:49:04.584,25423.8749
2026-08-20 17:49:05.044,25243.5751
2026-08-20 17:49:05.475,25164.1197
2026-08-20 17:49:05.889,25165.2779
2026-08-20 17:49:06.315,25165.7926
2026-08-20 17:49:06.728,25165.9283
2026-08-20 17:49:07.140,25165.9353
2026-08-20 17:49:07.575,25165.944
2026-08-20 17:49:07.988,25165.8801
2026-08-20 17:49:08.399,25165.7532
2026-08-20 17:49:08.816,25165.6646
2026-08-20 17:49:09.236,25165.6481
2026-08-20 17:49:09.702,25165.6625
2026-08-20 17:49:10.127,25165.7733
2026-08-20 17:49:10.539,25215.2481
2026-08-20 17:49:10.952,25365.3023
2026-08-20 17:49:11.366,25593.7355
2026-08-20 17:49:11.779,25852.5172
2026-08-20 17:49:12.192,25690.9802
2026-08-20 17:49:12.632,25432.5019
2026-08-20 17:49:13.051,25243.4679
2026-08-20 17:49:13.464,25189.1803
2026-08-20 17:49:13.876,25313.6084
2026-08-20 17:49:14.289,25522.1951
2026-08-20 17:49:14.706,25798.6314
2026-08-20 17:49:15.172,26155.8091
2026-08-20 17:49:15.600,26492.7138
2026-08-20 17:49:16.013,26859.9779
2026-08-20 17:49:16.441,27102.3362
2026-08-20 17:49:16.854,26779.829
2026-08-20 17:49:17.265,26424.1319
2026-08-20 17:49:17.696,26089.2137
2026-08-20 17:49:18.110,25763.8645
2026-08-20 17:49:18.522,25494.9379
2026-08-20 17:49:18.942,25303.6181
2026-08-20 17:49:19.356,25203.9165
2026-08-20 17:49:19.768,25274.3319
2026-08-20 17:49:20.204,25454.278
2026-08-20 17:49:20.624,25715.3222
2026-08-20 17:49:21.036,25840.2346
2026-08-20 17:49:21.457,25565.7797
2026-08-20 17:49:21.869,25339.2697
2026-08-20 17:49:22.281,25205.4408
2026-08-20 17:49:22.708,25174.8752
2026-08-20 17:49:23.121,25176.3352
2026-08-20 17:49:23.534,25176.6217
2026-08-20 17:49:23.979,25176.7234
2026-08-20 17:49:24.391,25176.6825
2026-08-20 17:49:24.811,25176.7599
2026-08-20 17:49:25.225,25177.1324
2026-08-20 17:49:25.647,25177.142
2026-08-20 17:49:26.060,25177.1029
2026-08-20 17:49:26.484,25177.1619
2026-08-20 17:49:26.980,25177.1202
2026-08-20 17:49:27.398,25182.8535
2026-08-20 17:49:27.817,25277.6524
2026-08-20 17:49:28.229,25462.3653
2026-08-20 17:49:28.710,25756.0681
2026-08-20 17:49:29.122,25827.5984
2026-08-20 17:49:29.555,25537.5644
2026-08-20 17:49:29.967,25321.2439
2026-08-20 17:49:30.380,25197.9904
2026-08-20 17:49:30.810,25254.5189
2026-08-20 17:49:31.222,25433.8961
2026-08-20 17:49:31.648,25694.4023
2026-08-20 17:49:32.061,25995.4287
2026-08-20 17:49:32.487,26321.8967
2026-08-20 17:49:32.953,26711.8662
2026-08-20 17:49:33.366,27076.665
2026-08-20 17:49:33.792,26935.7621
2026-08-20 17:49:34.205,26574.188
2026-08-20 17:49:34.632,26231.0708
2026-08-20 17:49:35.053,25897.7537
2026-08-20 17:49:35.467,25601.6105
2026-08-20 17:49:35.892,25377.2256
2026-08-20 17:49:36.307,25236.0793
2026-08-20 17:49:36.722,25242.1288
2026-08-20 17:49:37.136,25383.407
2026-08-20 17:49:37.556,25613.1546
2026-08-20 17:49:38.000,25866.5034
2026-08-20 17:49:38.426,25667.69
2026-08-20 17:49:38.842,25412.1524
2026-08-20 17:49:39.254,25249.1739
2026-08-20 17:49:39.728,25185.5827
2026-08-20 17:49:40.160,25186.9787
2026-08-20 17:49:40.573,25187.4149
2026-08-20 17:49:40.985,25187.4822
2026-08-20 17:49:41.408,25187.5313
2026-08-20 17:49:41.820,25187.5154
2026-08-20 17:49:42.233,25187.1975
2026-08-20 17:49:42.658,25187.1374
2026-08-20 17:49:43.083,25187.1766
2026-08-20 17:49:43.496,25187.1558
2026-08-20 17:49:43.924,25187.2774
2026-08-20 17:49:44.345,25187.1242
2026-08-20 17:49:44.760,25239.7918
2026-08-20 17:49:45.224,25415.7626
2026-08-20 17:49:45.636,25656.3397
2026-08-20 17:49:46.070,25883.2695
2026-08-20 17:49:46.486,25653.4683
2026-08-20 17:49:46.901,25407.3453
2026-08-20 17:49:47.317,25244.6575
2026-08-20 17:49:47.729,25218.8555
2026-08-20 17:49:48.174,25356.5772
2026-08-20 17:49:48.610,25605.1028
2026-08-20 17:49:49.022,25899.0426
2026-08-20 17:49:49.444,26216.6897
2026-08-20 17:49:49.856,26563.0054
2026-08-20 17:49:50.293,26918.3533
2026-08-20 17:49:50.705,27095.9824
2026-08-20 17:49:51.123,26746.9617
2026-08-20 17:49:51.535,26390.3828
2026-08-20 17:49:51.950,26059.1904
2026-08-20 17:49:52.422,25711.742
2026-08-20 17:49:52.847,25457.1008
2026-08-20 17:49:53.261,25284.4815
2026-08-20 17:49:53.673,25225.2975
2026-08-20 17:49:54.112,25335.2864
2026-08-20 17:49:54.542,25539.2312
2026-08-20 17:49:54.955,25823.9841
2026-08-20 17:49:55.373,25781.6039
2026-08-20 17:49:55.789,25506.7637
2026-08-20 17:49:56.203,25309.8358
2026-08-20 17:49:56.618,25205.5638
2026-08-20 17:49:57.082,25195.6287
2026-08-20 17:49:57.509,25196.665
2026-08-20 17:49:57.923,25196.6529
2026-08-20 17:49:58.335,25196.4276
2026-08-20 17:49:58.763,25196.3345
2026-08-20 17:49:59.183,25196.1789
2026-08-20 17:49:59.594,25196.1242
2026-08-20 17:50:00.008,25195.9893
2026-08-20 17:50:00.434,25196.0459
2026-08-20 17:50:00.847,25195.912
2026-08-20 17:50:01.260,25195.804
2026-08-20 17:50:01.679,25209.2589
2026-08-20 17:50:02.093,25322.5957
2026-08-20 17:50:02.514,25518.5746
2026-08-20 17:50:02.927,25789.5298
2026-08-20 17:50:03.368,25825.4317
2026-08-20 17:50:03.795,25537.198
2026-08-20 17:50:04.207,25323.8061
2026-08-20 17:50:04.620,25212.4834
2026-08-20 17:50:05.033,25284.2067
2026-08-20 17:50:05.445,25461.7534
2026-08-20 17:50:05.858,25715.594
2026-08-20 17:50:06.271,26016.8438
2026-08-20 17:50:06.742,26386.4989
2026-08-20 17:50:07.157,26736.9355
2026-08-20 17:50:07.570,27091.0823
2026-08-20 17:50:07.986,26961.5995
2026-08-20 17:50:08.399,26597.361
2026-08-20 17:50:08.837,26241.9103
2026-08-20 17:50:09.249,25911.8877
2026-08-20 17:50:09.660,25622.657
2026-08-20 17:50:10.081,25397.2327
2026-08-20 17:50:10.495,25255.1912
2026-08-20 17:50:10.908,25252.1972
2026-08-20 17:50:11.320,25387.5723
2026-08-20 17:50:11.736,25607.9594
2026-08-20 17:50:12.162,25872.518
2026-08-20 17:50:12.575,25714.7032
2026-08-20 17:50:13.018,25449.6285
2026-08-20 17:50:13.432,25274.4561
2026-08-20 17:50:13.846,25202.6321
2026-08-20 17:50:14.267,25202.6992
2026-08-20 17:50:14.679,25203.3331
2026-08-20 17:50:15.150,25203.2349
2026-08-20 17:50:15.571,25202.9983
2026-08-20 17:50:15.990,25203.02
2026-08-20 17:50:16.402,25202.8838
2026-08-20 17:50:16.816,25202.776
2026-08-20 17:50:17.230,25202.6709
2026-08-20 17:50:17.691,25202.3735
2026-08-20 17:50:18.122,25202.1998
2026-08-20 17:50:18.549,25201.9125
2026-08-20 17:50:18.965,25252.9292
2026-08-20 17:50:19.382,25404.6281
2026-08-20 17:50:19.795,25636.3349
2026-08-20 17:50:20.219,25888.0043
2026-08-20 17:50:20.632,25705.7542
2026-08-20 17:50:21.044,25451.9359
2026-08-20 17:50:21.458,25277.9263
2026-08-20 17:50:21.872,25222.5676
2026-08-20 17:50:22.291,25343.6031
2026-08-20 17:50:22.703,25553.9654
2026-08-20 17:50:23.117,25828.789
2026-08-20 17:50:23.543,26140.8886
2026-08-20 17:50:23.955,26484.3545
2026-08-20 17:50:24.373,26834.4248
2026-08-20 17:50:24.799,27129.5091
2026-08-20 17:50:25.289,26786.2421
2026-08-20 17:50:25.709,26433.0298
2026-08-20 17:50:26.122,26093.8741
2026-08-20 17:50:26.534,25783.6173
2026-08-20 17:50:26.994,25491.0433
2026-08-20 17:50:27.424,25307.9255
2026-08-20 17:50:27.846,25232.6878
2026-08-20 17:50:28.258,25326.253
2026-08-20 17:50:28.718,25511.4042
2026-08-20 17:50:29.136,25812.4934
2026-08-20 17:50:29.564,25808.1772
2026-08-20 17:50:29.976,25523.3313
2026-08-20 17:50:30.389,25324.8244
2026-08-20 17:50:30.802,25217.2684
2026-08-20 17:50:31.268,25205.433
2026-08-20 17:50:31.695,25206.4249
2026-08-20 17:50:32.107,25206.5181
2026-08-20 17:50:32.520,25206.7861
2026-08-20 17:50:32.942,25206.6634
2026-08-20 17:50:33.386,25206.7323
2026-08-20 17:50:33.798,25207.039
2026-08-20 17:50:34.227,25207.1135
2026-08-20 17:50:34.640,25207.6161
2026-08-20 17:50:35.053,25207.3554
2026-08-20 17:50:35.498,25207.3227
2026-08-20 17:50:35.910,25225.7941
2026-08-20 17:50:36.333,25344.5266
2026-08-20 17:50:36.745,25550.6978
2026-08-20 17:50:37.158,25820.6397
2026-08-20 17:50:37.584,25825.1824
2026-08-20 17:50:38.002,25539.4953
2026-08-20 17:50:38.443,25332.778
2026-08-20 17:50:38.856,25221.9546
2026-08-20 17:50:39.278,25306.1472
2026-08-20 17:50:39.691,25494.7063
2026-08-20 17:50:40.125,25764.1738
2026-08-20 17:50:40.565,26075.1269
2026-08-20 17:50:40.992,26426.1634
2026-08-20 17:50:41.408,26785.6264
2026-08-20 17:50:41.820,27120.6429
2026-08-20 17:50:42.249,26927.5747
2026-08-20 17:50:42.661,26555.4677
2026-08-20 17:50:43.085,26216.1441
2026-08-20 17:50:43.509,25888.3656
2026-08-20 17:50:43.922,25597.405
2026-08-20 17:50:44.334,25383.4423
2026-08-20 17:50:44.747,25255.611
2026-08-20 17:50:45.160,25277.7802
2026-08-20 17:50:45.572,25423.1427
2026-08-20 17:50:45.987,25653.7986
2026-08-20 17:50:46.462,25894.5199
2026-08-20 17:50:46.908,25632.6394
2026-08-20 17:50:47.334,25394.7406
2026-08-20 17:50:47.748,25252.7754
2026-08-20 17:50:48.161,25212.1649
2026-08-20 17:50:48.573,25214.2667
2026-08-20 17:50:48.985,25214.6398
2026-08-20 17:50:49.397,25214.4563
2026-08-20 17:50:49.822,25214.3155
2026-08-20 17:50:50.255,25213.9978
2026-08-20 17:50:50.666,25213.7552
2026-08-20 17:50:51.088,25213.4486
2026-08-20 17:50:51.503,25213.2727
2026-08-20 17:50:51.915,25212.9965
2026-08-20 17:50:52.347,25212.6733
2026-08-20 17:50:52.759,25212.5097
2026-08-20 17:50:53.178,25266.9209
2026-08-20 17:50:53.596,25422.0072
2026-08-20 17:50:54.021,25656.2914
2026-08-20 17:50:54.434,25902.7927
2026-08-20 17:50:54.845,25705.3275
2026-08-20 17:50:55.258,25454.4974
2026-08-20 17:50:55.671,25283.4204
2026-08-20 17:50:56.084,25233.4658
2026-08-20 17:50:56.497,25357.1636
2026-08-20 17:50:56.934,25564.9957
2026-08-20 17:50:57.361,25856.5075
2026-08-20 17:50:57.774,26180.7093
2026-08-20 17:50:58.186,26514.7115
2026-08-20 17:50:58.600,26865.0503
2026-08-20 17:50:59.013,27135.9132
2026-08-20 17:50:59.439,26850.5347
2026-08-20 17:50:59.852,26484.586
2026-08-20 17:51:00.325,26100.5928
2026-08-20 17:51:00.752,25791.2091
2026-08-20 17:51:01.217,25492.8193
2026-08-20 17:51:01.662,25306.9731
2026-08-20 17:51:02.127,25247.2276
2026-08-20 17:51:02.557,25371.0038
2026-08-20 17:51:02.972,25580.544
2026-08-20 17:51:03.389,25856.3709
2026-08-20 17:51:03.802,25777.512
2026-08-20 17:51:04.215,25511.207
2026-08-20 17:51:04.650,25322.4329
2026-08-20 17:51:05.063,25223.1724
2026-08-20 17:51:05.477,25218.4426
2026-08-20 17:51:05.900,25219.435
2026-08-20 17:51:06.316,25219.6569
2026-08-20 17:51:06.729,25219.5362
2026-08-20 17:51:07.153,25219.3212
2026-08-20 17:51:07.567,25219.2694
2026-08-20 17:51:07.979,25219.2396
2026-08-20 17:51:08.429,25219.1405
2026-08-20 17:51:08.843,25218.9081
2026-08-20 17:51:09.266,25218.6353
2026-08-20 17:51:09.678,25218.3244
2026-08-20 17:51:10.090,25233.6687
2026-08-20 17:51:10.526,25346.4405
2026-08-20 17:51:10.938,25555.5277
2026-08-20 17:51:11.353,25823.9671
2026-08-20 17:51:11.779,25837.8148
2026-08-20 17:51:12.191,25552.2063
2026-08-20 17:51:12.637,25347.5016
2026-08-20 17:51:13.060,25233.2459
2026-08-20 17:51:13.473,25318.016
2026-08-20 17:51:13.898,25500.8317
2026-08-20 17:51:14.362,25766.9978
2026-08-20 17:51:14.793,26114.5119
2026-08-20 17:51:15.207,26455.039
2026-08-20 17:51:15.618,26803.6644
2026-08-20 17:51:16.043,27130.7576
2026-08-20 17:51:16.455,26919.5187
2026-08-20 17:51:16.891,26563.2089
2026-08-20 17:51:17.304,26205.1388
2026-08-20 17:51:17.717,25888.3215
2026-08-20 17:51:18.130,25605.6677
2026-08-20 17:51:18.541,25392.9984
2026-08-20 17:51:18.961,25265.7226
2026-08-20 17:51:19.377,25288.7783
2026-08-20 17:51:19.790,25435.0262
2026-08-20 17:51:20.202,25666.4505
2026-08-20 17:51:20.623,25903.605
2026-08-20 17:51:21.049,25698.4378
2026-08-20 17:51:21.466,25444.8735
2026-08-20 17:51:21.878,25284.0585
2026-08-20 17:51:22.290,25222.9847
2026-08-20 17:51:22.704,25224.2073
2026-08-20 17:51:23.116,25224.7948
2026-08-20 17:51:23.561,25224.8452
2026-08-20 17:51:23.974,25224.5904
2026-08-20 17:51:24.400,25224.3317
2026-08-20 17:51:24.813,25224.1591
2026-08-20 17:51:25.227,25223.998
2026-08-20 17:51:25.642,25223.6725
2026-08-20 17:51:26.060,25223.5346
2026-08-20 17:51:26.507,25223.5399
2026-08-20 17:51:26.920,25223.4804
2026-08-20 17:51:27.344,25263.4445
2026-08-20 17:51:27.756,25409.659
2026-08-20 17:51:28.172,25631.2271
2026-08-20 17:51:28.585,25895.9656
2026-08-20 17:51:28.998,25755.4477
2026-08-20 17:51:29.409,25495.8231
2026-08-20 17:51:29.820,25313.1496
2026-08-20 17:51:30.233,25238.1956
2026-08-20 17:51:30.645,25343.6279
2026-08-20 17:51:31.088,25538.6374
2026-08-20 17:51:31.511,25826.4615
2026-08-20 17:51:31.924,26142.3537
2026-08-20 17:51:32.336,26473.4346
2026-08-20 17:51:32.761,26820.7862
2026-08-20 17:51:33.218,27143.8458
2026-08-20 17:51:33.630,26863.7067
2026-08-20 17:51:34.044,26509.0331
2026-08-20 17:51:34.472,26160.523
2026-08-20 17:51:34.897,25847.5448
2026-08-20 17:51:35.327,25566.5747
2026-08-20 17:51:35.740,25362.0014
2026-08-20 17:51:36.153,25258.2186
2026-08-20 17:51:36.572,25317.6825
2026-08-20 17:51:36.987,25484.0414
2026-08-20 17:51:37.399,25732.8341
2026-08-20 17:51:37.825,25897.5491
2026-08-20 17:51:38.267,25635.829
2026-08-20 17:51:38.679,25395.4786
2026-08-20 17:51:39.092,25260.6845
2026-08-20 17:51:39.517,25227.8151
2026-08-20 17:51:39.930,25229.2195
2026-08-20 17:51:40.357,25229.4382
2026-08-20 17:51:40.770,25229.3444
2026-08-20 17:51:41.208,25229.19
2026-08-20 17:51:41.622,25229.1327
2026-08-20 17:51:42.035,25228.8514
2026-08-20 17:51:42.448,25228.6252
2026-08-20 17:51:42.862,25228.5994
2026-08-20 17:51:43.295,25228.3851
2026-08-20 17:51:43.708,25228.2369
2026-08-20 17:51:44.143,25229.0321
2026-08-20 17:51:44.557,25302.5564
2026-08-20 17:51:44.975,25467.7705
2026-08-20 17:51:45.388,25712.1318
2026-08-20 17:51:45.811,25915.8107
2026-08-20 17:51:46.224,25674.4162
2026-08-20 17:51:46.643,25435.4522
2026-08-20 17:51:47.083,25276.7121
2026-08-20 17:51:47.508,25269.4574
2026-08-20 17:51:47.923,25421.7577
2026-08-20 17:51:48.336,25651.7821
2026-08-20 17:51:48.759,25938.8147
2026-08-20 17:51:49.185,26263.7661
2026-08-20 17:51:49.598,26612.8809
2026-08-20 17:51:50.018,26966.484
2026-08-20 17:51:50.431,27119.7245
2026-08-20 17:51:50.844,26769.5199
2026-08-20 17:51:51.265,26419.8481
2026-08-20 17:51:51.678,26083.8242
2026-08-20 17:51:52.092,25778.5318
2026-08-20 17:51:52.504,25519.6482
2026-08-20 17:51:52.916,25341.9366
2026-08-20 17:51:53.335,25261.3856
2026-08-20 17:51:53.754,25347.8532
2026-08-20 17:51:54.173,25531.3251
2026-08-20 17:51:54.587,25796.229
2026-08-20 17:51:55.000,25872.6576
2026-08-20 17:51:55.412,25594.7229
2026-08-20 17:51:55.826,25382.3384
2026-08-20 17:51:56.290,25248.8527
2026-08-20 17:51:56.710,25233.9032
2026-08-20 17:51:57.123,25234.9713
2026-08-20 17:51:57.535,25235.0833
2026-08-20 17:51:57.959,25235.2356
2026-08-20 17:51:58.373,25235.148
2026-08-20 17:51:58.811,25235.0437
2026-08-20 17:51:59.224,25234.9629
2026-08-20 17:51:59.644,25234.7592
2026-08-20 17:52:00.070,25234.679
2026-08-20 17:52:00.482,25234.5954
2026-08-20 17:52:00.928,25234.4139
2026-08-20 17:52:01.363,25244.0098
2026-08-20 17:52:01.776,25348.494
2026-08-20 17:52:02.193,25536.1673
2026-08-20 17:52:02.607,25798.3396
2026-08-20 17:52:03.035,25881.0473
2026-08-20 17:52:03.455,25602.3447
2026-08-20 17:52:03.871,25383.126
2026-08-20 17:52:04.285,25255.4565
2026-08-20 17:52:04.706,25303.4958
2026-08-20 17:52:05.133,25471.7625
2026-08-20 17:52:05.546,25725.376
2026-08-20 17:52:05.988,26021.9889
2026-08-20 17:52:06.404,26368.0632
2026-08-20 17:52:06.821,26713.1829
2026-08-20 17:52:07.245,27074.1054
2026-08-20 17:52:07.658,27049.8299
2026-08-20 17:52:08.105,26674.5822
2026-08-20 17:52:08.532,26303.9635
2026-08-20 17:52:08.955,25981.0983
2026-08-20 17:52:09.367,25681.1814
2026-08-20 17:52:09.780,25450.0218
2026-08-20 17:52:10.226,25303.8432
2026-08-20 17:52:10.660,25291.5761
2026-08-20 17:52:11.073,25429.248
2026-08-20 17:52:11.498,25651.3442
2026-08-20 17:52:11.925,25910.9664
2026-08-20 17:52:12.349,25729.4311
2026-08-20 17:52:12.776,25473.4524
2026-08-20 17:52:13.188,25304.6424
2026-08-20 17:52:13.610,25239.6173
2026-08-20 17:52:14.024,25240.6713
2026-08-20 17:52:14.464,25241.2181
2026-08-20 17:52:14.891,25241.4382
2026-08-20 17:52:15.306,25241.4886
2026-08-20 17:52:15.719,25241.3589
2026-08-20 17:52:16.142,25241.2224
2026-08-20 17:52:16.554,25240.9903
2026-08-20 17:52:16.968,25240.7498
2026-08-20 17:52:17.397,25240.4582
2026-08-20 17:52:17.824,25240.4994
2026-08-20 17:52:18.270,25240.4261
2026-08-20 17:52:18.698,25290.5035
2026-08-20 17:52:19.122,25439.7975
2026-08-20 17:52:19.537,25673.2325
2026-08-20 17:52:19.950,25922.6492
2026-08-20 17:52:20.389,25743.7364
2026-08-20 17:52:20.801,25477.1312
2026-08-20 17:52:21.227,25308.3292
2026-08-20 17:52:21.639,25264.0839
2026-08-20 17:52:22.057,25392.344
2026-08-20 17:52:22.519,25635.7131
2026-08-20 17:52:22.940,25918.6601
2026-08-20 17:52:23.356,26239.8149
2026-08-20 17:52:23.776,26577.2082
2026-08-20 17:52:24.188,26934.6368
2026-08-20 17:52:24.631,27148.1046
2026-08-20 17:52:25.059,26798.3548
2026-08-20 17:52:25.471,26435.9133
2026-08-20 17:52:25.884,26106.556
2026-08-20 17:52:26.311,25789.6409
2026-08-20 17:52:26.723,25531.5451
2026-08-20 17:52:27.167,25343.2664
2026-08-20 17:52:27.579,25272.9095
2026-08-20 17:52:28.007,25370.9845
2026-08-20 17:52:28.422,25559.0655
2026-08-20 17:52:28.887,25861.911
2026-08-20 17:52:29.300,25828.8064
2026-08-20 17:52:29.728,25557.5555
2026-08-20 17:52:30.147,25356.143
2026-08-20 17:52:30.565,25253.7467
2026-08-20 17:52:30.996,25245.0757
2026-08-20 17:52:31.411,25245.8624
2026-08-20 17:52:31.823,25245.9106
2026-08-20 17:52:32.245,25245.9523
2026-08-20 17:52:32.658,25245.8292
2026-08-20 17:52:33.075,25245.8199
2026-08-20 17:52:33.582,25245.5528
2026-08-20 17:52:34.009,25245.4171
2026-08-20 17:52:34.421,25245.3344
2026-08-20 17:52:34.834,25245.1755
2026-08-20 17:52:35.262,25244.9587
2026-08-20 17:52:35.676,25267.864
2026-08-20 17:52:36.094,25392.185
2026-08-20 17:52:36.509,25598.7522
2026-08-20 17:52:36.921,25871.0322
2026-08-20 17:52:37.351,25825.4674
2026-08-20 17:52:37.763,25555.1356
2026-08-20 17:52:38.200,25358.0869
2026-08-20 17:52:38.637,25257.3371
2026-08-20 17:52:39.049,25356.4014
2026-08-20 17:52:39.462,25546.7024
2026-08-20 17:52:39.888,25809.8023
2026-08-20 17:52:40.319,26123.248
2026-08-20 17:52:40.731,26465.9327
2026-08-20 17:52:41.145,26810.5094
2026-08-20 17:52:41.558,27139.1486
2026-08-20 17:52:41.971,26942.8204
2026-08-20 17:52:42.384,26586.1813
2026-08-20 17:52:42.796,26247.984
2026-08-20 17:52:43.208,25930.1776
2026-08-20 17:52:43.622,25645.5767
2026-08-20 17:52:44.045,25426.5226
2026-08-20 17:52:44.459,25290.9532
2026-08-20 17:52:44.897,25307.1019
2026-08-20 17:52:45.311,25454.8937
2026-08-20 17:52:45.731,25685.6165
2026-08-20 17:52:46.144,25922.2468
2026-08-20 17:52:46.557,25717.2732
2026-08-20 17:52:46.996,25471.3033
2026-08-20 17:52:47.431,25298.136
2026-08-20 17:52:47.844,25243.4516
2026-08-20 17:52:48.269,25245.3384
2026-08-20 17:52:48.695,25245.8891
2026-08-20 17:52:49.114,25245.9407
2026-08-20 17:52:49.527,25245.829
2026-08-20 17:52:49.941,25245.5902
2026-08-20 17:52:50.368,25245.4183
2026-08-20 17:52:50.780,25245.1311
2026-08-20 17:52:51.245,25244.6935
2026-08-20 17:52:51.657,25244.3693
2026-08-20 17:52:52.077,25244.001
2026-08-20 17:52:52.502,25243.6463
2026-08-20 17:52:52.929,25299.7266
2026-08-20 17:52:53.376,25458.7543
2026-08-20 17:52:53.789,25712.2378
2026-08-20 17:52:54.202,25928.5037
2026-08-20 17:52:54.625,25706.2383
2026-08-20 17:52:55.037,25457.676
2026-08-20 17:52:55.505,25283.1568
2026-08-20 17:52:55.929,25281.6951
2026-08-20 17:52:56.342,25432.0547
2026-08-20 17:52:56.768,25667.902
2026-08-20 17:52:57.182,25954.2094
2026-08-20 17:52:57.615,26271.3545
2026-08-20 17:52:58.027,26623.2468
2026-08-20 17:52:58.450,26974.5987
2026-08-20 17:52:58.870,27132.7761
2026-08-20 17:52:59.296,26778.6413
2026-08-20 17:52:59.723,26419.8756
2026-08-20 17:53:00.136,26080.3685
2026-08-20 17:53:00.549,25777.3807
2026-08-20 17:53:00.967,25521.9442
2026-08-20 17:53:01.380,25346.2654
2026-08-20 17:53:01.862,25276.1874
2026-08-20 17:53:02.274,25387.142
2026-08-20 17:53:02.704,25592.354
2026-08-20 17:53:03.117,25865.7456
2026-08-20 17:53:03.531,25823.5691
2026-08-20 17:53:03.943,25554.3336
2026-08-20 17:53:04.357,25360.5421
2026-08-20 17:53:04.769,25257.3
2026-08-20 17:53:05.181,25247.4005
2026-08-20 17:53:05.594,25248.5651
2026-08-20 17:53:06.030,25248.9066
2026-08-20 17:53:06.444,25249.1864
2026-08-20 17:53:06.859,25249.3277
2026-08-20 17:53:07.271,25249.518
2026-08-20 17:53:07.686,25249.6332
2026-08-20 17:53:08.164,25249.7242
2026-08-20 17:53:08.590,25249.7155
2026-08-20 17:53:09.001,25249.8495
2026-08-20 17:53:09.423,25250.0388
2026-08-20 17:53:09.838,25264.1312
2026-08-20 17:53:10.252,25375.3385
2026-08-20 17:53:10.664,25568.8513
2026-08-20 17:53:11.092,25842.0603
2026-08-20 17:53:11.514,25879.3724
2026-08-20 17:53:11.926,25595.6539
2026-08-20 17:53:12.354,25381.6398
2026-08-20 17:53:12.779,25265.9676
2026-08-20 17:53:13.191,25329.6189
2026-08-20 17:53:13.603,25499.3493
2026-08-20 17:53:14.029,25746.2584
2026-08-20 17:53:14.451,26053.3771
2026-08-20 17:53:14.863,26382.8156
2026-08-20 17:53:15.287,26724.0406
2026-08-20 17:53:15.706,27089.9725
2026-08-20 17:53:16.120,27039.4925
2026-08-20 17:53:16.559,26678.2237
2026-08-20 17:53:16.972,26314.8675
2026-08-20 17:53:17.384,25993.1937
2026-08-20 17:53:17.797,25701.5747
2026-08-20 17:53:18.212,25468.9146
2026-08-20 17:53:18.625,25320.7479
2026-08-20 17:53:19.044,25295.2819
2026-08-20 17:53:19.480,25418.8263
2026-08-20 17:53:19.894,25641.3887
2026-08-20 17:53:20.314,25909.108
2026-08-20 17:53:20.727,25783.536
2026-08-20 17:53:21.144,25524.2235
2026-08-20 17:53:21.611,25326.3588
2026-08-20 17:53:22.036,25254.2548
2026-08-20 17:53:22.462,25254.1035
2026-08-20 17:53:22.873,25254.739
2026-08-20 17:53:23.300,25254.9301
2026-08-20 17:53:23.730,25255.5672
2026-08-20 17:53:24.143,25255.7342
2026-08-20 17:53:24.555,25254.9017
2026-08-20 17:53:24.979,25254.7659
2026-08-20 17:53:25.393,25254.62
2026-08-20 17:53:25.820,25254.473
2026-08-20 17:53:26.232,25254.3043
2026-08-20 17:53:26.657,25254.1353
2026-08-20 17:53:27.076,25286.5191
2026-08-20 17:53:27.489,25422.9943
2026-08-20 17:53:27.909,25637.1223
2026-08-20 17:53:28.336,25917.0797
2026-08-20 17:53:28.758,25799.3076
2026-08-20 17:53:29.171,25531.9235
2026-08-20 17:53:29.588,25347.171
2026-08-20 17:53:30.002,25268.6975
2026-08-20 17:53:30.417,25373.6517
2026-08-20 17:53:30.830,25568.7973
2026-08-20 17:53:31.243,25834.514
2026-08-20 17:53:31.656,26140.2268
2026-08-20 17:53:32.069,26468.565
2026-08-20 17:53:32.566,26883.6903
2026-08-20 17:53:32.981,27164.6919
2026-08-20 17:53:33.395,26889.8026
2026-08-20 17:53:33.856,26535.7917
2026-08-20 17:53:34.275,26159.5363
2026-08-20 17:53:34.701,25850.445
2026-08-20 17:53:35.116,25574.3079
2026-08-20 17:53:35.529,25384.4316
2026-08-20 17:53:35.941,25287.0527
2026-08-20 17:53:36.369,25353.0177
2026-08-20 17:53:36.796,25526.7084
2026-08-20 17:53:37.209,25787.5187
2026-08-20 17:53:37.627,25914.8882
2026-08-20 17:53:38.038,25642.1553
2026-08-20 17:53:38.477,25422.8282
2026-08-20 17:53:38.903,25284.4757
2026-08-20 17:53:39.317,25258.251
2026-08-20 17:53:39.731,25259.6438
2026-08-20 17:53:40.143,25259.7557
2026-08-20 17:53:40.587,25259.5611
2026-08-20 17:53:41.000,25259.5216
2026-08-20 17:53:41.413,25259.328
2026-08-20 17:53:41.827,25259.2983
2026-08-20 17:53:42.294,25258.9302
2026-08-20 17:53:42.712,25258.6244
2026-08-20 17:53:43.139,25258.894
2026-08-20 17:53:43.560,25258.5746
2026-08-20 17:53:43.973,25263.171
2026-08-20 17:53:44.385,25352.4378
2026-08-20 17:53:44.817,25530.3725
2026-08-20 17:53:45.229,25790.6509
2026-08-20 17:53:45.643,25926.2461
2026-08-20 17:53:46.066,25658.6386
2026-08-20 17:53:46.480,25428.4158
2026-08-20 17:53:46.907,25288.6338
2026-08-20 17:53:47.326,25313.2533
2026-08-20 17:53:47.738,25471.0607
2026-08-20 17:53:48.164,25714.6505
2026-08-20 17:53:48.591,26005.6798
2026-08-20 17:53:49.007,26335.5606
2026-08-20 17:53:49.433,26675.7426
2026-08-20 17:53:49.848,27041.7837
2026-08-20 17:53:50.261,27104.5451
2026-08-20 17:53:50.673,26742.2573
2026-08-20 17:53:51.140,26354.5757
2026-08-20 17:53:51.566,26030.3361
2026-08-20 17:53:51.980,25726.3294
2026-08-20 17:53:52.393,25488.3376
2026-08-20 17:53:52.805,25335.8062
2026-08-20 17:53:53.234,25296.8184
2026-08-20 17:53:53.647,25415.6037
2026-08-20 17:53:54.069,25618.7178
2026-08-20 17:53:54.482,25896.729
2026-08-20 17:53:54.895,25825.3284
2026-08-20 17:53:55.363,25529.8507
2026-08-20 17:53:55.787,25351.5239
2026-08-20 17:53:56.202,25266.5364
2026-08-20 17:53:56.616,25264.3273
2026-08-20 17:53:57.029,25265.0617
2026-08-20 17:53:57.453,25265.4914
2026-08-20 17:53:57.878,25265.5566
2026-08-20 17:53:58.299,25265.3801
2026-08-20 17:53:58.718,25265.2056
2026-08-20 17:53:59.132,25265.3658
2026-08-20 17:53:59.559,25265.547
2026-08-20 17:53:59.980,25265.508
2026-08-20 17:54:00.393,25265.5323
2026-08-20 17:54:00.813,25265.4613
2026-08-20 17:54:01.233,25286.6785
2026-08-20 17:54:01.647,25411.5754
2026-08-20 17:54:02.061,25615.8527
2026-08-20 17:54:02.498,25886.1069
2026-08-20 17:54:02.911,25851.7266
2026-08-20 17:54:03.337,25582.9473
2026-08-20 17:54:03.752,25381.2503
2026-08-20 17:54:04.177,25285.077
2026-08-20 17:54:04.604,25375.2134
2026-08-20 17:54:05.017,25568.7457
2026-08-20 17:54:05.429,25830.6962
2026-08-20 17:54:05.855,26132.9002
2026-08-20 17:54:06.321,26470.4106
2026-08-20 17:54:06.739,26865.2893
2026-08-20 17:54:07.153,27177.7252
2026-08-20 17:54:07.565,26950.655
2026-08-20 17:54:07.982,26596.7483
2026-08-20 17:54:08.395,26257.907
2026-08-20 17:54:08.824,25932.839
2026-08-20 17:54:09.237,25653.6405
2026-08-20 17:54:09.650,25445.3392
2026-08-20 17:54:10.063,25322.79
2026-08-20 17:54:10.528,25350.9255
2026-08-20 17:54:10.946,25524.176
2026-08-20 17:54:11.359,25765.4237
2026-08-20 17:54:11.772,25960.2483
2026-08-20 17:54:12.184,25720.0734
2026-08-20 17:54:12.620,25480.0304
2026-08-20 17:54:13.039,25332.4795
2026-08-20 17:54:13.452,25288.3362
2026-08-20 17:54:13.873,25290.7295
2026-08-20 17:54:14.286,25291.7065
2026-08-20 17:54:14.753,25292.2103
2026-08-20 17:54:15.184,25292.9664
2026-08-20 17:54:15.599,25293.1885
2026-08-20 17:54:16.015,25293.7193
2026-08-20 17:54:16.430,25294.0385
2026-08-20 17:54:16.843,25294.3171
2026-08-20 17:54:17.275,25294.9318
2026-08-20 17:54:17.688,25295.4631
2026-08-20 17:54:18.102,25296.0303
2026-08-20 17:54:18.514,25360.2916
2026-08-20 17:54:18.979,25517.5599
2026-08-20 17:54:19.402,25789.5179
2026-08-20 17:54:19.815,25980.2204
2026-08-20 17:54:20.226,25736.5619
2026-08-20 17:54:20.664,25494.2586
2026-08-20 17:54:21.076,25341.5751
2026-08-20 17:54:21.508,25344.1386
2026-08-20 17:54:21.925,25494.2916
2026-08-20 17:54:22.338,25725.38
2026-08-20 17:54:22.762,26012.9446
2026-08-20 17:54:23.180,26337.8397
2026-08-20 17:54:23.600,26678.4261
2026-08-20 17:54:24.016,27037.5378
2026-08-20 17:54:24.432,27184.808
2026-08-20 17:54:24.844,26834.4023
2026-08-20 17:54:25.256,26488.6098
2026-08-20 17:54:25.669,26160.9402
2026-08-20 17:54:26.102,25847.1358
2026-08-20 17:54:26.540,25588.7977
2026-08-20 17:54:26.965,25407.7987
2026-08-20 17:54:27.378,25340.0731
2026-08-20 17:54:27.791,25434.3821
2026-08-20 17:54:28.218,25626.5451
2026-08-20 17:54:28.653,25889.6557
2026-08-20 17:54:29.071,25923.9677
2026-08-20 17:54:29.487,25645.6707
2026-08-20 17:54:29.900,25443.7093
2026-08-20 17:54:30.363,25332.6937
2026-08-20 17:54:30.784,25318.8524
2026-08-20 17:54:31.197,25320.2748
2026-08-20 17:54:31.619,25321.0469
2026-08-20 17:54:32.033,25321.6475
2026-08-20 17:54:32.445,25322.0225
2026-08-20 17:54:32.868,25322.3471
2026-08-20 17:54:33.281,25322.6471
2026-08-20 17:54:33.695,25323.035
2026-08-20 17:54:34.108,25323.4931
2026-08-20 17:54:34.533,25323.7393
2026-08-20 17:54:34.998,25324.1499
2026-08-20 17:54:35.411,25337.8552
2026-08-20 17:54:35.825,25447.1025
2026-08-20 17:54:36.246,25638.7603
2026-08-20 17:54:36.658,25906.5491
2026-08-20 17:54:37.095,25953.9254
2026-08-20 17:54:37.508,25670.3966
2026-08-20 17:54:37.931,25463.3824
2026-08-20 17:54:38.350,25345.2722
2026-08-20 17:54:38.762,25411.3685
2026-08-20 17:54:39.204,25590.7002
2026-08-20 17:54:39.618,25852.3997
2026-08-20 17:54:40.030,26153.3791
2026-08-20 17:54:40.443,26476.8325
2026-08-20 17:54:40.868,26818.2806
2026-08-20 17:54:41.335,27215.5242
2026-08-20 17:54:41.754,27057.6879
2026-08-20 17:54:42.170,26697.1933
2026-08-20 17:54:42.597,26357.8277
2026-08-20 17:54:43.012,26031.3286
2026-08-20 17:54:43.427,25746.6985
2026-08-20 17:54:43.839,25528.5265
2026-08-20 17:54:44.250,25396.6575
2026-08-20 17:54:44.662,25403.3244
2026-08-20 17:54:45.075,25540.3455
2026-08-20 17:54:45.489,25762.2854
2026-08-20 17:54:45.900,26016.6052
2026-08-20 17:54:46.325,25853.6741
2026-08-20 17:54:46.736,25596.4802
2026-08-20 17:54:47.177,25425.3523
2026-08-20 17:54:47.603,25355.8373
2026-08-20 17:54:48.029,25357.6044
2026-08-20 17:54:48.442,25359.0871
2026-08-20 17:54:48.906,25359.9679
2026-08-20 17:54:49.327,25360.9382
2026-08-20 17:54:49.790,25361.5973
2026-08-20 17:54:50.242,25362.422
2026-08-20 17:54:50.654,25363.1446
2026-08-20 17:54:51.075,25363.7493
2026-08-20 17:54:51.489,25364.4693
2026-08-20 17:54:51.917,25365.4326
2026-08-20 17:54:52.344,25366.2229
2026-08-20 17:54:52.763,25434.3797
2026-08-20 17:54:53.179,25596.9395
2026-08-20 17:54:53.591,25836.2249
2026-08-20 17:54:54.025,26053.4159
2026-08-20 17:54:54.436,25820.7741
2026-08-20 17:54:54.856,25582.7351
2026-08-20 17:54:55.270,25423.9449
2026-08-20 17:54:55.684,25404.2608
2026-08-20 17:54:56.158,25562.6106
2026-08-20 17:54:56.575,25797.7729
2026-08-20 17:54:56.989,26087.8717
2026-08-20 17:54:57.402,26405.5101
2026-08-20 17:54:57.814,26742.0678
2026-08-20 17:54:58.250,27092.8643
2026-08-20 17:54:58.675,27240.676
2026-08-20 17:54:59.098,26887.9836
2026-08-20 17:54:59.512,26534.7784
2026-08-20 17:54:59.928,26208.9469
2026-08-20 17:55:00.355,25905.5267
2026-08-20 17:55:00.769,25646.7294
2026-08-20 17:55:01.197,25480.0954
2026-08-20 17:55:01.609,25417.6988
2026-08-20 17:55:02.031,25518.8678
2026-08-20 17:55:02.456,25713.3882
2026-08-20 17:55:02.867,25988.7477
2026-08-20 17:55:03.280,25990.076
2026-08-20 17:55:03.693,25717.1768
2026-08-20 17:55:04.105,25518.3842
2026-08-20 17:55:04.568,25403.2082
2026-08-20 17:55:04.982,25395.3238
2026-08-20 17:55:05.402,25397.2409
2026-08-20 17:55:05.814,25398.3593
2026-08-20 17:55:06.242,25399.0828
2026-08-20 17:55:06.654,25399.0824
2026-08-20 17:55:07.067,25398.5675
2026-08-20 17:55:07.484,25399.1463
2026-08-20 17:55:07.897,25400.0504
2026-08-20 17:55:08.309,25400.9473
2026-08-20 17:55:08.723,25401.6074
2026-08-20 17:55:09.140,25402.6412
2026-08-20 17:55:09.621,25403.4606
2026-08-20 17:55:10.033,25404.4377
2026-08-20 17:55:10.449,25405.0952
2026-08-20 17:55:10.862,25405.9983
2026-08-20 17:55:11.295,25406.8428
2026-08-20 17:55:11.707,25407.5432
2026-08-20 17:55:12.120,25408.3861
2026-08-20 17:55:12.547,25409.1508
2026-08-20 17:55:12.969,25410.1074
2026-08-20 17:55:13.384,25410.8275
2026-08-20 17:55:13.805,25411.6459
2026-08-20 17:55:14.219,25412.5272
2026-08-20 17:55:14.630,25413.3276
2026-08-20 17:55:15.056,25414.1178
2026-08-20 17:55:15.476,25415.0239
2026-08-20 17:55:15.905,25415.9069
2026-08-20 17:55:16.318,25416.9261
2026-08-20 17:55:16.738,25417.9738
2026-08-20 17:55:17.150,25419.0001
2026-08-20 17:55:17.563,25419.7227
2026-08-20 17:55:17.981,25420.5042
2026-08-20 17:55:18.472,25421.7
2026-08-20 17:55:18.891,25422.7787
2026-08-20 17:55:19.305,25423.9638
2026-08-20 17:55:19.718,25424.8597
2026-08-20 17:55:20.156,25425.9873
2026-08-20 17:55:20.574,25427.0917
2026-08-20 17:55:20.994,25428.2379
2026-08-20 17:55:21.415,25429.4025
2026-08-20 17:55:21.828,25430.4734
2026-08-20 17:55:22.259,25431.3893
2026-08-20 17:55:22.678,25432.5639
2026-08-20 17:55:23.090,25433.4661
2026-08-20 17:55:23.526,25434.3968
2026-08-20 17:55:23.945,25435.4018
2026-08-20 17:55:24.369,25436.3393
2026-08-20 17:55:24.783,25437.3926
2026-08-20 17:55:25.196,25438.0135
2026-08-20 17:55:25.610,25438.9805
2026-08-20 17:55:26.023,25439.8348
2026-08-20 17:55:26.438,25440.5039
2026-08-20 17:55:26.914,25441.8795
2026-08-20 17:55:27.328,25442.6994
2026-08-20 17:55:27.740,25443.6048
2026-08-20 17:55:28.163,25444.1505
2026-08-20 17:55:28.582,25444.9901
2026-08-20 17:55:29.072,25445.5792
2026-08-20 17:55:29.492,25446.5396
2026-08-20 17:55:29.906,25447.2964
2026-08-20 17:55:30.322,25448.2839
2026-08-20 17:55:30.761,25449.0086
2026-08-20 17:55:31.174,25449.9661
2026-08-20 17:55:31.606,25450.9797
2026-08-20 17:55:32.027,25451.8639
2026-08-20 17:55:32.439,25452.6607
2026-08-20 17:55:32.874,25453.422
2026-08-20 17:55:33.286,25454.1851
2026-08-20 17:55:33.700,25455.2218
2026-08-20 17:55:34.113,25456.0667
2026-08-20 17:55:34.527,25456.7529
2026-08-20 17:55:34.994,25457.8523
2026-08-20 17:55:35.439,25458.9397
2026-08-20 17:55:35.852,25459.7411
2026-08-20 17:55:36.264,25460.408
2026-08-20 17:55:36.690,25461.3392
2026-08-20 17:55:37.117,25461.876
2026-08-20 17:55:37.542,25462.0954
2026-08-20 17:55:37.955,25462.304
2026-08-20 17:55:38.367,25462.4016
2026-08-20 17:55:38.830,25462.8094
2026-08-20 17:55:39.262,25463.4625
2026-08-20 17:55:39.684,25464.4379
2026-08-20 17:55:40.096,25465.1644
2026-08-20 17:55:40.516,25465.9227
2026-08-20 17:55:40.931,25466.7011
2026-08-20 17:55:41.345,25467.4391
2026-08-20 17:55:41.760,25468.3424
2026-08-20 17:55:42.173,25469.2932
2026-08-20 17:55:42.594,25470.0062
2026-08-20 17:55:43.006,25470.9011
2026-08-20 17:55:43.450,25471.8063
2026-08-20 17:55:43.872,25472.5669
2026-08-20 17:55:44.287,25473.49
2026-08-20 17:55:44.706,25474.3259
2026-08-20 17:55:45.126,25475.2103
2026-08-20 17:55:45.542,25476.2269
2026-08-20 17:55:45.955,25476.8992
2026-08-20 17:55:46.375,25477.9148
2026-08-20 17:55:46.789,25478.72
2026-08-20 17:55:47.253,25479.2908
2026-08-20 17:55:47.682,25479.7837
2026-08-20 17:55:48.096,25479.8961
2026-08-20 17:55:48.510,25480.6763
2026-08-20 17:55:48.931,25481.3146
2026-08-20 17:55:49.345,25482.0475
2026-08-20 17:55:49.759,25482.7248
2026-08-20 17:55:50.200,25483.7508
2026-08-20 17:55:50.612,25484.4833
2026-08-20 17:55:51.032,25485.4624
2026-08-20 17:55:51.445,25486.2662
2026-08-20 17:55:51.861,25486.9638
2026-08-20 17:55:52.288,25487.8617
2026-08-20 17:55:52.701,25488.8681
2026-08-20 17:55:53.114,25489.614
2026-08-20 17:55:53.541,25490.5139
2026-08-20 17:55:53.965,25491.3301
2026-08-20 17:55:54.377,25492.2614
2026-08-20 17:55:54.795,25493.0457
2026-08-20 17:55:55.207,25493.9436
2026-08-20 17:55:55.634,25494.8255
2026-08-20 17:55:56.099,25496.4239
2026-08-20 17:55:56.512,25496.575
2026-08-20 17:55:56.924,25496.9337
2026-08-20 17:55:57.352,25497.2906
2026-08-20 17:55:57.765,25497.7883
2026-08-20 17:55:58.190,25498.2827
2026-08-20 17:55:58.604,25499.0189
2026-08-20 17:55:59.016,25499.7218
2026-08-20 17:55:59.437,25500.5902
2026-08-20 17:55:59.850,25501.5255
2026-08-20 17:56:00.289,25502.4276
2026-08-20 17:56:00.716,25503.2093
2026-08-20 17:56:01.129,25503.7125
2026-08-20 17:56:01.548,25503.978
2026-08-20 17:56:01.967,25504.5405
2026-08-20 17:56:02.401,25505.0514
2026-08-20 17:56:02.814,25505.7818
2026-08-20 17:56:03.226,25506.29
2026-08-20 17:56:03.638,25506.9721
2026-08-20 17:56:04.077,25507.6832
2026-08-20 17:56:04.506,25508.6022
2026-08-20 17:56:04.920,25509.4592
2026-08-20 17:56:05.343,25510.2488
2026-08-20 17:56:05.755,25510.911
2026-08-20 17:56:06.167,25511.4467
2026-08-20 17:56:06.579,25512.1452
2026-08-20 17:56:06.998,25512.9538
2026-08-20 17:56:07.419,25513.6131
2026-08-20 17:56:07.833,25514.3664
2026-08-20 17:56:08.245,25515.0668
2026-08-20 17:56:08.669,25516.0914
2026-08-20 17:56:09.082,25516.8749
2026-08-20 17:56:09.494,25517.5911
2026-08-20 17:56:09.922,25518.0955
2026-08-20 17:56:10.342,25518.8241
2026-08-20 17:56:10.756,25519.3829
2026-08-20 17:56:11.170,25519.9173
2026-08-20 17:56:11.583,25520.5798
2026-08-20 17:56:11.997,25520.9476
2026-08-20 17:56:12.471,25521.265
2026-08-20 17:56:12.884,25521.5455
2026-08-20 17:56:13.296,25521.9784
2026-08-20 17:56:13.717,25522.4242
2026-08-20 17:56:14.129,25523.1363
2026-08-20 17:56:14.551,25524.061
2026-08-20 17:56:14.964,25524.7229
2026-08-20 17:56:15.388,25525.439
2026-08-20 17:56:15.800,25526.1234
2026-08-20 17:56:16.262,25526.6806
2026-08-20 17:56:16.685,25535.5755
2026-08-20 17:56:17.102,25641.7386
2026-08-20 17:56:17.514,25832.9402
2026-08-20 17:56:17.926,26088.1422
2026-08-20 17:56:18.351,26207.3205
2026-08-20 17:56:18.764,25932.2813
2026-08-20 17:56:19.176,25710.5266
2026-08-20 17:56:19.588,25568.2305
2026-08-20 17:56:20.013,25599.0634
2026-08-20 17:56:20.428,25767.8051
2026-08-20 17:56:20.859,26007.2868
2026-08-20 17:56:21.272,26309.7431
2026-08-20 17:56:21.696,26625.9546
2026-08-20 17:56:22.108,26969.6526
2026-08-20 17:56:22.520,27320.3102
2026-08-20 17:56:22.984,27372.1048
2026-08-20 17:56:23.403,27012.5186
2026-08-20 17:56:23.816,26667.3833
2026-08-20 17:56:24.233,26346.8347
2026-08-20 17:56:24.694,26049.416
2026-08-20 17:56:25.113,25780.6101
2026-08-20 17:56:25.539,25626.4732
2026-08-20 17:56:25.966,25591.4342
2026-08-20 17:56:26.379,25721.1395
2026-08-20 17:56:26.799,25929.82
2026-08-20 17:56:27.211,26201.6016
2026-08-20 17:56:27.628,26103.1695
2026-08-20 17:56:28.042,25841.533
2026-08-20 17:56:28.456,25657.5798
2026-08-20 17:56:28.869,25563.6525
2026-08-20 17:56:29.309,25558.108
2026-08-20 17:56:29.722,25559.2496
2026-08-20 17:56:30.134,25559.9512
2026-08-20 17:56:30.547,25560.493
2026-08-20 17:56:30.970,25561.0319
2026-08-20 17:56:31.448,25561.5244
2026-08-20 17:56:31.860,25561.9778
2026-08-20 17:56:32.273,25562.3982
2026-08-20 17:56:32.700,25562.8244
2026-08-20 17:56:33.113,25563.1811
2026-08-20 17:56:33.538,25563.8366
2026-08-20 17:56:33.949,25589.1196
2026-08-20 17:56:34.364,25716.5576
2026-08-20 17:56:34.777,25922.4911
2026-08-20 17:56:35.189,26190.6864
2026-08-20 17:56:35.602,26162.3027
2026-08-20 17:56:36.015,25894.175
2026-08-20 17:56:36.448,25694.5385
2026-08-20 17:56:36.861,25584.9813
2026-08-20 17:56:37.275,25668.1192
2026-08-20 17:56:37.687,25849.6055
2026-08-20 17:56:38.099,26102.3922
2026-08-20 17:56:38.511,26398.1703
2026-08-20 17:56:38.978,26760.5492
2026-08-20 17:56:39.402,27101.1136
2026-08-20 17:56:39.814,27442.4517
2026-08-20 17:56:40.227,27272.5064
2026-08-20 17:56:40.638,26921.4026
2026-08-20 17:56:41.108,26589.1948
2026-08-20 17:56:41.527,26231.3315
2026-08-20 17:56:41.941,25955.5582
2026-08-20 17:56:42.352,25748.1781
2026-08-20 17:56:42.766,25623.5048
2026-08-20 17:56:43.193,25654.9002
2026-08-20 17:56:43.638,25813.3326
2026-08-20 17:56:44.051,26057.2655
2026-08-20 17:56:44.464,26254.6787
2026-08-20 17:56:44.887,26022.3694
2026-08-20 17:56:45.299,25785.1701
2026-08-20 17:56:45.731,25632.4962
2026-08-20 17:56:46.159,25585.5753
2026-08-20 17:56:46.572,25587.317
2026-08-20 17:56:46.984,25587.8553
2026-08-20 17:56:47.398,25588.7114
2026-08-20 17:56:47.830,25589.8336
2026-08-20 17:56:48.243,25590.2056
2026-08-20 17:56:48.662,25590.3159
2026-08-20 17:56:49.075,25590.5796
2026-08-20 17:56:49.536,25590.9181
2026-08-20 17:56:49.968,25591.1135
2026-08-20 17:56:50.381,25591.2665
2026-08-20 17:56:50.795,25591.6927
2026-08-20 17:56:51.207,25655.7104
2026-08-20 17:56:51.619,25812.3799
2026-08-20 17:56:52.045,26043.1607
2026-08-20 17:56:52.464,26272.6233
2026-08-20 17:56:52.876,26059.4869
2026-08-20 17:56:53.290,25819.3663
2026-08-20 17:56:53.751,25657.0438
2026-08-20 17:56:54.187,25636.036
2026-08-20 17:56:54.600,25784.6681
2026-08-20 17:56:55.013,26008.0044
2026-08-20 17:56:55.427,26289.8172
2026-08-20 17:56:55.840,26600.7166
2026-08-20 17:56:56.261,26930.5503
2026-08-20 17:56:56.674,27283.8301
2026-08-20 17:56:57.099,27466.317
2026-08-20 17:56:57.514,27124.7075
2026-08-20 17:56:57.929,26781.0153
2026-08-20 17:56:58.342,26455.574
2026-08-20 17:56:58.758,26155.0079
2026-08-20 17:56:59.176,25897.642
2026-08-20 17:56:59.667,25692.9894
2026-08-20 17:57:00.080,25636.3356
2026-08-20 17:57:00.496,25739.8625
2026-08-20 17:57:00.923,25931.6344
2026-08-20 17:57:01.335,26204.7937
2026-08-20 17:57:01.800,26200.9846
2026-08-20 17:57:02.232,25899.3448
2026-08-20 17:57:02.643,25709.1084
2026-08-20 17:57:03.072,25614.6213
2026-08-20 17:57:03.491,25609.9939
2026-08-20 17:57:03.920,25611.1411
2026-08-20 17:57:04.334,25611.7902
2026-08-20 17:57:04.747,25611.8298
2026-08-20 17:57:05.161,25612.2312
2026-08-20 17:57:05.577,25612.3311
2026-08-20 17:57:05.990,25612.1811
2026-08-20 17:57:06.406,25612.0826
2026-08-20 17:57:06.819,25612.28
2026-08-20 17:57:07.232,25612.4186
2026-08-20 17:57:07.644,25612.3665
2026-08-20 17:57:08.056,25623.1469
2026-08-20 17:57:08.529,25748.7517
2026-08-20 17:57:08.951,25944.7048
2026-08-20 17:57:09.368,26213.8977
2026-08-20 17:57:09.783,26214.1539
2026-08-20 17:57:10.197,25941.9843
2026-08-20 17:57:10.609,25740.7301
2026-08-20 17:57:11.021,25629.8437
2026-08-20 17:57:11.440,25698.0982
2026-08-20 17:57:11.853,25873.4447
2026-08-20 17:57:12.271,26120.2345
2026-08-20 17:57:12.699,26417.7801
2026-08-20 17:57:13.111,26747.1789
2026-08-20 17:57:13.547,27082.442
2026-08-20 17:57:13.960,27449.4314
2026-08-20 17:57:14.374,27345.7464
2026-08-20 17:57:14.787,26992.7247
2026-08-20 17:57:15.209,26657.1115
2026-08-20 17:57:15.682,26297.198
2026-08-20 17:57:16.094,26013.2064
2026-08-20 17:57:16.508,25799.8041
2026-08-20 17:57:16.920,25668.6848
2026-08-20 17:57:17.345,25678.4669
2026-08-20 17:57:17.769,25821.2614
2026-08-20 17:57:18.197,26051.4286
2026-08-20 17:57:18.610,26287.6626
2026-08-20 17:57:19.022,26085.2828
2026-08-20 17:57:19.436,25845.0399
2026-08-20 17:57:19.873,25685.7238
2026-08-20 17:57:20.312,25620.3271
2026-08-20 17:57:20.729,25622.1513
2026-08-20 17:57:21.143,25622.5535
2026-08-20 17:57:21.557,25622.3899
2026-08-20 17:57:21.971,25621.9939
2026-08-20 17:57:22.385,25621.8207
2026-08-20 17:57:22.827,25621.5952
2026-08-20 17:57:23.240,25619.5041
2026-08-20 17:57:23.660,25618.7044
2026-08-20 17:57:24.074,25618.2813
2026-08-20 17:57:24.499,25617.9107
2026-08-20 17:57:24.955,25617.6045
2026-08-20 17:57:25.369,25670.6539
2026-08-20 17:57:25.792,25819.6205
2026-08-20 17:57:26.204,26050.3759
2026-08-20 17:57:26.616,26288.9957
2026-08-20 17:57:27.042,26108.0992
2026-08-20 17:57:27.455,25854.1338
2026-08-20 17:57:27.880,25687.4252
2026-08-20 17:57:28.294,25641.19
2026-08-20 17:57:28.707,25766.7503
2026-08-20 17:57:29.145,25980.9998
2026-08-20 17:57:29.557,26260.3009
2026-08-20 17:57:29.970,26566.2076
2026-08-20 17:57:30.384,26892.6022
2026-08-20 17:57:30.797,27235.9028
2026-08-20 17:57:31.217,27495.7685
2026-08-20 17:57:31.711,27140.1867
2026-08-20 17:57:32.125,26796.9816
2026-08-20 17:57:32.538,26472.7793
2026-08-20 17:57:32.951,26172.4356
2026-08-20 17:57:33.391,25916.6817
2026-08-20 17:57:33.803,25729.1572
2026-08-20 17:57:34.225,25652.0182
2026-08-20 17:57:34.638,25740.1911
2026-08-20 17:57:35.101,25918.8822
2026-08-20 17:57:35.533,26212.4287
2026-08-20 17:57:35.947,26208.6372
2026-08-20 17:57:36.359,25939.9269
2026-08-20 17:57:36.785,25745.4603
2026-08-20 17:57:37.202,25636.344
2026-08-20 17:57:37.615,25624.7074
2026-08-20 17:57:38.030,25625.4449
2026-08-20 17:57:38.457,25625.6484
2026-08-20 17:57:38.876,25625.4571
2026-08-20 17:57:39.291,25625.2575
2026-08-20 17:57:39.718,25625.0378
2026-08-20 17:57:40.129,25624.4675
2026-08-20 17:57:40.566,25624.4407
2026-08-20 17:57:40.981,25624.2944
2026-08-20 17:57:41.393,25624.2664
2026-08-20 17:57:41.807,25624.2648
2026-08-20 17:57:42.220,25631.8995
2026-08-20 17:57:42.680,25745.2172
2026-08-20 17:57:43.094,25933.1929
2026-08-20 17:57:43.510,26190.5353
2026-08-20 17:57:43.922,26251.9551
2026-08-20 17:57:44.335,25978.8129
2026-08-20 17:57:44.779,25769.9001
2026-08-20 17:57:45.193,25641.242
2026-08-20 17:57:45.609,25700.7157
2026-08-20 17:57:46.023,25869.012
2026-08-20 17:57:46.436,26112.4829
2026-08-20 17:57:46.880,26403.5097
2026-08-20 17:57:47.296,26738.2681
2026-08-20 17:57:47.711,27075.1023
2026-08-20 17:57:48.136,27426.437
2026-08-20 17:57:48.555,27360.2581
2026-08-20 17:57:48.983,27002.4944
2026-08-20 17:57:49.396,26655.7711
2026-08-20 17:57:49.813,26341.7452
2026-08-20 17:57:50.239,26054.3477
2026-08-20 17:57:50.656,25823.2854
2026-08-20 17:57:51.093,25682.3699
2026-08-20 17:57:51.517,25675.4167
2026-08-20 17:57:51.933,25812.8996
2026-08-20 17:57:52.349,26031.585
2026-08-20 17:57:52.775,26286.412
2026-08-20 17:57:53.193,26121.9275
2026-08-20 17:57:53.619,25871.0462
2026-08-20 17:57:54.038,25699.2399
2026-08-20 17:57:54.451,25626.5777
2026-08-20 17:57:54.865,25626.4696
2026-08-20 17:57:55.296,25627.2352
2026-08-20 17:57:55.708,25627.2778
2026-08-20 17:57:56.148,25627.2629
2026-08-20 17:57:56.562,25627.1271
2026-08-20 17:57:56.988,25627.1087
2026-08-20 17:57:57.406,25626.979
2026-08-20 17:57:57.819,25626.746
2026-08-20 17:57:58.231,25626.6796
2026-08-20 17:57:58.658,25626.4584
2026-08-20 17:57:59.069,25626.2843
2026-08-20 17:57:59.505,25654.4438
2026-08-20 17:57:59.924,25792.5138
2026-08-20 17:58:00.337,26006.2566
2026-08-20 17:58:00.749,26269.9754
2026-08-20 17:58:01.181,26161.7331
2026-08-20 17:58:01.595,25901.5428
2026-08-20 17:58:02.014,25718.9675
2026-08-20 17:58:02.440,25639.8013
2026-08-20 17:58:02.854,25745.5685
2026-08-20 17:58:03.266,25937.7482
2026-08-20 17:58:03.687,26197.8761
2026-08-20 17:58:04.103,26503.4806
2026-08-20 17:58:04.519,26827.9687
2026-08-20 17:58:04.931,27169.0247
2026-08-20 17:58:05.359,27487.0877
2026-08-20 17:58:05.772,27276.3417
2026-08-20 17:58:06.186,26928.2348
2026-08-20 17:58:06.622,26597.1048
2026-08-20 17:58:07.049,26270.0903
2026-08-20 17:58:07.468,25987.7909
2026-08-20 17:58:07.895,25782.385
2026-08-20 17:58:08.307,25663.5673
2026-08-20 17:58:08.732,25703.499
2026-08-20 17:58:09.145,25858.5216
2026-08-20 17:58:09.566,26092.6678
2026-08-20 17:58:09.978,26290.681
2026-08-20 17:58:10.399,26057.2333
2026-08-20 17:58:10.811,25822.5779
2026-08-20 17:58:11.227,25676.7879
2026-08-20 17:58:11.687,25627.5327
2026-08-20 17:58:12.099,25628.8303
2026-08-20 17:58:12.527,25628.9239
2026-08-20 17:58:12.940,25628.6131
2026-08-20 17:58:13.353,25628.1628
2026-08-20 17:58:13.792,25628.0628
2026-08-20 17:58:14.206,25627.6238
2026-08-20 17:58:14.619,25627.2655
2026-08-20 17:58:15.031,25626.9085
2026-08-20 17:58:15.455,25626.6883
2026-08-20 17:58:15.927,25626.031
2026-08-20 17:58:16.345,25626.7551
2026-08-20 17:58:16.772,25698.093
2026-08-20 17:58:17.184,25865.1963
2026-08-20 17:58:17.605,26101.1905
2026-08-20 17:58:18.017,26293.0774
2026-08-20 17:58:18.455,26046.5284
2026-08-20 17:58:18.876,25811.8677
2026-08-20 17:58:19.288,25662.8409
2026-08-20 17:58:19.714,25662.4824
2026-08-20 17:58:20.125,25809.6228
2026-08-20 17:58:20.538,26030.6733
2026-08-20 17:58:20.960,26309.2863
2026-08-20 17:58:21.376,26625.2938
2026-08-20 17:58:21.794,26956.4436
2026-08-20 17:58:22.228,27305.1769
2026-08-20 17:58:22.654,27470.6422
2026-08-20 17:58:23.069,27118.8062
2026-08-20 17:58:23.495,26777.316
2026-08-20 17:58:23.906,26446.3266
2026-08-20 17:58:24.336,26140.2224
2026-08-20 17:58:24.761,25890.6178
2026-08-20 17:58:25.176,25718.1461
2026-08-20 17:58:25.590,25651.1166
2026-08-20 17:58:26.016,25743.6298
2026-08-20 17:58:26.435,25931.4171
2026-08-20 17:58:26.847,26194.3121
2026-08-20 17:58:27.259,26222.3629
2026-08-20 17:58:27.675,25952.8657
2026-08-20 17:58:28.089,25751.5142
2026-08-20 17:58:28.563,25632.1433
2026-08-20 17:58:28.982,25621.8364
2026-08-20 17:58:29.396,25622.3913
2026-08-20 17:58:29.810,25622.2832
2026-08-20 17:58:30.238,25621.8441
2026-08-20 17:58:30.650,25621.5166
2026-08-20 17:58:31.072,25620.9697
2026-08-20 17:58:31.488,25620.4807
2026-08-20 17:58:31.901,25619.8627
2026-08-20 17:58:32.328,25618.403
2026-08-20 17:58:32.756,25617.7508
2026-08-20 17:58:33.169,25617.6267
2026-08-20 17:58:33.582,25626.8638
2026-08-20 17:58:34.009,25726.5378
2026-08-20 17:58:34.432,25915.5652
2026-08-20 17:58:34.845,26176.2422
2026-08-20 17:58:35.272,26236.3042
2026-08-20 17:58:35.694,25964.2334
2026-08-20 17:58:36.108,25753.1739
2026-08-20 17:58:36.522,25634.0259
2026-08-20 17:58:36.937,25688.4778
2026-08-20 17:58:37.400,25853.2073
2026-08-20 17:58:37.819,26128.7731
2026-08-20 17:58:38.232,26422.6797
2026-08-20 17:58:38.645,26738.7098
2026-08-20 17:58:39.057,27072.5442
2026-08-20 17:58:39.469,27419.662
2026-08-20 17:58:39.900,27352.6554
2026-08-20 17:58:40.323,26986.5547
2026-08-20 17:58:40.749,26645.9897
2026-08-20 17:58:41.161,26321.6002
2026-08-20 17:58:41.579,26038.7492
2026-08-20 17:58:42.021,25813.1136
2026-08-20 17:58:42.436,25667.1198
2026-08-20 17:58:42.849,25666.7875
2026-08-20 17:58:43.262,25798.4784
2026-08-20 17:58:43.685,26013.0183
2026-08-20 17:58:44.112,26272.7857
2026-08-20 17:58:44.525,26112.7156
2026-08-20 17:58:44.946,25862.9459
2026-08-20 17:58:45.358,25689.7455
2026-08-20 17:58:45.785,25612.2835
2026-08-20 17:58:46.222,25611.8181
2026-08-20 17:58:46.635,25612.1357
2026-08-20 17:58:47.056,25611.8775
2026-08-20 17:58:47.468,25611.7743
2026-08-20 17:58:47.900,25611.7169
2026-08-20 17:58:48.329,25611.6168
2026-08-20 17:58:48.742,25611.1356
2026-08-20 17:58:49.156,25610.5574
2026-08-20 17:58:49.578,25610.057
2026-08-20 17:58:49.992,25609.6946
2026-08-20 17:58:50.458,25609.4129
2026-08-20 17:58:50.872,25646.3113
2026-08-20 17:58:51.299,25789.0855
2026-08-20 17:58:51.712,26003.0751
2026-08-20 17:58:52.125,26260.2868
2026-08-20 17:58:52.548,26133.7306
2026-08-20 17:58:52.962,25873.5291
2026-08-20 17:58:53.388,25694.522
2026-08-20 17:58:53.803,25622.6295
2026-08-20 17:58:54.229,25729.9146
2026-08-20 17:58:54.644,25929.5175
2026-08-20 17:58:55.057,26192.9177
2026-08-20 17:58:55.490,26491.9685
2026-08-20 17:58:55.902,26828.9592
2026-08-20 17:58:56.315,27165.781
2026-08-20 17:58:56.727,27464.4178
2026-08-20 17:58:57.152,27233.035
2026-08-20 17:58:57.568,26876.4319
2026-08-20 17:58:58.045,26505.7815
2026-08-20 17:58:58.458,26194.0464
2026-08-20 17:58:58.870,25930.1798
2026-08-20 17:58:59.298,25734.5506
2026-08-20 17:58:59.712,25634.568
2026-08-20 17:59:00.125,25692.6498
2026-08-20 17:59:00.560,25850.4237
2026-08-20 17:59:00.973,26104.3105
2026-08-20 17:59:01.400,26249.112
2026-08-20 17:59:01.818,25988.9885
2026-08-20 17:59:02.232,25767.3921
2026-08-20 17:59:02.665,25634.4829
2026-08-20 17:59:03.091,25600.8112
2026-08-20 17:59:03.516,25601.6011
2026-08-20 17:59:03.928,25601.6932
2026-08-20 17:59:04.342,25600.998
2026-08-20 17:59:04.769,25600.5013
2026-08-20 17:59:05.184,25599.9887
2026-08-20 17:59:05.597,25599.6319
2026-08-20 17:59:06.010,25599.3418
2026-08-20 17:59:06.424,25598.7544
2026-08-20 17:59:06.836,25598.2511
2026-08-20 17:59:07.301,25597.6407
2026-08-20 17:59:07.719,25598.9239
2026-08-20 17:59:08.178,25688.7504
2026-08-20 17:59:08.597,25859.3695
2026-08-20 17:59:09.014,26105.7828
2026-08-20 17:59:09.430,26249.5057
2026-08-20 17:59:09.842,25989.5703
2026-08-20 17:59:10.255,25768.8542
2026-08-20 17:59:10.686,25625.1011
2026-08-20 17:59:11.100,25645.4087
2026-08-20 17:59:11.516,25794.685
2026-08-20 17:59:11.932,26022.8818
2026-08-20 17:59:12.359,26306.1536
2026-08-20 17:59:12.772,26626.6612
2026-08-20 17:59:13.212,26954.0233
2026-08-20 17:59:13.639,27320.7355
2026-08-20 17:59:14.051,27381.8646
2026-08-20 17:59:14.471,27029.3179
2026-08-20 17:59:14.884,26687.3628
2026-08-20 17:59:15.322,26371.0098
2026-08-20 17:59:15.741,26062.4733
2026-08-20 17:59:16.155,25823.7047
2026-08-20 17:59:16.569,25670.0494
2026-08-20 17:59:16.985,25625.6916
2026-08-20 17:59:17.398,25735.0257
2026-08-20 17:59:17.811,25927.9898
2026-08-20 17:59:18.233,26191.3826
2026-08-20 17:59:18.647,26148.1366
2026-08-20 17:59:19.075,25878.698
2026-08-20 17:59:19.503,25689.3632
2026-08-20 17:59:19.928,25597.2818
2026-08-20 17:59:20.345,25590.8483
2026-08-20 17:59:20.758,25591.346
2026-08-20 17:59:21.179,25590.9866
2026-08-20 17:59:21.603,25590.5463
2026-08-20 17:59:22.019,25590.0846
2026-08-20 17:59:22.433,25589.4368
2026-08-20 17:59:22.845,25588.7636
2026-08-20 17:59:23.311,25588.0978
2026-08-20 17:59:23.723,25587.5451
2026-08-20 17:59:24.150,25587.0087
2026-08-20 17:59:24.562,25586.4347
2026-08-20 17:59:24.978,25603.5401
2026-08-20 17:59:25.453,25738.5736
2026-08-20 17:59:25.868,25946.8198
2026-08-20 17:59:26.295,26211.6609
2026-08-20 17:59:26.707,26129.102
2026-08-20 17:59:27.131,25870.919
2026-08-20 17:59:27.557,25680.4367
2026-08-20 17:59:27.986,25593.5531
2026-08-20 17:59:28.421,25695.0713
2026-08-20 17:59:28.835,25885.9364
2026-08-20 17:59:29.247,26142.8742
2026-08-20 17:59:29.673,26438.7815
2026-08-20 17:59:30.088,26767.1507
2026-08-20 17:59:30.500,27103.8507
2026-08-20 17:59:30.927,27433.7273
2026-08-20 17:59:31.340,27243.4809
2026-08-20 17:59:31.754,26894.4084
2026-08-20 17:59:32.167,26564.4061
2026-08-20 17:59:32.632,26215.6434
2026-08-20 17:59:33.053,25942.5391
2026-08-20 17:59:33.468,25733.5761
2026-08-20 17:59:33.880,25611.9559
2026-08-20 17:59:34.305,25637.284
2026-08-20 17:59:34.718,25783.3206
2026-08-20 17:59:35.132,26008.9516
2026-08-20 17:59:35.562,26226.7531
2026-08-20 17:59:35.987,26007.2571
2026-08-20 17:59:36.399,25768.29
2026-08-20 17:59:36.811,25619.6629
2026-08-20 17:59:37.236,25565.046
2026-08-20 17:59:37.650,25565.244
2026-08-20 17:59:38.063,25565.3046
2026-08-20 17:59:38.519,25564.9633
2026-08-20 17:59:38.932,25564.3527
2026-08-20 17:59:39.344,25563.9384
2026-08-20 17:59:39.756,25563.831
2026-08-20 17:59:40.182,25563.7198
2026-08-20 17:59:40.622,25563.7259
2026-08-20 17:59:41.035,25563.9075
2026-08-20 17:59:41.449,25563.9885
2026-08-20 17:59:41.861,25565.3677
2026-08-20 17:59:42.288,25616.478
2026-08-20 17:59:42.707,25761.318
2026-08-20 17:59:43.123,25985.6176
2026-08-20 17:59:43.541,26224.9451
2026-08-20 17:59:43.953,26043.7571
2026-08-20 17:59:44.375,25800.4723
2026-08-20 17:59:44.801,25631.0484
2026-08-20 17:59:45.214,25585.3693
2026-08-20 17:59:45.628,25707.4097
2026-08-20 17:59:46.095,25908.774
2026-08-20 17:59:46.520,26217.6172
2026-08-20 17:59:46.933,26526.4608
2026-08-20 17:59:47.365,26860.5791
2026-08-20 17:59:47.779,27204.6243
2026-08-20 17:59:48.199,27401.3093
2026-08-20 17:59:48.618,27076.3665
2026-08-20 17:59:49.032,26730.6457
2026-08-20 17:59:49.459,26409.1479
2026-08-20 17:59:49.875,26102.0907
2026-08-20 17:59:50.287,25847.0522
2026-08-20 17:59:50.700,25670.8676
2026-08-20 17:59:51.128,25585.9017
2026-08-20 17:59:51.555,25669.0315
2026-08-20 17:59:51.980,25841.7575
2026-08-20 17:59:52.396,26099.0328
2026-08-20 17:59:52.810,26171.7321
2026-08-20 17:59:53.222,25902.5906
2026-08-20 17:59:53.635,25697.8329
2026-08-20 17:59:54.061,25577.5693
2026-08-20 17:59:54.474,25555.1329
2026-08-20 17:59:54.890,25556.0514
2026-08-20 17:59:55.313,25556.0276
2026-08-20 17:59:55.724,25555.7876
2026-08-20 17:59:56.137,25555.2459
2026-08-20 17:59:56.550,25554.7352
2026-08-20 17:59:56.973,25554.1524
2026-08-20 17:59:57.439,25553.2151
2026-08-20 17:59:57.852,25552.6245
2026-08-20 17:59:58.265,25552.0891
2026-08-20 17:59:58.692,25551.1166
2026-08-20 17:59:59.105,25554.5583
2026-08-20 17:59:59.520,25637.5052
2026-08-20 17:59:59.934,25805.7097
2026-08-20 18:00:00.370,26046.6273
2026-08-20 18:00:00.783,26199.1057
2026-08-20 18:00:01.200,25941.7728
2026-08-20 18:00:01.613,25719.2214
2026-08-20 18:00:02.031,25580.0654
2026-08-20 18:00:02.445,25593.4867
2026-08-20 18:00:02.862,25741.2876
2026-08-20 18:00:03.275,25964.1764
2026-08-20 18:00:03.710,26252.1847
2026-08-20 18:00:04.122,26566.0384
2026-08-20 18:00:04.555,26901.7237
2026-08-20 18:00:04.969,27249.2497
2026-08-20 18:00:05.381,27352.5509
2026-08-20 18:00:05.799,27007.8556
2026-08-20 18:00:06.232,26667.1449
2026-08-20 18:00:06.657,26334.4953
2026-08-20 18:00:07.070,26034.4875
2026-08-20 18:00:07.482,25792.7888
2026-08-20 18:00:07.894,25632.0904
2026-08-20 18:00:08.307,25570.8725
2026-08-20 18:00:08.727,25667.539
2026-08-20 18:00:09.141,25851.1108
2026-08-20 18:00:09.568,26107.9825
2026-08-20 18:00:09.980,26120.1467
2026-08-20 18:00:10.407,25845.5179
2026-08-20 18:00:10.828,25654.2513
2026-08-20 18:00:11.241,25548.4631
2026-08-20 18:00:11.665,25536.8456
2026-08-20 18:00:12.079,25537.2553
2026-08-20 18:00:12.493,25537.0261
2026-08-20 18:00:12.909,25537.0909
2026-08-20 18:00:13.322,25536.6868
2026-08-20 18:00:13.748,25536.1638
2026-08-20 18:00:14.160,25535.4594
2026-08-20 18:00:14.572,25534.8273
2026-08-20 18:00:14.985,25534.0961
2026-08-20 18:00:15.398,25533.4726
2026-08-20 18:00:15.864,25532.6943
2026-08-20 18:00:16.278,25540.6045
2026-08-20 18:00:16.690,25636.5013
2026-08-20 18:00:17.103,25813.642
2026-08-20 18:00:17.516,26060.6494
2026-08-20 18:00:17.928,26167.6645
2026-08-20 18:00:18.402,25903.6996
2026-08-20 18:00:18.833,25662.4905
2026-08-20 18:00:19.246,25545.2582
2026-08-20 18:00:19.667,25605.9335
2026-08-20 18:00:20.079,25775.3086
2026-08-20 18:00:20.493,26015.6335
2026-08-20 18:00:20.920,26303.5018
2026-08-20 18:00:21.333,26625.4768
2026-08-20 18:00:21.755,26955.7205
2026-08-20 18:00:22.178,27307.482
2026-08-20 18:00:22.591,27238.2106
2026-08-20 18:00:23.019,26878.9905
2026-08-20 18:00:23.433,26547.2833
2026-08-20 18:00:23.902,26197.1802
2026-08-20 18:00:24.314,25918.9735
2026-08-20 18:00:24.745,25700.1699
2026-08-20 18:00:25.163,25570.2143
2026-08-20 18:00:25.579,25581.326
2026-08-20 18:00:26.018,25717.1825
2026-08-20 18:00:26.430,25950.9329
2026-08-20 18:00:26.853,26175.0909
2026-08-20 18:00:27.268,25970.717
2026-08-20 18:00:27.682,25733.3069
2026-08-20 18:00:28.095,25578.8538
2026-08-20 18:00:28.509,25518.7561
2026-08-20 18:00:28.972,25519.8657
2026-08-20 18:00:29.395,25519.9788
2026-08-20 18:00:29.811,25519.5815
2026-08-20 18:00:30.223,25519.1452
2026-08-20 18:00:30.649,25518.6511
2026-08-20 18:00:31.073,25517.9426
2026-08-20 18:00:31.507,25517.5294
2026-08-20 18:00:31.933,25516.9827
2026-08-20 18:00:32.351,25516.1843
2026-08-20 18:00:32.765,25515.5194
2026-08-20 18:00:33.178,25514.8426
2026-08-20 18:00:33.599,25563.3232
2026-08-20 18:00:34.011,25707.8259
2026-08-20 18:00:34.424,25925.7566
2026-08-20 18:00:34.842,26169.9607
2026-08-20 18:00:35.266,26002.7671
2026-08-20 18:00:35.680,25750.9583
2026-08-20 18:00:36.093,25583.4101
2026-08-20 18:00:36.506,25528.9399
2026-08-20 18:00:36.919,25642.4472
2026-08-20 18:00:37.344,25841.4994
2026-08-20 18:00:37.757,26108.0818
2026-08-20 18:00:38.175,26406.0618
2026-08-20 18:00:38.603,26729.7487
2026-08-20 18:00:39.015,27077.0024
2026-08-20 18:00:39.427,27351.8249
2026-08-20 18:00:39.847,27095.0244
2026-08-20 18:00:40.261,26746.9121
2026-08-20 18:00:40.694,26422.2268
2026-08-20 18:00:41.121,26105.2497
2026-08-20 18:00:41.534,25833.6223
2026-08-20 18:00:41.967,25637.9831
2026-08-20 18:00:42.379,25536.4182
2026-08-20 18:00:42.800,25592.4558
2026-08-20 18:00:43.212,25751.7913
2026-08-20 18:00:43.640,25988.6242
2026-08-20 18:00:44.055,26151.1604
2026-08-20 18:00:44.469,25898.3642
2026-08-20 18:00:44.933,25658.2006
2026-08-20 18:00:45.346,25531.5332
2026-08-20 18:00:45.773,25504.0241
2026-08-20 18:00:46.187,25505.0275
2026-08-20 18:00:46.601,25504.9599
2026-08-20 18:00:47.013,25504.418
2026-08-20 18:00:47.426,25503.9263
2026-08-20 18:00:47.864,25503.3099
2026-08-20 18:00:48.277,25502.5575
2026-08-20 18:00:48.705,25502.1158
2026-08-20 18:00:49.123,25501.382
2026-08-20 18:00:49.550,25500.7917
2026-08-20 18:00:49.969,25500.3732
2026-08-20 18:00:50.381,25501.1785
2026-08-20 18:00:50.827,25571.5554
2026-08-20 18:00:51.246,25744.9263
2026-08-20 18:00:51.659,25985.7262
2026-08-20 18:00:52.071,26152.5386
2026-08-20 18:00:52.484,25909.0791
2026-08-20 18:00:52.898,25683.2412
2026-08-20 18:00:53.317,25538.3093
2026-08-20 18:00:53.731,25536.8918
2026-08-20 18:00:54.144,25677.8039
2026-08-20 18:00:54.560,25895.8426
2026-08-20 18:00:54.980,26172.1929
2026-08-20 18:00:55.396,26482.158
2026-08-20 18:00:55.808,26808.0792
2026-08-20 18:00:56.222,27147.3439
2026-08-20 18:00:56.637,27318.8376
2026-08-20 18:00:57.049,26989.5144
2026-08-20 18:00:57.514,26612.2416
2026-08-20 18:00:57.941,26295.1737
2026-08-20 18:00:58.357,25993.9115
2026-08-20 18:00:58.771,25749.2972
2026-08-20 18:00:59.188,25586.2414
2026-08-20 18:00:59.615,25523.289
2026-08-20 18:01:00.045,25623.7222
2026-08-20 18:01:00.458,25814.8527
2026-08-20 18:01:00.870,26074.0736
2026-08-20 18:01:01.283,26068.7689
2026-08-20 18:01:01.695,25803.7754
2026-08-20 18:01:02.116,25611.5415
2026-08-20 18:01:02.529,25504.1041
2026-08-20 18:01:02.941,25491.5636
2026-08-20 18:01:03.355,25491.9823
2026-08-20 18:01:03.781,25491.7083
2026-08-20 18:01:04.214,25491.185
2026-08-20 18:01:04.633,25490.6282
2026-08-20 18:01:05.046,25489.9598
2026-08-20 18:01:05.485,25489.2454
2026-08-20 18:01:05.897,25488.6557
2026-08-20 18:01:06.325,25488.1371
2026-08-20 18:01:06.752,25487.7125
2026-08-20 18:01:07.164,25487.2856
2026-08-20 18:01:07.579,25496.085
2026-08-20 18:01:08.046,25593.2762
2026-08-20 18:01:08.466,25804.0483
2026-08-20 18:01:08.880,26060.5105
2026-08-20 18:01:09.294,26084.7948
2026-08-20 18:01:09.708,25815.6103
2026-08-20 18:01:10.120,25614.0966
2026-08-20 18:01:10.588,25494.1728
2026-08-20 18:01:11.012,25565.0351
2026-08-20 18:01:11.430,25738.3846
2026-08-20 18:01:11.844,25984.9159
2026-08-20 18:01:12.256,26274.0888
2026-08-20 18:01:12.682,26585.2544
2026-08-20 18:01:13.113,26941.3404
2026-08-20 18:01:13.526,27279.6184
2026-08-20 18:01:13.948,27171.9126
2026-08-20 18:01:14.361,26818.8055
2026-08-20 18:01:14.790,26479.002
2026-08-20 18:01:15.217,26159.5029
2026-08-20 18:01:15.647,25882.841
2026-08-20 18:01:16.069,25660.6356
2026-08-20 18:01:16.484,25529.2393
2026-08-20 18:01:16.897,25536.9666
2026-08-20 18:01:17.311,25669.5015
2026-08-20 18:01:17.735,25884.4175
2026-08-20 18:01:18.228,26130.2859
2026-08-20 18:01:18.643,25900.0244
2026-08-20 18:01:19.056,25671.9023
2026-08-20 18:01:19.470,25527.5031
2026-08-20 18:01:19.881,25478.704
2026-08-20 18:01:20.300,25480.1156
2026-08-20 18:01:20.721,25480.0218
2026-08-20 18:01:21.142,25479.4059
2026-08-20 18:01:21.555,25478.6121
2026-08-20 18:01:21.967,25477.5882
2026-08-20 18:01:22.380,25476.7892
2026-08-20 18:01:22.805,25476.0471
2026-08-20 18:01:23.218,25475.327
2026-08-20 18:01:23.644,25474.3944
2026-08-20 18:01:24.055,25473.6008
2026-08-20 18:01:24.479,25472.4265
2026-08-20 18:01:24.893,25471.6139
2026-08-20 18:01:25.306,25470.6695
2026-08-20 18:01:25.721,25470.1153
2026-08-20 18:01:26.133,25469.2985
2026-08-20 18:01:26.545,25468.4009
2026-08-20 18:01:26.972,25467.8258
2026-08-20 18:01:27.384,25466.5675
