Address,GPIB0::22::INSTR
Model,34461A
Serial Number:,MY60051737
Firmware Version,A.03.03-03.15-03.03-00.52-04-03
Start Time,2026-08-20 21:07:22.849
Stop Time,2026-08-20 21:30:08.981
,
Time (s),Channel 1 (Ω)
2026-08-20 21:07:23.352,23416.1793
2026-08-20 21:07:23.764,23416.6252
2026-08-20 21:07:24.188,23417.2251
2026-08-20 21:07:24.599,23417.5961
2026-08-20 21:07:25.019,23417.9457
2026-08-20 21:07:25.433,23415.6094
2026-08-20 21:07:25.845,23413.3896
2026-08-20 21:07:26.260,23413.1321
2026-08-20 21:07:26.681,23413.2778
2026-08-20 21:07:27.095,23413.5287
2026-08-20 21:07:27.508,23413.9645
2026-08-20 21:07:27.974,23414.4765
2026-08-20 21:07:28.386,23414.8873
2026-08-20 21:07:28.798,23415.3648
2026-08-20 21:07:29.210,23415.8224
2026-08-20 21:07:29.623,23416.3504
2026-08-20 21:07:30.036,23416.8362
2026-08-20 21:07:30.450,23417.3419
2026-08-20 21:07:30.918,23417.8322
2026-08-20 21:07:31.349,23418.3703
2026-08-20 21:07:31.762,23418.8857
2026-08-20 21:07:32.173,23419.2975
2026-08-20 21:07:32.600,23419.8615
2026-08-20 21:07:33.016,23420.3918
2026-08-20 21:07:33.446,23421.0731
2026-08-20 21:07:33.867,23421.4465
2026-08-20 21:07:34.279,23421.9553
2026-08-20 21:07:34.703,23422.6785
2026-08-20 21:07:35.167,23423.235
2026-08-20 21:07:35.583,23424.0993
2026-08-20 21:07:36.020,23424.4455
2026-08-20 21:07:36.434,23424.9048
2026-08-20 21:07:36.853,23425.546
2026-08-20 21:07:37.272,23426.0453
2026-08-20 21:07:37.684,23426.5672
2026-08-20 21:07:38.096,23426.8437
2026-08-20 21:07:38.540,23427.3708
2026-08-20 21:07:38.952,23427.7555
2026-08-20 21:07:39.363,23428.4823
2026-08-20 21:07:39.775,23428.8119
2026-08-20 21:07:40.188,23429.1614
2026-08-20 21:07:40.609,23429.7152
2026-08-20 21:07:41.075,23429.9211
2026-08-20 21:07:41.519,23430.4352
2026-08-20 21:07:41.968,23431.0282
2026-08-20 21:07:42.414,23431.4862
2026-08-20 21:07:42.828,23431.9239
2026-08-20 21:07:43.239,23432.6201
2026-08-20 21:07:43.653,23432.8824
2026-08-20 21:07:44.066,23433.4984
2026-08-20 21:07:44.494,23434.1987
2026-08-20 21:07:44.907,23434.4847
2026-08-20 21:07:45.319,23435.1775
2026-08-20 21:07:45.731,23435.3278
2026-08-20 21:07:46.144,23435.768
2026-08-20 21:07:46.557,23436.2262
2026-08-20 21:07:46.969,23436.3071
2026-08-20 21:07:47.391,23436.6052
2026-08-20 21:07:47.804,23436.96
2026-08-20 21:07:48.222,23437.492
2026-08-20 21:07:48.635,23437.8296
2026-08-20 21:07:49.047,23437.9595
2026-08-20 21:07:49.480,23438.5349
2026-08-20 21:07:49.892,23438.9878
2026-08-20 21:07:50.310,23439.2152
2026-08-20 21:07:50.722,23439.6832
2026-08-20 21:07:51.144,23440.2344
2026-08-20 21:07:51.560,23440.6023
2026-08-20 21:07:51.973,23440.9732
2026-08-20 21:07:52.435,23441.4621
2026-08-20 21:07:52.852,23441.7525
2026-08-20 21:07:53.268,23442.1793
2026-08-20 21:07:53.682,23442.7397
2026-08-20 21:07:54.100,23443.3267
2026-08-20 21:07:54.514,23443.6656
2026-08-20 21:07:54.981,23444.0153
2026-08-20 21:07:55.393,23444.6147
2026-08-20 21:07:55.807,23445.081
2026-08-20 21:07:56.219,23445.5205
2026-08-20 21:07:56.630,23446.0519
2026-08-20 21:07:57.043,23446.3528
2026-08-20 21:07:57.471,23446.8993
2026-08-20 21:07:57.882,23447.3361
2026-08-20 21:07:58.325,23447.9525
2026-08-20 21:07:58.745,23448.4022
2026-08-20 21:07:59.158,23448.8545
2026-08-20 21:07:59.571,23449.3247
2026-08-20 21:07:59.983,23449.6943
2026-08-20 21:08:00.397,23450.3868
2026-08-20 21:08:00.811,23450.8273
2026-08-20 21:08:01.238,23451.1324
2026-08-20 21:08:01.650,23451.5448
2026-08-20 21:08:02.062,23451.8563
2026-08-20 21:08:02.474,23452.178
2026-08-20 21:08:02.915,23452.559
2026-08-20 21:08:03.327,23452.8673
2026-08-20 21:08:03.739,23453.119
2026-08-20 21:08:04.151,23453.3844
2026-08-20 21:08:04.583,23472.0554
2026-08-20 21:08:04.997,23583.7271
2026-08-20 21:08:05.412,23763.737
2026-08-20 21:08:05.872,24032.2803
2026-08-20 21:08:06.285,24306.6713
2026-08-20 21:08:06.697,24603.2874
2026-08-20 21:08:07.109,24914.9678
2026-08-20 21:08:07.531,25164.0145
2026-08-20 21:08:07.995,24871.5428
2026-08-20 21:08:08.408,24551.1428
2026-08-20 21:08:08.841,24243.5247
2026-08-20 21:08:09.257,23964.2562
2026-08-20 21:08:09.670,23730.1566
2026-08-20 21:08:10.085,23567.6741
2026-08-20 21:08:10.500,23477.9007
2026-08-20 21:08:10.928,23467.0264
2026-08-20 21:08:11.396,23466.8654
2026-08-20 21:08:11.808,23466.5378
2026-08-20 21:08:12.219,23466.1574
2026-08-20 21:08:12.632,23465.9524
2026-08-20 21:08:13.046,23465.9034
2026-08-20 21:08:13.507,23465.3831
2026-08-20 21:08:13.925,23465.3579
2026-08-20 21:08:14.352,23465.0987
2026-08-20 21:08:14.774,23465.011
2026-08-20 21:08:15.188,23464.9823
2026-08-20 21:08:15.612,23481.5449
2026-08-20 21:08:16.046,23588.9807
2026-08-20 21:08:16.459,23774.984
2026-08-20 21:08:16.872,24014.1349
2026-08-20 21:08:17.285,24289.3306
2026-08-20 21:08:17.698,24585.0238
2026-08-20 21:08:18.109,24897.9626
2026-08-20 21:08:18.532,25162.6064
2026-08-20 21:08:18.945,24925.7277
2026-08-20 21:08:19.443,24542.3941
2026-08-20 21:08:19.869,24245.0761
2026-08-20 21:08:20.285,23960.8881
2026-08-20 21:08:20.698,23729.3105
2026-08-20 21:08:21.111,23569.9786
2026-08-20 21:08:21.530,23484.26
2026-08-20 21:08:21.966,23474.3003
2026-08-20 21:08:22.378,23474.0151
2026-08-20 21:08:22.804,23473.5223
2026-08-20 21:08:23.217,23473.0422
2026-08-20 21:08:23.631,23472.4543
2026-08-20 21:08:24.056,23471.9103
2026-08-20 21:08:24.473,23471.6757
2026-08-20 21:08:24.889,23471.4351
2026-08-20 21:08:25.301,23471.398
2026-08-20 21:08:25.738,23471.2783
2026-08-20 21:08:26.152,23471.2032
2026-08-20 21:08:26.566,23480.7501
2026-08-20 21:08:26.978,23570.9677
2026-08-20 21:08:27.411,23739.1634
2026-08-20 21:08:27.828,23971.7374
2026-08-20 21:08:28.255,24245.5018
2026-08-20 21:08:28.671,24548.5519
2026-08-20 21:08:29.087,24861.9241
2026-08-20 21:08:29.500,25158.1658
2026-08-20 21:08:29.927,24975.7925
2026-08-20 21:08:30.339,24644.1919
2026-08-20 21:08:30.751,24340.3942
2026-08-20 21:08:31.165,24057.2354
2026-08-20 21:08:31.606,23806.9729
2026-08-20 21:08:32.018,23611.3966
2026-08-20 21:08:32.430,23504.624
2026-08-20 21:08:32.863,23479.5798
2026-08-20 21:08:33.278,23479.2199
2026-08-20 21:08:33.694,23478.5262
2026-08-20 21:08:34.160,23478.0365
2026-08-20 21:08:34.639,23477.2932
2026-08-20 21:08:35.056,23476.7828
2026-08-20 21:08:35.561,23476.6383
2026-08-20 21:08:35.992,23476.1105
2026-08-20 21:08:36.407,23475.9532
2026-08-20 21:08:36.820,23475.5846
2026-08-20 21:08:37.241,23475.2622
2026-08-20 21:08:37.660,23492.1628
2026-08-20 21:08:38.076,23595.7315
2026-08-20 21:08:38.493,23769.6375
2026-08-20 21:08:38.917,24008.5354
2026-08-20 21:08:39.332,24290.4337
2026-08-20 21:08:39.745,24588.7918
2026-08-20 21:08:40.161,24901.0225
2026-08-20 21:08:40.589,25173.6687
2026-08-20 21:08:41.082,24880.7775
2026-08-20 21:08:41.495,24558.2007
2026-08-20 21:08:41.908,24259.495
2026-08-20 21:08:42.320,23982.5986
2026-08-20 21:08:42.732,23749.0595
2026-08-20 21:08:43.144,23585.328
2026-08-20 21:08:43.622,23489.7701
2026-08-20 21:08:44.034,23481.5484
2026-08-20 21:08:44.448,23481.1828
2026-08-20 21:08:44.867,23480.4204
2026-08-20 21:08:45.328,23479.7808
2026-08-20 21:08:45.759,23479.322
2026-08-20 21:08:46.172,23478.8353
2026-08-20 21:08:46.586,23478.1891
2026-08-20 21:08:46.999,23477.682
2026-08-20 21:08:47.424,23477.6225
2026-08-20 21:08:47.851,23477.2364
2026-08-20 21:08:48.275,23476.9703
2026-08-20 21:08:48.701,23492.7121
2026-08-20 21:08:49.118,23596.3137
2026-08-20 21:08:49.534,23770.4861
2026-08-20 21:08:49.947,24008.6237
2026-08-20 21:08:50.362,24283.0208
2026-08-20 21:08:50.776,24578.0861
2026-08-20 21:08:51.188,24891.5371
2026-08-20 21:08:51.621,25169.8386
2026-08-20 21:08:52.038,24937.5213
2026-08-20 21:08:52.465,24614.3665
2026-08-20 21:08:52.878,24302.1221
2026-08-20 21:08:53.290,24021.3096
2026-08-20 21:08:53.716,23778.9472
2026-08-20 21:08:54.131,23600.8975
2026-08-20 21:08:54.555,23502.0447
2026-08-20 21:08:54.967,23483.7187
2026-08-20 21:08:55.379,23483.4303
2026-08-20 21:08:55.793,23482.9639
2026-08-20 21:08:56.205,23482.4171
2026-08-20 21:08:56.637,23481.8928
2026-08-20 21:08:57.132,23481.3542
2026-08-20 21:08:57.556,23480.9302
2026-08-20 21:08:57.970,23480.6653
2026-08-20 21:08:58.384,23480.4739
2026-08-20 21:08:58.850,23480.2948
2026-08-20 21:08:59.265,23480.0799
2026-08-20 21:08:59.679,23490.935
2026-08-20 21:09:00.105,23582.5455
2026-08-20 21:09:00.522,23751.3117
2026-08-20 21:09:00.937,23984.4706
2026-08-20 21:09:01.350,24257.9934
2026-08-20 21:09:01.779,24552.8273
2026-08-20 21:09:02.191,24874.7924
2026-08-20 21:09:02.605,25164.3101
2026-08-20 21:09:03.017,24972.2034
2026-08-20 21:09:03.430,24650.4589
2026-08-20 21:09:03.844,24345.7164
2026-08-20 21:09:04.268,24061.0404
2026-08-20 21:09:04.687,23805.2315
2026-08-20 21:09:05.110,23620.6462
2026-08-20 21:09:05.534,23511.1392
2026-08-20 21:09:05.947,23485.9013
2026-08-20 21:09:06.360,23485.8516
2026-08-20 21:09:06.779,23485.2332
2026-08-20 21:09:07.191,23484.7652
2026-08-20 21:09:07.637,23484.5071
2026-08-20 21:09:08.049,23483.9964
2026-08-20 21:09:08.463,23483.6694
2026-08-20 21:09:08.882,23483.2111
2026-08-20 21:09:09.295,23482.9001
2026-08-20 21:09:09.708,23482.6493
2026-08-20 21:09:10.122,23482.6275
2026-08-20 21:09:10.590,23484.6508
2026-08-20 21:09:11.002,23553.0984
2026-08-20 21:09:11.415,23695.8994
2026-08-20 21:09:11.827,23908.4762
2026-08-20 21:09:12.246,24169.7039
2026-08-20 21:09:12.658,24462.2122
2026-08-20 21:09:13.092,24779.2786
2026-08-20 21:09:13.508,25105.4469
2026-08-20 21:09:13.920,25077.9946
2026-08-20 21:09:14.351,24750.8775
2026-08-20 21:09:14.786,24416.29
2026-08-20 21:09:15.211,24121.6105
2026-08-20 21:09:15.624,23854.6604
2026-08-20 21:09:16.046,23656.8906
2026-08-20 21:09:16.510,23522.2785
2026-08-20 21:09:16.923,23488.4021
2026-08-20 21:09:17.344,23488.8516
2026-08-20 21:09:17.771,23488.7254
2026-08-20 21:09:18.186,23488.0887
2026-08-20 21:09:18.639,23487.581
2026-08-20 21:09:19.057,23487.167
2026-08-20 21:09:19.471,23486.6925
2026-08-20 21:09:19.884,23486.2332
2026-08-20 21:09:20.345,23486.0267
2026-08-20 21:09:20.763,23485.4855
2026-08-20 21:09:21.176,23485.3573
2026-08-20 21:09:21.588,23486.202
2026-08-20 21:09:22.001,23547.4123
2026-08-20 21:09:22.416,23685.5527
2026-08-20 21:09:22.876,23921.8806
2026-08-20 21:09:23.289,24185.1076
2026-08-20 21:09:23.702,24474.1595
2026-08-20 21:09:24.121,24780.4445
2026-08-20 21:09:24.549,25107.0208
2026-08-20 21:09:25.010,25027.0828
2026-08-20 21:09:25.439,24702.5095
2026-08-20 21:09:25.850,24384.0991
2026-08-20 21:09:26.288,24088.0606
2026-08-20 21:09:26.701,23828.1242
2026-08-20 21:09:27.123,23639.4653
2026-08-20 21:09:27.547,23523.1493
2026-08-20 21:09:27.961,23489.963
2026-08-20 21:09:28.376,23490.0987
2026-08-20 21:09:28.789,23489.5088
2026-08-20 21:09:29.204,23488.918
2026-08-20 21:09:29.670,23488.441
2026-08-20 21:09:30.092,23487.9714
2026-08-20 21:09:30.505,23487.5588
2026-08-20 21:09:30.917,23487.1746
2026-08-20 21:09:31.332,23486.9316
2026-08-20 21:09:31.759,23486.6368
2026-08-20 21:09:32.184,23486.4467
2026-08-20 21:09:32.605,23486.749
2026-08-20 21:09:33.025,23546.2701
2026-08-20 21:09:33.438,23684.9427
2026-08-20 21:09:33.850,23891.6413
2026-08-20 21:09:34.322,24188.5889
2026-08-20 21:09:34.748,24479.4442
2026-08-20 21:09:35.167,24796.0774
2026-08-20 21:09:35.583,25121.7146
2026-08-20 21:09:35.996,25056.3975
2026-08-20 21:09:36.415,24730.4359
2026-08-20 21:09:36.828,24417.0199
2026-08-20 21:09:37.265,24127.1844
2026-08-20 21:09:37.677,23852.9807
2026-08-20 21:09:38.091,23655.8075
2026-08-20 21:09:38.530,23531.2902
2026-08-20 21:09:38.956,23489.772
2026-08-20 21:09:39.390,23489.9119
2026-08-20 21:09:39.807,23489.407
2026-08-20 21:09:40.221,23488.7831
2026-08-20 21:09:40.634,23488.0801
2026-08-20 21:09:41.052,23487.7463
2026-08-20 21:09:41.465,23487.3105
2026-08-20 21:09:41.932,23486.6438
2026-08-20 21:09:42.349,23486.1917
2026-08-20 21:09:42.780,23485.6729
2026-08-20 21:09:43.192,23485.3312
2026-08-20 21:09:43.609,23485.4179
2026-08-20 21:09:44.025,23540.6112
2026-08-20 21:09:44.468,23675.0296
2026-08-20 21:09:44.881,23896.1498
2026-08-20 21:09:45.309,24155.4498
2026-08-20 21:09:45.726,24453.8012
2026-08-20 21:09:46.140,24763.4433
2026-08-20 21:09:46.553,25084.4371
2026-08-20 21:09:46.965,25100.4129
2026-08-20 21:09:47.378,24771.9961
2026-08-20 21:09:47.801,24460.1392
2026-08-20 21:09:48.263,24127.6931
2026-08-20 21:09:48.675,23867.0982
2026-08-20 21:09:49.087,23665.9028
2026-08-20 21:09:49.501,23539.9994
2026-08-20 21:09:49.924,23490.8655
2026-08-20 21:09:50.353,23490.6094
2026-08-20 21:09:50.772,23490.0313
2026-08-20 21:09:51.207,23489.283
2026-08-20 21:09:51.620,23488.5624
2026-08-20 21:09:52.032,23488.2907
2026-08-20 21:09:52.445,23487.7126
2026-08-20 21:09:52.861,23487.2784
2026-08-20 21:09:53.274,23487.2202
2026-08-20 21:09:53.693,23486.9222
2026-08-20 21:09:54.106,23486.7804
2026-08-20 21:09:54.534,23486.6916
2026-08-20 21:09:54.952,23521.3577
2026-08-20 21:09:55.379,23640.6226
2026-08-20 21:09:55.792,23836.6839
2026-08-20 21:09:56.210,24085.5479
2026-08-20 21:09:56.622,24370.8606
2026-08-20 21:09:57.050,24672.0876
2026-08-20 21:09:57.471,25000.0554
2026-08-20 21:09:57.888,25166.0034
2026-08-20 21:09:58.311,24855.0645
2026-08-20 21:09:58.727,24530.985
2026-08-20 21:09:59.140,24231.4057
2026-08-20 21:09:59.553,23958.0557
2026-08-20 21:09:59.974,23731.7057
2026-08-20 21:10:00.434,23576.8245
2026-08-20 21:10:00.864,23496.4795
2026-08-20 21:10:01.277,23493.3269
2026-08-20 21:10:01.689,23492.7261
2026-08-20 21:10:02.116,23492.3674
2026-08-20 21:10:02.528,23491.5876
2026-08-20 21:10:02.970,23491.2386
2026-08-20 21:10:03.384,23490.6299
2026-08-20 21:10:03.808,23490.2465
2026-08-20 21:10:04.221,23489.8704
2026-08-20 21:10:04.640,23489.4855
2026-08-20 21:10:05.120,23489.2404
2026-08-20 21:10:05.532,23489.0433
2026-08-20 21:10:05.945,23515.7115
2026-08-20 21:10:06.358,23627.6083
2026-08-20 21:10:06.820,23808.923
2026-08-20 21:10:07.255,24092.6956
2026-08-20 21:10:07.667,24380.4009
2026-08-20 21:10:08.080,24682.7491
2026-08-20 21:10:08.493,24999.4327
2026-08-20 21:10:08.921,25165.7689
2026-08-20 21:10:09.339,24855.3818
2026-08-20 21:10:09.753,24534.4816
2026-08-20 21:10:10.172,24237.3064
2026-08-20 21:10:10.592,23958.7899
2026-08-20 21:10:11.003,23728.8949
2026-08-20 21:10:11.415,23577.94
2026-08-20 21:10:11.876,23500.9355
2026-08-20 21:10:12.328,23493.8032
2026-08-20 21:10:12.741,23493.0255
2026-08-20 21:10:13.153,23492.1246
2026-08-20 21:10:13.566,23491.3607
2026-08-20 21:10:13.983,23490.5425
2026-08-20 21:10:14.445,23489.7195
2026-08-20 21:10:14.858,23489.0227
2026-08-20 21:10:15.271,23488.5045
2026-08-20 21:10:15.698,23488.1611
2026-08-20 21:10:16.120,23487.8623
2026-08-20 21:10:16.539,23487.5806
2026-08-20 21:10:16.951,23511.2353
2026-08-20 21:10:17.388,23619.7539
2026-08-20 21:10:17.814,23810.3917
2026-08-20 21:10:18.226,24062.3931
2026-08-20 21:10:18.661,24351.9747
2026-08-20 21:10:19.088,24658.4233
2026-08-20 21:10:19.511,24985.7087
2026-08-20 21:10:19.935,25171.5991
2026-08-20 21:10:20.354,24861.1326
2026-08-20 21:10:20.767,24539.9854
2026-08-20 21:10:21.180,24240.9966
2026-08-20 21:10:21.593,23966.3253
2026-08-20 21:10:22.005,23737.3106
2026-08-20 21:10:22.451,23578.3679
2026-08-20 21:10:22.863,23498.5882
2026-08-20 21:10:23.289,23492.4085
2026-08-20 21:10:23.702,23491.8273
2026-08-20 21:10:24.115,23491.0739
2026-08-20 21:10:24.528,23490.2948
2026-08-20 21:10:24.941,23489.648
2026-08-20 21:10:25.385,23489.163
2026-08-20 21:10:25.798,23488.5023
2026-08-20 21:10:26.223,23488.0416
2026-08-20 21:10:26.642,23487.7588
2026-08-20 21:10:27.058,23487.3275
2026-08-20 21:10:27.525,23486.8096
2026-08-20 21:10:27.948,23504.9211
2026-08-20 21:10:28.361,23610.352
2026-08-20 21:10:28.775,23784.1806
2026-08-20 21:10:29.207,24032.172
2026-08-20 21:10:29.644,24312.1742
2026-08-20 21:10:30.058,24628.6202
2026-08-20 21:10:30.470,24944.5248
2026-08-20 21:10:30.895,25181.4847
2026-08-20 21:10:31.358,24909.6072
2026-08-20 21:10:31.789,24548.253
2026-08-20 21:10:32.203,24238.417
2026-08-20 21:10:32.633,23953.383
2026-08-20 21:10:33.047,23726.7478
2026-08-20 21:10:33.459,23574.952
2026-08-20 21:10:33.923,23494.3509
2026-08-20 21:10:34.342,23490.5189
2026-08-20 21:10:34.769,23489.8875
2026-08-20 21:10:35.183,23489.2584
2026-08-20 21:10:35.608,23488.6689
2026-08-20 21:10:36.040,23488.0596
2026-08-20 21:10:36.452,23487.5654
2026-08-20 21:10:36.864,23487.1697
2026-08-20 21:10:37.277,23486.8222
2026-08-20 21:10:37.704,23486.5838
2026-08-20 21:10:38.170,23486.2318
2026-08-20 21:10:38.594,23486.0098
2026-08-20 21:10:39.007,23511.6433
2026-08-20 21:10:39.442,23627.8934
2026-08-20 21:10:39.923,23843.2124
2026-08-20 21:10:40.337,24104.1784
2026-08-20 21:10:40.749,24388.9628
2026-08-20 21:10:41.169,24691.5101
2026-08-20 21:10:41.586,25015.4852
2026-08-20 21:10:41.999,25161.4706
2026-08-20 21:10:42.432,24846.862
2026-08-20 21:10:42.844,24515.48
2026-08-20 21:10:43.257,24218.4897
2026-08-20 21:10:43.671,23945.3214
2026-08-20 21:10:44.084,23721.1139
2026-08-20 21:10:44.497,23572.2556
2026-08-20 21:10:44.924,23496.2675
2026-08-20 21:10:45.369,23491.2419
2026-08-20 21:10:45.783,23490.6232
2026-08-20 21:10:46.196,23489.93
2026-08-20 21:10:46.612,23489.3047
2026-08-20 21:10:47.038,23488.7743
2026-08-20 21:10:47.515,23488.2745
2026-08-20 21:10:47.931,23487.8284
2026-08-20 21:10:48.346,23487.5399
2026-08-20 21:10:48.760,23487.1328
2026-08-20 21:10:49.186,23486.8395
2026-08-20 21:10:49.598,23486.4927
2026-08-20 21:10:50.009,23507.9626
2026-08-20 21:10:50.432,23614.2614
2026-08-20 21:10:50.845,23794.8646
2026-08-20 21:10:51.284,24035.2077
2026-08-20 21:10:51.703,24330.824
2026-08-20 21:10:52.116,24634.9431
2026-08-20 21:10:52.529,24950.8816
2026-08-20 21:10:52.943,25180.8655
2026-08-20 21:10:53.366,24909.8523
2026-08-20 21:10:53.783,24581.8761
2026-08-20 21:10:54.263,24239.9251
2026-08-20 21:10:54.675,23955.4045
2026-08-20 21:10:55.097,23728.3556
2026-08-20 21:10:55.511,23572.7576
2026-08-20 21:10:55.938,23494.7818
2026-08-20 21:10:56.357,23487.5182
2026-08-20 21:10:56.772,23486.664
2026-08-20 21:10:57.199,23485.6059
2026-08-20 21:10:57.611,23484.5513
2026-08-20 21:10:58.024,23483.6253
2026-08-20 21:10:58.445,23483.0229
2026-08-20 21:10:58.860,23482.3235
2026-08-20 21:10:59.298,23481.5467
2026-08-20 21:10:59.730,23480.7166
2026-08-20 21:11:00.142,23480.0505
2026-08-20 21:11:00.561,23479.3884
2026-08-20 21:11:00.987,23492.3765
2026-08-20 21:11:01.414,23590.9525
2026-08-20 21:11:01.825,23765.6102
2026-08-20 21:11:02.244,23999.5333
2026-08-20 21:11:02.672,24278.4577
2026-08-20 21:11:03.090,24585.9471
2026-08-20 21:11:03.503,24903.7368
2026-08-20 21:11:03.929,25173.0746
2026-08-20 21:11:04.387,24897.9387
2026-08-20 21:11:04.800,24577.3231
2026-08-20 21:11:05.213,24274.7195
2026-08-20 21:11:05.626,23994.1294
2026-08-20 21:11:06.062,23748.5476
2026-08-20 21:11:06.495,23581.1657
2026-08-20 21:11:06.922,23489.2981
2026-08-20 21:11:07.343,23478.1803
2026-08-20 21:11:07.755,23477.3129
2026-08-20 21:11:08.183,23476.179
2026-08-20 21:11:08.623,23475.0908
2026-08-20 21:11:09.036,23474.0142
2026-08-20 21:11:09.464,23472.9765
2026-08-20 21:11:09.878,23472.0874
2026-08-20 21:11:10.289,23471.29
2026-08-20 21:11:10.750,23470.4029
2026-08-20 21:11:11.195,23469.526
2026-08-20 21:11:11.617,23468.9066
2026-08-20 21:11:12.094,23493.5873
2026-08-20 21:11:12.519,23607.2376
2026-08-20 21:11:12.940,23794.8518
2026-08-20 21:11:13.354,24044.3501
2026-08-20 21:11:13.779,24324.8578
2026-08-20 21:11:14.198,24633.9879
2026-08-20 21:11:14.611,24955.4687
2026-08-20 21:11:15.038,25153.8083
2026-08-20 21:11:15.461,24856.4499
2026-08-20 21:11:15.888,24530.0556
2026-08-20 21:11:16.311,24219.9642
2026-08-20 21:11:16.776,23906.116
2026-08-20 21:11:17.200,23687.1601
2026-08-20 21:11:17.613,23540.4248
2026-08-20 21:11:18.038,23473.395
2026-08-20 21:11:18.452,23469.8041
2026-08-20 21:11:18.868,23469.1361
2026-08-20 21:11:19.307,23468.4702
2026-08-20 21:11:19.731,23467.6462
2026-08-20 21:11:20.146,23466.8186
2026-08-20 21:11:20.572,23466.2074
2026-08-20 21:11:20.985,23465.5797
2026-08-20 21:11:21.397,23465.0205
2026-08-20 21:11:21.825,23464.6549
2026-08-20 21:11:22.246,23464.4393
2026-08-20 21:11:22.670,23463.9874
2026-08-20 21:11:23.084,23485.4827
2026-08-20 21:11:23.498,23591.7222
2026-08-20 21:11:23.910,23768.075
2026-08-20 21:11:24.323,24008.0736
2026-08-20 21:11:24.749,24285.3851
2026-08-20 21:11:25.163,24593.3259
2026-08-20 21:11:25.581,24909.4483
2026-08-20 21:11:26.008,25169.5999
2026-08-20 21:11:26.422,24913.2361
2026-08-20 21:11:26.834,24590.8291
2026-08-20 21:11:27.247,24286.593
2026-08-20 21:11:27.661,24005.1055
2026-08-20 21:11:28.105,23760.7407
2026-08-20 21:11:28.518,23577.1041
2026-08-20 21:11:28.949,23481.26
2026-08-20 21:11:29.362,23467.0317
2026-08-20 21:11:29.774,23466.5194
2026-08-20 21:11:30.186,23465.6562
2026-08-20 21:11:30.598,23465.0129
2026-08-20 21:11:31.012,23464.1928
2026-08-20 21:11:31.424,23463.579
2026-08-20 21:11:31.864,23463.1421
2026-08-20 21:11:32.277,23462.4662
2026-08-20 21:11:32.690,23461.8994
2026-08-20 21:11:33.107,23461.5806
2026-08-20 21:11:33.533,23461.1823
2026-08-20 21:11:33.955,23463.6098
2026-08-20 21:11:34.461,23558.9261
2026-08-20 21:11:34.874,23724.3175
2026-08-20 21:11:35.293,23953.3118
2026-08-20 21:11:35.708,24228.7372
2026-08-20 21:11:36.121,24525.679
2026-08-20 21:11:36.533,24837.394
2026-08-20 21:11:36.974,25141.0988
2026-08-20 21:11:37.394,24957.4733
2026-08-20 21:11:37.822,24627.6876
2026-08-20 21:11:38.235,24310.9167
2026-08-20 21:11:38.647,24025.1929
2026-08-20 21:11:39.107,23777.0103
2026-08-20 21:11:39.610,23570.1403
2026-08-20 21:11:40.042,23471.3919
2026-08-20 21:11:40.455,23462.9547
2026-08-20 21:11:40.868,23462.3064
2026-08-20 21:11:41.282,23461.2833
2026-08-20 21:11:41.705,23460.5338
2026-08-20 21:11:42.118,23459.5256
2026-08-20 21:11:42.537,23458.9309
2026-08-20 21:11:42.949,23458.1853
2026-08-20 21:11:43.362,23457.3565
2026-08-20 21:11:43.789,23456.9068
2026-08-20 21:11:44.207,23456.4141
2026-08-20 21:11:44.625,23455.8966
2026-08-20 21:11:45.038,23462.4962
2026-08-20 21:11:45.481,23544.8905
2026-08-20 21:11:45.905,23713.2301
2026-08-20 21:11:46.317,23947.4804
2026-08-20 21:11:46.737,24218.9376
2026-08-20 21:11:47.163,24518.4308
2026-08-20 21:11:47.576,24840.0489
2026-08-20 21:11:48.051,25153.5468
2026-08-20 21:11:48.500,24906.5803
2026-08-20 21:11:48.913,24568.2618
2026-08-20 21:11:49.331,24264.6724
2026-08-20 21:11:49.756,23979.1228
2026-08-20 21:11:50.169,23732.7648
2026-08-20 21:11:50.587,23565.9687
2026-08-20 21:11:51.001,23471.8915
2026-08-20 21:11:51.438,23456.8567
2026-08-20 21:11:51.851,23456.2472
2026-08-20 21:11:52.268,23455.3854
2026-08-20 21:11:52.680,23454.4489
2026-08-20 21:11:53.098,23453.6059
2026-08-20 21:11:53.512,23452.9001
2026-08-20 21:11:53.931,23452.1359
2026-08-20 21:11:54.374,23451.6171
2026-08-20 21:11:54.787,23451.1555
2026-08-20 21:11:55.200,23450.5262
2026-08-20 21:11:55.613,23449.7482
2026-08-20 21:11:56.026,23453.784
2026-08-20 21:11:56.439,23528.687
2026-08-20 21:11:56.852,23676.5146
2026-08-20 21:11:57.288,23902.6019
2026-08-20 21:11:57.714,24173.2664
2026-08-20 21:11:58.133,24475.0479
2026-08-20 21:11:58.546,24790.5907
2026-08-20 21:11:58.957,25108.1818
2026-08-20 21:11:59.380,25005.3351
2026-08-20 21:11:59.805,24670.7507
2026-08-20 21:12:00.231,24352.049
2026-08-20 21:12:00.643,24055.1206
2026-08-20 21:12:01.066,23799.773
2026-08-20 21:12:01.478,23604.0163
2026-08-20 21:12:01.892,23489.1199
2026-08-20 21:12:02.332,23452.401
2026-08-20 21:12:02.744,23452.5998
2026-08-20 21:12:03.170,23451.8853
2026-08-20 21:12:03.602,23451.3054
2026-08-20 21:12:04.013,23450.6876
2026-08-20 21:12:04.450,23449.8409
2026-08-20 21:12:04.869,23449.5582
2026-08-20 21:12:05.288,23449.2106
2026-08-20 21:12:05.702,23448.8582
2026-08-20 21:12:06.115,23448.4873
2026-08-20 21:12:06.544,23447.9393
2026-08-20 21:12:06.956,23447.8189
2026-08-20 21:12:07.370,23501.3663
2026-08-20 21:12:07.795,23633.6491
2026-08-20 21:12:08.207,23842.6861
2026-08-20 21:12:08.649,24100.19
2026-08-20 21:12:09.061,24408.1316
2026-08-20 21:12:09.480,24714.2725
2026-08-20 21:12:09.897,25040.4729
2026-08-20 21:12:10.323,25075.1619
2026-08-20 21:12:10.789,24702.2938
2026-08-20 21:12:11.201,24381.7941
2026-08-20 21:12:11.621,24090.3659
2026-08-20 21:12:12.048,23824.217
2026-08-20 21:12:12.465,23617.7156
2026-08-20 21:12:12.878,23493.3946
2026-08-20 21:12:13.315,23448.2082
2026-08-20 21:12:13.740,23448.2806
2026-08-20 21:12:14.153,23447.2956
2026-08-20 21:12:14.570,23446.8165
2026-08-20 21:12:14.984,23446.0435
2026-08-20 21:12:15.396,23445.142
2026-08-20 21:12:15.809,23444.6835
2026-08-20 21:12:16.227,23444.0904
2026-08-20 21:12:16.643,23443.485
2026-08-20 21:12:17.082,23442.8391
2026-08-20 21:12:17.500,23442.3326
2026-08-20 21:12:17.913,23441.888
2026-08-20 21:12:18.326,23479.7488
2026-08-20 21:12:18.748,23600.5144
2026-08-20 21:12:19.213,23825.7667
2026-08-20 21:12:19.626,24081.381
2026-08-20 21:12:20.040,24367.25
2026-08-20 21:12:20.465,24672.1649
2026-08-20 21:12:20.878,25001.9929
2026-08-20 21:12:21.304,25098.015
2026-08-20 21:12:21.734,24750.0901
2026-08-20 21:12:22.170,24423.2206
2026-08-20 21:12:22.587,24122.294
2026-08-20 21:12:23.006,23852.7894
2026-08-20 21:12:23.418,23639.2158
2026-08-20 21:12:23.830,23505.4806
2026-08-20 21:12:24.257,23446.2479
2026-08-20 21:12:24.670,23444.6507
2026-08-20 21:12:25.082,23443.7683
2026-08-20 21:12:25.516,23443.1174
2026-08-20 21:12:25.928,23442.2008
2026-08-20 21:12:26.340,23441.3872
2026-08-20 21:12:26.768,23440.9651
2026-08-20 21:12:27.185,23440.1689
2026-08-20 21:12:27.603,23439.5953
2026-08-20 21:12:28.017,23439.1818
2026-08-20 21:12:28.442,23438.5041
2026-08-20 21:12:28.856,23438.1126
2026-08-20 21:12:29.273,23460.7281
2026-08-20 21:12:29.685,23569.5381
2026-08-20 21:12:30.112,23753.8799
2026-08-20 21:12:30.548,23996.5868
2026-08-20 21:12:30.961,24291.5283
2026-08-20 21:12:31.375,24592.0746
2026-08-20 21:12:31.788,24909.6723
2026-08-20 21:12:32.257,25133.276
2026-08-20 21:12:32.674,24810.4424
2026-08-20 21:12:33.087,24492.8868
2026-08-20 21:12:33.499,24193.984
2026-08-20 21:12:33.913,23919.1388
2026-08-20 21:12:34.339,23689.7592
2026-08-20 21:12:34.764,23531.2462
2026-08-20 21:12:35.176,23451.4233
2026-08-20 21:12:35.600,23444.7424
2026-08-20 21:12:36.019,23444.488
2026-08-20 21:12:36.435,23444.0416
2026-08-20 21:12:36.866,23443.5598
2026-08-20 21:12:37.278,23443
2026-08-20 21:12:37.691,23442.6081
2026-08-20 21:12:38.103,23442.3364
2026-08-20 21:12:38.516,23442.0588
2026-08-20 21:12:38.977,23441.7864
2026-08-20 21:12:39.402,23441.548
2026-08-20 21:12:39.820,23441.3169
2026-08-20 21:12:40.239,23455.727
2026-08-20 21:12:40.654,23554.2601
2026-08-20 21:12:41.080,23723.1947
2026-08-20 21:12:41.496,23964.9122
2026-08-20 21:12:41.909,24242.7369
2026-08-20 21:12:42.331,24540.451
2026-08-20 21:12:42.744,24860.9448
2026-08-20 21:12:43.171,25137.5332
2026-08-20 21:12:43.584,24903.3242
2026-08-20 21:12:44.004,24580.3385
2026-08-20 21:12:44.433,24259.8045
2026-08-20 21:12:44.868,23967.1932
2026-08-20 21:12:45.281,23722.7018
2026-08-20 21:12:45.697,23554.9745
2026-08-20 21:12:46.120,23459.8468
2026-08-20 21:12:46.534,23443.8426
2026-08-20 21:12:46.956,23443.5062
2026-08-20 21:12:47.372,23442.737
2026-08-20 21:12:47.786,23441.9909
2026-08-20 21:12:48.252,23441.0196
2026-08-20 21:12:48.680,23440.2861
2026-08-20 21:12:49.092,23439.4588
2026-08-20 21:12:49.505,23439.1035
2026-08-20 21:12:49.919,23438.6446
2026-08-20 21:12:50.350,23438.0897
2026-08-20 21:12:50.762,23437.8885
2026-08-20 21:12:51.187,23443.8087
2026-08-20 21:12:51.605,23527.4523
2026-08-20 21:12:52.017,23684.8421
2026-08-20 21:12:52.454,23917.0118
2026-08-20 21:12:52.867,24193.4341
2026-08-20 21:12:53.293,24488.4712
2026-08-20 21:12:53.710,24809.8189
2026-08-20 21:12:54.122,25117.5559
2026-08-20 21:12:54.559,24958.4049
2026-08-20 21:12:54.972,24615.1529
2026-08-20 21:12:55.384,24307.769
2026-08-20 21:12:55.803,24022.3821
2026-08-20 21:12:56.268,23767.6913
2026-08-20 21:12:56.693,23564.0573
2026-08-20 21:12:57.106,23463.1769
2026-08-20 21:12:57.527,23443.9145
2026-08-20 21:12:57.939,23443.7029
2026-08-20 21:12:58.366,23443.1765
2026-08-20 21:12:58.779,23442.7033
2026-08-20 21:12:59.193,23442.0805
2026-08-20 21:12:59.618,23441.5192
2026-08-20 21:13:00.030,23441.0526
2026-08-20 21:13:00.491,23440.649
2026-08-20 21:13:00.908,23440.2666
2026-08-20 21:13:01.332,23440.1122
2026-08-20 21:13:01.744,23439.8006
2026-08-20 21:13:02.170,23443.6101
2026-08-20 21:13:02.583,23517.4021
2026-08-20 21:13:02.997,23664.6177
2026-08-20 21:13:03.410,23882.3524
2026-08-20 21:13:03.823,24147.5221
2026-08-20 21:13:04.241,24438.7472
2026-08-20 21:13:04.655,24750.6871
2026-08-20 21:13:05.120,25106.6613
2026-08-20 21:13:05.535,24981.6537
2026-08-20 21:13:05.950,24654.6422
2026-08-20 21:13:06.376,24343.9147
2026-08-20 21:13:06.793,24045.9068
2026-08-20 21:13:07.212,23787.5092
2026-08-20 21:13:07.627,23594.2102
2026-08-20 21:13:08.039,23478.786
2026-08-20 21:13:08.452,23442.4125
2026-08-20 21:13:08.866,23442.5831
2026-08-20 21:13:09.293,23441.9174
2026-08-20 21:13:09.784,23441.2572
2026-08-20 21:13:10.196,23440.6085
2026-08-20 21:13:10.609,23440.3738
2026-08-20 21:13:11.022,23439.7652
2026-08-20 21:13:11.459,23439.6016
2026-08-20 21:13:11.872,23439.5082
2026-08-20 21:13:12.284,23439.0871
2026-08-20 21:13:12.709,23439.0331
2026-08-20 21:13:13.172,23439.5516
2026-08-20 21:13:13.589,23512.9173
2026-08-20 21:13:14.001,23656.9168
2026-08-20 21:13:14.415,23870.8152
2026-08-20 21:13:14.840,24134.7288
2026-08-20 21:13:15.252,24433.8218
2026-08-20 21:13:15.679,24741.322
2026-08-20 21:13:16.091,25074.5579
2026-08-20 21:13:16.516,25020.2345
2026-08-20 21:13:16.931,24682.7611
2026-08-20 21:13:17.344,24371.1027
2026-08-20 21:13:17.783,24080.3655
2026-08-20 21:13:18.210,23803.9761
2026-08-20 21:13:18.636,23602.649
2026-08-20 21:13:19.053,23481.4737
2026-08-20 21:13:19.471,23443.3478
2026-08-20 21:13:19.897,23443.8776
2026-08-20 21:13:20.309,23443.3313
2026-08-20 21:13:20.721,23443.054
2026-08-20 21:13:21.133,23442.5349
2026-08-20 21:13:21.547,23441.9893
2026-08-20 21:13:22.043,23441.8479
2026-08-20 21:13:22.461,23441.461
2026-08-20 21:13:22.874,23441.1522
2026-08-20 21:13:23.307,23440.9652
2026-08-20 21:13:23.720,23440.8968
2026-08-20 21:13:24.148,23441.0088
2026-08-20 21:13:24.573,23501.4835
2026-08-20 21:13:24.986,23642.2598
2026-08-20 21:13:25.398,23850.3465
2026-08-20 21:13:25.811,24110.3642
2026-08-20 21:13:26.272,24433.1579
2026-08-20 21:13:26.685,24741.4634
2026-08-20 21:13:27.096,25063.4054
2026-08-20 21:13:27.509,25037.5562
2026-08-20 21:13:27.922,24708.303
2026-08-20 21:13:28.341,24395.5184
2026-08-20 21:13:28.839,24045.8351
2026-08-20 21:13:29.253,23786.2302
2026-08-20 21:13:29.667,23596.1213
2026-08-20 21:13:30.081,23481.0275
2026-08-20 21:13:30.522,23444.6807
2026-08-20 21:13:30.959,23444.9976
2026-08-20 21:13:31.373,23444.3835
2026-08-20 21:13:31.786,23443.7399
2026-08-20 21:13:32.199,23441.5855
2026-08-20 21:13:32.624,23440.445
2026-08-20 21:13:33.051,23439.6404
2026-08-20 21:13:33.463,23439.133
2026-08-20 21:13:33.877,23438.5122
2026-08-20 21:13:34.293,23438.0739
2026-08-20 21:13:34.720,23437.7233
2026-08-20 21:13:35.141,23437.3319
2026-08-20 21:13:35.559,23490.6942
2026-08-20 21:13:35.974,23623.9983
2026-08-20 21:13:36.402,23828.0275
2026-08-20 21:13:36.827,24094.8577
2026-08-20 21:13:37.240,24391.5894
2026-08-20 21:13:37.653,24696.8338
2026-08-20 21:13:38.065,25017.9265
2026-08-20 21:13:38.480,25074.6097
2026-08-20 21:13:38.895,24743.9092
2026-08-20 21:13:39.308,24427.5695
2026-08-20 21:13:39.721,24131.957
2026-08-20 21:13:40.145,23863.5564
2026-08-20 21:13:40.572,23643.0741
2026-08-20 21:13:40.985,23502.2263
2026-08-20 21:13:41.397,23442.1713
2026-08-20 21:13:41.812,23440.3055
2026-08-20 21:13:42.224,23439.6931
2026-08-20 21:13:42.646,23438.8365
2026-08-20 21:13:43.059,23438.1411
2026-08-20 21:13:43.487,23437.4369
2026-08-20 21:13:43.911,23436.9558
2026-08-20 21:13:44.323,23436.5103
2026-08-20 21:13:44.754,23436.261
2026-08-20 21:13:45.191,23435.8585
2026-08-20 21:13:45.604,23435.6209
2026-08-20 21:13:46.017,23435.5708
2026-08-20 21:13:46.432,23458.6771
2026-08-20 21:13:46.852,23567.156
2026-08-20 21:13:47.266,23748.5903
2026-08-20 21:13:47.681,23990.7017
2026-08-20 21:13:48.094,24271.0218
2026-08-20 21:13:48.507,24570.4431
2026-08-20 21:13:48.923,24886.1986
2026-08-20 21:13:49.399,25124.6716
2026-08-20 21:13:49.863,24822.4068
2026-08-20 21:13:50.281,24465.063
2026-08-20 21:13:50.732,24142.7223
2026-08-20 21:13:51.207,23836.2013
2026-08-20 21:13:51.625,23624.9281
2026-08-20 21:13:52.037,23494.1246
2026-08-20 21:13:52.452,23440.8048
2026-08-20 21:13:52.884,23439.8479
2026-08-20 21:13:53.300,23439.2384
2026-08-20 21:13:53.716,23438.6712
2026-08-20 21:13:54.136,23437.9889
2026-08-20 21:13:54.548,23437.3827
2026-08-20 21:13:54.981,23436.8864
2026-08-20 21:13:55.393,23436.401
2026-08-20 21:13:55.811,23436.0607
2026-08-20 21:13:56.223,23435.5675
2026-08-20 21:13:56.636,23435.3219
2026-08-20 21:13:57.063,23435.1298
2026-08-20 21:13:57.481,23462.3588
2026-08-20 21:13:57.908,23576.408
2026-08-20 21:13:58.321,23765.9838
2026-08-20 21:13:58.733,24011.8105
2026-08-20 21:13:59.146,24291.9051
2026-08-20 21:13:59.558,24592.6404
2026-08-20 21:13:59.972,24908.9727
2026-08-20 21:14:00.437,25114.8596
2026-08-20 21:14:00.864,24797.3465
2026-08-20 21:14:01.278,24478.9859
2026-08-20 21:14:01.691,24179.5349
2026-08-20 21:14:02.103,23904.0922
2026-08-20 21:14:02.517,23676.8278
2026-08-20 21:14:02.939,23523.9906
2026-08-20 21:14:03.351,23444.0382
2026-08-20 21:14:03.763,23436.9867
2026-08-20 21:14:04.177,23436.3339
2026-08-20 21:14:04.589,23435.8638
2026-08-20 21:14:05.002,23435.1515
2026-08-20 21:14:05.419,23434.3616
2026-08-20 21:14:05.845,23433.6885
2026-08-20 21:14:06.270,23433.0894
2026-08-20 21:14:06.688,23432.7311
2026-08-20 21:14:07.101,23432.3942
2026-08-20 21:14:07.513,23432.0038
2026-08-20 21:14:07.934,23431.8573
2026-08-20 21:14:08.348,23438.046
2026-08-20 21:14:08.760,23519.0813
2026-08-20 21:14:09.172,23671.7841
2026-08-20 21:14:09.599,23901.7689
2026-08-20 21:14:10.026,24170.5765
2026-08-20 21:14:10.438,24474.5077
2026-08-20 21:14:10.859,24784.9691
2026-08-20 21:14:11.276,25102.169
2026-08-20 21:14:11.704,24961.6439
2026-08-20 21:14:12.115,24624.6643
2026-08-20 21:14:12.540,24316.9508
2026-08-20 21:14:12.954,24021.1681
2026-08-20 21:14:13.372,23767.7811
2026-08-20 21:14:13.806,23577.9938
2026-08-20 21:14:14.219,23462.3603
2026-08-20 21:14:14.633,23433.7068
2026-08-20 21:14:15.053,23433.6122
2026-08-20 21:14:15.466,23432.9177
2026-08-20 21:14:15.885,23432.1882
2026-08-20 21:14:16.331,23431.4794
2026-08-20 21:14:16.747,23430.8195
2026-08-20 21:14:17.173,23430.2804
2026-08-20 21:14:17.587,23429.7305
2026-08-20 21:14:18.026,23429.3018
2026-08-20 21:14:18.452,23429.0053
2026-08-20 21:14:18.880,23428.6254
2026-08-20 21:14:19.293,23430.2094
2026-08-20 21:14:19.717,23494.8098
2026-08-20 21:14:20.130,23639.6488
2026-08-20 21:14:20.543,23851.1357
2026-08-20 21:14:20.978,24113.7627
2026-08-20 21:14:21.404,24429.5938
2026-08-20 21:14:21.817,24737.5335
2026-08-20 21:14:22.230,25060.2503
2026-08-20 21:14:22.643,25030.5298
2026-08-20 21:14:23.120,24663.0657
2026-08-20 21:14:23.542,24341.1481
2026-08-20 21:14:23.955,24044.9653
2026-08-20 21:14:24.367,23787.1911
2026-08-20 21:14:24.779,23593.0414
2026-08-20 21:14:25.218,23473.4835
2026-08-20 21:14:25.636,23430.9639
2026-08-20 21:14:26.054,23431.3263
2026-08-20 21:14:26.469,23430.877
2026-08-20 21:14:26.883,23430.5319
2026-08-20 21:14:27.312,23429.8709
2026-08-20 21:14:27.732,23429.4729
2026-08-20 21:14:28.144,23429.0617
2026-08-20 21:14:28.558,23428.6967
2026-08-20 21:14:28.984,23428.2376
2026-08-20 21:14:29.411,23427.8065
2026-08-20 21:14:29.838,23427.394
2026-08-20 21:14:30.251,23426.8133
2026-08-20 21:14:30.670,23473.4102
2026-08-20 21:14:31.083,23602.6423
2026-08-20 21:14:31.520,23800.7487
2026-08-20 21:14:31.933,24070.4549
2026-08-20 21:14:32.353,24356.9168
2026-08-20 21:14:32.765,24667.5625
2026-08-20 21:14:33.202,24999.5405
2026-08-20 21:14:33.629,25067.7591
2026-08-20 21:14:34.041,24727.3752
2026-08-20 21:14:34.479,24403.19
2026-08-20 21:14:34.895,24101.1308
2026-08-20 21:14:35.307,23833.5872
2026-08-20 21:14:35.740,23623.8451
2026-08-20 21:14:36.160,23485.6993
2026-08-20 21:14:36.572,23430.8526
2026-08-20 21:14:36.985,23430.0911
2026-08-20 21:14:37.398,23429.1102
2026-08-20 21:14:37.862,23428.4203
2026-08-20 21:14:38.275,23427.7785
2026-08-20 21:14:38.688,23427.2484
2026-08-20 21:14:39.114,23426.4774
2026-08-20 21:14:39.530,23426.0868
2026-08-20 21:14:39.961,23425.5905
2026-08-20 21:14:40.377,23425.0477
2026-08-20 21:14:40.789,23424.7375
2026-08-20 21:14:41.206,23424.2762
2026-08-20 21:14:41.618,23455.446
2026-08-20 21:14:42.089,23590.854
2026-08-20 21:14:42.501,23787.6159
2026-08-20 21:14:42.913,24039.65
2026-08-20 21:14:43.326,24323.2668
2026-08-20 21:14:43.738,24625.904
2026-08-20 21:14:44.177,24944.0703
2026-08-20 21:14:44.601,25192.365
2026-08-20 21:14:45.013,25193.4068
2026-08-20 21:14:45.426,25189.1163
2026-08-20 21:14:45.840,25185.52
2026-08-20 21:14:46.279,25182.7796
2026-08-20 21:14:46.691,25179.9509
2026-08-20 21:14:47.110,25177.2509
2026-08-20 21:14:47.522,25174.7238
2026-08-20 21:14:47.936,25172.5987
2026-08-20 21:14:48.347,25170.4763
2026-08-20 21:14:48.790,25168.4988
2026-08-20 21:14:49.203,25166.5571
2026-08-20 21:14:49.616,25165.0168
2026-08-20 21:14:50.028,25163.3465
2026-08-20 21:14:50.455,25161.7639
2026-08-20 21:14:50.946,25160.0996
2026-08-20 21:14:51.360,25158.7504
2026-08-20 21:14:51.772,25157.4828
2026-08-20 21:14:52.187,25156.0941
2026-08-20 21:14:52.648,25154.7279
2026-08-20 21:14:53.078,25153.4168
2026-08-20 21:14:53.491,25152.2179
2026-08-20 21:14:53.904,25151.1605
2026-08-20 21:14:54.324,25150.2167
2026-08-20 21:14:54.748,25149.0976
2026-08-20 21:14:55.162,25148.0579
2026-08-20 21:14:55.574,25146.9434
2026-08-20 21:14:55.987,25146.0407
2026-08-20 21:14:56.401,25145.1777
2026-08-20 21:14:56.872,25144.0674
2026-08-20 21:14:57.322,25142.7728
2026-08-20 21:14:57.736,25141.5845
2026-08-20 21:14:58.155,25140.4422
2026-08-20 21:14:58.569,25139.2401
2026-08-20 21:14:59.005,25137.976
2026-08-20 21:14:59.425,25136.9136
2026-08-20 21:14:59.844,25135.7983
2026-08-20 21:15:00.257,25134.6445
2026-08-20 21:15:00.681,25133.382
2026-08-20 21:15:01.094,25132.1463
2026-08-20 21:15:01.505,25131.296
2026-08-20 21:15:01.939,25130.4996
2026-08-20 21:15:02.368,25129.4188
2026-08-20 21:15:02.786,25128.7089
2026-08-20 21:15:03.205,25127.5289
2026-08-20 21:15:03.617,25126.4395
2026-08-20 21:15:04.050,25124.9839
2026-08-20 21:15:04.474,25123.9601
2026-08-20 21:15:04.891,25122.556
2026-08-20 21:15:05.305,25121.4869
2026-08-20 21:15:05.770,25120.5414
2026-08-20 21:15:06.189,25118.8513
2026-08-20 21:15:06.607,25117.8653
2026-08-20 21:15:07.020,25116.8971
2026-08-20 21:15:07.448,25115.4924
2026-08-20 21:15:07.860,25114.8542
2026-08-20 21:15:08.272,25113.7575
2026-08-20 21:15:08.691,25112.524
2026-08-20 21:15:09.117,25111.4625
2026-08-20 21:15:09.531,25110.6507
2026-08-20 21:15:09.944,25109.4299
2026-08-20 21:15:10.382,25108.638
2026-08-20 21:15:10.796,25107.4627
2026-08-20 21:15:11.209,25106.1807
2026-08-20 21:15:11.622,25105.1686
2026-08-20 21:15:12.093,25104.3762
2026-08-20 21:15:12.510,25103.0496
2026-08-20 21:15:12.922,25101.6873
2026-08-20 21:15:13.339,25101.0299
2026-08-20 21:15:13.751,25100.1469
2026-08-20 21:15:14.163,25098.9623
2026-08-20 21:15:14.576,25098.3393
2026-08-20 21:15:14.999,25097.5383
2026-08-20 21:15:15.426,25096.6902
2026-08-20 21:15:15.866,25095.6944
2026-08-20 21:15:16.279,25094.4703
2026-08-20 21:15:16.693,25093.8635
2026-08-20 21:15:17.121,25092.8215
2026-08-20 21:15:17.534,25091.8689
2026-08-20 21:15:17.948,25090.8679
2026-08-20 21:15:18.362,25089.7038
2026-08-20 21:15:18.775,25088.8209
2026-08-20 21:15:19.187,25087.9497
2026-08-20 21:15:19.604,25086.8915
2026-08-20 21:15:20.034,25085.9961
2026-08-20 21:15:20.452,25085.3546
2026-08-20 21:15:20.896,25084.2592
2026-08-20 21:15:21.309,25083.5586
2026-08-20 21:15:21.721,25082.4502
2026-08-20 21:15:22.186,25081.4762
2026-08-20 21:15:22.602,25080.3016
2026-08-20 21:15:23.070,25079.2202
2026-08-20 21:15:23.513,25078.1548
2026-08-20 21:15:23.927,25077.1576
2026-08-20 21:15:24.390,25075.972
2026-08-20 21:15:24.818,25074.8469
2026-08-20 21:15:25.232,25074.0105
2026-08-20 21:15:25.646,25073.0264
2026-08-20 21:15:26.059,25072.1172
2026-08-20 21:15:26.489,25071.3329
2026-08-20 21:15:26.902,25070.5914
2026-08-20 21:15:27.325,25069.843
2026-08-20 21:15:27.739,25069.104
2026-08-20 21:15:28.205,25068.1123
2026-08-20 21:15:28.626,25067.1129
2026-08-20 21:15:29.042,25066.2133
2026-08-20 21:15:29.457,25065.1533
2026-08-20 21:15:29.871,25063.9962
2026-08-20 21:15:30.284,25063.0956
2026-08-20 21:15:30.700,25062.04
2026-08-20 21:15:31.113,25060.7856
2026-08-20 21:15:31.525,25059.8584
2026-08-20 21:15:31.939,25058.9621
2026-08-20 21:15:32.352,25057.7108
2026-08-20 21:15:32.780,25057.3627
2026-08-20 21:15:33.191,25056.2787
2026-08-20 21:15:33.630,25055.6902
2026-08-20 21:15:34.058,25054.7146
2026-08-20 21:15:34.485,25053.7859
2026-08-20 21:15:34.899,25053.2993
2026-08-20 21:15:35.311,25052.3356
2026-08-20 21:15:35.734,25051.8319
2026-08-20 21:15:36.146,25050.9377
2026-08-20 21:15:36.560,25050.1547
2026-08-20 21:15:36.972,25049.3862
2026-08-20 21:15:37.386,25049.1091
2026-08-20 21:15:37.797,25048.2284
2026-08-20 21:15:38.209,25047.9095
2026-08-20 21:15:38.621,25047.481
2026-08-20 21:15:39.034,25046.712
2026-08-20 21:15:39.452,25046.1241
2026-08-20 21:15:39.866,25045.5879
2026-08-20 21:15:40.278,25044.6039
2026-08-20 21:15:40.692,25044.1928
2026-08-20 21:15:41.157,25043.6593
2026-08-20 21:15:41.572,25042.7542
2026-08-20 21:15:42.000,25042.3504
2026-08-20 21:15:42.413,25041.6309
2026-08-20 21:15:42.850,25040.9387
2026-08-20 21:15:43.264,25040.3002
2026-08-20 21:15:43.688,25039.5821
2026-08-20 21:15:44.101,25038.9065
2026-08-20 21:15:44.530,25038.6595
2026-08-20 21:15:44.943,25037.9664
2026-08-20 21:15:45.370,25037.5667
2026-08-20 21:15:45.786,25037.1606
2026-08-20 21:15:46.207,25036.2816
2026-08-20 21:15:46.620,25035.6213
2026-08-20 21:15:47.032,25035.1876
2026-08-20 21:15:47.445,25034.0296
2026-08-20 21:15:47.924,25033.3951
2026-08-20 21:15:48.337,25032.5918
2026-08-20 21:15:48.762,25032.0766
2026-08-20 21:15:49.174,25031.3868
2026-08-20 21:15:49.591,25030.3748
2026-08-20 21:15:50.005,25029.4727
2026-08-20 21:15:50.418,25028.8411
2026-08-20 21:15:50.845,25028.0316
2026-08-20 21:15:51.257,25027.0863
2026-08-20 21:15:51.676,25025.8521
2026-08-20 21:15:52.093,25024.7102
2026-08-20 21:15:52.506,25023.4797
2026-08-20 21:15:52.931,25022.8312
2026-08-20 21:15:53.351,25021.6335
2026-08-20 21:15:53.778,25009.0921
2026-08-20 21:15:54.196,24990.69
2026-08-20 21:15:54.610,24972.7744
2026-08-20 21:15:55.023,24955.3256
2026-08-20 21:15:55.435,24937.8374
2026-08-20 21:15:55.857,24920.2898
2026-08-20 21:15:56.318,24901.0534
2026-08-20 21:15:56.741,24883.7202
2026-08-20 21:15:57.155,24866.304
2026-08-20 21:15:57.570,24849.021
2026-08-20 21:15:57.983,24832.2897
2026-08-20 21:15:58.412,24815.4628
2026-08-20 21:15:58.824,24797.7422
2026-08-20 21:15:59.247,24781.0691
2026-08-20 21:15:59.673,24763.8041
2026-08-20 21:16:00.087,24746.2379
2026-08-20 21:16:00.519,24729.5438
2026-08-20 21:16:00.932,24711.797
2026-08-20 21:16:01.345,24695.2569
2026-08-20 21:16:01.772,24678.7012
2026-08-20 21:16:02.184,24661.4834
2026-08-20 21:16:02.650,24642.8177
2026-08-20 21:16:03.063,24626.6492
2026-08-20 21:16:03.477,24610.1066
2026-08-20 21:16:03.903,24593.5572
2026-08-20 21:16:04.317,24576.8062
2026-08-20 21:16:04.749,24559.8507
2026-08-20 21:16:05.170,24543.2983
2026-08-20 21:16:05.582,24526.9333
2026-08-20 21:16:06.006,24510.4994
2026-08-20 21:16:06.418,24493.7922
2026-08-20 21:16:06.854,24477.509
2026-08-20 21:16:07.282,24460.6231
2026-08-20 21:16:07.694,24443.9698
2026-08-20 21:16:08.116,24428.1269
2026-08-20 21:16:08.529,24411.9744
2026-08-20 21:16:08.960,24396.0678
2026-08-20 21:16:09.375,24379.2951
2026-08-20 21:16:09.788,24363.3287
2026-08-20 21:16:10.199,24347.4948
2026-08-20 21:16:10.668,24331.7033
2026-08-20 21:16:11.087,24313.5845
2026-08-20 21:16:11.512,24297.616
2026-08-20 21:16:11.933,24281.5583
2026-08-20 21:16:12.352,24265.6622
2026-08-20 21:16:12.771,24249.9444
2026-08-20 21:16:13.184,24234.3564
2026-08-20 21:16:13.605,24218.9211
2026-08-20 21:16:14.018,24203.1897
2026-08-20 21:16:14.430,24187.7463
2026-08-20 21:16:14.851,24172.3114
2026-08-20 21:16:15.266,24156.7206
2026-08-20 21:16:15.683,24141.4609
2026-08-20 21:16:16.095,24125.9656
2026-08-20 21:16:16.523,24110.205
2026-08-20 21:16:16.955,24094.6403
2026-08-20 21:16:17.368,24079.3653
2026-08-20 21:16:17.785,24064.2521
2026-08-20 21:16:18.212,24049.2224
2026-08-20 21:16:18.631,24033.6286
2026-08-20 21:16:19.044,24018.4326
2026-08-20 21:16:19.465,24003.6881
2026-08-20 21:16:19.878,23988.8176
2026-08-20 21:16:20.291,23974.1716
2026-08-20 21:16:20.703,23959.6757
2026-08-20 21:16:21.117,23945.1644
2026-08-20 21:16:21.531,23930.5513
2026-08-20 21:16:21.958,23915.8761
2026-08-20 21:16:22.388,23900.4772
2026-08-20 21:16:22.801,23885.2191
2026-08-20 21:16:23.214,23870.8938
2026-08-20 21:16:23.626,23857.0789
2026-08-20 21:16:24.038,23842.6241
2026-08-20 21:16:24.450,23828.5181
2026-08-20 21:16:24.862,23814.6473
2026-08-20 21:16:25.276,23801.0948
2026-08-20 21:16:25.701,23787.3315
2026-08-20 21:16:26.128,23773.592
2026-08-20 21:16:26.546,23759.6605
2026-08-20 21:16:26.973,23746.2654
2026-08-20 21:16:27.400,23732.558
2026-08-20 21:16:27.816,23719.0692
2026-08-20 21:16:28.228,23705.7225
2026-08-20 21:16:28.641,23692.5203
2026-08-20 21:16:29.070,23679.7088
2026-08-20 21:16:29.483,23666.0163
2026-08-20 21:16:29.911,23653.0196
2026-08-20 21:16:30.323,23640.1632
2026-08-20 21:16:30.748,23627.832
2026-08-20 21:16:31.160,23614.9299
2026-08-20 21:16:31.588,23602.4762
2026-08-20 21:16:32.002,23590.2938
2026-08-20 21:16:32.417,23578.5514
2026-08-20 21:16:32.844,23566.7529
2026-08-20 21:16:33.258,23554.6354
2026-08-20 21:16:33.670,23543.2783
2026-08-20 21:16:34.083,23531.7604
2026-08-20 21:16:34.526,23520.8123
2026-08-20 21:16:34.939,23509.3506
2026-08-20 21:16:35.366,23498.9837
2026-08-20 21:16:35.782,23488.1055
2026-08-20 21:16:36.194,23478.0852
2026-08-20 21:16:36.625,23468.4348
2026-08-20 21:16:37.037,23458.2906
2026-08-20 21:16:37.457,23449.1458
2026-08-20 21:16:37.870,23439.84
2026-08-20 21:16:38.298,23430.3868
2026-08-20 21:16:38.735,23421.845
2026-08-20 21:16:39.148,23412.9834
2026-08-20 21:16:39.560,23404.5566
2026-08-20 21:16:39.977,23396.5142
2026-08-20 21:16:40.395,23388.6362
2026-08-20 21:16:40.807,23380.8778
2026-08-20 21:16:41.220,23373.2695
2026-08-20 21:16:41.645,23366.0845
2026-08-20 21:16:42.071,23358.8268
2026-08-20 21:16:42.483,23351.9982
2026-08-20 21:16:42.896,23345.4336
2026-08-20 21:16:43.310,23339.4819
2026-08-20 21:16:43.722,23333.1439
2026-08-20 21:16:44.135,23327.0166
2026-08-20 21:16:44.556,23321.4403
2026-08-20 21:16:44.970,23315.8196
2026-08-20 21:16:45.383,23310.443
2026-08-20 21:16:45.805,23305.1826
2026-08-20 21:16:46.269,23300.3249
2026-08-20 21:16:46.694,23295.0774
2026-08-20 21:16:47.110,23290.46
2026-08-20 21:16:47.524,23286.11
2026-08-20 21:16:47.937,23281.6978
2026-08-20 21:16:48.349,23277.6949
2026-08-20 21:16:48.774,23273.7558
2026-08-20 21:16:49.188,23269.6251
2026-08-20 21:16:49.600,23265.9461
2026-08-20 21:16:50.024,23262.5012
2026-08-20 21:16:50.438,23259.2828
2026-08-20 21:16:50.873,23256.299
2026-08-20 21:16:51.301,23253.3939
2026-08-20 21:16:51.718,23250.4343
2026-08-20 21:16:52.130,23247.6553
2026-08-20 21:16:52.544,23245.1282
2026-08-20 21:16:52.981,23242.5831
2026-08-20 21:16:53.409,23240.1425
2026-08-20 21:16:53.823,23239.4672
2026-08-20 21:16:54.235,23240.4724
2026-08-20 21:16:54.655,23241.3022
2026-08-20 21:16:55.089,23242.078
2026-08-20 21:16:55.502,23244.8932
2026-08-20 21:16:55.916,23245.8448
2026-08-20 21:16:56.332,23245.9952
2026-08-20 21:16:56.752,23246.1167
2026-08-20 21:16:57.227,23246.4336
2026-08-20 21:16:57.654,23246.8095
2026-08-20 21:16:58.072,23247.1928
2026-08-20 21:16:58.485,23247.5967
2026-08-20 21:16:58.911,23248.2639
2026-08-20 21:16:59.337,23248.9821
2026-08-20 21:16:59.750,23249.1677
2026-08-20 21:17:00.163,23249.5297
2026-08-20 21:17:00.575,23250.0076
2026-08-20 21:17:00.988,23250.2142
2026-08-20 21:17:01.426,23250.5432
2026-08-20 21:17:01.840,23250.9446
2026-08-20 21:17:02.251,23251.3483
2026-08-20 21:17:02.676,23251.5942
2026-08-20 21:17:03.090,23252.31
2026-08-20 21:17:03.524,23252.5913
2026-08-20 21:17:03.949,23252.7352
2026-08-20 21:17:04.365,23252.6795
2026-08-20 21:17:04.783,23253.1055
2026-08-20 21:17:05.208,23253.5119
2026-08-20 21:17:05.639,23253.7829
2026-08-20 21:17:06.071,23254.0198
2026-08-20 21:17:06.488,23272.2111
2026-08-20 21:17:06.899,23377.441
2026-08-20 21:17:07.317,23551.2589
2026-08-20 21:17:07.750,23792.8174
2026-08-20 21:17:08.178,24084.8644
2026-08-20 21:17:08.591,24395.8119
2026-08-20 21:17:09.018,24713.2796
2026-08-20 21:17:09.430,24975.6848
2026-08-20 21:17:09.865,24723.3136
2026-08-20 21:17:10.299,24370.6587
2026-08-20 21:17:10.725,24061.4877
2026-08-20 21:17:11.142,23771.0689
2026-08-20 21:17:11.553,23532.3245
2026-08-20 21:17:11.983,23366.0135
2026-08-20 21:17:12.395,23280.777
2026-08-20 21:17:12.812,23269.8711
2026-08-20 21:17:13.239,23269.9056
2026-08-20 21:17:13.657,23269.2811
2026-08-20 21:17:14.076,23268.8438
2026-08-20 21:17:14.491,23268.5514
2026-08-20 21:17:14.905,23268.5792
2026-08-20 21:17:15.332,23268.212
2026-08-20 21:17:15.753,23267.8762
2026-08-20 21:17:16.179,23267.534
2026-08-20 21:17:16.611,23267.2486
2026-08-20 21:17:17.023,23267.0091
2026-08-20 21:17:17.450,23275.363
2026-08-20 21:17:17.864,23360.198
2026-08-20 21:17:18.290,23516.5553
2026-08-20 21:17:18.710,23751.7371
2026-08-20 21:17:19.126,24029.3449
2026-08-20 21:17:19.542,24328.372
2026-08-20 21:17:19.955,24645.0272
2026-08-20 21:17:20.391,24953.3823
2026-08-20 21:17:20.804,24778.3903
2026-08-20 21:17:21.218,24451.1399
2026-08-20 21:17:21.630,24141.9591
2026-08-20 21:17:22.046,23853.7618
2026-08-20 21:17:22.464,23598.7517
2026-08-20 21:17:22.955,23386.8041
2026-08-20 21:17:23.367,23293.3449
2026-08-20 21:17:23.791,23276.406
2026-08-20 21:17:24.208,23276.2901
2026-08-20 21:17:24.620,23275.6905
2026-08-20 21:17:25.033,23275.0757
2026-08-20 21:17:25.493,23274.6013
2026-08-20 21:17:25.906,23274.1438
2026-08-20 21:17:26.318,23273.6349
2026-08-20 21:17:26.730,23273.1546
2026-08-20 21:17:27.143,23272.7746
2026-08-20 21:17:27.603,23272.4981
2026-08-20 21:17:28.016,23272.5185
2026-08-20 21:17:28.429,23277.4501
2026-08-20 21:17:28.844,23353.2581
2026-08-20 21:17:29.256,23502.2939
2026-08-20 21:17:29.670,23721.917
2026-08-20 21:17:30.133,24026.8468
2026-08-20 21:17:30.607,24322.9007
2026-08-20 21:17:31.019,24684.6556
2026-08-20 21:17:31.433,24970.8955
2026-08-20 21:17:31.858,24764.4383
2026-08-20 21:17:32.273,24429.0942
2026-08-20 21:17:32.685,24121.0209
2026-08-20 21:17:33.113,23825.7567
2026-08-20 21:17:33.529,23578.7342
2026-08-20 21:17:33.947,23402.6126
2026-08-20 21:17:34.365,23302.0403
2026-08-20 21:17:34.779,23281.3623
2026-08-20 21:17:35.216,23281.4228
2026-08-20 21:17:35.720,23281.072
2026-08-20 21:17:36.138,23280.6936
2026-08-20 21:17:36.550,23280.4929
2026-08-20 21:17:36.970,23280.1917
2026-08-20 21:17:37.410,23279.8158
2026-08-20 21:17:37.832,23279.4959
2026-08-20 21:17:38.246,23279.371
2026-08-20 21:17:38.662,23279.0342
2026-08-20 21:17:39.074,23278.9507
2026-08-20 21:17:39.507,23286.7536
2026-08-20 21:17:39.921,23375.5623
2026-08-20 21:17:40.333,23534.1773
2026-08-20 21:17:40.749,23761.6982
2026-08-20 21:17:41.164,24036.5702
2026-08-20 21:17:41.576,24335.4536
2026-08-20 21:17:42.071,24713.701
2026-08-20 21:17:42.485,24984.2769
2026-08-20 21:17:42.901,24751.6943
2026-08-20 21:17:43.314,24424.6086
2026-08-20 21:17:43.727,24118.0849
2026-08-20 21:17:44.153,23832.9789
2026-08-20 21:17:44.567,23579.9804
2026-08-20 21:17:44.998,23402.0662
2026-08-20 21:17:45.411,23306.762
2026-08-20 21:17:45.825,23289.877
2026-08-20 21:17:46.243,23289.5609
2026-08-20 21:17:46.674,23288.9288
2026-08-20 21:17:47.089,23288.4812
2026-08-20 21:17:47.503,23288.4791
2026-08-20 21:17:47.930,23288.3683
2026-08-20 21:17:48.348,23288.3304
2026-08-20 21:17:48.761,23288.1605
2026-08-20 21:17:49.191,23287.6933
2026-08-20 21:17:49.604,23287.4614
2026-08-20 21:17:50.017,23287.312
2026-08-20 21:17:50.434,23289.3401
2026-08-20 21:17:50.847,23356.9821
2026-08-20 21:17:51.311,23498.453
2026-08-20 21:17:51.742,23745.3727
2026-08-20 21:17:52.160,24023.6558
2026-08-20 21:17:52.572,24323.8199
2026-08-20 21:17:52.985,24637.549
2026-08-20 21:17:53.418,24966.0443
2026-08-20 21:17:53.832,24835.3078
2026-08-20 21:17:54.244,24506.1951
2026-08-20 21:17:54.672,24184.7582
2026-08-20 21:17:55.100,23883.9482
2026-08-20 21:17:55.518,23629.2494
2026-08-20 21:17:55.944,23439.6835
2026-08-20 21:17:56.357,23327.3358
2026-08-20 21:17:56.771,23297.328
2026-08-20 21:17:57.183,23297.6207
2026-08-20 21:17:57.598,23297.4211
2026-08-20 21:17:58.015,23296.8981
2026-08-20 21:17:58.427,23296.7034
2026-08-20 21:17:58.842,23296.8952
2026-08-20 21:17:59.255,23296.8052
2026-08-20 21:17:59.682,23296.4414
2026-08-20 21:18:00.102,23296.4714
2026-08-20 21:18:00.517,23296.4116
2026-08-20 21:18:00.934,23296.3556
2026-08-20 21:18:01.348,23296.3201
2026-08-20 21:18:01.760,23338.6728
2026-08-20 21:18:02.171,23461.6563
2026-08-20 21:18:02.598,23663.2551
2026-08-20 21:18:03.016,23917.9047
2026-08-20 21:18:03.507,24266.8143
2026-08-20 21:18:03.936,24589.5781
2026-08-20 21:18:04.348,24916.7257
2026-08-20 21:18:04.769,24928.7573
2026-08-20 21:18:05.193,24589.4583
2026-08-20 21:18:05.605,24267.5919
2026-08-20 21:18:06.018,23973.2956
2026-08-20 21:18:06.431,23707.6274
2026-08-20 21:18:06.851,23500.654
2026-08-20 21:18:07.269,23369.412
2026-08-20 21:18:07.681,23316.4883
2026-08-20 21:18:08.115,23316.5062
2026-08-20 21:18:08.529,23316.6739
2026-08-20 21:18:08.946,23316.5169
2026-08-20 21:18:09.364,23316.3825
2026-08-20 21:18:09.777,23316.4271
2026-08-20 21:18:10.197,23316.5312
2026-08-20 21:18:10.699,23316.4573
2026-08-20 21:18:11.110,23316.3789
2026-08-20 21:18:11.523,23316.5217
2026-08-20 21:18:11.942,23316.3006
2026-08-20 21:18:12.371,23316.1406
2026-08-20 21:18:12.787,23358.5201
2026-08-20 21:18:13.202,23483.0876
2026-08-20 21:18:13.628,23678.937
2026-08-20 21:18:14.045,23942.7926
2026-08-20 21:18:14.458,24233.2609
2026-08-20 21:18:14.885,24552.2005
2026-08-20 21:18:15.319,24874.7515
2026-08-20 21:18:15.754,24973.5553
2026-08-20 21:18:16.166,24635.243
2026-08-20 21:18:16.578,24318.3444
2026-08-20 21:18:16.999,24020.8843
2026-08-20 21:18:17.435,23744.7691
2026-08-20 21:18:17.849,23518.97
2026-08-20 21:18:18.262,23385.0621
2026-08-20 21:18:18.682,23326.7692
2026-08-20 21:18:19.098,23325.1802
2026-08-20 21:18:19.512,23325.0507
2026-08-20 21:18:19.929,23324.2947
2026-08-20 21:18:20.351,23323.7866
2026-08-20 21:18:20.845,23323.7631
2026-08-20 21:18:21.318,23323.4934
2026-08-20 21:18:21.748,23323.3924
2026-08-20 21:18:22.163,23323.1617
2026-08-20 21:18:22.575,23323.2525
2026-08-20 21:18:22.987,23323.1851
2026-08-20 21:18:23.401,23322.9743
2026-08-20 21:18:23.843,23370.8666
2026-08-20 21:18:24.254,23503.7593
2026-08-20 21:18:24.668,23704.6072
2026-08-20 21:18:25.084,23963.5161
2026-08-20 21:18:25.499,24255.2023
2026-08-20 21:18:25.915,24565.8009
2026-08-20 21:18:26.328,24891.6175
2026-08-20 21:18:26.742,25000.1431
2026-08-20 21:18:27.164,24668.4464
2026-08-20 21:18:27.608,24346.3731
2026-08-20 21:18:28.021,24024.7018
2026-08-20 21:18:28.441,23754.1422
2026-08-20 21:18:28.855,23534.7417
2026-08-20 21:18:29.273,23397.3462
2026-08-20 21:18:29.734,23332.7456
2026-08-20 21:18:30.149,23332.3496
2026-08-20 21:18:30.563,23332.5152
2026-08-20 21:18:30.988,23332.4739
2026-08-20 21:18:31.402,23332.2676
2026-08-20 21:18:31.816,23332.5015
2026-08-20 21:18:32.243,23332.4698
2026-08-20 21:18:32.655,23332.5813
2026-08-20 21:18:33.083,23332.441
2026-08-20 21:18:33.501,23332.5824
2026-08-20 21:18:33.924,23332.5279
2026-08-20 21:18:34.337,23332.6798
2026-08-20 21:18:34.768,23361.4014
2026-08-20 21:18:35.181,23475.6703
2026-08-20 21:18:35.623,23660.1657
2026-08-20 21:18:36.043,23926.8106
2026-08-20 21:18:36.457,24217.9232
2026-08-20 21:18:36.876,24524.5293
2026-08-20 21:18:37.292,24851.7148
2026-08-20 21:18:37.767,25017.0208
2026-08-20 21:18:38.180,24683.0124
2026-08-20 21:18:38.602,24363.4851
2026-08-20 21:18:39.021,24055.9397
2026-08-20 21:18:39.441,23778.4129
2026-08-20 21:18:39.862,23555.0898
2026-08-20 21:18:40.285,23411.8324
2026-08-20 21:18:40.698,23346.1931
2026-08-20 21:18:41.111,23343.6374
2026-08-20 21:18:41.537,23343.4708
2026-08-20 21:18:41.983,23342.8128
2026-08-20 21:18:42.409,23342.3291
2026-08-20 21:18:42.821,23342.3013
2026-08-20 21:18:43.249,23341.9465
2026-08-20 21:18:43.676,23341.6723
2026-08-20 21:18:44.101,23341.4606
2026-08-20 21:18:44.514,23341.3611
2026-08-20 21:18:44.933,23341.3597
2026-08-20 21:18:45.359,23341.3517
2026-08-20 21:18:45.772,23368.1338
2026-08-20 21:18:46.239,23498.9943
2026-08-20 21:18:46.651,23690.2725
2026-08-20 21:18:47.064,23941.9738
2026-08-20 21:18:47.477,24228.8824
2026-08-20 21:18:47.890,24534.9359
2026-08-20 21:18:48.316,24857.602
2026-08-20 21:18:48.733,25047.0882
2026-08-20 21:18:49.178,24738.0346
2026-08-20 21:18:49.589,24392.1992
2026-08-20 21:18:50.003,24091.3685
2026-08-20 21:18:50.421,23813.7865
2026-08-20 21:18:50.835,23583.5774
2026-08-20 21:18:51.248,23433.5232
2026-08-20 21:18:51.661,23357.9542
2026-08-20 21:18:52.120,23351.4255
2026-08-20 21:18:52.533,23351.2148
2026-08-20 21:18:52.947,23351.2752
2026-08-20 21:18:53.378,23350.6736
2026-08-20 21:18:53.791,23350.133
2026-08-20 21:18:54.234,23349.7441
2026-08-20 21:18:54.665,23349.2536
2026-08-20 21:18:55.080,23349.0729
2026-08-20 21:18:55.492,23349.0701
2026-08-20 21:18:55.906,23348.7945
2026-08-20 21:18:56.333,23348.8875
2026-08-20 21:18:56.745,23366.8404
2026-08-20 21:18:57.179,23468.3251
2026-08-20 21:18:57.591,23650.8327
2026-08-20 21:18:58.004,23892.3729
2026-08-20 21:18:58.417,24172.9531
2026-08-20 21:18:58.840,24475.8042
2026-08-20 21:18:59.254,24804.1388
2026-08-20 21:18:59.675,25065.0626
2026-08-20 21:19:00.089,24810.7654
2026-08-20 21:19:00.508,24484.0689
2026-08-20 21:19:00.929,24172.4757
2026-08-20 21:19:01.343,23881.9788
2026-08-20 21:19:01.770,23639.0352
2026-08-20 21:19:02.188,23465.9037
2026-08-20 21:19:02.602,23372.6687
2026-08-20 21:19:03.037,23357.651
2026-08-20 21:19:03.462,23357.5454
2026-08-20 21:19:03.876,23356.7345
2026-08-20 21:19:04.290,23356.2072
2026-08-20 21:19:04.754,23355.6861
2026-08-20 21:19:05.173,23355.3976
2026-08-20 21:19:05.587,23355.256
2026-08-20 21:19:06.000,23354.7857
2026-08-20 21:19:06.412,23354.5122
2026-08-20 21:19:06.840,23354.367
2026-08-20 21:19:07.251,23354.1828
2026-08-20 21:19:07.667,23360.902
2026-08-20 21:19:08.080,23442.7524
2026-08-20 21:19:08.492,23596.8678
2026-08-20 21:19:08.959,23853.6564
2026-08-20 21:19:09.384,24130.4587
2026-08-20 21:19:09.797,24438.8583
2026-08-20 21:19:10.224,24756.3946
2026-08-20 21:19:10.638,25063.2984
2026-08-20 21:19:11.049,24869.3693
2026-08-20 21:19:11.462,24541.9479
2026-08-20 21:19:11.891,24230.7342
2026-08-20 21:19:12.303,23930.6369
2026-08-20 21:19:12.730,23671.4407
2026-08-20 21:19:13.142,23492.0167
2026-08-20 21:19:13.555,23387.4571
2026-08-20 21:19:13.968,23362.4061
2026-08-20 21:19:14.434,23362.1993
2026-08-20 21:19:14.850,23361.702
2026-08-20 21:19:15.262,23361.1116
2026-08-20 21:19:15.689,23360.7395
2026-08-20 21:19:16.103,23360.4175
2026-08-20 21:19:16.515,23359.4334
2026-08-20 21:19:16.932,23359.4488
2026-08-20 21:19:17.360,23359.1699
2026-08-20 21:19:17.772,23358.842
2026-08-20 21:19:18.187,23358.5926
2026-08-20 21:19:18.600,23359.5725
2026-08-20 21:19:19.014,23421.5761
2026-08-20 21:19:19.426,23560.0293
2026-08-20 21:19:19.846,23769.3986
2026-08-20 21:19:20.258,24037.6578
2026-08-20 21:19:20.702,24329.7485
2026-08-20 21:19:21.115,24665.5283
2026-08-20 21:19:21.528,24992.3371
2026-08-20 21:19:21.962,24973.1086
2026-08-20 21:19:22.376,24634.2543
2026-08-20 21:19:22.810,24317.3117
2026-08-20 21:19:23.233,24006.3442
2026-08-20 21:19:23.649,23736.1426
2026-08-20 21:19:24.074,23534.1403
2026-08-20 21:19:24.488,23408.6247
2026-08-20 21:19:24.932,23364.5873
2026-08-20 21:19:25.348,23364.6792
2026-08-20 21:19:25.761,23364.1706
2026-08-20 21:19:26.175,23363.7294
2026-08-20 21:19:26.602,23362.9062
2026-08-20 21:19:27.021,23362.9521
2026-08-20 21:19:27.435,23362.6446
2026-08-20 21:19:27.855,23362.045
2026-08-20 21:19:28.269,23361.8215
2026-08-20 21:19:28.691,23361.6759
2026-08-20 21:19:29.103,23361.4797
2026-08-20 21:19:29.529,23361.5304
2026-08-20 21:19:29.942,23400.9875
2026-08-20 21:19:30.376,23528.9025
2026-08-20 21:19:30.802,23728.1285
2026-08-20 21:19:31.221,23993.1672
2026-08-20 21:19:31.637,24286.6181
2026-08-20 21:19:32.052,24597.2197
2026-08-20 21:19:32.468,24922.9431
2026-08-20 21:19:32.881,25048.1254
2026-08-20 21:19:33.293,24723.3746
2026-08-20 21:19:33.715,24404.0337
2026-08-20 21:19:34.128,24095.5376
2026-08-20 21:19:34.542,23819.6865
2026-08-20 21:19:34.958,23594.9229
2026-08-20 21:19:35.386,23447.0373
2026-08-20 21:19:35.813,23372.989
2026-08-20 21:19:36.236,23369.7265
2026-08-20 21:19:36.650,23369.1511
2026-08-20 21:19:37.071,23368.7354
2026-08-20 21:19:37.505,23368.0799
2026-08-20 21:19:37.918,23367.4672
2026-08-20 21:19:38.330,23367.0639
2026-08-20 21:19:38.742,23366.9156
2026-08-20 21:19:39.156,23366.3219
2026-08-20 21:19:39.569,23366.1692
2026-08-20 21:19:40.085,23365.8728
2026-08-20 21:19:40.498,23365.5776
2026-08-20 21:19:40.912,23393.9144
2026-08-20 21:19:41.373,23507.6373
2026-08-20 21:19:41.792,23720.0856
2026-08-20 21:19:42.210,23974.191
2026-08-20 21:19:42.624,24264.7921
2026-08-20 21:19:43.036,24572.4075
2026-08-20 21:19:43.470,24906.0953
2026-08-20 21:19:43.883,25064.2028
2026-08-20 21:19:44.300,24747.7264
2026-08-20 21:19:44.725,24423.1171
2026-08-20 21:19:45.151,24111.621
2026-08-20 21:19:45.570,23825.818
2026-08-20 21:19:45.984,23598.1007
2026-08-20 21:19:46.411,23446.6606
2026-08-20 21:19:46.848,23375.8984
2026-08-20 21:19:47.261,23372.2315
2026-08-20 21:19:47.673,23371.6966
2026-08-20 21:19:48.085,23371.1369
2026-08-20 21:19:48.509,23370.4538
2026-08-20 21:19:48.922,23370.3061
2026-08-20 21:19:49.336,23370.0077
2026-08-20 21:19:49.748,23369.7363
2026-08-20 21:19:50.161,23369.2968
2026-08-20 21:19:50.572,23369.0342
2026-08-20 21:19:50.999,23368.8044
2026-08-20 21:19:51.411,23368.689
2026-08-20 21:19:51.831,23379.8651
2026-08-20 21:19:52.243,23473.2911
2026-08-20 21:19:52.657,23636.4011
2026-08-20 21:19:53.089,23869.395
2026-08-20 21:19:53.516,24158.8852
2026-08-20 21:19:53.936,24469.583
2026-08-20 21:19:54.349,24793.2368
2026-08-20 21:19:54.776,25082.2594
2026-08-20 21:19:55.188,24858.9325
2026-08-20 21:19:55.601,24532.262
2026-08-20 21:19:56.017,24222.9635
2026-08-20 21:19:56.445,23933.4836
2026-08-20 21:19:56.858,23676.1109
2026-08-20 21:19:57.278,23499.7109
2026-08-20 21:19:57.691,23397.2299
2026-08-20 21:19:58.125,23376.3724
2026-08-20 21:19:58.548,23376.4525
2026-08-20 21:19:58.973,23375.9731
2026-08-20 21:19:59.390,23375.3902
2026-08-20 21:19:59.804,23375.0109
2026-08-20 21:20:00.219,23374.7547
2026-08-20 21:20:00.633,23374.4931
2026-08-20 21:20:01.056,23374.1377
2026-08-20 21:20:01.469,23373.3266
2026-08-20 21:20:01.881,23372.6483
2026-08-20 21:20:02.300,23372.4072
2026-08-20 21:20:02.727,23373.9522
2026-08-20 21:20:03.141,23441.1777
2026-08-20 21:20:03.555,23583.0874
2026-08-20 21:20:03.981,23797.0205
2026-08-20 21:20:04.393,24071.5557
2026-08-20 21:20:04.807,24365.1229
2026-08-20 21:20:05.229,24677.5642
2026-08-20 21:20:05.665,25012.2273
2026-08-20 21:20:06.079,24971.9918
2026-08-20 21:20:06.492,24638.9647
2026-08-20 21:20:06.907,24324.2362
2026-08-20 21:20:07.322,24027.5359
2026-08-20 21:20:07.734,23761.3188
2026-08-20 21:20:08.149,23557.9156
2026-08-20 21:20:08.561,23431.4318
2026-08-20 21:20:08.989,23381.4901
2026-08-20 21:20:09.408,23381.4245
2026-08-20 21:20:09.821,23381.1133
2026-08-20 21:20:10.232,23380.4171
2026-08-20 21:20:10.648,23379.9984
2026-08-20 21:20:11.060,23379.8783
2026-08-20 21:20:11.473,23379.336
2026-08-20 21:20:11.885,23378.9021
2026-08-20 21:20:12.298,23378.6731
2026-08-20 21:20:12.710,23378.109
2026-08-20 21:20:13.132,23378.0455
2026-08-20 21:20:13.545,23377.8177
2026-08-20 21:20:13.969,23401.2846
2026-08-20 21:20:14.393,23512.9938
2026-08-20 21:20:14.820,23699.1355
2026-08-20 21:20:15.232,23953.8011
2026-08-20 21:20:15.668,24247.4312
2026-08-20 21:20:16.080,24559.8834
2026-08-20 21:20:16.493,24880.2254
2026-08-20 21:20:16.915,25089.4529
2026-08-20 21:20:17.327,24793.1653
2026-08-20 21:20:17.746,24471.0409
2026-08-20 21:20:18.164,24161.5362
2026-08-20 21:20:18.590,23877.4008
2026-08-20 21:20:19.052,23612.9914
2026-08-20 21:20:19.464,23464.8884
2026-08-20 21:20:19.878,23391.2719
2026-08-20 21:20:20.291,23385.418
2026-08-20 21:20:20.708,23384.9397
2026-08-20 21:20:21.174,23384.6445
2026-08-20 21:20:21.587,23383.9313
2026-08-20 21:20:22.010,23383.4939
2026-08-20 21:20:22.436,23383.1132
2026-08-20 21:20:22.850,23382.943
2026-08-20 21:20:23.307,23382.4189
2026-08-20 21:20:23.719,23382.1641
2026-08-20 21:20:24.132,23382.1074
2026-08-20 21:20:24.544,23381.9156
2026-08-20 21:20:24.956,23401.576
2026-08-20 21:20:25.369,23505.3144
2026-08-20 21:20:25.870,23725.4159
2026-08-20 21:20:26.283,23976.0044
2026-08-20 21:20:26.698,24262.4844
2026-08-20 21:20:27.127,24570.5222
2026-08-20 21:20:27.605,24945.8307
2026-08-20 21:20:28.019,25063.2438
2026-08-20 21:20:28.431,24735.5537
2026-08-20 21:20:28.844,24415.6342
2026-08-20 21:20:29.265,24114.2887
2026-08-20 21:20:29.702,23833.765
2026-08-20 21:20:30.114,23600.9869
2026-08-20 21:20:30.526,23460.2341
2026-08-20 21:20:30.941,23393.4996
2026-08-20 21:20:31.354,23389.8892
2026-08-20 21:20:31.771,23389.6562
2026-08-20 21:20:32.184,23389.0734
2026-08-20 21:20:32.597,23388.4399
2026-08-20 21:20:33.028,23388.0011
2026-08-20 21:20:33.440,23387.8006
2026-08-20 21:20:33.859,23387.5473
2026-08-20 21:20:34.286,23387.3017
2026-08-20 21:20:34.699,23387.0473
2026-08-20 21:20:35.124,23386.8965
2026-08-20 21:20:35.543,23386.7396
2026-08-20 21:20:35.956,23402.3661
2026-08-20 21:20:36.383,23505.1195
2026-08-20 21:20:36.795,23676.1595
2026-08-20 21:20:37.209,23913.7796
2026-08-20 21:20:37.621,24193.4036
2026-08-20 21:20:38.033,24494.9833
2026-08-20 21:20:38.454,24812.1254
2026-08-20 21:20:38.868,25100.6583
2026-08-20 21:20:39.293,24871.0584
2026-08-20 21:20:39.705,24545.2754
2026-08-20 21:20:40.124,24233.3726
2026-08-20 21:20:40.537,23945.7435
2026-08-20 21:20:40.963,23690.4688
2026-08-20 21:20:41.388,23516.2617
2026-08-20 21:20:41.801,23414.3121
2026-08-20 21:20:42.213,23395.2824
2026-08-20 21:20:42.639,23395.0182
2026-08-20 21:20:43.052,23394.4781
2026-08-20 21:20:43.514,23393.6909
2026-08-20 21:20:43.941,23393.2438
2026-08-20 21:20:44.354,23392.9295
2026-08-20 21:20:44.780,23392.2363
2026-08-20 21:20:45.197,23391.8249
2026-08-20 21:20:45.609,23391.2869
2026-08-20 21:20:46.052,23391.0748
2026-08-20 21:20:46.465,23390.8346
2026-08-20 21:20:46.877,23396.2763
2026-08-20 21:20:47.297,23474.0728
2026-08-20 21:20:47.713,23628.7046
2026-08-20 21:20:48.126,23853.4653
2026-08-20 21:20:48.539,24124.7561
2026-08-20 21:20:49.004,24457.6376
2026-08-20 21:20:49.419,24776.7846
2026-08-20 21:20:49.831,25089.3224
2026-08-20 21:20:50.249,24936.8228
2026-08-20 21:20:50.664,24603.0859
2026-08-20 21:20:51.135,24288.9792
2026-08-20 21:20:51.581,23937.3982
2026-08-20 21:20:51.996,23691.2254
2026-08-20 21:20:52.410,23516.6801
2026-08-20 21:20:52.840,23416.9523
2026-08-20 21:20:53.275,23397.7603
2026-08-20 21:20:53.687,23397.5674
2026-08-20 21:20:54.113,23396.82
2026-08-20 21:20:54.526,23396.4404
2026-08-20 21:20:54.939,23395.8007
2026-08-20 21:20:55.355,23395.3488
2026-08-20 21:20:55.768,23394.9832
2026-08-20 21:20:56.212,23394.3863
2026-08-20 21:20:56.646,23393.8212
2026-08-20 21:20:57.058,23393.3874
2026-08-20 21:20:57.472,23393.0919
2026-08-20 21:20:57.935,23397.0636
2026-08-20 21:20:58.367,23486.6851
2026-08-20 21:20:58.780,23651.2325
2026-08-20 21:20:59.192,23880.2052
2026-08-20 21:20:59.620,24154.6738
2026-08-20 21:21:00.032,24464.5735
2026-08-20 21:21:00.466,24780.103
2026-08-20 21:21:00.878,25097.7046
2026-08-20 21:21:01.290,24916.7507
2026-08-20 21:21:01.718,24577.2001
2026-08-20 21:21:02.131,24266.2989
2026-08-20 21:21:02.596,23941.5088
2026-08-20 21:21:03.009,23695.2998
2026-08-20 21:21:03.423,23520.2233
2026-08-20 21:21:03.847,23419.8372
2026-08-20 21:21:04.260,23399.1768
2026-08-20 21:21:04.726,23398.8256
2026-08-20 21:21:05.140,23398.1925
2026-08-20 21:21:05.555,23397.6366
2026-08-20 21:21:05.966,23397.2971
2026-08-20 21:21:06.379,23396.9055
2026-08-20 21:21:06.793,23396.3001
2026-08-20 21:21:07.210,23395.7066
2026-08-20 21:21:07.676,23395.3898
2026-08-20 21:21:08.090,23395.0978
2026-08-20 21:21:08.506,23395.0065
2026-08-20 21:21:08.919,23399.9119
2026-08-20 21:21:09.345,23480.9687
2026-08-20 21:21:09.790,23633.7267
2026-08-20 21:21:10.210,23876.2623
2026-08-20 21:21:10.626,24154.6976
2026-08-20 21:21:11.043,24455.8199
2026-08-20 21:21:11.459,24774.7552
2026-08-20 21:21:11.936,25107.7633
2026-08-20 21:21:12.349,24892.0901
2026-08-20 21:21:12.762,24564.6156
2026-08-20 21:21:13.174,24255.0058
2026-08-20 21:21:13.588,23966.5922
2026-08-20 21:21:14.065,23688.126
2026-08-20 21:21:14.477,23513.1951
2026-08-20 21:21:14.889,23418.4678
2026-08-20 21:21:15.301,23401.4033
2026-08-20 21:21:15.713,23401.5782
2026-08-20 21:21:16.184,23400.5933
2026-08-20 21:21:16.605,23400.1249
2026-08-20 21:21:17.032,23399.4634
2026-08-20 21:21:17.449,23399.1542
2026-08-20 21:21:17.863,23398.5909
2026-08-20 21:21:18.275,23398.4148
2026-08-20 21:21:18.688,23398.2324
2026-08-20 21:21:19.101,23397.7154
2026-08-20 21:21:19.515,23397.603
2026-08-20 21:21:19.928,23401.4998
2026-08-20 21:21:20.393,23475.322
2026-08-20 21:21:20.810,23650.3112
2026-08-20 21:21:21.233,23876.701
2026-08-20 21:21:21.645,24157.6469
2026-08-20 21:21:22.058,24455.3452
2026-08-20 21:21:22.498,24782.3887
2026-08-20 21:21:22.911,25099.064
2026-08-20 21:21:23.324,24932.8542
2026-08-20 21:21:23.745,24603.1744
2026-08-20 21:21:24.158,24285.5123
2026-08-20 21:21:24.585,23994.1261
2026-08-20 21:21:24.997,23731.012
2026-08-20 21:21:25.469,23545.6527
2026-08-20 21:21:25.900,23423.9125
2026-08-20 21:21:26.315,23403.5655
2026-08-20 21:21:26.741,23403.4346
2026-08-20 21:21:27.154,23402.7269
2026-08-20 21:21:27.580,23402.3005
2026-08-20 21:21:28.000,23401.5975
2026-08-20 21:21:28.419,23401.0985
2026-08-20 21:21:28.846,23400.5156
2026-08-20 21:21:29.258,23399.9052
2026-08-20 21:21:29.669,23399.4157
2026-08-20 21:21:30.113,23399.3583
2026-08-20 21:21:30.525,23399.1218
2026-08-20 21:21:30.939,23402.0232
2026-08-20 21:21:31.351,23473.3084
2026-08-20 21:21:31.779,23625.362
2026-08-20 21:21:32.245,23876.704
2026-08-20 21:21:32.672,24150.0521
2026-08-20 21:21:33.089,24458.165
2026-08-20 21:21:33.505,24777.6368
2026-08-20 21:21:33.917,25094.3998
2026-08-20 21:21:34.357,24950.7327
2026-08-20 21:21:34.769,24599.0653
2026-08-20 21:21:35.181,24288.7736
2026-08-20 21:21:35.593,23997.5456
2026-08-20 21:21:36.017,23741.6431
2026-08-20 21:21:36.432,23548.6137
2026-08-20 21:21:36.845,23436.5901
2026-08-20 21:21:37.258,23404.2958
2026-08-20 21:21:37.677,23404.1532
2026-08-20 21:21:38.091,23403.1119
2026-08-20 21:21:38.510,23402.3198
2026-08-20 21:21:38.935,23401.7118
2026-08-20 21:21:39.347,23401.1758
2026-08-20 21:21:39.761,23401.0211
2026-08-20 21:21:40.173,23400.5063
2026-08-20 21:21:40.586,23399.9562
2026-08-20 21:21:41.052,23399.7321
2026-08-20 21:21:41.466,23399.3258
2026-08-20 21:21:41.879,23399.419
2026-08-20 21:21:42.291,23452.2879
2026-08-20 21:21:42.712,23583.7738
2026-08-20 21:21:43.126,23791.5963
2026-08-20 21:21:43.540,24052.6979
2026-08-20 21:21:44.002,24379.0536
2026-08-20 21:21:44.415,24691.2011
2026-08-20 21:21:44.829,25017.6321
2026-08-20 21:21:45.241,25043.2709
2026-08-20 21:21:45.653,24708.8323
2026-08-20 21:21:46.065,24391.91
2026-08-20 21:21:46.491,24083.3313
2026-08-20 21:21:46.915,23814.0704
2026-08-20 21:21:47.328,23597.4013
2026-08-20 21:21:47.744,23464.3765
2026-08-20 21:21:48.168,23406.9878
2026-08-20 21:21:48.585,23405.6349
2026-08-20 21:21:48.999,23405.2225
2026-08-20 21:21:49.416,23404.6651
2026-08-20 21:21:49.882,23403.9087
2026-08-20 21:21:50.301,23403.2924
2026-08-20 21:21:50.717,23402.6279
2026-08-20 21:21:51.131,23401.9025
2026-08-20 21:21:51.544,23401.3235
2026-08-20 21:21:51.958,23401.1167
2026-08-20 21:21:52.372,23400.8771
2026-08-20 21:21:52.804,23400.5922
2026-08-20 21:21:53.230,23432.0197
2026-08-20 21:21:53.647,23552.9333
2026-08-20 21:21:54.066,23744.448
2026-08-20 21:21:54.479,23999.5186
2026-08-20 21:21:54.924,24285.3356
2026-08-20 21:21:55.350,24616.8988
2026-08-20 21:21:55.778,24950.3697
2026-08-20 21:21:56.191,25091.1476
2026-08-20 21:21:56.603,24767.232
2026-08-20 21:21:57.044,24446.4738
2026-08-20 21:21:57.461,24124.8165
2026-08-20 21:21:57.877,23847.0339
2026-08-20 21:21:58.305,23623.9127
2026-08-20 21:21:58.719,23476.5989
2026-08-20 21:21:59.158,23409.9651
2026-08-20 21:21:59.571,23406.6481
2026-08-20 21:21:59.997,23406.2418
2026-08-20 21:22:00.410,23405.516
2026-08-20 21:22:00.824,23404.878
2026-08-20 21:22:01.246,23404.4012
2026-08-20 21:22:01.658,23404.099
2026-08-20 21:22:02.095,23403.5902
2026-08-20 21:22:02.507,23403.0878
2026-08-20 21:22:02.928,23402.8012
2026-08-20 21:22:03.341,23402.6422
2026-08-20 21:22:03.766,23402.2684
2026-08-20 21:22:04.179,23423.3066
2026-08-20 21:22:04.591,23528.7665
2026-08-20 21:22:05.037,23704.4089
2026-08-20 21:22:05.456,23966.852
2026-08-20 21:22:05.883,24254.4546
2026-08-20 21:22:06.303,24569.1277
2026-08-20 21:22:06.716,24896.1413
2026-08-20 21:22:07.150,25116.36
2026-08-20 21:22:07.563,24820.3401
2026-08-20 21:22:07.983,24496.6719
2026-08-20 21:22:08.397,24185.6481
2026-08-20 21:22:08.815,23903.2698
2026-08-20 21:22:09.228,23665.5838
2026-08-20 21:22:09.641,23504.7855
2026-08-20 21:22:10.054,23418.3934
2026-08-20 21:22:10.519,23407.13
2026-08-20 21:22:10.947,23406.582
2026-08-20 21:22:11.373,23405.8567
2026-08-20 21:22:11.787,23405.2298
2026-08-20 21:22:12.213,23404.8374
2026-08-20 21:22:12.627,23404.3217
2026-08-20 21:22:13.048,23403.6131
2026-08-20 21:22:13.463,23402.9259
2026-08-20 21:22:13.875,23402.4722
2026-08-20 21:22:14.289,23402.2311
2026-08-20 21:22:14.717,23401.8758
2026-08-20 21:22:15.130,23412.9898
2026-08-20 21:22:15.542,23504.7201
2026-08-20 21:22:15.965,23667.5626
2026-08-20 21:22:16.393,23905.3543
2026-08-20 21:22:16.805,24191.5629
2026-08-20 21:22:17.229,24491.7891
2026-08-20 21:22:17.655,24818.659
2026-08-20 21:22:18.069,25115.434
2026-08-20 21:22:18.482,24903.6526
2026-08-20 21:22:18.915,24564.1995
2026-08-20 21:22:19.330,24251.4093
2026-08-20 21:22:19.744,23962.2813
2026-08-20 21:22:20.163,23712.8013
2026-08-20 21:22:20.579,23532.4854
2026-08-20 21:22:20.994,23429.3231
2026-08-20 21:22:21.408,23407.5927
2026-08-20 21:22:21.835,23407.3615
2026-08-20 21:22:22.247,23406.9206
2026-08-20 21:22:22.723,23406.1902
2026-08-20 21:22:23.136,23405.7084
2026-08-20 21:22:23.563,23405.5731
2026-08-20 21:22:23.976,23404.9067
2026-08-20 21:22:24.390,23404.6149
2026-08-20 21:22:24.830,23404.2248
2026-08-20 21:22:25.243,23404.0281
2026-08-20 21:22:25.666,23403.8175
2026-08-20 21:22:26.079,23408.4724
2026-08-20 21:22:26.491,23485.0225
2026-08-20 21:22:26.904,23634.5447
2026-08-20 21:22:27.315,23854.6501
2026-08-20 21:22:27.728,24123.6348
2026-08-20 21:22:28.141,24419.1825
2026-08-20 21:22:28.554,24732.6932
2026-08-20 21:22:28.971,25060.9866
2026-08-20 21:22:29.385,25007.886
2026-08-20 21:22:29.815,24661.7732
2026-08-20 21:22:30.265,24336.6655
2026-08-20 21:22:30.677,24026.424
2026-08-20 21:22:31.103,23759.2482
2026-08-20 21:22:31.516,23566.3229
2026-08-20 21:22:31.929,23449.5987
2026-08-20 21:22:32.341,23411.1307
2026-08-20 21:22:32.754,23411.7258
2026-08-20 21:22:33.180,23411.04
2026-08-20 21:22:33.593,23410.6001
2026-08-20 21:22:34.008,23409.9235
2026-08-20 21:22:34.421,23409.5883
2026-08-20 21:22:34.839,23409.3137
2026-08-20 21:22:35.264,23408.8676
2026-08-20 21:22:35.678,23408.3806
2026-08-20 21:22:36.090,23408.147
2026-08-20 21:22:36.504,23407.82
2026-08-20 21:22:36.969,23407.6485
2026-08-20 21:22:37.386,23453.9641
2026-08-20 21:22:37.800,23583.1693
2026-08-20 21:22:38.220,23783.3554
2026-08-20 21:22:38.631,24045.5109
2026-08-20 21:22:39.046,24334.6564
2026-08-20 21:22:39.511,24648.0086
2026-08-20 21:22:39.930,25013.8177
2026-08-20 21:22:40.343,25068.1486
2026-08-20 21:22:40.755,24732.8242
2026-08-20 21:22:41.170,24414.4837
2026-08-20 21:22:41.597,24112.8982
2026-08-20 21:22:42.014,23831.9185
2026-08-20 21:22:42.428,23614.6035
2026-08-20 21:22:42.867,23477.1602
2026-08-20 21:22:43.280,23414.156
2026-08-20 21:22:43.699,23412.9893
2026-08-20 21:22:44.112,23412.5252
2026-08-20 21:22:44.528,23411.9909
2026-08-20 21:22:44.944,23411.3995
2026-08-20 21:22:45.372,23411.0369
2026-08-20 21:22:45.787,23410.6106
2026-08-20 21:22:46.201,23410.071
2026-08-20 21:22:46.630,23409.6362
2026-08-20 21:22:47.042,23409.2611
2026-08-20 21:22:47.470,23409.0143
2026-08-20 21:22:47.889,23408.837
2026-08-20 21:22:48.350,23433.2592
2026-08-20 21:22:48.769,23562.2477
2026-08-20 21:22:49.184,23752.0062
2026-08-20 21:22:49.609,24004.0965
2026-08-20 21:22:50.024,24298.893
2026-08-20 21:22:50.439,24607.1758
2026-08-20 21:22:50.855,24931.5004
2026-08-20 21:22:51.274,25120.6874
2026-08-20 21:22:51.688,24813.0986
2026-08-20 21:22:52.101,24489.4683
2026-08-20 21:22:52.514,24184.3756
2026-08-20 21:22:52.928,23903.9627
2026-08-20 21:22:53.340,23669.5867
2026-08-20 21:22:53.764,23511.0349
2026-08-20 21:22:54.180,23425.3166
2026-08-20 21:22:54.593,23415.7188
2026-08-20 21:22:55.026,23415.352
2026-08-20 21:22:55.451,23414.543
2026-08-20 21:22:55.865,23413.6763
2026-08-20 21:22:56.283,23412.9511
2026-08-20 21:22:56.698,23412.4515
2026-08-20 21:22:57.110,23411.7974
2026-08-20 21:22:57.576,23411.2156
2026-08-20 21:22:58.003,23410.7625
2026-08-20 21:22:58.420,23410.4616
2026-08-20 21:22:58.833,23410.2143
2026-08-20 21:22:59.250,23422.8105
2026-08-20 21:22:59.663,23518.2912
2026-08-20 21:23:00.107,23684.1367
2026-08-20 21:23:00.522,23938.3469
2026-08-20 21:23:00.948,24218.3783
2026-08-20 21:23:01.360,24530.7123
2026-08-20 21:23:01.792,24859.8016
2026-08-20 21:23:02.205,25131.0458
2026-08-20 21:23:02.640,24878.5482
2026-08-20 21:23:03.067,24546.5778
2026-08-20 21:23:03.479,24228.2253
2026-08-20 21:23:03.907,23933.5522
2026-08-20 21:23:04.319,23693.0109
2026-08-20 21:23:04.733,23525.5196
2026-08-20 21:23:05.145,23431.95
2026-08-20 21:23:05.557,23416.5868
2026-08-20 21:23:05.975,23416.3485
2026-08-20 21:23:06.390,23415.7914
2026-08-20 21:23:06.817,23415.0746
2026-08-20 21:23:07.238,23414.6032
2026-08-20 21:23:07.653,23414.1798
2026-08-20 21:23:08.065,23413.6721
2026-08-20 21:23:08.477,23413.1436
2026-08-20 21:23:08.889,23412.7253
2026-08-20 21:23:09.312,23412.3911
2026-08-20 21:23:09.739,23412.1755
2026-08-20 21:23:10.161,23414.6174
2026-08-20 21:23:10.573,23486.1993
2026-08-20 21:23:11.008,23638.3426
2026-08-20 21:23:11.420,23861.4385
2026-08-20 21:23:11.833,24130.8552
2026-08-20 21:23:12.263,24438.0758
2026-08-20 21:23:12.691,24765.9076
2026-08-20 21:23:13.110,25090.8199
2026-08-20 21:23:13.535,24990.6672
2026-08-20 21:23:13.949,24649.2333
2026-08-20 21:23:14.362,24335.2017
2026-08-20 21:23:14.775,24040.6227
2026-08-20 21:23:15.187,23779.4542
2026-08-20 21:23:15.602,23582.0083
2026-08-20 21:23:16.068,23449.947
2026-08-20 21:23:16.489,23417.8785
2026-08-20 21:23:16.902,23417.965
2026-08-20 21:23:17.315,23417.4722
2026-08-20 21:23:17.733,23416.8364
2026-08-20 21:23:18.146,23416.3445
2026-08-20 21:23:18.564,23416.217
2026-08-20 21:23:18.976,23415.8674
2026-08-20 21:23:19.401,23415.4152
2026-08-20 21:23:19.822,23415.0833
2026-08-20 21:23:20.247,23414.7997
2026-08-20 21:23:20.663,23414.752
2026-08-20 21:23:21.076,23414.6232
2026-08-20 21:23:21.520,23461.8865
2026-08-20 21:23:21.947,23603.2186
2026-08-20 21:23:22.360,23815.6451
2026-08-20 21:23:22.772,24078.1743
2026-08-20 21:23:23.186,24369.7136
2026-08-20 21:23:23.598,24681.0366
2026-08-20 21:23:24.011,25006.3776
2026-08-20 21:23:24.428,25092.1407
2026-08-20 21:23:24.909,24756.6179
2026-08-20 21:23:25.327,24385.1171
2026-08-20 21:23:25.776,24061.6445
2026-08-20 21:23:26.237,23767.4039
2026-08-20 21:23:26.650,23574.1165
2026-08-20 21:23:27.063,23457.0599
2026-08-20 21:23:27.476,23418.8065
2026-08-20 21:23:27.890,23419.0405
2026-08-20 21:23:28.303,23418.5036
2026-08-20 21:23:28.716,23417.8459
2026-08-20 21:23:29.130,23417.2191
2026-08-20 21:23:29.558,23416.9152
2026-08-20 21:23:29.971,23416.6114
2026-08-20 21:23:30.401,23416.2418
2026-08-20 21:23:30.836,23415.81
2026-08-20 21:23:31.249,23415.5469
2026-08-20 21:23:31.662,23415.3128
2026-08-20 21:23:32.074,23415.017
2026-08-20 21:23:32.550,23467.8515
2026-08-20 21:23:32.977,23603.4713
2026-08-20 21:23:33.389,23816.6109
2026-08-20 21:23:33.803,24078.2924
2026-08-20 21:23:34.214,24371.1558
2026-08-20 21:23:34.646,24680.7946
2026-08-20 21:23:35.060,25021.4798
2026-08-20 21:23:35.472,25079.3426
2026-08-20 21:23:35.885,24744.3008
2026-08-20 21:23:36.307,24425.5364
2026-08-20 21:23:36.719,24118.4992
2026-08-20 21:23:37.134,23846.4976
2026-08-20 21:23:37.546,23628.3841
2026-08-20 21:23:38.046,23469.17
2026-08-20 21:23:38.520,23422.4687
2026-08-20 21:23:38.939,23422.6209
2026-08-20 21:23:39.351,23422.2468
2026-08-20 21:23:39.764,23421.8479
2026-08-20 21:23:40.176,23421.5662
2026-08-20 21:23:40.589,23421.4845
2026-08-20 21:23:41.010,23421.1522
2026-08-20 21:23:41.428,23420.8952
2026-08-20 21:23:41.872,23420.3905
2026-08-20 21:23:42.309,23420.1856
2026-08-20 21:23:42.721,23420.2097
2026-08-20 21:23:43.135,23420.1231
2026-08-20 21:23:43.548,23468.8728
2026-08-20 21:23:43.969,23598.5693
2026-08-20 21:23:44.382,23804.0065
2026-08-20 21:23:44.823,24063.1977
2026-08-20 21:23:45.235,24374.3697
2026-08-20 21:23:45.661,24684.7504
2026-08-20 21:23:46.073,25021.3225
2026-08-20 21:23:46.493,25095.8455
2026-08-20 21:23:46.953,24717.9646
2026-08-20 21:23:47.366,24400.8264
2026-08-20 21:23:47.793,24093.1148
2026-08-20 21:23:48.220,23824.5575
2026-08-20 21:23:48.639,23609.6068
2026-08-20 21:23:49.064,23478.8423
2026-08-20 21:23:49.482,23427.1854
2026-08-20 21:23:49.898,23427.1095
2026-08-20 21:23:50.312,23426.7713
2026-08-20 21:23:50.743,23426.2307
2026-08-20 21:23:51.170,23425.7111
2026-08-20 21:23:51.582,23425.6491
2026-08-20 21:23:52.022,23425.2988
2026-08-20 21:23:52.450,23424.8522
2026-08-20 21:23:52.861,23424.449
2026-08-20 21:23:53.283,23424.0575
2026-08-20 21:23:53.698,23423.9124
2026-08-20 21:23:54.164,23423.7625
2026-08-20 21:23:54.583,23469.6656
2026-08-20 21:23:54.999,23599.9306
2026-08-20 21:23:55.425,23801.7989
2026-08-20 21:23:55.852,24069.0295
2026-08-20 21:23:56.284,24370.6946
2026-08-20 21:23:56.712,24707.7145
2026-08-20 21:23:57.144,25047.1859
2026-08-20 21:23:57.561,25074.5925
2026-08-20 21:23:57.974,24735.2636
2026-08-20 21:23:58.402,24416.6912
2026-08-20 21:23:58.816,24106.7328
2026-08-20 21:23:59.229,23835.7475
2026-08-20 21:23:59.642,23624.4401
2026-08-20 21:24:00.064,23489.8519
2026-08-20 21:24:00.489,23431.1532
2026-08-20 21:24:00.974,23429.8313
2026-08-20 21:24:01.390,23429.2632
2026-08-20 21:24:01.804,23428.6132
2026-08-20 21:24:02.218,23428.1211
2026-08-20 21:24:02.684,23427.6737
2026-08-20 21:24:03.098,23427.1295
2026-08-20 21:24:03.511,23426.7334
2026-08-20 21:24:03.925,23426.233
2026-08-20 21:24:04.351,23426.0075
2026-08-20 21:24:04.798,23425.7058
2026-08-20 21:24:05.210,23425.4608
2026-08-20 21:24:05.637,23477.1044
2026-08-20 21:24:06.048,23614.5587
2026-08-20 21:24:06.461,23819.5892
2026-08-20 21:24:06.892,24081.2999
2026-08-20 21:24:07.316,24386.4935
2026-08-20 21:24:07.729,24707.0016
2026-08-20 21:24:08.150,25033.7096
2026-08-20 21:24:08.564,25144.6139
2026-08-20 21:24:08.978,24817.5359
2026-08-20 21:24:09.392,24493.5761
2026-08-20 21:24:09.858,24150.7248
2026-08-20 21:24:10.271,23874.9286
2026-08-20 21:24:10.690,23653.2366
2026-08-20 21:24:11.102,23506.1355
2026-08-20 21:24:11.516,23437.1684
2026-08-20 21:24:11.950,23432.8705
2026-08-20 21:24:12.364,23432.4026
2026-08-20 21:24:12.783,23431.686
2026-08-20 21:24:13.208,23430.9494
2026-08-20 21:24:13.622,23430.6303
2026-08-20 21:24:14.057,23430.1071
2026-08-20 21:24:14.471,23429.3822
2026-08-20 21:24:14.895,23428.9644
2026-08-20 21:24:15.308,23428.5119
2026-08-20 21:24:15.725,23428.3583
2026-08-20 21:24:16.188,23427.8416
2026-08-20 21:24:16.600,23452.9441
2026-08-20 21:24:17.011,23563.7002
2026-08-20 21:24:17.440,23752.2284
2026-08-20 21:24:17.851,24000.1381
2026-08-20 21:24:18.265,24283.47
2026-08-20 21:24:18.683,24593.6372
2026-08-20 21:24:19.102,24915.8828
2026-08-20 21:24:19.517,25152.7703
2026-08-20 21:24:19.934,24871.7475
2026-08-20 21:24:20.347,24546.151
2026-08-20 21:24:20.760,24237.5956
2026-08-20 21:24:21.173,23952.7672
2026-08-20 21:24:21.590,23711.3828
2026-08-20 21:24:22.017,23542.2857
2026-08-20 21:24:22.445,23447.5918
2026-08-20 21:24:22.858,23434.3695
2026-08-20 21:24:23.282,23433.9961
2026-08-20 21:24:23.695,23433.4501
2026-08-20 21:24:24.107,23433.0567
2026-08-20 21:24:24.538,23432.7654
2026-08-20 21:24:24.951,23432.4771
2026-08-20 21:24:25.364,23432.2242
2026-08-20 21:24:25.790,23431.864
2026-08-20 21:24:26.204,23431.7011
2026-08-20 21:24:26.670,23431.3781
2026-08-20 21:24:27.083,23431.2876
2026-08-20 21:24:27.496,23439.4655
2026-08-20 21:24:27.910,23525.7965
2026-08-20 21:24:28.337,23685.2438
2026-08-20 21:24:28.754,23922.198
2026-08-20 21:24:29.166,24201.0994
2026-08-20 21:24:29.609,24510.9914
2026-08-20 21:24:30.036,24853.6025
2026-08-20 21:24:30.450,25150.0161
2026-08-20 21:24:30.863,24954.4787
2026-08-20 21:24:31.324,24624.4309
2026-08-20 21:24:31.743,24273.2547
2026-08-20 21:24:32.156,23984.8652
2026-08-20 21:24:32.571,23736.8818
2026-08-20 21:24:32.985,23560.647
2026-08-20 21:24:33.410,23459.4622
2026-08-20 21:24:33.824,23438.3787
2026-08-20 21:24:34.236,23438.2188
2026-08-20 21:24:34.654,23437.7452
2026-08-20 21:24:35.067,23437.1481
2026-08-20 21:24:35.483,23436.6281
2026-08-20 21:24:35.895,23436.3818
2026-08-20 21:24:36.308,23436.0156
2026-08-20 21:24:36.743,23435.5275
2026-08-20 21:24:37.160,23435.0673
2026-08-20 21:24:37.580,23434.9271
2026-08-20 21:24:37.993,23434.8138
2026-08-20 21:24:38.430,23435.5176
2026-08-20 21:24:38.854,23503.4979
2026-08-20 21:24:39.274,23651.3883
2026-08-20 21:24:39.687,23872.1102
2026-08-20 21:24:40.099,24140.2518
2026-08-20 21:24:40.517,24436.5479
2026-08-20 21:24:40.933,24754.5504
2026-08-20 21:24:41.376,25085.546
2026-08-20 21:24:41.793,25040.559
2026-08-20 21:24:42.206,24703.3125
2026-08-20 21:24:42.619,24386.411
2026-08-20 21:24:43.046,24079.8943
2026-08-20 21:24:43.458,23815.4471
2026-08-20 21:24:43.904,23601.753
2026-08-20 21:24:44.326,23481.9218
2026-08-20 21:24:44.741,23441.0613
2026-08-20 21:24:45.203,23441.3271
2026-08-20 21:24:45.622,23440.6331
2026-08-20 21:24:46.073,23440.2213
2026-08-20 21:24:46.551,23439.511
2026-08-20 21:24:46.968,23439.2635
2026-08-20 21:24:47.381,23438.4977
2026-08-20 21:24:47.814,23438.1765
2026-08-20 21:24:48.231,23437.82
2026-08-20 21:24:48.645,23437.3456
2026-08-20 21:24:49.069,23436.8116
2026-08-20 21:24:49.482,23440.1621
2026-08-20 21:24:49.910,23512.9132
2026-08-20 21:24:50.323,23667.2993
2026-08-20 21:24:50.737,23888.9318
2026-08-20 21:24:51.149,24160.4321
2026-08-20 21:24:51.610,24457.3594
2026-08-20 21:24:52.028,24814.5557
2026-08-20 21:24:52.442,25139.1339
2026-08-20 21:24:52.853,25030.5931
2026-08-20 21:24:53.266,24697.8853
2026-08-20 21:24:53.694,24371.2248
2026-08-20 21:24:54.160,24039.0539
2026-08-20 21:24:54.586,23774.398
2026-08-20 21:24:54.998,23586.9674
2026-08-20 21:24:55.417,23474.8978
2026-08-20 21:24:55.831,23442.7871
2026-08-20 21:24:56.274,23442.9503
2026-08-20 21:24:56.701,23442.3384
2026-08-20 21:24:57.133,23441.3079
2026-08-20 21:24:57.549,23440.8129
2026-08-20 21:24:57.975,23440.7674
2026-08-20 21:24:58.391,23440.1752
2026-08-20 21:24:58.804,23439.8554
2026-08-20 21:24:59.217,23439.7785
2026-08-20 21:24:59.645,23439.3226
2026-08-20 21:25:00.059,23439.1937
2026-08-20 21:25:00.470,23439.393
2026-08-20 21:25:00.885,23498.5496
2026-08-20 21:25:01.297,23636.4241
2026-08-20 21:25:01.724,23845.2631
2026-08-20 21:25:02.155,24121.7085
2026-08-20 21:25:02.569,24425.5554
2026-08-20 21:25:02.981,24740.0916
2026-08-20 21:25:03.393,25068.0302
2026-08-20 21:25:03.805,25104.0629
2026-08-20 21:25:04.217,24767.648
2026-08-20 21:25:04.638,24448.2643
2026-08-20 21:25:05.056,24141.5623
2026-08-20 21:25:05.475,23865.3347
2026-08-20 21:25:05.907,23646.6806
2026-08-20 21:25:06.321,23504.3832
2026-08-20 21:25:06.747,23446.8002
2026-08-20 21:25:07.160,23445.3271
2026-08-20 21:25:07.576,23445.0766
2026-08-20 21:25:07.993,23444.2295
2026-08-20 21:25:08.407,23443.4725
2026-08-20 21:25:08.845,23443.1825
2026-08-20 21:25:09.256,23442.9955
2026-08-20 21:25:09.668,23442.7894
2026-08-20 21:25:10.081,23442.118
2026-08-20 21:25:10.508,23442.0148
2026-08-20 21:25:10.928,23441.5611
2026-08-20 21:25:11.423,23441.4639
2026-08-20 21:25:11.836,23481.9241
2026-08-20 21:25:12.249,23606.5502
2026-08-20 21:25:12.661,23801.5954
2026-08-20 21:25:13.086,24056.7521
2026-08-20 21:25:13.500,24354.4926
2026-08-20 21:25:13.942,24664.6251
2026-08-20 21:25:14.369,25013.918
2026-08-20 21:25:14.783,25141.079
2026-08-20 21:25:15.211,24800.4321
2026-08-20 21:25:15.625,24478.3486
2026-08-20 21:25:16.065,24174.6633
2026-08-20 21:25:16.491,23880.6322
2026-08-20 21:25:16.910,23655.3842
2026-08-20 21:25:17.324,23514.2451
2026-08-20 21:25:17.736,23451.4084
2026-08-20 21:25:18.163,23449.278
2026-08-20 21:25:18.575,23448.7352
2026-08-20 21:25:19.004,23448.2608
2026-08-20 21:25:19.416,23447.5698
2026-08-20 21:25:19.829,23447.3151
2026-08-20 21:25:20.242,23446.7273
2026-08-20 21:25:20.656,23446.1508
2026-08-20 21:25:21.081,23445.7241
2026-08-20 21:25:21.494,23445.1752
2026-08-20 21:25:21.961,23444.94
2026-08-20 21:25:22.374,23444.6226
2026-08-20 21:25:22.800,23469.8682
2026-08-20 21:25:23.214,23586.0674
2026-08-20 21:25:23.627,23770.7424
2026-08-20 21:25:24.054,24029.1429
2026-08-20 21:25:24.475,24315.1639
2026-08-20 21:25:24.905,24628.1832
2026-08-20 21:25:25.322,24965.352
2026-08-20 21:25:25.736,25172.7369
2026-08-20 21:25:26.156,24874.806
2026-08-20 21:25:26.572,24543.5325
2026-08-20 21:25:27.017,24234.539
2026-08-20 21:25:27.430,23929.8508
2026-08-20 21:25:27.846,23697.6476
2026-08-20 21:25:28.273,23540.5849
2026-08-20 21:25:28.686,23458.0917
2026-08-20 21:25:29.106,23450.9937
2026-08-20 21:25:29.520,23450.645
2026-08-20 21:25:29.960,23450.0338
2026-08-20 21:25:30.387,23449.3511
2026-08-20 21:25:30.801,23449.2214
2026-08-20 21:25:31.222,23448.923
2026-08-20 21:25:31.634,23448.5628
2026-08-20 21:25:32.047,23448.0947
2026-08-20 21:25:32.459,23447.7578
2026-08-20 21:25:32.934,23447.3215
2026-08-20 21:25:33.346,23447.1869
2026-08-20 21:25:33.757,23463.6274
2026-08-20 21:25:34.170,23563.9061
2026-08-20 21:25:34.583,23735.3145
2026-08-20 21:25:34.995,23974.4038
2026-08-20 21:25:35.429,24264.3118
2026-08-20 21:25:35.895,24614.0856
2026-08-20 21:25:36.320,24937.659
2026-08-20 21:25:36.732,25180.5888
2026-08-20 21:25:37.154,24904.7649
2026-08-20 21:25:37.568,24569.7732
2026-08-20 21:25:38.002,24260.7623
2026-08-20 21:25:38.427,23960.993
2026-08-20 21:25:38.845,23715.751
2026-08-20 21:25:39.263,23552.4585
2026-08-20 21:25:39.724,23465.4665
2026-08-20 21:25:40.155,23454.8163
2026-08-20 21:25:40.566,23454.2639
2026-08-20 21:25:40.989,23453.5996
2026-08-20 21:25:41.403,23452.7483
2026-08-20 21:25:41.817,23452.1431
2026-08-20 21:25:42.229,23451.8141
2026-08-20 21:25:42.641,23451.3487
2026-08-20 21:25:43.054,23450.8797
2026-08-20 21:25:43.467,23450.491
2026-08-20 21:25:43.893,23450.1327
2026-08-20 21:25:44.311,23449.8937
2026-08-20 21:25:44.742,23459.1972
2026-08-20 21:25:45.160,23553.936
2026-08-20 21:25:45.574,23721.035
2026-08-20 21:25:45.987,23955.6602
2026-08-20 21:25:46.400,24234.2461
2026-08-20 21:25:46.817,24535.7272
2026-08-20 21:25:47.236,24862.741
2026-08-20 21:25:47.660,25168.8042
2026-08-20 21:25:48.092,24967.3227
2026-08-20 21:25:48.519,24637.6602
2026-08-20 21:25:48.931,24314.5515
2026-08-20 21:25:49.343,24024.5821
2026-08-20 21:25:49.756,23771.9795
2026-08-20 21:25:50.168,23589.2316
2026-08-20 21:25:50.582,23481.6273
2026-08-20 21:25:51.010,23455.0649
2026-08-20 21:25:51.431,23454.9115
2026-08-20 21:25:51.844,23454.4204
2026-08-20 21:25:52.268,23453.6614
2026-08-20 21:25:52.695,23453.1047
2026-08-20 21:25:53.108,23452.8806
2026-08-20 21:25:53.522,23452.4051
2026-08-20 21:25:53.936,23452.0492
2026-08-20 21:25:54.349,23451.712
2026-08-20 21:25:54.774,23451.2834
2026-08-20 21:25:55.192,23451.0942
2026-08-20 21:25:55.604,23451.4242
2026-08-20 21:25:56.015,23509.5126
2026-08-20 21:25:56.443,23651.8038
2026-08-20 21:25:56.865,23862.8569
2026-08-20 21:25:57.283,24134.3601
2026-08-20 21:25:57.702,24433.1496
2026-08-20 21:25:58.115,24750.9132
2026-08-20 21:25:58.526,25079.6829
2026-08-20 21:25:58.952,25153.7666
2026-08-20 21:25:59.365,24808.6582
2026-08-20 21:25:59.779,24486.7759
2026-08-20 21:26:00.205,24173.2866
2026-08-20 21:26:00.618,23898.2142
2026-08-20 21:26:01.032,23676.1792
2026-08-20 21:26:01.445,23531.6509
2026-08-20 21:26:01.909,23460.6364
2026-08-20 21:26:02.321,23459.0826
2026-08-20 21:26:02.743,23458.5647
2026-08-20 21:26:03.156,23457.9134
2026-08-20 21:26:03.568,23457.3583
2026-08-20 21:26:04.038,23457.0188
2026-08-20 21:26:04.464,23456.5627
2026-08-20 21:26:04.877,23456.0217
2026-08-20 21:26:05.290,23455.6107
2026-08-20 21:26:05.702,23455.44
2026-08-20 21:26:06.173,23455.1326
2026-08-20 21:26:06.587,23454.9094
2026-08-20 21:26:07.000,23491.6717
2026-08-20 21:26:07.412,23613.5565
2026-08-20 21:26:07.834,23805.8266
2026-08-20 21:26:08.248,24065.9129
2026-08-20 21:26:08.747,24417.7017
2026-08-20 21:26:09.164,24732.2345
2026-08-20 21:26:09.581,25062.965
2026-08-20 21:26:09.995,25133.791
2026-08-20 21:26:10.462,24754.76
2026-08-20 21:26:10.879,24435.0478
2026-08-20 21:26:11.294,24131.932
2026-08-20 21:26:11.720,23860.915
2026-08-20 21:26:12.133,23645.3411
2026-08-20 21:26:12.575,23514.7522
2026-08-20 21:26:12.988,23460.7024
2026-08-20 21:26:13.399,23460.5986
2026-08-20 21:26:13.827,23459.8241
2026-08-20 21:26:14.254,23459.1737
2026-08-20 21:26:14.695,23458.456
2026-08-20 21:26:15.107,23457.8361
2026-08-20 21:26:15.520,23457.615
2026-08-20 21:26:15.933,23456.9593
2026-08-20 21:26:16.344,23456.2632
2026-08-20 21:26:16.766,23455.8632
2026-08-20 21:26:17.179,23455.0238
2026-08-20 21:26:17.591,23454.4593
2026-08-20 21:26:18.004,23454.3838
2026-08-20 21:26:18.427,23454.2342
2026-08-20 21:26:18.843,23454.0762
2026-08-20 21:26:19.259,23453.8272
2026-08-20 21:26:19.673,23453.4877
2026-08-20 21:26:20.088,23453.509
2026-08-20 21:26:20.519,23453.5479
2026-08-20 21:26:21.014,23453.1098
2026-08-20 21:26:21.426,23453.233
2026-08-20 21:26:21.838,23453.2545
2026-08-20 21:26:22.250,23452.9911
2026-08-20 21:26:22.664,23453.1344
2026-08-20 21:26:23.076,23452.9162
2026-08-20 21:26:23.506,23452.8267
2026-08-20 21:26:23.917,23452.6937
2026-08-20 21:26:24.336,23452.5996
2026-08-20 21:26:24.750,23452.4629
2026-08-20 21:26:25.163,23452.3311
2026-08-20 21:26:25.578,23451.822
2026-08-20 21:26:26.005,23451.5121
2026-08-20 21:26:26.460,23451.4482
2026-08-20 21:26:26.887,23451.279
2026-08-20 21:26:27.301,23451.3177
2026-08-20 21:26:27.715,23451.3094
2026-08-20 21:26:28.129,23451.5589
2026-08-20 21:26:28.596,23451.338
2026-08-20 21:26:29.015,23451.5904
2026-08-20 21:26:29.443,23451.6891
2026-08-20 21:26:29.862,23451.4731
2026-08-20 21:26:30.275,23451.5409
2026-08-20 21:26:30.722,23451.5527
2026-08-20 21:26:31.141,23451.488
2026-08-20 21:26:31.554,23451.5867
2026-08-20 21:26:31.968,23451.7115
2026-08-20 21:26:32.380,23451.6411
2026-08-20 21:26:32.791,23451.9032
2026-08-20 21:26:33.213,23451.9518
2026-08-20 21:26:33.676,23452.0794
2026-08-20 21:26:34.091,23452.0665
2026-08-20 21:26:34.518,23451.7457
2026-08-20 21:26:34.932,23452.1278
2026-08-20 21:26:35.345,23452.2134
2026-08-20 21:26:35.773,23452.3719
2026-08-20 21:26:36.260,23452.5831
2026-08-20 21:26:36.687,23452.8716
2026-08-20 21:26:37.100,23452.8774
2026-08-20 21:26:37.527,23453.0962
2026-08-20 21:26:37.955,23453.1953
2026-08-20 21:26:38.368,23453.4473
2026-08-20 21:26:38.787,23453.5841
2026-08-20 21:26:39.200,23453.7947
2026-08-20 21:26:39.612,23454.097
2026-08-20 21:26:40.025,23454.0605
2026-08-20 21:26:40.451,23454.1758
2026-08-20 21:26:40.864,23454.1859
2026-08-20 21:26:41.277,23454.4334
2026-08-20 21:26:41.704,23454.416
2026-08-20 21:26:42.118,23454.5533
2026-08-20 21:26:42.548,23454.7252
2026-08-20 21:26:42.960,23454.6919
2026-08-20 21:26:43.374,23454.8133
2026-08-20 21:26:43.787,23454.8402
2026-08-20 21:26:44.213,23455.0932
2026-08-20 21:26:44.676,23455.371
2026-08-20 21:26:45.088,23455.4591
2026-08-20 21:26:45.501,23455.5507
2026-08-20 21:26:45.919,23455.8383
2026-08-20 21:26:46.331,23455.9468
2026-08-20 21:26:46.745,23456.0262
2026-08-20 21:26:47.158,23456.3989
2026-08-20 21:26:47.602,23456.4036
2026-08-20 21:26:48.030,23456.7477
2026-08-20 21:26:48.461,23456.7697
2026-08-20 21:26:48.874,23457
2026-08-20 21:26:49.302,23457.0006
2026-08-20 21:26:49.714,23457.2748
2026-08-20 21:26:50.137,23457.3782
2026-08-20 21:26:50.555,23457.458
2026-08-20 21:26:50.967,23457.5877
2026-08-20 21:26:51.385,23457.754
2026-08-20 21:26:51.813,23457.9684
2026-08-20 21:26:52.225,23457.8823
2026-08-20 21:26:52.639,23458.0186
2026-08-20 21:26:53.103,23458.1798
2026-08-20 21:26:53.531,23458.4484
2026-08-20 21:26:53.951,23458.5103
2026-08-20 21:26:54.377,23458.6186
2026-08-20 21:26:54.791,23458.7757
2026-08-20 21:26:55.208,23458.8844
2026-08-20 21:26:55.621,23459.0173
2026-08-20 21:26:56.043,23459.1534
2026-08-20 21:26:56.475,23459.2992
2026-08-20 21:26:56.889,23459.434
2026-08-20 21:26:57.301,23459.6209
2026-08-20 21:26:57.724,23459.7797
2026-08-20 21:26:58.139,23459.9654
2026-08-20 21:26:58.578,23460.0898
2026-08-20 21:26:58.991,23460.2955
2026-08-20 21:26:59.417,23460.3509
2026-08-20 21:26:59.842,23460.4904
2026-08-20 21:27:00.254,23460.5344
2026-08-20 21:27:00.668,23460.685
2026-08-20 21:27:01.081,23460.6538
2026-08-20 21:27:01.494,23460.9016
2026-08-20 21:27:01.907,23461.29
2026-08-20 21:27:02.326,23461.4619
2026-08-20 21:27:02.747,23461.7903
2026-08-20 21:27:03.161,23462.0863
2026-08-20 21:27:03.575,23462.2635
2026-08-20 21:27:03.987,23462.5182
2026-08-20 21:27:04.412,23462.6671
2026-08-20 21:27:04.823,23462.8981
2026-08-20 21:27:05.246,23462.944
2026-08-20 21:27:05.658,23463.0987
2026-08-20 21:27:06.084,23463.3076
2026-08-20 21:27:06.495,23463.4727
2026-08-20 21:27:06.926,23463.7723
2026-08-20 21:27:07.343,23464.019
2026-08-20 21:27:07.756,23464.1761
2026-08-20 21:27:08.169,23464.4751
2026-08-20 21:27:08.582,23464.6492
2026-08-20 21:27:09.022,23464.8261
2026-08-20 21:27:09.447,23464.9233
2026-08-20 21:27:09.861,23465.0661
2026-08-20 21:27:10.279,23465.1148
2026-08-20 21:27:10.692,23465.4888
2026-08-20 21:27:11.104,23477.3038
2026-08-20 21:27:11.535,23581.8235
2026-08-20 21:27:11.995,23782.7706
2026-08-20 21:27:12.409,24027.0065
2026-08-20 21:27:12.822,24308.9101
2026-08-20 21:27:13.234,24612.2773
2026-08-20 21:27:13.648,24932.3663
2026-08-20 21:27:14.060,25219.0085
2026-08-20 21:27:14.472,25001.1983
2026-08-20 21:27:14.887,24671.0817
2026-08-20 21:27:15.301,24357.0119
2026-08-20 21:27:15.733,24064.7175
2026-08-20 21:27:16.161,23800.576
2026-08-20 21:27:16.575,23611.0671
2026-08-20 21:27:16.987,23502.8257
2026-08-20 21:27:17.399,23479.3591
2026-08-20 21:27:17.866,23478.7851
2026-08-20 21:27:18.280,23478.0539
2026-08-20 21:27:18.696,23477.0804
2026-08-20 21:27:19.109,23476.511
2026-08-20 21:27:19.522,23476.0842
2026-08-20 21:27:19.934,23475.3662
2026-08-20 21:27:20.355,23475.1216
2026-08-20 21:27:20.772,23474.7444
2026-08-20 21:27:21.198,23474.4338
2026-08-20 21:27:21.617,23474.1171
2026-08-20 21:27:22.032,23476.0751
2026-08-20 21:27:22.447,23548.9979
2026-08-20 21:27:22.861,23700.9929
2026-08-20 21:27:23.274,23921.3951
2026-08-20 21:27:23.687,24191.1072
2026-08-20 21:27:24.201,24553.1135
2026-08-20 21:27:24.618,24882.3145
2026-08-20 21:27:25.030,25198.9454
2026-08-20 21:27:25.442,25045.2436
2026-08-20 21:27:25.854,24713.1544
2026-08-20 21:27:26.267,24397.9771
2026-08-20 21:27:26.679,24102.738
2026-08-20 21:27:27.107,23833.0068
2026-08-20 21:27:27.521,23638.3315
2026-08-20 21:27:27.987,23507.3163
2026-08-20 21:27:28.400,23479.6399
2026-08-20 21:27:28.827,23479.176
2026-08-20 21:27:29.241,23478.0438
2026-08-20 21:27:29.654,23477.4488
2026-08-20 21:27:30.072,23476.5275
2026-08-20 21:27:30.519,23475.8112
2026-08-20 21:27:30.932,23475.509
2026-08-20 21:27:31.360,23474.8499
2026-08-20 21:27:31.773,23474.7134
2026-08-20 21:27:32.194,23474.3094
2026-08-20 21:27:32.610,23474.0747
2026-08-20 21:27:33.024,23474.7641
2026-08-20 21:27:33.436,23539.0765
2026-08-20 21:27:33.869,23687.8558
2026-08-20 21:27:34.280,23906.9889
2026-08-20 21:27:34.694,24174.0156
2026-08-20 21:27:35.108,24469.8708
2026-08-20 21:27:35.520,24784.3362
2026-08-20 21:27:35.984,25113.6666
2026-08-20 21:27:36.401,25096.3298
2026-08-20 21:27:36.814,24761.5496
2026-08-20 21:27:37.242,24443.7799
2026-08-20 21:27:37.655,24134.6967
2026-08-20 21:27:38.094,23859.2607
2026-08-20 21:27:38.506,23651.2441
2026-08-20 21:27:38.937,23521.5868
2026-08-20 21:27:39.366,23479.5589
2026-08-20 21:27:39.779,23479.5311
2026-08-20 21:27:40.223,23479.0108
2026-08-20 21:27:40.637,23478.013
2026-08-20 21:27:41.057,23477.5133
2026-08-20 21:27:41.469,23476.9643
2026-08-20 21:27:41.888,23476.349
2026-08-20 21:27:42.300,23475.9542
2026-08-20 21:27:42.726,23475.476
2026-08-20 21:27:43.140,23475.042
2026-08-20 21:27:43.553,23474.571
2026-08-20 21:27:43.974,23474.3184
2026-08-20 21:27:44.387,23520.6463
2026-08-20 21:27:44.809,23651.1971
2026-08-20 21:27:45.237,23858.1972
2026-08-20 21:27:45.650,24128.4318
2026-08-20 21:27:46.069,24420.6996
2026-08-20 21:27:46.484,24736.2983
2026-08-20 21:27:46.904,25064.9728
2026-08-20 21:27:47.317,25176.7597
2026-08-20 21:27:47.740,24844.9658
2026-08-20 21:27:48.152,24513.66
2026-08-20 21:27:48.565,24211.0601
2026-08-20 21:27:48.990,23933.3747
2026-08-20 21:27:49.402,23702.1969
2026-08-20 21:27:49.815,23554.5381
2026-08-20 21:27:50.228,23482.2347
2026-08-20 21:27:50.640,23477.6701
2026-08-20 21:27:51.054,23476.8139
2026-08-20 21:27:51.522,23476.0623
2026-08-20 21:27:51.940,23475.1688
2026-08-20 21:27:52.354,23474.4777
2026-08-20 21:27:52.782,23473.9967
2026-08-20 21:27:53.207,23473.3798
2026-08-20 21:27:53.627,23473.1294
2026-08-20 21:27:54.039,23472.9326
2026-08-20 21:27:54.461,23472.5916
2026-08-20 21:27:54.873,23472.2726
2026-08-20 21:27:55.297,23493.237
2026-08-20 21:27:55.723,23605.0747
2026-08-20 21:27:56.140,23793.5366
2026-08-20 21:27:56.553,24042.8074
2026-08-20 21:27:56.978,24328.1276
2026-08-20 21:27:57.393,24643.2735
2026-08-20 21:27:57.826,24967.6711
2026-08-20 21:27:58.251,25208.6512
2026-08-20 21:27:58.664,24913.7961
2026-08-20 21:27:59.079,24587.8535
2026-08-20 21:27:59.492,24276.8833
2026-08-20 21:27:59.955,23960.9477
2026-08-20 21:28:00.368,23725.7951
2026-08-20 21:28:00.781,23567.9321
2026-08-20 21:28:01.205,23484.5661
2026-08-20 21:28:01.619,23475.5228
2026-08-20 21:28:02.033,23474.8057
2026-08-20 21:28:02.454,23473.9113
2026-08-20 21:28:02.872,23473.0709
2026-08-20 21:28:03.287,23472.2572
2026-08-20 21:28:03.705,23471.5149
2026-08-20 21:28:04.130,23470.9219
2026-08-20 21:28:04.558,23470.3627
2026-08-20 21:28:04.978,23469.7568
2026-08-20 21:28:05.393,23469.0928
2026-08-20 21:28:05.812,23468.455
2026-08-20 21:28:06.225,23478.3252
2026-08-20 21:28:06.638,23569.8527
2026-08-20 21:28:07.052,23734.2644
2026-08-20 21:28:07.479,23967.4579
2026-08-20 21:28:07.893,24254.5275
2026-08-20 21:28:08.319,24567.1331
2026-08-20 21:28:08.731,24886.7329
2026-08-20 21:28:09.144,25191.6787
2026-08-20 21:28:09.557,25013.3215
2026-08-20 21:28:10.022,24680.6839
2026-08-20 21:28:10.440,24323.9842
2026-08-20 21:28:10.874,24024.1298
2026-08-20 21:28:11.286,23771.4418
2026-08-20 21:28:11.707,23594.3648
2026-08-20 21:28:12.125,23489.8905
2026-08-20 21:28:12.552,23469.5667
2026-08-20 21:28:12.963,23468.9232
2026-08-20 21:28:13.394,23467.867
2026-08-20 21:28:13.822,23466.9268
2026-08-20 21:28:14.234,23465.9224
2026-08-20 21:28:14.658,23465.2636
2026-08-20 21:28:15.072,23464.5784
2026-08-20 21:28:15.501,23464.0803
2026-08-20 21:28:15.922,23463.4774
2026-08-20 21:28:16.335,23462.9889
2026-08-20 21:28:16.752,23462.6196
2026-08-20 21:28:17.165,23465.7346
2026-08-20 21:28:17.578,23539.6599
2026-08-20 21:28:17.991,23689.0467
2026-08-20 21:28:18.413,23910.2344
2026-08-20 21:28:18.907,24243.6259
2026-08-20 21:28:19.319,24545.8737
2026-08-20 21:28:19.737,24864.1295
2026-08-20 21:28:20.149,25181.033
2026-08-20 21:28:20.561,25023.9814
2026-08-20 21:28:20.974,24691.1389
2026-08-20 21:28:21.392,24375.0865
2026-08-20 21:28:21.805,24076.9299
2026-08-20 21:28:22.245,23816.9015
2026-08-20 21:28:22.659,23612.468
2026-08-20 21:28:23.073,23497.7602
2026-08-20 21:28:23.497,23458.8427
2026-08-20 21:28:23.916,23451.9015
2026-08-20 21:28:24.343,23447.8775
2026-08-20 21:28:24.771,23444.8592
2026-08-20 21:28:25.199,23442.7292
2026-08-20 21:28:25.612,23440.8591
2026-08-20 21:28:26.037,23439.231
2026-08-20 21:28:26.454,23437.7755
2026-08-20 21:28:26.867,23436.7519
2026-08-20 21:28:27.288,23435.9628
2026-08-20 21:28:27.700,23434.9139
2026-08-20 21:28:28.125,23434.592
2026-08-20 21:28:28.543,23494.525
2026-08-20 21:28:28.956,23635.4654
2026-08-20 21:28:29.421,23877.7938
2026-08-20 21:28:29.840,24147.0574
2026-08-20 21:28:30.263,24448.7523
2026-08-20 21:28:30.689,24772.2839
2026-08-20 21:28:31.102,25113.5219
2026-08-20 21:28:31.516,25058.4194
2026-08-20 21:28:31.928,24721.3352
2026-08-20 21:28:32.354,24403.1692
2026-08-20 21:28:32.767,24101.0189
2026-08-20 21:28:33.197,23834.7414
2026-08-20 21:28:33.619,23626.1984
2026-08-20 21:28:34.031,23498.8034
2026-08-20 21:28:34.456,23452.8503
2026-08-20 21:28:34.868,23453.5222
2026-08-20 21:28:35.305,23453.2793
2026-08-20 21:28:35.719,23452.9992
2026-08-20 21:28:36.146,23452.6741
2026-08-20 21:28:36.559,23452.1869
2026-08-20 21:28:36.973,23451.8689
2026-08-20 21:28:37.386,23451.3302
2026-08-20 21:28:37.808,23451.0991
2026-08-20 21:28:38.236,23450.9107
2026-08-20 21:28:38.650,23450.7538
2026-08-20 21:28:39.063,23450.4688
2026-08-20 21:28:39.478,23488.9099
2026-08-20 21:28:39.890,23614.0514
2026-08-20 21:28:40.316,23809.0499
2026-08-20 21:28:40.732,24073.3188
2026-08-20 21:28:41.195,24400.5161
2026-08-20 21:28:41.623,24714.2154
2026-08-20 21:28:42.039,25053.9796
2026-08-20 21:28:42.453,25142.4124
2026-08-20 21:28:42.865,24807.4151
2026-08-20 21:28:43.327,24448.5206
2026-08-20 21:28:43.739,24146.7695
2026-08-20 21:28:44.152,23874.3119
2026-08-20 21:28:44.565,23657.6748
2026-08-20 21:28:45.025,23507.2733
2026-08-20 21:28:45.463,23454.4701
2026-08-20 21:28:45.888,23453.7522
2026-08-20 21:28:46.301,23453.1203
2026-08-20 21:28:46.736,23452.2409
2026-08-20 21:28:47.153,23451.4935
2026-08-20 21:28:47.581,23451.0025
2026-08-20 21:28:47.994,23450.0519
2026-08-20 21:28:48.406,23449.6869
2026-08-20 21:28:48.830,23449.2936
2026-08-20 21:28:49.243,23449.1814
2026-08-20 21:28:49.658,23448.6499
2026-08-20 21:28:50.131,23448.5167
2026-08-20 21:28:50.544,23497.0896
2026-08-20 21:28:50.970,23627.7138
2026-08-20 21:28:51.384,23838.4195
2026-08-20 21:28:51.803,24099.3647
2026-08-20 21:28:52.219,24396.7148
2026-08-20 21:28:52.650,24714.3475
2026-08-20 21:28:53.063,25052.8926
2026-08-20 21:28:53.475,25138.9255
2026-08-20 21:28:53.898,24805.2673
2026-08-20 21:28:54.310,24473.9739
2026-08-20 21:28:54.738,24159.7809
2026-08-20 21:28:55.161,23885.0017
2026-08-20 21:28:55.579,23657.577
2026-08-20 21:28:55.992,23517.0537
2026-08-20 21:28:56.410,23451.9895
2026-08-20 21:28:56.822,23449.1342
2026-08-20 21:28:57.234,23448.5767
2026-08-20 21:28:57.647,23447.7203
2026-08-20 21:28:58.065,23446.8028
2026-08-20 21:28:58.480,23446.0828
2026-08-20 21:28:58.892,23445.4662
2026-08-20 21:28:59.312,23444.9085
2026-08-20 21:28:59.739,23444.2893
2026-08-20 21:29:00.150,23444.0598
2026-08-20 21:29:00.563,23443.266
2026-08-20 21:29:00.976,23442.946
2026-08-20 21:29:01.455,23465.6696
2026-08-20 21:29:01.869,23580.5435
2026-08-20 21:29:02.304,23771.6337
2026-08-20 21:29:02.718,24026.4636
2026-08-20 21:29:03.132,24313.5048
2026-08-20 21:29:03.555,24621.6373
2026-08-20 21:29:03.979,24953.1872
2026-08-20 21:29:04.394,25175.2184
2026-08-20 21:29:04.806,24880.8411
2026-08-20 21:29:05.217,24554.834
2026-08-20 21:29:05.633,24246.6176
2026-08-20 21:29:06.051,23955.7756
2026-08-20 21:29:06.467,23715.8696
2026-08-20 21:29:06.881,23548.6024
2026-08-20 21:29:07.297,23456.8419
2026-08-20 21:29:07.726,23443.8689
2026-08-20 21:29:08.138,23443.3655
2026-08-20 21:29:08.552,23442.3282
2026-08-20 21:29:08.965,23441.2537
2026-08-20 21:29:09.379,23440.5788
2026-08-20 21:29:09.797,23439.4273
2026-08-20 21:29:10.227,23438.6596
2026-08-20 21:29:10.665,23438.2023
2026-08-20 21:29:11.077,23437.9596
2026-08-20 21:29:11.504,23437.4719
2026-08-20 21:29:11.916,23436.8907
2026-08-20 21:29:12.356,23442.8078
2026-08-20 21:29:12.767,23533.5798
2026-08-20 21:29:13.182,23694.503
2026-08-20 21:29:13.595,23925.3797
2026-08-20 21:29:14.022,24211.7034
2026-08-20 21:29:14.434,24513.1439
2026-08-20 21:29:14.848,24830.7281
2026-08-20 21:29:15.267,25149.7434
2026-08-20 21:29:15.693,25004.3403
2026-08-20 21:29:16.110,24659.918
2026-08-20 21:29:16.570,24341.4234
2026-08-20 21:29:17.000,24010.428
2026-08-20 21:29:17.415,23750.8277
2026-08-20 21:29:17.828,23568.7741
2026-08-20 21:29:18.247,23461.8614
2026-08-20 21:29:18.659,23437.0013
2026-08-20 21:29:19.070,23436.4054
2026-08-20 21:29:19.487,23435.4685
2026-08-20 21:29:19.953,23434.4783
2026-08-20 21:29:20.366,23433.627
2026-08-20 21:29:20.782,23432.82
2026-08-20 21:29:21.198,23431.9683
2026-08-20 21:29:21.612,23431.3196
2026-08-20 21:29:22.074,23430.8147
2026-08-20 21:29:22.485,23430.3749
2026-08-20 21:29:22.908,23429.9175
2026-08-20 21:29:23.320,23433.266
2026-08-20 21:29:23.750,23512.059
2026-08-20 21:29:24.173,23664.572
2026-08-20 21:29:24.585,23894.5639
2026-08-20 21:29:25.013,24166.8485
2026-08-20 21:29:25.424,24476.7636
2026-08-20 21:29:25.837,24792.9931
2026-08-20 21:29:26.250,25121.3951
2026-08-20 21:29:26.677,25019.5964
2026-08-20 21:29:27.099,24685.5336
2026-08-20 21:29:27.512,24361.7509
2026-08-20 21:29:27.955,24065.6434
2026-08-20 21:29:28.386,23775.6959
2026-08-20 21:29:28.798,23582.4228
2026-08-20 21:29:29.220,23466.9419
2026-08-20 21:29:29.633,23431.9464
2026-08-20 21:29:30.060,23431.8929
2026-08-20 21:29:30.483,23430.7768
2026-08-20 21:29:30.895,23429.7856
2026-08-20 21:29:31.308,23429.2065
2026-08-20 21:29:31.731,23428.302
2026-08-20 21:29:32.160,23427.7288
2026-08-20 21:29:32.590,23426.8076
2026-08-20 21:29:33.002,23426.6508
2026-08-20 21:29:33.420,23425.9741
2026-08-20 21:29:33.832,23425.4659
2026-08-20 21:29:34.244,23425.3065
2026-08-20 21:29:34.687,23476.4507
2026-08-20 21:29:35.114,23621.6985
2026-08-20 21:29:35.526,23839.2072
2026-08-20 21:29:35.953,24114.0995
2026-08-20 21:29:36.366,24409.1961
2026-08-20 21:29:36.781,24723.5693
2026-08-20 21:29:37.192,25052.9213
2026-08-20 21:29:37.638,25101.4081
2026-08-20 21:29:38.052,24736.8869
2026-08-20 21:29:38.491,24404.6668
2026-08-20 21:29:38.909,24096.8124
2026-08-20 21:29:39.330,23824.018
2026-08-20 21:29:39.749,23611.2938
2026-08-20 21:29:40.161,23479.1164
2026-08-20 21:29:40.574,23427.1831
2026-08-20 21:29:40.988,23426.3851
2026-08-20 21:29:41.413,23425.7785
2026-08-20 21:29:41.876,23424.6488
2026-08-20 21:29:42.289,23423.5572
2026-08-20 21:29:42.710,23423.0058
2026-08-20 21:29:43.126,23422.1393
2026-08-20 21:29:43.538,23421.3958
2026-08-20 21:29:44.010,23420.5901
2026-08-20 21:29:44.434,23420.2655
2026-08-20 21:29:44.852,23419.6362
2026-08-20 21:29:45.269,23419.1334
2026-08-20 21:29:45.682,23418.6776
2026-08-20 21:29:46.147,23418.0448
2026-08-20 21:29:46.561,23417.7944
2026-08-20 21:29:46.973,23417.5159
2026-08-20 21:29:47.386,23416.8395
2026-08-20 21:29:47.806,23416.7201
2026-08-20 21:29:48.231,23416.4493
2026-08-20 21:29:48.724,23416.2326
2026-08-20 21:29:49.139,23416.0212
2026-08-20 21:29:49.553,23415.6447
2026-08-20 21:29:49.965,23414.716
2026-08-20 21:29:50.431,23414.4274
2026-08-20 21:29:50.843,23414.0006
2026-08-20 21:29:51.267,23413.9934
2026-08-20 21:29:51.679,23413.7867
2026-08-20 21:29:52.144,23413.8619
2026-08-20 21:29:52.561,23413.6284
2026-08-20 21:29:52.974,23413.4531
2026-08-20 21:29:53.399,23413.1548
2026-08-20 21:29:53.819,23413.1261
2026-08-20 21:29:54.232,23412.6344
2026-08-20 21:29:54.648,23412.3513
2026-08-20 21:29:55.064,23412.1486
2026-08-20 21:29:55.492,23412.288
2026-08-20 21:29:55.904,23412.1695
2026-08-20 21:29:56.316,23412.1351
2026-08-20 21:29:56.729,23412.0497
2026-08-20 21:29:57.204,23411.881
2026-08-20 21:29:57.623,23411.6315
2026-08-20 21:29:58.035,23411.5966
2026-08-20 21:29:58.449,23411.5679
2026-08-20 21:29:58.866,23411.4368
2026-08-20 21:29:59.279,23411.4043
2026-08-20 21:29:59.745,23411.4396
2026-08-20 21:30:00.172,23411.2969
2026-08-20 21:30:00.585,23411.2495
2026-08-20 21:30:01.002,23411.1683
2026-08-20 21:30:01.415,23411.1453
2026-08-20 21:30:01.888,23411.1498
2026-08-20 21:30:02.332,23411.0694
2026-08-20 21:30:02.749,23411.0476
2026-08-20 21:30:03.161,23410.9824
2026-08-20 21:30:03.574,23410.8921
2026-08-20 21:30:03.986,23410.8095
2026-08-20 21:30:04.399,23410.7168
2026-08-20 21:30:04.828,23410.5978
2026-08-20 21:30:05.242,23410.5467
2026-08-20 21:30:05.664,23410.347
2026-08-20 21:30:06.082,23410.0629
2026-08-20 21:30:06.495,23410.0112
2026-08-20 21:30:06.936,23410.0689
2026-08-20 21:30:07.351,23410.0959
2026-08-20 21:30:07.765,23410.1879
2026-08-20 21:30:08.178,23410.1454
2026-08-20 21:30:08.594,23409.9922
