Address,GPIB0::22::INSTR
Model,34461A
Serial Number:,MY60051737
Firmware Version,A.03.03-03.15-03.03-00.52-04-03
Start Time,2026-08-20 18:44:34.702
Stop Time,2026-08-20 19:26:47.428
,
Time (s),Channel 1 (Ω)
2026-08-20 18:44:35.187,24106.7545
2026-08-20 18:44:35.613,24107.1534
2026-08-20 18:44:36.026,24107.2765
2026-08-20 18:44:36.439,24107.7399
2026-08-20 18:44:36.851,24108.3182
2026-08-20 18:44:37.313,24109.0501
2026-08-20 18:44:37.731,24109.8025
2026-08-20 18:44:38.145,24109.9807
2026-08-20 18:44:38.558,24110.4006
2026-08-20 18:44:38.970,24110.7851
2026-08-20 18:44:39.383,24110.6905
2026-08-20 18:44:39.844,24111.0006
2026-08-20 18:44:40.258,24111.6362
2026-08-20 18:44:40.671,24112.2129
2026-08-20 18:44:41.085,24112.4556
2026-08-20 18:44:41.511,24112.8905
2026-08-20 18:44:41.971,24113.6372
2026-08-20 18:44:42.383,24113.8407
2026-08-20 18:44:42.809,24114.2306
2026-08-20 18:44:43.224,24114.5524
2026-08-20 18:44:43.641,24114.997
2026-08-20 18:44:44.054,24115.6296
2026-08-20 18:44:44.472,24116.1556
2026-08-20 18:44:44.884,24116.5998
2026-08-20 18:44:45.328,24116.926
2026-08-20 18:44:45.742,24117.1644
2026-08-20 18:44:46.154,24117.7395
2026-08-20 18:44:46.567,24118.4774
2026-08-20 18:44:46.985,24118.7797
2026-08-20 18:44:47.398,24119.1863
2026-08-20 18:44:47.811,24119.8104
2026-08-20 18:44:48.222,24120.4387
2026-08-20 18:44:48.649,24120.8237
2026-08-20 18:44:49.109,24121.4059
2026-08-20 18:44:49.570,24122.0203
2026-08-20 18:44:49.983,24122.7215
2026-08-20 18:44:50.396,24123.0227
2026-08-20 18:44:50.808,24123.6636
2026-08-20 18:44:51.221,24124.3088
2026-08-20 18:44:51.640,24124.6147
2026-08-20 18:44:52.058,24125.1185
2026-08-20 18:44:52.477,24125.5849
2026-08-20 18:44:52.895,24126.1683
2026-08-20 18:44:53.309,24126.7708
2026-08-20 18:44:53.726,24127.3725
2026-08-20 18:44:54.140,24127.9719
2026-08-20 18:44:54.568,24128.264
2026-08-20 18:44:54.980,24129.1631
2026-08-20 18:44:55.393,24129.5067
2026-08-20 18:44:55.838,24130.1563
2026-08-20 18:44:56.254,24130.7747
2026-08-20 18:44:56.667,24131.569
2026-08-20 18:44:57.079,24132.3814
2026-08-20 18:44:57.491,24132.7854
2026-08-20 18:44:57.904,24133.4891
2026-08-20 18:44:58.324,24134.1768
2026-08-20 18:44:58.736,24134.8203
2026-08-20 18:44:59.149,24135.3535
2026-08-20 18:44:59.579,24136.2183
2026-08-20 18:44:59.991,24136.7237
2026-08-20 18:45:00.418,24137.3646
2026-08-20 18:45:00.831,24137.9786
2026-08-20 18:45:01.293,24138.5984
2026-08-20 18:45:01.710,24139.2234
2026-08-20 18:45:02.122,24139.816
2026-08-20 18:45:02.562,24140.3296
2026-08-20 18:45:02.982,24140.9865
2026-08-20 18:45:03.394,24141.6059
2026-08-20 18:45:03.826,24142.1048
2026-08-20 18:45:04.260,24142.7581
2026-08-20 18:45:04.672,24143.4075
2026-08-20 18:45:05.097,24143.9849
2026-08-20 18:45:05.510,24144.5952
2026-08-20 18:45:05.948,24145.2147
2026-08-20 18:45:06.362,24145.9058
2026-08-20 18:45:06.790,24146.53
2026-08-20 18:45:07.202,24147.0797
2026-08-20 18:45:07.616,24147.6266
2026-08-20 18:45:08.029,24148.1879
2026-08-20 18:45:08.441,24148.7919
2026-08-20 18:45:08.867,24149.2778
2026-08-20 18:45:09.364,24149.9159
2026-08-20 18:45:09.778,24150.5108
2026-08-20 18:45:10.204,24151.1421
2026-08-20 18:45:10.621,24151.5212
2026-08-20 18:45:11.052,24152.0506
2026-08-20 18:45:11.468,24152.9283
2026-08-20 18:45:11.882,24153.5742
2026-08-20 18:45:12.295,24154.22
2026-08-20 18:45:12.708,24155.0057
2026-08-20 18:45:13.121,24155.3166
2026-08-20 18:45:13.548,24156.1457
2026-08-20 18:45:13.991,24156.4197
2026-08-20 18:45:14.404,24157.1196
2026-08-20 18:45:14.816,24157.5953
2026-08-20 18:45:15.245,24158.3199
2026-08-20 18:45:15.666,24159.0197
2026-08-20 18:45:16.094,24159.7727
2026-08-20 18:45:16.559,24160.6271
2026-08-20 18:45:16.998,24161.5346
2026-08-20 18:45:17.410,24162.4203
2026-08-20 18:45:17.824,24162.7819
2026-08-20 18:45:18.296,24163.7247
2026-08-20 18:45:18.756,24164.2212
2026-08-20 18:45:19.220,24165.1683
2026-08-20 18:45:19.631,24166.1085
2026-08-20 18:45:20.054,24166.6454
2026-08-20 18:45:20.467,24167.5705
2026-08-20 18:45:20.881,24168.4659
2026-08-20 18:45:21.293,24169.3613
2026-08-20 18:45:21.706,24169.8682
2026-08-20 18:45:22.118,24170.8507
2026-08-20 18:45:22.555,24171.2592
2026-08-20 18:45:22.968,24171.0572
2026-08-20 18:45:23.392,24171.5269
2026-08-20 18:45:23.803,24171.902
2026-08-20 18:45:24.217,24172.7234
2026-08-20 18:45:24.629,24173.0709
2026-08-20 18:45:25.105,24174.0239
2026-08-20 18:45:25.518,24175.4878
2026-08-20 18:45:25.938,24176.2201
2026-08-20 18:45:26.351,24177.109
2026-08-20 18:45:26.763,24177.919
2026-08-20 18:45:27.189,24178.6459
2026-08-20 18:45:27.611,24179.3613
2026-08-20 18:45:28.023,24179.892
2026-08-20 18:45:28.451,24180.2836
2026-08-20 18:45:28.865,24181.062
2026-08-20 18:45:29.277,24181.6577
2026-08-20 18:45:29.755,24182.379
2026-08-20 18:45:30.169,24182.7131
2026-08-20 18:45:30.580,24183.4926
2026-08-20 18:45:31.003,24183.7344
2026-08-20 18:45:31.417,24184.2541
2026-08-20 18:45:31.850,24184.7352
2026-08-20 18:45:32.263,24185.406
2026-08-20 18:45:32.676,24185.7597
2026-08-20 18:45:33.105,24186.4982
2026-08-20 18:45:33.518,24186.7681
2026-08-20 18:45:33.932,24187.236
2026-08-20 18:45:34.396,24187.6288
2026-08-20 18:45:34.826,24188.1125
2026-08-20 18:45:35.291,24188.5788
2026-08-20 18:45:35.713,24188.9339
2026-08-20 18:45:36.125,24189.406
2026-08-20 18:45:36.544,24189.8183
2026-08-20 18:45:36.958,24190.3629
2026-08-20 18:45:37.385,24191.1241
2026-08-20 18:45:37.798,24191.2761
2026-08-20 18:45:38.223,24191.8472
2026-08-20 18:45:38.639,24192.065
2026-08-20 18:45:39.053,24192.4944
2026-08-20 18:45:39.465,24197.8563
2026-08-20 18:45:39.878,24287.3856
2026-08-20 18:45:40.300,24454.5875
2026-08-20 18:45:40.718,24685.8468
2026-08-20 18:45:41.132,24808.4223
2026-08-20 18:45:41.585,24554.7632
2026-08-20 18:45:41.997,24350.1533
2026-08-20 18:45:42.410,24220.0695
2026-08-20 18:45:42.887,24257.2235
2026-08-20 18:45:43.306,24436.4795
2026-08-20 18:45:43.719,24659.2221
2026-08-20 18:45:44.131,24817.7667
2026-08-20 18:45:44.545,24596.5015
2026-08-20 18:45:44.959,24384.6136
2026-08-20 18:45:45.370,24240.6641
2026-08-20 18:45:45.784,24229.1439
2026-08-20 18:45:46.195,24365.2416
2026-08-20 18:45:46.614,24566.4395
2026-08-20 18:45:47.026,24819.4454
2026-08-20 18:45:47.445,25094.2756
2026-08-20 18:45:47.858,25390.9197
2026-08-20 18:45:48.280,25698.3716
2026-08-20 18:45:48.692,25882.6262
2026-08-20 18:45:49.135,25595.2601
2026-08-20 18:45:49.560,25267.0163
2026-08-20 18:45:49.974,24970.293
2026-08-20 18:45:50.389,24702.4601
2026-08-20 18:45:50.802,24471.7256
2026-08-20 18:45:51.262,24293.262
2026-08-20 18:45:51.680,24215.4563
2026-08-20 18:45:52.097,24210.2815
2026-08-20 18:45:52.516,24209.3646
2026-08-20 18:45:52.929,24208.2007
2026-08-20 18:45:53.340,24207.2788
2026-08-20 18:45:53.770,24206.6324
2026-08-20 18:45:54.186,24206.0717
2026-08-20 18:45:54.601,24205.4896
2026-08-20 18:45:55.014,24204.9311
2026-08-20 18:45:55.429,24204.6743
2026-08-20 18:45:55.843,24204.4153
2026-08-20 18:45:56.256,24204.2269
2026-08-20 18:45:56.669,24217.9478
2026-08-20 18:45:57.087,24321.5138
2026-08-20 18:45:57.499,24499.1258
2026-08-20 18:45:57.946,24731.6082
2026-08-20 18:45:58.361,24753.672
2026-08-20 18:45:58.792,24509.5769
2026-08-20 18:45:59.207,24320.1231
2026-08-20 18:45:59.634,24218.579
2026-08-20 18:46:00.046,24286.7836
2026-08-20 18:46:00.468,24448.438
2026-08-20 18:46:00.883,24674.9661
2026-08-20 18:46:01.297,24808.7978
2026-08-20 18:46:01.713,24577.5686
2026-08-20 18:46:02.191,24351.7006
2026-08-20 18:46:02.605,24227.9644
2026-08-20 18:46:03.068,24281.7054
2026-08-20 18:46:03.481,24440.0535
2026-08-20 18:46:03.895,24661.3066
2026-08-20 18:46:04.307,24923.2262
2026-08-20 18:46:04.721,25205.3438
2026-08-20 18:46:05.146,25504.4419
2026-08-20 18:46:05.562,25826.1294
2026-08-20 18:46:05.977,25800.2548
2026-08-20 18:46:06.388,25481.9683
2026-08-20 18:46:06.814,25183.092
2026-08-20 18:46:07.249,24882.5035
2026-08-20 18:46:07.674,24621.167
2026-08-20 18:46:08.086,24409.1223
2026-08-20 18:46:08.499,24275.2848
2026-08-20 18:46:08.921,24224.2008
2026-08-20 18:46:09.335,24224.5648
2026-08-20 18:46:09.756,24224.3112
2026-08-20 18:46:10.168,24223.9147
2026-08-20 18:46:10.582,24223.8192
2026-08-20 18:46:11.003,24223.7838
2026-08-20 18:46:11.464,24223.7353
2026-08-20 18:46:11.879,24223.5561
2026-08-20 18:46:12.290,24223.4514
2026-08-20 18:46:12.702,24223.3853
2026-08-20 18:46:13.115,24223.4835
2026-08-20 18:46:13.527,24223.2544
2026-08-20 18:46:13.954,24265.0862
2026-08-20 18:46:14.366,24397.1804
2026-08-20 18:46:14.780,24594.8553
2026-08-20 18:46:15.192,24822.0015
2026-08-20 18:46:15.624,24691.9773
2026-08-20 18:46:16.035,24455.6286
2026-08-20 18:46:16.448,24297.3751
2026-08-20 18:46:16.862,24238.9339
2026-08-20 18:46:17.275,24343.1266
2026-08-20 18:46:17.700,24521.9074
2026-08-20 18:46:18.164,24765.8353
2026-08-20 18:46:18.583,24725.943
2026-08-20 18:46:18.996,24491.0776
2026-08-20 18:46:19.410,24319.5316
2026-08-20 18:46:19.822,24235.1874
2026-08-20 18:46:20.236,24316.971
2026-08-20 18:46:20.648,24484.0642
2026-08-20 18:46:21.062,24712.264
2026-08-20 18:46:21.476,24977.8424
2026-08-20 18:46:21.889,25264.1088
2026-08-20 18:46:22.317,25576.2258
2026-08-20 18:46:22.728,25880.443
2026-08-20 18:46:23.154,25760.5206
2026-08-20 18:46:23.567,25437.6997
2026-08-20 18:46:24.001,25129.8173
2026-08-20 18:46:24.413,24847.2242
2026-08-20 18:46:24.825,24596.5376
2026-08-20 18:46:25.243,24399.7238
2026-08-20 18:46:25.656,24274.3516
2026-08-20 18:46:26.094,24236.7361
2026-08-20 18:46:26.527,24237.0199
2026-08-20 18:46:26.954,24236.6907
2026-08-20 18:46:27.368,24236.5142
2026-08-20 18:46:27.789,24236.083
2026-08-20 18:46:28.205,24236.0202
2026-08-20 18:46:28.618,24235.8343
2026-08-20 18:46:29.037,24235.6562
2026-08-20 18:46:29.456,24235.4266
2026-08-20 18:46:29.870,24234.7716
2026-08-20 18:46:30.283,24234.4226
2026-08-20 18:46:30.696,24234.773
2026-08-20 18:46:31.109,24289.8349
2026-08-20 18:46:31.523,24429.5803
2026-08-20 18:46:31.936,24635.9005
2026-08-20 18:46:32.362,24840.8572
2026-08-20 18:46:32.815,24634.3146
2026-08-20 18:46:33.234,24423.7624
2026-08-20 18:46:33.648,24281.2421
2026-08-20 18:46:34.061,24264.9427
2026-08-20 18:46:34.476,24390.2751
2026-08-20 18:46:34.889,24585.34
2026-08-20 18:46:35.301,24820.8528
2026-08-20 18:46:35.763,24687.0765
2026-08-20 18:46:36.176,24462.3373
2026-08-20 18:46:36.590,24305.6186
2026-08-20 18:46:37.003,24250.8861
2026-08-20 18:46:37.415,24355.3516
2026-08-20 18:46:37.828,24533.3432
2026-08-20 18:46:38.249,24770.3535
2026-08-20 18:46:38.660,25044.9281
2026-08-20 18:46:39.089,25344.2572
2026-08-20 18:46:39.528,25657.9218
2026-08-20 18:46:39.941,25911.1281
2026-08-20 18:46:40.358,25670.7024
2026-08-20 18:46:40.772,25358.8427
2026-08-20 18:46:41.186,25065.2758
2026-08-20 18:46:41.608,24790.7108
2026-08-20 18:46:42.033,24544.2453
2026-08-20 18:46:42.453,24361.859
2026-08-20 18:46:42.886,24257.4666
2026-08-20 18:46:43.301,24243.0766
2026-08-20 18:46:43.715,24242.9
2026-08-20 18:46:44.128,24242.5101
2026-08-20 18:46:44.605,24242.0298
2026-08-20 18:46:45.021,24241.9919
2026-08-20 18:46:45.448,24241.7302
2026-08-20 18:46:45.862,24241.7854
2026-08-20 18:46:46.276,24241.4815
2026-08-20 18:46:46.702,24241.6027
2026-08-20 18:46:47.115,24241.3718
2026-08-20 18:46:47.542,24241.3719
2026-08-20 18:46:47.955,24251.0334
2026-08-20 18:46:48.367,24344.3669
2026-08-20 18:46:48.781,24510.8958
2026-08-20 18:46:49.196,24738.6932
2026-08-20 18:46:49.663,24789.461
2026-08-20 18:46:50.079,24545.4669
2026-08-20 18:46:50.496,24361.0146
2026-08-20 18:46:50.909,24256.7385
2026-08-20 18:46:51.321,24314.8648
2026-08-20 18:46:51.788,24492.8674
2026-08-20 18:46:52.202,24719.2954
2026-08-20 18:46:52.618,24826.265
2026-08-20 18:46:53.045,24586.9758
2026-08-20 18:46:53.463,24384.7162
2026-08-20 18:46:53.897,24262.7968
2026-08-20 18:46:54.310,24298.8203
2026-08-20 18:46:54.736,24443.5238
2026-08-20 18:46:55.150,24663.2498
2026-08-20 18:46:55.563,24922.1677
2026-08-20 18:46:56.003,25213.0875
2026-08-20 18:46:56.469,25559.2882
2026-08-20 18:46:56.893,25870.9809
2026-08-20 18:46:57.305,25794.7898
2026-08-20 18:46:57.733,25470.3461
2026-08-20 18:46:58.148,25171.1046
2026-08-20 18:46:58.594,24876.3291
2026-08-20 18:46:59.013,24615.5184
2026-08-20 18:46:59.486,24413.5901
2026-08-20 18:46:59.905,24280.3812
2026-08-20 18:47:00.318,24253.7205
2026-08-20 18:47:00.732,24253.7198
2026-08-20 18:47:01.199,24253.1756
2026-08-20 18:47:01.612,24252.5841
2026-08-20 18:47:02.040,24252.176
2026-08-20 18:47:02.467,24251.5765
2026-08-20 18:47:02.879,24250.917
2026-08-20 18:47:03.310,24250.5126
2026-08-20 18:47:03.731,24250.2823
2026-08-20 18:47:04.147,24249.9875
2026-08-20 18:47:04.560,24249.8567
2026-08-20 18:47:04.972,24252.5833
2026-08-20 18:47:05.384,24325.6721
2026-08-20 18:47:05.799,24476.7639
2026-08-20 18:47:06.259,24721.7086
2026-08-20 18:47:06.672,24837.5708
2026-08-20 18:47:07.085,24602.909
2026-08-20 18:47:07.498,24404.4467
2026-08-20 18:47:07.916,24278.2431
2026-08-20 18:47:08.329,24295.4815
2026-08-20 18:47:08.743,24431.7437
2026-08-20 18:47:09.171,24645.1427
2026-08-20 18:47:09.596,24849.6336
2026-08-20 18:47:10.025,24663.7899
2026-08-20 18:47:10.438,24440.9435
2026-08-20 18:47:10.866,24298.5383
2026-08-20 18:47:11.279,24271.5447
2026-08-20 18:47:11.691,24390.3618
2026-08-20 18:47:12.114,24579.2599
2026-08-20 18:47:12.615,24880.8909
2026-08-20 18:47:13.087,25197.619
2026-08-20 18:47:13.514,25501.2543
2026-08-20 18:47:13.935,25822.4773
2026-08-20 18:47:14.347,25855.1366
2026-08-20 18:47:14.759,25537.2139
2026-08-20 18:47:15.186,25234.7219
2026-08-20 18:47:15.598,24939.7887
2026-08-20 18:47:16.026,24670.0325
2026-08-20 18:47:16.438,24455.8834
2026-08-20 18:47:16.861,24315.3618
2026-08-20 18:47:17.276,24254.1543
2026-08-20 18:47:17.704,24252.8727
2026-08-20 18:47:18.116,24251.7772
2026-08-20 18:47:18.528,24250.924
2026-08-20 18:47:18.940,24249.3724
2026-08-20 18:47:19.410,24248.1286
2026-08-20 18:47:19.839,24246.4334
2026-08-20 18:47:20.253,24244.6743
2026-08-20 18:47:20.664,24243.481
2026-08-20 18:47:21.078,24242.1597
2026-08-20 18:47:21.490,24241.3933
2026-08-20 18:47:21.903,24240.574
2026-08-20 18:47:22.315,24271.1453
2026-08-20 18:47:22.741,24391.7042
2026-08-20 18:47:23.155,24587.2096
2026-08-20 18:47:23.568,24820.602
2026-08-20 18:47:24.001,24714.1538
2026-08-20 18:47:24.431,24467.9105
2026-08-20 18:47:24.844,24310.237
2026-08-20 18:47:25.257,24251.3292
2026-08-20 18:47:25.676,24350.686
2026-08-20 18:47:26.109,24529.2168
2026-08-20 18:47:26.521,24777.4977
2026-08-20 18:47:26.935,24782.9777
2026-08-20 18:47:27.348,24538.7623
2026-08-20 18:47:27.781,24349.879
2026-08-20 18:47:28.218,24248.5269
2026-08-20 18:47:28.643,24315.4515
2026-08-20 18:47:29.071,24479.3165
2026-08-20 18:47:29.484,24713.0978
2026-08-20 18:47:29.897,24977.4157
2026-08-20 18:47:30.334,25261.9904
2026-08-20 18:47:30.759,25580.7946
2026-08-20 18:47:31.171,25888.4777
2026-08-20 18:47:31.599,25740.5
2026-08-20 18:47:32.021,25427.4712
2026-08-20 18:47:32.445,25124.4821
2026-08-20 18:47:32.871,24830.2011
2026-08-20 18:47:33.284,24583.0194
2026-08-20 18:47:33.696,24392.8245
2026-08-20 18:47:34.108,24276.8463
2026-08-20 18:47:34.541,24245.9959
2026-08-20 18:47:34.954,24246.1253
2026-08-20 18:47:35.367,24245.6704
2026-08-20 18:47:35.780,24245.0327
2026-08-20 18:47:36.197,24244.4676
2026-08-20 18:47:36.664,24244.1109
2026-08-20 18:47:37.090,24243.7074
2026-08-20 18:47:37.503,24243.2709
2026-08-20 18:47:37.914,24242.8331
2026-08-20 18:47:38.336,24242.4908
2026-08-20 18:47:38.748,24242.2861
2026-08-20 18:47:39.161,24242.835
2026-08-20 18:47:39.574,24304.546
2026-08-20 18:47:39.999,24446.8292
2026-08-20 18:47:40.411,24661.9802
2026-08-20 18:47:40.852,24842.3252
2026-08-20 18:47:41.280,24615.8792
2026-08-20 18:47:41.707,24405.7788
2026-08-20 18:47:42.121,24275.637
2026-08-20 18:47:42.542,24277.8253
2026-08-20 18:47:42.955,24410.393
2026-08-20 18:47:43.379,24610.3012
2026-08-20 18:47:43.791,24839.1165
2026-08-20 18:47:44.204,24692.2479
2026-08-20 18:47:44.628,24467.8899
2026-08-20 18:47:45.053,24308.0477
2026-08-20 18:47:45.465,24256.3099
2026-08-20 18:47:45.883,24361.7742
2026-08-20 18:47:46.311,24544.3972
2026-08-20 18:47:46.733,24791.9086
2026-08-20 18:47:47.163,25069.8124
2026-08-20 18:47:47.582,25372.3414
2026-08-20 18:47:47.995,25681.8344
2026-08-20 18:47:48.408,25912.438
2026-08-20 18:47:48.836,25649.4414
2026-08-20 18:47:49.272,25330.6477
2026-08-20 18:47:49.685,25033.5712
2026-08-20 18:47:50.097,24762.5546
2026-08-20 18:47:50.522,24520.8802
2026-08-20 18:47:50.935,24353.8719
2026-08-20 18:47:51.402,24256.8992
2026-08-20 18:47:51.816,24250.118
2026-08-20 18:47:52.242,24249.6928
2026-08-20 18:47:52.662,24249.1999
2026-08-20 18:47:53.076,24248.5543
2026-08-20 18:47:53.490,24247.5179
2026-08-20 18:47:53.902,24246.7144
2026-08-20 18:47:54.326,24246.0765
2026-08-20 18:47:54.747,24245.602
2026-08-20 18:47:55.176,24245.1571
2026-08-20 18:47:55.593,24244.3927
2026-08-20 18:47:56.013,24244.2096
2026-08-20 18:47:56.427,24255.504
2026-08-20 18:47:56.841,24351.2415
2026-08-20 18:47:57.264,24518.768
2026-08-20 18:47:57.677,24753.9911
2026-08-20 18:47:58.091,24799.223
2026-08-20 18:47:58.568,24528.2899
2026-08-20 18:47:58.983,24347.687
2026-08-20 18:47:59.395,24255.3104
2026-08-20 18:47:59.831,24327.7456
2026-08-20 18:48:00.243,24490.9004
2026-08-20 18:48:00.675,24718.1101
2026-08-20 18:48:01.093,24817.9979
2026-08-20 18:48:01.507,24574.9149
2026-08-20 18:48:01.921,24381.2164
2026-08-20 18:48:02.353,24261.464
2026-08-20 18:48:02.774,24299.79
2026-08-20 18:48:03.190,24446.5397
2026-08-20 18:48:03.602,24660.9129
2026-08-20 18:48:04.023,24917.2058
2026-08-20 18:48:04.436,25203.534
2026-08-20 18:48:04.867,25501.1225
2026-08-20 18:48:05.283,25825.8171
2026-08-20 18:48:05.710,25837.8841
2026-08-20 18:48:06.125,25510.5136
2026-08-20 18:48:06.538,25207.9984
2026-08-20 18:48:06.966,24925.2545
2026-08-20 18:48:07.379,24657.4018
2026-08-20 18:48:07.806,24441.5374
2026-08-20 18:48:08.219,24307.9771
2026-08-20 18:48:08.631,24255.3696
2026-08-20 18:48:09.067,24255.4359
2026-08-20 18:48:09.480,24255.2249
2026-08-20 18:48:09.898,24254.7457
2026-08-20 18:48:10.316,24254.3609
2026-08-20 18:48:10.730,24253.8715
2026-08-20 18:48:11.195,24253.5199
2026-08-20 18:48:11.615,24253.502
2026-08-20 18:48:12.040,24253.5329
2026-08-20 18:48:12.461,24253.6124
2026-08-20 18:48:12.886,24253.6052
2026-08-20 18:48:13.299,24253.6505
2026-08-20 18:48:13.720,24296.6024
2026-08-20 18:48:14.147,24429.3937
2026-08-20 18:48:14.559,24635.1151
2026-08-20 18:48:14.975,24849.1349
2026-08-20 18:48:15.392,24687.7288
2026-08-20 18:48:15.805,24466.2212
2026-08-20 18:48:16.220,24316.4466
2026-08-20 18:48:16.633,24270.0691
2026-08-20 18:48:17.048,24374.8462
2026-08-20 18:48:17.467,24552.8138
2026-08-20 18:48:17.930,24793.4964
2026-08-20 18:48:18.359,24730.8965
2026-08-20 18:48:18.772,24494.5204
2026-08-20 18:48:19.184,24330.6705
2026-08-20 18:48:19.618,24259.4958
2026-08-20 18:48:20.030,24352.5217
2026-08-20 18:48:20.443,24522.6561
2026-08-20 18:48:20.860,24755.0343
2026-08-20 18:48:21.272,25025.3482
2026-08-20 18:48:21.685,25311.6227
2026-08-20 18:48:22.097,25613.7133
2026-08-20 18:48:22.537,25905.4417
2026-08-20 18:48:22.953,25724.252
2026-08-20 18:48:23.371,25411.3032
2026-08-20 18:48:23.784,25112.7915
2026-08-20 18:48:24.204,24836.1038
2026-08-20 18:48:24.635,24585.4373
2026-08-20 18:48:25.063,24392.773
2026-08-20 18:48:25.476,24281.3051
2026-08-20 18:48:25.888,24260.1557
2026-08-20 18:48:26.307,24260.0894
2026-08-20 18:48:26.738,24259.6315
2026-08-20 18:48:27.151,24258.9986
2026-08-20 18:48:27.564,24258.7545
2026-08-20 18:48:27.977,24258.1786
2026-08-20 18:48:28.442,24257.8384
2026-08-20 18:48:28.872,24257.3363
2026-08-20 18:48:29.286,24256.8595
2026-08-20 18:48:29.705,24256.2057
2026-08-20 18:48:30.125,24255.9196
2026-08-20 18:48:30.539,24258.9486
2026-08-20 18:48:30.974,24338.5097
2026-08-20 18:48:31.389,24495.7952
2026-08-20 18:48:31.801,24717.1636
2026-08-20 18:48:32.223,24841.3557
2026-08-20 18:48:32.642,24604.4603
2026-08-20 18:48:33.059,24404.636
2026-08-20 18:48:33.470,24279.9802
2026-08-20 18:48:33.883,24298.9679
2026-08-20 18:48:34.295,24432.9229
2026-08-20 18:48:34.707,24635.6263
2026-08-20 18:48:35.120,24848.6037
2026-08-20 18:48:35.542,24684.6453
2026-08-20 18:48:35.958,24459.7904
2026-08-20 18:48:36.378,24309.0056
2026-08-20 18:48:36.792,24266.2199
2026-08-20 18:48:37.204,24372.9187
2026-08-20 18:48:37.616,24552.4109
2026-08-20 18:48:38.043,24789.6541
2026-08-20 18:48:38.456,25068.8525
2026-08-20 18:48:38.883,25368.8862
2026-08-20 18:48:39.296,25673.5856
2026-08-20 18:48:39.711,25921.6806
2026-08-20 18:48:40.139,25685.0749
2026-08-20 18:48:40.552,25365.42
2026-08-20 18:48:40.970,25072.4743
2026-08-20 18:48:41.384,24794.7296
2026-08-20 18:48:41.812,24547.2831
2026-08-20 18:48:42.226,24372.688
2026-08-20 18:48:42.639,24274.3243
2026-08-20 18:48:43.072,24258.2645
2026-08-20 18:48:43.485,24257.7897
2026-08-20 18:48:43.903,24257.4689
2026-08-20 18:48:44.315,24256.8692
2026-08-20 18:48:44.733,24256.0738
2026-08-20 18:48:45.207,24255.5997
2026-08-20 18:48:45.621,24255.2403
2026-08-20 18:48:46.038,24254.761
2026-08-20 18:48:46.452,24254.2384
2026-08-20 18:48:46.866,24253.6877
2026-08-20 18:48:47.285,24253.3897
2026-08-20 18:48:47.711,24259.2829
2026-08-20 18:48:48.124,24345.7859
2026-08-20 18:48:48.537,24505.5162
2026-08-20 18:48:48.948,24728.1115
2026-08-20 18:48:49.382,24833.8549
2026-08-20 18:48:49.794,24585.8202
2026-08-20 18:48:50.216,24393.4345
2026-08-20 18:48:50.631,24273.2223
2026-08-20 18:48:51.043,24304.662
2026-08-20 18:48:51.521,24466.7849
2026-08-20 18:48:51.933,24689.3709
2026-08-20 18:48:52.361,24841.6715
2026-08-20 18:48:52.773,24616.4733
2026-08-20 18:48:53.186,24413.5751
2026-08-20 18:48:53.604,24283.7041
2026-08-20 18:48:54.017,24284.2729
2026-08-20 18:48:54.440,24412.8443
2026-08-20 18:48:54.852,24616.1411
2026-08-20 18:48:55.264,24865.6229
2026-08-20 18:48:55.697,25141.8314
2026-08-20 18:48:56.115,25449.6569
2026-08-20 18:48:56.530,25762.081
2026-08-20 18:48:56.946,25896.3299
2026-08-20 18:48:57.409,25590.3732
2026-08-20 18:48:57.841,25245.4462
2026-08-20 18:48:58.254,24950.7871
2026-08-20 18:48:58.666,24687.998
2026-08-20 18:48:59.078,24471.5393
2026-08-20 18:48:59.492,24326.2829
2026-08-20 18:48:59.920,24259.7997
2026-08-20 18:49:00.332,24257.2386
2026-08-20 18:49:00.744,24256.7553
2026-08-20 18:49:01.164,24256.0602
2026-08-20 18:49:01.575,24255.4151
2026-08-20 18:49:01.988,24254.9048
2026-08-20 18:49:02.460,24254.3282
2026-08-20 18:49:02.873,24253.6734
2026-08-20 18:49:03.291,24253.0486
2026-08-20 18:49:03.703,24252.4395
2026-08-20 18:49:04.117,24251.9275
2026-08-20 18:49:04.530,24251.4865
2026-08-20 18:49:04.947,24272.8757
2026-08-20 18:49:05.366,24384.1781
2026-08-20 18:49:05.778,24567.3352
2026-08-20 18:49:06.192,24803.645
2026-08-20 18:49:06.604,24754.4624
2026-08-20 18:49:07.069,24493.4091
2026-08-20 18:49:07.495,24331.1967
2026-08-20 18:49:07.907,24260.2732
2026-08-20 18:49:08.324,24350.6012
2026-08-20 18:49:08.751,24521.2754
2026-08-20 18:49:09.165,24761.1023
2026-08-20 18:49:09.578,24793.8644
2026-08-20 18:49:09.992,24549.3857
2026-08-20 18:49:10.404,24365.2916
2026-08-20 18:49:10.817,24259.7
2026-08-20 18:49:11.230,24308.2899
2026-08-20 18:49:11.655,24457.7375
2026-08-20 18:49:12.068,24677.1021
2026-08-20 18:49:12.485,24939.027
2026-08-20 18:49:12.898,25219.8377
2026-08-20 18:49:13.311,25516.596
2026-08-20 18:49:13.722,25828.2921
2026-08-20 18:49:14.135,25830.6913
2026-08-20 18:49:14.551,25512.9186
2026-08-20 18:49:14.977,25209.158
2026-08-20 18:49:15.400,24916.2737
2026-08-20 18:49:15.812,24650.4649
2026-08-20 18:49:16.229,24441.3483
2026-08-20 18:49:16.655,24303.7894
2026-08-20 18:49:17.117,24247.636
2026-08-20 18:49:17.535,24247.5557
2026-08-20 18:49:17.948,24246.755
2026-08-20 18:49:18.362,24245.4274
2026-08-20 18:49:18.774,24244.3788
2026-08-20 18:49:19.205,24243.7963
2026-08-20 18:49:19.618,24242.7067
2026-08-20 18:49:20.037,24241.9374
2026-08-20 18:49:20.450,24241.2226
2026-08-20 18:49:20.862,24240.463
2026-08-20 18:49:21.324,24239.7378
2026-08-20 18:49:21.749,24238.9448
2026-08-20 18:49:22.174,24283.8468
2026-08-20 18:49:22.601,24418.681
2026-08-20 18:49:23.017,24625.9438
2026-08-20 18:49:23.431,24832.3217
2026-08-20 18:49:23.844,24657.8545
2026-08-20 18:49:24.258,24440.2031
2026-08-20 18:49:24.683,24292.5468
2026-08-20 18:49:25.096,24253.1219
2026-08-20 18:49:25.524,24363.5319
2026-08-20 18:49:25.936,24553.6234
2026-08-20 18:49:26.363,24792.6751
2026-08-20 18:49:26.789,24727.463
2026-08-20 18:49:27.205,24486.574
2026-08-20 18:49:27.620,24317.6345
2026-08-20 18:49:28.033,24238.8519
2026-08-20 18:49:28.446,24318.4087
2026-08-20 18:49:28.867,24480.3714
2026-08-20 18:49:29.279,24711.7442
2026-08-20 18:49:29.693,24975.9527
2026-08-20 18:49:30.158,25297.3419
2026-08-20 18:49:30.570,25599.0263
2026-08-20 18:49:30.984,25883.6988
2026-08-20 18:49:31.396,25708.7897
2026-08-20 18:49:31.809,25396.5042
2026-08-20 18:49:32.223,25100.6056
2026-08-20 18:49:32.717,24823.5748
2026-08-20 18:49:33.145,24523.0467
2026-08-20 18:49:33.558,24348.9694
2026-08-20 18:49:33.970,24249.8035
2026-08-20 18:49:34.384,24231.9498
2026-08-20 18:49:34.817,24230.7322
2026-08-20 18:49:35.246,24229.3173
2026-08-20 18:49:35.658,24228.0883
2026-08-20 18:49:36.081,24225.7015
2026-08-20 18:49:36.507,24222.4478
2026-08-20 18:49:36.926,24221.1252
2026-08-20 18:49:37.340,24220.0977
2026-08-20 18:49:37.752,24218.9769
2026-08-20 18:49:38.165,24218.2025
2026-08-20 18:49:38.578,24217.4891
2026-08-20 18:49:39.019,24220.3552
2026-08-20 18:49:39.449,24303.0628
2026-08-20 18:49:39.866,24459.348
2026-08-20 18:49:40.277,24681.4434
2026-08-20 18:49:40.689,24793.0601
2026-08-20 18:49:41.111,24558.1648
2026-08-20 18:49:41.526,24358.176
2026-08-20 18:49:41.939,24236.5598
2026-08-20 18:49:42.376,24260.4537
2026-08-20 18:49:42.803,24400.7481
2026-08-20 18:49:43.222,24616.0132
2026-08-20 18:49:43.634,24807.5607
2026-08-20 18:49:44.046,24611.7974
2026-08-20 18:49:44.462,24398.9106
2026-08-20 18:49:44.874,24256.785
2026-08-20 18:49:45.288,24228.7747
2026-08-20 18:49:45.766,24363.845
2026-08-20 18:49:46.179,24565.5448
2026-08-20 18:49:46.606,24823.5854
2026-08-20 18:49:47.076,25099.3294
2026-08-20 18:49:47.493,25436.6222
2026-08-20 18:49:47.918,25744.5845
2026-08-20 18:49:48.335,25824.7042
2026-08-20 18:49:48.748,25506.179
2026-08-20 18:49:49.164,25202.5304
2026-08-20 18:49:49.586,24915.4209
2026-08-20 18:49:50.010,24646.5814
2026-08-20 18:49:50.425,24423.8591
2026-08-20 18:49:50.841,24279.0448
2026-08-20 18:49:51.254,24214.3931
2026-08-20 18:49:51.729,24211.7769
2026-08-20 18:49:52.143,24211.0436
2026-08-20 18:49:52.570,24210.1496
2026-08-20 18:49:52.987,24209.1179
2026-08-20 18:49:53.399,24208.4084
2026-08-20 18:49:53.826,24207.9238
2026-08-20 18:49:54.254,24207.0156
2026-08-20 18:49:54.678,24206.3756
2026-08-20 18:49:55.091,24205.6012
2026-08-20 18:49:55.516,24204.8814
2026-08-20 18:49:55.938,24204.4292
2026-08-20 18:49:56.353,24237.6062
2026-08-20 18:49:56.780,24359.2668
2026-08-20 18:49:57.196,24555.8328
2026-08-20 18:49:57.622,24785.7691
2026-08-20 18:49:58.035,24656.7532
2026-08-20 18:49:58.449,24431.5492
2026-08-20 18:49:58.863,24274.1387
2026-08-20 18:49:59.275,24212.5779
2026-08-20 18:49:59.742,24306.249
2026-08-20 18:50:00.164,24506.2524
2026-08-20 18:50:00.580,24746.684
2026-08-20 18:50:00.998,24711.6959
2026-08-20 18:50:01.413,24471.1492
2026-08-20 18:50:01.841,24296.8941
2026-08-20 18:50:02.253,24206.9205
2026-08-20 18:50:02.680,24283.7544
2026-08-20 18:50:03.103,24444.1787
2026-08-20 18:50:03.519,24675.5267
2026-08-20 18:50:03.937,24941.1708
2026-08-20 18:50:04.355,25232.4412
2026-08-20 18:50:04.775,25533.3357
2026-08-20 18:50:05.188,25836.3833
2026-08-20 18:50:05.611,25700.7203
2026-08-20 18:50:06.024,25379.8357
2026-08-20 18:50:06.454,25083.4066
2026-08-20 18:50:06.874,24793.7736
2026-08-20 18:50:07.288,24541.0264
2026-08-20 18:50:07.708,24350.1293
2026-08-20 18:50:08.121,24232.7558
2026-08-20 18:50:08.555,24202.0132
2026-08-20 18:50:08.970,24202.0266
2026-08-20 18:50:09.397,24201.2185
2026-08-20 18:50:09.810,24200.3465
2026-08-20 18:50:10.224,24199.5165
2026-08-20 18:50:10.658,24198.9295
2026-08-20 18:50:11.080,24198.2421
2026-08-20 18:50:11.493,24197.5214
2026-08-20 18:50:11.920,24196.693
2026-08-20 18:50:12.332,24196.1675
2026-08-20 18:50:12.762,24195.4799
2026-08-20 18:50:13.174,24195.5809
2026-08-20 18:50:13.596,24254.2386
2026-08-20 18:50:14.010,24396.4965
2026-08-20 18:50:14.423,24603.8475
2026-08-20 18:50:14.900,24780.7353
2026-08-20 18:50:15.312,24552.0237
2026-08-20 18:50:15.725,24351.2767
2026-08-20 18:50:16.138,24223.7375
2026-08-20 18:50:16.565,24230.2574
2026-08-20 18:50:16.985,24360.1012
2026-08-20 18:50:17.399,24563.2744
2026-08-20 18:50:17.827,24779.738
2026-08-20 18:50:18.240,24609.4955
2026-08-20 18:50:18.666,24390.9706
2026-08-20 18:50:19.079,24240.5133
2026-08-20 18:50:19.505,24204.9934
2026-08-20 18:50:19.917,24316.35
2026-08-20 18:50:20.339,24498.9583
2026-08-20 18:50:20.766,24744.937
2026-08-20 18:50:21.184,25025.4889
2026-08-20 18:50:21.613,25328.7971
2026-08-20 18:50:22.025,25633.7561
2026-08-20 18:50:22.447,25843.7049
2026-08-20 18:50:22.860,25568.7281
2026-08-20 18:50:23.292,25247.7619
2026-08-20 18:50:23.725,24948.391
2026-08-20 18:50:24.138,24675.2315
2026-08-20 18:50:24.551,24444.802
2026-08-20 18:50:24.968,24282.6183
2026-08-20 18:50:25.385,24195.9505
2026-08-20 18:50:25.798,24186.3379
2026-08-20 18:50:26.213,24185.6565
2026-08-20 18:50:26.625,24184.8229
2026-08-20 18:50:27.038,24183.4085
2026-08-20 18:50:27.452,24182.5837
2026-08-20 18:50:27.946,24181.8202
2026-08-20 18:50:28.363,24180.6798
2026-08-20 18:50:28.776,24179.7499
2026-08-20 18:50:29.189,24179.1587
2026-08-20 18:50:29.650,24178.2182
2026-08-20 18:50:30.075,24177.3566
2026-08-20 18:50:30.488,24194.5949
2026-08-20 18:50:30.901,24297.8585
2026-08-20 18:50:31.322,24471.3823
2026-08-20 18:50:31.753,24708.6237
2026-08-20 18:50:32.181,24680.0947
2026-08-20 18:50:32.593,24437.259
2026-08-20 18:50:33.005,24267.7078
2026-08-20 18:50:33.429,24182.4433
2026-08-20 18:50:33.847,24258.0382
2026-08-20 18:50:34.261,24419.6226
2026-08-20 18:50:34.697,24644.3707
2026-08-20 18:50:35.109,24727.3078
2026-08-20 18:50:35.527,24484.399
2026-08-20 18:50:35.941,24294.7142
2026-08-20 18:50:36.375,24182.132
2026-08-20 18:50:36.799,24228.2368
2026-08-20 18:50:37.212,24377.6791
2026-08-20 18:50:37.625,24592.7274
2026-08-20 18:50:38.038,24849.7075
2026-08-20 18:50:38.453,25129.5754
2026-08-20 18:50:38.932,25466.3811
2026-08-20 18:50:39.360,25784.876
2026-08-20 18:50:39.779,25688.2152
2026-08-20 18:50:40.192,25369.7631
2026-08-20 18:50:40.606,25071.5437
2026-08-20 18:50:41.023,24788.3992
2026-08-20 18:50:41.445,24535.5886
2026-08-20 18:50:41.861,24333.2862
2026-08-20 18:50:42.275,24209.9244
2026-08-20 18:50:42.689,24169.761
2026-08-20 18:50:43.118,24169.7821
2026-08-20 18:50:43.538,24168.8502
2026-08-20 18:50:43.954,24167.6889
2026-08-20 18:50:44.366,24166.7347
2026-08-20 18:50:44.777,24166.0343
2026-08-20 18:50:45.190,24165.3449
2026-08-20 18:50:45.602,24164.5103
2026-08-20 18:50:46.033,24163.6866
2026-08-20 18:50:46.446,24162.9906
2026-08-20 18:50:46.860,24162.2837
2026-08-20 18:50:47.272,24161.6919
2026-08-20 18:50:47.684,24197.4009
2026-08-20 18:50:48.154,24319.5904
2026-08-20 18:50:48.599,24558.4524
2026-08-20 18:50:49.025,24752.3583
2026-08-20 18:50:49.446,24557.5231
2026-08-20 18:50:49.857,24342.9347
2026-08-20 18:50:50.270,24204.2655
2026-08-20 18:50:50.689,24179.4312
2026-08-20 18:50:51.102,24297.3008
2026-08-20 18:50:51.515,24483.7695
2026-08-20 18:50:51.927,24720.4918
2026-08-20 18:50:52.339,24634.6992
2026-08-20 18:50:52.752,24403.7498
2026-08-20 18:50:53.164,24238.4798
2026-08-20 18:50:53.577,24160.9531
2026-08-20 18:50:53.992,24238.3343
2026-08-20 18:50:54.409,24399.368
2026-08-20 18:50:54.821,24627.0112
2026-08-20 18:50:55.234,24889.5064
2026-08-20 18:50:55.651,25172.693
2026-08-20 18:50:56.078,25475.1184
2026-08-20 18:50:56.491,25785.435
2026-08-20 18:50:56.911,25657.7271
2026-08-20 18:50:57.339,25338.7221
2026-08-20 18:50:57.752,25032.2493
2026-08-20 18:50:58.164,24753.688
2026-08-20 18:50:58.589,24496.1548
2026-08-20 18:50:59.007,24305.3179
2026-08-20 18:50:59.419,24187.9705
2026-08-20 18:50:59.845,24155.0545
2026-08-20 18:51:00.258,24155.0095
2026-08-20 18:51:00.690,24153.7782
2026-08-20 18:51:01.107,24152.7321
2026-08-20 18:51:01.520,24152.0052
2026-08-20 18:51:01.938,24151.1072
2026-08-20 18:51:02.359,24150.0782
2026-08-20 18:51:02.776,24149.0786
2026-08-20 18:51:03.202,24148.1355
2026-08-20 18:51:03.615,24147.6084
2026-08-20 18:51:04.038,24146.7715
2026-08-20 18:51:04.450,24146.1447
2026-08-20 18:51:04.864,24197.6481
2026-08-20 18:51:05.304,24331.2178
2026-08-20 18:51:05.725,24547.9759
2026-08-20 18:51:06.141,24734.9494
2026-08-20 18:51:06.553,24535.8965
2026-08-20 18:51:06.965,24326.1086
2026-08-20 18:51:07.384,24187.6409
2026-08-20 18:51:07.875,24181.7075
2026-08-20 18:51:08.303,24317.1078
2026-08-20 18:51:08.730,24527.7793
2026-08-20 18:51:09.143,24731.4473
2026-08-20 18:51:09.561,24555.0956
2026-08-20 18:51:09.979,24335.5931
2026-08-20 18:51:10.393,24188.8132
2026-08-20 18:51:10.805,24152.876
2026-08-20 18:51:11.226,24262.2159
2026-08-20 18:51:11.701,24477.0801
2026-08-20 18:51:12.120,24728.2244
2026-08-20 18:51:12.532,25005.7227
2026-08-20 18:51:12.959,25306.6524
2026-08-20 18:51:13.376,25611.9989
2026-08-20 18:51:13.790,25781.8716
2026-08-20 18:51:14.203,25489.5775
2026-08-20 18:51:14.621,25183.6364
2026-08-20 18:51:15.038,24891.7089
2026-08-20 18:51:15.451,24621.2153
2026-08-20 18:51:15.885,24391.7357
2026-08-20 18:51:16.304,24224.6447
2026-08-20 18:51:16.716,24144.2983
2026-08-20 18:51:17.154,24137.352
2026-08-20 18:51:17.569,24136.6102
2026-08-20 18:51:17.984,24135.5852
2026-08-20 18:51:18.396,24134.5422
2026-08-20 18:51:18.822,24133.5469
2026-08-20 18:51:19.236,24132.8255
2026-08-20 18:51:19.652,24132.2442
2026-08-20 18:51:20.101,24131.3804
2026-08-20 18:51:20.513,24130.295
2026-08-20 18:51:20.924,24129.5943
2026-08-20 18:51:21.348,24128.6805
2026-08-20 18:51:21.761,24141.3029
2026-08-20 18:51:22.193,24237.3426
2026-08-20 18:51:22.619,24414.0862
2026-08-20 18:51:23.044,24652.2909
2026-08-20 18:51:23.463,24641.5997
2026-08-20 18:51:23.876,24400.7281
2026-08-20 18:51:24.301,24227.0847
2026-08-20 18:51:24.716,24134.1857
2026-08-20 18:51:25.143,24202.9305
2026-08-20 18:51:25.561,24363.8038
2026-08-20 18:51:25.974,24589.6448
2026-08-20 18:51:26.407,24689.7365
2026-08-20 18:51:26.828,24440.598
2026-08-20 18:51:27.240,24247.5169
2026-08-20 18:51:27.653,24135.3243
2026-08-20 18:51:28.066,24170.8031
2026-08-20 18:51:28.491,24315.2366
2026-08-20 18:51:28.914,24524.54
2026-08-20 18:51:29.327,24786.186
2026-08-20 18:51:29.740,25064.6691
2026-08-20 18:51:30.160,25360.2735
2026-08-20 18:51:30.577,25674.7692
2026-08-20 18:51:30.990,25706.6635
2026-08-20 18:51:31.450,25353.998
2026-08-20 18:51:31.863,25054.801
2026-08-20 18:51:32.288,24773.6543
2026-08-20 18:51:32.702,24508.9741
2026-08-20 18:51:33.129,24303.4745
2026-08-20 18:51:33.551,24168.9387
2026-08-20 18:51:33.964,24120.5207
2026-08-20 18:51:34.393,24120.518
2026-08-20 18:51:34.806,24119.469
2026-08-20 18:51:35.268,24118.286
2026-08-20 18:51:35.695,24117.1219
2026-08-20 18:51:36.107,24116.269
2026-08-20 18:51:36.520,24115.3125
2026-08-20 18:51:36.934,24114.5706
2026-08-20 18:51:37.346,24113.4592
2026-08-20 18:51:37.775,24112.6774
2026-08-20 18:51:38.192,24111.7858
2026-08-20 18:51:38.608,24111.0017
2026-08-20 18:51:39.023,24152.7071
2026-08-20 18:51:39.437,24280.1675
2026-08-20 18:51:39.911,24501.6174
2026-08-20 18:51:40.324,24699.1955
2026-08-20 18:51:40.746,24509.5589
2026-08-20 18:51:41.164,24293.2872
2026-08-20 18:51:41.591,24152.6104
2026-08-20 18:51:42.005,24130.873
2026-08-20 18:51:42.436,24254.6356
2026-08-20 18:51:42.849,24447.8104
2026-08-20 18:51:43.276,24677.243
2026-08-20 18:51:43.688,24551.1832
2026-08-20 18:51:44.107,24324.5522
2026-08-20 18:51:44.534,24165.2341
2026-08-20 18:51:44.948,24112.3758
2026-08-20 18:51:45.371,24210.6993
2026-08-20 18:51:45.785,24389.6671
2026-08-20 18:51:46.199,24625.0694
2026-08-20 18:51:46.612,24894.2106
2026-08-20 18:51:47.025,25180.8766
2026-08-20 18:51:47.440,25481.89
2026-08-20 18:51:47.901,25753.3054
2026-08-20 18:51:48.320,25508.9212
2026-08-20 18:51:48.734,25200.0185
2026-08-20 18:51:49.147,24908.039
2026-08-20 18:51:49.561,24635.6032
2026-08-20 18:51:49.973,24396.3351
2026-08-20 18:51:50.387,24221.2562
2026-08-20 18:51:50.805,24120.3956
2026-08-20 18:51:51.224,24102.7797
2026-08-20 18:51:51.640,24102.2634
2026-08-20 18:51:52.054,24101.1084
2026-08-20 18:51:52.480,24099.8782
2026-08-20 18:51:52.897,24098.7815
2026-08-20 18:51:53.310,24097.9636
2026-08-20 18:51:53.738,24097.0399
2026-08-20 18:51:54.159,24096.1681
2026-08-20 18:51:54.572,24095.2374
2026-08-20 18:51:54.984,24094.4216
2026-08-20 18:51:55.399,24093.5811
2026-08-20 18:51:55.812,24094.762
2026-08-20 18:51:56.232,24160.9403
2026-08-20 18:51:56.650,24307.2439
2026-08-20 18:51:57.063,24520.6741
2026-08-20 18:51:57.489,24673.8344
2026-08-20 18:51:57.902,24452.3032
2026-08-20 18:51:58.315,24250.1898
2026-08-20 18:51:58.729,24121.0113
2026-08-20 18:51:59.156,24120.809
2026-08-20 18:51:59.568,24251.2375
2026-08-20 18:51:59.994,24447.7139
2026-08-20 18:52:00.407,24669.7469
2026-08-20 18:52:00.821,24512.7509
2026-08-20 18:52:01.243,24292.5799
2026-08-20 18:52:01.670,24140.5234
2026-08-20 18:52:02.090,24098.4037
2026-08-20 18:52:02.503,24208.5811
2026-08-20 18:52:02.928,24389.4916
2026-08-20 18:52:03.341,24636.5974
2026-08-20 18:52:03.754,24906.6534
2026-08-20 18:52:04.221,25232.5059
2026-08-20 18:52:04.649,25549.9873
2026-08-20 18:52:05.062,25725.3558
2026-08-20 18:52:05.478,25437.7112
2026-08-20 18:52:05.893,25130.0717
2026-08-20 18:52:06.324,24835.8539
2026-08-20 18:52:06.738,24559.5628
2026-08-20 18:52:07.151,24330.2366
2026-08-20 18:52:07.584,24167.1606
2026-08-20 18:52:07.997,24086.9006
2026-08-20 18:52:08.416,24080.0357
2026-08-20 18:52:08.847,24079.1686
2026-08-20 18:52:09.259,24076.7961
2026-08-20 18:52:09.673,24074.6822
2026-08-20 18:52:10.086,24073.466
2026-08-20 18:52:10.522,24072.6606
2026-08-20 18:52:10.934,24071.6727
2026-08-20 18:52:11.347,24070.6449
2026-08-20 18:52:11.761,24069.7204
2026-08-20 18:52:12.187,24068.7899
2026-08-20 18:52:12.626,24067.8909
2026-08-20 18:52:13.040,24080.3164
2026-08-20 18:52:13.454,24176.1793
2026-08-20 18:52:13.874,24343.1932
2026-08-20 18:52:14.293,24576.2256
2026-08-20 18:52:14.733,24599.842
2026-08-20 18:52:15.152,24344.888
2026-08-20 18:52:15.567,24166.5659
2026-08-20 18:52:15.981,24073.5969
2026-08-20 18:52:16.394,24136.3624
2026-08-20 18:52:16.831,24287.9211
2026-08-20 18:52:17.245,24520.1283
2026-08-20 18:52:17.658,24650.0444
2026-08-20 18:52:18.091,24410.4075
2026-08-20 18:52:18.503,24209.9947
2026-08-20 18:52:18.943,24086.7567
2026-08-20 18:52:19.371,24103.1687
2026-08-20 18:52:19.784,24235.9513
2026-08-20 18:52:20.196,24438.9365
2026-08-20 18:52:20.610,24689.6282
2026-08-20 18:52:21.022,24966.1662
2026-08-20 18:52:21.434,25258.6347
2026-08-20 18:52:21.866,25575.6578
2026-08-20 18:52:22.280,25673.1035
2026-08-20 18:52:22.693,25361.3137
2026-08-20 18:52:23.128,25048.0583
2026-08-20 18:52:23.541,24758.209
2026-08-20 18:52:23.982,24486.3904
2026-08-20 18:52:24.396,24264.5803
2026-08-20 18:52:24.808,24123.333
2026-08-20 18:52:25.235,24061.9901
2026-08-20 18:52:25.647,24059.5509
2026-08-20 18:52:26.086,24058.9638
2026-08-20 18:52:26.499,24057.5789
2026-08-20 18:52:26.937,24056.2343
2026-08-20 18:52:27.349,24055.2346
2026-08-20 18:52:27.763,24054.4768
2026-08-20 18:52:28.200,24053.3274
2026-08-20 18:52:28.627,24052.2284
2026-08-20 18:52:29.041,24051.5221
2026-08-20 18:52:29.454,24050.3869
2026-08-20 18:52:29.876,24049.5356
2026-08-20 18:52:30.302,24076.9763
2026-08-20 18:52:30.714,24196.042
2026-08-20 18:52:31.135,24380.3494
2026-08-20 18:52:31.549,24615.0624
2026-08-20 18:52:31.976,24511.7519
2026-08-20 18:52:32.439,24258.4029
2026-08-20 18:52:32.852,24102.7499
2026-08-20 18:52:33.284,24055.6306
2026-08-20 18:52:33.697,24161.3008
2026-08-20 18:52:34.109,24338.9315
2026-08-20 18:52:34.530,24574.2031
2026-08-20 18:52:34.958,24537.1273
2026-08-20 18:52:35.370,24293.0965
2026-08-20 18:52:35.782,24123.5659
2026-08-20 18:52:36.208,24039.1423
2026-08-20 18:52:36.632,24113.9031
2026-08-20 18:52:37.053,24278.0686
2026-08-20 18:52:37.466,24507.8349
2026-08-20 18:52:37.878,24770.8645
2026-08-20 18:52:38.305,25053.3444
2026-08-20 18:52:38.759,25391.9525
2026-08-20 18:52:39.171,25671.6974
2026-08-20 18:52:39.583,25487.482
2026-08-20 18:52:39.996,25176.3906
2026-08-20 18:52:40.423,24881.9239
2026-08-20 18:52:40.846,24596.9919
2026-08-20 18:52:41.272,24345.6252
2026-08-20 18:52:41.685,24156.6205
2026-08-20 18:52:42.097,24049.8769
2026-08-20 18:52:42.511,24026.2865
2026-08-20 18:52:42.949,24025.7218
2026-08-20 18:52:43.362,24024.6005
2026-08-20 18:52:43.774,24023.545
2026-08-20 18:52:44.186,24022.626
2026-08-20 18:52:44.656,24021.5762
2026-08-20 18:52:45.087,24020.5455
2026-08-20 18:52:45.514,24019.5928
2026-08-20 18:52:45.927,24018.755
2026-08-20 18:52:46.340,24018.0082
2026-08-20 18:52:46.752,24017.3313
2026-08-20 18:52:47.164,24016.6097
2026-08-20 18:52:47.583,24015.983
2026-08-20 18:52:48.001,24015.3272
2026-08-20 18:52:48.416,24014.7223
2026-08-20 18:52:48.879,24014.0076
2026-08-20 18:52:49.303,24013.3596
2026-08-20 18:52:49.715,24012.7313
2026-08-20 18:52:50.128,24011.9853
2026-08-20 18:52:50.550,24011.4201
2026-08-20 18:52:50.976,24010.7947
2026-08-20 18:52:51.393,24010.1913
2026-08-20 18:52:51.806,24009.7392
2026-08-20 18:52:52.229,24009.3394
2026-08-20 18:52:52.642,24008.8466
2026-08-20 18:52:53.075,24008.204
2026-08-20 18:52:53.502,24007.6553
2026-08-20 18:52:53.914,24007.3635
2026-08-20 18:52:54.326,24006.7079
2026-08-20 18:52:54.739,24006.3359
2026-08-20 18:52:55.152,24005.7631
2026-08-20 18:52:55.565,24005.4412
2026-08-20 18:52:55.981,24005.4129
2026-08-20 18:52:56.399,24005.0816
2026-08-20 18:52:56.814,24004.786
2026-08-20 18:52:57.227,24003.9687
2026-08-20 18:52:57.654,24003.8341
2026-08-20 18:52:58.079,24003.5346
2026-08-20 18:52:58.492,24003.8706
2026-08-20 18:52:58.911,24003.4691
2026-08-20 18:52:59.324,24003.4125
2026-08-20 18:52:59.744,24003.5115
2026-08-20 18:53:00.158,24003.5146
2026-08-20 18:53:00.571,24003.4671
2026-08-20 18:53:01.036,24003.1512
2026-08-20 18:53:01.468,24003.3864
2026-08-20 18:53:01.882,24002.6939
2026-08-20 18:53:02.294,24002.2373
2026-08-20 18:53:02.707,24001.4889
2026-08-20 18:53:03.119,24001.112
2026-08-20 18:53:03.544,24001.0739
2026-08-20 18:53:03.964,24000.5707
2026-08-20 18:53:04.385,24000.2058
2026-08-20 18:53:04.804,23999.8134
2026-08-20 18:53:05.218,23999.5872
2026-08-20 18:53:05.631,23999.5167
2026-08-20 18:53:06.093,23999.0201
2026-08-20 18:53:06.530,23998.6449
2026-08-20 18:53:06.947,23998.4081
2026-08-20 18:53:07.360,23998.0587
2026-08-20 18:53:07.782,23997.9274
2026-08-20 18:53:08.196,23997.5037
2026-08-20 18:53:08.612,23997.2765
2026-08-20 18:53:09.027,23997.0355
2026-08-20 18:53:09.443,23996.5413
2026-08-20 18:53:09.856,23996.3376
2026-08-20 18:53:10.269,23996.4993
2026-08-20 18:53:10.681,23996.1255
2026-08-20 18:53:11.175,23995.7113
2026-08-20 18:53:11.587,23995.6685
2026-08-20 18:53:12.001,23995.2795
2026-08-20 18:53:12.412,23994.8332
2026-08-20 18:53:12.879,23994.5816
2026-08-20 18:53:13.293,23994.3222
2026-08-20 18:53:13.711,23994.203
2026-08-20 18:53:14.125,23993.8753
2026-08-20 18:53:14.551,23993.3496
2026-08-20 18:53:14.979,23993.2029
2026-08-20 18:53:15.405,23992.6557
2026-08-20 18:53:15.817,23992.4897
2026-08-20 18:53:16.231,23991.8694
2026-08-20 18:53:16.643,23991.5946
2026-08-20 18:53:17.118,23991.1676
2026-08-20 18:53:17.530,23990.7058
2026-08-20 18:53:17.943,23990.6267
2026-08-20 18:53:18.371,23990.2914
2026-08-20 18:53:18.785,23990.1813
2026-08-20 18:53:19.213,23989.7369
2026-08-20 18:53:19.626,23988.4773
2026-08-20 18:53:20.044,23987.6825
2026-08-20 18:53:20.466,23986.8675
2026-08-20 18:53:20.877,23986.0517
2026-08-20 18:53:21.316,23985.2546
2026-08-20 18:53:21.728,23984.4595
2026-08-20 18:53:22.142,23983.7822
2026-08-20 18:53:22.554,23983.3789
2026-08-20 18:53:22.967,23983.0036
2026-08-20 18:53:23.384,23982.5645
2026-08-20 18:53:23.798,23982.132
2026-08-20 18:53:24.211,23981.644
2026-08-20 18:53:24.628,23981.1737
2026-08-20 18:53:25.052,23980.7234
2026-08-20 18:53:25.473,23980.1887
2026-08-20 18:53:25.892,23979.7312
2026-08-20 18:53:26.305,23979.2729
2026-08-20 18:53:26.718,23978.8218
2026-08-20 18:53:27.139,23978.5678
2026-08-20 18:53:27.558,23978.2576
2026-08-20 18:53:27.970,23977.8926
2026-08-20 18:53:28.383,23977.3316
2026-08-20 18:53:28.844,23976.5808
2026-08-20 18:53:29.275,23975.8137
2026-08-20 18:53:29.688,23975.4043
2026-08-20 18:53:30.100,23974.7892
2026-08-20 18:53:30.513,23974.846
2026-08-20 18:53:30.926,23974.8362
2026-08-20 18:53:31.358,23974.7711
2026-08-20 18:53:31.784,23974.7226
2026-08-20 18:53:32.196,23974.5494
2026-08-20 18:53:32.630,23973.9723
2026-08-20 18:53:33.042,23973.5035
2026-08-20 18:53:33.486,23973.2113
2026-08-20 18:53:33.901,23972.9562
2026-08-20 18:53:34.323,23972.7392
2026-08-20 18:53:34.739,23972.4501
2026-08-20 18:53:35.204,23972.2238
2026-08-20 18:53:35.637,23971.7857
2026-08-20 18:53:36.049,23971.5272
2026-08-20 18:53:36.474,23971.3904
2026-08-20 18:53:36.886,23970.9648
2026-08-20 18:53:37.298,23971.0119
2026-08-20 18:53:37.735,23970.6066
2026-08-20 18:53:38.148,23970.3057
2026-08-20 18:53:38.560,23970.3707
2026-08-20 18:53:38.974,23970.0289
2026-08-20 18:53:39.415,23969.6886
2026-08-20 18:53:39.830,23969.4284
2026-08-20 18:53:40.250,23969.4977
2026-08-20 18:53:40.663,23969.3937
2026-08-20 18:53:41.133,23969.1382
2026-08-20 18:53:41.562,23968.7609
2026-08-20 18:53:41.974,23968.7029
2026-08-20 18:53:42.392,23968.51
2026-08-20 18:53:42.804,23977.101
2026-08-20 18:53:43.222,24070.535
2026-08-20 18:53:43.663,24239.0433
2026-08-20 18:53:44.092,24489.5862
2026-08-20 18:53:44.506,24530.7025
2026-08-20 18:53:44.918,24287.3395
2026-08-20 18:53:45.333,24100.4433
2026-08-20 18:53:45.750,23987.2815
2026-08-20 18:53:46.176,24035.4246
2026-08-20 18:53:46.588,24190.1283
2026-08-20 18:53:47.011,24405.4391
2026-08-20 18:53:47.435,24565.1339
2026-08-20 18:53:47.861,24340.2003
2026-08-20 18:53:48.278,24130.6675
2026-08-20 18:53:48.693,23998.8884
2026-08-20 18:53:49.127,24010.7951
2026-08-20 18:53:49.541,24150.1828
2026-08-20 18:53:49.968,24363.2749
2026-08-20 18:53:50.384,24617.9033
2026-08-20 18:53:50.798,24893.5897
2026-08-20 18:53:51.218,25187.3857
2026-08-20 18:53:51.635,25499.6419
2026-08-20 18:53:52.052,25593.4289
2026-08-20 18:53:52.518,25238.3227
2026-08-20 18:53:52.942,24938.6588
2026-08-20 18:53:53.354,24648.53
2026-08-20 18:53:53.782,24382.21
2026-08-20 18:53:54.201,24172.427
2026-08-20 18:53:54.628,24031.8844
2026-08-20 18:53:55.048,23973.616
2026-08-20 18:53:55.464,23972.6498
2026-08-20 18:53:55.887,23971.7276
2026-08-20 18:53:56.299,23970.7104
2026-08-20 18:53:56.745,23969.7268
2026-08-20 18:53:57.159,23968.8063
2026-08-20 18:53:57.573,23968.1848
2026-08-20 18:53:58.000,23967.7099
2026-08-20 18:53:58.413,23967.1338
2026-08-20 18:53:58.840,23966.6096
2026-08-20 18:53:59.253,23965.9501
2026-08-20 18:53:59.705,23965.4718
2026-08-20 18:54:00.118,24007.0724
2026-08-20 18:54:00.530,24135.4095
2026-08-20 18:54:00.944,24330.0828
2026-08-20 18:54:01.357,24551.164
2026-08-20 18:54:01.771,24411.9673
2026-08-20 18:54:02.196,24189.2224
2026-08-20 18:54:02.609,24030.8166
2026-08-20 18:54:03.024,23977.4819
2026-08-20 18:54:03.447,24078.856
2026-08-20 18:54:03.875,24259.9386
2026-08-20 18:54:04.287,24503.7358
2026-08-20 18:54:04.715,24465.2804
2026-08-20 18:54:05.128,24230.5562
2026-08-20 18:54:05.575,24058.7919
2026-08-20 18:54:06.001,23970.1101
2026-08-20 18:54:06.417,24055.3695
2026-08-20 18:54:06.830,24222.0335
2026-08-20 18:54:07.265,24457.909
2026-08-20 18:54:07.677,24728.3244
2026-08-20 18:54:08.090,25012.4102
2026-08-20 18:54:08.518,25313.4049
2026-08-20 18:54:08.930,25609.2167
2026-08-20 18:54:09.343,25436.4794
2026-08-20 18:54:09.757,25125.8038
2026-08-20 18:54:10.184,24830.865
2026-08-20 18:54:10.607,24545.9881
2026-08-20 18:54:11.099,24252.5139
2026-08-20 18:54:11.522,24081.1097
2026-08-20 18:54:11.935,23982.2641
2026-08-20 18:54:12.369,23967.2281
2026-08-20 18:54:12.810,23966.9211
2026-08-20 18:54:13.246,23966.3771
2026-08-20 18:54:13.660,23965.5179
2026-08-20 18:54:14.147,23964.7894
2026-08-20 18:54:14.592,23964.3703
2026-08-20 18:54:15.020,23963.7616
2026-08-20 18:54:15.446,23963.5635
2026-08-20 18:54:15.867,23962.8839
2026-08-20 18:54:16.302,23962.4892
2026-08-20 18:54:16.715,23962.1664
2026-08-20 18:54:17.128,23985.0507
2026-08-20 18:54:17.542,24095.8721
2026-08-20 18:54:17.953,24275.9
2026-08-20 18:54:18.366,24510.5022
2026-08-20 18:54:18.777,24463.1987
2026-08-20 18:54:19.204,24230.3785
2026-08-20 18:54:19.617,24054.7593
2026-08-20 18:54:20.037,23970.869
2026-08-20 18:54:20.462,24046.3938
2026-08-20 18:54:20.875,24211.2541
2026-08-20 18:54:21.292,24436.0581
2026-08-20 18:54:21.704,24533.4754
2026-08-20 18:54:22.152,24287.519
2026-08-20 18:54:22.565,24088.2865
2026-08-20 18:54:22.991,23975.5917
2026-08-20 18:54:23.404,24013.1777
2026-08-20 18:54:23.872,24153.5277
2026-08-20 18:54:24.303,24397.5812
2026-08-20 18:54:24.716,24664.8864
2026-08-20 18:54:25.145,24955.221
2026-08-20 18:54:25.557,25254.7385
2026-08-20 18:54:25.978,25564.0084
2026-08-20 18:54:26.391,25491.1363
2026-08-20 18:54:26.815,25178.1554
2026-08-20 18:54:27.227,24872.8136
2026-08-20 18:54:27.640,24593.515
2026-08-20 18:54:28.069,24332.3937
2026-08-20 18:54:28.486,24134.1518
2026-08-20 18:54:28.899,24007.2558
2026-08-20 18:54:29.313,23964.3859
2026-08-20 18:54:29.736,23964.7196
2026-08-20 18:54:30.160,23964.2789
2026-08-20 18:54:30.572,23963.6067
2026-08-20 18:54:30.985,23962.9006
2026-08-20 18:54:31.397,23962.3633
2026-08-20 18:54:31.809,23961.7995
2026-08-20 18:54:32.222,23961.513
2026-08-20 18:54:32.650,23960.9874
2026-08-20 18:54:33.117,23960.7108
2026-08-20 18:54:33.542,23960.2264
2026-08-20 18:54:33.956,23959.998
2026-08-20 18:54:34.382,24006.1546
2026-08-20 18:54:34.793,24141.4507
2026-08-20 18:54:35.227,24339.9681
2026-08-20 18:54:35.640,24550.0081
2026-08-20 18:54:36.060,24370.2139
2026-08-20 18:54:36.473,24153.2599
2026-08-20 18:54:36.890,24011.0404
2026-08-20 18:54:37.303,23978.5068
2026-08-20 18:54:37.730,24095.55
2026-08-20 18:54:38.167,24280.6247
2026-08-20 18:54:38.586,24526.881
2026-08-20 18:54:39.002,24424.6321
2026-08-20 18:54:39.418,24195.4075
2026-08-20 18:54:39.830,24034.36
2026-08-20 18:54:40.268,23966.8464
2026-08-20 18:54:40.682,24062.0834
2026-08-20 18:54:41.093,24232.8722
2026-08-20 18:54:41.508,24464.981
2026-08-20 18:54:41.933,24731.6577
2026-08-20 18:54:42.355,25026.2502
2026-08-20 18:54:42.862,25394.1659
2026-08-20 18:54:43.322,25598.1172
2026-08-20 18:54:43.735,25304.0927
2026-08-20 18:54:44.148,25000.7985
2026-08-20 18:54:44.560,24713.0797
2026-08-20 18:54:44.986,24446.6929
2026-08-20 18:54:45.400,24212.1522
2026-08-20 18:54:45.838,24049.8531
2026-08-20 18:54:46.250,23970.2676
2026-08-20 18:54:46.661,23964.2392
2026-08-20 18:54:47.078,23963.8676
2026-08-20 18:54:47.491,23963.365
2026-08-20 18:54:47.916,23962.6183
2026-08-20 18:54:48.329,23961.9895
2026-08-20 18:54:48.741,23960.3629
2026-08-20 18:54:49.163,23954.4701
2026-08-20 18:54:49.576,23953.0471
2026-08-20 18:54:49.988,23952.5829
2026-08-20 18:54:50.414,23952.9305
2026-08-20 18:54:50.832,23953.9353
2026-08-20 18:54:51.260,23963.097
2026-08-20 18:54:51.675,24056.2739
2026-08-20 18:54:52.087,24220.4594
2026-08-20 18:54:52.500,24445.0253
2026-08-20 18:54:52.911,24509.5071
2026-08-20 18:54:53.356,24269.6114
2026-08-20 18:54:53.768,24071.9921
2026-08-20 18:54:54.180,23968.0441
2026-08-20 18:54:54.606,24014.9638
2026-08-20 18:54:55.017,24163.7316
2026-08-20 18:54:55.441,24376.2468
2026-08-20 18:54:55.857,24537.5293
2026-08-20 18:54:56.298,24318.1294
2026-08-20 18:54:56.733,24098.5649
2026-08-20 18:54:57.145,23975.1065
2026-08-20 18:54:57.566,23993.3235
2026-08-20 18:54:57.993,24128.2363
2026-08-20 18:54:58.424,24338.1899
2026-08-20 18:54:58.836,24602.1202
2026-08-20 18:54:59.262,24878.7166
2026-08-20 18:54:59.676,25182.1123
2026-08-20 18:55:00.143,25491.1584
2026-08-20 18:55:00.561,25506.0968
2026-08-20 18:55:00.986,25191.8071
2026-08-20 18:55:01.399,24884.6092
2026-08-20 18:55:01.812,24603.4439
2026-08-20 18:55:02.238,24346.9545
2026-08-20 18:55:02.651,24136.3385
2026-08-20 18:55:03.072,24006.5166
2026-08-20 18:55:03.503,23956.4448
2026-08-20 18:55:03.916,23956.4624
2026-08-20 18:55:04.343,23955.8092
2026-08-20 18:55:04.755,23954.9003
2026-08-20 18:55:05.216,23953.995
2026-08-20 18:55:05.644,23953.2449
2026-08-20 18:55:06.077,23952.6266
2026-08-20 18:55:06.490,23952.0583
2026-08-20 18:55:06.902,23951.5683
2026-08-20 18:55:07.313,23950.9609
2026-08-20 18:55:07.724,23950.5051
2026-08-20 18:55:08.137,23950.0085
2026-08-20 18:55:08.558,23991.692
2026-08-20 18:55:08.977,24120.9805
2026-08-20 18:55:09.391,24319.6671
2026-08-20 18:55:09.804,24532.6529
2026-08-20 18:55:10.216,24377.4291
2026-08-20 18:55:10.637,24159.1206
2026-08-20 18:55:11.051,24008.0964
2026-08-20 18:55:11.511,23962.8345
2026-08-20 18:55:11.959,24094.385
2026-08-20 18:55:12.374,24284.8847
2026-08-20 18:55:12.801,24518.4629
2026-08-20 18:55:13.288,24359.9773
2026-08-20 18:55:13.708,24144.9788
2026-08-20 18:55:14.122,23998.1842
2026-08-20 18:55:14.548,23963.4258
2026-08-20 18:55:14.992,24074.1234
2026-08-20 18:55:15.404,24273.005
2026-08-20 18:55:15.816,24514.8921
2026-08-20 18:55:16.242,24785.5131
2026-08-20 18:55:16.662,25084.231
2026-08-20 18:55:17.131,25429.6117
2026-08-20 18:55:17.572,25565.006
2026-08-20 18:55:17.985,25257.3816
2026-08-20 18:55:18.398,24954.1957
2026-08-20 18:55:18.810,24669.0455
2026-08-20 18:55:19.224,24404.9625
2026-08-20 18:55:19.697,24182.4441
2026-08-20 18:55:20.128,24013.4337
2026-08-20 18:55:20.542,23951.264
2026-08-20 18:55:20.979,23949.609
2026-08-20 18:55:21.390,23948.9799
2026-08-20 18:55:21.802,23948.1855
2026-08-20 18:55:22.229,23947.3625
2026-08-20 18:55:22.642,23946.5604
2026-08-20 18:55:23.055,23945.8935
2026-08-20 18:55:23.482,23945.462
2026-08-20 18:55:23.894,23944.8188
2026-08-20 18:55:24.306,23944.1205
2026-08-20 18:55:24.718,23943.785
2026-08-20 18:55:25.147,23943.0842
2026-08-20 18:55:25.562,23965.215
2026-08-20 18:55:25.975,24074.2421
2026-08-20 18:55:26.394,24254.6586
2026-08-20 18:55:26.840,24489.481
2026-08-20 18:55:27.268,24404.3708
2026-08-20 18:55:27.682,24178.015
2026-08-20 18:55:28.095,24018.3859
2026-08-20 18:55:28.520,23951.466
2026-08-20 18:55:28.946,24041.4503
2026-08-20 18:55:29.361,24214.7299
2026-08-20 18:55:29.783,24446.7799
2026-08-20 18:55:30.196,24465.8341
2026-08-20 18:55:30.608,24225.6333
2026-08-20 18:55:31.021,24047.3853
2026-08-20 18:55:31.433,23948.3139
2026-08-20 18:55:31.846,24001.7705
2026-08-20 18:55:32.321,24154.5307
2026-08-20 18:55:32.739,24402.9688
2026-08-20 18:55:33.161,24663.9711
2026-08-20 18:55:33.575,24952.4827
2026-08-20 18:55:33.990,25251.4373
2026-08-20 18:55:34.415,25556.0392
2026-08-20 18:55:34.879,25402.4954
2026-08-20 18:55:35.293,25084.6342
2026-08-20 18:55:35.709,24790.5636
2026-08-20 18:55:36.121,24513.2954
2026-08-20 18:55:36.533,24268.6427
2026-08-20 18:55:36.944,24082.7917
2026-08-20 18:55:37.418,23961.9091
2026-08-20 18:55:37.845,23941.1614
2026-08-20 18:55:38.262,23940.5091
2026-08-20 18:55:38.728,23939.7504
2026-08-20 18:55:39.146,23938.6831
2026-08-20 18:55:39.571,23937.7008
2026-08-20 18:55:39.983,23936.9708
2026-08-20 18:55:40.410,23936.4851
2026-08-20 18:55:40.823,23935.7227
2026-08-20 18:55:41.238,23935.1794
2026-08-20 18:55:41.649,23934.5941
2026-08-20 18:55:42.114,23933.8659
2026-08-20 18:55:42.526,23940.8858
2026-08-20 18:55:42.938,24024.8684
2026-08-20 18:55:43.351,24182.0671
2026-08-20 18:55:43.765,24402.9101
2026-08-20 18:55:44.176,24495.8906
2026-08-20 18:55:44.588,24259.0916
2026-08-20 18:55:45.014,24068.8886
2026-08-20 18:55:45.517,23940.9934
2026-08-20 18:55:45.983,24016.9922
2026-08-20 18:55:46.397,24175.6664
2026-08-20 18:55:46.808,24399.4579
2026-08-20 18:55:47.221,24486.9231
2026-08-20 18:55:47.643,24248.8623
2026-08-20 18:55:48.056,24055.4759
2026-08-20 18:55:48.493,23942.558
2026-08-20 18:55:48.906,23980.3885
2026-08-20 18:55:49.319,24120.5121
2026-08-20 18:55:49.731,24329.5273
2026-08-20 18:55:50.150,24583.2351
2026-08-20 18:55:50.567,24865.5924
2026-08-20 18:55:50.998,25166.5234
2026-08-20 18:55:51.433,25485.5933
2026-08-20 18:55:51.845,25483.6337
2026-08-20 18:55:52.270,25169.1449
2026-08-20 18:55:52.687,24862.223
2026-08-20 18:55:53.104,24578.8038
2026-08-20 18:55:53.567,24293.5608
2026-08-20 18:55:53.985,24095.4269
2026-08-20 18:55:54.398,23971.8792
2026-08-20 18:55:54.812,23930.9082
2026-08-20 18:55:55.224,23931.4694
2026-08-20 18:55:55.638,23930.837
2026-08-20 18:55:56.062,23929.9639
2026-08-20 18:55:56.503,23928.8414
2026-08-20 18:55:56.929,23928.0818
2026-08-20 18:55:57.342,23927.5765
2026-08-20 18:55:57.754,23926.9355
2026-08-20 18:55:58.166,23926.247
2026-08-20 18:55:58.579,23925.9256
2026-08-20 18:55:58.992,23925.2267
2026-08-20 18:55:59.418,23924.7228
2026-08-20 18:55:59.834,23962.759
2026-08-20 18:56:00.263,24087.4594
2026-08-20 18:56:00.679,24287.3639
2026-08-20 18:56:01.091,24505.6933
2026-08-20 18:56:01.504,24357.7782
2026-08-20 18:56:01.917,24138.2359
2026-08-20 18:56:02.379,23975.631
2026-08-20 18:56:02.797,23941.6413
2026-08-20 18:56:03.210,24052.4831
2026-08-20 18:56:03.621,24233.5685
2026-08-20 18:56:04.048,24470.0965
2026-08-20 18:56:04.460,24400.9328
2026-08-20 18:56:04.872,24171.6775
2026-08-20 18:56:05.341,24006.9506
2026-08-20 18:56:05.846,23933.1249
2026-08-20 18:56:06.277,24055.4054
2026-08-20 18:56:06.695,24247.856
2026-08-20 18:56:07.109,24492.9511
2026-08-20 18:56:07.522,24764.5783
2026-08-20 18:56:07.950,25054.3972
2026-08-20 18:56:08.454,25429.5376
2026-08-20 18:56:08.930,25501.7822
2026-08-20 18:56:09.342,25174.7432
2026-08-20 18:56:09.763,24876.0787
2026-08-20 18:56:10.178,24588.6227
2026-08-20 18:56:10.599,24329.8792
2026-08-20 18:56:11.015,24117.5347
2026-08-20 18:56:11.430,23982.3828
2026-08-20 18:56:11.845,23927.3112
2026-08-20 18:56:12.257,23926.6477
2026-08-20 18:56:12.677,23926.5162
2026-08-20 18:56:13.093,23925.9118
2026-08-20 18:56:13.505,23925.2294
2026-08-20 18:56:14.005,23924.541
2026-08-20 18:56:14.431,23923.7385
2026-08-20 18:56:14.848,23923.4529
2026-08-20 18:56:15.268,23922.9346
2026-08-20 18:56:15.682,23922.3276
2026-08-20 18:56:16.106,23921.7773
2026-08-20 18:56:16.556,23921.4332
2026-08-20 18:56:16.974,23968.4269
2026-08-20 18:56:17.392,24099.7165
2026-08-20 18:56:17.804,24299.492
2026-08-20 18:56:18.223,24504.6705
2026-08-20 18:56:18.658,24333.7467
2026-08-20 18:56:19.071,24110.1597
2026-08-20 18:56:19.502,23966.616
2026-08-20 18:56:19.929,23940.6958
2026-08-20 18:56:20.348,24058.7018
2026-08-20 18:56:20.784,24248.3461
2026-08-20 18:56:21.198,24488.549
2026-08-20 18:56:21.621,24368.9684
2026-08-20 18:56:22.035,24140.0842
2026-08-20 18:56:22.448,23985.7139
2026-08-20 18:56:22.868,23926.1184
2026-08-20 18:56:23.362,24046.3143
2026-08-20 18:56:23.774,24227.9137
2026-08-20 18:56:24.186,24466.855
2026-08-20 18:56:24.599,24735.2715
2026-08-20 18:56:25.019,25022.2877
2026-08-20 18:56:25.482,25330.4605
2026-08-20 18:56:25.907,25557.0279
2026-08-20 18:56:26.320,25269.7552
2026-08-20 18:56:26.733,24965.0512
2026-08-20 18:56:27.157,24677.7117
2026-08-20 18:56:27.571,24403.4029
2026-08-20 18:56:28.016,24174.8811
2026-08-20 18:56:28.431,24005.7337
2026-08-20 18:56:28.849,23928.3669
2026-08-20 18:56:29.262,23922.1153
2026-08-20 18:56:29.697,23921.6378
2026-08-20 18:56:30.109,23921.084
2026-08-20 18:56:30.528,23920.4521
2026-08-20 18:56:30.995,23919.5784
2026-08-20 18:56:31.408,23919.0326
2026-08-20 18:56:31.826,23918.544
2026-08-20 18:56:32.241,23917.99
2026-08-20 18:56:32.668,23917.386
2026-08-20 18:56:33.110,23916.8348
2026-08-20 18:56:33.523,23916.2718
2026-08-20 18:56:33.935,23935.1608
2026-08-20 18:56:34.370,24043.9534
2026-08-20 18:56:34.788,24223.6148
2026-08-20 18:56:35.221,24459.7798
2026-08-20 18:56:35.633,24392.1109
2026-08-20 18:56:36.060,24163.255
2026-08-20 18:56:36.471,23995.975
2026-08-20 18:56:36.884,23920.8557
2026-08-20 18:56:37.308,23996.7324
2026-08-20 18:56:37.735,24158.6103
2026-08-20 18:56:38.193,24418.0992
2026-08-20 18:56:38.617,24442.7767
2026-08-20 18:56:39.044,24196.5932
2026-08-20 18:56:39.456,24014.8746
2026-08-20 18:56:39.881,23920.4712
2026-08-20 18:56:40.293,23980.8015
2026-08-20 18:56:40.706,24129.7266
2026-08-20 18:56:41.183,24377.1712
2026-08-20 18:56:41.598,24646.4934
2026-08-20 18:56:42.011,24930.7843
2026-08-20 18:56:42.426,25228.0951
2026-08-20 18:56:42.839,25530.6848
2026-08-20 18:56:43.252,25409.1178
2026-08-20 18:56:43.668,25097.787
2026-08-20 18:56:44.103,24800.3227
2026-08-20 18:56:44.530,24508.0392
2026-08-20 18:56:44.942,24252.4396
2026-08-20 18:56:45.366,24063.703
2026-08-20 18:56:45.778,23947.0925
2026-08-20 18:56:46.216,23916.2942
2026-08-20 18:56:46.629,23916.4151
2026-08-20 18:56:47.054,23915.9484
2026-08-20 18:56:47.468,23914.8634
2026-08-20 18:56:47.895,23914.2639
2026-08-20 18:56:48.306,23913.458
2026-08-20 18:56:48.732,23913.0185
2026-08-20 18:56:49.151,23912.3756
2026-08-20 18:56:49.576,23912.0155
2026-08-20 18:56:49.990,23911.108
2026-08-20 18:56:50.403,23910.7306
2026-08-20 18:56:50.817,23910.265
2026-08-20 18:56:51.259,23964.0389
2026-08-20 18:56:51.673,24109.3489
2026-08-20 18:56:52.098,24314.9915
2026-08-20 18:56:52.510,24491.4781
2026-08-20 18:56:52.924,24285.9086
2026-08-20 18:56:53.346,24080.3086
2026-08-20 18:56:53.758,23945.0913
2026-08-20 18:56:54.196,23932.5286
2026-08-20 18:56:54.618,24060.7873
2026-08-20 18:56:55.031,24257.3691
2026-08-20 18:56:55.465,24483.8711
2026-08-20 18:56:55.878,24332.6257
2026-08-20 18:56:56.320,24113.825
2026-08-20 18:56:56.741,23956.9967
2026-08-20 18:56:57.160,23918.6748
2026-08-20 18:56:57.573,24027.7413
2026-08-20 18:56:57.986,24208.1734
2026-08-20 18:56:58.465,24479.6412
2026-08-20 18:56:58.884,24759.3354
2026-08-20 18:56:59.298,25053.8522
2026-08-20 18:56:59.710,25359.857
2026-08-20 18:57:00.123,25543.6138
2026-08-20 18:57:00.566,25261.4557
2026-08-20 18:57:00.980,24936.5675
2026-08-20 18:57:01.405,24650.2799
2026-08-20 18:57:01.817,24376.9586
2026-08-20 18:57:02.230,24153.2755
2026-08-20 18:57:02.656,23998.1932
2026-08-20 18:57:03.143,23914.3738
2026-08-20 18:57:03.555,23912.6852
2026-08-20 18:57:03.967,23912.3273
2026-08-20 18:57:04.380,23911.3388
2026-08-20 18:57:04.805,23910.8905
2026-08-20 18:57:05.224,23910.0652
2026-08-20 18:57:05.636,23909.5814
2026-08-20 18:57:06.048,23909.7878
2026-08-20 18:57:06.461,23908.9973
2026-08-20 18:57:06.884,23908.5551
2026-08-20 18:57:07.309,23907.9529
2026-08-20 18:57:07.774,23907.5115
2026-08-20 18:57:08.200,23931.1905
2026-08-20 18:57:08.622,24045.3178
2026-08-20 18:57:09.050,24230.5899
2026-08-20 18:57:09.462,24468.7226
2026-08-20 18:57:09.886,24374.0994
2026-08-20 18:57:10.300,24141.5441
2026-08-20 18:57:10.713,23982.8355
2026-08-20 18:57:11.126,23914.8217
2026-08-20 18:57:11.552,23999.6858
2026-08-20 18:57:12.012,24192.6861
2026-08-20 18:57:12.424,24425.8573
2026-08-20 18:57:12.836,24416.2538
2026-08-20 18:57:13.250,24178.6876
2026-08-20 18:57:13.674,24004.8328
2026-08-20 18:57:14.089,23911.0504
2026-08-20 18:57:14.503,23973.5259
2026-08-20 18:57:14.917,24124.4058
2026-08-20 18:57:15.351,24351.1269
2026-08-20 18:57:15.774,24614.9443
2026-08-20 18:57:16.187,24902.9263
2026-08-20 18:57:16.612,25211.1513
2026-08-20 18:57:17.025,25514.213
2026-08-20 18:57:17.437,25410.3179
2026-08-20 18:57:17.902,25060.0613
2026-08-20 18:57:18.315,24766.3453
2026-08-20 18:57:18.737,24491.0887
2026-08-20 18:57:19.149,24239.2971
2026-08-20 18:57:19.562,24052.5251
2026-08-20 18:57:19.985,23939.3625
2026-08-20 18:57:20.490,23908.5775
2026-08-20 18:57:20.904,23908.2979
2026-08-20 18:57:21.328,23907.8681
2026-08-20 18:57:21.741,23907.3377
2026-08-20 18:57:22.155,23906.5795
2026-08-20 18:57:22.571,23905.8894
2026-08-20 18:57:22.984,23905.4494
2026-08-20 18:57:23.396,23905.0742
2026-08-20 18:57:23.808,23904.5438
2026-08-20 18:57:24.227,23904.2091
2026-08-20 18:57:24.663,23903.7157
2026-08-20 18:57:25.076,23905.3667
2026-08-20 18:57:25.501,23971.9843
2026-08-20 18:57:25.915,24119.994
2026-08-20 18:57:26.352,24340.101
2026-08-20 18:57:26.784,24487.0139
2026-08-20 18:57:27.198,24253.0494
2026-08-20 18:57:27.618,24055.4811
2026-08-20 18:57:28.030,23929.611
2026-08-20 18:57:28.497,23936.6648
2026-08-20 18:57:28.928,24085.9923
2026-08-20 18:57:29.343,24297.0629
2026-08-20 18:57:29.756,24483.8316
2026-08-20 18:57:30.192,24281.1497
2026-08-20 18:57:30.609,24070.575
2026-08-20 18:57:31.028,23935.4513
2026-08-20 18:57:31.441,23923.9672
2026-08-20 18:57:31.867,24042.9491
2026-08-20 18:57:32.280,24240.1771
2026-08-20 18:57:32.693,24484.4804
2026-08-20 18:57:33.110,24757.0691
2026-08-20 18:57:33.575,25087.6651
2026-08-20 18:57:33.987,25393.1323
2026-08-20 18:57:34.400,25517.8805
2026-08-20 18:57:34.814,25213.7737
2026-08-20 18:57:35.228,24910.4859
2026-08-20 18:57:35.641,24624.1163
2026-08-20 18:57:36.108,24328.8614
2026-08-20 18:57:36.522,24112.7165
2026-08-20 18:57:36.935,23969.8501
2026-08-20 18:57:37.362,23904.3649
2026-08-20 18:57:37.774,23902.8237
2026-08-20 18:57:38.218,23902.9348
2026-08-20 18:57:38.631,23902.3527
2026-08-20 18:57:39.045,23901.8092
2026-08-20 18:57:39.472,23901.225
2026-08-20 18:57:39.893,23900.7541
2026-08-20 18:57:40.361,23900.1477
2026-08-20 18:57:40.774,23899.8515
2026-08-20 18:57:41.187,23899.4997
2026-08-20 18:57:41.601,23898.8193
2026-08-20 18:57:42.015,23898.5106
2026-08-20 18:57:42.429,23924.4554
2026-08-20 18:57:42.841,24036.3276
2026-08-20 18:57:43.263,24216.541
2026-08-20 18:57:43.755,24477.5825
2026-08-20 18:57:44.167,24325.4158
2026-08-20 18:57:44.587,24107.5819
2026-08-20 18:57:45.000,23957.1781
2026-08-20 18:57:45.429,23911.5167
2026-08-20 18:57:45.856,24019.743
2026-08-20 18:57:46.282,24197.4189
2026-08-20 18:57:46.695,24440.7398
2026-08-20 18:57:47.108,24383.7379
2026-08-20 18:57:47.522,24151.593
2026-08-20 18:57:47.943,23984.3384
2026-08-20 18:57:48.356,23901.8396
2026-08-20 18:57:48.770,23975.9052
2026-08-20 18:57:49.232,24156.1294
2026-08-20 18:57:49.644,24385.2029
2026-08-20 18:57:50.070,24658.3584
2026-08-20 18:57:50.484,24942.2984
2026-08-20 18:57:50.898,25242.7466
2026-08-20 18:57:51.310,25528.5153
2026-08-20 18:57:51.725,25358.26
2026-08-20 18:57:52.192,25008.3737
2026-08-20 18:57:52.618,24716.3542
2026-08-20 18:57:53.030,24435.7441
2026-08-20 18:57:53.452,24196.9163
2026-08-20 18:57:53.870,24018.215
2026-08-20 18:57:54.284,23917.911
2026-08-20 18:57:54.696,23899.9234
2026-08-20 18:57:55.119,23899.6483
2026-08-20 18:57:55.675,23898.8154
2026-08-20 18:57:56.102,23897.9573
2026-08-20 18:57:56.514,23897.2111
2026-08-20 18:57:56.942,23896.5498
2026-08-20 18:57:57.363,23895.8275
2026-08-20 18:57:57.775,23895.3455
2026-08-20 18:57:58.187,23894.7536
2026-08-20 18:57:58.609,23894.3871
2026-08-20 18:57:59.027,23893.9629
2026-08-20 18:57:59.440,23907.0986
2026-08-20 18:57:59.868,24007.0715
2026-08-20 18:58:00.280,24175.9707
2026-08-20 18:58:00.740,24433.6724
2026-08-20 18:58:01.164,24390.3705
2026-08-20 18:58:01.578,24152.6927
2026-08-20 18:58:01.991,23984.6438
2026-08-20 18:58:02.405,23901.9699
2026-08-20 18:58:02.850,23972.8411
2026-08-20 18:58:03.271,24143.3275
2026-08-20 18:58:03.690,24372.8829
2026-08-20 18:58:04.103,24439.7523
2026-08-20 18:58:04.521,24199.6256
2026-08-20 18:58:04.980,23996.0885
2026-08-20 18:58:05.395,23900.3187
2026-08-20 18:58:05.807,23955.1534
2026-08-20 18:58:06.220,24101.7089
2026-08-20 18:58:06.634,24316.0721
2026-08-20 18:58:07.046,24573.1643
2026-08-20 18:58:07.458,24852.5983
2026-08-20 18:58:07.871,25147.0982
2026-08-20 18:58:08.303,25456.3784
2026-08-20 18:58:08.716,25437.8578
2026-08-20 18:58:09.143,25113.1676
2026-08-20 18:58:09.554,24816.2949
2026-08-20 18:58:09.968,24536.5464
2026-08-20 18:58:10.380,24280.7084
2026-08-20 18:58:10.797,24076.9559
2026-08-20 18:58:11.209,23945.8362
2026-08-20 18:58:11.652,23895.5155
2026-08-20 18:58:12.068,23895.2774
2026-08-20 18:58:12.480,23894.8044
2026-08-20 18:58:12.893,23894.2779
2026-08-20 18:58:13.305,23893.5069
2026-08-20 18:58:13.719,23893.0096
2026-08-20 18:58:14.131,23892.3881
2026-08-20 18:58:14.604,23891.7681
2026-08-20 18:58:15.017,23891.3361
2026-08-20 18:58:15.429,23890.8547
2026-08-20 18:58:15.841,23890.3429
2026-08-20 18:58:16.253,23889.9128
2026-08-20 18:58:16.666,23922.4515
2026-08-20 18:58:17.081,24040.8783
2026-08-20 18:58:17.508,24227.7103
2026-08-20 18:58:17.924,24461.8345
2026-08-20 18:58:18.341,24338.5159
2026-08-20 18:58:18.754,24115.3549
2026-08-20 18:58:19.182,23956.3883
2026-08-20 18:58:19.611,23900.0599
2026-08-20 18:58:20.025,23997.1826
2026-08-20 18:58:20.438,24168.9008
2026-08-20 18:58:20.850,24400.5389
2026-08-20 18:58:21.280,24406.9897
2026-08-20 18:58:21.692,24158.441
2026-08-20 18:58:22.113,23985.3933
2026-08-20 18:58:22.526,23893.6977
2026-08-20 18:58:22.948,23956.6921
2026-08-20 18:58:23.362,24112.2413
2026-08-20 18:58:23.862,24384.3822
2026-08-20 18:58:24.275,24648.6291
2026-08-20 18:58:24.688,24933.4532
2026-08-20 18:58:25.105,25232.7546
2026-08-20 18:58:25.518,25523.953
2026-08-20 18:58:25.932,25361.6721
2026-08-20 18:58:26.398,25014.0309
2026-08-20 18:58:26.811,24718.5781
2026-08-20 18:58:27.232,24444.455
2026-08-20 18:58:27.645,24197.9285
2026-08-20 18:58:28.056,24018.0977
2026-08-20 18:58:28.468,23912.856
2026-08-20 18:58:28.883,23888.7858
2026-08-20 18:58:29.307,23888.6097
2026-08-20 18:58:29.782,23887.8445
2026-08-20 18:58:30.195,23886.8649
2026-08-20 18:58:30.607,23886.0508
2026-08-20 18:58:31.018,23885.2502
2026-08-20 18:58:31.433,23885.0374
2026-08-20 18:58:31.846,23884.2433
2026-08-20 18:58:32.284,23883.538
2026-08-20 18:58:32.699,23882.9681
2026-08-20 18:58:33.123,23882.4129
2026-08-20 18:58:33.536,23884.3512
2026-08-20 18:58:34.009,23952.2881
2026-08-20 18:58:34.442,24125.4374
2026-08-20 18:58:34.853,24352.924
2026-08-20 18:58:35.268,24437.4939
2026-08-20 18:58:35.680,24199.5245
2026-08-20 18:58:36.092,24011.6986
2026-08-20 18:58:36.535,23897.669
2026-08-20 18:58:36.961,23926.5837
2026-08-20 18:58:37.378,24065.9715
2026-08-20 18:58:37.791,24273.596
2026-08-20 18:58:38.205,24458.2572
2026-08-20 18:58:38.618,24262.8396
2026-08-20 18:58:39.045,24053.2467
2026-08-20 18:58:39.478,23913.1389
2026-08-20 18:58:39.890,23898.8103
2026-08-20 18:58:40.318,24024.0991
2026-08-20 18:58:40.730,24216.1633
2026-08-20 18:58:41.143,24461.1743
2026-08-20 18:58:41.556,24734.809
2026-08-20 18:58:41.970,25025.5159
2026-08-20 18:58:42.432,25367.4293
2026-08-20 18:58:42.858,25494.582
2026-08-20 18:58:43.274,25181.1374
2026-08-20 18:58:43.688,24876.6759
2026-08-20 18:58:44.108,24591.2823
2026-08-20 18:58:44.532,24322.6383
2026-08-20 18:58:45.026,24063.1369
2026-08-20 18:58:45.446,23930.7589
2026-08-20 18:58:45.908,23876.5443
2026-08-20 18:58:46.335,23876.4083
2026-08-20 18:58:46.752,23874.8088
2026-08-20 18:58:47.170,23873.5728
2026-08-20 18:58:47.631,23872.1152
2026-08-20 18:58:48.050,23870.4428
2026-08-20 18:58:48.462,23869.5849
2026-08-20 18:58:48.875,23868.2973
2026-08-20 18:58:49.297,23867.1417
2026-08-20 18:58:49.709,23865.7736
2026-08-20 18:58:50.122,23864.8126
2026-08-20 18:58:50.551,23863.6004
2026-08-20 18:58:50.965,23908.386
2026-08-20 18:58:51.379,24035.7777
2026-08-20 18:58:51.802,24230.4871
2026-08-20 18:58:52.214,24442.4521
2026-08-20 18:58:52.628,24276.2979
2026-08-20 18:58:53.041,24060.1543
2026-08-20 18:58:53.454,23915.3353
2026-08-20 18:58:53.916,23879.3928
2026-08-20 18:58:54.344,23997.7043
2026-08-20 18:58:54.756,24183.0924
2026-08-20 18:58:55.168,24416.2467
2026-08-20 18:58:55.582,24324.2124
2026-08-20 18:58:56.008,24094.6256
2026-08-20 18:58:56.423,23929.1701
2026-08-20 18:58:56.862,23861.2401
2026-08-20 18:58:57.288,23953.9053
2026-08-20 18:58:57.701,24128.6734
2026-08-20 18:58:58.129,24360.5104
2026-08-20 18:58:58.550,24635.7818
2026-08-20 18:58:58.988,24927.6313
2026-08-20 18:58:59.400,25247.8242
2026-08-20 18:58:59.813,25501.3556
2026-08-20 18:59:00.235,25277.9121
2026-08-20 18:59:00.662,24962.5605
2026-08-20 18:59:01.077,24661.5286
2026-08-20 18:59:01.489,24389.2045
2026-08-20 18:59:01.927,24151.3102
2026-08-20 18:59:02.341,23969.2353
2026-08-20 18:59:02.767,23874.9848
2026-08-20 18:59:03.185,23859.7877
2026-08-20 18:59:03.649,23859.5732
2026-08-20 18:59:04.079,23858.914
2026-08-20 18:59:04.492,23858.0753
2026-08-20 18:59:04.904,23857.1606
2026-08-20 18:59:05.317,23856.361
2026-08-20 18:59:05.729,23855.8017
2026-08-20 18:59:06.190,23855.1622
2026-08-20 18:59:06.616,23854.4773
2026-08-20 18:59:07.034,23853.9259
2026-08-20 18:59:07.450,23853.1865
2026-08-20 18:59:07.862,23862.8775
2026-08-20 18:59:08.281,23951.7249
2026-08-20 18:59:08.694,24115.1585
2026-08-20 18:59:09.135,24347.3328
2026-08-20 18:59:09.548,24381.4843
2026-08-20 18:59:09.966,24141.4275
2026-08-20 18:59:10.385,23960.785
2026-08-20 18:59:10.797,23860.9605
2026-08-20 18:59:11.209,23913.504
2026-08-20 18:59:11.635,24057.6422
2026-08-20 18:59:12.051,24277.7771
2026-08-20 18:59:12.468,24422.9444
2026-08-20 18:59:12.881,24197.946
2026-08-20 18:59:13.294,23999.3629
2026-08-20 18:59:13.707,23874.4133
2026-08-20 18:59:14.120,23878.0161
2026-08-20 18:59:14.551,24008.0698
2026-08-20 18:59:14.987,24207.285
2026-08-20 18:59:15.400,24470.3434
2026-08-20 18:59:15.813,24745.2835
2026-08-20 18:59:16.229,25038.2216
2026-08-20 18:59:16.641,25346.1391
2026-08-20 18:59:17.055,25462.1414
2026-08-20 18:59:17.478,25155.2461
2026-08-20 18:59:17.892,24845.4074
2026-08-20 18:59:18.307,24557.3027
2026-08-20 18:59:18.721,24294.5852
2026-08-20 18:59:19.136,24073.8323
2026-08-20 18:59:19.549,23924.1753
2026-08-20 18:59:19.963,23852.4728
2026-08-20 18:59:20.389,23847.7277
2026-08-20 18:59:20.820,23847.2613
2026-08-20 18:59:21.234,23846.5711
2026-08-20 18:59:21.648,23845.5778
2026-08-20 18:59:22.059,23844.9341
2026-08-20 18:59:22.473,23843.9715
2026-08-20 18:59:22.916,23843.2044
2026-08-20 18:59:23.332,23842.576
2026-08-20 18:59:23.745,23841.8635
2026-08-20 18:59:24.157,23841.345
2026-08-20 18:59:24.592,23840.4318
2026-08-20 18:59:25.023,23855.3637
2026-08-20 18:59:25.450,23959.8049
2026-08-20 18:59:25.869,24137.8222
2026-08-20 18:59:26.290,24373.8611
2026-08-20 18:59:26.716,24330.2469
2026-08-20 18:59:27.148,24088.37
2026-08-20 18:59:27.561,23915.2447
2026-08-20 18:59:27.990,23836.1135
2026-08-20 18:59:28.409,23909.6207
2026-08-20 18:59:28.825,24067.4748
2026-08-20 18:59:29.241,24291.1998
2026-08-20 18:59:29.654,24380.0149
2026-08-20 18:59:30.081,24133.46
2026-08-20 18:59:30.510,23947.5255
2026-08-20 18:59:30.922,23834.989
2026-08-20 18:59:31.336,23874.6887
2026-08-20 18:59:31.761,24013.9595
2026-08-20 18:59:32.185,24232.1042
2026-08-20 18:59:32.597,24493.7448
2026-08-20 18:59:33.015,24771.4412
2026-08-20 18:59:33.431,25069.1397
2026-08-20 18:59:33.844,25379.7396
2026-08-20 18:59:34.272,25380.4594
2026-08-20 18:59:34.685,25063.6058
2026-08-20 18:59:35.130,24763.7373
2026-08-20 18:59:35.545,24461.8134
2026-08-20 18:59:35.958,24206.126
2026-08-20 18:59:36.375,24003.4574
2026-08-20 18:59:36.791,23874.1951
2026-08-20 18:59:37.204,23825.477
2026-08-20 18:59:37.616,23825.1951
2026-08-20 18:59:38.029,23824.8031
2026-08-20 18:59:38.442,23823.6917
2026-08-20 18:59:38.856,23822.7099
2026-08-20 18:59:39.276,23822.1372
2026-08-20 18:59:39.694,23820.8528
2026-08-20 18:59:40.106,23820.3581
2026-08-20 18:59:40.525,23819.4232
2026-08-20 18:59:40.944,23818.7036
2026-08-20 18:59:41.356,23818.011
2026-08-20 18:59:41.783,23817.5792
2026-08-20 18:59:42.204,23841.8899
2026-08-20 18:59:42.638,23955.0295
2026-08-20 18:59:43.065,24146.4159
2026-08-20 18:59:43.480,24381.6695
2026-08-20 18:59:43.892,24272.011
2026-08-20 18:59:44.317,24041.0696
2026-08-20 18:59:44.730,23886.2728
2026-08-20 18:59:45.174,23825.6653
2026-08-20 18:59:45.587,23922.174
2026-08-20 18:59:46.015,24092.575
2026-08-20 18:59:46.427,24333.4541
2026-08-20 18:59:46.839,24324.5484
2026-08-20 18:59:47.252,24086.1797
2026-08-20 18:59:47.729,23894.7699
2026-08-20 18:59:48.144,23816.2919
2026-08-20 18:59:48.556,23894.5052
2026-08-20 18:59:48.969,24053.367
2026-08-20 18:59:49.385,24277.8123
2026-08-20 18:59:49.827,24541.2828
2026-08-20 18:59:50.246,24843.4317
2026-08-20 18:59:50.661,25147.0675
2026-08-20 18:59:51.075,25436.2235
2026-08-20 18:59:51.488,25272.747
2026-08-20 18:59:51.912,24963.1188
2026-08-20 18:59:52.332,24660.904
2026-08-20 18:59:52.757,24380.6583
2026-08-20 18:59:53.170,24128.5261
2026-08-20 18:59:53.595,23944.7842
2026-08-20 18:59:54.009,23834.0952
2026-08-20 18:59:54.422,23809.4788
2026-08-20 18:59:54.835,23809.1751
2026-08-20 18:59:55.268,23808.2461
2026-08-20 18:59:55.681,23807.3899
2026-08-20 18:59:56.109,23806.1687
2026-08-20 18:59:56.520,23805.4095
2026-08-20 18:59:56.933,23804.7035
2026-08-20 18:59:57.350,23803.7978
2026-08-20 18:59:57.779,23802.9959
2026-08-20 18:59:58.213,23802.2087
2026-08-20 18:59:58.638,23801.4588
2026-08-20 18:59:59.050,23801.8847
2026-08-20 18:59:59.463,23862.6248
2026-08-20 18:59:59.875,24000.4972
2026-08-20 19:00:00.301,24205.0876
2026-08-20 19:00:00.713,24380.5898
2026-08-20 19:00:01.153,24173.4712
2026-08-20 19:00:01.567,23957.3527
2026-08-20 19:00:01.988,23829.5173
2026-08-20 19:00:02.401,23827.053
2026-08-20 19:00:02.815,23949.2763
2026-08-20 19:00:03.235,24141.4258
2026-08-20 19:00:03.710,24374.6092
2026-08-20 19:00:04.126,24191.368
2026-08-20 19:00:04.546,23977.7269
2026-08-20 19:00:04.962,23836.392
2026-08-20 19:00:05.375,23809.2248
2026-08-20 19:00:05.814,23925.8957
2026-08-20 19:00:06.226,24116.721
2026-08-20 19:00:06.645,24358.586
2026-08-20 19:00:07.058,24632.9798
2026-08-20 19:00:07.471,24921.0603
2026-08-20 19:00:07.884,25224.4534
2026-08-20 19:00:08.308,25426.5203
2026-08-20 19:00:08.721,25147.2722
2026-08-20 19:00:09.167,24842.0027
2026-08-20 19:00:09.580,24531.6304
2026-08-20 19:00:09.992,24265.2834
2026-08-20 19:00:10.403,24039.0459
2026-08-20 19:00:10.815,23880.9524
2026-08-20 19:00:11.227,23799.0271
2026-08-20 19:00:11.639,23789.598
2026-08-20 19:00:12.052,23789.1956
2026-08-20 19:00:12.463,23788.1686
2026-08-20 19:00:12.877,23786.9635
2026-08-20 19:00:13.303,23786.1905
2026-08-20 19:00:13.729,23785.026
2026-08-20 19:00:14.151,23784.15
2026-08-20 19:00:14.566,23783.193
2026-08-20 19:00:14.979,23782.4602
2026-08-20 19:00:15.396,23781.75
2026-08-20 19:00:15.809,23781.0799
2026-08-20 19:00:16.221,23785.2508
2026-08-20 19:00:16.649,23865.9634
2026-08-20 19:00:17.062,24018.0656
2026-08-20 19:00:17.476,24235.9269
2026-08-20 19:00:17.889,24342.836
2026-08-20 19:00:18.304,24108.5618
2026-08-20 19:00:18.766,23916.9729
2026-08-20 19:00:19.195,23791.0622
2026-08-20 19:00:19.611,23833.6691
2026-08-20 19:00:20.024,23974.6521
2026-08-20 19:00:20.436,24184.0803
2026-08-20 19:00:20.849,24355.0038
2026-08-20 19:00:21.311,24121.8655
2026-08-20 19:00:21.748,23917.7342
2026-08-20 19:00:22.161,23795.0247
2026-08-20 19:00:22.574,23808.6321
2026-08-20 19:00:22.995,23935.3812
2026-08-20 19:00:23.407,24136.5896
2026-08-20 19:00:23.830,24384.7987
2026-08-20 19:00:24.248,24665.2969
2026-08-20 19:00:24.661,24960.3825
2026-08-20 19:00:25.086,25266.6142
2026-08-20 19:00:25.504,25376.6178
2026-08-20 19:00:25.971,25063.8194
2026-08-20 19:00:26.398,24719.8419
2026-08-20 19:00:26.819,24432.2888
2026-08-20 19:00:27.231,24170.0933
2026-08-20 19:00:27.656,23963.2403
2026-08-20 19:00:28.069,23826.053
2026-08-20 19:00:28.507,23773.0376
2026-08-20 19:00:28.920,23772.2296
2026-08-20 19:00:29.347,23771.0941
2026-08-20 19:00:29.763,23770.2976
2026-08-20 19:00:30.176,23769.1205
2026-08-20 19:00:30.621,23768.1121
2026-08-20 19:00:31.047,23767.0562
2026-08-20 19:00:31.460,23766.3928
2026-08-20 19:00:31.878,23765.5059
2026-08-20 19:00:32.340,23764.782
2026-08-20 19:00:32.771,23764.1257
2026-08-20 19:00:33.183,23763.4716
2026-08-20 19:00:33.596,23806.5409
2026-08-20 19:00:34.023,23932.1615
2026-08-20 19:00:34.435,24132.7635
2026-08-20 19:00:34.869,24343.2168
2026-08-20 19:00:35.283,24172.258
2026-08-20 19:00:35.706,23957.6655
2026-08-20 19:00:36.119,23811.5065
2026-08-20 19:00:36.556,23776.9411
2026-08-20 19:00:36.974,23888.5661
2026-08-20 19:00:37.401,24071.9496
2026-08-20 19:00:37.812,24311.4803
2026-08-20 19:00:38.233,24221.1779
2026-08-20 19:00:38.647,23989.7082
2026-08-20 19:00:39.083,23825.8512
2026-08-20 19:00:39.497,23761.4051
2026-08-20 19:00:39.924,23849.5509
2026-08-20 19:00:40.336,24021.2043
2026-08-20 19:00:40.773,24250.0097
2026-08-20 19:00:41.187,24530.338
2026-08-20 19:00:41.599,24815.4693
2026-08-20 19:00:42.011,25114.6283
2026-08-20 19:00:42.437,25387.0932
2026-08-20 19:00:42.857,25183.7621
2026-08-20 19:00:43.269,24870.5255
2026-08-20 19:00:43.683,24579.2895
2026-08-20 19:00:44.101,24301.8537
2026-08-20 19:00:44.513,24060.6303
2026-08-20 19:00:44.926,23881.2385
2026-08-20 19:00:45.341,23775.7536
2026-08-20 19:00:45.755,23751.9291
2026-08-20 19:00:46.167,23751.3381
2026-08-20 19:00:46.578,23750.2473
2026-08-20 19:00:46.990,23749.3655
2026-08-20 19:00:47.403,23748.1342
2026-08-20 19:00:47.827,23747.0626
2026-08-20 19:00:48.330,23745.9238
2026-08-20 19:00:48.748,23744.9198
2026-08-20 19:00:49.161,23744.1016
2026-08-20 19:00:49.576,23743.5359
2026-08-20 19:00:49.993,23742.6195
2026-08-20 19:00:50.458,23741.846
2026-08-20 19:00:50.875,23741.1851
2026-08-20 19:00:51.288,23740.375
2026-08-20 19:00:51.701,23739.5789
2026-08-20 19:00:52.130,23738.9
2026-08-20 19:00:52.578,23738.2086
2026-08-20 19:00:52.990,23737.5034
2026-08-20 19:00:53.415,23736.6297
2026-08-20 19:00:53.834,23735.9079
2026-08-20 19:00:54.295,23735.192
2026-08-20 19:00:54.719,23734.6675
2026-08-20 19:00:55.132,23733.965
2026-08-20 19:00:55.546,23733.2864
2026-08-20 19:00:55.970,23732.8107
2026-08-20 19:00:56.384,23732.149
2026-08-20 19:00:56.797,23731.7737
2026-08-20 19:00:57.210,23730.9581
2026-08-20 19:00:57.636,23730.403
2026-08-20 19:00:58.053,23729.8163
2026-08-20 19:00:58.479,23729.2609
2026-08-20 19:00:58.893,23728.8161
2026-08-20 19:00:59.305,23728.0993
2026-08-20 19:00:59.783,23727.5134
2026-08-20 19:01:00.195,23727.0019
2026-08-20 19:01:00.608,23726.1748
2026-08-20 19:01:01.032,23725.7431
2026-08-20 19:01:01.445,23724.9395
2026-08-20 19:01:01.858,23724.5801
2026-08-20 19:01:02.270,23723.8365
2026-08-20 19:01:02.695,23723.3641
2026-08-20 19:01:03.107,23722.703
2026-08-20 19:01:03.531,23722.4114
2026-08-20 19:01:03.947,23721.7672
2026-08-20 19:01:04.361,23721.2646
2026-08-20 19:01:04.828,23720.4514
2026-08-20 19:01:05.243,23720.093
2026-08-20 19:01:05.659,23719.5609
2026-08-20 19:01:06.073,23718.9634
2026-08-20 19:01:06.500,23718.5157
2026-08-20 19:01:06.914,23717.8185
2026-08-20 19:01:07.378,23716.9248
2026-08-20 19:01:07.795,23716.3671
2026-08-20 19:01:08.209,23715.7122
2026-08-20 19:01:08.637,23715.183
2026-08-20 19:01:09.063,23714.5932
2026-08-20 19:01:09.474,23714.094
2026-08-20 19:01:09.906,23713.7653
2026-08-20 19:01:10.333,23713.2572
2026-08-20 19:01:10.756,23712.8699
2026-08-20 19:01:11.170,23712.3212
2026-08-20 19:01:11.583,23711.9896
2026-08-20 19:01:11.996,23711.4332
2026-08-20 19:01:12.411,23711.0476
2026-08-20 19:01:12.823,23710.6684
2026-08-20 19:01:13.249,23710.0223
2026-08-20 19:01:13.661,23709.3455
2026-08-20 19:01:14.087,23708.6519
2026-08-20 19:01:14.511,23708.1835
2026-08-20 19:01:14.923,23707.6951
2026-08-20 19:01:15.335,23707.2586
2026-08-20 19:01:15.749,23706.9093
2026-08-20 19:01:16.162,23706.5652
2026-08-20 19:01:16.628,23706.0639
2026-08-20 19:01:17.041,23705.5282
2026-08-20 19:01:17.454,23705.1888
2026-08-20 19:01:17.868,23705.1035
2026-08-20 19:01:18.282,23704.762
2026-08-20 19:01:18.747,23704.2961
2026-08-20 19:01:19.176,23703.9256
2026-08-20 19:01:19.589,23703.5575
2026-08-20 19:01:20.001,23703.1544
2026-08-20 19:01:20.415,23702.8092
2026-08-20 19:01:20.826,23702.4529
2026-08-20 19:01:21.271,23701.9568
2026-08-20 19:01:21.683,23701.5328
2026-08-20 19:01:22.144,23701.0646
2026-08-20 19:01:22.558,23700.6455
2026-08-20 19:01:22.991,23700.3693
2026-08-20 19:01:23.404,23700.1013
2026-08-20 19:01:23.830,23699.8258
2026-08-20 19:01:24.242,23699.6417
2026-08-20 19:01:24.712,23699.336
2026-08-20 19:01:25.131,23699.0411
2026-08-20 19:01:25.547,23698.7952
2026-08-20 19:01:25.974,23698.4064
2026-08-20 19:01:26.386,23698.0863
2026-08-20 19:01:26.801,23697.7458
2026-08-20 19:01:27.213,23697.1828
2026-08-20 19:01:27.639,23696.8363
2026-08-20 19:01:28.050,23696.3295
2026-08-20 19:01:28.471,23695.9726
2026-08-20 19:01:28.897,23695.6534
2026-08-20 19:01:29.312,23695.3342
2026-08-20 19:01:29.727,23695.0031
2026-08-20 19:01:30.139,23694.6039
2026-08-20 19:01:30.561,23694.1994
2026-08-20 19:01:30.978,23693.8559
2026-08-20 19:01:31.405,23693.6447
2026-08-20 19:01:31.863,23693.9185
2026-08-20 19:01:32.283,23755.9807
2026-08-20 19:01:32.697,23901.7351
2026-08-20 19:01:33.115,24108.1788
2026-08-20 19:01:33.528,24287.8903
2026-08-20 19:01:33.940,24089.2758
2026-08-20 19:01:34.354,23881.6798
2026-08-20 19:01:34.794,23741.6534
2026-08-20 19:01:35.219,23722.9851
2026-08-20 19:01:35.633,23851.1384
2026-08-20 19:01:36.052,24044.066
2026-08-20 19:01:36.466,24270.4259
2026-08-20 19:01:36.911,24131.9843
2026-08-20 19:01:37.335,23903.1527
2026-08-20 19:01:37.747,23750.1638
2026-08-20 19:01:38.169,23700.6573
2026-08-20 19:01:38.630,23804.0128
2026-08-20 19:01:39.048,24007.0126
2026-08-20 19:01:39.476,24245.4455
2026-08-20 19:01:39.893,24524.4451
2026-08-20 19:01:40.306,24814.3077
2026-08-20 19:01:40.743,25127.301
2026-08-20 19:01:41.160,25329.7803
2026-08-20 19:01:41.578,25054.0077
2026-08-20 19:01:41.991,24746.6081
2026-08-20 19:01:42.404,24459.9482
2026-08-20 19:01:42.816,24193.7815
2026-08-20 19:01:43.227,23964.6408
2026-08-20 19:01:43.641,23800.8042
2026-08-20 19:01:44.053,23709.8509
2026-08-20 19:01:44.465,23697.1052
2026-08-20 19:01:44.892,23696.4641
2026-08-20 19:01:45.309,23695.4372
2026-08-20 19:01:45.737,23694.4423
2026-08-20 19:01:46.151,23693.2345
2026-08-20 19:01:46.577,23692.5621
2026-08-20 19:01:46.996,23692.1288
2026-08-20 19:01:47.409,23691.5107
2026-08-20 19:01:47.830,23690.9826
2026-08-20 19:01:48.243,23690.7106
2026-08-20 19:01:48.656,23690.3554
2026-08-20 19:01:49.069,23695.0514
2026-08-20 19:01:49.481,23772.6876
2026-08-20 19:01:49.898,23923.6471
2026-08-20 19:01:50.313,24140.9192
2026-08-20 19:01:50.728,24259.7594
2026-08-20 19:01:51.145,24029.8134
2026-08-20 19:01:51.565,23835.1972
2026-08-20 19:01:51.978,23712.983
2026-08-20 19:01:52.403,23731.7024
2026-08-20 19:01:52.815,23866.6507
2026-08-20 19:01:53.229,24066.5427
2026-08-20 19:01:53.641,24268.1545
2026-08-20 19:01:54.053,24094.8288
2026-08-20 19:01:54.520,23859.5375
2026-08-20 19:01:54.934,23726.0876
2026-08-20 19:01:55.348,23708.8092
2026-08-20 19:01:55.761,23825.6589
2026-08-20 19:01:56.173,24011.7547
2026-08-20 19:01:56.597,24251.6195
2026-08-20 19:01:57.009,24528.8313
2026-08-20 19:01:57.453,24815.7924
2026-08-20 19:01:57.867,25140.8709
2026-08-20 19:01:58.280,25313.3932
2026-08-20 19:01:58.707,25028.7284
2026-08-20 19:01:59.119,24716.1071
2026-08-20 19:01:59.532,24431.7497
2026-08-20 19:01:59.955,24167.2169
2026-08-20 19:02:00.380,23936.573
2026-08-20 19:02:00.793,23776.9385
2026-08-20 19:02:01.211,23698.08
2026-08-20 19:02:01.640,23691.1341
2026-08-20 19:02:02.061,23690.8
2026-08-20 19:02:02.487,23690.2216
2026-08-20 19:02:02.905,23689.3162
2026-08-20 19:02:03.321,23688.6761
2026-08-20 19:02:03.734,23688.1633
2026-08-20 19:02:04.156,23687.5394
2026-08-20 19:02:04.581,23687.1216
2026-08-20 19:02:04.999,23686.8057
2026-08-20 19:02:05.415,23686.4061
2026-08-20 19:02:05.879,23686.1199
2026-08-20 19:02:06.297,23703.8966
2026-08-20 19:02:06.710,23806.0196
2026-08-20 19:02:07.136,23976.5155
2026-08-20 19:02:07.552,24214.2761
2026-08-20 19:02:07.966,24186.3776
2026-08-20 19:02:08.403,23953.4929
2026-08-20 19:02:08.815,23775.9836
2026-08-20 19:02:09.241,23693.4304
2026-08-20 19:02:09.663,23767.3431
2026-08-20 19:02:10.075,23927.5808
2026-08-20 19:02:10.536,24177.4162
2026-08-20 19:02:10.951,24215.1294
2026-08-20 19:02:11.367,23975.0966
2026-08-20 19:02:11.783,23795.2224
2026-08-20 19:02:12.195,23693.6535
2026-08-20 19:02:12.671,23758.7992
2026-08-20 19:02:13.089,23913.7174
2026-08-20 19:02:13.504,24136.0031
2026-08-20 19:02:13.915,24396.3658
2026-08-20 19:02:14.335,24675.4385
2026-08-20 19:02:14.795,25010.8636
2026-08-20 19:02:15.222,25300.1999
2026-08-20 19:02:15.643,25138.9576
2026-08-20 19:02:16.060,24824.5887
2026-08-20 19:02:16.521,24530.4547
2026-08-20 19:02:16.941,24223.9997
2026-08-20 19:02:17.362,23985.3625
2026-08-20 19:02:17.777,23807.2748
2026-08-20 19:02:18.194,23706.8896
2026-08-20 19:02:18.607,23688.2625
2026-08-20 19:02:19.035,23688.5215
2026-08-20 19:02:19.462,23687.9409
2026-08-20 19:02:19.923,23687.4298
2026-08-20 19:02:20.335,23686.8624
2026-08-20 19:02:20.756,23686.0672
2026-08-20 19:02:21.168,23685.6228
2026-08-20 19:02:21.594,23685.3728
2026-08-20 19:02:22.005,23685.1038
2026-08-20 19:02:22.431,23684.9228
2026-08-20 19:02:22.855,23684.7001
2026-08-20 19:02:23.268,23689.5395
2026-08-20 19:02:23.695,23770.9007
2026-08-20 19:02:24.109,23923.5653
2026-08-20 19:02:24.522,24140.6801
2026-08-20 19:02:24.936,24246.5201
2026-08-20 19:02:25.361,24011.4514
2026-08-20 19:02:25.776,23819.8488
2026-08-20 19:02:26.190,23704.4849
2026-08-20 19:02:26.607,23730.9167
2026-08-20 19:02:27.028,23863.3214
2026-08-20 19:02:27.442,24069.3702
2026-08-20 19:02:27.855,24263.0251
2026-08-20 19:02:28.269,24080.1236
2026-08-20 19:02:28.734,23847.989
2026-08-20 19:02:29.147,23719.0526
2026-08-20 19:02:29.559,23704.7394
2026-08-20 19:02:29.971,23819.827
2026-08-20 19:02:30.397,24011.4752
2026-08-20 19:02:30.843,24252.2088
2026-08-20 19:02:31.270,24553.7386
2026-08-20 19:02:31.684,24842.047
2026-08-20 19:02:32.097,25145.8634
2026-08-20 19:02:32.510,25303.0606
2026-08-20 19:02:32.922,25011.1842
2026-08-20 19:02:33.334,24710.8436
2026-08-20 19:02:33.746,24426.4517
2026-08-20 19:02:34.173,24162.297
2026-08-20 19:02:34.585,23930.8625
2026-08-20 19:02:35.021,23772.5369
2026-08-20 19:02:35.434,23695.3118
2026-08-20 19:02:35.913,23689.5234
2026-08-20 19:02:36.346,23688.9095
2026-08-20 19:02:36.758,23688.2776
2026-08-20 19:02:37.170,23687.7317
2026-08-20 19:02:37.583,23686.9742
2026-08-20 19:02:37.996,23686.4308
2026-08-20 19:02:38.421,23686.0732
2026-08-20 19:02:38.850,23685.5941
2026-08-20 19:02:39.280,23685.1781
2026-08-20 19:02:39.695,23685.0276
2026-08-20 19:02:40.122,23684.7006
2026-08-20 19:02:40.533,23705.7774
2026-08-20 19:02:40.950,23811.052
2026-08-20 19:02:41.368,23989.3973
2026-08-20 19:02:41.781,24221.0616
2026-08-20 19:02:42.200,24172.6119
2026-08-20 19:02:42.631,23936.3914
2026-08-20 19:02:43.045,23768.7261
2026-08-20 19:02:43.465,23691.9779
2026-08-20 19:02:43.878,23769.3274
2026-08-20 19:02:44.296,23926.7979
2026-08-20 19:02:44.708,24151.0526
2026-08-20 19:02:45.140,24229.55
2026-08-20 19:02:45.553,23988.6412
2026-08-20 19:02:45.966,23805.4731
2026-08-20 19:02:46.396,23695.0505
2026-08-20 19:02:46.808,23736.6502
2026-08-20 19:02:47.233,23875.4014
2026-08-20 19:02:47.646,24089.5874
2026-08-20 19:02:48.058,24342.1931
2026-08-20 19:02:48.472,24618.4084
2026-08-20 19:02:48.892,24911.5134
2026-08-20 19:02:49.310,25222.9891
2026-08-20 19:02:49.731,25238.6155
2026-08-20 19:02:50.144,24919.704
2026-08-20 19:02:50.559,24621.9934
2026-08-20 19:02:50.977,24341.8669
2026-08-20 19:02:51.390,24083.8154
2026-08-20 19:02:51.804,23877.8347
2026-08-20 19:02:52.217,23744.2713
2026-08-20 19:02:52.628,23689.1113
2026-08-20 19:02:53.073,23688.366
2026-08-20 19:02:53.487,23687.8164
2026-08-20 19:02:53.901,23687.1222
2026-08-20 19:02:54.318,23686.2761
2026-08-20 19:02:54.730,23685.703
2026-08-20 19:02:55.166,23685.1987
2026-08-20 19:02:55.580,23684.7875
2026-08-20 19:02:56.006,23684.1511
2026-08-20 19:02:56.420,23684.1386
2026-08-20 19:02:56.844,23683.5909
2026-08-20 19:02:57.259,23683.4224
2026-08-20 19:02:57.671,23710.6454
2026-08-20 19:02:58.083,23822.9277
2026-08-20 19:02:58.502,24002.1984
2026-08-20 19:02:58.979,24252.5684
2026-08-20 19:02:59.391,24112.8952
2026-08-20 19:02:59.818,23889.5505
2026-08-20 19:03:00.230,23742.8601
2026-08-20 19:03:00.645,23693.9312
2026-08-20 19:03:01.071,23791.6022
2026-08-20 19:03:01.491,23968.4345
2026-08-20 19:03:01.904,24204.1503
2026-08-20 19:03:02.317,24179.1681
2026-08-20 19:03:02.730,23945.6862
2026-08-20 19:03:03.157,23776.1955
2026-08-20 19:03:03.569,23686.2387
2026-08-20 19:03:04.033,23754.0587
2026-08-20 19:03:04.446,23921.4651
2026-08-20 19:03:04.859,24144.4347
2026-08-20 19:03:05.271,24403.5575
2026-08-20 19:03:05.739,24684.014
2026-08-20 19:03:06.156,25024.067
2026-08-20 19:03:06.569,25302.1061
2026-08-20 19:03:06.988,25124.1263
2026-08-20 19:03:07.405,24812.272
2026-08-20 19:03:07.818,24519.1457
2026-08-20 19:03:08.230,24247.507
2026-08-20 19:03:08.676,23988.7632
2026-08-20 19:03:09.089,23811.2031
2026-08-20 19:03:09.519,23705.8995
2026-08-20 19:03:09.988,23686.3138
2026-08-20 19:03:10.420,23685.8637
2026-08-20 19:03:10.838,23685.4776
2026-08-20 19:03:11.252,23684.9238
2026-08-20 19:03:11.674,23684.2017
2026-08-20 19:03:12.099,23683.7879
2026-08-20 19:03:12.517,23683.4471
2026-08-20 19:03:12.944,23682.9403
2026-08-20 19:03:13.357,23682.4558
2026-08-20 19:03:13.770,23682.2077
2026-08-20 19:03:14.194,23681.702
2026-08-20 19:03:14.609,23686.9752
2026-08-20 19:03:15.022,23764.5108
2026-08-20 19:03:15.459,23914.7746
2026-08-20 19:03:15.872,24143.3509
2026-08-20 19:03:16.290,24235.2036
2026-08-20 19:03:16.716,23997.644
2026-08-20 19:03:17.131,23806.7125
2026-08-20 19:03:17.545,23696.7411
2026-08-20 19:03:17.976,23733.9819
2026-08-20 19:03:18.453,23895.0967
2026-08-20 19:03:18.867,24114.6877
2026-08-20 19:03:19.300,24240.4373
2026-08-20 19:03:19.712,24007.7627
2026-08-20 19:03:20.140,23811.7313
2026-08-20 19:03:20.556,23696.1363
2026-08-20 19:03:20.983,23715.0878
2026-08-20 19:03:21.395,23846.8656
2026-08-20 19:03:21.823,24052.977
2026-08-20 19:03:22.237,24301.8669
2026-08-20 19:03:22.655,24575.8979
2026-08-20 19:03:23.068,24870.4163
2026-08-20 19:03:23.482,25174.329
2026-08-20 19:03:23.902,25274.0579
2026-08-20 19:03:24.316,24961.3951
2026-08-20 19:03:24.732,24661.7435
2026-08-20 19:03:25.159,24377.9111
2026-08-20 19:03:25.572,24109.7639
2026-08-20 19:03:25.996,23895.307
2026-08-20 19:03:26.408,23750.0425
2026-08-20 19:03:26.885,23684.0161
2026-08-20 19:03:27.313,23683.6497
2026-08-20 19:03:27.786,23683.069
2026-08-20 19:03:28.234,23682.7345
2026-08-20 19:03:28.697,23681.9691
2026-08-20 19:03:29.110,23679.5669
2026-08-20 19:03:29.524,23676.1605
2026-08-20 19:03:29.936,23674.2559
2026-08-20 19:03:30.349,23673.4564
2026-08-20 19:03:30.762,23672.5226
2026-08-20 19:03:31.174,23671.5312
2026-08-20 19:03:31.607,23671.1408
2026-08-20 19:03:32.025,23720.8508
2026-08-20 19:03:32.439,23852.0188
2026-08-20 19:03:32.869,24049.1446
2026-08-20 19:03:33.281,24248.3179
2026-08-20 19:03:33.705,24063.8248
2026-08-20 19:03:34.121,23850.8086
2026-08-20 19:03:34.537,23714.5836
2026-08-20 19:03:34.957,23690.1917
2026-08-20 19:03:35.449,23834.3361
2026-08-20 19:03:35.872,24029.1048
2026-08-20 19:03:36.297,24242.3735
2026-08-20 19:03:36.709,24073.4837
2026-08-20 19:03:37.124,23860.6273
2026-08-20 19:03:37.545,23718.8134
2026-08-20 19:03:37.961,23681.0383
2026-08-20 19:03:38.427,23806.0472
2026-08-20 19:03:38.841,23992.316
2026-08-20 19:03:39.253,24233.1409
2026-08-20 19:03:39.680,24511.4136
2026-08-20 19:03:40.093,24798.6878
2026-08-20 19:03:40.505,25099.8111
2026-08-20 19:03:40.947,25290.9038
2026-08-20 19:03:41.360,24994.7561
2026-08-20 19:03:41.786,24693.3513
2026-08-20 19:03:42.199,24399.6846
2026-08-20 19:03:42.612,24136.2456
2026-08-20 19:03:43.036,23912.144
2026-08-20 19:03:43.529,23733.3216
2026-08-20 19:03:44.002,23672.2384
2026-08-20 19:03:44.432,23670.3376
2026-08-20 19:03:44.846,23669.6995
2026-08-20 19:03:45.259,23669.2853
2026-08-20 19:03:45.676,23668.5868
2026-08-20 19:03:46.093,23667.8009
2026-08-20 19:03:46.507,23667.0964
2026-08-20 19:03:46.923,23666.7379
2026-08-20 19:03:47.383,23666.0986
2026-08-20 19:03:47.795,23665.8375
2026-08-20 19:03:48.208,23665.2799
2026-08-20 19:03:48.639,23665.2419
2026-08-20 19:03:49.065,23699.1303
2026-08-20 19:03:49.491,23821.9316
2026-08-20 19:03:49.904,24016.1033
2026-08-20 19:03:50.350,24233.7548
2026-08-20 19:03:50.765,24077.9311
2026-08-20 19:03:51.177,23863.2461
2026-08-20 19:03:51.602,23720.1156
2026-08-20 19:03:52.018,23678.7317
2026-08-20 19:03:52.463,23782.9369
2026-08-20 19:03:52.877,23974.4137
2026-08-20 19:03:53.288,24207.6615
2026-08-20 19:03:53.708,24132.6285
2026-08-20 19:03:54.128,23902.2426
2026-08-20 19:03:54.541,23739.8375
2026-08-20 19:03:54.964,23667.2275
2026-08-20 19:03:55.377,23746.0319
2026-08-20 19:03:55.790,23903.0298
2026-08-20 19:03:56.224,24133.5583
2026-08-20 19:03:56.640,24398.3648
2026-08-20 19:03:57.054,24681.9626
2026-08-20 19:03:57.469,24978.3921
2026-08-20 19:03:57.883,25272.434
2026-08-20 19:03:58.295,25128.7562
2026-08-20 19:03:58.709,24820.8256
2026-08-20 19:03:59.122,24528.6721
2026-08-20 19:03:59.619,24200.8843
2026-08-20 19:04:00.031,23963.4999
2026-08-20 19:04:00.457,23788.9225
2026-08-20 19:04:00.869,23686.0138
2026-08-20 19:04:01.314,23667.1499
2026-08-20 19:04:01.739,23667.0944
2026-08-20 19:04:02.152,23666.4747
2026-08-20 19:04:02.566,23665.9839
2026-08-20 19:04:02.997,23665.3579
2026-08-20 19:04:03.414,23664.7282
2026-08-20 19:04:03.825,23664.1788
2026-08-20 19:04:04.246,23663.7618
2026-08-20 19:04:04.659,23663.3796
2026-08-20 19:04:05.072,23663.0939
2026-08-20 19:04:05.487,23662.7588
2026-08-20 19:04:05.901,23664.6633
2026-08-20 19:04:06.314,23730.2087
2026-08-20 19:04:06.727,23871.2986
2026-08-20 19:04:07.140,24078.2696
2026-08-20 19:04:07.563,24235.833
2026-08-20 19:04:08.023,23993.2209
2026-08-20 19:04:08.435,23802.5731
2026-08-20 19:04:08.861,23685.1066
2026-08-20 19:04:09.287,23700.33
2026-08-20 19:04:09.700,23831.3929
2026-08-20 19:04:10.142,24029.3266
2026-08-20 19:04:10.555,24234.8502
2026-08-20 19:04:10.968,24048.1033
2026-08-20 19:04:11.380,23839.6719
2026-08-20 19:04:11.793,23704.0404
2026-08-20 19:04:12.206,23675.7319
2026-08-20 19:04:12.631,23784.2125
2026-08-20 19:04:13.043,23970.0042
2026-08-20 19:04:13.455,24207.409
2026-08-20 19:04:13.869,24474.64
2026-08-20 19:04:14.297,24761.0067
2026-08-20 19:04:14.709,25072.1569
2026-08-20 19:04:15.128,25288.6331
2026-08-20 19:04:15.555,25026.6996
2026-08-20 19:04:15.967,24713.8388
2026-08-20 19:04:16.393,24418.7831
2026-08-20 19:04:16.806,24153.9521
2026-08-20 19:04:17.218,23925.2851
2026-08-20 19:04:17.655,23764.1988
2026-08-20 19:04:18.079,23675.0647
2026-08-20 19:04:18.506,23665.9832
2026-08-20 19:04:18.918,23665.6255
2026-08-20 19:04:19.331,23665.0154
2026-08-20 19:04:19.776,23664.4709
2026-08-20 19:04:20.189,23663.8128
2026-08-20 19:04:20.601,23663.1942
2026-08-20 19:04:21.013,23662.6745
2026-08-20 19:04:21.496,23662.1149
2026-08-20 19:04:21.925,23661.525
2026-08-20 19:04:22.338,23660.8591
2026-08-20 19:04:22.749,23660.1092
2026-08-20 19:04:23.177,23675.6159
2026-08-20 19:04:23.591,23773.808
2026-08-20 19:04:24.021,23941.7253
2026-08-20 19:04:24.434,24179.8274
2026-08-20 19:04:24.862,24160.7749
2026-08-20 19:04:25.278,23919.444
2026-08-20 19:04:25.691,23750.5215
2026-08-20 19:04:26.108,23664.6039
2026-08-20 19:04:26.569,23730.0673
2026-08-20 19:04:26.994,23904.0758
2026-08-20 19:04:27.407,24130.8229
2026-08-20 19:04:27.834,24185.4426
2026-08-20 19:04:28.248,23947.1082
2026-08-20 19:04:28.674,23766.7934
2026-08-20 19:04:29.094,23662.6262
2026-08-20 19:04:29.507,23711.1979
2026-08-20 19:04:29.934,23853.2437
2026-08-20 19:04:30.350,24071.0114
2026-08-20 19:04:30.776,24327.9336
2026-08-20 19:04:31.189,24614.2677
2026-08-20 19:04:31.608,24907.6857
2026-08-20 19:04:32.034,25219.7903
2026-08-20 19:04:32.453,25172.462
2026-08-20 19:04:32.865,24857.0333
2026-08-20 19:04:33.285,24562.7252
2026-08-20 19:04:33.698,24280.193
2026-08-20 19:04:34.109,24028.9525
2026-08-20 19:04:34.578,23829.8553
2026-08-20 19:04:34.997,23691.3984
2026-08-20 19:04:35.418,23656.2018
2026-08-20 19:04:35.837,23656.7424
2026-08-20 19:04:36.264,23656.4134
2026-08-20 19:04:36.677,23655.7483
2026-08-20 19:04:37.112,23655.1529
2026-08-20 19:04:37.524,23654.5068
2026-08-20 19:04:37.946,23653.8849
2026-08-20 19:04:38.362,23653.3748
2026-08-20 19:04:38.790,23652.9769
2026-08-20 19:04:39.252,23652.7421
2026-08-20 19:04:39.664,23652.5684
2026-08-20 19:04:40.078,23652.7055
2026-08-20 19:04:40.491,23709.3233
2026-08-20 19:04:40.918,23848.4225
2026-08-20 19:04:41.329,24050.8932
2026-08-20 19:04:41.742,24228.3533
2026-08-20 19:04:42.160,24032.1761
2026-08-20 19:04:42.573,23825.1442
2026-08-20 19:04:43.040,23680.5586
2026-08-20 19:04:43.466,23683.7067
2026-08-20 19:04:43.879,23811.1847
2026-08-20 19:04:44.293,24004.487
2026-08-20 19:04:44.719,24219.8032
2026-08-20 19:04:45.178,24036.3753
2026-08-20 19:04:45.591,23829.161
2026-08-20 19:04:46.003,23693.5133
2026-08-20 19:04:46.423,23664.644
2026-08-20 19:04:46.838,23774.2232
2026-08-20 19:04:47.258,23953.9705
2026-08-20 19:04:47.759,24245.0336
2026-08-20 19:04:48.223,24554.6908
2026-08-20 19:04:48.638,24847.9389
2026-08-20 19:04:49.064,25164.7021
2026-08-20 19:04:49.489,25228.0085
2026-08-20 19:04:49.901,24908.2379
2026-08-20 19:04:50.314,24610.4885
2026-08-20 19:04:50.730,24329.7361
2026-08-20 19:04:51.143,24069.8489
2026-08-20 19:04:51.572,23858.0059
2026-08-20 19:04:51.986,23714.8869
2026-08-20 19:04:52.409,23655.6812
2026-08-20 19:04:52.824,23654.0946
2026-08-20 19:04:53.237,23653.6702
2026-08-20 19:04:53.696,23653.0408
2026-08-20 19:04:54.113,23652.4117
2026-08-20 19:04:54.541,23651.8151
2026-08-20 19:04:54.961,23651.2537
2026-08-20 19:04:55.375,23650.8356
2026-08-20 19:04:55.796,23650.4454
2026-08-20 19:04:56.209,23650.1304
2026-08-20 19:04:56.621,23649.9577
2026-08-20 19:04:57.035,23649.7873
2026-08-20 19:04:57.477,23676.7648
2026-08-20 19:04:57.894,23792.8496
2026-08-20 19:04:58.308,23976.6778
2026-08-20 19:04:58.719,24205.0419
2026-08-20 19:04:59.133,24107.3208
2026-08-20 19:04:59.547,23882.7275
2026-08-20 19:04:59.973,23725.4324
2026-08-20 19:05:00.396,23657.0856
2026-08-20 19:05:00.821,23744.5619
2026-08-20 19:05:01.236,23913.3771
2026-08-20 19:05:01.649,24141.1909
2026-08-20 19:05:02.075,24170.7161
2026-08-20 19:05:02.492,23925.5186
2026-08-20 19:05:02.909,23749.1599
2026-08-20 19:05:03.323,23653.9633
2026-08-20 19:05:03.735,23708.6936
2026-08-20 19:05:04.158,23853.0453
2026-08-20 19:05:04.572,24070.9071
2026-08-20 19:05:04.986,24327.1298
2026-08-20 19:05:05.412,24605.2893
2026-08-20 19:05:05.824,24908.5731
2026-08-20 19:05:06.236,25214.8581
2026-08-20 19:05:06.649,25172.594
2026-08-20 19:05:07.063,24860.7062
2026-08-20 19:05:07.486,24565.1465
2026-08-20 19:05:07.914,24280.2683
2026-08-20 19:05:08.329,24018.6915
2026-08-20 19:05:08.745,23819.6807
2026-08-20 19:05:09.158,23694.9808
2026-08-20 19:05:09.569,23649.7724
2026-08-20 19:05:09.981,23650.11
2026-08-20 19:05:10.399,23649.6258
2026-08-20 19:05:10.816,23648.7752
2026-08-20 19:05:11.236,23647.292
2026-08-20 19:05:11.658,23646.1609
2026-08-20 19:05:12.075,23645.2874
2026-08-20 19:05:12.487,23644.4797
2026-08-20 19:05:12.900,23643.8343
2026-08-20 19:05:13.315,23643.313
2026-08-20 19:05:13.758,23642.7055
2026-08-20 19:05:14.171,23642.0943
2026-08-20 19:05:14.591,23671.8644
2026-08-20 19:05:15.004,23788.2772
2026-08-20 19:05:15.416,23971.3346
2026-08-20 19:05:15.828,24198.0095
2026-08-20 19:05:16.242,24095.4461
2026-08-20 19:05:16.705,23850.1653
2026-08-20 19:05:17.119,23702.1658
2026-08-20 19:05:17.536,23651.8871
2026-08-20 19:05:17.949,23748.7536
2026-08-20 19:05:18.361,23918.2578
2026-08-20 19:05:18.836,24182.3978
2026-08-20 19:05:19.263,24099.8371
2026-08-20 19:05:19.676,23874.9174
2026-08-20 19:05:20.089,23716.0103
2026-08-20 19:05:20.503,23643.379
2026-08-20 19:05:20.930,23718.5348
2026-08-20 19:05:21.342,23879.6099
2026-08-20 19:05:21.767,24101.6123
2026-08-20 19:05:22.186,24369.04
2026-08-20 19:05:22.599,24654.2734
2026-08-20 19:05:23.029,24950.2877
2026-08-20 19:05:23.443,25252.3102
2026-08-20 19:05:23.856,25100.2344
2026-08-20 19:05:24.281,24791.6751
2026-08-20 19:05:24.693,24491.6273
2026-08-20 19:05:25.167,24184.7792
2026-08-20 19:05:25.579,23942.0837
2026-08-20 19:05:25.991,23767.1196
2026-08-20 19:05:26.407,23665.7641
2026-08-20 19:05:26.824,23644.4068
2026-08-20 19:05:27.253,23644.6867
2026-08-20 19:05:27.670,23644.197
2026-08-20 19:05:28.086,23643.5813
2026-08-20 19:05:28.498,23643.161
2026-08-20 19:05:28.960,23642.9782
2026-08-20 19:05:29.378,23642.2595
2026-08-20 19:05:29.791,23642.1723
2026-08-20 19:05:30.203,23641.6392
2026-08-20 19:05:30.617,23641.4302
2026-08-20 19:05:31.045,23641.2279
2026-08-20 19:05:31.463,23643.1352
2026-08-20 19:05:31.875,23710.4373
2026-08-20 19:05:32.288,23852.1126
2026-08-20 19:05:32.701,24059.2321
2026-08-20 19:05:33.127,24211.9476
2026-08-20 19:05:33.603,23962.8148
2026-08-20 19:05:34.021,23770.8499
2026-08-20 19:05:34.433,23658.3121
2026-08-20 19:05:34.846,23688.8655
2026-08-20 19:05:35.265,23820.7042
2026-08-20 19:05:35.697,24028.9875
2026-08-20 19:05:36.128,24215.1826
2026-08-20 19:05:36.542,24007.4366
2026-08-20 19:05:36.954,23804.4831
2026-08-20 19:05:37.370,23675.9188
2026-08-20 19:05:37.783,23662.4798
2026-08-20 19:05:38.199,23777.7887
2026-08-20 19:05:38.628,23973.4708
2026-08-20 19:05:39.066,24225.0837
2026-08-20 19:05:39.568,24556.7797
2026-08-20 19:05:39.981,24856.184
2026-08-20 19:05:40.406,25161.4114
2026-08-20 19:05:40.824,25207.917
2026-08-20 19:05:41.240,24891.3105
2026-08-20 19:05:41.666,24592.0249
2026-08-20 19:05:42.078,24303.6049
2026-08-20 19:05:42.491,24048.1502
2026-08-20 19:05:42.953,23840.2243
2026-08-20 19:05:43.376,23693.2665
2026-08-20 19:05:43.792,23646.8834
2026-08-20 19:05:44.205,23647.2259
2026-08-20 19:05:44.634,23646.8708
2026-08-20 19:05:45.059,23646.3806
2026-08-20 19:05:45.478,23645.8762
2026-08-20 19:05:45.892,23645.5061
2026-08-20 19:05:46.306,23645.1001
2026-08-20 19:05:46.719,23644.785
2026-08-20 19:05:47.132,23644.4577
2026-08-20 19:05:47.565,23644.1718
2026-08-20 19:05:47.980,23644.0128
2026-08-20 19:05:48.392,23643.8242
2026-08-20 19:05:48.806,23674.0265
2026-08-20 19:05:49.219,23788.5591
2026-08-20 19:05:49.689,23970.6307
2026-08-20 19:05:50.145,24223.9027
2026-08-20 19:05:50.560,24052.551
2026-08-20 19:05:50.973,23839.2472
2026-08-20 19:05:51.397,23697.3903
2026-08-20 19:05:51.814,23658.4778
2026-08-20 19:05:52.242,23763.6793
2026-08-20 19:05:52.654,23946.6429
2026-08-20 19:05:53.067,24179.9509
2026-08-20 19:05:53.490,24119.6461
2026-08-20 19:05:53.919,23886.0285
2026-08-20 19:05:54.331,23719.7209
2026-08-20 19:05:54.758,23646.8871
2026-08-20 19:05:55.175,23724.6813
2026-08-20 19:05:55.588,23883.0894
2026-08-20 19:05:56.026,24104.9861
2026-08-20 19:05:56.440,24382.3045
2026-08-20 19:05:56.854,24664.6027
2026-08-20 19:05:57.266,24961.464
2026-08-20 19:05:57.692,25257.7467
2026-08-20 19:05:58.130,25096.2908
2026-08-20 19:05:58.541,24771.5269
2026-08-20 19:05:58.964,24481.3302
2026-08-20 19:05:59.377,24202.9693
2026-08-20 19:05:59.811,23954.612
2026-08-20 19:06:00.233,23773.6732
2026-08-20 19:06:00.647,23669.5633
2026-08-20 19:06:01.059,23648.9747
2026-08-20 19:06:01.471,23648.9107
2026-08-20 19:06:01.897,23648.7549
2026-08-20 19:06:02.354,23648.2476
2026-08-20 19:06:02.766,23647.8252
2026-08-20 19:06:03.179,23647.5381
2026-08-20 19:06:03.590,23647.0211
2026-08-20 19:06:04.004,23647.0867
2026-08-20 19:06:04.447,23646.7819
2026-08-20 19:06:04.873,23646.7514
2026-08-20 19:06:05.286,23646.7175
2026-08-20 19:06:05.702,23648.9514
2026-08-20 19:06:06.115,23715.8874
2026-08-20 19:06:06.549,23864.0361
2026-08-20 19:06:06.963,24077.9694
2026-08-20 19:06:07.376,24215.1748
2026-08-20 19:06:07.805,23993.5125
2026-08-20 19:06:08.217,23791.8212
2026-08-20 19:06:08.658,23672.3948
2026-08-20 19:06:09.070,23688.1645
2026-08-20 19:06:09.482,23816.3139
2026-08-20 19:06:09.894,24013.4273
2026-08-20 19:06:10.305,24218.3844
2026-08-20 19:06:10.719,24051.9959
2026-08-20 19:06:11.139,23836.7448
2026-08-20 19:06:11.551,23695.4538
2026-08-20 19:06:11.973,23655.7713
2026-08-20 19:06:12.386,23757.7523
2026-08-20 19:06:12.800,23931.2451
2026-08-20 19:06:13.211,24164.878
2026-08-20 19:06:13.637,24429.9134
2026-08-20 19:06:14.050,24723.3004
2026-08-20 19:06:14.479,25034.302
2026-08-20 19:06:14.891,25280.0147
2026-08-20 19:06:15.303,25049.6905
2026-08-20 19:06:15.718,24745.0595
2026-08-20 19:06:16.133,24454.5632
2026-08-20 19:06:16.563,24183.0705
2026-08-20 19:06:16.990,23936.84
2026-08-20 19:06:17.404,23761.4055
2026-08-20 19:06:17.817,23666.9356
2026-08-20 19:06:18.278,23651.3929
2026-08-20 19:06:18.707,23651.2362
2026-08-20 19:06:19.119,23650.7582
2026-08-20 19:06:19.544,23650.3784
2026-08-20 19:06:19.957,23649.7437
2026-08-20 19:06:20.369,23649.4672
2026-08-20 19:06:20.787,23649.0308
2026-08-20 19:06:21.201,23648.729
2026-08-20 19:06:21.624,23648.5247
2026-08-20 19:06:22.036,23648.3934
2026-08-20 19:06:22.450,23648.2936
2026-08-20 19:06:22.916,23656.3096
2026-08-20 19:06:23.344,23744.538
2026-08-20 19:06:23.764,23902.4483
2026-08-20 19:06:24.180,24127.3053
2026-08-20 19:06:24.612,24185.6416
2026-08-20 19:06:25.043,23939.8821
2026-08-20 19:06:25.456,23755.4854
2026-08-20 19:06:25.882,23657.8094
2026-08-20 19:06:26.301,23710.7897
2026-08-20 19:06:26.713,23856.8826
2026-08-20 19:06:27.147,24068.5997
2026-08-20 19:06:27.560,24210.5462
2026-08-20 19:06:27.985,23984.5182
2026-08-20 19:06:28.413,23785.9267
2026-08-20 19:06:28.832,23664.5515
2026-08-20 19:06:29.254,23685.0054
2026-08-20 19:06:29.678,23817.5626
2026-08-20 19:06:30.091,24023.727
2026-08-20 19:06:30.504,24273.9544
2026-08-20 19:06:30.921,24548.3686
2026-08-20 19:06:31.337,24842.2342
2026-08-20 19:06:31.751,25149.5102
2026-08-20 19:06:32.225,25199.8104
2026-08-20 19:06:32.637,24880.6276
2026-08-20 19:06:33.063,24574.1737
2026-08-20 19:06:33.476,24295.918
2026-08-20 19:06:33.889,24040.96
2026-08-20 19:06:34.311,23836.1326
2026-08-20 19:06:34.723,23702.6025
2026-08-20 19:06:35.144,23651.1395
2026-08-20 19:06:35.556,23650.7626
2026-08-20 19:06:35.990,23650.0372
2026-08-20 19:06:36.424,23649.4595
2026-08-20 19:06:36.837,23649.0083
2026-08-20 19:06:37.250,23648.3509
2026-08-20 19:06:37.662,23647.6868
2026-08-20 19:06:38.132,23647.5244
2026-08-20 19:06:38.549,23647.0267
2026-08-20 19:06:38.976,23646.3968
2026-08-20 19:06:39.402,23646.2672
2026-08-20 19:06:39.814,23646.0208
2026-08-20 19:06:40.243,23686.937
2026-08-20 19:06:40.671,23816.5317
2026-08-20 19:06:41.084,24009.2577
2026-08-20 19:06:41.556,24220.9866
2026-08-20 19:06:41.970,24024.9722
2026-08-20 19:06:42.383,23819.9423
2026-08-20 19:06:42.808,23686.9898
2026-08-20 19:06:43.221,23668.0804
2026-08-20 19:06:43.642,23782.295
2026-08-20 19:06:44.063,23970.6714
2026-08-20 19:06:44.477,24202.2153
2026-08-20 19:06:44.896,24090.5443
2026-08-20 19:06:45.315,23865.1336
2026-08-20 19:06:45.726,23710.7149
2026-08-20 19:06:46.188,23656.2199
2026-08-20 19:06:46.604,23756.8431
2026-08-20 19:06:47.017,23932.2437
2026-08-20 19:06:47.436,24166.4264
2026-08-20 19:06:47.849,24436.3427
2026-08-20 19:06:48.279,24721.0669
2026-08-20 19:06:48.695,25033.5055
2026-08-20 19:06:49.113,25275.9471
2026-08-20 19:06:49.526,25034.7102
2026-08-20 19:06:49.938,24729.6679
2026-08-20 19:06:50.418,24405.3568
2026-08-20 19:06:50.843,24130.7014
2026-08-20 19:06:51.258,23897.3195
2026-08-20 19:06:51.671,23739.6118
2026-08-20 19:06:52.137,23654.3733
2026-08-20 19:06:52.555,23649.8842
2026-08-20 19:06:53.019,23649.6007
2026-08-20 19:06:53.461,23648.9903
2026-08-20 19:06:53.873,23648.3878
2026-08-20 19:06:54.299,23647.7536
2026-08-20 19:06:54.781,23647.2715
2026-08-20 19:06:55.193,23646.9558
2026-08-20 19:06:55.606,23646.6098
2026-08-20 19:06:56.038,23646.4787
2026-08-20 19:06:56.469,23646.2203
2026-08-20 19:06:56.884,23645.991
2026-08-20 19:06:57.295,23679.5244
2026-08-20 19:06:57.722,23796.3535
2026-08-20 19:06:58.142,23988.3799
2026-08-20 19:06:58.557,24212.7224
2026-08-20 19:06:58.969,24080.6687
2026-08-20 19:06:59.434,23838.1693
2026-08-20 19:06:59.847,23697.3958
2026-08-20 19:07:00.265,23657.1691
2026-08-20 19:07:00.677,23758.843
2026-08-20 19:07:01.095,23931.178
2026-08-20 19:07:01.527,24166.1282
2026-08-20 19:07:01.947,24128.9443
2026-08-20 19:07:02.360,23894.607
2026-08-20 19:07:02.792,23725.1887
2026-08-20 19:07:03.209,23648.2835
2026-08-20 19:07:03.652,23723.2484
2026-08-20 19:07:04.068,23892.7387
2026-08-20 19:07:04.480,24119.5347
2026-08-20 19:07:04.892,24380.464
2026-08-20 19:07:05.306,24662.1745
2026-08-20 19:07:05.744,24959.2916
2026-08-20 19:07:06.156,25261.725
2026-08-20 19:07:06.568,25094.1859
2026-08-20 19:07:06.981,24786.3496
2026-08-20 19:07:07.394,24493.8674
2026-08-20 19:07:07.805,24220.722
2026-08-20 19:07:08.218,23976.0674
2026-08-20 19:07:08.643,23790.0386
2026-08-20 19:07:09.056,23675.6582
2026-08-20 19:07:09.484,23646.814
2026-08-20 19:07:09.903,23646.713
2026-08-20 19:07:10.317,23646.1313
2026-08-20 19:07:10.731,23645.6874
2026-08-20 19:07:11.144,23645.0628
2026-08-20 19:07:11.558,23644.3921
2026-08-20 19:07:11.984,23644.0215
2026-08-20 19:07:12.398,23643.4487
2026-08-20 19:07:12.811,23643.2077
2026-08-20 19:07:13.229,23642.5906
2026-08-20 19:07:13.661,23642.1416
2026-08-20 19:07:14.078,23641.9956
2026-08-20 19:07:14.505,23690.5881
2026-08-20 19:07:14.923,23823.699
2026-08-20 19:07:15.335,24024.3856
2026-08-20 19:07:15.769,24217.1413
2026-08-20 19:07:16.195,24015.9385
2026-08-20 19:07:16.608,23812.3285
2026-08-20 19:07:17.022,23680.5142
2026-08-20 19:07:17.447,23663.3949
2026-08-20 19:07:17.876,23781.7814
2026-08-20 19:07:18.308,23983.4398
2026-08-20 19:07:18.721,24212.2317
2026-08-20 19:07:19.145,24089.2176
2026-08-20 19:07:19.558,23860.0673
2026-08-20 19:07:19.979,23707.0119
2026-08-20 19:07:20.395,23646.3356
2026-08-20 19:07:20.808,23736.5162
2026-08-20 19:07:21.235,23909.9384
2026-08-20 19:07:21.648,24139.7834
2026-08-20 19:07:22.062,24403.5262
2026-08-20 19:07:22.474,24688.3958
2026-08-20 19:07:22.904,24999.6254
2026-08-20 19:07:23.338,25268.5341
2026-08-20 19:07:23.765,25049.5532
2026-08-20 19:07:24.181,24733.5769
2026-08-20 19:07:24.594,24441.5794
2026-08-20 19:07:25.013,24171.3286
2026-08-20 19:07:25.428,23931.0699
2026-08-20 19:07:25.841,23758.3495
2026-08-20 19:07:26.271,23658.7273
2026-08-20 19:07:26.685,23642.6153
2026-08-20 19:07:27.099,23642.5284
2026-08-20 19:07:27.512,23641.8599
2026-08-20 19:07:27.940,23641.3073
2026-08-20 19:07:28.354,23640.7155
2026-08-20 19:07:28.769,23640.0878
2026-08-20 19:07:29.181,23639.5833
2026-08-20 19:07:29.594,23639.1027
2026-08-20 19:07:30.071,23638.7441
2026-08-20 19:07:30.488,23638.4157
2026-08-20 19:07:30.904,23638.1964
2026-08-20 19:07:31.317,23641.9527
2026-08-20 19:07:31.737,23714.6657
2026-08-20 19:07:32.168,23866.4262
2026-08-20 19:07:32.583,24087.7369
2026-08-20 19:07:33.009,24193.082
2026-08-20 19:07:33.423,23959.6519
2026-08-20 19:07:33.850,23771.5542
2026-08-20 19:07:34.263,23655.1537
2026-08-20 19:07:34.678,23683.2903
2026-08-20 19:07:35.090,23815.5188
2026-08-20 19:07:35.516,24023.6103
2026-08-20 19:07:35.942,24211.0487
2026-08-20 19:07:36.360,24013.6702
2026-08-20 19:07:36.786,23805.9153
2026-08-20 19:07:37.200,23671.2293
2026-08-20 19:07:37.614,23657.55
2026-08-20 19:07:38.042,23773.6503
2026-08-20 19:07:38.468,23967.0457
2026-08-20 19:07:38.899,24227.0351
2026-08-20 19:07:39.311,24501.3763
2026-08-20 19:07:39.746,24800.4324
2026-08-20 19:07:40.165,25109.6507
2026-08-20 19:07:40.578,25241.8039
2026-08-20 19:07:40.991,24940.1236
2026-08-20 19:07:41.426,24628.2048
2026-08-20 19:07:41.852,24340.3247
2026-08-20 19:07:42.269,24071.1552
2026-08-20 19:07:42.681,23853.9708
2026-08-20 19:07:43.100,23710.7741
2026-08-20 19:07:43.528,23643.1396
2026-08-20 19:07:43.941,23640.1226
2026-08-20 19:07:44.368,23639.5503
2026-08-20 19:07:44.783,23639.0939
2026-08-20 19:07:45.196,23638.2631
2026-08-20 19:07:45.618,23637.606
2026-08-20 19:07:46.034,23636.9155
2026-08-20 19:07:46.447,23636.4213
2026-08-20 19:07:46.885,23635.9523
2026-08-20 19:07:47.311,23635.5199
2026-08-20 19:07:47.725,23635.2611
2026-08-20 19:07:48.138,23635.2377
2026-08-20 19:07:48.570,23655.6081
2026-08-20 19:07:48.995,23759.9246
2026-08-20 19:07:49.407,23938.8669
2026-08-20 19:07:49.819,24170.2397
2026-08-20 19:07:50.234,24121.2462
2026-08-20 19:07:50.704,23890.8082
2026-08-20 19:07:51.134,23707.2818
2026-08-20 19:07:51.548,23645.5068
2026-08-20 19:07:51.969,23734.9422
2026-08-20 19:07:52.388,23903.6509
2026-08-20 19:07:52.802,24135.4321
2026-08-20 19:07:53.218,24150.6872
2026-08-20 19:07:53.631,23911.4771
2026-08-20 19:07:54.045,23737.346
2026-08-20 19:07:54.473,23642.6062
2026-08-20 19:07:54.890,23699.709
2026-08-20 19:07:55.330,23847.8713
2026-08-20 19:07:55.742,24077.5876
2026-08-20 19:07:56.154,24335.6307
2026-08-20 19:07:56.566,24615.0536
2026-08-20 19:07:56.979,24909.2026
2026-08-20 19:07:57.444,25243.9208
2026-08-20 19:07:57.858,25111.6233
2026-08-20 19:07:58.270,24801.2607
2026-08-20 19:07:58.683,24508.3193
2026-08-20 19:07:59.096,24233.9138
2026-08-20 19:07:59.562,23957.366
2026-08-20 19:07:59.987,23769.6069
2026-08-20 19:08:00.400,23664.0529
2026-08-20 19:08:00.811,23638.8892
2026-08-20 19:08:01.225,23638.8179
2026-08-20 19:08:01.647,23638.3802
2026-08-20 19:08:02.074,23637.5386
2026-08-20 19:08:02.486,23636.6469
2026-08-20 19:08:02.897,23636.0656
2026-08-20 19:08:03.308,23635.4276
2026-08-20 19:08:03.749,23634.7363
2026-08-20 19:08:04.161,23634.1108
2026-08-20 19:08:04.574,23633.9527
2026-08-20 19:08:04.987,23633.4023
2026-08-20 19:08:05.400,23633.3854
2026-08-20 19:08:05.813,23682.4184
2026-08-20 19:08:06.276,23830.1368
2026-08-20 19:08:06.703,24033.324
2026-08-20 19:08:07.115,24206.2193
2026-08-20 19:08:07.540,23999.3244
2026-08-20 19:08:07.953,23793.3562
2026-08-20 19:08:08.367,23666.3165
2026-08-20 19:08:08.806,23658.9974
2026-08-20 19:08:09.220,23786.5943
2026-08-20 19:08:09.634,23978.3927
2026-08-20 19:08:10.054,24196.6252
2026-08-20 19:08:10.515,24051.6966
2026-08-20 19:08:10.946,23811.8443
2026-08-20 19:08:11.368,23672.0175
2026-08-20 19:08:11.786,23648.3662
2026-08-20 19:08:12.202,23761.5191
2026-08-20 19:08:12.614,23945.9613
2026-08-20 19:08:13.031,24187.7706
2026-08-20 19:08:13.444,24456.3383
2026-08-20 19:08:13.856,24742.7861
2026-08-20 19:08:14.276,25042.948
2026-08-20 19:08:14.702,25255.6257
2026-08-20 19:08:15.126,24980.8924
2026-08-20 19:08:15.538,24669.2206
2026-08-20 19:08:15.965,24383.634
2026-08-20 19:08:16.379,24108.8508
2026-08-20 19:08:16.841,23881.8337
2026-08-20 19:08:17.267,23709.3021
2026-08-20 19:08:17.679,23636.8046
2026-08-20 19:08:18.107,23632.2606
2026-08-20 19:08:18.531,23631.8182
2026-08-20 19:08:18.943,23631.1945
2026-08-20 19:08:19.362,23630.2637
2026-08-20 19:08:19.789,23629.4462
2026-08-20 19:08:20.201,23628.8998
2026-08-20 19:08:20.626,23628.0443
2026-08-20 19:08:21.043,23627.5768
2026-08-20 19:08:21.469,23627.0072
2026-08-20 19:08:21.883,23626.7167
2026-08-20 19:08:22.311,23626.2264
2026-08-20 19:08:22.724,23640.7423
2026-08-20 19:08:23.137,23736.4718
2026-08-20 19:08:23.559,23901.8975
2026-08-20 19:08:23.983,24133.4394
2026-08-20 19:08:24.396,24127.7766
2026-08-20 19:08:24.809,23893.3691
2026-08-20 19:08:25.227,23722.9107
2026-08-20 19:08:25.644,23632.4094
2026-08-20 19:08:26.057,23693.1876
2026-08-20 19:08:26.478,23840.3836
2026-08-20 19:08:26.970,24105.8628
2026-08-20 19:08:27.386,24152.5699
2026-08-20 19:08:27.798,23911.9498
2026-08-20 19:08:28.211,23733.5319
2026-08-20 19:08:28.677,23625.5402
2026-08-20 19:08:29.092,23680.2339
2026-08-20 19:08:29.518,23822.68
2026-08-20 19:08:29.931,24040.7036
2026-08-20 19:08:30.344,24296.1308
2026-08-20 19:08:30.775,24586.4056
2026-08-20 19:08:31.207,24890.5527
2026-08-20 19:08:31.621,25200.6742
2026-08-20 19:08:32.052,25139.9814
2026-08-20 19:08:32.465,24825.9326
2026-08-20 19:08:32.883,24530.6143
2026-08-20 19:08:33.295,24249.4279
2026-08-20 19:08:33.720,23997.3657
2026-08-20 19:08:34.134,23792.6346
2026-08-20 19:08:34.547,23668.6848
2026-08-20 19:08:34.978,23623.0636
2026-08-20 19:08:35.390,23623.0284
2026-08-20 19:08:35.802,23622.3314
2026-08-20 19:08:36.227,23621.562
2026-08-20 19:08:36.639,23620.7419
2026-08-20 19:08:37.075,23620.0521
2026-08-20 19:08:37.503,23619.257
2026-08-20 19:08:37.938,23618.6273
2026-08-20 19:08:38.350,23618.1506
2026-08-20 19:08:38.767,23617.6451
2026-08-20 19:08:39.181,23617.1384
2026-08-20 19:08:39.593,23616.7112
2026-08-20 19:08:40.009,23616.0389
2026-08-20 19:08:40.436,23615.7116
2026-08-20 19:08:40.851,23615.2785
2026-08-20 19:08:41.281,23614.8941
2026-08-20 19:08:41.696,23614.5613
2026-08-20 19:08:42.107,23614.1986
2026-08-20 19:08:42.542,23613.9133
2026-08-20 19:08:42.967,23613.5591
2026-08-20 19:08:43.382,23613.2293
2026-08-20 19:08:43.795,23612.8714
2026-08-20 19:08:44.207,23612.5988
2026-08-20 19:08:44.619,23612.2901
2026-08-20 19:08:45.045,23611.7798
2026-08-20 19:08:45.521,23611.0342
2026-08-20 19:08:45.934,23610.6743
2026-08-20 19:08:46.346,23610.382
2026-08-20 19:08:46.768,23610.1353
2026-08-20 19:08:47.185,23609.9327
2026-08-20 19:08:47.604,23609.6788
2026-08-20 19:08:48.019,23609.5298
2026-08-20 19:08:48.434,23609.2592
2026-08-20 19:08:48.860,23609.0248
2026-08-20 19:08:49.277,23608.8396
2026-08-20 19:08:49.690,23608.6105
2026-08-20 19:08:50.119,23608.4556
2026-08-20 19:08:50.552,23608.3346
2026-08-20 19:08:50.976,23608.2168
2026-08-20 19:08:51.389,23607.9701
2026-08-20 19:08:51.802,23607.9399
2026-08-20 19:08:52.217,23607.7963
2026-08-20 19:08:52.646,23607.7103
2026-08-20 19:08:53.063,23607.5586
2026-08-20 19:08:53.490,23607.4095
2026-08-20 19:08:53.902,23607.212
2026-08-20 19:08:54.315,23607.0766
2026-08-20 19:08:54.747,23606.8909
2026-08-20 19:08:55.161,23606.7109
2026-08-20 19:08:55.580,23606.505
2026-08-20 19:08:55.994,23606.294
2026-08-20 19:08:56.406,23606.1933
2026-08-20 19:08:56.866,23605.9716
2026-08-20 19:08:57.290,23605.8181
2026-08-20 19:08:57.703,23605.5463
2026-08-20 19:08:58.121,23605.282
2026-08-20 19:08:58.533,23605.0987
2026-08-20 19:08:58.966,23604.9353
2026-08-20 19:08:59.392,23604.7704
2026-08-20 19:08:59.804,23604.6157
2026-08-20 19:09:00.225,23604.4293
2026-08-20 19:09:00.652,23604.219
2026-08-20 19:09:01.065,23604.0359
2026-08-20 19:09:01.478,23603.8029
2026-08-20 19:09:01.891,23603.7248
2026-08-20 19:09:02.303,23603.511
2026-08-20 19:09:02.734,23603.4484
2026-08-20 19:09:03.164,23603.2541
2026-08-20 19:09:03.590,23602.9996
2026-08-20 19:09:04.010,23602.845
2026-08-20 19:09:04.425,23602.6899
2026-08-20 19:09:04.838,23602.5427
2026-08-20 19:09:05.277,23602.5313
2026-08-20 19:09:05.691,23602.468
2026-08-20 19:09:06.117,23602.2796
2026-08-20 19:09:06.544,23602.3481
2026-08-20 19:09:06.972,23602.1178
2026-08-20 19:09:07.388,23602.1069
2026-08-20 19:09:07.801,23601.7512
2026-08-20 19:09:08.219,23601.7036
2026-08-20 19:09:08.631,23601.5758
2026-08-20 19:09:09.043,23601.2639
2026-08-20 19:09:09.539,23601.2409
2026-08-20 19:09:09.953,23601.1825
2026-08-20 19:09:10.381,23600.8038
2026-08-20 19:09:10.793,23600.9469
2026-08-20 19:09:11.215,23600.2432
2026-08-20 19:09:11.630,23600.1388
2026-08-20 19:09:12.057,23600.0077
2026-08-20 19:09:12.469,23599.9889
2026-08-20 19:09:12.891,23599.1698
2026-08-20 19:09:13.303,23597.9061
2026-08-20 19:09:13.735,23596.8766
2026-08-20 19:09:14.152,23595.5386
2026-08-20 19:09:14.579,23594.6037
2026-08-20 19:09:14.995,23594.2581
2026-08-20 19:09:15.408,23593.6806
2026-08-20 19:09:15.854,23593.5571
2026-08-20 19:09:16.271,23593.1834
2026-08-20 19:09:16.686,23592.9291
2026-08-20 19:09:17.105,23592.9123
2026-08-20 19:09:17.518,23592.7599
2026-08-20 19:09:17.961,23592.3447
2026-08-20 19:09:18.375,23592.2791
2026-08-20 19:09:18.800,23591.9615
2026-08-20 19:09:19.214,23591.8552
2026-08-20 19:09:19.626,23591.4334
2026-08-20 19:09:20.062,23591.1243
2026-08-20 19:09:20.475,23590.6478
2026-08-20 19:09:20.888,23590.1835
2026-08-20 19:09:21.315,23589.8494
2026-08-20 19:09:21.731,23589.1005
2026-08-20 19:09:22.145,23588.376
2026-08-20 19:09:22.559,23587.2384
2026-08-20 19:09:22.982,23585.8387
2026-08-20 19:09:23.400,23584.4706
2026-08-20 19:09:23.812,23583.1352
2026-08-20 19:09:24.226,23581.9814
2026-08-20 19:09:24.638,23580.9453
2026-08-20 19:09:25.051,23579.9752
2026-08-20 19:09:25.484,23579.1329
2026-08-20 19:09:25.903,23578.3413
2026-08-20 19:09:26.316,23577.7318
2026-08-20 19:09:26.730,23576.9982
2026-08-20 19:09:27.142,23576.2378
2026-08-20 19:09:27.561,23575.5076
2026-08-20 19:09:27.974,23574.7569
2026-08-20 19:09:28.439,23573.8861
2026-08-20 19:09:28.863,23573.2636
2026-08-20 19:09:29.276,23572.5561
2026-08-20 19:09:29.689,23571.9587
2026-08-20 19:09:30.103,23571.3141
2026-08-20 19:09:30.517,23570.6544
2026-08-20 19:09:30.935,23570.3834
2026-08-20 19:09:31.426,23569.9125
2026-08-20 19:09:31.840,23569.1572
2026-08-20 19:09:32.268,23569.0887
2026-08-20 19:09:32.682,23568.5488
2026-08-20 19:09:33.109,23568.2973
2026-08-20 19:09:33.521,23568.1257
2026-08-20 19:09:33.937,23567.7849
2026-08-20 19:09:34.351,23567.7817
2026-08-20 19:09:34.766,23567.562
2026-08-20 19:09:35.244,23567.0472
2026-08-20 19:09:35.658,23566.7248
2026-08-20 19:09:36.069,23566.532
2026-08-20 19:09:36.482,23566.3918
2026-08-20 19:09:36.896,23565.8333
2026-08-20 19:09:37.323,23565.8444
2026-08-20 19:09:37.749,23565.4284
2026-08-20 19:09:38.163,23565.4365
2026-08-20 19:09:38.577,23564.9184
2026-08-20 19:09:39.006,23564.8979
2026-08-20 19:09:39.422,23564.5239
2026-08-20 19:09:39.835,23564.0172
2026-08-20 19:09:40.258,23563.8455
2026-08-20 19:09:40.678,23563.4207
2026-08-20 19:09:41.092,23563.1111
2026-08-20 19:09:41.526,23563.0888
2026-08-20 19:09:41.938,23562.7736
2026-08-20 19:09:42.365,23562.2406
2026-08-20 19:09:42.777,23562.1464
2026-08-20 19:09:43.205,23561.6705
2026-08-20 19:09:43.634,23561.6551
2026-08-20 19:09:44.048,23561.1502
2026-08-20 19:09:44.461,23561.0795
2026-08-20 19:09:44.874,23560.6784
2026-08-20 19:09:45.286,23560.276
2026-08-20 19:09:45.713,23560.2782
2026-08-20 19:09:46.196,23559.7926
2026-08-20 19:09:46.608,23559.229
2026-08-20 19:09:47.036,23559.118
2026-08-20 19:09:47.458,23558.5962
2026-08-20 19:09:47.886,23558.2871
2026-08-20 19:09:48.309,23558.1163
2026-08-20 19:09:48.722,23557.6566
2026-08-20 19:09:49.135,23557.3656
2026-08-20 19:09:49.548,23556.7586
2026-08-20 19:09:50.014,23556.5853
2026-08-20 19:09:50.434,23556.0655
2026-08-20 19:09:50.854,23555.6884
2026-08-20 19:09:51.266,23555.3301
2026-08-20 19:09:51.683,23555.1903
2026-08-20 19:09:52.104,23555.0698
2026-08-20 19:09:52.517,23554.8326
2026-08-20 19:09:52.941,23554.2687
2026-08-20 19:09:53.354,23553.7372
2026-08-20 19:09:53.767,23553.1539
2026-08-20 19:09:54.247,23552.8436
2026-08-20 19:09:54.660,23552.5992
2026-08-20 19:09:55.088,23552.3963
2026-08-20 19:09:55.500,23552.1829
2026-08-20 19:09:55.927,23552.0401
2026-08-20 19:09:56.342,23551.7884
2026-08-20 19:09:56.756,23551.7492
2026-08-20 19:09:57.168,23551.6045
2026-08-20 19:09:57.581,23551.6755
2026-08-20 19:09:57.993,23551.5834
2026-08-20 19:09:58.430,23551.3642
2026-08-20 19:09:58.842,23551.2221
2026-08-20 19:09:59.257,23551.0193
2026-08-20 19:09:59.669,23550.3969
2026-08-20 19:10:00.141,23549.5386
2026-08-20 19:10:00.573,23548.8466
2026-08-20 19:10:00.991,23557.0449
2026-08-20 19:10:01.405,23650.3948
2026-08-20 19:10:01.823,23814.1482
2026-08-20 19:10:02.238,24037.4941
2026-08-20 19:10:02.653,24109.6755
2026-08-20 19:10:03.067,23870.5647
2026-08-20 19:10:03.488,23682.1971
2026-08-20 19:10:03.901,23564.2585
2026-08-20 19:10:04.314,23601.7118
2026-08-20 19:10:04.726,23743.0807
2026-08-20 19:10:05.154,23956.8203
2026-08-20 19:10:05.578,24128.9609
2026-08-20 19:10:05.991,23920.6056
2026-08-20 19:10:06.405,23716.6535
2026-08-20 19:10:06.825,23581.7172
2026-08-20 19:10:07.237,23570.0155
2026-08-20 19:10:07.698,23712.1982
2026-08-20 19:10:08.127,23919.18
2026-08-20 19:10:08.558,24176.8884
2026-08-20 19:10:08.978,24452.559
2026-08-20 19:10:09.395,24747.1611
2026-08-20 19:10:09.814,25053.901
2026-08-20 19:10:10.228,25135.8464
2026-08-20 19:10:10.645,24825.2641
2026-08-20 19:10:11.062,24524.0667
2026-08-20 19:10:11.478,24240.513
2026-08-20 19:10:11.903,23980.3449
2026-08-20 19:10:12.315,23761.4947
2026-08-20 19:10:12.729,23618.6848
2026-08-20 19:10:13.143,23551.7769
2026-08-20 19:10:13.558,23548.7578
2026-08-20 19:10:13.977,23547.9896
2026-08-20 19:10:14.393,23546.955
2026-08-20 19:10:14.823,23545.885
2026-08-20 19:10:15.236,23545.0678
2026-08-20 19:10:15.649,23544.0446
2026-08-20 19:10:16.062,23543.1619
2026-08-20 19:10:16.475,23542.4794
2026-08-20 19:10:16.887,23541.7469
2026-08-20 19:10:17.385,23540.9708
2026-08-20 19:10:17.809,23540.4964
2026-08-20 19:10:18.231,23567.6102
2026-08-20 19:10:18.643,23684.4139
2026-08-20 19:10:19.072,23865.6591
2026-08-20 19:10:19.486,24101.1212
2026-08-20 19:10:19.900,24000.8319
2026-08-20 19:10:20.313,23776.2848
2026-08-20 19:10:20.783,23617.7594
2026-08-20 19:10:21.205,23551.3117
2026-08-20 19:10:21.619,23652.5179
2026-08-20 19:10:22.032,23825.3
2026-08-20 19:10:22.445,24055.6504
2026-08-20 19:10:22.858,24041.7791
2026-08-20 19:10:23.289,23807.5632
2026-08-20 19:10:23.706,23630.0359
2026-08-20 19:10:24.119,23540.7637
2026-08-20 19:10:24.531,23603.3507
2026-08-20 19:10:24.999,23751.365
2026-08-20 19:10:25.424,24001.0426
2026-08-20 19:10:25.840,24264.2155
2026-08-20 19:10:26.257,24546.6223
2026-08-20 19:10:26.670,24844.7742
2026-08-20 19:10:27.082,25138.9852
2026-08-20 19:10:27.502,25006.8805
2026-08-20 19:10:27.915,24692.8462
2026-08-20 19:10:28.333,24401.2565
2026-08-20 19:10:28.746,24123.9396
2026-08-20 19:10:29.160,23878.3131
2026-08-20 19:10:29.573,23687.5147
2026-08-20 19:10:29.986,23570.3813
2026-08-20 19:10:30.413,23533.3263
2026-08-20 19:10:30.826,23533.5004
2026-08-20 19:10:31.245,23532.5029
2026-08-20 19:10:31.663,23531.6646
2026-08-20 19:10:32.076,23530.8904
2026-08-20 19:10:32.498,23530.3011
2026-08-20 19:10:32.911,23529.5049
2026-08-20 19:10:33.338,23528.6964
2026-08-20 19:10:33.760,23528.2471
2026-08-20 19:10:34.172,23527.5334
2026-08-20 19:10:34.599,23527.2413
2026-08-20 19:10:35.012,23526.6374
2026-08-20 19:10:35.444,23570.932
2026-08-20 19:10:35.861,23703.6082
2026-08-20 19:10:36.278,23900.6306
2026-08-20 19:10:36.690,24103.8635
2026-08-20 19:10:37.109,23935.9005
2026-08-20 19:10:37.524,23721.3188
2026-08-20 19:10:37.937,23579.3376
2026-08-20 19:10:38.359,23541.2249
2026-08-20 19:10:38.772,23648.7691
2026-08-20 19:10:39.198,23825.7487
2026-08-20 19:10:39.610,24065.0214
2026-08-20 19:10:40.023,23999.5191
2026-08-20 19:10:40.460,23771.8211
2026-08-20 19:10:40.873,23601.2788
2026-08-20 19:10:41.289,23530.0649
2026-08-20 19:10:41.700,23612.2302
2026-08-20 19:10:42.113,23772.2513
2026-08-20 19:10:42.529,23994.9944
2026-08-20 19:10:42.943,24256.5354
2026-08-20 19:10:43.363,24537.4062
2026-08-20 19:10:43.789,24838.5026
2026-08-20 19:10:44.244,25146.8689
2026-08-20 19:10:44.657,24948.2487
2026-08-20 19:10:45.081,24641.9017
2026-08-20 19:10:45.496,24345.1672
2026-08-20 19:10:45.911,24073.4131
2026-08-20 19:10:46.342,23833.4668
2026-08-20 19:10:46.778,23645.0824
2026-08-20 19:10:47.190,23545.0807
2026-08-20 19:10:47.610,23527.3338
2026-08-20 19:10:48.022,23527.2041
2026-08-20 19:10:48.435,23526.6668
2026-08-20 19:10:48.847,23526.0193
2026-08-20 19:10:49.267,23525.5626
2026-08-20 19:10:49.695,23525.0389
2026-08-20 19:10:50.121,23524.533
2026-08-20 19:10:50.534,23524.021
2026-08-20 19:10:50.947,23523.6567
2026-08-20 19:10:51.388,23523.2426
2026-08-20 19:10:51.815,23522.9169
2026-08-20 19:10:52.235,23525.5941
2026-08-20 19:10:52.654,23597.0943
2026-08-20 19:10:53.073,23744.6454
2026-08-20 19:10:53.498,23958.5255
2026-08-20 19:10:53.912,24085.4877
2026-08-20 19:10:54.335,23858.1841
2026-08-20 19:10:54.748,23663.3216
2026-08-20 19:10:55.182,23543.237
2026-08-20 19:10:55.595,23567.6486
2026-08-20 19:10:56.033,23704.6579
2026-08-20 19:10:56.446,23912.0915
2026-08-20 19:10:56.860,24096.7199
2026-08-20 19:10:57.273,23906.4565
2026-08-20 19:10:57.697,23699.4825
2026-08-20 19:10:58.123,23561.8457
2026-08-20 19:10:58.549,23543.0856
2026-08-20 19:10:58.962,23663.3671
2026-08-20 19:10:59.379,23850.9326
2026-08-20 19:10:59.813,24094.5186
2026-08-20 19:11:00.226,24377.9282
2026-08-20 19:11:00.650,24665.3776
2026-08-20 19:11:01.064,24975.6869
2026-08-20 19:11:01.475,25132.2441
2026-08-20 19:11:01.914,24842.1509
2026-08-20 19:11:02.327,24522.9439
2026-08-20 19:11:02.761,24231.4284
2026-08-20 19:11:03.172,23967.4516
2026-08-20 19:11:03.598,23744.6952
2026-08-20 19:11:04.016,23600.4125
2026-08-20 19:11:04.448,23529.9071
2026-08-20 19:11:04.866,23527.1479
2026-08-20 19:11:05.278,23526.9722
2026-08-20 19:11:05.691,23526.2549
2026-08-20 19:11:06.122,23525.7539
2026-08-20 19:11:06.545,23525.4878
2026-08-20 19:11:06.971,23525.1116
2026-08-20 19:11:07.393,23524.5274
2026-08-20 19:11:07.813,23524.0461
2026-08-20 19:11:08.244,23523.7843
2026-08-20 19:11:08.658,23523.7625
2026-08-20 19:11:09.097,23523.3508
2026-08-20 19:11:09.510,23546.1786
2026-08-20 19:11:09.925,23653.5351
2026-08-20 19:11:10.338,23829.4152
2026-08-20 19:11:10.752,24060.3373
2026-08-20 19:11:11.164,24002.825
2026-08-20 19:11:11.576,23775.7802
2026-08-20 19:11:11.989,23612.1478
2026-08-20 19:11:12.420,23531.1587
2026-08-20 19:11:12.845,23605.4435
2026-08-20 19:11:13.257,23765.7932
2026-08-20 19:11:13.669,23985.1316
2026-08-20 19:11:14.082,24070.6921
2026-08-20 19:11:14.519,23835.7536
2026-08-20 19:11:14.932,23641.1716
2026-08-20 19:11:15.354,23535.2063
2026-08-20 19:11:15.779,23573.7893
2026-08-20 19:11:16.205,23715.6577
2026-08-20 19:11:16.624,23930.1495
2026-08-20 19:11:17.038,24186.725
2026-08-20 19:11:17.464,24462.7204
2026-08-20 19:11:17.879,24764.5764
2026-08-20 19:11:18.294,25072.6306
2026-08-20 19:11:18.726,25058.9401
2026-08-20 19:11:19.150,24732.3795
2026-08-20 19:11:19.578,24430.3341
2026-08-20 19:11:19.995,24144.7003
2026-08-20 19:11:20.407,23892.7418
2026-08-20 19:11:20.828,23696.1037
2026-08-20 19:11:21.255,23571.1819
2026-08-20 19:11:21.668,23527.7038
2026-08-20 19:11:22.080,23527.9505
2026-08-20 19:11:22.541,23527.6161
2026-08-20 19:11:22.959,23526.7933
2026-08-20 19:11:23.388,23526.4621
2026-08-20 19:11:23.800,23525.8314
2026-08-20 19:11:24.214,23525.2958
2026-08-20 19:11:24.646,23524.5575
2026-08-20 19:11:25.071,23524.0462
2026-08-20 19:11:25.483,23523.7429
2026-08-20 19:11:25.895,23523.326
2026-08-20 19:11:26.311,23523.1349
2026-08-20 19:11:26.730,23567.3221
2026-08-20 19:11:27.159,23694.6336
2026-08-20 19:11:27.583,23896.0508
2026-08-20 19:11:28.011,24097.9601
2026-08-20 19:11:28.424,23913.5691
2026-08-20 19:11:28.840,23706.8465
2026-08-20 19:11:29.266,23569.4503
2026-08-20 19:11:29.680,23541.3557
2026-08-20 19:11:30.108,23656.3056
2026-08-20 19:11:30.520,23837.4424
2026-08-20 19:11:30.932,24068.434
2026-08-20 19:11:31.364,23983.2326
2026-08-20 19:11:31.789,23750.1697
2026-08-20 19:11:32.203,23591.101
2026-08-20 19:11:32.615,23528.2772
2026-08-20 19:11:33.028,23612.8275
2026-08-20 19:11:33.460,23774.218
2026-08-20 19:11:33.889,24010.2699
2026-08-20 19:11:34.304,24281.5099
2026-08-20 19:11:34.721,24565.0159
2026-08-20 19:11:35.148,24865.7471
2026-08-20 19:11:35.562,25143.9649
2026-08-20 19:11:35.989,24946.8886
2026-08-20 19:11:36.421,24631.3638
2026-08-20 19:11:36.836,24329.0027
2026-08-20 19:11:37.248,24058.9449
2026-08-20 19:11:37.676,23815.4859
2026-08-20 19:11:38.089,23644.5516
2026-08-20 19:11:38.513,23546.9019
2026-08-20 19:11:38.928,23528.5609
2026-08-20 19:11:39.341,23528.5983
2026-08-20 19:11:39.755,23528.2285
2026-08-20 19:11:40.216,23527.6644
2026-08-20 19:11:40.630,23527.2774
2026-08-20 19:11:41.054,23526.9383
2026-08-20 19:11:41.468,23526.6203
2026-08-20 19:11:41.884,23526.3123
2026-08-20 19:11:42.298,23525.9316
2026-08-20 19:11:42.713,23525.6999
2026-08-20 19:11:43.178,23525.3211
2026-08-20 19:11:43.590,23530.9765
2026-08-20 19:11:44.003,23609.3307
2026-08-20 19:11:44.430,23765.5141
2026-08-20 19:11:44.843,23982.0328
2026-08-20 19:11:45.257,24081.4349
2026-08-20 19:11:45.676,23849.1955
2026-08-20 19:11:46.091,23659.3866
2026-08-20 19:11:46.504,23545.988
2026-08-20 19:11:46.931,23569.8236
2026-08-20 19:11:47.345,23704.848
2026-08-20 19:11:47.759,23905.4583
2026-08-20 19:11:48.180,24099.4623
2026-08-20 19:11:48.595,23913.8786
2026-08-20 19:11:49.020,23705.7933
2026-08-20 19:11:49.517,23551.9017
2026-08-20 19:11:49.929,23562.2762
2026-08-20 19:11:50.343,23688.3773
2026-08-20 19:11:50.770,23890.8214
2026-08-20 19:11:51.250,24171.6091
2026-08-20 19:11:51.662,24455.8155
2026-08-20 19:11:52.087,24746.892
2026-08-20 19:11:52.501,25061.2195
2026-08-20 19:11:52.917,25081.287
2026-08-20 19:11:53.330,24766.759
2026-08-20 19:11:53.742,24470.3456
2026-08-20 19:11:54.210,24192.438
2026-08-20 19:11:54.657,23887.1671
2026-08-20 19:11:55.070,23693.4475
2026-08-20 19:11:55.483,23573.4309
2026-08-20 19:11:55.896,23532.4629
2026-08-20 19:11:56.320,23532.7255
2026-08-20 19:11:56.733,23532.6014
2026-08-20 19:11:57.174,23531.9511
2026-08-20 19:11:57.599,23531.3211
2026-08-20 19:11:58.013,23531.0772
2026-08-20 19:11:58.426,23530.4192
2026-08-20 19:11:58.840,23530.2354
2026-08-20 19:11:59.254,23530.1014
2026-08-20 19:11:59.666,23529.5325
2026-08-20 19:12:00.079,23529.393
2026-08-20 19:12:00.498,23529.2331
2026-08-20 19:12:00.911,23563.1399
2026-08-20 19:12:01.336,23680.4313
2026-08-20 19:12:01.749,23871.2178
2026-08-20 19:12:02.168,24091.2356
2026-08-20 19:12:02.582,23959.9318
2026-08-20 19:12:03.016,23736.5474
2026-08-20 19:12:03.430,23588.4206
2026-08-20 19:12:03.844,23537.8633
2026-08-20 19:12:04.264,23630.6057
2026-08-20 19:12:04.690,23799.5157
2026-08-20 19:12:05.102,24034.7685
2026-08-20 19:12:05.515,24046.7213
2026-08-20 19:12:05.941,23809.8855
2026-08-20 19:12:06.358,23630.6203
2026-08-20 19:12:06.771,23536.3927
2026-08-20 19:12:07.197,23594.5207
2026-08-20 19:12:07.610,23740.9124
2026-08-20 19:12:08.022,23952.954
2026-08-20 19:12:08.435,24208.0431
2026-08-20 19:12:08.848,24484.9694
2026-08-20 19:12:09.281,24787.678
2026-08-20 19:12:09.694,25098.4937
2026-08-20 19:12:10.116,25039.4639
2026-08-20 19:12:10.530,24723.6619
2026-08-20 19:12:10.958,24418.95
2026-08-20 19:12:11.370,24143.3022
2026-08-20 19:12:11.783,23894.4016
2026-08-20 19:12:12.214,23698.9083
2026-08-20 19:12:12.627,23573.0561
2026-08-20 19:12:13.040,23532.663
2026-08-20 19:12:13.452,23533.1678
2026-08-20 19:12:13.868,23532.7533
2026-08-20 19:12:14.295,23531.9708
2026-08-20 19:12:14.707,23531.3559
2026-08-20 19:12:15.171,23530.741
2026-08-20 19:12:15.585,23529.8601
2026-08-20 19:12:16.001,23529.3731
2026-08-20 19:12:16.417,23529.1316
2026-08-20 19:12:16.844,23528.9252
2026-08-20 19:12:17.264,23528.8315
2026-08-20 19:12:17.677,23528.6088
2026-08-20 19:12:18.110,23570.9112
2026-08-20 19:12:18.522,23701.8344
2026-08-20 19:12:18.935,23894.7588
2026-08-20 19:12:19.358,24099.3474
2026-08-20 19:12:19.773,23931.0639
2026-08-20 19:12:20.186,23720.4284
2026-08-20 19:12:20.652,23580.5601
2026-08-20 19:12:21.076,23551.5403
2026-08-20 19:12:21.494,23668.2112
2026-08-20 19:12:21.906,23855.0956
2026-08-20 19:12:22.318,24082.3799
2026-08-20 19:12:22.731,23975.0607
2026-08-20 19:12:23.173,23753.5688
2026-08-20 19:12:23.585,23590.7667
2026-08-20 19:12:24.008,23532.8297
2026-08-20 19:12:24.421,23621.9479
2026-08-20 19:12:24.890,23784.3586
2026-08-20 19:12:25.320,24043.6986
2026-08-20 19:12:25.756,24333.6973
2026-08-20 19:12:26.220,24653.939
2026-08-20 19:12:26.632,24956.2645
2026-08-20 19:12:27.046,25155.499
2026-08-20 19:12:27.463,24884.9885
2026-08-20 19:12:27.876,24579.9176
2026-08-20 19:12:28.290,24294.7791
2026-08-20 19:12:28.702,24028.6284
2026-08-20 19:12:29.127,23798.7804
2026-08-20 19:12:29.580,23620.0382
2026-08-20 19:12:29.992,23541.0444
2026-08-20 19:12:30.404,23533.1699
2026-08-20 19:12:30.817,23532.5242
2026-08-20 19:12:31.280,23532.474
2026-08-20 19:12:31.698,23531.6936
2026-08-20 19:12:32.110,23531.529
2026-08-20 19:12:32.522,23531.0511
2026-08-20 19:12:32.936,23530.7014
2026-08-20 19:12:33.347,23530.482
2026-08-20 19:12:33.763,23529.9091
2026-08-20 19:12:34.227,23530.1121
2026-08-20 19:12:34.639,23529.6755
2026-08-20 19:12:35.053,23541.4634
2026-08-20 19:12:35.474,23631.9038
2026-08-20 19:12:35.886,23795.8797
2026-08-20 19:12:36.300,24017.5628
2026-08-20 19:12:36.719,24057.1204
2026-08-20 19:12:37.136,23816.8019
2026-08-20 19:12:37.548,23639.5519
2026-08-20 19:12:37.963,23541.1007
2026-08-20 19:12:38.390,23588.632
2026-08-20 19:12:38.803,23731.4506
2026-08-20 19:12:39.225,23938.5294
2026-08-20 19:12:39.638,24089.5747
2026-08-20 19:12:40.053,23872.1088
2026-08-20 19:12:40.513,23673.8649
2026-08-20 19:12:40.939,23539.5095
2026-08-20 19:12:41.351,23562.8416
2026-08-20 19:12:41.763,23691.4873
2026-08-20 19:12:42.190,23897.2795
2026-08-20 19:12:42.616,24145.4677
2026-08-20 19:12:43.082,24464.3138
2026-08-20 19:12:43.503,24756.1975
2026-08-20 19:12:43.919,25067.5798
2026-08-20 19:12:44.332,25051.0591
2026-08-20 19:12:44.745,24739.6283
2026-08-20 19:12:45.210,24407.4685
2026-08-20 19:12:45.623,24131.7948
2026-08-20 19:12:46.035,23883.476
2026-08-20 19:12:46.448,23688.0447
2026-08-20 19:12:46.883,23563.518
2026-08-20 19:12:47.319,23522.3594
2026-08-20 19:12:47.731,23522.4736
2026-08-20 19:12:48.145,23521.9373
2026-08-20 19:12:48.557,23521.2786
2026-08-20 19:12:48.984,23520.5631
2026-08-20 19:12:49.407,23520.1667
2026-08-20 19:12:49.819,23519.6992
2026-08-20 19:12:50.245,23519.1312
2026-08-20 19:12:50.658,23518.8171
2026-08-20 19:12:51.081,23518.3761
2026-08-20 19:12:51.494,23518.2254
2026-08-20 19:12:51.921,23520.2736
2026-08-20 19:12:52.335,23563.8266
2026-08-20 19:12:52.751,23686.8899
2026-08-20 19:12:53.177,23878.2058
2026-08-20 19:12:53.589,24093.8607
2026-08-20 19:12:54.024,23940.2731
2026-08-20 19:12:54.438,23718.0389
2026-08-20 19:12:54.872,23574.7212
2026-08-20 19:12:55.284,23543.6535
2026-08-20 19:12:55.696,23650.0717
2026-08-20 19:12:56.109,23825.7415
2026-08-20 19:12:56.535,24058.5948
2026-08-20 19:12:56.970,23994.1243
2026-08-20 19:12:57.382,23757.5404
2026-08-20 19:12:57.798,23601.2686
2026-08-20 19:12:58.212,23533.0678
2026-08-20 19:12:58.639,23618.5277
2026-08-20 19:12:59.120,23806.2214
2026-08-20 19:12:59.534,24045.5208
2026-08-20 19:12:59.945,24310.5881
2026-08-20 19:13:00.374,24603.6681
2026-08-20 19:13:00.787,24902.2645
2026-08-20 19:13:01.219,25147.5193
2026-08-20 19:13:01.632,24904.5008
2026-08-20 19:13:02.054,24602.0396
2026-08-20 19:13:02.467,24309.1689
2026-08-20 19:13:02.895,24033.2296
2026-08-20 19:13:03.336,23802.627
2026-08-20 19:13:03.760,23628.9943
2026-08-20 19:13:04.174,23542.1902
2026-08-20 19:13:04.600,23532.2078
2026-08-20 19:13:05.012,23532.1774
2026-08-20 19:13:05.425,23531.5644
2026-08-20 19:13:05.852,23531.0054
2026-08-20 19:13:06.330,23530.1647
2026-08-20 19:13:06.742,23529.9194
2026-08-20 19:13:07.157,23529.6095
2026-08-20 19:13:07.571,23529.5153
2026-08-20 19:13:07.998,23528.8664
2026-08-20 19:13:08.410,23528.9134
2026-08-20 19:13:08.823,23528.3921
2026-08-20 19:13:09.236,23537.6103
2026-08-20 19:13:09.658,23623.9045
2026-08-20 19:13:10.075,23786.7775
2026-08-20 19:13:10.489,24007.5374
2026-08-20 19:13:10.901,24060.2976
2026-08-20 19:13:11.313,23824.2269
2026-08-20 19:13:11.730,23645.5917
2026-08-20 19:13:12.147,23540.8215
2026-08-20 19:13:12.612,23595.6781
2026-08-20 19:13:13.025,23741.19
2026-08-20 19:13:13.437,23952.9879
2026-08-20 19:13:13.849,24094.9697
2026-08-20 19:13:14.273,23876.1377
2026-08-20 19:13:14.686,23675.7247
2026-08-20 19:13:15.147,23553.8394
2026-08-20 19:13:15.592,23574.5593
2026-08-20 19:13:16.005,23708.0482
2026-08-20 19:13:16.432,23918.9869
2026-08-20 19:13:16.857,24169.3184
2026-08-20 19:13:17.273,24451.6484
2026-08-20 19:13:17.705,24744.6061
2026-08-20 19:13:18.118,25062.5471
2026-08-20 19:13:18.546,25062.3547
2026-08-20 19:13:18.960,24740.4247
2026-08-20 19:13:19.387,24445.393
2026-08-20 19:13:19.800,24159.9214
2026-08-20 19:13:20.246,23907.9352
2026-08-20 19:13:20.659,23695.1971
2026-08-20 19:13:21.070,23574.2991
2026-08-20 19:13:21.491,23531.4128
2026-08-20 19:13:21.917,23531.8714
2026-08-20 19:13:22.333,23531.338
2026-08-20 19:13:22.747,23530.8777
2026-08-20 19:13:23.168,23530.615
2026-08-20 19:13:23.580,23530.087
2026-08-20 19:13:24.007,23529.3793
2026-08-20 19:13:24.431,23529.2559
2026-08-20 19:13:24.857,23528.7455
2026-08-20 19:13:25.271,23528.4148
2026-08-20 19:13:25.687,23528.2912
2026-08-20 19:13:26.103,23528.2053
2026-08-20 19:13:26.529,23562.8642
2026-08-20 19:13:26.958,23684.6812
2026-08-20 19:13:27.373,23879.7431
2026-08-20 19:13:27.799,24092.8244
2026-08-20 19:13:28.212,23940.0024
2026-08-20 19:13:28.626,23727.5356
2026-08-20 19:13:29.052,23584.8365
2026-08-20 19:13:29.473,23541.4656
2026-08-20 19:13:29.901,23644.545
2026-08-20 19:13:30.314,23824.8268
2026-08-20 19:13:30.737,24057.2614
2026-08-20 19:13:31.151,24018.5092
2026-08-20 19:13:31.564,23786.9829
2026-08-20 19:13:31.977,23620.056
2026-08-20 19:13:32.442,23532.6976
2026-08-20 19:13:32.856,23609.0701
2026-08-20 19:13:33.274,23764.6997
2026-08-20 19:13:33.687,23987.8759
2026-08-20 19:13:34.100,24246.4156
2026-08-20 19:13:34.525,24525.0672
2026-08-20 19:13:34.941,24828.8503
2026-08-20 19:13:35.355,25123.337
2026-08-20 19:13:35.767,24986.6449
2026-08-20 19:13:36.190,24680.2924
2026-08-20 19:13:36.608,24379.6268
2026-08-20 19:13:37.022,24107.6852
2026-08-20 19:13:37.435,23864.0167
2026-08-20 19:13:37.863,23672.7027
2026-08-20 19:13:38.276,23563.0451
2026-08-20 19:13:38.688,23533.0118
2026-08-20 19:13:39.102,23533.5154
2026-08-20 19:13:39.526,23533.236
2026-08-20 19:13:39.939,23532.8377
2026-08-20 19:13:40.357,23532.3523
2026-08-20 19:13:40.771,23532.0394
2026-08-20 19:13:41.198,23531.7652
2026-08-20 19:13:41.612,23531.3553
2026-08-20 19:13:42.023,23531.1839
2026-08-20 19:13:42.491,23530.7171
2026-08-20 19:13:42.994,23530.2346
2026-08-20 19:13:43.412,23533.9304
2026-08-20 19:13:43.826,23605.7843
2026-08-20 19:13:44.244,23750.391
2026-08-20 19:13:44.671,23962.784
2026-08-20 19:13:45.091,24085.0301
2026-08-20 19:13:45.503,23854.1612
2026-08-20 19:13:45.936,23667.3549
2026-08-20 19:13:46.362,23549.1662
2026-08-20 19:13:46.778,23576.5581
2026-08-20 19:13:47.191,23708.2925
2026-08-20 19:13:47.606,23907.7715
2026-08-20 19:13:48.066,24098.926
2026-08-20 19:13:48.479,23892.2793
2026-08-20 19:13:48.914,23686.8536
2026-08-20 19:13:49.330,23560.4475
2026-08-20 19:13:49.756,23556.4944
2026-08-20 19:13:50.191,23679.9532
2026-08-20 19:13:50.603,23880.8663
2026-08-20 19:13:51.030,24132.8612
2026-08-20 19:13:51.451,24402.7969
2026-08-20 19:13:51.865,24696.8572
2026-08-20 19:13:52.279,24999.9689
2026-08-20 19:13:52.692,25120.917
2026-08-20 19:13:53.132,24820.3806
2026-08-20 19:13:53.545,24503.7014
2026-08-20 19:13:53.964,24224.6657
2026-08-20 19:13:54.384,23963.4059
2026-08-20 19:13:54.851,23747.1759
2026-08-20 19:13:55.268,23592.4282
2026-08-20 19:13:55.681,23538.9911
2026-08-20 19:13:56.094,23538.3345
2026-08-20 19:13:56.507,23537.8415
2026-08-20 19:13:56.919,23537.589
2026-08-20 19:13:57.338,23537.0345
2026-08-20 19:13:57.752,23536.7174
2026-08-20 19:13:58.163,23536.4431
2026-08-20 19:13:58.576,23536.4617
2026-08-20 19:13:59.003,23536.0116
2026-08-20 19:13:59.430,23535.9082
2026-08-20 19:13:59.855,23535.9714
2026-08-20 19:14:00.275,23535.8743
2026-08-20 19:14:00.689,23556.7332
2026-08-20 19:14:01.116,23660.7331
2026-08-20 19:14:01.528,23838.88
2026-08-20 19:14:01.953,24068.4995
2026-08-20 19:14:02.365,24005.2914
2026-08-20 19:14:02.778,23781.0911
2026-08-20 19:14:03.190,23621.3172
2026-08-20 19:14:03.605,23545.6228
2026-08-20 19:14:04.019,23617.2622
2026-08-20 19:14:04.431,23769.3166
2026-08-20 19:14:04.844,23986.1599
2026-08-20 19:14:05.257,24084.3273
2026-08-20 19:14:05.679,23853.4127
2026-08-20 19:14:06.102,23664.7662
2026-08-20 19:14:06.517,23553.4196
2026-08-20 19:14:06.931,23585.8763
2026-08-20 19:14:07.343,23718.8502
2026-08-20 19:14:07.764,23919.4823
2026-08-20 19:14:08.177,24173.7065
2026-08-20 19:14:08.589,24446.8665
2026-08-20 19:14:09.008,24736.2448
2026-08-20 19:14:09.422,25043.8467
2026-08-20 19:14:09.896,25067.5474
2026-08-20 19:14:10.310,24751.4787
2026-08-20 19:14:10.728,24457.0737
2026-08-20 19:14:11.143,24177.6765
2026-08-20 19:14:11.559,23925.2312
2026-08-20 19:14:11.976,23723.6719
2026-08-20 19:14:12.389,23596.5563
2026-08-20 19:14:12.817,23547.3454
2026-08-20 19:14:13.262,23547.7363
2026-08-20 19:14:13.675,23547.2941
2026-08-20 19:14:14.087,23547.0499
2026-08-20 19:14:14.502,23546.5835
2026-08-20 19:14:14.916,23546.3401
2026-08-20 19:14:15.327,23546.1789
2026-08-20 19:14:15.759,23545.7863
2026-08-20 19:14:16.172,23545.665
2026-08-20 19:14:16.599,23545.3737
2026-08-20 19:14:17.012,23545.0941
2026-08-20 19:14:17.423,23544.8892
2026-08-20 19:14:17.847,23573.8578
2026-08-20 19:14:18.265,23689.8224
2026-08-20 19:14:18.678,23873.3735
2026-08-20 19:14:19.139,24109.9829
2026-08-20 19:14:19.552,23962.8324
2026-08-20 19:14:19.968,23748.4277
2026-08-20 19:14:20.379,23602.3633
2026-08-20 19:14:20.797,23553.9017
2026-08-20 19:14:21.213,23649.7493
2026-08-20 19:14:21.626,23818.8913
2026-08-20 19:14:22.038,24047.6279
2026-08-20 19:14:22.538,23983.4662
2026-08-20 19:14:22.950,23762.6093
2026-08-20 19:14:23.377,23609.3093
2026-08-20 19:14:23.790,23545.3919
2026-08-20 19:14:24.218,23635.7703
2026-08-20 19:14:24.631,23799.1997
2026-08-20 19:14:25.064,24025.7282
2026-08-20 19:14:25.477,24300.4349
2026-08-20 19:14:25.898,24581.4212
2026-08-20 19:14:26.311,24883.6984
2026-08-20 19:14:26.744,25153.2284
2026-08-20 19:14:27.174,24938.8915
2026-08-20 19:14:27.588,24622.821
2026-08-20 19:14:28.002,24335.8627
2026-08-20 19:14:28.414,24068.6775
2026-08-20 19:14:28.827,23834.5762
2026-08-20 19:14:29.239,23662.7493
2026-08-20 19:14:29.652,23565.4407
2026-08-20 19:14:30.064,23546.0734
2026-08-20 19:14:30.491,23546.296
2026-08-20 19:14:30.908,23545.8864
2026-08-20 19:14:31.334,23545.2142
2026-08-20 19:14:31.753,23544.9323
2026-08-20 19:14:32.167,23544.4691
2026-08-20 19:14:32.579,23544.1285
2026-08-20 19:14:33.015,23544.1444
2026-08-20 19:14:33.434,23543.8689
2026-08-20 19:14:33.846,23543.6734
2026-08-20 19:14:34.258,23543.339
2026-08-20 19:14:34.730,23544.7105
2026-08-20 19:14:35.147,23621.6843
2026-08-20 19:14:35.559,23766.9937
2026-08-20 19:14:35.980,23977.5665
2026-08-20 19:14:36.393,24098.6153
2026-08-20 19:14:36.860,23872.4191
2026-08-20 19:14:37.287,23662.4763
2026-08-20 19:14:37.700,23556.9334
2026-08-20 19:14:38.133,23600.5761
2026-08-20 19:14:38.549,23740.3083
2026-08-20 19:14:38.974,23948.3157
2026-08-20 19:14:39.388,24106.7182
2026-08-20 19:14:39.803,23892.8684
2026-08-20 19:14:40.220,23695.7241
2026-08-20 19:14:40.635,23571.9653
2026-08-20 19:14:41.061,23572.2116
2026-08-20 19:14:41.493,23696.5819
2026-08-20 19:14:41.925,23906.5641
2026-08-20 19:14:42.337,24154.3416
2026-08-20 19:14:42.750,24425.8243
2026-08-20 19:14:43.171,24714.2014
2026-08-20 19:14:43.584,25022.0279
2026-08-20 19:14:43.999,25126.0521
2026-08-20 19:14:44.436,24820.9077
2026-08-20 19:14:44.850,24506.153
2026-08-20 19:14:45.276,24226.3563
2026-08-20 19:14:45.692,23961.7945
2026-08-20 19:14:46.104,23750.6486
2026-08-20 19:14:46.529,23613.3886
2026-08-20 19:14:46.946,23551.0988
2026-08-20 19:14:47.387,23549.096
2026-08-20 19:14:47.801,23548.6595
2026-08-20 19:14:48.224,23547.8441
2026-08-20 19:14:48.637,23547.3625
2026-08-20 19:14:49.050,23546.7072
2026-08-20 19:14:49.477,23546.1543
2026-08-20 19:14:49.890,23545.6314
2026-08-20 19:14:50.329,23545.6712
2026-08-20 19:14:50.741,23545.401
2026-08-20 19:14:51.154,23544.9671
2026-08-20 19:14:51.582,23544.8675
2026-08-20 19:14:51.995,23568.0617
2026-08-20 19:14:52.408,23674.1586
2026-08-20 19:14:52.868,23848.4671
2026-08-20 19:14:53.288,24098.5931
2026-08-20 19:14:53.700,23987.847
2026-08-20 19:14:54.112,23768.3793
2026-08-20 19:14:54.533,23616.0413
2026-08-20 19:14:54.993,23553.3446
2026-08-20 19:14:55.424,23655.3036
2026-08-20 19:14:55.838,23831.7042
2026-08-20 19:14:56.255,24063.0359
2026-08-20 19:14:56.668,24029.0882
2026-08-20 19:14:57.081,23799.0818
2026-08-20 19:14:57.519,23633.6079
2026-08-20 19:14:57.946,23548.1808
2026-08-20 19:14:58.358,23621.9931
2026-08-20 19:14:58.776,23774.7332
2026-08-20 19:14:59.203,23996.0676
2026-08-20 19:14:59.619,24262.8157
2026-08-20 19:15:00.032,24544.0774
2026-08-20 19:15:00.463,24838.8117
2026-08-20 19:15:00.889,25142.4667
2026-08-20 19:15:01.301,24991.4796
2026-08-20 19:15:01.728,24675.2696
2026-08-20 19:15:02.155,24386.3032
2026-08-20 19:15:02.618,24081.9029
2026-08-20 19:15:03.032,23839.6945
2026-08-20 19:15:03.444,23667.1613
2026-08-20 19:15:03.856,23568.7649
2026-08-20 19:15:04.269,23548.8093
2026-08-20 19:15:04.728,23548.4825
2026-08-20 19:15:05.142,23547.4743
2026-08-20 19:15:05.556,23546.7423
2026-08-20 19:15:05.982,23546.1134
2026-08-20 19:15:06.407,23545.4244
2026-08-20 19:15:06.820,23544.7937
2026-08-20 19:15:07.247,23544.2815
2026-08-20 19:15:07.673,23543.7935
2026-08-20 19:15:08.097,23543.4479
2026-08-20 19:15:08.510,23543.0785
2026-08-20 19:15:08.926,23546.1564
2026-08-20 19:15:09.340,23616.0765
2026-08-20 19:15:09.751,23758.7025
2026-08-20 19:15:10.217,23966.7368
2026-08-20 19:15:10.635,24089.8548
2026-08-20 19:15:11.047,23856.9782
2026-08-20 19:15:11.459,23672.4588
2026-08-20 19:15:11.874,23561.1633
2026-08-20 19:15:12.349,23584.54
2026-08-20 19:15:12.777,23738.9687
2026-08-20 19:15:13.202,23951.1377
2026-08-20 19:15:13.618,24102.2176
2026-08-20 19:15:14.034,23884.2082
2026-08-20 19:15:14.446,23688.7367
2026-08-20 19:15:14.859,23567.8079
2026-08-20 19:15:15.324,23571.0426
2026-08-20 19:15:15.742,23713.884
2026-08-20 19:15:16.170,23921.2081
2026-08-20 19:15:16.593,24169.7282
2026-08-20 19:15:17.009,24449.1963
2026-08-20 19:15:17.475,24744.817
2026-08-20 19:15:17.903,25088.1456
2026-08-20 19:15:18.316,25053.656
2026-08-20 19:15:18.740,24743.8855
2026-08-20 19:15:19.152,24443.1293
2026-08-20 19:15:19.567,24167.2334
2026-08-20 19:15:19.979,23915.4912
2026-08-20 19:15:20.394,23717.9655
2026-08-20 19:15:20.807,23592.9052
2026-08-20 19:15:21.221,23545.8488
2026-08-20 19:15:21.639,23546.0146
2026-08-20 19:15:22.058,23545.5148
2026-08-20 19:15:22.472,23544.9941
2026-08-20 19:15:22.898,23544.3613
2026-08-20 19:15:23.312,23543.9636
2026-08-20 19:15:23.740,23543.506
2026-08-20 19:15:24.154,23543.1298
2026-08-20 19:15:24.578,23542.7863
2026-08-20 19:15:25.008,23542.6208
2026-08-20 19:15:25.441,23542.4105
2026-08-20 19:15:25.853,23542.3266
2026-08-20 19:15:26.279,23575.2638
2026-08-20 19:15:26.699,23695.619
2026-08-20 19:15:27.117,23883.9779
2026-08-20 19:15:27.530,24102.3237
2026-08-20 19:15:27.964,23955.0214
2026-08-20 19:15:28.411,23741.896
2026-08-20 19:15:28.824,23590.6249
2026-08-20 19:15:29.248,23556.4775
2026-08-20 19:15:29.676,23662.5774
2026-08-20 19:15:30.091,23845.042
2026-08-20 19:15:30.516,24077.6915
2026-08-20 19:15:30.935,23999.0147
2026-08-20 19:15:31.349,23772.0276
2026-08-20 19:15:31.763,23615.5444
2026-08-20 19:15:32.199,23547.1975
2026-08-20 19:15:32.611,23633.2928
2026-08-20 19:15:33.024,23794.1472
2026-08-20 19:15:33.444,24018.8832
2026-08-20 19:15:33.860,24283.775
2026-08-20 19:15:34.273,24565.4444
2026-08-20 19:15:34.772,24924.9195
2026-08-20 19:15:35.191,25154.613
2026-08-20 19:15:35.604,24906.7081
2026-08-20 19:15:36.017,24604.7224
2026-08-20 19:15:36.430,24319.5407
2026-08-20 19:15:36.843,24053.6103
2026-08-20 19:15:37.258,23821.5846
2026-08-20 19:15:37.671,23654.0956
2026-08-20 19:15:38.095,23561.6927
2026-08-20 19:15:38.516,23546.1461
2026-08-20 19:15:38.929,23546.1145
2026-08-20 19:15:39.342,23545.7059
2026-08-20 19:15:39.779,23545.1716
2026-08-20 19:15:40.214,23544.709
2026-08-20 19:15:40.641,23544.2778
2026-08-20 19:15:41.053,23543.7338
2026-08-20 19:15:41.467,23543.3686
2026-08-20 19:15:41.878,23542.8712
2026-08-20 19:15:42.343,23542.3881
2026-08-20 19:15:42.765,23542.0304
2026-08-20 19:15:43.181,23549.5461
2026-08-20 19:15:43.598,23632.0477
2026-08-20 19:15:44.014,23786.621
2026-08-20 19:15:44.440,24005.0426
2026-08-20 19:15:44.861,24077.1561
2026-08-20 19:15:45.275,23837.4245
2026-08-20 19:15:45.710,23652.079
2026-08-20 19:15:46.126,23552.1572
2026-08-20 19:15:46.542,23597.4638
2026-08-20 19:15:46.970,23736.4133
2026-08-20 19:15:47.385,23950.9416
2026-08-20 19:15:47.799,24103.839
2026-08-20 19:15:48.218,23889.9042
2026-08-20 19:15:48.631,23690.9072
2026-08-20 19:15:49.075,23568.3425
2026-08-20 19:15:49.504,23573.4131
2026-08-20 19:15:49.924,23702.5385
2026-08-20 19:15:50.336,23901.1616
2026-08-20 19:15:50.756,24146.8277
2026-08-20 19:15:51.169,24422.6533
2026-08-20 19:15:51.643,24754.1217
2026-08-20 19:15:52.059,25058.1115
2026-08-20 19:15:52.472,25085.8949
2026-08-20 19:15:52.892,24774.5453
2026-08-20 19:15:53.308,24473.8259
2026-08-20 19:15:53.724,24194.6082
2026-08-20 19:15:54.183,23938.9511
2026-08-20 19:15:54.595,23715.2557
2026-08-20 19:15:55.009,23590.9073
2026-08-20 19:15:55.420,23543.7145
2026-08-20 19:15:55.848,23543.7476
2026-08-20 19:15:56.263,23543.3817
2026-08-20 19:15:56.676,23542.7404
2026-08-20 19:15:57.103,23542.1038
2026-08-20 19:15:57.597,23541.4899
2026-08-20 19:15:58.010,23540.9566
2026-08-20 19:15:58.424,23540.418
2026-08-20 19:15:58.838,23539.8652
2026-08-20 19:15:59.298,23539.4376
2026-08-20 19:15:59.712,23538.998
2026-08-20 19:16:00.125,23538.6116
2026-08-20 19:16:00.538,23586.547
2026-08-20 19:16:00.956,23712.0944
2026-08-20 19:16:01.383,23907.8134
2026-08-20 19:16:01.801,24107.1473
2026-08-20 19:16:02.242,23925.9976
2026-08-20 19:16:02.655,23708.4118
2026-08-20 19:16:03.067,23577.7907
2026-08-20 19:16:03.487,23557.5551
2026-08-20 19:16:03.902,23669.9923
2026-08-20 19:16:04.315,23851.2383
2026-08-20 19:16:04.781,24095.3222
2026-08-20 19:16:05.206,23956.6125
2026-08-20 19:16:05.619,23735.6253
2026-08-20 19:16:06.031,23591.6785
2026-08-20 19:16:06.443,23544.9982
2026-08-20 19:16:06.878,23644.9185
2026-08-20 19:16:07.305,23819.0738
2026-08-20 19:16:07.717,24058.4908
2026-08-20 19:16:08.129,24322.1702
2026-08-20 19:16:08.552,24603.9588
2026-08-20 19:16:08.964,24908.9285
2026-08-20 19:16:09.391,25147.1491
2026-08-20 19:16:09.803,24902.9815
2026-08-20 19:16:10.215,24601.2918
2026-08-20 19:16:10.642,24316.5312
2026-08-20 19:16:11.060,24038.1223
2026-08-20 19:16:11.474,23807.8699
2026-08-20 19:16:11.887,23643.0703
2026-08-20 19:16:12.300,23552.7303
2026-08-20 19:16:12.713,23538.5042
2026-08-20 19:16:13.126,23538.1137
2026-08-20 19:16:13.545,23537.4389
2026-08-20 19:16:13.990,23536.8552
2026-08-20 19:16:14.402,23535.9564
2026-08-20 19:16:14.815,23535.4941
2026-08-20 19:16:15.229,23534.7628
2026-08-20 19:16:15.655,23534.1593
2026-08-20 19:16:16.071,23533.6059
2026-08-20 19:16:16.485,23533.055
2026-08-20 19:16:16.948,23532.5665
2026-08-20 19:16:17.362,23538.0892
2026-08-20 19:16:17.776,23615.0947
2026-08-20 19:16:18.205,23769.6438
2026-08-20 19:16:18.627,23984.7329
2026-08-20 19:16:19.041,24075.5717
2026-08-20 19:16:19.455,23841.5804
2026-08-20 19:16:19.871,23657.2922
2026-08-20 19:16:20.283,23547.0619
2026-08-20 19:16:20.762,23586.5936
2026-08-20 19:16:21.175,23729.3961
2026-08-20 19:16:21.608,23944.8067
2026-08-20 19:16:22.031,24094.721
2026-08-20 19:16:22.524,23829.8663
2026-08-20 19:16:22.947,23648.6287
2026-08-20 19:16:23.360,23540.4122
2026-08-20 19:16:23.787,23578.0376
2026-08-20 19:16:24.201,23712.9584
2026-08-20 19:16:24.613,23916.4694
2026-08-20 19:16:25.045,24165.8932
2026-08-20 19:16:25.458,24453.607
2026-08-20 19:16:25.872,24744.2826
2026-08-20 19:16:26.307,25060.165
2026-08-20 19:16:26.720,25055.5756
2026-08-20 19:16:27.165,24744.9597
2026-08-20 19:16:27.578,24429.0367
2026-08-20 19:16:27.990,24153.9863
2026-08-20 19:16:28.402,23905.0933
2026-08-20 19:16:28.815,23706.8496
2026-08-20 19:16:29.230,23582.5111
2026-08-20 19:16:29.657,23534.5423
2026-08-20 19:16:30.134,23534.5205
2026-08-20 19:16:30.547,23533.9672
2026-08-20 19:16:30.960,23533.4451
2026-08-20 19:16:31.373,23532.9388
2026-08-20 19:16:31.785,23532.3511
2026-08-20 19:16:32.250,23531.8012
2026-08-20 19:16:32.663,23531.2965
2026-08-20 19:16:33.091,23530.8455
2026-08-20 19:16:33.504,23530.4679
2026-08-20 19:16:33.926,23530.1326
2026-08-20 19:16:34.364,23529.699
2026-08-20 19:16:34.778,23581.1874
2026-08-20 19:16:35.202,23709.3631
2026-08-20 19:16:35.616,23910.6292
2026-08-20 19:16:36.043,24095.3623
2026-08-20 19:16:36.485,23901.6233
2026-08-20 19:16:36.897,23688.4427
2026-08-20 19:16:37.309,23563.1638
2026-08-20 19:16:37.723,23552.8384
2026-08-20 19:16:38.139,23667.6309
2026-08-20 19:16:38.602,23878.1279
2026-08-20 19:16:39.014,24087.6141
2026-08-20 19:16:39.427,23933.223
2026-08-20 19:16:39.842,23720.8876
2026-08-20 19:16:40.268,23579.0409
2026-08-20 19:16:40.685,23537.4715
2026-08-20 19:16:41.110,23638.7936
2026-08-20 19:16:41.576,23839.2368
2026-08-20 19:16:41.989,24082.1405
2026-08-20 19:16:42.403,24348.6508
2026-08-20 19:16:42.816,24633.5955
2026-08-20 19:16:43.230,24932.2401
2026-08-20 19:16:43.707,25117.0915
2026-08-20 19:16:44.121,24816.156
2026-08-20 19:16:44.548,24507.5349
2026-08-20 19:16:44.971,24227.8796
2026-08-20 19:16:45.383,23962.9168
2026-08-20 19:16:45.814,23746.2631
2026-08-20 19:16:46.228,23599.2614
2026-08-20 19:16:46.654,23531.7999
2026-08-20 19:16:47.081,23529.3316
2026-08-20 19:16:47.494,23528.6846
2026-08-20 19:16:47.920,23528.2627
2026-08-20 19:16:48.346,23527.3015
2026-08-20 19:16:48.763,23526.735
2026-08-20 19:16:49.175,23526.0799
2026-08-20 19:16:49.601,23525.8916
2026-08-20 19:16:50.038,23525.184
2026-08-20 19:16:50.456,23524.7981
2026-08-20 19:16:50.869,23524.501
2026-08-20 19:16:51.288,23524.3311
2026-08-20 19:16:51.701,23543.1176
2026-08-20 19:16:52.129,23643.1812
2026-08-20 19:16:52.541,23818.7224
2026-08-20 19:16:52.983,24054.0564
2026-08-20 19:16:53.408,23985.732
2026-08-20 19:16:53.820,23756.6335
2026-08-20 19:16:54.231,23600.8187
2026-08-20 19:16:54.645,23530.5501
2026-08-20 19:16:55.069,23606.5464
2026-08-20 19:16:55.560,23804.1452
2026-08-20 19:16:55.973,24032.4836
2026-08-20 19:16:56.400,24006.6743
2026-08-20 19:16:56.892,23735.0112
2026-08-20 19:16:57.310,23584.445
2026-08-20 19:16:57.722,23527.4664
2026-08-20 19:16:58.145,23614.7931
2026-08-20 19:16:58.557,23782.0384
2026-08-20 19:16:58.974,24006.8814
2026-08-20 19:16:59.388,24270.5863
2026-08-20 19:16:59.901,24610.3713
2026-08-20 19:17:00.329,24918.8132
2026-08-20 19:17:00.746,25122.7634
2026-08-20 19:17:01.174,24849.1232
2026-08-20 19:17:01.595,24539.2367
2026-08-20 19:17:02.008,24251.1486
2026-08-20 19:17:02.422,23989.4757
2026-08-20 19:17:02.835,23766.8833
2026-08-20 19:17:03.251,23612.5774
2026-08-20 19:17:03.665,23531.8071
2026-08-20 19:17:04.079,23523.1868
2026-08-20 19:17:04.542,23522.7259
2026-08-20 19:17:04.955,23521.9984
2026-08-20 19:17:05.368,23521.2041
2026-08-20 19:17:05.792,23520.5864
2026-08-20 19:17:06.209,23519.9474
2026-08-20 19:17:06.627,23519.3701
2026-08-20 19:17:07.101,23518.7493
2026-08-20 19:17:07.518,23518.2837
2026-08-20 19:17:07.931,23517.7829
2026-08-20 19:17:08.343,23517.3518
2026-08-20 19:17:08.756,23516.822
2026-08-20 19:17:09.176,23516.5137
2026-08-20 19:17:09.605,23516.0434
2026-08-20 19:17:10.028,23515.5844
2026-08-20 19:17:10.442,23515.4794
2026-08-20 19:17:10.857,23515.3686
2026-08-20 19:17:11.276,23515.3281
2026-08-20 19:17:11.741,23514.9804
2026-08-20 19:17:12.154,23514.5913
2026-08-20 19:17:12.567,23514.6093
2026-08-20 19:17:12.979,23514.1934
2026-08-20 19:17:13.393,23514.1743
2026-08-20 19:17:13.805,23514.0974
2026-08-20 19:17:14.219,23513.5963
2026-08-20 19:17:14.645,23513.5787
2026-08-20 19:17:15.065,23513.0475
2026-08-20 19:17:15.478,23512.8378
2026-08-20 19:17:15.905,23512.9394
2026-08-20 19:17:16.319,23512.4637
2026-08-20 19:17:16.734,23512.5907
2026-08-20 19:17:17.195,23512.4008
2026-08-20 19:17:17.623,23512.0415
2026-08-20 19:17:18.040,23511.7151
2026-08-20 19:17:18.453,23511.7147
2026-08-20 19:17:18.868,23511.3716
2026-08-20 19:17:19.282,23511.0648
2026-08-20 19:17:19.697,23511.2119
2026-08-20 19:17:20.109,23511.1305
2026-08-20 19:17:20.538,23510.7546
2026-08-20 19:17:21.027,23510.7496
2026-08-20 19:17:21.455,23510.7794
2026-08-20 19:17:21.867,23510.7218
2026-08-20 19:17:22.280,23510.6181
2026-08-20 19:17:22.721,23510.8099
2026-08-20 19:17:23.152,23510.4762
2026-08-20 19:17:23.565,23510.2909
2026-08-20 19:17:23.977,23510.4002
2026-08-20 19:17:24.409,23510.112
2026-08-20 19:17:24.833,23510.1355
2026-08-20 19:17:25.252,23509.9935
2026-08-20 19:17:25.667,23509.8265
2026-08-20 19:17:26.079,23509.9013
2026-08-20 19:17:26.539,23509.7047
2026-08-20 19:17:26.969,23509.8109
2026-08-20 19:17:27.382,23509.5844
2026-08-20 19:17:27.795,23509.5702
2026-08-20 19:17:28.222,23509.238
2026-08-20 19:17:28.639,23509.231
2026-08-20 19:17:29.054,23508.8939
2026-08-20 19:17:29.466,23508.6577
2026-08-20 19:17:29.885,23508.7907
2026-08-20 19:17:30.299,23508.6164
2026-08-20 19:17:30.712,23508.3549
2026-08-20 19:17:31.150,23508.2942
2026-08-20 19:17:31.563,23508.204
2026-08-20 19:17:31.974,23508.0897
2026-08-20 19:17:32.387,23507.839
2026-08-20 19:17:32.801,23507.9507
2026-08-20 19:17:33.219,23507.6835
2026-08-20 19:17:33.710,23507.5225
2026-08-20 19:17:34.124,23507.6063
2026-08-20 19:17:34.535,23507.3983
2026-08-20 19:17:34.953,23507.2943
2026-08-20 19:17:35.367,23507.1931
2026-08-20 19:17:35.833,23506.9077
2026-08-20 19:17:36.248,23506.9758
2026-08-20 19:17:36.712,23506.8274
2026-08-20 19:17:37.156,23506.6842
2026-08-20 19:17:37.572,23506.5081
2026-08-20 19:17:37.987,23506.3238
2026-08-20 19:17:38.419,23506.1442
2026-08-20 19:17:38.851,23505.8865
2026-08-20 19:17:39.276,23505.7797
2026-08-20 19:17:39.689,23505.4824
2026-08-20 19:17:40.101,23505.3322
2026-08-20 19:17:40.513,23505.0725
2026-08-20 19:17:40.925,23504.941
2026-08-20 19:17:41.337,23504.7176
2026-08-20 19:17:41.749,23504.6664
2026-08-20 19:17:42.211,23504.4517
2026-08-20 19:17:42.629,23504.3018
2026-08-20 19:17:43.046,23504.0926
2026-08-20 19:17:43.461,23503.9343
2026-08-20 19:17:43.875,23503.8514
2026-08-20 19:17:44.301,23503.6678
2026-08-20 19:17:44.717,23503.5411
2026-08-20 19:17:45.131,23503.3732
2026-08-20 19:17:45.573,23503.0234
2026-08-20 19:17:45.987,23502.8779
2026-08-20 19:17:46.399,23502.5381
2026-08-20 19:17:46.812,23502.5022
2026-08-20 19:17:47.225,23502.1502
2026-08-20 19:17:47.689,23502.0946
2026-08-20 19:17:48.102,23501.6379
2026-08-20 19:17:48.515,23501.6804
2026-08-20 19:17:48.943,23501.4086
2026-08-20 19:17:49.367,23501.0594
2026-08-20 19:17:49.833,23501.2717
2026-08-20 19:17:50.246,23501.3642
2026-08-20 19:17:50.674,23500.9891
2026-08-20 19:17:51.086,23501.2302
2026-08-20 19:17:51.498,23500.8337
2026-08-20 19:17:51.938,23501.0079
2026-08-20 19:17:52.350,23500.9279
2026-08-20 19:17:52.763,23500.7019
2026-08-20 19:17:53.178,23500.4099
2026-08-20 19:17:53.604,23500.5319
2026-08-20 19:17:54.019,23500.231
2026-08-20 19:17:54.485,23500.3315
2026-08-20 19:17:54.903,23500.3102
2026-08-20 19:17:55.317,23499.9725
2026-08-20 19:17:55.732,23499.9136
2026-08-20 19:17:56.143,23499.778
2026-08-20 19:17:56.568,23499.5528
2026-08-20 19:17:56.981,23499.7432
2026-08-20 19:17:57.407,23499.345
2026-08-20 19:17:57.824,23499.5189
2026-08-20 19:17:58.252,23499.2018
2026-08-20 19:17:58.665,23499.2109
2026-08-20 19:17:59.076,23498.9778
2026-08-20 19:17:59.502,23498.657
2026-08-20 19:17:59.962,23498.7373
2026-08-20 19:18:00.385,23498.3108
2026-08-20 19:18:00.798,23498.343
2026-08-20 19:18:01.208,23497.9373
2026-08-20 19:18:01.635,23497.9864
2026-08-20 19:18:02.052,23497.5159
2026-08-20 19:18:02.468,23497.4721
2026-08-20 19:18:02.895,23497.4388
2026-08-20 19:18:03.308,23497.0768
2026-08-20 19:18:03.733,23497.1654
2026-08-20 19:18:04.145,23496.9032
2026-08-20 19:18:04.610,23496.9752
2026-08-20 19:18:05.028,23496.4847
2026-08-20 19:18:05.467,23496.5475
2026-08-20 19:18:05.880,23496.4296
2026-08-20 19:18:06.294,23496.2699
2026-08-20 19:18:06.721,23495.9367
2026-08-20 19:18:07.135,23495.9269
2026-08-20 19:18:07.556,23495.6381
2026-08-20 19:18:07.989,23495.5818
2026-08-20 19:18:08.401,23495.5723
2026-08-20 19:18:08.815,23495.5493
2026-08-20 19:18:09.229,23495.2426
2026-08-20 19:18:09.642,23495.1909
2026-08-20 19:18:10.055,23495.2498
2026-08-20 19:18:10.468,23494.9056
2026-08-20 19:18:10.882,23494.8078
2026-08-20 19:18:11.363,23494.6601
2026-08-20 19:18:11.775,23494.7592
2026-08-20 19:18:12.188,23494.3846
2026-08-20 19:18:12.608,23494.2581
2026-08-20 19:18:13.020,23494.0971
2026-08-20 19:18:13.455,23493.9442
2026-08-20 19:18:13.868,23493.8223
2026-08-20 19:18:14.282,23493.7299
2026-08-20 19:18:14.695,23493.8312
2026-08-20 19:18:15.108,23493.6632
2026-08-20 19:18:15.522,23493.3344
2026-08-20 19:18:15.945,23493.1554
2026-08-20 19:18:16.500,23492.8215
2026-08-20 19:18:16.927,23492.7009
2026-08-20 19:18:17.342,23492.6239
2026-08-20 19:18:17.754,23492.6732
2026-08-20 19:18:18.184,23492.6049
2026-08-20 19:18:18.596,23492.6469
2026-08-20 19:18:19.024,23492.7903
2026-08-20 19:18:19.442,23492.8413
2026-08-20 19:18:19.869,23492.7908
2026-08-20 19:18:20.292,23492.9449
2026-08-20 19:18:20.704,23493.0079
2026-08-20 19:18:21.117,23493.0318
2026-08-20 19:18:21.556,23493.0507
2026-08-20 19:18:21.983,23493.0556
2026-08-20 19:18:22.395,23492.9872
2026-08-20 19:18:22.808,23493.0269
2026-08-20 19:18:23.274,23492.9709
2026-08-20 19:18:23.709,23492.8465
2026-08-20 19:18:24.125,23492.8098
2026-08-20 19:18:24.540,23492.4739
2026-08-20 19:18:24.972,23492.3719
2026-08-20 19:18:25.467,23492.5299
2026-08-20 19:18:25.878,23492.1571
2026-08-20 19:18:26.302,23492.162
2026-08-20 19:18:26.715,23491.7274
2026-08-20 19:18:27.128,23491.9448
2026-08-20 19:18:27.552,23491.5437
2026-08-20 19:18:27.966,23491.6107
2026-08-20 19:18:28.380,23491.3775
2026-08-20 19:18:28.794,23491.5389
2026-08-20 19:18:29.207,23491.6716
2026-08-20 19:18:29.648,23491.3891
2026-08-20 19:18:30.071,23491.3467
2026-08-20 19:18:30.483,23491.4136
2026-08-20 19:18:30.906,23491.432
2026-08-20 19:18:31.321,23491.3173
2026-08-20 19:18:31.759,23491.5406
2026-08-20 19:18:32.184,23491.5965
2026-08-20 19:18:32.597,23491.4889
2026-08-20 19:18:33.013,23491.7682
2026-08-20 19:18:33.428,23491.7044
2026-08-20 19:18:33.856,23491.8178
2026-08-20 19:18:34.277,23491.779
2026-08-20 19:18:34.699,23491.8725
2026-08-20 19:18:35.114,23491.8642
2026-08-20 19:18:35.541,23491.4809
2026-08-20 19:18:35.954,23491.5893
2026-08-20 19:18:36.367,23491.4485
2026-08-20 19:18:36.830,23491.4921
2026-08-20 19:18:37.244,23491.4878
2026-08-20 19:18:37.656,23492.0023
2026-08-20 19:18:38.068,23492.2166
2026-08-20 19:18:38.482,23492.2173
2026-08-20 19:18:38.909,23492.3382
2026-08-20 19:18:39.336,23491.9721
2026-08-20 19:18:39.792,23492.04
2026-08-20 19:18:40.205,23491.9131
2026-08-20 19:18:40.631,23492.2078
2026-08-20 19:18:41.059,23492.062
2026-08-20 19:18:41.472,23492.2962
2026-08-20 19:18:41.911,23492.5505
2026-08-20 19:18:42.324,23492.6912
2026-08-20 19:18:42.738,23493.1483
2026-08-20 19:18:43.150,23493.1811
2026-08-20 19:18:43.563,23493.5487
2026-08-20 19:18:43.991,23493.9024
2026-08-20 19:18:44.495,23493.9758
2026-08-20 19:18:44.909,23494.169
2026-08-20 19:18:45.322,23494.535
2026-08-20 19:18:45.734,23494.6303
2026-08-20 19:18:46.147,23494.7186
2026-08-20 19:18:46.560,23495.2035
2026-08-20 19:18:47.020,23495.4722
2026-08-20 19:18:47.443,23495.5775
2026-08-20 19:18:47.859,23495.8627
2026-08-20 19:18:48.274,23496.068
2026-08-20 19:18:48.686,23496.4027
2026-08-20 19:18:49.103,23496.84
2026-08-20 19:18:49.523,23497.0649
2026-08-20 19:18:49.956,23497.2832
2026-08-20 19:18:50.374,23497.526
2026-08-20 19:18:50.787,23497.913
2026-08-20 19:18:51.213,23498.042
2026-08-20 19:18:51.630,23498.0679
2026-08-20 19:18:52.048,23498.3845
2026-08-20 19:18:52.460,23498.9434
2026-08-20 19:18:52.898,23499.1783
2026-08-20 19:18:53.311,23499.6705
2026-08-20 19:18:53.731,23500.2074
2026-08-20 19:18:54.143,23500.4692
2026-08-20 19:18:54.557,23500.5048
2026-08-20 19:18:54.976,23500.8725
2026-08-20 19:18:55.401,23501.1585
2026-08-20 19:18:55.815,23501.3456
2026-08-20 19:18:56.228,23501.7607
2026-08-20 19:18:56.691,23502.0323
2026-08-20 19:18:57.119,23502.3674
2026-08-20 19:18:57.533,23502.6732
2026-08-20 19:18:57.946,23503.175
2026-08-20 19:18:58.358,23503.4264
2026-08-20 19:18:58.775,23503.7645
2026-08-20 19:18:59.220,23504.1481
2026-08-20 19:18:59.633,23504.4451
2026-08-20 19:19:00.051,23504.7463
2026-08-20 19:19:00.465,23504.9989
2026-08-20 19:19:00.878,23505.2134
2026-08-20 19:19:01.298,23505.5059
2026-08-20 19:19:01.725,23505.7659
2026-08-20 19:19:02.141,23506.0432
2026-08-20 19:19:02.568,23506.3274
2026-08-20 19:19:02.981,23506.6522
2026-08-20 19:19:03.393,23506.9491
2026-08-20 19:19:03.804,23507.1552
2026-08-20 19:19:04.225,23507.5383
2026-08-20 19:19:04.642,23507.9183
2026-08-20 19:19:05.059,23508.245
2026-08-20 19:19:05.486,23508.5837
2026-08-20 19:19:05.898,23509.0662
2026-08-20 19:19:06.314,23509.3784
2026-08-20 19:19:06.727,23509.5968
2026-08-20 19:19:07.146,23509.998
2026-08-20 19:19:07.558,23510.436
2026-08-20 19:19:07.969,23510.8431
2026-08-20 19:19:08.386,23511.0347
2026-08-20 19:19:08.813,23511.4776
2026-08-20 19:19:09.226,23511.7082
2026-08-20 19:19:09.644,23512.1307
2026-08-20 19:19:10.110,23512.6852
2026-08-20 19:19:10.523,23512.7498
2026-08-20 19:19:10.946,23513.3816
2026-08-20 19:19:11.359,23513.5171
2026-08-20 19:19:11.785,23513.8389
2026-08-20 19:19:12.235,23514.2363
2026-08-20 19:19:12.657,23514.6847
2026-08-20 19:19:13.070,23515.2114
2026-08-20 19:19:13.488,23515.2862
2026-08-20 19:19:13.901,23515.5768
2026-08-20 19:19:14.338,23516.1183
2026-08-20 19:19:14.751,23516.5764
2026-08-20 19:19:15.177,23516.7393
2026-08-20 19:19:15.590,23517.3477
2026-08-20 19:19:16.008,23517.4814
2026-08-20 19:19:16.420,23517.771
2026-08-20 19:19:16.833,23518.2114
2026-08-20 19:19:17.270,23518.7657
2026-08-20 19:19:17.690,23519.0241
2026-08-20 19:19:18.104,23519.5114
2026-08-20 19:19:18.520,23519.7224
2026-08-20 19:19:18.931,23520.299
2026-08-20 19:19:19.393,23520.6827
2026-08-20 19:19:19.807,23521.3929
2026-08-20 19:19:20.225,23521.6819
2026-08-20 19:19:20.641,23522.0686
2026-08-20 19:19:21.053,23522.3925
2026-08-20 19:19:21.472,23523.0304
2026-08-20 19:19:21.899,23523.5117
2026-08-20 19:19:22.312,23523.6848
2026-08-20 19:19:22.727,23524.3318
2026-08-20 19:19:23.142,23524.6221
2026-08-20 19:19:23.614,23525.0244
2026-08-20 19:19:24.029,23525.2788
2026-08-20 19:19:24.441,23525.6793
2026-08-20 19:19:24.874,23525.9586
2026-08-20 19:19:25.289,23526.3335
2026-08-20 19:19:25.707,23526.679
2026-08-20 19:19:26.172,23526.8829
2026-08-20 19:19:26.591,23527.4326
2026-08-20 19:19:27.005,23527.7596
2026-08-20 19:19:27.419,23528.0714
2026-08-20 19:19:27.880,23528.1793
2026-08-20 19:19:28.310,23528.6982
2026-08-20 19:19:28.724,23529.0429
2026-08-20 19:19:29.138,23529.3835
2026-08-20 19:19:29.566,23529.5811
2026-08-20 19:19:29.980,23530.1375
2026-08-20 19:19:30.414,23530.18
2026-08-20 19:19:30.826,23530.4434
2026-08-20 19:19:31.247,23531.007
2026-08-20 19:19:31.659,23531.3352
2026-08-20 19:19:32.071,23531.4239
2026-08-20 19:19:32.506,23531.9129
2026-08-20 19:19:32.920,23532.2544
2026-08-20 19:19:33.355,23532.2985
2026-08-20 19:19:33.767,23532.352
2026-08-20 19:19:34.179,23532.8885
2026-08-20 19:19:34.593,23533.2317
2026-08-20 19:19:35.005,23533.4699
2026-08-20 19:19:35.425,23534.0594
2026-08-20 19:19:35.839,23534.4252
2026-08-20 19:19:36.251,23534.6836
2026-08-20 19:19:36.664,23534.9814
2026-08-20 19:19:37.077,23535.4438
2026-08-20 19:19:37.491,23535.547
2026-08-20 19:19:37.919,23535.9808
2026-08-20 19:19:38.333,23536.5962
2026-08-20 19:19:38.768,23537.0458
2026-08-20 19:19:39.181,23537.4853
2026-08-20 19:19:39.597,23537.9058
2026-08-20 19:19:40.024,23538.2272
2026-08-20 19:19:40.436,23538.6232
2026-08-20 19:19:40.856,23539.026
2026-08-20 19:19:41.269,23539.3606
2026-08-20 19:19:41.681,23539.7804
2026-08-20 19:19:42.095,23540.0726
2026-08-20 19:19:42.531,23540.4454
2026-08-20 19:19:42.957,23540.7886
2026-08-20 19:19:43.370,23541.0737
2026-08-20 19:19:43.817,23541.3395
2026-08-20 19:19:44.232,23541.6433
2026-08-20 19:19:44.645,23542.0342
2026-08-20 19:19:45.058,23542.1863
2026-08-20 19:19:45.471,23542.4917
2026-08-20 19:19:45.884,23542.8
2026-08-20 19:19:46.296,23542.9336
2026-08-20 19:19:46.720,23543.4368
2026-08-20 19:19:47.133,23543.5678
2026-08-20 19:19:47.570,23543.9974
2026-08-20 19:19:47.983,23544.0865
2026-08-20 19:19:48.395,23544.0998
2026-08-20 19:19:48.809,23544.5752
2026-08-20 19:19:49.223,23544.5109
2026-08-20 19:19:49.635,23544.7792
2026-08-20 19:19:50.048,23545.1792
2026-08-20 19:19:50.462,23545.078
2026-08-20 19:19:50.889,23545.3888
2026-08-20 19:19:51.303,23545.4398
2026-08-20 19:19:51.719,23545.7898
2026-08-20 19:19:52.147,23545.9811
2026-08-20 19:19:52.559,23546.1428
2026-08-20 19:19:52.980,23546.6775
2026-08-20 19:19:53.408,23546.9347
2026-08-20 19:19:53.827,23547.0531
2026-08-20 19:19:54.241,23547.2989
2026-08-20 19:19:54.664,23547.8503
2026-08-20 19:19:55.076,23548.1228
2026-08-20 19:19:55.488,23548.4971
2026-08-20 19:19:55.902,23548.7359
2026-08-20 19:19:56.314,23549.412
2026-08-20 19:19:56.728,23549.5982
2026-08-20 19:19:57.142,23549.8655
2026-08-20 19:19:57.642,23550.2591
2026-08-20 19:19:58.054,23550.8335
2026-08-20 19:19:58.468,23550.9145
2026-08-20 19:19:58.881,23551.213
2026-08-20 19:19:59.293,23551.6651
2026-08-20 19:19:59.710,23551.7392
2026-08-20 19:20:00.135,23552.1579
2026-08-20 19:20:00.568,23552.4972
2026-08-20 19:20:00.979,23552.9751
2026-08-20 19:20:01.404,23553.3893
2026-08-20 19:20:01.821,23553.8211
2026-08-20 19:20:02.264,23554.199
2026-08-20 19:20:02.677,23554.6308
2026-08-20 19:20:03.091,23554.8387
2026-08-20 19:20:03.517,23555.3701
2026-08-20 19:20:03.987,23555.4997
2026-08-20 19:20:04.415,23555.8589
2026-08-20 19:20:04.828,23556.2109
2026-08-20 19:20:05.247,23556.5605
2026-08-20 19:20:05.663,23556.9294
2026-08-20 19:20:06.075,23557.2906
2026-08-20 19:20:06.517,23557.5959
2026-08-20 19:20:06.943,23557.93
2026-08-20 19:20:07.356,23558.3522
2026-08-20 19:20:07.780,23558.705
2026-08-20 19:20:08.208,23559.0475
2026-08-20 19:20:08.621,23559.453
2026-08-20 19:20:09.042,23559.7973
2026-08-20 19:20:09.464,23560.1703
2026-08-20 19:20:09.885,23560.6287
2026-08-20 19:20:10.304,23561.0954
2026-08-20 19:20:10.716,23561.5355
2026-08-20 19:20:11.134,23562.0084
2026-08-20 19:20:11.599,23562.4185
2026-08-20 19:20:12.012,23562.7957
2026-08-20 19:20:12.425,23562.9693
2026-08-20 19:20:12.839,23563.0114
2026-08-20 19:20:13.251,23563.0642
2026-08-20 19:20:13.676,23562.9652
2026-08-20 19:20:14.157,23562.2914
2026-08-20 19:20:14.618,23561.4605
2026-08-20 19:20:15.034,23560.8202
2026-08-20 19:20:15.484,23560.4009
2026-08-20 19:20:15.946,23560.4291
2026-08-20 19:20:16.371,23560.3298
2026-08-20 19:20:16.787,23560.6198
2026-08-20 19:20:17.202,23560.7529
2026-08-20 19:20:17.616,23560.8725
2026-08-20 19:20:18.031,23561.3326
2026-08-20 19:20:18.467,23561.7454
2026-08-20 19:20:18.879,23561.9463
2026-08-20 19:20:19.290,23562.251
2026-08-20 19:20:19.713,23562.7727
2026-08-20 19:20:20.126,23563.1309
2026-08-20 19:20:20.555,23563.1429
2026-08-20 19:20:20.975,23563.7262
2026-08-20 19:20:21.405,23564.0113
2026-08-20 19:20:21.831,23564.2338
2026-08-20 19:20:22.250,23564.7787
2026-08-20 19:20:22.663,23565.0308
2026-08-20 19:20:23.074,23564.9309
2026-08-20 19:20:23.486,23565.2994
2026-08-20 19:20:23.948,23565.5387
2026-08-20 19:20:24.367,23565.7048
2026-08-20 19:20:24.787,23566.0316
2026-08-20 19:20:25.202,23566.2303
2026-08-20 19:20:25.614,23566.1993
2026-08-20 19:20:26.028,23566.2719
2026-08-20 19:20:26.465,23566.6584
2026-08-20 19:20:26.892,23566.6696
2026-08-20 19:20:27.304,23566.6914
2026-08-20 19:20:27.726,23566.9151
2026-08-20 19:20:28.140,23567.0654
2026-08-20 19:20:28.573,23566.9949
2026-08-20 19:20:29.000,23567.1785
2026-08-20 19:20:29.414,23567.5346
2026-08-20 19:20:29.826,23567.7136
2026-08-20 19:20:30.254,23568.287
2026-08-20 19:20:30.699,23568.4054
2026-08-20 19:20:31.113,23568.8919
2026-08-20 19:20:31.537,23569.0178
2026-08-20 19:20:31.948,23569.2138
2026-08-20 19:20:32.368,23569.2506
2026-08-20 19:20:32.829,23569.4882
2026-08-20 19:20:33.242,23570.1182
2026-08-20 19:20:33.675,23570.5065
2026-08-20 19:20:34.101,23570.8037
2026-08-20 19:20:34.518,23571.3862
2026-08-20 19:20:34.953,23571.6593
2026-08-20 19:20:35.366,23571.7226
2026-08-20 19:20:35.777,23572.1693
2026-08-20 19:20:36.190,23572.5277
2026-08-20 19:20:36.612,23572.6297
2026-08-20 19:20:37.078,23573.2855
2026-08-20 19:20:37.490,23573.6178
2026-08-20 19:20:37.904,23573.6655
2026-08-20 19:20:38.318,23574.1325
2026-08-20 19:20:38.731,23574.5613
2026-08-20 19:20:39.145,23574.6962
2026-08-20 19:20:39.557,23575.1299
2026-08-20 19:20:39.995,23575.6264
2026-08-20 19:20:40.408,23576.0471
2026-08-20 19:20:40.833,23576.3624
2026-08-20 19:20:41.245,23576.8356
2026-08-20 19:20:41.672,23577.3638
2026-08-20 19:20:42.115,23577.6177
2026-08-20 19:20:42.529,23578.0782
2026-08-20 19:20:42.954,23578.335
2026-08-20 19:20:43.366,23578.7164
2026-08-20 19:20:43.781,23579.0404
2026-08-20 19:20:44.199,23579.3399
2026-08-20 19:20:44.611,23579.6575
2026-08-20 19:20:45.060,23579.997
2026-08-20 19:20:45.478,23580.3237
2026-08-20 19:20:45.904,23580.5286
2026-08-20 19:20:46.317,23580.8904
2026-08-20 19:20:46.729,23581.1355
2026-08-20 19:20:47.165,23581.4407
2026-08-20 19:20:47.592,23581.8035
2026-08-20 19:20:48.007,23582.1403
2026-08-20 19:20:48.420,23582.4438
2026-08-20 19:20:48.834,23582.5449
2026-08-20 19:20:49.268,23583.0275
2026-08-20 19:20:49.694,23583.1534
2026-08-20 19:20:50.158,23583.2804
2026-08-20 19:20:50.585,23583.073
2026-08-20 19:20:50.997,23583.2482
2026-08-20 19:20:51.411,23583.4612
2026-08-20 19:20:51.825,23583.7952
2026-08-20 19:20:52.259,23583.6332
2026-08-20 19:20:52.673,23583.9358
2026-08-20 19:20:53.091,23584.352
2026-08-20 19:20:53.504,23584.5559
2026-08-20 19:20:53.917,23584.4879
2026-08-20 19:20:54.330,23584.9221
2026-08-20 19:20:54.742,23585.2128
2026-08-20 19:20:55.203,23585.6249
2026-08-20 19:20:55.616,23585.9557
2026-08-20 19:20:56.031,23586.6411
2026-08-20 19:20:56.443,23586.9482
2026-08-20 19:20:56.855,23587.2425
2026-08-20 19:20:57.271,23587.9362
2026-08-20 19:20:57.689,23588.327
2026-08-20 19:20:58.101,23588.7379
2026-08-20 19:20:58.519,23589.3449
2026-08-20 19:20:58.934,23589.6173
2026-08-20 19:20:59.348,23589.8377
2026-08-20 19:20:59.776,23589.9758
2026-08-20 19:21:00.189,23590.4709
2026-08-20 19:21:00.656,23590.5293
2026-08-20 19:21:01.089,23591.0803
2026-08-20 19:21:01.501,23590.9986
2026-08-20 19:21:01.914,23591.1479
2026-08-20 19:21:02.340,23590.9837
2026-08-20 19:21:02.753,23591.3503
2026-08-20 19:21:03.184,23591.3757
2026-08-20 19:21:03.602,23591.7757
2026-08-20 19:21:04.017,23591.9676
2026-08-20 19:21:04.443,23591.9705
2026-08-20 19:21:04.856,23592.2031
2026-08-20 19:21:05.298,23591.998
2026-08-20 19:21:05.725,23591.6071
2026-08-20 19:21:06.142,23591.522
2026-08-20 19:21:06.569,23591.662
2026-08-20 19:21:06.981,23591.641
2026-08-20 19:21:07.425,23591.9731
2026-08-20 19:21:07.838,23592.1864
2026-08-20 19:21:08.251,23592.263
2026-08-20 19:21:08.664,23592.3879
2026-08-20 19:21:09.090,23592.6451
2026-08-20 19:21:09.504,23592.8422
2026-08-20 19:21:09.918,23593.2563
2026-08-20 19:21:10.335,23593.3437
2026-08-20 19:21:10.748,23593.6281
2026-08-20 19:21:11.162,23594.116
2026-08-20 19:21:11.576,23594.5393
2026-08-20 19:21:12.021,23594.7643
2026-08-20 19:21:12.434,23595.1949
2026-08-20 19:21:12.847,23595.482
2026-08-20 19:21:13.259,23595.8229
2026-08-20 19:21:13.673,23595.9443
2026-08-20 19:21:14.087,23596.0486
2026-08-20 19:21:14.502,23596.4589
2026-08-20 19:21:14.914,23596.6959
2026-08-20 19:21:15.344,23597.0098
2026-08-20 19:21:15.771,23597.1201
2026-08-20 19:21:16.184,23597.3769
2026-08-20 19:21:16.596,23597.6972
2026-08-20 19:21:17.024,23597.8379
2026-08-20 19:21:17.442,23598.1243
2026-08-20 19:21:17.855,23598.3992
2026-08-20 19:21:18.367,23599.5147
2026-08-20 19:21:18.781,23600.2756
2026-08-20 19:21:19.207,23600.7318
2026-08-20 19:21:19.621,23601.2142
2026-08-20 19:21:20.055,23601.552
2026-08-20 19:21:20.467,23601.9704
2026-08-20 19:21:20.883,23602.3094
2026-08-20 19:21:21.303,23602.6484
2026-08-20 19:21:21.715,23603.0664
2026-08-20 19:21:22.127,23603.4992
2026-08-20 19:21:22.553,23603.8735
2026-08-20 19:21:23.016,23604.2998
2026-08-20 19:21:23.444,23604.6818
2026-08-20 19:21:23.857,23605.0376
2026-08-20 19:21:24.271,23605.3269
2026-08-20 19:21:24.684,23605.6131
2026-08-20 19:21:25.102,23605.8592
2026-08-20 19:21:25.516,23606.2517
2026-08-20 19:21:25.946,23606.6933
2026-08-20 19:21:26.359,23606.9953
2026-08-20 19:21:26.785,23607.3939
2026-08-20 19:21:27.207,23607.7288
2026-08-20 19:21:27.668,23608.0938
2026-08-20 19:21:28.097,23608.4802
2026-08-20 19:21:28.510,23608.7598
2026-08-20 19:21:28.923,23608.9406
2026-08-20 19:21:29.336,23609.2029
2026-08-20 19:21:29.748,23609.483
2026-08-20 19:21:30.189,23609.7804
2026-08-20 19:21:30.614,23610.1007
2026-08-20 19:21:31.027,23610.354
2026-08-20 19:21:31.440,23610.5644
2026-08-20 19:21:31.909,23610.8228
2026-08-20 19:21:32.342,23611.1029
2026-08-20 19:21:32.754,23611.2796
2026-08-20 19:21:33.167,23611.4926
2026-08-20 19:21:33.579,23611.7421
2026-08-20 19:21:34.007,23611.9825
2026-08-20 19:21:34.430,23612.2303
2026-08-20 19:21:34.927,23612.4223
2026-08-20 19:21:35.340,23612.5577
2026-08-20 19:21:35.756,23612.633
2026-08-20 19:21:36.222,23612.8563
2026-08-20 19:21:36.700,23613.067
2026-08-20 19:21:37.116,23613.3117
2026-08-20 19:21:37.528,23613.5936
2026-08-20 19:21:37.954,23613.8811
2026-08-20 19:21:38.368,23614.0396
2026-08-20 19:21:38.781,23614.4667
2026-08-20 19:21:39.194,23614.6539
2026-08-20 19:21:39.613,23614.907
2026-08-20 19:21:40.040,23615.2376
2026-08-20 19:21:40.458,23615.3465
2026-08-20 19:21:40.884,23615.5488
2026-08-20 19:21:41.375,23615.8445
2026-08-20 19:21:41.793,23615.9685
2026-08-20 19:21:42.213,23616.2656
2026-08-20 19:21:42.626,23616.3852
2026-08-20 19:21:43.039,23616.5021
2026-08-20 19:21:43.452,23616.3592
2026-08-20 19:21:43.865,23616.6849
2026-08-20 19:21:44.310,23616.7823
2026-08-20 19:21:44.724,23617.094
2026-08-20 19:21:45.137,23617.0144
2026-08-20 19:21:45.550,23617.1574
2026-08-20 19:21:45.962,23617.496
2026-08-20 19:21:46.405,23617.4995
2026-08-20 19:21:46.959,23617.701
2026-08-20 19:21:47.377,23617.7712
2026-08-20 19:21:47.801,23618.1079
2026-08-20 19:21:48.217,23618.0951
2026-08-20 19:21:48.630,23618.3576
2026-08-20 19:21:49.046,23618.4756
2026-08-20 19:21:49.466,23618.3796
2026-08-20 19:21:49.895,23618.4348
2026-08-20 19:21:50.322,23618.7869
2026-08-20 19:21:50.735,23618.5647
2026-08-20 19:21:51.148,23618.8336
2026-08-20 19:21:51.562,23618.668
2026-08-20 19:21:51.974,23618.6807
2026-08-20 19:21:52.385,23618.9798
2026-08-20 19:21:52.807,23618.884
2026-08-20 19:21:53.302,23619.0368
2026-08-20 19:21:53.714,23619.2338
2026-08-20 19:21:54.140,23619.543
2026-08-20 19:21:54.553,23619.6744
2026-08-20 19:21:55.014,23618.8822
2026-08-20 19:21:55.442,23617.2441
2026-08-20 19:21:55.859,23616.9012
2026-08-20 19:21:56.273,23617.3929
2026-08-20 19:21:56.686,23617.6639
2026-08-20 19:21:57.152,23617.9403
2026-08-20 19:21:57.578,23617.9875
2026-08-20 19:21:58.001,23618.3011
2026-08-20 19:21:58.414,23618.4355
2026-08-20 19:21:58.827,23618.4623
2026-08-20 19:21:59.265,23618.5285
2026-08-20 19:21:59.689,23618.7761
2026-08-20 19:22:00.102,23618.8987
2026-08-20 19:22:00.515,23619.1123
2026-08-20 19:22:00.940,23619.1352
2026-08-20 19:22:01.353,23619.2762
2026-08-20 19:22:01.766,23619.2623
2026-08-20 19:22:02.184,23619.5251
2026-08-20 19:22:02.597,23619.7816
2026-08-20 19:22:03.059,23620.0947
2026-08-20 19:22:03.472,23620.9771
2026-08-20 19:22:03.884,23622.9339
2026-08-20 19:22:04.302,23623.5731
2026-08-20 19:22:04.728,23623.9101
2026-08-20 19:22:05.187,23624.1967
2026-08-20 19:22:05.621,23624.3989
2026-08-20 19:22:06.035,23624.5467
2026-08-20 19:22:06.450,23624.4106
2026-08-20 19:22:06.864,23624.0829
2026-08-20 19:22:07.307,23624.0406
2026-08-20 19:22:07.721,23624.1401
2026-08-20 19:22:08.148,23624.4782
2026-08-20 19:22:08.560,23624.667
2026-08-20 19:22:08.987,23624.7342
2026-08-20 19:22:09.445,23624.8322
2026-08-20 19:22:09.867,23624.7805
2026-08-20 19:22:10.280,23624.825
2026-08-20 19:22:10.695,23624.8224
2026-08-20 19:22:11.107,23624.8602
2026-08-20 19:22:11.535,23624.8776
2026-08-20 19:22:11.965,23624.9695
2026-08-20 19:22:12.392,23624.8884
2026-08-20 19:22:12.821,23624.9647
2026-08-20 19:22:13.232,23624.9903
2026-08-20 19:22:13.698,23625.1047
2026-08-20 19:22:14.126,23625.177
2026-08-20 19:22:14.540,23624.8245
2026-08-20 19:22:14.965,23624.6546
2026-08-20 19:22:15.379,23624.9565
2026-08-20 19:22:15.822,23625.1856
2026-08-20 19:22:16.250,23625.3376
2026-08-20 19:22:16.662,23625.4991
2026-08-20 19:22:17.074,23625.62
2026-08-20 19:22:17.487,23625.7869
2026-08-20 19:22:17.953,23625.846
2026-08-20 19:22:18.374,23626.0261
2026-08-20 19:22:18.801,23626.0508
2026-08-20 19:22:19.215,23626.1173
2026-08-20 19:22:19.643,23626.2219
2026-08-20 19:22:20.058,23626.2107
2026-08-20 19:22:20.475,23626.2907
2026-08-20 19:22:20.910,23626.3285
2026-08-20 19:22:21.322,23626.4069
2026-08-20 19:22:21.755,23626.3592
2026-08-20 19:22:22.170,23626.3834
2026-08-20 19:22:22.631,23626.3233
2026-08-20 19:22:23.061,23626.2241
2026-08-20 19:22:23.473,23626.1521
2026-08-20 19:22:23.887,23626.0245
2026-08-20 19:22:24.307,23625.9646
2026-08-20 19:22:24.719,23625.8657
2026-08-20 19:22:25.163,23625.9582
2026-08-20 19:22:25.591,23625.8983
2026-08-20 19:22:26.005,23625.8327
2026-08-20 19:22:26.418,23625.8487
2026-08-20 19:22:26.836,23625.8794
2026-08-20 19:22:27.313,23625.8064
2026-08-20 19:22:27.726,23625.8563
2026-08-20 19:22:28.138,23625.8057
2026-08-20 19:22:28.567,23625.6897
2026-08-20 19:22:28.984,23625.5959
2026-08-20 19:22:29.417,23625.6203
2026-08-20 19:22:29.831,23625.4914
2026-08-20 19:22:30.244,23625.3144
2026-08-20 19:22:30.657,23625.2452
2026-08-20 19:22:31.131,23624.9842
2026-08-20 19:22:31.562,23624.7898
2026-08-20 19:22:31.973,23624.7503
2026-08-20 19:22:32.396,23624.5921
2026-08-20 19:22:32.824,23624.586
2026-08-20 19:22:33.250,23624.5303
2026-08-20 19:22:33.675,23624.2204
2026-08-20 19:22:34.088,23624.0452
2026-08-20 19:22:34.501,23624.0429
2026-08-20 19:22:34.914,23624.0867
2026-08-20 19:22:35.342,23623.8034
2026-08-20 19:22:35.756,23623.7655
2026-08-20 19:22:36.179,23623.5534
2026-08-20 19:22:36.594,23623.3937
2026-08-20 19:22:37.021,23623.0763
2026-08-20 19:22:37.437,23623.1141
2026-08-20 19:22:37.851,23622.9054
2026-08-20 19:22:38.271,23622.6116
2026-08-20 19:22:38.685,23622.4083
2026-08-20 19:22:39.103,23622.2207
2026-08-20 19:22:39.536,23621.9741
2026-08-20 19:22:39.950,23621.5453
2026-08-20 19:22:40.377,23621.3496
2026-08-20 19:22:40.806,23621.0407
2026-08-20 19:22:41.217,23620.9027
2026-08-20 19:22:41.681,23620.4088
2026-08-20 19:22:42.095,23620.128
2026-08-20 19:22:42.507,23619.7152
2026-08-20 19:22:42.919,23619.5144
2026-08-20 19:22:43.332,23619.1346
2026-08-20 19:22:43.744,23618.8166
2026-08-20 19:22:44.163,23618.6212
2026-08-20 19:22:44.580,23618.2982
2026-08-20 19:22:44.992,23617.9554
2026-08-20 19:22:45.411,23617.7291
2026-08-20 19:22:45.824,23617.5208
2026-08-20 19:22:46.244,23617.2852
2026-08-20 19:22:46.672,23617.0405
2026-08-20 19:22:47.086,23616.7531
2026-08-20 19:22:47.534,23616.4199
2026-08-20 19:22:47.946,23616.084
2026-08-20 19:22:48.360,23615.9216
2026-08-20 19:22:48.772,23615.6013
2026-08-20 19:22:49.198,23615.4275
2026-08-20 19:22:49.612,23615.2245
2026-08-20 19:22:50.024,23615.0695
2026-08-20 19:22:50.437,23614.9754
2026-08-20 19:22:50.895,23614.8612
2026-08-20 19:22:51.308,23614.5775
2026-08-20 19:22:51.720,23614.3494
2026-08-20 19:22:52.136,23614.0821
2026-08-20 19:22:52.551,23613.8239
2026-08-20 19:22:52.978,23613.6532
2026-08-20 19:22:53.394,23613.3685
2026-08-20 19:22:53.812,23613.0965
2026-08-20 19:22:54.226,23612.8541
2026-08-20 19:22:54.654,23612.5952
2026-08-20 19:22:55.067,23612.2112
2026-08-20 19:22:55.503,23611.8144
2026-08-20 19:22:55.970,23611.3954
2026-08-20 19:22:56.399,23611.016
2026-08-20 19:22:56.865,23610.5815
2026-08-20 19:22:57.278,23610.3132
2026-08-20 19:22:57.705,23610.0888
2026-08-20 19:22:58.118,23609.7181
2026-08-20 19:22:58.530,23609.5148
2026-08-20 19:22:58.945,23609.2097
2026-08-20 19:22:59.358,23608.8648
2026-08-20 19:22:59.787,23608.6525
2026-08-20 19:23:00.202,23608.2616
2026-08-20 19:23:00.623,23608.1934
2026-08-20 19:23:01.036,23607.6989
2026-08-20 19:23:01.450,23607.2622
2026-08-20 19:23:01.919,23606.5516
2026-08-20 19:23:02.343,23606.153
2026-08-20 19:23:02.757,23605.6072
2026-08-20 19:23:03.169,23605.2626
2026-08-20 19:23:03.591,23604.6865
2026-08-20 19:23:04.067,23604.1844
2026-08-20 19:23:04.480,23603.7174
2026-08-20 19:23:04.908,23603.4822
2026-08-20 19:23:05.320,23602.8958
2026-08-20 19:23:05.733,23602.8089
2026-08-20 19:23:06.157,23602.4944
2026-08-20 19:23:06.569,23602.0782
2026-08-20 19:23:06.987,23601.5229
2026-08-20 19:23:07.414,23601.0609
2026-08-20 19:23:07.831,23600.7826
2026-08-20 19:23:08.247,23600.405
2026-08-20 19:23:08.661,23599.9686
2026-08-20 19:23:09.127,23599.683
2026-08-20 19:23:09.554,23598.9857
2026-08-20 19:23:09.967,23598.9014
2026-08-20 19:23:10.378,23598.2557
2026-08-20 19:23:10.841,23597.9329
2026-08-20 19:23:11.258,23597.2588
2026-08-20 19:23:11.675,23596.8536
2026-08-20 19:23:12.088,23596.6449
2026-08-20 19:23:12.502,23596.3213
2026-08-20 19:23:12.914,23595.5764
2026-08-20 19:23:13.327,23595.2874
2026-08-20 19:23:13.756,23594.6135
2026-08-20 19:23:14.187,23594.2659
2026-08-20 19:23:14.600,23593.9088
2026-08-20 19:23:15.012,23593.2457
2026-08-20 19:23:15.424,23593.0833
2026-08-20 19:23:15.837,23592.5587
2026-08-20 19:23:16.250,23592.0614
2026-08-20 19:23:16.676,23591.932
2026-08-20 19:23:17.090,23591.2552
2026-08-20 19:23:17.501,23591.0613
2026-08-20 19:23:17.915,23590.4527
2026-08-20 19:23:18.328,23590.3078
2026-08-20 19:23:18.773,23590.1862
2026-08-20 19:23:19.188,23589.7097
2026-08-20 19:23:19.602,23589.4137
2026-08-20 19:23:20.015,23588.8611
2026-08-20 19:23:20.427,23588.4173
2026-08-20 19:23:20.856,23588.2641
2026-08-20 19:23:21.269,23587.4886
2026-08-20 19:23:21.734,23587.0188
2026-08-20 19:23:22.153,23586.6084
2026-08-20 19:23:22.567,23586.2788
2026-08-20 19:23:22.983,23586.1097
2026-08-20 19:23:23.398,23585.7712
2026-08-20 19:23:23.836,23585.1303
2026-08-20 19:23:24.249,23584.6273
2026-08-20 19:23:24.671,23584.3964
2026-08-20 19:23:25.083,23583.9227
2026-08-20 19:23:25.497,23583.7588
2026-08-20 19:23:25.958,23583.459
2026-08-20 19:23:26.380,23583.0288
2026-08-20 19:23:26.792,23582.7943
2026-08-20 19:23:27.219,23582.4795
2026-08-20 19:23:27.631,23582.1568
2026-08-20 19:23:28.053,23581.7753
2026-08-20 19:23:28.479,23581.5437
2026-08-20 19:23:28.893,23581.8682
2026-08-20 19:23:29.306,23581.3522
2026-08-20 19:23:29.718,23581.3015
2026-08-20 19:23:30.157,23581.0384
2026-08-20 19:23:30.570,23580.9373
2026-08-20 19:23:30.982,23580.6244
2026-08-20 19:23:31.407,23580.6861
2026-08-20 19:23:31.820,23580.2269
2026-08-20 19:23:32.262,23580.1749
2026-08-20 19:23:32.676,23579.8503
2026-08-20 19:23:33.094,23579.3013
2026-08-20 19:23:33.510,23578.7552
2026-08-20 19:23:33.926,23578.3241
2026-08-20 19:23:34.339,23578.0075
2026-08-20 19:23:34.834,23577.7
2026-08-20 19:23:35.247,23577.1441
2026-08-20 19:23:35.659,23576.7433
2026-08-20 19:23:36.083,23576.6979
2026-08-20 19:23:36.515,23576.3129
2026-08-20 19:23:36.940,23576.0812
2026-08-20 19:23:37.354,23575.8574
2026-08-20 19:23:37.768,23575.551
2026-08-20 19:23:38.196,23575.177
2026-08-20 19:23:38.621,23574.7759
2026-08-20 19:23:39.035,23574.3649
2026-08-20 19:23:39.448,23574.2605
2026-08-20 19:23:39.860,23573.9835
2026-08-20 19:23:40.273,23573.9527
2026-08-20 19:23:40.685,23573.6691
2026-08-20 19:23:41.160,23573.4655
2026-08-20 19:23:41.573,23573.2177
2026-08-20 19:23:41.985,23573.0012
2026-08-20 19:23:42.469,23572.7986
2026-08-20 19:23:42.903,23572.4714
2026-08-20 19:23:43.316,23572.1742
2026-08-20 19:23:43.731,23572.0026
2026-08-20 19:23:44.143,23571.7417
2026-08-20 19:23:44.571,23571.5508
2026-08-20 19:23:44.983,23571.2941
2026-08-20 19:23:45.409,23571.034
2026-08-20 19:23:45.829,23570.8189
2026-08-20 19:23:46.241,23570.5064
2026-08-20 19:23:46.673,23570.2225
2026-08-20 19:23:47.085,23569.992
2026-08-20 19:23:47.499,23569.7755
2026-08-20 19:23:47.912,23569.4218
2026-08-20 19:23:48.340,23569.1691
2026-08-20 19:23:48.752,23568.7609
2026-08-20 19:23:49.176,23568.5066
2026-08-20 19:23:49.588,23568.1311
2026-08-20 19:23:50.006,23567.9781
2026-08-20 19:23:50.418,23567.3805
2026-08-20 19:23:50.834,23566.7203
2026-08-20 19:23:51.295,23566.5053
2026-08-20 19:23:51.711,23566.1038
2026-08-20 19:23:52.125,23566.0655
2026-08-20 19:23:52.538,23565.7742
2026-08-20 19:23:52.965,23565.5734
2026-08-20 19:23:53.400,23565.2293
2026-08-20 19:23:53.819,23564.6932
2026-08-20 19:23:54.232,23564.3902
2026-08-20 19:23:54.651,23564.4495
2026-08-20 19:23:55.079,23564.1586
2026-08-20 19:23:55.503,23563.5468
2026-08-20 19:23:55.922,23563.2047
2026-08-20 19:23:56.340,23562.9236
2026-08-20 19:23:56.752,23562.5944
2026-08-20 19:23:57.177,23562.402
2026-08-20 19:23:57.610,23562.0267
2026-08-20 19:23:58.036,23560.9139
2026-08-20 19:23:58.456,23560.9396
2026-08-20 19:23:58.870,23560.844
2026-08-20 19:23:59.282,23560.6672
2026-08-20 19:23:59.714,23560.5106
2026-08-20 19:24:00.127,23560.303
2026-08-20 19:24:00.562,23559.9479
2026-08-20 19:24:00.977,23559.6796
2026-08-20 19:24:01.390,23559.5493
2026-08-20 19:24:01.804,23559.183
2026-08-20 19:24:02.217,23558.8137
2026-08-20 19:24:02.637,23558.8297
2026-08-20 19:24:03.050,23558.575
2026-08-20 19:24:03.475,23558.2701
2026-08-20 19:24:03.890,23558.0889
2026-08-20 19:24:04.305,23557.7176
2026-08-20 19:24:04.743,23557.3602
2026-08-20 19:24:05.156,23557.1248
2026-08-20 19:24:05.573,23556.85
2026-08-20 19:24:05.986,23556.5302
2026-08-20 19:24:06.400,23555.9832
2026-08-20 19:24:06.875,23555.8227
2026-08-20 19:24:07.288,23555.5906
2026-08-20 19:24:07.715,23555.1801
2026-08-20 19:24:08.127,23554.9892
2026-08-20 19:24:08.562,23554.7356
2026-08-20 19:24:08.980,23554.4476
2026-08-20 19:24:09.393,23554.2749
2026-08-20 19:24:09.805,23553.897
2026-08-20 19:24:10.219,23553.5281
2026-08-20 19:24:10.641,23553.3541
2026-08-20 19:24:11.066,23553.0244
2026-08-20 19:24:11.493,23552.7111
2026-08-20 19:24:11.913,23552.2684
2026-08-20 19:24:12.325,23551.9797
2026-08-20 19:24:12.759,23551.7383
2026-08-20 19:24:13.175,23551.3857
2026-08-20 19:24:13.600,23550.9775
2026-08-20 19:24:14.012,23550.7572
2026-08-20 19:24:14.435,23550.2806
2026-08-20 19:24:14.847,23550.0474
2026-08-20 19:24:15.281,23549.6661
2026-08-20 19:24:15.693,23549.5098
2026-08-20 19:24:16.115,23549.0633
2026-08-20 19:24:16.541,23548.8187
2026-08-20 19:24:16.969,23548.5037
2026-08-20 19:24:17.390,23547.6261
2026-08-20 19:24:17.803,23547.2464
2026-08-20 19:24:18.219,23547.1293
2026-08-20 19:24:18.634,23546.702
2026-08-20 19:24:19.062,23546.2338
2026-08-20 19:24:19.515,23546.1217
2026-08-20 19:24:19.926,23545.6403
2026-08-20 19:24:20.339,23545.4369
2026-08-20 19:24:20.752,23545.1174
2026-08-20 19:24:21.168,23544.6929
2026-08-20 19:24:21.600,23544.6084
2026-08-20 19:24:22.013,23544.5032
2026-08-20 19:24:22.427,23544.1089
2026-08-20 19:24:22.839,23544.1179
2026-08-20 19:24:23.263,23543.7843
2026-08-20 19:24:23.724,23543.566
2026-08-20 19:24:24.135,23543.4333
2026-08-20 19:24:24.548,23542.8671
2026-08-20 19:24:24.960,23542.9871
2026-08-20 19:24:25.374,23542.7973
2026-08-20 19:24:25.845,23542.4744
2026-08-20 19:24:26.257,23542.2756
2026-08-20 19:24:26.691,23541.7933
2026-08-20 19:24:27.104,23541.4137
2026-08-20 19:24:27.516,23541.1624
2026-08-20 19:24:27.952,23540.6138
2026-08-20 19:24:28.364,23540.4459
2026-08-20 19:24:28.777,23540.0944
2026-08-20 19:24:29.188,23539.5721
2026-08-20 19:24:29.602,23539.5008
2026-08-20 19:24:30.029,23538.92
2026-08-20 19:24:30.452,23538.7726
2026-08-20 19:24:30.870,23538.3711
2026-08-20 19:24:31.286,23538.0181
2026-08-20 19:24:31.698,23537.4629
2026-08-20 19:24:32.129,23536.99
2026-08-20 19:24:32.542,23536.9251
2026-08-20 19:24:32.955,23536.4908
2026-08-20 19:24:33.369,23536.3847
2026-08-20 19:24:33.836,23536.0274
2026-08-20 19:24:34.263,23535.5209
2026-08-20 19:24:34.685,23534.7853
2026-08-20 19:24:35.102,23534.4741
2026-08-20 19:24:35.514,23534.0319
2026-08-20 19:24:35.927,23533.9253
2026-08-20 19:24:36.360,23533.4366
2026-08-20 19:24:36.779,23533.0992
2026-08-20 19:24:37.205,23532.793
2026-08-20 19:24:37.625,23532.3911
2026-08-20 19:24:38.042,23532.2181
2026-08-20 19:24:38.469,23531.9758
2026-08-20 19:24:38.886,23531.8296
2026-08-20 19:24:39.301,23531.5637
2026-08-20 19:24:39.714,23531.3263
2026-08-20 19:24:40.126,23531.3051
2026-08-20 19:24:40.572,23530.9453
2026-08-20 19:24:40.986,23530.8684
2026-08-20 19:24:41.413,23530.6337
2026-08-20 19:24:41.835,23530.5071
2026-08-20 19:24:42.263,23530.3518
2026-08-20 19:24:42.682,23530.049
2026-08-20 19:24:43.094,23529.8187
2026-08-20 19:24:43.516,23529.7776
2026-08-20 19:24:43.930,23529.5967
2026-08-20 19:24:44.343,23529.2885
2026-08-20 19:24:44.755,23529.166
2026-08-20 19:24:45.180,23529.078
2026-08-20 19:24:45.609,23528.8715
2026-08-20 19:24:46.022,23528.6109
2026-08-20 19:24:46.440,23528.5358
2026-08-20 19:24:46.851,23528.3571
2026-08-20 19:24:47.279,23527.9742
2026-08-20 19:24:47.716,23527.7863
2026-08-20 19:24:48.128,23527.6362
2026-08-20 19:24:48.557,23527.3816
2026-08-20 19:24:48.972,23527.2021
2026-08-20 19:24:49.384,23526.9501
2026-08-20 19:24:49.822,23526.7497
2026-08-20 19:24:50.234,23526.5544
2026-08-20 19:24:50.645,23526.4736
2026-08-20 19:24:51.058,23526.2373
2026-08-20 19:24:51.471,23526.1299
2026-08-20 19:24:51.890,23525.8651
2026-08-20 19:24:52.381,23525.5693
2026-08-20 19:24:52.794,23525.3479
2026-08-20 19:24:53.209,23525.1365
2026-08-20 19:24:53.670,23524.9182
2026-08-20 19:24:54.087,23524.6489
2026-08-20 19:24:54.500,23524.4597
2026-08-20 19:24:54.914,23524.224
2026-08-20 19:24:55.335,23524.0685
2026-08-20 19:24:55.748,23523.8737
2026-08-20 19:24:56.182,23523.6914
2026-08-20 19:24:56.594,23523.3275
2026-08-20 19:24:57.007,23523.0272
2026-08-20 19:24:57.420,23522.9065
2026-08-20 19:24:57.847,23522.7765
2026-08-20 19:24:58.287,23522.6775
2026-08-20 19:24:58.700,23522.4708
2026-08-20 19:24:59.127,23522.3194
2026-08-20 19:24:59.541,23522.3421
2026-08-20 19:24:59.954,23522.1427
2026-08-20 19:25:00.392,23522.0944
2026-08-20 19:25:00.804,23521.9188
2026-08-20 19:25:01.217,23521.7863
2026-08-20 19:25:01.643,23521.4367
2026-08-20 19:25:02.054,23521.4934
2026-08-20 19:25:02.476,23521.3549
2026-08-20 19:25:02.890,23521.217
2026-08-20 19:25:03.307,23521.0605
2026-08-20 19:25:03.721,23521.0503
2026-08-20 19:25:04.133,23520.9028
2026-08-20 19:25:04.545,23520.8305
2026-08-20 19:25:04.958,23520.7534
2026-08-20 19:25:05.370,23520.6398
2026-08-20 19:25:05.835,23520.566
2026-08-20 19:25:06.250,23520.4509
2026-08-20 19:25:06.711,23520.356
2026-08-20 19:25:07.169,23520.2985
2026-08-20 19:25:07.629,23520.2339
2026-08-20 19:25:08.046,23520.2173
2026-08-20 19:25:08.460,23520.0537
2026-08-20 19:25:08.873,23519.9533
2026-08-20 19:25:09.284,23519.8239
2026-08-20 19:25:09.698,23519.6832
2026-08-20 19:25:10.122,23519.3465
2026-08-20 19:25:10.548,23519.268
2026-08-20 19:25:10.960,23519.2114
2026-08-20 19:25:11.373,23519.109
2026-08-20 19:25:11.787,23518.9887
2026-08-20 19:25:12.227,23519.0478
2026-08-20 19:25:12.641,23518.9345
2026-08-20 19:25:13.054,23518.7614
2026-08-20 19:25:13.466,23518.5049
2026-08-20 19:25:13.879,23518.4299
2026-08-20 19:25:14.316,23518.2511
2026-08-20 19:25:14.736,23518.0902
2026-08-20 19:25:15.152,23517.9049
2026-08-20 19:25:15.564,23517.8164
2026-08-20 19:25:16.031,23517.7727
2026-08-20 19:25:16.461,23517.5717
2026-08-20 19:25:16.873,23517.574
2026-08-20 19:25:17.286,23517.4299
2026-08-20 19:25:17.706,23517.5183
2026-08-20 19:25:18.134,23517.4899
2026-08-20 19:25:18.551,23517.2797
2026-08-20 19:25:18.968,23517.2257
2026-08-20 19:25:19.393,23517.2592
2026-08-20 19:25:19.806,23516.7888
2026-08-20 19:25:20.219,23516.8091
2026-08-20 19:25:20.644,23516.5864
2026-08-20 19:25:21.064,23516.4447
2026-08-20 19:25:21.476,23516.5214
2026-08-20 19:25:21.902,23516.2626
2026-08-20 19:25:22.320,23516.4608
2026-08-20 19:25:22.735,23516.2848
2026-08-20 19:25:23.167,23515.7748
2026-08-20 19:25:23.583,23515.85
2026-08-20 19:25:23.997,23515.8318
2026-08-20 19:25:24.411,23515.5842
2026-08-20 19:25:24.836,23515.2079
2026-08-20 19:25:25.261,23515.3445
2026-08-20 19:25:25.675,23515.55
2026-08-20 19:25:26.112,23515.2286
2026-08-20 19:25:26.524,23515.4292
2026-08-20 19:25:26.952,23515.8712
2026-08-20 19:25:27.364,23515.818
2026-08-20 19:25:27.789,23516.0946
2026-08-20 19:25:28.201,23515.954
2026-08-20 19:25:28.613,23516.361
2026-08-20 19:25:29.025,23516.397
2026-08-20 19:25:29.451,23516.7332
2026-08-20 19:25:29.881,23516.8698
2026-08-20 19:25:30.299,23517.0357
2026-08-20 19:25:30.717,23517.1684
2026-08-20 19:25:31.131,23517.3034
2026-08-20 19:25:31.544,23517.2172
2026-08-20 19:25:31.972,23517.4361
2026-08-20 19:25:32.384,23517.5525
2026-08-20 19:25:32.797,23517.3479
2026-08-20 19:25:33.210,23517.7021
2026-08-20 19:25:33.622,23517.5251
2026-08-20 19:25:34.085,23517.7377
2026-08-20 19:25:34.521,23517.6676
2026-08-20 19:25:34.938,23517.537
2026-08-20 19:25:35.351,23517.6253
2026-08-20 19:25:35.776,23517.8275
2026-08-20 19:25:36.190,23517.7511
2026-08-20 19:25:36.617,23517.3393
2026-08-20 19:25:37.033,23516.993
2026-08-20 19:25:37.447,23517.1455
2026-08-20 19:25:37.861,23517.3022
2026-08-20 19:25:38.293,23517.3208
2026-08-20 19:25:38.705,23517.6144
2026-08-20 19:25:39.119,23517.2682
2026-08-20 19:25:39.539,23517.1003
2026-08-20 19:25:39.960,23517.2238
2026-08-20 19:25:40.388,23517.0804
2026-08-20 19:25:40.802,23517.3306
2026-08-20 19:25:41.214,23517.0828
2026-08-20 19:25:41.651,23517.254
2026-08-20 19:25:42.063,23517.0528
2026-08-20 19:25:42.492,23516.8328
2026-08-20 19:25:42.906,23516.9278
2026-08-20 19:25:43.323,23516.8623
2026-08-20 19:25:43.750,23516.6652
2026-08-20 19:25:44.163,23516.7337
2026-08-20 19:25:44.600,23516.3632
2026-08-20 19:25:45.012,23516.0268
2026-08-20 19:25:45.427,23516.2889
2026-08-20 19:25:45.842,23516.4806
2026-08-20 19:25:46.267,23516.3361
2026-08-20 19:25:46.680,23516.5053
2026-08-20 19:25:47.092,23516.4261
2026-08-20 19:25:47.541,23516.4824
2026-08-20 19:25:47.968,23516.5718
2026-08-20 19:25:48.380,23516.722
2026-08-20 19:25:48.807,23516.7101
2026-08-20 19:25:49.221,23516.9301
2026-08-20 19:25:49.637,23516.9332
2026-08-20 19:25:50.063,23516.9548
2026-08-20 19:25:50.479,23517.0466
2026-08-20 19:25:50.896,23517.1408
2026-08-20 19:25:51.309,23517.0027
2026-08-20 19:25:51.744,23516.6808
2026-08-20 19:25:52.156,23516.4272
2026-08-20 19:25:52.583,23516.2743
2026-08-20 19:25:52.995,23516.2058
2026-08-20 19:25:53.409,23516.1259
2026-08-20 19:25:53.877,23513.6579
2026-08-20 19:25:54.290,23512.3825
2026-08-20 19:25:54.702,23511.7113
2026-08-20 19:25:55.114,23511.356
2026-08-20 19:25:55.548,23511.1123
2026-08-20 19:25:55.964,23510.9996
2026-08-20 19:25:56.390,23510.8873
2026-08-20 19:25:56.806,23510.7916
2026-08-20 19:25:57.218,23510.784
2026-08-20 19:25:57.633,23510.8624
2026-08-20 19:25:58.064,23510.8772
2026-08-20 19:25:58.489,23510.7104
2026-08-20 19:25:58.901,23510.735
2026-08-20 19:25:59.313,23510.8767
2026-08-20 19:25:59.739,23510.9396
2026-08-20 19:26:00.168,23511.1145
2026-08-20 19:26:00.584,23510.9179
2026-08-20 19:26:01.002,23511.0146
2026-08-20 19:26:01.419,23511.1993
2026-08-20 19:26:01.832,23511.3373
2026-08-20 19:26:02.265,23511.0193
2026-08-20 19:26:02.679,23511.2276
2026-08-20 19:26:03.092,23511.4814
2026-08-20 19:26:03.518,23511.1463
2026-08-20 19:26:03.931,23511.3166
2026-08-20 19:26:04.369,23511.0703
2026-08-20 19:26:04.781,23511.2411
2026-08-20 19:26:05.196,23511.6458
2026-08-20 19:26:05.609,23511.514
2026-08-20 19:26:06.022,23511.4351
2026-08-20 19:26:06.437,23511.8929
2026-08-20 19:26:06.856,23511.9063
2026-08-20 19:26:07.282,23511.677
2026-08-20 19:26:07.701,23511.9689
2026-08-20 19:26:08.114,23512.1856
2026-08-20 19:26:08.527,23512.2615
2026-08-20 19:26:08.953,23512.6174
2026-08-20 19:26:09.368,23512.5521
2026-08-20 19:26:09.788,23512.6733
2026-08-20 19:26:10.225,23512.7551
2026-08-20 19:26:10.649,23507.1027
2026-08-20 19:26:11.070,23505.4484
2026-08-20 19:26:11.483,23505.4061
2026-08-20 19:26:11.902,23507.3434
2026-08-20 19:26:12.316,23508.4522
2026-08-20 19:26:12.728,23509.1866
2026-08-20 19:26:13.149,23510.147
2026-08-20 19:26:13.577,23510.8418
2026-08-20 19:26:14.002,23511.1687
2026-08-20 19:26:14.415,23511.7718
2026-08-20 19:26:14.827,23512.2619
2026-08-20 19:26:15.254,23513.2345
2026-08-20 19:26:15.681,23513.849
2026-08-20 19:26:16.094,23514.6243
2026-08-20 19:26:16.509,23515.1507
2026-08-20 19:26:16.922,23515.591
2026-08-20 19:26:17.362,23515.8874
2026-08-20 19:26:17.774,23516.2553
2026-08-20 19:26:18.188,23516.544
2026-08-20 19:26:18.614,23516.7464
2026-08-20 19:26:19.040,23516.9798
2026-08-20 19:26:19.463,23517.1116
2026-08-20 19:26:19.875,23517.2421
2026-08-20 19:26:20.302,23517.4163
2026-08-20 19:26:20.716,23517.4469
2026-08-20 19:26:21.142,23517.5112
2026-08-20 19:26:21.606,23517.5536
2026-08-20 19:26:22.018,23518.255
2026-08-20 19:26:22.444,23518.2553
2026-08-20 19:26:22.857,23518.0211
2026-08-20 19:26:23.277,23518.2403
2026-08-20 19:26:23.694,23518.4918
2026-08-20 19:26:24.121,23518.715
2026-08-20 19:26:24.533,23518.607
2026-08-20 19:26:24.968,23518.3855
2026-08-20 19:26:25.380,23518.4795
2026-08-20 19:26:25.813,23519.2299
2026-08-20 19:26:26.231,23519.3782
2026-08-20 19:26:26.643,23519.3835
2026-08-20 19:26:27.055,23519.2638
2026-08-20 19:26:27.481,23519.7852
2026-08-20 19:26:27.904,23519.6745
2026-08-20 19:26:28.318,23519.7212
2026-08-20 19:26:28.737,23520.0341
2026-08-20 19:26:29.150,23520.2315
2026-08-20 19:26:29.576,23520.158
2026-08-20 19:26:30.010,23520.5618
2026-08-20 19:26:30.428,23520.7996
2026-08-20 19:26:30.844,23520.9661
2026-08-20 19:26:31.259,23520.8477
2026-08-20 19:26:31.720,23521.0378
2026-08-20 19:26:32.148,23521.2848
2026-08-20 19:26:32.560,23521.5845
2026-08-20 19:26:32.974,23521.5015
2026-08-20 19:26:33.387,23521.8501
2026-08-20 19:26:33.806,23522.1954
2026-08-20 19:26:34.227,23522.6063
2026-08-20 19:26:34.641,23523.0308
2026-08-20 19:26:35.054,23523.1377
2026-08-20 19:26:35.466,23523.5778
2026-08-20 19:26:35.885,23524.1994
2026-08-20 19:26:36.344,23524.539
2026-08-20 19:26:36.763,23525.0708
2026-08-20 19:26:37.177,23525.4251
2026-08-20 19:26:37.594,23525.5612
2026-08-20 19:26:38.007,23525.9497
2026-08-20 19:26:38.445,23526.4886
2026-08-20 19:26:38.858,23526.4936
2026-08-20 19:26:39.271,23525.6127
2026-08-20 19:26:39.685,23524.9922
2026-08-20 19:26:40.097,23524.772
2026-08-20 19:26:40.512,23524.0933
2026-08-20 19:26:40.933,23523.9426
2026-08-20 19:26:41.374,23523.8332
2026-08-20 19:26:41.786,23523.8472
2026-08-20 19:26:42.198,23524.2139
2026-08-20 19:26:42.611,23524.2319
2026-08-20 19:26:43.030,23524.2391
2026-08-20 19:26:43.442,23524.379
2026-08-20 19:26:43.855,23524.7778
2026-08-20 19:26:44.269,23524.6205
2026-08-20 19:26:44.683,23524.7227
2026-08-20 19:26:45.096,23525.1387
2026-08-20 19:26:45.510,23525.1412
2026-08-20 19:26:45.930,23525.1211
2026-08-20 19:26:46.342,23525.27
2026-08-20 19:26:46.769,23525.6207
2026-08-20 19:26:47.196,23525.4193
