Address,GPIB0::22::INSTR
Model,34461A
Serial Number:,MY60051737
Firmware Version,A.03.03-03.15-03.03-00.52-04-03
Start Time,2026-08-20 20:10:01.539
Stop Time,2026-08-20 21:05:19.543
,
Time (s),Channel 1 (Ω)
2026-08-20 20:10:02.026,22634.8527
2026-08-20 20:10:02.471,22635.4546
2026-08-20 20:10:02.883,22635.8983
2026-08-20 20:10:03.310,22636.4849
2026-08-20 20:10:03.737,22636.9689
2026-08-20 20:10:04.159,22637.534
2026-08-20 20:10:04.654,22638.3566
2026-08-20 20:10:05.066,22638.8165
2026-08-20 20:10:05.535,22639.7362
2026-08-20 20:10:05.957,22640.0964
2026-08-20 20:10:06.371,22640.745
2026-08-20 20:10:06.794,22641.3644
2026-08-20 20:10:07.208,22642.0113
2026-08-20 20:10:07.657,22642.7273
2026-08-20 20:10:08.070,22643.255
2026-08-20 20:10:08.484,22643.9574
2026-08-20 20:10:08.912,22644.4927
2026-08-20 20:10:09.338,22645.0842
2026-08-20 20:10:09.801,22645.8719
2026-08-20 20:10:10.240,22646.3836
2026-08-20 20:10:10.651,22646.9515
2026-08-20 20:10:11.064,22647.5616
2026-08-20 20:10:11.477,22648.193
2026-08-20 20:10:11.889,22648.7468
2026-08-20 20:10:12.302,22649.361
2026-08-20 20:10:12.716,22649.7572
2026-08-20 20:10:13.128,22650.2243
2026-08-20 20:10:13.547,22650.8197
2026-08-20 20:10:13.973,22651.3584
2026-08-20 20:10:14.392,22651.9346
2026-08-20 20:10:14.805,22652.5612
2026-08-20 20:10:15.234,22653.125
2026-08-20 20:10:15.671,22653.696
2026-08-20 20:10:16.091,22654.3119
2026-08-20 20:10:16.509,22654.7913
2026-08-20 20:10:16.925,22655.4022
2026-08-20 20:10:17.339,22656.0937
2026-08-20 20:10:17.766,22656.7021
2026-08-20 20:10:18.178,22657.2972
2026-08-20 20:10:18.599,22657.96
2026-08-20 20:10:19.011,22658.5193
2026-08-20 20:10:19.436,22659.0276
2026-08-20 20:10:19.940,22659.7502
2026-08-20 20:10:20.414,22660.3672
2026-08-20 20:10:20.830,22660.9861
2026-08-20 20:10:21.244,22661.5205
2026-08-20 20:10:21.662,22662.1165
2026-08-20 20:10:22.090,22662.7286
2026-08-20 20:10:22.502,22663.3019
2026-08-20 20:10:22.940,22664.0103
2026-08-20 20:10:23.353,22664.577
2026-08-20 20:10:23.764,22665.0479
2026-08-20 20:10:24.191,22665.6632
2026-08-20 20:10:24.604,22666.3124
2026-08-20 20:10:25.016,22666.9115
2026-08-20 20:10:25.429,22667.5159
2026-08-20 20:10:25.843,22667.9155
2026-08-20 20:10:26.255,22668.4601
2026-08-20 20:10:26.699,22669.0222
2026-08-20 20:10:27.111,22669.6026
2026-08-20 20:10:27.544,22670.0349
2026-08-20 20:10:27.955,22670.5793
2026-08-20 20:10:28.367,22671.3621
2026-08-20 20:10:28.780,22671.7373
2026-08-20 20:10:29.195,22672.3204
2026-08-20 20:10:29.660,22672.8324
2026-08-20 20:10:30.077,22673.4432
2026-08-20 20:10:30.495,22674.1052
2026-08-20 20:10:30.908,22674.6977
2026-08-20 20:10:31.322,22675.2109
2026-08-20 20:10:31.822,22675.6921
2026-08-20 20:10:32.241,22676.3283
2026-08-20 20:10:32.659,22676.9219
2026-08-20 20:10:33.073,22677.5068
2026-08-20 20:10:33.494,22678.1943
2026-08-20 20:10:33.906,22678.7871
2026-08-20 20:10:34.319,22679.2185
2026-08-20 20:10:34.756,22679.7997
2026-08-20 20:10:35.168,22680.6043
2026-08-20 20:10:35.581,22681.2508
2026-08-20 20:10:35.992,22681.7515
2026-08-20 20:10:36.419,22682.5371
2026-08-20 20:10:36.900,22683.158
2026-08-20 20:10:37.312,22683.5664
2026-08-20 20:10:37.725,22684.3964
2026-08-20 20:10:38.141,22684.8769
2026-08-20 20:10:38.553,22685.4535
2026-08-20 20:10:39.001,22686.3314
2026-08-20 20:10:39.430,22686.9844
2026-08-20 20:10:39.842,22687.6108
2026-08-20 20:10:40.255,22687.979
2026-08-20 20:10:40.668,22688.6278
2026-08-20 20:10:41.082,22689.3032
2026-08-20 20:10:41.501,22689.8358
2026-08-20 20:10:41.946,22690.1849
2026-08-20 20:10:42.361,22690.9439
2026-08-20 20:10:42.772,22691.4568
2026-08-20 20:10:43.191,22692.0807
2026-08-20 20:10:43.610,22692.6475
2026-08-20 20:10:44.076,22693.1097
2026-08-20 20:10:44.523,22693.8169
2026-08-20 20:10:44.949,22694.3519
2026-08-20 20:10:45.417,22695.1807
2026-08-20 20:10:45.829,22695.5419
2026-08-20 20:10:46.241,22696.359
2026-08-20 20:10:46.656,22696.9921
2026-08-20 20:10:47.079,22697.6699
2026-08-20 20:10:47.513,22698.3466
2026-08-20 20:10:47.931,22699.1284
2026-08-20 20:10:48.349,22699.8774
2026-08-20 20:10:48.764,22700.6621
2026-08-20 20:10:49.191,22701.4253
2026-08-20 20:10:49.651,22702.1207
2026-08-20 20:10:50.086,22702.9845
2026-08-20 20:10:50.498,22703.6874
2026-08-20 20:10:50.911,22704.2363
2026-08-20 20:10:51.349,22704.9596
2026-08-20 20:10:51.770,22705.681
2026-08-20 20:10:52.184,22706.4378
2026-08-20 20:10:52.609,22707.2405
2026-08-20 20:10:53.021,22708.0317
2026-08-20 20:10:53.489,22708.7507
2026-08-20 20:10:53.917,22709.6564
2026-08-20 20:10:54.342,22710.2604
2026-08-20 20:10:54.756,22710.9317
2026-08-20 20:10:55.169,22711.495
2026-08-20 20:10:55.582,22712.0512
2026-08-20 20:10:56.011,22712.7241
2026-08-20 20:10:56.424,22713.4063
2026-08-20 20:10:56.836,22714.1045
2026-08-20 20:10:57.257,22714.7408
2026-08-20 20:10:57.678,22715.3337
2026-08-20 20:10:58.140,22716.0297
2026-08-20 20:10:58.564,22716.7337
2026-08-20 20:10:58.976,22717.5233
2026-08-20 20:10:59.393,22722.9835
2026-08-20 20:10:59.806,22804.0904
2026-08-20 20:11:00.218,22957.4599
2026-08-20 20:11:00.654,23178.5486
2026-08-20 20:11:01.068,23293.4689
2026-08-20 20:11:01.483,23065.8486
2026-08-20 20:11:01.905,22875.0282
2026-08-20 20:11:02.317,22751.9177
2026-08-20 20:11:02.736,22772.1833
2026-08-20 20:11:03.149,22906.9052
2026-08-20 20:11:03.562,23105.2036
2026-08-20 20:11:03.990,23350.1418
2026-08-20 20:11:04.484,23686.1028
2026-08-20 20:11:04.951,23977.1341
2026-08-20 20:11:05.370,24321.7336
2026-08-20 20:11:05.794,24217.6695
2026-08-20 20:11:06.207,23903.3674
2026-08-20 20:11:06.635,23603.7766
2026-08-20 20:11:07.055,23331.7395
2026-08-20 20:11:07.478,23085.3089
2026-08-20 20:11:07.972,22867.6412
2026-08-20 20:11:08.384,22766.5964
2026-08-20 20:11:08.852,22812.46
2026-08-20 20:11:09.265,22949.727
2026-08-20 20:11:09.678,23156.29
2026-08-20 20:11:10.097,23408.6841
2026-08-20 20:11:10.524,23688.0782
2026-08-20 20:11:10.946,23990.0213
2026-08-20 20:11:11.439,24342.033
2026-08-20 20:11:11.907,24189.9457
2026-08-20 20:11:12.326,23841.1632
2026-08-20 20:11:12.740,23553.7892
2026-08-20 20:11:13.165,23285.9755
2026-08-20 20:11:13.576,23046.1821
2026-08-20 20:11:13.989,22875.9167
2026-08-20 20:11:14.427,22773.4122
2026-08-20 20:11:14.841,22754.2531
2026-08-20 20:11:15.259,22754.7059
2026-08-20 20:11:15.672,22754.5358
2026-08-20 20:11:16.083,22754.6504
2026-08-20 20:11:16.511,22754.5751
2026-08-20 20:11:16.924,22754.8102
2026-08-20 20:11:17.336,22754.6763
2026-08-20 20:11:17.749,22754.6353
2026-08-20 20:11:18.250,22754.8289
2026-08-20 20:11:18.668,22754.7823
2026-08-20 20:11:19.082,22754.707
2026-08-20 20:11:19.496,22759.1289
2026-08-20 20:11:19.908,22834.4499
2026-08-20 20:11:20.321,22980.6386
2026-08-20 20:11:20.734,23190.4139
2026-08-20 20:11:21.146,23312.8368
2026-08-20 20:11:21.558,23089.6269
2026-08-20 20:11:21.970,22901.0985
2026-08-20 20:11:22.383,22782.5938
2026-08-20 20:11:22.797,22789.9618
2026-08-20 20:11:23.219,22912.3213
2026-08-20 20:11:23.633,23107.471
2026-08-20 20:11:24.061,23350.7117
2026-08-20 20:11:24.473,23630.3124
2026-08-20 20:11:24.887,23917.7713
2026-08-20 20:11:25.300,24220.6432
2026-08-20 20:11:25.725,24347.5612
2026-08-20 20:11:26.139,24039.4695
2026-08-20 20:11:26.575,23742.3488
2026-08-20 20:11:27.003,23447.1129
2026-08-20 20:11:27.417,23182.642
2026-08-20 20:11:27.829,22973.9539
2026-08-20 20:11:28.241,22835.9992
2026-08-20 20:11:28.662,22782.2887
2026-08-20 20:11:29.081,22866.9993
2026-08-20 20:11:29.494,23024.9324
2026-08-20 20:11:29.911,23247.3764
2026-08-20 20:11:30.323,23511.2832
2026-08-20 20:11:30.738,23792.4864
2026-08-20 20:11:31.152,24089.6845
2026-08-20 20:11:31.576,24365.7316
2026-08-20 20:11:31.991,24176.9139
2026-08-20 20:11:32.403,23871.0775
2026-08-20 20:11:32.877,23543.4662
2026-08-20 20:11:33.305,23268.5982
2026-08-20 20:11:33.728,23040.525
2026-08-20 20:11:34.141,22876.2264
2026-08-20 20:11:34.554,22787.7096
2026-08-20 20:11:35.020,22774.0618
2026-08-20 20:11:35.448,22774.4648
2026-08-20 20:11:35.860,22774.3611
2026-08-20 20:11:36.284,22774.1908
2026-08-20 20:11:36.696,22773.9846
2026-08-20 20:11:37.108,22773.7428
2026-08-20 20:11:37.526,22773.259
2026-08-20 20:11:38.002,22773.4118
2026-08-20 20:11:38.430,22773.2379
2026-08-20 20:11:38.845,22773.0578
2026-08-20 20:11:39.258,22772.9152
2026-08-20 20:11:39.672,22773.0591
2026-08-20 20:11:40.148,22772.9922
2026-08-20 20:11:40.569,22773.0053
2026-08-20 20:11:40.984,22773.1093
2026-08-20 20:11:41.403,22773.1881
2026-08-20 20:11:41.820,22773.3458
2026-08-20 20:11:42.237,22773.6226
2026-08-20 20:11:42.662,22773.7989
2026-08-20 20:11:43.075,22773.8293
2026-08-20 20:11:43.487,22774.2948
2026-08-20 20:11:43.901,22774.5823
2026-08-20 20:11:44.324,22775.2132
2026-08-20 20:11:44.738,22775.6708
2026-08-20 20:11:45.151,22776.3482
2026-08-20 20:11:45.578,22776.8407
2026-08-20 20:11:45.994,22777.2182
2026-08-20 20:11:46.406,22777.5529
2026-08-20 20:11:46.849,22777.6388
2026-08-20 20:11:47.263,22778.0778
2026-08-20 20:11:47.684,22778.4544
2026-08-20 20:11:48.097,22778.9055
2026-08-20 20:11:48.525,22779.5018
2026-08-20 20:11:48.938,22779.8167
2026-08-20 20:11:49.371,22780.4314
2026-08-20 20:11:49.799,22780.8704
2026-08-20 20:11:50.221,22781.2227
2026-08-20 20:11:50.636,22781.4955
2026-08-20 20:11:51.049,22782.0065
2026-08-20 20:11:51.475,22782.3652
2026-08-20 20:11:51.893,22782.7668
2026-08-20 20:11:52.307,22783.3546
2026-08-20 20:11:52.721,22783.7223
2026-08-20 20:11:53.133,22784.1762
2026-08-20 20:11:53.597,22784.7441
2026-08-20 20:11:54.030,22785.0921
2026-08-20 20:11:54.443,22785.7884
2026-08-20 20:11:54.856,22786.1972
2026-08-20 20:11:55.269,22786.8564
2026-08-20 20:11:55.682,22787.4989
2026-08-20 20:11:56.123,22787.9607
2026-08-20 20:11:56.536,22788.5419
2026-08-20 20:11:56.953,22789.13
2026-08-20 20:11:57.381,22789.7359
2026-08-20 20:11:57.794,22790.2451
2026-08-20 20:11:58.233,22790.8103
2026-08-20 20:11:58.647,22791.2706
2026-08-20 20:11:59.063,22791.7592
2026-08-20 20:11:59.477,22792.2135
2026-08-20 20:11:59.890,22792.7042
2026-08-20 20:12:00.309,22793.1358
2026-08-20 20:12:00.738,22793.5816
2026-08-20 20:12:01.174,22793.9779
2026-08-20 20:12:01.587,22794.4711
2026-08-20 20:12:02.001,22794.9182
2026-08-20 20:12:02.425,22795.4738
2026-08-20 20:12:02.838,22795.9016
2026-08-20 20:12:03.260,22796.3356
2026-08-20 20:12:03.677,22796.7541
2026-08-20 20:12:04.107,22797.0734
2026-08-20 20:12:04.520,22797.6471
2026-08-20 20:12:04.945,22798.2281
2026-08-20 20:12:05.357,22798.8783
2026-08-20 20:12:05.771,22799.4935
2026-08-20 20:12:06.236,22800.096
2026-08-20 20:12:06.650,22800.5538
2026-08-20 20:12:07.069,22801.0292
2026-08-20 20:12:07.481,22801.4183
2026-08-20 20:12:07.915,22801.8783
2026-08-20 20:12:08.357,22802.4075
2026-08-20 20:12:08.769,22803.0393
2026-08-20 20:12:09.187,22803.4929
2026-08-20 20:12:09.601,22804.068
2026-08-20 20:12:10.024,22804.5274
2026-08-20 20:12:10.484,22805.0266
2026-08-20 20:12:10.897,22805.7026
2026-08-20 20:12:11.309,22806.0494
2026-08-20 20:12:11.720,22806.7539
2026-08-20 20:12:12.155,22807.1863
2026-08-20 20:12:12.582,22807.4173
2026-08-20 20:12:12.995,22807.8335
2026-08-20 20:12:13.407,22807.862
2026-08-20 20:12:13.820,22808.4721
2026-08-20 20:12:14.232,22808.6179
2026-08-20 20:12:14.698,22808.9224
2026-08-20 20:12:15.117,22809.4963
2026-08-20 20:12:15.529,22809.7666
2026-08-20 20:12:15.943,22810.6205
2026-08-20 20:12:16.356,22810.9678
2026-08-20 20:12:16.772,22811.2317
2026-08-20 20:12:17.237,22811.9377
2026-08-20 20:12:17.652,22812.268
2026-08-20 20:12:18.065,22812.9998
2026-08-20 20:12:18.478,22813.5661
2026-08-20 20:12:18.891,22813.9656
2026-08-20 20:12:19.362,22815.0458
2026-08-20 20:12:19.777,22815.4333
2026-08-20 20:12:20.189,22816.0598
2026-08-20 20:12:20.602,22816.8407
2026-08-20 20:12:21.016,22817.1279
2026-08-20 20:12:21.441,22817.7862
2026-08-20 20:12:21.856,22818.3068
2026-08-20 20:12:22.323,22819.2912
2026-08-20 20:12:22.737,22819.7714
2026-08-20 20:12:23.150,22820.545
2026-08-20 20:12:23.569,22821.2473
2026-08-20 20:12:23.983,22821.8119
2026-08-20 20:12:24.442,22822.5848
2026-08-20 20:12:24.856,22823.042
2026-08-20 20:12:25.269,22823.8731
2026-08-20 20:12:25.695,22824.3352
2026-08-20 20:12:26.113,22825.153
2026-08-20 20:12:26.540,22825.692
2026-08-20 20:12:26.952,22826.1239
2026-08-20 20:12:27.390,22826.7529
2026-08-20 20:12:27.812,22827.3018
2026-08-20 20:12:28.224,22827.9875
2026-08-20 20:12:28.651,22828.5449
2026-08-20 20:12:29.078,22829.1198
2026-08-20 20:12:29.515,22829.7362
2026-08-20 20:12:29.939,22830.3276
2026-08-20 20:12:30.353,22830.8387
2026-08-20 20:12:30.779,22831.2062
2026-08-20 20:12:31.201,22831.916
2026-08-20 20:12:31.613,22832.5002
2026-08-20 20:12:32.029,22833.1229
2026-08-20 20:12:32.459,22833.6331
2026-08-20 20:12:32.872,22834.2855
2026-08-20 20:12:33.305,22834.801
2026-08-20 20:12:33.717,22835.4854
2026-08-20 20:12:34.129,22836.2031
2026-08-20 20:12:34.542,22836.7485
2026-08-20 20:12:34.955,22837.2536
2026-08-20 20:12:35.368,22837.8039
2026-08-20 20:12:35.781,22838.2103
2026-08-20 20:12:36.194,22838.8673
2026-08-20 20:12:36.606,22839.4919
2026-08-20 20:12:37.026,22840.0075
2026-08-20 20:12:37.452,22840.575
2026-08-20 20:12:37.919,22841.3204
2026-08-20 20:12:38.332,22841.9812
2026-08-20 20:12:38.746,22842.6811
2026-08-20 20:12:39.174,22843.4199
2026-08-20 20:12:39.586,22844.2324
2026-08-20 20:12:40.009,22845.012
2026-08-20 20:12:40.423,22845.761
2026-08-20 20:12:40.866,22846.5185
2026-08-20 20:12:41.279,22847.255
2026-08-20 20:12:41.699,22847.9497
2026-08-20 20:12:42.115,22848.7277
2026-08-20 20:12:42.542,22849.4653
2026-08-20 20:12:42.955,22850.1711
2026-08-20 20:12:43.367,22850.887
2026-08-20 20:12:43.846,22851.6284
2026-08-20 20:12:44.258,22852.3185
2026-08-20 20:12:44.672,22852.9953
2026-08-20 20:12:45.087,22853.646
2026-08-20 20:12:45.514,22854.2925
2026-08-20 20:12:45.940,22855.0119
2026-08-20 20:12:46.402,22855.8636
2026-08-20 20:12:46.824,22856.5475
2026-08-20 20:12:47.241,22857.2058
2026-08-20 20:12:47.667,22857.8876
2026-08-20 20:12:48.078,22858.5279
2026-08-20 20:12:48.502,22859.3006
2026-08-20 20:12:48.925,22860.009
2026-08-20 20:12:49.345,22860.682
2026-08-20 20:12:49.760,22861.3472
2026-08-20 20:12:50.176,22862.0302
2026-08-20 20:12:50.588,22862.6439
2026-08-20 20:12:51.016,22863.3044
2026-08-20 20:12:51.432,22864.0185
2026-08-20 20:12:51.844,22864.6763
2026-08-20 20:12:52.337,22865.4265
2026-08-20 20:12:52.806,22866.1255
2026-08-20 20:12:53.232,22866.7423
2026-08-20 20:12:53.646,22867.3959
2026-08-20 20:12:54.059,22868.0412
2026-08-20 20:12:54.498,22868.6894
2026-08-20 20:12:54.915,22869.3866
2026-08-20 20:12:55.328,22870.0402
2026-08-20 20:12:55.756,22870.7578
2026-08-20 20:12:56.177,22871.3501
2026-08-20 20:12:56.604,22872.0173
2026-08-20 20:12:57.023,22872.7008
2026-08-20 20:12:57.444,22873.3205
2026-08-20 20:12:57.856,22873.9968
2026-08-20 20:12:58.268,22874.6899
2026-08-20 20:12:58.690,22875.2232
2026-08-20 20:12:59.104,22875.8711
2026-08-20 20:12:59.529,22876.5393
2026-08-20 20:13:00.027,22877.2859
2026-08-20 20:13:00.453,22877.8206
2026-08-20 20:13:00.875,22878.4749
2026-08-20 20:13:01.288,22879.1577
2026-08-20 20:13:01.711,22879.8684
2026-08-20 20:13:02.124,22880.6695
2026-08-20 20:13:02.550,22881.4464
2026-08-20 20:13:02.966,22882.2296
2026-08-20 20:13:03.379,22883.2004
2026-08-20 20:13:03.837,22884.1093
2026-08-20 20:13:04.255,22884.9505
2026-08-20 20:13:04.667,22885.6528
2026-08-20 20:13:05.095,22886.24
2026-08-20 20:13:05.507,22886.9945
2026-08-20 20:13:05.939,22887.7217
2026-08-20 20:13:06.366,22888.4685
2026-08-20 20:13:06.782,22889.2022
2026-08-20 20:13:07.196,22890.0173
2026-08-20 20:13:07.608,22890.6809
2026-08-20 20:13:08.090,22891.5424
2026-08-20 20:13:08.502,22892.0824
2026-08-20 20:13:08.918,22892.7571
2026-08-20 20:13:09.330,22890.3055
2026-08-20 20:13:09.746,22888.452
2026-08-20 20:13:10.159,22888.0556
2026-08-20 20:13:10.573,22888.1949
2026-08-20 20:13:11.005,22888.4974
2026-08-20 20:13:11.433,22889.3054
2026-08-20 20:13:11.856,22889.8419
2026-08-20 20:13:12.270,22890.5921
2026-08-20 20:13:12.683,22891.2344
2026-08-20 20:13:13.121,22892.1929
2026-08-20 20:13:13.532,22892.9398
2026-08-20 20:13:13.959,22893.5096
2026-08-20 20:13:14.379,22894.478
2026-08-20 20:13:14.796,22895.3557
2026-08-20 20:13:15.261,22896.4617
2026-08-20 20:13:15.687,22897.4276
2026-08-20 20:13:16.100,22898.4231
2026-08-20 20:13:16.518,22899.1443
2026-08-20 20:13:16.929,22899.8938
2026-08-20 20:13:17.341,22900.8376
2026-08-20 20:13:17.753,22901.603
2026-08-20 20:13:18.220,22902.5058
2026-08-20 20:13:18.633,22903.1878
2026-08-20 20:13:19.053,22903.9365
2026-08-20 20:13:19.465,22904.6276
2026-08-20 20:13:19.897,22905.5354
2026-08-20 20:13:20.308,22906.3568
2026-08-20 20:13:20.721,22907.38
2026-08-20 20:13:21.157,22908.0539
2026-08-20 20:13:21.573,22908.7794
2026-08-20 20:13:22.001,22909.6956
2026-08-20 20:13:22.413,22910.3985
2026-08-20 20:13:22.841,22911.2131
2026-08-20 20:13:23.288,22911.739
2026-08-20 20:13:23.701,22912.6845
2026-08-20 20:13:24.114,22913.2581
2026-08-20 20:13:24.543,22914.137
2026-08-20 20:13:24.962,22914.8017
2026-08-20 20:13:25.375,22915.5811
2026-08-20 20:13:25.791,22916.4769
2026-08-20 20:13:26.218,22917.3409
2026-08-20 20:13:26.646,22918.2582
2026-08-20 20:13:27.067,22918.9819
2026-08-20 20:13:27.479,22919.8358
2026-08-20 20:13:27.891,22920.4684
2026-08-20 20:13:28.317,22921.305
2026-08-20 20:13:28.733,22922.0141
2026-08-20 20:13:29.168,22922.8548
2026-08-20 20:13:29.580,22923.6612
2026-08-20 20:13:29.992,22924.3241
2026-08-20 20:13:30.419,22925.0997
2026-08-20 20:13:30.879,22925.8481
2026-08-20 20:13:31.296,22926.7404
2026-08-20 20:13:31.758,22927.6318
2026-08-20 20:13:32.219,22928.545
2026-08-20 20:13:32.646,22929.3076
2026-08-20 20:13:33.060,22929.9368
2026-08-20 20:13:33.474,22930.7256
2026-08-20 20:13:33.886,22931.4215
2026-08-20 20:13:34.300,22932.2174
2026-08-20 20:13:34.731,22932.9397
2026-08-20 20:13:35.145,22933.682
2026-08-20 20:13:35.557,22934.4809
2026-08-20 20:13:35.993,22935.1517
2026-08-20 20:13:36.407,22935.9588
2026-08-20 20:13:36.873,22936.896
2026-08-20 20:13:37.298,22937.5975
2026-08-20 20:13:37.712,22938.3651
2026-08-20 20:13:38.136,22939.0642
2026-08-20 20:13:38.550,22939.91
2026-08-20 20:13:38.983,22940.5411
2026-08-20 20:13:39.409,22941.3969
2026-08-20 20:13:39.835,22942.2151
2026-08-20 20:13:40.248,22943.062
2026-08-20 20:13:40.661,22943.7702
2026-08-20 20:13:41.127,22944.6728
2026-08-20 20:13:41.543,22945.3482
2026-08-20 20:13:41.956,22946.1294
2026-08-20 20:13:42.389,22946.8364
2026-08-20 20:13:42.803,22947.5907
2026-08-20 20:13:43.239,22948.4691
2026-08-20 20:13:43.663,22949.312
2026-08-20 20:13:44.077,22950.0442
2026-08-20 20:13:44.501,22950.8943
2026-08-20 20:13:44.927,22951.666
2026-08-20 20:13:45.360,22952.2202
2026-08-20 20:13:45.775,22953.0882
2026-08-20 20:13:46.191,22953.8182
2026-08-20 20:13:46.605,22954.0991
2026-08-20 20:13:47.016,22954.7945
2026-08-20 20:13:47.428,22955.6462
2026-08-20 20:13:47.840,22956.0602
2026-08-20 20:13:48.267,22956.9659
2026-08-20 20:13:48.760,22957.5193
2026-08-20 20:13:49.172,22958.4713
2026-08-20 20:13:49.645,22959.0949
2026-08-20 20:13:50.091,22960.1776
2026-08-20 20:13:50.503,22960.7731
2026-08-20 20:13:50.915,22961.5375
2026-08-20 20:13:51.333,22962.6292
2026-08-20 20:13:51.745,22963.3977
2026-08-20 20:13:52.157,22963.9174
2026-08-20 20:13:52.569,22964.9406
2026-08-20 20:13:52.996,22965.6229
2026-08-20 20:13:53.425,22966.5287
2026-08-20 20:13:53.839,22967.1244
2026-08-20 20:13:54.260,22968.1228
2026-08-20 20:13:54.678,22968.9347
2026-08-20 20:13:55.095,22969.8565
2026-08-20 20:13:55.521,22970.7497
2026-08-20 20:13:55.935,22971.323
2026-08-20 20:13:56.347,22972.3537
2026-08-20 20:13:56.766,22973.0656
2026-08-20 20:13:57.177,22973.8191
2026-08-20 20:13:57.590,22974.5851
2026-08-20 20:13:58.004,22975.6443
2026-08-20 20:13:58.429,22976.2645
2026-08-20 20:13:58.841,22977.3073
2026-08-20 20:13:59.259,22978.077
2026-08-20 20:13:59.688,22978.8694
2026-08-20 20:14:00.099,22979.8475
2026-08-20 20:14:00.512,22980.4679
2026-08-20 20:14:00.936,22981.5086
2026-08-20 20:14:01.364,22982.1995
2026-08-20 20:14:01.776,22983.1371
2026-08-20 20:14:02.206,22983.8666
2026-08-20 20:14:02.618,22984.9429
2026-08-20 20:14:03.031,22985.4619
2026-08-20 20:14:03.453,22986.4144
2026-08-20 20:14:03.869,22987.1302
2026-08-20 20:14:04.310,22988.0752
2026-08-20 20:14:04.735,22988.9341
2026-08-20 20:14:05.152,22989.6435
2026-08-20 20:14:05.570,22990.5802
2026-08-20 20:14:05.989,22991.4494
2026-08-20 20:14:06.403,22992.2984
2026-08-20 20:14:06.823,22993.0958
2026-08-20 20:14:07.237,22993.998
2026-08-20 20:14:07.668,22994.7044
2026-08-20 20:14:08.095,22995.5865
2026-08-20 20:14:08.507,22996.2942
2026-08-20 20:14:08.919,22997.2661
2026-08-20 20:14:09.350,22997.9887
2026-08-20 20:14:09.766,22998.8381
2026-08-20 20:14:10.211,22999.7017
2026-08-20 20:14:10.630,23000.5098
2026-08-20 20:14:11.043,23001.2854
2026-08-20 20:14:11.470,23002.0802
2026-08-20 20:14:11.891,23002.7941
2026-08-20 20:14:12.314,23003.5554
2026-08-20 20:14:12.727,23004.3681
2026-08-20 20:14:13.149,23005.0547
2026-08-20 20:14:13.562,23005.7521
2026-08-20 20:14:13.976,23006.3333
2026-08-20 20:14:14.448,23007.2318
2026-08-20 20:14:14.898,23008.0417
2026-08-20 20:14:15.325,23008.853
2026-08-20 20:14:15.750,23009.5121
2026-08-20 20:14:16.163,23010.2733
2026-08-20 20:14:16.597,23010.8856
2026-08-20 20:14:17.011,23011.7718
2026-08-20 20:14:17.424,23012.4614
2026-08-20 20:14:17.850,23013.4462
2026-08-20 20:14:18.263,23014.4205
2026-08-20 20:14:18.689,23015.196
2026-08-20 20:14:19.102,23015.8008
2026-08-20 20:14:19.542,23016.6825
2026-08-20 20:14:19.970,23017.3763
2026-08-20 20:14:20.395,23017.9207
2026-08-20 20:14:20.807,23018.711
2026-08-20 20:14:21.226,23019.1721
2026-08-20 20:14:21.669,23019.8609
2026-08-20 20:14:22.109,23020.8115
2026-08-20 20:14:22.521,23021.3042
2026-08-20 20:14:22.933,23022.286
2026-08-20 20:14:23.356,23022.727
2026-08-20 20:14:23.774,23023.6524
2026-08-20 20:14:24.201,23024.4117
2026-08-20 20:14:24.615,23025.3989
2026-08-20 20:14:25.027,23026.0152
2026-08-20 20:14:25.439,23026.8151
2026-08-20 20:14:25.852,23027.6311
2026-08-20 20:14:26.270,23028.2881
2026-08-20 20:14:26.682,23028.8691
2026-08-20 20:14:27.127,23029.6608
2026-08-20 20:14:27.540,23030.5189
2026-08-20 20:14:27.955,23031.2956
2026-08-20 20:14:28.368,23031.8255
2026-08-20 20:14:28.781,23032.6511
2026-08-20 20:14:29.206,23033.3588
2026-08-20 20:14:29.618,23034.1594
2026-08-20 20:14:30.032,23034.8139
2026-08-20 20:14:30.470,23035.528
2026-08-20 20:14:30.893,23036.365
2026-08-20 20:14:31.306,23037.0675
2026-08-20 20:14:31.719,23038.0469
2026-08-20 20:14:32.186,23038.672
2026-08-20 20:14:32.604,23039.5752
2026-08-20 20:14:33.018,23040.4803
2026-08-20 20:14:33.446,23041.1079
2026-08-20 20:14:33.872,23041.9044
2026-08-20 20:14:34.285,23042.5574
2026-08-20 20:14:34.697,23043.3191
2026-08-20 20:14:35.110,23043.8615
2026-08-20 20:14:35.572,23044.6578
2026-08-20 20:14:35.984,23045.4593
2026-08-20 20:14:36.398,23046.1736
2026-08-20 20:14:36.821,23046.7489
2026-08-20 20:14:37.285,23047.5521
2026-08-20 20:14:37.700,23048.4184
2026-08-20 20:14:38.145,23049.1722
2026-08-20 20:14:38.558,23049.9168
2026-08-20 20:14:38.972,23050.4467
2026-08-20 20:14:39.474,23051.3261
2026-08-20 20:14:39.886,23052.1459
2026-08-20 20:14:40.299,23052.8872
2026-08-20 20:14:40.727,23053.6863
2026-08-20 20:14:41.188,23054.4789
2026-08-20 20:14:41.601,23055.2487
2026-08-20 20:14:42.014,23055.7963
2026-08-20 20:14:42.440,23056.719
2026-08-20 20:14:42.854,23057.3241
2026-08-20 20:14:43.268,23058.2356
2026-08-20 20:14:43.735,23059.0418
2026-08-20 20:14:44.159,23059.8647
2026-08-20 20:14:44.626,23060.6764
2026-08-20 20:14:45.073,23061.4249
2026-08-20 20:14:45.486,23062.2202
2026-08-20 20:14:45.949,23063.0056
2026-08-20 20:14:46.361,23063.793
2026-08-20 20:14:46.773,23064.5561
2026-08-20 20:14:47.186,23065.342
2026-08-20 20:14:47.604,23066.077
2026-08-20 20:14:48.016,23066.8474
2026-08-20 20:14:48.442,23067.6449
2026-08-20 20:14:48.859,23068.4432
2026-08-20 20:14:49.273,23069.1507
2026-08-20 20:14:49.686,23069.8832
2026-08-20 20:14:50.099,23070.6992
2026-08-20 20:14:50.524,23071.4071
2026-08-20 20:14:50.937,23072.186
2026-08-20 20:14:51.363,23072.8197
2026-08-20 20:14:51.782,23073.5848
2026-08-20 20:14:52.195,23074.3543
2026-08-20 20:14:52.606,23074.9991
2026-08-20 20:14:53.026,23075.7035
2026-08-20 20:14:53.471,23076.4552
2026-08-20 20:14:53.885,23077.0258
2026-08-20 20:14:54.299,23077.7904
2026-08-20 20:14:54.712,23078.4687
2026-08-20 20:14:55.130,23078.9966
2026-08-20 20:14:55.543,23079.6096
2026-08-20 20:14:55.968,23080.587
2026-08-20 20:14:56.409,23081.2101
2026-08-20 20:14:56.828,23081.9803
2026-08-20 20:14:57.254,23082.6846
2026-08-20 20:14:57.670,23083.5762
2026-08-20 20:14:58.081,23084.2643
2026-08-20 20:14:58.513,23085.1763
2026-08-20 20:14:58.927,23085.845
2026-08-20 20:14:59.388,23086.8451
2026-08-20 20:14:59.821,23087.6032
2026-08-20 20:15:00.234,23088.4853
2026-08-20 20:15:00.662,23089.0871
2026-08-20 20:15:01.076,23089.9172
2026-08-20 20:15:01.505,23090.6921
2026-08-20 20:15:01.918,23091.2095
2026-08-20 20:15:02.346,23092.1096
2026-08-20 20:15:02.765,23092.6901
2026-08-20 20:15:03.178,23093.5695
2026-08-20 20:15:03.639,23094.4334
2026-08-20 20:15:04.051,23095.42
2026-08-20 20:15:04.465,23096.2292
2026-08-20 20:15:04.877,23096.8536
2026-08-20 20:15:05.290,23097.6522
2026-08-20 20:15:05.706,23098.3912
2026-08-20 20:15:06.118,23099.0631
2026-08-20 20:15:06.541,23100.0101
2026-08-20 20:15:06.971,23100.7095
2026-08-20 20:15:07.408,23101.7799
2026-08-20 20:15:07.821,23102.4712
2026-08-20 20:15:08.246,23103.203
2026-08-20 20:15:08.664,23103.9512
2026-08-20 20:15:09.077,23104.7408
2026-08-20 20:15:09.493,23105.6481
2026-08-20 20:15:09.958,23106.4154
2026-08-20 20:15:10.370,23107.2309
2026-08-20 20:15:10.782,23108.0589
2026-08-20 20:15:11.209,23108.8418
2026-08-20 20:15:11.623,23109.6252
2026-08-20 20:15:12.035,23110.2832
2026-08-20 20:15:12.479,23111.0872
2026-08-20 20:15:12.908,23111.989
2026-08-20 20:15:13.320,23112.6356
2026-08-20 20:15:13.732,23113.4526
2026-08-20 20:15:14.144,23114.2979
2026-08-20 20:15:14.557,23114.9631
2026-08-20 20:15:14.971,23115.6491
2026-08-20 20:15:15.433,23116.5405
2026-08-20 20:15:15.847,23117.3005
2026-08-20 20:15:16.264,23118.0744
2026-08-20 20:15:16.693,23119.0122
2026-08-20 20:15:17.113,23119.7323
2026-08-20 20:15:17.529,23120.454
2026-08-20 20:15:17.945,23121.1719
2026-08-20 20:15:18.377,23121.9731
2026-08-20 20:15:18.789,23122.7608
2026-08-20 20:15:19.224,23123.6551
2026-08-20 20:15:19.651,23124.4532
2026-08-20 20:15:20.066,23125.0231
2026-08-20 20:15:20.509,23126.0445
2026-08-20 20:15:20.942,23126.9102
2026-08-20 20:15:21.354,23127.5864
2026-08-20 20:15:21.781,23128.038
2026-08-20 20:15:22.194,23128.6434
2026-08-20 20:15:22.620,23129.1346
2026-08-20 20:15:23.052,23129.9481
2026-08-20 20:15:23.463,23130.6985
2026-08-20 20:15:23.897,23131.3948
2026-08-20 20:15:24.310,23132.229
2026-08-20 20:15:24.737,23133.2885
2026-08-20 20:15:25.154,23133.8748
2026-08-20 20:15:25.568,23134.6055
2026-08-20 20:15:25.980,23135.5304
2026-08-20 20:15:26.395,23135.923
2026-08-20 20:15:26.812,23136.4436
2026-08-20 20:15:27.238,23137.1976
2026-08-20 20:15:27.653,23137.6712
2026-08-20 20:15:28.065,23138.494
2026-08-20 20:15:28.493,23138.9544
2026-08-20 20:15:28.924,23139.8852
2026-08-20 20:15:29.338,23140.3924
2026-08-20 20:15:29.751,23141.0235
2026-08-20 20:15:30.164,23141.8756
2026-08-20 20:15:30.578,23142.4308
2026-08-20 20:15:30.991,23143.5572
2026-08-20 20:15:31.454,23144.5736
2026-08-20 20:15:31.869,23145.5351
2026-08-20 20:15:32.283,23146.3673
2026-08-20 20:15:32.696,23146.957
2026-08-20 20:15:33.109,23147.9462
2026-08-20 20:15:33.535,23148.5701
2026-08-20 20:15:33.998,23149.4165
2026-08-20 20:15:34.425,23150.3344
2026-08-20 20:15:34.889,23151.2039
2026-08-20 20:15:35.392,23151.7681
2026-08-20 20:15:35.810,23152.7778
2026-08-20 20:15:36.222,23154.1252
2026-08-20 20:15:36.637,23155.5247
2026-08-20 20:15:37.049,23156.7547
2026-08-20 20:15:37.482,23157.3446
2026-08-20 20:15:37.894,23157.9831
2026-08-20 20:15:38.307,23158.7613
2026-08-20 20:15:38.733,23159.2241
2026-08-20 20:15:39.162,23160.1313
2026-08-20 20:15:39.574,23160.6006
2026-08-20 20:15:39.988,23161.2636
2026-08-20 20:15:40.401,23161.6831
2026-08-20 20:15:40.824,23162.5564
2026-08-20 20:15:41.252,23163.102
2026-08-20 20:15:41.745,23163.8976
2026-08-20 20:15:42.157,23164.7121
2026-08-20 20:15:42.571,23165.5649
2026-08-20 20:15:42.984,23166.0238
2026-08-20 20:15:43.398,23166.8457
2026-08-20 20:15:43.825,23167.6
2026-08-20 20:15:44.238,23168.2536
2026-08-20 20:15:44.661,23169.0246
2026-08-20 20:15:45.074,23169.8262
2026-08-20 20:15:45.499,23170.3104
2026-08-20 20:15:45.916,23171.1985
2026-08-20 20:15:46.329,23171.8199
2026-08-20 20:15:46.741,23172.5143
2026-08-20 20:15:47.168,23173.2187
2026-08-20 20:15:47.636,23173.9844
2026-08-20 20:15:48.067,23174.8616
2026-08-20 20:15:48.481,23175.5094
2026-08-20 20:15:48.893,23176.3146
2026-08-20 20:15:49.322,23177.0541
2026-08-20 20:15:49.735,23177.8263
2026-08-20 20:15:50.167,23178.3249
2026-08-20 20:15:50.579,23179.2313
2026-08-20 20:15:50.991,23179.8654
2026-08-20 20:15:51.405,23180.5812
2026-08-20 20:15:51.826,23181.4163
2026-08-20 20:15:52.239,23182.1717
2026-08-20 20:15:52.655,23182.5976
2026-08-20 20:15:53.072,23183.253
2026-08-20 20:15:53.547,23184.3365
2026-08-20 20:15:53.961,23185.2178
2026-08-20 20:15:54.379,23185.831
2026-08-20 20:15:54.792,23186.5796
2026-08-20 20:15:55.205,23187.3766
2026-08-20 20:15:55.619,23188.0344
2026-08-20 20:15:56.045,23188.549
2026-08-20 20:15:56.472,23189.468
2026-08-20 20:15:56.886,23190.0657
2026-08-20 20:15:57.317,23190.7201
2026-08-20 20:15:57.730,23191.5022
2026-08-20 20:15:58.145,23192.4173
2026-08-20 20:15:58.559,23193.0415
2026-08-20 20:15:58.995,23193.6513
2026-08-20 20:15:59.409,23194.4638
2026-08-20 20:15:59.823,23195.35
2026-08-20 20:16:00.237,23195.9126
2026-08-20 20:16:00.650,23196.6102
2026-08-20 20:16:01.063,23197.4429
2026-08-20 20:16:01.480,23198.0676
2026-08-20 20:16:01.893,23198.712
2026-08-20 20:16:02.312,23199.4428
2026-08-20 20:16:02.726,23200.0797
2026-08-20 20:16:03.145,23200.696
2026-08-20 20:16:03.558,23201.5302
2026-08-20 20:16:03.973,23202.5273
2026-08-20 20:16:04.387,23203.1105
2026-08-20 20:16:04.852,23203.7045
2026-08-20 20:16:05.263,23204.3132
2026-08-20 20:16:05.691,23204.8559
2026-08-20 20:16:06.111,23205.5181
2026-08-20 20:16:06.529,23206.3147
2026-08-20 20:16:06.946,23207.11
2026-08-20 20:16:07.358,23207.8777
2026-08-20 20:16:07.772,23208.589
2026-08-20 20:16:08.184,23209.3099
2026-08-20 20:16:08.651,23210.1248
2026-08-20 20:16:09.073,23210.7967
2026-08-20 20:16:09.487,23211.5643
2026-08-20 20:16:09.899,23212.2645
2026-08-20 20:16:10.312,23213.0027
2026-08-20 20:16:10.724,23213.687
2026-08-20 20:16:11.150,23214.4442
2026-08-20 20:16:11.562,23215.0686
2026-08-20 20:16:12.000,23215.8664
2026-08-20 20:16:12.412,23216.5358
2026-08-20 20:16:12.829,23217.1177
2026-08-20 20:16:13.260,23217.7624
2026-08-20 20:16:13.677,23218.6394
2026-08-20 20:16:14.091,23219.3358
2026-08-20 20:16:14.503,23219.8939
2026-08-20 20:16:14.937,23220.8112
2026-08-20 20:16:15.403,23221.3889
2026-08-20 20:16:15.815,23222.2987
2026-08-20 20:16:16.228,23222.9897
2026-08-20 20:16:16.643,23223.5028
2026-08-20 20:16:17.069,23224.2983
2026-08-20 20:16:17.532,23224.968
2026-08-20 20:16:17.946,23225.7069
2026-08-20 20:16:18.359,23226.3336
2026-08-20 20:16:18.771,23226.5049
2026-08-20 20:16:19.183,23226.8426
2026-08-20 20:16:19.628,23227.4993
2026-08-20 20:16:20.040,23228.268
2026-08-20 20:16:20.459,23229.14
2026-08-20 20:16:20.874,23229.9961
2026-08-20 20:16:21.287,23230.9248
2026-08-20 20:16:21.714,23231.624
2026-08-20 20:16:22.125,23232.58
2026-08-20 20:16:22.550,23233.2324
2026-08-20 20:16:22.966,23234.3447
2026-08-20 20:16:23.392,23235.0992
2026-08-20 20:16:23.810,23236.1522
2026-08-20 20:16:24.224,23236.8466
2026-08-20 20:16:24.658,23237.5135
2026-08-20 20:16:25.070,23238.3487
2026-08-20 20:16:25.510,23239.1949
2026-08-20 20:16:25.924,23240.0904
2026-08-20 20:16:26.336,23240.7514
2026-08-20 20:16:26.764,23241.7889
2026-08-20 20:16:27.177,23242.6551
2026-08-20 20:16:27.642,23243.6467
2026-08-20 20:16:28.055,23244.4207
2026-08-20 20:16:28.469,23245.4374
2026-08-20 20:16:28.897,23246.2573
2026-08-20 20:16:29.311,23246.909
2026-08-20 20:16:29.724,23247.9326
2026-08-20 20:16:30.136,23248.6481
2026-08-20 20:16:30.578,23249.4357
2026-08-20 20:16:30.995,23250.2284
2026-08-20 20:16:31.407,23251.0121
2026-08-20 20:16:31.820,23251.7741
2026-08-20 20:16:32.245,23252.2563
2026-08-20 20:16:32.726,23253.066
2026-08-20 20:16:33.147,23253.9739
2026-08-20 20:16:33.560,23254.6756
2026-08-20 20:16:34.032,23255.3137
2026-08-20 20:16:34.446,23256.1566
2026-08-20 20:16:34.866,23256.9686
2026-08-20 20:16:35.279,23257.7023
2026-08-20 20:16:35.691,23258.3865
2026-08-20 20:16:36.103,23259.1986
2026-08-20 20:16:36.530,23259.9467
2026-08-20 20:16:36.950,23260.7963
2026-08-20 20:16:37.455,23261.6455
2026-08-20 20:16:37.916,23262.5197
2026-08-20 20:16:38.329,23263.2179
2026-08-20 20:16:38.748,23264.0752
2026-08-20 20:16:39.175,23264.799
2026-08-20 20:16:39.589,23265.4727
2026-08-20 20:16:40.017,23266.2423
2026-08-20 20:16:40.429,23267.0544
2026-08-20 20:16:40.842,23267.8089
2026-08-20 20:16:41.255,23268.5693
2026-08-20 20:16:41.680,23269.3188
2026-08-20 20:16:42.110,23270.0819
2026-08-20 20:16:42.528,23270.9095
2026-08-20 20:16:42.940,23271.6472
2026-08-20 20:16:43.355,23272.4712
2026-08-20 20:16:43.770,23273.266
2026-08-20 20:16:44.213,23274.0286
2026-08-20 20:16:44.647,23274.8344
2026-08-20 20:16:45.065,23275.5592
2026-08-20 20:16:45.479,23276.2842
2026-08-20 20:16:45.907,23277.1363
2026-08-20 20:16:46.321,23277.8033
2026-08-20 20:16:46.740,23278.7298
2026-08-20 20:16:47.159,23279.4021
2026-08-20 20:16:47.571,23280.3023
2026-08-20 20:16:47.998,23281.0611
2026-08-20 20:16:48.418,23282.0606
2026-08-20 20:16:48.831,23282.7938
2026-08-20 20:16:49.245,23283.331
2026-08-20 20:16:49.662,23284.1453
2026-08-20 20:16:50.100,23284.9015
2026-08-20 20:16:50.525,23285.5515
2026-08-20 20:16:50.940,23286.1331
2026-08-20 20:16:51.353,23286.9763
2026-08-20 20:16:51.765,23287.4859
2026-08-20 20:16:52.233,23288.5362
2026-08-20 20:16:52.647,23289.1466
2026-08-20 20:16:53.062,23290.0659
2026-08-20 20:16:53.488,23290.8902
2026-08-20 20:16:53.906,23291.5882
2026-08-20 20:16:54.337,23292.3981
2026-08-20 20:16:54.763,23293.0572
2026-08-20 20:16:55.176,23294.0677
2026-08-20 20:16:55.589,23294.7106
2026-08-20 20:16:56.000,23295.6295
2026-08-20 20:16:56.423,23296.5649
2026-08-20 20:16:56.851,23297.3947
2026-08-20 20:16:57.294,23297.9549
2026-08-20 20:16:57.708,23298.5263
2026-08-20 20:16:58.120,23299.5394
2026-08-20 20:16:58.534,23300.2153
2026-08-20 20:16:58.947,23300.9298
2026-08-20 20:16:59.360,23301.9649
2026-08-20 20:16:59.772,23302.5845
2026-08-20 20:17:00.196,23303.4005
2026-08-20 20:17:00.610,23304.0794
2026-08-20 20:17:01.024,23305.1242
2026-08-20 20:17:01.452,23305.8408
2026-08-20 20:17:01.879,23306.8023
2026-08-20 20:17:02.295,23307.4479
2026-08-20 20:17:02.708,23308.207
2026-08-20 20:17:03.144,23308.9955
2026-08-20 20:17:03.562,23309.8672
2026-08-20 20:17:03.980,23310.6243
2026-08-20 20:17:04.393,23311.324
2026-08-20 20:17:04.806,23312.1754
2026-08-20 20:17:05.219,23312.6369
2026-08-20 20:17:05.632,23312.7195
2026-08-20 20:17:06.045,23313.6943
2026-08-20 20:17:06.457,23314.1651
2026-08-20 20:17:06.926,23315.3196
2026-08-20 20:17:07.339,23316.0884
2026-08-20 20:17:07.750,23316.8421
2026-08-20 20:17:08.163,23317.759
2026-08-20 20:17:08.583,23318.2732
2026-08-20 20:17:08.995,23319.0593
2026-08-20 20:17:09.417,23320.1102
2026-08-20 20:17:09.829,23320.8421
2026-08-20 20:17:10.246,23321.5091
2026-08-20 20:17:10.677,23322.3889
2026-08-20 20:17:11.090,23323.2894
2026-08-20 20:17:11.523,23323.9344
2026-08-20 20:17:11.951,23324.7362
2026-08-20 20:17:12.374,23325.5684
2026-08-20 20:17:12.800,23326.4287
2026-08-20 20:17:13.219,23327.0943
2026-08-20 20:17:13.632,23327.8353
2026-08-20 20:17:14.058,23328.3367
2026-08-20 20:17:14.477,23329.1949
2026-08-20 20:17:14.901,23329.9006
2026-08-20 20:17:15.313,23330.5511
2026-08-20 20:17:15.726,23331.2644
2026-08-20 20:17:16.141,23331.8754
2026-08-20 20:17:16.557,23332.6946
2026-08-20 20:17:17.059,23333.3417
2026-08-20 20:17:17.471,23334.227
2026-08-20 20:17:17.940,23334.7942
2026-08-20 20:17:18.369,23335.5293
2026-08-20 20:17:18.782,23336.2116
2026-08-20 20:17:19.200,23336.953
2026-08-20 20:17:19.615,23337.7324
2026-08-20 20:17:20.027,23338.4743
2026-08-20 20:17:20.439,23339.1461
2026-08-20 20:17:20.865,23339.9422
2026-08-20 20:17:21.284,23340.6307
2026-08-20 20:17:21.697,23341.3895
2026-08-20 20:17:22.120,23342.2223
2026-08-20 20:17:22.531,23343.054
2026-08-20 20:17:22.945,23343.898
2026-08-20 20:17:23.359,23344.7621
2026-08-20 20:17:23.773,23345.4912
2026-08-20 20:17:24.186,23346.2001
2026-08-20 20:17:24.600,23346.9206
2026-08-20 20:17:25.020,23347.6765
2026-08-20 20:17:25.433,23348.3819
2026-08-20 20:17:25.847,23349.0514
2026-08-20 20:17:26.274,23349.7353
2026-08-20 20:17:26.688,23350.4003
2026-08-20 20:17:27.100,23351.0847
2026-08-20 20:17:27.546,23351.8156
2026-08-20 20:17:27.965,23352.4454
2026-08-20 20:17:28.377,23353.0926
2026-08-20 20:17:28.802,23353.8921
2026-08-20 20:17:29.229,23354.4884
2026-08-20 20:17:29.645,23355.3021
2026-08-20 20:17:30.083,23355.9295
2026-08-20 20:17:30.497,23356.4794
2026-08-20 20:17:30.922,23357.0418
2026-08-20 20:17:31.334,23357.8097
2026-08-20 20:17:31.761,23358.606
2026-08-20 20:17:32.216,23359.3775
2026-08-20 20:17:32.636,23360.1302
2026-08-20 20:17:33.048,23360.7713
2026-08-20 20:17:33.476,23361.5371
2026-08-20 20:17:33.890,23362.1618
2026-08-20 20:17:34.327,23363.0076
2026-08-20 20:17:34.740,23363.7067
2026-08-20 20:17:35.155,23364.1671
2026-08-20 20:17:35.569,23364.8903
2026-08-20 20:17:35.980,23365.737
2026-08-20 20:17:36.402,23366.3692
2026-08-20 20:17:36.816,23367.1157
2026-08-20 20:17:37.277,23367.9363
2026-08-20 20:17:37.690,23368.4977
2026-08-20 20:17:38.116,23369.3454
2026-08-20 20:17:38.539,23369.9634
2026-08-20 20:17:38.953,23370.6849
2026-08-20 20:17:39.398,23371.3988
2026-08-20 20:17:39.815,23372.2126
2026-08-20 20:17:40.229,23372.9001
2026-08-20 20:17:40.646,23373.6144
2026-08-20 20:17:41.058,23374.2099
2026-08-20 20:17:41.519,23374.8304
2026-08-20 20:17:41.948,23375.4577
2026-08-20 20:17:42.372,23376.0233
2026-08-20 20:17:42.798,23376.7159
2026-08-20 20:17:43.213,23377.4137
2026-08-20 20:17:43.629,23378.0934
2026-08-20 20:17:44.046,23378.8193
2026-08-20 20:17:44.460,23379.6047
2026-08-20 20:17:44.880,23380.3976
2026-08-20 20:17:45.293,23381.142
2026-08-20 20:17:45.722,23381.9285
2026-08-20 20:17:46.134,23382.6509
2026-08-20 20:17:46.547,23383.4417
2026-08-20 20:17:46.972,23384.0899
2026-08-20 20:17:47.384,23384.8931
2026-08-20 20:17:47.819,23385.5758
2026-08-20 20:17:48.239,23386.3149
2026-08-20 20:17:48.656,23387.0974
2026-08-20 20:17:49.069,23387.7839
2026-08-20 20:17:49.496,23388.2448
2026-08-20 20:17:49.925,23388.9346
2026-08-20 20:17:50.336,23389.5422
2026-08-20 20:17:50.751,23390.358
2026-08-20 20:17:51.177,23390.8964
2026-08-20 20:17:51.590,23391.6469
2026-08-20 20:17:52.021,23392.1001
2026-08-20 20:17:52.445,23392.9898
2026-08-20 20:17:52.859,23393.4741
2026-08-20 20:17:53.275,23394.2723
2026-08-20 20:17:53.687,23394.9165
2026-08-20 20:17:54.118,23395.4468
2026-08-20 20:17:54.531,23396.5793
2026-08-20 20:17:54.944,23397.2093
2026-08-20 20:17:55.357,23398.1943
2026-08-20 20:17:55.774,23399.2986
2026-08-20 20:17:56.187,23400.0791
2026-08-20 20:17:56.602,23401.0397
2026-08-20 20:17:57.015,23402.2371
2026-08-20 20:17:57.429,23403.0131
2026-08-20 20:17:57.847,23403.8979
2026-08-20 20:17:58.268,23404.99
2026-08-20 20:17:58.681,23405.8435
2026-08-20 20:17:59.093,23406.937
2026-08-20 20:17:59.520,23407.6315
2026-08-20 20:17:59.940,23408.7704
2026-08-20 20:18:00.365,23409.7864
2026-08-20 20:18:00.779,23410.7548
2026-08-20 20:18:01.205,23411.4251
2026-08-20 20:18:01.617,23412.6182
2026-08-20 20:18:02.058,23413.2399
2026-08-20 20:18:02.484,23414.2701
2026-08-20 20:18:02.896,23415.5097
2026-08-20 20:18:03.308,23416.2484
2026-08-20 20:18:03.770,23417.435
2026-08-20 20:18:04.197,23418.2676
2026-08-20 20:18:04.610,23419.1165
2026-08-20 20:18:05.026,23420.1364
2026-08-20 20:18:05.441,23421.0799
2026-08-20 20:18:05.869,23421.7484
2026-08-20 20:18:06.300,23422.6695
2026-08-20 20:18:06.716,23423.5297
2026-08-20 20:18:07.132,23424.3315
2026-08-20 20:18:07.544,23425.3251
2026-08-20 20:18:07.957,23426.0963
2026-08-20 20:18:08.390,23426.8612
2026-08-20 20:18:08.812,23427.883
2026-08-20 20:18:09.225,23428.5937
2026-08-20 20:18:09.660,23429.1517
2026-08-20 20:18:10.074,23429.9202
2026-08-20 20:18:10.497,23430.8437
2026-08-20 20:18:10.923,23431.5117
2026-08-20 20:18:11.339,23432.2226
2026-08-20 20:18:11.751,23432.8538
2026-08-20 20:18:12.168,23433.8194
2026-08-20 20:18:12.598,23434.4845
2026-08-20 20:18:13.025,23435.1908
2026-08-20 20:18:13.439,23435.9502
2026-08-20 20:18:13.852,23436.7795
2026-08-20 20:18:14.278,23437.8233
2026-08-20 20:18:14.698,23438.3793
2026-08-20 20:18:15.112,23439.0569
2026-08-20 20:18:15.539,23440.0218
2026-08-20 20:18:15.952,23440.605
2026-08-20 20:18:16.366,23441.4528
2026-08-20 20:18:16.802,23441.9913
2026-08-20 20:18:17.221,23442.7404
2026-08-20 20:18:17.635,23443.4988
2026-08-20 20:18:18.049,23444.3833
2026-08-20 20:18:18.463,23444.9668
2026-08-20 20:18:18.876,23445.6654
2026-08-20 20:18:19.339,23446.3592
2026-08-20 20:18:19.767,23447.3086
2026-08-20 20:18:20.184,23447.7275
2026-08-20 20:18:20.600,23448.5071
2026-08-20 20:18:21.013,23449.5605
2026-08-20 20:18:21.498,23450.3918
2026-08-20 20:18:21.958,23451.1949
2026-08-20 20:18:22.375,23452.0054
2026-08-20 20:18:22.818,23452.6732
2026-08-20 20:18:23.231,23453.6482
2026-08-20 20:18:23.644,23454.1701
2026-08-20 20:18:24.058,23454.9488
2026-08-20 20:18:24.498,23455.73
2026-08-20 20:18:24.910,23456.4463
2026-08-20 20:18:25.322,23456.9353
2026-08-20 20:18:25.735,23457.798
2026-08-20 20:18:26.150,23458.394
2026-08-20 20:18:26.610,23459.275
2026-08-20 20:18:27.023,23459.8002
2026-08-20 20:18:27.439,23460.6942
2026-08-20 20:18:27.853,23461.3242
2026-08-20 20:18:28.266,23461.8053
2026-08-20 20:18:28.732,23462.6328
2026-08-20 20:18:29.147,23463.1874
2026-08-20 20:18:29.559,23463.978
2026-08-20 20:18:29.978,23464.7441
2026-08-20 20:18:30.390,23465.3614
2026-08-20 20:18:30.823,23466.0633
2026-08-20 20:18:31.238,23466.9882
2026-08-20 20:18:31.662,23467.5637
2026-08-20 20:18:32.075,23468.3425
2026-08-20 20:18:32.508,23468.9253
2026-08-20 20:18:32.937,23469.5142
2026-08-20 20:18:33.350,23470.1307
2026-08-20 20:18:33.774,23470.7899
2026-08-20 20:18:34.187,23471.3888
2026-08-20 20:18:34.606,23472.252
2026-08-20 20:18:35.034,23472.8174
2026-08-20 20:18:35.453,23473.3444
2026-08-20 20:18:35.869,23473.9587
2026-08-20 20:18:36.282,23474.5818
2026-08-20 20:18:36.743,23475.082
2026-08-20 20:18:37.171,23475.661
2026-08-20 20:18:37.583,23476.1502
2026-08-20 20:18:37.995,23476.7527
2026-08-20 20:18:38.418,23477.2347
2026-08-20 20:18:38.834,23477.7715
2026-08-20 20:18:39.250,23478.3684
2026-08-20 20:18:39.676,23478.9931
2026-08-20 20:18:40.090,23479.4675
2026-08-20 20:18:40.512,23480.1234
2026-08-20 20:18:40.939,23480.6607
2026-08-20 20:18:41.358,23481.2312
2026-08-20 20:18:41.785,23481.7495
2026-08-20 20:18:42.197,23482.3865
2026-08-20 20:18:42.609,23482.8272
2026-08-20 20:18:43.022,23483.5389
2026-08-20 20:18:43.487,23484.1367
2026-08-20 20:18:43.902,23484.7288
2026-08-20 20:18:44.316,23485.1411
2026-08-20 20:18:44.752,23485.7522
2026-08-20 20:18:45.171,23486.3547
2026-08-20 20:18:45.592,23486.8986
2026-08-20 20:18:46.004,23487.4758
2026-08-20 20:18:46.417,23488.095
2026-08-20 20:18:46.835,23488.666
2026-08-20 20:18:47.249,23489.2652
2026-08-20 20:18:47.722,23489.8792
2026-08-20 20:18:48.145,23490.4537
2026-08-20 20:18:48.559,23490.9974
2026-08-20 20:18:48.983,23491.5996
2026-08-20 20:18:49.394,23492.2118
2026-08-20 20:18:49.823,23492.744
2026-08-20 20:18:50.235,23493.2918
2026-08-20 20:18:50.648,23493.9277
2026-08-20 20:18:51.059,23494.2943
2026-08-20 20:18:51.529,23494.9333
2026-08-20 20:18:51.949,23495.5196
2026-08-20 20:18:52.376,23495.8516
2026-08-20 20:18:52.789,23496.3777
2026-08-20 20:18:53.209,23496.6609
2026-08-20 20:18:53.636,23497.1061
2026-08-20 20:18:54.049,23497.7427
2026-08-20 20:18:54.473,23498.0149
2026-08-20 20:18:54.886,23498.7263
2026-08-20 20:18:55.298,23499.0244
2026-08-20 20:18:55.721,23499.839
2026-08-20 20:18:56.139,23500.2774
2026-08-20 20:18:56.552,23500.8958
2026-08-20 20:18:56.965,23501.3536
2026-08-20 20:18:57.393,23501.5646
2026-08-20 20:18:57.807,23502.42
2026-08-20 20:18:58.245,23502.7499
2026-08-20 20:18:58.671,23503.1891
2026-08-20 20:18:59.085,23504.0596
2026-08-20 20:18:59.509,23504.1802
2026-08-20 20:18:59.925,23504.8856
2026-08-20 20:19:00.353,23505.0995
2026-08-20 20:19:00.771,23505.7766
2026-08-20 20:19:01.183,23506.318
2026-08-20 20:19:01.601,23506.5362
2026-08-20 20:19:02.063,23507.0303
2026-08-20 20:19:02.499,23507.8222
2026-08-20 20:19:02.915,23508.2545
2026-08-20 20:19:03.338,23508.8846
2026-08-20 20:19:03.751,23509.3244
2026-08-20 20:19:04.171,23510.0803
2026-08-20 20:19:04.583,23510.6147
2026-08-20 20:19:04.996,23511.0691
2026-08-20 20:19:05.408,23511.5908
2026-08-20 20:19:05.821,23512.332
2026-08-20 20:19:06.282,23512.804
2026-08-20 20:19:06.702,23513.7595
2026-08-20 20:19:07.114,23514.1897
2026-08-20 20:19:07.526,23514.7549
2026-08-20 20:19:07.939,23515.35
2026-08-20 20:19:08.352,23515.6714
2026-08-20 20:19:08.770,23516.2564
2026-08-20 20:19:09.184,23516.6207
2026-08-20 20:19:09.645,23516.561
2026-08-20 20:19:10.076,23516.3847
2026-08-20 20:19:10.489,23516.5263
2026-08-20 20:19:10.926,23517.0814
2026-08-20 20:19:11.338,23517.5934
2026-08-20 20:19:11.766,23517.964
2026-08-20 20:19:12.177,23518.5833
2026-08-20 20:19:12.589,23518.9133
2026-08-20 20:19:13.004,23519.5669
2026-08-20 20:19:13.417,23520.1873
2026-08-20 20:19:13.856,23520.7215
2026-08-20 20:19:14.270,23521.3509
2026-08-20 20:19:14.683,23528.5537
2026-08-20 20:19:15.118,23623.4521
2026-08-20 20:19:15.530,23791.544
2026-08-20 20:19:15.967,24012.1907
2026-08-20 20:19:16.394,24095.7315
2026-08-20 20:19:16.808,23851.5788
2026-08-20 20:19:17.221,23665.7918
2026-08-20 20:19:17.633,23550.0265
2026-08-20 20:19:18.045,23591.7953
2026-08-20 20:19:18.459,23737.6277
2026-08-20 20:19:18.880,23946.7145
2026-08-20 20:19:19.305,24203.1203
2026-08-20 20:19:19.718,24486.1816
2026-08-20 20:19:20.131,24778.4127
2026-08-20 20:19:20.551,25084.8372
2026-08-20 20:19:20.984,25104.0472
2026-08-20 20:19:21.404,24775.5276
2026-08-20 20:19:21.818,24474.9159
2026-08-20 20:19:22.231,24196.9746
2026-08-20 20:19:22.692,23945.1979
2026-08-20 20:19:23.119,23716.5647
2026-08-20 20:19:23.532,23590.5943
2026-08-20 20:19:23.952,23574.7807
2026-08-20 20:19:24.367,23690.9275
2026-08-20 20:19:24.779,23875.5952
2026-08-20 20:19:25.191,24114.4418
2026-08-20 20:19:25.627,24392.3454
2026-08-20 20:19:26.044,24690.2762
2026-08-20 20:19:26.470,24992.3721
2026-08-20 20:19:26.884,25162.2201
2026-08-20 20:19:27.311,24872.2303
2026-08-20 20:19:27.723,24560.8746
2026-08-20 20:19:28.155,24279.0343
2026-08-20 20:19:28.567,24006.3396
2026-08-20 20:19:28.978,23789.3465
2026-08-20 20:19:29.392,23638.4254
2026-08-20 20:19:29.815,23558.4697
2026-08-20 20:19:30.240,23551.1372
2026-08-20 20:19:30.726,23550.6516
2026-08-20 20:19:31.139,23550.5116
2026-08-20 20:19:31.552,23550.1035
2026-08-20 20:19:32.012,23549.6764
2026-08-20 20:19:32.431,23549.6099
2026-08-20 20:19:32.844,23549.4524
2026-08-20 20:19:33.273,23549.4684
2026-08-20 20:19:33.685,23549.1455
2026-08-20 20:19:34.099,23549.3979
2026-08-20 20:19:34.529,23549.1309
2026-08-20 20:19:34.954,23576.5375
2026-08-20 20:19:35.372,23695.0654
2026-08-20 20:19:35.789,23879.0533
2026-08-20 20:19:36.216,24109.6115
2026-08-20 20:19:36.637,24009.7213
2026-08-20 20:19:37.060,23784.5848
2026-08-20 20:19:37.476,23626.5773
2026-08-20 20:19:37.890,23563.4054
2026-08-20 20:19:38.302,23655.628
2026-08-20 20:19:38.734,23827.6165
2026-08-20 20:19:39.147,24058.7658
2026-08-20 20:19:39.562,24321.6523
2026-08-20 20:19:39.975,24605.0539
2026-08-20 20:19:40.392,24903.3986
2026-08-20 20:19:40.859,25186.3096
2026-08-20 20:19:41.272,24949.9097
2026-08-20 20:19:41.685,24644.5236
2026-08-20 20:19:42.097,24357.2731
2026-08-20 20:19:42.510,24090.0188
2026-08-20 20:19:42.946,23856.7297
2026-08-20 20:19:43.360,23676.6175
2026-08-20 20:19:43.776,23580.5845
2026-08-20 20:19:44.188,23622.7766
2026-08-20 20:19:44.649,23756.892
2026-08-20 20:19:45.083,23991.6407
2026-08-20 20:19:45.497,24257.0982
2026-08-20 20:19:45.911,24537.3981
2026-08-20 20:19:46.329,24833.0789
2026-08-20 20:19:46.740,25143.2704
2026-08-20 20:19:47.173,25052.1392
2026-08-20 20:19:47.586,24738.9454
2026-08-20 20:19:48.008,24445.374
2026-08-20 20:19:48.421,24164.5441
2026-08-20 20:19:48.834,23918.4295
2026-08-20 20:19:49.248,23728.0946
2026-08-20 20:19:49.661,23608.0573
2026-08-20 20:19:50.085,23565.5952
2026-08-20 20:19:50.564,23565.9054
2026-08-20 20:19:50.977,23565.0868
2026-08-20 20:19:51.395,23564.6636
2026-08-20 20:19:51.812,23564.218
2026-08-20 20:19:52.224,23563.7622
2026-08-20 20:19:52.638,23563.3764
2026-08-20 20:19:53.065,23563.3678
2026-08-20 20:19:53.478,23563.2301
2026-08-20 20:19:53.904,23563.3383
2026-08-20 20:19:54.317,23563.1443
2026-08-20 20:19:54.741,23563.2909
2026-08-20 20:19:55.153,23614.6187
2026-08-20 20:19:55.576,23744.3245
2026-08-20 20:19:56.003,23945.5223
2026-08-20 20:19:56.421,24140.2389
2026-08-20 20:19:56.833,23953.0381
2026-08-20 20:19:57.245,23748.6406
2026-08-20 20:19:57.674,23609.7232
2026-08-20 20:19:58.088,23588.3783
2026-08-20 20:19:58.501,23702.6431
2026-08-20 20:19:58.913,23884.3707
2026-08-20 20:19:59.341,24121.7224
2026-08-20 20:19:59.768,24399.5248
2026-08-20 20:20:00.199,24696.5731
2026-08-20 20:20:00.628,25022.3317
2026-08-20 20:20:01.040,25178.3977
2026-08-20 20:20:01.452,24887.5815
2026-08-20 20:20:01.875,24586.0218
2026-08-20 20:20:02.289,24295.4092
2026-08-20 20:20:02.701,24033.2779
2026-08-20 20:20:03.115,23813.7154
2026-08-20 20:20:03.526,23660.5955
2026-08-20 20:20:03.948,23585.5137
2026-08-20 20:20:04.366,23652.3304
2026-08-20 20:20:04.780,23801.6862
2026-08-20 20:20:05.209,24017.6514
2026-08-20 20:20:05.633,24286.6548
2026-08-20 20:20:06.046,24575.0372
2026-08-20 20:20:06.462,24872.4634
2026-08-20 20:20:06.877,25168.0383
2026-08-20 20:20:07.305,25027.023
2026-08-20 20:20:07.724,24708.1486
2026-08-20 20:20:08.152,24412.75
2026-08-20 20:20:08.564,24130.902
2026-08-20 20:20:08.995,23883.7505
2026-08-20 20:20:09.409,23705.4812
2026-08-20 20:20:09.822,23599.8039
2026-08-20 20:20:10.241,23573.2639
2026-08-20 20:20:10.655,23573.1548
2026-08-20 20:20:11.068,23572.4988
2026-08-20 20:20:11.481,23572.113
2026-08-20 20:20:11.894,23571.4239
2026-08-20 20:20:12.356,23570.9818
2026-08-20 20:20:12.768,23570.515
2026-08-20 20:20:13.181,23570.5062
2026-08-20 20:20:13.609,23570.2792
2026-08-20 20:20:14.022,23570.0852
2026-08-20 20:20:14.464,23570.1482
2026-08-20 20:20:14.876,23571.4866
2026-08-20 20:20:15.287,23633.0116
2026-08-20 20:20:15.703,23769.6262
2026-08-20 20:20:16.115,23972.786
2026-08-20 20:20:16.527,24143.7691
2026-08-20 20:20:16.945,23942.2274
2026-08-20 20:20:17.374,23742.3485
2026-08-20 20:20:17.787,23608.6088
2026-08-20 20:20:18.201,23597.4795
2026-08-20 20:20:18.628,23714.277
2026-08-20 20:20:19.040,23905.8135
2026-08-20 20:20:19.467,24154.9091
2026-08-20 20:20:19.881,24425.1955
2026-08-20 20:20:20.294,24713.9519
2026-08-20 20:20:20.707,25016.0346
2026-08-20 20:20:21.121,25186.4219
2026-08-20 20:20:21.546,24900.7415
2026-08-20 20:20:21.958,24589.5986
2026-08-20 20:20:22.376,24306.5675
2026-08-20 20:20:22.788,24041.1796
2026-08-20 20:20:23.219,23814.3078
2026-08-20 20:20:23.645,23663.268
2026-08-20 20:20:24.057,23592.8164
2026-08-20 20:20:24.489,23664.1636
2026-08-20 20:20:24.902,23822.1482
2026-08-20 20:20:25.329,24050.4453
2026-08-20 20:20:25.752,24312.3916
2026-08-20 20:20:26.169,24601.2604
2026-08-20 20:20:26.596,24902.2003
2026-08-20 20:20:27.009,25187.6931
2026-08-20 20:20:27.422,25001.5251
2026-08-20 20:20:27.834,24694.4447
2026-08-20 20:20:28.246,24404.9023
2026-08-20 20:20:28.741,24133.9763
2026-08-20 20:20:29.155,23853.2533
2026-08-20 20:20:29.569,23689.3802
2026-08-20 20:20:29.990,23596.9949
2026-08-20 20:20:30.404,23579.9902
2026-08-20 20:20:30.835,23579.6068
2026-08-20 20:20:31.253,23579.0008
2026-08-20 20:20:31.666,23578.5514
2026-08-20 20:20:32.080,23577.9108
2026-08-20 20:20:32.493,23577.3149
2026-08-20 20:20:32.970,23577.1455
2026-08-20 20:20:33.382,23576.9767
2026-08-20 20:20:33.808,23576.4745
2026-08-20 20:20:34.222,23576.4899
2026-08-20 20:20:34.634,23576.1003
2026-08-20 20:20:35.061,23582.1811
2026-08-20 20:20:35.475,23663.5691
2026-08-20 20:20:35.892,23814.8755
2026-08-20 20:20:36.311,24031.6383
2026-08-20 20:20:36.724,24133.4337
2026-08-20 20:20:37.148,23902.0049
2026-08-20 20:20:37.561,23711.1069
2026-08-20 20:20:37.971,23598.0273
2026-08-20 20:20:38.382,23618.5769
2026-08-20 20:20:38.807,23744.7965
2026-08-20 20:20:39.228,23945.7612
2026-08-20 20:20:39.720,24247.898
2026-08-20 20:20:40.153,24536.196
2026-08-20 20:20:40.570,24834.2623
2026-08-20 20:20:40.981,25144.2612
2026-08-20 20:20:41.414,25094.7478
2026-08-20 20:20:41.826,24768.6981
2026-08-20 20:20:42.254,24464.9776
2026-08-20 20:20:42.676,24188.4283
2026-08-20 20:20:43.103,23935.6797
2026-08-20 20:20:43.518,23739.3438
2026-08-20 20:20:43.943,23621.3558
2026-08-20 20:20:44.355,23612.8452
2026-08-20 20:20:44.774,23722.0427
2026-08-20 20:20:45.187,23905.944
2026-08-20 20:20:45.622,24155.4746
2026-08-20 20:20:46.036,24430.9201
2026-08-20 20:20:46.453,24721.0391
2026-08-20 20:20:46.879,25026.6684
2026-08-20 20:20:47.292,25178.5297
2026-08-20 20:20:47.724,24881.5382
2026-08-20 20:20:48.137,24567.193
2026-08-20 20:20:48.559,24284.7935
2026-08-20 20:20:48.972,24019.4808
2026-08-20 20:20:49.384,23804.801
2026-08-20 20:20:49.844,23648.9978
2026-08-20 20:20:50.266,23586.9694
2026-08-20 20:20:50.680,23584.2277
2026-08-20 20:20:51.093,23583.8667
2026-08-20 20:20:51.521,23583.4001
2026-08-20 20:20:51.934,23582.8312
2026-08-20 20:20:52.359,23582.2928
2026-08-20 20:20:52.791,23582.1093
2026-08-20 20:20:53.219,23581.9244
2026-08-20 20:20:53.632,23581.4996
2026-08-20 20:20:54.046,23581.3681
2026-08-20 20:20:54.458,23582.0615
2026-08-20 20:20:54.898,23581.8647
2026-08-20 20:20:55.310,23603.5143
2026-08-20 20:20:55.725,23707.4502
2026-08-20 20:20:56.139,23879.3856
2026-08-20 20:20:56.554,24108.9304
2026-08-20 20:20:57.028,24035.0738
2026-08-20 20:20:57.439,23808.3636
2026-08-20 20:20:57.851,23656.89
2026-08-20 20:20:58.277,23592.6085
2026-08-20 20:20:58.691,23677.9594
2026-08-20 20:20:59.103,23838.5116
2026-08-20 20:20:59.525,24061.739
2026-08-20 20:20:59.955,24331.7105
2026-08-20 20:21:00.368,24621.8643
2026-08-20 20:21:00.781,24920.676
2026-08-20 20:21:01.207,25202.0857
2026-08-20 20:21:01.620,25008.6531
2026-08-20 20:21:02.039,24702.1998
2026-08-20 20:21:02.459,24407.1976
2026-08-20 20:21:02.871,24132.6354
2026-08-20 20:21:03.283,23896.1883
2026-08-20 20:21:03.695,23720.0475
2026-08-20 20:21:04.118,23615.9784
2026-08-20 20:21:04.620,23652.8807
2026-08-20 20:21:05.039,23791.079
2026-08-20 20:21:05.453,24000.4978
2026-08-20 20:21:05.868,24255.8075
2026-08-20 20:21:06.282,24535.3015
2026-08-20 20:21:06.716,24841.1284
2026-08-20 20:21:07.130,25153.2525
2026-08-20 20:21:07.543,25087.5908
2026-08-20 20:21:07.957,24777.2722
2026-08-20 20:21:08.380,24482.6034
2026-08-20 20:21:08.798,24199.1874
2026-08-20 20:21:09.229,23948.0764
2026-08-20 20:21:09.642,23749.1582
2026-08-20 20:21:10.062,23633.2675
2026-08-20 20:21:10.474,23592.4726
2026-08-20 20:21:10.890,23593.0677
2026-08-20 20:21:11.363,23592.5959
2026-08-20 20:21:11.779,23591.9071
2026-08-20 20:21:12.205,23591.5688
2026-08-20 20:21:12.619,23590.9672
2026-08-20 20:21:13.057,23590.8186
2026-08-20 20:21:13.481,23590.5829
2026-08-20 20:21:13.907,23590.3034
2026-08-20 20:21:14.323,23589.9328
2026-08-20 20:21:14.738,23589.8566
2026-08-20 20:21:15.165,23590.0015
2026-08-20 20:21:15.577,23645.3451
2026-08-20 20:21:15.991,23775.4644
2026-08-20 20:21:16.416,23973.0353
2026-08-20 20:21:16.828,24157.7954
2026-08-20 20:21:17.244,23964.6996
2026-08-20 20:21:17.673,23762.2339
2026-08-20 20:21:18.086,23628.4056
2026-08-20 20:21:18.511,23613.2938
2026-08-20 20:21:18.924,23729.6889
2026-08-20 20:21:19.337,23912.2497
2026-08-20 20:21:19.776,24151.284
2026-08-20 20:21:20.189,24437.978
2026-08-20 20:21:20.602,24725.2384
2026-08-20 20:21:21.014,25028.126
2026-08-20 20:21:21.443,25194.7027
2026-08-20 20:21:21.876,24903.0039
2026-08-20 20:21:22.290,24586.5623
2026-08-20 20:21:22.721,24293.8395
2026-08-20 20:21:23.134,24032.1329
2026-08-20 20:21:23.553,23817.8346
2026-08-20 20:21:23.966,23671.5325
2026-08-20 20:21:24.378,23609.9254
2026-08-20 20:21:24.799,23682.3083
2026-08-20 20:21:25.221,23834.9895
2026-08-20 20:21:25.634,24059.386
2026-08-20 20:21:26.049,24320.3841
2026-08-20 20:21:26.510,24604.1091
2026-08-20 20:21:26.940,24940.4408
2026-08-20 20:21:27.354,25207.4596
2026-08-20 20:21:27.775,24991.4456
2026-08-20 20:21:28.188,24679.712
2026-08-20 20:21:28.607,24391.2519
2026-08-20 20:21:29.018,24118.4202
2026-08-20 20:21:29.432,23884.9504
2026-08-20 20:21:29.845,23716.0284
2026-08-20 20:21:30.257,23619.47
2026-08-20 20:21:30.671,23598.9629
2026-08-20 20:21:31.136,23599.112
2026-08-20 20:21:31.549,23598.2739
2026-08-20 20:21:31.962,23597.7384
2026-08-20 20:21:32.389,23597.3041
2026-08-20 20:21:32.802,23597.0028
2026-08-20 20:21:33.236,23596.721
2026-08-20 20:21:33.663,23596.0251
2026-08-20 20:21:34.091,23595.854
2026-08-20 20:21:34.526,23595.5712
2026-08-20 20:21:34.939,23595.2845
2026-08-20 20:21:35.352,23600.0079
2026-08-20 20:21:35.791,23678.4188
2026-08-20 20:21:36.203,23830.5613
2026-08-20 20:21:36.617,24044.2055
2026-08-20 20:21:37.044,24141.5291
2026-08-20 20:21:37.456,23903.2813
2026-08-20 20:21:37.870,23721.9532
2026-08-20 20:21:38.282,23612.7968
2026-08-20 20:21:38.695,23640.5799
2026-08-20 20:21:39.157,23768.8734
2026-08-20 20:21:39.575,23996.4894
2026-08-20 20:21:39.994,24248.0643
2026-08-20 20:21:40.421,24528.1472
2026-08-20 20:21:40.834,24831.1911
2026-08-20 20:21:41.256,25137.9063
2026-08-20 20:21:41.675,25122.3107
2026-08-20 20:21:42.087,24805.5341
2026-08-20 20:21:42.500,24509.7344
2026-08-20 20:21:42.919,24231.3608
2026-08-20 20:21:43.332,23976.204
2026-08-20 20:21:43.798,23757.5155
2026-08-20 20:21:44.212,23640.6986
2026-08-20 20:21:44.625,23627.321
2026-08-20 20:21:45.039,23731.6431
2026-08-20 20:21:45.452,23908.2803
2026-08-20 20:21:45.887,24144.9023
2026-08-20 20:21:46.314,24429.3906
2026-08-20 20:21:46.725,24727.8131
2026-08-20 20:21:47.144,25029.6698
2026-08-20 20:21:47.557,25202.107
2026-08-20 20:21:47.992,24915.1914
2026-08-20 20:21:48.406,24596.7385
2026-08-20 20:21:48.823,24312.1186
2026-08-20 20:21:49.250,24047.6624
2026-08-20 20:21:49.668,23823.8782
2026-08-20 20:21:50.101,23678.0447
2026-08-20 20:21:50.524,23605.4807
2026-08-20 20:21:50.936,23601.3527
2026-08-20 20:21:51.358,23601.2201
2026-08-20 20:21:51.771,23600.6869
2026-08-20 20:21:52.202,23600.2702
2026-08-20 20:21:52.614,23600.0308
2026-08-20 20:21:53.026,23599.9987
2026-08-20 20:21:53.438,23599.4482
2026-08-20 20:21:53.901,23599.1561
2026-08-20 20:21:54.323,23598.8996
2026-08-20 20:21:54.736,23598.5666
2026-08-20 20:21:55.161,23598.4333
2026-08-20 20:21:55.572,23615.6125
2026-08-20 20:21:55.985,23713.4178
2026-08-20 20:21:56.412,23885.7077
2026-08-20 20:21:56.833,24113.5214
2026-08-20 20:21:57.248,24079.9628
2026-08-20 20:21:57.661,23850.8907
2026-08-20 20:21:58.089,23688.7203
2026-08-20 20:21:58.511,23606.0557
2026-08-20 20:21:58.937,23676.591
2026-08-20 20:21:59.350,23831.8965
2026-08-20 20:21:59.776,24057.5455
2026-08-20 20:22:00.201,24316.9319
2026-08-20 20:22:00.620,24605.7304
2026-08-20 20:22:01.045,24907.0263
2026-08-20 20:22:01.458,25202.9047
2026-08-20 20:22:01.871,25042.885
2026-08-20 20:22:02.290,24734.7143
2026-08-20 20:22:02.726,24438.4679
2026-08-20 20:22:03.154,24141.7587
2026-08-20 20:22:03.566,23904.1337
2026-08-20 20:22:03.991,23729.9904
2026-08-20 20:22:04.405,23625.447
2026-08-20 20:22:04.833,23647.501
2026-08-20 20:22:05.245,23772.6955
2026-08-20 20:22:05.662,23966.5822
2026-08-20 20:22:06.079,24216.819
2026-08-20 20:22:06.493,24494.1167
2026-08-20 20:22:06.968,24821.5395
2026-08-20 20:22:07.382,25139.5868
2026-08-20 20:22:07.795,25123.0301
2026-08-20 20:22:08.206,24809.8842
2026-08-20 20:22:08.633,24505.1309
2026-08-20 20:22:09.051,24227.2726
2026-08-20 20:22:09.471,23971.9137
2026-08-20 20:22:09.884,23772.8879
2026-08-20 20:22:10.296,23651.0076
2026-08-20 20:22:10.717,23603.0542
2026-08-20 20:22:11.150,23602.9031
2026-08-20 20:22:11.576,23602.4547
2026-08-20 20:22:11.989,23601.7966
2026-08-20 20:22:12.424,23601.2613
2026-08-20 20:22:12.836,23600.8483
2026-08-20 20:22:13.253,23600.4863
2026-08-20 20:22:13.666,23600.0843
2026-08-20 20:22:14.079,23599.7264
2026-08-20 20:22:14.491,23599.392
2026-08-20 20:22:14.906,23599.0766
2026-08-20 20:22:15.321,23598.7477
2026-08-20 20:22:15.739,23627.2102
2026-08-20 20:22:16.152,23737.3564
2026-08-20 20:22:16.571,23914.5379
2026-08-20 20:22:16.983,24142.9354
2026-08-20 20:22:17.397,24043.7804
2026-08-20 20:22:17.810,23823.4843
2026-08-20 20:22:18.228,23671.6247
2026-08-20 20:22:18.656,23606.6473
2026-08-20 20:22:19.083,23693.0135
2026-08-20 20:22:19.505,23858.8796
2026-08-20 20:22:19.919,24089.2821
2026-08-20 20:22:20.335,24352.8186
2026-08-20 20:22:20.763,24638.3337
2026-08-20 20:22:21.186,24947.3619
2026-08-20 20:22:21.678,25214.8303
2026-08-20 20:22:22.091,24944.5019
2026-08-20 20:22:22.503,24640.8064
2026-08-20 20:22:22.929,24354.9499
2026-08-20 20:22:23.386,24054.2028
2026-08-20 20:22:23.809,23835.2387
2026-08-20 20:22:24.221,23683.4666
2026-08-20 20:22:24.633,23615.258
2026-08-20 20:22:25.046,23680.0014
2026-08-20 20:22:25.476,23823.3827
2026-08-20 20:22:25.890,24047.1191
2026-08-20 20:22:26.307,24306.8521
2026-08-20 20:22:26.723,24591.1848
2026-08-20 20:22:27.135,24889.9149
2026-08-20 20:22:27.612,25205.0895
2026-08-20 20:22:28.025,25011.9065
2026-08-20 20:22:28.452,24704.6101
2026-08-20 20:22:28.863,24404.3025
2026-08-20 20:22:29.277,24134.1595
2026-08-20 20:22:29.696,23897.1609
2026-08-20 20:22:30.117,23722.7859
2026-08-20 20:22:30.534,23622.2641
2026-08-20 20:22:30.949,23600.9186
2026-08-20 20:22:31.363,23600.8102
2026-08-20 20:22:31.805,23600.3119
2026-08-20 20:22:32.231,23599.6399
2026-08-20 20:22:32.643,23598.9633
2026-08-20 20:22:33.057,23598.5314
2026-08-20 20:22:33.478,23598.0804
2026-08-20 20:22:33.908,23597.6113
2026-08-20 20:22:34.322,23597.2506
2026-08-20 20:22:34.736,23596.9934
2026-08-20 20:22:35.163,23596.6409
2026-08-20 20:22:35.582,23598.2898
2026-08-20 20:22:36.016,23662.3976
2026-08-20 20:22:36.439,23807.3469
2026-08-20 20:22:36.851,24019.324
2026-08-20 20:22:37.264,24153.1696
2026-08-20 20:22:37.676,23933.2541
2026-08-20 20:22:38.115,23742.4499
2026-08-20 20:22:38.542,23618.5618
2026-08-20 20:22:38.962,23635.6512
2026-08-20 20:22:39.376,23762.5841
2026-08-20 20:22:39.802,23957.8582
2026-08-20 20:22:40.229,24211.7652
2026-08-20 20:22:40.642,24495.2016
2026-08-20 20:22:41.062,24787.5171
2026-08-20 20:22:41.477,25097.8569
2026-08-20 20:22:41.938,25163.5041
2026-08-20 20:22:42.366,24804.4292
2026-08-20 20:22:42.778,24508.1605
2026-08-20 20:22:43.190,24229.6451
2026-08-20 20:22:43.603,23977.7685
2026-08-20 20:22:44.034,23772.0979
2026-08-20 20:22:44.451,23647.3207
2026-08-20 20:22:44.864,23619.1896
2026-08-20 20:22:45.278,23715.4025
2026-08-20 20:22:45.701,23883.7493
2026-08-20 20:22:46.113,24121.9154
2026-08-20 20:22:46.540,24389.3848
2026-08-20 20:22:47.024,24735.9843
2026-08-20 20:22:47.441,25041.1496
2026-08-20 20:22:47.854,25193.1218
2026-08-20 20:22:48.265,24899.2824
2026-08-20 20:22:48.732,24559.9416
2026-08-20 20:22:49.159,24267.8412
2026-08-20 20:22:49.571,24010.205
2026-08-20 20:22:49.985,23801.7658
2026-08-20 20:22:50.397,23665.1797
2026-08-20 20:22:50.822,23601.876
2026-08-20 20:22:51.248,23598.5517
2026-08-20 20:22:51.661,23598.1939
2026-08-20 20:22:52.073,23597.5186
2026-08-20 20:22:52.485,23597.144
2026-08-20 20:22:52.927,23596.5131
2026-08-20 20:22:53.341,23596.1142
2026-08-20 20:22:53.762,23595.6247
2026-08-20 20:22:54.175,23595.1276
2026-08-20 20:22:54.641,23594.9942
2026-08-20 20:22:55.068,23594.5566
2026-08-20 20:22:55.485,23594.4222
2026-08-20 20:22:55.912,23618.4444
2026-08-20 20:22:56.329,23729.1323
2026-08-20 20:22:56.743,23906.6579
2026-08-20 20:22:57.160,24136.3841
2026-08-20 20:22:57.573,24046.3386
2026-08-20 20:22:57.986,23824.6595
2026-08-20 20:22:58.402,23670.866
2026-08-20 20:22:58.815,23601.3387
2026-08-20 20:22:59.247,23677.7751
2026-08-20 20:22:59.660,23840.3005
2026-08-20 20:23:00.078,24062.0033
2026-08-20 20:23:00.492,24326.0507
2026-08-20 20:23:00.914,24609.3599
2026-08-20 20:23:01.341,24914.0738
2026-08-20 20:23:01.768,25207.5172
2026-08-20 20:23:02.190,25014.3973
2026-08-20 20:23:02.605,24699.8094
2026-08-20 20:23:03.017,24407.8166
2026-08-20 20:23:03.448,24136.6218
2026-08-20 20:23:03.862,23890.0352
2026-08-20 20:23:04.278,23718.0499
2026-08-20 20:23:04.691,23618.8975
2026-08-20 20:23:05.103,23644.9637
2026-08-20 20:23:05.583,23786.0583
2026-08-20 20:23:06.007,23996.3506
2026-08-20 20:23:06.424,24257.6261
2026-08-20 20:23:06.840,24539.1629
2026-08-20 20:23:07.258,24837.4236
2026-08-20 20:23:07.671,25149.1783
2026-08-20 20:23:08.090,25107.9841
2026-08-20 20:23:08.507,24790.5128
2026-08-20 20:23:08.921,24491.1968
2026-08-20 20:23:09.332,24213.0949
2026-08-20 20:23:09.747,23961.766
2026-08-20 20:23:10.173,23765.6747
2026-08-20 20:23:10.594,23641.5622
2026-08-20 20:23:11.022,23596.6845
2026-08-20 20:23:11.439,23597.0176
2026-08-20 20:23:11.854,23596.413
2026-08-20 20:23:12.267,23595.8763
2026-08-20 20:23:12.694,23595.295
2026-08-20 20:23:13.106,23594.774
2026-08-20 20:23:13.522,23594.4193
2026-08-20 20:23:13.940,23593.9974
2026-08-20 20:23:14.353,23593.6103
2026-08-20 20:23:14.819,23593.1782
2026-08-20 20:23:15.231,23592.8502
2026-08-20 20:23:15.644,23592.5208
2026-08-20 20:23:16.058,23628.5599
2026-08-20 20:23:16.470,23745.0153
2026-08-20 20:23:16.908,23928.4669
2026-08-20 20:23:17.321,24152.2686
2026-08-20 20:23:17.734,24002.7241
2026-08-20 20:23:18.146,23790.9801
2026-08-20 20:23:18.612,23649.6003
2026-08-20 20:23:19.040,23609.3327
2026-08-20 20:23:19.465,23717.7538
2026-08-20 20:23:19.879,23901.1069
2026-08-20 20:23:20.297,24138.1664
2026-08-20 20:23:20.709,24410.7242
2026-08-20 20:23:21.125,24701.1822
2026-08-20 20:23:21.561,25013.8813
2026-08-20 20:23:21.988,25208.0855
2026-08-20 20:23:22.404,24919.2878
2026-08-20 20:23:22.817,24612.8005
2026-08-20 20:23:23.247,24322.9786
2026-08-20 20:23:23.660,24051.9615
2026-08-20 20:23:24.078,23830.9079
2026-08-20 20:23:24.491,23679.4665
2026-08-20 20:23:24.918,23608.1252
2026-08-20 20:23:25.346,23673.3108
2026-08-20 20:23:25.759,23822.43
2026-08-20 20:23:26.178,24038.6757
2026-08-20 20:23:26.592,24302.6533
2026-08-20 20:23:27.020,24594.7019
2026-08-20 20:23:27.439,24898.9044
2026-08-20 20:23:27.853,25192.2047
2026-08-20 20:23:28.265,25042.9656
2026-08-20 20:23:28.691,24732.8226
2026-08-20 20:23:29.108,24431.0566
2026-08-20 20:23:29.538,24153.7108
2026-08-20 20:23:29.951,23902.7773
2026-08-20 20:23:30.372,23725.8515
2026-08-20 20:23:30.796,23620.3716
2026-08-20 20:23:31.210,23594.4283
2026-08-20 20:23:31.645,23594.24
2026-08-20 20:23:32.057,23593.514
2026-08-20 20:23:32.471,23593.0411
2026-08-20 20:23:32.884,23592.2934
2026-08-20 20:23:33.302,23591.8183
2026-08-20 20:23:33.762,23591.187
2026-08-20 20:23:34.179,23590.917
2026-08-20 20:23:34.592,23590.5429
2026-08-20 20:23:35.004,23589.9237
2026-08-20 20:23:35.465,23589.636
2026-08-20 20:23:35.896,23591.8476
2026-08-20 20:23:36.309,23661.6325
2026-08-20 20:23:36.728,23801.9298
2026-08-20 20:23:37.140,24012.5156
2026-08-20 20:23:37.553,24145.4569
2026-08-20 20:23:37.971,23923.609
2026-08-20 20:23:38.384,23730.8822
2026-08-20 20:23:38.811,23613.7627
2026-08-20 20:23:39.223,23622.9957
2026-08-20 20:23:39.646,23744.2264
2026-08-20 20:23:40.074,23940.702
2026-08-20 20:23:40.495,24195.3379
2026-08-20 20:23:40.908,24475.7897
2026-08-20 20:23:41.342,24777.9709
2026-08-20 20:23:41.762,25090.4268
2026-08-20 20:23:42.191,25155.2769
2026-08-20 20:23:42.610,24832.6434
2026-08-20 20:23:43.022,24529.0197
2026-08-20 20:23:43.440,24248.1237
2026-08-20 20:23:43.854,23988.2136
2026-08-20 20:23:44.283,23782.8028
2026-08-20 20:23:44.696,23645.9315
2026-08-20 20:23:45.107,23606.4014
2026-08-20 20:23:45.520,23694.5522
2026-08-20 20:23:45.933,23855.3036
2026-08-20 20:23:46.400,24116.0381
2026-08-20 20:23:46.814,24386.0519
2026-08-20 20:23:47.228,24674.389
2026-08-20 20:23:47.655,24977.6174
2026-08-20 20:23:48.071,25200.2807
2026-08-20 20:23:48.490,24934.1708
2026-08-20 20:23:48.905,24624.464
2026-08-20 20:23:49.326,24335.9718
2026-08-20 20:23:49.741,24063.8578
2026-08-20 20:23:50.153,23837.4491
2026-08-20 20:23:50.614,23669.6625
2026-08-20 20:23:51.051,23594.8981
2026-08-20 20:23:51.467,23589.1704
2026-08-20 20:23:51.880,23588.6171
2026-08-20 20:23:52.293,23588.0609
2026-08-20 20:23:52.719,23587.4127
2026-08-20 20:23:53.132,23586.6552
2026-08-20 20:23:53.552,23586.2945
2026-08-20 20:23:53.980,23585.9154
2026-08-20 20:23:54.392,23585.2934
2026-08-20 20:23:54.830,23584.941
2026-08-20 20:23:55.245,23584.4336
2026-08-20 20:23:55.659,23583.7664
2026-08-20 20:23:56.087,23594.2795
2026-08-20 20:23:56.506,23685.2559
2026-08-20 20:23:56.919,23846.3587
2026-08-20 20:23:57.345,24068.2215
2026-08-20 20:23:57.765,24090.0982
2026-08-20 20:23:58.191,23851.2021
2026-08-20 20:23:58.606,23678.8827
2026-08-20 20:23:59.018,23590.9309
2026-08-20 20:23:59.431,23647.3821
2026-08-20 20:23:59.844,23788.9315
2026-08-20 20:24:00.258,23998.5622
2026-08-20 20:24:00.684,24254.3139
2026-08-20 20:24:01.115,24545.6688
2026-08-20 20:24:01.528,24850.7175
2026-08-20 20:24:01.955,25158.6774
2026-08-20 20:24:02.369,25069.2912
2026-08-20 20:24:02.781,24757.2756
2026-08-20 20:24:03.201,24461.8443
2026-08-20 20:24:03.616,24180.1549
2026-08-20 20:24:04.028,23930.5702
2026-08-20 20:24:04.447,23738.5023
2026-08-20 20:24:04.883,23619.7424
2026-08-20 20:24:05.296,23613.3207
2026-08-20 20:24:05.723,23724.9937
2026-08-20 20:24:06.135,23906.6606
2026-08-20 20:24:06.547,24147.001
2026-08-20 20:24:06.963,24418.8576
2026-08-20 20:24:07.381,24714.9541
2026-08-20 20:24:07.798,25019.8224
2026-08-20 20:24:08.211,25184.4211
2026-08-20 20:24:08.630,24892.871
2026-08-20 20:24:09.043,24584.9562
2026-08-20 20:24:09.457,24299.2291
2026-08-20 20:24:09.938,24002.7068
2026-08-20 20:24:10.403,23784.3705
2026-08-20 20:24:10.820,23635.9346
2026-08-20 20:24:11.265,23580.9049
2026-08-20 20:24:11.679,23580.7944
2026-08-20 20:24:12.107,23580.0436
2026-08-20 20:24:12.600,23579.1822
2026-08-20 20:24:13.014,23578.5359
2026-08-20 20:24:13.441,23577.7461
2026-08-20 20:24:13.854,23577.4721
2026-08-20 20:24:14.292,23576.8402
2026-08-20 20:24:14.706,23576.4034
2026-08-20 20:24:15.118,23576.1302
2026-08-20 20:24:15.532,23575.7598
2026-08-20 20:24:15.945,23575.2272
2026-08-20 20:24:16.374,23620.1066
2026-08-20 20:24:16.810,23747.3637
2026-08-20 20:24:17.253,23944.4166
2026-08-20 20:24:17.671,24138.2509
2026-08-20 20:24:18.085,23940.5854
2026-08-20 20:24:18.497,23739.9768
2026-08-20 20:24:18.928,23609.5032
2026-08-20 20:24:19.341,23596.0472
2026-08-20 20:24:19.761,23707.1332
2026-08-20 20:24:20.179,23891.078
2026-08-20 20:24:20.592,24133.1775
2026-08-20 20:24:21.026,24413.6697
2026-08-20 20:24:21.438,24707.8908
2026-08-20 20:24:21.851,25010.8891
2026-08-20 20:24:22.318,25167.1438
2026-08-20 20:24:22.739,24860.4861
2026-08-20 20:24:23.155,24552.9013
2026-08-20 20:24:23.568,24266.9677
2026-08-20 20:24:23.980,24005.8453
2026-08-20 20:24:24.400,23791.3068
2026-08-20 20:24:24.817,23647.4319
2026-08-20 20:24:25.230,23587.8529
2026-08-20 20:24:25.657,23660.7334
2026-08-20 20:24:26.075,23817.5438
2026-08-20 20:24:26.489,24039.4071
2026-08-20 20:24:26.916,24302.6855
2026-08-20 20:24:27.336,24595.804
2026-08-20 20:24:27.760,24901.2084
2026-08-20 20:24:28.174,25183.1424
2026-08-20 20:24:28.648,24969.8749
2026-08-20 20:24:29.076,24662.4465
2026-08-20 20:24:29.577,24328.3444
2026-08-20 20:24:29.992,24035.8046
2026-08-20 20:24:30.418,23811.5701
2026-08-20 20:24:30.836,23656.7828
2026-08-20 20:24:31.250,23579.6664
2026-08-20 20:24:31.690,23571.5198
2026-08-20 20:24:32.102,23570.9151
2026-08-20 20:24:32.516,23570.2132
2026-08-20 20:24:32.926,23569.5643
2026-08-20 20:24:33.349,23568.6366
2026-08-20 20:24:33.761,23568.0147
2026-08-20 20:24:34.175,23567.5434
2026-08-20 20:24:34.648,23566.8885
2026-08-20 20:24:35.071,23566.2543
2026-08-20 20:24:35.499,23565.6986
2026-08-20 20:24:35.912,23565.4122
2026-08-20 20:24:36.330,23577.6849
2026-08-20 20:24:36.772,23669.0863
2026-08-20 20:24:37.184,23842.1158
2026-08-20 20:24:37.598,24067.7398
2026-08-20 20:24:38.011,24056.5862
2026-08-20 20:24:38.434,23823.9429
2026-08-20 20:24:38.847,23655.0805
2026-08-20 20:24:39.278,23570.1801
2026-08-20 20:24:39.714,23634.5205
2026-08-20 20:24:40.127,23790.2987
2026-08-20 20:24:40.552,24006.6552
2026-08-20 20:24:40.965,24273.7358
2026-08-20 20:24:41.382,24555.4099
2026-08-20 20:24:41.859,24895.0131
2026-08-20 20:24:42.273,25176.2324
2026-08-20 20:24:42.685,24980.803
2026-08-20 20:24:43.100,24672.3748
2026-08-20 20:24:43.513,24379.5068
2026-08-20 20:24:43.925,24106.6553
2026-08-20 20:24:44.339,23867.5801
2026-08-20 20:24:44.805,23674.1239
2026-08-20 20:24:45.227,23581.347
2026-08-20 20:24:45.640,23615.9886
2026-08-20 20:24:46.067,23740.0888
2026-08-20 20:24:46.482,23946.3699
2026-08-20 20:24:46.914,24198.6962
2026-08-20 20:24:47.327,24489.2138
2026-08-20 20:24:47.747,24784.6477
2026-08-20 20:24:48.172,25098.8587
2026-08-20 20:24:48.584,25075.4101
2026-08-20 20:24:49.003,24762.174
2026-08-20 20:24:49.431,24459.2573
2026-08-20 20:24:49.842,24170.3301
2026-08-20 20:24:50.269,23910.9565
2026-08-20 20:24:50.687,23716.9601
2026-08-20 20:24:51.101,23599.8717
2026-08-20 20:24:51.521,23556.6083
2026-08-20 20:24:51.948,23556.6382
2026-08-20 20:24:52.361,23556.0744
2026-08-20 20:24:52.800,23555.1485
2026-08-20 20:24:53.213,23554.2464
2026-08-20 20:24:53.637,23553.5039
2026-08-20 20:24:54.051,23552.7052
2026-08-20 20:24:54.464,23552.0095
2026-08-20 20:24:54.888,23551.3096
2026-08-20 20:24:55.302,23550.6079
2026-08-20 20:24:55.744,23549.9484
2026-08-20 20:24:56.164,23549.3194
2026-08-20 20:24:56.581,23588.3943
2026-08-20 20:24:57.000,23707.308
2026-08-20 20:24:57.428,23896.2884
2026-08-20 20:24:57.879,24113.146
2026-08-20 20:24:58.294,23927.7503
2026-08-20 20:24:58.707,23722.6184
2026-08-20 20:24:59.123,23590.8305
2026-08-20 20:24:59.537,23559.1854
2026-08-20 20:24:59.951,23659.1773
2026-08-20 20:25:00.370,23831.8755
2026-08-20 20:25:00.816,24064.5859
2026-08-20 20:25:01.230,24354.5219
2026-08-20 20:25:01.643,24641.8454
2026-08-20 20:25:02.062,24944.917
2026-08-20 20:25:02.476,25165.8737
2026-08-20 20:25:02.890,24904.6266
2026-08-20 20:25:03.366,24586.7597
2026-08-20 20:25:03.799,24256.1267
2026-08-20 20:25:04.211,23989.6223
2026-08-20 20:25:04.625,23772.0075
2026-08-20 20:25:05.038,23625.1177
2026-08-20 20:25:05.500,23557.8156
2026-08-20 20:25:05.925,23634.77
2026-08-20 20:25:06.339,23788.9963
2026-08-20 20:25:06.751,24011.9761
2026-08-20 20:25:07.163,24273.7387
2026-08-20 20:25:07.601,24567.6762
2026-08-20 20:25:08.040,24874.8473
2026-08-20 20:25:08.462,25152.5237
2026-08-20 20:25:08.876,24927.2861
2026-08-20 20:25:09.289,24618.9303
2026-08-20 20:25:09.714,24327.7412
2026-08-20 20:25:10.133,24048.712
2026-08-20 20:25:10.549,23812.1822
2026-08-20 20:25:10.981,23646.0253
2026-08-20 20:25:11.405,23551.7677
2026-08-20 20:25:11.817,23537.0462
2026-08-20 20:25:12.231,23536.7346
2026-08-20 20:25:12.666,23535.9195
2026-08-20 20:25:13.103,23535.0369
2026-08-20 20:25:13.516,23534.0602
2026-08-20 20:25:13.928,23533.581
2026-08-20 20:25:14.356,23533.1445
2026-08-20 20:25:14.816,23532.3105
2026-08-20 20:25:15.234,23531.5494
2026-08-20 20:25:15.657,23531.1269
2026-08-20 20:25:16.069,23530.43
2026-08-20 20:25:16.483,23537.7203
2026-08-20 20:25:16.896,23617.1183
2026-08-20 20:25:17.308,23766.4805
2026-08-20 20:25:17.721,23981.0535
2026-08-20 20:25:18.165,24067.8605
2026-08-20 20:25:18.579,23817.5897
2026-08-20 20:25:19.007,23641.3714
2026-08-20 20:25:19.420,23539.4139
2026-08-20 20:25:19.845,23581.5107
2026-08-20 20:25:20.319,23741.0394
2026-08-20 20:25:20.732,23960.6396
2026-08-20 20:25:21.159,24227.7956
2026-08-20 20:25:21.585,24517.8872
2026-08-20 20:25:22.011,24814.3656
2026-08-20 20:25:22.423,25122.6529
2026-08-20 20:25:22.837,24995.1545
2026-08-20 20:25:23.265,24671.5886
2026-08-20 20:25:23.679,24376.7964
2026-08-20 20:25:24.092,24099.9794
2026-08-20 20:25:24.539,23854.6305
2026-08-20 20:25:24.966,23653.3464
2026-08-20 20:25:25.392,23550.8711
2026-08-20 20:25:25.809,23567.5605
2026-08-20 20:25:26.223,23684.9063
2026-08-20 20:25:26.639,23875.51
2026-08-20 20:25:27.053,24124.0454
2026-08-20 20:25:27.483,24412.359
2026-08-20 20:25:27.919,24715.3415
2026-08-20 20:25:28.332,25029.4697
2026-08-20 20:25:28.752,25080.6239
2026-08-20 20:25:29.170,24759.7647
2026-08-20 20:25:29.584,24456.2385
2026-08-20 20:25:29.997,24173.6767
2026-08-20 20:25:30.415,23913.329
2026-08-20 20:25:30.830,23708.3557
2026-08-20 20:25:31.242,23577.9495
2026-08-20 20:25:31.655,23521.6137
2026-08-20 20:25:32.082,23519.6275
2026-08-20 20:25:32.496,23518.9814
2026-08-20 20:25:32.909,23518.0071
2026-08-20 20:25:33.351,23516.9069
2026-08-20 20:25:33.772,23516.0547
2026-08-20 20:25:34.190,23515.2948
2026-08-20 20:25:34.602,23514.5265
2026-08-20 20:25:35.015,23513.8019
2026-08-20 20:25:35.481,23513.0761
2026-08-20 20:25:35.895,23512.6133
2026-08-20 20:25:36.310,23511.9334
2026-08-20 20:25:36.722,23537.5319
2026-08-20 20:25:37.134,23643.7298
2026-08-20 20:25:37.601,23844.2721
2026-08-20 20:25:38.028,24066.5158
2026-08-20 20:25:38.450,23925.4172
2026-08-20 20:25:38.862,23707.2274
2026-08-20 20:25:39.279,23566.5014
2026-08-20 20:25:39.712,23519.3239
2026-08-20 20:25:40.139,23618.1705
2026-08-20 20:25:40.552,23792.982
2026-08-20 20:25:40.966,24025.2814
2026-08-20 20:25:41.379,24292.8695
2026-08-20 20:25:41.808,24589.9309
2026-08-20 20:25:42.236,24904.3862
2026-08-20 20:25:42.656,25131.3
2026-08-20 20:25:43.083,24872.6294
2026-08-20 20:25:43.501,24555.7145
2026-08-20 20:25:43.928,24262.2234
2026-08-20 20:25:44.341,23986.3212
2026-08-20 20:25:44.771,23753.3307
2026-08-20 20:25:45.190,23598.326
2026-08-20 20:25:45.603,23521.5136
2026-08-20 20:25:46.015,23577.811
2026-08-20 20:25:46.427,23714.9777
2026-08-20 20:25:46.839,23924.345
2026-08-20 20:25:47.255,24181.2354
2026-08-20 20:25:47.716,24497.284
2026-08-20 20:25:48.129,24797.0499
2026-08-20 20:25:48.556,25102.7941
2026-08-20 20:25:48.983,24950.5291
2026-08-20 20:25:49.397,24639.6321
2026-08-20 20:25:49.840,24345.1489
2026-08-20 20:25:50.270,24039.839
2026-08-20 20:25:50.695,23799.7985
2026-08-20 20:25:51.107,23623.4362
2026-08-20 20:25:51.521,23525.7018
2026-08-20 20:25:51.963,23504.2809
2026-08-20 20:25:52.391,23503.9127
2026-08-20 20:25:52.804,23503.1107
2026-08-20 20:25:53.237,23502.4189
2026-08-20 20:25:53.651,23501.5432
2026-08-20 20:25:54.089,23500.6854
2026-08-20 20:25:54.501,23499.818
2026-08-20 20:25:54.915,23499.3443
2026-08-20 20:25:55.330,23498.7112
2026-08-20 20:25:55.756,23497.9287
2026-08-20 20:25:56.169,23497.5916
2026-08-20 20:25:56.587,23499.6031
2026-08-20 20:25:57.032,23563.8689
2026-08-20 20:25:57.445,23713.9909
2026-08-20 20:25:57.858,23923.4579
2026-08-20 20:25:58.270,24050.2031
2026-08-20 20:25:58.692,23824.8096
2026-08-20 20:25:59.105,23632.0636
2026-08-20 20:25:59.518,23517.8972
2026-08-20 20:25:59.930,23528.3546
2026-08-20 20:26:00.342,23647.7977
2026-08-20 20:26:00.756,23837.6459
2026-08-20 20:26:01.201,24103.0698
2026-08-20 20:26:01.615,24378.5418
2026-08-20 20:26:02.035,24671.3492
2026-08-20 20:26:02.448,24983.7181
2026-08-20 20:26:02.866,25087.1123
2026-08-20 20:26:03.278,24773.0765
2026-08-20 20:26:03.689,24470.6876
2026-08-20 20:26:04.101,24186.7127
2026-08-20 20:26:04.528,23924.8902
2026-08-20 20:26:04.939,23704.602
2026-08-20 20:26:05.381,23564.7281
2026-08-20 20:26:05.795,23508.5124
2026-08-20 20:26:06.223,23592.8995
2026-08-20 20:26:06.635,23750.3253
2026-08-20 20:26:07.063,23976.8167
2026-08-20 20:26:07.476,24252.3935
2026-08-20 20:26:07.898,24539.2063
2026-08-20 20:26:08.321,24847.9587
2026-08-20 20:26:08.742,25111.1437
2026-08-20 20:26:09.170,24880.7192
2026-08-20 20:26:09.587,24561.1935
2026-08-20 20:26:10.003,24266.0576
2026-08-20 20:26:10.438,23993.0347
2026-08-20 20:26:10.862,23749.1453
2026-08-20 20:26:11.289,23586.0628
2026-08-20 20:26:11.702,23500.0122
2026-08-20 20:26:12.138,23488.6802
2026-08-20 20:26:12.566,23488.1046
2026-08-20 20:26:12.984,23487.3064
2026-08-20 20:26:13.410,23486.4498
2026-08-20 20:26:13.823,23485.694
2026-08-20 20:26:14.259,23484.8924
2026-08-20 20:26:14.726,23484.1561
2026-08-20 20:26:15.151,23483.476
2026-08-20 20:26:15.564,23482.8793
2026-08-20 20:26:15.977,23482.3206
2026-08-20 20:26:16.391,23481.8124
2026-08-20 20:26:16.838,23494.8679
2026-08-20 20:26:17.251,23591.2277
2026-08-20 20:26:17.663,23753.0767
2026-08-20 20:26:18.088,23978.7933
2026-08-20 20:26:18.514,23973.6051
2026-08-20 20:26:18.926,23734.3496
2026-08-20 20:26:19.347,23570.7215
2026-08-20 20:26:19.781,23486.0941
2026-08-20 20:26:20.197,23553.1927
2026-08-20 20:26:20.623,23701.7308
2026-08-20 20:26:21.035,23924.9461
2026-08-20 20:26:21.510,24193.2849
2026-08-20 20:26:21.941,24520.8368
2026-08-20 20:26:22.356,24824.7201
2026-08-20 20:26:22.770,25098.4196
2026-08-20 20:26:23.182,24898.9978
2026-08-20 20:26:23.610,24578.7757
2026-08-20 20:26:24.071,24252.1695
2026-08-20 20:26:24.492,23981.5529
2026-08-20 20:26:24.905,23744.6322
2026-08-20 20:26:25.319,23581.5632
2026-08-20 20:26:25.733,23492.8092
2026-08-20 20:26:26.160,23532.1003
2026-08-20 20:26:26.637,23684.7175
2026-08-20 20:26:27.049,23903.9079
2026-08-20 20:26:27.474,24162.4316
2026-08-20 20:26:27.889,24453.9599
2026-08-20 20:26:28.301,24753.4714
2026-08-20 20:26:28.713,25059.2372
2026-08-20 20:26:29.152,24957.4365
2026-08-20 20:26:29.566,24624.428
2026-08-20 20:26:29.986,24327.6439
2026-08-20 20:26:30.412,24045.576
2026-08-20 20:26:30.824,23792.7262
2026-08-20 20:26:31.242,23611.185
2026-08-20 20:26:31.659,23503.3436
2026-08-20 20:26:32.092,23472.771
2026-08-20 20:26:32.506,23473.5698
2026-08-20 20:26:32.920,23472.9812
2026-08-20 20:26:33.332,23472.5601
2026-08-20 20:26:33.743,23472.2851
2026-08-20 20:26:34.154,23471.6618
2026-08-20 20:26:34.567,23471.5128
2026-08-20 20:26:34.980,23471.125
2026-08-20 20:26:35.394,23470.5893
2026-08-20 20:26:35.814,23470.4395
2026-08-20 20:26:36.278,23469.9113
2026-08-20 20:26:36.692,23469.5069
2026-08-20 20:26:37.105,23516.8387
2026-08-20 20:26:37.524,23639.4682
2026-08-20 20:26:37.952,23835.142
2026-08-20 20:26:38.364,24033.2812
2026-08-20 20:26:38.803,23849.5189
2026-08-20 20:26:39.217,23633.6551
2026-08-20 20:26:39.649,23502.8019
2026-08-20 20:26:40.062,23490.5728
2026-08-20 20:26:40.489,23607.0751
2026-08-20 20:26:40.930,23791.4255
2026-08-20 20:26:41.344,24050.4528
2026-08-20 20:26:41.767,24324.2468
2026-08-20 20:26:42.180,24623.6178
2026-08-20 20:26:42.612,24940.0331
2026-08-20 20:26:43.046,25063.0772
2026-08-20 20:26:43.459,24740.1304
2026-08-20 20:26:43.885,24436.3297
2026-08-20 20:26:44.297,24142.5598
2026-08-20 20:26:44.710,23881.7553
2026-08-20 20:26:45.124,23669.8131
2026-08-20 20:26:45.536,23531.286
2026-08-20 20:26:45.948,23476.3862
2026-08-20 20:26:46.359,23551.3747
2026-08-20 20:26:46.772,23701.1633
2026-08-20 20:26:47.184,23922.1555
2026-08-20 20:26:47.625,24184.36
2026-08-20 20:26:48.039,24488.8851
2026-08-20 20:26:48.451,24790.1023
2026-08-20 20:26:48.886,25074.3937
2026-08-20 20:26:49.299,24868.6039
2026-08-20 20:26:49.762,24519.8457
2026-08-20 20:26:50.179,24224.8989
2026-08-20 20:26:50.607,23949.7659
2026-08-20 20:26:51.021,23708.0048
2026-08-20 20:26:51.445,23545.7517
2026-08-20 20:26:51.864,23455.648
2026-08-20 20:26:52.276,23441.7212
2026-08-20 20:26:52.722,23440.6227
2026-08-20 20:26:53.135,23439.2488
2026-08-20 20:26:53.567,23437.7618
2026-08-20 20:26:53.982,23436.4176
2026-08-20 20:26:54.396,23435.3003
2026-08-20 20:26:54.808,23434.3037
2026-08-20 20:26:55.221,23432.9716
2026-08-20 20:26:55.652,23432.1106
2026-08-20 20:26:56.063,23431.2126
2026-08-20 20:26:56.490,23430.3573
2026-08-20 20:26:56.902,23434.4372
2026-08-20 20:26:57.324,23506.8329
2026-08-20 20:26:57.738,23653.4315
2026-08-20 20:26:58.151,23865.4943
2026-08-20 20:26:58.566,23974.0244
2026-08-20 20:26:58.981,23741.8559
2026-08-20 20:26:59.408,23555.8081
2026-08-20 20:26:59.822,23441.9635
2026-08-20 20:27:00.245,23466.7833
2026-08-20 20:27:00.657,23595.3266
2026-08-20 20:27:01.070,23792.1123
2026-08-20 20:27:01.494,24040.5113
2026-08-20 20:27:01.989,24381.6016
2026-08-20 20:27:02.409,24677.9992
2026-08-20 20:27:02.822,24993.2201
2026-08-20 20:27:03.241,24939.2939
2026-08-20 20:27:03.703,24583.4487
2026-08-20 20:27:04.114,24285.8203
2026-08-20 20:27:04.528,24007.8752
2026-08-20 20:27:04.941,23759.2559
2026-08-20 20:27:05.354,23571.3205
2026-08-20 20:27:05.821,23447.9222
2026-08-20 20:27:06.325,23464.3002
2026-08-20 20:27:06.744,23606.7305
2026-08-20 20:27:07.169,23810.2537
2026-08-20 20:27:07.583,24072.2991
2026-08-20 20:27:07.994,24351.6669
2026-08-20 20:27:08.416,24647.1057
2026-08-20 20:27:08.834,24963.7103
2026-08-20 20:27:09.261,24935.7338
2026-08-20 20:27:09.674,24609.3562
2026-08-20 20:27:10.119,24310.3724
2026-08-20 20:27:10.534,24008.8229
2026-08-20 20:27:10.948,23757.5115
2026-08-20 20:27:11.361,23567.0713
2026-08-20 20:27:11.836,23449.1248
2026-08-20 20:27:12.267,23411.4248
2026-08-20 20:27:12.678,23411.6757
2026-08-20 20:27:13.108,23410.6515
2026-08-20 20:27:13.525,23409.8436
2026-08-20 20:27:13.938,23408.9135
2026-08-20 20:27:14.358,23407.8526
2026-08-20 20:27:14.770,23407.1144
2026-08-20 20:27:15.198,23406.489
2026-08-20 20:27:15.611,23405.5519
2026-08-20 20:27:16.039,23404.9356
2026-08-20 20:27:16.478,23404.0625
2026-08-20 20:27:16.906,23403.8886
2026-08-20 20:27:17.325,23460.2415
2026-08-20 20:27:17.737,23592.0257
2026-08-20 20:27:18.153,23789.8139
2026-08-20 20:27:18.618,23958.8949
2026-08-20 20:27:19.030,23736.6767
2026-08-20 20:27:19.442,23545.1335
2026-08-20 20:27:19.863,23426.8384
2026-08-20 20:27:20.275,23429.2588
2026-08-20 20:27:20.689,23545.8045
2026-08-20 20:27:21.102,23732.987
2026-08-20 20:27:21.516,23976.1751
2026-08-20 20:27:21.937,24252.0751
2026-08-20 20:27:22.349,24545.7879
2026-08-20 20:27:22.761,24850.3511
2026-08-20 20:27:23.174,25005.1272
2026-08-20 20:27:23.595,24709.496
2026-08-20 20:27:24.009,24397.9363
2026-08-20 20:27:24.426,24109.3566
2026-08-20 20:27:24.891,23841.6141
2026-08-20 20:27:25.315,23596.7633
2026-08-20 20:27:25.727,23457.6605
2026-08-20 20:27:26.154,23406.7142
2026-08-20 20:27:26.566,23487.2915
2026-08-20 20:27:26.979,23641.6477
2026-08-20 20:27:27.423,23865.5846
2026-08-20 20:27:27.845,24151.3025
2026-08-20 20:27:28.257,24443.8727
2026-08-20 20:27:28.671,24745.2002
2026-08-20 20:27:29.098,25004.7992
2026-08-20 20:27:29.557,24739.8222
2026-08-20 20:27:29.969,24432.1004
2026-08-20 20:27:30.390,24142.1415
2026-08-20 20:27:30.805,23867.626
2026-08-20 20:27:31.218,23637.9629
2026-08-20 20:27:31.631,23480.7353
2026-08-20 20:27:32.043,23395.7183
2026-08-20 20:27:32.504,23382.7868
2026-08-20 20:27:32.925,23382.2741
2026-08-20 20:27:33.339,23381.236
2026-08-20 20:27:33.753,23380.3607
2026-08-20 20:27:34.166,23379.3011
2026-08-20 20:27:34.577,23378.3563
2026-08-20 20:27:34.993,23377.7163
2026-08-20 20:27:35.408,23376.7478
2026-08-20 20:27:35.874,23375.9102
2026-08-20 20:27:36.287,23375.1985
2026-08-20 20:27:36.701,23374.1705
2026-08-20 20:27:37.126,23373.7538
2026-08-20 20:27:37.543,23372.7965
2026-08-20 20:27:37.955,23372.2058
2026-08-20 20:27:38.401,23371.7581
2026-08-20 20:27:38.824,23370.7942
2026-08-20 20:27:39.241,23369.9393
2026-08-20 20:27:39.659,23369.4409
2026-08-20 20:27:40.071,23368.9526
2026-08-20 20:27:40.484,23368.4492
2026-08-20 20:27:40.905,23367.6204
2026-08-20 20:27:41.328,23367.0508
2026-08-20 20:27:41.822,23366.5156
2026-08-20 20:27:42.245,23365.7854
2026-08-20 20:27:42.671,23365.3338
2026-08-20 20:27:43.084,23365.0573
2026-08-20 20:27:43.519,23364.4675
2026-08-20 20:27:43.933,23364.05
2026-08-20 20:27:44.350,23363.7484
2026-08-20 20:27:44.763,23363.4543
2026-08-20 20:27:45.176,23362.8662
2026-08-20 20:27:45.589,23362.5587
2026-08-20 20:27:46.002,23362.2651
2026-08-20 20:27:46.429,23361.793
2026-08-20 20:27:46.842,23361.4989
2026-08-20 20:27:47.255,23360.9099
2026-08-20 20:27:47.753,23360.4597
2026-08-20 20:27:48.166,23360.1998
2026-08-20 20:27:48.578,23359.8182
2026-08-20 20:27:48.992,23359.2431
2026-08-20 20:27:49.422,23359.0154
2026-08-20 20:27:49.976,23358.4365
2026-08-20 20:27:50.405,23357.9392
2026-08-20 20:27:50.830,23357.7111
2026-08-20 20:27:51.247,23357.2955
2026-08-20 20:27:51.661,23356.8937
2026-08-20 20:27:52.088,23356.34
2026-08-20 20:27:52.514,23356.131
2026-08-20 20:27:52.937,23355.6571
2026-08-20 20:27:53.350,23355.316
2026-08-20 20:27:53.762,23355.2701
2026-08-20 20:27:54.190,23355.0155
2026-08-20 20:27:54.656,23354.6679
2026-08-20 20:27:55.069,23354.1209
2026-08-20 20:27:55.490,23353.7986
2026-08-20 20:27:55.904,23353.409
2026-08-20 20:27:56.321,23353.1175
2026-08-20 20:27:56.733,23352.6489
2026-08-20 20:27:57.160,23352.0456
2026-08-20 20:27:57.626,23351.9406
2026-08-20 20:27:58.044,23351.7469
2026-08-20 20:27:58.457,23351.5835
2026-08-20 20:27:58.869,23351.2485
2026-08-20 20:27:59.283,23351.0085
2026-08-20 20:27:59.752,23350.7614
2026-08-20 20:28:00.183,23350.2789
2026-08-20 20:28:00.595,23349.9482
2026-08-20 20:28:01.008,23349.3978
2026-08-20 20:28:01.432,23348.7444
2026-08-20 20:28:01.844,23347.9084
2026-08-20 20:28:02.257,23347.3654
2026-08-20 20:28:02.670,23346.8417
2026-08-20 20:28:03.108,23346.5287
2026-08-20 20:28:03.521,23346.1783
2026-08-20 20:28:03.947,23345.8679
2026-08-20 20:28:04.361,23345.5995
2026-08-20 20:28:04.822,23345.3004
2026-08-20 20:28:05.240,23344.9378
2026-08-20 20:28:05.666,23344.5398
2026-08-20 20:28:06.089,23344.407
2026-08-20 20:28:06.505,23344.0786
2026-08-20 20:28:06.924,23343.8489
2026-08-20 20:28:07.345,23343.4975
2026-08-20 20:28:07.757,23343.1572
2026-08-20 20:28:08.183,23342.7553
2026-08-20 20:28:08.596,23342.4925
2026-08-20 20:28:09.023,23342.1154
2026-08-20 20:28:09.468,23341.8574
2026-08-20 20:28:09.881,23341.5048
2026-08-20 20:28:10.296,23341.2717
2026-08-20 20:28:10.721,23340.9686
2026-08-20 20:28:11.134,23340.7848
2026-08-20 20:28:11.555,23340.3992
2026-08-20 20:28:11.967,23356.2473
2026-08-20 20:28:12.381,23456.8666
2026-08-20 20:28:12.799,23624.9491
2026-08-20 20:28:13.212,23853.6182
2026-08-20 20:28:13.639,23855.6433
2026-08-20 20:28:14.053,23613.2212
2026-08-20 20:28:14.466,23442.7979
2026-08-20 20:28:14.892,23350.1457
2026-08-20 20:28:15.309,23412.885
2026-08-20 20:28:15.721,23562.9247
2026-08-20 20:28:16.159,23776.076
2026-08-20 20:28:16.571,24049.2228
2026-08-20 20:28:16.991,24328.7128
2026-08-20 20:28:17.404,24630.5317
2026-08-20 20:28:17.817,24935.8427
2026-08-20 20:28:18.229,24835.7413
2026-08-20 20:28:18.729,24464.8574
2026-08-20 20:28:19.152,24175.1672
2026-08-20 20:28:19.572,23897.6869
2026-08-20 20:28:19.986,23655.8079
2026-08-20 20:28:20.400,23481.1737
2026-08-20 20:28:20.814,23377.8471
2026-08-20 20:28:21.242,23400.4053
2026-08-20 20:28:21.653,23527.2114
2026-08-20 20:28:22.073,23722.5415
2026-08-20 20:28:22.485,23975.3277
2026-08-20 20:28:22.903,24251.5965
2026-08-20 20:28:23.317,24548.2176
2026-08-20 20:28:23.730,24856.665
2026-08-20 20:28:24.143,24927.1817
2026-08-20 20:28:24.569,24613.0496
2026-08-20 20:28:24.996,24292.0104
2026-08-20 20:28:25.423,24000.2805
2026-08-20 20:28:25.850,23736.1673
2026-08-20 20:28:26.319,23535.0598
2026-08-20 20:28:26.748,23393.6612
2026-08-20 20:28:27.165,23350.3516
2026-08-20 20:28:27.578,23350.5564
2026-08-20 20:28:27.993,23349.8637
2026-08-20 20:28:28.406,23349.1408
2026-08-20 20:28:28.838,23348.554
2026-08-20 20:28:29.250,23347.8637
2026-08-20 20:28:29.662,23347.124
2026-08-20 20:28:30.093,23346.538
2026-08-20 20:28:30.505,23345.9604
2026-08-20 20:28:30.918,23345.5315
2026-08-20 20:28:31.330,23344.9859
2026-08-20 20:28:31.757,23344.3512
2026-08-20 20:28:32.170,23376.5431
2026-08-20 20:28:32.602,23490.7669
2026-08-20 20:28:33.016,23681.2205
2026-08-20 20:28:33.442,23900.219
2026-08-20 20:28:33.864,23762.1913
2026-08-20 20:28:34.277,23543.8927
2026-08-20 20:28:34.755,23388.9659
2026-08-20 20:28:35.173,23359.7919
2026-08-20 20:28:35.591,23468.3505
2026-08-20 20:28:36.005,23648.0205
2026-08-20 20:28:36.425,23885.1784
2026-08-20 20:28:36.849,24159.2322
2026-08-20 20:28:37.263,24455.9482
2026-08-20 20:28:37.691,24760.1293
2026-08-20 20:28:38.105,24959.7605
2026-08-20 20:28:38.517,24678.6889
2026-08-20 20:28:38.944,24373.4104
2026-08-20 20:28:39.359,24075.4855
2026-08-20 20:28:39.789,23808.0654
2026-08-20 20:28:40.201,23576.5929
2026-08-20 20:28:40.622,23426.588
2026-08-20 20:28:41.035,23353.1926
2026-08-20 20:28:41.446,23415.8587
2026-08-20 20:28:41.874,23557.8054
2026-08-20 20:28:42.368,23827.9145
2026-08-20 20:28:42.790,24093.1545
2026-08-20 20:28:43.256,24424.0394
2026-08-20 20:28:43.680,24727.5593
2026-08-20 20:28:44.093,24958.5924
2026-08-20 20:28:44.506,24701.525
2026-08-20 20:28:44.939,24383.266
2026-08-20 20:28:45.372,24089.849
2026-08-20 20:28:45.784,23809.137
2026-08-20 20:28:46.198,23583.9225
2026-08-20 20:28:46.610,23428.6718
2026-08-20 20:28:47.021,23345.5541
2026-08-20 20:28:47.433,23334.1631
2026-08-20 20:28:47.846,23334.0902
2026-08-20 20:28:48.258,23333.1184
2026-08-20 20:28:48.671,23332.5903
2026-08-20 20:28:49.104,23331.6205
2026-08-20 20:28:49.526,23330.6804
2026-08-20 20:28:49.938,23329.8441
2026-08-20 20:28:50.351,23329.1866
2026-08-20 20:28:50.763,23328.5269
2026-08-20 20:28:51.232,23327.8508
2026-08-20 20:28:51.660,23327.1927
2026-08-20 20:28:52.073,23333.7334
2026-08-20 20:28:52.487,23413.1431
2026-08-20 20:28:52.900,23562.3093
2026-08-20 20:28:53.316,23777.5557
2026-08-20 20:28:53.730,23866.7234
2026-08-20 20:28:54.207,23605.0896
2026-08-20 20:28:54.623,23428.4453
2026-08-20 20:28:55.035,23333.9646
2026-08-20 20:28:55.447,23382.9204
2026-08-20 20:28:55.859,23519.9072
2026-08-20 20:28:56.277,23725.2914
2026-08-20 20:28:56.690,23982.1297
2026-08-20 20:28:57.104,24260.5169
2026-08-20 20:28:57.523,24555.9781
2026-08-20 20:28:57.946,24869.8885
2026-08-20 20:28:58.359,24856.0636
2026-08-20 20:28:58.773,24539.3189
2026-08-20 20:28:59.196,24239.5623
2026-08-20 20:28:59.623,23951.4239
2026-08-20 20:29:00.036,23689.7922
2026-08-20 20:29:00.458,23493.2364
2026-08-20 20:29:00.891,23367.8193
2026-08-20 20:29:01.304,23345.5983
2026-08-20 20:29:01.717,23446.2985
2026-08-20 20:29:02.141,23618.6382
2026-08-20 20:29:02.606,23861.9014
2026-08-20 20:29:03.037,24171.3584
2026-08-20 20:29:03.457,24472.7137
2026-08-20 20:29:03.873,24783.9958
2026-08-20 20:29:04.286,24912.7274
2026-08-20 20:29:04.730,24593.5208
2026-08-20 20:29:05.149,24281.1552
2026-08-20 20:29:05.578,23989.0133
2026-08-20 20:29:05.994,23722.6461
2026-08-20 20:29:06.407,23512.9184
2026-08-20 20:29:06.825,23378.7885
2026-08-20 20:29:07.243,23317.4275
2026-08-20 20:29:07.659,23314.7751
2026-08-20 20:29:08.072,23314.0691
2026-08-20 20:29:08.492,23313.2019
2026-08-20 20:29:08.905,23312.2498
2026-08-20 20:29:09.318,23311.4552
2026-08-20 20:29:09.761,23310.639
2026-08-20 20:29:10.189,23309.8388
2026-08-20 20:29:10.602,23309.111
2026-08-20 20:29:11.023,23308.3181
2026-08-20 20:29:11.436,23307.6688
2026-08-20 20:29:11.849,23306.9406
2026-08-20 20:29:12.263,23323.0392
2026-08-20 20:29:12.676,23419.0776
2026-08-20 20:29:13.088,23583.0763
2026-08-20 20:29:13.514,23817.3311
2026-08-20 20:29:13.926,23789.9513
2026-08-20 20:29:14.389,23536.9321
2026-08-20 20:29:14.813,23380.7085
2026-08-20 20:29:15.228,23310.3405
2026-08-20 20:29:15.645,23387.7841
2026-08-20 20:29:16.115,23542.9091
2026-08-20 20:29:16.531,23800.821
2026-08-20 20:29:16.959,24075.4221
2026-08-20 20:29:17.372,24361.0027
2026-08-20 20:29:17.785,24661.9805
2026-08-20 20:29:18.210,24922.756
2026-08-20 20:29:18.635,24697.1012
2026-08-20 20:29:19.048,24378.3826
2026-08-20 20:29:19.460,24087.2896
2026-08-20 20:29:19.871,23816.2049
2026-08-20 20:29:20.293,23581.4471
2026-08-20 20:29:20.706,23410.8362
2026-08-20 20:29:21.120,23317.3977
2026-08-20 20:29:21.542,23349.5889
2026-08-20 20:29:22.036,23508.8227
2026-08-20 20:29:22.449,23719.8471
2026-08-20 20:29:22.862,23977.3828
2026-08-20 20:29:23.276,24258.4857
2026-08-20 20:29:23.688,24556.2721
2026-08-20 20:29:24.116,24865.1274
2026-08-20 20:29:24.531,24778.8142
2026-08-20 20:29:24.944,24464.7897
2026-08-20 20:29:25.364,24166.2588
2026-08-20 20:29:25.780,23882.8761
2026-08-20 20:29:26.198,23632.2267
2026-08-20 20:29:26.615,23441.882
2026-08-20 20:29:27.032,23327.7621
2026-08-20 20:29:27.474,23289.5928
2026-08-20 20:29:27.895,23289.6959
2026-08-20 20:29:28.315,23288.7873
2026-08-20 20:29:28.728,23287.9297
2026-08-20 20:29:29.199,23286.9168
2026-08-20 20:29:29.613,23285.9924
2026-08-20 20:29:30.041,23285.328
2026-08-20 20:29:30.453,23284.3761
2026-08-20 20:29:30.879,23283.6308
2026-08-20 20:29:31.292,23282.7947
2026-08-20 20:29:31.706,23282.136
2026-08-20 20:29:32.119,23281.5914
2026-08-20 20:29:32.534,23332.2807
2026-08-20 20:29:32.946,23458.4669
2026-08-20 20:29:33.369,23652.0376
2026-08-20 20:29:33.783,23842.9814
2026-08-20 20:29:34.195,23654.6474
2026-08-20 20:29:34.618,23451.3968
2026-08-20 20:29:35.110,23301.2802
2026-08-20 20:29:35.524,23311.21
2026-08-20 20:29:35.940,23430.9799
2026-08-20 20:29:36.360,23625.2908
2026-08-20 20:29:36.804,23871.2394
2026-08-20 20:29:37.217,24166.5122
2026-08-20 20:29:37.638,24459.2799
2026-08-20 20:29:38.065,24772.6052
2026-08-20 20:29:38.477,24850.4582
2026-08-20 20:29:38.916,24536.0364
2026-08-20 20:29:39.338,24215.2306
2026-08-20 20:29:39.753,23925.0485
2026-08-20 20:29:40.166,23667.0624
2026-08-20 20:29:40.578,23462.4249
2026-08-20 20:29:40.995,23332.0488
2026-08-20 20:29:41.412,23289.7579
2026-08-20 20:29:41.877,23392.1877
2026-08-20 20:29:42.298,23561.3994
2026-08-20 20:29:42.714,23800.263
2026-08-20 20:29:43.128,24071.3349
2026-08-20 20:29:43.542,24360.4428
2026-08-20 20:29:43.955,24665.0451
2026-08-20 20:29:44.378,24886.8817
2026-08-20 20:29:44.791,24620.5281
2026-08-20 20:29:45.220,24302.5338
2026-08-20 20:29:45.654,24001.5302
2026-08-20 20:29:46.082,23729.3392
2026-08-20 20:29:46.495,23498.7839
2026-08-20 20:29:46.907,23348.7009
2026-08-20 20:29:47.326,23271.3412
2026-08-20 20:29:47.745,23262.3228
2026-08-20 20:29:48.159,23261.6615
2026-08-20 20:29:48.572,23260.6064
2026-08-20 20:29:48.985,23259.2826
2026-08-20 20:29:49.399,23258.3989
2026-08-20 20:29:49.840,23257.4153
2026-08-20 20:29:50.253,23256.5401
2026-08-20 20:29:50.673,23255.5667
2026-08-20 20:29:51.099,23254.7886
2026-08-20 20:29:51.516,23254.0615
2026-08-20 20:29:51.947,23253.3044
2026-08-20 20:29:52.361,23261.0357
2026-08-20 20:29:52.774,23342.2285
2026-08-20 20:29:53.188,23492.4742
2026-08-20 20:29:53.604,23709.5824
2026-08-20 20:29:54.063,23757.6478
2026-08-20 20:29:54.476,23522.4451
2026-08-20 20:29:54.897,23352.2307
2026-08-20 20:29:55.325,23258.0701
2026-08-20 20:29:55.747,23311.647
2026-08-20 20:29:56.161,23455.0379
2026-08-20 20:29:56.579,23665.4915
2026-08-20 20:29:57.003,23924.3219
2026-08-20 20:29:57.417,24211.99
2026-08-20 20:29:57.828,24509.0804
2026-08-20 20:29:58.246,24817.8732
2026-08-20 20:29:58.671,24750.5091
2026-08-20 20:29:59.093,24426.9359
2026-08-20 20:29:59.514,24122.6969
2026-08-20 20:29:59.925,23839.3227
2026-08-20 20:30:00.347,23590.8806
2026-08-20 20:30:00.759,23397.8726
2026-08-20 20:30:01.225,23273.5532
2026-08-20 20:30:01.639,23280.2027
2026-08-20 20:30:02.063,23390.8925
2026-08-20 20:30:02.476,23580.497
2026-08-20 20:30:02.888,23824.2647
2026-08-20 20:30:03.300,24097.5989
2026-08-20 20:30:03.712,24389.14
2026-08-20 20:30:04.125,24694.6867
2026-08-20 20:30:04.539,24838.1548
2026-08-20 20:30:04.980,24538.0108
2026-08-20 20:30:05.393,24213.173
2026-08-20 20:30:05.807,23927.8435
2026-08-20 20:30:06.230,23665.3708
2026-08-20 20:30:06.693,23446.332
2026-08-20 20:30:07.111,23294.4569
2026-08-20 20:30:07.532,23238.8703
2026-08-20 20:30:07.945,23237.3866
2026-08-20 20:30:08.361,23236.7548
2026-08-20 20:30:08.773,23235.9321
2026-08-20 20:30:09.211,23235.0141
2026-08-20 20:30:09.711,23234.0938
2026-08-20 20:30:10.124,23233.2333
2026-08-20 20:30:10.537,23232.5257
2026-08-20 20:30:10.950,23231.93
2026-08-20 20:30:11.413,23231.1784
2026-08-20 20:30:11.826,23230.4135
2026-08-20 20:30:12.240,23229.7874
2026-08-20 20:30:12.652,23267.1067
2026-08-20 20:30:13.078,23382.5302
2026-08-20 20:30:13.556,23601.983
2026-08-20 20:30:13.973,23791.8852
2026-08-20 20:30:14.387,23599.0351
2026-08-20 20:30:14.813,23396.2895
2026-08-20 20:30:15.227,23264.4576
2026-08-20 20:30:15.642,23245.6105
2026-08-20 20:30:16.073,23355.6084
2026-08-20 20:30:16.486,23540.1939
2026-08-20 20:30:16.923,23787.926
2026-08-20 20:30:17.340,24065.5974
2026-08-20 20:30:17.754,24358.403
2026-08-20 20:30:18.168,24663.7619
2026-08-20 20:30:18.580,24836.642
2026-08-20 20:30:18.994,24547.6483
2026-08-20 20:30:19.439,24241.7877
2026-08-20 20:30:19.856,23931.9643
2026-08-20 20:30:20.269,23665.0525
2026-08-20 20:30:20.683,23447.3957
2026-08-20 20:30:21.095,23301.5895
2026-08-20 20:30:21.509,23236.3105
2026-08-20 20:30:21.920,23301.1962
2026-08-20 20:30:22.334,23442.5731
2026-08-20 20:30:22.749,23656.8816
2026-08-20 20:30:23.174,23916.3238
2026-08-20 20:30:23.587,24207.6136
2026-08-20 20:30:24.016,24505.9473
2026-08-20 20:30:24.428,24814.5474
2026-08-20 20:30:24.842,24677.3112
2026-08-20 20:30:25.253,24363.6845
2026-08-20 20:30:25.672,24068.0901
2026-08-20 20:30:26.085,23787.4943
2026-08-20 20:30:26.499,23541.3968
2026-08-20 20:30:26.913,23357.844
2026-08-20 20:30:27.378,23239.732
2026-08-20 20:30:27.800,23215.4898
2026-08-20 20:30:28.218,23215.8577
2026-08-20 20:30:28.645,23215.0428
2026-08-20 20:30:29.055,23214.0364
2026-08-20 20:30:29.470,23213.0254
2026-08-20 20:30:29.940,23212.2236
2026-08-20 20:30:30.386,23211.1989
2026-08-20 20:30:30.797,23210.7234
2026-08-20 20:30:31.210,23210.0025
2026-08-20 20:30:31.627,23209.5506
2026-08-20 20:30:32.039,23208.8388
2026-08-20 20:30:32.466,23210.756
2026-08-20 20:30:32.885,23276.4622
2026-08-20 20:30:33.310,23418.7469
2026-08-20 20:30:33.723,23625.2533
2026-08-20 20:30:34.148,23758.1149
2026-08-20 20:30:34.564,23529.0087
2026-08-20 20:30:34.988,23340.1113
2026-08-20 20:30:35.410,23222.7556
2026-08-20 20:30:35.825,23242.4867
2026-08-20 20:30:36.246,23365.7965
2026-08-20 20:30:36.660,23563.372
2026-08-20 20:30:37.074,23811.8401
2026-08-20 20:30:37.492,24087.3979
2026-08-20 20:30:37.907,24383.6135
2026-08-20 20:30:38.319,24691.5679
2026-08-20 20:30:38.745,24785.0065
2026-08-20 20:30:39.162,24463.1148
2026-08-20 20:30:39.575,24157.8597
2026-08-20 20:30:39.988,23873.1234
2026-08-20 20:30:40.415,23613.2601
2026-08-20 20:30:40.836,23396.8045
2026-08-20 20:30:41.251,23260.7218
2026-08-20 20:30:41.673,23213.6249
2026-08-20 20:30:42.086,23297.5643
2026-08-20 20:30:42.498,23453.9562
2026-08-20 20:30:42.911,23678.4648
2026-08-20 20:30:43.354,23943.283
2026-08-20 20:30:43.781,24250.816
2026-08-20 20:30:44.193,24562.4982
2026-08-20 20:30:44.632,24810.7571
2026-08-20 20:30:45.045,24557.8361
2026-08-20 20:30:45.481,24250.2342
2026-08-20 20:30:45.892,23944.042
2026-08-20 20:30:46.315,23675.7005
2026-08-20 20:30:46.729,23442.8796
2026-08-20 20:30:47.146,23286.6828
2026-08-20 20:30:47.561,23203.1228
2026-08-20 20:30:47.990,23191.2734
2026-08-20 20:30:48.410,23190.812
2026-08-20 20:30:48.822,23189.8594
2026-08-20 20:30:49.237,23189.096
2026-08-20 20:30:49.656,23188.0028
2026-08-20 20:30:50.074,23187.1752
2026-08-20 20:30:50.485,23186.1179
2026-08-20 20:30:50.899,23185.2713
2026-08-20 20:30:51.312,23184.5978
2026-08-20 20:30:51.725,23183.5867
2026-08-20 20:30:52.139,23182.9614
2026-08-20 20:30:52.553,23185.2644
2026-08-20 20:30:52.966,23250.6223
2026-08-20 20:30:53.397,23389.4248
2026-08-20 20:30:53.834,23602.1975
2026-08-20 20:30:54.249,23725.4472
2026-08-20 20:30:54.669,23495.0075
2026-08-20 20:30:55.081,23307.2111
2026-08-20 20:30:55.500,23197.444
2026-08-20 20:30:55.916,23214.9997
2026-08-20 20:30:56.334,23338.4796
2026-08-20 20:30:56.778,23530.8232
2026-08-20 20:30:57.192,23796.5821
2026-08-20 20:30:57.605,24072.8011
2026-08-20 20:30:58.033,24376.6285
2026-08-20 20:30:58.460,24694.4247
2026-08-20 20:30:58.902,24738.7731
2026-08-20 20:30:59.317,24399.0804
2026-08-20 20:30:59.736,24098.9559
2026-08-20 20:31:00.164,23812.3462
2026-08-20 20:31:00.624,23548.7913
2026-08-20 20:31:01.042,23329.7652
2026-08-20 20:31:01.459,23214.056
2026-08-20 20:31:01.873,23199.2559
2026-08-20 20:31:02.287,23300.4038
2026-08-20 20:31:02.751,23473.4882
2026-08-20 20:31:03.170,23746.3799
2026-08-20 20:31:03.597,24028.6058
2026-08-20 20:31:04.009,24320.4244
2026-08-20 20:31:04.433,24626.7049
2026-08-20 20:31:04.851,24759.4582
2026-08-20 20:31:05.288,24450.0794
2026-08-20 20:31:05.699,24129.4679
2026-08-20 20:31:06.120,23845.061
2026-08-20 20:31:06.532,23579.3133
2026-08-20 20:31:06.944,23369.4491
2026-08-20 20:31:07.356,23233.3227
2026-08-20 20:31:07.781,23169.379
2026-08-20 20:31:08.197,23165.4148
2026-08-20 20:31:08.616,23164.7704
2026-08-20 20:31:09.038,23163.7433
2026-08-20 20:31:09.452,23162.5581
2026-08-20 20:31:09.883,23161.5383
2026-08-20 20:31:10.297,23160.532
2026-08-20 20:31:10.710,23159.5876
2026-08-20 20:31:11.127,23159.0055
2026-08-20 20:31:11.594,23157.7978
2026-08-20 20:31:12.007,23157.0387
2026-08-20 20:31:12.421,23156.4234
2026-08-20 20:31:12.833,23174.1998
2026-08-20 20:31:13.248,23271.1503
2026-08-20 20:31:13.661,23436.8736
2026-08-20 20:31:14.129,23691.2595
2026-08-20 20:31:14.542,23604.5116
2026-08-20 20:31:14.954,23381.808
2026-08-20 20:31:15.387,23224.5011
2026-08-20 20:31:15.800,23159.5064
2026-08-20 20:31:16.262,23251.4789
2026-08-20 20:31:16.675,23413.4906
2026-08-20 20:31:17.088,23640.1926
2026-08-20 20:31:17.502,23904.0393
2026-08-20 20:31:17.933,24199.2262
2026-08-20 20:31:18.399,24542.7062
2026-08-20 20:31:18.822,24770.5924
2026-08-20 20:31:19.239,24510.5121
2026-08-20 20:31:19.666,24199.7358
2026-08-20 20:31:20.078,23900.0034
2026-08-20 20:31:20.492,23632.1723
2026-08-20 20:31:20.903,23404.3154
2026-08-20 20:31:21.332,23246.9121
2026-08-20 20:31:21.744,23162.9429
2026-08-20 20:31:22.157,23212.5714
2026-08-20 20:31:22.569,23344.2663
2026-08-20 20:31:22.982,23549.2012
2026-08-20 20:31:23.394,23803.6934
2026-08-20 20:31:23.817,24083.5494
2026-08-20 20:31:24.229,24387.3039
2026-08-20 20:31:24.650,24696.2679
2026-08-20 20:31:25.070,24650.1253
2026-08-20 20:31:25.490,24331.2327
2026-08-20 20:31:25.907,24027.4789
2026-08-20 20:31:26.321,23744.9007
2026-08-20 20:31:26.735,23494.2684
2026-08-20 20:31:27.217,23283.7102
2026-08-20 20:31:27.633,23172.2199
2026-08-20 20:31:28.047,23141.6747
2026-08-20 20:31:28.461,23141.944
2026-08-20 20:31:28.872,23141.0442
2026-08-20 20:31:29.285,23139.8594
2026-08-20 20:31:29.697,23139.1351
2026-08-20 20:31:30.110,23138.0474
2026-08-20 20:31:30.524,23137.2774
2026-08-20 20:31:30.984,23136.6425
2026-08-20 20:31:31.488,23135.4681
2026-08-20 20:31:31.905,23134.6454
2026-08-20 20:31:32.318,23134.1077
2026-08-20 20:31:32.732,23134.8664
2026-08-20 20:31:33.160,23194.9105
2026-08-20 20:31:33.572,23333.2662
2026-08-20 20:31:33.996,23535.6334
2026-08-20 20:31:34.409,23688.6402
2026-08-20 20:31:34.843,23464.1464
2026-08-20 20:31:35.255,23270.8892
2026-08-20 20:31:35.684,23152.1946
2026-08-20 20:31:36.103,23162.9189
2026-08-20 20:31:36.528,23283.3902
2026-08-20 20:31:36.941,23478.8396
2026-08-20 20:31:37.369,23722.9191
2026-08-20 20:31:37.783,24007.2089
2026-08-20 20:31:38.209,24299.6034
2026-08-20 20:31:38.633,24616.2514
2026-08-20 20:31:39.048,24696.3044
2026-08-20 20:31:39.460,24379.9535
2026-08-20 20:31:39.873,24078.7562
2026-08-20 20:31:40.294,23793.8533
2026-08-20 20:31:40.722,23528.867
2026-08-20 20:31:41.134,23313.54
2026-08-20 20:31:41.547,23181.3639
2026-08-20 20:31:41.961,23134.0036
2026-08-20 20:31:42.374,23214.4216
2026-08-20 20:31:42.795,23368.4951
2026-08-20 20:31:43.270,23629.3982
2026-08-20 20:31:43.684,23903.1652
2026-08-20 20:31:44.097,24191.6633
2026-08-20 20:31:44.513,24494.44
2026-08-20 20:31:44.925,24729.5137
2026-08-20 20:31:45.338,24481.0681
2026-08-20 20:31:45.752,24173.425
2026-08-20 20:31:46.198,23872.0737
2026-08-20 20:31:46.612,23590.4654
2026-08-20 20:31:47.024,23362.7052
2026-08-20 20:31:47.452,23202.5532
2026-08-20 20:31:47.916,23122.1102
2026-08-20 20:31:48.349,23111.3566
2026-08-20 20:31:48.762,23110.7818
2026-08-20 20:31:49.175,23109.906
2026-08-20 20:31:49.589,23109.0419
2026-08-20 20:31:50.013,23107.9379
2026-08-20 20:31:50.440,23107.2152
2026-08-20 20:31:50.851,23106.3686
2026-08-20 20:31:51.269,23105.6823
2026-08-20 20:31:51.706,23104.821
2026-08-20 20:31:52.121,23104.1059
2026-08-20 20:31:52.546,23103.4497
2026-08-20 20:31:52.959,23114.0829
2026-08-20 20:31:53.393,23200.2293
2026-08-20 20:31:53.804,23364.5509
2026-08-20 20:31:54.217,23586.0438
2026-08-20 20:31:54.629,23612.3984
2026-08-20 20:31:55.057,23368.8385
2026-08-20 20:31:55.469,23199.8634
2026-08-20 20:31:55.893,23108.3379
2026-08-20 20:31:56.305,23158.6195
2026-08-20 20:31:56.718,23294.9515
2026-08-20 20:31:57.149,23501.1216
2026-08-20 20:31:57.571,23767.0461
2026-08-20 20:31:57.984,24053.6371
2026-08-20 20:31:58.400,24350.5715
2026-08-20 20:31:58.873,24661.889
2026-08-20 20:31:59.301,24564.7672
2026-08-20 20:31:59.713,24244.3066
2026-08-20 20:32:00.125,23948.4665
2026-08-20 20:32:00.553,23671.8675
2026-08-20 20:32:00.966,23417.8328
2026-08-20 20:32:01.407,23235.6628
2026-08-20 20:32:01.819,23122.4438
2026-08-20 20:32:02.245,23132.7987
2026-08-20 20:32:02.662,23248.7787
2026-08-20 20:32:03.082,23438.0172
2026-08-20 20:32:03.499,23687.7888
2026-08-20 20:32:03.911,23966.3895
2026-08-20 20:32:04.356,24259.6738
2026-08-20 20:32:04.771,24591.671
2026-08-20 20:32:05.182,24656.8228
2026-08-20 20:32:05.596,24342.0955
2026-08-20 20:32:06.007,24038.8306
2026-08-20 20:32:06.434,23755.0452
2026-08-20 20:32:06.863,23484.2267
2026-08-20 20:32:07.297,23273.961
2026-08-20 20:32:07.711,23140.2839
2026-08-20 20:32:08.138,23088.715
2026-08-20 20:32:08.552,23087.8478
2026-08-20 20:32:08.978,23087.3637
2026-08-20 20:32:09.402,23086.3582
2026-08-20 20:32:09.814,23085.5017
2026-08-20 20:32:10.246,23084.5694
2026-08-20 20:32:10.672,23083.6815
2026-08-20 20:32:11.086,23082.6555
2026-08-20 20:32:11.498,23082.0449
2026-08-20 20:32:11.910,23081.1687
2026-08-20 20:32:12.373,23080.3154
2026-08-20 20:32:12.786,23079.5465
2026-08-20 20:32:13.210,23109.8489
2026-08-20 20:32:13.625,23223.0617
2026-08-20 20:32:14.038,23403.7132
2026-08-20 20:32:14.450,23625.4307
2026-08-20 20:32:14.869,23507.1271
2026-08-20 20:32:15.325,23285.9397
2026-08-20 20:32:15.737,23128.9175
2026-08-20 20:32:16.160,23085.3182
2026-08-20 20:32:16.578,23181.3136
2026-08-20 20:32:16.992,23349.282
2026-08-20 20:32:17.406,23580.1792
2026-08-20 20:32:17.834,23847.9564
2026-08-20 20:32:18.262,24145.2873
2026-08-20 20:32:18.706,24482.8039
2026-08-20 20:32:19.176,24679.9723
2026-08-20 20:32:19.602,24381.8419
2026-08-20 20:32:20.015,24066.9886
2026-08-20 20:32:20.431,23779.8043
2026-08-20 20:32:20.857,23513.4048
2026-08-20 20:32:21.276,23288.9364
2026-08-20 20:32:21.690,23144.5209
2026-08-20 20:32:22.105,23082.6538
2026-08-20 20:32:22.536,23151.0154
2026-08-20 20:32:22.950,23303.4745
2026-08-20 20:32:23.361,23522.5302
2026-08-20 20:32:23.774,23784.2976
2026-08-20 20:32:24.186,24068.443
2026-08-20 20:32:24.599,24367.892
2026-08-20 20:32:25.021,24664.9086
2026-08-20 20:32:25.488,24477.967
2026-08-20 20:32:25.900,24166.2932
2026-08-20 20:32:26.313,23873.4654
2026-08-20 20:32:26.727,23598.8284
2026-08-20 20:32:27.139,23358.7957
2026-08-20 20:32:27.612,23186.426
2026-08-20 20:32:28.059,23075.311
2026-08-20 20:32:28.485,23063.502
2026-08-20 20:32:28.898,23063.1898
2026-08-20 20:32:29.318,23062.3195
2026-08-20 20:32:29.731,23061.2861
2026-08-20 20:32:30.159,23060.0956
2026-08-20 20:32:30.576,23059.1309
2026-08-20 20:32:30.987,23058.3152
2026-08-20 20:32:31.400,23057.472
2026-08-20 20:32:31.823,23056.7505
2026-08-20 20:32:32.237,23055.9121
2026-08-20 20:32:32.650,23055.2417
2026-08-20 20:32:33.065,23057.7963
2026-08-20 20:32:33.530,23137.2141
2026-08-20 20:32:33.944,23285.1042
2026-08-20 20:32:34.357,23499.0474
2026-08-20 20:32:34.769,23592.6147
2026-08-20 20:32:35.183,23358.6846
2026-08-20 20:32:35.595,23176.1851
2026-08-20 20:32:36.013,23067.2572
2026-08-20 20:32:36.428,23091.8056
2026-08-20 20:32:36.840,23215.9185
2026-08-20 20:32:37.262,23410.2851
2026-08-20 20:32:37.677,23664.5216
2026-08-20 20:32:38.100,23941.5306
2026-08-20 20:32:38.514,24242.7016
2026-08-20 20:32:38.984,24551.2073
2026-08-20 20:32:39.402,24580.5986
2026-08-20 20:32:39.814,24262.932
2026-08-20 20:32:40.227,23962.903
2026-08-20 20:32:40.639,23680.6964
2026-08-20 20:32:41.071,23417.4544
2026-08-20 20:32:41.484,23216.849
2026-08-20 20:32:41.905,23094.2932
2026-08-20 20:32:42.351,23065.9072
2026-08-20 20:32:42.764,23170.0844
2026-08-20 20:32:43.191,23349.6005
2026-08-20 20:32:43.603,23588.0339
2026-08-20 20:32:44.031,23869.1311
2026-08-20 20:32:44.459,24160.2542
2026-08-20 20:32:44.871,24476.5876
2026-08-20 20:32:45.284,24648.9263
2026-08-20 20:32:45.697,24359.541
2026-08-20 20:32:46.177,24041.9713
2026-08-20 20:32:46.597,23714.344
2026-08-20 20:32:47.014,23451.092
2026-08-20 20:32:47.426,23237.5442
2026-08-20 20:32:47.838,23101.6637
2026-08-20 20:32:48.250,23037.9617
2026-08-20 20:32:48.675,23033.8768
2026-08-20 20:32:49.169,23032.9347
2026-08-20 20:32:49.584,23031.8535
2026-08-20 20:32:49.998,23030.9538
2026-08-20 20:32:50.417,23030.0016
2026-08-20 20:32:50.845,23028.9611
2026-08-20 20:32:51.257,23028.0856
2026-08-20 20:32:51.670,23027.2231
2026-08-20 20:32:52.082,23026.4256
2026-08-20 20:32:52.514,23025.727
2026-08-20 20:32:52.940,23024.6969
2026-08-20 20:32:53.356,23048.3584
2026-08-20 20:32:53.770,23152.8775
2026-08-20 20:32:54.183,23325.1129
2026-08-20 20:32:54.647,23570.1108
2026-08-20 20:32:55.072,23446.4194
2026-08-20 20:32:55.488,23223.98
2026-08-20 20:32:55.902,23079.8119
2026-08-20 20:32:56.314,23029.1348
2026-08-20 20:32:56.726,23117.0012
2026-08-20 20:32:57.200,23302.9239
2026-08-20 20:32:57.615,23540.612
2026-08-20 20:32:58.120,23843.1418
2026-08-20 20:32:58.546,24163.781
2026-08-20 20:32:59.011,24513.5357
2026-08-20 20:32:59.423,24598.1266
2026-08-20 20:32:59.836,24283.5883
2026-08-20 20:33:00.249,23979.9468
2026-08-20 20:33:00.675,23694.5948
2026-08-20 20:33:01.089,23425.9123
2026-08-20 20:33:01.502,23215.9029
2026-08-20 20:33:01.914,23080.3142
2026-08-20 20:33:02.377,23032.1703
2026-08-20 20:33:02.790,23120.5429
2026-08-20 20:33:03.205,23281.3828
2026-08-20 20:33:03.618,23511.8612
2026-08-20 20:33:04.044,23778.8009
2026-08-20 20:33:04.463,24075.8147
2026-08-20 20:33:04.877,24383.0947
2026-08-20 20:33:05.289,24630.5651
2026-08-20 20:33:05.701,24396.1858
2026-08-20 20:33:06.113,24086.2963
2026-08-20 20:33:06.525,23794.4015
2026-08-20 20:33:06.954,23522.012
2026-08-20 20:33:07.368,23278.6957
2026-08-20 20:33:07.797,23114.1594
2026-08-20 20:33:08.216,23021.7272
2026-08-20 20:33:08.632,23006.6045
2026-08-20 20:33:09.067,23006.2973
2026-08-20 20:33:09.494,23005.2107
2026-08-20 20:33:09.907,23004.3232
2026-08-20 20:33:10.319,23003.158
2026-08-20 20:33:10.731,23002.0769
2026-08-20 20:33:11.144,23001.112
2026-08-20 20:33:11.565,23000.1597
2026-08-20 20:33:12.010,22999.3202
2026-08-20 20:33:12.425,22998.5945
2026-08-20 20:33:12.837,22997.8304
2026-08-20 20:33:13.264,23001.5562
2026-08-20 20:33:13.677,23072.1374
2026-08-20 20:33:14.093,23213.44
2026-08-20 20:33:14.559,23455.0948
2026-08-20 20:33:14.984,23527.7073
2026-08-20 20:33:15.397,23285.2884
2026-08-20 20:33:15.808,23109.8168
2026-08-20 20:33:16.233,23008.9225
2026-08-20 20:33:16.654,23045.9053
2026-08-20 20:33:17.083,23179.3001
2026-08-20 20:33:17.496,23390.783
2026-08-20 20:33:17.908,23644.395
2026-08-20 20:33:18.321,23921.333
2026-08-20 20:33:18.741,24215.6522
2026-08-20 20:33:19.166,24530.5913
2026-08-20 20:33:19.580,24528.282
2026-08-20 20:33:20.042,24173.641
2026-08-20 20:33:20.458,23873.5181
2026-08-20 20:33:20.874,23591.7726
2026-08-20 20:33:21.288,23339.5958
2026-08-20 20:33:21.700,23147.2385
2026-08-20 20:33:22.124,23030.2517
2026-08-20 20:33:22.584,23013.36
2026-08-20 20:33:23.014,23131.5138
2026-08-20 20:33:23.426,23319.481
2026-08-20 20:33:23.854,23572.0813
2026-08-20 20:33:24.266,23847.7155
2026-08-20 20:33:24.677,24140.1628
2026-08-20 20:33:25.110,24446.3873
2026-08-20 20:33:25.523,24572.4469
2026-08-20 20:33:25.936,24263.0722
2026-08-20 20:33:26.349,23957.9693
2026-08-20 20:33:26.777,23672.2587
2026-08-20 20:33:27.238,23372.6196
2026-08-20 20:33:27.652,23167.81
2026-08-20 20:33:28.064,23039.0424
2026-08-20 20:33:28.485,22983.0763
2026-08-20 20:33:28.900,22981.338
2026-08-20 20:33:29.316,22980.4419
2026-08-20 20:33:29.781,22979.582
2026-08-20 20:33:30.206,22978.5037
2026-08-20 20:33:30.621,22977.6733
2026-08-20 20:33:31.047,22976.8524
2026-08-20 20:33:31.460,22976.1206
2026-08-20 20:33:31.882,22975.2998
2026-08-20 20:33:32.348,22974.26
2026-08-20 20:33:32.764,22973.6953
2026-08-20 20:33:33.177,22973.1165
2026-08-20 20:33:33.604,23009.4486
2026-08-20 20:33:34.066,23124.9842
2026-08-20 20:33:34.485,23336.3493
2026-08-20 20:33:34.897,23533.2351
2026-08-20 20:33:35.314,23357.1011
2026-08-20 20:33:35.726,23148.4485
2026-08-20 20:33:36.138,23015.8476
2026-08-20 20:33:36.559,22982.8366
2026-08-20 20:33:36.986,23084.4081
2026-08-20 20:33:37.433,23262.0477
2026-08-20 20:33:37.850,23518.0491
2026-08-20 20:33:38.263,23792.1349
2026-08-20 20:33:38.681,24082.185
2026-08-20 20:33:39.094,24391.1194
2026-08-20 20:33:39.507,24590.3801
2026-08-20 20:33:39.921,24314.2827
2026-08-20 20:33:40.346,24005.4945
2026-08-20 20:33:40.763,23703.2533
2026-08-20 20:33:41.229,23403.7088
2026-08-20 20:33:41.654,23186.1877
2026-08-20 20:33:42.066,23039.0479
2026-08-20 20:33:42.478,22976.6548
2026-08-20 20:33:42.945,23042.6116
2026-08-20 20:33:43.375,23211.2144
2026-08-20 20:33:43.787,23441.5937
2026-08-20 20:33:44.215,23716.1922
2026-08-20 20:33:44.639,24003.0021
2026-08-20 20:33:45.055,24313.9855
2026-08-20 20:33:45.479,24578.0683
2026-08-20 20:33:45.917,24340.4828
2026-08-20 20:33:46.331,24023.4573
2026-08-20 20:33:46.744,23730.7683
2026-08-20 20:33:47.156,23458.7231
2026-08-20 20:33:47.602,23225.8619
2026-08-20 20:33:48.021,23053.1722
2026-08-20 20:33:48.435,22968.8039
2026-08-20 20:33:48.862,22956.8267
2026-08-20 20:33:49.275,22956.2568
2026-08-20 20:33:49.689,22955.4183
2026-08-20 20:33:50.148,22954.5911
2026-08-20 20:33:50.566,22953.5622
2026-08-20 20:33:50.981,22952.6535
2026-08-20 20:33:51.393,22951.7848
2026-08-20 20:33:51.805,22951.1819
2026-08-20 20:33:52.221,22950.2754
2026-08-20 20:33:52.686,22949.6286
2026-08-20 20:33:53.100,22948.7485
2026-08-20 20:33:53.513,22956.5679
2026-08-20 20:33:53.926,23037.5305
2026-08-20 20:33:54.353,23193.1515
2026-08-20 20:33:54.780,23412.3263
2026-08-20 20:33:55.193,23464.067
2026-08-20 20:33:55.607,23226.8742
2026-08-20 20:33:56.021,23052.8147
2026-08-20 20:33:56.440,22955.4346
2026-08-20 20:33:56.866,22997.9469
2026-08-20 20:33:57.278,23136.1062
2026-08-20 20:33:57.705,23349.7394
2026-08-20 20:33:58.124,23604.1316
2026-08-20 20:33:58.550,23888.3824
2026-08-20 20:33:58.964,24194.602
2026-08-20 20:33:59.383,24505.6075
2026-08-20 20:33:59.797,24459.0858
2026-08-20 20:34:00.222,24141.5072
2026-08-20 20:34:00.634,23833.3172
2026-08-20 20:34:01.048,23552.4353
2026-08-20 20:34:01.475,23299.6711
2026-08-20 20:34:01.943,23084.0578
2026-08-20 20:34:02.359,22971.0228
2026-08-20 20:34:02.785,22971.0927
2026-08-20 20:34:03.199,23082.4714
2026-08-20 20:34:03.632,23273.4257
2026-08-20 20:34:04.050,23524.8512
2026-08-20 20:34:04.464,23799.9437
2026-08-20 20:34:04.876,24093.5498
2026-08-20 20:34:05.291,24401.2857
2026-08-20 20:34:05.706,24526.5985
2026-08-20 20:34:06.117,24218.9819
2026-08-20 20:34:06.530,23914.4785
2026-08-20 20:34:06.943,23627.2754
2026-08-20 20:34:07.359,23363.8248
2026-08-20 20:34:07.783,23146.114
2026-08-20 20:34:08.196,23001.8938
2026-08-20 20:34:08.622,22935.0592
2026-08-20 20:34:09.034,22930.2555
2026-08-20 20:34:09.448,22929.5762
2026-08-20 20:34:09.916,22928.5541
2026-08-20 20:34:10.329,22927.5736
2026-08-20 20:34:10.753,22926.6469
2026-08-20 20:34:11.167,22925.8052
2026-08-20 20:34:11.594,22925.0938
2026-08-20 20:34:12.011,22924.388
2026-08-20 20:34:12.425,22923.7394
2026-08-20 20:34:12.854,22923.0097
2026-08-20 20:34:13.267,22922.3231
2026-08-20 20:34:13.679,22938.9715
2026-08-20 20:34:14.091,23033.7699
2026-08-20 20:34:14.504,23196.579
2026-08-20 20:34:14.928,23422.3461
2026-08-20 20:34:15.340,23403.9465
2026-08-20 20:34:15.752,23172.9477
2026-08-20 20:34:16.231,22993.924
2026-08-20 20:34:16.644,22924.1521
2026-08-20 20:34:17.066,22999.2719
2026-08-20 20:34:17.481,23155.297
2026-08-20 20:34:17.895,23376.9358
2026-08-20 20:34:18.307,23639.4953
2026-08-20 20:34:18.730,23922.5183
2026-08-20 20:34:19.143,24229.7904
2026-08-20 20:34:19.571,24523.0303
2026-08-20 20:34:19.996,24359.5759
2026-08-20 20:34:20.410,24036.3085
2026-08-20 20:34:20.838,23730.3881
2026-08-20 20:34:21.251,23455.223
2026-08-20 20:34:21.671,23215.0943
2026-08-20 20:34:22.086,23037.2423
2026-08-20 20:34:22.512,22936.5951
2026-08-20 20:34:22.929,22954.98
2026-08-20 20:34:23.342,23071.2923
2026-08-20 20:34:23.758,23261.3458
2026-08-20 20:34:24.170,23510.8985
2026-08-20 20:34:24.611,23796.8956
2026-08-20 20:34:25.024,24101.4457
2026-08-20 20:34:25.436,24410.0549
2026-08-20 20:34:25.874,24462.9917
2026-08-20 20:34:26.291,24136.2798
2026-08-20 20:34:26.703,23831.6604
2026-08-20 20:34:27.130,23538.1127
2026-08-20 20:34:27.542,23281.9549
2026-08-20 20:34:28.007,23080.0483
2026-08-20 20:34:28.425,22940.9962
2026-08-20 20:34:28.841,22897.9882
2026-08-20 20:34:29.253,22897.8722
2026-08-20 20:34:29.667,22896.7547
2026-08-20 20:34:30.092,22896.0925
2026-08-20 20:34:30.506,22894.9097
2026-08-20 20:34:30.919,22894.1142
2026-08-20 20:34:31.336,22893.3194
2026-08-20 20:34:31.747,22892.3328
2026-08-20 20:34:32.180,22891.5791
2026-08-20 20:34:32.597,22891.0202
2026-08-20 20:34:33.011,22890.103
2026-08-20 20:34:33.424,22889.2143
2026-08-20 20:34:33.848,22914.4006
2026-08-20 20:34:34.263,23022.5469
2026-08-20 20:34:34.730,23225.3967
2026-08-20 20:34:35.143,23440.8861
2026-08-20 20:34:35.557,23300.1986
2026-08-20 20:34:35.969,23085.1865
2026-08-20 20:34:36.384,22943.354
2026-08-20 20:34:36.812,22895.5081
2026-08-20 20:34:37.247,22987.5949
2026-08-20 20:34:37.660,23162.2255
2026-08-20 20:34:38.073,23393.7349
2026-08-20 20:34:38.486,23660.2912
2026-08-20 20:34:38.899,23947.8754
2026-08-20 20:34:39.311,24250.1572
2026-08-20 20:34:39.724,24507.2784
2026-08-20 20:34:40.136,24285.2709
2026-08-20 20:34:40.647,23910.534
2026-08-20 20:34:41.074,23614.0946
2026-08-20 20:34:41.487,23338.6245
2026-08-20 20:34:41.899,23116.1834
2026-08-20 20:34:42.344,22966.5087
2026-08-20 20:34:42.756,22892.7694
2026-08-20 20:34:43.169,22957.7904
2026-08-20 20:34:43.582,23099.0981
2026-08-20 20:34:44.011,23313.7548
2026-08-20 20:34:44.472,23616.7913
2026-08-20 20:34:44.896,23906.9328
2026-08-20 20:34:45.309,24212.678
2026-08-20 20:34:45.737,24489.037
2026-08-20 20:34:46.150,24284.9301
2026-08-20 20:34:46.577,23973.3517
2026-08-20 20:34:46.995,23668.7512
2026-08-20 20:34:47.422,23392.1401
2026-08-20 20:34:47.836,23148.1958
2026-08-20 20:34:48.264,22978.7446
2026-08-20 20:34:48.685,22888.5366
2026-08-20 20:34:49.111,22872.4176
2026-08-20 20:34:49.541,22872.3147
2026-08-20 20:34:49.955,22871.3193
2026-08-20 20:34:50.368,22870.6836
2026-08-20 20:34:50.804,22869.6225
2026-08-20 20:34:51.222,22868.8754
2026-08-20 20:34:51.649,22868.006
2026-08-20 20:34:52.066,22867.1935
2026-08-20 20:34:52.519,22866.5112
2026-08-20 20:34:52.983,22865.4493
2026-08-20 20:34:53.396,22864.8367
2026-08-20 20:34:53.808,22874.0332
2026-08-20 20:34:54.225,22957.0134
2026-08-20 20:34:54.638,23110.5197
2026-08-20 20:34:55.050,23328.3426
2026-08-20 20:34:55.511,23385.7075
2026-08-20 20:34:55.928,23121.781
2026-08-20 20:34:56.357,22951.5949
2026-08-20 20:34:56.779,22867.9082
2026-08-20 20:34:57.205,22928.0764
2026-08-20 20:34:57.624,23077.9611
2026-08-20 20:34:58.049,23292.5537
2026-08-20 20:34:58.464,23559.2605
2026-08-20 20:34:58.877,23842.3838
2026-08-20 20:34:59.305,24151.829
2026-08-20 20:34:59.717,24454.9808
2026-08-20 20:35:00.131,24336.4986
2026-08-20 20:35:00.543,24021.6813
2026-08-20 20:35:00.988,23724.6762
2026-08-20 20:35:01.406,23424.5543
2026-08-20 20:35:01.821,23176.741
2026-08-20 20:35:02.234,22994.304
2026-08-20 20:35:02.653,22887.029
2026-08-20 20:35:03.066,22891.3639
2026-08-20 20:35:03.483,23001.2872
2026-08-20 20:35:03.897,23187.0098
2026-08-20 20:35:04.309,23430.8643
2026-08-20 20:35:04.748,23705.5303
2026-08-20 20:35:05.169,24016.5754
2026-08-20 20:35:05.582,24330.401
2026-08-20 20:35:06.001,24438.4034
2026-08-20 20:35:06.417,24123.7322
2026-08-20 20:35:06.830,23817.8943
2026-08-20 20:35:07.258,23521.93
2026-08-20 20:35:07.682,23260.9154
2026-08-20 20:35:08.099,23046.5239
2026-08-20 20:35:08.511,22912.8572
2026-08-20 20:35:08.930,22853.5867
2026-08-20 20:35:09.347,22851.0571
2026-08-20 20:35:09.812,22850.2112
2026-08-20 20:35:10.238,22849.6614
2026-08-20 20:35:10.650,22848.6644
2026-08-20 20:35:11.071,22848.1479
2026-08-20 20:35:11.484,22847.5324
2026-08-20 20:35:11.924,22846.8018
2026-08-20 20:35:12.351,22846.2578
2026-08-20 20:35:12.766,22845.8701
2026-08-20 20:35:13.178,22845.0266
2026-08-20 20:35:13.604,22844.6055
2026-08-20 20:35:14.017,22870.0618
2026-08-20 20:35:14.431,22975.3366
2026-08-20 20:35:14.844,23149.1427
2026-08-20 20:35:15.256,23376.6815
2026-08-20 20:35:15.670,23291.4595
2026-08-20 20:35:16.133,23067.4938
2026-08-20 20:35:16.560,22899.5933
2026-08-20 20:35:16.973,22848.7456
2026-08-20 20:35:17.400,22937.8283
2026-08-20 20:35:17.812,23105.7417
2026-08-20 20:35:18.226,23334.3388
2026-08-20 20:35:18.638,23600.3203
2026-08-20 20:35:19.083,23909.4032
2026-08-20 20:35:19.496,24211.8723
2026-08-20 20:35:19.907,24462.56
2026-08-20 20:35:20.320,24232.3684
2026-08-20 20:35:20.731,23923.2446
2026-08-20 20:35:21.145,23630.787
2026-08-20 20:35:21.558,23357.3626
2026-08-20 20:35:21.970,23121.2361
2026-08-20 20:35:22.397,22953.1518
2026-08-20 20:35:22.810,22856.156
2026-08-20 20:35:23.236,22887.173
2026-08-20 20:35:23.662,23012.5907
2026-08-20 20:35:24.073,23217.2955
2026-08-20 20:35:24.487,23468.8366
2026-08-20 20:35:24.931,23770.8587
2026-08-20 20:35:25.358,24067.1998
2026-08-20 20:35:25.772,24387.7612
2026-08-20 20:35:26.185,24353.2346
2026-08-20 20:35:26.597,24035.9845
2026-08-20 20:35:27.010,23735.5543
2026-08-20 20:35:27.424,23453.2555
2026-08-20 20:35:27.836,23198.4487
2026-08-20 20:35:28.249,23001.1304
2026-08-20 20:35:28.663,22879.1417
2026-08-20 20:35:29.091,22830.8063
2026-08-20 20:35:29.512,22829.997
2026-08-20 20:35:29.924,22829.2422
2026-08-20 20:35:30.338,22828.4493
2026-08-20 20:35:30.752,22827.6381
2026-08-20 20:35:31.168,22826.3273
2026-08-20 20:35:31.580,22825.3504
2026-08-20 20:35:31.993,22824.8165
2026-08-20 20:35:32.458,22823.9142
2026-08-20 20:35:32.886,22823.0216
2026-08-20 20:35:33.298,22821.9949
2026-08-20 20:35:33.734,22821.3988
2026-08-20 20:35:34.146,22853.4267
2026-08-20 20:35:34.581,22969.0481
2026-08-20 20:35:34.996,23154.3979
2026-08-20 20:35:35.410,23369.8324
2026-08-20 20:35:35.823,23228.7165
2026-08-20 20:35:36.236,23014.8198
2026-08-20 20:35:36.648,22873.3138
2026-08-20 20:35:37.062,22824.5002
2026-08-20 20:35:37.481,22914.9811
2026-08-20 20:35:37.927,23077.069
2026-08-20 20:35:38.339,23324.3452
2026-08-20 20:35:38.753,23590.9732
2026-08-20 20:35:39.166,23878.723
2026-08-20 20:35:39.594,24181.3265
2026-08-20 20:35:40.013,24434.6775
2026-08-20 20:35:40.426,24189.2857
2026-08-20 20:35:40.871,23879.9568
2026-08-20 20:35:41.291,23565.0017
2026-08-20 20:35:41.705,23290.7824
2026-08-20 20:35:42.117,23062.3802
2026-08-20 20:35:42.529,22905.16
2026-08-20 20:35:42.953,22823.7633
2026-08-20 20:35:43.447,22891.4149
2026-08-20 20:35:43.870,23036.0604
2026-08-20 20:35:44.348,23291.0873
2026-08-20 20:35:44.765,23564.337
2026-08-20 20:35:45.177,23854.1862
2026-08-20 20:35:45.594,24156.0394
2026-08-20 20:35:46.005,24422.2612
2026-08-20 20:35:46.472,24167.6956
2026-08-20 20:35:46.887,23859.0427
2026-08-20 20:35:47.304,23566.1033
2026-08-20 20:35:47.717,23292.6094
2026-08-20 20:35:48.144,23061.4755
2026-08-20 20:35:48.571,22898.6306
2026-08-20 20:35:49.003,22811.685
2026-08-20 20:35:49.416,22801.7704
2026-08-20 20:35:49.835,22801.3468
2026-08-20 20:35:50.249,22800.4324
2026-08-20 20:35:50.677,22799.621
2026-08-20 20:35:51.088,22798.5129
2026-08-20 20:35:51.513,22797.8343
2026-08-20 20:35:51.932,22796.9856
2026-08-20 20:35:52.349,22796.2529
2026-08-20 20:35:52.774,22795.5837
2026-08-20 20:35:53.198,22794.7376
2026-08-20 20:35:53.613,22793.9997
2026-08-20 20:35:54.032,22799.2198
2026-08-20 20:35:54.446,22874.9529
2026-08-20 20:35:54.871,23020.1172
2026-08-20 20:35:55.284,23239.2955
2026-08-20 20:35:55.710,23323.038
2026-08-20 20:35:56.123,23087.4617
2026-08-20 20:35:56.590,22909.0496
2026-08-20 20:35:57.009,22798.9831
2026-08-20 20:35:57.422,22848.3779
2026-08-20 20:35:57.848,22984.3391
2026-08-20 20:35:58.265,23197.5148
2026-08-20 20:35:58.677,23456.2839
2026-08-20 20:35:59.105,23735.5618
2026-08-20 20:35:59.518,24043.2904
2026-08-20 20:35:59.935,24353.0803
2026-08-20 20:36:00.348,24300.7721
2026-08-20 20:36:00.775,23984.7094
2026-08-20 20:36:01.236,23648.3251
2026-08-20 20:36:01.650,23363.7222
2026-08-20 20:36:02.077,23109.1668
2026-08-20 20:36:02.511,22921.9467
2026-08-20 20:36:02.930,22814.8209
2026-08-20 20:36:03.343,22825.3945
2026-08-20 20:36:03.766,22936.6061
2026-08-20 20:36:04.193,23127.1011
2026-08-20 20:36:04.604,23381.7931
2026-08-20 20:36:05.021,23657.1901
2026-08-20 20:36:05.432,23952.8761
2026-08-20 20:36:05.845,24260.2919
2026-08-20 20:36:06.259,24370.9135
2026-08-20 20:36:06.671,24060.8514
2026-08-20 20:36:07.083,23756.8297
2026-08-20 20:36:07.516,23461.5551
2026-08-20 20:36:07.930,23196.2029
2026-08-20 20:36:08.343,22984.7394
2026-08-20 20:36:08.770,22849.1559
2026-08-20 20:36:09.184,22785.5656
2026-08-20 20:36:09.621,22782.9259
2026-08-20 20:36:10.047,22782.5737
2026-08-20 20:36:10.461,22781.6438
2026-08-20 20:36:10.876,22780.9304
2026-08-20 20:36:11.289,22780.0772
2026-08-20 20:36:11.725,22779.009
2026-08-20 20:36:12.137,22778.3994
2026-08-20 20:36:12.552,22777.841
2026-08-20 20:36:12.967,22776.9805
2026-08-20 20:36:13.385,22776.3338
2026-08-20 20:36:13.797,22775.8861
2026-08-20 20:36:14.210,22790.328
2026-08-20 20:36:14.649,22882.0195
2026-08-20 20:36:15.072,23054.0743
2026-08-20 20:36:15.485,23287.9425
2026-08-20 20:36:15.898,23248.8496
2026-08-20 20:36:16.361,23019.0736
2026-08-20 20:36:16.780,22842.7853
2026-08-20 20:36:17.200,22778.4963
2026-08-20 20:36:17.615,22857.6653
2026-08-20 20:36:18.028,23012.1494
2026-08-20 20:36:18.455,23242.7972
2026-08-20 20:36:18.873,23504.9246
2026-08-20 20:36:19.286,23794.1964
2026-08-20 20:36:19.699,24095.0005
2026-08-20 20:36:20.113,24382.9018
2026-08-20 20:36:20.525,24214.7716
2026-08-20 20:36:20.947,23902.6431
2026-08-20 20:36:21.439,23546.3314
2026-08-20 20:36:21.853,23273.7828
2026-08-20 20:36:22.278,23040.0952
2026-08-20 20:36:22.691,22872.6291
2026-08-20 20:36:23.126,22785.188
2026-08-20 20:36:23.538,22827.8239
2026-08-20 20:36:23.952,22955.1125
2026-08-20 20:36:24.364,23158.1026
2026-08-20 20:36:24.776,23412.0883
2026-08-20 20:36:25.273,23691.3361
2026-08-20 20:36:25.685,24050.5877
2026-08-20 20:36:26.098,24353.58
2026-08-20 20:36:26.511,24237.6043
2026-08-20 20:36:26.935,23923.4167
2026-08-20 20:36:27.369,23617.242
2026-08-20 20:36:27.793,23325.1318
2026-08-20 20:36:28.205,23073.6766
2026-08-20 20:36:28.629,22894.5644
2026-08-20 20:36:29.057,22788.383
2026-08-20 20:36:29.470,22760.1713
2026-08-20 20:36:29.882,22760.5262
2026-08-20 20:36:30.296,22759.6621
2026-08-20 20:36:30.708,22758.8531
2026-08-20 20:36:31.120,22757.9629
2026-08-20 20:36:31.584,22757.1108
2026-08-20 20:36:32.012,22756.1234
2026-08-20 20:36:32.439,22755.4369
2026-08-20 20:36:32.853,22754.7664
2026-08-20 20:36:33.265,22754.2043
2026-08-20 20:36:33.684,22753.6064
2026-08-20 20:36:34.105,22753.078
2026-08-20 20:36:34.532,22752.6037
2026-08-20 20:36:34.950,22752.1853
2026-08-20 20:36:35.362,22751.6365
2026-08-20 20:36:35.786,22751.2394
2026-08-20 20:36:36.198,22750.7719
2026-08-20 20:36:36.610,22750.3628
2026-08-20 20:36:37.022,22749.8993
2026-08-20 20:36:37.437,22749.5776
2026-08-20 20:36:37.859,22749.2502
2026-08-20 20:36:38.351,22748.9108
2026-08-20 20:36:38.770,22748.5416
2026-08-20 20:36:39.197,22748.2464
2026-08-20 20:36:39.612,22747.9934
2026-08-20 20:36:40.041,22747.6558
2026-08-20 20:36:40.455,22747.5064
2026-08-20 20:36:40.865,22747.0339
2026-08-20 20:36:41.278,22746.8784
2026-08-20 20:36:41.703,22746.683
2026-08-20 20:36:42.164,22746.2916
2026-08-20 20:36:42.591,22746.2187
2026-08-20 20:36:43.019,22746.005
2026-08-20 20:36:43.435,22745.9024
2026-08-20 20:36:43.850,22745.431
2026-08-20 20:36:44.264,22745.0698
2026-08-20 20:36:44.692,22745.0954
2026-08-20 20:36:45.118,22744.685
2026-08-20 20:36:45.532,22744.6799
2026-08-20 20:36:45.945,22744.2664
2026-08-20 20:36:46.365,22744.1406
2026-08-20 20:36:46.789,22743.9314
2026-08-20 20:36:47.204,22743.5638
2026-08-20 20:36:47.625,22743.5322
2026-08-20 20:36:48.037,22743.306
2026-08-20 20:36:48.469,22743.3534
2026-08-20 20:36:48.882,22742.9116
2026-08-20 20:36:49.307,22742.7942
2026-08-20 20:36:49.721,22742.4194
2026-08-20 20:36:50.147,22742.331
2026-08-20 20:36:50.598,22741.9934
2026-08-20 20:36:51.012,22742.0649
2026-08-20 20:36:51.424,22741.8538
2026-08-20 20:36:51.841,22741.3992
2026-08-20 20:36:52.254,22741.2856
2026-08-20 20:36:52.682,22741.3251
2026-08-20 20:36:53.108,22740.8082
2026-08-20 20:36:53.522,22740.7269
2026-08-20 20:36:53.935,22740.3547
2026-08-20 20:36:54.363,22740.3805
2026-08-20 20:36:54.794,22740.0334
2026-08-20 20:36:55.208,22740.097
2026-08-20 20:36:55.623,22739.8649
2026-08-20 20:36:56.043,22739.5152
2026-08-20 20:36:56.456,22739.2669
2026-08-20 20:36:56.922,22739.2605
2026-08-20 20:36:57.348,22738.9267
2026-08-20 20:36:57.760,22738.908
2026-08-20 20:36:58.176,22738.544
2026-08-20 20:36:58.588,22737.489
2026-08-20 20:36:59.018,22737.1801
2026-08-20 20:36:59.437,22736.8501
2026-08-20 20:36:59.849,22736.8196
2026-08-20 20:37:00.272,22736.8848
2026-08-20 20:37:00.684,22736.9414
2026-08-20 20:37:01.115,22736.9962
2026-08-20 20:37:01.528,22737.1511
2026-08-20 20:37:01.955,22737.1613
2026-08-20 20:37:02.369,22737.1585
2026-08-20 20:37:02.782,22737.1668
2026-08-20 20:37:03.218,22737.1889
2026-08-20 20:37:03.640,22737.1566
2026-08-20 20:37:04.056,22737.0029
2026-08-20 20:37:04.475,22736.9489
2026-08-20 20:37:04.886,22736.9001
2026-08-20 20:37:05.326,22736.792
2026-08-20 20:37:05.737,22736.6383
2026-08-20 20:37:06.162,22736.475
2026-08-20 20:37:06.575,22736.3404
2026-08-20 20:37:07.001,22736.1652
2026-08-20 20:37:07.439,22736.1143
2026-08-20 20:37:07.859,22736.0245
2026-08-20 20:37:08.273,22735.9363
2026-08-20 20:37:08.708,22768.22
2026-08-20 20:37:09.121,22888.5886
2026-08-20 20:37:09.540,23072.3964
2026-08-20 20:37:09.952,23299.7044
2026-08-20 20:37:10.378,23185.8965
2026-08-20 20:37:10.797,22959.3336
2026-08-20 20:37:11.218,22806.4868
2026-08-20 20:37:11.631,22748.7142
2026-08-20 20:37:12.044,22841.9241
2026-08-20 20:37:12.481,23014.7907
2026-08-20 20:37:12.894,23249.9032
2026-08-20 20:37:13.321,23524.8985
2026-08-20 20:37:13.747,23811.7933
2026-08-20 20:37:14.165,24124.2302
2026-08-20 20:37:14.577,24374.8108
2026-08-20 20:37:14.992,24139.0729
2026-08-20 20:37:15.405,23827.5667
2026-08-20 20:37:15.817,23535.9617
2026-08-20 20:37:16.230,23264.4912
2026-08-20 20:37:16.669,23028.8639
2026-08-20 20:37:17.081,22851.3912
2026-08-20 20:37:17.508,22758.452
2026-08-20 20:37:17.931,22802.2529
2026-08-20 20:37:18.344,22937.5557
2026-08-20 20:37:18.776,23153.7932
2026-08-20 20:37:19.198,23411.1177
2026-08-20 20:37:19.611,23699.4685
2026-08-20 20:37:20.024,23997.5923
2026-08-20 20:37:20.437,24308.8105
2026-08-20 20:37:20.856,24263.986
2026-08-20 20:37:21.268,23943.4714
2026-08-20 20:37:21.748,23606.689
2026-08-20 20:37:22.160,23320.4349
2026-08-20 20:37:22.574,23073.9863
2026-08-20 20:37:22.986,22888.6932
2026-08-20 20:37:23.398,22777.2149
2026-08-20 20:37:23.828,22740.7529
2026-08-20 20:37:24.249,22741.3261
2026-08-20 20:37:24.675,22740.7178
2026-08-20 20:37:25.087,22739.8059
2026-08-20 20:37:25.500,22739.2205
2026-08-20 20:37:25.934,22738.3897
2026-08-20 20:37:26.347,22737.8979
2026-08-20 20:37:26.759,22737.3592
2026-08-20 20:37:27.172,22736.6817
2026-08-20 20:37:27.584,22736.4368
2026-08-20 20:37:27.996,22735.686
2026-08-20 20:37:28.462,22735.4091
2026-08-20 20:37:28.887,22783.1745
2026-08-20 20:37:29.300,22911.8874
2026-08-20 20:37:29.712,23105.7292
2026-08-20 20:37:30.126,23300.3731
2026-08-20 20:37:30.557,23112.9046
2026-08-20 20:37:30.971,22907.6487
2026-08-20 20:37:31.400,22773.1589
2026-08-20 20:37:31.814,22754.3829
2026-08-20 20:37:32.226,22864.4926
2026-08-20 20:37:32.639,23043.2067
2026-08-20 20:37:33.061,23281.5225
2026-08-20 20:37:33.487,23557.8703
2026-08-20 20:37:33.898,23857.1632
2026-08-20 20:37:34.311,24161.4979
2026-08-20 20:37:34.724,24357.7993
2026-08-20 20:37:35.163,24080.0662
2026-08-20 20:37:35.575,23753.8231
2026-08-20 20:37:36.002,23465.3015
2026-08-20 20:37:36.415,23190.18
2026-08-20 20:37:36.828,22968.8025
2026-08-20 20:37:37.293,22804.6677
2026-08-20 20:37:37.706,22745.6184
2026-08-20 20:37:38.118,22818.3468
2026-08-20 20:37:38.545,22966.4652
2026-08-20 20:37:38.958,23193.2922
2026-08-20 20:37:39.389,23466.3867
2026-08-20 20:37:39.801,23754.7774
2026-08-20 20:37:40.215,24055.7623
2026-08-20 20:37:40.627,24341.6216
2026-08-20 20:37:41.053,24166.1888
2026-08-20 20:37:41.505,23815.3002
2026-08-20 20:37:41.917,23522.8682
2026-08-20 20:37:42.331,23250.5344
2026-08-20 20:37:42.743,23013.9811
2026-08-20 20:37:43.157,22845.2433
2026-08-20 20:37:43.597,22748.6999
2026-08-20 20:37:44.009,22727.7935
2026-08-20 20:37:44.434,22727.6584
2026-08-20 20:37:44.849,22726.6753
2026-08-20 20:37:45.264,22725.9773
2026-08-20 20:37:45.742,22725.0178
2026-08-20 20:37:46.166,22724.4697
2026-08-20 20:37:46.582,22723.712
2026-08-20 20:37:46.995,22723.0921
2026-08-20 20:37:47.413,22722.1381
2026-08-20 20:37:47.847,22721.6697
2026-08-20 20:37:48.259,22720.9087
2026-08-20 20:37:48.686,22725.4427
2026-08-20 20:37:49.099,22802.2892
2026-08-20 20:37:49.519,22948.3502
2026-08-20 20:37:49.950,23167.7792
2026-08-20 20:37:50.363,23257.1135
2026-08-20 20:37:50.788,23021.8329
2026-08-20 20:37:51.201,22836.5508
2026-08-20 20:37:51.648,22730.2062
2026-08-20 20:37:52.062,22768.2974
2026-08-20 20:37:52.474,22900.5894
2026-08-20 20:37:52.887,23102.0814
2026-08-20 20:37:53.301,23353.7232
2026-08-20 20:37:53.728,23632.4657
2026-08-20 20:37:54.146,23936.9009
2026-08-20 20:37:54.558,24250.9436
2026-08-20 20:37:54.985,24261.6245
2026-08-20 20:37:55.408,23943.1121
2026-08-20 20:37:55.821,23634.8945
2026-08-20 20:37:56.243,23352.6
2026-08-20 20:37:56.655,23092.136
2026-08-20 20:37:57.074,22893.2554
2026-08-20 20:37:57.486,22766.5896
2026-08-20 20:37:57.899,22734.8459
2026-08-20 20:37:58.394,22826.8348
2026-08-20 20:37:58.816,23032.2744
2026-08-20 20:37:59.228,23277.926
2026-08-20 20:37:59.641,23551.0627
2026-08-20 20:38:00.057,23842.8489
2026-08-20 20:38:00.491,24151.7856
2026-08-20 20:38:00.917,24314.911
2026-08-20 20:38:01.329,24004.8678
2026-08-20 20:38:01.742,23700.6218
2026-08-20 20:38:02.163,23413.3585
2026-08-20 20:38:02.594,23144.0521
2026-08-20 20:38:03.008,22920.4589
2026-08-20 20:38:03.421,22781.5435
2026-08-20 20:38:03.848,22715.2053
2026-08-20 20:38:04.265,22710.7028
2026-08-20 20:38:04.693,22710.1678
2026-08-20 20:38:05.115,22709.3973
2026-08-20 20:38:05.528,22708.6269
2026-08-20 20:38:05.944,22707.7708
2026-08-20 20:38:06.364,22706.9318
2026-08-20 20:38:06.792,22706.0806
2026-08-20 20:38:07.218,22705.7056
2026-08-20 20:38:07.630,22705.1975
2026-08-20 20:38:08.057,22704.8606
2026-08-20 20:38:08.473,22704.5266
2026-08-20 20:38:08.898,22720.2444
2026-08-20 20:38:09.312,22818.0448
2026-08-20 20:38:09.726,22982.7328
2026-08-20 20:38:10.151,23210.3403
2026-08-20 20:38:10.565,23182.3853
2026-08-20 20:38:11.004,22952.2072
2026-08-20 20:38:11.417,22783.2324
2026-08-20 20:38:11.843,22708.923
2026-08-20 20:38:12.270,22780.8602
2026-08-20 20:38:12.682,22936.3281
2026-08-20 20:38:13.111,23155.5258
2026-08-20 20:38:13.532,23426.9504
2026-08-20 20:38:13.948,23717.3561
2026-08-20 20:38:14.361,24019.7618
2026-08-20 20:38:14.775,24313.0891
2026-08-20 20:38:15.219,24154.9908
2026-08-20 20:38:15.632,23819.4483
2026-08-20 20:38:16.047,23524.107
2026-08-20 20:38:16.460,23248.2738
2026-08-20 20:38:16.873,23007.6559
2026-08-20 20:38:17.299,22832.2774
2026-08-20 20:38:17.711,22728.088
2026-08-20 20:38:18.135,22747.2374
2026-08-20 20:38:18.627,22897.2074
2026-08-20 20:38:19.052,23102.6184
2026-08-20 20:38:19.470,23366.4067
2026-08-20 20:38:19.885,23651.3596
2026-08-20 20:38:20.299,23949.8765
2026-08-20 20:38:20.711,24262.9078
2026-08-20 20:38:21.124,24221.7108
2026-08-20 20:38:21.545,23905.5165
2026-08-20 20:38:21.959,23599.2422
2026-08-20 20:38:22.375,23318.2343
2026-08-20 20:38:22.877,23019.9347
2026-08-20 20:38:23.356,22818.6244
2026-08-20 20:38:23.775,22720.3583
2026-08-20 20:38:24.188,22701.3024
2026-08-20 20:38:24.600,22701.5119
2026-08-20 20:38:25.013,22700.6063
2026-08-20 20:38:25.438,22700.1351
2026-08-20 20:38:25.866,22699.2309
2026-08-20 20:38:26.281,22698.7229
2026-08-20 20:38:26.701,22697.9592
2026-08-20 20:38:27.116,22697.457
2026-08-20 20:38:27.530,22697.079
2026-08-20 20:38:27.956,22696.6186
2026-08-20 20:38:28.379,22696.3992
2026-08-20 20:38:28.790,22697.2299
2026-08-20 20:38:29.203,22755.842
2026-08-20 20:38:29.615,22886.2916
2026-08-20 20:38:30.048,23086.0194
2026-08-20 20:38:30.482,23251.412
2026-08-20 20:38:30.909,23031.0247
2026-08-20 20:38:31.328,22834.6719
2026-08-20 20:38:31.744,22718.1878
2026-08-20 20:38:32.156,22727.8545
2026-08-20 20:38:32.594,22851.468
2026-08-20 20:38:33.010,23048.8913
2026-08-20 20:38:33.430,23297.9713
2026-08-20 20:38:33.848,23578.709
2026-08-20 20:38:34.261,23876.1893
2026-08-20 20:38:34.674,24183.9951
2026-08-20 20:38:35.104,24306.877
2026-08-20 20:38:35.521,23995.7177
2026-08-20 20:38:35.934,23687.7739
2026-08-20 20:38:36.371,23390.7969
2026-08-20 20:38:36.785,23121.1925
2026-08-20 20:38:37.213,22900.4305
2026-08-20 20:38:37.649,22759.2584
2026-08-20 20:38:38.062,22708.8948
2026-08-20 20:38:38.480,22788.6564
2026-08-20 20:38:38.894,22944.4527
2026-08-20 20:38:39.310,23169.3034
2026-08-20 20:38:39.726,23436.6506
2026-08-20 20:38:40.144,23725.8245
2026-08-20 20:38:40.563,24035.5568
2026-08-20 20:38:40.975,24307.6772
2026-08-20 20:38:41.389,24104.9741
2026-08-20 20:38:41.801,23793.3087
2026-08-20 20:38:42.214,23500.2882
2026-08-20 20:38:42.675,23195.2171
2026-08-20 20:38:43.110,22954.7558
2026-08-20 20:38:43.522,22791.4194
2026-08-20 20:38:43.946,22704.9816
2026-08-20 20:38:44.365,22690.5143
2026-08-20 20:38:44.777,22690.5896
2026-08-20 20:38:45.196,22689.7975
2026-08-20 20:38:45.610,22689.1266
2026-08-20 20:38:46.024,22688.5177
2026-08-20 20:38:46.453,22687.974
2026-08-20 20:38:46.882,22687.2946
2026-08-20 20:38:47.304,22687.0085
2026-08-20 20:38:47.721,22686.6037
2026-08-20 20:38:48.136,22686.0829
2026-08-20 20:38:48.549,22685.5999
2026-08-20 20:38:48.984,22688.432
2026-08-20 20:38:49.397,22760.3965
2026-08-20 20:38:49.812,22901.1299
2026-08-20 20:38:50.225,23111.0099
2026-08-20 20:38:50.689,23234.9767
2026-08-20 20:38:51.119,22978.7459
2026-08-20 20:38:51.544,22797.1914
2026-08-20 20:38:51.957,22695.5808
2026-08-20 20:38:52.369,22734.9844
2026-08-20 20:38:52.783,22865.585
2026-08-20 20:38:53.199,23067.5924
2026-08-20 20:38:53.611,23321.3727
2026-08-20 20:38:54.025,23599.2991
2026-08-20 20:38:54.438,23895.5289
2026-08-20 20:38:54.851,24204.7504
2026-08-20 20:38:55.331,24206.4604
2026-08-20 20:38:55.745,23880.5187
2026-08-20 20:38:56.157,23579.8077
2026-08-20 20:38:56.572,23299.6391
2026-08-20 20:38:56.987,23046.0812
2026-08-20 20:38:57.402,22850.097
2026-08-20 20:38:57.829,22726.9623
2026-08-20 20:38:58.242,22707.6842
2026-08-20 20:38:58.655,22805.5127
2026-08-20 20:38:59.067,22975.5719
2026-08-20 20:38:59.509,23210.3775
2026-08-20 20:38:59.922,23501.0358
2026-08-20 20:39:00.333,23791.5043
2026-08-20 20:39:00.745,24096.2616
2026-08-20 20:39:01.169,24308.1313
2026-08-20 20:39:01.630,23996.3834
2026-08-20 20:39:02.050,23690.1099
2026-08-20 20:39:02.464,23396.4016
2026-08-20 20:39:02.876,23130.0328
2026-08-20 20:39:03.301,22910.5961
2026-08-20 20:39:03.729,22760.577
2026-08-20 20:39:04.142,22687.4201
2026-08-20 20:39:04.554,22681.8811
2026-08-20 20:39:04.966,22681.887
2026-08-20 20:39:05.380,22681.1975
2026-08-20 20:39:05.792,22680.8373
2026-08-20 20:39:06.258,22680.3184
2026-08-20 20:39:06.675,22680.0155
2026-08-20 20:39:07.137,22679.4663
2026-08-20 20:39:07.548,22679.1262
2026-08-20 20:39:07.964,22678.688
2026-08-20 20:39:08.429,22678.3602
2026-08-20 20:39:08.878,22678.0292
2026-08-20 20:39:09.304,22704.0303
2026-08-20 20:39:09.758,22828.6346
2026-08-20 20:39:10.171,23011.2658
2026-08-20 20:39:10.583,23229.5909
2026-08-20 20:39:10.997,23098.4147
2026-08-20 20:39:11.421,22882.2322
2026-08-20 20:39:11.850,22735.6478
2026-08-20 20:39:12.263,22687.207
2026-08-20 20:39:12.690,22784.3733
2026-08-20 20:39:13.109,22950.5996
2026-08-20 20:39:13.522,23184.8178
2026-08-20 20:39:13.952,23452.5949
2026-08-20 20:39:14.374,23752.2201
2026-08-20 20:39:14.786,24062.7963
2026-08-20 20:39:15.215,24302.536
2026-08-20 20:39:15.641,24048.9152
2026-08-20 20:39:16.055,23729.8521
2026-08-20 20:39:16.468,23437.8504
2026-08-20 20:39:16.892,23169.0601
2026-08-20 20:39:17.306,22933.2451
2026-08-20 20:39:17.728,22775.2866
2026-08-20 20:39:18.157,22692.6223
2026-08-20 20:39:18.578,22744.6379
2026-08-20 20:39:18.994,22881.7147
2026-08-20 20:39:19.420,23092.327
2026-08-20 20:39:19.837,23358.9891
2026-08-20 20:39:20.273,23644.644
2026-08-20 20:39:20.685,23960.7347
2026-08-20 20:39:21.112,24264.4656
2026-08-20 20:39:21.537,24140.6226
2026-08-20 20:39:21.951,23817.1514
2026-08-20 20:39:22.385,23505.7187
2026-08-20 20:39:22.814,23219.2986
2026-08-20 20:39:23.242,22970.0679
2026-08-20 20:39:23.655,22797.0335
2026-08-20 20:39:24.067,22698.3962
2026-08-20 20:39:24.488,22674.7233
2026-08-20 20:39:24.901,22675.1161
2026-08-20 20:39:25.315,22674.6005
2026-08-20 20:39:25.739,22674.0277
2026-08-20 20:39:26.151,22673.5249
2026-08-20 20:39:26.585,22673.3269
2026-08-20 20:39:27.007,22672.8856
2026-08-20 20:39:27.420,22672.7218
2026-08-20 20:39:27.832,22672.1746
2026-08-20 20:39:28.246,22672.3814
2026-08-20 20:39:28.706,22672.2388
2026-08-20 20:39:29.133,22673.1179
2026-08-20 20:39:29.545,22733.0861
2026-08-20 20:39:29.975,22870.4153
2026-08-20 20:39:30.392,23073.7883
2026-08-20 20:39:30.810,23229.8193
2026-08-20 20:39:31.237,23013.2807
2026-08-20 20:39:31.649,22814.7927
2026-08-20 20:39:32.062,22698.1711
2026-08-20 20:39:32.476,22699.5581
2026-08-20 20:39:32.942,22835.115
2026-08-20 20:39:33.354,23028.9495
2026-08-20 20:39:33.777,23277.2243
2026-08-20 20:39:34.190,23560.0037
2026-08-20 20:39:34.609,23854.1166
2026-08-20 20:39:35.029,24167.5977
2026-08-20 20:39:35.456,24252.8249
2026-08-20 20:39:35.869,23928.3788
2026-08-20 20:39:36.282,23625.6248
2026-08-20 20:39:36.694,23340.8247
2026-08-20 20:39:37.162,23051.1633
2026-08-20 20:39:37.581,22850.7629
2026-08-20 20:39:38.002,22724.7191
2026-08-20 20:39:38.419,22693.2824
2026-08-20 20:39:38.832,22786.6198
2026-08-20 20:39:39.249,22951.3317
2026-08-20 20:39:39.661,23186.211
2026-08-20 20:39:40.075,23454.9794
2026-08-20 20:39:40.493,23744.3943
2026-08-20 20:39:40.906,24052.4891
2026-08-20 20:39:41.382,24289.1906
2026-08-20 20:39:41.800,24003.1577
2026-08-20 20:39:42.213,23692.1989
2026-08-20 20:39:42.627,23402.7858
2026-08-20 20:39:43.045,23135.4901
2026-08-20 20:39:43.476,22909.102
2026-08-20 20:39:43.890,22754.6646
2026-08-20 20:39:44.310,22680.7676
2026-08-20 20:39:44.727,22673.5921
2026-08-20 20:39:45.140,22673.6895
2026-08-20 20:39:45.576,22673.4359
2026-08-20 20:39:46.003,22672.9899
2026-08-20 20:39:46.415,22672.3464
2026-08-20 20:39:46.829,22671.9508
2026-08-20 20:39:47.242,22671.5912
2026-08-20 20:39:47.681,22671.4981
2026-08-20 20:39:48.095,22671.2816
2026-08-20 20:39:48.509,22671.0949
2026-08-20 20:39:48.923,22670.8931
2026-08-20 20:39:49.334,22679.323
2026-08-20 20:39:49.748,22759.4624
2026-08-20 20:39:50.227,22933.5429
2026-08-20 20:39:50.640,23164.8078
2026-08-20 20:39:51.053,23169.6279
2026-08-20 20:39:51.465,22935.1084
2026-08-20 20:39:51.892,22768.7707
2026-08-20 20:39:52.310,22678.3537
2026-08-20 20:39:52.723,22735.466
2026-08-20 20:39:53.138,22875.6857
2026-08-20 20:39:53.564,23086.8289
2026-08-20 20:39:53.989,23352.6841
2026-08-20 20:39:54.402,23642.7629
2026-08-20 20:39:54.828,23942.0312
2026-08-20 20:39:55.246,24258.9015
2026-08-20 20:39:55.663,24160.1219
2026-08-20 20:39:56.079,23842.6116
2026-08-20 20:39:56.492,23542.5949
2026-08-20 20:39:56.906,23263.4161
2026-08-20 20:39:57.319,23013.9301
2026-08-20 20:39:57.745,22825.5864
2026-08-20 20:39:58.158,22709.5386
2026-08-20 20:39:58.580,22701.1685
2026-08-20 20:39:58.993,22807.7783
2026-08-20 20:39:59.405,22985.3702
2026-08-20 20:39:59.867,23256.0998
2026-08-20 20:40:00.279,23532.4401
2026-08-20 20:40:00.690,23825.9789
2026-08-20 20:40:01.115,24132.7843
2026-08-20 20:40:01.533,24266.4356
2026-08-20 20:40:01.963,23955.8233
2026-08-20 20:40:02.384,23638.9969
2026-08-20 20:40:02.801,23348.2802
2026-08-20 20:40:03.219,23084.3812
2026-08-20 20:40:03.633,22871.8018
2026-08-20 20:40:04.069,22738.082
2026-08-20 20:40:04.482,22675.3481
2026-08-20 20:40:04.897,22673.7104
2026-08-20 20:40:05.338,22673.595
2026-08-20 20:40:05.750,22673.1004
2026-08-20 20:40:06.181,22672.5926
2026-08-20 20:40:06.593,22672.1939
2026-08-20 20:40:07.006,22671.9132
2026-08-20 20:40:07.421,22671.6136
2026-08-20 20:40:07.835,22671.4894
2026-08-20 20:40:08.300,22671.2077
2026-08-20 20:40:08.718,22671.1792
2026-08-20 20:40:09.131,22671.0256
2026-08-20 20:40:09.545,22693.4772
2026-08-20 20:40:09.967,22795.5871
2026-08-20 20:40:10.392,22970.5384
2026-08-20 20:40:10.814,23205.5498
2026-08-20 20:40:11.240,23118.2421
2026-08-20 20:40:11.659,22890.1326
2026-08-20 20:40:12.071,22739.0351
2026-08-20 20:40:12.493,22677.7721
2026-08-20 20:40:12.905,22759.8944
2026-08-20 20:40:13.318,22915.5126
2026-08-20 20:40:13.732,23138.6787
2026-08-20 20:40:14.145,23402.8216
2026-08-20 20:40:14.557,23687.3188
2026-08-20 20:40:15.023,24027.4675
2026-08-20 20:40:15.493,24295.5534
2026-08-20 20:40:15.907,24043.1039
2026-08-20 20:40:16.359,23711.6907
2026-08-20 20:40:16.771,23415.0901
2026-08-20 20:40:17.182,23147.8408
2026-08-20 20:40:17.595,22921.7774
2026-08-20 20:40:18.040,22766.8685
2026-08-20 20:40:18.453,22685.8582
2026-08-20 20:40:18.879,22743.7593
2026-08-20 20:40:19.291,22886.2142
2026-08-20 20:40:19.753,23098.7155
2026-08-20 20:40:20.173,23394.5551
2026-08-20 20:40:20.587,23681.3508
2026-08-20 20:40:21.000,23984.0244
2026-08-20 20:40:21.427,24276.1283
2026-08-20 20:40:21.841,24107.7659
2026-08-20 20:40:22.261,23794.4863
2026-08-20 20:40:22.688,23493.7444
2026-08-20 20:40:23.106,23209.7362
2026-08-20 20:40:23.519,22967.1779
2026-08-20 20:40:23.933,22794.6273
2026-08-20 20:40:24.375,22696.5634
2026-08-20 20:40:24.788,22673.658
2026-08-20 20:40:25.203,22674.4032
2026-08-20 20:40:25.616,22673.9698
2026-08-20 20:40:26.044,22673.4786
2026-08-20 20:40:26.477,22673.1064
2026-08-20 20:40:26.904,22672.293
2026-08-20 20:40:27.320,22672.0692
2026-08-20 20:40:27.738,22671.5462
2026-08-20 20:40:28.150,22671.1276
2026-08-20 20:40:28.583,22670.976
2026-08-20 20:40:28.996,22670.8693
2026-08-20 20:40:29.408,22671.9423
2026-08-20 20:40:29.821,22731.6475
2026-08-20 20:40:30.290,22862.9851
2026-08-20 20:40:30.725,23103.9083
2026-08-20 20:40:31.137,23213.4476
2026-08-20 20:40:31.550,22982.6481
2026-08-20 20:40:31.978,22793.9467
2026-08-20 20:40:32.392,22687.4362
2026-08-20 20:40:32.808,22712.9501
2026-08-20 20:40:33.221,22837.3995
2026-08-20 20:40:33.633,23033.1984
2026-08-20 20:40:34.046,23282.2189
2026-08-20 20:40:34.459,23559.5497
2026-08-20 20:40:34.938,23892.2192
2026-08-20 20:40:35.355,24213.1834
2026-08-20 20:40:35.774,24216.7237
2026-08-20 20:40:36.193,23893.7488
2026-08-20 20:40:36.606,23588.5595
2026-08-20 20:40:37.023,23305.8025
2026-08-20 20:40:37.436,23048.6609
2026-08-20 20:40:37.861,22849.3395
2026-08-20 20:40:38.273,22722.8789
2026-08-20 20:40:38.701,22695.3654
2026-08-20 20:40:39.134,22790.5932
2026-08-20 20:40:39.561,22974.5796
2026-08-20 20:40:39.975,23213.1841
2026-08-20 20:40:40.398,23485.9657
2026-08-20 20:40:40.810,23783.8475
2026-08-20 20:40:41.250,24089.6841
2026-08-20 20:40:41.663,24285.7631
2026-08-20 20:40:42.076,23996.4886
2026-08-20 20:40:42.490,23689.91
2026-08-20 20:40:42.917,23400.3281
2026-08-20 20:40:43.346,23124.4309
2026-08-20 20:40:43.775,22889.9416
2026-08-20 20:40:44.201,22748.4316
2026-08-20 20:40:44.628,22678.8111
2026-08-20 20:40:45.041,22674.3639
2026-08-20 20:40:45.460,22674.3359
2026-08-20 20:40:45.885,22673.6977
2026-08-20 20:40:46.303,22673.3508
2026-08-20 20:40:46.721,22672.9871
2026-08-20 20:40:47.142,22672.5339
2026-08-20 20:40:47.558,22672.3479
2026-08-20 20:40:47.973,22672.0427
2026-08-20 20:40:48.386,22671.9745
2026-08-20 20:40:48.803,22671.8614
2026-08-20 20:40:49.264,22671.6869
2026-08-20 20:40:49.696,22688.5546
2026-08-20 20:40:50.118,22787.7243
2026-08-20 20:40:50.533,22957.3837
2026-08-20 20:40:50.945,23188.2247
2026-08-20 20:40:51.373,23136.8575
2026-08-20 20:40:51.785,22911.0213
2026-08-20 20:40:52.200,22753.4089
2026-08-20 20:40:52.626,22678.2708
2026-08-20 20:40:53.040,22748.984
2026-08-20 20:40:53.453,22897.6137
2026-08-20 20:40:53.878,23115.6131
2026-08-20 20:40:54.290,23384.082
2026-08-20 20:40:54.704,23668.2108
2026-08-20 20:40:55.117,23968.9205
2026-08-20 20:40:55.530,24272.8317
2026-08-20 20:40:56.004,24116.6982
2026-08-20 20:40:56.417,23793.6178
2026-08-20 20:40:56.829,23499.118
2026-08-20 20:40:57.249,23223.2835
2026-08-20 20:40:57.663,22978.0985
2026-08-20 20:40:58.096,22802.6943
2026-08-20 20:40:58.522,22698.359
2026-08-20 20:40:58.936,22721.464
2026-08-20 20:40:59.357,22839.4492
2026-08-20 20:40:59.770,23036.3517
2026-08-20 20:41:00.201,23295.6909
2026-08-20 20:41:00.614,23577.351
2026-08-20 20:41:01.026,23873.9872
2026-08-20 20:41:01.440,24183.2869
2026-08-20 20:41:01.853,24246.1535
2026-08-20 20:41:02.320,23889.1661
2026-08-20 20:41:02.733,23588.0941
2026-08-20 20:41:03.147,23304.6216
2026-08-20 20:41:03.561,23049.2153
2026-08-20 20:41:04.028,22850.3432
2026-08-20 20:41:04.445,22715.6371
2026-08-20 20:41:04.861,22676.6837
2026-08-20 20:41:05.288,22677.647
2026-08-20 20:41:05.707,22677.2962
2026-08-20 20:41:06.131,22677.0902
2026-08-20 20:41:06.546,22676.7442
2026-08-20 20:41:06.971,22676.4557
2026-08-20 20:41:07.387,22676.071
2026-08-20 20:41:07.802,22675.88
2026-08-20 20:41:08.214,22675.7706
2026-08-20 20:41:08.647,22675.5171
2026-08-20 20:41:09.074,22675.308
2026-08-20 20:41:09.502,22675.0948
2026-08-20 20:41:09.922,22714.7602
2026-08-20 20:41:10.337,22834.3274
2026-08-20 20:41:10.758,23022.0584
2026-08-20 20:41:11.171,23232.7821
2026-08-20 20:41:11.595,23071.7558
2026-08-20 20:41:12.008,22858.102
2026-08-20 20:41:12.421,22723.8552
2026-08-20 20:41:12.862,22688.0815
2026-08-20 20:41:13.280,22794.7113
2026-08-20 20:41:13.693,22970.5443
2026-08-20 20:41:14.119,23214.8113
2026-08-20 20:41:14.531,23485.239
2026-08-20 20:41:14.959,23775.3807
2026-08-20 20:41:15.383,24091.6494
2026-08-20 20:41:15.796,24301.0417
2026-08-20 20:41:16.214,24026.032
2026-08-20 20:41:16.626,23713.7283
2026-08-20 20:41:17.062,23414.8543
2026-08-20 20:41:17.489,23141.6493
2026-08-20 20:41:17.905,22912.554
2026-08-20 20:41:18.322,22762.9945
2026-08-20 20:41:18.739,22692.3412
2026-08-20 20:41:19.156,22752.7835
2026-08-20 20:41:19.569,22892.8044
2026-08-20 20:41:20.001,23105.1486
2026-08-20 20:41:20.414,23377.6842
2026-08-20 20:41:20.828,23663.281
2026-08-20 20:41:21.247,23964.2001
2026-08-20 20:41:21.660,24272.5481
2026-08-20 20:41:22.121,24115.9269
2026-08-20 20:41:22.534,23803.2683
2026-08-20 20:41:22.946,23507.1498
2026-08-20 20:41:23.373,23232.0355
2026-08-20 20:41:23.787,22981.4009
2026-08-20 20:41:24.224,22807.2898
2026-08-20 20:41:24.652,22700.6641
2026-08-20 20:41:25.074,22681.2669
2026-08-20 20:41:25.487,22681.545
2026-08-20 20:41:25.900,22681.4975
2026-08-20 20:41:26.327,22680.836
2026-08-20 20:41:26.768,22680.6217
2026-08-20 20:41:27.185,22680.2313
2026-08-20 20:41:27.598,22680.0348
2026-08-20 20:41:28.023,22679.4113
2026-08-20 20:41:28.439,22679.4075
2026-08-20 20:41:28.859,22679.1061
2026-08-20 20:41:29.272,22679.0877
2026-08-20 20:41:29.692,22680.167
2026-08-20 20:41:30.105,22740.8738
2026-08-20 20:41:30.534,22873.2869
2026-08-20 20:41:30.969,23091.2642
2026-08-20 20:41:31.386,23232.0603
2026-08-20 20:41:31.802,23008.0407
2026-08-20 20:41:32.218,22818.079
2026-08-20 20:41:32.643,22703.0547
2026-08-20 20:41:33.056,22714.7149
2026-08-20 20:41:33.469,22834.5707
2026-08-20 20:41:33.883,23025.0141
2026-08-20 20:41:34.293,23271.8267
2026-08-20 20:41:34.772,23582.828
2026-08-20 20:41:35.184,23886.9764
2026-08-20 20:41:35.598,24197.1255
2026-08-20 20:41:36.013,24255.4055
2026-08-20 20:41:36.427,23935.9385
2026-08-20 20:41:36.857,23619.2575
2026-08-20 20:41:37.269,23336.4637
2026-08-20 20:41:37.681,23078.2932
2026-08-20 20:41:38.093,22873.3227
2026-08-20 20:41:38.506,22742.8843
2026-08-20 20:41:38.918,22698.0071
2026-08-20 20:41:39.332,22779.6228
2026-08-20 20:41:39.747,22934.8902
2026-08-20 20:41:40.218,23192.9793
2026-08-20 20:41:40.635,23466.8997
2026-08-20 20:41:41.100,23794.8407
2026-08-20 20:41:41.513,24104.2203
2026-08-20 20:41:41.947,24297.2072
2026-08-20 20:41:42.373,24006.2854
2026-08-20 20:41:42.864,23634.4313
2026-08-20 20:41:43.277,23348.5419
2026-08-20 20:41:43.691,23088.661
2026-08-20 20:41:44.156,22858.3712
2026-08-20 20:41:44.576,22735.6261
2026-08-20 20:41:45.041,22683.8336
2026-08-20 20:41:45.484,22684.6781
2026-08-20 20:41:45.952,22684.1014
2026-08-20 20:41:46.375,22683.8038
2026-08-20 20:41:46.788,22683.2252
2026-08-20 20:41:47.209,22682.7217
2026-08-20 20:41:47.627,22682.3722
2026-08-20 20:41:48.042,22681.975
2026-08-20 20:41:48.455,22681.6657
2026-08-20 20:41:48.867,22681.4833
2026-08-20 20:41:49.293,22681.1597
2026-08-20 20:41:49.716,22681.0652
2026-08-20 20:41:50.129,22726.7308
2026-08-20 20:41:50.556,22847.2264
2026-08-20 20:41:50.975,23045.2297
2026-08-20 20:41:51.389,23242.261
2026-08-20 20:41:51.801,23062.5205
2026-08-20 20:41:52.220,22857.7202
2026-08-20 20:41:52.648,22724.2284
2026-08-20 20:41:53.062,22697.1685
2026-08-20 20:41:53.474,22801.4444
2026-08-20 20:41:53.886,22975.0411
2026-08-20 20:41:54.299,23210.2791
2026-08-20 20:41:54.796,23480.738
2026-08-20 20:41:55.210,23832.0372
2026-08-20 20:41:55.628,24139.2261
2026-08-20 20:41:56.040,24290.3452
2026-08-20 20:41:56.452,23990.2994
2026-08-20 20:41:56.887,23684.5827
2026-08-20 20:41:57.323,23371.3832
2026-08-20 20:41:57.735,23104.4263
2026-08-20 20:41:58.148,22892.1188
2026-08-20 20:41:58.561,22754.2607
2026-08-20 20:41:58.985,22697.654
2026-08-20 20:41:59.397,22772.9127
2026-08-20 20:41:59.824,22922.3314
2026-08-20 20:42:00.236,23151.6615
2026-08-20 20:42:00.650,23416.6586
2026-08-20 20:42:01.089,23703.6229
2026-08-20 20:42:01.502,24025.7742
2026-08-20 20:42:01.928,24299.7845
2026-08-20 20:42:02.341,24089.1739
2026-08-20 20:42:02.768,23766.8578
2026-08-20 20:42:03.213,23474.5875
2026-08-20 20:42:03.626,23180.9935
2026-08-20 20:42:04.039,22949.777
2026-08-20 20:42:04.451,22788.9216
2026-08-20 20:42:04.863,22701.3395
2026-08-20 20:42:05.275,22686.0015
2026-08-20 20:42:05.691,22686.1538
2026-08-20 20:42:06.104,22686.0789
2026-08-20 20:42:06.517,22685.8824
2026-08-20 20:42:06.943,22685.5986
2026-08-20 20:42:07.356,22685.4193
2026-08-20 20:42:07.774,22685.187
2026-08-20 20:42:08.202,22684.7579
2026-08-20 20:42:08.615,22684.7692
2026-08-20 20:42:09.027,22684.7099
2026-08-20 20:42:09.455,22684.5753
2026-08-20 20:42:09.868,22685.2745
2026-08-20 20:42:10.279,22744.2356
2026-08-20 20:42:10.716,22875.4897
2026-08-20 20:42:11.128,23089.2608
2026-08-20 20:42:11.541,23241.9453
2026-08-20 20:42:11.967,23020.5344
2026-08-20 20:42:12.380,22829.491
2026-08-20 20:42:12.792,22712.958
2026-08-20 20:42:13.219,22712.8736
2026-08-20 20:42:13.633,22832.4467
2026-08-20 20:42:14.050,23020.0118
2026-08-20 20:42:14.463,23266.6805
2026-08-20 20:42:14.876,23541.8013
2026-08-20 20:42:15.303,23845.6064
2026-08-20 20:42:15.715,24153.8915
2026-08-20 20:42:16.128,24297.3834
2026-08-20 20:42:16.562,23995.9456
2026-08-20 20:42:16.976,23674.1484
2026-08-20 20:42:17.396,23386.1239
2026-08-20 20:42:17.810,23118.5207
2026-08-20 20:42:18.221,22903.472
2026-08-20 20:42:18.645,22763.1189
2026-08-20 20:42:19.073,22702.9835
2026-08-20 20:42:19.506,22778.1918
2026-08-20 20:42:19.919,22936.8202
2026-08-20 20:42:20.333,23161.0007
2026-08-20 20:42:20.758,23427.7488
2026-08-20 20:42:21.173,23724.3663
2026-08-20 20:42:21.652,24069.3426
2026-08-20 20:42:22.070,24313.0557
2026-08-20 20:42:22.496,24058.7687
2026-08-20 20:42:22.910,23739.3038
2026-08-20 20:42:23.322,23448.0696
2026-08-20 20:42:23.755,23178.0929
2026-08-20 20:42:24.167,22938.5459
2026-08-20 20:42:24.579,22784.6475
2026-08-20 20:42:24.991,22703.3562
2026-08-20 20:42:25.405,22692.1262
2026-08-20 20:42:25.830,22692.515
2026-08-20 20:42:26.244,22692.1976
2026-08-20 20:42:26.656,22691.8862
2026-08-20 20:42:27.082,22691.4148
2026-08-20 20:42:27.496,22690.9672
2026-08-20 20:42:27.923,22690.7073
2026-08-20 20:42:28.337,22690.4265
2026-08-20 20:42:28.762,22690.2325
2026-08-20 20:42:29.191,22690.0992
2026-08-20 20:42:29.617,22689.8298
2026-08-20 20:42:30.043,22694.9632
2026-08-20 20:42:30.456,22771.589
2026-08-20 20:42:30.868,22916.4199
2026-08-20 20:42:31.280,23128.9513
2026-08-20 20:42:31.694,23231.0724
2026-08-20 20:42:32.156,22998.6521
2026-08-20 20:42:32.593,22794.9215
2026-08-20 20:42:33.007,22699.0487
2026-08-20 20:42:33.428,22737.9156
2026-08-20 20:42:33.841,22871.0707
2026-08-20 20:42:34.253,23074.73
2026-08-20 20:42:34.695,23328.0493
2026-08-20 20:42:35.132,23638.1094
2026-08-20 20:42:35.558,23942.3111
2026-08-20 20:42:35.977,24261.0551
2026-08-20 20:42:36.392,24166.0631
2026-08-20 20:42:36.812,23848.972
2026-08-20 20:42:37.238,23544.7414
2026-08-20 20:42:37.650,23256.7313
2026-08-20 20:42:38.077,23008.5427
2026-08-20 20:42:38.489,22816.8704
2026-08-20 20:42:38.912,22707.4321
2026-08-20 20:42:39.331,22704.6612
2026-08-20 20:42:39.756,22812.9739
2026-08-20 20:42:40.183,23000.064
2026-08-20 20:42:40.600,23252.9029
2026-08-20 20:42:41.020,23532.4609
2026-08-20 20:42:41.432,23832.0846
2026-08-20 20:42:41.897,24181.1554
2026-08-20 20:42:42.322,24241.5271
2026-08-20 20:42:42.733,23915.7346
2026-08-20 20:42:43.166,23604.4492
2026-08-20 20:42:43.580,23316.2023
2026-08-20 20:42:44.013,23057.6135
2026-08-20 20:42:44.438,22847.4768
2026-08-20 20:42:44.851,22728.9958
2026-08-20 20:42:45.272,22685.8771
2026-08-20 20:42:45.685,22687.9874
2026-08-20 20:42:46.112,22689.1402
2026-08-20 20:42:46.525,22689.7546
2026-08-20 20:42:46.948,22690.1469
2026-08-20 20:42:47.366,22690.4475
2026-08-20 20:42:47.779,22690.6377
2026-08-20 20:42:48.199,22690.4776
2026-08-20 20:42:48.611,22690.5918
2026-08-20 20:42:49.023,22690.9338
2026-08-20 20:42:49.441,22691.0664
2026-08-20 20:42:49.923,22690.9409
2026-08-20 20:42:50.336,22724.242
2026-08-20 20:42:50.750,22836.112
2026-08-20 20:42:51.164,23017.0505
2026-08-20 20:42:51.575,23240.1113
2026-08-20 20:42:52.020,23119.9716
2026-08-20 20:42:52.434,22888.5877
2026-08-20 20:42:52.859,22745.3463
2026-08-20 20:42:53.278,22703.5564
2026-08-20 20:42:53.692,22798.7741
2026-08-20 20:42:54.159,22989.3906
2026-08-20 20:42:54.572,23229.9331
2026-08-20 20:42:54.984,23501.277
2026-08-20 20:42:55.396,23791.7615
2026-08-20 20:42:55.819,24096.6232
2026-08-20 20:42:56.233,24323.1555
2026-08-20 20:42:56.645,24059.001
2026-08-20 20:42:57.107,23715.7816
2026-08-20 20:42:57.520,23425.3873
2026-08-20 20:42:57.931,23159.2247
2026-08-20 20:42:58.359,22929.0949
2026-08-20 20:42:58.771,22781.0626
2026-08-20 20:42:59.196,22709.4154
2026-08-20 20:42:59.697,22787.9529
2026-08-20 20:43:00.117,22942.184
2026-08-20 20:43:00.529,23169.7947
2026-08-20 20:43:00.964,23444.5898
2026-08-20 20:43:01.378,23738.8602
2026-08-20 20:43:01.796,24043.3289
2026-08-20 20:43:02.255,24320.4394
2026-08-20 20:43:02.668,24074.426
2026-08-20 20:43:03.080,23764.3841
2026-08-20 20:43:03.495,23472.227
2026-08-20 20:43:03.918,23199.6882
2026-08-20 20:43:04.335,22961.5184
2026-08-20 20:43:04.748,22800.131
2026-08-20 20:43:05.170,22714.1371
2026-08-20 20:43:05.589,22699.8681
2026-08-20 20:43:06.018,22700.3125
2026-08-20 20:43:06.457,22700.0645
2026-08-20 20:43:06.870,22699.6988
2026-08-20 20:43:07.283,22699.3891
2026-08-20 20:43:07.705,22698.9784
2026-08-20 20:43:08.132,22698.7
2026-08-20 20:43:08.544,22698.7104
2026-08-20 20:43:08.957,22698.4002
2026-08-20 20:43:09.384,22698.7207
2026-08-20 20:43:09.798,22698.4853
2026-08-20 20:43:10.259,22703.0339
2026-08-20 20:43:10.676,22785.68
2026-08-20 20:43:11.089,22935.9765
2026-08-20 20:43:11.501,23151.29
2026-08-20 20:43:11.962,23244.0087
2026-08-20 20:43:12.389,22982.0202
2026-08-20 20:43:12.815,22805.5059
2026-08-20 20:43:13.240,22709.7244
2026-08-20 20:43:13.654,22759.9831
2026-08-20 20:43:14.067,22896.6003
2026-08-20 20:43:14.483,23104.1526
2026-08-20 20:43:14.906,23363.1752
2026-08-20 20:43:15.319,23651.6025
2026-08-20 20:43:15.732,23950.9367
2026-08-20 20:43:16.145,24263.1971
2026-08-20 20:43:16.615,24195.9958
2026-08-20 20:43:17.039,23878.3153
2026-08-20 20:43:17.452,23571.136
2026-08-20 20:43:17.865,23291.5429
2026-08-20 20:43:18.283,23043.3626
2026-08-20 20:43:18.697,22854.1741
2026-08-20 20:43:19.109,22742.7393
2026-08-20 20:43:19.549,22733.9379
2026-08-20 20:43:19.962,22845.9396
2026-08-20 20:43:20.374,23026.7931
2026-08-20 20:43:20.796,23269.2094
2026-08-20 20:43:21.210,23550.5958
2026-08-20 20:43:21.622,23845.1885
2026-08-20 20:43:22.036,24153.5291
2026-08-20 20:43:22.510,24295.016
2026-08-20 20:43:22.923,23973.2619
2026-08-20 20:43:23.336,23669.6193
2026-08-20 20:43:23.761,23383.2886
2026-08-20 20:43:24.179,23114.2107
2026-08-20 20:43:24.594,22902.6238
2026-08-20 20:43:25.012,22768.942
2026-08-20 20:43:25.456,22710.552
2026-08-20 20:43:25.869,22708.3336
2026-08-20 20:43:26.297,22708.574
2026-08-20 20:43:26.716,22708.0315
2026-08-20 20:43:27.135,22707.67
2026-08-20 20:43:27.548,22707.4292
2026-08-20 20:43:27.984,22707.2211
2026-08-20 20:43:28.398,22707.1024
2026-08-20 20:43:28.826,22706.9838
2026-08-20 20:43:29.240,22706.9264
2026-08-20 20:43:29.660,22706.6869
2026-08-20 20:43:30.075,22706.663
2026-08-20 20:43:30.515,22728.1847
2026-08-20 20:43:30.942,22837.4884
2026-08-20 20:43:31.356,23017.5204
2026-08-20 20:43:31.770,23245.7916
2026-08-20 20:43:32.184,23148.6384
2026-08-20 20:43:32.648,22906.2099
2026-08-20 20:43:33.076,22764.1716
2026-08-20 20:43:33.489,22717.7386
2026-08-20 20:43:33.909,22810.005
2026-08-20 20:43:34.321,22977.6611
2026-08-20 20:43:34.764,23216.2573
2026-08-20 20:43:35.175,23494.9511
2026-08-20 20:43:35.601,23783.7011
2026-08-20 20:43:36.013,24098.1505
2026-08-20 20:43:36.430,24339.4513
2026-08-20 20:43:36.896,24052.1036
2026-08-20 20:43:37.310,23744.2981
2026-08-20 20:43:37.724,23453.3922
2026-08-20 20:43:38.138,23184.2711
2026-08-20 20:43:38.550,22957.9746
2026-08-20 20:43:38.964,22804.7172
2026-08-20 20:43:39.377,22727.1725
2026-08-20 20:43:39.789,22777.7701
2026-08-20 20:43:40.202,22909.0706
2026-08-20 20:43:40.632,23115.9503
2026-08-20 20:43:41.057,23384.081
2026-08-20 20:43:41.473,23676.3457
2026-08-20 20:43:41.893,23979.2291
2026-08-20 20:43:42.307,24295.1292
2026-08-20 20:43:42.719,24207.9037
2026-08-20 20:43:43.134,23893.2321
2026-08-20 20:43:43.570,23592.5035
2026-08-20 20:43:43.993,23296.7374
2026-08-20 20:43:44.411,23043.1452
2026-08-20 20:43:44.837,22857.2961
2026-08-20 20:43:45.249,22747.5635
2026-08-20 20:43:45.687,22715.7553
2026-08-20 20:43:46.101,22716.8136
2026-08-20 20:43:46.520,22716.7181
2026-08-20 20:43:46.934,22716.4804
2026-08-20 20:43:47.346,22716.4784
2026-08-20 20:43:47.758,22715.9951
2026-08-20 20:43:48.171,22716.0282
2026-08-20 20:43:48.597,22716.0239
2026-08-20 20:43:49.011,22715.8975
2026-08-20 20:43:49.454,22716.0151
2026-08-20 20:43:49.878,22715.9526
2026-08-20 20:43:50.306,22715.7784
2026-08-20 20:43:50.719,22764.068
2026-08-20 20:43:51.155,22892.682
2026-08-20 20:43:51.573,23092.1246
2026-08-20 20:43:51.987,23277.6667
2026-08-20 20:43:52.404,23084.5194
2026-08-20 20:43:52.819,22881.4441
2026-08-20 20:43:53.239,22754.7762
2026-08-20 20:43:53.658,22736.0285
2026-08-20 20:43:54.071,22844.8471
2026-08-20 20:43:54.517,23022.867
2026-08-20 20:43:54.939,23282.1215
2026-08-20 20:43:55.365,23563.3363
2026-08-20 20:43:55.777,23865.9318
2026-08-20 20:43:56.196,24173.5438
2026-08-20 20:43:56.612,24336.0589
2026-08-20 20:43:57.027,24036.4278
2026-08-20 20:43:57.439,23728.8431
2026-08-20 20:43:57.861,23440.214
2026-08-20 20:43:58.273,23169.207
2026-08-20 20:43:58.699,22943.7415
2026-08-20 20:43:59.113,22799.7296
2026-08-20 20:43:59.540,22734.9174
2026-08-20 20:43:59.953,22803.2407
2026-08-20 20:44:00.370,22947.551
2026-08-20 20:44:00.785,23167.8904
2026-08-20 20:44:01.197,23432.6276
2026-08-20 20:44:01.615,23718.5006
2026-08-20 20:44:02.041,24024.1394
2026-08-20 20:44:02.481,24333.084
2026-08-20 20:44:02.893,24153.5839
2026-08-20 20:44:03.306,23840.2036
2026-08-20 20:44:03.727,23543.8852
2026-08-20 20:44:04.141,23261.6344
2026-08-20 20:44:04.564,23019.3468
2026-08-20 20:44:04.981,22840.8181
2026-08-20 20:44:05.393,22741.903
2026-08-20 20:44:05.807,22718.6357
2026-08-20 20:44:06.220,22718.8872
2026-08-20 20:44:06.643,22718.3461
2026-08-20 20:44:07.056,22717.6138
2026-08-20 20:44:07.473,22717.0077
2026-08-20 20:44:07.886,22716.0965
2026-08-20 20:44:08.302,22715.423
2026-08-20 20:44:08.714,22714.8284
2026-08-20 20:44:09.141,22714.2856
2026-08-20 20:44:09.567,22714.0686
2026-08-20 20:44:09.979,22714.1822
2026-08-20 20:44:10.401,22714.2531
2026-08-20 20:44:10.815,22762.9498
2026-08-20 20:44:11.226,22885.7088
2026-08-20 20:44:11.653,23077.3836
2026-08-20 20:44:12.075,23276.0012
2026-08-20 20:44:12.487,23086.0639
2026-08-20 20:44:12.899,22883.7056
2026-08-20 20:44:13.310,22755.3888
2026-08-20 20:44:13.785,22730.1907
2026-08-20 20:44:14.232,22866.3734
2026-08-20 20:44:14.647,23056.6545
2026-08-20 20:44:15.059,23304.5659
2026-08-20 20:44:15.522,23580.0241
2026-08-20 20:44:15.956,23915.5521
2026-08-20 20:44:16.370,24238.3661
2026-08-20 20:44:16.783,24290.6767
2026-08-20 20:44:17.212,23971.3786
2026-08-20 20:44:17.624,23656.6461
2026-08-20 20:44:18.043,23372.0467
2026-08-20 20:44:18.457,23108.9714
2026-08-20 20:44:18.877,22904.1583
2026-08-20 20:44:19.291,22773.1995
2026-08-20 20:44:19.705,22732.8464
2026-08-20 20:44:20.169,22832.8964
2026-08-20 20:44:20.582,22999.724
2026-08-20 20:44:20.995,23233.1775
2026-08-20 20:44:21.406,23504.8857
2026-08-20 20:44:21.819,23794.8298
2026-08-20 20:44:22.232,24100.4683
2026-08-20 20:44:22.656,24342.7357
2026-08-20 20:44:23.071,24090.6944
2026-08-20 20:44:23.489,23778.6812
2026-08-20 20:44:23.968,23446.5242
2026-08-20 20:44:24.387,23170.0008
2026-08-20 20:44:24.800,22945.4288
2026-08-20 20:44:25.213,22799.5716
2026-08-20 20:44:25.638,22725.3767
2026-08-20 20:44:26.060,22718.0281
2026-08-20 20:44:26.554,22718.0585
2026-08-20 20:44:26.965,22717.4842
2026-08-20 20:44:27.378,22717.026
2026-08-20 20:44:27.806,22716.6512
2026-08-20 20:44:28.242,22716.4944
2026-08-20 20:44:28.654,22716.113
2026-08-20 20:44:29.081,22715.412
2026-08-20 20:44:29.493,22714.8955
2026-08-20 20:44:29.906,22714.2689
2026-08-20 20:44:30.333,22714.3689
2026-08-20 20:44:30.749,22732.3943
2026-08-20 20:44:31.163,22828.9922
2026-08-20 20:44:31.589,22997.7824
2026-08-20 20:44:32.008,23236.5253
2026-08-20 20:44:32.420,23196.2657
2026-08-20 20:44:32.860,22969.2099
2026-08-20 20:44:33.279,22803.5476
2026-08-20 20:44:33.693,22734.2226
2026-08-20 20:44:34.105,22808.0991
2026-08-20 20:44:34.518,22959.2245
2026-08-20 20:44:34.990,23178.8675
2026-08-20 20:44:35.437,23504.2449
2026-08-20 20:44:35.853,23794.2364
2026-08-20 20:44:36.267,24101.0598
2026-08-20 20:44:36.684,24363.8493
2026-08-20 20:44:37.145,24103.8758
2026-08-20 20:44:37.556,23794.5151
2026-08-20 20:44:37.983,23502.956
2026-08-20 20:44:38.397,23223.4879
2026-08-20 20:44:38.809,22994.2957
2026-08-20 20:44:39.269,22823.5351
2026-08-20 20:44:39.681,22752.1065
2026-08-20 20:44:40.094,22809.1053
2026-08-20 20:44:40.508,22945.1053
2026-08-20 20:44:40.922,23156.4962
2026-08-20 20:44:41.348,23416.8513
2026-08-20 20:44:41.765,23710.8555
2026-08-20 20:44:42.207,24014.6805
2026-08-20 20:44:42.625,24340.0098
2026-08-20 20:44:43.040,24209.0461
2026-08-20 20:44:43.452,23893.0643
2026-08-20 20:44:43.880,23585.3594
2026-08-20 20:44:44.292,23307.6236
2026-08-20 20:44:44.705,23062.7886
2026-08-20 20:44:45.125,22881.3363
2026-08-20 20:44:45.552,22774.6221
2026-08-20 20:44:45.967,22744.3535
2026-08-20 20:44:46.379,22745.4599
2026-08-20 20:44:46.805,22745.2362
2026-08-20 20:44:47.222,22745.1363
2026-08-20 20:44:47.635,22744.9631
2026-08-20 20:44:48.049,22744.8589
2026-08-20 20:44:48.463,22744.8898
2026-08-20 20:44:48.891,22744.9203
2026-08-20 20:44:49.304,22744.9734
2026-08-20 20:44:49.717,22744.9929
2026-08-20 20:44:50.142,22745.1533
2026-08-20 20:44:50.608,22745.3496
2026-08-20 20:44:51.026,22799.8671
2026-08-20 20:44:51.442,22926.6732
2026-08-20 20:44:51.855,23124.8987
2026-08-20 20:44:52.267,23340.2746
2026-08-20 20:44:52.681,23367.3438
2026-08-20 20:44:53.094,23364.1513
2026-08-20 20:44:53.508,23362.0864
2026-08-20 20:44:53.952,23360.5948
2026-08-20 20:44:54.365,23359.5083
2026-08-20 20:44:54.778,23358.8496
2026-08-20 20:44:55.191,23358.2801
2026-08-20 20:44:55.605,23357.688
2026-08-20 20:44:56.017,23357.4223
2026-08-20 20:44:56.431,23357.3199
2026-08-20 20:44:56.852,23356.9418
2026-08-20 20:44:57.264,23356.8377
2026-08-20 20:44:57.696,23356.7793
2026-08-20 20:44:58.109,23356.8454
2026-08-20 20:44:58.529,23356.4914
2026-08-20 20:44:58.941,23356.4945
2026-08-20 20:44:59.353,23356.7455
2026-08-20 20:44:59.771,23356.8282
2026-08-20 20:45:00.191,23356.814
2026-08-20 20:45:00.610,23357.0784
2026-08-20 20:45:01.030,23357.1816
2026-08-20 20:45:01.444,23357.3467
2026-08-20 20:45:01.867,23357.197
2026-08-20 20:45:02.280,23357.181
2026-08-20 20:45:02.693,23357.4373
2026-08-20 20:45:03.112,23357.8304
2026-08-20 20:45:03.532,23357.9893
2026-08-20 20:45:03.946,23358.2689
2026-08-20 20:45:04.370,23358.0909
2026-08-20 20:45:04.787,23358.4163
2026-08-20 20:45:05.215,23358.3992
2026-08-20 20:45:05.628,23358.8429
2026-08-20 20:45:06.053,23359.1303
2026-08-20 20:45:06.475,23359.4112
2026-08-20 20:45:06.895,23359.6462
2026-08-20 20:45:07.322,23359.8247
2026-08-20 20:45:07.735,23359.8497
2026-08-20 20:45:08.147,23360.0409
2026-08-20 20:45:08.560,23360.2699
2026-08-20 20:45:08.979,23360.12
2026-08-20 20:45:09.398,23360.2211
2026-08-20 20:45:09.810,23360.4122
2026-08-20 20:45:10.237,23360.9949
2026-08-20 20:45:10.649,23360.9309
2026-08-20 20:45:11.081,23361.1143
2026-08-20 20:45:11.494,23361.2865
2026-08-20 20:45:11.917,23361.4568
2026-08-20 20:45:12.330,23361.5496
2026-08-20 20:45:12.743,23361.9913
2026-08-20 20:45:13.155,23362.1558
2026-08-20 20:45:13.567,23362.1047
2026-08-20 20:45:13.998,23362.5762
2026-08-20 20:45:14.409,23362.4625
2026-08-20 20:45:14.833,23362.5863
2026-08-20 20:45:15.251,23362.5143
2026-08-20 20:45:15.715,23362.7409
2026-08-20 20:45:16.134,23363.0116
2026-08-20 20:45:16.558,23362.8505
2026-08-20 20:45:16.972,23363.1662
2026-08-20 20:45:17.398,23363.218
2026-08-20 20:45:17.811,23363.4492
2026-08-20 20:45:18.224,23363.527
2026-08-20 20:45:18.637,23363.8546
2026-08-20 20:45:19.062,23362.5024
2026-08-20 20:45:19.489,23350.464
2026-08-20 20:45:19.900,23336.3389
2026-08-20 20:45:20.327,23323.2102
2026-08-20 20:45:20.738,23309.2696
2026-08-20 20:45:21.176,23296.0359
2026-08-20 20:45:21.589,23282.1073
2026-08-20 20:45:22.015,23268.8579
2026-08-20 20:45:22.428,23255.4763
2026-08-20 20:45:22.841,23242.5457
2026-08-20 20:45:23.301,23228.1636
2026-08-20 20:45:23.724,23215.556
2026-08-20 20:45:24.151,23202.4663
2026-08-20 20:45:24.578,23189.3875
2026-08-20 20:45:25.005,23176.7577
2026-08-20 20:45:25.422,23163.7522
2026-08-20 20:45:25.853,23151.1998
2026-08-20 20:45:26.267,23138.8163
2026-08-20 20:45:26.680,23126.8337
2026-08-20 20:45:27.105,23115.0052
2026-08-20 20:45:27.518,23102.7917
2026-08-20 20:45:27.943,23090.671
2026-08-20 20:45:28.370,23078.676
2026-08-20 20:45:28.784,23067.1589
2026-08-20 20:45:29.196,23055.8156
2026-08-20 20:45:29.622,23044.7023
2026-08-20 20:45:30.034,23033.3067
2026-08-20 20:45:30.457,23022.5337
2026-08-20 20:45:30.874,23011.538
2026-08-20 20:45:31.299,23000.9992
2026-08-20 20:45:31.712,22990.4644
2026-08-20 20:45:32.129,22980.5503
2026-08-20 20:45:32.547,22970.6562
2026-08-20 20:45:32.964,22960.8465
2026-08-20 20:45:33.376,22951.1909
2026-08-20 20:45:33.813,22941.6086
2026-08-20 20:45:34.230,22932.3805
2026-08-20 20:45:34.691,22923.5261
2026-08-20 20:45:35.122,22913.7911
2026-08-20 20:45:35.533,22904.9978
2026-08-20 20:45:35.947,22896.797
2026-08-20 20:45:36.372,22888.7325
2026-08-20 20:45:36.783,22880.7025
2026-08-20 20:45:37.220,22872.7368
2026-08-20 20:45:37.633,22864.9703
2026-08-20 20:45:38.058,22857.5527
2026-08-20 20:45:38.472,22850.4547
2026-08-20 20:45:38.885,22843.7988
2026-08-20 20:45:39.298,22837.1364
2026-08-20 20:45:39.723,22830.7445
2026-08-20 20:45:40.139,22824.373
2026-08-20 20:45:40.557,22818.2874
2026-08-20 20:45:40.971,22812.3838
2026-08-20 20:45:41.384,22806.9166
2026-08-20 20:45:41.796,22801.4046
2026-08-20 20:45:42.223,22796.1026
2026-08-20 20:45:42.687,22790.8246
2026-08-20 20:45:43.109,22785.4485
2026-08-20 20:45:43.522,22780.7889
2026-08-20 20:45:43.934,22776.1564
2026-08-20 20:45:44.347,22772.071
2026-08-20 20:45:44.761,22767.8742
2026-08-20 20:45:45.225,22763.3966
2026-08-20 20:45:45.638,22759.3522
2026-08-20 20:45:46.054,22755.8187
2026-08-20 20:45:46.468,22752.399
2026-08-20 20:45:46.884,22748.9253
2026-08-20 20:45:47.300,22745.7216
2026-08-20 20:45:47.714,22742.6892
2026-08-20 20:45:48.127,22739.8761
2026-08-20 20:45:48.540,22736.7539
2026-08-20 20:45:48.985,22734.9742
2026-08-20 20:45:49.397,22735.4079
2026-08-20 20:45:49.812,22736.1088
2026-08-20 20:45:50.225,22736.3595
2026-08-20 20:45:50.644,22736.3612
2026-08-20 20:45:51.056,22736.5032
2026-08-20 20:45:51.469,22736.7498
2026-08-20 20:45:51.883,22736.4328
2026-08-20 20:45:52.296,22736.4097
2026-08-20 20:45:52.707,22734.0127
2026-08-20 20:45:53.151,22732.5865
2026-08-20 20:45:53.564,22732.4949
2026-08-20 20:45:53.989,22732.594
2026-08-20 20:45:54.404,22732.4625
2026-08-20 20:45:54.817,22732.4257
2026-08-20 20:45:55.228,22733.9993
2026-08-20 20:45:55.656,22735.7839
2026-08-20 20:45:56.070,22735.381
2026-08-20 20:45:56.499,22734.9723
2026-08-20 20:45:56.913,22734.9879
2026-08-20 20:45:57.337,22734.5512
2026-08-20 20:45:57.765,22734.4222
2026-08-20 20:45:58.176,22734.3025
2026-08-20 20:45:58.615,22733.9305
2026-08-20 20:45:59.042,22733.6244
2026-08-20 20:45:59.456,22753.2566
2026-08-20 20:45:59.870,22859.0568
2026-08-20 20:46:00.282,23033.4182
2026-08-20 20:46:00.695,23267.2687
2026-08-20 20:46:01.122,23239.9432
2026-08-20 20:46:01.559,22997.8954
2026-08-20 20:46:01.977,22820.559
2026-08-20 20:46:02.389,22740.0613
2026-08-20 20:46:02.815,22817.7976
2026-08-20 20:46:03.237,22974.3303
2026-08-20 20:46:03.700,23232.9395
2026-08-20 20:46:04.113,23501.8434
2026-08-20 20:46:04.527,23789.0497
2026-08-20 20:46:04.965,24104.3233
2026-08-20 20:46:05.377,24385.6145
2026-08-20 20:46:05.790,24179.0785
2026-08-20 20:46:06.235,23841.4674
2026-08-20 20:46:06.661,23545.903
2026-08-20 20:46:07.078,23261.087
2026-08-20 20:46:07.497,23019.6606
2026-08-20 20:46:07.963,22830.8455
2026-08-20 20:46:08.377,22748.633
2026-08-20 20:46:08.804,22804.9168
2026-08-20 20:46:09.224,22944.6555
2026-08-20 20:46:09.636,23163.3967
2026-08-20 20:46:10.081,23433.8564
2026-08-20 20:46:10.510,23741.3128
2026-08-20 20:46:10.921,24045.0952
2026-08-20 20:46:11.334,24349.0912
2026-08-20 20:46:11.747,24225.6148
2026-08-20 20:46:12.159,23909.1425
2026-08-20 20:46:12.656,23549.5191
2026-08-20 20:46:13.071,23273.0235
2026-08-20 20:46:13.485,23029.7086
2026-08-20 20:46:13.897,22853.7909
2026-08-20 20:46:14.318,22753.7586
2026-08-20 20:46:14.733,22730.8326
2026-08-20 20:46:15.214,22730.7429
2026-08-20 20:46:15.627,22730.1674
2026-08-20 20:46:16.054,22729.3993
2026-08-20 20:46:16.470,22728.863
2026-08-20 20:46:16.892,22728.2965
2026-08-20 20:46:17.316,22727.7529
2026-08-20 20:46:17.739,22727.1796
2026-08-20 20:46:18.152,22726.6497
2026-08-20 20:46:18.565,22726.2326
2026-08-20 20:46:18.977,22725.6706
2026-08-20 20:46:19.394,22728.1307
2026-08-20 20:46:19.867,22810.0259
2026-08-20 20:46:20.283,22963.0052
2026-08-20 20:46:20.708,23182.871
2026-08-20 20:46:21.120,23266.832
2026-08-20 20:46:21.539,23028.1116
2026-08-20 20:46:21.955,22843.521
2026-08-20 20:46:22.375,22737.7427
2026-08-20 20:46:22.788,22774.3466
2026-08-20 20:46:23.211,22907.4534
2026-08-20 20:46:23.624,23118.3954
2026-08-20 20:46:24.089,23373.957
2026-08-20 20:46:24.509,23695.8979
2026-08-20 20:46:24.920,23997.0858
2026-08-20 20:46:25.333,24309.8731
2026-08-20 20:46:25.744,24266.2735
2026-08-20 20:46:26.157,23948.001
2026-08-20 20:46:26.570,23645.1098
2026-08-20 20:46:26.982,23360.7583
2026-08-20 20:46:27.425,23103.4425
2026-08-20 20:46:27.838,22889.6401
2026-08-20 20:46:28.265,22769.1518
2026-08-20 20:46:28.678,22748.9889
2026-08-20 20:46:29.089,22849.9675
2026-08-20 20:46:29.516,23024.724
2026-08-20 20:46:29.929,23272.9363
2026-08-20 20:46:30.360,23547.4756
2026-08-20 20:46:30.773,23854.2943
2026-08-20 20:46:31.186,24162.6272
2026-08-20 20:46:31.601,24359.3067
2026-08-20 20:46:32.028,24077.6657
2026-08-20 20:46:32.440,23756.9226
2026-08-20 20:46:32.854,23466.6451
2026-08-20 20:46:33.282,23186.5646
2026-08-20 20:46:33.703,22961.53
2026-08-20 20:46:34.116,22808.0767
2026-08-20 20:46:34.528,22732.7515
2026-08-20 20:46:34.939,22725.3041
2026-08-20 20:46:35.358,22725.3898
2026-08-20 20:46:35.771,22724.9685
2026-08-20 20:46:36.214,22724.5124
2026-08-20 20:46:36.626,22724.1368
2026-08-20 20:46:37.048,22723.92
2026-08-20 20:46:37.466,22723.656
2026-08-20 20:46:37.878,22723.4413
2026-08-20 20:46:38.338,22723.2165
2026-08-20 20:46:38.758,22723.0233
2026-08-20 20:46:39.171,22722.9877
2026-08-20 20:46:39.587,22733.5969
2026-08-20 20:46:40.013,22821.1741
2026-08-20 20:46:40.470,23005.9201
2026-08-20 20:46:40.884,23236.568
2026-08-20 20:46:41.297,23217.9878
2026-08-20 20:46:41.710,22983.2132
2026-08-20 20:46:42.124,22817.2915
2026-08-20 20:46:42.551,22731.4009
2026-08-20 20:46:42.963,22794.596
2026-08-20 20:46:43.402,22940.0784
2026-08-20 20:46:43.818,23170.9634
2026-08-20 20:46:44.230,23436.3288
2026-08-20 20:46:44.657,23731.9276
2026-08-20 20:46:45.117,24033.5216
2026-08-20 20:46:45.536,24360.7366
2026-08-20 20:46:45.952,24183.5197
2026-08-20 20:46:46.365,23866.8485
2026-08-20 20:46:46.780,23569.5187
2026-08-20 20:46:47.207,23290.1802
2026-08-20 20:46:47.669,23017.2286
2026-08-20 20:46:48.084,22844.5366
2026-08-20 20:46:48.498,22750.6593
2026-08-20 20:46:48.928,22786.7796
2026-08-20 20:46:49.341,22914.2819
2026-08-20 20:46:49.753,23116.5204
2026-08-20 20:46:50.179,23381.6575
2026-08-20 20:46:50.596,23667.4681
2026-08-20 20:46:51.034,23977.7552
2026-08-20 20:46:51.448,24299.9706
2026-08-20 20:46:51.871,24273.6684
2026-08-20 20:46:52.283,23947.3565
2026-08-20 20:46:52.694,23646.573
2026-08-20 20:46:53.108,23363.0581
2026-08-20 20:46:53.535,23105.8686
2026-08-20 20:46:53.949,22901.2933
2026-08-20 20:46:54.363,22781.0232
2026-08-20 20:46:54.780,22736.1262
2026-08-20 20:46:55.193,22736.5554
2026-08-20 20:46:55.608,22736.3435
2026-08-20 20:46:56.023,22735.9898
2026-08-20 20:46:56.436,22736.1345
2026-08-20 20:46:56.848,22736.0959
2026-08-20 20:46:57.269,22735.8832
2026-08-20 20:46:57.681,22735.7568
2026-08-20 20:46:58.109,22735.7628
2026-08-20 20:46:58.521,22735.6388
2026-08-20 20:46:58.933,22736.0044
2026-08-20 20:46:59.351,22735.9293
2026-08-20 20:46:59.778,22758.2109
2026-08-20 20:47:00.205,22866.3548
2026-08-20 20:47:00.618,23048.2156
2026-08-20 20:47:01.030,23280.0047
2026-08-20 20:47:01.454,23194.6855
2026-08-20 20:47:01.867,22964.1172
2026-08-20 20:47:02.293,22811.1521
2026-08-20 20:47:02.706,22745.396
2026-08-20 20:47:03.118,22826.421
2026-08-20 20:47:03.532,22983.2975
2026-08-20 20:47:03.969,23208.245
2026-08-20 20:47:04.391,23490.4376
2026-08-20 20:47:04.805,23785.8003
2026-08-20 20:47:05.218,24091.0087
2026-08-20 20:47:05.630,24375.3415
2026-08-20 20:47:06.044,24191.6997
2026-08-20 20:47:06.456,23876.9294
2026-08-20 20:47:06.869,23579.8112
2026-08-20 20:47:07.282,23302.2837
2026-08-20 20:47:07.700,23055.0706
2026-08-20 20:47:08.114,22875.9407
2026-08-20 20:47:08.532,22771.7899
2026-08-20 20:47:08.958,22784.6291
2026-08-20 20:47:09.370,22903.5963
2026-08-20 20:47:09.788,23094.9373
2026-08-20 20:47:10.203,23348.1912
2026-08-20 20:47:10.638,23628.9836
2026-08-20 20:47:11.051,23942.8079
2026-08-20 20:47:11.477,24254.9335
2026-08-20 20:47:11.897,24333.8295
2026-08-20 20:47:12.312,24010.0085
2026-08-20 20:47:12.723,23704.7522
2026-08-20 20:47:13.167,23396.9002
2026-08-20 20:47:13.581,23138.3827
2026-08-20 20:47:14.008,22933.2318
2026-08-20 20:47:14.420,22802.3878
2026-08-20 20:47:14.833,22750.8869
2026-08-20 20:47:15.297,22750.5806
2026-08-20 20:47:15.710,22750.3813
2026-08-20 20:47:16.137,22750.1384
2026-08-20 20:47:16.551,22749.9192
2026-08-20 20:47:16.962,22749.784
2026-08-20 20:47:17.394,22749.6371
2026-08-20 20:47:17.806,22749.552
2026-08-20 20:47:18.251,22749.5067
2026-08-20 20:47:18.672,22749.4398
2026-08-20 20:47:19.085,22749.5318
2026-08-20 20:47:19.498,22749.6174
2026-08-20 20:47:19.925,22781.3376
2026-08-20 20:47:20.336,22898.2917
2026-08-20 20:47:20.801,23106.7555
2026-08-20 20:47:21.214,23317.2852
2026-08-20 20:47:21.627,23153.7163
2026-08-20 20:47:22.046,22941.7661
2026-08-20 20:47:22.473,22802.054
2026-08-20 20:47:22.886,22765.4784
2026-08-20 20:47:23.315,22871.2713
2026-08-20 20:47:23.749,23046.3556
2026-08-20 20:47:24.176,23296.9764
2026-08-20 20:47:24.590,23580.4919
2026-08-20 20:47:25.015,23873.6349
2026-08-20 20:47:25.435,24191.2068
2026-08-20 20:47:25.846,24390.4012
2026-08-20 20:47:26.262,24109.2318
2026-08-20 20:47:26.674,23797.5857
2026-08-20 20:47:27.087,23506.5038
2026-08-20 20:47:27.500,23236.3769
2026-08-20 20:47:27.927,23001.5168
2026-08-20 20:47:28.339,22847.8083
2026-08-20 20:47:28.752,22771.6428
2026-08-20 20:47:29.167,22825.9846
2026-08-20 20:47:29.610,22962.6145
2026-08-20 20:47:30.037,23193.4378
2026-08-20 20:47:30.451,23465.6964
2026-08-20 20:47:30.864,23753.5071
2026-08-20 20:47:31.279,24055.7903
2026-08-20 20:47:31.705,24365.3457
2026-08-20 20:47:32.192,24183.8862
2026-08-20 20:47:32.605,23870.4589
2026-08-20 20:47:33.033,23575.1749
2026-08-20 20:47:33.494,23289.0514
2026-08-20 20:47:33.910,23023.8405
2026-08-20 20:47:34.329,22864.4043
2026-08-20 20:47:34.743,22777.6865
2026-08-20 20:47:35.165,22764.9742
2026-08-20 20:47:35.578,22765.4609
2026-08-20 20:47:36.020,22764.8816
2026-08-20 20:47:36.432,22764.7916
2026-08-20 20:47:36.844,22764.7989
2026-08-20 20:47:37.267,22764.7694
2026-08-20 20:47:37.686,22764.7806
2026-08-20 20:47:38.099,22764.7506
2026-08-20 20:47:38.565,22764.4573
2026-08-20 20:47:38.994,22764.6046
2026-08-20 20:47:39.422,22764.5112
2026-08-20 20:47:39.839,22773.5147
2026-08-20 20:47:40.254,22857.1999
2026-08-20 20:47:40.672,23013.3252
2026-08-20 20:47:41.137,23266.9126
2026-08-20 20:47:41.558,23267.4519
2026-08-20 20:47:41.986,23027.401
2026-08-20 20:47:42.409,22856.7124
2026-08-20 20:47:42.826,22773.2069
2026-08-20 20:47:43.242,22837.1291
2026-08-20 20:47:43.656,22983.9258
2026-08-20 20:47:44.069,23200.2761
2026-08-20 20:47:44.481,23461.7394
2026-08-20 20:47:44.909,23746.1329
2026-08-20 20:47:45.374,24097.6355
2026-08-20 20:47:45.789,24393.494
2026-08-20 20:47:46.202,24239.8369
2026-08-20 20:47:46.614,23924.5559
2026-08-20 20:47:47.047,23616.2051
2026-08-20 20:47:47.482,23333.842
2026-08-20 20:47:47.909,23077.1445
2026-08-20 20:47:48.321,22895.8549
2026-08-20 20:47:48.744,22796.3732
2026-08-20 20:47:49.156,22817.699
2026-08-20 20:47:49.570,22935.1579
2026-08-20 20:47:49.997,23137.0616
2026-08-20 20:47:50.428,23388.7104
2026-08-20 20:47:50.842,23682.392
2026-08-20 20:47:51.257,23981.5787
2026-08-20 20:47:51.671,24295.6429
2026-08-20 20:47:52.084,24351.745
2026-08-20 20:47:52.521,24031.8831
2026-08-20 20:47:52.939,23710.4284
2026-08-20 20:47:53.351,23421.8365
2026-08-20 20:47:53.778,23155.3837
2026-08-20 20:47:54.190,22953.9273
2026-08-20 20:47:54.630,22829.1718
2026-08-20 20:47:55.043,22777.1984
2026-08-20 20:47:55.466,22777.4241
2026-08-20 20:47:55.880,22777.3258
2026-08-20 20:47:56.292,22777.241
2026-08-20 20:47:56.731,22777.0717
2026-08-20 20:47:57.143,22776.9904
2026-08-20 20:47:57.555,22776.7787
2026-08-20 20:47:57.968,22776.9016
2026-08-20 20:47:58.381,22776.815
2026-08-20 20:47:58.852,22776.9673
2026-08-20 20:47:59.278,22777.115
2026-08-20 20:47:59.696,22777.2297
2026-08-20 20:48:00.113,22811.7985
2026-08-20 20:48:00.539,22927.4153
2026-08-20 20:48:00.953,23118.4251
2026-08-20 20:48:01.365,23337.9423
2026-08-20 20:48:01.789,23199.7867
2026-08-20 20:48:02.201,22978.3865
2026-08-20 20:48:02.622,22836.9036
2026-08-20 20:48:03.048,22789.696
2026-08-20 20:48:03.478,22890.9908
2026-08-20 20:48:03.903,23063.1612
2026-08-20 20:48:04.316,23305.8924
2026-08-20 20:48:04.733,23577.0623
2026-08-20 20:48:05.145,23871.1836
2026-08-20 20:48:05.559,24177.0437
2026-08-20 20:48:05.992,24422.2292
2026-08-20 20:48:06.404,24166.0217
2026-08-20 20:48:06.816,23855.1269
2026-08-20 20:48:07.236,23562.2372
2026-08-20 20:48:07.651,23284.3885
2026-08-20 20:48:08.078,23050.4944
2026-08-20 20:48:08.543,22869.9939
2026-08-20 20:48:08.956,22798.3601
2026-08-20 20:48:09.373,22857.5352
2026-08-20 20:48:09.787,22998.0643
2026-08-20 20:48:10.200,23211.4385
2026-08-20 20:48:10.618,23473.8978
2026-08-20 20:48:11.034,23763.4105
2026-08-20 20:48:11.461,24067.1946
2026-08-20 20:48:11.883,24386.7547
2026-08-20 20:48:12.296,24273.8187
2026-08-20 20:48:12.709,23957.4062
2026-08-20 20:48:13.121,23658.3391
2026-08-20 20:48:13.533,23378.1035
2026-08-20 20:48:14.003,23097.2057
2026-08-20 20:48:14.415,22919.9317
2026-08-20 20:48:14.827,22817.4901
2026-08-20 20:48:15.251,22790.2082
2026-08-20 20:48:15.663,22791.117
2026-08-20 20:48:16.076,22790.9657
2026-08-20 20:48:16.493,22790.7782
2026-08-20 20:48:16.926,22790.6569
2026-08-20 20:48:17.354,22790.5138
2026-08-20 20:48:17.780,22790.5207
2026-08-20 20:48:18.193,22790.4552
2026-08-20 20:48:18.610,22790.4327
2026-08-20 20:48:19.029,22790.5171
2026-08-20 20:48:19.444,22790.504
2026-08-20 20:48:19.857,22790.5568
2026-08-20 20:48:20.286,22842.9452
2026-08-20 20:48:20.718,22975.1299
2026-08-20 20:48:21.131,23176.7286
2026-08-20 20:48:21.640,23344.5568
2026-08-20 20:48:22.052,23109.3938
2026-08-20 20:48:22.465,22923.4733
2026-08-20 20:48:22.877,22812.4038
2026-08-20 20:48:23.289,22827.7458
2026-08-20 20:48:23.700,22948.4478
2026-08-20 20:48:24.123,23139.99
2026-08-20 20:48:24.536,23394.7789
2026-08-20 20:48:24.949,23673.0801
2026-08-20 20:48:25.362,23968.9909
2026-08-20 20:48:25.785,24279.0517
2026-08-20 20:48:26.208,24416.98
2026-08-20 20:48:26.623,24101.8946
2026-08-20 20:48:27.047,23793.678
2026-08-20 20:48:27.473,23497.3022
2026-08-20 20:48:27.906,23224.1469
2026-08-20 20:48:28.330,23000.8173
2026-08-20 20:48:28.742,22861.5115
2026-08-20 20:48:29.154,22812.5253
2026-08-20 20:48:29.567,22892.4027
2026-08-20 20:48:29.981,23047.1058
2026-08-20 20:48:30.394,23273.6474
2026-08-20 20:48:30.853,23574.0237
2026-08-20 20:48:31.266,23864.0301
2026-08-20 20:48:31.680,24169.9696
2026-08-20 20:48:32.093,24434.169
2026-08-20 20:48:32.511,24214.3627
2026-08-20 20:48:32.923,23898.0526
2026-08-20 20:48:33.346,23603.2632
2026-08-20 20:48:33.771,23321.8408
2026-08-20 20:48:34.271,23042.578
2026-08-20 20:48:34.683,22886.9504
2026-08-20 20:48:35.099,22811.0163
2026-08-20 20:48:35.527,22802.9287
2026-08-20 20:48:35.938,22803.5811
2026-08-20 20:48:36.360,22803.366
2026-08-20 20:48:36.778,22803.3296
2026-08-20 20:48:37.196,22803.1605
2026-08-20 20:48:37.610,22803.0162
2026-08-20 20:48:38.024,22803.0247
2026-08-20 20:48:38.439,22803.1566
2026-08-20 20:48:38.852,22803.0376
2026-08-20 20:48:39.319,22802.944
2026-08-20 20:48:39.738,22803.13
2026-08-20 20:48:40.149,22812.4646
2026-08-20 20:48:40.574,22895.9261
2026-08-20 20:48:40.996,23054.2908
2026-08-20 20:48:41.412,23281.3263
2026-08-20 20:48:41.840,23325.0358
2026-08-20 20:48:42.259,23078.8519
2026-08-20 20:48:42.671,22905.839
2026-08-20 20:48:43.083,22814.0329
2026-08-20 20:48:43.495,22862.4648
2026-08-20 20:48:43.906,22998.2131
2026-08-20 20:48:44.321,23205.4447
2026-08-20 20:48:44.746,23462.9967
2026-08-20 20:48:45.234,23807.8667
2026-08-20 20:48:45.647,24109.3038
2026-08-20 20:48:46.060,24417.04
2026-08-20 20:48:46.479,24298.0485
2026-08-20 20:48:46.892,23982.2603
2026-08-20 20:48:47.335,23660.1446
2026-08-20 20:48:47.747,23381.9417
2026-08-20 20:48:48.173,23135.124
2026-08-20 20:48:48.591,22947.5328
2026-08-20 20:48:49.004,22840.5537
2026-08-20 20:48:49.437,22851.2767
2026-08-20 20:48:49.869,22966.5303
2026-08-20 20:48:50.282,23166.4184
2026-08-20 20:48:50.709,23417.8096
2026-08-20 20:48:51.130,23706.7388
2026-08-20 20:48:51.544,24010.7837
2026-08-20 20:48:51.986,24323.6449
2026-08-20 20:48:52.399,24383.3505
2026-08-20 20:48:52.812,24063.3311
2026-08-20 20:48:53.230,23759.0041
2026-08-20 20:48:53.643,23469.9168
2026-08-20 20:48:54.055,23209.5986
2026-08-20 20:48:54.468,23003.7539
2026-08-20 20:48:54.880,22873.961
2026-08-20 20:48:55.293,22817.7282
2026-08-20 20:48:55.711,22816.4241
2026-08-20 20:48:56.124,22816.4544
2026-08-20 20:48:56.538,22816.1951
2026-08-20 20:48:56.950,22815.9986
2026-08-20 20:48:57.376,22815.9337
2026-08-20 20:48:57.789,22815.7207
2026-08-20 20:48:58.201,22815.6193
2026-08-20 20:48:58.613,22815.5579
2026-08-20 20:48:59.026,22815.5875
2026-08-20 20:48:59.489,22815.6431
2026-08-20 20:48:59.902,22815.771
2026-08-20 20:49:00.314,22833.5131
2026-08-20 20:49:00.727,22930.1653
2026-08-20 20:49:01.145,23095.79
2026-08-20 20:49:01.558,23328.6164
2026-08-20 20:49:01.997,23297.1137
2026-08-20 20:49:02.427,23061.2106
2026-08-20 20:49:02.855,22896.793
2026-08-20 20:49:03.270,22824.8003
2026-08-20 20:49:03.695,22900.3964
2026-08-20 20:49:04.109,23059.0245
2026-08-20 20:49:04.522,23283.2505
2026-08-20 20:49:04.953,23557.2866
2026-08-20 20:49:05.373,23849.1638
2026-08-20 20:49:05.800,24158.1077
2026-08-20 20:49:06.214,24453.9419
2026-08-20 20:49:06.628,24272.509
2026-08-20 20:49:07.092,23957.0708
2026-08-20 20:49:07.519,23620.4049
2026-08-20 20:49:07.932,23339.4856
2026-08-20 20:49:08.358,23096.4665
2026-08-20 20:49:08.772,22932.1256
2026-08-20 20:49:09.184,22842.4206
2026-08-20 20:49:09.617,22878.5446
2026-08-20 20:49:10.029,23010.6928
2026-08-20 20:49:10.442,23213.784
2026-08-20 20:49:10.855,23470.1321
2026-08-20 20:49:11.331,23753.598
2026-08-20 20:49:11.760,24100.1401
2026-08-20 20:49:12.194,24433.3323
2026-08-20 20:49:12.607,24310.7652
2026-08-20 20:49:13.020,23994.0762
2026-08-20 20:49:13.447,23695.2879
2026-08-20 20:49:13.861,23404.673
2026-08-20 20:49:14.278,23155.8516
2026-08-20 20:49:14.704,22969.4704
2026-08-20 20:49:15.118,22859.2753
2026-08-20 20:49:15.543,22828.5563
2026-08-20 20:49:15.956,22829.3388
2026-08-20 20:49:16.378,22829.3908
2026-08-20 20:49:16.807,22829.0536
2026-08-20 20:49:17.220,22828.5183
2026-08-20 20:49:17.633,22828.2332
2026-08-20 20:49:18.054,22827.8873
2026-08-20 20:49:18.466,22827.6814
2026-08-20 20:49:18.892,22827.3652
2026-08-20 20:49:19.387,22827.4088
2026-08-20 20:49:19.799,22827.3711
2026-08-20 20:49:20.224,22828.765
2026-08-20 20:49:20.637,22889.7527
2026-08-20 20:49:21.048,23022.99
2026-08-20 20:49:21.554,23275.8357
2026-08-20 20:49:21.968,23373.2682
2026-08-20 20:49:22.381,23137.2728
2026-08-20 20:49:22.793,22954.5251
2026-08-20 20:49:23.272,22840.5916
2026-08-20 20:49:23.685,22885.8831
2026-08-20 20:49:24.111,23027.7529
2026-08-20 20:49:24.523,23235.9368
2026-08-20 20:49:24.936,23493.2295
2026-08-20 20:49:25.369,23776.3333
2026-08-20 20:49:25.782,24090.6772
2026-08-20 20:49:26.209,24404.8401
2026-08-20 20:49:26.636,24363.8683
2026-08-20 20:49:27.054,24035.4803
2026-08-20 20:49:27.467,23730.227
2026-08-20 20:49:27.879,23447.8581
2026-08-20 20:49:28.307,23194.1172
2026-08-20 20:49:28.720,22993.8271
2026-08-20 20:49:29.147,22877.8935
2026-08-20 20:49:29.560,22864.2318
2026-08-20 20:49:29.977,22967.8712
2026-08-20 20:49:30.403,23146.5173
2026-08-20 20:49:30.891,23444.0965
2026-08-20 20:49:31.303,23724.7293
2026-08-20 20:49:31.731,24032.8629
2026-08-20 20:49:32.143,24345.3781
2026-08-20 20:49:32.588,24432.9973
2026-08-20 20:49:33.001,24092.7607
2026-08-20 20:49:33.428,23787.7784
2026-08-20 20:49:33.842,23492.1468
2026-08-20 20:49:34.256,23231.4161
2026-08-20 20:49:34.676,23025.8273
2026-08-20 20:49:35.173,22878.9656
2026-08-20 20:49:35.586,22840.4909
2026-08-20 20:49:36.085,22841.4403
2026-08-20 20:49:36.497,22841.4894
2026-08-20 20:49:36.920,22841.2179
2026-08-20 20:49:37.332,22841.1869
2026-08-20 20:49:37.799,22841.2555
2026-08-20 20:49:38.228,22841.4099
2026-08-20 20:49:38.642,22841.4989
2026-08-20 20:49:39.055,22841.4827
2026-08-20 20:49:39.468,22841.4995
2026-08-20 20:49:39.894,22841.6501
2026-08-20 20:49:40.320,22842.4003
2026-08-20 20:49:40.746,22901.0054
2026-08-20 20:49:41.164,23038.2264
2026-08-20 20:49:41.577,23244.1131
2026-08-20 20:49:41.990,23406.3793
2026-08-20 20:49:42.457,23165.5421
2026-08-20 20:49:42.869,22977.843
2026-08-20 20:49:43.282,22865.1053
2026-08-20 20:49:43.695,22876.392
2026-08-20 20:49:44.108,22995.7817
2026-08-20 20:49:44.520,23187.219
2026-08-20 20:49:44.938,23434.6738
2026-08-20 20:49:45.350,23715.7044
2026-08-20 20:49:45.764,24011.0912
2026-08-20 20:49:46.200,24322.3402
2026-08-20 20:49:46.627,24457.5238
2026-08-20 20:49:47.052,24135.9811
2026-08-20 20:49:47.468,23820.891
2026-08-20 20:49:47.882,23530.524
2026-08-20 20:49:48.318,23266.9545
2026-08-20 20:49:48.732,23045.0957
2026-08-20 20:49:49.158,22912.0488
2026-08-20 20:49:49.570,22866.6879
2026-08-20 20:49:49.983,22951.7502
2026-08-20 20:49:50.483,23110.4619
2026-08-20 20:49:50.916,23403.8029
2026-08-20 20:49:51.330,23683.4423
2026-08-20 20:49:51.743,23978.9954
2026-08-20 20:49:52.156,24288.2569
2026-08-20 20:49:52.600,24483.6816
2026-08-20 20:49:53.013,24178.2264
2026-08-20 20:49:53.436,23869.7717
2026-08-20 20:49:53.863,23571.8017
2026-08-20 20:49:54.274,23295.6217
2026-08-20 20:49:54.687,23077.2067
2026-08-20 20:49:55.112,22932.6194
2026-08-20 20:49:55.525,22860.5871
2026-08-20 20:49:55.944,22855.6003
2026-08-20 20:49:56.356,22855.8181
2026-08-20 20:49:56.768,22855.741
2026-08-20 20:49:57.186,22855.5507
2026-08-20 20:49:57.610,22855.1823
2026-08-20 20:49:58.023,22854.9406
2026-08-20 20:49:58.436,22854.8386
2026-08-20 20:49:58.863,22854.8031
2026-08-20 20:49:59.320,22854.8582
2026-08-20 20:49:59.732,22854.9914
2026-08-20 20:50:00.146,22854.9677
2026-08-20 20:50:00.559,22866.6349
2026-08-20 20:50:00.974,22954.1937
2026-08-20 20:50:01.435,23134.7531
2026-08-20 20:50:01.847,23365.1892
2026-08-20 20:50:02.260,23348.9921
2026-08-20 20:50:02.675,23115.5447
2026-08-20 20:50:03.089,22949.4388
2026-08-20 20:50:03.505,22864.5827
2026-08-20 20:50:03.917,22922.9969
2026-08-20 20:50:04.381,23087.287
2026-08-20 20:50:04.797,23307.937
2026-08-20 20:50:05.210,23573.768
2026-08-20 20:50:05.625,23859.3617
2026-08-20 20:50:06.037,24164.3406
2026-08-20 20:50:06.449,24470.9009
2026-08-20 20:50:06.874,24355.5379
2026-08-20 20:50:07.338,23993.7685
2026-08-20 20:50:07.764,23693.2706
2026-08-20 20:50:08.178,23406.7252
2026-08-20 20:50:08.593,23163.451
2026-08-20 20:50:09.005,22986.9702
2026-08-20 20:50:09.418,22885.8229
2026-08-20 20:50:09.831,22902.6889
2026-08-20 20:50:10.242,23017.4256
2026-08-20 20:50:10.656,23206.9917
2026-08-20 20:50:11.077,23457.2003
2026-08-20 20:50:11.489,23742.4898
2026-08-20 20:50:11.901,24038.9297
2026-08-20 20:50:12.313,24349.3875
2026-08-20 20:50:12.724,24472.3526
2026-08-20 20:50:13.138,24163.356
2026-08-20 20:50:13.551,23855.4086
2026-08-20 20:50:13.978,23566.0683
2026-08-20 20:50:14.451,23262.7397
2026-08-20 20:50:14.870,23051.0824
2026-08-20 20:50:15.283,22921.1426
2026-08-20 20:50:15.697,22866.8891
2026-08-20 20:50:16.114,22866.234
2026-08-20 20:50:16.527,22866.4232
2026-08-20 20:50:16.967,22866.2745
2026-08-20 20:50:17.379,22866.1677
2026-08-20 20:50:17.793,22865.9853
2026-08-20 20:50:18.211,22866.2261
2026-08-20 20:50:18.639,22866.3043
2026-08-20 20:50:19.103,22866.3466
2026-08-20 20:50:19.525,22866.264
2026-08-20 20:50:19.951,22866.9979
2026-08-20 20:50:20.365,22867.709
2026-08-20 20:50:20.794,22899.9596
2026-08-20 20:50:21.212,23012.6944
2026-08-20 20:50:21.638,23197.2526
2026-08-20 20:50:22.057,23425.8233
2026-08-20 20:50:22.482,23291.2178
2026-08-20 20:50:22.894,23068.3705
2026-08-20 20:50:23.337,22926.168
2026-08-20 20:50:23.764,22880.5809
2026-08-20 20:50:24.183,22982.5187
2026-08-20 20:50:24.596,23157.5106
2026-08-20 20:50:25.057,23393.9105
2026-08-20 20:50:25.475,23702.1336
2026-08-20 20:50:25.902,24007.4187
2026-08-20 20:50:26.323,24316.1539
2026-08-20 20:50:26.737,24503.3662
2026-08-20 20:50:27.157,24213.9109
2026-08-20 20:50:27.584,23899.9158
2026-08-20 20:50:27.996,23600.127
2026-08-20 20:50:28.422,23332.0586
2026-08-20 20:50:28.838,23104.0964
2026-08-20 20:50:29.251,22956.7976
2026-08-20 20:50:29.697,22890.3327
2026-08-20 20:50:30.124,22963.212
2026-08-20 20:50:30.540,23118.1616
2026-08-20 20:50:30.957,23343.562
2026-08-20 20:50:31.369,23613.3814
2026-08-20 20:50:31.797,23912.5712
2026-08-20 20:50:32.215,24218.2604
2026-08-20 20:50:32.632,24506.7118
2026-08-20 20:50:33.051,24315.6063
2026-08-20 20:50:33.465,24000.883
2026-08-20 20:50:33.878,23703.1436
2026-08-20 20:50:34.296,23421.9494
2026-08-20 20:50:34.719,23180.08
2026-08-20 20:50:35.134,23002.8786
2026-08-20 20:50:35.550,22904.9994
2026-08-20 20:50:35.963,22883.2212
2026-08-20 20:50:36.376,22883.7611
2026-08-20 20:50:36.794,22883.6498
2026-08-20 20:50:37.206,22883.3849
2026-08-20 20:50:37.649,22883.2997
2026-08-20 20:50:38.060,22883.2078
2026-08-20 20:50:38.486,22883.0528
2026-08-20 20:50:38.906,22882.9397
2026-08-20 20:50:39.328,22882.9488
2026-08-20 20:50:39.822,22882.9317
2026-08-20 20:50:40.244,22882.9728
2026-08-20 20:50:40.709,22891.7216
2026-08-20 20:50:41.121,22973.4675
2026-08-20 20:50:41.537,23124.4463
2026-08-20 20:50:41.951,23345.6169
2026-08-20 20:50:42.363,23421.8198
2026-08-20 20:50:42.830,23156.6307
2026-08-20 20:50:43.243,22986.686
2026-08-20 20:50:43.667,22895.0089
2026-08-20 20:50:44.081,22946.7435
2026-08-20 20:50:44.502,23085.8351
2026-08-20 20:50:44.963,23329.3152
2026-08-20 20:50:45.375,23592.6266
2026-08-20 20:50:45.803,23878.6638
2026-08-20 20:50:46.223,24191.1391
2026-08-20 20:50:46.648,24502.4892
2026-08-20 20:50:47.100,24337.2041
2026-08-20 20:50:47.513,24023.0362
2026-08-20 20:50:47.926,23725.1572
2026-08-20 20:50:48.344,23446.8578
2026-08-20 20:50:48.760,23199.8518
2026-08-20 20:50:49.172,23020.8461
2026-08-20 20:50:49.681,22907.9602
2026-08-20 20:50:50.092,22951.6516
2026-08-20 20:50:50.506,23080.6919
2026-08-20 20:50:50.918,23285.6237
2026-08-20 20:50:51.330,23543.2963
2026-08-20 20:50:51.746,23826.5407
2026-08-20 20:50:52.160,24129.2199
2026-08-20 20:50:52.574,24443.889
2026-08-20 20:50:53.002,24450.5352
2026-08-20 20:50:53.414,24118.2435
2026-08-20 20:50:53.858,23815.6121
2026-08-20 20:50:54.271,23509.8774
2026-08-20 20:50:54.688,23255.2967
2026-08-20 20:50:55.114,23058.4579
2026-08-20 20:50:55.525,22938.6449
2026-08-20 20:50:55.972,22897.1007
2026-08-20 20:50:56.385,22897.9852
2026-08-20 20:50:56.798,22898.2041
2026-08-20 20:50:57.210,22898.3776
2026-08-20 20:50:57.632,22898.0643
2026-08-20 20:50:58.044,22897.9499
2026-08-20 20:50:58.455,22898.0239
2026-08-20 20:50:58.868,22898.0265
2026-08-20 20:50:59.290,22898.0656
2026-08-20 20:50:59.715,22898.2002
2026-08-20 20:51:00.191,22898.5828
2026-08-20 20:51:00.603,22898.6507
2026-08-20 20:51:01.026,22940.773
2026-08-20 20:51:01.439,23063.4425
2026-08-20 20:51:01.856,23254.2253
2026-08-20 20:51:02.275,23464.6467
2026-08-20 20:51:02.691,23294.1533
2026-08-20 20:51:03.103,23080.4594
2026-08-20 20:51:03.521,22942.54
2026-08-20 20:51:03.933,22905.2946
2026-08-20 20:51:04.361,23007.619
2026-08-20 20:51:04.774,23179.6165
2026-08-20 20:51:05.187,23415.6295
2026-08-20 20:51:05.607,23687.2512
2026-08-20 20:51:06.020,23984.222
2026-08-20 20:51:06.451,24291.1081
2026-08-20 20:51:06.862,24535.801
2026-08-20 20:51:07.284,24279.8993
2026-08-20 20:51:07.709,23961.9764
2026-08-20 20:51:08.123,23659.5076
2026-08-20 20:51:08.541,23386.8722
2026-08-20 20:51:08.954,23152.3637
2026-08-20 20:51:09.371,22994.2311
2026-08-20 20:51:09.785,22911.6909
2026-08-20 20:51:10.202,22958.7479
2026-08-20 20:51:10.624,23090.823
2026-08-20 20:51:11.038,23303.1953
2026-08-20 20:51:11.465,23572.3615
2026-08-20 20:51:11.883,23858.7829
2026-08-20 20:51:12.298,24164.7482
2026-08-20 20:51:12.710,24480.4924
2026-08-20 20:51:13.138,24421.9348
2026-08-20 20:51:13.557,24092.4366
2026-08-20 20:51:13.972,23786.6359
2026-08-20 20:51:14.385,23502.7183
2026-08-20 20:51:14.798,23249.6431
2026-08-20 20:51:15.266,23038.527
2026-08-20 20:51:15.680,22932.4542
2026-08-20 20:51:16.107,22901.6561
2026-08-20 20:51:16.534,22902.3124
2026-08-20 20:51:16.948,22902.2839
2026-08-20 20:51:17.385,22902.1217
2026-08-20 20:51:17.813,22902.0343
2026-08-20 20:51:18.226,22901.911
2026-08-20 20:51:18.639,22901.7326
2026-08-20 20:51:19.071,22901.5763
2026-08-20 20:51:19.509,22901.5095
2026-08-20 20:51:19.924,22901.58
2026-08-20 20:51:20.350,22901.7217
2026-08-20 20:51:20.777,22902.5729
2026-08-20 20:51:21.191,22961.8358
2026-08-20 20:51:21.634,23093.2973
2026-08-20 20:51:22.047,23312.7165
2026-08-20 20:51:22.460,23465.6528
2026-08-20 20:51:22.872,23248.9356
2026-08-20 20:51:23.285,23054.2789
2026-08-20 20:51:23.697,22934.3225
2026-08-20 20:51:24.132,22932.6182
2026-08-20 20:51:24.565,23051.3149
2026-08-20 20:51:24.978,23249.9383
2026-08-20 20:51:25.390,23499.1777
2026-08-20 20:51:25.816,23785.6957
2026-08-20 20:51:26.255,24093.7459
2026-08-20 20:51:26.686,24414.2596
2026-08-20 20:51:27.111,24506.0099
2026-08-20 20:51:27.525,24178.64
2026-08-20 20:51:27.938,23872.5298
2026-08-20 20:51:28.351,23584.7464
2026-08-20 20:51:28.817,23291.4243
2026-08-20 20:51:29.256,23083.6202
2026-08-20 20:51:29.668,22955.8754
2026-08-20 20:51:30.081,22927.915
2026-08-20 20:51:30.493,23021.8673
2026-08-20 20:51:30.928,23189.8702
2026-08-20 20:51:31.345,23439.5786
2026-08-20 20:51:31.762,23716.4226
2026-08-20 20:51:32.176,24013.2549
2026-08-20 20:51:32.588,24322.9277
2026-08-20 20:51:33.054,24531.6238
2026-08-20 20:51:33.477,24236.889
2026-08-20 20:51:33.890,23920.1073
2026-08-20 20:51:34.302,23629.7385
2026-08-20 20:51:34.714,23362.0457
2026-08-20 20:51:35.180,23116.1701
2026-08-20 20:51:35.593,22978.5512
2026-08-20 20:51:36.006,22913.8381
2026-08-20 20:51:36.419,22910.6055
2026-08-20 20:51:36.832,22910.6284
2026-08-20 20:51:37.244,22910.477
2026-08-20 20:51:37.658,22910.5055
2026-08-20 20:51:38.069,22910.1164
2026-08-20 20:51:38.482,22910.1572
2026-08-20 20:51:38.905,22910.1916
2026-08-20 20:51:39.320,22910.1752
2026-08-20 20:51:39.732,22910.0777
2026-08-20 20:51:40.165,22910.1261
2026-08-20 20:51:40.578,22910.2784
2026-08-20 20:51:40.995,22918.9198
2026-08-20 20:51:41.409,23001.9861
2026-08-20 20:51:41.845,23155.0562
2026-08-20 20:51:42.269,23389.6551
2026-08-20 20:51:42.683,23427.0989
2026-08-20 20:51:43.096,23188.4406
2026-08-20 20:51:43.509,23016.7299
2026-08-20 20:51:43.926,22922.6383
2026-08-20 20:51:44.339,22969.782
2026-08-20 20:51:44.756,23106.1481
2026-08-20 20:51:45.168,23315.9029
2026-08-20 20:51:45.581,23573.1421
2026-08-20 20:51:46.018,23866.6679
2026-08-20 20:51:46.451,24175.671
2026-08-20 20:51:46.864,24504.9668
2026-08-20 20:51:47.291,24446.2012
2026-08-20 20:51:47.706,24117.1016
2026-08-20 20:51:48.119,23813.6133
2026-08-20 20:51:48.546,23530.9705
2026-08-20 20:51:48.960,23269.3824
2026-08-20 20:51:49.392,23077.2778
2026-08-20 20:51:49.818,22957.7919
2026-08-20 20:51:50.231,22951.4304
2026-08-20 20:51:50.643,23057.6012
2026-08-20 20:51:51.056,23237.3612
2026-08-20 20:51:51.468,23481.6903
2026-08-20 20:51:51.881,23757.4002
2026-08-20 20:51:52.294,24052.8533
2026-08-20 20:51:52.721,24362.8569
2026-08-20 20:51:53.137,24546.1432
2026-08-20 20:51:53.551,24252.2075
2026-08-20 20:51:53.963,23942.4975
2026-08-20 20:51:54.375,23651.5135
2026-08-20 20:51:54.788,23383.0643
2026-08-20 20:51:55.208,23159.1758
2026-08-20 20:51:55.620,23007.7792
2026-08-20 20:51:56.034,22932.9196
2026-08-20 20:51:56.452,22924.7503
2026-08-20 20:51:56.871,22924.8756
2026-08-20 20:51:57.283,22924.7272
2026-08-20 20:51:57.709,22924.6961
2026-08-20 20:51:58.130,22924.6963
2026-08-20 20:51:58.557,22924.7538
2026-08-20 20:51:58.971,22924.7251
2026-08-20 20:51:59.390,22924.8435
2026-08-20 20:51:59.822,22924.9806
2026-08-20 20:52:00.234,22924.9833
2026-08-20 20:52:00.647,22925.3746
2026-08-20 20:52:01.059,22932.9374
2026-08-20 20:52:01.474,23012.1524
2026-08-20 20:52:01.885,23162.039
2026-08-20 20:52:02.300,23379.4372
2026-08-20 20:52:02.713,23470.8423
2026-08-20 20:52:03.127,23233.7899
2026-08-20 20:52:03.540,23051.3192
2026-08-20 20:52:03.972,22943.6416
2026-08-20 20:52:04.403,22974.6122
2026-08-20 20:52:04.817,23110.3526
2026-08-20 20:52:05.249,23323.1752
2026-08-20 20:52:05.663,23583.3616
2026-08-20 20:52:06.094,23876.7389
2026-08-20 20:52:06.530,24180.5821
2026-08-20 20:52:06.942,24513.1142
2026-08-20 20:52:07.367,24474.3473
2026-08-20 20:52:07.779,24145.7023
2026-08-20 20:52:08.192,23843.6149
2026-08-20 20:52:08.604,23559.5606
2026-08-20 20:52:09.021,23301.8447
2026-08-20 20:52:09.433,23104.0763
2026-08-20 20:52:09.862,22982.9475
2026-08-20 20:52:10.276,22958.7141
2026-08-20 20:52:10.691,23057.1065
2026-08-20 20:52:11.105,23229.533
2026-08-20 20:52:11.520,23468.8269
2026-08-20 20:52:11.932,23744.7855
2026-08-20 20:52:12.349,24038.5748
2026-08-20 20:52:12.776,24350.2554
2026-08-20 20:52:13.193,24571.5193
2026-08-20 20:52:13.607,24296.8477
2026-08-20 20:52:14.031,23985.7859
2026-08-20 20:52:14.444,23685.13
2026-08-20 20:52:14.862,23414.6053
2026-08-20 20:52:15.328,23159.8471
2026-08-20 20:52:15.741,23016.9662
2026-08-20 20:52:16.168,22947.2507
2026-08-20 20:52:16.581,22942.0112
2026-08-20 20:52:17.001,22942.1181
2026-08-20 20:52:17.439,22941.9397
2026-08-20 20:52:17.860,22941.772
2026-08-20 20:52:18.279,22941.7793
2026-08-20 20:52:18.697,22941.6874
2026-08-20 20:52:19.112,22941.5899
2026-08-20 20:52:19.538,22941.7338
2026-08-20 20:52:20.028,22941.8204
2026-08-20 20:52:20.441,22942.2469
2026-08-20 20:52:20.864,22942.44
2026-08-20 20:52:21.277,22964.8538
2026-08-20 20:52:21.690,23066.8897
2026-08-20 20:52:22.103,23238.1264
2026-08-20 20:52:22.519,23471.4613
2026-08-20 20:52:22.944,23412.6401
2026-08-20 20:52:23.364,23178.8944
2026-08-20 20:52:23.790,23017.5164
2026-08-20 20:52:24.214,22952.5473
2026-08-20 20:52:24.628,23033.2549
2026-08-20 20:52:25.041,23190.0058
2026-08-20 20:52:25.505,23447.3
2026-08-20 20:52:25.925,23716.9206
2026-08-20 20:52:26.339,24012.6207
2026-08-20 20:52:26.751,24320.2438
2026-08-20 20:52:27.164,24589.8593
2026-08-20 20:52:27.582,24378.959
2026-08-20 20:52:27.994,24062.0481
2026-08-20 20:52:28.408,23765.4911
2026-08-20 20:52:28.821,23487.9355
2026-08-20 20:52:29.275,23247.8584
2026-08-20 20:52:29.700,23062.7076
2026-08-20 20:52:30.114,22971.6142
2026-08-20 20:52:30.525,23011.2182
2026-08-20 20:52:30.938,23136.9485
2026-08-20 20:52:31.350,23339.6231
2026-08-20 20:52:31.796,23617.2526
2026-08-20 20:52:32.209,23902.7557
2026-08-20 20:52:32.624,24203.8411
2026-08-20 20:52:33.039,24521.1781
2026-08-20 20:52:33.455,24501.873
2026-08-20 20:52:33.886,24176.1746
2026-08-20 20:52:34.318,23863.9166
2026-08-20 20:52:34.740,23567.528
2026-08-20 20:52:35.157,23308.2533
2026-08-20 20:52:35.575,23114.7338
2026-08-20 20:52:35.987,22999.5959
2026-08-20 20:52:36.399,22960.1406
2026-08-20 20:52:36.814,22960.9093
2026-08-20 20:52:37.277,22960.7354
2026-08-20 20:52:37.706,22960.6403
2026-08-20 20:52:38.118,22960.3452
2026-08-20 20:52:38.529,22960.2206
2026-08-20 20:52:38.943,22960.2593
2026-08-20 20:52:39.356,22960.0271
2026-08-20 20:52:39.769,22960.096
2026-08-20 20:52:40.195,22960.0481
2026-08-20 20:52:40.608,22960.2937
2026-08-20 20:52:41.045,22960.4855
2026-08-20 20:52:41.458,23000.8886
2026-08-20 20:52:41.878,23119.0612
2026-08-20 20:52:42.291,23310.678
2026-08-20 20:52:42.715,23524.1439
2026-08-20 20:52:43.178,23334.4713
2026-08-20 20:52:43.598,23131.5389
2026-08-20 20:52:44.012,23001.7487
2026-08-20 20:52:44.434,22982.3223
2026-08-20 20:52:44.860,23093.1406
2026-08-20 20:52:45.273,23280.1052
2026-08-20 20:52:45.685,23523.9419
2026-08-20 20:52:46.114,23798.8889
2026-08-20 20:52:46.541,24105.386
2026-08-20 20:52:46.960,24425.7126
2026-08-20 20:52:47.376,24598.2295
2026-08-20 20:52:47.804,24299.7144
2026-08-20 20:52:48.236,23980.0508
2026-08-20 20:52:48.649,23675.7047
2026-08-20 20:52:49.062,23409.323
2026-08-20 20:52:49.477,23190.9763
2026-08-20 20:52:49.897,23047.2268
2026-08-20 20:52:50.311,22984.216
2026-08-20 20:52:50.724,23053.1696
2026-08-20 20:52:51.137,23199.2121
2026-08-20 20:52:51.553,23418.6355
2026-08-20 20:52:51.969,23686.1834
2026-08-20 20:52:52.382,23977.1021
2026-08-20 20:52:52.794,24281.1641
2026-08-20 20:52:53.215,24585.3707
2026-08-20 20:52:53.641,24448.6694
2026-08-20 20:52:54.107,24083.2865
2026-08-20 20:52:54.520,23786.6548
2026-08-20 20:52:54.934,23509.7696
2026-08-20 20:52:55.347,23267.9964
2026-08-20 20:52:55.813,23096.0932
2026-08-20 20:52:56.249,22990.2925
2026-08-20 20:52:56.663,22977.0887
2026-08-20 20:52:57.077,22977.4292
2026-08-20 20:52:57.490,22976.9408
2026-08-20 20:52:57.904,22976.7226
2026-08-20 20:52:58.332,22976.8274
2026-08-20 20:52:58.743,22976.4519
2026-08-20 20:52:59.172,22976.3748
2026-08-20 20:52:59.584,22976.425
2026-08-20 20:52:59.996,22976.6362
2026-08-20 20:53:00.409,22976.4109
2026-08-20 20:53:00.823,22976.5189
2026-08-20 20:53:01.249,22978.1349
2026-08-20 20:53:01.666,23043.0888
2026-08-20 20:53:02.096,23181.2542
2026-08-20 20:53:02.523,23398.1055
2026-08-20 20:53:02.937,23531.6335
2026-08-20 20:53:03.349,23302.243
2026-08-20 20:53:03.769,23113.9994
2026-08-20 20:53:04.246,22991.1423
2026-08-20 20:53:04.665,23027.514
2026-08-20 20:53:05.078,23160.6509
2026-08-20 20:53:05.514,23373.1763
2026-08-20 20:53:05.927,23635.6557
2026-08-20 20:53:06.346,23918.9361
2026-08-20 20:53:06.759,24222.8989
2026-08-20 20:53:07.170,24537.4536
2026-08-20 20:53:07.588,24545.9017
2026-08-20 20:53:08.002,24220.7543
2026-08-20 20:53:08.413,23917.3267
2026-08-20 20:53:08.826,23632.2223
2026-08-20 20:53:09.240,23372.3557
2026-08-20 20:53:09.652,23168.2867
2026-08-20 20:53:10.079,23037.8151
2026-08-20 20:53:10.493,23004.5126
2026-08-20 20:53:10.933,23095.4399
2026-08-20 20:53:11.359,23272.7995
2026-08-20 20:53:11.771,23517.3796
2026-08-20 20:53:12.195,23791.9038
2026-08-20 20:53:12.658,24093.795
2026-08-20 20:53:13.076,24445.4647
2026-08-20 20:53:13.491,24612.665
2026-08-20 20:53:13.907,24315.3983
2026-08-20 20:53:14.321,24004.1405
2026-08-20 20:53:14.734,23712.0966
2026-08-20 20:53:15.147,23443.595
2026-08-20 20:53:15.561,23220.237
2026-08-20 20:53:15.985,23073.0032
2026-08-20 20:53:16.399,22998.0739
2026-08-20 20:53:16.836,22992.021
2026-08-20 20:53:17.261,22992.2602
2026-08-20 20:53:17.687,22991.9976
2026-08-20 20:53:18.099,22991.6963
2026-08-20 20:53:18.512,22991.4641
2026-08-20 20:53:18.957,22991.3071
2026-08-20 20:53:19.370,22991.395
2026-08-20 20:53:19.788,22991.4061
2026-08-20 20:53:20.204,22991.5829
2026-08-20 20:53:20.631,22991.8888
2026-08-20 20:53:21.086,22992.138
2026-08-20 20:53:21.500,23009.0679
2026-08-20 20:53:21.912,23105.1365
2026-08-20 20:53:22.334,23269.224
2026-08-20 20:53:22.761,23504.9718
2026-08-20 20:53:23.175,23472.8873
2026-08-20 20:53:23.587,23241.8188
2026-08-20 20:53:24.000,23081.267
2026-08-20 20:53:24.414,23002.1432
2026-08-20 20:53:24.833,23065.5272
2026-08-20 20:53:25.254,23213.5835
2026-08-20 20:53:25.666,23435.2428
2026-08-20 20:53:26.078,23697.469
2026-08-20 20:53:26.501,23983.9233
2026-08-20 20:53:26.921,24294.5543
2026-08-20 20:53:27.334,24610.136
2026-08-20 20:53:27.771,24504.3235
2026-08-20 20:53:28.184,24168.4349
2026-08-20 20:53:28.605,23868.661
2026-08-20 20:53:29.017,23582.2683
2026-08-20 20:53:29.430,23334.4093
2026-08-20 20:53:29.856,23148.633
2026-08-20 20:53:30.269,23036.6314
2026-08-20 20:53:30.694,23037.1754
2026-08-20 20:53:31.158,23168.1198
2026-08-20 20:53:31.580,23361.5228
2026-08-20 20:53:31.993,23619.7012
2026-08-20 20:53:32.405,23901.1743
2026-08-20 20:53:32.831,24200.1598
2026-08-20 20:53:33.243,24523.0992
2026-08-20 20:53:33.682,24602.7638
2026-08-20 20:53:34.095,24263.7661
2026-08-20 20:53:34.521,23958.0844
2026-08-20 20:53:34.939,23662.5635
2026-08-20 20:53:35.351,23398.8475
2026-08-20 20:53:35.772,23194.1275
2026-08-20 20:53:36.274,23048.4091
2026-08-20 20:53:36.737,23010.5629
2026-08-20 20:53:37.154,23011.5358
2026-08-20 20:53:37.567,23011.4118
2026-08-20 20:53:38.003,23011.2893
2026-08-20 20:53:38.430,23011.2079
2026-08-20 20:53:38.848,23011.2116
2026-08-20 20:53:39.313,23011.2088
2026-08-20 20:53:39.726,23011.2517
2026-08-20 20:53:40.144,23011.3974
2026-08-20 20:53:40.562,23012.0898
2026-08-20 20:53:41.023,23013.108
2026-08-20 20:53:41.442,23017.011
2026-08-20 20:53:41.855,23084.7267
2026-08-20 20:53:42.275,23224.0069
2026-08-20 20:53:42.699,23437.4038
2026-08-20 20:53:43.115,23572.794
2026-08-20 20:53:43.555,23343.4428
2026-08-20 20:53:43.967,23145.3308
2026-08-20 20:53:44.381,23036.1265
2026-08-20 20:53:44.808,23058.4043
2026-08-20 20:53:45.236,23188.1083
2026-08-20 20:53:45.690,23419.8008
2026-08-20 20:53:46.104,23677.5731
2026-08-20 20:53:46.532,23962.2088
2026-08-20 20:53:46.945,24274.5148
2026-08-20 20:53:47.357,24589.0616
2026-08-20 20:53:47.769,24583.0108
2026-08-20 20:53:48.183,24261.6303
2026-08-20 20:53:48.603,23956.6164
2026-08-20 20:53:49.015,23665.9581
2026-08-20 20:53:49.428,23407.6999
2026-08-20 20:53:49.842,23205.9674
2026-08-20 20:53:50.273,23080.0067
2026-08-20 20:53:50.687,23047.5779
2026-08-20 20:53:51.099,23141.0255
2026-08-20 20:53:51.510,23307.783
2026-08-20 20:53:51.923,23543.2553
2026-08-20 20:53:52.386,23850.9284
2026-08-20 20:53:52.800,24146.6728
2026-08-20 20:53:53.213,24458.3891
2026-08-20 20:53:53.640,24671.9311
2026-08-20 20:53:54.052,24389.2462
2026-08-20 20:53:54.486,24079.5158
2026-08-20 20:53:54.900,23770.4656
2026-08-20 20:53:55.313,23499.4007
2026-08-20 20:53:55.726,23273.7613
2026-08-20 20:53:56.138,23122.5869
2026-08-20 20:53:56.551,23045.1561
2026-08-20 20:53:57.029,23036.5627
2026-08-20 20:53:57.455,23036.9285
2026-08-20 20:53:57.866,23036.7875
2026-08-20 20:53:58.337,23036.6384
2026-08-20 20:53:58.769,23036.5008
2026-08-20 20:53:59.181,23036.6467
2026-08-20 20:53:59.595,23036.5215
2026-08-20 20:54:00.015,23036.5706
2026-08-20 20:54:00.427,23036.7138
2026-08-20 20:54:00.856,23037.2482
2026-08-20 20:54:01.290,23037.7411
2026-08-20 20:54:01.708,23057.8715
2026-08-20 20:54:02.121,23159.4467
2026-08-20 20:54:02.535,23328.6144
2026-08-20 20:54:02.965,23572.1768
2026-08-20 20:54:03.394,23502.02
2026-08-20 20:54:03.821,23267.265
2026-08-20 20:54:04.235,23114.5416
2026-08-20 20:54:04.662,23047.8709
2026-08-20 20:54:05.078,23129.6233
2026-08-20 20:54:05.492,23286.1089
2026-08-20 20:54:05.904,23512.6245
2026-08-20 20:54:06.318,23780.1501
2026-08-20 20:54:06.745,24070.6064
2026-08-20 20:54:07.213,24417.994
2026-08-20 20:54:07.626,24694.2955
2026-08-20 20:54:08.039,24473.9946
2026-08-20 20:54:08.451,24158.1651
2026-08-20 20:54:08.864,23860.585
2026-08-20 20:54:09.291,23582.8053
2026-08-20 20:54:09.707,23333.4628
2026-08-20 20:54:10.124,23162.1342
2026-08-20 20:54:10.550,23066.7246
2026-08-20 20:54:10.964,23099.8109
2026-08-20 20:54:11.396,23223.9583
2026-08-20 20:54:11.810,23435.1575
2026-08-20 20:54:12.222,23694.5215
2026-08-20 20:54:12.638,23978.865
2026-08-20 20:54:13.052,24282.9642
2026-08-20 20:54:13.518,24640.6197
2026-08-20 20:54:13.944,24566.8386
2026-08-20 20:54:14.357,24249.0035
2026-08-20 20:54:14.770,23945.4597
2026-08-20 20:54:15.183,23660.2257
2026-08-20 20:54:15.614,23405.1649
2026-08-20 20:54:16.026,23204.2058
2026-08-20 20:54:16.440,23090.3702
2026-08-20 20:54:16.857,23050.8374
2026-08-20 20:54:17.269,23051.5196
2026-08-20 20:54:17.741,23051.4438
2026-08-20 20:54:18.164,23051.2379
2026-08-20 20:54:18.580,23050.9167
2026-08-20 20:54:18.996,23050.6768
2026-08-20 20:54:19.409,23050.2706
2026-08-20 20:54:19.836,23050.0528
2026-08-20 20:54:20.257,23049.7862
2026-08-20 20:54:20.674,23049.7374
2026-08-20 20:54:21.086,23049.5973
2026-08-20 20:54:21.499,23049.7427
2026-08-20 20:54:21.913,23049.8393
2026-08-20 20:54:22.330,23049.8294
2026-08-20 20:54:22.744,23049.901
2026-08-20 20:54:23.210,23050.2112
2026-08-20 20:54:23.628,23050.3403
2026-08-20 20:54:24.089,23050.6358
2026-08-20 20:54:24.533,23050.9234
2026-08-20 20:54:24.996,23051.0644
2026-08-20 20:54:25.415,23051.2132
2026-08-20 20:54:25.827,23051.5814
2026-08-20 20:54:26.240,23051.9555
2026-08-20 20:54:26.655,23052.4077
2026-08-20 20:54:27.077,23052.7973
2026-08-20 20:54:27.508,23053.2073
2026-08-20 20:54:27.926,23053.5652
2026-08-20 20:54:28.341,23053.9952
2026-08-20 20:54:28.754,23054.4466
2026-08-20 20:54:29.214,23054.8329
2026-08-20 20:54:29.645,23055.2966
2026-08-20 20:54:30.059,23055.7233
2026-08-20 20:54:30.478,23056.1443
2026-08-20 20:54:30.892,23056.5554
2026-08-20 20:54:31.324,23057.1361
2026-08-20 20:54:31.739,23057.5217
2026-08-20 20:54:32.153,23057.9333
2026-08-20 20:54:32.566,23058.5091
2026-08-20 20:54:32.979,23058.9775
2026-08-20 20:54:33.393,23059.3807
2026-08-20 20:54:33.829,23060.0251
2026-08-20 20:54:34.243,23060.4616
2026-08-20 20:54:34.657,23060.6877
2026-08-20 20:54:35.076,23061.1877
2026-08-20 20:54:35.490,23061.755
2026-08-20 20:54:35.957,23062.3079
2026-08-20 20:54:36.369,23062.845
2026-08-20 20:54:36.782,23063.4731
2026-08-20 20:54:37.194,23063.7755
2026-08-20 20:54:37.608,23064.572
2026-08-20 20:54:38.048,23064.88
2026-08-20 20:54:38.477,23065.1499
2026-08-20 20:54:38.889,23065.7793
2026-08-20 20:54:39.303,23066.1004
2026-08-20 20:54:39.726,23066.404
2026-08-20 20:54:40.150,23066.9204
2026-08-20 20:54:40.561,23067.507
2026-08-20 20:54:40.974,23067.8768
2026-08-20 20:54:41.387,23068.5336
2026-08-20 20:54:41.813,23068.9176
2026-08-20 20:54:42.291,23070.9602
2026-08-20 20:54:42.718,23072.3098
2026-08-20 20:54:43.130,23073.3654
2026-08-20 20:54:43.558,23074.0349
2026-08-20 20:54:43.971,23075.0382
2026-08-20 20:54:44.383,23075.498
2026-08-20 20:54:44.797,23076.1893
2026-08-20 20:54:45.212,23076.9722
2026-08-20 20:54:45.629,23077.3805
2026-08-20 20:54:46.041,23077.9018
2026-08-20 20:54:46.470,23078.6381
2026-08-20 20:54:46.883,23079.1787
2026-08-20 20:54:47.296,23079.9032
2026-08-20 20:54:47.720,23080.5599
2026-08-20 20:54:48.184,23081.3035
2026-08-20 20:54:48.616,23081.8221
2026-08-20 20:54:49.030,23082.63
2026-08-20 20:54:49.457,23083.2514
2026-08-20 20:54:49.870,23083.8769
2026-08-20 20:54:50.282,23084.3287
2026-08-20 20:54:50.711,23085.0603
2026-08-20 20:54:51.124,23085.642
2026-08-20 20:54:51.537,23086.3721
2026-08-20 20:54:51.965,23086.7856
2026-08-20 20:54:52.378,23087.471
2026-08-20 20:54:52.804,23088.041
2026-08-20 20:54:53.217,23088.6272
2026-08-20 20:54:53.642,23089.0784
2026-08-20 20:54:54.060,23089.6563
2026-08-20 20:54:54.523,23090.1889
2026-08-20 20:54:54.950,23090.7502
2026-08-20 20:54:55.363,23091.1982
2026-08-20 20:54:55.795,23091.7899
2026-08-20 20:54:56.223,23092.3694
2026-08-20 20:54:56.641,23092.9553
2026-08-20 20:54:57.066,23093.5001
2026-08-20 20:54:57.479,23094.0444
2026-08-20 20:54:57.903,23094.521
2026-08-20 20:54:58.322,23095.0276
2026-08-20 20:54:58.742,23095.5386
2026-08-20 20:54:59.155,23096.0219
2026-08-20 20:54:59.568,23096.4977
2026-08-20 20:54:59.979,23097.0544
2026-08-20 20:55:00.395,23097.5721
2026-08-20 20:55:00.809,23097.9817
2026-08-20 20:55:01.242,23098.419
2026-08-20 20:55:01.669,23098.8476
2026-08-20 20:55:02.082,23099.3017
2026-08-20 20:55:02.500,23099.6009
2026-08-20 20:55:02.919,23100.0677
2026-08-20 20:55:03.350,23100.5186
2026-08-20 20:55:03.763,23101.054
2026-08-20 20:55:04.191,23101.5563
2026-08-20 20:55:04.604,23102.1262
2026-08-20 20:55:05.018,23102.395
2026-08-20 20:55:05.456,23102.7163
2026-08-20 20:55:05.872,23103.0221
2026-08-20 20:55:06.286,23103.4299
2026-08-20 20:55:06.699,23103.6948
2026-08-20 20:55:07.117,23104.0109
2026-08-20 20:55:07.582,23104.5179
2026-08-20 20:55:08.008,23105.5191
2026-08-20 20:55:08.422,23106.6501
2026-08-20 20:55:08.850,23107.3538
2026-08-20 20:55:09.278,23108.1788
2026-08-20 20:55:09.690,23108.6927
2026-08-20 20:55:10.131,23109.2506
2026-08-20 20:55:10.547,23109.8291
2026-08-20 20:55:11.011,23110.1744
2026-08-20 20:55:11.438,23110.9094
2026-08-20 20:55:11.855,23111.2343
2026-08-20 20:55:12.278,23111.9123
2026-08-20 20:55:12.690,23112.3493
2026-08-20 20:55:13.107,23113.0696
2026-08-20 20:55:13.519,23113.5292
2026-08-20 20:55:13.932,23113.8169
2026-08-20 20:55:14.345,23114.5315
2026-08-20 20:55:14.758,23115.0473
2026-08-20 20:55:15.230,23115.3282
2026-08-20 20:55:15.686,23116.049
2026-08-20 20:55:16.099,23116.929
2026-08-20 20:55:16.522,23118.9841
2026-08-20 20:55:16.938,23189.541
2026-08-20 20:55:17.356,23336.8703
2026-08-20 20:55:17.768,23551.1793
2026-08-20 20:55:18.180,23707.6503
2026-08-20 20:55:18.592,23490.1164
2026-08-20 20:55:19.016,23289.1399
2026-08-20 20:55:19.493,23145.3204
2026-08-20 20:55:19.905,23168.9366
2026-08-20 20:55:20.318,23302.516
2026-08-20 20:55:20.730,23504.4958
2026-08-20 20:55:21.143,23757.2186
2026-08-20 20:55:21.580,24047.415
2026-08-20 20:55:21.994,24353.7398
2026-08-20 20:55:22.406,24667.1725
2026-08-20 20:55:22.819,24746.3768
2026-08-20 20:55:23.239,24427.636
2026-08-20 20:55:23.714,24081.0026
2026-08-20 20:55:24.127,23784.5162
2026-08-20 20:55:24.554,23526.0523
2026-08-20 20:55:24.970,23316.0055
2026-08-20 20:55:25.384,23186.3266
2026-08-20 20:55:25.799,23155.0961
2026-08-20 20:55:26.212,23254.6305
2026-08-20 20:55:26.626,23425.8013
2026-08-20 20:55:27.038,23663.7098
2026-08-20 20:55:27.451,23936.7553
2026-08-20 20:55:27.865,24230.5403
2026-08-20 20:55:28.291,24540.4724
2026-08-20 20:55:28.715,24789.5709
2026-08-20 20:55:29.128,24529.9962
2026-08-20 20:55:29.556,24216.8373
2026-08-20 20:55:29.975,23911.9245
2026-08-20 20:55:30.389,23634.3228
2026-08-20 20:55:30.820,23401.9574
2026-08-20 20:55:31.237,23235.7852
2026-08-20 20:55:31.649,23150.097
2026-08-20 20:55:32.065,23138.7668
2026-08-20 20:55:32.482,23138.961
2026-08-20 20:55:32.957,23138.7142
2026-08-20 20:55:33.370,23138.3181
2026-08-20 20:55:33.792,23137.8144
2026-08-20 20:55:34.206,23137.7272
2026-08-20 20:55:34.636,23137.6798
2026-08-20 20:55:35.047,23137.6789
2026-08-20 20:55:35.460,23137.7118
2026-08-20 20:55:35.886,23137.7927
2026-08-20 20:55:36.312,23137.78
2026-08-20 20:55:36.723,23147.7628
2026-08-20 20:55:37.144,23234.4332
2026-08-20 20:55:37.557,23394.6821
2026-08-20 20:55:37.970,23618.9265
2026-08-20 20:55:38.383,23679.2009
2026-08-20 20:55:38.804,23438.8166
2026-08-20 20:55:39.279,23241.0104
2026-08-20 20:55:39.706,23149.7595
2026-08-20 20:55:40.127,23214.3326
2026-08-20 20:55:40.538,23366.2829
2026-08-20 20:55:40.952,23584.2007
2026-08-20 20:55:41.364,23847.5789
2026-08-20 20:55:41.778,24133.9425
2026-08-20 20:55:42.220,24437.6477
2026-08-20 20:55:42.633,24770.5805
2026-08-20 20:55:43.054,24664.2859
2026-08-20 20:55:43.466,24339.0083
2026-08-20 20:55:43.894,24026.0546
2026-08-20 20:55:44.329,23743.8798
2026-08-20 20:55:44.756,23481.4669
2026-08-20 20:55:45.169,23289.5348
2026-08-20 20:55:45.597,23177.1379
2026-08-20 20:55:46.009,23186.9481
2026-08-20 20:55:46.436,23302.3628
2026-08-20 20:55:46.862,23498.8776
2026-08-20 20:55:47.273,23757.9054
2026-08-20 20:55:47.686,24038.4868
2026-08-20 20:55:48.101,24338.2092
2026-08-20 20:55:48.538,24651.5329
2026-08-20 20:55:48.954,24756.0761
2026-08-20 20:55:49.366,24435.4205
2026-08-20 20:55:49.780,24127.8216
2026-08-20 20:55:50.194,23838.3916
2026-08-20 20:55:50.656,23544.7317
2026-08-20 20:55:51.069,23339.2424
2026-08-20 20:55:51.481,23209.7887
2026-08-20 20:55:51.894,23154.3615
2026-08-20 20:55:52.354,23153.3712
2026-08-20 20:55:52.774,23153.09
2026-08-20 20:55:53.193,23152.93
2026-08-20 20:55:53.620,23152.6234
2026-08-20 20:55:54.031,23152.3147
2026-08-20 20:55:54.453,23152.0359
2026-08-20 20:55:54.871,23152.0334
2026-08-20 20:55:55.294,23151.8171
2026-08-20 20:55:55.708,23151.931
2026-08-20 20:55:56.121,23151.7904
2026-08-20 20:55:56.546,23151.9777
2026-08-20 20:55:56.972,23179.6904
2026-08-20 20:55:57.392,23294.2181
2026-08-20 20:55:57.811,23479.2475
2026-08-20 20:55:58.223,23709.9668
2026-08-20 20:55:58.637,23596.106
2026-08-20 20:55:59.077,23373.806
2026-08-20 20:55:59.500,23215.8038
2026-08-20 20:55:59.914,23163.7529
2026-08-20 20:56:00.327,23256.054
2026-08-20 20:56:00.739,23422.0016
2026-08-20 20:56:01.210,23686.2159
2026-08-20 20:56:01.623,23963.2317
2026-08-20 20:56:02.036,24256.3561
2026-08-20 20:56:02.449,24565.2967
2026-08-20 20:56:02.862,24810.7537
2026-08-20 20:56:03.277,24565.3985
2026-08-20 20:56:03.696,24250.7153
2026-08-20 20:56:04.130,23946.4005
2026-08-20 20:56:04.542,23662.1658
2026-08-20 20:56:04.954,23429.3097
2026-08-20 20:56:05.366,23266.3439
2026-08-20 20:56:05.778,23178.7129
2026-08-20 20:56:06.218,23219.9426
2026-08-20 20:56:06.630,23360.1475
2026-08-20 20:56:07.045,23568.5992
2026-08-20 20:56:07.459,23830.0617
2026-08-20 20:56:07.881,24116.7056
2026-08-20 20:56:08.346,24465.0692
2026-08-20 20:56:08.760,24776.3117
2026-08-20 20:56:09.172,24666.9014
2026-08-20 20:56:09.594,24349.2577
2026-08-20 20:56:10.008,24041.1702
2026-08-20 20:56:10.442,23757.8222
2026-08-20 20:56:10.855,23494.6911
2026-08-20 20:56:11.274,23309.2335
2026-08-20 20:56:11.686,23198.7716
2026-08-20 20:56:12.099,23165.8901
2026-08-20 20:56:12.513,23166.2436
2026-08-20 20:56:12.992,23166.0017
2026-08-20 20:56:13.419,23165.6195
2026-08-20 20:56:13.846,23165.2009
2026-08-20 20:56:14.268,23165.0968
2026-08-20 20:56:14.681,23164.9666
2026-08-20 20:56:15.106,23164.7686
2026-08-20 20:56:15.572,23164.8058
2026-08-20 20:56:15.990,23164.7447
2026-08-20 20:56:16.406,23164.7588
2026-08-20 20:56:16.819,23167.5421
2026-08-20 20:56:17.231,23233.7955
2026-08-20 20:56:17.644,23372.3134
2026-08-20 20:56:18.058,23581.1125
2026-08-20 20:56:18.473,23740.4135
2026-08-20 20:56:18.889,23523.5562
2026-08-20 20:56:19.302,23324.0954
2026-08-20 20:56:19.762,23191.0477
2026-08-20 20:56:20.179,23196.4696
2026-08-20 20:56:20.592,23314.794
2026-08-20 20:56:21.004,23503.0355
2026-08-20 20:56:21.417,23748.8377
2026-08-20 20:56:21.859,24027.4136
2026-08-20 20:56:22.284,24344.7903
2026-08-20 20:56:22.701,24666.612
2026-08-20 20:56:23.114,24798.8574
2026-08-20 20:56:23.535,24489.4361
2026-08-20 20:56:23.963,24173.4019
2026-08-20 20:56:24.393,23861.9108
2026-08-20 20:56:24.830,23586.9747
2026-08-20 20:56:25.244,23371.8579
2026-08-20 20:56:25.662,23237.2404
2026-08-20 20:56:26.074,23189.1711
2026-08-20 20:56:26.492,23271.0803
2026-08-20 20:56:26.918,23429.9191
2026-08-20 20:56:27.332,23667.0411
2026-08-20 20:56:27.745,23938.4864
2026-08-20 20:56:28.176,24230.9742
2026-08-20 20:56:28.590,24551.6812
2026-08-20 20:56:29.001,24820.8395
2026-08-20 20:56:29.430,24603.5834
2026-08-20 20:56:29.842,24277.2455
2026-08-20 20:56:30.256,23980.2138
2026-08-20 20:56:30.674,23702.7743
2026-08-20 20:56:31.086,23461.1726
2026-08-20 20:56:31.498,23292.3145
2026-08-20 20:56:31.910,23197.3914
2026-08-20 20:56:32.323,23177.9817
2026-08-20 20:56:32.741,23178.2408
2026-08-20 20:56:33.155,23177.946
2026-08-20 20:56:33.567,23177.7391
2026-08-20 20:56:33.980,23177.4875
2026-08-20 20:56:34.402,23177.2995
2026-08-20 20:56:34.830,23177.1178
2026-08-20 20:56:35.246,23177.045
2026-08-20 20:56:35.658,23176.9343
2026-08-20 20:56:36.072,23176.822
2026-08-20 20:56:36.492,23176.8382
2026-08-20 20:56:36.905,23177.1968
2026-08-20 20:56:37.318,23229.6001
2026-08-20 20:56:37.784,23378.7947
2026-08-20 20:56:38.197,23584.6114
2026-08-20 20:56:38.622,23744.586
2026-08-20 20:56:39.041,23523.4817
2026-08-20 20:56:39.453,23325.8843
2026-08-20 20:56:39.877,23206.8637
2026-08-20 20:56:40.289,23209.0966
2026-08-20 20:56:40.702,23327.7749
2026-08-20 20:56:41.114,23517.0753
2026-08-20 20:56:41.541,23773.1092
2026-08-20 20:56:41.981,24052.4536
2026-08-20 20:56:42.394,24369.4713
2026-08-20 20:56:42.807,24682.0647
2026-08-20 20:56:43.246,24794.2357
2026-08-20 20:56:43.660,24469.8583
2026-08-20 20:56:44.087,24161.4888
2026-08-20 20:56:44.498,23862.7953
2026-08-20 20:56:44.925,23591.5712
2026-08-20 20:56:45.338,23381.7965
2026-08-20 20:56:45.762,23247.2223
2026-08-20 20:56:46.176,23198.9935
2026-08-20 20:56:46.594,23282.7233
2026-08-20 20:56:47.013,23442.9595
2026-08-20 20:56:47.438,23676.0226
2026-08-20 20:56:47.865,23955.4514
2026-08-20 20:56:48.277,24257.9549
2026-08-20 20:56:48.690,24565.6994
2026-08-20 20:56:49.103,24829.4128
2026-08-20 20:56:49.515,24605.2145
2026-08-20 20:56:49.952,24290.8191
2026-08-20 20:56:50.365,23977.1719
2026-08-20 20:56:50.784,23701.2562
2026-08-20 20:56:51.198,23460.3612
2026-08-20 20:56:51.611,23294.9125
2026-08-20 20:56:52.070,23198.0817
2026-08-20 20:56:52.493,23186.7606
2026-08-20 20:56:52.906,23186.8256
2026-08-20 20:56:53.319,23186.5145
2026-08-20 20:56:53.732,23186.0761
2026-08-20 20:56:54.189,23185.8655
2026-08-20 20:56:54.604,23185.7077
2026-08-20 20:56:55.030,23185.5907
2026-08-20 20:56:55.442,23185.4582
2026-08-20 20:56:55.854,23185.4884
2026-08-20 20:56:56.281,23185.4039
2026-08-20 20:56:56.695,23185.4587
2026-08-20 20:56:57.109,23191.0865
2026-08-20 20:56:57.523,23266.9542
2026-08-20 20:56:57.936,23414.3593
2026-08-20 20:56:58.396,23658.5314
2026-08-20 20:56:58.815,23721.9683
2026-08-20 20:56:59.228,23478.9285
2026-08-20 20:56:59.642,23301.4122
2026-08-20 20:57:00.054,23199.76
2026-08-20 20:57:00.532,23249.1294
2026-08-20 20:57:00.945,23394.4166
2026-08-20 20:57:01.358,23607.7703
2026-08-20 20:57:01.772,23869.0981
2026-08-20 20:57:02.200,24165.3799
2026-08-20 20:57:02.617,24472.704
2026-08-20 20:57:03.055,24796.397
2026-08-20 20:57:03.467,24700.0918
2026-08-20 20:57:03.894,24371.4991
2026-08-20 20:57:04.307,24070.0934
2026-08-20 20:57:04.731,23783.991
2026-08-20 20:57:05.145,23529.2133
2026-08-20 20:57:05.558,23341.3944
2026-08-20 20:57:05.981,23228.8977
2026-08-20 20:57:06.394,23224.3041
2026-08-20 20:57:06.828,23331.9043
2026-08-20 20:57:07.241,23525.1279
2026-08-20 20:57:07.668,23772.6589
2026-08-20 20:57:08.080,24061.6381
2026-08-20 20:57:08.509,24369.9864
2026-08-20 20:57:08.933,24683.6489
2026-08-20 20:57:09.356,24810.9317
2026-08-20 20:57:09.767,24491.0463
2026-08-20 20:57:10.193,24183.3626
2026-08-20 20:57:10.605,23885.131
2026-08-20 20:57:11.036,23619.8619
2026-08-20 20:57:11.453,23397.8982
2026-08-20 20:57:11.867,23261.3794
2026-08-20 20:57:12.287,23199.9949
2026-08-20 20:57:12.700,23197.4556
2026-08-20 20:57:13.116,23197.5425
2026-08-20 20:57:13.528,23197.3407
2026-08-20 20:57:13.965,23196.8062
2026-08-20 20:57:14.384,23196.6423
2026-08-20 20:57:14.797,23196.5394
2026-08-20 20:57:15.219,23196.6595
2026-08-20 20:57:15.646,23196.4747
2026-08-20 20:57:16.072,23196.2417
2026-08-20 20:57:16.488,23196.4116
2026-08-20 20:57:16.902,23196.3091
2026-08-20 20:57:17.314,23213.8697
2026-08-20 20:57:17.783,23310.8908
2026-08-20 20:57:18.214,23507.5018
2026-08-20 20:57:18.627,23744.7783
2026-08-20 20:57:19.039,23646.1637
2026-08-20 20:57:19.452,23422.4302
2026-08-20 20:57:19.879,23270.4171
2026-08-20 20:57:20.298,23205.8878
2026-08-20 20:57:20.711,23289.8607
2026-08-20 20:57:21.123,23448.6803
2026-08-20 20:57:21.550,23683.7673
2026-08-20 20:57:21.962,23953.223
2026-08-20 20:57:22.394,24242.7
2026-08-20 20:57:22.821,24562.7553
2026-08-20 20:57:23.234,24847.8
2026-08-20 20:57:23.647,24640.3697
2026-08-20 20:57:24.060,24325.3102
2026-08-20 20:57:24.498,24026.0793
2026-08-20 20:57:24.911,23732.0509
2026-08-20 20:57:25.328,23492.3951
2026-08-20 20:57:25.744,23320.486
2026-08-20 20:57:26.158,23224.2366
2026-08-20 20:57:26.575,23252.7884
2026-08-20 20:57:27.068,23407.4636
2026-08-20 20:57:27.495,23618.9169
2026-08-20 20:57:27.906,23889.5463
2026-08-20 20:57:28.334,24186.8312
2026-08-20 20:57:28.747,24490.5502
2026-08-20 20:57:29.161,24805.5131
2026-08-20 20:57:29.598,24717.002
2026-08-20 20:57:30.013,24390.9897
2026-08-20 20:57:30.431,24086.8709
2026-08-20 20:57:30.844,23800.1155
2026-08-20 20:57:31.261,23548.0493
2026-08-20 20:57:31.679,23354.5807
2026-08-20 20:57:32.095,23242.6557
2026-08-20 20:57:32.511,23205.6073
2026-08-20 20:57:32.922,23206.2577
2026-08-20 20:57:33.335,23206.1051
2026-08-20 20:57:33.808,23205.5859
2026-08-20 20:57:34.222,23205.2974
2026-08-20 20:57:34.633,23205.1592
2026-08-20 20:57:35.046,23204.939
2026-08-20 20:57:35.459,23204.975
2026-08-20 20:57:35.890,23204.9777
2026-08-20 20:57:36.303,23204.901
2026-08-20 20:57:36.717,23205.0005
2026-08-20 20:57:37.140,23204.9867
2026-08-20 20:57:37.557,23247.2779
2026-08-20 20:57:37.984,23369.1945
2026-08-20 20:57:38.397,23566.9656
2026-08-20 20:57:38.818,23773.3891
2026-08-20 20:57:39.231,23599.4559
2026-08-20 20:57:39.650,23391.0319
2026-08-20 20:57:40.061,23254.3979
2026-08-20 20:57:40.474,23222.2412
2026-08-20 20:57:40.888,23323.6194
2026-08-20 20:57:41.352,23524.0526
2026-08-20 20:57:41.780,23776.3616
2026-08-20 20:57:42.193,24053.9098
2026-08-20 20:57:42.613,24349.5429
2026-08-20 20:57:43.026,24665.446
2026-08-20 20:57:43.453,24848.6001
2026-08-20 20:57:43.879,24553.7183
2026-08-20 20:57:44.305,24233.4951
2026-08-20 20:57:44.717,23931.8228
2026-08-20 20:57:45.144,23655.4338
2026-08-20 20:57:45.557,23435.8696
2026-08-20 20:57:45.970,23291.3153
2026-08-20 20:57:46.390,23227.0563
2026-08-20 20:57:46.804,23296.2523
2026-08-20 20:57:47.216,23442.8922
2026-08-20 20:57:47.629,23662.4184
2026-08-20 20:57:48.070,23929.0644
2026-08-20 20:57:48.483,24238.5179
2026-08-20 20:57:48.896,24544.7717
2026-08-20 20:57:49.309,24842.7329
2026-08-20 20:57:49.721,24688.314
2026-08-20 20:57:50.133,24371.4298
2026-08-20 20:57:50.557,24072.0755
2026-08-20 20:57:50.975,23783.015
2026-08-20 20:57:51.388,23532.6735
2026-08-20 20:57:51.800,23352.0361
2026-08-20 20:57:52.212,23246.9011
2026-08-20 20:57:52.640,23216.7028
2026-08-20 20:57:53.053,23217.1223
2026-08-20 20:57:53.466,23216.8654
2026-08-20 20:57:53.879,23216.509
2026-08-20 20:57:54.298,23216.141
2026-08-20 20:57:54.711,23215.8504
2026-08-20 20:57:55.139,23215.6799
2026-08-20 20:57:55.552,23215.4622
2026-08-20 20:57:55.982,23215.3459
2026-08-20 20:57:56.395,23215.1969
2026-08-20 20:57:56.816,23215.1364
2026-08-20 20:57:57.230,23215.0926
2026-08-20 20:57:57.642,23258.4432
2026-08-20 20:57:58.103,23397.4972
2026-08-20 20:57:58.531,23603.8243
2026-08-20 20:57:58.943,23783.8731
2026-08-20 20:57:59.369,23584.9952
2026-08-20 20:57:59.787,23376.9398
2026-08-20 20:58:00.201,23251.0532
2026-08-20 20:58:00.615,23238.4481
2026-08-20 20:58:01.028,23349.4762
2026-08-20 20:58:01.456,23538.883
2026-08-20 20:58:01.876,23783.605
2026-08-20 20:58:02.304,24065.2137
2026-08-20 20:58:02.731,24372.5198
2026-08-20 20:58:03.143,24694.6865
2026-08-20 20:58:03.555,24852.4192
2026-08-20 20:58:04.015,24552.4198
2026-08-20 20:58:04.434,24203.4715
2026-08-20 20:58:04.848,23912.9048
2026-08-20 20:58:05.262,23646.9664
2026-08-20 20:58:05.680,23431.1337
2026-08-20 20:58:06.097,23290.4818
2026-08-20 20:58:06.530,23232.7577
2026-08-20 20:58:06.943,23308.0704
2026-08-20 20:58:07.367,23457.2124
2026-08-20 20:58:07.779,23685.9274
2026-08-20 20:58:08.217,23963.8815
2026-08-20 20:58:08.635,24261.688
2026-08-20 20:58:09.047,24572.2388
2026-08-20 20:58:09.476,24859.7089
2026-08-20 20:58:09.889,24656.6147
2026-08-20 20:58:10.311,24340.0334
2026-08-20 20:58:10.741,24035.3746
2026-08-20 20:58:11.153,23746.499
2026-08-20 20:58:11.564,23507.508
2026-08-20 20:58:11.977,23337.6638
2026-08-20 20:58:12.391,23242.1624
2026-08-20 20:58:12.805,23221.9086
2026-08-20 20:58:13.216,23221.7267
2026-08-20 20:58:13.628,23221.7112
2026-08-20 20:58:14.052,23221.1178
2026-08-20 20:58:14.466,23220.8169
2026-08-20 20:58:14.878,23220.3151
2026-08-20 20:58:15.298,23219.9791
2026-08-20 20:58:15.710,23219.6814
2026-08-20 20:58:16.135,23219.7787
2026-08-20 20:58:16.552,23219.3548
2026-08-20 20:58:16.965,23219.4095
2026-08-20 20:58:17.392,23219.3253
2026-08-20 20:58:17.804,23272.0624
2026-08-20 20:58:18.218,23398.8066
2026-08-20 20:58:18.651,23607.4714
2026-08-20 20:58:19.087,23787.9387
2026-08-20 20:58:19.498,23577.5324
2026-08-20 20:58:19.912,23378.3924
2026-08-20 20:58:20.326,23254.1696
2026-08-20 20:58:20.754,23241.6554
2026-08-20 20:58:21.168,23357.8691
2026-08-20 20:58:21.594,23542.8904
2026-08-20 20:58:22.006,23795.8379
2026-08-20 20:58:22.467,24072.7996
2026-08-20 20:58:22.886,24408.905
2026-08-20 20:58:23.308,24720.3447
2026-08-20 20:58:23.721,24837.184
2026-08-20 20:58:24.135,24521.5959
2026-08-20 20:58:24.561,24201.3876
2026-08-20 20:58:24.988,23908.9878
2026-08-20 20:58:25.415,23637.7277
2026-08-20 20:58:25.833,23419.1286
2026-08-20 20:58:26.247,23283.0281
2026-08-20 20:58:26.659,23235.8285
2026-08-20 20:58:27.072,23316.3307
2026-08-20 20:58:27.485,23471.8491
2026-08-20 20:58:27.897,23699.2605
2026-08-20 20:58:28.332,23977.8519
2026-08-20 20:58:28.748,24275.1884
2026-08-20 20:58:29.163,24585.1141
2026-08-20 20:58:29.581,24862.117
2026-08-20 20:58:30.008,24652.6434
2026-08-20 20:58:30.434,24326.0829
2026-08-20 20:58:30.847,24018.804
2026-08-20 20:58:31.274,23733.2425
2026-08-20 20:58:31.687,23496.1447
2026-08-20 20:58:32.100,23330.6036
2026-08-20 20:58:32.515,23238.7403
2026-08-20 20:58:32.926,23220.9178
2026-08-20 20:58:33.342,23220.8533
2026-08-20 20:58:33.758,23220.403
2026-08-20 20:58:34.186,23219.7773
2026-08-20 20:58:34.598,23219.353
2026-08-20 20:58:35.011,23218.9842
2026-08-20 20:58:35.437,23218.562
2026-08-20 20:58:35.864,23218.2422
2026-08-20 20:58:36.291,23217.8672
2026-08-20 20:58:36.702,23217.3994
2026-08-20 20:58:37.115,23217.3272
2026-08-20 20:58:37.545,23218.5809
2026-08-20 20:58:37.957,23283.0573
2026-08-20 20:58:38.395,23418.9223
2026-08-20 20:58:38.807,23639.0656
2026-08-20 20:58:39.234,23779.0167
2026-08-20 20:58:39.646,23547.5172
2026-08-20 20:58:40.059,23356.6759
2026-08-20 20:58:40.493,23241.4256
2026-08-20 20:58:40.906,23249.6691
2026-08-20 20:58:41.318,23368.4307
2026-08-20 20:58:41.731,23558.7634
2026-08-20 20:58:42.155,23807.0569
2026-08-20 20:58:42.634,24130.7435
2026-08-20 20:58:43.061,24439.9134
2026-08-20 20:58:43.472,24765.1069
2026-08-20 20:58:43.894,24807.0322
2026-08-20 20:58:44.306,24477.3478
2026-08-20 20:58:44.719,24170.6126
2026-08-20 20:58:45.152,23872.6437
2026-08-20 20:58:45.571,23608.434
2026-08-20 20:58:45.991,23401.2468
2026-08-20 20:58:46.409,23272.4077
2026-08-20 20:58:46.839,23238.5434
2026-08-20 20:58:47.258,23334.1527
2026-08-20 20:58:47.671,23504.692
2026-08-20 20:58:48.092,23741.7625
2026-08-20 20:58:48.509,24022.2782
2026-08-20 20:58:48.922,24320.2196
2026-08-20 20:58:49.335,24629.2233
2026-08-20 20:58:49.747,24865.1647
2026-08-20 20:58:50.161,24610.3444
2026-08-20 20:58:50.588,24285.3127
2026-08-20 20:58:51.025,23989.9308
2026-08-20 20:58:51.440,23699.6054
2026-08-20 20:58:51.864,23469.1326
2026-08-20 20:58:52.276,23309.9228
2026-08-20 20:58:52.691,23229.8609
2026-08-20 20:58:53.122,23219.5134
2026-08-20 20:58:53.548,23219.3617
2026-08-20 20:58:53.961,23219.0707
2026-08-20 20:58:54.375,23218.5192
2026-08-20 20:58:54.787,23218.2592
2026-08-20 20:58:55.222,23217.6945
2026-08-20 20:58:55.644,23217.4071
2026-08-20 20:58:56.057,23217.0447
2026-08-20 20:58:56.470,23217.0197
2026-08-20 20:58:56.882,23216.6452
2026-08-20 20:58:57.296,23216.3871
2026-08-20 20:58:57.708,23221.4596
2026-08-20 20:58:58.146,23294.3044
2026-08-20 20:58:58.558,23448.9558
2026-08-20 20:58:58.977,23665.9264
2026-08-20 20:58:59.393,23761.9909
2026-08-20 20:58:59.808,23522.838
2026-08-20 20:59:00.220,23339.3124
2026-08-20 20:59:00.633,23233.0273
2026-08-20 20:59:01.048,23259.6714
2026-08-20 20:59:01.477,23386.7283
2026-08-20 20:59:01.892,23595.119
2026-08-20 20:59:02.305,23851.0166
2026-08-20 20:59:02.717,24133.3375
2026-08-20 20:59:03.137,24432.8298
2026-08-20 20:59:03.551,24753.6792
2026-08-20 20:59:03.980,24815.3651
2026-08-20 20:59:04.405,24480.949
2026-08-20 20:59:04.822,24165.5283
2026-08-20 20:59:05.236,23875.0568
2026-08-20 20:59:05.650,23613.3773
2026-08-20 20:59:06.081,23406.8899
2026-08-20 20:59:06.507,23273.726
2026-08-20 20:59:06.920,23240.5543
2026-08-20 20:59:07.332,23333.2975
2026-08-20 20:59:07.745,23498.9282
2026-08-20 20:59:08.157,23734.1102
2026-08-20 20:59:08.571,24007.592
2026-08-20 20:59:08.990,24302.118
2026-08-20 20:59:09.466,24656.3851
2026-08-20 20:59:09.877,24863.777
2026-08-20 20:59:10.370,24546.137
2026-08-20 20:59:10.786,24211.6933
2026-08-20 20:59:11.253,23882.7659
2026-08-20 20:59:11.666,23620.2363
2026-08-20 20:59:12.079,23412.252
2026-08-20 20:59:12.493,23281.7708
2026-08-20 20:59:12.909,23225.0075
2026-08-20 20:59:13.328,23223.2765
2026-08-20 20:59:13.741,23223.0002
2026-08-20 20:59:14.176,23222.4857
2026-08-20 20:59:14.603,23222.096
2026-08-20 20:59:15.016,23221.7436
2026-08-20 20:59:15.429,23221.541
2026-08-20 20:59:15.848,23221.829
2026-08-20 20:59:16.274,23222.1409
2026-08-20 20:59:16.688,23222.2713
2026-08-20 20:59:17.102,23222.2938
2026-08-20 20:59:17.514,23222.2472
2026-08-20 20:59:17.941,23240.8897
2026-08-20 20:59:18.354,23343.6736
2026-08-20 20:59:18.767,23513.195
2026-08-20 20:59:19.181,23746.5681
2026-08-20 20:59:19.593,23712.9812
2026-08-20 20:59:20.019,23479.2732
2026-08-20 20:59:20.504,23290.4799
2026-08-20 20:59:20.916,23230.1364
2026-08-20 20:59:21.328,23312.2299
2026-08-20 20:59:21.740,23469.3004
2026-08-20 20:59:22.207,23727.7019
2026-08-20 20:59:22.633,23999.0386
2026-08-20 20:59:23.045,24300.6287
2026-08-20 20:59:23.458,24608.1507
2026-08-20 20:59:23.871,24876.9004
2026-08-20 20:59:24.288,24659.2941
2026-08-20 20:59:24.709,24339.717
2026-08-20 20:59:25.123,24035.5329
2026-08-20 20:59:25.537,23757.7343
2026-08-20 20:59:25.949,23516.9898
2026-08-20 20:59:26.415,23329.4802
2026-08-20 20:59:26.829,23244.0849
2026-08-20 20:59:27.242,23286.5732
2026-08-20 20:59:27.677,23421.2578
2026-08-20 20:59:28.091,23632.7372
2026-08-20 20:59:28.504,23894.0552
2026-08-20 20:59:28.925,24180.6242
2026-08-20 20:59:29.351,24489.7493
2026-08-20 20:59:29.769,24817.1844
2026-08-20 20:59:30.181,24763.5687
2026-08-20 20:59:30.615,24443.5616
2026-08-20 20:59:31.027,24124.5348
2026-08-20 20:59:31.441,23840.2869
2026-08-20 20:59:31.876,23576.5554
2026-08-20 20:59:32.289,23382.3805
2026-08-20 20:59:32.719,23269.385
2026-08-20 20:59:33.136,23230.7747
2026-08-20 20:59:33.548,23231.4726
2026-08-20 20:59:33.961,23231.455
2026-08-20 20:59:34.373,23231.1978
2026-08-20 20:59:34.786,23230.9146
2026-08-20 20:59:35.250,23230.8396
2026-08-20 20:59:35.668,23230.9231
2026-08-20 20:59:36.131,23230.7852
2026-08-20 20:59:36.544,23230.9271
2026-08-20 20:59:36.979,23230.7811
2026-08-20 20:59:37.407,23230.7333
2026-08-20 20:59:37.898,23234.7948
2026-08-20 20:59:38.312,23304.9314
2026-08-20 20:59:38.727,23446.4979
2026-08-20 20:59:39.139,23659.3668
2026-08-20 20:59:39.605,23771.9738
2026-08-20 20:59:40.024,23533.2789
2026-08-20 20:59:40.442,23350.0173
2026-08-20 20:59:40.860,23245.0975
2026-08-20 20:59:41.272,23278.5551
2026-08-20 20:59:41.716,23414.8051
2026-08-20 20:59:42.128,23626.537
2026-08-20 20:59:42.539,23883.7882
2026-08-20 20:59:42.951,24166.8571
2026-08-20 20:59:43.364,24467.5482
2026-08-20 20:59:43.800,24783.5752
2026-08-20 20:59:44.220,24808.1518
2026-08-20 20:59:44.632,24478.3024
2026-08-20 20:59:45.045,24172.781
2026-08-20 20:59:45.461,23885.3687
2026-08-20 20:59:45.927,23593.1078
2026-08-20 20:59:46.351,23398.5624
2026-08-20 20:59:46.765,23277.9331
2026-08-20 20:59:47.177,23261.5025
2026-08-20 20:59:47.590,23361.6741
2026-08-20 20:59:48.017,23535.6513
2026-08-20 20:59:48.430,23784.6506
2026-08-20 20:59:48.844,24062.3047
2026-08-20 20:59:49.254,24358.805
2026-08-20 20:59:49.669,24669.1559
2026-08-20 20:59:50.139,24867.0767
2026-08-20 20:59:50.554,24561.2066
2026-08-20 20:59:50.968,24249.2586
2026-08-20 20:59:51.394,23946.4722
2026-08-20 20:59:51.815,23678.5768
2026-08-20 20:59:52.243,23452.7293
2026-08-20 20:59:52.657,23308.8376
2026-08-20 20:59:53.070,23243.1775
2026-08-20 20:59:53.497,23239.0774
2026-08-20 20:59:53.927,23238.9061
2026-08-20 20:59:54.339,23238.4355
2026-08-20 20:59:54.752,23238.0597
2026-08-20 20:59:55.166,23237.7956
2026-08-20 20:59:55.592,23237.5745
2026-08-20 20:59:56.004,23237.3719
2026-08-20 20:59:56.430,23237.2901
2026-08-20 20:59:56.843,23237.1807
2026-08-20 20:59:57.256,23237.1461
2026-08-20 20:59:57.684,23237.0863
2026-08-20 20:59:58.143,23250.1552
2026-08-20 20:59:58.575,23356.4648
2026-08-20 20:59:58.989,23531.5302
2026-08-20 20:59:59.401,23766.2515
2026-08-20 20:59:59.813,23715.0172
2026-08-20 21:00:00.250,23477.2938
2026-08-20 21:00:00.664,23316.6625
2026-08-20 21:00:01.077,23245.4812
2026-08-20 21:00:01.490,23318.1826
2026-08-20 21:00:01.916,23469.4315
2026-08-20 21:00:02.329,23698.6418
2026-08-20 21:00:02.759,23965.2021
2026-08-20 21:00:03.182,24267.0288
2026-08-20 21:00:03.594,24581.3706
2026-08-20 21:00:04.018,24878.2349
2026-08-20 21:00:04.437,24711.977
2026-08-20 21:00:04.864,24389.0224
2026-08-20 21:00:05.276,24077.6332
2026-08-20 21:00:05.703,23798.2912
2026-08-20 21:00:06.115,23545.4391
2026-08-20 21:00:06.528,23369.8213
2026-08-20 21:00:06.969,23267.8071
2026-08-20 21:00:07.384,23290.3194
2026-08-20 21:00:07.799,23411.4131
2026-08-20 21:00:08.217,23608.4224
2026-08-20 21:00:08.631,23866.1828
2026-08-20 21:00:09.109,24187.9596
2026-08-20 21:00:09.524,24499.1445
2026-08-20 21:00:09.936,24818.2564
2026-08-20 21:00:10.349,24794.1621
2026-08-20 21:00:10.814,24471.1175
2026-08-20 21:00:11.233,24125.5868
2026-08-20 21:00:11.646,23840.6161
2026-08-20 21:00:12.058,23587.0519
2026-08-20 21:00:12.471,23397.1527
2026-08-20 21:00:12.883,23283.7213
2026-08-20 21:00:13.295,23244.2548
2026-08-20 21:00:13.759,23245.1943
2026-08-20 21:00:14.191,23244.5399
2026-08-20 21:00:14.610,23244.3771
2026-08-20 21:00:15.026,23243.998
2026-08-20 21:00:15.440,23243.4485
2026-08-20 21:00:15.871,23243.343
2026-08-20 21:00:16.335,23242.954
2026-08-20 21:00:16.747,23243.1415
2026-08-20 21:00:17.173,23242.8096
2026-08-20 21:00:17.589,23243.0295
2026-08-20 21:00:18.001,23243.48
2026-08-20 21:00:18.444,23297.4784
2026-08-20 21:00:18.858,23438.0934
2026-08-20 21:00:19.271,23642.652
2026-08-20 21:00:19.697,23810.4311
2026-08-20 21:00:20.109,23596.038
2026-08-20 21:00:20.526,23398.4082
2026-08-20 21:00:20.992,23264.6306
2026-08-20 21:00:21.405,23280.2247
2026-08-20 21:00:21.819,23401.8491
2026-08-20 21:00:22.232,23596.3717
2026-08-20 21:00:22.644,23847.5318
2026-08-20 21:00:23.078,24137.5419
2026-08-20 21:00:23.490,24441.875
2026-08-20 21:00:23.918,24766.7474
2026-08-20 21:00:24.336,24860.7611
2026-08-20 21:00:24.749,24541.7682
2026-08-20 21:00:25.173,24232.1407
2026-08-20 21:00:25.588,23933.9152
2026-08-20 21:00:26.001,23667.4047
2026-08-20 21:00:26.433,23447.5289
2026-08-20 21:00:26.848,23311.7362
2026-08-20 21:00:27.267,23264.2282
2026-08-20 21:00:27.692,23347.5187
2026-08-20 21:00:28.108,23510.5253
2026-08-20 21:00:28.520,23743.2243
2026-08-20 21:00:28.953,24024.3965
2026-08-20 21:00:29.366,24322.2732
2026-08-20 21:00:29.778,24631.375
2026-08-20 21:00:30.198,24895.659
2026-08-20 21:00:30.612,24666.0899
2026-08-20 21:00:31.078,24311.056
2026-08-20 21:00:31.490,24014.4314
2026-08-20 21:00:31.906,23740.578
2026-08-20 21:00:32.319,23506.8156
2026-08-20 21:00:32.753,23344.5739
2026-08-20 21:00:33.189,23261.8821
2026-08-20 21:00:33.615,23251.5722
2026-08-20 21:00:34.029,23251.5151
2026-08-20 21:00:34.449,23251.2782
2026-08-20 21:00:34.865,23250.7767
2026-08-20 21:00:35.284,23250.6241
2026-08-20 21:00:35.696,23250.4811
2026-08-20 21:00:36.126,23250.2657
2026-08-20 21:00:36.553,23250.1278
2026-08-20 21:00:36.964,23249.9593
2026-08-20 21:00:37.378,23249.9734
2026-08-20 21:00:37.791,23249.8914
2026-08-20 21:00:38.203,23256.0504
2026-08-20 21:00:38.623,23334.4754
2026-08-20 21:00:39.053,23489.3411
2026-08-20 21:00:39.485,23714.1454
2026-08-20 21:00:39.897,23782.2757
2026-08-20 21:00:40.311,23542.5385
2026-08-20 21:00:40.724,23364.5163
2026-08-20 21:00:41.137,23263.6404
2026-08-20 21:00:41.549,23300.8251
2026-08-20 21:00:41.985,23431.9578
2026-08-20 21:00:42.412,23648.3799
2026-08-20 21:00:42.823,23915.9385
2026-08-20 21:00:43.237,24200.2487
2026-08-20 21:00:43.659,24503.1101
2026-08-20 21:00:44.125,24865.1428
2026-08-20 21:00:44.551,24777.5036
2026-08-20 21:00:44.963,24447.3273
2026-08-20 21:00:45.376,24144.4957
2026-08-20 21:00:45.803,23860.5684
2026-08-20 21:00:46.214,23598.5513
2026-08-20 21:00:46.641,23408.8855
2026-08-20 21:00:47.057,23291.8898
2026-08-20 21:00:47.473,23285.9274
2026-08-20 21:00:47.892,23393.1398
2026-08-20 21:00:48.305,23577.0716
2026-08-20 21:00:48.720,23822.6685
2026-08-20 21:00:49.134,24103.7279
2026-08-20 21:00:49.546,24401.9627
2026-08-20 21:00:49.973,24713.5142
2026-08-20 21:00:50.461,24858.5905
2026-08-20 21:00:50.874,24537.0549
2026-08-20 21:00:51.287,24228.3553
2026-08-20 21:00:51.707,23937.8178
2026-08-20 21:00:52.126,23667.5727
2026-08-20 21:00:52.634,23421.0764
2026-08-20 21:00:53.047,23299.3218
2026-08-20 21:00:53.460,23256.6314
2026-08-20 21:00:53.873,23257.184
2026-08-20 21:00:54.340,23256.6121
2026-08-20 21:00:54.753,23256.349
2026-08-20 21:00:55.165,23255.767
2026-08-20 21:00:55.592,23255.5519
2026-08-20 21:00:56.005,23255.3042
2026-08-20 21:00:56.472,23255.198
2026-08-20 21:00:56.907,23254.9343
2026-08-20 21:00:57.335,23254.8132
2026-08-20 21:00:57.759,23254.6788
2026-08-20 21:00:58.178,23255.0296
2026-08-20 21:00:58.603,23308.9963
2026-08-20 21:00:59.016,23442.414
2026-08-20 21:00:59.430,23643.1827
2026-08-20 21:00:59.854,23825.2641
2026-08-20 21:01:00.266,23619.7003
2026-08-20 21:01:00.693,23413.4514
2026-08-20 21:01:01.106,23289.4836
2026-08-20 21:01:01.571,23289.859
2026-08-20 21:01:01.984,23410.4768
2026-08-20 21:01:02.406,23602.4985
2026-08-20 21:01:02.819,23858.1497
2026-08-20 21:01:03.233,24138.8791
2026-08-20 21:01:03.675,24437.5614
2026-08-20 21:01:04.100,24774.8341
2026-08-20 21:01:04.512,24868.1784
2026-08-20 21:01:04.932,24548.3606
2026-08-20 21:01:05.396,24234.8252
2026-08-20 21:01:05.812,23906.6259
2026-08-20 21:01:06.234,23646.4796
2026-08-20 21:01:06.649,23439.2059
2026-08-20 21:01:07.062,23312.5236
2026-08-20 21:01:07.474,23279.1959
2026-08-20 21:01:07.940,23386.8494
2026-08-20 21:01:08.367,23562.0459
2026-08-20 21:01:08.784,23812.5253
2026-08-20 21:01:09.196,24093.0769
2026-08-20 21:01:09.614,24389.3272
2026-08-20 21:01:10.026,24705.2726
2026-08-20 21:01:10.437,24909.717
2026-08-20 21:01:10.871,24630.3681
2026-08-20 21:01:11.284,24300.8167
2026-08-20 21:01:11.708,24006.2743
2026-08-20 21:01:12.121,23726.8395
2026-08-20 21:01:12.549,23493.2102
2026-08-20 21:01:12.991,23345.0951
2026-08-20 21:01:13.404,23268.1912
2026-08-20 21:01:13.817,23263.1501
2026-08-20 21:01:14.238,23262.9845
2026-08-20 21:01:14.651,23262.7511
2026-08-20 21:01:15.069,23262.648
2026-08-20 21:01:15.533,23262.3104
2026-08-20 21:01:15.961,23261.7439
2026-08-20 21:01:16.381,23261.5686
2026-08-20 21:01:16.794,23261.3783
2026-08-20 21:01:17.206,23261.3492
2026-08-20 21:01:17.619,23261.3354
2026-08-20 21:01:18.033,23261.0616
2026-08-20 21:01:18.455,23273.5975
2026-08-20 21:01:18.898,23365.5226
2026-08-20 21:01:19.310,23540.4348
2026-08-20 21:01:19.723,23771.375
2026-08-20 21:01:20.136,23763.6819
2026-08-20 21:01:20.551,23526.6028
2026-08-20 21:01:21.013,23343.3765
2026-08-20 21:01:21.434,23268.8497
2026-08-20 21:01:21.847,23340.6918
2026-08-20 21:01:22.260,23491.7319
2026-08-20 21:01:22.723,23712.5251
2026-08-20 21:01:23.142,24013.0371
2026-08-20 21:01:23.589,24333.7182
2026-08-20 21:01:24.014,24642.5002
2026-08-20 21:01:24.474,24921.7128
2026-08-20 21:01:24.893,24663.535
2026-08-20 21:01:25.306,24344.1232
2026-08-20 21:01:25.729,24047.2215
2026-08-20 21:01:26.147,23765.0826
2026-08-20 21:01:26.584,23529.0293
2026-08-20 21:01:26.998,23361.1004
2026-08-20 21:01:27.417,23282.2537
2026-08-20 21:01:27.830,23335.6486
2026-08-20 21:01:28.244,23471.6387
2026-08-20 21:01:28.656,23683.7195
2026-08-20 21:01:29.071,23947.3374
2026-08-20 21:01:29.492,24236.0173
2026-08-20 21:01:29.918,24547.321
2026-08-20 21:01:30.334,24874.7698
2026-08-20 21:01:30.746,24794.3605
2026-08-20 21:01:31.159,24473.5135
2026-08-20 21:01:31.583,24168.4768
2026-08-20 21:01:31.997,23875.4389
2026-08-20 21:01:32.436,23620.1602
2026-08-20 21:01:32.861,23418.0332
2026-08-20 21:01:33.288,23304.46
2026-08-20 21:01:33.705,23270.3886
2026-08-20 21:01:34.118,23271.1683
2026-08-20 21:01:34.555,23271.0356
2026-08-20 21:01:34.968,23270.5499
2026-08-20 21:01:35.392,23270.479
2026-08-20 21:01:35.806,23270.4832
2026-08-20 21:01:36.268,23270.2758
2026-08-20 21:01:36.687,23270.2406
2026-08-20 21:01:37.116,23270.1756
2026-08-20 21:01:37.529,23270.1979
2026-08-20 21:01:37.948,23270.1735
2026-08-20 21:01:38.362,23271.0435
2026-08-20 21:01:38.795,23325.1242
2026-08-20 21:01:39.209,23461.5375
2026-08-20 21:01:39.621,23664.4878
2026-08-20 21:01:40.034,23844.5471
2026-08-20 21:01:40.449,23642.8111
2026-08-20 21:01:40.871,23439.7666
2026-08-20 21:01:41.365,23294.8905
2026-08-20 21:01:41.778,23313.0291
2026-08-20 21:01:42.189,23435.683
2026-08-20 21:01:42.601,23630.9482
2026-08-20 21:01:43.066,23916.1343
2026-08-20 21:01:43.481,24201.5405
2026-08-20 21:01:43.906,24504.163
2026-08-20 21:01:44.335,24831.4961
2026-08-20 21:01:44.748,24867.408
2026-08-20 21:01:45.161,24542.4842
2026-08-20 21:01:45.574,24234.1823
2026-08-20 21:01:46.006,23945.0327
2026-08-20 21:01:46.419,23671.1178
2026-08-20 21:01:46.834,23466.5272
2026-08-20 21:01:47.248,23338.389
2026-08-20 21:01:47.669,23302.6149
2026-08-20 21:01:48.081,23395.5459
2026-08-20 21:01:48.494,23560.7821
2026-08-20 21:01:48.960,23830.9772
2026-08-20 21:01:49.373,24109.3073
2026-08-20 21:01:49.800,24417.4544
2026-08-20 21:01:50.213,24730.2671
2026-08-20 21:01:50.639,24937.6102
2026-08-20 21:01:51.057,24648.2807
2026-08-20 21:01:51.474,24330.6188
2026-08-20 21:01:51.914,24032.0115
2026-08-20 21:01:52.343,23732.9324
2026-08-20 21:01:52.756,23511.5061
2026-08-20 21:01:53.182,23366.6735
2026-08-20 21:01:53.593,23294.8935
2026-08-20 21:01:54.051,23290.2799
2026-08-20 21:01:54.472,23290.4328
2026-08-20 21:01:54.898,23290.3277
2026-08-20 21:01:55.324,23290.14
2026-08-20 21:01:55.790,23290.0264
2026-08-20 21:01:56.203,23289.681
2026-08-20 21:01:56.616,23289.7489
2026-08-20 21:01:57.030,23289.8107
2026-08-20 21:01:57.456,23289.8632
2026-08-20 21:01:57.870,23289.9903
2026-08-20 21:01:58.308,23290.0322
2026-08-20 21:01:58.730,23314.6192
2026-08-20 21:01:59.143,23423.4699
2026-08-20 21:01:59.556,23599.7524
2026-08-20 21:01:59.968,23834.1908
2026-08-20 21:02:00.380,23753.8757
2026-08-20 21:02:00.793,23526.4964
2026-08-20 21:02:01.205,23369.7367
2026-08-20 21:02:01.636,23299.2455
2026-08-20 21:02:02.064,23382.138
2026-08-20 21:02:02.478,23540.3835
2026-08-20 21:02:02.889,23768.6215
2026-08-20 21:02:03.316,24037.5267
2026-08-20 21:02:03.729,24339.52
2026-08-20 21:02:04.141,24647.9024
2026-08-20 21:02:04.567,24959.959
2026-08-20 21:02:05.004,25033.5214
2026-08-20 21:02:05.417,25029.2758
2026-08-20 21:02:05.838,25026.1207
2026-08-20 21:02:06.266,25023.5132
2026-08-20 21:02:06.678,25021.2367
2026-08-20 21:02:07.091,25019.5524
2026-08-20 21:02:07.505,25017.7075
2026-08-20 21:02:07.947,25016.3833
2026-08-20 21:02:08.373,25014.8176
2026-08-20 21:02:08.792,25013.3387
2026-08-20 21:02:09.209,25011.9698
2026-08-20 21:02:09.624,25010.7677
2026-08-20 21:02:10.089,25009.6962
2026-08-20 21:02:10.501,25008.658
2026-08-20 21:02:10.928,25007.8724
2026-08-20 21:02:11.341,25006.8413
2026-08-20 21:02:11.752,25006.087
2026-08-20 21:02:12.181,25005.0995
2026-08-20 21:02:12.592,25004.4576
2026-08-20 21:02:13.011,25003.527
2026-08-20 21:02:13.425,25002.9174
2026-08-20 21:02:13.844,25002.4303
2026-08-20 21:02:14.267,25001.6843
2026-08-20 21:02:14.728,25000.9374
2026-08-20 21:02:15.147,24999.9617
2026-08-20 21:02:15.573,24999.5751
2026-08-20 21:02:15.996,24998.5424
2026-08-20 21:02:16.411,24997.8399
2026-08-20 21:02:16.823,24997.1903
2026-08-20 21:02:17.262,24996.6377
2026-08-20 21:02:17.699,24995.7015
2026-08-20 21:02:18.125,24995.1139
2026-08-20 21:02:18.537,24994.6674
2026-08-20 21:02:18.950,24993.9164
2026-08-20 21:02:19.375,24993.5944
2026-08-20 21:02:19.788,24992.7532
2026-08-20 21:02:20.205,24992.2578
2026-08-20 21:02:20.619,24991.8732
2026-08-20 21:02:21.033,24991.0998
2026-08-20 21:02:21.462,24990.891
2026-08-20 21:02:21.926,24990.3294
2026-08-20 21:02:22.345,24989.8757
2026-08-20 21:02:22.785,24989.1709
2026-08-20 21:02:23.206,24989.013
2026-08-20 21:02:23.619,24988.5855
2026-08-20 21:02:24.032,24987.9982
2026-08-20 21:02:24.448,24987.708
2026-08-20 21:02:24.864,24986.9555
2026-08-20 21:02:25.276,24985.9999
2026-08-20 21:02:25.704,24985.1643
2026-08-20 21:02:26.116,24984.6331
2026-08-20 21:02:26.529,24984.1316
2026-08-20 21:02:26.943,24983.819
2026-08-20 21:02:27.355,24983.2946
2026-08-20 21:02:27.769,24983.081
2026-08-20 21:02:28.183,24982.2538
2026-08-20 21:02:28.681,24965.4555
2026-08-20 21:02:29.106,24948.3827
2026-08-20 21:02:29.524,24931.0935
2026-08-20 21:02:29.937,24914.0019
2026-08-20 21:02:30.381,24896.8501
2026-08-20 21:02:30.809,24878.671
2026-08-20 21:02:31.222,24861.8308
2026-08-20 21:02:31.646,24845.0122
2026-08-20 21:02:32.058,24827.9053
2026-08-20 21:02:32.498,24811.4413
2026-08-20 21:02:32.911,24794.2096
2026-08-20 21:02:33.323,24778.0453
2026-08-20 21:02:33.737,24761.7603
2026-08-20 21:02:34.158,24745.3573
2026-08-20 21:02:34.583,24728.6212
2026-08-20 21:02:35.072,24708.7614
2026-08-20 21:02:35.485,24692.4941
2026-08-20 21:02:35.908,24676.419
2026-08-20 21:02:36.320,24659.917
2026-08-20 21:02:36.733,24643.8484
2026-08-20 21:02:37.210,24625.8063
2026-08-20 21:02:37.636,24609.5381
2026-08-20 21:02:38.050,24593.4087
2026-08-20 21:02:38.462,24577.5823
2026-08-20 21:02:38.876,24561.9434
2026-08-20 21:02:39.304,24545.5541
2026-08-20 21:02:39.745,24530.0008
2026-08-20 21:02:40.158,24513.3006
2026-08-20 21:02:40.571,24497.5751
2026-08-20 21:02:40.985,24481.9665
2026-08-20 21:02:41.399,24466.3054
2026-08-20 21:02:41.843,24450.6027
2026-08-20 21:02:42.270,24434.0611
2026-08-20 21:02:42.685,24418.121
2026-08-20 21:02:43.097,24402.6678
2026-08-20 21:02:43.513,24387.4421
2026-08-20 21:02:43.926,24371.808
2026-08-20 21:02:44.338,24356.6129
2026-08-20 21:02:44.753,24341.5312
2026-08-20 21:02:45.178,24326.3203
2026-08-20 21:02:45.645,24309.324
2026-08-20 21:02:46.058,24293.3916
2026-08-20 21:02:46.469,24278.2492
2026-08-20 21:02:46.894,24262.7667
2026-08-20 21:02:47.321,24247.0869
2026-08-20 21:02:47.744,24231.7219
2026-08-20 21:02:48.157,24216.0473
2026-08-20 21:02:48.584,24200.2307
2026-08-20 21:02:48.998,24185.4023
2026-08-20 21:02:49.411,24170.9913
2026-08-20 21:02:49.911,24156.0386
2026-08-20 21:02:50.324,24138.4353
2026-08-20 21:02:50.751,24123.0371
2026-08-20 21:02:51.176,24108.1504
2026-08-20 21:02:51.589,24093.3542
2026-08-20 21:02:52.021,24078.7519
2026-08-20 21:02:52.444,24063.9106
2026-08-20 21:02:52.857,24049.0348
2026-08-20 21:02:53.270,24035.01
2026-08-20 21:02:53.684,24020.4481
2026-08-20 21:02:54.149,24004.3435
2026-08-20 21:02:54.569,23990.0745
2026-08-20 21:02:54.981,23975.7485
2026-08-20 21:02:55.393,23961.3229
2026-08-20 21:02:55.810,23947.5043
2026-08-20 21:02:56.310,23933.3672
2026-08-20 21:02:56.724,23916.4752
2026-08-20 21:02:57.146,23902.6508
2026-08-20 21:02:57.562,23888.8026
2026-08-20 21:02:57.975,23874.9582
2026-08-20 21:02:58.402,23861.5375
2026-08-20 21:02:58.821,23847.3614
2026-08-20 21:02:59.243,23833.6129
2026-08-20 21:02:59.655,23820.0497
2026-08-20 21:03:00.069,23806.8287
2026-08-20 21:03:00.482,23793.4229
2026-08-20 21:03:00.893,23779.8337
2026-08-20 21:03:01.307,23766.7327
2026-08-20 21:03:01.725,23753.7342
2026-08-20 21:03:02.138,23740.5811
2026-08-20 21:03:02.551,23727.3565
2026-08-20 21:03:02.974,23714.7727
2026-08-20 21:03:03.389,23701.59
2026-08-20 21:03:03.803,23689.1468
2026-08-20 21:03:04.215,23676.5486
2026-08-20 21:03:04.685,23664.203
2026-08-20 21:03:05.105,23650.0742
2026-08-20 21:03:05.532,23637.8938
2026-08-20 21:03:05.943,23625.3949
2026-08-20 21:03:06.371,23613.5151
2026-08-20 21:03:06.783,23601.4756
2026-08-20 21:03:07.203,23590.0063
2026-08-20 21:03:07.631,23578.3004
2026-08-20 21:03:08.043,23566.5891
2026-08-20 21:03:08.476,23555.0849
2026-08-20 21:03:08.888,23544.0601
2026-08-20 21:03:09.304,23533.5513
2026-08-20 21:03:09.716,23522.9133
2026-08-20 21:03:10.128,23512.5135
2026-08-20 21:03:10.553,23502.4791
2026-08-20 21:03:10.969,23492.1033
2026-08-20 21:03:11.395,23482.6944
2026-08-20 21:03:11.806,23472.9407
2026-08-20 21:03:12.219,23463.9368
2026-08-20 21:03:12.632,23454.826
2026-08-20 21:03:13.057,23445.9383
2026-08-20 21:03:13.475,23437.2285
2026-08-20 21:03:13.903,23428.7355
2026-08-20 21:03:14.321,23420.4117
2026-08-20 21:03:14.748,23412.4616
2026-08-20 21:03:15.160,23404.3733
2026-08-20 21:03:15.582,23397.034
2026-08-20 21:03:16.009,23389.6432
2026-08-20 21:03:16.441,23382.2735
2026-08-20 21:03:16.870,23375.2009
2026-08-20 21:03:17.317,23367.8076
2026-08-20 21:03:17.780,23360.7638
2026-08-20 21:03:18.206,23354.8352
2026-08-20 21:03:18.621,23348.9027
2026-08-20 21:03:19.033,23343.2769
2026-08-20 21:03:19.446,23337.9014
2026-08-20 21:03:19.874,23332.5261
2026-08-20 21:03:20.306,23327.5616
2026-08-20 21:03:20.739,23322.3269
2026-08-20 21:03:21.151,23317.6846
2026-08-20 21:03:21.564,23313.1803
2026-08-20 21:03:22.026,23308.76
2026-08-20 21:03:22.455,23304.2566
2026-08-20 21:03:22.867,23300.0013
2026-08-20 21:03:23.281,23295.1942
2026-08-20 21:03:23.705,23291.356
2026-08-20 21:03:24.117,23287.7679
2026-08-20 21:03:24.529,23284.7387
2026-08-20 21:03:24.943,23281.4381
2026-08-20 21:03:25.365,23278.488
2026-08-20 21:03:25.793,23275.5217
2026-08-20 21:03:26.209,23272.9273
2026-08-20 21:03:26.637,23270.1974
2026-08-20 21:03:27.053,23267.9106
2026-08-20 21:03:27.493,23265.4667
2026-08-20 21:03:27.906,23263.2977
2026-08-20 21:03:28.327,23262.2523
2026-08-20 21:03:28.741,23263.5104
2026-08-20 21:03:29.153,23264.792
2026-08-20 21:03:29.615,23265.7763
2026-08-20 21:03:30.041,23266.3558
2026-08-20 21:03:30.455,23267.3742
2026-08-20 21:03:30.877,23267.9954
2026-08-20 21:03:31.289,23268.7659
2026-08-20 21:03:31.733,23269.4968
2026-08-20 21:03:32.147,23272.0832
2026-08-20 21:03:32.564,23338.7742
2026-08-20 21:03:32.977,23482.0291
2026-08-20 21:03:33.397,23694.149
2026-08-20 21:03:33.862,23838.2503
2026-08-20 21:03:34.275,23600.0137
2026-08-20 21:03:34.702,23405.0507
2026-08-20 21:03:35.114,23294.5486
2026-08-20 21:03:35.539,23319.9455
2026-08-20 21:03:35.971,23454.2212
2026-08-20 21:03:36.388,23668.9704
2026-08-20 21:03:36.805,23931.854
2026-08-20 21:03:37.221,24221.6514
2026-08-20 21:03:37.634,24528.5301
2026-08-20 21:03:38.063,24847.5891
2026-08-20 21:03:38.555,24825.0937
2026-08-20 21:03:38.967,24495.244
2026-08-20 21:03:39.402,24179.0597
2026-08-20 21:03:39.815,23886.244
2026-08-20 21:03:40.241,23630.4112
2026-08-20 21:03:40.660,23434.1987
2026-08-20 21:03:41.074,23322.2006
2026-08-20 21:03:41.486,23319.5326
2026-08-20 21:03:41.901,23426.2072
2026-08-20 21:03:42.315,23609.6001
2026-08-20 21:03:42.742,23858.6691
2026-08-20 21:03:43.159,24150.9459
2026-08-20 21:03:43.577,24455.5356
2026-08-20 21:03:43.990,24776.1133
2026-08-20 21:03:44.415,24940.9337
2026-08-20 21:03:44.828,24628.5116
2026-08-20 21:03:45.245,24314.4784
2026-08-20 21:03:45.657,24015.4118
2026-08-20 21:03:46.094,23734.8649
2026-08-20 21:03:46.521,23508.8162
2026-08-20 21:03:46.933,23363.8649
2026-08-20 21:03:47.360,23299.8163
2026-08-20 21:03:47.774,23296.0186
2026-08-20 21:03:48.214,23296.141
2026-08-20 21:03:48.627,23295.7641
2026-08-20 21:03:49.040,23295.3175
2026-08-20 21:03:49.452,23294.9718
2026-08-20 21:03:49.864,23294.9753
2026-08-20 21:03:50.275,23294.585
2026-08-20 21:03:50.701,23294.5725
2026-08-20 21:03:51.114,23294.4226
2026-08-20 21:03:51.581,23294.5831
2026-08-20 21:03:52.000,23294.6665
2026-08-20 21:03:52.415,23312.6618
2026-08-20 21:03:52.825,23409.696
2026-08-20 21:03:53.239,23576.0628
2026-08-20 21:03:53.652,23810.3886
2026-08-20 21:03:54.114,23760.412
2026-08-20 21:03:54.546,23524.3429
2026-08-20 21:03:54.962,23368.5854
2026-08-20 21:03:55.388,23302.9686
2026-08-20 21:03:55.800,23383.8112
2026-08-20 21:03:56.213,23540.5278
2026-08-20 21:03:56.626,23768.2372
2026-08-20 21:03:57.050,24039.0224
2026-08-20 21:03:57.463,24340.9597
2026-08-20 21:03:57.876,24649.9073
2026-08-20 21:03:58.299,24951.3029
2026-08-20 21:03:58.712,24781.5433
2026-08-20 21:03:59.140,24449.32
2026-08-20 21:03:59.552,24146.1498
2026-08-20 21:03:59.998,23863.4352
2026-08-20 21:04:00.425,23597.5255
2026-08-20 21:04:00.838,23419.5762
2026-08-20 21:04:01.265,23324.9839
2026-08-20 21:04:01.678,23355.7717
2026-08-20 21:04:02.119,23478.116
2026-08-20 21:04:02.531,23693.9103
2026-08-20 21:04:02.942,23954.9754
2026-08-20 21:04:03.355,24243.0108
2026-08-20 21:04:03.766,24547.8398
2026-08-20 21:04:04.203,24878.8274
2026-08-20 21:04:04.629,24880.0505
2026-08-20 21:04:05.088,24511.6575
2026-08-20 21:04:05.500,24201.7565
2026-08-20 21:04:05.926,23915.1418
2026-08-20 21:04:06.339,23650.1734
2026-08-20 21:04:06.758,23459.4647
2026-08-20 21:04:07.185,23346.2311
2026-08-20 21:04:07.597,23309.5727
2026-08-20 21:04:08.027,23310.4823
2026-08-20 21:04:08.439,23310.1883
2026-08-20 21:04:08.859,23309.972
2026-08-20 21:04:09.272,23309.7864
2026-08-20 21:04:09.690,23309.3117
2026-08-20 21:04:10.103,23309.1281
2026-08-20 21:04:10.527,23309.2294
2026-08-20 21:04:10.941,23308.9734
2026-08-20 21:04:11.359,23309.1646
2026-08-20 21:04:11.787,23309.2378
2026-08-20 21:04:12.200,23309.0028
2026-08-20 21:04:12.613,23346.0045
2026-08-20 21:04:13.026,23461.3032
2026-08-20 21:04:13.490,23647.0031
2026-08-20 21:04:13.923,23881.3144
2026-08-20 21:04:14.337,23693.1175
2026-08-20 21:04:14.751,23484.7916
2026-08-20 21:04:15.164,23353.6345
2026-08-20 21:04:15.577,23326.5908
2026-08-20 21:04:15.989,23429.9226
2026-08-20 21:04:16.411,23604.6771
2026-08-20 21:04:16.846,23851.5372
2026-08-20 21:04:17.258,24144.5062
2026-08-20 21:04:17.684,24443.2765
2026-08-20 21:04:18.099,24767.1465
2026-08-20 21:04:18.513,24976.4649
2026-08-20 21:04:18.926,24693.9079
2026-08-20 21:04:19.435,24314.2814
2026-08-20 21:04:19.861,24013.1843
2026-08-20 21:04:20.274,23736.019
2026-08-20 21:04:20.688,23521.9254
2026-08-20 21:04:21.101,23384.9202
2026-08-20 21:04:21.514,23332.6429
2026-08-20 21:04:21.927,23408.7656
2026-08-20 21:04:22.396,23560.0877
2026-08-20 21:04:22.828,23825.2194
2026-08-20 21:04:23.242,24111.3797
2026-08-20 21:04:23.655,24409.7308
2026-08-20 21:04:24.068,24723.0125
2026-08-20 21:04:24.483,24981.9216
2026-08-20 21:04:24.895,24742.2224
2026-08-20 21:04:25.310,24424.1993
2026-08-20 21:04:25.751,24121.7274
2026-08-20 21:04:26.163,23823.3877
2026-08-20 21:04:26.581,23586.9747
2026-08-20 21:04:26.999,23422.8287
2026-08-20 21:04:27.411,23335.7917
2026-08-20 21:04:27.824,23322.439
2026-08-20 21:04:28.235,23322.4416
2026-08-20 21:04:28.647,23321.8864
2026-08-20 21:04:29.060,23321.6916
2026-08-20 21:04:29.521,23321.3022
2026-08-20 21:04:29.935,23320.9634
2026-08-20 21:04:30.352,23320.549
2026-08-20 21:04:30.771,23320.4888
2026-08-20 21:04:31.197,23320.3861
2026-08-20 21:04:31.610,23320.1583
2026-08-20 21:04:32.022,23320.1956
2026-08-20 21:04:32.456,23323.4334
2026-08-20 21:04:32.877,23395.33
2026-08-20 21:04:33.304,23541.2043
2026-08-20 21:04:33.717,23763.9637
2026-08-20 21:04:34.130,23872.7571
2026-08-20 21:04:34.573,23636.0664
2026-08-20 21:04:34.999,23439.2724
2026-08-20 21:04:35.410,23334.1713
2026-08-20 21:04:35.830,23369.3288
2026-08-20 21:04:36.243,23501.9938
2026-08-20 21:04:36.656,23706.6764
2026-08-20 21:04:37.079,23965.3745
2026-08-20 21:04:37.512,24259.8324
2026-08-20 21:04:37.925,24579.5299
2026-08-20 21:04:38.337,24898.9992
2026-08-20 21:04:38.758,24918.1305
2026-08-20 21:04:39.172,24583.9364
2026-08-20 21:04:39.584,24274.3153
2026-08-20 21:04:40.050,23984.1911
2026-08-20 21:04:40.479,23680.8897
2026-08-20 21:04:40.892,23486.5778
2026-08-20 21:04:41.320,23370.3845
2026-08-20 21:04:41.737,23356.3903
2026-08-20 21:04:42.164,23460.1939
2026-08-20 21:04:42.578,23646.3264
2026-08-20 21:04:42.994,23893.0013
2026-08-20 21:04:43.408,24177.2044
2026-08-20 21:04:43.821,24478.283
2026-08-20 21:04:44.233,24793.576
2026-08-20 21:04:44.646,24985.3435
2026-08-20 21:04:45.069,24694.4612
2026-08-20 21:04:45.482,24371.6406
2026-08-20 21:04:45.897,24075.131
2026-08-20 21:04:46.318,23799.1158
2026-08-20 21:04:46.734,23567.341
2026-08-20 21:04:47.161,23416.9462
2026-08-20 21:04:47.578,23341.1208
2026-08-20 21:04:47.989,23334.5408
2026-08-20 21:04:48.425,23334.2203
2026-08-20 21:04:48.856,23333.9371
2026-08-20 21:04:49.268,23333.8159
2026-08-20 21:04:49.682,23333.2782
2026-08-20 21:04:50.094,23333.345
2026-08-20 21:04:50.516,23333.1228
2026-08-20 21:04:50.932,23333.0084
2026-08-20 21:04:51.345,23332.7402
2026-08-20 21:04:51.775,23332.9014
2026-08-20 21:04:52.203,23332.7429
2026-08-20 21:04:52.619,23341.6786
2026-08-20 21:04:53.047,23424.9555
2026-08-20 21:04:53.458,23584.4996
2026-08-20 21:04:53.879,23809.0519
2026-08-20 21:04:54.300,23859.3981
2026-08-20 21:04:54.712,23613.2445
2026-08-20 21:04:55.135,23439.7958
2026-08-20 21:04:55.549,23343.5427
2026-08-20 21:04:55.975,23389.8182
2026-08-20 21:04:56.452,23553.2974
2026-08-20 21:04:56.868,23779.3059
2026-08-20 21:04:57.280,24049.2063
2026-08-20 21:04:57.708,24340.0609
2026-08-20 21:04:58.121,24659.0428
2026-08-20 21:04:58.567,24977.9081
2026-08-20 21:04:58.980,24827.8763
2026-08-20 21:04:59.393,24506.203
2026-08-20 21:04:59.809,24201.4025
2026-08-20 21:05:00.236,23915.3544
2026-08-20 21:05:00.648,23656.6061
2026-08-20 21:05:01.061,23475.1838
2026-08-20 21:05:01.560,23369.8293
2026-08-20 21:05:01.975,23395.1867
2026-08-20 21:05:02.403,23526.4149
2026-08-20 21:05:02.838,23740.9662
2026-08-20 21:05:03.251,24007.9487
2026-08-20 21:05:03.669,24298.1502
2026-08-20 21:05:04.083,24608.5686
2026-08-20 21:05:04.495,24929.485
2026-08-20 21:05:04.906,24902.9151
2026-08-20 21:05:05.320,24578.5441
2026-08-20 21:05:05.731,24270.1276
2026-08-20 21:05:06.146,23980.745
2026-08-20 21:05:06.568,23718.5139
2026-08-20 21:05:07.038,23494.8276
2026-08-20 21:05:07.457,23380.8905
2026-08-20 21:05:07.871,23344.1213
2026-08-20 21:05:08.299,23344.8624
2026-08-20 21:05:08.712,23344.1397
2026-08-20 21:05:09.125,23343.796
2026-08-20 21:05:09.553,23343.0665
2026-08-20 21:05:09.970,23342.8926
2026-08-20 21:05:10.382,23342.4083
2026-08-20 21:05:10.816,23342.1267
2026-08-20 21:05:11.244,23341.9991
2026-08-20 21:05:11.661,23341.7699
2026-08-20 21:05:12.079,23341.663
2026-08-20 21:05:12.492,23341.5341
2026-08-20 21:05:12.905,23341.5774
2026-08-20 21:05:13.321,23341.3435
2026-08-20 21:05:13.739,23341.4597
2026-08-20 21:05:14.201,23341.5156
2026-08-20 21:05:14.632,23341.4824
2026-08-20 21:05:15.056,23341.775
2026-08-20 21:05:15.477,23341.9912
2026-08-20 21:05:15.890,23342.1939
2026-08-20 21:05:16.304,23342.2696
2026-08-20 21:05:16.734,23342.4883
2026-08-20 21:05:17.148,23342.738
2026-08-20 21:05:17.575,23342.645
2026-08-20 21:05:17.986,23342.9588
2026-08-20 21:05:18.405,23343.3275
2026-08-20 21:05:18.818,23343.6548
2026-08-20 21:05:19.231,23344.0157
