Address,GPIB0::22::INSTR
Model,34461A
Serial Number:,MY60051737
Firmware Version,A.03.03-03.15-03.03-00.52-04-03
Start Time,2026-08-20 21:32:24.639
Stop Time,2026-08-20 22:08:09.237
,
Time (s),Channel 1 (Ω)
2026-08-20 21:32:25.120,23437.4645
2026-08-20 21:32:25.532,23437.6074
2026-08-20 21:32:25.947,23437.3456
2026-08-20 21:32:26.375,23437.3141
2026-08-20 21:32:26.805,23437.4537
2026-08-20 21:32:27.217,23437.1997
2026-08-20 21:32:27.630,23437.3264
2026-08-20 21:32:28.054,23437.039
2026-08-20 21:32:28.467,23437.2794
2026-08-20 21:32:28.900,23437.2598
2026-08-20 21:32:29.322,23437.1296
2026-08-20 21:32:29.752,23436.8062
2026-08-20 21:32:30.182,23437.0936
2026-08-20 21:32:30.602,23437.0258
2026-08-20 21:32:31.028,23437.1417
2026-08-20 21:32:31.441,23437.1368
2026-08-20 21:32:31.854,23437.2929
2026-08-20 21:32:32.280,23437.3094
2026-08-20 21:32:32.693,23437.3989
2026-08-20 21:32:33.109,23437.5507
2026-08-20 21:32:33.523,23437.5784
2026-08-20 21:32:33.936,23437.597
2026-08-20 21:32:34.349,23437.8963
2026-08-20 21:32:34.764,23437.9516
2026-08-20 21:32:35.182,23438.0485
2026-08-20 21:32:35.610,23438.1921
2026-08-20 21:32:36.023,23438.4596
2026-08-20 21:32:36.446,23438.5751
2026-08-20 21:32:36.860,23438.7289
2026-08-20 21:32:37.273,23438.8327
2026-08-20 21:32:37.733,23438.9943
2026-08-20 21:32:38.146,23489.8236
2026-08-20 21:32:38.571,23634.3168
2026-08-20 21:32:38.983,23851.8847
2026-08-20 21:32:39.419,24125.0419
2026-08-20 21:32:39.835,24423.9891
2026-08-20 21:32:40.253,24739.3705
2026-08-20 21:32:40.666,25071.9067
2026-08-20 21:32:41.088,25185.8559
2026-08-20 21:32:41.507,24846.2844
2026-08-20 21:32:41.936,24516.6077
2026-08-20 21:32:42.349,24199.1071
2026-08-20 21:32:42.763,23921.0447
2026-08-20 21:32:43.190,23685.7041
2026-08-20 21:32:43.604,23532.2281
2026-08-20 21:32:44.043,23472.701
2026-08-20 21:32:44.455,23577.5008
2026-08-20 21:32:44.868,23757.058
2026-08-20 21:32:45.294,24003.6584
2026-08-20 21:32:45.707,23995.4294
2026-08-20 21:32:46.142,23736.2879
2026-08-20 21:32:46.555,23554.2567
2026-08-20 21:32:46.967,23459.4501
2026-08-20 21:32:47.380,23527.6181
2026-08-20 21:32:47.848,23686.8417
2026-08-20 21:32:48.276,23961.0183
2026-08-20 21:32:48.688,24028.5563
2026-08-20 21:32:49.101,23773.1331
2026-08-20 21:32:49.536,23572.5553
2026-08-20 21:32:49.955,23458.1621
2026-08-20 21:32:50.383,23506.622
2026-08-20 21:32:50.795,23664.2125
2026-08-20 21:32:51.208,23889.2765
2026-08-20 21:32:51.631,24163.8292
2026-08-20 21:32:52.043,24470.9053
2026-08-20 21:32:52.464,24787.9353
2026-08-20 21:32:52.876,25126.7045
2026-08-20 21:32:53.289,25107.0884
2026-08-20 21:32:53.703,24767.3117
2026-08-20 21:32:54.117,24444.5997
2026-08-20 21:32:54.588,24105.0999
2026-08-20 21:32:55.003,23833.1089
2026-08-20 21:32:55.428,23623.8566
2026-08-20 21:32:55.846,23489.7089
2026-08-20 21:32:56.258,23443.2595
2026-08-20 21:32:56.672,23443.0954
2026-08-20 21:32:57.100,23442.0959
2026-08-20 21:32:57.524,23441.2351
2026-08-20 21:32:57.951,23440.304
2026-08-20 21:32:58.363,23439.6291
2026-08-20 21:32:58.795,23438.7146
2026-08-20 21:32:59.210,23438.0851
2026-08-20 21:32:59.622,23437.3529
2026-08-20 21:33:00.035,23436.8847
2026-08-20 21:33:00.464,23436.5527
2026-08-20 21:33:00.891,23436.262
2026-08-20 21:33:01.312,23485.1391
2026-08-20 21:33:01.725,23625.3534
2026-08-20 21:33:02.136,23833.2318
2026-08-20 21:33:02.597,24095.9292
2026-08-20 21:33:03.015,24429.0432
2026-08-20 21:33:03.441,24744.124
2026-08-20 21:33:03.854,25084.4318
2026-08-20 21:33:04.266,25138.647
2026-08-20 21:33:04.691,24799.0226
2026-08-20 21:33:05.104,24465.2511
2026-08-20 21:33:05.523,24160.5081
2026-08-20 21:33:05.940,23879.9936
2026-08-20 21:33:06.354,23654.7716
2026-08-20 21:33:06.781,23504.1928
2026-08-20 21:33:07.200,23458.2633
2026-08-20 21:33:07.612,23559.6394
2026-08-20 21:33:08.024,23736.3593
2026-08-20 21:33:08.438,23983.8288
2026-08-20 21:33:08.850,23964.2693
2026-08-20 21:33:09.263,23714.9579
2026-08-20 21:33:09.762,23510.5709
2026-08-20 21:33:10.180,23442.3847
2026-08-20 21:33:10.597,23533.1648
2026-08-20 21:33:11.010,23706.4874
2026-08-20 21:33:11.442,23948.9565
2026-08-20 21:33:11.855,23984.3318
2026-08-20 21:33:12.282,23721.4467
2026-08-20 21:33:12.694,23538.4369
2026-08-20 21:33:13.106,23437.7701
2026-08-20 21:33:13.549,23495.5301
2026-08-20 21:33:13.961,23662.8819
2026-08-20 21:33:14.381,23893.6468
2026-08-20 21:33:14.808,24176.1529
2026-08-20 21:33:15.222,24489.5959
2026-08-20 21:33:15.660,24810.219
2026-08-20 21:33:16.083,25155.0082
2026-08-20 21:33:16.499,25018.9071
2026-08-20 21:33:16.912,24680.4723
2026-08-20 21:33:17.326,24361.3504
2026-08-20 21:33:17.770,24062.6226
2026-08-20 21:33:18.182,23778.9775
2026-08-20 21:33:18.595,23582.5599
2026-08-20 21:33:19.007,23462.9617
2026-08-20 21:33:19.420,23427.0782
2026-08-20 21:33:19.897,23426.6272
2026-08-20 21:33:20.309,23425.7283
2026-08-20 21:33:20.744,23424.8669
2026-08-20 21:33:21.160,23423.9938
2026-08-20 21:33:21.573,23423.1695
2026-08-20 21:33:22.004,23422.4431
2026-08-20 21:33:22.418,23421.9562
2026-08-20 21:33:22.833,23421.2756
2026-08-20 21:33:23.257,23421.0181
2026-08-20 21:33:23.670,23420.4499
2026-08-20 21:33:24.084,23421.0882
2026-08-20 21:33:24.511,23489.5976
2026-08-20 21:33:24.936,23637.548
2026-08-20 21:33:25.354,23863.5039
2026-08-20 21:33:25.772,24138.3657
2026-08-20 21:33:26.189,24444.994
2026-08-20 21:33:26.616,24762.4099
2026-08-20 21:33:27.032,25106.507
2026-08-20 21:33:27.445,25081.6918
2026-08-20 21:33:27.857,24742.1425
2026-08-20 21:33:28.293,24419.7061
2026-08-20 21:33:28.707,24100.2117
2026-08-20 21:33:29.119,23827.7948
2026-08-20 21:33:29.555,23609.595
2026-08-20 21:33:29.970,23474.6497
2026-08-20 21:33:30.393,23451.3912
2026-08-20 21:33:30.806,23566.2771
2026-08-20 21:33:31.230,23755.9426
2026-08-20 21:33:31.657,24007.7557
2026-08-20 21:33:32.069,23889.2585
2026-08-20 21:33:32.492,23653.9348
2026-08-20 21:33:32.908,23490.8617
2026-08-20 21:33:33.323,23428.4418
2026-08-20 21:33:33.749,23521.9584
2026-08-20 21:33:34.161,23701.0061
2026-08-20 21:33:34.601,23946.055
2026-08-20 21:33:35.023,23964.7976
2026-08-20 21:33:35.436,23704.5663
2026-08-20 21:33:35.853,23522.4252
2026-08-20 21:33:36.265,23423.3039
2026-08-20 21:33:36.697,23482.3469
2026-08-20 21:33:37.112,23644.124
2026-08-20 21:33:37.524,23875.7611
2026-08-20 21:33:37.951,24162.8164
2026-08-20 21:33:38.366,24467.0457
2026-08-20 21:33:38.805,24800.7444
2026-08-20 21:33:39.219,25138.3953
2026-08-20 21:33:39.646,25025.5672
2026-08-20 21:33:40.060,24676.5199
2026-08-20 21:33:40.473,24355.9613
2026-08-20 21:33:40.911,24055.8642
2026-08-20 21:33:41.339,23773.4421
2026-08-20 21:33:41.753,23567.226
2026-08-20 21:33:42.179,23447.7882
2026-08-20 21:33:42.593,23411.9159
2026-08-20 21:33:43.013,23411.7662
2026-08-20 21:33:43.430,23410.6842
2026-08-20 21:33:43.845,23409.8636
2026-08-20 21:33:44.260,23408.9293
2026-08-20 21:33:44.686,23408.2173
2026-08-20 21:33:45.119,23407.5944
2026-08-20 21:33:45.531,23406.8948
2026-08-20 21:33:45.958,23406.3232
2026-08-20 21:33:46.382,23405.7862
2026-08-20 21:33:46.794,23405.1776
2026-08-20 21:33:47.241,23405.3028
2026-08-20 21:33:47.654,23469.2277
2026-08-20 21:33:48.068,23613.9973
2026-08-20 21:33:48.480,23830.894
2026-08-20 21:33:48.900,24100.0939
2026-08-20 21:33:49.330,24403.7448
2026-08-20 21:33:49.757,24734.8538
2026-08-20 21:33:50.170,25078.63
2026-08-20 21:33:50.596,25105.3807
2026-08-20 21:33:51.009,24751.9492
2026-08-20 21:33:51.438,24427.2576
2026-08-20 21:33:51.865,24101.4419
2026-08-20 21:33:52.282,23826.4132
2026-08-20 21:33:52.696,23607.6487
2026-08-20 21:33:53.131,23465.5992
2026-08-20 21:33:53.556,23433.3091
2026-08-20 21:33:53.969,23544.0299
2026-08-20 21:33:54.395,23729.6357
2026-08-20 21:33:54.818,23985.5435
2026-08-20 21:33:55.230,23886.6098
2026-08-20 21:33:55.659,23640.6887
2026-08-20 21:33:56.071,23479.7913
2026-08-20 21:33:56.484,23411.3747
2026-08-20 21:33:56.909,23495.9146
2026-08-20 21:33:57.332,23667.5888
2026-08-20 21:33:57.751,23914.9029
2026-08-20 21:33:58.179,23964.1074
2026-08-20 21:33:58.592,23698.8049
2026-08-20 21:33:59.006,23512.7601
2026-08-20 21:33:59.417,23409.4696
2026-08-20 21:33:59.857,23458.1295
2026-08-20 21:34:00.271,23616.8299
2026-08-20 21:34:00.684,23843.6844
2026-08-20 21:34:01.098,24120.7013
2026-08-20 21:34:01.510,24422.7393
2026-08-20 21:34:01.938,24741.4851
2026-08-20 21:34:02.418,25132.7666
2026-08-20 21:34:02.831,24999.1157
2026-08-20 21:34:03.244,24661.3445
2026-08-20 21:34:03.673,24329.1749
2026-08-20 21:34:04.103,24029.5599
2026-08-20 21:34:04.523,23753.6967
2026-08-20 21:34:04.936,23552.2166
2026-08-20 21:34:05.347,23433.8673
2026-08-20 21:34:05.808,23398.3948
2026-08-20 21:34:06.241,23398.1839
2026-08-20 21:34:06.667,23397.256
2026-08-20 21:34:07.084,23396.4679
2026-08-20 21:34:07.551,23395.3104
2026-08-20 21:34:07.964,23394.7117
2026-08-20 21:34:08.377,23393.755
2026-08-20 21:34:08.798,23392.983
2026-08-20 21:34:09.211,23392.3614
2026-08-20 21:34:09.646,23391.7644
2026-08-20 21:34:10.071,23391.2197
2026-08-20 21:34:10.486,23394.8257
2026-08-20 21:34:10.902,23472.1045
2026-08-20 21:34:11.315,23628.118
2026-08-20 21:34:11.752,23855.3051
2026-08-20 21:34:12.177,24146.9921
2026-08-20 21:34:12.605,24459.0444
2026-08-20 21:34:13.018,24791.7278
2026-08-20 21:34:13.442,25120.2957
2026-08-20 21:34:13.867,24995.9734
2026-08-20 21:34:14.281,24648.1104
2026-08-20 21:34:14.692,24327.9835
2026-08-20 21:34:15.107,24028.9492
2026-08-20 21:34:15.519,23760.6114
2026-08-20 21:34:15.930,23558.6637
2026-08-20 21:34:16.348,23432.9913
2026-08-20 21:34:16.761,23423.6321
2026-08-20 21:34:17.179,23542.5792
2026-08-20 21:34:17.606,23737.4512
2026-08-20 21:34:18.033,23984.8294
2026-08-20 21:34:18.496,23803.7392
2026-08-20 21:34:18.920,23581.0661
2026-08-20 21:34:19.334,23433.8741
2026-08-20 21:34:19.747,23399.5609
2026-08-20 21:34:20.159,23508.4315
2026-08-20 21:34:20.587,23693.2711
2026-08-20 21:34:21.001,23953.0535
2026-08-20 21:34:21.414,23883.9226
2026-08-20 21:34:21.827,23637.8756
2026-08-20 21:34:22.239,23466.8858
2026-08-20 21:34:22.652,23384.7881
2026-08-20 21:34:23.118,23459.6752
2026-08-20 21:34:23.572,23663.4078
2026-08-20 21:34:24.048,23952.1465
2026-08-20 21:34:24.461,24250.8587
2026-08-20 21:34:24.876,24562.0268
2026-08-20 21:34:25.294,24891.1025
2026-08-20 21:34:25.708,25138.6636
2026-08-20 21:34:26.130,24862.2969
2026-08-20 21:34:26.548,24518.8318
2026-08-20 21:34:26.961,24205.2131
2026-08-20 21:34:27.386,23914.4203
2026-08-20 21:34:27.804,23659.0517
2026-08-20 21:34:28.230,23484.6459
2026-08-20 21:34:28.653,23388.8826
2026-08-20 21:34:29.080,23376.0054
2026-08-20 21:34:29.494,23375.2964
2026-08-20 21:34:29.914,23374.1568
2026-08-20 21:34:30.327,23373.3293
2026-08-20 21:34:30.765,23372.5838
2026-08-20 21:34:31.178,23371.6846
2026-08-20 21:34:31.592,23370.8582
2026-08-20 21:34:32.004,23370.146
2026-08-20 21:34:32.418,23369.7473
2026-08-20 21:34:32.831,23368.9806
2026-08-20 21:34:33.249,23368.277
2026-08-20 21:34:33.677,23373.4056
2026-08-20 21:34:34.102,23459.7248
2026-08-20 21:34:34.519,23626.4788
2026-08-20 21:34:34.933,23862.346
2026-08-20 21:34:35.353,24142.3037
2026-08-20 21:34:35.766,24451.5967
2026-08-20 21:34:36.183,24773.3156
2026-08-20 21:34:36.596,25101.3895
2026-08-20 21:34:37.023,24954.9836
2026-08-20 21:34:37.436,24617.3533
2026-08-20 21:34:37.850,24297.8751
2026-08-20 21:34:38.270,23997.9409
2026-08-20 21:34:38.696,23728.0951
2026-08-20 21:34:39.110,23524.0069
2026-08-20 21:34:39.523,23404.5314
2026-08-20 21:34:39.943,23408.5686
2026-08-20 21:34:40.355,23533.3609
2026-08-20 21:34:40.821,23764.3905
2026-08-20 21:34:41.232,23971.2544
2026-08-20 21:34:41.645,23773.6484
2026-08-20 21:34:42.063,23553.0547
2026-08-20 21:34:42.477,23410.5338
2026-08-20 21:34:42.907,23380.1831
2026-08-20 21:34:43.331,23496.9537
2026-08-20 21:34:43.743,23693.3986
2026-08-20 21:34:44.171,23948.4174
2026-08-20 21:34:44.584,23838.1225
2026-08-20 21:34:45.006,23597.321
2026-08-20 21:34:45.420,23430.848
2026-08-20 21:34:45.839,23363.5536
2026-08-20 21:34:46.251,23453.967
2026-08-20 21:34:46.668,23624.976
2026-08-20 21:34:47.144,23905.1515
2026-08-20 21:34:47.558,24201.3363
2026-08-20 21:34:47.971,24512.5719
2026-08-20 21:34:48.398,24849.9418
2026-08-20 21:34:48.831,25117.4704
2026-08-20 21:34:49.258,24848.4608
2026-08-20 21:34:49.669,24505.3891
2026-08-20 21:34:50.081,24192.8776
2026-08-20 21:34:50.495,23901.2412
2026-08-20 21:34:50.907,23649.9711
2026-08-20 21:34:51.349,23473.471
2026-08-20 21:34:51.777,23368.3364
2026-08-20 21:34:52.188,23356.0176
2026-08-20 21:34:52.601,23355.3641
2026-08-20 21:34:53.025,23354.4032
2026-08-20 21:34:53.441,23353.3499
2026-08-20 21:34:53.854,23352.4617
2026-08-20 21:34:54.267,23351.6582
2026-08-20 21:34:54.686,23350.8477
2026-08-20 21:34:55.146,23350.1097
2026-08-20 21:34:55.564,23349.4355
2026-08-20 21:34:55.989,23348.8419
2026-08-20 21:34:56.417,23348.2634
2026-08-20 21:34:56.831,23356.5746
2026-08-20 21:34:57.245,23446.7377
2026-08-20 21:34:57.658,23611.9584
2026-08-20 21:34:58.071,23847.5064
2026-08-20 21:34:58.503,24137.6364
2026-08-20 21:34:58.932,24457.575
2026-08-20 21:34:59.357,24780.664
2026-08-20 21:34:59.769,25098.2456
2026-08-20 21:35:00.181,24912.5568
2026-08-20 21:35:00.627,24565.0452
2026-08-20 21:35:01.046,24234.0208
2026-08-20 21:35:01.463,23933.3878
2026-08-20 21:35:01.877,23672.9598
2026-08-20 21:35:02.303,23485.3196
2026-08-20 21:35:02.721,23372.2901
2026-08-20 21:35:03.133,23402.3556
2026-08-20 21:35:03.546,23533.502
2026-08-20 21:35:03.962,23744.7709
2026-08-20 21:35:04.374,23949.0172
2026-08-20 21:35:04.801,23737.3839
2026-08-20 21:35:05.214,23520.882
2026-08-20 21:35:05.627,23384.6052
2026-08-20 21:35:06.058,23363.1146
2026-08-20 21:35:06.474,23483.7707
2026-08-20 21:35:06.888,23680.3237
2026-08-20 21:35:07.301,23926.53
2026-08-20 21:35:07.712,23810.1994
2026-08-20 21:35:08.145,23565.1892
2026-08-20 21:35:08.558,23403.9103
2026-08-20 21:35:08.979,23341.6521
2026-08-20 21:35:09.400,23434.7813
2026-08-20 21:35:09.813,23611.4538
2026-08-20 21:35:10.225,23856.8499
2026-08-20 21:35:10.651,24141.9319
2026-08-20 21:35:11.067,24459.5863
2026-08-20 21:35:11.486,24786.5134
2026-08-20 21:35:11.910,25089.3454
2026-08-20 21:35:12.323,24874.0827
2026-08-20 21:35:12.736,24539.3171
2026-08-20 21:35:13.169,24210.9464
2026-08-20 21:35:13.583,23911.677
2026-08-20 21:35:13.995,23653.2267
2026-08-20 21:35:14.412,23466.3245
2026-08-20 21:35:14.826,23356.9418
2026-08-20 21:35:15.287,23331.9021
2026-08-20 21:35:15.704,23331.3519
2026-08-20 21:35:16.117,23330.1312
2026-08-20 21:35:16.542,23329.2724
2026-08-20 21:35:16.957,23328.0956
2026-08-20 21:35:17.368,23327.3318
2026-08-20 21:35:17.787,23326.3008
2026-08-20 21:35:18.202,23325.4532
2026-08-20 21:35:18.618,23324.5103
2026-08-20 21:35:19.046,23323.914
2026-08-20 21:35:19.463,23323.1733
2026-08-20 21:35:19.891,23324.882
2026-08-20 21:35:20.309,23398.5218
2026-08-20 21:35:20.724,23551.1038
2026-08-20 21:35:21.136,23776.31
2026-08-20 21:35:21.550,24049.9735
2026-08-20 21:35:22.024,24387.4319
2026-08-20 21:35:22.440,24718.6924
2026-08-20 21:35:22.853,25049.059
2026-08-20 21:35:23.265,24933.0409
2026-08-20 21:35:23.693,24594.8608
2026-08-20 21:35:24.110,24262.133
2026-08-20 21:35:24.524,23958.9793
2026-08-20 21:35:24.950,23691.0601
2026-08-20 21:35:25.370,23483.9291
2026-08-20 21:35:25.784,23360.2485
2026-08-20 21:35:26.196,23352.6909
2026-08-20 21:35:26.610,23466.3188
2026-08-20 21:35:27.040,23656.6677
2026-08-20 21:35:27.466,23907.3016
2026-08-20 21:35:27.879,23769.053
2026-08-20 21:35:28.299,23536.4286
2026-08-20 21:35:28.711,23380.1852
2026-08-20 21:35:29.140,23326.1363
2026-08-20 21:35:29.554,23424.0134
2026-08-20 21:35:29.966,23600.288
2026-08-20 21:35:30.377,23846.2883
2026-08-20 21:35:30.803,23845.5504
2026-08-20 21:35:31.243,23592.3338
2026-08-20 21:35:31.656,23403.2379
2026-08-20 21:35:32.070,23315.8379
2026-08-20 21:35:32.506,23389.2111
2026-08-20 21:35:32.920,23553.7699
2026-08-20 21:35:33.349,23789.5538
2026-08-20 21:35:33.766,24082.7427
2026-08-20 21:35:34.178,24391.6083
2026-08-20 21:35:34.613,24725.1522
2026-08-20 21:35:35.025,25047.4119
2026-08-20 21:35:35.438,24885.5826
2026-08-20 21:35:35.851,24547.8509
2026-08-20 21:35:36.272,24228.1441
2026-08-20 21:35:36.776,23870.0915
2026-08-20 21:35:37.188,23607.644
2026-08-20 21:35:37.600,23427.5718
2026-08-20 21:35:38.014,23325.1029
2026-08-20 21:35:38.441,23304.3377
2026-08-20 21:35:38.868,23303.8108
2026-08-20 21:35:39.282,23302.9138
2026-08-20 21:35:39.694,23302.142
2026-08-20 21:35:40.111,23300.9487
2026-08-20 21:35:40.537,23300.0211
2026-08-20 21:35:40.958,23299.1931
2026-08-20 21:35:41.371,23298.0546
2026-08-20 21:35:41.783,23296.9397
2026-08-20 21:35:42.198,23296.3454
2026-08-20 21:35:42.665,23295.1805
2026-08-20 21:35:43.078,23299.1092
2026-08-20 21:35:43.493,23376.8028
2026-08-20 21:35:43.906,23532.32
2026-08-20 21:35:44.340,23768.0656
2026-08-20 21:35:44.754,24049.481
2026-08-20 21:35:45.167,24352.8728
2026-08-20 21:35:45.598,24677.5526
2026-08-20 21:35:46.013,25016.3988
2026-08-20 21:35:46.437,24904.5446
2026-08-20 21:35:46.856,24556.3627
2026-08-20 21:35:47.270,24230.877
2026-08-20 21:35:47.714,23918.6886
2026-08-20 21:35:48.126,23646.144
2026-08-20 21:35:48.538,23449.2115
2026-08-20 21:35:48.966,23327.7925
2026-08-20 21:35:49.380,23335.5352
2026-08-20 21:35:49.800,23458.3027
2026-08-20 21:35:50.213,23663.3042
2026-08-20 21:35:50.641,23891.6774
2026-08-20 21:35:51.074,23702.6559
2026-08-20 21:35:51.487,23477.399
2026-08-20 21:35:51.902,23336.5203
2026-08-20 21:35:52.313,23303.8122
2026-08-20 21:35:52.749,23417.4714
2026-08-20 21:35:53.163,23609.601
2026-08-20 21:35:53.577,23861.0427
2026-08-20 21:35:53.990,23774.8102
2026-08-20 21:35:54.402,23531.7749
2026-08-20 21:35:54.814,23364.0211
2026-08-20 21:35:55.293,23288.7184
2026-08-20 21:35:55.704,23385.0733
2026-08-20 21:35:56.141,23567.1351
2026-08-20 21:35:56.569,23820.1792
2026-08-20 21:35:57.025,24149.6986
2026-08-20 21:35:57.451,24461.8972
2026-08-20 21:35:57.871,24799.2148
2026-08-20 21:35:58.285,25038.5162
2026-08-20 21:35:58.710,24743.6689
2026-08-20 21:35:59.130,24412.2441
2026-08-20 21:35:59.547,24094.1411
2026-08-20 21:35:59.964,23797.9071
2026-08-20 21:36:00.378,23552.7062
2026-08-20 21:36:00.797,23381.9126
2026-08-20 21:36:01.216,23288.91
2026-08-20 21:36:01.628,23276.254
2026-08-20 21:36:02.071,23275.7273
2026-08-20 21:36:02.484,23274.5928
2026-08-20 21:36:02.911,23273.3702
2026-08-20 21:36:03.323,23272.4657
2026-08-20 21:36:03.735,23271.5289
2026-08-20 21:36:04.174,23270.3849
2026-08-20 21:36:04.586,23269.4523
2026-08-20 21:36:04.999,23268.6328
2026-08-20 21:36:05.411,23267.6362
2026-08-20 21:36:05.824,23266.9065
2026-08-20 21:36:06.237,23272.5717
2026-08-20 21:36:06.649,23354.8696
2026-08-20 21:36:07.066,23512.7186
2026-08-20 21:36:07.493,23745.9053
2026-08-20 21:36:07.906,24032.0107
2026-08-20 21:36:08.335,24347.5741
2026-08-20 21:36:08.749,24668.8436
2026-08-20 21:36:09.174,24994.013
2026-08-20 21:36:09.587,24852.5934
2026-08-20 21:36:10.000,24515.264
2026-08-20 21:36:10.425,24194.3223
2026-08-20 21:36:10.838,23887.1561
2026-08-20 21:36:11.254,23621.5495
2026-08-20 21:36:11.668,23421.7652
2026-08-20 21:36:12.098,23301.2897
2026-08-20 21:36:12.527,23305.6465
2026-08-20 21:36:12.939,23428.3231
2026-08-20 21:36:13.351,23628.6267
2026-08-20 21:36:13.763,23857.8779
2026-08-20 21:36:14.205,23695.9733
2026-08-20 21:36:14.617,23453.2998
2026-08-20 21:36:15.030,23309.5102
2026-08-20 21:36:15.443,23267.4718
2026-08-20 21:36:15.856,23368.4391
2026-08-20 21:36:16.316,23571.6421
2026-08-20 21:36:16.729,23821.9023
2026-08-20 21:36:17.145,23751.6917
2026-08-20 21:36:17.572,23505.2309
2026-08-20 21:36:17.985,23331.4215
2026-08-20 21:36:18.424,23254.9694
2026-08-20 21:36:18.836,23341.2419
2026-08-20 21:36:19.260,23508.1807
2026-08-20 21:36:19.674,23755.3013
2026-08-20 21:36:20.103,24050.7966
2026-08-20 21:36:20.520,24358.3352
2026-08-20 21:36:20.932,24685.4443
2026-08-20 21:36:21.349,24991.5296
2026-08-20 21:36:21.762,24801.3202
2026-08-20 21:36:22.192,24453.0617
2026-08-20 21:36:22.605,24134.755
2026-08-20 21:36:23.028,23837.9123
2026-08-20 21:36:23.440,23571.678
2026-08-20 21:36:23.853,23383.282
2026-08-20 21:36:24.265,23272.4387
2026-08-20 21:36:24.681,23244.6685
2026-08-20 21:36:25.095,23244.4101
2026-08-20 21:36:25.515,23243.5161
2026-08-20 21:36:25.929,23242.4364
2026-08-20 21:36:26.354,23241.1905
2026-08-20 21:36:26.766,23240.3207
2026-08-20 21:36:27.178,23239.277
2026-08-20 21:36:27.592,23238.6422
2026-08-20 21:36:28.004,23237.6048
2026-08-20 21:36:28.430,23236.7152
2026-08-20 21:36:28.870,23235.9772
2026-08-20 21:36:29.282,23235.5019
2026-08-20 21:36:29.708,23292.3391
2026-08-20 21:36:30.134,23435.4167
2026-08-20 21:36:30.547,23656.6235
2026-08-20 21:36:31.012,23962.5128
2026-08-20 21:36:31.423,24261.3389
2026-08-20 21:36:31.836,24579.1342
2026-08-20 21:36:32.250,24912.2425
2026-08-20 21:36:32.663,24890.7318
2026-08-20 21:36:33.136,24502.2786
2026-08-20 21:36:33.549,24180.8073
2026-08-20 21:36:33.962,23880.0302
2026-08-20 21:36:34.374,23611.3434
2026-08-20 21:36:34.801,23405.0335
2026-08-20 21:36:35.214,23275.3889
2026-08-20 21:36:35.712,23279.9182
2026-08-20 21:36:36.124,23405.3448
2026-08-20 21:36:36.537,23609.594
2026-08-20 21:36:36.951,23821.7128
2026-08-20 21:36:37.372,23631.7498
2026-08-20 21:36:37.846,23382.8052
2026-08-20 21:36:38.261,23249.5037
2026-08-20 21:36:38.688,23242.2868
2026-08-20 21:36:39.100,23367.7867
2026-08-20 21:36:39.513,23566.0793
2026-08-20 21:36:39.925,23804.9519
2026-08-20 21:36:40.362,23656.1563
2026-08-20 21:36:40.775,23418.2109
2026-08-20 21:36:41.193,23266.5143
2026-08-20 21:36:41.605,23216.2161
2026-08-20 21:36:42.020,23316.3308
2026-08-20 21:36:42.446,23495.2805
2026-08-20 21:36:42.859,23751.6257
2026-08-20 21:36:43.272,24038.8947
2026-08-20 21:36:43.697,24347.8108
2026-08-20 21:36:44.160,24721.1113
2026-08-20 21:36:44.585,24954.0854
2026-08-20 21:36:45.004,24660.9065
2026-08-20 21:36:45.417,24324.7752
2026-08-20 21:36:45.830,24013.1673
2026-08-20 21:36:46.243,23722.7899
2026-08-20 21:36:46.709,23450.306
2026-08-20 21:36:47.123,23290.0567
2026-08-20 21:36:47.548,23207.4702
2026-08-20 21:36:47.960,23198.926
2026-08-20 21:36:48.387,23198.0977
2026-08-20 21:36:48.800,23196.9934
2026-08-20 21:36:49.240,23195.8026
2026-08-20 21:36:49.665,23194.6662
2026-08-20 21:36:50.077,23193.6243
2026-08-20 21:36:50.504,23192.7049
2026-08-20 21:36:50.917,23191.5801
2026-08-20 21:36:51.331,23190.7824
2026-08-20 21:36:51.744,23189.8744
2026-08-20 21:36:52.180,23188.89
2026-08-20 21:36:52.607,23201.2873
2026-08-20 21:36:53.023,23302.3001
2026-08-20 21:36:53.436,23476.7786
2026-08-20 21:36:53.849,23717.416
2026-08-20 21:36:54.272,24000.7395
2026-08-20 21:36:54.698,24314.3426
2026-08-20 21:36:55.159,24685.9355
2026-08-20 21:36:55.573,24943.5974
2026-08-20 21:36:55.988,24681.5754
2026-08-20 21:36:56.400,24346.6886
2026-08-20 21:36:56.813,24033.1129
2026-08-20 21:36:57.225,23740.6634
2026-08-20 21:36:57.698,23457.1569
2026-08-20 21:36:58.123,23289.5255
2026-08-20 21:36:58.536,23200.5853
2026-08-20 21:36:58.950,23258.8582
2026-08-20 21:36:59.366,23405.1394
2026-08-20 21:36:59.778,23631.4914
2026-08-20 21:37:00.194,23770.7829
2026-08-20 21:37:00.607,23526.8601
2026-08-20 21:37:01.049,23325.2469
2026-08-20 21:37:01.462,23197.5623
2026-08-20 21:37:01.876,23218.6587
2026-08-20 21:37:02.287,23349.6976
2026-08-20 21:37:02.700,23556.9476
2026-08-20 21:37:03.132,23783.6876
2026-08-20 21:37:03.544,23594.8419
2026-08-20 21:37:03.971,23369.6049
2026-08-20 21:37:04.415,23215.2373
2026-08-20 21:37:04.828,23189.1911
2026-08-20 21:37:05.240,23304.5421
2026-08-20 21:37:05.660,23494.9834
2026-08-20 21:37:06.125,23791.89
2026-08-20 21:37:06.540,24086.0236
2026-08-20 21:37:06.953,24399.9258
2026-08-20 21:37:07.381,24728.7242
2026-08-20 21:37:07.792,24898.1998
2026-08-20 21:37:08.214,24577.5739
2026-08-20 21:37:08.627,24243.3175
2026-08-20 21:37:09.060,23933.4325
2026-08-20 21:37:09.473,23635.8074
2026-08-20 21:37:09.885,23403.2398
2026-08-20 21:37:10.297,23248.7563
2026-08-20 21:37:10.721,23171.7985
2026-08-20 21:37:11.132,23165.2776
2026-08-20 21:37:11.544,23164.4332
2026-08-20 21:37:11.956,23163.5329
2026-08-20 21:37:12.381,23162.7092
2026-08-20 21:37:12.806,23161.8095
2026-08-20 21:37:13.218,23160.7662
2026-08-20 21:37:13.630,23160.1193
2026-08-20 21:37:14.044,23159.2296
2026-08-20 21:37:14.466,23158.4682
2026-08-20 21:37:14.878,23157.6399
2026-08-20 21:37:15.291,23157.0148
2026-08-20 21:37:15.710,23165.2801
2026-08-20 21:37:16.124,23255.6429
2026-08-20 21:37:16.538,23420.253
2026-08-20 21:37:16.951,23655.6875
2026-08-20 21:37:17.383,23935.0114
2026-08-20 21:37:17.796,24252.9968
2026-08-20 21:37:18.235,24584.815
2026-08-20 21:37:18.648,24897.8733
2026-08-20 21:37:19.076,24706.1812
2026-08-20 21:37:19.487,24359.3354
2026-08-20 21:37:19.918,24032.8986
2026-08-20 21:37:20.345,23735.6269
2026-08-20 21:37:20.757,23470.9695
2026-08-20 21:37:21.169,23286.5883
2026-08-20 21:37:21.584,23179.0647
2026-08-20 21:37:22.003,23204.1712
2026-08-20 21:37:22.416,23334.2444
2026-08-20 21:37:22.842,23542.686
2026-08-20 21:37:23.261,23747.7063
2026-08-20 21:37:23.684,23537.2942
2026-08-20 21:37:24.099,23318.0772
2026-08-20 21:37:24.513,23184.4577
2026-08-20 21:37:24.927,23166.7018
2026-08-20 21:37:25.393,23299.8428
2026-08-20 21:37:25.807,23501.8636
2026-08-20 21:37:26.219,23736.4257
2026-08-20 21:37:26.633,23584.5472
2026-08-20 21:37:27.053,23352.9272
2026-08-20 21:37:27.466,23198.3262
2026-08-20 21:37:27.878,23148.3046
2026-08-20 21:37:28.304,23247.4979
2026-08-20 21:37:28.792,23472.5737
2026-08-20 21:37:29.214,23730.0982
2026-08-20 21:37:29.627,24027.9578
2026-08-20 21:37:30.054,24339.3887
2026-08-20 21:37:30.466,24676.5871
2026-08-20 21:37:30.943,24875.5703
2026-08-20 21:37:31.361,24521.2089
2026-08-20 21:37:31.773,24194.5443
2026-08-20 21:37:32.195,23887.2505
2026-08-20 21:37:32.622,23598.879
2026-08-20 21:37:33.034,23360.5211
2026-08-20 21:37:33.445,23211.0415
2026-08-20 21:37:33.870,23138.5582
2026-08-20 21:37:34.288,23133.5853
2026-08-20 21:37:34.714,23132.7753
2026-08-20 21:37:35.132,23131.7198
2026-08-20 21:37:35.544,23130.7531
2026-08-20 21:37:35.957,23129.9199
2026-08-20 21:37:36.423,23128.8926
2026-08-20 21:37:36.836,23128.2008
2026-08-20 21:37:37.262,23127.4326
2026-08-20 21:37:37.674,23126.7914
2026-08-20 21:37:38.103,23126.0875
2026-08-20 21:37:38.540,23125.5141
2026-08-20 21:37:38.952,23150.5155
2026-08-20 21:37:39.365,23262.9829
2026-08-20 21:37:39.782,23448.5221
2026-08-20 21:37:40.194,23701.0984
2026-08-20 21:37:40.625,23997.936
2026-08-20 21:37:41.054,24314.2319
2026-08-20 21:37:41.467,24648.1377
2026-08-20 21:37:41.886,24871.5752
2026-08-20 21:37:42.306,24579.8064
2026-08-20 21:37:42.721,24243.338
2026-08-20 21:37:43.134,23930.2381
2026-08-20 21:37:43.548,23641.6593
2026-08-20 21:37:43.965,23396.9588
2026-08-20 21:37:44.380,23226.3836
2026-08-20 21:37:44.794,23137.356
2026-08-20 21:37:45.206,23191.1801
2026-08-20 21:37:45.711,23373.6432
2026-08-20 21:37:46.137,23612.7835
2026-08-20 21:37:46.593,23640.8132
2026-08-20 21:37:47.012,23390.6902
2026-08-20 21:37:47.429,23212.4302
2026-08-20 21:37:47.846,23121.7075
2026-08-20 21:37:48.259,23183.511
2026-08-20 21:37:48.703,23333.8927
2026-08-20 21:37:49.115,23580.889
2026-08-20 21:37:49.528,23700.5336
2026-08-20 21:37:49.943,23451.5709
2026-08-20 21:37:50.357,23249.081
2026-08-20 21:37:50.771,23127.9447
2026-08-20 21:37:51.183,23140.5915
2026-08-20 21:37:51.598,23268.0248
2026-08-20 21:37:52.011,23472.5288
2026-08-20 21:37:52.443,23736.8418
2026-08-20 21:37:52.865,24045.9291
2026-08-20 21:37:53.277,24365.9247
2026-08-20 21:37:53.690,24694.5157
2026-08-20 21:37:54.108,24820.6931
2026-08-20 21:37:54.523,24485.7694
2026-08-20 21:37:54.941,24153.6591
2026-08-20 21:37:55.357,23847.0946
2026-08-20 21:37:55.770,23562.3879
2026-08-20 21:37:56.188,23328.9293
2026-08-20 21:37:56.614,23177.1652
2026-08-20 21:37:57.037,23103.0276
2026-08-20 21:37:57.451,23098.5576
2026-08-20 21:37:57.865,23097.7327
2026-08-20 21:37:58.310,23096.5038
2026-08-20 21:37:58.723,23095.4808
2026-08-20 21:37:59.144,23094.3988
2026-08-20 21:37:59.557,23093.4209
2026-08-20 21:37:59.984,23092.5868
2026-08-20 21:38:00.450,23091.8066
2026-08-20 21:38:00.864,23090.8661
2026-08-20 21:38:01.278,23090.2196
2026-08-20 21:38:01.691,23089.7242
2026-08-20 21:38:02.119,23114.9779
2026-08-20 21:38:02.539,23228.554
2026-08-20 21:38:02.956,23418.1931
2026-08-20 21:38:03.384,23671.8706
2026-08-20 21:38:03.797,23970.614
2026-08-20 21:38:04.210,24279.3199
2026-08-20 21:38:04.639,24604.9238
2026-08-20 21:38:05.052,24832.6475
2026-08-20 21:38:05.472,24538.6423
2026-08-20 21:38:05.883,24202.9999
2026-08-20 21:38:06.299,23893.2105
2026-08-20 21:38:06.710,23603.7573
2026-08-20 21:38:07.142,23361.4521
2026-08-20 21:38:07.557,23186.8435
2026-08-20 21:38:07.970,23101.6279
2026-08-20 21:38:08.398,23160.631
2026-08-20 21:38:08.811,23305.2764
2026-08-20 21:38:09.235,23528.6356
2026-08-20 21:38:09.728,23633.2683
2026-08-20 21:38:10.151,23379.4074
2026-08-20 21:38:10.565,23191.6249
2026-08-20 21:38:10.977,23091.5084
2026-08-20 21:38:11.408,23139.2193
2026-08-20 21:38:11.902,23327.4883
2026-08-20 21:38:12.314,23563.4821
2026-08-20 21:38:12.727,23646.3981
2026-08-20 21:38:13.140,23392.984
2026-08-20 21:38:13.566,23200.053
2026-08-20 21:38:13.979,23086.5803
2026-08-20 21:38:14.394,23123.8809
2026-08-20 21:38:14.808,23264.2923
2026-08-20 21:38:15.239,23480.1382
2026-08-20 21:38:15.665,23762.8591
2026-08-20 21:38:16.078,24071.4681
2026-08-20 21:38:16.514,24399.6315
2026-08-20 21:38:16.930,24737.6882
2026-08-20 21:38:17.363,24715.1094
2026-08-20 21:38:17.775,24359.149
2026-08-20 21:38:18.188,24038.3491
2026-08-20 21:38:18.600,23737.8158
2026-08-20 21:38:19.023,23465.092
2026-08-20 21:38:19.436,23248.9552
2026-08-20 21:38:19.855,23118.2547
2026-08-20 21:38:20.268,23067.0917
2026-08-20 21:38:20.680,23067.0512
2026-08-20 21:38:21.131,23065.8839
2026-08-20 21:38:21.543,23064.9288
2026-08-20 21:38:21.957,23064.2417
2026-08-20 21:38:22.376,23062.9589
2026-08-20 21:38:22.792,23062.0233
2026-08-20 21:38:23.220,23061.22
2026-08-20 21:38:23.647,23060.74
2026-08-20 21:38:24.070,23059.9607
2026-08-20 21:38:24.493,23059.0686
2026-08-20 21:38:24.906,23058.3976
2026-08-20 21:38:25.320,23095.8393
2026-08-20 21:38:25.732,23220.0984
2026-08-20 21:38:26.196,23444.4617
2026-08-20 21:38:26.613,23706.5045
2026-08-20 21:38:27.026,24002.3541
2026-08-20 21:38:27.440,24315.359
2026-08-20 21:38:27.854,24643.939
2026-08-20 21:38:28.325,24744.3021
2026-08-20 21:38:28.748,24401.9737
2026-08-20 21:38:29.161,24069.591
2026-08-20 21:38:29.594,23756.7131
2026-08-20 21:38:30.006,23476.9673
2026-08-20 21:38:30.443,23259.0547
2026-08-20 21:38:30.868,23113.861
2026-08-20 21:38:31.281,23078.9206
2026-08-20 21:38:31.696,23180.8332
2026-08-20 21:38:32.108,23360.3086
2026-08-20 21:38:32.571,23630.2255
2026-08-20 21:38:32.984,23519.5106
2026-08-20 21:38:33.397,23282.5593
2026-08-20 21:38:33.817,23124.2062
2026-08-20 21:38:34.244,23057.5331
2026-08-20 21:38:34.702,23160.925
2026-08-20 21:38:35.125,23336.607
2026-08-20 21:38:35.540,23589.1167
2026-08-20 21:38:35.952,23561.8974
2026-08-20 21:38:36.372,23314.3089
2026-08-20 21:38:36.785,23136.9513
2026-08-20 21:38:37.197,23049.9109
2026-08-20 21:38:37.608,23116.1527
2026-08-20 21:38:38.024,23269.3603
2026-08-20 21:38:38.438,23499.6127
2026-08-20 21:38:38.851,23777.868
2026-08-20 21:38:39.327,24114.6059
2026-08-20 21:38:39.739,24446.5159
2026-08-20 21:38:40.151,24762.5799
2026-08-20 21:38:40.565,24611.7157
2026-08-20 21:38:40.977,24275.7688
2026-08-20 21:38:41.442,23919.1503
2026-08-20 21:38:41.856,23625.1307
2026-08-20 21:38:42.269,23366.0689
2026-08-20 21:38:42.686,23178.0209
2026-08-20 21:38:43.111,23066.8963
2026-08-20 21:38:43.525,23039.6035
2026-08-20 21:38:43.952,23039.3023
2026-08-20 21:38:44.371,23038.3022
2026-08-20 21:38:44.798,23037.6054
2026-08-20 21:38:45.212,23036.4305
2026-08-20 21:38:45.624,23035.7058
2026-08-20 21:38:46.042,23035.033
2026-08-20 21:38:46.455,23034.2998
2026-08-20 21:38:46.868,23033.6594
2026-08-20 21:38:47.308,23033.2139
2026-08-20 21:38:47.719,23032.6317
2026-08-20 21:38:48.142,23032.5135
2026-08-20 21:38:48.555,23093.8582
2026-08-20 21:38:48.969,23234.1497
2026-08-20 21:38:49.383,23448.0059
2026-08-20 21:38:49.858,23751.593
2026-08-20 21:38:50.274,24057.6249
2026-08-20 21:38:50.688,24376.2304
2026-08-20 21:38:51.105,24708.1853
2026-08-20 21:38:51.518,24663.4914
2026-08-20 21:38:51.991,24325.1785
2026-08-20 21:38:52.417,23955.8622
2026-08-20 21:38:52.829,23652.246
2026-08-20 21:38:53.250,23388.7363
2026-08-20 21:38:53.663,23186.6354
2026-08-20 21:38:54.093,23064.487
2026-08-20 21:38:54.515,23066.9255
2026-08-20 21:38:54.927,23188.0759
2026-08-20 21:38:55.354,23384.7552
2026-08-20 21:38:55.768,23617.5596
2026-08-20 21:38:56.181,23450.3096
2026-08-20 21:38:56.647,23201.2946
2026-08-20 21:38:57.064,23066.524
2026-08-20 21:38:57.491,23042.3149
2026-08-20 21:38:57.907,23158.5659
2026-08-20 21:38:58.319,23350.2124
2026-08-20 21:38:58.732,23596.0425
2026-08-20 21:38:59.144,23495.6279
2026-08-20 21:38:59.587,23257.0832
2026-08-20 21:39:00.001,23085.1849
2026-08-20 21:39:00.414,23023.436
2026-08-20 21:39:00.839,23112.1362
2026-08-20 21:39:01.251,23286.6741
2026-08-20 21:39:01.663,23527.9191
2026-08-20 21:39:02.130,23810.97
2026-08-20 21:39:02.556,24166.7345
2026-08-20 21:39:02.969,24489.1159
2026-08-20 21:39:03.383,24757.4159
2026-08-20 21:39:03.808,24509.9338
2026-08-20 21:39:04.220,24169.3726
2026-08-20 21:39:04.646,23856.9363
2026-08-20 21:39:05.059,23557.9145
2026-08-20 21:39:05.476,23304.9211
2026-08-20 21:39:05.902,23129.2411
2026-08-20 21:39:06.318,23029.2829
2026-08-20 21:39:06.731,23013.1146
2026-08-20 21:39:07.164,23012.5791
2026-08-20 21:39:07.576,23011.6191
2026-08-20 21:39:08.008,23010.7148
2026-08-20 21:39:08.439,23009.9235
2026-08-20 21:39:08.852,23008.7304
2026-08-20 21:39:09.265,23006.3268
2026-08-20 21:39:09.686,23004.4926
2026-08-20 21:39:10.112,23003.0074
2026-08-20 21:39:10.571,23001.8918
2026-08-20 21:39:10.985,23001.1171
2026-08-20 21:39:11.398,23008.1071
2026-08-20 21:39:11.809,23093.2343
2026-08-20 21:39:12.280,23252.0288
2026-08-20 21:39:12.710,23521.8161
2026-08-20 21:39:13.122,23811.3384
2026-08-20 21:39:13.537,24115.2044
2026-08-20 21:39:13.950,24438.9532
2026-08-20 21:39:14.366,24736.3161
2026-08-20 21:39:14.809,24532.5986
2026-08-20 21:39:15.222,24176.4196
2026-08-20 21:39:15.635,23862.8353
2026-08-20 21:39:16.067,23561.7555
2026-08-20 21:39:16.481,23305.8198
2026-08-20 21:39:16.916,23125.7675
2026-08-20 21:39:17.328,23020.4627
2026-08-20 21:39:17.742,23059.2532
2026-08-20 21:39:18.154,23193.1171
2026-08-20 21:39:18.566,23405.0028
2026-08-20 21:39:18.980,23595.521
2026-08-20 21:39:19.392,23383.6353
2026-08-20 21:39:19.806,23169.9538
2026-08-20 21:39:20.234,23032.3156
2026-08-20 21:39:20.700,23026.2101
2026-08-20 21:39:21.120,23149.6829
2026-08-20 21:39:21.534,23352.6945
2026-08-20 21:39:21.950,23583.66
2026-08-20 21:39:22.363,23423.7623
2026-08-20 21:39:22.807,23195.7476
2026-08-20 21:39:23.235,23038.0952
2026-08-20 21:39:23.650,23003.018
2026-08-20 21:39:24.075,23112.5408
2026-08-20 21:39:24.490,23304.2224
2026-08-20 21:39:24.927,23558.7913
2026-08-20 21:39:25.339,23865.0685
2026-08-20 21:39:25.754,24174.8904
2026-08-20 21:39:26.180,24501.4628
2026-08-20 21:39:26.593,24725.0902
2026-08-20 21:39:27.011,24430.492
2026-08-20 21:39:27.437,24097.9696
2026-08-20 21:39:27.856,23779.7935
2026-08-20 21:39:28.270,23489.0233
2026-08-20 21:39:28.689,23248.2577
2026-08-20 21:39:29.101,23082.8319
2026-08-20 21:39:29.518,22997.7139
2026-08-20 21:39:29.946,22987.6408
2026-08-20 21:39:30.359,22987.0021
2026-08-20 21:39:30.786,22986.2969
2026-08-20 21:39:31.213,22985.2385
2026-08-20 21:39:31.667,22984.6773
2026-08-20 21:39:32.088,22983.7793
2026-08-20 21:39:32.514,22983.0352
2026-08-20 21:39:32.927,22982.4551
2026-08-20 21:39:33.354,22981.6034
2026-08-20 21:39:33.800,22981.3083
2026-08-20 21:39:34.215,22980.6573
2026-08-20 21:39:34.627,22997.0094
2026-08-20 21:39:35.055,23102.9493
2026-08-20 21:39:35.474,23280.0979
2026-08-20 21:39:35.888,23527.5846
2026-08-20 21:39:36.322,23822.0348
2026-08-20 21:39:36.735,24133.155
2026-08-20 21:39:37.147,24457.1267
2026-08-20 21:39:37.561,24724.8276
2026-08-20 21:39:37.974,24477.651
2026-08-20 21:39:38.388,24145.9665
2026-08-20 21:39:38.800,23833.2895
2026-08-20 21:39:39.215,23541.7936
2026-08-20 21:39:39.628,23288.9317
2026-08-20 21:39:40.041,23108.3387
2026-08-20 21:39:40.458,23004.4873
2026-08-20 21:39:40.925,23048.9126
2026-08-20 21:39:41.349,23189.3136
2026-08-20 21:39:41.761,23415.0492
2026-08-20 21:39:42.179,23566.4546
2026-08-20 21:39:42.599,23328.3537
2026-08-20 21:39:43.011,23123.094
2026-08-20 21:39:43.449,23002.1819
2026-08-20 21:39:43.859,23010.0722
2026-08-20 21:39:44.293,23139.7233
2026-08-20 21:39:44.705,23346.5744
2026-08-20 21:39:45.119,23569.7204
2026-08-20 21:39:45.534,23396.5127
2026-08-20 21:39:45.952,23167.6784
2026-08-20 21:39:46.364,23022.2412
2026-08-20 21:39:46.777,22980.1665
2026-08-20 21:39:47.207,23082.8891
2026-08-20 21:39:47.620,23268.0833
2026-08-20 21:39:48.036,23517.7391
2026-08-20 21:39:48.448,23805.8884
2026-08-20 21:39:48.878,24125.0355
2026-08-20 21:39:49.307,24449.9066
2026-08-20 21:39:49.721,24712.4599
2026-08-20 21:39:50.149,24431.6636
2026-08-20 21:39:50.571,24101.9901
2026-08-20 21:39:50.982,23784.35
2026-08-20 21:39:51.448,23461.6593
2026-08-20 21:39:51.860,23223.3471
2026-08-20 21:39:52.272,23062.4168
2026-08-20 21:39:52.684,22977.9983
2026-08-20 21:39:53.114,22968.4286
2026-08-20 21:39:53.559,22967.8113
2026-08-20 21:39:53.992,22966.94
2026-08-20 21:39:54.404,22966.0521
2026-08-20 21:39:54.830,22965.4044
2026-08-20 21:39:55.243,22964.5004
2026-08-20 21:39:55.667,22963.9705
2026-08-20 21:39:56.146,22963.3286
2026-08-20 21:39:56.559,22962.6913
2026-08-20 21:39:56.971,22962.3549
2026-08-20 21:39:57.392,22961.8771
2026-08-20 21:39:57.810,22980.8284
2026-08-20 21:39:58.236,23087.5541
2026-08-20 21:39:58.652,23272.5827
2026-08-20 21:39:59.080,23521.4596
2026-08-20 21:39:59.494,23817.1156
2026-08-20 21:39:59.907,24124.656
2026-08-20 21:40:00.319,24448.9211
2026-08-20 21:40:00.731,24707.5398
2026-08-20 21:40:01.144,24451.9579
2026-08-20 21:40:01.558,24121.0508
2026-08-20 21:40:01.973,23807.4364
2026-08-20 21:40:02.400,23515.4634
2026-08-20 21:40:02.862,23232.2107
2026-08-20 21:40:03.276,23065.86
2026-08-20 21:40:03.688,22978.0001
2026-08-20 21:40:04.101,23028.4852
2026-08-20 21:40:04.515,23166.6249
2026-08-20 21:40:04.927,23384.4717
2026-08-20 21:40:05.393,23541.7012
2026-08-20 21:40:05.807,23297.9218
2026-08-20 21:40:06.221,23098.5603
2026-08-20 21:40:06.632,22980.5639
2026-08-20 21:40:07.054,22994.941
2026-08-20 21:40:07.467,23125.4776
2026-08-20 21:40:07.885,23330.5094
2026-08-20 21:40:08.312,23552.9521
2026-08-20 21:40:08.743,23362.5335
2026-08-20 21:40:09.155,23135.4679
2026-08-20 21:40:09.594,22992.972
2026-08-20 21:40:10.061,22972.6337
2026-08-20 21:40:10.479,23109.1904
2026-08-20 21:40:10.899,23310.1482
2026-08-20 21:40:11.312,23577.1455
2026-08-20 21:40:11.729,23870.2726
2026-08-20 21:40:12.194,24186.2611
2026-08-20 21:40:12.622,24559.4948
2026-08-20 21:40:13.034,24641.9386
2026-08-20 21:40:13.448,24305.4333
2026-08-20 21:40:13.860,23980.7475
2026-08-20 21:40:14.272,23676.5616
2026-08-20 21:40:14.697,23397.6832
2026-08-20 21:40:15.113,23166.2441
2026-08-20 21:40:15.546,23020.6954
2026-08-20 21:40:15.971,22953.951
2026-08-20 21:40:16.382,22952.035
2026-08-20 21:40:16.803,22951.751
2026-08-20 21:40:17.216,22951.0215
2026-08-20 21:40:17.630,22950.3373
2026-08-20 21:40:18.095,22949.7319
2026-08-20 21:40:18.508,22949.0681
2026-08-20 21:40:18.929,22948.5689
2026-08-20 21:40:19.343,22948.0945
2026-08-20 21:40:19.757,22947.8357
2026-08-20 21:40:20.171,22947.4694
2026-08-20 21:40:20.615,22947.2535
2026-08-20 21:40:21.048,22946.8756
2026-08-20 21:40:21.461,22946.6285
2026-08-20 21:40:21.887,22946.5666
2026-08-20 21:40:22.300,22946.2878
2026-08-20 21:40:22.713,22946.1902
2026-08-20 21:40:23.126,22945.8386
2026-08-20 21:40:23.552,22945.897
2026-08-20 21:40:23.970,22945.6127
2026-08-20 21:40:24.382,22945.5098
2026-08-20 21:40:24.794,22945.4469
2026-08-20 21:40:25.221,22945.1309
2026-08-20 21:40:25.647,22945.046
2026-08-20 21:40:26.062,22944.9334
2026-08-20 21:40:26.488,22944.8348
2026-08-20 21:40:26.900,22944.6493
2026-08-20 21:40:27.328,22944.5293
2026-08-20 21:40:27.739,22944.4766
2026-08-20 21:40:28.154,22944.1904
2026-08-20 21:40:28.566,22943.069
2026-08-20 21:40:28.980,22942.8711
2026-08-20 21:40:29.392,22942.4396
2026-08-20 21:40:29.805,22942.3273
2026-08-20 21:40:30.221,22942.3567
2026-08-20 21:40:30.637,22942.3843
2026-08-20 21:40:31.056,22942.3454
2026-08-20 21:40:31.482,22942.2517
2026-08-20 21:40:31.896,22942.3988
2026-08-20 21:40:32.309,22942.4368
2026-08-20 21:40:32.721,22942.5402
2026-08-20 21:40:33.135,22942.5965
2026-08-20 21:40:33.559,22942.6605
2026-08-20 21:40:33.972,22942.6541
2026-08-20 21:40:34.398,22942.8424
2026-08-20 21:40:34.817,22942.8651
2026-08-20 21:40:35.237,22942.7809
2026-08-20 21:40:35.651,22942.8811
2026-08-20 21:40:36.063,22943.0209
2026-08-20 21:40:36.484,22943.1354
2026-08-20 21:40:36.897,22943.3109
2026-08-20 21:40:37.325,22943.574
2026-08-20 21:40:37.748,22943.8954
2026-08-20 21:40:38.161,22944.1059
2026-08-20 21:40:38.573,22944.3799
2026-08-20 21:40:38.996,22944.5665
2026-08-20 21:40:39.408,22944.7989
2026-08-20 21:40:39.884,22944.876
2026-08-20 21:40:40.307,22945.0692
2026-08-20 21:40:40.723,22945.188
2026-08-20 21:40:41.136,22945.4008
2026-08-20 21:40:41.548,22945.6624
2026-08-20 21:40:41.963,22945.8051
2026-08-20 21:40:42.425,22946.4466
2026-08-20 21:40:42.856,22947.6634
2026-08-20 21:40:43.269,22948.2488
2026-08-20 21:40:43.682,22948.3022
2026-08-20 21:40:44.096,22948.3968
2026-08-20 21:40:44.509,22948.9501
2026-08-20 21:40:44.969,22949.1627
2026-08-20 21:40:45.387,22949.3066
2026-08-20 21:40:45.804,22949.4678
2026-08-20 21:40:46.216,22949.4894
2026-08-20 21:40:46.642,22949.8961
2026-08-20 21:40:47.109,22950.1307
2026-08-20 21:40:47.549,22950.1185
2026-08-20 21:40:47.969,22950.4534
2026-08-20 21:40:48.392,22950.6344
2026-08-20 21:40:48.809,22950.9212
2026-08-20 21:40:49.233,22951.135
2026-08-20 21:40:49.645,22951.4128
2026-08-20 21:40:50.059,22951.3526
2026-08-20 21:40:50.472,22951.3508
2026-08-20 21:40:50.897,22951.6858
2026-08-20 21:40:51.310,22951.7018
2026-08-20 21:40:51.812,22951.8879
2026-08-20 21:40:52.240,22952.2204
2026-08-20 21:40:52.653,22952.2946
2026-08-20 21:40:53.077,22952.7399
2026-08-20 21:40:53.488,22952.8299
2026-08-20 21:40:53.913,22953.4019
2026-08-20 21:40:54.338,22953.4988
2026-08-20 21:40:54.832,22953.6803
2026-08-20 21:40:55.250,22953.9905
2026-08-20 21:40:55.712,22954.3804
2026-08-20 21:40:56.129,22954.9292
2026-08-20 21:40:56.554,22955.3455
2026-08-20 21:40:56.967,22955.4832
2026-08-20 21:40:57.394,22955.9616
2026-08-20 21:40:57.861,22956.5226
2026-08-20 21:40:58.286,22956.751
2026-08-20 21:40:58.698,22957.193
2026-08-20 21:40:59.133,22957.2068
2026-08-20 21:40:59.545,22957.4805
2026-08-20 21:40:59.974,22957.9701
2026-08-20 21:41:00.386,22958.0066
2026-08-20 21:41:00.798,22958.4813
2026-08-20 21:41:01.210,22958.6553
2026-08-20 21:41:01.633,22958.9442
2026-08-20 21:41:02.047,22959.0474
2026-08-20 21:41:02.461,22959.2122
2026-08-20 21:41:02.874,22959.435
2026-08-20 21:41:03.288,22959.473
2026-08-20 21:41:03.718,22959.8448
2026-08-20 21:41:04.145,22973.3972
2026-08-20 21:41:04.558,23082.7726
2026-08-20 21:41:04.970,23262.5531
2026-08-20 21:41:05.434,23504.1473
2026-08-20 21:41:05.852,23826.0366
2026-08-20 21:41:06.266,24132.916
2026-08-20 21:41:06.693,24457.5557
2026-08-20 21:41:07.114,24732.5289
2026-08-20 21:41:07.529,24473.5255
2026-08-20 21:41:07.952,24140.3113
2026-08-20 21:41:08.364,23820.8903
2026-08-20 21:41:08.789,23531.7173
2026-08-20 21:41:09.202,23275.0781
2026-08-20 21:41:09.615,23096.7039
2026-08-20 21:41:10.077,22991.3078
2026-08-20 21:41:10.488,23052.8542
2026-08-20 21:41:10.915,23202.8803
2026-08-20 21:41:11.330,23437.6029
2026-08-20 21:41:11.744,23576.0273
2026-08-20 21:41:12.207,23304.0971
2026-08-20 21:41:12.620,23108.7078
2026-08-20 21:41:13.047,22989.7181
2026-08-20 21:41:13.460,23023.543
2026-08-20 21:41:13.872,23163.5865
2026-08-20 21:41:14.337,23410.3592
2026-08-20 21:41:14.762,23578.9498
2026-08-20 21:41:15.189,23342.2973
2026-08-20 21:41:15.602,23126.8368
2026-08-20 21:41:16.013,22998.2726
2026-08-20 21:41:16.456,23002.7284
2026-08-20 21:41:16.869,23145.3902
2026-08-20 21:41:17.293,23355.386
2026-08-20 21:41:17.707,23630.4509
2026-08-20 21:41:18.122,23927.0881
2026-08-20 21:41:18.587,24282.1565
2026-08-20 21:41:19.000,24617.067
2026-08-20 21:41:19.425,24666.929
2026-08-20 21:41:19.838,24317.3231
2026-08-20 21:41:20.252,23993.8454
2026-08-20 21:41:20.680,23678.9313
2026-08-20 21:41:21.093,23402.7763
2026-08-20 21:41:21.536,23175.1018
2026-08-20 21:41:21.950,23032.4358
2026-08-20 21:41:22.361,22975.6045
2026-08-20 21:41:22.786,22974.8106
2026-08-20 21:41:23.199,22974.5694
2026-08-20 21:41:23.639,22973.891
2026-08-20 21:41:24.053,22973.3489
2026-08-20 21:41:24.466,22973.092
2026-08-20 21:41:24.891,22972.7401
2026-08-20 21:41:25.305,22972.3839
2026-08-20 21:41:25.720,22972.0296
2026-08-20 21:41:26.146,22971.6436
2026-08-20 21:41:26.558,22971.4501
2026-08-20 21:41:26.972,22971.0501
2026-08-20 21:41:27.386,23000.1951
2026-08-20 21:41:27.805,23121.4428
2026-08-20 21:41:28.218,23314.2332
2026-08-20 21:41:28.650,23577.785
2026-08-20 21:41:29.077,23871.2492
2026-08-20 21:41:29.490,24194.235
2026-08-20 21:41:29.914,24522.6876
2026-08-20 21:41:30.328,24725.9744
2026-08-20 21:41:30.759,24407.2849
2026-08-20 21:41:31.175,24075.7185
2026-08-20 21:41:31.588,23762.9626
2026-08-20 21:41:32.006,23477.6853
2026-08-20 21:41:32.418,23235.9299
2026-08-20 21:41:32.844,23069.3988
2026-08-20 21:41:33.310,22994.1437
2026-08-20 21:41:33.723,23079.7648
2026-08-20 21:41:34.135,23246.0199
2026-08-20 21:41:34.548,23486.2477
2026-08-20 21:41:34.974,23534.6398
2026-08-20 21:41:35.388,23272.3797
2026-08-20 21:41:35.800,23088.3673
2026-08-20 21:41:36.233,22987.0064
2026-08-20 21:41:36.645,23041.34
2026-08-20 21:41:37.059,23190.3381
2026-08-20 21:41:37.485,23415.7648
2026-08-20 21:41:37.898,23574.4018
2026-08-20 21:41:38.313,23335.1169
2026-08-20 21:41:38.778,23106.9872
2026-08-20 21:41:39.206,22990.362
2026-08-20 21:41:39.620,23021.8981
2026-08-20 21:41:40.055,23169.2409
2026-08-20 21:41:40.521,23425.4772
2026-08-20 21:41:40.935,23703.2141
2026-08-20 21:41:41.349,24006.1188
2026-08-20 21:41:41.762,24326.8775
2026-08-20 21:41:42.174,24661.6532
2026-08-20 21:41:42.588,24627.4033
2026-08-20 21:41:43.024,24275.3629
2026-08-20 21:41:43.437,23946.9173
2026-08-20 21:41:43.853,23644.667
2026-08-20 21:41:44.270,23367.8085
2026-08-20 21:41:44.682,23158.5855
2026-08-20 21:41:45.096,23027.8228
2026-08-20 21:41:45.509,22977.0281
2026-08-20 21:41:45.925,22977.0439
2026-08-20 21:41:46.338,22976.7626
2026-08-20 21:41:46.770,22976.0676
2026-08-20 21:41:47.211,22975.6984
2026-08-20 21:41:47.624,22975.3258
2026-08-20 21:41:48.036,22975.034
2026-08-20 21:41:48.448,22974.6404
2026-08-20 21:41:48.876,22974.5498
2026-08-20 21:41:49.290,22974.1238
2026-08-20 21:41:49.703,22974.1189
2026-08-20 21:41:50.116,22973.9177
2026-08-20 21:41:50.530,23006.8093
2026-08-20 21:41:50.956,23129.5552
2026-08-20 21:41:51.373,23331.7541
2026-08-20 21:41:51.815,23592.1168
2026-08-20 21:41:52.240,23905.2663
2026-08-20 21:41:52.654,24228.5841
2026-08-20 21:41:53.070,24559.6011
2026-08-20 21:41:53.482,24718.9214
2026-08-20 21:41:53.895,24396.4096
2026-08-20 21:41:54.309,24068.1938
2026-08-20 21:41:54.726,23757.5592
2026-08-20 21:41:55.138,23469.1337
2026-08-20 21:41:55.564,23225.9122
2026-08-20 21:41:55.979,23068.3118
2026-08-20 21:41:56.392,22995.2664
2026-08-20 21:41:56.839,23073.502
2026-08-20 21:41:57.252,23243.3951
2026-08-20 21:41:57.664,23483.2517
2026-08-20 21:41:58.086,23538.0582
2026-08-20 21:41:58.499,23277.8259
2026-08-20 21:41:58.912,23092.5894
2026-08-20 21:41:59.351,22988.9815
2026-08-20 21:41:59.763,23040.1787
2026-08-20 21:42:00.188,23187.313
2026-08-20 21:42:00.613,23418.5883
2026-08-20 21:42:01.026,23576.8819
2026-08-20 21:42:01.494,23305.9218
2026-08-20 21:42:01.922,23108.1826
2026-08-20 21:42:02.335,22989.355
2026-08-20 21:42:02.753,23023.5407
2026-08-20 21:42:03.165,23165.5183
2026-08-20 21:42:03.608,23382.8007
2026-08-20 21:42:04.034,23685.7813
2026-08-20 21:42:04.447,23986.7317
2026-08-20 21:42:04.870,24305.834
2026-08-20 21:42:05.288,24647.901
2026-08-20 21:42:05.700,24641.0697
2026-08-20 21:42:06.112,24300.338
2026-08-20 21:42:06.551,23976.3542
2026-08-20 21:42:06.972,23653.8704
2026-08-20 21:42:07.398,23375.4235
2026-08-20 21:42:07.810,23157.2319
2026-08-20 21:42:08.224,23026.9031
2026-08-20 21:42:08.646,22977.0322
2026-08-20 21:42:09.060,22977.0828
2026-08-20 21:42:09.480,22976.7061
2026-08-20 21:42:09.894,22976.1755
2026-08-20 21:42:10.313,22975.582
2026-08-20 21:42:10.759,22975.2263
2026-08-20 21:42:11.180,22974.9724
2026-08-20 21:42:11.593,22974.7021
2026-08-20 21:42:12.013,22974.4423
2026-08-20 21:42:12.425,22974.1942
2026-08-20 21:42:12.867,22973.9528
2026-08-20 21:42:13.293,22973.7991
2026-08-20 21:42:13.710,23017.4025
2026-08-20 21:42:14.121,23148.7317
2026-08-20 21:42:14.550,23359.4032
2026-08-20 21:42:14.974,23626.7685
2026-08-20 21:42:15.387,23927.0084
2026-08-20 21:42:15.799,24243.0605
2026-08-20 21:42:16.211,24573.5192
2026-08-20 21:42:16.631,24715.5754
2026-08-20 21:42:17.059,24382.2437
2026-08-20 21:42:17.494,24031.527
2026-08-20 21:42:17.907,23718.9636
2026-08-20 21:42:18.321,23437.0763
2026-08-20 21:42:18.754,23201.72
2026-08-20 21:42:19.185,23050.9099
2026-08-20 21:42:19.601,22998.2863
2026-08-20 21:42:20.015,23091.9595
2026-08-20 21:42:20.431,23264.0933
2026-08-20 21:42:20.845,23511.9615
2026-08-20 21:42:21.281,23508.9692
2026-08-20 21:42:21.693,23244.9981
2026-08-20 21:42:22.119,23068.0092
2026-08-20 21:42:22.531,22983.0709
2026-08-20 21:42:22.999,23047.1507
2026-08-20 21:42:23.417,23227.8348
2026-08-20 21:42:23.836,23465.4505
2026-08-20 21:42:24.250,23552.3943
2026-08-20 21:42:24.663,23296.2001
2026-08-20 21:42:25.075,23102.332
2026-08-20 21:42:25.542,22984.1129
2026-08-20 21:42:25.954,23037.9673
2026-08-20 21:42:26.368,23187.8545
2026-08-20 21:42:26.781,23413.0854
2026-08-20 21:42:27.196,23689.9247
2026-08-20 21:42:27.699,24030.3932
2026-08-20 21:42:28.118,24386.901
2026-08-20 21:42:28.581,24730.0766
2026-08-20 21:42:28.994,24524.1893
2026-08-20 21:42:29.422,24177.0401
2026-08-20 21:42:29.846,23859.5174
2026-08-20 21:42:30.259,23555.462
2026-08-20 21:42:30.676,23297.886
2026-08-20 21:42:31.109,23109.4306
2026-08-20 21:42:31.521,22999.0244
2026-08-20 21:42:31.946,22977.9316
2026-08-20 21:42:32.372,22977.7694
2026-08-20 21:42:32.784,22977.3086
2026-08-20 21:42:33.228,22976.6889
2026-08-20 21:42:33.642,22976.0134
2026-08-20 21:42:34.061,22975.5285
2026-08-20 21:42:34.474,22975.0278
2026-08-20 21:42:34.899,22974.6399
2026-08-20 21:42:35.361,22974.252
2026-08-20 21:42:35.779,22974.0393
2026-08-20 21:42:36.193,22973.6842
2026-08-20 21:42:36.621,22979.9487
2026-08-20 21:42:37.034,23064.1072
2026-08-20 21:42:37.461,23224.6352
2026-08-20 21:42:37.875,23465.6335
2026-08-20 21:42:38.287,23745.6959
2026-08-20 21:42:38.714,24061.4239
2026-08-20 21:42:39.131,24383.6341
2026-08-20 21:42:39.558,24712.1122
2026-08-20 21:42:39.971,24566.8389
2026-08-20 21:42:40.385,24229.0328
2026-08-20 21:42:40.797,23908.5979
2026-08-20 21:42:41.211,23609.5621
2026-08-20 21:42:41.639,23342.0935
2026-08-20 21:42:42.073,23135.9623
2026-08-20 21:42:42.488,23011.8377
2026-08-20 21:42:42.902,23021.7918
2026-08-20 21:42:43.314,23145.4195
2026-08-20 21:42:43.740,23346.9635
2026-08-20 21:42:44.206,23581.7767
2026-08-20 21:42:44.632,23370.6791
2026-08-20 21:42:45.046,23148.4329
2026-08-20 21:42:45.458,23014.9687
2026-08-20 21:42:45.885,23000.7635
2026-08-20 21:42:46.304,23120.7035
2026-08-20 21:42:46.796,23366.5583
2026-08-20 21:42:47.212,23581.8909
2026-08-20 21:42:47.639,23389.6449
2026-08-20 21:42:48.133,23128.3895
2026-08-20 21:42:48.560,22999.5355
2026-08-20 21:42:49.026,23018.2602
2026-08-20 21:42:49.442,23160.8318
2026-08-20 21:42:49.854,23378.4865
2026-08-20 21:42:50.267,23650.439
2026-08-20 21:42:50.699,23961.3596
2026-08-20 21:42:51.128,24284.7627
2026-08-20 21:42:51.547,24631.8328
2026-08-20 21:42:51.960,24664.6647
2026-08-20 21:42:52.372,24321.5981
2026-08-20 21:42:52.788,23996.1116
2026-08-20 21:42:53.201,23687.5349
2026-08-20 21:42:53.616,23408.1113
2026-08-20 21:42:54.030,23184.1506
2026-08-20 21:42:54.445,23041.5984
2026-08-20 21:42:54.859,22978.2022
2026-08-20 21:42:55.273,22976.3005
2026-08-20 21:42:55.694,22976.0798
2026-08-20 21:42:56.108,22975.4443
2026-08-20 21:42:56.532,22974.6771
2026-08-20 21:42:56.956,22974.3881
2026-08-20 21:42:57.370,22973.9462
2026-08-20 21:42:57.837,22973.4484
2026-08-20 21:42:58.250,22973.3815
2026-08-20 21:42:58.663,22973.1707
2026-08-20 21:42:59.076,22972.883
2026-08-20 21:42:59.490,22972.9761
2026-08-20 21:42:59.903,22998.0044
2026-08-20 21:43:00.315,23111.6209
2026-08-20 21:43:00.743,23306.1277
2026-08-20 21:43:01.163,23559.9603
2026-08-20 21:43:01.576,23856.4109
2026-08-20 21:43:02.006,24178.6352
2026-08-20 21:43:02.435,24510.118
2026-08-20 21:43:02.856,24739.6082
2026-08-20 21:43:03.268,24436.1496
2026-08-20 21:43:03.685,24104.586
2026-08-20 21:43:04.106,23787.9492
2026-08-20 21:43:04.518,23493.0227
2026-08-20 21:43:04.929,23249.4249
2026-08-20 21:43:05.402,23081.2566
2026-08-20 21:43:05.833,22990.8472
2026-08-20 21:43:06.246,23063.127
2026-08-20 21:43:06.658,23221.3047
2026-08-20 21:43:07.072,23457.2031
2026-08-20 21:43:07.485,23521.8603
2026-08-20 21:43:07.931,23264.7536
2026-08-20 21:43:08.355,23058.9943
2026-08-20 21:43:08.770,22962.6215
2026-08-20 21:43:09.183,23015.7515
2026-08-20 21:43:09.597,23162.64
2026-08-20 21:43:10.009,23387.1657
2026-08-20 21:43:10.444,23551.228
2026-08-20 21:43:10.877,23308.2909
2026-08-20 21:43:11.304,23093.0085
2026-08-20 21:43:11.718,22967.9516
2026-08-20 21:43:12.132,22984.1026
2026-08-20 21:43:12.546,23114.7753
2026-08-20 21:43:13.008,23352.5706
2026-08-20 21:43:13.420,23623.7712
2026-08-20 21:43:13.832,23923.6063
2026-08-20 21:43:14.246,24242.5939
2026-08-20 21:43:14.658,24576.4361
2026-08-20 21:43:15.070,24669.9553
2026-08-20 21:43:15.482,24331.9425
2026-08-20 21:43:15.956,24005.0526
2026-08-20 21:43:16.416,23629.2791
2026-08-20 21:43:16.893,23315.3549
2026-08-20 21:43:17.305,23107.6838
2026-08-20 21:43:17.724,22988.1202
2026-08-20 21:43:18.137,22949.9758
2026-08-20 21:43:18.563,22950.0316
2026-08-20 21:43:18.976,22949.5517
2026-08-20 21:43:19.409,22948.8145
2026-08-20 21:43:19.835,22948.1558
2026-08-20 21:43:20.249,22947.3027
2026-08-20 21:43:20.665,22946.7946
2026-08-20 21:43:21.094,22946.3491
2026-08-20 21:43:21.512,22945.6626
2026-08-20 21:43:21.940,22945.0973
2026-08-20 21:43:22.355,22944.8901
2026-08-20 21:43:22.770,22944.4485
2026-08-20 21:43:23.185,22997.1496
2026-08-20 21:43:23.597,23133.8107
2026-08-20 21:43:24.065,23342.6118
2026-08-20 21:43:24.487,23648.0131
2026-08-20 21:43:24.932,23975.9449
2026-08-20 21:43:25.398,24338.9411
2026-08-20 21:43:25.810,24673.673
2026-08-20 21:43:26.225,24567.2791
2026-08-20 21:43:26.645,24227.81
2026-08-20 21:43:27.058,23900.1339
2026-08-20 21:43:27.480,23599.348
2026-08-20 21:43:27.945,23293.979
2026-08-20 21:43:28.369,23100.6558
2026-08-20 21:43:28.781,22983.3074
2026-08-20 21:43:29.194,22997.4076
2026-08-20 21:43:29.617,23121.1584
2026-08-20 21:43:30.031,23331.1936
2026-08-20 21:43:30.443,23555.4661
2026-08-20 21:43:30.856,23378.5457
2026-08-20 21:43:31.269,23153.3215
2026-08-20 21:43:31.682,23008.2179
2026-08-20 21:43:32.108,22966.5512
2026-08-20 21:43:32.540,23076.1243
2026-08-20 21:43:32.952,23268.5864
2026-08-20 21:43:33.379,23521.7218
2026-08-20 21:43:33.790,23447.48
2026-08-20 21:43:34.218,23196.9783
2026-08-20 21:43:34.678,23018.0193
2026-08-20 21:43:35.102,22961.6493
2026-08-20 21:43:35.518,23060.8752
2026-08-20 21:43:35.942,23239.9254
2026-08-20 21:43:36.354,23496.0357
2026-08-20 21:43:36.820,23824.706
2026-08-20 21:43:37.233,24137.3511
2026-08-20 21:43:37.646,24467.2231
2026-08-20 21:43:38.060,24722.7001
2026-08-20 21:43:38.473,24454.9531
2026-08-20 21:43:38.885,24120.9543
2026-08-20 21:43:39.300,23804.8059
2026-08-20 21:43:39.714,23510.6686
2026-08-20 21:43:40.127,23256.7415
2026-08-20 21:43:40.565,23077.55
2026-08-20 21:43:40.991,22973.5738
2026-08-20 21:43:41.403,22958.4458
2026-08-20 21:43:41.817,22958.2214
2026-08-20 21:43:42.229,22957.7642
2026-08-20 21:43:42.656,22957.2391
2026-08-20 21:43:43.069,22956.4908
2026-08-20 21:43:43.515,22956.1803
2026-08-20 21:43:43.929,22955.6762
2026-08-20 21:43:44.357,22955.4269
2026-08-20 21:43:44.770,22954.9441
2026-08-20 21:43:45.182,22954.7611
2026-08-20 21:43:45.659,22954.354
2026-08-20 21:43:46.073,22963.6495
2026-08-20 21:43:46.487,23056.0205
2026-08-20 21:43:46.910,23223.8097
2026-08-20 21:43:47.323,23468.1395
2026-08-20 21:43:47.735,23751.5856
2026-08-20 21:43:48.151,24058.8752
2026-08-20 21:43:48.580,24386.4067
2026-08-20 21:43:49.014,24717.2855
2026-08-20 21:43:49.427,24518.0714
2026-08-20 21:43:49.855,24169.2306
2026-08-20 21:43:50.266,23849.9126
2026-08-20 21:43:50.700,23552.6115
2026-08-20 21:43:51.119,23279.9643
2026-08-20 21:43:51.546,23091.3824
2026-08-20 21:43:51.960,22981.6073
2026-08-20 21:43:52.373,23014.3108
2026-08-20 21:43:52.853,23170.6394
2026-08-20 21:43:53.265,23402.1322
2026-08-20 21:43:53.677,23557.1483
2026-08-20 21:43:54.089,23319.6813
2026-08-20 21:43:54.503,23112.3457
2026-08-20 21:43:54.930,22983.004
2026-08-20 21:43:55.343,22987.665
2026-08-20 21:43:55.772,23113.8891
2026-08-20 21:43:56.199,23326.5409
2026-08-20 21:43:56.612,23561.5435
2026-08-20 21:43:57.025,23385.2402
2026-08-20 21:43:57.437,23156.1277
2026-08-20 21:43:57.884,23007.7275
2026-08-20 21:43:58.302,22968.4623
2026-08-20 21:43:58.729,23082.652
2026-08-20 21:43:59.141,23280.4306
2026-08-20 21:43:59.554,23539.3346
2026-08-20 21:44:00.015,23869.6115
2026-08-20 21:44:00.436,24186.5067
2026-08-20 21:44:00.864,24524.7452
2026-08-20 21:44:01.280,24712.0098
2026-08-20 21:44:01.692,24389.8988
2026-08-20 21:44:02.137,24058.8185
2026-08-20 21:44:02.564,23711.9655
2026-08-20 21:44:02.987,23426.5953
2026-08-20 21:44:03.401,23187.4627
2026-08-20 21:44:03.827,23030.4112
2026-08-20 21:44:04.239,22959.7549
2026-08-20 21:44:04.651,22955.6314
2026-08-20 21:44:05.063,22955.0856
2026-08-20 21:44:05.524,22954.545
2026-08-20 21:44:05.944,22953.548
2026-08-20 21:44:06.370,22952.9714
2026-08-20 21:44:06.783,22952.1089
2026-08-20 21:44:07.195,22951.4827
2026-08-20 21:44:07.607,22950.7196
2026-08-20 21:44:08.074,22950.2663
2026-08-20 21:44:08.489,22949.7576
2026-08-20 21:44:08.906,22949.376
2026-08-20 21:44:09.320,22973.6909
2026-08-20 21:44:09.784,23087.6756
2026-08-20 21:44:10.201,23305.9549
2026-08-20 21:44:10.613,23565.8133
2026-08-20 21:44:11.038,23859.9292
2026-08-20 21:44:11.451,24184.6867
2026-08-20 21:44:11.869,24515.5579
2026-08-20 21:44:12.308,24738.3359
2026-08-20 21:44:12.722,24418.629
2026-08-20 21:44:13.138,24084.072
2026-08-20 21:44:13.551,23767.234
2026-08-20 21:44:13.978,23466.7124
2026-08-20 21:44:14.402,23222.6539
2026-08-20 21:44:14.815,23052.0344
2026-08-20 21:44:15.262,22967.7209
2026-08-20 21:44:15.679,23036.3057
2026-08-20 21:44:16.104,23191.2652
2026-08-20 21:44:16.517,23431.9778
2026-08-20 21:44:16.929,23533.5197
2026-08-20 21:44:17.342,23279.7267
2026-08-20 21:44:17.772,23081.4529
2026-08-20 21:44:18.207,22965.7552
2026-08-20 21:44:18.621,23002.896
2026-08-20 21:44:19.035,23144.1491
2026-08-20 21:44:19.460,23364.0909
2026-08-20 21:44:19.873,23560.9372
2026-08-20 21:44:20.323,23331.2748
2026-08-20 21:44:20.736,23106.5892
2026-08-20 21:44:21.153,22977.067
2026-08-20 21:44:21.579,22971.7025
2026-08-20 21:44:21.992,23100.2636
2026-08-20 21:44:22.474,23333.9594
2026-08-20 21:44:22.888,23615.8767
2026-08-20 21:44:23.301,23918.009
2026-08-20 21:44:23.716,24237.9737
2026-08-20 21:44:24.129,24574.4134
2026-08-20 21:44:24.567,24697.8302
2026-08-20 21:44:24.990,24341.2128
2026-08-20 21:44:25.404,24002.8311
2026-08-20 21:44:25.817,23691.1237
2026-08-20 21:44:26.235,23406.5341
2026-08-20 21:44:26.696,23150.6086
2026-08-20 21:44:27.109,23009.7904
2026-08-20 21:44:27.538,22948.1281
2026-08-20 21:44:27.950,22947.0047
2026-08-20 21:44:28.364,22946.5108
2026-08-20 21:44:28.778,22945.3499
2026-08-20 21:44:29.291,22944.2359
2026-08-20 21:44:29.704,22943.418
2026-08-20 21:44:30.122,22942.5465
2026-08-20 21:44:30.534,22941.6483
2026-08-20 21:44:30.960,22941.0329
2026-08-20 21:44:31.373,22940.4024
2026-08-20 21:44:31.801,22940.0289
2026-08-20 21:44:32.219,22939.3404
2026-08-20 21:44:32.632,22979.6964
2026-08-20 21:44:33.045,23107.9811
2026-08-20 21:44:33.457,23309.5439
2026-08-20 21:44:33.869,23572.1287
2026-08-20 21:44:34.281,23868.2704
2026-08-20 21:44:34.707,24184.0893
2026-08-20 21:44:35.260,24593.3537
2026-08-20 21:44:35.677,24609.2557
2026-08-20 21:44:36.100,24264.6733
2026-08-20 21:44:36.528,23929.8289
2026-08-20 21:44:36.947,23613.2493
2026-08-20 21:44:37.366,23334.431
2026-08-20 21:44:37.778,23120.0441
2026-08-20 21:44:38.219,22986.6691
2026-08-20 21:44:38.636,22967.4516
2026-08-20 21:44:39.051,23078.3973
2026-08-20 21:44:39.464,23268.3291
2026-08-20 21:44:39.877,23519.4466
2026-08-20 21:44:40.303,23423.1093
2026-08-20 21:44:40.716,23173.5412
2026-08-20 21:44:41.136,23009.5318
2026-08-20 21:44:41.549,22940.8653
2026-08-20 21:44:41.962,23017.1372
2026-08-20 21:44:42.391,23186.6598
2026-08-20 21:44:42.811,23426.7322
2026-08-20 21:44:43.223,23711.2571
2026-08-20 21:44:43.644,24018.9049
2026-08-20 21:44:44.056,24351.4125
2026-08-20 21:44:44.469,24677.2796
2026-08-20 21:44:44.895,24537.8171
2026-08-20 21:44:45.309,24186.1658
2026-08-20 21:44:45.723,23861.3988
2026-08-20 21:44:46.136,23558.2185
2026-08-20 21:44:46.550,23289.1953
2026-08-20 21:44:46.963,23086.8668
2026-08-20 21:44:47.394,22963.7622
2026-08-20 21:44:47.827,22928.3107
2026-08-20 21:44:48.238,22927.9479
2026-08-20 21:44:48.651,22927.0406
2026-08-20 21:44:49.078,22925.6585
2026-08-20 21:44:49.546,22924.7545
2026-08-20 21:44:49.964,22923.3986
2026-08-20 21:44:50.377,22922.2725
2026-08-20 21:44:50.804,22921.3391
2026-08-20 21:44:51.216,22920.2539
2026-08-20 21:44:51.636,22919.4475
2026-08-20 21:44:52.061,22918.6937
2026-08-20 21:44:52.473,22919.0297
2026-08-20 21:44:52.901,22982.2523
2026-08-20 21:44:53.323,23132.5757
2026-08-20 21:44:53.737,23358.9375
2026-08-20 21:44:54.172,23644.928
2026-08-20 21:44:54.586,23954.7254
2026-08-20 21:44:55.014,24278.5079
2026-08-20 21:44:55.427,24629.1125
2026-08-20 21:44:55.840,24583.1858
2026-08-20 21:44:56.266,24227.8699
2026-08-20 21:44:56.678,23901.5062
2026-08-20 21:44:57.103,23595.4685
2026-08-20 21:44:57.515,23312.1085
2026-08-20 21:44:57.956,23094.76
2026-08-20 21:44:58.368,22962.1503
2026-08-20 21:44:58.793,22946.3006
2026-08-20 21:44:59.204,23062.5185
2026-08-20 21:44:59.623,23254.0855
2026-08-20 21:45:00.088,23516.9517
2026-08-20 21:45:00.501,23345.3615
2026-08-20 21:45:00.926,23116.1895
2026-08-20 21:45:01.339,22964.7285
2026-08-20 21:45:01.752,22923.8499
2026-08-20 21:45:02.214,23045.0007
2026-08-20 21:45:02.626,23237.5341
2026-08-20 21:45:03.047,23491.386
2026-08-20 21:45:03.460,23402.4734
2026-08-20 21:45:03.876,23156.0313
2026-08-20 21:45:04.292,22985.8397
2026-08-20 21:45:04.718,22909.7103
2026-08-20 21:45:05.174,23007.8205
2026-08-20 21:45:05.586,23184.58
2026-08-20 21:45:06.000,23432.7777
2026-08-20 21:45:06.424,23723.8375
2026-08-20 21:45:06.837,24044.5597
2026-08-20 21:45:07.280,24373.4366
2026-08-20 21:45:07.693,24680.2332
2026-08-20 21:45:08.113,24439.2868
2026-08-20 21:45:08.526,24094.0119
2026-08-20 21:45:08.939,23774.0649
2026-08-20 21:45:09.366,23475.0415
2026-08-20 21:45:09.779,23207.8799
2026-08-20 21:45:10.224,23024.5686
2026-08-20 21:45:10.655,22913.7201
2026-08-20 21:45:11.067,22898.8155
2026-08-20 21:45:11.480,22898.2523
2026-08-20 21:45:11.905,22897.0955
2026-08-20 21:45:12.333,22896.0644
2026-08-20 21:45:12.745,22894.869
2026-08-20 21:45:13.171,22893.8819
2026-08-20 21:45:13.584,22892.9619
2026-08-20 21:45:13.997,22892.0431
2026-08-20 21:45:14.410,22891.1964
2026-08-20 21:45:14.835,22890.7493
2026-08-20 21:45:15.315,22889.9868
2026-08-20 21:45:15.732,22897.9986
2026-08-20 21:45:16.146,22988.7891
2026-08-20 21:45:16.559,23155.0942
2026-08-20 21:45:16.984,23392.7139
2026-08-20 21:45:17.412,23685.8184
2026-08-20 21:45:17.825,24007.5584
2026-08-20 21:45:18.252,24345.399
2026-08-20 21:45:18.672,24659.6914
2026-08-20 21:45:19.088,24470.8666
2026-08-20 21:45:19.566,24084.2086
2026-08-20 21:45:19.994,23754.5716
2026-08-20 21:45:20.406,23446.9047
2026-08-20 21:45:20.821,23191.6762
2026-08-20 21:45:21.234,23009.7844
2026-08-20 21:45:21.648,22908.3734
2026-08-20 21:45:22.061,22947.2088
2026-08-20 21:45:22.494,23083.6204
2026-08-20 21:45:22.906,23313.9784
2026-08-20 21:45:23.320,23490.5234
2026-08-20 21:45:23.735,23260.6401
2026-08-20 21:45:24.148,23045.8222
2026-08-20 21:45:24.560,22914.2195
2026-08-20 21:45:24.971,22903.3446
2026-08-20 21:45:25.384,23022.4098
2026-08-20 21:45:25.797,23218.8679
2026-08-20 21:45:26.209,23468.6807
2026-08-20 21:45:26.621,23350.9292
2026-08-20 21:45:27.034,23108.1076
2026-08-20 21:45:27.446,22944.4032
2026-08-20 21:45:27.872,22875.2783
2026-08-20 21:45:28.283,22965.2444
2026-08-20 21:45:28.696,23136.2582
2026-08-20 21:45:29.109,23380.9851
2026-08-20 21:45:29.532,23669.8432
2026-08-20 21:45:29.961,23988.473
2026-08-20 21:45:30.448,24389.0839
2026-08-20 21:45:30.861,24647.9605
2026-08-20 21:45:31.285,24379.3127
2026-08-20 21:45:31.712,24031.5939
2026-08-20 21:45:32.143,23701.4677
2026-08-20 21:45:32.576,23383.0258
2026-08-20 21:45:32.990,23131.4603
2026-08-20 21:45:33.404,22961.6859
2026-08-20 21:45:33.838,22869.9517
2026-08-20 21:45:34.251,22859.1616
2026-08-20 21:45:34.679,22857.9805
2026-08-20 21:45:35.095,22856.6709
2026-08-20 21:45:35.531,22855.1021
2026-08-20 21:45:35.945,22852.5221
2026-08-20 21:45:36.370,22850.3597
2026-08-20 21:45:36.783,22848.5558
2026-08-20 21:45:37.210,22847.2628
2026-08-20 21:45:37.630,22846.0338
2026-08-20 21:45:38.042,22844.9816
2026-08-20 21:45:38.454,22844.3611
2026-08-20 21:45:38.867,22852.316
2026-08-20 21:45:39.294,22942.3252
2026-08-20 21:45:39.706,23115.0253
2026-08-20 21:45:40.151,23363.4297
2026-08-20 21:45:40.569,23661.3203
2026-08-20 21:45:40.982,23975.4091
2026-08-20 21:45:41.400,24302.7362
2026-08-20 21:45:41.814,24615.9308
2026-08-20 21:45:42.226,24419.8608
2026-08-20 21:45:42.638,24079.0544
2026-08-20 21:45:43.051,23755.8685
2026-08-20 21:45:43.475,23453.7663
2026-08-20 21:45:43.887,23181.0496
2026-08-20 21:45:44.321,22983.825
2026-08-20 21:45:44.748,22865.803
2026-08-20 21:45:45.162,22888.7392
2026-08-20 21:45:45.574,23018.539
2026-08-20 21:45:45.989,23228.2233
2026-08-20 21:45:46.402,23442.0843
2026-08-20 21:45:46.822,23243.5405
2026-08-20 21:45:47.234,23016.0184
2026-08-20 21:45:47.647,22875.4266
2026-08-20 21:45:48.059,22839.5179
2026-08-20 21:45:48.485,22942.9166
2026-08-20 21:45:48.897,23130.06
2026-08-20 21:45:49.321,23387.1457
2026-08-20 21:45:49.733,23340.876
2026-08-20 21:45:50.152,23089.3122
2026-08-20 21:45:50.564,22910.7428
2026-08-20 21:45:50.989,22824.6013
2026-08-20 21:45:51.414,22898.9589
2026-08-20 21:45:51.831,23066.4721
2026-08-20 21:45:52.250,23307.792
2026-08-20 21:45:52.662,23598.0608
2026-08-20 21:45:53.075,23906.6266
2026-08-20 21:45:53.495,24232.7975
2026-08-20 21:45:53.908,24566.6875
2026-08-20 21:45:54.332,24429.6393
2026-08-20 21:45:54.746,24076.4573
2026-08-20 21:45:55.160,23750.4369
2026-08-20 21:45:55.573,23444.7779
2026-08-20 21:45:56.076,23122.2008
2026-08-20 21:45:56.489,22935.5186
2026-08-20 21:45:56.905,22828.8032
2026-08-20 21:45:57.317,22805.3798
2026-08-20 21:45:57.731,22804.0302
2026-08-20 21:45:58.143,22802.4447
2026-08-20 21:45:58.569,22800.2866
2026-08-20 21:45:58.992,22798.6651
2026-08-20 21:45:59.405,22797.0004
2026-08-20 21:45:59.838,22795.3276
2026-08-20 21:46:00.252,22793.7009
2026-08-20 21:46:00.663,22792.2679
2026-08-20 21:46:01.078,22790.7337
2026-08-20 21:46:01.519,22789.2201
2026-08-20 21:46:01.931,22789.3325
2026-08-20 21:46:02.344,22854.721
2026-08-20 21:46:02.769,23000.1061
2026-08-20 21:46:03.183,23227.6977
2026-08-20 21:46:03.609,23502.9077
2026-08-20 21:46:04.102,23872.6425
2026-08-20 21:46:04.516,24203.2408
2026-08-20 21:46:04.933,24534.3627
2026-08-20 21:46:05.345,24404.8312
2026-08-20 21:46:05.822,24018.7516
2026-08-20 21:46:06.235,23687.3439
2026-08-20 21:46:06.654,23385.7152
2026-08-20 21:46:07.070,23116.2863
2026-08-20 21:46:07.484,22921.2081
2026-08-20 21:46:07.923,22806.2435
2026-08-20 21:46:08.351,22831.2484
2026-08-20 21:46:08.765,22964.0482
2026-08-20 21:46:09.177,23177.421
2026-08-20 21:46:09.590,23381.755
2026-08-20 21:46:10.064,23141.8708
2026-08-20 21:46:10.478,22925.6407
2026-08-20 21:46:10.906,22796.7803
2026-08-20 21:46:11.323,22797.0512
2026-08-20 21:46:11.740,22923.7109
2026-08-20 21:46:12.154,23130.2361
2026-08-20 21:46:12.567,23366.6778
2026-08-20 21:46:12.989,23206.2628
2026-08-20 21:46:13.403,22965.1903
2026-08-20 21:46:13.817,22811.3446
2026-08-20 21:46:14.230,22760.4629
2026-08-20 21:46:14.642,22860.6588
2026-08-20 21:46:15.054,23040.4341
2026-08-20 21:46:15.466,23291.464
2026-08-20 21:46:15.878,23582.9608
2026-08-20 21:46:16.304,23896.0505
2026-08-20 21:46:16.762,24271.5487
2026-08-20 21:46:17.183,24529.1393
2026-08-20 21:46:17.596,24253.0869
2026-08-20 21:46:18.014,23914.1693
2026-08-20 21:46:18.428,23590.7334
2026-08-20 21:46:18.841,23293.3654
2026-08-20 21:46:19.253,23038.4341
2026-08-20 21:46:19.667,22859.2502
2026-08-20 21:46:20.086,22758.7241
2026-08-20 21:46:20.529,22740.0712
2026-08-20 21:46:20.965,22738.7467
2026-08-20 21:46:21.378,22737.3092
2026-08-20 21:46:21.790,22735.901
2026-08-20 21:46:22.251,22734.5683
2026-08-20 21:46:22.669,22732.7563
2026-08-20 21:46:23.083,22731.5157
2026-08-20 21:46:23.510,22730.0156
2026-08-20 21:46:23.927,22728.7061
2026-08-20 21:46:24.342,22727.4409
2026-08-20 21:46:24.776,22726.0439
2026-08-20 21:46:25.206,22735.8895
2026-08-20 21:46:25.618,22830.1361
2026-08-20 21:46:26.032,22999.0464
2026-08-20 21:46:26.446,23239.5129
2026-08-20 21:46:26.859,23525.743
2026-08-20 21:46:27.278,23839.0505
2026-08-20 21:46:27.691,24165.1396
2026-08-20 21:46:28.104,24483.8997
2026-08-20 21:46:28.525,24314.4336
2026-08-20 21:46:28.938,23965.4958
2026-08-20 21:46:29.350,23641.8989
2026-08-20 21:46:29.778,23329.5494
2026-08-20 21:46:30.245,23062.9202
2026-08-20 21:46:30.663,22844.9884
2026-08-20 21:46:31.077,22739.0858
2026-08-20 21:46:31.490,22770.3466
2026-08-20 21:46:31.902,22902.297
2026-08-20 21:46:32.320,23114.709
2026-08-20 21:46:32.735,23320.9408
2026-08-20 21:46:33.149,23111.566
2026-08-20 21:46:33.562,22889.8268
2026-08-20 21:46:33.990,22747.3092
2026-08-20 21:46:34.417,22724.9667
2026-08-20 21:46:34.836,22843.5526
2026-08-20 21:46:35.250,23039.1799
2026-08-20 21:46:35.676,23294.387
2026-08-20 21:46:36.088,23191.7258
2026-08-20 21:46:36.502,22946.2975
2026-08-20 21:46:36.914,22778.1091
2026-08-20 21:46:37.359,22702.2117
2026-08-20 21:46:37.771,22791.691
2026-08-20 21:46:38.185,22961.8431
2026-08-20 21:46:38.598,23206.6608
2026-08-20 21:46:39.012,23494.4177
2026-08-20 21:46:39.424,23805.1899
2026-08-20 21:46:39.836,24132.34
2026-08-20 21:46:40.263,24456.752
2026-08-20 21:46:40.677,24276.3345
2026-08-20 21:46:41.096,23930.4084
2026-08-20 21:46:41.510,23606.3174
2026-08-20 21:46:41.923,23303.2569
2026-08-20 21:46:42.348,23036.079
2026-08-20 21:46:42.763,22833.6797
2026-08-20 21:46:43.189,22718.5568
2026-08-20 21:46:43.675,22687.7044
2026-08-20 21:46:44.104,22686.6999
2026-08-20 21:46:44.526,22685.596
2026-08-20 21:46:44.942,22684.2176
2026-08-20 21:46:45.373,22683.2236
2026-08-20 21:46:45.786,22682.1995
2026-08-20 21:46:46.205,22680.9428
2026-08-20 21:46:46.633,22679.8905
2026-08-20 21:46:47.049,22679.1991
2026-08-20 21:46:47.490,22678.0411
2026-08-20 21:46:47.925,22676.9858
2026-08-20 21:46:48.342,22683.2439
2026-08-20 21:46:48.760,22769.5687
2026-08-20 21:46:49.176,22934.5613
2026-08-20 21:46:49.610,23172.2803
2026-08-20 21:46:50.029,23470.3014
2026-08-20 21:46:50.455,23784.0171
2026-08-20 21:46:50.867,24121.194
2026-08-20 21:46:51.280,24439.0009
2026-08-20 21:46:51.703,24271.3288
2026-08-20 21:46:52.115,23921.1625
2026-08-20 21:46:52.552,23598.6356
2026-08-20 21:46:52.964,23280.6659
2026-08-20 21:46:53.390,23017.1133
2026-08-20 21:46:53.810,22818.3968
2026-08-20 21:46:54.222,22704.1868
2026-08-20 21:46:54.666,22723.0666
2026-08-20 21:46:55.082,22861.9358
2026-08-20 21:46:55.495,23075.6879
2026-08-20 21:46:55.908,23281.7394
2026-08-20 21:46:56.335,23077.3538
2026-08-20 21:46:56.747,22849.6837
2026-08-20 21:46:57.164,22712.1609
2026-08-20 21:46:57.591,22693.0276
2026-08-20 21:46:58.009,22810.1776
2026-08-20 21:46:58.425,23007.4069
2026-08-20 21:46:58.853,23260.687
2026-08-20 21:46:59.266,23142.3191
2026-08-20 21:46:59.682,22900.9821
2026-08-20 21:47:00.099,22737.5201
2026-08-20 21:47:00.526,22672.4044
2026-08-20 21:47:00.940,22767.8153
2026-08-20 21:47:01.352,22943.3168
2026-08-20 21:47:01.777,23190.9348
2026-08-20 21:47:02.191,23489.9096
2026-08-20 21:47:02.604,23803.4634
2026-08-20 21:47:03.033,24144.3926
2026-08-20 21:47:03.468,24440.4941
2026-08-20 21:47:03.881,24201.2331
2026-08-20 21:47:04.302,23863.6098
2026-08-20 21:47:04.716,23537.4171
2026-08-20 21:47:05.129,23239.1411
2026-08-20 21:47:05.541,22981.1246
2026-08-20 21:47:05.953,22796.9174
2026-08-20 21:47:06.366,22691.4706
2026-08-20 21:47:06.781,22669.3524
2026-08-20 21:47:07.192,22669.515
2026-08-20 21:47:07.604,22668.8655
2026-08-20 21:47:08.016,22668.4613
2026-08-20 21:47:08.482,22667.6766
2026-08-20 21:47:08.895,22667.4091
2026-08-20 21:47:09.307,22666.8484
2026-08-20 21:47:09.719,22666.5392
2026-08-20 21:47:10.141,22666.3381
2026-08-20 21:47:10.567,22666.1289
2026-08-20 21:47:10.991,22665.8323
2026-08-20 21:47:11.483,22672.7396
2026-08-20 21:47:11.898,22758.4269
2026-08-20 21:47:12.310,22920.6095
2026-08-20 21:47:12.733,23154.9309
2026-08-20 21:47:13.159,23443.9443
2026-08-20 21:47:13.577,23762.4101
2026-08-20 21:47:13.991,24091.7866
2026-08-20 21:47:14.403,24422.8336
2026-08-20 21:47:14.820,24298.2813
2026-08-20 21:47:15.232,23952.9181
2026-08-20 21:47:15.644,23629.5048
2026-08-20 21:47:16.056,23326.1654
2026-08-20 21:47:16.469,23053.6803
2026-08-20 21:47:16.895,22846.5503
2026-08-20 21:47:17.321,22716.0697
2026-08-20 21:47:17.732,22704.3668
2026-08-20 21:47:18.158,22823.7221
2026-08-20 21:47:18.578,23019.7462
2026-08-20 21:47:18.991,23265.7744
2026-08-20 21:47:19.408,23122.4232
2026-08-20 21:47:19.834,22882.4371
2026-08-20 21:47:20.246,22731.7362
2026-08-20 21:47:20.672,22679.2385
2026-08-20 21:47:21.084,22779.7047
2026-08-20 21:47:21.498,22957.2111
2026-08-20 21:47:21.911,23208.0113
2026-08-20 21:47:22.343,23209.3439
2026-08-20 21:47:22.758,22942.2509
2026-08-20 21:47:23.170,22763.7185
2026-08-20 21:47:23.598,22673.3989
2026-08-20 21:47:24.011,22741.5028
2026-08-20 21:47:24.437,22899.0965
2026-08-20 21:47:24.898,23173.0095
2026-08-20 21:47:25.317,23460.6978
2026-08-20 21:47:25.728,23775.2398
2026-08-20 21:47:26.141,24101.3025
2026-08-20 21:47:26.556,24422.6156
2026-08-20 21:47:26.969,24262.5393
2026-08-20 21:47:27.388,23921.7116
2026-08-20 21:47:27.805,23593.9106
2026-08-20 21:47:28.235,23289.7506
2026-08-20 21:47:28.662,23012.7762
2026-08-20 21:47:29.075,22812.7787
2026-08-20 21:47:29.489,22700.2803
2026-08-20 21:47:29.902,22671.0616
2026-08-20 21:47:30.320,22671.4951
2026-08-20 21:47:30.814,22671.0122
2026-08-20 21:47:31.226,22670.391
2026-08-20 21:47:31.640,22669.7453
2026-08-20 21:47:32.054,22669.5365
2026-08-20 21:47:32.468,22668.9826
2026-08-20 21:47:32.885,22668.5845
2026-08-20 21:47:33.306,22668.4299
2026-08-20 21:47:33.719,22668.1094
2026-08-20 21:47:34.141,22668.0448
2026-08-20 21:47:34.567,22669.3416
2026-08-20 21:47:34.980,22738.7416
2026-08-20 21:47:35.458,22911.1394
2026-08-20 21:47:35.872,23150.4888
2026-08-20 21:47:36.294,23431.5672
2026-08-20 21:47:36.709,23745.62
2026-08-20 21:47:37.125,24071.1973
2026-08-20 21:47:37.552,24407.9833
2026-08-20 21:47:37.965,24291.9495
2026-08-20 21:47:38.392,23950.9227
2026-08-20 21:47:38.805,23615.7414
2026-08-20 21:47:39.218,23313.5553
2026-08-20 21:47:39.631,23044.1112
2026-08-20 21:47:40.060,22838.7033
2026-08-20 21:47:40.496,22713.8431
2026-08-20 21:47:40.921,22716.2611
2026-08-20 21:47:41.339,22842.9706
2026-08-20 21:47:41.752,23049.2286
2026-08-20 21:47:42.165,23277.1223
2026-08-20 21:47:42.578,23102.7276
2026-08-20 21:47:42.990,22873.4963
2026-08-20 21:47:43.402,22726.2709
2026-08-20 21:47:43.820,22682.1298
2026-08-20 21:47:44.233,22784.5447
2026-08-20 21:47:44.683,22982.6524
2026-08-20 21:47:45.095,23239.8961
2026-08-20 21:47:45.517,23173.6087
2026-08-20 21:47:45.929,22920.3778
2026-08-20 21:47:46.347,22750.1579
2026-08-20 21:47:46.760,22670.7591
2026-08-20 21:47:47.176,22748.7024
2026-08-20 21:47:47.589,22914.45
2026-08-20 21:47:48.015,23154.4369
2026-08-20 21:47:48.429,23449.0875
2026-08-20 21:47:48.853,23759.7762
2026-08-20 21:47:49.266,24094.941
2026-08-20 21:47:49.678,24417.679
2026-08-20 21:47:50.093,24265.2577
2026-08-20 21:47:50.506,23923.9546
2026-08-20 21:47:50.918,23600.8798
2026-08-20 21:47:51.379,23299.3793
2026-08-20 21:47:51.810,23000.0777
2026-08-20 21:47:52.223,22804.4678
2026-08-20 21:47:52.637,22695.023
2026-08-20 21:47:53.073,22669.6891
2026-08-20 21:47:53.488,22669.7873
2026-08-20 21:47:53.901,22669.7161
2026-08-20 21:47:54.312,22669.1651
2026-08-20 21:47:54.740,22668.9346
2026-08-20 21:47:55.159,22668.6559
2026-08-20 21:47:55.571,22668.4547
2026-08-20 21:47:55.995,22668.5021
2026-08-20 21:47:56.409,22668.2252
2026-08-20 21:47:56.873,22668.0802
2026-08-20 21:47:57.286,22668.0347
2026-08-20 21:47:57.711,22670.4091
2026-08-20 21:47:58.125,22743.1256
2026-08-20 21:47:58.555,22901.0345
2026-08-20 21:47:58.996,23129.5268
2026-08-20 21:47:59.409,23427.1926
2026-08-20 21:47:59.822,23734.3089
2026-08-20 21:48:00.237,24057.9297
2026-08-20 21:48:00.662,24396.0695
2026-08-20 21:48:01.076,24307.3168
2026-08-20 21:48:01.490,23965.1795
2026-08-20 21:48:01.903,23639.293
2026-08-20 21:48:02.315,23335.5317
2026-08-20 21:48:02.741,23054.93
2026-08-20 21:48:03.155,22849.0963
2026-08-20 21:48:03.568,22721.6705
2026-08-20 21:48:03.981,22705.5468
2026-08-20 21:48:04.392,22817.9796
2026-08-20 21:48:04.819,23007.41
2026-08-20 21:48:05.231,23263.8607
2026-08-20 21:48:05.675,23151.3661
2026-08-20 21:48:06.101,22896.5637
2026-08-20 21:48:06.516,22737.8796
2026-08-20 21:48:06.928,22684.8803
2026-08-20 21:48:07.340,22780.8024
2026-08-20 21:48:07.801,22982.2531
2026-08-20 21:48:08.228,23245.0886
2026-08-20 21:48:08.641,23177.7942
2026-08-20 21:48:09.064,22931.101
2026-08-20 21:48:09.480,22756.4475
2026-08-20 21:48:09.901,22679.0686
2026-08-20 21:48:10.328,22760.6019
2026-08-20 21:48:10.740,22933.6332
2026-08-20 21:48:11.153,23176.6366
2026-08-20 21:48:11.614,23463.4276
2026-08-20 21:48:12.033,23815.0588
2026-08-20 21:48:12.446,24143.1751
2026-08-20 21:48:12.872,24443.496
2026-08-20 21:48:13.286,24221.7322
2026-08-20 21:48:13.712,23873.533
2026-08-20 21:48:14.125,23555.0373
2026-08-20 21:48:14.538,23257.4654
2026-08-20 21:48:14.953,22997.3931
2026-08-20 21:48:15.371,22811.045
2026-08-20 21:48:15.797,22702.8473
2026-08-20 21:48:16.253,22679.9866
2026-08-20 21:48:16.665,22680.0785
2026-08-20 21:48:17.080,22679.6398
2026-08-20 21:48:17.505,22679.3196
2026-08-20 21:48:17.919,22678.8816
2026-08-20 21:48:18.353,22678.6537
2026-08-20 21:48:18.765,22678.4399
2026-08-20 21:48:19.187,22678.2008
2026-08-20 21:48:19.600,22678.0269
2026-08-20 21:48:20.012,22677.946
2026-08-20 21:48:20.430,22677.8955
2026-08-20 21:48:20.843,22680.7437
2026-08-20 21:48:21.280,22757.118
2026-08-20 21:48:21.694,22914.8506
2026-08-20 21:48:22.106,23143.9599
2026-08-20 21:48:22.520,23422.1162
2026-08-20 21:48:22.932,23727.8278
2026-08-20 21:48:23.345,24050.2278
2026-08-20 21:48:23.762,24391.8338
2026-08-20 21:48:24.176,24340.8242
2026-08-20 21:48:24.591,23997.3803
2026-08-20 21:48:25.016,23670.5424
2026-08-20 21:48:25.443,23356.5586
2026-08-20 21:48:25.859,23073.8664
2026-08-20 21:48:26.271,22863.4623
2026-08-20 21:48:26.702,22731.1667
2026-08-20 21:48:27.131,22720.6334
2026-08-20 21:48:27.543,22836.9529
2026-08-20 21:48:27.957,23031.5423
2026-08-20 21:48:28.381,23275.9285
2026-08-20 21:48:28.800,23140.1629
2026-08-20 21:48:29.212,22903.0295
2026-08-20 21:48:29.639,22746.3221
2026-08-20 21:48:30.064,22695.6644
2026-08-20 21:48:30.476,22796.9819
2026-08-20 21:48:30.889,22975.1967
2026-08-20 21:48:31.306,23225.6757
2026-08-20 21:48:31.719,23217.7055
2026-08-20 21:48:32.147,22955.8186
2026-08-20 21:48:32.568,22779.08
2026-08-20 21:48:32.980,22689.5112
2026-08-20 21:48:33.408,22757.3663
2026-08-20 21:48:33.821,22921.5485
2026-08-20 21:48:34.234,23157.4175
2026-08-20 21:48:34.661,23440.7773
2026-08-20 21:48:35.078,23759.5368
2026-08-20 21:48:35.521,24087.9544
2026-08-20 21:48:35.934,24435.4851
2026-08-20 21:48:36.345,24285.7391
2026-08-20 21:48:36.762,23945.7558
2026-08-20 21:48:37.178,23621.1531
2026-08-20 21:48:37.605,23317.6982
2026-08-20 21:48:38.019,23040.3104
2026-08-20 21:48:38.433,22842.3888
2026-08-20 21:48:38.855,22724.7989
2026-08-20 21:48:39.268,22690.2293
2026-08-20 21:48:39.734,22690.5322
2026-08-20 21:48:40.147,22690.4604
2026-08-20 21:48:40.559,22689.8434
2026-08-20 21:48:40.972,22689.6005
2026-08-20 21:48:41.385,22689.2417
2026-08-20 21:48:41.856,22689.1022
2026-08-20 21:48:42.269,22688.9676
2026-08-20 21:48:42.696,22688.667
2026-08-20 21:48:43.116,22688.8086
2026-08-20 21:48:43.528,22688.8337
2026-08-20 21:48:43.944,22688.6803
2026-08-20 21:48:44.357,22688.6893
2026-08-20 21:48:44.770,22688.7861
2026-08-20 21:48:45.183,22688.6509
2026-08-20 21:48:45.604,22688.7446
2026-08-20 21:48:46.066,22688.7673
2026-08-20 21:48:46.480,22688.7577
2026-08-20 21:48:46.893,22688.9519
2026-08-20 21:48:47.306,22689.0034
2026-08-20 21:48:47.767,22689.0937
2026-08-20 21:48:48.186,22689.3137
2026-08-20 21:48:48.599,22689.4959
2026-08-20 21:48:49.012,22689.7877
2026-08-20 21:48:49.437,22689.9351
2026-08-20 21:48:49.852,22690.169
2026-08-20 21:48:50.283,22690.3196
2026-08-20 21:48:50.695,22690.5201
2026-08-20 21:48:51.123,22690.7163
2026-08-20 21:48:51.540,22690.9197
2026-08-20 21:48:51.965,22691.1275
2026-08-20 21:48:52.394,22691.3366
2026-08-20 21:48:52.805,22691.6526
2026-08-20 21:48:53.219,22691.9358
2026-08-20 21:48:53.636,22692.346
2026-08-20 21:48:54.049,22692.6705
2026-08-20 21:48:54.508,22692.8425
2026-08-20 21:48:54.936,22692.9707
2026-08-20 21:48:55.348,22693.3817
2026-08-20 21:48:55.761,22693.6518
2026-08-20 21:48:56.180,22694.0762
2026-08-20 21:48:56.612,22694.314
2026-08-20 21:48:57.028,22694.6011
2026-08-20 21:48:57.444,22694.8975
2026-08-20 21:48:57.856,22695.1249
2026-08-20 21:48:58.319,22695.4782
2026-08-20 21:48:58.739,22695.8846
2026-08-20 21:48:59.167,22696.1556
2026-08-20 21:48:59.580,22696.5532
2026-08-20 21:49:00.005,22696.942
2026-08-20 21:49:00.419,22697.2971
2026-08-20 21:49:00.835,22697.4706
2026-08-20 21:49:01.257,22696.2974
2026-08-20 21:49:01.670,22695.1625
2026-08-20 21:49:02.083,22695.0044
2026-08-20 21:49:02.506,22695.187
2026-08-20 21:49:02.935,22695.5309
2026-08-20 21:49:03.354,22696.2872
2026-08-20 21:49:03.766,22696.8659
2026-08-20 21:49:04.178,22697.4682
2026-08-20 21:49:04.590,22698.2632
2026-08-20 21:49:05.002,22699.6016
2026-08-20 21:49:05.467,22700.5282
2026-08-20 21:49:05.880,22701.2447
2026-08-20 21:49:06.303,22701.6261
2026-08-20 21:49:06.717,22702.0698
2026-08-20 21:49:07.131,22702.664
2026-08-20 21:49:07.557,22703.0054
2026-08-20 21:49:07.975,22703.3127
2026-08-20 21:49:08.387,22703.8299
2026-08-20 21:49:08.801,22704.0887
2026-08-20 21:49:09.220,22704.5139
2026-08-20 21:49:09.637,22705.0235
2026-08-20 21:49:10.067,22705.3063
2026-08-20 21:49:10.478,22705.7671
2026-08-20 21:49:10.892,22706.2583
2026-08-20 21:49:11.321,22706.5932
2026-08-20 21:49:11.735,22706.9167
2026-08-20 21:49:12.148,22707.339
2026-08-20 21:49:12.561,22707.6224
2026-08-20 21:49:12.994,22707.9286
2026-08-20 21:49:13.412,22708.4695
2026-08-20 21:49:13.826,22708.5951
2026-08-20 21:49:14.238,22708.868
2026-08-20 21:49:14.649,22709.27
2026-08-20 21:49:15.148,22709.6523
2026-08-20 21:49:15.560,22710.1432
2026-08-20 21:49:15.987,22710.5705
2026-08-20 21:49:16.400,22711.0126
2026-08-20 21:49:16.813,22711.2935
2026-08-20 21:49:17.245,22711.9714
2026-08-20 21:49:17.665,22712.2827
2026-08-20 21:49:18.078,22712.8081
2026-08-20 21:49:18.503,22713.184
2026-08-20 21:49:18.915,22713.577
2026-08-20 21:49:19.328,22714.0313
2026-08-20 21:49:19.754,22714.7411
2026-08-20 21:49:20.183,22714.7329
2026-08-20 21:49:20.597,22715.4451
2026-08-20 21:49:21.009,22715.7109
2026-08-20 21:49:21.422,22716.4397
2026-08-20 21:49:21.834,22716.7233
2026-08-20 21:49:22.253,22717.102
2026-08-20 21:49:22.745,22717.6524
2026-08-20 21:49:23.157,22718.1998
2026-08-20 21:49:23.572,22718.3144
2026-08-20 21:49:23.985,22718.7874
2026-08-20 21:49:24.427,22719.3679
2026-08-20 21:49:24.853,22719.6769
2026-08-20 21:49:25.265,22719.923
2026-08-20 21:49:25.697,22720.5074
2026-08-20 21:49:26.110,22720.7267
2026-08-20 21:49:26.522,22721.2215
2026-08-20 21:49:26.953,22721.6538
2026-08-20 21:49:27.367,22722.0609
2026-08-20 21:49:27.782,22742.7969
2026-08-20 21:49:28.196,22859.3427
2026-08-20 21:49:28.610,23047.5546
2026-08-20 21:49:29.031,23298.3112
2026-08-20 21:49:29.458,23591.9897
2026-08-20 21:49:29.872,23914.296
2026-08-20 21:49:30.284,24243.5658
2026-08-20 21:49:30.697,24520.3747
2026-08-20 21:49:31.111,24275.0141
2026-08-20 21:49:31.523,23938.3927
2026-08-20 21:49:31.998,23582.657
2026-08-20 21:49:32.459,23284.036
2026-08-20 21:49:32.905,23011.2223
2026-08-20 21:49:33.331,22833.195
2026-08-20 21:49:33.796,22760.1113
2026-08-20 21:49:34.208,22856.6078
2026-08-20 21:49:34.623,23031.5578
2026-08-20 21:49:35.050,23280.0722
2026-08-20 21:49:35.463,23284.1557
2026-08-20 21:49:35.875,23030.5445
2026-08-20 21:49:36.305,22848.087
2026-08-20 21:49:36.722,22750.6956
2026-08-20 21:49:37.136,22817.5929
2026-08-20 21:49:37.561,22982.2308
2026-08-20 21:49:37.987,23216.2299
2026-08-20 21:49:38.400,23340.2102
2026-08-20 21:49:38.823,23088.0124
2026-08-20 21:49:39.235,22881.9767
2026-08-20 21:49:39.648,22760.829
2026-08-20 21:49:40.072,22786.3454
2026-08-20 21:49:40.486,22930.7047
2026-08-20 21:49:40.914,23158.53
2026-08-20 21:49:41.344,23431.8265
2026-08-20 21:49:41.772,23757.772
2026-08-20 21:49:42.193,24079.4002
2026-08-20 21:49:42.620,24422.9968
2026-08-20 21:49:43.034,24434.3174
2026-08-20 21:49:43.458,24090.2041
2026-08-20 21:49:43.886,23754.1952
2026-08-20 21:49:44.298,23438.554
2026-08-20 21:49:44.723,23162.8956
2026-08-20 21:49:45.139,22940.7994
2026-08-20 21:49:45.566,22804.1579
2026-08-20 21:49:45.983,22749.8254
2026-08-20 21:49:46.396,22749.8749
2026-08-20 21:49:46.809,22749.6443
2026-08-20 21:49:47.273,22749.4365
2026-08-20 21:49:47.701,22748.9318
2026-08-20 21:49:48.113,22748.4828
2026-08-20 21:49:48.526,22748.6311
2026-08-20 21:49:48.940,22748.3428
2026-08-20 21:49:49.359,22748.265
2026-08-20 21:49:49.783,22748.2551
2026-08-20 21:49:50.207,22748.2163
2026-08-20 21:49:50.620,22748.3128
2026-08-20 21:49:51.042,22790.098
2026-08-20 21:49:51.469,22924.4199
2026-08-20 21:49:51.887,23137.2265
2026-08-20 21:49:52.299,23405.76
2026-08-20 21:49:52.715,23702.4135
2026-08-20 21:49:53.127,24021.902
2026-08-20 21:49:53.538,24352.9133
2026-08-20 21:49:53.951,24512.6976
2026-08-20 21:49:54.423,24143.9284
2026-08-20 21:49:54.836,23810.5335
2026-08-20 21:49:55.263,23491.0324
2026-08-20 21:49:55.676,23210.2974
2026-08-20 21:49:56.089,22983.2059
2026-08-20 21:49:56.523,22830.291
2026-08-20 21:49:56.940,22778.0658
2026-08-20 21:49:57.354,22873.9641
2026-08-20 21:49:57.768,23048.3078
2026-08-20 21:49:58.180,23296.61
2026-08-20 21:49:58.593,23300.2491
2026-08-20 21:49:59.046,23044.9074
2026-08-20 21:49:59.463,22851.8302
2026-08-20 21:49:59.876,22766.0841
2026-08-20 21:50:00.289,22837.1656
2026-08-20 21:50:00.702,22995.8425
2026-08-20 21:50:01.137,23229.5191
2026-08-20 21:50:01.549,23349.4646
2026-08-20 21:50:01.977,23087.586
2026-08-20 21:50:02.390,22890.7339
2026-08-20 21:50:02.804,22774.562
2026-08-20 21:50:03.243,22805.9748
2026-08-20 21:50:03.656,22957.0784
2026-08-20 21:50:04.070,23178.7525
2026-08-20 21:50:04.484,23454.3402
2026-08-20 21:50:04.898,23757.7115
2026-08-20 21:50:05.311,24078.79
2026-08-20 21:50:05.729,24415.2305
2026-08-20 21:50:06.208,24426.3561
2026-08-20 21:50:06.620,24072.3952
2026-08-20 21:50:07.056,23736.8438
2026-08-20 21:50:07.469,23427.8684
2026-08-20 21:50:07.887,23155.421
2026-08-20 21:50:08.316,22937.0758
2026-08-20 21:50:08.728,22810.2752
2026-08-20 21:50:09.151,22765.6116
2026-08-20 21:50:09.566,22766.2323
2026-08-20 21:50:09.979,22765.9595
2026-08-20 21:50:10.396,22765.6781
2026-08-20 21:50:10.810,22765.648
2026-08-20 21:50:11.223,22765.6267
2026-08-20 21:50:11.635,22765.569
2026-08-20 21:50:12.053,22765.5696
2026-08-20 21:50:12.515,22765.5496
2026-08-20 21:50:12.927,22765.6961
2026-08-20 21:50:13.339,22765.7907
2026-08-20 21:50:13.753,22765.8645
2026-08-20 21:50:14.164,22805.5239
2026-08-20 21:50:14.627,22952.5203
2026-08-20 21:50:15.054,23171.0549
2026-08-20 21:50:15.478,23438.7721
2026-08-20 21:50:15.904,23746.3754
2026-08-20 21:50:16.317,24075.4464
2026-08-20 21:50:16.748,24414.7185
2026-08-20 21:50:17.168,24501.0242
2026-08-20 21:50:17.595,24152.0642
2026-08-20 21:50:18.010,23813.6565
2026-08-20 21:50:18.431,23503.9839
2026-08-20 21:50:18.845,23217.7388
2026-08-20 21:50:19.272,22993.0244
2026-08-20 21:50:19.686,22844.2706
2026-08-20 21:50:20.107,22796.1779
2026-08-20 21:50:20.520,22893.456
2026-08-20 21:50:20.937,23068.2613
2026-08-20 21:50:21.356,23319.079
2026-08-20 21:50:21.771,23300.3535
2026-08-20 21:50:22.183,23049.1621
2026-08-20 21:50:22.596,22874.3097
2026-08-20 21:50:23.039,22784.7929
2026-08-20 21:50:23.465,22857.6474
2026-08-20 21:50:23.880,23024.0536
2026-08-20 21:50:24.293,23262.9888
2026-08-20 21:50:24.720,23353.3432
2026-08-20 21:50:25.145,23096.9403
2026-08-20 21:50:25.557,22898.4864
2026-08-20 21:50:25.971,22788.4206
2026-08-20 21:50:26.385,22827.8418
2026-08-20 21:50:26.812,22971.262
2026-08-20 21:50:27.267,23226.3782
2026-08-20 21:50:27.680,23505.3514
2026-08-20 21:50:28.093,23810.1033
2026-08-20 21:50:28.516,24131.5502
2026-08-20 21:50:28.930,24476.5012
2026-08-20 21:50:29.352,24440.0814
2026-08-20 21:50:29.770,24089.1222
2026-08-20 21:50:30.182,23761.2147
2026-08-20 21:50:30.609,23447.6312
2026-08-20 21:50:31.021,23174.5781
2026-08-20 21:50:31.444,22963.5416
2026-08-20 21:50:31.857,22830.2764
2026-08-20 21:50:32.285,22781.7718
2026-08-20 21:50:32.699,22782.4393
2026-08-20 21:50:33.119,22782.0749
2026-08-20 21:50:33.550,22781.8066
2026-08-20 21:50:33.962,22781.5241
2026-08-20 21:50:34.389,22781.2393
2026-08-20 21:50:34.823,22781.353
2026-08-20 21:50:35.240,22781.3331
2026-08-20 21:50:35.663,22781.2386
2026-08-20 21:50:36.087,22781.2783
2026-08-20 21:50:36.501,22781.308
2026-08-20 21:50:36.918,22781.1816
2026-08-20 21:50:37.331,22824.4445
2026-08-20 21:50:37.764,22954.8212
2026-08-20 21:50:38.194,23179.3671
2026-08-20 21:50:38.606,23447.612
2026-08-20 21:50:39.030,23745.5522
2026-08-20 21:50:39.451,24071.8809
2026-08-20 21:50:39.873,24412.3739
2026-08-20 21:50:40.300,24511.5172
2026-08-20 21:50:40.713,24160.5078
2026-08-20 21:50:41.147,23821.999
2026-08-20 21:50:41.561,23508.2474
2026-08-20 21:50:41.975,23227.9925
2026-08-20 21:50:42.388,23002.8637
2026-08-20 21:50:42.823,22857.9609
2026-08-20 21:50:43.237,22808.1147
2026-08-20 21:50:43.649,22904.2573
2026-08-20 21:50:44.064,23078.3476
2026-08-20 21:50:44.528,23327.0778
2026-08-20 21:50:44.947,23279.2528
2026-08-20 21:50:45.374,23028.8322
2026-08-20 21:50:45.796,22865.6644
2026-08-20 21:50:46.210,22793.9142
2026-08-20 21:50:46.622,22877.8682
2026-08-20 21:50:47.038,23043.7385
2026-08-20 21:50:47.465,23295.5869
2026-08-20 21:50:47.879,23360.2266
2026-08-20 21:50:48.293,23101.0456
2026-08-20 21:50:48.706,22908.2496
2026-08-20 21:50:49.148,22797.8482
2026-08-20 21:50:49.571,22843.5605
2026-08-20 21:50:49.984,22995.4828
2026-08-20 21:50:50.396,23220.894
2026-08-20 21:50:50.808,23497.8361
2026-08-20 21:50:51.250,23801.2861
2026-08-20 21:50:51.677,24158.0182
2026-08-20 21:50:52.089,24494.8835
2026-08-20 21:50:52.502,24440.9666
2026-08-20 21:50:52.927,24099.2883
2026-08-20 21:50:53.392,23735.0375
2026-08-20 21:50:53.810,23424.9165
2026-08-20 21:50:54.224,23153.0865
2026-08-20 21:50:54.651,22945.6624
2026-08-20 21:50:55.064,22827.2174
2026-08-20 21:50:55.481,22790.7422
2026-08-20 21:50:55.911,22791.442
2026-08-20 21:50:56.336,22791.0917
2026-08-20 21:50:56.751,22790.8325
2026-08-20 21:50:57.166,22790.3512
2026-08-20 21:50:57.579,22789.876
2026-08-20 21:50:57.991,22790.0087
2026-08-20 21:50:58.410,22789.6628
2026-08-20 21:50:58.822,22789.4159
2026-08-20 21:50:59.237,22789.4035
2026-08-20 21:50:59.697,22789.3378
2026-08-20 21:51:00.110,22789.6039
2026-08-20 21:51:00.524,22842.5669
2026-08-20 21:51:00.937,22979.0748
2026-08-20 21:51:01.351,23189.3483
2026-08-20 21:51:01.812,23491.0848
2026-08-20 21:51:02.236,23792.0523
2026-08-20 21:51:02.663,24120.9793
2026-08-20 21:51:03.075,24467.7335
2026-08-20 21:51:03.489,24486.9947
2026-08-20 21:51:03.910,24141.4379
2026-08-20 21:51:04.324,23809.3167
2026-08-20 21:51:04.736,23502.5129
2026-08-20 21:51:05.162,23225.385
2026-08-20 21:51:05.574,22999.2001
2026-08-20 21:51:06.035,22849.4484
2026-08-20 21:51:06.461,22826.1964
2026-08-20 21:51:06.874,22939.5509
2026-08-20 21:51:07.288,23127.8569
2026-08-20 21:51:07.700,23377.6817
2026-08-20 21:51:08.140,23278.6751
2026-08-20 21:51:08.552,23025.4375
2026-08-20 21:51:08.966,22868.3342
2026-08-20 21:51:09.379,22806.6153
2026-08-20 21:51:09.792,22896.049
2026-08-20 21:51:10.254,23091.1586
2026-08-20 21:51:10.667,23341.5681
2026-08-20 21:51:11.096,23328.1857
2026-08-20 21:51:11.508,23067.1085
2026-08-20 21:51:11.921,22892.1904
2026-08-20 21:51:12.347,22804.1804
2026-08-20 21:51:12.759,22876.0533
2026-08-20 21:51:13.178,23035.1077
2026-08-20 21:51:13.592,23273.8316
2026-08-20 21:51:14.004,23557.4824
2026-08-20 21:51:14.416,23863.5589
2026-08-20 21:51:14.845,24191.0287
2026-08-20 21:51:15.265,24531.4212
2026-08-20 21:51:15.677,24411.9483
2026-08-20 21:51:16.092,24072.3317
2026-08-20 21:51:16.503,23748.7029
2026-08-20 21:51:16.931,23437.9723
2026-08-20 21:51:17.345,23169.3779
2026-08-20 21:51:17.771,22966.989
2026-08-20 21:51:18.182,22842.5901
2026-08-20 21:51:18.609,22804.9996
2026-08-20 21:51:19.034,22805.8591
2026-08-20 21:51:19.446,22805.6414
2026-08-20 21:51:19.877,22805.1855
2026-08-20 21:51:20.291,22804.9221
2026-08-20 21:51:20.702,22804.9167
2026-08-20 21:51:21.118,22804.5466
2026-08-20 21:51:21.532,22804.5344
2026-08-20 21:51:21.948,22804.7439
2026-08-20 21:51:22.384,22804.6454
2026-08-20 21:51:22.798,22804.6098
2026-08-20 21:51:23.210,22804.9298
2026-08-20 21:51:23.622,22850.1926
2026-08-20 21:51:24.038,22980.7145
2026-08-20 21:51:24.451,23186.8308
2026-08-20 21:51:24.918,23486.6557
2026-08-20 21:51:25.337,23787.6366
2026-08-20 21:51:25.801,24148.4798
2026-08-20 21:51:26.245,24512.654
2026-08-20 21:51:26.657,24464.6692
2026-08-20 21:51:27.076,24122.7925
2026-08-20 21:51:27.568,23734.1688
2026-08-20 21:51:27.986,23434.5858
2026-08-20 21:51:28.399,23166.1509
2026-08-20 21:51:28.815,22969.3163
2026-08-20 21:51:29.252,22849.4705
2026-08-20 21:51:29.664,22857.7852
2026-08-20 21:51:30.080,22981.3488
2026-08-20 21:51:30.493,23186.7719
2026-08-20 21:51:30.906,23412.4011
2026-08-20 21:51:31.327,23238.6455
2026-08-20 21:51:31.803,22986.6186
2026-08-20 21:51:32.264,22850.1928
2026-08-20 21:51:32.690,22842.3762
2026-08-20 21:51:33.120,22978.6552
2026-08-20 21:51:33.533,23184.5077
2026-08-20 21:51:33.995,23423.6016
2026-08-20 21:51:34.408,23224.0551
2026-08-20 21:51:34.820,23001.639
2026-08-20 21:51:35.234,22860.4366
2026-08-20 21:51:35.658,22828.6937
2026-08-20 21:51:36.120,22962.0312
2026-08-20 21:51:36.539,23161.6684
2026-08-20 21:51:36.966,23428.5122
2026-08-20 21:51:37.388,23735.6856
2026-08-20 21:51:37.802,24059.4738
2026-08-20 21:51:38.220,24393.3406
2026-08-20 21:51:38.633,24572.1336
2026-08-20 21:51:39.045,24253.095
2026-08-20 21:51:39.457,23922.7333
2026-08-20 21:51:39.875,23610.9892
2026-08-20 21:51:40.294,23318.4786
2026-08-20 21:51:40.785,23037.7788
2026-08-20 21:51:41.210,22891.6687
2026-08-20 21:51:41.630,22823.9495
2026-08-20 21:51:42.042,22821.8908
2026-08-20 21:51:42.473,22821.8134
2026-08-20 21:51:42.884,22821.4024
2026-08-20 21:51:43.297,22821.142
2026-08-20 21:51:43.714,22820.8764
2026-08-20 21:51:44.126,22820.7044
2026-08-20 21:51:44.592,22820.6427
2026-08-20 21:51:45.050,22820.5944
2026-08-20 21:51:45.463,22820.6455
2026-08-20 21:51:45.875,22820.7454
2026-08-20 21:51:46.302,22820.8525
2026-08-20 21:51:46.722,22853.1042
2026-08-20 21:51:47.135,22976.9826
2026-08-20 21:51:47.548,23172.5602
2026-08-20 21:51:47.982,23439.6446
2026-08-20 21:51:48.395,23739.4749
2026-08-20 21:51:48.835,24054.4395
2026-08-20 21:51:49.248,24407.1241
2026-08-20 21:51:49.661,24578.0617
2026-08-20 21:51:50.074,24257.6249
2026-08-20 21:51:50.486,23927.5211
2026-08-20 21:51:50.899,23616.4911
2026-08-20 21:51:51.364,23294.9506
2026-08-20 21:51:51.782,23064.7921
2026-08-20 21:51:52.248,22898.1256
2026-08-20 21:51:52.674,22850.4875
2026-08-20 21:51:53.087,22948.7396
2026-08-20 21:51:53.516,23131.634
2026-08-20 21:51:53.929,23383.0295
2026-08-20 21:51:54.342,23356.8425
2026-08-20 21:51:54.807,23079.3242
2026-08-20 21:51:55.218,22914.0771
2026-08-20 21:51:55.631,22838.4682
2026-08-20 21:51:56.066,22919.2082
2026-08-20 21:51:56.479,23087.1914
2026-08-20 21:51:56.892,23327.0694
2026-08-20 21:51:57.308,23407.6182
2026-08-20 21:51:57.722,23149.2763
2026-08-20 21:51:58.135,22955.7551
2026-08-20 21:51:58.552,22844.6729
2026-08-20 21:51:58.964,22880.7813
2026-08-20 21:51:59.442,23044.4588
2026-08-20 21:51:59.857,23278.4776
2026-08-20 21:52:00.269,23558.8658
2026-08-20 21:52:00.681,23863.3768
2026-08-20 21:52:01.108,24185.1291
2026-08-20 21:52:01.525,24537.0414
2026-08-20 21:52:01.938,24488.7741
2026-08-20 21:52:02.351,24147.1328
2026-08-20 21:52:02.765,23821.828
2026-08-20 21:52:03.191,23517.4347
2026-08-20 21:52:03.607,23234.278
2026-08-20 21:52:04.020,23020.7228
2026-08-20 21:52:04.482,22879.1957
2026-08-20 21:52:04.896,22838.963
2026-08-20 21:52:05.309,22839.7418
2026-08-20 21:52:05.722,22839.4998
2026-08-20 21:52:06.135,22839.1831
2026-08-20 21:52:06.548,22839.016
2026-08-20 21:52:06.962,22838.94
2026-08-20 21:52:07.375,22838.8783
2026-08-20 21:52:07.787,22838.96
2026-08-20 21:52:08.214,22838.0607
2026-08-20 21:52:08.628,22837.441
2026-08-20 21:52:09.042,22837.3845
2026-08-20 21:52:09.457,22837.5398
2026-08-20 21:52:09.870,22870.1459
2026-08-20 21:52:10.283,22991.484
2026-08-20 21:52:10.696,23185.842
2026-08-20 21:52:11.135,23452.2834
2026-08-20 21:52:11.552,23755.0723
2026-08-20 21:52:11.976,24073.6571
2026-08-20 21:52:12.389,24414.489
2026-08-20 21:52:12.816,24598.3062
2026-08-20 21:52:13.239,24278.7515
2026-08-20 21:52:13.654,23939.028
2026-08-20 21:52:14.070,23627.2594
2026-08-20 21:52:14.482,23337.6719
2026-08-20 21:52:14.895,23100.6684
2026-08-20 21:52:15.356,22927.2244
2026-08-20 21:52:15.768,22865.1447
2026-08-20 21:52:16.180,22946.9271
2026-08-20 21:52:16.592,23109.9244
2026-08-20 21:52:17.019,23348.7835
2026-08-20 21:52:17.482,23371.553
2026-08-20 21:52:17.898,23120.6671
2026-08-20 21:52:18.312,22944.9363
2026-08-20 21:52:18.724,22856.3054
2026-08-20 21:52:19.150,22919.3257
2026-08-20 21:52:19.565,23077.643
2026-08-20 21:52:19.987,23310.88
2026-08-20 21:52:20.412,23445.777
2026-08-20 21:52:20.824,23190.104
2026-08-20 21:52:21.243,22989.1251
2026-08-20 21:52:21.669,22867.6147
2026-08-20 21:52:22.082,22890.8329
2026-08-20 21:52:22.502,23025.9527
2026-08-20 21:52:22.916,23243.2362
2026-08-20 21:52:23.328,23514.0459
2026-08-20 21:52:23.766,23814.7121
2026-08-20 21:52:24.180,24153.1728
2026-08-20 21:52:24.593,24489.0291
2026-08-20 21:52:25.005,24562.9862
2026-08-20 21:52:25.417,24222.569
2026-08-20 21:52:25.884,23854.4022
2026-08-20 21:52:26.303,23549.3358
2026-08-20 21:52:26.715,23268.1985
2026-08-20 21:52:27.143,23045.6987
2026-08-20 21:52:27.563,22911.746
2026-08-20 21:52:27.983,22857.7803
2026-08-20 21:52:28.405,22857.8445
2026-08-20 21:52:28.823,22857.7487
2026-08-20 21:52:29.236,22857.3556
2026-08-20 21:52:29.663,22857.2875
2026-08-20 21:52:30.084,22856.8832
2026-08-20 21:52:30.497,22856.731
2026-08-20 21:52:30.909,22856.5782
2026-08-20 21:52:31.322,22856.7804
2026-08-20 21:52:31.747,22856.5249
2026-08-20 21:52:32.208,22856.8155
2026-08-20 21:52:32.620,22856.9312
2026-08-20 21:52:33.047,22893.0723
2026-08-20 21:52:33.460,23022.9472
2026-08-20 21:52:33.874,23222.3632
2026-08-20 21:52:34.307,23484.3939
2026-08-20 21:52:34.720,23794.2892
2026-08-20 21:52:35.134,24110.3099
2026-08-20 21:52:35.547,24443.0677
2026-08-20 21:52:35.961,24614.0107
2026-08-20 21:52:36.438,24250.7901
2026-08-20 21:52:36.852,23914.6156
2026-08-20 21:52:37.274,23605.1454
2026-08-20 21:52:37.687,23317.6967
2026-08-20 21:52:38.100,23090.8298
2026-08-20 21:52:38.524,22942.9617
2026-08-20 21:52:38.956,22887.5527
2026-08-20 21:52:39.368,22981.5915
2026-08-20 21:52:39.779,23153.0081
2026-08-20 21:52:40.202,23399.1963
2026-08-20 21:52:40.630,23395.0535
2026-08-20 21:52:41.044,23136.0332
2026-08-20 21:52:41.455,22963.1178
2026-08-20 21:52:41.869,22876.4985
2026-08-20 21:52:42.281,22940.9594
2026-08-20 21:52:42.699,23093.9762
2026-08-20 21:52:43.189,23376.9834
2026-08-20 21:52:43.603,23432.1965
2026-08-20 21:52:44.017,23174.6339
2026-08-20 21:52:44.443,22985.6266
2026-08-20 21:52:44.870,22878.5928
2026-08-20 21:52:45.284,22930.3908
2026-08-20 21:52:45.697,23078.8494
2026-08-20 21:52:46.108,23304.6298
2026-08-20 21:52:46.527,23581.2409
2026-08-20 21:52:46.999,23929.356
2026-08-20 21:52:47.421,24258.7536
2026-08-20 21:52:47.835,24598.1564
2026-08-20 21:52:48.255,24489.7472
2026-08-20 21:52:48.673,24144.9915
2026-08-20 21:52:49.092,23819.1617
2026-08-20 21:52:49.505,23513.3981
2026-08-20 21:52:49.923,23245.2869
2026-08-20 21:52:50.337,23040.5448
2026-08-20 21:52:50.750,22918.5868
2026-08-20 21:52:51.211,22878.6902
2026-08-20 21:52:51.635,22879.2774
2026-08-20 21:52:52.062,22879.0768
2026-08-20 21:52:52.480,22879.0047
2026-08-20 21:52:52.892,22878.7659
2026-08-20 21:52:53.305,22878.6497
2026-08-20 21:52:53.718,22878.7198
2026-08-20 21:52:54.139,22878.5473
2026-08-20 21:52:54.555,22878.6398
2026-08-20 21:52:54.968,22878.6464
2026-08-20 21:52:55.448,22879.065
2026-08-20 21:52:55.863,22880.3303
2026-08-20 21:52:56.280,22945.1091
2026-08-20 21:52:56.693,23090.6269
2026-08-20 21:52:57.111,23309.4861
2026-08-20 21:52:57.533,23585.5191
2026-08-20 21:52:57.948,23892.9825
2026-08-20 21:52:58.363,24215.2504
2026-08-20 21:52:58.775,24552.3652
2026-08-20 21:52:59.188,24575.3302
2026-08-20 21:52:59.626,24231.1176
2026-08-20 21:53:00.046,23885.8587
2026-08-20 21:53:00.459,23575.4372
2026-08-20 21:53:00.871,23300.6392
2026-08-20 21:53:01.283,23084.8237
2026-08-20 21:53:01.749,22936.4189
2026-08-20 21:53:02.162,22918.5117
2026-08-20 21:53:02.576,23029.6487
2026-08-20 21:53:03.001,23218.3969
2026-08-20 21:53:03.425,23471.8402
2026-08-20 21:53:03.839,23350.9041
2026-08-20 21:53:04.260,23115.6378
2026-08-20 21:53:04.673,22957.0134
2026-08-20 21:53:05.087,22898.6402
2026-08-20 21:53:05.500,22990.622
2026-08-20 21:53:05.941,23163.0214
2026-08-20 21:53:06.352,23426.7068
2026-08-20 21:53:06.776,23429.1865
2026-08-20 21:53:07.193,23168.5348
2026-08-20 21:53:07.607,22988.4259
2026-08-20 21:53:08.037,22894.6936
2026-08-20 21:53:08.450,22956.2597
2026-08-20 21:53:08.869,23107.7315
2026-08-20 21:53:09.290,23340.5509
2026-08-20 21:53:09.704,23625.0074
2026-08-20 21:53:10.137,23942.2027
2026-08-20 21:53:10.551,24271.4415
2026-08-20 21:53:10.988,24607.7858
2026-08-20 21:53:11.400,24510.342
2026-08-20 21:53:11.813,24171.4763
2026-08-20 21:53:12.236,23848.726
2026-08-20 21:53:12.649,23539.8949
2026-08-20 21:53:13.108,23242.1986
2026-08-20 21:53:13.521,23046.91
2026-08-20 21:53:13.942,22931.1818
2026-08-20 21:53:14.354,22897.6674
2026-08-20 21:53:14.789,22898.3312
2026-08-20 21:53:15.221,22898.1505
2026-08-20 21:53:15.639,22897.7214
2026-08-20 21:53:16.064,22897.5007
2026-08-20 21:53:16.476,22897.2665
2026-08-20 21:53:16.902,22897.1795
2026-08-20 21:53:17.334,22896.9953
2026-08-20 21:53:17.746,22897.0134
2026-08-20 21:53:18.161,22896.9916
2026-08-20 21:53:18.572,22896.9364
2026-08-20 21:53:19.005,22897.619
2026-08-20 21:53:19.420,22959.1021
2026-08-20 21:53:19.834,23101.7964
2026-08-20 21:53:20.260,23326.5125
2026-08-20 21:53:20.674,23598.9766
2026-08-20 21:53:21.088,23900.185
2026-08-20 21:53:21.513,24220.344
2026-08-20 21:53:21.929,24565.7077
2026-08-20 21:53:22.368,24590.3513
2026-08-20 21:53:22.780,24225.9231
2026-08-20 21:53:23.193,23901.9191
2026-08-20 21:53:23.606,23596.6407
2026-08-20 21:53:24.029,23320.6444
2026-08-20 21:53:24.442,23099.8258
2026-08-20 21:53:24.859,22963.7704
2026-08-20 21:53:25.289,22932.1765
2026-08-20 21:53:25.784,23066.5088
2026-08-20 21:53:26.229,23285.0959
2026-08-20 21:53:26.652,23515.7862
2026-08-20 21:53:27.064,23341.051
2026-08-20 21:53:27.477,23113.9886
2026-08-20 21:53:27.912,22965.7119
2026-08-20 21:53:28.332,22921.2961
2026-08-20 21:53:28.757,23028.1867
2026-08-20 21:53:29.175,23218.2103
2026-08-20 21:53:29.592,23474.0869
2026-08-20 21:53:30.020,23408.9263
2026-08-20 21:53:30.433,23155.4406
2026-08-20 21:53:30.846,22988.4141
2026-08-20 21:53:31.258,22912.6929
2026-08-20 21:53:31.682,22990.8513
2026-08-20 21:53:32.141,23183.3726
2026-08-20 21:53:32.566,23429.2572
2026-08-20 21:53:32.980,23725.9434
2026-08-20 21:53:33.392,24036.2796
2026-08-20 21:53:33.812,24363.911
2026-08-20 21:53:34.235,24669.5342
2026-08-20 21:53:34.646,24454.0587
2026-08-20 21:53:35.060,24118.4793
2026-08-20 21:53:35.474,23800.2602
2026-08-20 21:53:35.935,23501.964
2026-08-20 21:53:36.352,23212.4793
2026-08-20 21:53:36.777,23029.7587
2026-08-20 21:53:37.199,22931.9317
2026-08-20 21:53:37.614,22914.7375
2026-08-20 21:53:38.026,22914.9533
2026-08-20 21:53:38.470,22914.4092
2026-08-20 21:53:38.881,22914.2439
2026-08-20 21:53:39.306,22913.8042
2026-08-20 21:53:39.722,22913.4178
2026-08-20 21:53:40.134,22912.8453
2026-08-20 21:53:40.556,22912.0133
2026-08-20 21:53:40.969,22911.5201
2026-08-20 21:53:41.381,22911.2235
2026-08-20 21:53:41.793,22911.1531
2026-08-20 21:53:42.205,22913.6364
2026-08-20 21:53:42.618,22983.5489
2026-08-20 21:53:43.040,23132.2898
2026-08-20 21:53:43.454,23360.1164
2026-08-20 21:53:43.869,23636.8198
2026-08-20 21:53:44.284,23940.8216
2026-08-20 21:53:44.712,24263.9505
2026-08-20 21:53:45.124,24612.3117
2026-08-20 21:53:45.546,24576.4731
2026-08-20 21:53:45.965,24227.2716
2026-08-20 21:53:46.390,23898.2719
2026-08-20 21:53:46.804,23587.0115
2026-08-20 21:53:47.217,23314.401
2026-08-20 21:53:47.629,23104.9166
2026-08-20 21:53:48.046,22974.952
2026-08-20 21:53:48.463,22950.5525
2026-08-20 21:53:48.890,23059.7005
2026-08-20 21:53:49.303,23253.155
2026-08-20 21:53:49.716,23501.7167
2026-08-20 21:53:50.136,23399.5489
2026-08-20 21:53:50.550,23157.1509
2026-08-20 21:53:50.975,22997.4125
2026-08-20 21:53:51.393,22931.4096
2026-08-20 21:53:51.807,23020.8377
2026-08-20 21:53:52.223,23190.9228
2026-08-20 21:53:52.635,23436.2514
2026-08-20 21:53:53.052,23486.0053
2026-08-20 21:53:53.466,23225.7165
2026-08-20 21:53:53.930,23020.4827
2026-08-20 21:53:54.341,22929.3258
2026-08-20 21:53:54.803,23004.4667
2026-08-20 21:53:55.220,23166.6408
2026-08-20 21:53:55.634,23406.4867
2026-08-20 21:53:56.048,23690.5333
2026-08-20 21:53:56.474,24009.1469
2026-08-20 21:53:56.902,24344.947
2026-08-20 21:53:57.315,24667.0422
2026-08-20 21:53:57.740,24517.0861
2026-08-20 21:53:58.153,24170.1697
2026-08-20 21:53:58.565,23850.1227
2026-08-20 21:53:58.977,23551.2741
2026-08-20 21:53:59.390,23285.165
2026-08-20 21:53:59.810,23086.5629
2026-08-20 21:54:00.237,22966.7954
2026-08-20 21:54:00.655,22931.5448
2026-08-20 21:54:01.067,22932.2648
2026-08-20 21:54:01.479,22932.191
2026-08-20 21:54:01.921,22931.962
2026-08-20 21:54:02.336,22931.5971
2026-08-20 21:54:02.750,22931.3272
2026-08-20 21:54:03.166,22931.1224
2026-08-20 21:54:03.580,22930.9546
2026-08-20 21:54:03.992,22930.9266
2026-08-20 21:54:04.463,22930.9039
2026-08-20 21:54:04.879,22930.8787
2026-08-20 21:54:05.359,22933.173
2026-08-20 21:54:05.791,23013.2059
2026-08-20 21:54:06.218,23174.2151
2026-08-20 21:54:06.642,23403.7737
2026-08-20 21:54:07.059,23690.2214
2026-08-20 21:54:07.474,23999.3271
2026-08-20 21:54:07.891,24322.636
2026-08-20 21:54:08.308,24659.237
2026-08-20 21:54:08.720,24557.1865
2026-08-20 21:54:09.142,24219.4606
2026-08-20 21:54:09.572,23890.1058
2026-08-20 21:54:09.984,23577.1647
2026-08-20 21:54:10.406,23309.5336
2026-08-20 21:54:10.822,23104.2117
2026-08-20 21:54:11.234,22982.3179
2026-08-20 21:54:11.663,22978.5523
2026-08-20 21:54:12.076,23095.9315
2026-08-20 21:54:12.504,23292.0172
2026-08-20 21:54:12.918,23536.0505
2026-08-20 21:54:13.331,23383.1255
2026-08-20 21:54:13.745,23153.2354
2026-08-20 21:54:14.159,23002.8748
2026-08-20 21:54:14.633,22958.1799
2026-08-20 21:54:15.048,23069.8589
2026-08-20 21:54:15.467,23258.064
2026-08-20 21:54:15.893,23513.966
2026-08-20 21:54:16.306,23427.2246
2026-08-20 21:54:16.723,23183.4022
2026-08-20 21:54:17.149,23019.0309
2026-08-20 21:54:17.566,22947.5947
2026-08-20 21:54:17.978,23034.89
2026-08-20 21:54:18.390,23203.361
2026-08-20 21:54:18.814,23445.3754
2026-08-20 21:54:19.228,23738.8243
2026-08-20 21:54:19.655,24059.5274
2026-08-20 21:54:20.092,24397.1964
2026-08-20 21:54:20.504,24701.0214
2026-08-20 21:54:20.921,24489.1399
2026-08-20 21:54:21.335,24149.9066
2026-08-20 21:54:21.748,23831.8725
2026-08-20 21:54:22.175,23535.2459
2026-08-20 21:54:22.588,23266.7837
2026-08-20 21:54:23.022,23075.7465
2026-08-20 21:54:23.440,22969.899
2026-08-20 21:54:23.858,22948.6196
2026-08-20 21:54:24.270,22948.69
2026-08-20 21:54:24.694,22948.3671
2026-08-20 21:54:25.107,22948.0107
2026-08-20 21:54:25.519,22947.8191
2026-08-20 21:54:25.932,22947.6578
2026-08-20 21:54:26.347,22947.7503
2026-08-20 21:54:26.763,22947.7676
2026-08-20 21:54:27.229,22947.8124
2026-08-20 21:54:27.647,22947.8727
2026-08-20 21:54:28.060,22948.0293
2026-08-20 21:54:28.472,22950.2813
2026-08-20 21:54:28.885,23019.2868
2026-08-20 21:54:29.300,23166.9467
2026-08-20 21:54:29.745,23388.6293
2026-08-20 21:54:30.159,23684.9928
2026-08-20 21:54:30.572,23989.0924
2026-08-20 21:54:30.984,24310.8455
2026-08-20 21:54:31.397,24645.7957
2026-08-20 21:54:31.810,24609.5453
2026-08-20 21:54:32.232,24268.1048
2026-08-20 21:54:32.644,23937.1606
2026-08-20 21:54:33.057,23634.446
2026-08-20 21:54:33.479,23360.1657
2026-08-20 21:54:33.905,23142.9724
2026-08-20 21:54:34.318,23007.9142
2026-08-20 21:54:34.743,22984.0408
2026-08-20 21:54:35.157,23095.0883
2026-08-20 21:54:35.596,23281.9568
2026-08-20 21:54:36.008,23541.0565
2026-08-20 21:54:36.419,23421.4497
2026-08-20 21:54:36.832,23185.3394
2026-08-20 21:54:37.259,23027.7612
2026-08-20 21:54:37.673,22964.0877
2026-08-20 21:54:38.084,23053.1044
2026-08-20 21:54:38.496,23221.4878
2026-08-20 21:54:38.941,23484.3603
2026-08-20 21:54:39.366,23495.8443
2026-08-20 21:54:39.779,23234.1194
2026-08-20 21:54:40.192,23055.3144
2026-08-20 21:54:40.607,22962.2791
2026-08-20 21:54:41.022,23023.1957
2026-08-20 21:54:41.499,23202.3065
2026-08-20 21:54:41.916,23447.196
2026-08-20 21:54:42.329,23734.2435
2026-08-20 21:54:42.742,24042.1551
2026-08-20 21:54:43.155,24366.5955
2026-08-20 21:54:43.598,24695.3209
2026-08-20 21:54:44.018,24552.0066
2026-08-20 21:54:44.434,24208.5902
2026-08-20 21:54:44.846,23886.0848
2026-08-20 21:54:45.312,23587.6404
2026-08-20 21:54:45.738,23281.6217
2026-08-20 21:54:46.165,23094.7551
2026-08-20 21:54:46.592,22984.6182
2026-08-20 21:54:47.004,22961.1034
2026-08-20 21:54:47.421,22961.2768
2026-08-20 21:54:47.848,22960.71
2026-08-20 21:54:48.263,22960.5957
2026-08-20 21:54:48.677,22960.0985
2026-08-20 21:54:49.089,22959.768
2026-08-20 21:54:49.502,22959.751
2026-08-20 21:54:49.915,22959.4343
2026-08-20 21:54:50.327,22959.2521
2026-08-20 21:54:50.754,22959.4174
2026-08-20 21:54:51.167,22959.2629
2026-08-20 21:54:51.607,22959.8387
2026-08-20 21:54:52.020,23025.0976
2026-08-20 21:54:52.432,23168.5957
2026-08-20 21:54:52.856,23386.1516
2026-08-20 21:54:53.272,23665.6496
2026-08-20 21:54:53.691,23969.1009
2026-08-20 21:54:54.171,24335.2807
2026-08-20 21:54:54.596,24679.2547
2026-08-20 21:54:55.010,24580.4999
2026-08-20 21:54:55.428,24240.2126
2026-08-20 21:54:55.840,23914.7553
2026-08-20 21:54:56.260,23614.4697
2026-08-20 21:54:56.694,23337.0989
2026-08-20 21:54:57.106,23127.7587
2026-08-20 21:54:57.533,23003.9536
2026-08-20 21:54:57.946,23003.5372
2026-08-20 21:54:58.360,23121.3287
2026-08-20 21:54:58.793,23317.4502
2026-08-20 21:54:59.206,23561.412
2026-08-20 21:54:59.618,23402.407
2026-08-20 21:55:00.031,23174.4909
2026-08-20 21:55:00.443,23026.3251
2026-08-20 21:55:00.865,22978.3397
2026-08-20 21:55:01.292,23079.4891
2026-08-20 21:55:01.704,23265.2324
2026-08-20 21:55:02.121,23515.9113
2026-08-20 21:55:02.533,23503.7814
2026-08-20 21:55:02.947,23249.9642
2026-08-20 21:55:03.372,23069.5494
2026-08-20 21:55:03.785,22973.7124
2026-08-20 21:55:04.198,23034.4348
2026-08-20 21:55:04.637,23186.561
2026-08-20 21:55:05.049,23432.2449
2026-08-20 21:55:05.476,23712.6192
2026-08-20 21:55:05.889,24028.3102
2026-08-20 21:55:06.302,24351.3207
2026-08-20 21:55:06.715,24684.8597
2026-08-20 21:55:07.181,24594.2995
2026-08-20 21:55:07.598,24208.6398
2026-08-20 21:55:08.017,23889.8024
2026-08-20 21:55:08.434,23586.9192
2026-08-20 21:55:08.848,23319.8941
2026-08-20 21:55:09.260,23123.4024
2026-08-20 21:55:09.673,23008.0784
2026-08-20 21:55:10.085,22973.7437
2026-08-20 21:55:10.528,22974.3723
2026-08-20 21:55:10.954,22973.979
2026-08-20 21:55:11.365,22973.6915
2026-08-20 21:55:11.779,22973.3165
2026-08-20 21:55:12.205,22972.9526
2026-08-20 21:55:12.629,22972.867
2026-08-20 21:55:13.043,22972.5999
2026-08-20 21:55:13.466,22972.7171
2026-08-20 21:55:13.878,22972.5575
2026-08-20 21:55:14.290,22972.7748
2026-08-20 21:55:14.704,22972.5691
2026-08-20 21:55:15.117,23024.1232
2026-08-20 21:55:15.530,23158.5748
2026-08-20 21:55:15.943,23366.0301
2026-08-20 21:55:16.367,23631.3841
2026-08-20 21:55:16.788,23937.579
2026-08-20 21:55:17.208,24260.2664
2026-08-20 21:55:17.622,24598.5546
2026-08-20 21:55:18.044,24694.2089
2026-08-20 21:55:18.458,24349.2109
2026-08-20 21:55:18.871,24022.5859
2026-08-20 21:55:19.296,23715.462
2026-08-20 21:55:19.790,23376.3873
2026-08-20 21:55:20.204,23165.9568
2026-08-20 21:55:20.617,23034.8065
2026-08-20 21:55:21.030,23005.952
2026-08-20 21:55:21.453,23109.3959
2026-08-20 21:55:21.867,23295.5437
2026-08-20 21:55:22.299,23554.729
2026-08-20 21:55:22.726,23452.0478
2026-08-20 21:55:23.139,23214.3997
2026-08-20 21:55:23.566,23055.3672
2026-08-20 21:55:23.983,22989.8231
2026-08-20 21:55:24.416,23079.046
2026-08-20 21:55:24.829,23258.5108
2026-08-20 21:55:25.242,23504.6771
2026-08-20 21:55:25.660,23537.0307
2026-08-20 21:55:26.076,23276.99
2026-08-20 21:55:26.489,23090.9834
2026-08-20 21:55:26.907,22990.2049
2026-08-20 21:55:27.352,23042.2304
2026-08-20 21:55:27.786,23212.3782
2026-08-20 21:55:28.198,23447.996
2026-08-20 21:55:28.612,23728.7625
2026-08-20 21:55:29.025,24034.1966
2026-08-20 21:55:29.458,24368.9414
2026-08-20 21:55:29.870,24704.7905
2026-08-20 21:55:30.293,24601.5525
2026-08-20 21:55:30.719,24254.6696
2026-08-20 21:55:31.132,23923.4211
2026-08-20 21:55:31.558,23614.5862
2026-08-20 21:55:31.979,23347.6161
2026-08-20 21:55:32.397,23143.8676
2026-08-20 21:55:32.811,23024.5384
2026-08-20 21:55:33.224,22988.7709
2026-08-20 21:55:33.689,22988.7952
2026-08-20 21:55:34.115,22988.3295
2026-08-20 21:55:34.529,22987.8839
2026-08-20 21:55:34.941,22987.7546
2026-08-20 21:55:35.354,22987.1498
2026-08-20 21:55:35.770,22987.1573
2026-08-20 21:55:36.189,22987.1872
2026-08-20 21:55:36.602,22987.0307
2026-08-20 21:55:37.016,22986.6994
2026-08-20 21:55:37.428,22986.942
2026-08-20 21:55:37.856,22987.1016
2026-08-20 21:55:38.269,23040.1227
2026-08-20 21:55:38.702,23180.7018
2026-08-20 21:55:39.114,23396.4912
2026-08-20 21:55:39.530,23664.8649
2026-08-20 21:55:39.942,23965.8647
2026-08-20 21:55:40.354,24282.2407
2026-08-20 21:55:40.781,24615.037
2026-08-20 21:55:41.193,24717.9506
2026-08-20 21:55:41.622,24366.3346
2026-08-20 21:55:42.048,24030.2166
2026-08-20 21:55:42.474,23723.2883
2026-08-20 21:55:42.886,23435.4784
2026-08-20 21:55:43.303,23211.9114
2026-08-20 21:55:43.715,23067.3555
2026-08-20 21:55:44.127,23015.0362
2026-08-20 21:55:44.567,23106.864
2026-08-20 21:55:44.980,23282.3038
2026-08-20 21:55:45.398,23528.5578
2026-08-20 21:55:45.811,23527.7287
2026-08-20 21:55:46.224,23275.1632
2026-08-20 21:55:46.640,23098.3182
2026-08-20 21:55:47.056,23005.5672
2026-08-20 21:55:47.470,23064.1857
2026-08-20 21:55:47.885,23213.9262
2026-08-20 21:55:48.305,23442.7847
2026-08-20 21:55:48.720,23592.7892
2026-08-20 21:55:49.134,23350.4703
2026-08-20 21:55:49.551,23146.5415
2026-08-20 21:55:49.969,23022.9103
2026-08-20 21:55:50.384,23035.2921
2026-08-20 21:55:50.845,23166.1623
2026-08-20 21:55:51.272,23405.6982
2026-08-20 21:55:51.688,23685.5181
2026-08-20 21:55:52.101,23990.0057
2026-08-20 21:55:52.523,24310.2597
2026-08-20 21:55:52.939,24652.4112
2026-08-20 21:55:53.353,24697.2028
2026-08-20 21:55:53.769,24354.1698
2026-08-20 21:55:54.196,24027.4486
2026-08-20 21:55:54.608,23710.2927
2026-08-20 21:55:55.036,23424.3677
2026-08-20 21:55:55.448,23205.7634
2026-08-20 21:55:55.874,23069.4759
2026-08-20 21:55:56.286,23010.973
2026-08-20 21:55:56.723,23010.694
2026-08-20 21:55:57.136,23010.814
2026-08-20 21:55:57.561,23010.5602
2026-08-20 21:55:57.987,23010.3923
2026-08-20 21:55:58.398,23010.545
2026-08-20 21:55:58.811,23010.2403
2026-08-20 21:55:59.224,23010.5336
2026-08-20 21:55:59.637,23010.3842
2026-08-20 21:56:00.065,23010.4068
2026-08-20 21:56:00.487,23010.4579
2026-08-20 21:56:00.900,23010.7499
2026-08-20 21:56:01.328,23041.3462
2026-08-20 21:56:01.756,23165.5482
2026-08-20 21:56:02.194,23359.8144
2026-08-20 21:56:02.606,23634.594
2026-08-20 21:56:03.019,23928.1836
2026-08-20 21:56:03.432,24242.3882
2026-08-20 21:56:03.855,24573.4666
2026-08-20 21:56:04.268,24770.5812
2026-08-20 21:56:04.695,24459.0239
2026-08-20 21:56:05.118,24118.5324
2026-08-20 21:56:05.536,23796.3745
2026-08-20 21:56:05.962,23510.6486
2026-08-20 21:56:06.374,23267.0204
2026-08-20 21:56:06.788,23110.482
2026-08-20 21:56:07.213,23037.5747
2026-08-20 21:56:07.640,23112.0234
2026-08-20 21:56:08.061,23275.7018
2026-08-20 21:56:08.479,23517.6883
2026-08-20 21:56:08.896,23578.1849
2026-08-20 21:56:09.312,23323.1692
2026-08-20 21:56:09.725,23136.1631
2026-08-20 21:56:10.138,23032.8967
2026-08-20 21:56:10.554,23075.6839
2026-08-20 21:56:10.979,23217.9313
2026-08-20 21:56:11.393,23444.8493
2026-08-20 21:56:11.805,23629.6658
2026-08-20 21:56:12.220,23408.4098
2026-08-20 21:56:12.635,23191.8515
2026-08-20 21:56:13.047,23056.9314
2026-08-20 21:56:13.459,23040.722
2026-08-20 21:56:13.870,23158.6625
2026-08-20 21:56:14.330,23379.8866
2026-08-20 21:56:14.742,23643.8072
2026-08-20 21:56:15.154,23940.2171
2026-08-20 21:56:15.567,24254.8348
2026-08-20 21:56:15.991,24585.5726
2026-08-20 21:56:16.404,24768.3825
2026-08-20 21:56:16.817,24451.3718
2026-08-20 21:56:17.229,24121.0797
2026-08-20 21:56:17.642,23810.7606
2026-08-20 21:56:18.055,23523.1049
2026-08-20 21:56:18.469,23282.5312
2026-08-20 21:56:18.883,23120.4042
2026-08-20 21:56:19.295,23036.4762
2026-08-20 21:56:19.741,23027.191
2026-08-20 21:56:20.168,23027.0574
2026-08-20 21:56:20.580,23026.9686
2026-08-20 21:56:20.999,23026.4877
2026-08-20 21:56:21.415,23026.1573
2026-08-20 21:56:21.861,23025.9409
2026-08-20 21:56:22.274,23025.8762
2026-08-20 21:56:22.700,23025.7651
2026-08-20 21:56:23.113,23025.8119
2026-08-20 21:56:23.526,23025.9614
2026-08-20 21:56:23.993,23025.901
2026-08-20 21:56:24.405,23044.2787
2026-08-20 21:56:24.832,23153.4487
2026-08-20 21:56:25.244,23333.9787
2026-08-20 21:56:25.717,23581.6853
2026-08-20 21:56:26.149,23916.803
2026-08-20 21:56:26.577,24240.2398
2026-08-20 21:56:26.990,24581.411
2026-08-20 21:56:27.417,24786.4903
2026-08-20 21:56:27.923,24405.6279
2026-08-20 21:56:28.400,24028.7733
2026-08-20 21:56:28.814,23716.5479
2026-08-20 21:56:29.231,23441.909
2026-08-20 21:56:29.649,23226.0936
2026-08-20 21:56:30.061,23091.3532
2026-08-20 21:56:30.474,23058.8396
2026-08-20 21:56:30.913,23160.3542
2026-08-20 21:56:31.326,23353.6439
2026-08-20 21:56:31.738,23603.5597
2026-08-20 21:56:32.150,23523.0604
2026-08-20 21:56:32.576,23281.2328
2026-08-20 21:56:32.989,23113.0122
2026-08-20 21:56:33.402,23041.8542
2026-08-20 21:56:33.861,23136.3035
2026-08-20 21:56:34.273,23306.9342
2026-08-20 21:56:34.687,23551.7341
2026-08-20 21:56:35.099,23585.6463
2026-08-20 21:56:35.526,23321.5693
2026-08-20 21:56:35.986,23124.308
2026-08-20 21:56:36.398,23039.7301
2026-08-20 21:56:36.815,23109.3566
2026-08-20 21:56:37.229,23268.7784
2026-08-20 21:56:37.646,23502.9276
2026-08-20 21:56:38.059,23787.0917
2026-08-20 21:56:38.474,24093.2821
2026-08-20 21:56:38.887,24417.5904
2026-08-20 21:56:39.304,24750.1534
2026-08-20 21:56:39.734,24650.2333
2026-08-20 21:56:40.149,24301.4804
2026-08-20 21:56:40.562,23979.4949
2026-08-20 21:56:40.982,23679.4334
2026-08-20 21:56:41.396,23405.9732
2026-08-20 21:56:41.838,23203.1939
2026-08-20 21:56:42.265,23075.5146
2026-08-20 21:56:42.681,23041.1344
2026-08-20 21:56:43.093,23041.7319
2026-08-20 21:56:43.519,23041.3696
2026-08-20 21:56:43.934,23041.1806
2026-08-20 21:56:44.359,23040.6832
2026-08-20 21:56:44.772,23040.6088
2026-08-20 21:56:45.186,23040.2779
2026-08-20 21:56:45.618,23040.1985
2026-08-20 21:56:46.036,23040.2302
2026-08-20 21:56:46.462,23040.3101
2026-08-20 21:56:46.879,23040.462
2026-08-20 21:56:47.294,23040.4718
2026-08-20 21:56:47.706,23088.0439
2026-08-20 21:56:48.119,23219.5935
2026-08-20 21:56:48.544,23424.8813
2026-08-20 21:56:48.970,23697.725
2026-08-20 21:56:49.382,24004.0634
2026-08-20 21:56:49.795,24320.2198
2026-08-20 21:56:50.208,24652.4109
2026-08-20 21:56:50.621,24774.989
2026-08-20 21:56:51.035,24441.5198
2026-08-20 21:56:51.447,24113.4413
2026-08-20 21:56:51.865,23801.4694
2026-08-20 21:56:52.311,23517.9614
2026-08-20 21:56:52.735,23270.6677
2026-08-20 21:56:53.148,23120.8209
2026-08-20 21:56:53.560,23067.8886
2026-08-20 21:56:53.985,23155.6347
2026-08-20 21:56:54.445,23354.198
2026-08-20 21:56:54.872,23604.2521
2026-08-20 21:56:55.285,23543.1456
2026-08-20 21:56:55.721,23293.1153
2026-08-20 21:56:56.149,23127.321
2026-08-20 21:56:56.568,23057.1538
2026-08-20 21:56:56.982,23142.9782
2026-08-20 21:56:57.395,23309.7761
2026-08-20 21:56:57.809,23550.7638
2026-08-20 21:56:58.223,23628.291
2026-08-20 21:56:58.636,23370.6161
2026-08-20 21:56:59.065,23171.9732
2026-08-20 21:56:59.477,23062.9888
2026-08-20 21:56:59.890,23101.2955
2026-08-20 21:57:00.302,23241.8798
2026-08-20 21:57:00.773,23491.5534
2026-08-20 21:57:01.192,23773.7659
2026-08-20 21:57:01.604,24082.3033
2026-08-20 21:57:02.019,24402.875
2026-08-20 21:57:02.441,24739.7521
2026-08-20 21:57:02.855,24699.5223
2026-08-20 21:57:03.268,24357.8109
2026-08-20 21:57:03.681,24034.2259
2026-08-20 21:57:04.095,23731.3722
2026-08-20 21:57:04.525,23447.8401
2026-08-20 21:57:04.936,23236.2145
2026-08-20 21:57:05.350,23107.8228
2026-08-20 21:57:05.762,23058.4461
2026-08-20 21:57:06.175,23058.7305
2026-08-20 21:57:06.602,23058.4931
2026-08-20 21:57:07.015,23058.2684
2026-08-20 21:57:07.426,23058.0195
2026-08-20 21:57:07.862,23057.6772
2026-08-20 21:57:08.293,23057.4035
2026-08-20 21:57:08.705,23057.2183
2026-08-20 21:57:09.118,23057.0534
2026-08-20 21:57:09.530,23057.1576
2026-08-20 21:57:09.956,23056.9889
2026-08-20 21:57:10.371,23057.1329
2026-08-20 21:57:10.787,23057.0729
2026-08-20 21:57:11.205,23057.104
2026-08-20 21:57:11.636,23057.1684
2026-08-20 21:57:12.054,23057.3284
2026-08-20 21:57:12.466,23057.4642
2026-08-20 21:57:12.892,23057.6805
2026-08-20 21:57:13.374,23057.6573
2026-08-20 21:57:13.805,23057.9986
2026-08-20 21:57:14.219,23058.1771
2026-08-20 21:57:14.632,23058.4468
2026-08-20 21:57:15.058,23058.578
2026-08-20 21:57:15.472,23058.8349
2026-08-20 21:57:15.898,23058.9893
2026-08-20 21:57:16.310,23059.2545
2026-08-20 21:57:16.728,23059.4385
2026-08-20 21:57:17.141,23059.6552
2026-08-20 21:57:17.565,23060.032
2026-08-20 21:57:17.977,23060.2784
2026-08-20 21:57:18.392,23060.6007
2026-08-20 21:57:18.805,23060.8099
2026-08-20 21:57:19.217,23061.1435
2026-08-20 21:57:19.631,23061.4328
2026-08-20 21:57:20.045,23061.7102
2026-08-20 21:57:20.464,23062.1079
2026-08-20 21:57:20.876,23062.3943
2026-08-20 21:57:21.303,23062.7395
2026-08-20 21:57:21.718,23063.1284
2026-08-20 21:57:22.145,23063.4249
2026-08-20 21:57:22.563,23063.8208
2026-08-20 21:57:22.976,23064.154
2026-08-20 21:57:23.389,23064.4372
2026-08-20 21:57:23.808,23064.7297
2026-08-20 21:57:24.223,23065.1366
2026-08-20 21:57:24.636,23065.4241
2026-08-20 21:57:25.049,23065.7404
2026-08-20 21:57:25.461,23066.0205
2026-08-20 21:57:25.873,23066.4257
2026-08-20 21:57:26.293,23066.8477
2026-08-20 21:57:26.709,23067.2504
2026-08-20 21:57:27.127,23067.6619
2026-08-20 21:57:27.556,23068.0924
2026-08-20 21:57:27.973,23068.4829
2026-08-20 21:57:28.393,23068.7805
2026-08-20 21:57:28.805,23069.2248
2026-08-20 21:57:29.218,23069.6645
2026-08-20 21:57:29.630,23070.0905
2026-08-20 21:57:30.043,23070.5275
2026-08-20 21:57:30.456,23070.9258
2026-08-20 21:57:30.885,23071.152
2026-08-20 21:57:31.300,23071.4901
2026-08-20 21:57:31.736,23071.918
2026-08-20 21:57:32.148,23072.267
2026-08-20 21:57:32.573,23072.7301
2026-08-20 21:57:32.985,23073.1055
2026-08-20 21:57:33.406,23073.6287
2026-08-20 21:57:33.819,23074.0646
2026-08-20 21:57:34.235,23074.3413
2026-08-20 21:57:34.671,23074.6303
2026-08-20 21:57:35.092,23075.2467
2026-08-20 21:57:35.512,23075.522
2026-08-20 21:57:35.926,23075.8997
2026-08-20 21:57:36.391,23075.9692
2026-08-20 21:57:36.820,23075.6093
2026-08-20 21:57:37.232,23075.6901
2026-08-20 21:57:37.653,23076.2701
2026-08-20 21:57:38.066,23076.9258
2026-08-20 21:57:38.479,23077.7622
2026-08-20 21:57:38.891,23078.1313
2026-08-20 21:57:39.304,23078.7044
2026-08-20 21:57:39.744,23079.2394
2026-08-20 21:57:40.158,23079.7296
2026-08-20 21:57:40.571,23079.9612
2026-08-20 21:57:40.989,23080.708
2026-08-20 21:57:41.403,23081.3086
2026-08-20 21:57:41.816,23081.572
2026-08-20 21:57:42.229,23082.1237
2026-08-20 21:57:42.641,23082.8413
2026-08-20 21:57:43.054,23083.0473
2026-08-20 21:57:43.465,23083.7756
2026-08-20 21:57:43.878,23084.225
2026-08-20 21:57:44.297,23084.5222
2026-08-20 21:57:44.723,23085.0239
2026-08-20 21:57:45.136,23085.3414
2026-08-20 21:57:45.549,23085.5816
2026-08-20 21:57:45.974,23086.3034
2026-08-20 21:57:46.386,23152.7964
2026-08-20 21:57:46.798,23302.2652
2026-08-20 21:57:47.221,23520.355
2026-08-20 21:57:47.635,23797.3635
2026-08-20 21:57:48.113,24136.3614
2026-08-20 21:57:48.527,24466.317
2026-08-20 21:57:48.952,24802.2318
2026-08-20 21:57:49.368,24749.1737
2026-08-20 21:57:49.795,24407.188
2026-08-20 21:57:50.208,24074.659
2026-08-20 21:57:50.624,23772.2348
2026-08-20 21:57:51.036,23500.2773
2026-08-20 21:57:51.448,23290.487
2026-08-20 21:57:51.871,23156.7116
2026-08-20 21:57:52.286,23133.3338
2026-08-20 21:57:52.699,23247.7072
2026-08-20 21:57:53.158,23438.4299
2026-08-20 21:57:53.570,23703.1455
2026-08-20 21:57:54.004,23560.4761
2026-08-20 21:57:54.417,23318.3391
2026-08-20 21:57:54.831,23166.1087
2026-08-20 21:57:55.248,23113.375
2026-08-20 21:57:55.675,23214.1992
2026-08-20 21:57:56.091,23399.8448
2026-08-20 21:57:56.517,23651.1542
2026-08-20 21:57:56.939,23626.7646
2026-08-20 21:57:57.353,23372.8493
2026-08-20 21:57:57.766,23196.8559
2026-08-20 21:57:58.178,23109.0912
2026-08-20 21:57:58.591,23180.9011
2026-08-20 21:57:59.004,23341.4621
2026-08-20 21:57:59.442,23584.9866
2026-08-20 21:57:59.878,23874.0343
2026-08-20 21:58:00.290,24197.8074
2026-08-20 21:58:00.723,24531.732
2026-08-20 21:58:01.135,24851.6826
2026-08-20 21:58:01.604,24683.6425
2026-08-20 21:58:02.020,24299.2653
2026-08-20 21:58:02.435,23983.5102
2026-08-20 21:58:02.849,23687.1321
2026-08-20 21:58:03.260,23430.3895
2026-08-20 21:58:03.737,23238.6963
2026-08-20 21:58:04.170,23122.5747
2026-08-20 21:58:04.597,23108.6677
2026-08-20 21:58:05.014,23108.5179
2026-08-20 21:58:05.437,23107.9601
2026-08-20 21:58:05.931,23107.529
2026-08-20 21:58:06.355,23107.1975
2026-08-20 21:58:06.767,23106.8295
2026-08-20 21:58:07.195,23106.8335
2026-08-20 21:58:07.651,23106.4165
2026-08-20 21:58:08.077,23106.3283
2026-08-20 21:58:08.490,23106.189
2026-08-20 21:58:08.904,23106.4051
2026-08-20 21:58:09.316,23125.9109
2026-08-20 21:58:09.762,23234.034
2026-08-20 21:58:10.180,23433.0203
2026-08-20 21:58:10.595,23687.5262
2026-08-20 21:58:11.012,23978.7197
2026-08-20 21:58:11.425,24292.8917
2026-08-20 21:58:11.888,24659.108
2026-08-20 21:58:12.317,24881.8079
2026-08-20 21:58:12.730,24580.0702
2026-08-20 21:58:13.141,24249.2755
2026-08-20 21:58:13.554,23936.6499
2026-08-20 21:58:14.021,23611.8871
2026-08-20 21:58:14.433,23373.1759
2026-08-20 21:58:14.846,23211.522
2026-08-20 21:58:15.264,23131.8709
2026-08-20 21:58:15.677,23199.7237
2026-08-20 21:58:16.140,23377.8406
2026-08-20 21:58:16.558,23617.2745
2026-08-20 21:58:16.973,23671.4806
2026-08-20 21:58:17.389,23415.5093
2026-08-20 21:58:17.801,23228.5027
2026-08-20 21:58:18.214,23124.5539
2026-08-20 21:58:18.627,23167.5039
2026-08-20 21:58:19.052,23309.7123
2026-08-20 21:58:19.474,23537.1008
2026-08-20 21:58:19.887,23717.0509
2026-08-20 21:58:20.300,23488.9005
2026-08-20 21:58:20.716,23275.8611
2026-08-20 21:58:21.138,23145.7146
2026-08-20 21:58:21.550,23140.893
2026-08-20 21:58:21.977,23272.2969
2026-08-20 21:58:22.390,23476.6818
2026-08-20 21:58:22.817,23751.6784
2026-08-20 21:58:23.238,24048.8663
2026-08-20 21:58:23.653,24370.9842
2026-08-20 21:58:24.071,24704.1928
2026-08-20 21:58:24.484,24855.5601
2026-08-20 21:58:24.912,24517.3494
2026-08-20 21:58:25.326,24188.6419
2026-08-20 21:58:25.754,23879.131
2026-08-20 21:58:26.181,23585.0551
2026-08-20 21:58:26.593,23347.4189
2026-08-20 21:58:27.007,23197.2176
2026-08-20 21:58:27.443,23124.2559
2026-08-20 21:58:27.868,23121.0338
2026-08-20 21:58:28.281,23120.7917
2026-08-20 21:58:28.692,23120.4447
2026-08-20 21:58:29.119,23120.1505
2026-08-20 21:58:29.531,23119.8792
2026-08-20 21:58:29.943,23119.6566
2026-08-20 21:58:30.359,23119.4556
2026-08-20 21:58:30.771,23119.399
2026-08-20 21:58:31.184,23119.3895
2026-08-20 21:58:31.597,23119.4504
2026-08-20 21:58:32.018,23119.4019
2026-08-20 21:58:32.431,23133.3613
2026-08-20 21:58:32.844,23232.8427
2026-08-20 21:58:33.311,23433.7759
2026-08-20 21:58:33.738,23683.4058
2026-08-20 21:58:34.150,23981.6507
2026-08-20 21:58:34.564,24291.2453
2026-08-20 21:58:34.975,24618.0194
2026-08-20 21:58:35.388,24890.8102
2026-08-20 21:58:35.834,24619.5645
2026-08-20 21:58:36.259,24285.4254
2026-08-20 21:58:36.678,23962.6846
2026-08-20 21:58:37.092,23666.261
2026-08-20 21:58:37.520,23410.0379
2026-08-20 21:58:37.993,23238.4598
2026-08-20 21:58:38.426,23143.5105
2026-08-20 21:58:38.839,23218.2405
2026-08-20 21:58:39.252,23375.3496
2026-08-20 21:58:39.673,23609.6789
2026-08-20 21:58:40.085,23697.108
2026-08-20 21:58:40.521,23435.7812
2026-08-20 21:58:40.937,23243.0208
2026-08-20 21:58:41.352,23139.5672
2026-08-20 21:58:41.776,23183.4146
2026-08-20 21:58:42.189,23331.2884
2026-08-20 21:58:42.602,23553.3972
2026-08-20 21:58:43.016,23732.6813
2026-08-20 21:58:43.439,23507.1494
2026-08-20 21:58:43.863,23290.2517
2026-08-20 21:58:44.277,23156.4212
2026-08-20 21:58:44.695,23149.3642
2026-08-20 21:58:45.109,23272.7268
2026-08-20 21:58:45.552,23471.1324
2026-08-20 21:58:45.967,23752.9441
2026-08-20 21:58:46.379,24050.3174
2026-08-20 21:58:46.799,24365.7912
2026-08-20 21:58:47.213,24702.4642
2026-08-20 21:58:47.626,24872.2235
2026-08-20 21:58:48.050,24553.5048
2026-08-20 21:58:48.463,24215.1829
2026-08-20 21:58:48.874,23905.2063
2026-08-20 21:58:49.288,23619.6739
2026-08-20 21:58:49.707,23380.7854
2026-08-20 21:58:50.119,23219.1753
2026-08-20 21:58:50.531,23138.5659
2026-08-20 21:58:50.960,23130.8287
2026-08-20 21:58:51.391,23130.4893
2026-08-20 21:58:51.810,23130.0078
2026-08-20 21:58:52.223,23129.5515
2026-08-20 21:58:52.659,23129.1583
2026-08-20 21:58:53.071,23128.8157
2026-08-20 21:58:53.513,23128.6113
2026-08-20 21:58:53.931,23128.5561
2026-08-20 21:58:54.347,23128.4254
2026-08-20 21:58:54.774,23128.1896
2026-08-20 21:58:55.190,23128.2486
2026-08-20 21:58:55.623,23143.6941
2026-08-20 21:58:56.036,23251.9192
2026-08-20 21:58:56.450,23431.0811
2026-08-20 21:58:56.864,23677.2736
2026-08-20 21:58:57.291,23964.3909
2026-08-20 21:58:57.753,24321.6674
2026-08-20 21:58:58.165,24650.329
2026-08-20 21:58:58.590,24893.8516
2026-08-20 21:58:59.006,24608.9894
2026-08-20 21:58:59.425,24274.4244
2026-08-20 21:58:59.902,23918.2881
2026-08-20 21:59:00.316,23624.2708
2026-08-20 21:59:00.736,23387.71
2026-08-20 21:59:01.150,23226.154
2026-08-20 21:59:01.563,23152.4459
2026-08-20 21:59:02.009,23224.3633
2026-08-20 21:59:02.436,23403.5116
2026-08-20 21:59:02.861,23643.2318
2026-08-20 21:59:03.275,23684.9578
2026-08-20 21:59:03.709,23422.4291
2026-08-20 21:59:04.130,23239.8754
2026-08-20 21:59:04.543,23144.0904
2026-08-20 21:59:04.969,23200.8157
2026-08-20 21:59:05.384,23356.0035
2026-08-20 21:59:05.796,23585.3724
2026-08-20 21:59:06.218,23729.2204
2026-08-20 21:59:06.631,23481.8735
2026-08-20 21:59:07.044,23278.902
2026-08-20 21:59:07.457,23156.8662
2026-08-20 21:59:07.885,23167.697
2026-08-20 21:59:08.307,23303.5473
2026-08-20 21:59:08.719,23517.7778
2026-08-20 21:59:09.144,23784.9866
2026-08-20 21:59:09.556,24093.0734
2026-08-20 21:59:10.020,24451.5349
2026-08-20 21:59:10.450,24796.7737
2026-08-20 21:59:10.863,24814.1733
2026-08-20 21:59:11.284,24471.5965
2026-08-20 21:59:11.697,24140.8296
2026-08-20 21:59:12.131,23836.3862
2026-08-20 21:59:12.543,23545.8544
2026-08-20 21:59:12.980,23324.8683
2026-08-20 21:59:13.406,23190.2071
2026-08-20 21:59:13.819,23139.1418
2026-08-20 21:59:14.231,23139.2615
2026-08-20 21:59:14.645,23138.8838
2026-08-20 21:59:15.069,23138.5638
2026-08-20 21:59:15.487,23138.0455
2026-08-20 21:59:15.901,23137.8077
2026-08-20 21:59:16.313,23137.5046
2026-08-20 21:59:16.737,23137.0599
2026-08-20 21:59:17.151,23137.0571
2026-08-20 21:59:17.573,23136.7547
2026-08-20 21:59:17.985,23136.759
2026-08-20 21:59:18.406,23136.7883
2026-08-20 21:59:18.819,23166.2457
2026-08-20 21:59:19.234,23284.1628
2026-08-20 21:59:19.651,23474.6825
2026-08-20 21:59:20.064,23732.4041
2026-08-20 21:59:20.477,24024.9223
2026-08-20 21:59:20.917,24335.865
2026-08-20 21:59:21.330,24686.2796
2026-08-20 21:59:21.742,24896.1053
2026-08-20 21:59:22.154,24597.6857
2026-08-20 21:59:22.567,24267.0126
2026-08-20 21:59:23.039,23910.7483
2026-08-20 21:59:23.463,23626.9272
2026-08-20 21:59:23.875,23386.272
2026-08-20 21:59:24.307,23226.7453
2026-08-20 21:59:24.720,23160.5076
2026-08-20 21:59:25.132,23239.6022
2026-08-20 21:59:25.546,23399.2146
2026-08-20 21:59:25.979,23636.7532
2026-08-20 21:59:26.398,23699.0299
2026-08-20 21:59:26.811,23440.3631
2026-08-20 21:59:27.231,23256.8421
2026-08-20 21:59:27.693,23154.142
2026-08-20 21:59:28.122,23216.132
2026-08-20 21:59:28.535,23374.6091
2026-08-20 21:59:28.949,23606.1593
2026-08-20 21:59:29.362,23734.186
2026-08-20 21:59:29.780,23486.6561
2026-08-20 21:59:30.206,23282.7503
2026-08-20 21:59:30.620,23160.4071
2026-08-20 21:59:31.047,23187.381
2026-08-20 21:59:31.462,23323.8738
2026-08-20 21:59:31.874,23538.3678
2026-08-20 21:59:32.301,23809.0846
2026-08-20 21:59:32.717,24118.6936
2026-08-20 21:59:33.163,24439.5303
2026-08-20 21:59:33.575,24799.843
2026-08-20 21:59:33.987,24830.6827
2026-08-20 21:59:34.401,24488.6867
2026-08-20 21:59:34.828,24153.2492
2026-08-20 21:59:35.239,23848.1971
2026-08-20 21:59:35.653,23571.0395
2026-08-20 21:59:36.066,23350.219
2026-08-20 21:59:36.479,23210.1517
2026-08-20 21:59:36.899,23149.1282
2026-08-20 21:59:37.312,23147.4926
2026-08-20 21:59:37.737,23147.2476
2026-08-20 21:59:38.151,23146.7826
2026-08-20 21:59:38.563,23146.3019
2026-08-20 21:59:38.991,23145.8133
2026-08-20 21:59:39.459,23145.6128
2026-08-20 21:59:39.876,23145.1774
2026-08-20 21:59:40.289,23145.0573
2026-08-20 21:59:40.706,23144.8905
2026-08-20 21:59:41.118,23144.753
2026-08-20 21:59:41.534,23144.7926
2026-08-20 21:59:41.946,23172.8906
2026-08-20 21:59:42.364,23290.5789
2026-08-20 21:59:42.777,23480.2226
2026-08-20 21:59:43.281,23788.5356
2026-08-20 21:59:43.746,24127.4884
2026-08-20 21:59:44.166,24448.6512
2026-08-20 21:59:44.579,24787.102
2026-08-20 21:59:45.019,24842.1665
2026-08-20 21:59:45.433,24489.7843
2026-08-20 21:59:45.847,24164.3516
2026-08-20 21:59:46.259,23859.372
2026-08-20 21:59:46.677,23581.5173
2026-08-20 21:59:47.094,23358.9709
2026-08-20 21:59:47.508,23217.6306
2026-08-20 21:59:47.923,23173.5181
2026-08-20 21:59:48.400,23284.8152
2026-08-20 21:59:48.829,23476.8443
2026-08-20 21:59:49.248,23731.9793
2026-08-20 21:59:49.663,23621.1904
2026-08-20 21:59:50.076,23383.6055
2026-08-20 21:59:50.519,23220.8503
2026-08-20 21:59:50.935,23160.7838
2026-08-20 21:59:51.349,23253.9633
2026-08-20 21:59:51.761,23426.1192
2026-08-20 21:59:52.180,23669.8929
2026-08-20 21:59:52.597,23708.4819
2026-08-20 21:59:53.017,23449.1414
2026-08-20 21:59:53.432,23260.5964
2026-08-20 21:59:53.844,23159.0087
2026-08-20 21:59:54.272,23211.441
2026-08-20 21:59:54.685,23359.6928
2026-08-20 21:59:55.102,23583.3942
2026-08-20 21:59:55.517,23864.0062
2026-08-20 21:59:55.982,24167.6318
2026-08-20 21:59:56.399,24531.7038
2026-08-20 21:59:56.826,24864.1096
2026-08-20 21:59:57.239,24758.1896
2026-08-20 21:59:57.662,24419.9174
2026-08-20 21:59:58.074,24091.3729
2026-08-20 21:59:58.514,23791.3546
2026-08-20 21:59:58.937,23507.265
2026-08-20 21:59:59.361,23304.9301
2026-08-20 21:59:59.780,23185.2714
2026-08-20 22:00:00.193,23152.2417
2026-08-20 22:00:00.638,23152.257
2026-08-20 22:00:01.052,23151.3857
2026-08-20 22:00:01.464,23150.8724
2026-08-20 22:00:01.891,23150.2712
2026-08-20 22:00:02.315,23149.9406
2026-08-20 22:00:02.734,23149.7124
2026-08-20 22:00:03.145,23149.6808
2026-08-20 22:00:03.563,23147.6922
2026-08-20 22:00:03.978,23147.3627
2026-08-20 22:00:04.406,23147.409
2026-08-20 22:00:04.819,23147.9467
2026-08-20 22:00:05.231,23204.9725
2026-08-20 22:00:05.645,23342.7274
2026-08-20 22:00:06.059,23554.7261
2026-08-20 22:00:06.476,23823.8348
2026-08-20 22:00:06.890,24124.7203
2026-08-20 22:00:07.302,24442.502
2026-08-20 22:00:07.725,24774.6261
2026-08-20 22:00:08.142,24864.846
2026-08-20 22:00:08.556,24522.7267
2026-08-20 22:00:08.996,24195.4519
2026-08-20 22:00:09.423,23869.9008
2026-08-20 22:00:09.835,23583
2026-08-20 22:00:10.271,23357.9326
2026-08-20 22:00:10.684,23217.9413
2026-08-20 22:00:11.112,23179.7179
2026-08-20 22:00:11.535,23283.0898
2026-08-20 22:00:11.956,23467.6281
2026-08-20 22:00:12.369,23722.3953
2026-08-20 22:00:12.782,23652.8508
2026-08-20 22:00:13.215,23410.34
2026-08-20 22:00:13.629,23237.8826
2026-08-20 22:00:14.043,23166.212
2026-08-20 22:00:14.470,23250.1902
2026-08-20 22:00:14.884,23415.6421
2026-08-20 22:00:15.306,23655.9719
2026-08-20 22:00:15.728,23718.5105
2026-08-20 22:00:16.142,23457.3227
2026-08-20 22:00:16.554,23270.9485
2026-08-20 22:00:16.966,23167.6218
2026-08-20 22:00:17.408,23212.716
2026-08-20 22:00:17.820,23369.4881
2026-08-20 22:00:18.237,23595.0343
2026-08-20 22:00:18.651,23875.0944
2026-08-20 22:00:19.080,24179.3163
2026-08-20 22:00:19.537,24547.2465
2026-08-20 22:00:19.949,24878.5406
2026-08-20 22:00:20.377,24776.9006
2026-08-20 22:00:20.789,24427.5071
2026-08-20 22:00:21.210,24107.7079
2026-08-20 22:00:21.640,23801.4509
2026-08-20 22:00:22.051,23523.2793
2026-08-20 22:00:22.465,23323.2595
2026-08-20 22:00:22.879,23203.1229
2026-08-20 22:00:23.291,23164.4236
2026-08-20 22:00:23.719,23164.8471
2026-08-20 22:00:24.131,23164.6444
2026-08-20 22:00:24.550,23163.939
2026-08-20 22:00:24.966,23163.4862
2026-08-20 22:00:25.379,23163.2942
2026-08-20 22:00:25.801,23162.9709
2026-08-20 22:00:26.215,23162.6329
2026-08-20 22:00:26.628,23162.2969
2026-08-20 22:00:27.041,23162.1758
2026-08-20 22:00:27.452,23162.1273
2026-08-20 22:00:27.879,23161.7921
2026-08-20 22:00:28.292,23200.3162
2026-08-20 22:00:28.706,23325.5308
2026-08-20 22:00:29.124,23527.1466
2026-08-20 22:00:29.549,23788.0221
2026-08-20 22:00:29.960,24090.3047
2026-08-20 22:00:30.380,24404.0346
2026-08-20 22:00:30.796,24739.5801
2026-08-20 22:00:31.223,24907.1689
2026-08-20 22:00:31.640,24575.5955
2026-08-20 22:00:32.067,24244.3553
2026-08-20 22:00:32.494,23914.0399
2026-08-20 22:00:32.908,23632.1287
2026-08-20 22:00:33.320,23401.481
2026-08-20 22:00:33.733,23249.9805
2026-08-20 22:00:34.198,23188.5317
2026-08-20 22:00:34.624,23280.2167
2026-08-20 22:00:35.041,23457.5009
2026-08-20 22:00:35.453,23706.5126
2026-08-20 22:00:35.865,23691.6575
2026-08-20 22:00:36.290,23442.1955
2026-08-20 22:00:36.703,23263.5957
2026-08-20 22:00:37.136,23176.7963
2026-08-20 22:00:37.548,23246.973
2026-08-20 22:00:37.975,23403.6363
2026-08-20 22:00:38.396,23645.5131
2026-08-20 22:00:38.810,23750.7134
2026-08-20 22:00:39.245,23488.2113
2026-08-20 22:00:39.658,23291.9969
2026-08-20 22:00:40.070,23181.4765
2026-08-20 22:00:40.502,23218.2957
2026-08-20 22:00:40.928,23360.8236
2026-08-20 22:00:41.346,23587.5892
2026-08-20 22:00:41.760,23866.0749
2026-08-20 22:00:42.221,24204.8584
2026-08-20 22:00:42.649,24538.1419
2026-08-20 22:00:43.064,24872.8207
2026-08-20 22:00:43.477,24804.1733
2026-08-20 22:00:43.903,24464.6725
2026-08-20 22:00:44.315,24132.059
2026-08-20 22:00:44.742,23820.4168
2026-08-20 22:00:45.160,23547.5684
2026-08-20 22:00:45.585,23342.8018
2026-08-20 22:00:45.999,23215.4069
2026-08-20 22:00:46.426,23173.632
2026-08-20 22:00:46.841,23174.2574
2026-08-20 22:00:47.273,23174.0517
2026-08-20 22:00:47.686,23173.6831
2026-08-20 22:00:48.098,23173.3995
2026-08-20 22:00:48.523,23173.2234
2026-08-20 22:00:48.985,23173.0121
2026-08-20 22:00:49.402,23172.8396
2026-08-20 22:00:49.823,23172.6925
2026-08-20 22:00:50.236,23172.6665
2026-08-20 22:00:50.656,23172.5854
2026-08-20 22:00:51.071,23172.6273
2026-08-20 22:00:51.489,23225.0625
2026-08-20 22:00:51.901,23361.8694
2026-08-20 22:00:52.363,23599.0925
2026-08-20 22:00:52.783,23871.3864
2026-08-20 22:00:53.201,24176.1303
2026-08-20 22:00:53.615,24498.9308
2026-08-20 22:00:54.041,24844.7726
2026-08-20 22:00:54.481,24853.1274
2026-08-20 22:00:54.896,24488.3508
2026-08-20 22:00:55.323,24163.1403
2026-08-20 22:00:55.734,23850.4076
2026-08-20 22:00:56.147,23578.1065
2026-08-20 22:00:56.561,23366.2399
2026-08-20 22:00:56.974,23233.8586
2026-08-20 22:00:57.400,23203.9999
2026-08-20 22:00:57.865,23312.1144
2026-08-20 22:00:58.294,23527.2214
2026-08-20 22:00:58.706,23770.3175
2026-08-20 22:00:59.119,23624.315
2026-08-20 22:00:59.532,23393.1852
2026-08-20 22:00:59.945,23241.2946
2026-08-20 22:01:00.357,23186.7702
2026-08-20 22:01:00.819,23279.7007
2026-08-20 22:01:01.252,23479.9532
2026-08-20 22:01:01.665,23740.063
2026-08-20 22:01:02.077,23680.5049
2026-08-20 22:01:02.490,23434.9868
2026-08-20 22:01:02.905,23263.4254
2026-08-20 22:01:03.317,23181.2222
2026-08-20 22:01:03.740,23253.5209
2026-08-20 22:01:04.181,23417.6061
2026-08-20 22:01:04.594,23671.1239
2026-08-20 22:01:05.007,23956.0218
2026-08-20 22:01:05.427,24263.1509
2026-08-20 22:01:05.845,24593.3076
2026-08-20 22:01:06.288,24915.6025
2026-08-20 22:01:06.708,24732.0163
2026-08-20 22:01:07.123,24390.5554
2026-08-20 22:01:07.535,24071.4155
2026-08-20 22:01:07.947,23775.7616
2026-08-20 22:01:08.361,23514.2111
2026-08-20 22:01:08.827,23304.4365
2026-08-20 22:01:09.240,23202.2713
2026-08-20 22:01:09.666,23182.035
2026-08-20 22:01:10.087,23181.9264
2026-08-20 22:01:10.500,23181.4227
2026-08-20 22:01:10.975,23180.9047
2026-08-20 22:01:11.398,23180.368
2026-08-20 22:01:11.812,23179.8888
2026-08-20 22:01:12.225,23179.5067
2026-08-20 22:01:12.640,23179.1902
2026-08-20 22:01:13.053,23179.0009
2026-08-20 22:01:13.473,23178.8587
2026-08-20 22:01:13.886,23178.7175
2026-08-20 22:01:14.308,23182.2303
2026-08-20 22:01:14.720,23259.8284
2026-08-20 22:01:15.153,23419.2162
2026-08-20 22:01:15.566,23651.7575
2026-08-20 22:01:15.978,23930.0401
2026-08-20 22:01:16.407,24244.7134
2026-08-20 22:01:16.819,24567.3391
2026-08-20 22:01:17.273,24900.5076
2026-08-20 22:01:17.694,24775.1261
2026-08-20 22:01:18.108,24430.7621
2026-08-20 22:01:18.520,24109.8512
2026-08-20 22:01:18.933,23810.9315
2026-08-20 22:01:19.345,23545.9604
2026-08-20 22:01:19.770,23347.0666
2026-08-20 22:01:20.197,23224.3915
2026-08-20 22:01:20.608,23228.2272
2026-08-20 22:01:21.020,23348.7825
2026-08-20 22:01:21.454,23555.7869
2026-08-20 22:01:21.881,23784.4485
2026-08-20 22:01:22.312,23601.8403
2026-08-20 22:01:22.739,23371.2042
2026-08-20 22:01:23.154,23229.3207
2026-08-20 22:01:23.566,23205.668
2026-08-20 22:01:23.992,23323.4799
2026-08-20 22:01:24.437,23515.3535
2026-08-20 22:01:24.849,23777.421
2026-08-20 22:01:25.284,23638.6911
2026-08-20 22:01:25.701,23401.3848
2026-08-20 22:01:26.118,23246.2263
2026-08-20 22:01:26.557,23193.7317
2026-08-20 22:01:26.984,23305.6554
2026-08-20 22:01:27.396,23489.9272
2026-08-20 22:01:27.807,23743.122
2026-08-20 22:01:28.233,24033.8033
2026-08-20 22:01:28.645,24355.1848
2026-08-20 22:01:29.074,24695.3057
2026-08-20 22:01:29.498,24962.2905
2026-08-20 22:01:29.934,24687.1056
2026-08-20 22:01:30.348,24345.9918
2026-08-20 22:01:30.777,24030.0598
2026-08-20 22:01:31.190,23727.0293
2026-08-20 22:01:31.633,23477.5968
2026-08-20 22:01:32.044,23294.4014
2026-08-20 22:01:32.459,23205.0514
2026-08-20 22:01:32.880,23193.4108
2026-08-20 22:01:33.296,23193.7205
2026-08-20 22:01:33.771,23193.6284
2026-08-20 22:01:34.188,23193.5324
2026-08-20 22:01:34.601,23193.5277
2026-08-20 22:01:35.014,23193.5595
2026-08-20 22:01:35.436,23193.5999
2026-08-20 22:01:35.850,23193.7217
2026-08-20 22:01:36.263,23193.9539
2026-08-20 22:01:36.698,23193.3603
2026-08-20 22:01:37.117,23193.0002
2026-08-20 22:01:37.529,23203.0134
2026-08-20 22:01:37.943,23294.5459
2026-08-20 22:01:38.369,23461.4457
2026-08-20 22:01:38.850,23742.1572
2026-08-20 22:01:39.265,24040.2388
2026-08-20 22:01:39.687,24353.1489
2026-08-20 22:01:40.102,24688.4291
2026-08-20 22:01:40.516,24966.2228
2026-08-20 22:01:40.948,24722.7051
2026-08-20 22:01:41.363,24372.0388
2026-08-20 22:01:41.776,24056.0053
2026-08-20 22:01:42.189,23763.3759
2026-08-20 22:01:42.601,23510.5158
2026-08-20 22:01:43.014,23331.6664
2026-08-20 22:01:43.430,23230.6973
2026-08-20 22:01:43.851,23265.5093
2026-08-20 22:01:44.316,23425.097
2026-08-20 22:01:44.727,23649.0088
2026-08-20 22:01:45.154,23804.7427
2026-08-20 22:01:45.567,23564.4099
2026-08-20 22:01:45.980,23360.1106
2026-08-20 22:01:46.392,23237.2527
2026-08-20 22:01:46.820,23240.0296
2026-08-20 22:01:47.233,23369.6961
2026-08-20 22:01:47.646,23573.4124
2026-08-20 22:01:48.059,23815.8092
2026-08-20 22:01:48.488,23673.5996
2026-08-20 22:01:48.914,23428.882
2026-08-20 22:01:49.325,23271.0789
2026-08-20 22:01:49.739,23218.9754
2026-08-20 22:01:50.151,23317.0811
2026-08-20 22:01:50.563,23493.7263
2026-08-20 22:01:50.979,23741.9556
2026-08-20 22:01:51.445,24072.3228
2026-08-20 22:01:51.859,24386.0715
2026-08-20 22:01:52.272,24716.7645
2026-08-20 22:01:52.695,24983.7672
2026-08-20 22:01:53.107,24720.7949
2026-08-20 22:01:53.521,24387.5941
2026-08-20 22:01:53.933,24071.138
2026-08-20 22:01:54.365,23777.8817
2026-08-20 22:01:54.777,23514.2788
2026-08-20 22:01:55.205,23334.341
2026-08-20 22:01:55.628,23239.3582
2026-08-20 22:01:56.041,23224.8501
2026-08-20 22:01:56.484,23225.3603
2026-08-20 22:01:56.897,23225.3417
2026-08-20 22:01:57.311,23225.459
2026-08-20 22:01:57.724,23225.5431
2026-08-20 22:01:58.152,23225.4636
2026-08-20 22:01:58.571,23225.7082
2026-08-20 22:01:58.983,23225.8673
2026-08-20 22:01:59.431,23226.0203
2026-08-20 22:01:59.842,23226.3892
2026-08-20 22:02:00.269,23226.6534
2026-08-20 22:02:00.682,23233.8953
2026-08-20 22:02:01.095,23319.3102
2026-08-20 22:02:01.507,23480.533
2026-08-20 22:02:01.928,23712.7692
2026-08-20 22:02:02.342,23999.5125
2026-08-20 22:02:02.754,24306.2708
2026-08-20 22:02:03.182,24633.5089
2026-08-20 22:02:03.600,24970.3824
2026-08-20 22:02:04.018,24836.8018
2026-08-20 22:02:04.435,24493.8881
2026-08-20 22:02:04.849,24169.503
2026-08-20 22:02:05.271,23868.6279
2026-08-20 22:02:05.687,23596.8364
2026-08-20 22:02:06.108,23397.4415
2026-08-20 22:02:06.521,23277.0844
2026-08-20 22:02:06.933,23279.5502
2026-08-20 22:02:07.345,23399.3116
2026-08-20 22:02:07.757,23596.7235
2026-08-20 22:02:08.170,23836.4856
2026-08-20 22:02:08.582,23693.9416
2026-08-20 22:02:09.010,23461.5211
2026-08-20 22:02:09.423,23304.4502
2026-08-20 22:02:09.848,23253.1534
2026-08-20 22:02:10.268,23353.6362
2026-08-20 22:02:10.684,23535.5106
2026-08-20 22:02:11.099,23788.3909
2026-08-20 22:02:11.510,23774.5334
2026-08-20 22:02:11.937,23514.8881
2026-08-20 22:02:12.349,23340.0269
2026-08-20 22:02:12.790,23250.998
2026-08-20 22:02:13.209,23323.6926
2026-08-20 22:02:13.634,23486.7258
2026-08-20 22:02:14.055,23731.7507
2026-08-20 22:02:14.468,24021.7482
2026-08-20 22:02:14.906,24341.5592
2026-08-20 22:02:15.319,24675.8589
2026-08-20 22:02:15.736,24998.0406
2026-08-20 22:02:16.174,24820.9475
2026-08-20 22:02:16.588,24475.6216
2026-08-20 22:02:17.000,24155.6558
2026-08-20 22:02:17.421,23857.2956
2026-08-20 22:02:17.851,23589.7525
2026-08-20 22:02:18.271,23391.6815
2026-08-20 22:02:18.685,23281.1943
2026-08-20 22:02:19.099,23256.3737
2026-08-20 22:02:19.511,23256.8825
2026-08-20 22:02:19.934,23256.7479
2026-08-20 22:02:20.435,23256.5542
2026-08-20 22:02:20.901,23256.5057
2026-08-20 22:02:21.333,23256.5063
2026-08-20 22:02:21.745,23256.5864
2026-08-20 22:02:22.157,23256.618
2026-08-20 22:02:22.572,23256.6982
2026-08-20 22:02:22.986,23256.6908
2026-08-20 22:02:23.399,23256.8384
2026-08-20 22:02:23.811,23263.5358
2026-08-20 22:02:24.246,23347.5595
2026-08-20 22:02:24.679,23525.7144
2026-08-20 22:02:25.091,23767.4673
2026-08-20 22:02:25.511,24050.9421
2026-08-20 22:02:25.940,24364.7243
2026-08-20 22:02:26.369,24703.046
2026-08-20 22:02:26.782,25023.859
2026-08-20 22:02:27.208,24818.8757
2026-08-20 22:02:27.621,24482.7411
2026-08-20 22:02:28.035,24163.5841
2026-08-20 22:02:28.447,23865.1447
2026-08-20 22:02:28.873,23603.8392
2026-08-20 22:02:29.288,23408.094
2026-08-20 22:02:29.701,23296.9643
2026-08-20 22:02:30.128,23317.0348
2026-08-20 22:02:30.554,23449.5784
2026-08-20 22:02:30.967,23666.6324
2026-08-20 22:02:31.379,23873.6928
2026-08-20 22:02:31.793,23672.8245
2026-08-20 22:02:32.262,23453.2407
2026-08-20 22:02:32.721,23295.4404
2026-08-20 22:02:33.133,23306.8243
2026-08-20 22:02:33.546,23435.3343
2026-08-20 22:02:33.960,23642.7645
2026-08-20 22:02:34.425,23879.8248
2026-08-20 22:02:34.859,23665.5444
2026-08-20 22:02:35.272,23445.4847
2026-08-20 22:02:35.706,23307.9873
2026-08-20 22:02:36.123,23298.9836
2026-08-20 22:02:36.535,23424.1541
2026-08-20 22:02:36.974,23633.0846
2026-08-20 22:02:37.386,23907.2207
2026-08-20 22:02:37.799,24205.5618
2026-08-20 22:02:38.210,24522.837
2026-08-20 22:02:38.651,24855.5924
2026-08-20 22:02:39.064,25024.7558
2026-08-20 22:02:39.478,24696.5023
2026-08-20 22:02:39.890,24365.5876
2026-08-20 22:02:40.302,24055.277
2026-08-20 22:02:40.715,23769.0788
2026-08-20 22:02:41.127,23531.6776
2026-08-20 22:02:41.540,23374.0938
2026-08-20 22:02:41.953,23294.7813
2026-08-20 22:02:42.368,23287.8854
2026-08-20 22:02:42.782,23288.2082
2026-08-20 22:02:43.213,23287.9689
2026-08-20 22:02:43.627,23287.5294
2026-08-20 22:02:44.041,23287.6904
2026-08-20 22:02:44.480,23287.305
2026-08-20 22:02:44.893,23287.4949
2026-08-20 22:02:45.306,23287.2484
2026-08-20 22:02:45.729,23287.5398
2026-08-20 22:02:46.143,23287.5016
2026-08-20 22:02:46.654,23287.5491
2026-08-20 22:02:47.120,23319.8843
2026-08-20 22:02:47.534,23440.4565
2026-08-20 22:02:47.962,23634.8042
2026-08-20 22:02:48.381,23903.2093
2026-08-20 22:02:48.798,24202.5904
2026-08-20 22:02:49.212,24521.1916
2026-08-20 22:02:49.640,24853.9747
2026-08-20 22:02:50.052,25052.402
2026-08-20 22:02:50.466,24738.3207
2026-08-20 22:02:50.889,24406.8244
2026-08-20 22:02:51.301,24085.8069
2026-08-20 22:02:51.766,23765.3704
2026-08-20 22:02:52.193,23532.5758
2026-08-20 22:02:52.608,23376.2426
2026-08-20 22:02:53.021,23315.5495
2026-08-20 22:02:53.445,23399.1228
2026-08-20 22:02:53.879,23568.8463
2026-08-20 22:02:54.306,23825.6662
2026-08-20 22:02:54.718,23829.7824
2026-08-20 22:02:55.154,23569.5962
2026-08-20 22:02:55.567,23392.4074
2026-08-20 22:02:56.007,23306.2833
2026-08-20 22:02:56.430,23380.1655
2026-08-20 22:02:56.843,23545.2775
2026-08-20 22:02:57.260,23783.268
2026-08-20 22:02:57.675,23881.7259
2026-08-20 22:02:58.088,23624.6681
2026-08-20 22:02:58.518,23426.6541
2026-08-20 22:02:58.934,23311.4551
2026-08-20 22:02:59.351,23348.8063
2026-08-20 22:02:59.765,23489.611
2026-08-20 22:03:00.178,23709.1409
2026-08-20 22:03:00.611,23987.5274
2026-08-20 22:03:01.024,24301.3351
2026-08-20 22:03:01.438,24623.7355
2026-08-20 22:03:01.861,24960.5903
2026-08-20 22:03:02.275,24996.1808
2026-08-20 22:03:02.721,24650.3983
2026-08-20 22:03:03.144,24298.3557
2026-08-20 22:03:03.570,23984.8806
2026-08-20 22:03:03.985,23700.783
2026-08-20 22:03:04.399,23487.5648
2026-08-20 22:03:04.879,23344.985
2026-08-20 22:03:05.293,23305.4798
2026-08-20 22:03:05.705,23306.1548
2026-08-20 22:03:06.118,23305.9052
2026-08-20 22:03:06.545,23305.447
2026-08-20 22:03:06.956,23305.2089
2026-08-20 22:03:07.369,23304.8433
2026-08-20 22:03:07.799,23304.7608
2026-08-20 22:03:08.211,23304.4798
2026-08-20 22:03:08.623,23304.4849
2026-08-20 22:03:09.042,23304.4365
2026-08-20 22:03:09.459,23304.4535
2026-08-20 22:03:09.873,23304.4211
2026-08-20 22:03:10.286,23344.4708
2026-08-20 22:03:10.700,23471.8394
2026-08-20 22:03:11.112,23671.9891
2026-08-20 22:03:11.537,23933.5692
2026-08-20 22:03:11.949,24239.0933
2026-08-20 22:03:12.367,24555.5876
2026-08-20 22:03:12.779,24891.9735
2026-08-20 22:03:13.191,25068.4413
2026-08-20 22:03:13.619,24751.4192
2026-08-20 22:03:14.172,24344.9335
2026-08-20 22:03:14.590,23991.871
2026-08-20 22:03:15.003,23716.4535
2026-08-20 22:03:15.416,23502.9131
2026-08-20 22:03:15.834,23369.9008
2026-08-20 22:03:16.248,23339.2808
2026-08-20 22:03:16.713,23443.5593
2026-08-20 22:03:17.130,23657.4921
2026-08-20 22:03:17.567,23905.571
2026-08-20 22:03:17.979,23756.9443
2026-08-20 22:03:18.403,23525.8776
2026-08-20 22:03:18.815,23371.2814
2026-08-20 22:03:19.241,23322.2418
2026-08-20 22:03:19.654,23424.3379
2026-08-20 22:03:20.068,23604.3599
2026-08-20 22:03:20.495,23866.2321
2026-08-20 22:03:20.921,23832.0259
2026-08-20 22:03:21.339,23573.772
2026-08-20 22:03:21.767,23399.6209
2026-08-20 22:03:22.186,23316.9088
2026-08-20 22:03:22.608,23395.8429
2026-08-20 22:03:23.026,23564.1409
2026-08-20 22:03:23.449,23807.6825
2026-08-20 22:03:23.861,24100.7788
2026-08-20 22:03:24.322,24446.6884
2026-08-20 22:03:24.734,24773.9715
2026-08-20 22:03:25.154,25074.9535
2026-08-20 22:03:25.568,24862.326
2026-08-20 22:03:25.980,24524.8253
2026-08-20 22:03:26.392,24206.2865
2026-08-20 22:03:26.804,23908.1759
2026-08-20 22:03:27.225,23646.828
2026-08-20 22:03:27.719,23425.5982
2026-08-20 22:03:28.138,23331.7705
2026-08-20 22:03:28.603,23317.2279
2026-08-20 22:03:29.015,23317.1945
2026-08-20 22:03:29.427,23316.6332
2026-08-20 22:03:29.846,23316.1544
2026-08-20 22:03:30.315,23315.6679
2026-08-20 22:03:30.733,23315.1875
2026-08-20 22:03:31.160,23314.7152
2026-08-20 22:03:31.586,23314.4634
2026-08-20 22:03:31.999,23314.2581
2026-08-20 22:03:32.424,23314.178
2026-08-20 22:03:32.850,23314.1472
2026-08-20 22:03:33.265,23313.9938
2026-08-20 22:03:33.683,23314.1155
2026-08-20 22:03:34.098,23314.1206
2026-08-20 22:03:34.510,23314.1423
2026-08-20 22:03:34.925,23314.1831
2026-08-20 22:03:35.338,23314.3093
2026-08-20 22:03:35.765,23314.3776
2026-08-20 22:03:36.257,23314.4589
2026-08-20 22:03:36.727,23314.5389
2026-08-20 22:03:37.145,23314.5936
2026-08-20 22:03:37.559,23314.8572
2026-08-20 22:03:37.974,23315.0441
2026-08-20 22:03:38.387,23315.0816
2026-08-20 22:03:38.800,23315.2434
2026-08-20 22:03:39.261,23315.4565
2026-08-20 22:03:39.674,23315.6859
2026-08-20 22:03:40.088,23315.7683
2026-08-20 22:03:40.509,23315.9313
2026-08-20 22:03:40.921,23316.0784
2026-08-20 22:03:41.344,23316.3696
2026-08-20 22:03:41.758,23316.3234
2026-08-20 22:03:42.225,23316.013
2026-08-20 22:03:42.668,23316.0527
2026-08-20 22:03:43.080,23315.8739
2026-08-20 22:03:43.493,23315.9539
2026-08-20 22:03:43.920,23315.9027
2026-08-20 22:03:44.337,23316.0612
2026-08-20 22:03:44.759,23315.4947
2026-08-20 22:03:45.171,23313.4078
2026-08-20 22:03:45.583,23312.1179
2026-08-20 22:03:46.010,23311.4327
2026-08-20 22:03:46.435,23310.9007
2026-08-20 22:03:46.852,23310.4615
2026-08-20 22:03:47.285,23310.0547
2026-08-20 22:03:47.702,23309.8183
2026-08-20 22:03:48.115,23309.8243
2026-08-20 22:03:48.530,23309.8408
2026-08-20 22:03:48.950,23309.7554
2026-08-20 22:03:49.369,23309.8005
2026-08-20 22:03:49.783,23309.8618
2026-08-20 22:03:50.197,23310.0098
2026-08-20 22:03:50.611,23309.9769
2026-08-20 22:03:51.022,23309.8888
2026-08-20 22:03:51.449,23309.9025
2026-08-20 22:03:51.870,23309.9782
2026-08-20 22:03:52.282,23310.2126
2026-08-20 22:03:52.696,23310.4303
2026-08-20 22:03:53.135,23310.6475
2026-08-20 22:03:53.548,23310.9224
2026-08-20 22:03:53.993,23311.1459
2026-08-20 22:03:54.406,23311.3447
2026-08-20 22:03:54.832,23311.5295
2026-08-20 22:03:55.245,23311.6552
2026-08-20 22:03:55.671,23311.7931
2026-08-20 22:03:56.136,23311.9339
2026-08-20 22:03:56.550,23312.0857
2026-08-20 22:03:56.963,23312.2312
2026-08-20 22:03:57.388,23312.4621
2026-08-20 22:03:57.801,23312.6788
2026-08-20 22:03:58.240,23312.7066
2026-08-20 22:03:58.663,23312.8668
2026-08-20 22:03:59.077,23313.0478
2026-08-20 22:03:59.503,23313.2539
2026-08-20 22:03:59.915,23313.5009
2026-08-20 22:04:00.355,23313.6804
2026-08-20 22:04:00.767,23313.9715
2026-08-20 22:04:01.202,23314.2148
2026-08-20 22:04:01.614,23314.4532
2026-08-20 22:04:02.034,23314.6579
2026-08-20 22:04:02.465,23314.8822
2026-08-20 22:04:02.878,23315.1617
2026-08-20 22:04:03.300,23315.2083
2026-08-20 22:04:03.715,23315.4066
2026-08-20 22:04:04.130,23315.5716
2026-08-20 22:04:04.606,23315.7989
2026-08-20 22:04:05.019,23316.1083
2026-08-20 22:04:05.432,23316.3321
2026-08-20 22:04:05.858,23316.6207
2026-08-20 22:04:06.271,23316.9005
2026-08-20 22:04:06.683,23317.3208
2026-08-20 22:04:07.109,23317.5276
2026-08-20 22:04:07.567,23317.9575
2026-08-20 22:04:07.981,23318.1802
2026-08-20 22:04:08.395,23317.5276
2026-08-20 22:04:08.808,23317.6374
2026-08-20 22:04:09.278,23318.1544
2026-08-20 22:04:09.708,23318.867
2026-08-20 22:04:10.120,23319.5596
2026-08-20 22:04:10.538,23320.0504
2026-08-20 22:04:10.951,23320.4951
2026-08-20 22:04:11.379,23320.9216
2026-08-20 22:04:11.791,23321.2962
2026-08-20 22:04:12.203,23321.632
2026-08-20 22:04:12.632,23322.0339
2026-08-20 22:04:13.045,23322.3531
2026-08-20 22:04:13.468,23322.6805
2026-08-20 22:04:13.896,23322.9861
2026-08-20 22:04:14.318,23323.3155
2026-08-20 22:04:14.753,23323.7044
2026-08-20 22:04:15.174,23323.946
2026-08-20 22:04:15.591,23324.2259
2026-08-20 22:04:16.004,23324.5197
2026-08-20 22:04:16.431,23324.9109
2026-08-20 22:04:16.842,23325.1647
2026-08-20 22:04:17.297,23325.4741
2026-08-20 22:04:17.725,23325.8356
2026-08-20 22:04:18.143,23326.1522
2026-08-20 22:04:18.555,23326.5714
2026-08-20 22:04:18.995,23326.9102
2026-08-20 22:04:19.419,23327.3994
2026-08-20 22:04:19.831,23327.9621
2026-08-20 22:04:20.258,23328.2408
2026-08-20 22:04:20.678,23328.7223
2026-08-20 22:04:21.094,23329.0039
2026-08-20 22:04:21.507,23329.185
2026-08-20 22:04:21.932,23329.4193
2026-08-20 22:04:22.344,23329.6554
2026-08-20 22:04:22.757,23329.9869
2026-08-20 22:04:23.169,23330.3737
2026-08-20 22:04:23.580,23330.4673
2026-08-20 22:04:23.994,23330.9131
2026-08-20 22:04:24.409,23331.192
2026-08-20 22:04:24.821,23331.3482
2026-08-20 22:04:25.296,23331.7297
2026-08-20 22:04:25.714,23332.2525
2026-08-20 22:04:26.127,23332.5125
2026-08-20 22:04:26.561,23332.6759
2026-08-20 22:04:26.974,23333.0191
2026-08-20 22:04:27.387,23333.4866
2026-08-20 22:04:27.821,23333.437
2026-08-20 22:04:28.233,23333.7325
2026-08-20 22:04:28.663,23334.0045
2026-08-20 22:04:29.078,23334.1589
2026-08-20 22:04:29.505,23334.6265
2026-08-20 22:04:29.972,23335.0439
2026-08-20 22:04:30.387,23335.3329
2026-08-20 22:04:30.802,23335.412
2026-08-20 22:04:31.216,23332.6297
2026-08-20 22:04:31.631,23331.266
2026-08-20 22:04:32.077,23331.089
2026-08-20 22:04:32.503,23330.8831
2026-08-20 22:04:32.921,23330.9324
2026-08-20 22:04:33.337,23331.1372
2026-08-20 22:04:33.749,23331.4891
2026-08-20 22:04:34.196,23331.6669
2026-08-20 22:04:34.609,23332.1207
2026-08-20 22:04:35.022,23332.6244
2026-08-20 22:04:35.443,23332.7091
2026-08-20 22:04:35.861,23333.1211
2026-08-20 22:04:36.338,23333.4611
2026-08-20 22:04:36.754,23333.559
2026-08-20 22:04:37.168,23333.9673
2026-08-20 22:04:37.582,23334.3914
2026-08-20 22:04:38.008,23334.6031
2026-08-20 22:04:38.437,23335.0889
2026-08-20 22:04:38.856,23335.2729
2026-08-20 22:04:39.269,23335.663
2026-08-20 22:04:39.682,23336.2166
2026-08-20 22:04:40.094,23336.448
2026-08-20 22:04:40.513,23336.831
2026-08-20 22:04:40.928,23337.2822
2026-08-20 22:04:41.342,23337.8429
2026-08-20 22:04:41.764,23338.2361
2026-08-20 22:04:42.180,23338.568
2026-08-20 22:04:42.593,23338.9412
2026-08-20 22:04:43.006,23339.4726
2026-08-20 22:04:43.418,23340.0098
2026-08-20 22:04:43.846,23340.2873
2026-08-20 22:04:44.258,23340.7077
2026-08-20 22:04:44.670,23340.9017
2026-08-20 22:04:45.137,23341.3567
2026-08-20 22:04:45.550,23341.6573
2026-08-20 22:04:45.963,23342.1687
2026-08-20 22:04:46.379,23342.5549
2026-08-20 22:04:46.844,23342.8831
2026-08-20 22:04:47.262,23343.4272
2026-08-20 22:04:47.678,23343.8915
2026-08-20 22:04:48.091,23344.2601
2026-08-20 22:04:48.507,23344.6126
2026-08-20 22:04:48.920,23344.8719
2026-08-20 22:04:49.347,23345.3051
2026-08-20 22:04:49.766,23345.6659
2026-08-20 22:04:50.179,23346.0861
2026-08-20 22:04:50.591,23346.5527
2026-08-20 22:04:51.010,23346.9024
2026-08-20 22:04:51.423,23347.2676
2026-08-20 22:04:51.837,23347.7478
2026-08-20 22:04:52.256,23348.2225
2026-08-20 22:04:52.670,23348.5789
2026-08-20 22:04:53.082,23348.8443
2026-08-20 22:04:53.544,23349.4065
2026-08-20 22:04:53.962,23349.7862
2026-08-20 22:04:54.375,23350.3958
2026-08-20 22:04:54.787,23350.7973
2026-08-20 22:04:55.201,23350.9537
2026-08-20 22:04:55.614,23351.6555
2026-08-20 22:04:56.031,23351.8184
2026-08-20 22:04:56.442,23352.0908
2026-08-20 22:04:56.855,23352.7581
2026-08-20 22:04:57.276,23352.9231
2026-08-20 22:04:57.690,23353.3523
2026-08-20 22:04:58.117,23353.6838
2026-08-20 22:04:58.529,23354.0376
2026-08-20 22:04:58.942,23353.3868
2026-08-20 22:04:59.364,23353.8201
2026-08-20 22:04:59.776,23354.542
2026-08-20 22:05:00.210,23355.042
2026-08-20 22:05:00.646,23355.7455
2026-08-20 22:05:01.060,23356.5175
2026-08-20 22:05:01.483,23356.9838
2026-08-20 22:05:01.896,23357.4421
2026-08-20 22:05:02.311,23357.6538
2026-08-20 22:05:02.724,23357.9957
2026-08-20 22:05:03.138,23358.4787
2026-08-20 22:05:03.550,23358.5606
2026-08-20 22:05:03.985,23359.0772
2026-08-20 22:05:04.397,23359.3582
2026-08-20 22:05:04.835,23359.5237
2026-08-20 22:05:05.247,23359.7204
2026-08-20 22:05:05.669,23360.2106
2026-08-20 22:05:06.081,23360.4517
2026-08-20 22:05:06.516,23360.5207
2026-08-20 22:05:06.928,23360.7948
2026-08-20 22:05:07.356,23361.2196
2026-08-20 22:05:07.769,23361.3638
2026-08-20 22:05:08.194,23361.7701
2026-08-20 22:05:08.609,23361.8172
2026-08-20 22:05:09.021,23362.2336
2026-08-20 22:05:09.450,23362.3154
2026-08-20 22:05:09.866,23362.8538
2026-08-20 22:05:10.280,23363.0222
2026-08-20 22:05:10.694,23363.0831
2026-08-20 22:05:11.121,23363.3901
2026-08-20 22:05:11.548,23363.4536
2026-08-20 22:05:11.960,23363.9151
2026-08-20 22:05:12.384,23363.9563
2026-08-20 22:05:12.797,23364.3112
2026-08-20 22:05:13.264,23364.8586
2026-08-20 22:05:13.677,23364.9572
2026-08-20 22:05:14.107,23365.3925
2026-08-20 22:05:14.519,23365.6161
2026-08-20 22:05:14.934,23365.8517
2026-08-20 22:05:15.346,23366.3346
2026-08-20 22:05:15.758,23366.4492
2026-08-20 22:05:16.195,23366.7912
2026-08-20 22:05:16.608,23367.1741
2026-08-20 22:05:17.033,23367.2715
2026-08-20 22:05:17.446,23367.6432
2026-08-20 22:05:17.863,23367.7393
2026-08-20 22:05:18.278,23367.9187
2026-08-20 22:05:18.743,23368.3322
2026-08-20 22:05:19.157,23368.4462
2026-08-20 22:05:19.572,23368.8253
2026-08-20 22:05:19.985,23369.1465
2026-08-20 22:05:20.397,23369.3195
2026-08-20 22:05:20.862,23369.7642
2026-08-20 22:05:21.296,23369.9597
2026-08-20 22:05:21.710,23370.2848
2026-08-20 22:05:22.138,23370.5034
2026-08-20 22:05:22.550,23370.8137
2026-08-20 22:05:22.963,23371.0769
2026-08-20 22:05:23.398,23371.2507
2026-08-20 22:05:23.810,23371.5944
2026-08-20 22:05:24.233,23371.7427
2026-08-20 22:05:24.646,23372.0772
2026-08-20 22:05:25.059,23372.245
2026-08-20 22:05:25.521,23372.465
2026-08-20 22:05:25.934,23372.6595
2026-08-20 22:05:26.362,23372.8258
2026-08-20 22:05:26.774,23373.1023
2026-08-20 22:05:27.186,23373.3406
2026-08-20 22:05:27.598,23373.4632
2026-08-20 22:05:28.012,23373.7826
2026-08-20 22:05:28.426,23374.0337
2026-08-20 22:05:28.847,23374.1783
2026-08-20 22:05:29.282,23374.4199
2026-08-20 22:05:29.697,23374.7342
2026-08-20 22:05:30.122,23375.0702
2026-08-20 22:05:30.548,23375.2574
2026-08-20 22:05:30.964,23375.3975
2026-08-20 22:05:31.405,23375.6611
2026-08-20 22:05:31.820,23375.8591
2026-08-20 22:05:32.234,23376.0841
2026-08-20 22:05:32.648,23376.2386
2026-08-20 22:05:33.126,23376.4281
2026-08-20 22:05:33.558,23376.5641
2026-08-20 22:05:33.974,23376.8221
2026-08-20 22:05:34.386,23376.9317
2026-08-20 22:05:34.804,23377.0719
2026-08-20 22:05:35.218,23377.3254
2026-08-20 22:05:35.652,23377.5113
2026-08-20 22:05:36.064,23377.7159
2026-08-20 22:05:36.478,23377.9158
2026-08-20 22:05:36.889,23378.0976
2026-08-20 22:05:37.316,23378.2737
2026-08-20 22:05:37.731,23378.5811
2026-08-20 22:05:38.143,23378.8022
2026-08-20 22:05:38.615,23379.0252
2026-08-20 22:05:39.062,23379.1539
2026-08-20 22:05:39.475,23379.4148
2026-08-20 22:05:39.888,23379.6056
2026-08-20 22:05:40.356,23379.2229
2026-08-20 22:05:40.774,23378.4155
2026-08-20 22:05:41.186,23378.1854
2026-08-20 22:05:41.598,23378.2362
2026-08-20 22:05:42.009,23378.2238
2026-08-20 22:05:42.430,23378.4046
2026-08-20 22:05:42.842,23378.5204
2026-08-20 22:05:43.256,23378.7213
2026-08-20 22:05:43.668,23378.9499
2026-08-20 22:05:44.097,23379.1397
2026-08-20 22:05:44.522,23380.1163
2026-08-20 22:05:44.934,23380.8647
2026-08-20 22:05:45.362,23381.2208
2026-08-20 22:05:45.775,23381.4871
2026-08-20 22:05:46.188,23381.7571
2026-08-20 22:05:46.627,23381.9824
2026-08-20 22:05:47.040,23382.1999
2026-08-20 22:05:47.463,23382.3942
2026-08-20 22:05:47.875,23382.4073
2026-08-20 22:05:48.307,23381.6622
2026-08-20 22:05:48.743,23381.4799
2026-08-20 22:05:49.168,23381.8657
2026-08-20 22:05:49.581,23382.3596
2026-08-20 22:05:50.006,23382.7851
2026-08-20 22:05:50.418,23383.0105
2026-08-20 22:05:50.830,23383.269
2026-08-20 22:05:51.286,23383.4677
2026-08-20 22:05:51.700,23383.6782
2026-08-20 22:05:52.111,23383.7746
2026-08-20 22:05:52.524,23383.8341
2026-08-20 22:05:52.938,23383.9194
2026-08-20 22:05:53.403,23384.0922
2026-08-20 22:05:53.831,23384.2206
2026-08-20 22:05:54.260,23384.3788
2026-08-20 22:05:54.674,23384.3526
2026-08-20 22:05:55.098,23384.5302
2026-08-20 22:05:55.515,23384.5743
2026-08-20 22:05:55.933,23384.6209
2026-08-20 22:05:56.346,23384.8795
2026-08-20 22:05:56.759,23384.9347
2026-08-20 22:05:57.173,23384.9896
2026-08-20 22:05:57.587,23385.1692
2026-08-20 22:05:58.000,23385.2098
2026-08-20 22:05:58.427,23385.1807
2026-08-20 22:05:58.881,23385.4044
2026-08-20 22:05:59.294,23385.3727
2026-08-20 22:05:59.706,23385.5139
2026-08-20 22:06:00.119,23385.6354
2026-08-20 22:06:00.530,23385.6388
2026-08-20 22:06:00.957,23385.8756
2026-08-20 22:06:01.370,23386.0097
2026-08-20 22:06:01.811,23386.2725
2026-08-20 22:06:02.239,23386.4196
2026-08-20 22:06:02.652,23386.3861
2026-08-20 22:06:03.079,23386.6652
2026-08-20 22:06:03.492,23386.5168
2026-08-20 22:06:03.906,23386.5626
2026-08-20 22:06:04.322,23386.579
2026-08-20 22:06:04.734,23386.5674
2026-08-20 22:06:05.147,23386.5702
2026-08-20 22:06:05.579,23386.7955
2026-08-20 22:06:05.992,23386.5665
2026-08-20 22:06:06.406,23386.6044
2026-08-20 22:06:06.818,23386.7099
2026-08-20 22:06:07.234,23409.5156
2026-08-20 22:06:07.647,23532.7907
2026-08-20 22:06:08.064,23726.6753
2026-08-20 22:06:08.530,24016.7929
2026-08-20 22:06:08.954,24308.0957
2026-08-20 22:06:09.371,24629.078
2026-08-20 22:06:09.784,24961.1972
2026-08-20 22:06:10.202,25183.5596
2026-08-20 22:06:10.619,24886.2668
2026-08-20 22:06:11.048,24549.4565
2026-08-20 22:06:11.467,24224.3854
2026-08-20 22:06:11.881,23930.6083
2026-08-20 22:06:12.295,23685.1297
2026-08-20 22:06:12.708,23510.5495
2026-08-20 22:06:13.172,23417.162
2026-08-20 22:06:13.590,23497.7948
2026-08-20 22:06:14.014,23663.9126
2026-08-20 22:06:14.428,23909.3992
2026-08-20 22:06:14.855,23982.2537
2026-08-20 22:06:15.272,23717.0157
2026-08-20 22:06:15.690,23520.9423
2026-08-20 22:06:16.103,23409.2557
2026-08-20 22:06:16.515,23454.7749
2026-08-20 22:06:16.926,23602.8592
2026-08-20 22:06:17.340,23825.2511
2026-08-20 22:06:17.759,24017.8435
2026-08-20 22:06:18.250,23750.4893
2026-08-20 22:06:18.663,23543.6471
2026-08-20 22:06:19.075,23415.3288
2026-08-20 22:06:19.498,23430.364
2026-08-20 22:06:19.927,23572.2609
2026-08-20 22:06:20.340,23796.033
2026-08-20 22:06:20.752,24066.9046
2026-08-20 22:06:21.165,24365.4722
2026-08-20 22:06:21.579,24683.6301
2026-08-20 22:06:22.055,25059.5809
2026-08-20 22:06:22.474,25091.2841
2026-08-20 22:06:22.900,24742.8033
2026-08-20 22:06:23.313,24406.4296
2026-08-20 22:06:23.725,24100.6651
2026-08-20 22:06:24.152,23814.0589
2026-08-20 22:06:24.579,23594.5729
2026-08-20 22:06:25.006,23448.6276
2026-08-20 22:06:25.421,23389.4851
2026-08-20 22:06:25.834,23388.5602
2026-08-20 22:06:26.246,23387.6512
2026-08-20 22:06:26.659,23386.6569
2026-08-20 22:06:27.072,23385.8468
2026-08-20 22:06:27.496,23385.0321
2026-08-20 22:06:27.909,23384.3409
2026-08-20 22:06:28.339,23383.7009
2026-08-20 22:06:28.766,23382.9894
2026-08-20 22:06:29.179,23382.5402
2026-08-20 22:06:29.590,23382.1305
2026-08-20 22:06:30.003,23381.7732
2026-08-20 22:06:30.447,23410.62
2026-08-20 22:06:30.859,23543.9345
2026-08-20 22:06:31.273,23742.3905
2026-08-20 22:06:31.686,24001.5642
2026-08-20 22:06:32.120,24305.1653
2026-08-20 22:06:32.547,24624.4639
2026-08-20 22:06:32.960,24966.1496
2026-08-20 22:06:33.376,25153.9064
2026-08-20 22:06:33.789,24838.8117
2026-08-20 22:06:34.202,24506.8204
2026-08-20 22:06:34.681,24155.0255
2026-08-20 22:06:35.098,23862.3325
2026-08-20 22:06:35.513,23627.1667
2026-08-20 22:06:35.928,23469.692
2026-08-20 22:06:36.340,23401.9048
2026-08-20 22:06:36.767,23485.68
2026-08-20 22:06:37.188,23659.4353
2026-08-20 22:06:37.600,23908.1203
2026-08-20 22:06:38.012,23940.7468
2026-08-20 22:06:38.438,23684.9585
2026-08-20 22:06:38.895,23478.2391
2026-08-20 22:06:39.322,23388.5054
2026-08-20 22:06:39.735,23460.0905
2026-08-20 22:06:40.162,23627.7774
2026-08-20 22:06:40.586,23863.8338
2026-08-20 22:06:40.998,23971.8075
2026-08-20 22:06:41.428,23708.3781
2026-08-20 22:06:41.855,23504.1438
2026-08-20 22:06:42.268,23390.4532
2026-08-20 22:06:42.690,23426.6498
2026-08-20 22:06:43.103,23573.5249
2026-08-20 22:06:43.537,23802.7906
2026-08-20 22:06:43.965,24081.5182
2026-08-20 22:06:44.393,24394.5844
2026-08-20 22:06:44.835,24750.3493
2026-08-20 22:06:45.248,25085.248
2026-08-20 22:06:45.708,24994.3063
2026-08-20 22:06:46.122,24654.4256
2026-08-20 22:06:46.544,24331.6838
2026-08-20 22:06:46.956,24023.2726
2026-08-20 22:06:47.418,23753.9616
2026-08-20 22:06:47.840,23525.8844
2026-08-20 22:06:48.257,23406.1244
2026-08-20 22:06:48.681,23372.7711
2026-08-20 22:06:49.093,23372.293
2026-08-20 22:06:49.520,23371.2323
2026-08-20 22:06:49.939,23370.3172
2026-08-20 22:06:50.354,23369.5779
2026-08-20 22:06:50.766,23368.7206
2026-08-20 22:06:51.193,23367.9415
2026-08-20 22:06:51.606,23367.0871
2026-08-20 22:06:52.028,23366.4434
2026-08-20 22:06:52.455,23365.8604
2026-08-20 22:06:52.869,23365.3237
2026-08-20 22:06:53.282,23365.0606
2026-08-20 22:06:53.694,23421.63
2026-08-20 22:06:54.136,23561.6693
2026-08-20 22:06:54.549,23791.7111
2026-08-20 22:06:54.975,24062.4144
2026-08-20 22:06:55.387,24372.4205
2026-08-20 22:06:55.800,24690.8385
2026-08-20 22:06:56.277,25068.1363
2026-08-20 22:06:56.704,25026.8991
2026-08-20 22:06:57.117,24673.5987
2026-08-20 22:06:57.535,24348.7077
2026-08-20 22:06:57.951,24040.8839
2026-08-20 22:06:58.377,23765.7475
2026-08-20 22:06:58.789,23547.3488
2026-08-20 22:06:59.206,23415.4389
2026-08-20 22:06:59.619,23393.1541
2026-08-20 22:07:00.092,23527.6978
2026-08-20 22:07:00.512,23728.9618
2026-08-20 22:07:00.979,23973.7376
2026-08-20 22:07:01.423,23757.4345
2026-08-20 22:07:01.851,23539.5435
2026-08-20 22:07:02.263,23398.2195
2026-08-20 22:07:02.679,23383.246
2026-08-20 22:07:03.106,23504.7057
2026-08-20 22:07:03.519,23709.6838
2026-08-20 22:07:03.932,23955.1564
2026-08-20 22:07:04.346,23828.0343
2026-08-20 22:07:04.813,23589.4041
2026-08-20 22:07:05.244,23410.2073
2026-08-20 22:07:05.657,23367.8425
2026-08-20 22:07:06.073,23477.8041
2026-08-20 22:07:06.488,23666.8663
2026-08-20 22:07:06.913,23922.7612
2026-08-20 22:07:07.343,24224.9426
2026-08-20 22:07:07.756,24548.4455
2026-08-20 22:07:08.169,24877.4344
2026-08-20 22:07:08.596,25123.1045
2026-08-20 22:07:09.023,24835.1144
2026-08-20 22:07:09.436,24490.5137
2026-08-20 22:07:09.861,24165.2273
2026-08-20 22:07:10.275,23875.5416
2026-08-20 22:07:10.699,23628.6355
2026-08-20 22:07:11.112,23454.1392
2026-08-20 22:07:11.526,23362.548
2026-08-20 22:07:11.940,23350.5842
2026-08-20 22:07:12.358,23349.9413
2026-08-20 22:07:12.784,23348.8297
2026-08-20 22:07:13.201,23347.7591
2026-08-20 22:07:13.624,23346.8814
2026-08-20 22:07:14.043,23345.8613
2026-08-20 22:07:14.456,23345.1645
2026-08-20 22:07:14.872,23344.544
2026-08-20 22:07:15.284,23343.8288
2026-08-20 22:07:15.763,23343.6864
2026-08-20 22:07:16.176,23343.2757
2026-08-20 22:07:16.590,23354.2654
2026-08-20 22:07:17.016,23454.3945
2026-08-20 22:07:17.437,23626.7943
2026-08-20 22:07:17.867,23876.8412
2026-08-20 22:07:18.280,24170.7189
2026-08-20 22:07:18.693,24479.7048
2026-08-20 22:07:19.109,24805.4152
2026-08-20 22:07:19.521,25111.1853
2026-08-20 22:07:19.946,24912.6405
2026-08-20 22:07:20.364,24565.1157
2026-08-20 22:07:20.779,24242.7832
2026-08-20 22:07:21.205,23943.8277
2026-08-20 22:07:21.620,23676.4008
2026-08-20 22:07:22.051,23487.8679
2026-08-20 22:07:22.464,23373.399
2026-08-20 22:07:22.892,23403.8998
2026-08-20 22:07:23.305,23543.657
2026-08-20 22:07:23.722,23759.0691
2026-08-20 22:07:24.163,23956.2722
2026-08-20 22:07:24.590,23717.6895
2026-08-20 22:07:25.018,23502.5306
2026-08-20 22:07:25.453,23372.2737
2026-08-20 22:07:25.868,23381.9383
2026-08-20 22:07:26.283,23512.6471
2026-08-20 22:07:26.695,23720.9024
2026-08-20 22:07:27.109,23951.6468
2026-08-20 22:07:27.540,23773.6936
2026-08-20 22:07:27.953,23544.0478
2026-08-20 22:07:28.375,23395.2492
2026-08-20 22:07:28.799,23352.5053
2026-08-20 22:07:29.212,23463.8725
2026-08-20 22:07:29.626,23649.8766
2026-08-20 22:07:30.053,23913.7843
2026-08-20 22:07:30.485,24220.8203
2026-08-20 22:07:30.899,24533.5195
2026-08-20 22:07:31.318,24863.8465
2026-08-20 22:07:31.731,25111.5833
2026-08-20 22:07:32.148,24833.2526
2026-08-20 22:07:32.582,24496.0923
2026-08-20 22:07:32.995,24164.8561
2026-08-20 22:07:33.408,23873.5263
2026-08-20 22:07:33.820,23625.555
2026-08-20 22:07:34.236,23452.6272
2026-08-20 22:07:34.661,23356.5051
2026-08-20 22:07:35.159,23341.9986
2026-08-20 22:07:35.572,23341.4796
2026-08-20 22:07:35.984,23340.5932
2026-08-20 22:07:36.397,23340.0248
2026-08-20 22:07:36.815,23339.1969
2026-08-20 22:07:37.239,23338.6112
2026-08-20 22:07:37.652,23338.0187
2026-08-20 22:07:38.065,23337.4894
2026-08-20 22:07:38.493,23337.059
2026-08-20 22:07:38.921,23336.5823
2026-08-20 22:07:39.333,23336.1116
2026-08-20 22:07:39.759,23347.5297
2026-08-20 22:07:40.171,23448.4171
2026-08-20 22:07:40.584,23621.4334
2026-08-20 22:07:41.049,23897.6438
2026-08-20 22:07:41.477,24196.7419
2026-08-20 22:07:41.900,24507.8195
2026-08-20 22:07:42.315,24843.7724
2026-08-20 22:07:42.729,25110.6911
2026-08-20 22:07:43.149,24853.7715
2026-08-20 22:07:43.564,24512.5724
2026-08-20 22:07:43.977,24195.0318
2026-08-20 22:07:44.403,23900.5674
2026-08-20 22:07:44.815,23639.5622
2026-08-20 22:07:45.293,23444.1528
2026-08-20 22:07:45.706,23355.7839
2026-08-20 22:07:46.136,23421.6711
2026-08-20 22:07:46.564,23576.7005
2026-08-20 22:07:46.980,23817.4686
2026-08-20 22:07:47.396,23927.933
2026-08-20 22:07:47.812,23673.1304
2026-08-20 22:07:48.224,23474.1548
2026-08-20 22:07:48.660,23353.6073
2026-08-20 22:07:49.088,23384.3456
2026-08-20 22:07:49.501,23528.8725
2026-08-20 22:07:49.928,23747.0374
2026-08-20 22:07:50.340,23944.1039
2026-08-20 22:07:50.759,23724.4864
2026-08-20 22:07:51.172,23503.6673
2026-08-20 22:07:51.587,23367.4975
2026-08-20 22:07:52.000,23352.2132
2026-08-20 22:07:52.414,23473.5401
2026-08-20 22:07:52.842,23672.3092
2026-08-20 22:07:53.262,23947.7992
2026-08-20 22:07:53.675,24244.7227
2026-08-20 22:07:54.099,24560.7511
2026-08-20 22:07:54.511,24902.0526
2026-08-20 22:07:54.924,25089.3973
2026-08-20 22:07:55.360,24776.2001
2026-08-20 22:07:55.777,24427.1665
2026-08-20 22:07:56.192,24112.4028
2026-08-20 22:07:56.619,23823.3364
2026-08-20 22:07:57.043,23577.3273
2026-08-20 22:07:57.468,23415.823
2026-08-20 22:07:57.887,23336.9052
2026-08-20 22:07:58.299,23331.3852
2026-08-20 22:07:58.711,23330.8038
2026-08-20 22:07:59.124,23329.9757
2026-08-20 22:07:59.586,23329.0873
2026-08-20 22:07:59.998,23328.5692
2026-08-20 22:08:00.419,23327.8829
2026-08-20 22:08:00.832,23327.3871
2026-08-20 22:08:01.265,23327.0193
2026-08-20 22:08:01.682,23326.6775
2026-08-20 22:08:02.099,23326.4495
2026-08-20 22:08:02.516,23326.117
2026-08-20 22:08:02.933,23325.6057
2026-08-20 22:08:03.399,23325.2066
2026-08-20 22:08:03.819,23324.9958
2026-08-20 22:08:04.242,23324.5634
2026-08-20 22:08:04.658,23324.3161
2026-08-20 22:08:05.077,23323.9358
2026-08-20 22:08:05.490,23323.6508
2026-08-20 22:08:05.908,23323.2059
2026-08-20 22:08:06.337,23323.2775
2026-08-20 22:08:06.751,23323.2466
2026-08-20 22:08:07.163,23322.7724
2026-08-20 22:08:07.577,23322.8733
2026-08-20 22:08:08.008,23322.904
2026-08-20 22:08:08.420,23322.4018
2026-08-20 22:08:08.841,23322.6235
