Address,GPIB0::22::INSTR
Model,34461A
Serial Number:,MY60051737
Firmware Version,A.03.03-03.15-03.03-00.52-04-03
Start Time,2026-08-21 15:39:11.399
Stop Time,2026-08-21 16:16:22.927
,
Time (s),Channel 1 (Ω)
2026-08-21 15:39:11.881,25028.5445
2026-08-21 15:39:12.374,25029.4897
2026-08-21 15:39:12.787,25030.1092
2026-08-21 15:39:13.225,25030.7842
2026-08-21 15:39:13.642,25031.7697
2026-08-21 15:39:14.076,25031.9998
2026-08-21 15:39:14.489,25032.9655
2026-08-21 15:39:14.915,25034.0172
2026-08-21 15:39:15.328,25034.1802
2026-08-21 15:39:15.791,25035.0521
2026-08-21 15:39:16.211,25034.1752
2026-08-21 15:39:16.629,25034.629
2026-08-21 15:39:17.041,25035.798
2026-08-21 15:39:17.454,25036.9382
2026-08-21 15:39:17.916,25036.9921
2026-08-21 15:39:18.334,25037.3927
2026-08-21 15:39:18.748,25038.1723
2026-08-21 15:39:19.161,25038.8452
2026-08-21 15:39:19.574,25039.1692
2026-08-21 15:39:20.001,25039.7362
2026-08-21 15:39:20.436,25040.756
2026-08-21 15:39:20.848,25041.6722
2026-08-21 15:39:21.261,25042.9968
2026-08-21 15:39:21.673,25043.6985
2026-08-21 15:39:22.087,25044.2712
2026-08-21 15:39:22.499,25046.0119
2026-08-21 15:39:22.920,25046.4443
2026-08-21 15:39:23.333,25048.4597
2026-08-21 15:39:23.744,25049.8318
2026-08-21 15:39:24.157,25050.6254
2026-08-21 15:39:24.586,25052.0464
2026-08-21 15:39:25.011,25053.8123
2026-08-21 15:39:25.425,25054.2833
2026-08-21 15:39:25.838,25055.2223
2026-08-21 15:39:26.250,25055.8112
2026-08-21 15:39:26.664,25057.7396
2026-08-21 15:39:27.078,25059.2458
2026-08-21 15:39:27.491,25059.5657
2026-08-21 15:39:27.963,25059.8084
2026-08-21 15:39:28.423,25060.3855
2026-08-21 15:39:28.835,25060.9093
2026-08-21 15:39:29.248,25061.8184
2026-08-21 15:39:29.670,25064.308
2026-08-21 15:39:30.105,25065.8497
2026-08-21 15:39:30.521,25069.0459
2026-08-21 15:39:30.942,25069.4082
2026-08-21 15:39:31.355,25070.3613
2026-08-21 15:39:31.768,25071.1546
2026-08-21 15:39:32.233,25069.9234
2026-08-21 15:39:32.646,25068.6223
2026-08-21 15:39:33.073,25067.2026
2026-08-21 15:39:33.500,25066.485
2026-08-21 15:39:33.913,25066.6864
2026-08-21 15:39:34.336,25067.9015
2026-08-21 15:39:34.830,25074.1727
2026-08-21 15:39:35.243,25080.5789
2026-08-21 15:39:35.655,25085.7507
2026-08-21 15:39:36.123,25078.1443
2026-08-21 15:39:36.557,25072.6291
2026-08-21 15:39:36.970,25071.3547
2026-08-21 15:39:37.382,25070.461
2026-08-21 15:39:37.795,25070.5137
2026-08-21 15:39:38.206,25070.9033
2026-08-21 15:39:38.644,25070.8436
2026-08-21 15:39:39.056,25071.0384
2026-08-21 15:39:39.468,25071.7072
2026-08-21 15:39:39.881,25072.2617
2026-08-21 15:39:40.294,25072.4325
2026-08-21 15:39:40.784,25072.6309
2026-08-21 15:39:41.198,25072.9457
2026-08-21 15:39:41.610,25072.4001
2026-08-21 15:39:42.028,25072.4331
2026-08-21 15:39:42.441,25072.9205
2026-08-21 15:39:42.852,25073.6875
2026-08-21 15:39:43.297,25074.6138
2026-08-21 15:39:43.710,25075.708
2026-08-21 15:39:44.123,25076.6433
2026-08-21 15:39:44.536,25078.5483
2026-08-21 15:39:44.949,25080.4086
2026-08-21 15:39:45.371,25081.5335
2026-08-21 15:39:45.784,25082.9445
2026-08-21 15:39:46.206,25084.564
2026-08-21 15:39:46.623,25086.6679
2026-08-21 15:39:47.036,25089.4687
2026-08-21 15:39:47.449,25091.6075
2026-08-21 15:39:47.861,25092.1094
2026-08-21 15:39:48.292,25091.8091
2026-08-21 15:39:48.729,25091.6511
2026-08-21 15:39:49.142,25092.0629
2026-08-21 15:39:49.569,25092.4116
2026-08-21 15:39:49.982,25092.786
2026-08-21 15:39:50.394,25092.6803
2026-08-21 15:39:50.840,25092.5342
2026-08-21 15:39:51.255,25092.9383
2026-08-21 15:39:51.667,25093.3035
2026-08-21 15:39:52.094,25093.6315
2026-08-21 15:39:52.506,25093.8884
2026-08-21 15:39:52.971,25094.5365
2026-08-21 15:39:53.384,25095.4571
2026-08-21 15:39:53.798,25095.9283
2026-08-21 15:39:54.212,25096.2818
2026-08-21 15:39:54.625,25097.1053
2026-08-21 15:39:55.037,25098.4843
2026-08-21 15:39:55.484,25101.2666
2026-08-21 15:39:55.911,25105.7537
2026-08-21 15:39:56.323,25103.5181
2026-08-21 15:39:56.737,25103.5635
2026-08-21 15:39:57.150,25104.4803
2026-08-21 15:39:57.562,25105.3651
2026-08-21 15:39:58.002,25106.9967
2026-08-21 15:39:58.414,25109.2415
2026-08-21 15:39:58.834,25111.1048
2026-08-21 15:39:59.247,25114.6436
2026-08-21 15:39:59.659,25119.7375
2026-08-21 15:40:00.080,25124.8126
2026-08-21 15:40:00.634,25130.8966
2026-08-21 15:40:01.051,25126.2803
2026-08-21 15:40:01.478,25124.9069
2026-08-21 15:40:01.899,25125.1027
2026-08-21 15:40:02.312,25124.6439
2026-08-21 15:40:02.725,25124.7759
2026-08-21 15:40:03.138,25125.2046
2026-08-21 15:40:03.568,25124.8144
2026-08-21 15:40:03.983,25124.0678
2026-08-21 15:40:04.402,25124.4034
2026-08-21 15:40:04.829,25126.5131
2026-08-21 15:40:05.240,25127.1202
2026-08-21 15:40:05.677,25127.0747
2026-08-21 15:40:06.090,25127.6889
2026-08-21 15:40:06.513,25127.6486
2026-08-21 15:40:06.927,25128.5541
2026-08-21 15:40:07.339,25130.4157
2026-08-21 15:40:07.802,25240.7359
2026-08-21 15:40:08.220,25475.3094
2026-08-21 15:40:08.632,25797.4117
2026-08-21 15:40:09.048,26161.4131
2026-08-21 15:40:09.462,26560.4709
2026-08-21 15:40:09.888,26919.4966
2026-08-21 15:40:10.383,26554.0417
2026-08-21 15:40:10.811,26155.6123
2026-08-21 15:40:11.231,25781.0983
2026-08-21 15:40:11.653,25466.2786
2026-08-21 15:40:12.083,25252.4144
2026-08-21 15:40:12.496,25222.2964
2026-08-21 15:40:12.923,25406.5148
2026-08-21 15:40:13.335,25708.593
2026-08-21 15:40:13.758,26061.3979
2026-08-21 15:40:14.176,26476.5543
2026-08-21 15:40:14.592,26888.7142
2026-08-21 15:40:15.010,26775.2774
2026-08-21 15:40:15.423,26360.3731
2026-08-21 15:40:15.863,25979.4216
2026-08-21 15:40:16.276,25616.1003
2026-08-21 15:40:16.693,25353.3606
2026-08-21 15:40:17.107,25214.9246
2026-08-21 15:40:17.518,25303.1799
2026-08-21 15:40:17.990,25575.2663
2026-08-21 15:40:18.416,25809.0678
2026-08-21 15:40:18.830,25546.294
2026-08-21 15:40:19.250,25303.9952
2026-08-21 15:40:19.670,25212.8307
2026-08-21 15:40:20.106,25361.7154
2026-08-21 15:40:20.519,25648.3548
2026-08-21 15:40:20.932,25807.0225
2026-08-21 15:40:21.344,25511.5441
2026-08-21 15:40:21.757,25285.587
2026-08-21 15:40:22.175,25195.2988
2026-08-21 15:40:22.590,25197.3905
2026-08-21 15:40:23.050,25295.2262
2026-08-21 15:40:23.466,25367.8147
2026-08-21 15:40:23.882,25302.765
2026-08-21 15:40:24.294,25233.6417
2026-08-21 15:40:24.705,25217.3711
2026-08-21 15:40:25.119,25210.1516
2026-08-21 15:40:25.587,25206.5965
2026-08-21 15:40:26.005,25204.3496
2026-08-21 15:40:26.417,25203.1366
2026-08-21 15:40:26.829,25202.8494
2026-08-21 15:40:27.244,25256.6195
2026-08-21 15:40:27.673,25459.4341
2026-08-21 15:40:28.114,25756.5342
2026-08-21 15:40:28.527,26142.2186
2026-08-21 15:40:28.947,26527.0163
2026-08-21 15:40:29.359,26941.0107
2026-08-21 15:40:29.771,26770.9156
2026-08-21 15:40:30.236,26310.8709
2026-08-21 15:40:30.650,25936.4628
2026-08-21 15:40:31.063,25603.1369
2026-08-21 15:40:31.483,25352.5271
2026-08-21 15:40:31.895,25237.2498
2026-08-21 15:40:32.373,25377.8956
2026-08-21 15:40:32.790,25661.0274
2026-08-21 15:40:33.202,26002.4978
2026-08-21 15:40:33.615,26382.2554
2026-08-21 15:40:34.027,26790.152
2026-08-21 15:40:34.439,26931.6034
2026-08-21 15:40:34.852,26526.8553
2026-08-21 15:40:35.288,26137.1089
2026-08-21 15:40:35.700,25760.7957
2026-08-21 15:40:36.126,25466.3838
2026-08-21 15:40:36.538,25277.7018
2026-08-21 15:40:36.953,25293.778
2026-08-21 15:40:37.417,25523.901
2026-08-21 15:40:37.832,25823.2873
2026-08-21 15:40:38.245,25694.574
2026-08-21 15:40:38.657,25414.7403
2026-08-21 15:40:39.071,25256.8215
2026-08-21 15:40:39.483,25327.4475
2026-08-21 15:40:39.962,25590.2106
2026-08-21 15:40:40.377,25852.2165
2026-08-21 15:40:40.791,25612.0377
2026-08-21 15:40:41.203,25357.6797
2026-08-21 15:40:41.617,25235.5286
2026-08-21 15:40:42.030,25228.9349
2026-08-21 15:40:42.463,25230.1715
2026-08-21 15:40:42.894,25230.8883
2026-08-21 15:40:43.307,25232.1038
2026-08-21 15:40:43.735,25232.7988
2026-08-21 15:40:44.163,25230.5604
2026-08-21 15:40:44.575,25229.9156
2026-08-21 15:40:44.992,25231.7359
2026-08-21 15:40:45.420,25232.2398
2026-08-21 15:40:45.832,25233.0288
2026-08-21 15:40:46.256,25235.0457
2026-08-21 15:40:46.671,25261.3582
2026-08-21 15:40:47.083,25424.1609
2026-08-21 15:40:47.515,25694.8834
2026-08-21 15:40:47.943,26063.8526
2026-08-21 15:40:48.355,26445.9787
2026-08-21 15:40:48.768,26853.0035
2026-08-21 15:40:49.183,26946.0479
2026-08-21 15:40:49.648,26482.0062
2026-08-21 15:40:50.075,26083.5167
2026-08-21 15:40:50.510,25724.0098
2026-08-21 15:40:50.929,25443.0469
2026-08-21 15:40:51.358,25287.1681
2026-08-21 15:40:51.771,25362.5134
2026-08-21 15:40:52.191,25591.8089
2026-08-21 15:40:52.603,25922.1406
2026-08-21 15:40:53.017,26289.781
2026-08-21 15:40:53.433,26687.5199
2026-08-21 15:40:53.854,27019.1873
2026-08-21 15:40:54.267,26704.1829
2026-08-21 15:40:54.680,26304.8788
2026-08-21 15:40:55.107,25933.9197
2026-08-21 15:40:55.519,25599.038
2026-08-21 15:40:55.945,25366.1551
2026-08-21 15:40:56.365,25302.0442
2026-08-21 15:40:56.783,25473.2375
2026-08-21 15:40:57.209,25762.617
2026-08-21 15:40:57.625,25911.6722
2026-08-21 15:40:58.038,25576.4027
2026-08-21 15:40:58.499,25353.6414
2026-08-21 15:40:58.917,25334.4184
2026-08-21 15:40:59.341,25530.0605
2026-08-21 15:40:59.754,25842.22
2026-08-21 15:41:00.168,25796.1641
2026-08-21 15:41:00.579,25493.5984
2026-08-21 15:41:01.014,25307.2497
2026-08-21 15:41:01.436,25267.8518
2026-08-21 15:41:01.848,25274.848
2026-08-21 15:41:02.284,25280.4826
2026-08-21 15:41:02.710,25281.0846
2026-08-21 15:41:03.123,25284.7332
2026-08-21 15:41:03.536,25297.2208
2026-08-21 15:41:03.972,25283.1114
2026-08-21 15:41:04.387,25282.9256
2026-08-21 15:41:04.814,25283.4431
2026-08-21 15:41:05.230,25281.7215
2026-08-21 15:41:05.641,25283.9733
2026-08-21 15:41:06.055,25284.0901
2026-08-21 15:41:06.478,25381.7837
2026-08-21 15:41:06.891,25621.6474
2026-08-21 15:41:07.370,26006.9115
2026-08-21 15:41:07.790,26395.8442
2026-08-21 15:41:08.202,26804.0529
2026-08-21 15:41:08.615,27059.774
2026-08-21 15:41:09.030,26704.2912
2026-08-21 15:41:09.473,26302.2044
2026-08-21 15:41:09.887,25908.8031
2026-08-21 15:41:10.309,25594.3752
2026-08-21 15:41:10.723,25377.8134
2026-08-21 15:41:11.136,25340.1687
2026-08-21 15:41:11.582,25510.6369
2026-08-21 15:41:12.005,25821.4405
2026-08-21 15:41:12.417,26182.8578
2026-08-21 15:41:12.829,26570.3012
2026-08-21 15:41:13.242,26987.3733
2026-08-21 15:41:13.679,26921.2647
2026-08-21 15:41:14.104,26482.6601
2026-08-21 15:41:14.518,26092.5786
2026-08-21 15:41:14.932,25746.2283
2026-08-21 15:41:15.397,25476.5353
2026-08-21 15:41:15.817,25334.6547
2026-08-21 15:41:16.231,25447.3497
2026-08-21 15:41:16.642,25698.2878
2026-08-21 15:41:17.054,25943.43
2026-08-21 15:41:17.466,25690.7459
2026-08-21 15:41:17.927,25424.78
2026-08-21 15:41:18.354,25345.2616
2026-08-21 15:41:18.781,25502.5611
2026-08-21 15:41:19.198,25788.8588
2026-08-21 15:41:19.611,25909.9159
2026-08-21 15:41:20.040,25604.6516
2026-08-21 15:41:20.454,25382.1394
2026-08-21 15:41:20.880,25315.3114
2026-08-21 15:41:21.301,25320.5714
2026-08-21 15:41:21.713,25323.6261
2026-08-21 15:41:22.155,25323.458
2026-08-21 15:41:22.567,25322.6761
2026-08-21 15:41:22.980,25322.6731
2026-08-21 15:41:23.393,25323.717
2026-08-21 15:41:23.819,25324.755
2026-08-21 15:41:24.238,25326.1103
2026-08-21 15:41:24.740,25325.5272
2026-08-21 15:41:25.201,25325.155
2026-08-21 15:41:25.633,25328.1121
2026-08-21 15:41:26.047,25440.5917
2026-08-21 15:41:26.471,25679.5756
2026-08-21 15:41:26.883,26014.3901
2026-08-21 15:41:27.296,26380.6555
2026-08-21 15:41:27.725,26772.3237
2026-08-21 15:41:28.146,27083.2716
2026-08-21 15:41:28.563,26736.6002
2026-08-21 15:41:28.977,26334.1936
2026-08-21 15:41:29.392,25967.0384
2026-08-21 15:41:29.810,25646.1439
2026-08-21 15:41:30.222,25421.8502
2026-08-21 15:41:30.640,25365.1753
2026-08-21 15:41:31.053,25525.6791
2026-08-21 15:41:31.491,25803.508
2026-08-21 15:41:31.904,26173.6896
2026-08-21 15:41:32.336,26572.1609
2026-08-21 15:41:32.749,26990.5991
2026-08-21 15:41:33.161,26974.2064
2026-08-21 15:41:33.594,26548.8285
2026-08-21 15:41:34.005,26160.2272
2026-08-21 15:41:34.433,25801.5643
2026-08-21 15:41:34.858,25527.0899
2026-08-21 15:41:35.271,25375.5247
2026-08-21 15:41:35.684,25447.2509
2026-08-21 15:41:36.111,25671.3029
2026-08-21 15:41:36.524,25958.7321
2026-08-21 15:41:36.941,25758.9006
2026-08-21 15:41:37.360,25492.6474
2026-08-21 15:41:37.771,25365.2346
2026-08-21 15:41:38.196,25472.775
2026-08-21 15:41:38.613,25727.6492
2026-08-21 15:41:39.026,25966.4846
2026-08-21 15:41:39.438,25711.5009
2026-08-21 15:41:39.883,25449.37
2026-08-21 15:41:40.295,25344.7276
2026-08-21 15:41:40.722,25342.9985
2026-08-21 15:41:41.134,25343.3081
2026-08-21 15:41:41.580,25343.515
2026-08-21 15:41:41.997,25343.6927
2026-08-21 15:41:42.411,25346.0971
2026-08-21 15:41:42.824,25347.3574
2026-08-21 15:41:43.236,25346.7206
2026-08-21 15:41:43.651,25348.0408
2026-08-21 15:41:44.070,25348.1729
2026-08-21 15:41:44.515,25347.7064
2026-08-21 15:41:44.929,25348.0267
2026-08-21 15:41:45.355,25384.0675
2026-08-21 15:41:45.768,25565.5444
2026-08-21 15:41:46.186,25849.1594
2026-08-21 15:41:46.647,26243.1354
2026-08-21 15:41:47.060,26633.0232
2026-08-21 15:41:47.476,27046.8574
2026-08-21 15:41:47.895,26977.9403
2026-08-21 15:41:48.308,26559.7482
2026-08-21 15:41:48.736,26162.8071
2026-08-21 15:41:49.151,25818.7933
2026-08-21 15:41:49.581,25544.7605
2026-08-21 15:41:49.994,25395.8457
2026-08-21 15:41:50.407,25481.007
2026-08-21 15:41:50.820,25720.1221
2026-08-21 15:41:51.233,26039.3799
2026-08-21 15:41:51.648,26409.5416
2026-08-21 15:41:52.061,26811.8911
2026-08-21 15:41:52.523,27134.4147
2026-08-21 15:41:52.940,26781.4667
2026-08-21 15:41:53.368,26380.1478
2026-08-21 15:41:53.795,25996.7477
2026-08-21 15:41:54.208,25674.4189
2026-08-21 15:41:54.641,25468.3436
2026-08-21 15:41:55.056,25433.6086
2026-08-21 15:41:55.475,25609.5104
2026-08-21 15:41:55.888,25899.3204
2026-08-21 15:41:56.301,25926.1712
2026-08-21 15:41:56.727,25613.5354
2026-08-21 15:41:57.147,25424.9036
2026-08-21 15:41:57.576,25444.7448
2026-08-21 15:41:58.004,25661.2487
2026-08-21 15:41:58.418,25965.4722
2026-08-21 15:41:58.845,25858.2432
2026-08-21 15:41:59.257,25564.1911
2026-08-21 15:41:59.711,25400.8701
2026-08-21 15:42:00.124,25376.9248
2026-08-21 15:42:00.545,25379.3172
2026-08-21 15:42:00.959,25380.7564
2026-08-21 15:42:01.379,25381.4834
2026-08-21 15:42:01.791,25381.8444
2026-08-21 15:42:02.204,25382.5731
2026-08-21 15:42:02.628,25389.0235
2026-08-21 15:42:03.042,25414.4929
2026-08-21 15:42:03.461,25417.396
2026-08-21 15:42:03.873,25427.6654
2026-08-21 15:42:04.292,25417.7932
2026-08-21 15:42:04.704,25407.2538
2026-08-21 15:42:05.202,25555.1118
2026-08-21 15:42:05.617,25833.0707
2026-08-21 15:42:06.033,26159.9801
2026-08-21 15:42:06.447,26528.1418
2026-08-21 15:42:06.862,26930.5563
2026-08-21 15:42:07.276,27148.0252
2026-08-21 15:42:07.717,26746.4763
2026-08-21 15:42:08.143,26339.9275
2026-08-21 15:42:08.560,25968.2697
2026-08-21 15:42:08.972,25663.5039
2026-08-21 15:42:09.399,25472.0177
2026-08-21 15:42:09.830,25478.407
2026-08-21 15:42:10.242,25683.8474
2026-08-21 15:42:10.670,25990.5344
2026-08-21 15:42:11.082,26350.4098
2026-08-21 15:42:11.495,26746.6714
2026-08-21 15:42:11.907,27143.6963
2026-08-21 15:42:12.322,26979.8448
2026-08-21 15:42:12.747,26569.4833
2026-08-21 15:42:13.161,26177.8605
2026-08-21 15:42:13.573,25836.4067
2026-08-21 15:42:13.992,25579.1326
2026-08-21 15:42:14.410,25454.8958
2026-08-21 15:42:14.828,25560.4013
2026-08-21 15:42:15.242,25809.4493
2026-08-21 15:42:15.659,26052.1433
2026-08-21 15:42:16.071,25809.3721
2026-08-21 15:42:16.502,25548.3555
2026-08-21 15:42:16.921,25451.8297
2026-08-21 15:42:17.333,25581.5522
2026-08-21 15:42:17.750,25836.0208
2026-08-21 15:42:18.211,26044.706
2026-08-21 15:42:18.628,25729.2248
2026-08-21 15:42:19.055,25507.9642
2026-08-21 15:42:19.472,25429.3863
2026-08-21 15:42:19.898,25431.2123
2026-08-21 15:42:20.311,25428.5531
2026-08-21 15:42:20.737,25428.9208
2026-08-21 15:42:21.151,25428.8328
2026-08-21 15:42:21.579,25430.3197
2026-08-21 15:42:21.993,25432.6779
2026-08-21 15:42:22.410,25436.2898
2026-08-21 15:42:22.837,25433.4604
2026-08-21 15:42:23.249,25430.9581
2026-08-21 15:42:23.661,25429.421
2026-08-21 15:42:24.072,25429.9445
2026-08-21 15:42:24.498,25474.4269
2026-08-21 15:42:24.911,25667.0099
2026-08-21 15:42:25.336,25957.4665
2026-08-21 15:42:25.749,26320.0206
2026-08-21 15:42:26.160,26708.2482
2026-08-21 15:42:26.573,27121.6002
2026-08-21 15:42:26.986,27067.2348
2026-08-21 15:42:27.398,26655.8512
2026-08-21 15:42:27.812,26270.7982
2026-08-21 15:42:28.244,25909.5187
2026-08-21 15:42:28.659,25631.8321
2026-08-21 15:42:29.071,25481.1715
2026-08-21 15:42:29.483,25550.9053
2026-08-21 15:42:29.909,25784.5319
2026-08-21 15:42:30.320,26108.1779
2026-08-21 15:42:30.733,26479.4101
2026-08-21 15:42:31.172,26881.2813
2026-08-21 15:42:31.596,27226.8469
2026-08-21 15:42:32.011,26892.8797
2026-08-21 15:42:32.428,26486.8065
2026-08-21 15:42:32.889,26108.4114
2026-08-21 15:42:33.305,25747.5709
2026-08-21 15:42:33.718,25540.2709
2026-08-21 15:42:34.132,25500.7772
2026-08-21 15:42:34.545,25664.6409
2026-08-21 15:42:34.958,25947.0098
2026-08-21 15:42:35.425,25995.22
2026-08-21 15:42:35.838,25691.9616
2026-08-21 15:42:36.264,25503.1024
2026-08-21 15:42:36.678,25524.3975
2026-08-21 15:42:37.107,25736.32
2026-08-21 15:42:37.525,26046.6316
2026-08-21 15:42:37.937,25941.9803
2026-08-21 15:42:38.349,25655.0751
2026-08-21 15:42:38.762,25485.375
2026-08-21 15:42:39.190,25456.7049
2026-08-21 15:42:39.634,25459.0206
2026-08-21 15:42:40.062,25460.5903
2026-08-21 15:42:40.475,25460.6045
2026-08-21 15:42:40.895,25460.5382
2026-08-21 15:42:41.309,25460.6877
2026-08-21 15:42:41.751,25459.9426
2026-08-21 15:42:42.164,25459.8111
2026-08-21 15:42:42.582,25459.8326
2026-08-21 15:42:42.996,25459.7174
2026-08-21 15:42:43.423,25459.0774
2026-08-21 15:42:43.836,25466.4071
2026-08-21 15:42:44.252,25586.9403
2026-08-21 15:42:44.694,25832.0098
2026-08-21 15:42:45.121,26185.2692
2026-08-21 15:42:45.534,26572.592
2026-08-21 15:42:45.950,26976.7756
2026-08-21 15:42:46.375,27224.8331
2026-08-21 15:42:46.792,26838.6186
2026-08-21 15:42:47.204,26437.8177
2026-08-21 15:42:47.627,26073.9549
2026-08-21 15:42:48.041,25756.3057
2026-08-21 15:42:48.455,25550.2251
2026-08-21 15:42:48.869,25523.4771
2026-08-21 15:42:49.280,25700.2577
2026-08-21 15:42:49.709,25986.9219
2026-08-21 15:42:50.202,26427.7348
2026-08-21 15:42:50.616,26823.4329
2026-08-21 15:42:51.029,27219.5201
2026-08-21 15:42:51.441,27024.6305
2026-08-21 15:42:51.869,26617.1053
2026-08-21 15:42:52.282,26225.2219
2026-08-21 15:42:52.723,25886.8044
2026-08-21 15:42:53.138,25619.6843
2026-08-21 15:42:53.560,25517.6424
2026-08-21 15:42:53.980,25639.1995
2026-08-21 15:42:54.407,25900.5453
2026-08-21 15:42:54.872,26095.967
2026-08-21 15:42:55.288,25788.6885
2026-08-21 15:42:55.705,25568.3606
2026-08-21 15:42:56.118,25526.6073
2026-08-21 15:42:56.530,25698.2323
2026-08-21 15:42:56.957,25983.6177
2026-08-21 15:42:57.375,26082.379
2026-08-21 15:42:57.789,25767.8065
2026-08-21 15:42:58.201,25555.7061
2026-08-21 15:42:58.621,25487.9053
2026-08-21 15:42:59.049,25490.7667
2026-08-21 15:42:59.461,25492.1852
2026-08-21 15:42:59.906,25492.7135
2026-08-21 15:43:00.319,25493.3015
2026-08-21 15:43:00.754,25491.3819
2026-08-21 15:43:01.170,25492.7069
2026-08-21 15:43:01.582,25495.2775
2026-08-21 15:43:02.061,25493.74
2026-08-21 15:43:02.473,25502.5465
2026-08-21 15:43:02.885,25493.5257
2026-08-21 15:43:03.310,25491.5718
2026-08-21 15:43:03.726,25577.4403
2026-08-21 15:43:04.153,25798.0672
2026-08-21 15:43:04.642,26185.7931
2026-08-21 15:43:05.082,26572.679
2026-08-21 15:43:05.500,26986.3893
2026-08-21 15:43:05.912,27257.9451
2026-08-21 15:43:06.332,26896.7414
2026-08-21 15:43:06.748,26491.416
2026-08-21 15:43:07.161,26121.6642
2026-08-21 15:43:07.577,25805.5451
2026-08-21 15:43:07.991,25588.9021
2026-08-21 15:43:08.403,25543.4624
2026-08-21 15:43:08.879,25715.4716
2026-08-21 15:43:09.295,26043.0786
2026-08-21 15:43:09.732,26412.9409
2026-08-21 15:43:10.148,26813.8004
2026-08-21 15:43:10.562,27223.6313
2026-08-21 15:43:10.974,27081.6577
2026-08-21 15:43:11.406,26672.0249
2026-08-21 15:43:11.818,26274.264
2026-08-21 15:43:12.230,25934.6513
2026-08-21 15:43:12.643,25672.9072
2026-08-21 15:43:13.069,25543.4818
2026-08-21 15:43:13.480,25637.6075
2026-08-21 15:43:13.904,25873.5611
2026-08-21 15:43:14.330,26135.6322
2026-08-21 15:43:14.761,25884.2609
2026-08-21 15:43:15.180,25629.3701
2026-08-21 15:43:15.593,25537.1681
2026-08-21 15:43:16.019,25673.9102
2026-08-21 15:43:16.433,25947.9275
2026-08-21 15:43:16.851,26130.8404
2026-08-21 15:43:17.265,25837.9597
2026-08-21 15:43:17.692,25599.2093
2026-08-21 15:43:18.104,25513.0328
2026-08-21 15:43:18.517,25514.9528
2026-08-21 15:43:18.930,25515.9024
2026-08-21 15:43:19.370,25515.8291
2026-08-21 15:43:19.791,25516.8677
2026-08-21 15:43:20.205,25517.0476
2026-08-21 15:43:20.618,25516.8266
2026-08-21 15:43:21.082,25516.5594
2026-08-21 15:43:21.499,25516.5834
2026-08-21 15:43:21.926,25516.4225
2026-08-21 15:43:22.340,25516.6138
2026-08-21 15:43:22.758,25516.5469
2026-08-21 15:43:23.172,25571.7494
2026-08-21 15:43:23.585,25760.5248
2026-08-21 15:43:24.016,26063.3182
2026-08-21 15:43:24.447,26424.0843
2026-08-21 15:43:24.859,26831.3223
2026-08-21 15:43:25.285,27237.9698
2026-08-21 15:43:25.696,27089.9835
2026-08-21 15:43:26.109,26681.2403
2026-08-21 15:43:26.535,26300.7607
2026-08-21 15:43:27.039,25889.5248
2026-08-21 15:43:27.452,25645.4161
2026-08-21 15:43:27.878,25557.5299
2026-08-21 15:43:28.299,25695.3588
2026-08-21 15:43:28.713,25966.5767
2026-08-21 15:43:29.126,26309.8367
2026-08-21 15:43:29.545,26690.718
2026-08-21 15:43:29.958,27105.3694
2026-08-21 15:43:30.383,27248.4777
2026-08-21 15:43:30.800,26831.1968
2026-08-21 15:43:31.212,26436.8402
2026-08-21 15:43:31.675,26037.5002
2026-08-21 15:43:32.102,25742.9789
2026-08-21 15:43:32.516,25579.0075
2026-08-21 15:43:32.928,25622.0048
2026-08-21 15:43:33.353,25828.8906
2026-08-21 15:43:33.786,26135.7812
2026-08-21 15:43:34.198,25981.0603
2026-08-21 15:43:34.612,25708.6295
2026-08-21 15:43:35.025,25566.6162
2026-08-21 15:43:35.456,25656.4201
2026-08-21 15:43:35.916,25929.1599
2026-08-21 15:43:36.332,26165.937
2026-08-21 15:43:36.747,25906.3896
2026-08-21 15:43:37.166,25658.8428
2026-08-21 15:43:37.593,25548.1112
2026-08-21 15:43:38.006,25546.0735
2026-08-21 15:43:38.417,25547.2178
2026-08-21 15:43:38.872,25547.5607
2026-08-21 15:43:39.284,25547.8045
2026-08-21 15:43:39.696,25549.1574
2026-08-21 15:43:40.113,25550.0435
2026-08-21 15:43:40.527,25553.4378
2026-08-21 15:43:40.970,25551.8947
2026-08-21 15:43:41.384,25551.5813
2026-08-21 15:43:41.804,25549.9874
2026-08-21 15:43:42.217,25552.5307
2026-08-21 15:43:42.633,25581.8716
2026-08-21 15:43:43.047,25752.5641
2026-08-21 15:43:43.464,26035.9153
2026-08-21 15:43:43.908,26384.1928
2026-08-21 15:43:44.321,26799.2626
2026-08-21 15:43:44.734,27210.2193
2026-08-21 15:43:45.152,27224.8639
2026-08-21 15:43:45.567,26803.4756
2026-08-21 15:43:45.992,26415.6436
2026-08-21 15:43:46.455,26013.2479
2026-08-21 15:43:46.883,25736.5101
2026-08-21 15:43:47.297,25597.0705
2026-08-21 15:43:47.723,25685.8486
2026-08-21 15:43:48.136,25918.1613
2026-08-21 15:43:48.571,26257.8753
2026-08-21 15:43:49.007,26638.6469
2026-08-21 15:43:49.421,27063.8787
2026-08-21 15:43:49.846,27325.3342
2026-08-21 15:43:50.260,26948.261
2026-08-21 15:43:50.679,26551.7797
2026-08-21 15:43:51.092,26180.8686
2026-08-21 15:43:51.520,25857.9393
2026-08-21 15:43:51.937,25654.552
2026-08-21 15:43:52.349,25626.2723
2026-08-21 15:43:52.787,25796.6683
2026-08-21 15:43:53.199,26103.4001
2026-08-21 15:43:53.620,26121.2467
2026-08-21 15:43:54.046,25815.675
2026-08-21 15:43:54.458,25621.7221
2026-08-21 15:43:54.903,25645.9459
2026-08-21 15:43:55.333,25881.8063
2026-08-21 15:43:55.746,26189.2178
2026-08-21 15:43:56.158,26059.955
2026-08-21 15:43:56.571,25784.4188
2026-08-21 15:43:57.037,25617.5664
2026-08-21 15:43:57.465,25597.561
2026-08-21 15:43:57.878,25599.2845
2026-08-21 15:43:58.298,25597.6127
2026-08-21 15:43:58.725,25595.9091
2026-08-21 15:43:59.137,25593.5558
2026-08-21 15:43:59.558,25596.8914
2026-08-21 15:43:59.971,25596.083
2026-08-21 15:44:00.396,25594.9555
2026-08-21 15:44:00.809,25602.2668
2026-08-21 15:44:01.221,25602.9719
2026-08-21 15:44:01.633,25601.8727
2026-08-21 15:44:02.100,25614.5818
2026-08-21 15:44:02.516,25757.5822
2026-08-21 15:44:02.927,26061.4699
2026-08-21 15:44:03.339,26548.5115
2026-08-21 15:44:03.759,26807.3622
2026-08-21 15:44:04.180,27162.621
2026-08-21 15:44:04.684,27274.1783
2026-08-21 15:44:05.097,26844.184
2026-08-21 15:44:05.514,26455.7319
2026-08-21 15:44:05.926,26096.9193
2026-08-21 15:44:06.355,25807.9702
2026-08-21 15:44:06.768,25632.2315
2026-08-21 15:44:07.181,25676.6177
2026-08-21 15:44:07.595,25885.8956
2026-08-21 15:44:08.008,26199.0808
2026-08-21 15:44:08.424,26563.5887
2026-08-21 15:44:08.838,26963.3199
2026-08-21 15:44:09.261,27340.8907
2026-08-21 15:44:09.752,27015.6485
2026-08-21 15:44:10.177,26615.9269
2026-08-21 15:44:10.590,26235.309
2026-08-21 15:44:11.016,25913.4487
2026-08-21 15:44:11.428,25687.8597
2026-08-21 15:44:11.840,25630.5247
2026-08-21 15:44:12.271,25784.8648
2026-08-21 15:44:12.685,26074.9966
2026-08-21 15:44:13.109,26181.764
2026-08-21 15:44:13.526,25863.576
2026-08-21 15:44:13.940,25656.7642
2026-08-21 15:44:14.401,25648.9554
2026-08-21 15:44:14.815,25847.2463
2026-08-21 15:44:15.227,26147.8365
2026-08-21 15:44:15.658,26088.4495
2026-08-21 15:44:16.120,25792.8147
2026-08-21 15:44:16.552,25605.3359
2026-08-21 15:44:16.967,25585.153
2026-08-21 15:44:17.382,25585.7585
2026-08-21 15:44:17.811,25585.5407
2026-08-21 15:44:18.224,25581.7556
2026-08-21 15:44:18.652,25578.5972
2026-08-21 15:44:19.064,25579.138
2026-08-21 15:44:19.476,25578.7966
2026-08-21 15:44:19.889,25577.9946
2026-08-21 15:44:20.308,25576.3767
2026-08-21 15:44:20.782,25628.314
2026-08-21 15:44:21.200,25662.6664
2026-08-21 15:44:21.613,25615.8562
2026-08-21 15:44:22.027,25739.0172
2026-08-21 15:44:22.443,25999.7778
2026-08-21 15:44:22.885,26324.6056
2026-08-21 15:44:23.298,26719.3489
2026-08-21 15:44:23.717,27120.5983
2026-08-21 15:44:24.134,27326.4584
2026-08-21 15:44:24.546,26932.9245
2026-08-21 15:44:24.971,26527.838
2026-08-21 15:44:25.385,26167.2614
2026-08-21 15:44:25.820,25860.0708
2026-08-21 15:44:26.233,25654.4495
2026-08-21 15:44:26.651,25653.126
2026-08-21 15:44:27.063,25844.808
2026-08-21 15:44:27.484,26142.5772
2026-08-21 15:44:27.896,26506.8805
2026-08-21 15:44:28.318,26895.138
2026-08-21 15:44:28.730,27310.7545
2026-08-21 15:44:29.144,27171.3825
2026-08-21 15:44:29.582,26747.5277
2026-08-21 15:44:30.008,26356.7379
2026-08-21 15:44:30.424,26007.1424
2026-08-21 15:44:30.837,25747.4198
2026-08-21 15:44:31.249,25625.7668
2026-08-21 15:44:31.676,25723.9067
2026-08-21 15:44:32.089,25972.8137
2026-08-21 15:44:32.513,26213.1889
2026-08-21 15:44:32.925,25953.9772
2026-08-21 15:44:33.341,25708.8383
2026-08-21 15:44:33.800,25621.0863
2026-08-21 15:44:34.212,25773.36
2026-08-21 15:44:34.625,26046.8997
2026-08-21 15:44:35.047,26189.4052
2026-08-21 15:44:35.475,25882.5194
2026-08-21 15:44:35.892,25659.2532
2026-08-21 15:44:36.306,25590.2032
2026-08-21 15:44:36.734,25592.5111
2026-08-21 15:44:37.146,25589.5224
2026-08-21 15:44:37.574,25588.4203
2026-08-21 15:44:37.987,25587.0683
2026-08-21 15:44:38.400,25585.2508
2026-08-21 15:44:38.812,25584.7093
2026-08-21 15:44:39.231,25585.7739
2026-08-21 15:44:39.671,25585.3065
2026-08-21 15:44:40.098,25584.4709
2026-08-21 15:44:40.513,25583.6801
2026-08-21 15:44:40.939,25583.1268
2026-08-21 15:44:41.352,25644.2579
2026-08-21 15:44:41.764,25844.3424
2026-08-21 15:44:42.178,26141.7707
2026-08-21 15:44:42.600,26495.9456
2026-08-21 15:44:43.021,26895.2728
2026-08-21 15:44:43.435,27320.1077
2026-08-21 15:44:43.863,27156.3452
2026-08-21 15:44:44.276,26730.615
2026-08-21 15:44:44.703,26337.4893
2026-08-21 15:44:45.125,25998.1775
2026-08-21 15:44:45.555,25737.6011
2026-08-21 15:44:45.968,25617.1981
2026-08-21 15:44:46.394,25729.3293
2026-08-21 15:44:46.807,25973.194
2026-08-21 15:44:47.221,26304.1765
2026-08-21 15:44:47.632,26684.9331
2026-08-21 15:44:48.044,27096.037
2026-08-21 15:44:48.488,27379.8983
2026-08-21 15:44:48.902,26990.9197
2026-08-21 15:44:49.330,26575.398
2026-08-21 15:44:49.745,26198.7225
2026-08-21 15:44:50.157,25881.2046
2026-08-21 15:44:50.571,25675.2027
2026-08-21 15:44:51.034,25642.0336
2026-08-21 15:44:51.452,25847.6808
2026-08-21 15:44:51.867,26155.5108
2026-08-21 15:44:52.281,26125.2114
2026-08-21 15:44:52.692,25823.4551
2026-08-21 15:44:53.156,25642.8105
2026-08-21 15:44:53.572,25697.7053
2026-08-21 15:44:53.998,25922.9442
2026-08-21 15:44:54.410,26210.5626
2026-08-21 15:44:54.825,26030.2878
2026-08-21 15:44:55.249,25754.2176
2026-08-21 15:44:55.662,25603.889
2026-08-21 15:44:56.075,25586.7562
2026-08-21 15:44:56.541,25580.3017
2026-08-21 15:44:56.968,25576.6832
2026-08-21 15:44:57.381,25574.4221
2026-08-21 15:44:57.793,25572.7037
2026-08-21 15:44:58.207,25572.2706
2026-08-21 15:44:58.651,25572.4942
2026-08-21 15:44:59.084,25572.4607
2026-08-21 15:44:59.496,25573.5154
2026-08-21 15:44:59.910,25580.4035
2026-08-21 15:45:00.322,25591.2744
2026-08-21 15:45:00.758,25612.3762
2026-08-21 15:45:01.170,25769.9596
2026-08-21 15:45:01.592,26040.4733
2026-08-21 15:45:02.011,26385.2156
2026-08-21 15:45:02.425,26763.3448
2026-08-21 15:45:02.901,27222.02
2026-08-21 15:45:03.313,27264.2103
2026-08-21 15:45:03.727,26850.7847
2026-08-21 15:45:04.147,26470.9642
2026-08-21 15:45:04.564,26117.2738
2026-08-21 15:45:04.988,25821.402
2026-08-21 15:45:05.401,25646.2493
2026-08-21 15:45:05.828,25687.5407
2026-08-21 15:45:06.245,25902.2942
2026-08-21 15:45:06.658,26224.1538
2026-08-21 15:45:07.101,26589.3855
2026-08-21 15:45:07.524,27017.5943
2026-08-21 15:45:07.936,27366.3639
2026-08-21 15:45:08.363,27056.3362
2026-08-21 15:45:08.776,26658.7307
2026-08-21 15:45:09.217,26288.6569
2026-08-21 15:45:09.643,25945.7565
2026-08-21 15:45:10.057,25717.9391
2026-08-21 15:45:10.475,25660.9534
2026-08-21 15:45:10.887,25816.5936
2026-08-21 15:45:11.332,26100.1727
2026-08-21 15:45:11.744,26210.5548
2026-08-21 15:45:12.157,25900.1677
2026-08-21 15:45:12.584,25690.9853
2026-08-21 15:45:12.998,25685.7877
2026-08-21 15:45:13.418,25879.4475
2026-08-21 15:45:13.839,26179.1105
2026-08-21 15:45:14.269,26158.6777
2026-08-21 15:45:14.683,25852.4153
2026-08-21 15:45:15.095,25673.8803
2026-08-21 15:45:15.507,25637.6316
2026-08-21 15:45:15.920,25638.8775
2026-08-21 15:45:16.334,25640.0584
2026-08-21 15:45:16.806,25642.916
2026-08-21 15:45:17.234,25640.2736
2026-08-21 15:45:17.649,25644.0643
2026-08-21 15:45:18.062,25643.8051
2026-08-21 15:45:18.476,25642.6638
2026-08-21 15:45:18.889,25644.5976
2026-08-21 15:45:19.328,25639.3149
2026-08-21 15:45:19.742,25642.1842
2026-08-21 15:45:20.156,25645.6537
2026-08-21 15:45:20.569,25739.0412
2026-08-21 15:45:20.996,25973.974
2026-08-21 15:45:21.473,26352.9065
2026-08-21 15:45:21.887,26753.5055
2026-08-21 15:45:22.299,27173.5135
2026-08-21 15:45:22.726,27419.9299
2026-08-21 15:45:23.139,27043.12
2026-08-21 15:45:23.567,26629.7083
2026-08-21 15:45:23.979,26241.0429
2026-08-21 15:45:24.405,25929.7441
2026-08-21 15:45:24.818,25723.4001
2026-08-21 15:45:25.229,25715.6141
2026-08-21 15:45:25.689,25901.2124
2026-08-21 15:45:26.101,26193.8598
2026-08-21 15:45:26.515,26550.2924
2026-08-21 15:45:26.927,26942.0881
2026-08-21 15:45:27.342,27356.0758
2026-08-21 15:45:27.767,27255.8563
2026-08-21 15:45:28.254,26756.8819
2026-08-21 15:45:28.676,26376.2299
2026-08-21 15:45:29.088,26030.0274
2026-08-21 15:45:29.551,25787.7018
2026-08-21 15:45:29.977,25687.8168
2026-08-21 15:45:30.391,25832.6911
2026-08-21 15:45:30.808,26099.8619
2026-08-21 15:45:31.222,26269.0181
2026-08-21 15:45:31.639,25978.1041
2026-08-21 15:45:32.069,25755.7541
2026-08-21 15:45:32.482,25703.575
2026-08-21 15:45:32.896,25895.4779
2026-08-21 15:45:33.323,26152.6621
2026-08-21 15:45:33.750,26215.4996
2026-08-21 15:45:34.162,25900.4947
2026-08-21 15:45:34.576,25705.6652
2026-08-21 15:45:35.037,25652.5324
2026-08-21 15:45:35.449,25655.368
2026-08-21 15:45:35.862,25655.5295
2026-08-21 15:45:36.274,25657.2567
2026-08-21 15:45:36.754,25660.0901
2026-08-21 15:45:37.182,25659.6854
2026-08-21 15:45:37.597,25657.046
2026-08-21 15:45:38.009,25656.2971
2026-08-21 15:45:38.435,25656.1119
2026-08-21 15:45:38.848,25655.729
2026-08-21 15:45:39.262,25656.1174
2026-08-21 15:45:39.687,25657.4073
2026-08-21 15:45:40.116,25759.9593
2026-08-21 15:45:40.545,26001.2204
2026-08-21 15:45:40.957,26337.724
2026-08-21 15:45:41.374,26714.3432
2026-08-21 15:45:41.801,27108.3733
2026-08-21 15:45:42.214,27431.6875
2026-08-21 15:45:42.642,27091.8988
2026-08-21 15:45:43.070,26678.1843
2026-08-21 15:45:43.503,26297.4922
2026-08-21 15:45:43.918,25977.0025
2026-08-21 15:45:44.332,25758.2021
2026-08-21 15:45:44.748,25706.2016
2026-08-21 15:45:45.168,25866.0751
2026-08-21 15:45:45.583,26151.3479
2026-08-21 15:45:45.994,26503.3755
2026-08-21 15:45:46.418,26887.8211
2026-08-21 15:45:46.878,27309.968
2026-08-21 15:45:47.308,27286.006
2026-08-21 15:45:47.720,26868.0215
2026-08-21 15:45:48.147,26472.494
2026-08-21 15:45:48.574,26117.6712
2026-08-21 15:45:48.986,25853.5529
2026-08-21 15:45:49.400,25719.626
2026-08-21 15:45:49.814,25798.3096
2026-08-21 15:45:50.248,26026.4714
2026-08-21 15:45:50.675,26302.6255
2026-08-21 15:45:51.087,26065.9277
2026-08-21 15:45:51.501,25814.4946
2026-08-21 15:45:51.927,25704.2982
2026-08-21 15:45:52.363,25827.535
2026-08-21 15:45:52.776,26099.7264
2026-08-21 15:45:53.193,26298.089
2026-08-21 15:45:53.605,26018.0416
2026-08-21 15:45:54.018,25779.0761
2026-08-21 15:45:54.431,25683.9475
2026-08-21 15:45:54.853,25687.0497
2026-08-21 15:45:55.281,25688.4434
2026-08-21 15:45:55.767,25686.1596
2026-08-21 15:45:56.179,25683.7945
2026-08-21 15:45:56.592,25683.8078
2026-08-21 15:45:57.004,25690.4568
2026-08-21 15:45:57.418,25689.2178
2026-08-21 15:45:57.849,25688.0172
2026-08-21 15:45:58.261,25686.1087
2026-08-21 15:45:58.674,25685.8076
2026-08-21 15:45:59.095,25685.083
2026-08-21 15:45:59.508,25730.8272
2026-08-21 15:45:59.922,25916.9472
2026-08-21 15:46:00.337,26206.7906
2026-08-21 15:46:00.749,26560.9282
2026-08-21 15:46:01.192,26945.516
2026-08-21 15:46:01.609,27385.9773
2026-08-21 15:46:02.027,27284.4099
2026-08-21 15:46:02.439,26870.4775
2026-08-21 15:46:02.874,26477.858
2026-08-21 15:46:03.287,26129.2102
2026-08-21 15:46:03.700,25864.7802
2026-08-21 15:46:04.120,25729.2568
2026-08-21 15:46:04.532,25833.4375
2026-08-21 15:46:04.958,26051.574
2026-08-21 15:46:05.370,26381.6944
2026-08-21 15:46:05.783,26750.3663
2026-08-21 15:46:06.249,27149.395
2026-08-21 15:46:06.694,27431.5829
2026-08-21 15:46:07.107,27041.0576
2026-08-21 15:46:07.519,26650.4315
2026-08-21 15:46:08.017,26220.2919
2026-08-21 15:46:08.431,25931.5297
2026-08-21 15:46:08.845,25759.0266
2026-08-21 15:46:09.270,25789.2429
2026-08-21 15:46:09.730,26027.1701
2026-08-21 15:46:10.142,26316.6044
2026-08-21 15:46:10.555,26149.6913
2026-08-21 15:46:10.967,25878.1936
2026-08-21 15:46:11.381,25736.7971
2026-08-21 15:46:11.793,25822.1355
2026-08-21 15:46:12.220,26054.7056
2026-08-21 15:46:12.633,26330.2513
2026-08-21 15:46:13.044,26109.2618
2026-08-21 15:46:13.456,25852.0795
2026-08-21 15:46:13.883,25722.4111
2026-08-21 15:46:14.296,25716.8149
2026-08-21 15:46:14.723,25719.0618
2026-08-21 15:46:15.135,25720.2369
2026-08-21 15:46:15.575,25720.6446
2026-08-21 15:46:15.988,25720.7937
2026-08-21 15:46:16.401,25721.1548
2026-08-21 15:46:16.814,25722.0133
2026-08-21 15:46:17.228,25723.4776
2026-08-21 15:46:17.640,25724.3501
2026-08-21 15:46:18.122,25725.6723
2026-08-21 15:46:18.550,25725.6669
2026-08-21 15:46:18.977,25752.3739
2026-08-21 15:46:19.394,25921.5751
2026-08-21 15:46:19.807,26202.8812
2026-08-21 15:46:20.240,26562.927
2026-08-21 15:46:20.653,26950.0691
2026-08-21 15:46:21.064,27361.8915
2026-08-21 15:46:21.479,27429.9656
2026-08-21 15:46:21.891,27021.0228
2026-08-21 15:46:22.318,26608.3999
2026-08-21 15:46:22.763,26239.5274
2026-08-21 15:46:23.193,25932.875
2026-08-21 15:46:23.618,25770.8608
2026-08-21 15:46:24.031,25833.7527
2026-08-21 15:46:24.445,26059.4537
2026-08-21 15:46:24.879,26384.4773
2026-08-21 15:46:25.305,26766.9333
2026-08-21 15:46:25.717,27168.515
2026-08-21 15:46:26.139,27500.9641
2026-08-21 15:46:26.552,27203.44
2026-08-21 15:46:26.980,26791.7721
2026-08-21 15:46:27.393,26416.1664
2026-08-21 15:46:27.807,26087.6881
2026-08-21 15:46:28.220,25852.7059
2026-08-21 15:46:28.644,25769.2165
2026-08-21 15:46:29.058,25910.6062
2026-08-21 15:46:29.471,26172.5022
2026-08-21 15:46:29.891,26350.9592
2026-08-21 15:46:30.318,26045.9144
2026-08-21 15:46:30.735,25816.1577
2026-08-21 15:46:31.153,25771.7221
2026-08-21 15:46:31.576,25950.4867
2026-08-21 15:46:32.006,26262.2337
2026-08-21 15:46:32.430,26308.3905
2026-08-21 15:46:32.845,25998.4968
2026-08-21 15:46:33.257,25799.0094
2026-08-21 15:46:33.691,25749.2363
2026-08-21 15:46:34.103,25749.5
2026-08-21 15:46:34.522,25748.9789
2026-08-21 15:46:34.936,25750.4807
2026-08-21 15:46:35.401,25757.9309
2026-08-21 15:46:35.822,25750.579
2026-08-21 15:46:36.235,25747.8428
2026-08-21 15:46:36.649,25744.5483
2026-08-21 15:46:37.061,25743.1458
2026-08-21 15:46:37.473,25743.0126
2026-08-21 15:46:37.895,25743.1684
2026-08-21 15:46:38.390,25744.8475
2026-08-21 15:46:38.807,25749.1
2026-08-21 15:46:39.267,25749.1149
2026-08-21 15:46:39.680,25751.3024
2026-08-21 15:46:40.106,25749.1653
2026-08-21 15:46:40.518,25748.9959
2026-08-21 15:46:40.935,25748.7541
2026-08-21 15:46:41.347,25749.407
2026-08-21 15:46:41.775,25750.7326
2026-08-21 15:46:42.204,25751.059
2026-08-21 15:46:42.627,25751.1413
2026-08-21 15:46:43.043,25751.2132
2026-08-21 15:46:43.463,25751.9147
2026-08-21 15:46:43.876,25753.9424
2026-08-21 15:46:44.298,25753.1823
2026-08-21 15:46:44.710,25753.2988
2026-08-21 15:46:45.138,25753.5556
2026-08-21 15:46:45.559,25753.0276
2026-08-21 15:46:45.973,25752.0265
2026-08-21 15:46:46.400,25752.9953
2026-08-21 15:46:46.812,25754.3511
2026-08-21 15:46:47.248,25754.5887
2026-08-21 15:46:47.662,25758.8867
2026-08-21 15:46:48.075,25765.3427
2026-08-21 15:46:48.488,25770.9872
2026-08-21 15:46:48.905,25765.4658
2026-08-21 15:46:49.325,25769.6617
2026-08-21 15:46:49.739,25764.0889
2026-08-21 15:46:50.201,25761.6969
2026-08-21 15:46:50.625,25757.7193
2026-08-21 15:46:51.037,25756.8311
2026-08-21 15:46:51.463,25756.3638
2026-08-21 15:46:51.875,25754.4131
2026-08-21 15:46:52.315,25753.2813
2026-08-21 15:46:52.740,25752.6801
2026-08-21 15:46:53.154,25752.4331
2026-08-21 15:46:53.567,25752.3558
2026-08-21 15:46:54.000,25752.53
2026-08-21 15:46:54.413,25752.6035
2026-08-21 15:46:54.839,25753.0666
2026-08-21 15:46:55.251,25753.8566
2026-08-21 15:46:55.664,25754.2455
2026-08-21 15:46:56.078,25755.3056
2026-08-21 15:46:56.513,25755.8568
2026-08-21 15:46:56.925,25756.1621
2026-08-21 15:46:57.345,25756.4518
2026-08-21 15:46:57.757,25756.9541
2026-08-21 15:46:58.191,25758.8668
2026-08-21 15:46:58.604,25761.8298
2026-08-21 15:46:59.041,25765.1307
2026-08-21 15:46:59.459,25768.0632
2026-08-21 15:46:59.871,25766.9576
2026-08-21 15:47:00.296,25764.7807
2026-08-21 15:47:00.717,25764.9223
2026-08-21 15:47:01.133,25766.1314
2026-08-21 15:47:01.558,25767.4046
2026-08-21 15:47:01.971,25768.4433
2026-08-21 15:47:02.397,25768.9657
2026-08-21 15:47:02.814,25767.3356
2026-08-21 15:47:03.228,25768.6811
2026-08-21 15:47:03.660,25771.5153
2026-08-21 15:47:04.076,25771.3182
2026-08-21 15:47:04.493,25774.3439
2026-08-21 15:47:04.906,25775.1293
2026-08-21 15:47:05.331,25775.1572
2026-08-21 15:47:05.762,25776.1341
2026-08-21 15:47:06.174,25776.0549
2026-08-21 15:47:06.597,25776.0567
2026-08-21 15:47:07.013,25775.704
2026-08-21 15:47:07.426,25774.2324
2026-08-21 15:47:07.896,25772.1399
2026-08-21 15:47:08.310,25768.2925
2026-08-21 15:47:08.722,25768.9469
2026-08-21 15:47:09.136,25785.9423
2026-08-21 15:47:09.563,25777.4531
2026-08-21 15:47:09.987,25769.9374
2026-08-21 15:47:10.406,25768.0222
2026-08-21 15:47:10.822,25767.2017
2026-08-21 15:47:11.235,25766.7131
2026-08-21 15:47:11.697,25766.9767
2026-08-21 15:47:12.127,25766.9768
2026-08-21 15:47:12.539,25767.3401
2026-08-21 15:47:12.967,25767.5774
2026-08-21 15:47:13.381,25768.4361
2026-08-21 15:47:13.804,25769.6768
2026-08-21 15:47:14.216,25769.089
2026-08-21 15:47:14.628,25768.2299
2026-08-21 15:47:15.041,25768.005
2026-08-21 15:47:15.460,25768.4222
2026-08-21 15:47:15.872,25768.719
2026-08-21 15:47:16.291,25769.0882
2026-08-21 15:47:16.732,25769.4128
2026-08-21 15:47:17.147,25769.2652
2026-08-21 15:47:17.561,25768.6732
2026-08-21 15:47:17.992,25767.7321
2026-08-21 15:47:18.405,25767.1159
2026-08-21 15:47:18.816,25765.8425
2026-08-21 15:47:19.243,25765.1308
2026-08-21 15:47:19.661,25765.4241
2026-08-21 15:47:20.080,25765.3539
2026-08-21 15:47:20.499,25765.353
2026-08-21 15:47:20.922,25765.703
2026-08-21 15:47:21.335,25765.6644
2026-08-21 15:47:21.749,25766.6859
2026-08-21 15:47:22.177,25766.8027
2026-08-21 15:47:22.609,25772.5118
2026-08-21 15:47:23.024,25895.7392
2026-08-21 15:47:23.438,26140.585
2026-08-21 15:47:23.865,26477.825
2026-08-21 15:47:24.294,26859.6192
2026-08-21 15:47:24.727,27275.2613
2026-08-21 15:47:25.140,27534.4822
2026-08-21 15:47:25.558,27169.2623
2026-08-21 15:47:25.970,26770.4173
2026-08-21 15:47:26.402,26396.0764
2026-08-21 15:47:26.815,26081.6866
2026-08-21 15:47:27.229,25870.6142
2026-08-21 15:47:27.643,25832.6774
2026-08-21 15:47:28.055,26007.4546
2026-08-21 15:47:28.482,26301.8846
2026-08-21 15:47:28.894,26651.0331
2026-08-21 15:47:29.307,27035.8451
2026-08-21 15:47:29.738,27447.3002
2026-08-21 15:47:30.151,27405.895
2026-08-21 15:47:30.564,26996.3734
2026-08-21 15:47:30.997,26600.868
2026-08-21 15:47:31.424,26253.4348
2026-08-21 15:47:31.843,25972.1676
2026-08-21 15:47:32.271,25824.5964
2026-08-21 15:47:32.686,25903.7036
2026-08-21 15:47:33.101,26131.4614
2026-08-21 15:47:33.530,26407.6265
2026-08-21 15:47:33.947,26191.3072
2026-08-21 15:47:34.363,25934.8655
2026-08-21 15:47:34.778,25814.3863
2026-08-21 15:47:35.195,25930.298
2026-08-21 15:47:35.608,26182.6351
2026-08-21 15:47:36.050,26416.3665
2026-08-21 15:47:36.476,26139.907
2026-08-21 15:47:36.904,25894.57
2026-08-21 15:47:37.315,25792.2423
2026-08-21 15:47:37.732,25792.0036
2026-08-21 15:47:38.150,25791.6929
2026-08-21 15:47:38.564,25791.6411
2026-08-21 15:47:38.991,25791.6485
2026-08-21 15:47:39.405,25791.2318
2026-08-21 15:47:39.818,25791.4822
2026-08-21 15:47:40.250,25791.3299
2026-08-21 15:47:40.677,25791.6334
2026-08-21 15:47:41.089,25793.058
2026-08-21 15:47:41.503,25795.4547
2026-08-21 15:47:41.915,25798.1988
2026-08-21 15:47:42.351,25830.9562
2026-08-21 15:47:42.777,26013.4562
2026-08-21 15:47:43.189,26303.4264
2026-08-21 15:47:43.603,26650.524
2026-08-21 15:47:44.015,27032.5511
2026-08-21 15:47:44.495,27492.6722
2026-08-21 15:47:44.908,27389.4159
2026-08-21 15:47:45.320,26981.3702
2026-08-21 15:47:45.734,26603.7166
2026-08-21 15:47:46.146,26258.8362
2026-08-21 15:47:46.568,25987.8176
2026-08-21 15:47:46.981,25837.5456
2026-08-21 15:47:47.393,25914.3514
2026-08-21 15:47:47.806,26141.0919
2026-08-21 15:47:48.270,26460.3388
2026-08-21 15:47:48.687,26878.9257
2026-08-21 15:47:49.102,27277.9148
2026-08-21 15:47:49.515,27553.6092
2026-08-21 15:47:49.928,27199.6552
2026-08-21 15:47:50.355,26788.4318
2026-08-21 15:47:50.775,26425.4639
2026-08-21 15:47:51.187,26107.9062
2026-08-21 15:47:51.620,25891.6984
2026-08-21 15:47:52.033,25855.9301
2026-08-21 15:47:52.446,26023.1855
2026-08-21 15:47:52.882,26315.489
2026-08-21 15:47:53.295,26361.5512
2026-08-21 15:47:53.707,26058.9689
2026-08-21 15:47:54.120,25863.1299
2026-08-21 15:47:54.532,25861.208
2026-08-21 15:47:54.956,26050.3292
2026-08-21 15:47:55.448,26401.8358
2026-08-21 15:47:55.875,26262.1696
2026-08-21 15:47:56.288,25976.9578
2026-08-21 15:47:56.700,25822.9257
2026-08-21 15:47:57.126,25803.9817
2026-08-21 15:47:57.538,25805.7888
2026-08-21 15:47:57.961,25805.8503
2026-08-21 15:47:58.377,25806.1504
2026-08-21 15:47:58.790,25806.1881
2026-08-21 15:47:59.227,25806.8107
2026-08-21 15:47:59.641,25807.1253
2026-08-21 15:48:00.054,25809.2263
2026-08-21 15:48:00.466,25813.2979
2026-08-21 15:48:00.887,25821.3936
2026-08-21 15:48:01.352,25814.6586
2026-08-21 15:48:01.766,25827.9903
2026-08-21 15:48:02.179,25972.1974
2026-08-21 15:48:02.591,26207.1508
2026-08-21 15:48:03.018,26531.752
2026-08-21 15:48:03.439,26913.6781
2026-08-21 15:48:03.850,27416.019
2026-08-21 15:48:04.276,27592.0666
2026-08-21 15:48:04.689,27176.1071
2026-08-21 15:48:05.124,26763.3868
2026-08-21 15:48:05.540,26394.7462
2026-08-21 15:48:05.952,26088.9237
2026-08-21 15:48:06.366,25890.9929
2026-08-21 15:48:06.778,25872.4228
2026-08-21 15:48:07.190,26050.2689
2026-08-21 15:48:07.667,26379.3771
2026-08-21 15:48:08.084,26745.1872
2026-08-21 15:48:08.500,27138.458
2026-08-21 15:48:08.917,27537.256
2026-08-21 15:48:09.330,27361.4845
2026-08-21 15:48:09.746,26956.1838
2026-08-21 15:48:10.159,26576.8757
2026-08-21 15:48:10.583,26238.0539
2026-08-21 15:48:10.999,25976.0223
2026-08-21 15:48:11.412,25854.5282
2026-08-21 15:48:11.847,25952.802
2026-08-21 15:48:12.260,26205.3352
2026-08-21 15:48:12.682,26453.5737
2026-08-21 15:48:13.095,26205.8234
2026-08-21 15:48:13.515,25954.0399
2026-08-21 15:48:13.944,25842.8111
2026-08-21 15:48:14.357,25970.416
2026-08-21 15:48:14.776,26226.7231
2026-08-21 15:48:15.190,26438.8385
2026-08-21 15:48:15.607,26163.9807
2026-08-21 15:48:16.045,25924.2036
2026-08-21 15:48:16.469,25820.2198
2026-08-21 15:48:16.883,25819.5321
2026-08-21 15:48:17.296,25819.4185
2026-08-21 15:48:17.709,25819.3952
2026-08-21 15:48:18.149,25819.4613
2026-08-21 15:48:18.575,25819.4388
2026-08-21 15:48:18.999,25819.5641
2026-08-21 15:48:19.413,25820.5037
2026-08-21 15:48:19.829,25820.1807
2026-08-21 15:48:20.241,25820.4764
2026-08-21 15:48:20.658,25820.3252
2026-08-21 15:48:21.072,25820.1356
2026-08-21 15:48:21.489,25856.0162
2026-08-21 15:48:21.903,26032.655
2026-08-21 15:48:22.343,26313.2597
2026-08-21 15:48:22.756,26681.9499
2026-08-21 15:48:23.169,27062.81
2026-08-21 15:48:23.582,27469.4467
2026-08-21 15:48:23.995,27454.4909
2026-08-21 15:48:24.455,26998.8524
2026-08-21 15:48:24.869,26620.2481
2026-08-21 15:48:25.295,26266.5708
2026-08-21 15:48:25.715,26003.719
2026-08-21 15:48:26.145,25862.1914
2026-08-21 15:48:26.572,25951.6887
2026-08-21 15:48:26.984,26195.339
2026-08-21 15:48:27.396,26519.5793
2026-08-21 15:48:27.809,26887.2179
2026-08-21 15:48:28.232,27284.516
2026-08-21 15:48:28.650,27575.8749
2026-08-21 15:48:29.064,27223.4718
2026-08-21 15:48:29.476,26827.33
2026-08-21 15:48:29.902,26452.2116
2026-08-21 15:48:30.328,26139.016
2026-08-21 15:48:30.752,25922.9874
2026-08-21 15:48:31.172,25884.8105
2026-08-21 15:48:31.585,26054.1171
2026-08-21 15:48:31.998,26334.6984
2026-08-21 15:48:32.411,26401.1751
2026-08-21 15:48:32.850,26098.4543
2026-08-21 15:48:33.284,25885.9562
2026-08-21 15:48:33.696,25904.8772
2026-08-21 15:48:34.114,26103.2865
2026-08-21 15:48:34.526,26405.9966
2026-08-21 15:48:34.959,26321.8415
2026-08-21 15:48:35.373,26034.1951
2026-08-21 15:48:35.791,25868.304
2026-08-21 15:48:36.204,25842.547
2026-08-21 15:48:36.616,25845.5622
2026-08-21 15:48:37.041,25845.9955
2026-08-21 15:48:37.453,25848.3009
2026-08-21 15:48:37.885,25852.7193
2026-08-21 15:48:38.312,25853.8108
2026-08-21 15:48:38.728,25849.0149
2026-08-21 15:48:39.142,25848.1211
2026-08-21 15:48:39.560,25847.9294
2026-08-21 15:48:39.989,25853.5422
2026-08-21 15:48:40.401,25860.5015
2026-08-21 15:48:40.827,25861.3089
2026-08-21 15:48:41.239,25963.0843
2026-08-21 15:48:41.653,26195.0058
2026-08-21 15:48:42.066,26514.3743
2026-08-21 15:48:42.479,26875.6725
2026-08-21 15:48:42.892,27267.5721
2026-08-21 15:48:43.316,27598.9514
2026-08-21 15:48:43.729,27287.8192
2026-08-21 15:48:44.143,26889.8799
2026-08-21 15:48:44.555,26522.4751
2026-08-21 15:48:44.969,26203.0546
2026-08-21 15:48:45.382,25972.7463
2026-08-21 15:48:45.794,25886.3414
2026-08-21 15:48:46.206,26012.6388
2026-08-21 15:48:46.639,26262.8655
2026-08-21 15:48:47.065,26624.9655
2026-08-21 15:48:47.478,27000.311
2026-08-21 15:48:47.889,27401.1582
2026-08-21 15:48:48.303,27570.1528
2026-08-21 15:48:48.738,27173.4911
2026-08-21 15:48:49.150,26763.123
2026-08-21 15:48:49.577,26407.9594
2026-08-21 15:48:49.993,26103.0095
2026-08-21 15:48:50.406,25918.1015
2026-08-21 15:48:50.843,25925.9027
2026-08-21 15:48:51.255,26127.3352
2026-08-21 15:48:51.682,26424.6135
2026-08-21 15:48:52.101,26336.2763
2026-08-21 15:48:52.516,26049.9777
2026-08-21 15:48:52.943,25889.349
2026-08-21 15:48:53.376,25959.4164
2026-08-21 15:48:53.789,26187.7174
2026-08-21 15:48:54.202,26469.0868
2026-08-21 15:48:54.620,26279.1051
2026-08-21 15:48:55.045,26009.9683
2026-08-21 15:48:55.459,25869.5496
2026-08-21 15:48:55.887,25860.0749
2026-08-21 15:48:56.304,25862.8155
2026-08-21 15:48:56.716,25865.9975
2026-08-21 15:48:57.151,25866.9449
2026-08-21 15:48:57.564,25865.279
2026-08-21 15:48:57.976,25865.8717
2026-08-21 15:48:58.389,25865.671
2026-08-21 15:48:58.800,25864.4587
2026-08-21 15:48:59.265,25863.915
2026-08-21 15:48:59.698,25864.1059
2026-08-21 15:49:00.110,25864.9238
2026-08-21 15:49:00.538,25888.9505
2026-08-21 15:49:00.950,26042.7293
2026-08-21 15:49:01.378,26306.0238
2026-08-21 15:49:01.791,26654.6878
2026-08-21 15:49:02.206,27030.7202
2026-08-21 15:49:02.619,27435.7761
2026-08-21 15:49:03.043,27569.0369
2026-08-21 15:49:03.457,27154.3761
2026-08-21 15:49:03.870,26767.0308
2026-08-21 15:49:04.280,26413.7044
2026-08-21 15:49:04.694,26120.7132
2026-08-21 15:49:05.108,25936.7029
2026-08-21 15:49:05.605,25943.8694
2026-08-21 15:49:06.018,26188.8718
2026-08-21 15:49:06.432,26502.8315
2026-08-21 15:49:06.849,26864.7905
2026-08-21 15:49:07.262,27260.8188
2026-08-21 15:49:07.692,27623.0453
2026-08-21 15:49:08.113,27349.3727
2026-08-21 15:49:08.526,26941.7611
2026-08-21 15:49:08.938,26573.2171
2026-08-21 15:49:09.355,26246.0184
2026-08-21 15:49:09.788,26009.9234
2026-08-21 15:49:10.215,25925.378
2026-08-21 15:49:10.628,26069.0467
2026-08-21 15:49:11.049,26331.549
2026-08-21 15:49:11.462,26485.9705
2026-08-21 15:49:11.880,26191.7728
2026-08-21 15:49:12.292,25972.6742
2026-08-21 15:49:12.704,25927.6302
2026-08-21 15:49:13.116,26092.3447
2026-08-21 15:49:13.530,26371.2701
2026-08-21 15:49:13.993,26437.2047
2026-08-21 15:49:14.407,26138.1876
2026-08-21 15:49:14.820,25946.4658
2026-08-21 15:49:15.238,25896.8299
2026-08-21 15:49:15.652,25900.6205
2026-08-21 15:49:16.086,25900.2106
2026-08-21 15:49:16.499,25901.6328
2026-08-21 15:49:16.926,25903.3927
2026-08-21 15:49:17.365,25905.1446
2026-08-21 15:49:17.782,25905.9149
2026-08-21 15:49:18.199,25904.5411
2026-08-21 15:49:18.621,25902.7088
2026-08-21 15:49:19.037,25902.7797
2026-08-21 15:49:19.449,25903.7897
2026-08-21 15:49:19.861,25903.7865
2026-08-21 15:49:20.290,25986.0269
2026-08-21 15:49:20.704,26206.447
2026-08-21 15:49:21.117,26513.8478
2026-08-21 15:49:21.530,26874.0293
2026-08-21 15:49:21.942,27263.3985
2026-08-21 15:49:22.402,27651.7973
2026-08-21 15:49:22.816,27370.1369
2026-08-21 15:49:23.229,26970.9887
2026-08-21 15:49:23.664,26591.2768
2026-08-21 15:49:24.078,26262.2806
2026-08-21 15:49:24.503,26028.9357
2026-08-21 15:49:24.917,25949.7053
2026-08-21 15:49:25.330,26090.1123
2026-08-21 15:49:25.742,26349.568
2026-08-21 15:49:26.153,26684.2679
2026-08-21 15:49:26.579,27060.1409
2026-08-21 15:49:27.065,27550.197
2026-08-21 15:49:27.479,27542.5901
2026-08-21 15:49:27.903,27130.8488
2026-08-21 15:49:28.315,26738.9274
2026-08-21 15:49:28.749,26384.811
2026-08-21 15:49:29.161,26103.5684
2026-08-21 15:49:29.573,25949.7983
2026-08-21 15:49:29.985,26008.8426
2026-08-21 15:49:30.399,26224.6668
2026-08-21 15:49:30.812,26517.3493
2026-08-21 15:49:31.231,26356.3135
2026-08-21 15:49:31.643,26091.6904
2026-08-21 15:49:32.056,25954.2828
2026-08-21 15:49:32.483,26047.8643
2026-08-21 15:49:32.908,26276.8794
2026-08-21 15:49:33.326,26536.6509
2026-08-21 15:49:33.740,26296.9492
2026-08-21 15:49:34.153,26040.62
2026-08-21 15:49:34.568,25923.6549
2026-08-21 15:49:34.985,25921.0047
2026-08-21 15:49:35.399,25919.4195
2026-08-21 15:49:35.832,25916.9138
2026-08-21 15:49:36.244,25918.9319
2026-08-21 15:49:36.658,25917.4767
2026-08-21 15:49:37.071,25922.7988
2026-08-21 15:49:37.498,25920.769
2026-08-21 15:49:37.910,25920.3665
2026-08-21 15:49:38.324,25923.1932
2026-08-21 15:49:38.752,25926.8296
2026-08-21 15:49:39.167,25931.7497
2026-08-21 15:49:39.594,25951.5799
2026-08-21 15:49:40.007,26095.4239
2026-08-21 15:49:40.431,26351.4332
2026-08-21 15:49:40.842,26697.8147
2026-08-21 15:49:41.266,27066.9435
2026-08-21 15:49:41.681,27481.6477
2026-08-21 15:49:42.109,27634.0849
2026-08-21 15:49:42.522,27222.9818
2026-08-21 15:49:42.935,26836.5371
2026-08-21 15:49:43.357,26476.0538
2026-08-21 15:49:43.776,26169.7559
2026-08-21 15:49:44.188,25983.9376
2026-08-21 15:49:44.600,25995.5615
2026-08-21 15:49:45.029,26185.7949
2026-08-21 15:49:45.447,26494.1648
2026-08-21 15:49:45.878,26855.6323
2026-08-21 15:49:46.304,27264.0964
2026-08-21 15:49:46.717,27656.2575
2026-08-21 15:49:47.130,27433.301
2026-08-21 15:49:47.543,27027.2038
2026-08-21 15:49:47.983,26638.8447
2026-08-21 15:49:48.395,26297.3467
2026-08-21 15:49:48.808,26055.9384
2026-08-21 15:49:49.221,25954.3278
2026-08-21 15:49:49.633,26070.1854
2026-08-21 15:49:50.098,26356.7402
2026-08-21 15:49:50.522,26525.2167
2026-08-21 15:49:50.939,26228.0369
2026-08-21 15:49:51.352,26006.114
2026-08-21 15:49:51.772,25958.6128
2026-08-21 15:49:52.186,26124.2664
2026-08-21 15:49:52.612,26403.2855
2026-08-21 15:49:53.023,26503.3665
2026-08-21 15:49:53.436,26199.8744
2026-08-21 15:49:53.898,25990.8717
2026-08-21 15:49:54.329,25926.1115
2026-08-21 15:49:54.743,25927.7197
2026-08-21 15:49:55.163,25927.5126
2026-08-21 15:49:55.578,25927.2922
2026-08-21 15:49:55.991,25926.7463
2026-08-21 15:49:56.408,25927.4209
2026-08-21 15:49:56.835,25926.4652
2026-08-21 15:49:57.249,25926.6961
2026-08-21 15:49:57.678,25928.1384
2026-08-21 15:49:58.090,25928.9295
2026-08-21 15:49:58.505,25930.7864
2026-08-21 15:49:58.926,25931.2014
2026-08-21 15:49:59.338,26004.043
2026-08-21 15:49:59.752,26209.2383
2026-08-21 15:50:00.179,26520.582
2026-08-21 15:50:00.625,26876.962
2026-08-21 15:50:01.040,27298.2277
2026-08-21 15:50:01.456,27663.635
2026-08-21 15:50:01.870,27414.8844
2026-08-21 15:50:02.288,27013.5188
2026-08-21 15:50:02.708,26638.1165
2026-08-21 15:50:03.135,26303.7333
2026-08-21 15:50:03.550,26057.8062
2026-08-21 15:50:03.963,25967.1021
2026-08-21 15:50:04.376,26096.3332
2026-08-21 15:50:04.812,26348.8739
2026-08-21 15:50:05.249,26715.7199
2026-08-21 15:50:05.662,27100.4565
2026-08-21 15:50:06.089,27503.9794
2026-08-21 15:50:06.505,27609.6835
2026-08-21 15:50:06.932,27184.629
2026-08-21 15:50:07.346,26801.4692
2026-08-21 15:50:07.769,26450.1962
2026-08-21 15:50:08.185,26159.085
2026-08-21 15:50:08.596,25996.2616
2026-08-21 15:50:09.026,26036.2799
2026-08-21 15:50:09.440,26242.4685
2026-08-21 15:50:09.857,26531.9161
2026-08-21 15:50:10.284,26400.0733
2026-08-21 15:50:10.696,26112.9464
2026-08-21 15:50:11.109,25962.6352
2026-08-21 15:50:11.521,26034.9499
2026-08-21 15:50:11.945,26256.5296
2026-08-21 15:50:12.364,26539.0211
2026-08-21 15:50:12.778,26340.7871
2026-08-21 15:50:13.202,26079.2426
2026-08-21 15:50:13.615,25942.5465
2026-08-21 15:50:14.028,25933.0722
2026-08-21 15:50:14.440,25935.2102
2026-08-21 15:50:14.852,25935.4589
2026-08-21 15:50:15.263,25935.6232
2026-08-21 15:50:15.741,25934.1437
2026-08-21 15:50:16.168,25933.9181
2026-08-21 15:50:16.580,25933.5725
2026-08-21 15:50:17.014,25933.8375
2026-08-21 15:50:17.443,25933.6767
2026-08-21 15:50:17.856,25933.3468
2026-08-21 15:50:18.282,25933.0527
2026-08-21 15:50:18.707,25954.8733
2026-08-21 15:50:19.120,26115.8244
2026-08-21 15:50:19.534,26381.9221
2026-08-21 15:50:19.948,26718.42
2026-08-21 15:50:20.371,27092.8646
2026-08-21 15:50:20.785,27503.6564
2026-08-21 15:50:21.197,27619.5745
2026-08-21 15:50:21.640,27214.771
2026-08-21 15:50:22.053,26801.3886
2026-08-21 15:50:22.465,26451.4449
2026-08-21 15:50:22.891,26163.7199
2026-08-21 15:50:23.304,25984.6458
2026-08-21 15:50:23.732,26014.3104
2026-08-21 15:50:24.145,26221.8539
2026-08-21 15:50:24.571,26526.3605
2026-08-21 15:50:24.985,26895.1494
2026-08-21 15:50:25.405,27283.3471
2026-08-21 15:50:25.846,27658.5772
2026-08-21 15:50:26.258,27395.1305
2026-08-21 15:50:26.671,26997.7112
2026-08-21 15:50:27.085,26629.0132
2026-08-21 15:50:27.509,26301.529
2026-08-21 15:50:27.922,26059.9496
2026-08-21 15:50:28.341,25969.9963
2026-08-21 15:50:28.754,26095.3219
2026-08-21 15:50:29.173,26346.562
2026-08-21 15:50:29.586,26542.0093
2026-08-21 15:50:30.020,26263.6899
2026-08-21 15:50:30.432,26026.7999
2026-08-21 15:50:30.854,25968.4537
2026-08-21 15:50:31.268,26128.5415
2026-08-21 15:50:31.695,26413.1855
2026-08-21 15:50:32.117,26510.018
2026-08-21 15:50:32.530,26203.6559
2026-08-21 15:50:32.949,26001.3343
2026-08-21 15:50:33.361,25937.6982
2026-08-21 15:50:33.773,25940.5731
2026-08-21 15:50:34.186,25941.4012
2026-08-21 15:50:34.599,25941.8217
2026-08-21 15:50:35.012,25941.5183
2026-08-21 15:50:35.476,25940.7251
2026-08-21 15:50:35.897,25940.1932
2026-08-21 15:50:36.358,25939.5188
2026-08-21 15:50:36.802,25939.4086
2026-08-21 15:50:37.217,25938.7834
2026-08-21 15:50:37.629,25938.4492
2026-08-21 15:50:38.042,25938.8409
2026-08-21 15:50:38.483,26022.0297
2026-08-21 15:50:38.908,26252.5783
2026-08-21 15:50:39.320,26571.9631
2026-08-21 15:50:39.753,26945.1521
2026-08-21 15:50:40.165,27344.5096
2026-08-21 15:50:40.585,27679.9674
2026-08-21 15:50:40.998,27380.6959
2026-08-21 15:50:41.415,26985.0371
2026-08-21 15:50:41.829,26615.5953
2026-08-21 15:50:42.242,26293.9511
2026-08-21 15:50:42.708,26044.7089
2026-08-21 15:50:43.121,25988.7623
2026-08-21 15:50:43.545,26140.833
2026-08-21 15:50:43.959,26415.2295
2026-08-21 15:50:44.377,26752.1105
2026-08-21 15:50:44.794,27133.1664
2026-08-21 15:50:45.206,27539.3597
2026-08-21 15:50:45.623,27590.2693
2026-08-21 15:50:46.035,27177.0063
2026-08-21 15:50:46.512,26784.4618
2026-08-21 15:50:46.933,26397.3665
2026-08-21 15:50:47.359,26130.3501
2026-08-21 15:50:47.772,25986.6059
2026-08-21 15:50:48.208,26064.5141
2026-08-21 15:50:48.624,26293.5401
2026-08-21 15:50:49.036,26556.5245
2026-08-21 15:50:49.450,26344.3595
2026-08-21 15:50:49.873,26091.2664
2026-08-21 15:50:50.286,25973.6737
2026-08-21 15:50:50.716,26089.0315
2026-08-21 15:50:51.144,26334.7321
2026-08-21 15:50:51.556,26556.4898
2026-08-21 15:50:51.977,26294.066
2026-08-21 15:50:52.405,26056.6
2026-08-21 15:50:52.819,25957.1687
2026-08-21 15:50:53.231,25958.3235
2026-08-21 15:50:53.658,25960.2189
2026-08-21 15:50:54.071,25960.9539
2026-08-21 15:50:54.496,25961.0991
2026-08-21 15:50:54.909,25961.1913
2026-08-21 15:50:55.322,25963.5354
2026-08-21 15:50:55.747,25962.5025
2026-08-21 15:50:56.161,25962.0257
2026-08-21 15:50:56.575,25963.6871
2026-08-21 15:50:56.989,25963.4747
2026-08-21 15:50:57.412,25961.7678
2026-08-21 15:50:57.832,25988.7395
2026-08-21 15:50:58.247,26152.0517
2026-08-21 15:50:58.673,26424.9735
2026-08-21 15:50:59.092,26773.3301
2026-08-21 15:50:59.513,27152.8881
2026-08-21 15:50:59.925,27560.9778
2026-08-21 15:51:00.352,27601.9787
2026-08-21 15:51:00.765,27194.0168
2026-08-21 15:51:01.178,26813.3951
2026-08-21 15:51:01.620,26464.7173
2026-08-21 15:51:02.040,26166.2249
2026-08-21 15:51:02.453,26006.3886
2026-08-21 15:51:02.865,26059.4909
2026-08-21 15:51:03.278,26269.0049
2026-08-21 15:51:03.712,26576.3005
2026-08-21 15:51:04.133,26953.9895
2026-08-21 15:51:04.547,27350.374
2026-08-21 15:51:04.959,27691.5753
2026-08-21 15:51:05.393,27395.5242
2026-08-21 15:51:05.817,26993.5819
2026-08-21 15:51:06.229,26619.9963
2026-08-21 15:51:06.642,26300.9503
2026-08-21 15:51:07.062,26076.317
2026-08-21 15:51:07.475,26003.0205
2026-08-21 15:51:07.934,26165.6021
2026-08-21 15:51:08.350,26437.8306
2026-08-21 15:51:08.765,26538.1495
2026-08-21 15:51:09.184,26237.5196
2026-08-21 15:51:09.597,26032.3326
2026-08-21 15:51:10.028,26012.3379
2026-08-21 15:51:10.440,26199.3517
2026-08-21 15:51:10.856,26487.6405
2026-08-21 15:51:11.271,26496.3515
2026-08-21 15:51:11.698,26198.7095
2026-08-21 15:51:12.123,26009.2021
2026-08-21 15:51:12.543,25968.3715
2026-08-21 15:51:12.956,25971.7182
2026-08-21 15:51:13.377,25971.8081
2026-08-21 15:51:13.789,25972.3211
2026-08-21 15:51:14.255,25972.2349
2026-08-21 15:51:14.690,25972.4639
2026-08-21 15:51:15.105,25973.106
2026-08-21 15:51:15.520,25973.7305
2026-08-21 15:51:15.934,25973.902
2026-08-21 15:51:16.363,25974.7804
2026-08-21 15:51:16.778,25975.1052
2026-08-21 15:51:17.191,25977.5447
2026-08-21 15:51:17.618,26078.7925
2026-08-21 15:51:18.030,26312.9638
2026-08-21 15:51:18.467,26640.3861
2026-08-21 15:51:18.883,27012.5546
2026-08-21 15:51:19.295,27408.5245
2026-08-21 15:51:19.707,27711.1099
2026-08-21 15:51:20.120,27387.6205
2026-08-21 15:51:20.549,26996.1794
2026-08-21 15:51:20.961,26620.0676
2026-08-21 15:51:21.374,26306.6797
2026-08-21 15:51:21.792,26091.0762
2026-08-21 15:51:22.219,26027.8597
2026-08-21 15:51:22.670,26202.4413
2026-08-21 15:51:23.089,26478.5835
2026-08-21 15:51:23.502,26828.0464
2026-08-21 15:51:23.915,27209.3043
2026-08-21 15:51:24.330,27614.0202
2026-08-21 15:51:24.759,27605.6821
2026-08-21 15:51:25.172,27184.2924
2026-08-21 15:51:25.600,26794.3841
2026-08-21 15:51:26.022,26452.0584
2026-08-21 15:51:26.441,26178.5315
2026-08-21 15:51:26.866,26036.1055
2026-08-21 15:51:27.280,26110.3672
2026-08-21 15:51:27.693,26333.0587
2026-08-21 15:51:28.118,26607.0044
2026-08-21 15:51:28.533,26404.3708
2026-08-21 15:51:28.962,26150.4033
2026-08-21 15:51:29.374,26029.7279
2026-08-21 15:51:29.786,26134.1169
2026-08-21 15:51:30.200,26370.268
2026-08-21 15:51:30.624,26618.4057
2026-08-21 15:51:31.083,26344.4148
2026-08-21 15:51:31.509,26112.7063
2026-08-21 15:51:31.922,26033.9135
2026-08-21 15:51:32.343,26043.8465
2026-08-21 15:51:32.764,26040.2806
2026-08-21 15:51:33.183,26035.1847
2026-08-21 15:51:33.595,26033.5941
2026-08-21 15:51:34.008,26032.1145
2026-08-21 15:51:34.433,26020.5891
2026-08-21 15:51:34.844,26016.136
2026-08-21 15:51:35.324,26009.7268
2026-08-21 15:51:35.736,26005.1566
2026-08-21 15:51:36.163,26003.9336
2026-08-21 15:51:36.576,26004.0106
2026-08-21 15:51:37.004,26043.2882
2026-08-21 15:51:37.421,26227.1993
2026-08-21 15:51:37.833,26512.9733
2026-08-21 15:51:38.247,26855.7938
2026-08-21 15:51:38.671,27234.7751
2026-08-21 15:51:39.083,27650.7418
2026-08-21 15:51:39.512,27586.4708
2026-08-21 15:51:39.923,27179.2238
2026-08-21 15:51:40.336,26802.5991
2026-08-21 15:51:40.750,26461.5156
2026-08-21 15:51:41.177,26183.5527
2026-08-21 15:51:41.614,26037.9411
2026-08-21 15:51:42.040,26116.4984
2026-08-21 15:51:42.453,26351.1737
2026-08-21 15:51:42.883,26681.7098
2026-08-21 15:51:43.308,27052.0991
2026-08-21 15:51:43.722,27462.5742
2026-08-21 15:51:44.142,27730.2755
2026-08-21 15:51:44.558,27371.5654
2026-08-21 15:51:44.970,26978.6441
2026-08-21 15:51:45.384,26619.6007
2026-08-21 15:51:45.816,26300.2428
2026-08-21 15:51:46.230,26093.4597
2026-08-21 15:51:46.648,26055.4678
2026-08-21 15:51:47.059,26220.8925
2026-08-21 15:51:47.472,26498.6588
2026-08-21 15:51:47.914,26579.326
2026-08-21 15:51:48.334,26264.0399
2026-08-21 15:51:48.761,26074.1739
2026-08-21 15:51:49.173,26087.3416
2026-08-21 15:51:49.592,26281.713
2026-08-21 15:51:50.008,26583.9089
2026-08-21 15:51:50.421,26516.066
2026-08-21 15:51:50.847,26234.6557
2026-08-21 15:51:51.260,26062.5706
2026-08-21 15:51:51.673,26033.4439
2026-08-21 15:51:52.107,26035.5075
2026-08-21 15:51:52.528,26034.6348
2026-08-21 15:51:52.940,26033.1501
2026-08-21 15:51:53.367,26030.9699
2026-08-21 15:51:53.788,26027.5751
2026-08-21 15:51:54.202,26026.0831
2026-08-21 15:51:54.629,26026.5444
2026-08-21 15:51:55.058,26026.0054
2026-08-21 15:51:55.486,26026.1263
2026-08-21 15:51:55.911,26029.9235
2026-08-21 15:51:56.322,26034.1055
2026-08-21 15:51:56.754,26152.4603
2026-08-21 15:51:57.172,26393.7954
2026-08-21 15:51:57.588,26721.1775
2026-08-21 15:51:58.014,27096.6803
2026-08-21 15:51:58.428,27500.5075
2026-08-21 15:51:58.841,27777.1355
2026-08-21 15:51:59.256,27426.4249
2026-08-21 15:51:59.675,27034.3627
2026-08-21 15:52:00.089,26669.8692
2026-08-21 15:52:00.517,26360.7552
2026-08-21 15:52:00.929,26145.7794
2026-08-21 15:52:01.358,26099.5097
2026-08-21 15:52:01.779,26263.7755
2026-08-21 15:52:02.194,26553.9781
2026-08-21 15:52:02.610,26905.0249
2026-08-21 15:52:03.022,27279.6942
2026-08-21 15:52:03.459,27680.4064
2026-08-21 15:52:03.872,27640.19
2026-08-21 15:52:04.284,27217.5678
2026-08-21 15:52:04.700,26837.3815
2026-08-21 15:52:05.161,26491.7587
2026-08-21 15:52:05.579,26198.4734
2026-08-21 15:52:05.992,26073.2896
2026-08-21 15:52:06.418,26154.819
2026-08-21 15:52:06.831,26381.0633
2026-08-21 15:52:07.245,26639.7684
2026-08-21 15:52:07.665,26419.9242
2026-08-21 15:52:08.078,26169.1868
2026-08-21 15:52:08.503,26063.1592
2026-08-21 15:52:08.917,26181.4205
2026-08-21 15:52:09.332,26426.2694
2026-08-21 15:52:09.744,26636.8881
2026-08-21 15:52:10.166,26367.3338
2026-08-21 15:52:10.585,26121.8475
2026-08-21 15:52:10.998,26018.5559
2026-08-21 15:52:11.409,26018.3816
2026-08-21 15:52:11.844,26021.084
2026-08-21 15:52:12.256,26024.572
2026-08-21 15:52:12.688,26027.1572
2026-08-21 15:52:13.100,26028.0008
2026-08-21 15:52:13.513,26027.8806
2026-08-21 15:52:13.925,26026.7936
2026-08-21 15:52:14.339,26025.2183
2026-08-21 15:52:14.751,26023.1252
2026-08-21 15:52:15.169,26020.5998
2026-08-21 15:52:15.590,26019.5337
2026-08-21 15:52:16.008,26044.3219
2026-08-21 15:52:16.423,26201.1397
2026-08-21 15:52:16.835,26468.129
2026-08-21 15:52:17.248,26802.2439
2026-08-21 15:52:17.680,27187.434
2026-08-21 15:52:18.111,27598.1004
2026-08-21 15:52:18.527,27672.1274
2026-08-21 15:52:18.939,27260.4788
2026-08-21 15:52:19.365,26879.5315
2026-08-21 15:52:19.776,26521.4624
2026-08-21 15:52:20.190,26239.6276
2026-08-21 15:52:20.603,26068.4906
2026-08-21 15:52:21.015,26098.805
2026-08-21 15:52:21.431,26297.153
2026-08-21 15:52:21.846,26596.0207
2026-08-21 15:52:22.257,26951.4926
2026-08-21 15:52:22.669,27336.2019
2026-08-21 15:52:23.133,27721.4057
2026-08-21 15:52:23.552,27478.0982
2026-08-21 15:52:23.965,27081.2265
2026-08-21 15:52:24.388,26713.3301
2026-08-21 15:52:24.804,26380.2468
2026-08-21 15:52:25.218,26145.5678
2026-08-21 15:52:25.633,26056.9773
2026-08-21 15:52:26.046,26181.2693
2026-08-21 15:52:26.459,26432.1474
2026-08-21 15:52:26.875,26625.5007
2026-08-21 15:52:27.291,26349.217
2026-08-21 15:52:27.770,26101.0571
2026-08-21 15:52:28.182,26066.1458
2026-08-21 15:52:28.597,26236.2773
2026-08-21 15:52:29.012,26518.0499
2026-08-21 15:52:29.438,26579.4343
2026-08-21 15:52:29.870,26268.2973
2026-08-21 15:52:30.281,26072.7091
2026-08-21 15:52:30.694,26026.8541
2026-08-21 15:52:31.107,26029.7318
2026-08-21 15:52:31.520,26029.7011
2026-08-21 15:52:31.985,26029.7727
2026-08-21 15:52:32.407,26029.8651
2026-08-21 15:52:32.820,26029.8392
2026-08-21 15:52:33.232,26029.0778
2026-08-21 15:52:33.644,26029.012
2026-08-21 15:52:34.066,26028.4213
2026-08-21 15:52:34.478,26028.4532
2026-08-21 15:52:34.890,26028.8479
2026-08-21 15:52:35.303,26029.4642
2026-08-21 15:52:35.717,26103.7964
2026-08-21 15:52:36.145,26308.1134
2026-08-21 15:52:36.624,26675.6832
2026-08-21 15:52:37.050,27038.8065
2026-08-21 15:52:37.463,27449.4348
2026-08-21 15:52:37.879,27781.4676
2026-08-21 15:52:38.295,27473.8626
2026-08-21 15:52:38.708,27069.6804
2026-08-21 15:52:39.120,26703.5279
2026-08-21 15:52:39.560,26374.0748
2026-08-21 15:52:39.976,26146.0853
2026-08-21 15:52:40.399,26081.2229
2026-08-21 15:52:40.811,26232.1541
2026-08-21 15:52:41.224,26494.8808
2026-08-21 15:52:41.651,26829.7217
2026-08-21 15:52:42.064,27216.4125
2026-08-21 15:52:42.499,27618.3096
2026-08-21 15:52:42.925,27687.3315
2026-08-21 15:52:43.337,27267.0658
2026-08-21 15:52:43.763,26887.1704
2026-08-21 15:52:44.183,26532.0237
2026-08-21 15:52:44.610,26252.7243
2026-08-21 15:52:45.031,26096.6615
2026-08-21 15:52:45.443,26154.6228
2026-08-21 15:52:45.861,26368.0872
2026-08-21 15:52:46.279,26660.4908
2026-08-21 15:52:46.691,26501.5158
2026-08-21 15:52:47.119,26233.7156
2026-08-21 15:52:47.532,26104.76
2026-08-21 15:52:47.944,26195.8048
2026-08-21 15:52:48.366,26429.8818
2026-08-21 15:52:48.778,26692.7864
2026-08-21 15:52:49.203,26467.8927
2026-08-21 15:52:49.630,26212.386
2026-08-21 15:52:50.042,26091.9262
2026-08-21 15:52:50.467,26092.8115
2026-08-21 15:52:50.884,26098.2199
2026-08-21 15:52:51.296,26100.1002
2026-08-21 15:52:51.731,26099.8531
2026-08-21 15:52:52.143,26088.5867
2026-08-21 15:52:52.561,26076.984
2026-08-21 15:52:52.975,26079.9321
2026-08-21 15:52:53.387,26079.6938
2026-08-21 15:52:53.852,26071.1019
2026-08-21 15:52:54.264,26071.4303
2026-08-21 15:52:54.700,26079.4265
2026-08-21 15:52:55.112,26098.599
2026-08-21 15:52:55.525,26255.1556
2026-08-21 15:52:55.948,26522.5649
2026-08-21 15:52:56.363,26869.8435
2026-08-21 15:52:56.789,27252.4665
2026-08-21 15:52:57.205,27669.3767
2026-08-21 15:52:57.618,27715.7064
2026-08-21 15:52:58.040,27306.5612
2026-08-21 15:52:58.464,26915.8887
2026-08-21 15:52:58.890,26561.5264
2026-08-21 15:52:59.304,26275.5713
2026-08-21 15:52:59.716,26119.8513
2026-08-21 15:53:00.139,26170.3937
2026-08-21 15:53:00.555,26374.4151
2026-08-21 15:53:00.969,26680.6409
2026-08-21 15:53:01.384,27039.2898
2026-08-21 15:53:01.797,27432.8995
2026-08-21 15:53:02.262,27798.578
2026-08-21 15:53:02.678,27488.1572
2026-08-21 15:53:03.098,27093.4004
2026-08-21 15:53:03.512,26724.7515
2026-08-21 15:53:03.925,26408.3408
2026-08-21 15:53:04.342,26190.509
2026-08-21 15:53:04.761,26121.8077
2026-08-21 15:53:05.176,26264.56
2026-08-21 15:53:05.594,26524.3937
2026-08-21 15:53:06.006,26664.2292
2026-08-21 15:53:06.442,26373.5928
2026-08-21 15:53:06.855,26161.9394
2026-08-21 15:53:07.268,26134.1088
2026-08-21 15:53:07.693,26304.4116
2026-08-21 15:53:08.107,26593.5904
2026-08-21 15:53:08.547,26636.3033
2026-08-21 15:53:08.970,26325.9746
2026-08-21 15:53:09.382,26145.4486
2026-08-21 15:53:09.794,26112.727
2026-08-21 15:53:10.221,26121.6788
2026-08-21 15:53:10.664,26121.2189
2026-08-21 15:53:11.077,26113.4613
2026-08-21 15:53:11.495,26111.2628
2026-08-21 15:53:11.910,26109.1337
2026-08-21 15:53:12.324,26107.8904
2026-08-21 15:53:12.788,26107.2604
2026-08-21 15:53:13.201,26106.0406
2026-08-21 15:53:13.628,26103.1219
2026-08-21 15:53:14.056,26100.4745
2026-08-21 15:53:14.474,26101.8733
2026-08-21 15:53:14.886,26203.6309
2026-08-21 15:53:15.319,26437.5618
2026-08-21 15:53:15.748,26756.1744
2026-08-21 15:53:16.161,27130.2879
2026-08-21 15:53:16.574,27522.9226
2026-08-21 15:53:16.987,27820.424
2026-08-21 15:53:17.407,27491.3118
2026-08-21 15:53:17.841,27095.0901
2026-08-21 15:53:18.267,26715.3793
2026-08-21 15:53:18.680,26395.6231
2026-08-21 15:53:19.106,26183.1533
2026-08-21 15:53:19.519,26144.3306
2026-08-21 15:53:19.942,26305.4849
2026-08-21 15:53:20.356,26584.8967
2026-08-21 15:53:20.773,26931.0235
2026-08-21 15:53:21.198,27300.0915
2026-08-21 15:53:21.613,27712.7891
2026-08-21 15:53:22.039,27686.4782
2026-08-21 15:53:22.465,27273.2373
2026-08-21 15:53:22.886,26888.9796
2026-08-21 15:53:23.298,26532.3666
2026-08-21 15:53:23.712,26263.4494
2026-08-21 15:53:24.140,26122.0577
2026-08-21 15:53:24.553,26197.314
2026-08-21 15:53:24.969,26417.6058
2026-08-21 15:53:25.384,26687.7771
2026-08-21 15:53:25.798,26488.9528
2026-08-21 15:53:26.210,26232.2723
2026-08-21 15:53:26.689,26112.1051
2026-08-21 15:53:27.102,26241.2368
2026-08-21 15:53:27.515,26490.8182
2026-08-21 15:53:27.928,26688.7879
2026-08-21 15:53:28.342,26415.6629
2026-08-21 15:53:28.780,26186.6183
2026-08-21 15:53:29.192,26091.963
2026-08-21 15:53:29.606,26096.8072
2026-08-21 15:53:30.038,26097.7375
2026-08-21 15:53:30.503,26097.1468
2026-08-21 15:53:30.933,26097.3981
2026-08-21 15:53:31.353,26095.5189
2026-08-21 15:53:31.781,26094.7618
2026-08-21 15:53:32.239,26094.078
2026-08-21 15:53:32.676,26093.2357
2026-08-21 15:53:33.093,26092.2851
2026-08-21 15:53:33.512,26091.5996
2026-08-21 15:53:33.930,26090.3956
2026-08-21 15:53:34.364,26162.2986
2026-08-21 15:53:34.777,26376.0576
2026-08-21 15:53:35.189,26673.6039
2026-08-21 15:53:35.608,27025.4566
2026-08-21 15:53:36.020,27415.0921
2026-08-21 15:53:36.447,27794.4432
2026-08-21 15:53:36.861,27558.8953
2026-08-21 15:53:37.326,27115.6959
2026-08-21 15:53:37.741,26747.0923
2026-08-21 15:53:38.155,26426.1648
2026-08-21 15:53:38.569,26198.7558
2026-08-21 15:53:38.987,26121.3276
2026-08-21 15:53:39.406,26259.5526
2026-08-21 15:53:39.898,26578.4058
2026-08-21 15:53:40.323,26917.8722
2026-08-21 15:53:40.787,27355.58
2026-08-21 15:53:41.221,27767.0519
2026-08-21 15:53:41.633,27626.0587
2026-08-21 15:53:42.053,27226.8153
2026-08-21 15:53:42.468,26847.8593
2026-08-21 15:53:42.900,26515.7252
2026-08-21 15:53:43.326,26251.084
2026-08-21 15:53:43.741,26133.1957
2026-08-21 15:53:44.154,26232.623
2026-08-21 15:53:44.567,26464.022
2026-08-21 15:53:45.026,26699.7376
2026-08-21 15:53:45.453,26433.5839
2026-08-21 15:53:45.870,26199.1492
2026-08-21 15:53:46.283,26130.3615
2026-08-21 15:53:46.745,26276.5796
2026-08-21 15:53:47.176,26578.8509
2026-08-21 15:53:47.591,26650.0295
2026-08-21 15:53:48.003,26351.3035
2026-08-21 15:53:48.415,26156.617
2026-08-21 15:53:48.829,26103.0822
2026-08-21 15:53:49.268,26107.3378
2026-08-21 15:53:49.680,26107.4241
2026-08-21 15:53:50.093,26105.0527
2026-08-21 15:53:50.518,26107.3684
2026-08-21 15:53:50.935,26109.0303
2026-08-21 15:53:51.397,26110.0767
2026-08-21 15:53:51.810,26109.7148
2026-08-21 15:53:52.230,26108.9527
2026-08-21 15:53:52.643,26106.5551
2026-08-21 15:53:53.063,26104.0752
2026-08-21 15:53:53.476,26110.3078
2026-08-21 15:53:53.910,26121.4047
2026-08-21 15:53:54.329,26125.5372
2026-08-21 15:53:54.743,26128.0147
2026-08-21 15:53:55.181,26131.4705
2026-08-21 15:53:55.598,26124.2369
2026-08-21 15:53:56.017,26122.0142
2026-08-21 15:53:56.445,26123.5249
2026-08-21 15:53:56.858,26124.9952
2026-08-21 15:53:57.270,26121.0577
2026-08-21 15:53:57.684,26114.9738
2026-08-21 15:53:58.096,26110.1025
2026-08-21 15:53:58.511,26099.4105
2026-08-21 15:53:58.924,26091.9179
2026-08-21 15:53:59.336,26088.7916
2026-08-21 15:53:59.750,26087.5493
2026-08-21 15:54:00.168,26086.4525
2026-08-21 15:54:00.580,26085.7971
2026-08-21 15:54:00.994,26084.9029
2026-08-21 15:54:01.408,26084.5474
2026-08-21 15:54:01.825,26084.4086
2026-08-21 15:54:02.237,26084.3624
2026-08-21 15:54:02.650,26084.339
2026-08-21 15:54:03.063,26084.4245
2026-08-21 15:54:03.481,26084.5287
2026-08-21 15:54:03.900,26084.7891
2026-08-21 15:54:04.313,26084.7291
2026-08-21 15:54:04.725,26085.0343
2026-08-21 15:54:05.137,26085.1078
2026-08-21 15:54:05.550,26086.9112
2026-08-21 15:54:05.971,26088.0076
2026-08-21 15:54:06.384,26090.2308
2026-08-21 15:54:06.813,26098.581
2026-08-21 15:54:07.226,26108.5637
2026-08-21 15:54:07.640,26104.0811
2026-08-21 15:54:08.053,26103.8998
2026-08-21 15:54:08.466,26104.3226
2026-08-21 15:54:08.879,26105.3837
2026-08-21 15:54:09.291,26106.4347
2026-08-21 15:54:09.704,26107.2693
2026-08-21 15:54:10.116,26108.2229
2026-08-21 15:54:10.547,26108.5869
2026-08-21 15:54:10.959,26109.664
2026-08-21 15:54:11.373,26108.3089
2026-08-21 15:54:11.798,26097.0037
2026-08-21 15:54:12.211,26092.269
2026-08-21 15:54:12.624,26091.5826
2026-08-21 15:54:13.090,26093.8973
2026-08-21 15:54:13.503,26091.414
2026-08-21 15:54:13.923,26091.0951
2026-08-21 15:54:14.338,26091.5564
2026-08-21 15:54:14.763,26092.6682
2026-08-21 15:54:15.177,26094.1797
2026-08-21 15:54:15.606,26095.4054
2026-08-21 15:54:16.018,26095.259
2026-08-21 15:54:16.445,26096.3546
2026-08-21 15:54:16.869,26104.1893
2026-08-21 15:54:17.282,26109.5343
2026-08-21 15:54:17.759,26110.8127
2026-08-21 15:54:18.185,26109.146
2026-08-21 15:54:18.597,26107.258
2026-08-21 15:54:19.032,26102.9822
2026-08-21 15:54:19.453,26097.3593
2026-08-21 15:54:19.880,26095.5339
2026-08-21 15:54:20.294,26094.6167
2026-08-21 15:54:20.706,26093.2695
2026-08-21 15:54:21.132,26092.1444
2026-08-21 15:54:21.556,26094.0584
2026-08-21 15:54:21.976,26093.6369
2026-08-21 15:54:22.387,26092.7413
2026-08-21 15:54:22.813,26093.4061
2026-08-21 15:54:23.224,26094.0453
2026-08-21 15:54:23.693,26094.5881
2026-08-21 15:54:24.113,26095.5103
2026-08-21 15:54:24.538,26096.0051
2026-08-21 15:54:24.951,26095.3839
2026-08-21 15:54:25.384,26095.7225
2026-08-21 15:54:25.804,26095.9659
2026-08-21 15:54:26.222,26096.4712
2026-08-21 15:54:26.634,26097.4293
2026-08-21 15:54:27.046,26098.4035
2026-08-21 15:54:27.459,26103.8803
2026-08-21 15:54:27.886,26107.0975
2026-08-21 15:54:28.364,26108.3307
2026-08-21 15:54:28.791,26103.7068
2026-08-21 15:54:29.218,26100.3976
2026-08-21 15:54:29.630,26098.7589
2026-08-21 15:54:30.045,26099.1336
2026-08-21 15:54:30.477,26099.6583
2026-08-21 15:54:30.890,26101.5299
2026-08-21 15:54:31.313,26101.0187
2026-08-21 15:54:31.731,26103.4765
2026-08-21 15:54:32.155,26104.6962
2026-08-21 15:54:32.572,26102.4658
2026-08-21 15:54:32.985,26102.6245
2026-08-21 15:54:33.398,26104.522
2026-08-21 15:54:33.809,26105.8051
2026-08-21 15:54:34.238,26107.5053
2026-08-21 15:54:34.677,26109.8118
2026-08-21 15:54:35.089,26113.2351
2026-08-21 15:54:35.514,26117.2917
2026-08-21 15:54:35.927,26122.1984
2026-08-21 15:54:36.392,26123.7852
2026-08-21 15:54:36.823,26125.7726
2026-08-21 15:54:37.236,26129.1196
2026-08-21 15:54:37.648,26133.0748
2026-08-21 15:54:38.061,26137.8746
2026-08-21 15:54:38.476,26134.4162
2026-08-21 15:54:38.910,26134.0469
2026-08-21 15:54:39.337,26133.0056
2026-08-21 15:54:39.750,26131.2237
2026-08-21 15:54:40.169,26139.5098
2026-08-21 15:54:40.594,26148.6746
2026-08-21 15:54:41.022,26154.7928
2026-08-21 15:54:41.435,26146.0846
2026-08-21 15:54:41.848,26148.7349
2026-08-21 15:54:42.275,26149.5957
2026-08-21 15:54:42.688,26140.3512
2026-08-21 15:54:43.111,26135.8701
2026-08-21 15:54:43.619,26130.6036
2026-08-21 15:54:44.040,26132.2872
2026-08-21 15:54:44.457,26130.2137
2026-08-21 15:54:44.871,26130.557
2026-08-21 15:54:45.300,26123.6237
2026-08-21 15:54:45.728,26122.362
2026-08-21 15:54:46.142,26122.4779
2026-08-21 15:54:46.554,26123.3632
2026-08-21 15:54:46.966,26124.9664
2026-08-21 15:54:47.433,26124.753
2026-08-21 15:54:47.846,26118.9035
2026-08-21 15:54:48.260,26117.5451
2026-08-21 15:54:48.672,26117.1595
2026-08-21 15:54:49.101,26117.2745
2026-08-21 15:54:49.553,26116.702
2026-08-21 15:54:49.973,26116.0777
2026-08-21 15:54:50.386,26115.8158
2026-08-21 15:54:50.799,26115.7674
2026-08-21 15:54:51.211,26115.988
2026-08-21 15:54:51.709,26116.2811
2026-08-21 15:54:52.137,26116.9738
2026-08-21 15:54:52.548,26117.2366
2026-08-21 15:54:52.970,26118.0093
2026-08-21 15:54:53.391,26119.1378
2026-08-21 15:54:53.819,26120.0836
2026-08-21 15:54:54.230,26121.1131
2026-08-21 15:54:54.642,26122.0738
2026-08-21 15:54:55.057,26122.46
2026-08-21 15:54:55.469,26123.2291
2026-08-21 15:54:55.881,26123.9744
2026-08-21 15:54:56.294,26124.8989
2026-08-21 15:54:56.720,26125.8708
2026-08-21 15:54:57.136,26128.0519
2026-08-21 15:54:57.573,26128.788
2026-08-21 15:54:57.985,26127.134
2026-08-21 15:54:58.404,26125.6047
2026-08-21 15:54:58.816,26126.218
2026-08-21 15:54:59.227,26127.6639
2026-08-21 15:54:59.643,26129.2679
2026-08-21 15:55:00.070,26131.0288
2026-08-21 15:55:00.483,26132.1021
2026-08-21 15:55:00.914,26132.9135
2026-08-21 15:55:01.325,26134.7543
2026-08-21 15:55:01.752,26136.1169
2026-08-21 15:55:02.163,26137.3161
2026-08-21 15:55:02.591,26139.6693
2026-08-21 15:55:03.009,26142.2012
2026-08-21 15:55:03.422,26144.1359
2026-08-21 15:55:03.837,26161.6968
2026-08-21 15:55:04.251,26311.7463
2026-08-21 15:55:04.677,26579.694
2026-08-21 15:55:05.099,26907.8338
2026-08-21 15:55:05.512,27285.7888
2026-08-21 15:55:05.925,27684.4118
2026-08-21 15:55:06.351,27868.4749
2026-08-21 15:55:06.772,27467.9304
2026-08-21 15:55:07.188,27076.1192
2026-08-21 15:55:07.599,26724.2775
2026-08-21 15:55:08.029,26424.2637
2026-08-21 15:55:08.441,26232.7474
2026-08-21 15:55:08.878,26238.4372
2026-08-21 15:55:09.304,26433.2855
2026-08-21 15:55:09.717,26737.4765
2026-08-21 15:55:10.145,27087.2557
2026-08-21 15:55:10.557,27483.0667
2026-08-21 15:55:10.976,27864.7333
2026-08-21 15:55:11.394,27665.4871
2026-08-21 15:55:11.808,27263.1999
2026-08-21 15:55:12.232,26892.9755
2026-08-21 15:55:12.644,26555.5048
2026-08-21 15:55:13.062,26310.5873
2026-08-21 15:55:13.540,26198.5567
2026-08-21 15:55:13.953,26335.3613
2026-08-21 15:55:14.378,26591.574
2026-08-21 15:55:14.792,26762.1292
2026-08-21 15:55:15.205,26475.5813
2026-08-21 15:55:15.633,26254.929
2026-08-21 15:55:16.064,26205.0558
2026-08-21 15:55:16.489,26378.7264
2026-08-21 15:55:16.907,26668.2855
2026-08-21 15:55:17.318,26720.3426
2026-08-21 15:55:17.753,26422.8459
2026-08-21 15:55:18.179,26217.7325
2026-08-21 15:55:18.595,26165.9905
2026-08-21 15:55:19.013,26168.109
2026-08-21 15:55:19.439,26168.2023
2026-08-21 15:55:19.871,26168.6194
2026-08-21 15:55:20.299,26169.1532
2026-08-21 15:55:20.712,26169.8804
2026-08-21 15:55:21.126,26170.5462
2026-08-21 15:55:21.538,26171.1217
2026-08-21 15:55:22.003,26171.3029
2026-08-21 15:55:22.417,26171.4817
2026-08-21 15:55:22.832,26172.3915
2026-08-21 15:55:23.259,26174.087
2026-08-21 15:55:23.672,26273.6145
2026-08-21 15:55:24.107,26496.8892
2026-08-21 15:55:24.538,26836.8951
2026-08-21 15:55:24.952,27201.9708
2026-08-21 15:55:25.364,27593.6163
2026-08-21 15:55:25.777,27910.0433
2026-08-21 15:55:26.200,27602.2989
2026-08-21 15:55:26.619,27200.6134
2026-08-21 15:55:27.039,26834.2905
2026-08-21 15:55:27.464,26515.2926
2026-08-21 15:55:27.890,26288.9569
2026-08-21 15:55:28.309,26227.8439
2026-08-21 15:55:28.721,26387.2613
2026-08-21 15:55:29.164,26658.2047
2026-08-21 15:55:29.578,27024.0202
2026-08-21 15:55:29.993,27401.5895
2026-08-21 15:55:30.409,27807.2564
2026-08-21 15:55:30.873,27804.7307
2026-08-21 15:55:31.301,27344.9681
2026-08-21 15:55:31.713,26962.2008
2026-08-21 15:55:32.145,26616.5615
2026-08-21 15:55:32.560,26357.2174
2026-08-21 15:55:32.976,26226.6105
2026-08-21 15:55:33.389,26313.1094
2026-08-21 15:55:33.821,26548.9234
2026-08-21 15:55:34.234,26802.5589
2026-08-21 15:55:34.656,26575.1211
2026-08-21 15:55:35.070,26322.2059
2026-08-21 15:55:35.497,26216.4073
2026-08-21 15:55:35.922,26342.8141
2026-08-21 15:55:36.355,26603.3772
2026-08-21 15:55:36.769,26810.8982
2026-08-21 15:55:37.180,26533.6569
2026-08-21 15:55:37.606,26298.7391
2026-08-21 15:55:38.019,26194.1569
2026-08-21 15:55:38.494,26192.7562
2026-08-21 15:55:38.907,26193.1352
2026-08-21 15:55:39.325,26192.6511
2026-08-21 15:55:39.741,26192.4464
2026-08-21 15:55:40.154,26192.5353
2026-08-21 15:55:40.569,26192.796
2026-08-21 15:55:40.982,26193.0266
2026-08-21 15:55:41.395,26193.0695
2026-08-21 15:55:41.820,26193.0479
2026-08-21 15:55:42.236,26193.5198
2026-08-21 15:55:42.647,26193.6712
2026-08-21 15:55:43.075,26228.5302
2026-08-21 15:55:43.488,26407.7996
2026-08-21 15:55:43.900,26684.6818
2026-08-21 15:55:44.319,27023.3433
2026-08-21 15:55:44.783,27403.5702
2026-08-21 15:55:45.199,27854.9419
2026-08-21 15:55:45.654,27740.5833
2026-08-21 15:55:46.067,27331.4357
2026-08-21 15:55:46.481,26959.6166
2026-08-21 15:55:46.893,26625.3091
2026-08-21 15:55:47.359,26342.9404
2026-08-21 15:55:47.786,26232.7483
2026-08-21 15:55:48.210,26348.4438
2026-08-21 15:55:48.623,26600.8555
2026-08-21 15:55:49.035,26928.4835
2026-08-21 15:55:49.461,27308.2833
2026-08-21 15:55:49.874,27704.9248
2026-08-21 15:55:50.340,27875.4721
2026-08-21 15:55:50.769,27459.6601
2026-08-21 15:55:51.180,27078.9691
2026-08-21 15:55:51.605,26732.2743
2026-08-21 15:55:52.018,26440.1529
2026-08-21 15:55:52.446,26275.5334
2026-08-21 15:55:52.863,26308.8463
2026-08-21 15:55:53.275,26513.2916
2026-08-21 15:55:53.710,26821.578
2026-08-21 15:55:54.123,26708.0035
2026-08-21 15:55:54.564,26435.7211
2026-08-21 15:55:54.991,26276.8162
2026-08-21 15:55:55.404,26361.2691
2026-08-21 15:55:55.831,26578.8205
2026-08-21 15:55:56.248,26826.1518
2026-08-21 15:55:56.681,26591.6516
2026-08-21 15:55:57.096,26324.1446
2026-08-21 15:55:57.521,26201.671
2026-08-21 15:55:57.940,26195.7488
2026-08-21 15:55:58.353,26197.1866
2026-08-21 15:55:58.812,26199.9448
2026-08-21 15:55:59.225,26197.1934
2026-08-21 15:55:59.653,26197.9529
2026-08-21 15:56:00.071,26196.6234
2026-08-21 15:56:00.484,26194.5394
2026-08-21 15:56:00.898,26193.6604
2026-08-21 15:56:01.333,26192.9096
2026-08-21 15:56:01.763,26192.3606
2026-08-21 15:56:02.183,26191.8778
2026-08-21 15:56:02.596,26222.8217
2026-08-21 15:56:03.019,26388.1228
2026-08-21 15:56:03.447,26667.4021
2026-08-21 15:56:03.914,27063.7581
2026-08-21 15:56:04.333,27443.5236
2026-08-21 15:56:04.746,27851.1201
2026-08-21 15:56:05.158,27759.3968
2026-08-21 15:56:05.572,27359.1138
2026-08-21 15:56:06.017,26983.633
2026-08-21 15:56:06.429,26622.1916
2026-08-21 15:56:06.849,26363.835
2026-08-21 15:56:07.261,26228.6686
2026-08-21 15:56:07.674,26312.9024
2026-08-21 15:56:08.087,26537.9973
2026-08-21 15:56:08.506,26854.0531
2026-08-21 15:56:08.924,27220.7906
2026-08-21 15:56:09.344,27616.8544
2026-08-21 15:56:09.766,27920.3783
2026-08-21 15:56:10.178,27585.6385
2026-08-21 15:56:10.590,27198.9178
2026-08-21 15:56:11.003,26836.6017
2026-08-21 15:56:11.416,26522.1247
2026-08-21 15:56:11.859,26303.9843
2026-08-21 15:56:12.272,26244.3087
2026-08-21 15:56:12.684,26398.0225
2026-08-21 15:56:13.097,26666.7472
2026-08-21 15:56:13.509,26772.1352
2026-08-21 15:56:13.921,26476.3306
2026-08-21 15:56:14.334,26271.9485
2026-08-21 15:56:14.760,26243.8154
2026-08-21 15:56:15.247,26467.807
2026-08-21 15:56:15.660,26761.8962
2026-08-21 15:56:16.087,26679.9019
2026-08-21 15:56:16.500,26390.8551
2026-08-21 15:56:16.942,26227.1122
2026-08-21 15:56:17.355,26199.284
2026-08-21 15:56:17.769,26200.9152
2026-08-21 15:56:18.182,26199.9298
2026-08-21 15:56:18.594,26199.6553
2026-08-21 15:56:19.006,26199.5618
2026-08-21 15:56:19.432,26199.2637
2026-08-21 15:56:19.848,26198.9906
2026-08-21 15:56:20.265,26198.8008
2026-08-21 15:56:20.680,26198.4898
2026-08-21 15:56:21.107,26197.7989
2026-08-21 15:56:21.519,26197.4441
2026-08-21 15:56:21.933,26199.508
2026-08-21 15:56:22.345,26294.8344
2026-08-21 15:56:22.763,26514.2538
2026-08-21 15:56:23.179,26825.3997
2026-08-21 15:56:23.590,27183.092
2026-08-21 15:56:24.004,27568.3067
2026-08-21 15:56:24.450,27916.8483
2026-08-21 15:56:24.883,27599.1201
2026-08-21 15:56:25.295,27201.0797
2026-08-21 15:56:25.706,26841.5698
2026-08-21 15:56:26.124,26528.2462
2026-08-21 15:56:26.538,26305.2946
2026-08-21 15:56:26.965,26237.7055
2026-08-21 15:56:27.380,26387.8357
2026-08-21 15:56:27.792,26654.749
2026-08-21 15:56:28.217,27002.0686
2026-08-21 15:56:28.642,27374.548
2026-08-21 15:56:29.058,27785.4771
2026-08-21 15:56:29.474,27839.6792
2026-08-21 15:56:29.887,27430.7196
2026-08-21 15:56:30.304,27051.5041
2026-08-21 15:56:30.716,26703.2711
2026-08-21 15:56:31.132,26422.2483
2026-08-21 15:56:31.545,26253.2373
2026-08-21 15:56:31.969,26282.6461
2026-08-21 15:56:32.434,26517.1696
2026-08-21 15:56:32.848,26795.0227
2026-08-21 15:56:33.269,26623.5129
2026-08-21 15:56:33.691,26358.2754
2026-08-21 15:56:34.104,26226.5701
2026-08-21 15:56:34.533,26327.5843
2026-08-21 15:56:34.947,26564.365
2026-08-21 15:56:35.364,26806.6255
2026-08-21 15:56:35.791,26566.6024
2026-08-21 15:56:36.203,26317.1232
2026-08-21 15:56:36.626,26207.0456
2026-08-21 15:56:37.039,26203.3411
2026-08-21 15:56:37.477,26204.8094
2026-08-21 15:56:37.891,26204.0858
2026-08-21 15:56:38.304,26203.9226
2026-08-21 15:56:38.718,26203.9705
2026-08-21 15:56:39.130,26203.9173
2026-08-21 15:56:39.543,26203.4967
2026-08-21 15:56:39.968,26203.3769
2026-08-21 15:56:40.380,26203.0582
2026-08-21 15:56:40.810,26202.9333
2026-08-21 15:56:41.222,26202.7935
2026-08-21 15:56:41.634,26224.2221
2026-08-21 15:56:42.048,26374.0197
2026-08-21 15:56:42.477,26643.3622
2026-08-21 15:56:42.890,26974.2085
2026-08-21 15:56:43.302,27342.5614
2026-08-21 15:56:43.739,27752.3145
2026-08-21 15:56:44.181,27862.7697
2026-08-21 15:56:44.598,27433.0925
2026-08-21 15:56:45.011,27049.6422
2026-08-21 15:56:45.447,26693.226
2026-08-21 15:56:45.860,26411.1201
2026-08-21 15:56:46.289,26245.5393
2026-08-21 15:56:46.702,26294.611
2026-08-21 15:56:47.115,26499.1699
2026-08-21 15:56:47.537,26801.8841
2026-08-21 15:56:47.950,27163.3067
2026-08-21 15:56:48.394,27546.1503
2026-08-21 15:56:48.805,27910.6055
2026-08-21 15:56:49.227,27629.8503
2026-08-21 15:56:49.640,27229.5741
2026-08-21 15:56:50.059,26867.3558
2026-08-21 15:56:50.471,26545.2039
2026-08-21 15:56:50.890,26317.9077
2026-08-21 15:56:51.312,26238.6897
2026-08-21 15:56:51.725,26371.7054
2026-08-21 15:56:52.139,26625.4647
2026-08-21 15:56:52.566,26792.2576
2026-08-21 15:56:52.978,26506.5976
2026-08-21 15:56:53.396,26290.551
2026-08-21 15:56:53.822,26237.1923
2026-08-21 15:56:54.247,26401.3236
2026-08-21 15:56:54.661,26682.6748
2026-08-21 15:56:55.079,26759.9196
2026-08-21 15:56:55.497,26459.544
2026-08-21 15:56:55.909,26260.3345
2026-08-21 15:56:56.321,26202.3383
2026-08-21 15:56:56.830,26205.5055
2026-08-21 15:56:57.244,26205.8612
2026-08-21 15:56:57.661,26205.6992
2026-08-21 15:56:58.080,26204.7795
2026-08-21 15:56:58.522,26203.7425
2026-08-21 15:56:58.936,26203.0918
2026-08-21 15:56:59.348,26202.5467
2026-08-21 15:56:59.761,26202.1088
2026-08-21 15:57:00.175,26201.749
2026-08-21 15:57:00.592,26201.6425
2026-08-21 15:57:01.005,26202.5625
2026-08-21 15:57:01.432,26295.0706
2026-08-21 15:57:01.856,26509.9671
2026-08-21 15:57:02.269,26823.3349
2026-08-21 15:57:02.681,27176.7323
2026-08-21 15:57:03.108,27560.0558
2026-08-21 15:57:03.520,27908.2377
2026-08-21 15:57:03.939,27630.7283
2026-08-21 15:57:04.352,27233.6395
2026-08-21 15:57:04.786,26854.6686
2026-08-21 15:57:05.199,26538.3483
2026-08-21 15:57:05.637,26307.8496
2026-08-21 15:57:06.048,26236.7321
2026-08-21 15:57:06.460,26377.2129
2026-08-21 15:57:06.874,26634.9542
2026-08-21 15:57:07.298,26966.485
2026-08-21 15:57:07.726,27345.169
2026-08-21 15:57:08.139,27755.2805
2026-08-21 15:57:08.552,27835.8598
2026-08-21 15:57:09.013,27434.556
2026-08-21 15:57:09.430,27008.9594
2026-08-21 15:57:09.844,26670.5035
2026-08-21 15:57:10.269,26398.1605
2026-08-21 15:57:10.683,26241.0054
2026-08-21 15:57:11.112,26298.2504
2026-08-21 15:57:11.543,26506.2336
2026-08-21 15:57:11.956,26789.9382
2026-08-21 15:57:12.369,26609.1677
2026-08-21 15:57:12.781,26352.5131
2026-08-21 15:57:13.193,26222.8026
2026-08-21 15:57:13.667,26339.138
2026-08-21 15:57:14.080,26582.4766
2026-08-21 15:57:14.499,26795.8761
2026-08-21 15:57:14.913,26533.5323
2026-08-21 15:57:15.326,26300.7198
2026-08-21 15:57:15.739,26200.1335
2026-08-21 15:57:16.166,26199.0737
2026-08-21 15:57:16.602,26200.3067
2026-08-21 15:57:17.014,26199.2631
2026-08-21 15:57:17.432,26198.7138
2026-08-21 15:57:17.846,26197.4401
2026-08-21 15:57:18.311,26196.6055
2026-08-21 15:57:18.728,26195.7771
2026-08-21 15:57:19.142,26195.2172
2026-08-21 15:57:19.554,26194.6779
2026-08-21 15:57:19.967,26194.335
2026-08-21 15:57:20.382,26193.7727
2026-08-21 15:57:20.857,26240.3098
2026-08-21 15:57:21.269,26426.4781
2026-08-21 15:57:21.682,26706.935
2026-08-21 15:57:22.109,27047.183
2026-08-21 15:57:22.521,27433.7268
2026-08-21 15:57:22.944,27831.2374
2026-08-21 15:57:23.357,27732.6746
2026-08-21 15:57:23.769,27335.6872
2026-08-21 15:57:24.190,26966.1863
2026-08-21 15:57:24.605,26626.507
2026-08-21 15:57:25.018,26366.478
2026-08-21 15:57:25.430,26229.2586
2026-08-21 15:57:25.846,26303.2902
2026-08-21 15:57:26.259,26523.0617
2026-08-21 15:57:26.678,26832.8067
2026-08-21 15:57:27.104,27193.7017
2026-08-21 15:57:27.524,27590.9896
2026-08-21 15:57:27.938,27889.7614
2026-08-21 15:57:28.352,27564.946
2026-08-21 15:57:28.770,27177.6405
2026-08-21 15:57:29.185,26815.9236
2026-08-21 15:57:29.608,26505.3992
2026-08-21 15:57:30.030,26289.5146
2026-08-21 15:57:30.444,26236.3131
2026-08-21 15:57:30.857,26385.9268
2026-08-21 15:57:31.284,26660.8662
2026-08-21 15:57:31.722,26755.2909
2026-08-21 15:57:32.135,26446.0315
2026-08-21 15:57:32.553,26253.4146
2026-08-21 15:57:32.965,26243.7738
2026-08-21 15:57:33.385,26422.2168
2026-08-21 15:57:33.843,26745.0175
2026-08-21 15:57:34.261,26673.2345
2026-08-21 15:57:34.673,26391.2396
2026-08-21 15:57:35.093,26224.6341
2026-08-21 15:57:35.506,26193.719
2026-08-21 15:57:35.917,26195.9899
2026-08-21 15:57:36.373,26196.3787
2026-08-21 15:57:36.786,26196.3556
2026-08-21 15:57:37.199,26196.1629
2026-08-21 15:57:37.665,26196.1004
2026-08-21 15:57:38.095,26196.0973
2026-08-21 15:57:38.509,26195.8464
2026-08-21 15:57:38.930,26195.7461
2026-08-21 15:57:39.345,26195.7737
2026-08-21 15:57:39.758,26195.5091
2026-08-21 15:57:40.195,26201.3233
2026-08-21 15:57:40.623,26329.0895
2026-08-21 15:57:41.036,26568.1389
2026-08-21 15:57:41.459,26884.3059
2026-08-21 15:57:41.873,27250.3381
2026-08-21 15:57:42.286,27638.7311
2026-08-21 15:57:42.710,27882.888
2026-08-21 15:57:43.126,27512.9971
2026-08-21 15:57:43.539,27130.7581
2026-08-21 15:57:43.959,26778.7186
2026-08-21 15:57:44.373,26474.2143
2026-08-21 15:57:44.801,26275.4595
2026-08-21 15:57:45.258,26257.9719
2026-08-21 15:57:45.670,26437.2995
2026-08-21 15:57:46.082,26720.2955
2026-08-21 15:57:46.494,27062.6026
2026-08-21 15:57:46.922,27436.9463
2026-08-21 15:57:47.385,27871.6626
2026-08-21 15:57:47.813,27671.7296
2026-08-21 15:57:48.225,27266.5482
2026-08-21 15:57:48.648,26904.3774
2026-08-21 15:57:49.061,26573.7666
2026-08-21 15:57:49.499,26331.0146
2026-08-21 15:57:49.912,26237.0117
2026-08-21 15:57:50.324,26355.8209
2026-08-21 15:57:50.739,26593.5664
2026-08-21 15:57:51.166,26793.4928
2026-08-21 15:57:51.631,26486.5187
2026-08-21 15:57:52.058,26277.951
2026-08-21 15:57:52.474,26240.1667
2026-08-21 15:57:52.887,26407.8764
2026-08-21 15:57:53.306,26682.7546
2026-08-21 15:57:53.736,26737.4818
2026-08-21 15:57:54.150,26433.7827
2026-08-21 15:57:54.566,26247.7038
2026-08-21 15:57:54.979,26199.941
2026-08-21 15:57:55.391,26202.6611
2026-08-21 15:57:55.805,26203.6804
2026-08-21 15:57:56.222,26201.8896
2026-08-21 15:57:56.635,26204.6495
2026-08-21 15:57:57.046,26202.3819
2026-08-21 15:57:57.464,26201.3568
2026-08-21 15:57:57.875,26201.7279
2026-08-21 15:57:58.304,26201.622
2026-08-21 15:57:58.717,26201.6921
2026-08-21 15:57:59.143,26203.7529
2026-08-21 15:57:59.560,26205.4343
2026-08-21 15:57:59.976,26265.6095
2026-08-21 15:58:00.400,26456.2011
2026-08-21 15:58:00.811,26750.4788
2026-08-21 15:58:01.232,27092.1505
2026-08-21 15:58:01.645,27474.4387
2026-08-21 15:58:02.073,27867.5311
2026-08-21 15:58:02.533,27641.1966
2026-08-21 15:58:02.959,27251.9763
2026-08-21 15:58:03.376,26879.091
2026-08-21 15:58:03.788,26558.8888
2026-08-21 15:58:04.215,26327.7482
2026-08-21 15:58:04.675,26239.8537
2026-08-21 15:58:05.109,26389.4301
2026-08-21 15:58:05.522,26656.3
2026-08-21 15:58:05.936,26989.0328
2026-08-21 15:58:06.352,27357.8445
2026-08-21 15:58:06.779,27755.1923
2026-08-21 15:58:07.197,27814.9359
2026-08-21 15:58:07.613,27409.058
2026-08-21 15:58:08.025,27033.3455
2026-08-21 15:58:08.435,26694.8958
2026-08-21 15:58:08.847,26419.5962
2026-08-21 15:58:09.262,26255.7584
2026-08-21 15:58:09.687,26284.9037
2026-08-21 15:58:10.107,26483.346
2026-08-21 15:58:10.532,26771.7343
2026-08-21 15:58:10.946,26645.2194
2026-08-21 15:58:11.360,26380.2359
2026-08-21 15:58:11.773,26236.0721
2026-08-21 15:58:12.200,26315.1418
2026-08-21 15:58:12.630,26547.4121
2026-08-21 15:58:13.043,26812.6498
2026-08-21 15:58:13.456,26614.3145
2026-08-21 15:58:13.870,26366.4939
2026-08-21 15:58:14.289,26244.5796
2026-08-21 15:58:14.704,26250.3557
2026-08-21 15:58:15.116,26256.9775
2026-08-21 15:58:15.615,26256.0726
2026-08-21 15:58:16.026,26234.4995
2026-08-21 15:58:16.438,26226.9236
2026-08-21 15:58:16.863,26234.9769
2026-08-21 15:58:17.276,26237.6082
2026-08-21 15:58:17.715,26240.7374
2026-08-21 15:58:18.127,26224.1865
2026-08-21 15:58:18.542,26247.241
2026-08-21 15:58:18.954,26235.6588
2026-08-21 15:58:19.371,26239.5329
2026-08-21 15:58:19.784,26381.6132
2026-08-21 15:58:20.202,26636.2153
2026-08-21 15:58:20.615,26960.6583
2026-08-21 15:58:21.034,27323.8945
2026-08-21 15:58:21.457,27720.1554
2026-08-21 15:58:21.882,27859.9393
2026-08-21 15:58:22.295,27455.4429
2026-08-21 15:58:22.714,27080.1063
2026-08-21 15:58:23.139,26730.8961
2026-08-21 15:58:23.556,26436.9657
2026-08-21 15:58:23.983,26261.8311
2026-08-21 15:58:24.402,26289.2332
2026-08-21 15:58:24.819,26484.4817
2026-08-21 15:58:25.231,26781.0662
2026-08-21 15:58:25.697,27174.637
2026-08-21 15:58:26.134,27568.3398
2026-08-21 15:58:26.559,27901.7558
2026-08-21 15:58:26.972,27602.3657
2026-08-21 15:58:27.397,27216.5506
2026-08-21 15:58:27.822,26849.7188
2026-08-21 15:58:28.236,26531.1766
2026-08-21 15:58:28.649,26317.573
2026-08-21 15:58:29.075,26255.7134
2026-08-21 15:58:29.498,26397.8076
2026-08-21 15:58:29.926,26663.9109
2026-08-21 15:58:30.339,26775.125
2026-08-21 15:58:30.751,26484.4701
2026-08-21 15:58:31.165,26286.7438
2026-08-21 15:58:31.578,26260.8574
2026-08-21 15:58:32.005,26429.5837
2026-08-21 15:58:32.421,26715.8405
2026-08-21 15:58:32.852,26746.4299
2026-08-21 15:58:33.276,26445.1616
2026-08-21 15:58:33.689,26261.605
2026-08-21 15:58:34.129,26221.8418
2026-08-21 15:58:34.541,26224.6972
2026-08-21 15:58:34.972,26224.7321
2026-08-21 15:58:35.399,26223.5915
2026-08-21 15:58:35.812,26223.6557
2026-08-21 15:58:36.224,26223.2317
2026-08-21 15:58:36.647,26222.6194
2026-08-21 15:58:37.072,26222.1758
2026-08-21 15:58:37.485,26221.8159
2026-08-21 15:58:37.906,26221.6326
2026-08-21 15:58:38.320,26221.6526
2026-08-21 15:58:38.749,26222.7986
2026-08-21 15:58:39.162,26315.5175
2026-08-21 15:58:39.575,26529.6518
2026-08-21 15:58:40.012,26830.4389
2026-08-21 15:58:40.440,27200.9501
2026-08-21 15:58:40.860,27596.1936
2026-08-21 15:58:41.272,27913.7872
2026-08-21 15:58:41.685,27611.6807
2026-08-21 15:58:42.151,27179.6533
2026-08-21 15:58:42.578,26816.1722
2026-08-21 15:58:43.002,26516.6739
2026-08-21 15:58:43.430,26309.5978
2026-08-21 15:58:43.922,26297.6109
2026-08-21 15:58:44.333,26484.1839
2026-08-21 15:58:44.746,26772.0076
2026-08-21 15:58:45.159,27119.206
2026-08-21 15:58:45.581,27496.9027
2026-08-21 15:58:45.995,27891.2234
2026-08-21 15:58:46.412,27729.3916
2026-08-21 15:58:46.826,27340.0988
2026-08-21 15:58:47.239,26975.4206
2026-08-21 15:58:47.650,26649.5025
2026-08-21 15:58:48.082,26396.6261
2026-08-21 15:58:48.521,26280.3521
2026-08-21 15:58:48.948,26384.4928
2026-08-21 15:58:49.365,26627.1518
2026-08-21 15:58:49.777,26843.581
2026-08-21 15:58:50.192,26591.5607
2026-08-21 15:58:50.658,26342.0926
2026-08-21 15:58:51.071,26286.3164
2026-08-21 15:58:51.485,26439.8484
2026-08-21 15:58:51.898,26702.2671
2026-08-21 15:58:52.369,26824.0383
2026-08-21 15:58:52.786,26497.672
2026-08-21 15:58:53.198,26311.7408
2026-08-21 15:58:53.615,26257.681
2026-08-21 15:58:54.028,26262.3478
2026-08-21 15:58:54.441,26266.1983
2026-08-21 15:58:54.900,26265.1046
2026-08-21 15:58:55.323,26263.0101
2026-08-21 15:58:55.749,26268.3596
2026-08-21 15:58:56.167,26264.4242
2026-08-21 15:58:56.581,26262.4317
2026-08-21 15:58:57.001,26263.9842
2026-08-21 15:58:57.414,26268.8877
2026-08-21 15:58:57.826,26263.1778
2026-08-21 15:58:58.252,26263.8702
2026-08-21 15:58:58.685,26349.4766
2026-08-21 15:58:59.109,26557.9473
2026-08-21 15:58:59.522,26854.6649
2026-08-21 15:58:59.934,27197.8965
2026-08-21 15:59:00.347,27574.2371
2026-08-21 15:59:00.775,27935.5556
2026-08-21 15:59:01.194,27686.8117
2026-08-21 15:59:01.607,27295.163
2026-08-21 15:59:02.020,26934.8206
2026-08-21 15:59:02.433,26618.0537
2026-08-21 15:59:02.845,26387.7035
2026-08-21 15:59:03.258,26293.8877
2026-08-21 15:59:03.677,26412.8553
2026-08-21 15:59:04.090,26653.0816
2026-08-21 15:59:04.545,27004.7158
2026-08-21 15:59:04.956,27370.1663
2026-08-21 15:59:05.417,27803.0329
2026-08-21 15:59:05.829,27880.0708
2026-08-21 15:59:06.257,27484.7995
2026-08-21 15:59:06.671,27100.519
2026-08-21 15:59:07.087,26760.3096
2026-08-21 15:59:07.502,26481.9202
2026-08-21 15:59:07.915,26317.4757
2026-08-21 15:59:08.328,26345.2973
2026-08-21 15:59:08.740,26533.5036
2026-08-21 15:59:09.176,26827.6307
2026-08-21 15:59:09.601,26722.0269
2026-08-21 15:59:10.029,26437.1151
2026-08-21 15:59:10.442,26295.7558
2026-08-21 15:59:10.854,26369.7084
2026-08-21 15:59:11.269,26585.9522
2026-08-21 15:59:11.711,26852.7249
2026-08-21 15:59:12.138,26646.6077
2026-08-21 15:59:12.557,26398.5057
2026-08-21 15:59:12.972,26276.3201
2026-08-21 15:59:13.399,26270.6732
2026-08-21 15:59:13.861,26272.2654
2026-08-21 15:59:14.274,26271.7763
2026-08-21 15:59:14.700,26274.7948
2026-08-21 15:59:15.117,26273.8346
2026-08-21 15:59:15.529,26268.4605
2026-08-21 15:59:15.953,26266.5599
2026-08-21 15:59:16.365,26269.2126
2026-08-21 15:59:16.778,26265.578
2026-08-21 15:59:17.190,26263.7128
2026-08-21 15:59:17.617,26266.2725
2026-08-21 15:59:18.076,26297.9859
2026-08-21 15:59:18.489,26458.396
2026-08-21 15:59:18.912,26722.2121
2026-08-21 15:59:19.329,27058.5637
2026-08-21 15:59:19.755,27427.943
2026-08-21 15:59:20.217,27863.4322
2026-08-21 15:59:20.630,27771.3167
2026-08-21 15:59:21.043,27379.5257
2026-08-21 15:59:21.454,27014.1294
2026-08-21 15:59:21.915,26685.3786
2026-08-21 15:59:22.347,26401.1419
2026-08-21 15:59:22.759,26279.1131
2026-08-21 15:59:23.172,26372.3261
2026-08-21 15:59:23.599,26607.2378
2026-08-21 15:59:24.011,26918.6881
2026-08-21 15:59:24.438,27272.3905
2026-08-21 15:59:24.850,27667.5026
2026-08-21 15:59:25.268,27904.7179
2026-08-21 15:59:25.683,27547.346
2026-08-21 15:59:26.095,27167.5902
2026-08-21 15:59:26.507,26820.4227
2026-08-21 15:59:26.923,26523.8653
2026-08-21 15:59:27.335,26325.1994
2026-08-21 15:59:27.749,26287.0681
2026-08-21 15:59:28.162,26440.318
2026-08-21 15:59:28.576,26704.548
2026-08-21 15:59:28.988,26788.204
2026-08-21 15:59:29.402,26501.8123
2026-08-21 15:59:29.820,26310.3954
2026-08-21 15:59:30.240,26293.8243
2026-08-21 15:59:30.734,26515.2868
2026-08-21 15:59:31.146,26799.1899
2026-08-21 15:59:31.559,26690.9876
2026-08-21 15:59:31.979,26424.0116
2026-08-21 15:59:32.445,26259.6205
2026-08-21 15:59:32.857,26247.8839
2026-08-21 15:59:33.285,26251.9724
2026-08-21 15:59:33.700,26253.4726
2026-08-21 15:59:34.112,26260.8289
2026-08-21 15:59:34.556,26257.1429
2026-08-21 15:59:34.980,26253.0537
2026-08-21 15:59:35.396,26253.4212
2026-08-21 15:59:35.818,26253.5182
2026-08-21 15:59:36.231,26257.22
2026-08-21 15:59:36.672,26256.4008
2026-08-21 15:59:37.085,26254.1332
2026-08-21 15:59:37.510,26267.5262
2026-08-21 15:59:37.922,26403.4796
2026-08-21 15:59:38.334,26642.7795
2026-08-21 15:59:38.793,26997.2562
2026-08-21 15:59:39.211,27359.2781
2026-08-21 15:59:39.624,27749.0094
2026-08-21 15:59:40.051,27885.9222
2026-08-21 15:59:40.465,27478.7138
2026-08-21 15:59:40.877,27103.2806
2026-08-21 15:59:41.299,26761.7146
2026-08-21 15:59:41.731,26476.7988
2026-08-21 15:59:42.145,26296.1866
2026-08-21 15:59:42.558,26318.302
2026-08-21 15:59:42.971,26496.8405
2026-08-21 15:59:43.383,26779.3159
2026-08-21 15:59:43.809,27117.7511
2026-08-21 15:59:44.236,27501.2425
2026-08-21 15:59:44.697,27905.5241
2026-08-21 15:59:45.109,27659.2188
2026-08-21 15:59:45.522,27275.6841
2026-08-21 15:59:45.942,26920.6248
2026-08-21 15:59:46.355,26597.5945
2026-08-21 15:59:46.798,26360.6714
2026-08-21 15:59:47.215,26273.1808
2026-08-21 15:59:47.627,26393.0478
2026-08-21 15:59:48.040,26632.7186
2026-08-21 15:59:48.453,26819.3232
2026-08-21 15:59:48.917,26523.1624
2026-08-21 15:59:49.330,26322.5997
2026-08-21 15:59:49.744,26275.7553
2026-08-21 15:59:50.156,26428.5697
2026-08-21 15:59:50.568,26691.507
2026-08-21 15:59:50.981,26792.0392
2026-08-21 15:59:51.452,26499.3693
2026-08-21 15:59:51.882,26281.3001
2026-08-21 15:59:52.311,26237.506
2026-08-21 15:59:52.730,26239.4535
2026-08-21 15:59:53.147,26240.0252
2026-08-21 15:59:53.562,26240.2453
2026-08-21 15:59:53.990,26240.0824
2026-08-21 15:59:54.404,26240.227
2026-08-21 15:59:54.831,26240.5428
2026-08-21 15:59:55.245,26240.5989
2026-08-21 15:59:55.659,26240.1089
2026-08-21 15:59:56.091,26240.8321
2026-08-21 15:59:56.517,26246.3466
2026-08-21 15:59:56.931,26246.1991
2026-08-21 15:59:57.342,26330.8335
2026-08-21 15:59:57.754,26531.2278
2026-08-21 15:59:58.180,26827.1853
2026-08-21 15:59:58.671,27252.0596
2026-08-21 15:59:59.083,27630.6107
2026-08-21 15:59:59.549,27914.0622
2026-08-21 15:59:59.975,27560.5624
2026-08-21 16:00:00.387,27176.0559
2026-08-21 16:00:00.800,26832.0714
2026-08-21 16:00:01.264,26527.7977
2026-08-21 16:00:01.683,26296.7713
2026-08-21 16:00:02.096,26292.9139
2026-08-21 16:00:02.522,26466.5524
2026-08-21 16:00:02.944,26752.0108
2026-08-21 16:00:03.360,27095.27
2026-08-21 16:00:03.773,27466.5195
2026-08-21 16:00:04.185,27843.3918
2026-08-21 16:00:04.612,27693.6835
2026-08-21 16:00:05.026,27295.2499
2026-08-21 16:00:05.440,26936.0479
2026-08-21 16:00:05.851,26614.5395
2026-08-21 16:00:06.277,26374.6948
2026-08-21 16:00:06.739,26260.5055
2026-08-21 16:00:07.167,26364.7334
2026-08-21 16:00:07.578,26607.4147
2026-08-21 16:00:07.991,26799.3393
2026-08-21 16:00:08.403,26539.6448
2026-08-21 16:00:08.869,26299.9394
2026-08-21 16:00:09.286,26257.3506
2026-08-21 16:00:09.698,26410.5162
2026-08-21 16:00:10.125,26681.4948
2026-08-21 16:00:10.538,26756.2243
2026-08-21 16:00:10.993,26469.5741
2026-08-21 16:00:11.409,26264.7403
2026-08-21 16:00:11.822,26221.3742
2026-08-21 16:00:12.235,26221.1106
2026-08-21 16:00:12.646,26222.1086
2026-08-21 16:00:13.092,26222.6108
2026-08-21 16:00:13.513,26225.4218
2026-08-21 16:00:13.925,26225.2431
2026-08-21 16:00:14.353,26225.1814
2026-08-21 16:00:14.771,26222.1958
2026-08-21 16:00:15.184,26221.3328
2026-08-21 16:00:15.615,26222.8846
2026-08-21 16:00:16.051,26220.0928
2026-08-21 16:00:16.477,26220.6994
2026-08-21 16:00:16.889,26309.7119
2026-08-21 16:00:17.303,26512.9894
2026-08-21 16:00:17.722,26805.721
2026-08-21 16:00:18.181,27194.7915
2026-08-21 16:00:18.595,27568.206
2026-08-21 16:00:19.020,27875.6516
2026-08-21 16:00:19.432,27570.0889
2026-08-21 16:00:19.844,27191.846
2026-08-21 16:00:20.287,26845.1994
2026-08-21 16:00:20.714,26520.8783
2026-08-21 16:00:21.128,26316.4927
2026-08-21 16:00:21.541,26282.9427
2026-08-21 16:00:21.968,26430.9421
2026-08-21 16:00:22.398,26687.5113
2026-08-21 16:00:22.812,27027.5212
2026-08-21 16:00:23.225,27389.4562
2026-08-21 16:00:23.639,27775.2728
2026-08-21 16:00:24.051,27786.7156
2026-08-21 16:00:24.471,27400.2684
2026-08-21 16:00:24.888,27027.6981
2026-08-21 16:00:25.361,26661.1586
2026-08-21 16:00:25.774,26408.2687
2026-08-21 16:00:26.188,26273.7644
2026-08-21 16:00:26.612,26336.4488
2026-08-21 16:00:27.026,26551.5086
2026-08-21 16:00:27.441,26806.3631
2026-08-21 16:00:27.853,26608.425
2026-08-21 16:00:28.287,26366.1035
2026-08-21 16:00:28.714,26250.083
2026-08-21 16:00:29.126,26364.443
2026-08-21 16:00:29.552,26598.7289
2026-08-21 16:00:29.966,26813.2821
2026-08-21 16:00:30.395,26552.6625
2026-08-21 16:00:30.813,26320.2316
2026-08-21 16:00:31.225,26225.6842
2026-08-21 16:00:31.640,26227.0283
2026-08-21 16:00:32.054,26228.4687
2026-08-21 16:00:32.523,26227.7476
2026-08-21 16:00:32.973,26228.8877
2026-08-21 16:00:33.388,26223.5898
2026-08-21 16:00:33.800,26221.3993
2026-08-21 16:00:34.213,26220.9154
2026-08-21 16:00:34.634,26219.494
2026-08-21 16:00:35.046,26220.3916
2026-08-21 16:00:35.489,26218.0888
2026-08-21 16:00:35.912,26218.5372
2026-08-21 16:00:36.325,26266.5852
2026-08-21 16:00:36.743,26444.8145
2026-08-21 16:00:37.156,26722.4995
2026-08-21 16:00:37.598,27063.7981
2026-08-21 16:00:38.011,27444.7289
2026-08-21 16:00:38.438,27826.6034
2026-08-21 16:00:38.851,27684.7001
2026-08-21 16:00:39.263,27300.7339
2026-08-21 16:00:39.675,26942.806
2026-08-21 16:00:40.133,26600.6717
2026-08-21 16:00:40.545,26357.6578
2026-08-21 16:00:40.973,26247.4777
2026-08-21 16:00:41.390,26351.1866
2026-08-21 16:00:41.803,26584.3982
2026-08-21 16:00:42.220,26894.434
2026-08-21 16:00:42.643,27248.1813
2026-08-21 16:00:43.055,27634.767
2026-08-21 16:00:43.477,27851.2897
2026-08-21 16:00:43.890,27486.3878
2026-08-21 16:00:44.305,27115.3315
2026-08-21 16:00:44.717,26771.7125
2026-08-21 16:00:45.131,26481.6155
2026-08-21 16:00:45.547,26292.9094
2026-08-21 16:00:45.959,26266.8508
2026-08-21 16:00:46.375,26425.0161
2026-08-21 16:00:46.803,26700.961
2026-08-21 16:00:47.216,26727.1474
2026-08-21 16:00:47.649,26435.6228
2026-08-21 16:00:48.061,26260.2243
2026-08-21 16:00:48.484,26278.7034
2026-08-21 16:00:48.897,26468.4661
2026-08-21 16:00:49.310,26750.6998
2026-08-21 16:00:49.723,26674.8683
2026-08-21 16:00:50.137,26404.5293
2026-08-21 16:00:50.563,26244.3152
2026-08-21 16:00:50.975,26216.5403
2026-08-21 16:00:51.417,26220.2009
2026-08-21 16:00:51.836,26218.5957
2026-08-21 16:00:52.251,26218.266
2026-08-21 16:00:52.676,26218.9839
2026-08-21 16:00:53.088,26218.0792
2026-08-21 16:00:53.529,26217.1811
2026-08-21 16:00:53.954,26217.0701
2026-08-21 16:00:54.381,26217.0788
2026-08-21 16:00:54.795,26217.8475
2026-08-21 16:00:55.207,26221.8987
2026-08-21 16:00:55.619,26230.2309
2026-08-21 16:00:56.043,26330.1728
2026-08-21 16:00:56.470,26554.7306
2026-08-21 16:00:56.883,26866.7166
2026-08-21 16:00:57.295,27213.8843
2026-08-21 16:00:57.709,27588.2357
2026-08-21 16:00:58.121,27867.2536
2026-08-21 16:00:58.534,27550.1792
2026-08-21 16:00:58.947,27175.0398
2026-08-21 16:00:59.363,26827.4772
2026-08-21 16:00:59.777,26524.5997
2026-08-21 16:01:00.197,26315.6263
2026-08-21 16:01:00.610,26253.648
2026-08-21 16:01:01.024,26389.4023
2026-08-21 16:01:01.438,26639.5228
2026-08-21 16:01:01.866,26973.6116
2026-08-21 16:01:02.365,27330.8975
2026-08-21 16:01:02.792,27805.8037
2026-08-21 16:01:03.218,27703.3479
2026-08-21 16:01:03.631,27307.1821
2026-08-21 16:01:04.044,26949.5674
2026-08-21 16:01:04.477,26628.7885
2026-08-21 16:01:04.893,26371.9732
2026-08-21 16:01:05.308,26253.0056
2026-08-21 16:01:05.736,26337.6315
2026-08-21 16:01:06.149,26556.756
2026-08-21 16:01:06.592,26796.5601
2026-08-21 16:01:07.016,26561.0897
2026-08-21 16:01:07.430,26327.2959
2026-08-21 16:01:07.857,26242.9541
2026-08-21 16:01:08.270,26373.964
2026-08-21 16:01:08.702,26619.4986
2026-08-21 16:01:09.118,26780.7957
2026-08-21 16:01:09.544,26504.831
2026-08-21 16:01:09.972,26294.2632
2026-08-21 16:01:10.384,26220.3717
2026-08-21 16:01:10.795,26222.8235
2026-08-21 16:01:11.207,26223.5268
2026-08-21 16:01:11.642,26223.2359
2026-08-21 16:01:12.067,26223.6305
2026-08-21 16:01:12.480,26224.0153
2026-08-21 16:01:12.892,26224.0517
2026-08-21 16:01:13.311,26223.3943
2026-08-21 16:01:13.725,26223.0318
2026-08-21 16:01:14.138,26223.022
2026-08-21 16:01:14.559,26222.6507
2026-08-21 16:01:15.061,26223.0526
2026-08-21 16:01:15.474,26289.5376
2026-08-21 16:01:15.892,26480.0048
2026-08-21 16:01:16.352,26765.8272
2026-08-21 16:01:16.780,27145.2287
2026-08-21 16:01:17.197,27522.9747
2026-08-21 16:01:17.622,27862.5822
2026-08-21 16:01:18.036,27597.7324
2026-08-21 16:01:18.449,27220.7282
2026-08-21 16:01:18.882,26871.3359
2026-08-21 16:01:19.309,26550.758
2026-08-21 16:01:19.721,26329.3393
2026-08-21 16:01:20.133,26258.6543
2026-08-21 16:01:20.546,26388.2204
2026-08-21 16:01:20.959,26632.7711
2026-08-21 16:01:21.377,26954.5404
2026-08-21 16:01:21.789,27310.6594
2026-08-21 16:01:22.202,27691.8337
2026-08-21 16:01:22.620,27832.4227
2026-08-21 16:01:23.055,27439.3648
2026-08-21 16:01:23.469,27069.6017
2026-08-21 16:01:23.895,26735.1037
2026-08-21 16:01:24.308,26452.9499
2026-08-21 16:01:24.733,26288.3503
2026-08-21 16:01:25.145,26308.7556
2026-08-21 16:01:25.557,26488.7423
2026-08-21 16:01:25.971,26767.5371
2026-08-21 16:01:26.389,26694.2887
2026-08-21 16:01:26.801,26424.7988
2026-08-21 16:01:27.219,26269.4728
2026-08-21 16:01:27.631,26319.0567
2026-08-21 16:01:28.053,26516.4581
2026-08-21 16:01:28.478,26794.853
2026-08-21 16:01:28.891,26645.0229
2026-08-21 16:01:29.305,26393.0636
2026-08-21 16:01:29.719,26255.026
2026-08-21 16:01:30.146,26239.2
2026-08-21 16:01:30.581,26239.977
2026-08-21 16:01:30.997,26238.3222
2026-08-21 16:01:31.416,26238.0751
2026-08-21 16:01:31.827,26238.2782
2026-08-21 16:01:32.251,26238.4612
2026-08-21 16:01:32.712,26237.8056
2026-08-21 16:01:33.132,26237.4693
2026-08-21 16:01:33.546,26237.8024
2026-08-21 16:01:33.971,26238.0983
2026-08-21 16:01:34.385,26237.7955
2026-08-21 16:01:34.821,26239.705
2026-08-21 16:01:35.236,26237.9502
2026-08-21 16:01:35.649,26237.574
2026-08-21 16:01:36.061,26238.2602
2026-08-21 16:01:36.474,26238.1104
2026-08-21 16:01:36.885,26238.1491
2026-08-21 16:01:37.352,26238.6572
2026-08-21 16:01:37.783,26238.8787
2026-08-21 16:01:38.195,26238.5214
2026-08-21 16:01:38.622,26239.6739
2026-08-21 16:01:39.035,26238.8544
2026-08-21 16:01:39.448,26238.6167
2026-08-21 16:01:39.878,26238.8287
2026-08-21 16:01:40.291,26238.1798
2026-08-21 16:01:40.703,26238.5873
2026-08-21 16:01:41.122,26238.5952
2026-08-21 16:01:41.537,26237.9916
2026-08-21 16:01:41.950,26238.2402
2026-08-21 16:01:42.381,26239.0836
2026-08-21 16:01:42.796,26238.2761
2026-08-21 16:01:43.214,26237.5577
2026-08-21 16:01:43.641,26229.7681
2026-08-21 16:01:44.053,26228.8053
2026-08-21 16:01:44.471,26233.0013
2026-08-21 16:01:44.887,26230.9569
2026-08-21 16:01:45.302,26229.5387
2026-08-21 16:01:45.714,26229.9533
2026-08-21 16:01:46.129,26232.6365
2026-08-21 16:01:46.557,26232.8171
2026-08-21 16:01:46.971,26233.8801
2026-08-21 16:01:47.383,26233.8621
2026-08-21 16:01:47.802,26234.4106
2026-08-21 16:01:48.217,26235.2907
2026-08-21 16:01:48.634,26235.6149
2026-08-21 16:01:49.108,26236.0272
2026-08-21 16:01:49.522,26236.7782
2026-08-21 16:01:49.935,26236.9688
2026-08-21 16:01:50.348,26237.2023
2026-08-21 16:01:50.762,26237.7918
2026-08-21 16:01:51.188,26237.8434
2026-08-21 16:01:51.617,26238.3584
2026-08-21 16:01:52.043,26239.8852
2026-08-21 16:01:52.455,26239.9586
2026-08-21 16:01:52.878,26239.7369
2026-08-21 16:01:53.293,26239.4156
2026-08-21 16:01:53.730,26240.7518
2026-08-21 16:01:54.144,26240.7927
2026-08-21 16:01:54.570,26239.3738
2026-08-21 16:01:54.982,26240.9208
2026-08-21 16:01:55.394,26244.7043
2026-08-21 16:01:55.806,26242.2105
2026-08-21 16:01:56.270,26238.8849
2026-08-21 16:01:56.683,26238.4177
2026-08-21 16:01:57.095,26238.4872
2026-08-21 16:01:57.509,26238.3594
2026-08-21 16:01:57.921,26238.9299
2026-08-21 16:01:58.382,26238.9917
2026-08-21 16:01:58.800,26239.1853
2026-08-21 16:01:59.220,26239.8254
2026-08-21 16:01:59.634,26239.6098
2026-08-21 16:02:00.049,26240.046
2026-08-21 16:02:00.463,26239.9707
2026-08-21 16:02:00.908,26240.4951
2026-08-21 16:02:01.320,26240.915
2026-08-21 16:02:01.737,26240.4997
2026-08-21 16:02:02.155,26240.219
2026-08-21 16:02:02.619,26240.6459
2026-08-21 16:02:03.037,26241.3892
2026-08-21 16:02:03.474,26241.2606
2026-08-21 16:02:03.891,26240.8205
2026-08-21 16:02:04.309,26241.3439
2026-08-21 16:02:04.730,26242.0851
2026-08-21 16:02:05.158,26241.6665
2026-08-21 16:02:05.571,26242.0141
2026-08-21 16:02:05.984,26241.9056
2026-08-21 16:02:06.399,26242.8758
2026-08-21 16:02:06.812,26242.3571
2026-08-21 16:02:07.250,26242.2174
2026-08-21 16:02:07.676,26242.9756
2026-08-21 16:02:08.088,26243.4998
2026-08-21 16:02:08.502,26243.6984
2026-08-21 16:02:08.914,26244.0768
2026-08-21 16:02:09.327,26244.5664
2026-08-21 16:02:09.740,26244.5019
2026-08-21 16:02:10.153,26245.0183
2026-08-21 16:02:10.568,26245.1932
2026-08-21 16:02:10.983,26246.6021
2026-08-21 16:02:11.397,26245.9293
2026-08-21 16:02:11.812,26245.2584
2026-08-21 16:02:12.224,26245.7024
2026-08-21 16:02:12.636,26245.8898
2026-08-21 16:02:13.049,26245.7541
2026-08-21 16:02:13.461,26245.3878
2026-08-21 16:02:13.872,26245.5695
2026-08-21 16:02:14.285,26246.4193
2026-08-21 16:02:14.705,26245.4873
2026-08-21 16:02:15.127,26245.4299
2026-08-21 16:02:15.551,26246.1534
2026-08-21 16:02:15.964,26245.3504
2026-08-21 16:02:16.382,26245.1966
2026-08-21 16:02:16.800,26246.9278
2026-08-21 16:02:17.219,26245.1935
2026-08-21 16:02:17.654,26245.2227
2026-08-21 16:02:18.067,26245.1893
2026-08-21 16:02:18.496,26245.5807
2026-08-21 16:02:18.908,26245.1711
2026-08-21 16:02:19.320,26244.766
2026-08-21 16:02:19.798,26245.1064
2026-08-21 16:02:20.210,26245.0123
2026-08-21 16:02:20.635,26244.4451
2026-08-21 16:02:21.063,26244.9759
2026-08-21 16:02:21.527,26245.0484
2026-08-21 16:02:21.954,26246.0723
2026-08-21 16:02:22.367,26245.3324
2026-08-21 16:02:22.792,26246.158
2026-08-21 16:02:23.260,26246.372
2026-08-21 16:02:23.705,26246.2238
2026-08-21 16:02:24.119,26267.9158
2026-08-21 16:02:24.531,26418.8541
2026-08-21 16:02:24.944,26666.3492
2026-08-21 16:02:25.358,26981.0393
2026-08-21 16:02:25.771,27333.5629
2026-08-21 16:02:26.207,27723.9809
2026-08-21 16:02:26.626,27850.9095
2026-08-21 16:02:27.054,27468.2113
2026-08-21 16:02:27.471,27092.5978
2026-08-21 16:02:27.897,26757.3357
2026-08-21 16:02:28.324,26478.3761
2026-08-21 16:02:28.740,26306.2627
2026-08-21 16:02:29.154,26338.315
2026-08-21 16:02:29.569,26526.8827
2026-08-21 16:02:29.982,26812.1363
2026-08-21 16:02:30.395,27147.4584
2026-08-21 16:02:30.821,27513.9491
2026-08-21 16:02:31.239,27882.2583
2026-08-21 16:02:31.653,27677.4409
2026-08-21 16:02:32.086,27285.0929
2026-08-21 16:02:32.500,26931.4061
2026-08-21 16:02:32.915,26621.8985
2026-08-21 16:02:33.351,26393.8886
2026-08-21 16:02:33.764,26296.3021
2026-08-21 16:02:34.180,26413.3715
2026-08-21 16:02:34.594,26650.7061
2026-08-21 16:02:35.009,26836.6594
2026-08-21 16:02:35.422,26578.4696
2026-08-21 16:02:35.882,26362.6184
2026-08-21 16:02:36.301,26301.4295
2026-08-21 16:02:36.725,26459.4841
2026-08-21 16:02:37.140,26727.2294
2026-08-21 16:02:37.552,26796.8947
2026-08-21 16:02:37.985,26504.9862
2026-08-21 16:02:38.397,26315.6803
2026-08-21 16:02:38.810,26261.9935
2026-08-21 16:02:39.227,26264.4371
2026-08-21 16:02:39.644,26267.5093
2026-08-21 16:02:40.058,26272.0028
2026-08-21 16:02:40.470,26268.2264
2026-08-21 16:02:40.885,26265.4763
2026-08-21 16:02:41.298,26264.3504
2026-08-21 16:02:41.712,26264.1175
2026-08-21 16:02:42.130,26263.9016
2026-08-21 16:02:42.543,26263.8424
2026-08-21 16:02:42.975,26263.7897
2026-08-21 16:02:43.388,26263.7165
2026-08-21 16:02:43.800,26316.2173
2026-08-21 16:02:44.212,26496.9038
2026-08-21 16:02:44.638,26768.318
2026-08-21 16:02:45.050,27105.8718
2026-08-21 16:02:45.477,27478.503
2026-08-21 16:02:45.898,27854.5857
2026-08-21 16:02:46.310,27721.4823
2026-08-21 16:02:46.724,27343.252
2026-08-21 16:02:47.136,26990.9234
2026-08-21 16:02:47.548,26674.2368
2026-08-21 16:02:47.974,26430.1484
2026-08-21 16:02:48.396,26300.8371
2026-08-21 16:02:48.832,26386.0842
2026-08-21 16:02:49.244,26616.5941
2026-08-21 16:02:49.671,26919.8108
2026-08-21 16:02:50.081,27276.2507
2026-08-21 16:02:50.494,27647.5202
2026-08-21 16:02:50.923,27889.3163
2026-08-21 16:02:51.339,27538.7934
2026-08-21 16:02:51.772,27168.4332
2026-08-21 16:02:52.185,26814.6919
2026-08-21 16:02:52.598,26529.8983
2026-08-21 16:02:53.013,26343.3516
2026-08-21 16:02:53.433,26318.6726
2026-08-21 16:02:53.857,26480.3221
2026-08-21 16:02:54.352,26806.1456
2026-08-21 16:02:54.768,26711.3451
2026-08-21 16:02:55.182,26448.6904
2026-08-21 16:02:55.619,26294.7436
2026-08-21 16:02:56.063,26351.691
2026-08-21 16:02:56.488,26570.4847
2026-08-21 16:02:56.900,26835.6398
2026-08-21 16:02:57.313,26653.8918
2026-08-21 16:02:57.727,26408.9387
2026-08-21 16:02:58.155,26277.6195
2026-08-21 16:02:58.577,26266.624
2026-08-21 16:02:58.989,26268.3135
2026-08-21 16:02:59.402,26268.4032
2026-08-21 16:02:59.816,26268.5261
2026-08-21 16:03:00.229,26268.138
2026-08-21 16:03:00.694,26268.765
2026-08-21 16:03:01.125,26267.769
2026-08-21 16:03:01.538,26267.6664
2026-08-21 16:03:01.966,26268.2007
2026-08-21 16:03:02.468,26268.2336
2026-08-21 16:03:02.882,26268.8031
2026-08-21 16:03:03.301,26306.5232
2026-08-21 16:03:03.714,26469.1815
2026-08-21 16:03:04.127,26722.5178
2026-08-21 16:03:04.545,27041.1323
2026-08-21 16:03:04.977,27402.7166
2026-08-21 16:03:05.395,27795.0146
2026-08-21 16:03:05.809,27786.6104
2026-08-21 16:03:06.237,27389.1848
2026-08-21 16:03:06.724,27019.7656
2026-08-21 16:03:07.169,26636.01
2026-08-21 16:03:07.580,26405.2395
2026-08-21 16:03:07.994,26299.0027
2026-08-21 16:03:08.406,26397.5289
2026-08-21 16:03:08.825,26620.5915
2026-08-21 16:03:09.323,26993.5895
2026-08-21 16:03:09.735,27348.8262
2026-08-21 16:03:10.157,27725.2384
2026-08-21 16:03:10.659,27780.1359
2026-08-21 16:03:11.073,27389.2864
2026-08-21 16:03:11.537,26987.9522
2026-08-21 16:03:11.951,26671.4598
2026-08-21 16:03:12.362,26429.1638
2026-08-21 16:03:12.782,26305.3455
2026-08-21 16:03:13.198,26381.9762
2026-08-21 16:03:13.664,26628.1407
2026-08-21 16:03:14.077,26842.6775
2026-08-21 16:03:14.495,26607.8312
2026-08-21 16:03:14.914,26380.1786
2026-08-21 16:03:15.327,26294.8048
2026-08-21 16:03:15.771,26418.6708
2026-08-21 16:03:16.182,26679.4644
2026-08-21 16:03:16.609,26829.5571
2026-08-21 16:03:17.022,26549.5493
2026-08-21 16:03:17.436,26345.6819
2026-08-21 16:03:17.862,26270.3504
2026-08-21 16:03:18.279,26271.7216
2026-08-21 16:03:18.700,26273.4631
2026-08-21 16:03:19.113,26272.6723
2026-08-21 16:03:19.526,26272.9694
2026-08-21 16:03:19.941,26272.9867
2026-08-21 16:03:20.357,26272.6306
2026-08-21 16:03:20.770,26272.4446
2026-08-21 16:03:21.189,26272.2674
2026-08-21 16:03:21.603,26272.4055
2026-08-21 16:03:22.024,26273.0819
2026-08-21 16:03:22.436,26273.4088
2026-08-21 16:03:22.849,26306.8491
2026-08-21 16:03:23.263,26467.674
2026-08-21 16:03:23.676,26725.9572
2026-08-21 16:03:24.105,27058.7191
2026-08-21 16:03:24.530,27413.0854
2026-08-21 16:03:24.956,27804.233
2026-08-21 16:03:25.369,27773.3728
2026-08-21 16:03:25.781,27392.0778
2026-08-21 16:03:26.197,27036.8772
2026-08-21 16:03:26.657,26678.3984
2026-08-21 16:03:27.082,26434.0779
2026-08-21 16:03:27.495,26305.1597
2026-08-21 16:03:27.907,26385.3553
2026-08-21 16:03:28.321,26597.8741
2026-08-21 16:03:28.748,26907.6493
2026-08-21 16:03:29.169,27250.5817
2026-08-21 16:03:29.588,27631.4206
2026-08-21 16:03:30.000,27890.0827
2026-08-21 16:03:30.432,27551.7825
2026-08-21 16:03:30.846,27179.0655
2026-08-21 16:03:31.262,26841.1417
2026-08-21 16:03:31.702,26549.5792
2026-08-21 16:03:32.115,26347.6075
2026-08-21 16:03:32.527,26320.9721
2026-08-21 16:03:32.941,26475.8931
2026-08-21 16:03:33.354,26735.2422
2026-08-21 16:03:33.773,26787.3814
2026-08-21 16:03:34.266,26460.2435
2026-08-21 16:03:34.679,26305.3385
2026-08-21 16:03:35.092,26349.3359
2026-08-21 16:03:35.504,26544.6653
2026-08-21 16:03:35.916,26816.9225
2026-08-21 16:03:36.330,26698.154
2026-08-21 16:03:36.743,26446.2459
2026-08-21 16:03:37.160,26298.7721
2026-08-21 16:03:37.590,26277.2487
2026-08-21 16:03:38.004,26278.9924
2026-08-21 16:03:38.417,26279.9307
2026-08-21 16:03:38.829,26280.1226
2026-08-21 16:03:39.266,26276.6943
2026-08-21 16:03:39.681,26273.7981
2026-08-21 16:03:40.094,26272.842
2026-08-21 16:03:40.515,26272.7118
2026-08-21 16:03:40.935,26272.4981
2026-08-21 16:03:41.347,26272.3889
2026-08-21 16:03:41.790,26272.0437
2026-08-21 16:03:42.203,26278.4548
2026-08-21 16:03:42.629,26386.8655
2026-08-21 16:03:43.041,26614.7164
2026-08-21 16:03:43.453,26915.5764
2026-08-21 16:03:43.865,27257.9995
2026-08-21 16:03:44.363,27700.0595
2026-08-21 16:03:44.779,27859.9313
2026-08-21 16:03:45.195,27488.0133
2026-08-21 16:03:45.609,27122.4866
2026-08-21 16:03:46.068,26754.4039
2026-08-21 16:03:46.482,26487.0915
2026-08-21 16:03:46.908,26319.878
2026-08-21 16:03:47.330,26343.7392
2026-08-21 16:03:47.743,26529.3326
2026-08-21 16:03:48.186,26808.7786
2026-08-21 16:03:48.597,27166.0093
2026-08-21 16:03:49.009,27528.5315
2026-08-21 16:03:49.430,27873.9824
2026-08-21 16:03:49.843,27651.3608
2026-08-21 16:03:50.256,27278.8899
2026-08-21 16:03:50.671,26932.4286
2026-08-21 16:03:51.089,26624.4135
2026-08-21 16:03:51.503,26398.692
2026-08-21 16:03:51.921,26306.5012
2026-08-21 16:03:52.343,26414.574
2026-08-21 16:03:52.760,26649.346
2026-08-21 16:03:53.173,26841.3114
2026-08-21 16:03:53.588,26587.5231
2026-08-21 16:03:54.048,26355.2622
2026-08-21 16:03:54.462,26307.5625
2026-08-21 16:03:54.875,26457.3762
2026-08-21 16:03:55.287,26712.1865
2026-08-21 16:03:55.700,26813.9378
2026-08-21 16:03:56.118,26534.3382
2026-08-21 16:03:56.583,26322.1847
2026-08-21 16:03:56.996,26274.5941
2026-08-21 16:03:57.409,26277.0114
2026-08-21 16:03:57.847,26278.7855
2026-08-21 16:03:58.263,26277.8723
2026-08-21 16:03:58.680,26277.6783
2026-08-21 16:03:59.098,26277.7122
2026-08-21 16:03:59.524,26277.4687
2026-08-21 16:03:59.936,26277.3285
2026-08-21 16:04:00.353,26277.4017
2026-08-21 16:04:00.765,26277.6351
2026-08-21 16:04:01.179,26277.6603
2026-08-21 16:04:01.604,26277.7916
2026-08-21 16:04:02.024,26342.7137
2026-08-21 16:04:02.436,26534.8193
2026-08-21 16:04:02.864,26811.5218
2026-08-21 16:04:03.287,27152.1088
2026-08-21 16:04:03.701,27522.7472
2026-08-21 16:04:04.147,27885.7522
2026-08-21 16:04:04.570,27659.4511
2026-08-21 16:04:04.984,27276.162
2026-08-21 16:04:05.411,26918.4004
2026-08-21 16:04:05.824,26615.7361
2026-08-21 16:04:06.238,26396.1178
2026-08-21 16:04:06.653,26308.91
2026-08-21 16:04:07.065,26423.2351
2026-08-21 16:04:07.489,26654.1424
2026-08-21 16:04:07.900,26969.6316
2026-08-21 16:04:08.319,27315.7505
2026-08-21 16:04:08.734,27694.1954
2026-08-21 16:04:09.171,27856.6043
2026-08-21 16:04:09.585,27477.2187
2026-08-21 16:04:10.004,27115.7984
2026-08-21 16:04:10.416,26781.2462
2026-08-21 16:04:10.833,26508.4231
2026-08-21 16:04:11.245,26337.9414
2026-08-21 16:04:11.658,26340.9191
2026-08-21 16:04:12.070,26509.4771
2026-08-21 16:04:12.483,26776.9033
2026-08-21 16:04:12.897,26754.4283
2026-08-21 16:04:13.313,26482.955
2026-08-21 16:04:13.725,26316.493
2026-08-21 16:04:14.138,26342.3098
2026-08-21 16:04:14.549,26526.1752
2026-08-21 16:04:14.965,26801.3861
2026-08-21 16:04:15.392,26720.8159
2026-08-21 16:04:15.803,26451.3332
2026-08-21 16:04:16.230,26301.4455
2026-08-21 16:04:16.641,26277.5893
2026-08-21 16:04:17.061,26279.5073
2026-08-21 16:04:17.481,26279.5023
2026-08-21 16:04:17.898,26279.0971
2026-08-21 16:04:18.311,26278.7668
2026-08-21 16:04:18.738,26278.6103
2026-08-21 16:04:19.153,26278.667
2026-08-21 16:04:19.569,26278.5262
2026-08-21 16:04:19.982,26278.849
2026-08-21 16:04:20.422,26277.7902
2026-08-21 16:04:20.837,26277.3497
2026-08-21 16:04:21.250,26280.6118
2026-08-21 16:04:21.663,26377.8046
2026-08-21 16:04:22.076,26588.5122
2026-08-21 16:04:22.547,26924.0784
2026-08-21 16:04:22.965,27266.9652
2026-08-21 16:04:23.379,27640.1063
2026-08-21 16:04:23.805,27886.9251
2026-08-21 16:04:24.219,27543.5147
2026-08-21 16:04:24.658,27177.2914
2026-08-21 16:04:25.085,26808.6869
2026-08-21 16:04:25.499,26528.7363
2026-08-21 16:04:25.911,26346.1782
2026-08-21 16:04:26.323,26325.7327
2026-08-21 16:04:26.767,26484.7707
2026-08-21 16:04:27.179,26768.3794
2026-08-21 16:04:27.598,27093.4948
2026-08-21 16:04:28.012,27455.7661
2026-08-21 16:04:28.426,27833.585
2026-08-21 16:04:28.842,27737.6376
2026-08-21 16:04:29.268,27356.7474
2026-08-21 16:04:29.726,26957.6171
2026-08-21 16:04:30.139,26648.0962
2026-08-21 16:04:30.552,26416.9314
2026-08-21 16:04:30.965,26308.2981
2026-08-21 16:04:31.380,26396.6317
2026-08-21 16:04:31.791,26612.852
2026-08-21 16:04:32.204,26841.2695
2026-08-21 16:04:32.670,26623.0257
2026-08-21 16:04:33.114,26361.7322
2026-08-21 16:04:33.526,26305.771
2026-08-21 16:04:33.954,26452.9711
2026-08-21 16:04:34.419,26704.3626
2026-08-21 16:04:34.852,26781.6526
2026-08-21 16:04:35.264,26495.2222
2026-08-21 16:04:35.685,26321.0842
2026-08-21 16:04:36.101,26277.5064
2026-08-21 16:04:36.517,26280.0887
2026-08-21 16:04:36.929,26281.2531
2026-08-21 16:04:37.341,26280.9162
2026-08-21 16:04:37.759,26280.9339
2026-08-21 16:04:38.173,26280.7718
2026-08-21 16:04:38.586,26280.5988
2026-08-21 16:04:38.999,26280.7734
2026-08-21 16:04:39.411,26280.9737
2026-08-21 16:04:39.823,26280.8354
2026-08-21 16:04:40.292,26280.7696
2026-08-21 16:04:40.728,26280.8866
2026-08-21 16:04:41.141,26356.5421
2026-08-21 16:04:41.561,26551.2582
2026-08-21 16:04:41.974,26837.6314
2026-08-21 16:04:42.387,27169.1358
2026-08-21 16:04:42.820,27529.8751
2026-08-21 16:04:43.233,27883.4257
2026-08-21 16:04:43.646,27649.0415
2026-08-21 16:04:44.058,27277.7181
2026-08-21 16:04:44.485,26934.3119
2026-08-21 16:04:44.947,26590.2105
2026-08-21 16:04:45.358,26383.882
2026-08-21 16:04:45.772,26315.6691
2026-08-21 16:04:46.184,26442.0273
2026-08-21 16:04:46.598,26680.4576
2026-08-21 16:04:47.021,26991.9318
2026-08-21 16:04:47.524,27419.4625
2026-08-21 16:04:47.937,27806.6376
2026-08-21 16:04:48.351,27781.8867
2026-08-21 16:04:48.776,27401.4468
2026-08-21 16:04:49.189,27037.4488
2026-08-21 16:04:49.602,26717.9975
2026-08-21 16:04:50.032,26466.4431
2026-08-21 16:04:50.455,26323.7509
2026-08-21 16:04:50.867,26384.1157
2026-08-21 16:04:51.296,26591.4388
2026-08-21 16:04:51.710,26845.7483
2026-08-21 16:04:52.122,26666.8713
2026-08-21 16:04:52.534,26428.0021
2026-08-21 16:04:52.968,26310.1181
2026-08-21 16:04:53.381,26406.8027
2026-08-21 16:04:53.807,26629.7246
2026-08-21 16:04:54.224,26854.4599
2026-08-21 16:04:54.637,26616.8304
2026-08-21 16:04:55.097,26375.8645
2026-08-21 16:04:55.510,26291.054
2026-08-21 16:04:55.945,26291.4748
2026-08-21 16:04:56.358,26293.6128
2026-08-21 16:04:56.770,26293.2887
2026-08-21 16:04:57.209,26293.7022
2026-08-21 16:04:57.623,26294.8286
2026-08-21 16:04:58.040,26294.6401
2026-08-21 16:04:58.467,26294.0701
2026-08-21 16:04:58.879,26293.8856
2026-08-21 16:04:59.305,26293.8086
2026-08-21 16:04:59.719,26293.7526
2026-08-21 16:05:00.131,26293.5138
2026-08-21 16:05:00.556,26325.9813
2026-08-21 16:05:00.968,26489.5274
2026-08-21 16:05:01.395,26746.7242
2026-08-21 16:05:01.814,27075.6809
2026-08-21 16:05:02.230,27434.1454
2026-08-21 16:05:02.643,27814.5006
2026-08-21 16:05:03.062,27791.4085
2026-08-21 16:05:03.529,27358.6356
2026-08-21 16:05:03.951,27007.6656
2026-08-21 16:05:04.378,26686.7853
2026-08-21 16:05:04.795,26441.2188
2026-08-21 16:05:05.211,26325.0856
2026-08-21 16:05:05.626,26412.3682
2026-08-21 16:05:06.037,26627.0168
2026-08-21 16:05:06.449,26924.875
2026-08-21 16:05:06.875,27265.1946
2026-08-21 16:05:07.289,27644.4229
2026-08-21 16:05:07.718,27899.1615
2026-08-21 16:05:08.156,27546.0651
2026-08-21 16:05:08.569,27174.8128
2026-08-21 16:05:08.981,26841.9153
2026-08-21 16:05:09.395,26559.1137
2026-08-21 16:05:09.836,26374.7184
2026-08-21 16:05:10.257,26352.4992
2026-08-21 16:05:10.677,26517.8495
2026-08-21 16:05:11.094,26788.6874
2026-08-21 16:05:11.510,26789.1992
2026-08-21 16:05:11.922,26514.7163
2026-08-21 16:05:12.335,26345.716
2026-08-21 16:05:12.748,26364.6719
2026-08-21 16:05:13.169,26544.8755
2026-08-21 16:05:13.595,26824.1174
2026-08-21 16:05:14.024,26739.4221
2026-08-21 16:05:14.436,26471.5927
2026-08-21 16:05:14.848,26325.1099
2026-08-21 16:05:15.260,26303.0403
2026-08-21 16:05:15.672,26304.6965
2026-08-21 16:05:16.138,26305.0446
2026-08-21 16:05:16.557,26305.177
2026-08-21 16:05:16.972,26305.466
2026-08-21 16:05:17.383,26305.5459
2026-08-21 16:05:17.843,26305.7614
2026-08-21 16:05:18.273,26305.9161
2026-08-21 16:05:18.687,26305.9323
2026-08-21 16:05:19.099,26306.0588
2026-08-21 16:05:19.518,26306.452
2026-08-21 16:05:19.933,26315.4606
2026-08-21 16:05:20.350,26431.3001
2026-08-21 16:05:20.764,26658.5875
2026-08-21 16:05:21.177,26958.9575
2026-08-21 16:05:21.594,27300.3228
2026-08-21 16:05:22.008,27671.5831
2026-08-21 16:05:22.468,27890.4234
2026-08-21 16:05:22.883,27528.8592
2026-08-21 16:05:23.295,27166.6578
2026-08-21 16:05:23.708,26836.4982
2026-08-21 16:05:24.135,26549.0514
2026-08-21 16:05:24.566,26373.5071
2026-08-21 16:05:24.978,26368.0887
2026-08-21 16:05:25.394,26536.1745
2026-08-21 16:05:25.821,26806.3146
2026-08-21 16:05:26.233,27144.1194
2026-08-21 16:05:26.657,27501.349
2026-08-21 16:05:27.070,27880.571
2026-08-21 16:05:27.482,27740.5975
2026-08-21 16:05:27.911,27354.5804
2026-08-21 16:05:28.323,27006.3263
2026-08-21 16:05:28.757,26695.2469
2026-08-21 16:05:29.170,26451.2966
2026-08-21 16:05:29.582,26345.4285
2026-08-21 16:05:29.995,26435.364
2026-08-21 16:05:30.409,26651.2712
2026-08-21 16:05:30.874,26873.7935
2026-08-21 16:05:31.309,26613.3764
2026-08-21 16:05:31.723,26402.4249
2026-08-21 16:05:32.137,26343.5767
2026-08-21 16:05:32.552,26482.0432
2026-08-21 16:05:32.981,26732.885
2026-08-21 16:05:33.394,26849.0257
2026-08-21 16:05:33.807,26572.9159
2026-08-21 16:05:34.221,26380.059
2026-08-21 16:05:34.634,26315.6769
2026-08-21 16:05:35.059,26318.3098
2026-08-21 16:05:35.474,26319.8827
2026-08-21 16:05:35.893,26319.6421
2026-08-21 16:05:36.306,26319.9664
2026-08-21 16:05:36.724,26320.0124
2026-08-21 16:05:37.150,26320.1565
2026-08-21 16:05:37.563,26320.1295
2026-08-21 16:05:37.975,26320.0194
2026-08-21 16:05:38.389,26319.9799
2026-08-21 16:05:38.801,26319.8825
2026-08-21 16:05:39.213,26319.5579
2026-08-21 16:05:39.627,26357.626
2026-08-21 16:05:40.099,26520.9617
2026-08-21 16:05:40.546,26844.2596
2026-08-21 16:05:40.973,27175.2669
2026-08-21 16:05:41.385,27545.8557
2026-08-21 16:05:41.797,27903.7775
2026-08-21 16:05:42.221,27728.5745
2026-08-21 16:05:42.634,27346.3498
2026-08-21 16:05:43.045,27000.9948
2026-08-21 16:05:43.470,26693.631
2026-08-21 16:05:43.882,26457.6733
2026-08-21 16:05:44.352,26353.6686
2026-08-21 16:05:44.795,26485.5736
2026-08-21 16:05:45.208,26725.706
2026-08-21 16:05:45.635,27048.352
2026-08-21 16:05:46.048,27397.1191
2026-08-21 16:05:46.476,27783.8773
2026-08-21 16:05:46.900,27871.9034
2026-08-21 16:05:47.312,27483.9736
2026-08-21 16:05:47.734,27129.1938
2026-08-21 16:05:48.145,26798.6184
2026-08-21 16:05:48.563,26536.3262
2026-08-21 16:05:48.976,26378.6383
2026-08-21 16:05:49.388,26402.6485
2026-08-21 16:05:49.821,26586.5974
2026-08-21 16:05:50.234,26861.0915
2026-08-21 16:05:50.645,26762.6114
2026-08-21 16:05:51.058,26507.4413
2026-08-21 16:05:51.481,26361.2765
2026-08-21 16:05:51.897,26409.966
2026-08-21 16:05:52.324,26602.4042
2026-08-21 16:05:52.736,26877.5224
2026-08-21 16:05:53.157,26739.902
2026-08-21 16:05:53.576,26484.8443
2026-08-21 16:05:53.989,26348.1793
2026-08-21 16:05:54.421,26333.075
2026-08-21 16:05:54.847,26335.0035
2026-08-21 16:05:55.259,26335.5179
2026-08-21 16:05:55.672,26335.3741
2026-08-21 16:05:56.085,26335.6981
2026-08-21 16:05:56.519,26335.7938
2026-08-21 16:05:56.933,26336.2005
2026-08-21 16:05:57.361,26336.2971
2026-08-21 16:05:57.778,26336.6781
2026-08-21 16:05:58.190,26336.9997
2026-08-21 16:05:58.625,26336.7966
2026-08-21 16:05:59.053,26345.716
2026-08-21 16:05:59.466,26463.8634
2026-08-21 16:05:59.879,26690.266
2026-08-21 16:06:00.292,26990.0649
2026-08-21 16:06:00.722,27330.2656
2026-08-21 16:06:01.137,27713.344
2026-08-21 16:06:01.551,27921.2319
2026-08-21 16:06:01.964,27571.5412
2026-08-21 16:06:02.377,27209.9431
2026-08-21 16:06:02.842,26838.8271
2026-08-21 16:06:03.253,26567.8139
2026-08-21 16:06:03.671,26397.8743
2026-08-21 16:06:04.084,26398.9619
2026-08-21 16:06:04.497,26566.8429
2026-08-21 16:06:04.930,26830.525
2026-08-21 16:06:05.355,27170.5394
2026-08-21 16:06:05.767,27537.346
2026-08-21 16:06:06.181,27902.3555
2026-08-21 16:06:06.592,27756.5337
2026-08-21 16:06:07.025,27384.1242
2026-08-21 16:06:07.450,27020.7667
2026-08-21 16:06:07.873,26702.9433
2026-08-21 16:06:08.285,26470.2227
2026-08-21 16:06:08.698,26368.5817
2026-08-21 16:06:09.124,26461.3773
2026-08-21 16:06:09.548,26686.6375
2026-08-21 16:06:09.960,26896.4904
2026-08-21 16:06:10.373,26657.288
2026-08-21 16:06:10.786,26444.8834
2026-08-21 16:06:11.199,26371.8435
2026-08-21 16:06:11.633,26499.4469
2026-08-21 16:06:12.061,26736.8857
2026-08-21 16:06:12.476,26881.6206
2026-08-21 16:06:12.893,26609.0793
2026-08-21 16:06:13.316,26408.5115
2026-08-21 16:06:13.734,26337.0877
2026-08-21 16:06:14.162,26339.1675
2026-08-21 16:06:14.578,26340.9039
2026-08-21 16:06:14.990,26340.8436
2026-08-21 16:06:15.402,26341.5209
2026-08-21 16:06:15.865,26341.3544
2026-08-21 16:06:16.289,26341.9844
2026-08-21 16:06:16.702,26342.0786
2026-08-21 16:06:17.115,26340.2836
2026-08-21 16:06:17.551,26338.9951
2026-08-21 16:06:17.965,26338.3924
2026-08-21 16:06:18.379,26338.0929
2026-08-21 16:06:18.790,26390.5564
2026-08-21 16:06:19.204,26567.0615
2026-08-21 16:06:19.621,26835.0163
2026-08-21 16:06:20.035,27161.4954
2026-08-21 16:06:20.466,27530.195
2026-08-21 16:06:20.878,27901.8197
2026-08-21 16:06:21.298,27769.5516
2026-08-21 16:06:21.710,27389.5083
2026-08-21 16:06:22.122,27042.1305
2026-08-21 16:06:22.581,26698.8572
2026-08-21 16:06:23.009,26472.4102
2026-08-21 16:06:23.421,26369.0232
2026-08-21 16:06:23.833,26471.0893
2026-08-21 16:06:24.246,26693.3722
2026-08-21 16:06:24.673,26994.2977
2026-08-21 16:06:25.098,27348.1645
2026-08-21 16:06:25.511,27727.7099
2026-08-21 16:06:25.924,27924.0869
2026-08-21 16:06:26.344,27571.092
2026-08-21 16:06:26.769,27204.5893
2026-08-21 16:06:27.181,26864.6707
2026-08-21 16:06:27.594,26587.2894
2026-08-21 16:06:28.007,26410.212
2026-08-21 16:06:28.425,26392.5959
2026-08-21 16:06:28.838,26552.0839
2026-08-21 16:06:29.253,26815.572
2026-08-21 16:06:29.665,26832.1516
2026-08-21 16:06:30.091,26559.2589
2026-08-21 16:06:30.504,26385.0969
2026-08-21 16:06:30.917,26402.3612
2026-08-21 16:06:31.337,26580.4749
2026-08-21 16:06:31.751,26857.7607
2026-08-21 16:06:32.165,26786.4821
2026-08-21 16:06:32.589,26524.8847
2026-08-21 16:06:33.002,26369.1034
2026-08-21 16:06:33.415,26344.3532
2026-08-21 16:06:33.836,26345.786
2026-08-21 16:06:34.248,26347.2973
2026-08-21 16:06:34.684,26346.2512
2026-08-21 16:06:35.098,26346.4317
2026-08-21 16:06:35.509,26346.4802
2026-08-21 16:06:35.921,26346.796
2026-08-21 16:06:36.333,26347.4928
2026-08-21 16:06:36.749,26347.722
2026-08-21 16:06:37.213,26347.9716
2026-08-21 16:06:37.626,26348.0667
2026-08-21 16:06:38.039,26351.4691
2026-08-21 16:06:38.476,26450.5546
2026-08-21 16:06:38.892,26667.7686
2026-08-21 16:06:39.308,26961.47
2026-08-21 16:06:39.730,27299.9924
2026-08-21 16:06:40.144,27671.9879
2026-08-21 16:06:40.557,27948.4333
2026-08-21 16:06:40.982,27643.1279
2026-08-21 16:06:41.400,27267.1798
2026-08-21 16:06:41.820,26927.0814
2026-08-21 16:06:42.235,26633.1949
2026-08-21 16:06:42.648,26436.2383
2026-08-21 16:06:43.061,26386.3695
2026-08-21 16:06:43.521,26525.1573
2026-08-21 16:06:43.944,26808.5453
2026-08-21 16:06:44.359,27133.2533
2026-08-21 16:06:44.777,27487.2426
2026-08-21 16:06:45.189,27867.4888
2026-08-21 16:06:45.603,27824.3655
2026-08-21 16:06:46.028,27448.5928
2026-08-21 16:06:46.455,27075.4676
2026-08-21 16:06:46.868,26760.7517
2026-08-21 16:06:47.282,26516.8162
2026-08-21 16:06:47.696,26387.5265
2026-08-21 16:06:48.119,26448.9586
2026-08-21 16:06:48.537,26651.9176
2026-08-21 16:06:48.950,26905.4402
2026-08-21 16:06:49.363,26723.7694
2026-08-21 16:06:49.775,26488.3154
2026-08-21 16:06:50.240,26375.8922
2026-08-21 16:06:50.669,26488.3735
2026-08-21 16:06:51.082,26727.9493
2026-08-21 16:06:51.507,26908.504
2026-08-21 16:06:51.921,26646.785
2026-08-21 16:06:52.339,26438.6382
2026-08-21 16:06:52.751,26356.1613
2026-08-21 16:06:53.173,26357.1367
2026-08-21 16:06:53.587,26359.0875
2026-08-21 16:06:53.999,26358.7907
2026-08-21 16:06:54.432,26358.9069
2026-08-21 16:06:54.845,26359.1737
2026-08-21 16:06:55.264,26358.9819
2026-08-21 16:06:55.678,26359.0455
2026-08-21 16:06:56.090,26358.8607
2026-08-21 16:06:56.507,26358.4919
2026-08-21 16:06:56.929,26358.4357
2026-08-21 16:06:57.355,26358.2867
2026-08-21 16:06:57.770,26388.0155
2026-08-21 16:06:58.183,26541.1699
2026-08-21 16:06:58.608,26791.6209
2026-08-21 16:06:59.021,27113.7723
2026-08-21 16:06:59.434,27461.569
2026-08-21 16:06:59.846,27834.3892
2026-08-21 16:07:00.316,27874.4871
2026-08-21 16:07:00.735,27440.4153
2026-08-21 16:07:01.149,27090.2315
2026-08-21 16:07:01.571,26774.3333
2026-08-21 16:07:01.992,26523.4027
2026-08-21 16:07:02.407,26391.305
2026-08-21 16:07:02.823,26457.9742
2026-08-21 16:07:03.238,26660.6321
2026-08-21 16:07:03.651,26951.7551
2026-08-21 16:07:04.063,27286.5713
2026-08-21 16:07:04.476,27648.5824
2026-08-21 16:07:04.891,27953.3241
2026-08-21 16:07:05.303,27677.0864
2026-08-21 16:07:05.737,27298.614
2026-08-21 16:07:06.154,26957.3614
2026-08-21 16:07:06.567,26663.0487
2026-08-21 16:07:06.980,26461.676
2026-08-21 16:07:07.392,26398.5242
2026-08-21 16:07:07.832,26521.9315
2026-08-21 16:07:08.255,26777.5176
2026-08-21 16:07:08.668,26892.7894
2026-08-21 16:07:09.080,26620.5197
2026-08-21 16:07:09.542,26429.8938
2026-08-21 16:07:09.965,26412.424
2026-08-21 16:07:10.377,26584.0802
2026-08-21 16:07:10.810,26862.467
2026-08-21 16:07:11.222,26830.4265
2026-08-21 16:07:11.640,26562.913
2026-08-21 16:07:12.053,26396.5323
2026-08-21 16:07:12.467,26361.8715
2026-08-21 16:07:12.879,26364.2791
2026-08-21 16:07:13.293,26365.6114
2026-08-21 16:07:13.705,26365.5077
2026-08-21 16:07:14.138,26365.7198
2026-08-21 16:07:14.552,26365.9363
2026-08-21 16:07:14.968,26366.2183
2026-08-21 16:07:15.381,26366.2431
2026-08-21 16:07:15.805,26366.3858
2026-08-21 16:07:16.270,26366.4302
2026-08-21 16:07:16.682,26366.5187
2026-08-21 16:07:17.095,26367.8004
2026-08-21 16:07:17.528,26454.6235
2026-08-21 16:07:17.953,26659.1391
2026-08-21 16:07:18.368,26954.453
2026-08-21 16:07:18.780,27288.0744
2026-08-21 16:07:19.192,27648.3712
2026-08-21 16:07:19.606,27963.1389
2026-08-21 16:07:20.018,27701.058
2026-08-21 16:07:20.451,27334.4999
2026-08-21 16:07:20.874,26979.7015
2026-08-21 16:07:21.285,26677.8639
2026-08-21 16:07:21.699,26472.4009
2026-08-21 16:07:22.124,26403.601
2026-08-21 16:07:22.543,26531.9444
2026-08-21 16:07:22.960,26774.8908
2026-08-21 16:07:23.373,27089.3823
2026-08-21 16:07:23.787,27436.1607
2026-08-21 16:07:24.211,27807.34
2026-08-21 16:07:24.636,27914.6609
2026-08-21 16:07:25.049,27529.6087
2026-08-21 16:07:25.471,27174.9895
2026-08-21 16:07:25.900,26844.188
2026-08-21 16:07:26.313,26574.1784
2026-08-21 16:07:26.740,26422.7627
2026-08-21 16:07:27.157,26455.4953
2026-08-21 16:07:27.583,26638.8954
2026-08-21 16:07:28.004,26913.8669
2026-08-21 16:07:28.431,26783.8232
2026-08-21 16:07:28.848,26529.4534
2026-08-21 16:07:29.261,26402.0513
2026-08-21 16:07:29.677,26477.7873
2026-08-21 16:07:30.092,26686.5795
2026-08-21 16:07:30.505,26935.0661
2026-08-21 16:07:30.966,26713.045
2026-08-21 16:07:31.403,26483.1915
2026-08-21 16:07:31.817,26384.4862
2026-08-21 16:07:32.246,26382.6887
2026-08-21 16:07:32.658,26384.9209
2026-08-21 16:07:33.075,26384.5727
2026-08-21 16:07:33.503,26384.903
2026-08-21 16:07:33.915,26385.3301
2026-08-21 16:07:34.328,26385.3314
2026-08-21 16:07:34.750,26385.466
2026-08-21 16:07:35.162,26384.5123
2026-08-21 16:07:35.578,26384.111
2026-08-21 16:07:35.990,26384.0155
2026-08-21 16:07:36.410,26384.3113
2026-08-21 16:07:36.824,26403.3472
2026-08-21 16:07:37.259,26540.5748
2026-08-21 16:07:37.671,26794.5766
2026-08-21 16:07:38.096,27104.1799
2026-08-21 16:07:38.517,27459.3627
2026-08-21 16:07:38.930,27838.6708
2026-08-21 16:07:39.380,27922.4199
2026-08-21 16:07:39.792,27513.4316
2026-08-21 16:07:40.205,27161.4755
2026-08-21 16:07:40.625,26840.7672
2026-08-21 16:07:41.038,26579.4378
2026-08-21 16:07:41.465,26427.0579
2026-08-21 16:07:41.877,26470.9797
2026-08-21 16:07:42.291,26658.4785
2026-08-21 16:07:42.703,26940.4648
2026-08-21 16:07:43.117,27270.7598
2026-08-21 16:07:43.531,27630.7882
2026-08-21 16:07:43.946,27973.6218
2026-08-21 16:07:44.359,27754.2848
2026-08-21 16:07:44.776,27385.4566
2026-08-21 16:07:45.190,27039.8356
2026-08-21 16:07:45.609,26736.4187
2026-08-21 16:07:46.024,26514.2463
2026-08-21 16:07:46.440,26424.4684
2026-08-21 16:07:46.867,26529.2485
2026-08-21 16:07:47.280,26762.0265
2026-08-21 16:07:47.700,26950.5423
2026-08-21 16:07:48.115,26697.317
2026-08-21 16:07:48.528,26487.4883
2026-08-21 16:07:48.942,26422.8847
2026-08-21 16:07:49.354,26556.0401
2026-08-21 16:07:49.768,26798.5302
2026-08-21 16:07:50.205,26941.5564
2026-08-21 16:07:50.628,26658.9893
2026-08-21 16:07:51.041,26462.309
2026-08-21 16:07:51.463,26399.0024
2026-08-21 16:07:51.879,26401.5924
2026-08-21 16:07:52.303,26403.6399
2026-08-21 16:07:52.715,26403.4991
2026-08-21 16:07:53.127,26404.1204
2026-08-21 16:07:53.543,26404.7342
2026-08-21 16:07:53.957,26405.2195
2026-08-21 16:07:54.417,26405.3728
2026-08-21 16:07:54.830,26405.7883
2026-08-21 16:07:55.252,26406.2558
2026-08-21 16:07:55.664,26406.5955
2026-08-21 16:07:56.077,26407.0625
2026-08-21 16:07:56.509,26455.3949
2026-08-21 16:07:56.921,26638.5896
2026-08-21 16:07:57.346,26906.6551
2026-08-21 16:07:57.760,27239.4894
2026-08-21 16:07:58.176,27595.4303
2026-08-21 16:07:58.611,27968.2398
2026-08-21 16:07:59.024,27820.1375
2026-08-21 16:07:59.452,27434.3925
2026-08-21 16:07:59.865,27089.9851
2026-08-21 16:08:00.278,26782.5016
2026-08-21 16:08:00.716,26552.8162
2026-08-21 16:08:01.135,26444.0015
2026-08-21 16:08:01.548,26545.7442
2026-08-21 16:08:01.968,26767.9858
2026-08-21 16:08:02.381,27076.1545
2026-08-21 16:08:02.814,27417.9287
2026-08-21 16:08:03.250,27818.9417
2026-08-21 16:08:03.662,27999.7607
2026-08-21 16:08:04.089,27627.3417
2026-08-21 16:08:04.503,27268.2776
2026-08-21 16:08:04.919,26935.0628
2026-08-21 16:08:05.345,26661.2929
2026-08-21 16:08:05.757,26484.6029
2026-08-21 16:08:06.183,26478.925
2026-08-21 16:08:06.603,26647.543
2026-08-21 16:08:07.015,26919.2718
2026-08-21 16:08:07.428,26894.5143
2026-08-21 16:08:07.848,26627.4568
2026-08-21 16:08:08.260,26463.9673
2026-08-21 16:08:08.678,26493.7058
2026-08-21 16:08:09.113,26680.5976
2026-08-21 16:08:09.526,26962.9657
2026-08-21 16:08:09.940,26842.2239
2026-08-21 16:08:10.366,26590.5553
2026-08-21 16:08:10.779,26447.3361
2026-08-21 16:08:11.210,26430.8436
2026-08-21 16:08:11.637,26433.0229
2026-08-21 16:08:12.050,26433.611
2026-08-21 16:08:12.473,26433.5018
2026-08-21 16:08:12.886,26433.7675
2026-08-21 16:08:13.316,26433.9866
2026-08-21 16:08:13.743,26434.2641
2026-08-21 16:08:14.156,26434.4259
2026-08-21 16:08:14.594,26434.2783
2026-08-21 16:08:15.007,26434.2623
2026-08-21 16:08:15.421,26434.3722
2026-08-21 16:08:15.848,26444.5044
2026-08-21 16:08:16.260,26562.5238
2026-08-21 16:08:16.673,26787.249
2026-08-21 16:08:17.086,27086.695
2026-08-21 16:08:17.527,27427.6724
2026-08-21 16:08:17.954,27820.6714
2026-08-21 16:08:18.368,28018.5852
2026-08-21 16:08:18.793,27648.6069
2026-08-21 16:08:19.213,27290.6402
2026-08-21 16:08:19.640,26955.898
2026-08-21 16:08:20.052,26673.2454
2026-08-21 16:08:20.479,26502.6795
2026-08-21 16:08:20.898,26502.856
2026-08-21 16:08:21.311,26675.7302
2026-08-21 16:08:21.731,26945.2306
2026-08-21 16:08:22.159,27279.7171
2026-08-21 16:08:22.572,27650.9888
2026-08-21 16:08:22.986,28016.6685
2026-08-21 16:08:23.399,27864.8609
2026-08-21 16:08:23.835,27491.2801
2026-08-21 16:08:24.248,27126.1338
2026-08-21 16:08:24.661,26818.9083
2026-08-21 16:08:25.079,26590.7732
2026-08-21 16:08:25.543,26485.1961
2026-08-21 16:08:25.966,26597.181
2026-08-21 16:08:26.380,26828.9874
2026-08-21 16:08:26.793,27013.9355
2026-08-21 16:08:27.206,26761.2942
2026-08-21 16:08:27.619,26551.3335
2026-08-21 16:08:28.051,26484.6704
2026-08-21 16:08:28.468,26624.5132
2026-08-21 16:08:28.886,26873.1153
2026-08-21 16:08:29.299,26997.9989
2026-08-21 16:08:29.735,26716.3173
2026-08-21 16:08:30.162,26523.2651
2026-08-21 16:08:30.574,26463.7354
2026-08-21 16:08:30.997,26466.838
2026-08-21 16:08:31.414,26469.2036
2026-08-21 16:08:31.829,26469.1643
2026-08-21 16:08:32.267,26469.861
2026-08-21 16:08:32.681,26470.5076
2026-08-21 16:08:33.117,26471.4111
2026-08-21 16:08:33.534,26472.1001
2026-08-21 16:08:33.960,26472.8584
2026-08-21 16:08:34.374,26473.3598
2026-08-21 16:08:34.799,26473.9264
2026-08-21 16:08:35.225,26474.5969
2026-08-21 16:08:35.639,26540.5826
2026-08-21 16:08:36.052,26727.6487
2026-08-21 16:08:36.478,27003.4796
2026-08-21 16:08:36.890,27343.5063
2026-08-21 16:08:37.319,27716.3035
2026-08-21 16:08:37.731,28067.8221
2026-08-21 16:08:38.145,27869.3365
2026-08-21 16:08:38.578,27496.4386
2026-08-21 16:08:39.003,27135.1242
2026-08-21 16:08:39.417,26823.6885
2026-08-21 16:08:39.836,26604.4467
2026-08-21 16:08:40.249,26514.4453
2026-08-21 16:08:40.679,26624.2925
2026-08-21 16:08:41.102,26863.9492
2026-08-21 16:08:41.516,27181.0603
2026-08-21 16:08:41.930,27529.0171
2026-08-21 16:08:42.353,27900.2651
2026-08-21 16:08:42.782,28057.853
2026-08-21 16:08:43.195,27675.0977
2026-08-21 16:08:43.607,27316.6033
2026-08-21 16:08:44.034,26988.9486
2026-08-21 16:08:44.445,26710.4791
2026-08-21 16:08:44.875,26544.1988
2026-08-21 16:08:45.289,26560.9418
2026-08-21 16:08:45.713,26735.1922
2026-08-21 16:08:46.128,27014.2115
2026-08-21 16:08:46.547,26934.2714
2026-08-21 16:08:46.975,26672.9572
2026-08-21 16:08:47.388,26524.7877
2026-08-21 16:08:47.801,26583.0935
2026-08-21 16:08:48.228,26782.8724
2026-08-21 16:08:48.640,27053.2585
2026-08-21 16:08:49.071,26890.8111
2026-08-21 16:08:49.482,26638.0888
2026-08-21 16:08:49.895,26514.37
2026-08-21 16:08:50.307,26503.9075
2026-08-21 16:08:50.720,26506.4719
2026-08-21 16:08:51.134,26508.4654
2026-08-21 16:08:51.598,26508.6543
2026-08-21 16:08:52.021,26509.5766
2026-08-21 16:08:52.517,26510.3686
2026-08-21 16:08:52.929,26510.9693
2026-08-21 16:08:53.340,26511.9276
2026-08-21 16:08:53.753,26514.0366
2026-08-21 16:08:54.165,26514.8808
2026-08-21 16:08:54.635,26515.9855
2026-08-21 16:08:55.048,26516.6048
2026-08-21 16:08:55.474,26516.6599
2026-08-21 16:08:55.899,26516.8845
2026-08-21 16:08:56.312,26518.2962
2026-08-21 16:08:56.739,26518.9525
2026-08-21 16:08:57.167,26518.2153
2026-08-21 16:08:57.593,26519.128
2026-08-21 16:08:58.005,26519.0852
2026-08-21 16:08:58.431,26519.3638
2026-08-21 16:08:58.844,26520.5161
2026-08-21 16:08:59.284,26522.6264
2026-08-21 16:08:59.704,26521.3123
2026-08-21 16:09:00.116,26521.5599
2026-08-21 16:09:00.528,26522.1102
2026-08-21 16:09:00.947,26523.193
2026-08-21 16:09:01.370,26524.1109
2026-08-21 16:09:01.784,26524.9214
2026-08-21 16:09:02.200,26525.6183
2026-08-21 16:09:02.623,26525.8733
2026-08-21 16:09:03.056,26526.2873
2026-08-21 16:09:03.469,26526.8429
2026-08-21 16:09:03.883,26527.1775
2026-08-21 16:09:04.295,26528.0738
2026-08-21 16:09:04.719,26528.8767
2026-08-21 16:09:05.141,26529.3174
2026-08-21 16:09:05.554,26529.8563
2026-08-21 16:09:05.967,26530.4739
2026-08-21 16:09:06.379,26531.4088
2026-08-21 16:09:06.792,26532.3539
2026-08-21 16:09:07.210,26533.411
2026-08-21 16:09:07.676,26534.3097
2026-08-21 16:09:08.093,26534.8744
2026-08-21 16:09:08.504,26535.4998
2026-08-21 16:09:08.918,26535.9013
2026-08-21 16:09:09.332,26536.6013
2026-08-21 16:09:09.744,26537.2549
2026-08-21 16:09:10.212,26537.9438
2026-08-21 16:09:10.654,26538.4945
2026-08-21 16:09:11.078,26539.2165
2026-08-21 16:09:11.491,26539.8203
2026-08-21 16:09:11.903,26540.4983
2026-08-21 16:09:12.339,26541.1825
2026-08-21 16:09:12.752,26541.9435
2026-08-21 16:09:13.168,26542.6239
2026-08-21 16:09:13.580,26542.2092
2026-08-21 16:09:14.043,26541.2999
2026-08-21 16:09:14.462,26541.6134
2026-08-21 16:09:14.875,26542.0849
2026-08-21 16:09:15.288,26542.5101
2026-08-21 16:09:15.700,26542.891
2026-08-21 16:09:16.113,26543.4459
2026-08-21 16:09:16.550,26543.731
2026-08-21 16:09:16.961,26543.9968
2026-08-21 16:09:17.375,26544.638
2026-08-21 16:09:17.794,26545.2642
2026-08-21 16:09:18.206,26545.9739
2026-08-21 16:09:18.684,26546.7642
2026-08-21 16:09:19.099,26547.2182
2026-08-21 16:09:19.518,26547.6236
2026-08-21 16:09:19.931,26548.4595
2026-08-21 16:09:20.356,26549.0348
2026-08-21 16:09:20.774,26549.9309
2026-08-21 16:09:21.189,26550.8001
2026-08-21 16:09:21.601,26551.4958
2026-08-21 16:09:22.013,26552.298
2026-08-21 16:09:22.425,26624.4582
2026-08-21 16:09:22.865,26817.9116
2026-08-21 16:09:23.277,27117.0477
2026-08-21 16:09:23.694,27448.3265
2026-08-21 16:09:24.113,27813.6247
2026-08-21 16:09:24.527,28167.4542
2026-08-21 16:09:24.961,27955.9013
2026-08-21 16:09:25.374,27566.3045
2026-08-21 16:09:25.797,27224.2288
2026-08-21 16:09:26.210,26916.0215
2026-08-21 16:09:26.642,26692.4874
2026-08-21 16:09:27.066,26607.8599
2026-08-21 16:09:27.478,26733.6261
2026-08-21 16:09:27.891,26974.4443
2026-08-21 16:09:28.316,27296.8472
2026-08-21 16:09:28.730,27646.9905
2026-08-21 16:09:29.168,28005.9438
2026-08-21 16:09:29.581,28152.8054
2026-08-21 16:09:29.996,27777.6788
2026-08-21 16:09:30.424,27414.1726
2026-08-21 16:09:30.838,27072.7877
2026-08-21 16:09:31.273,26800.5922
2026-08-21 16:09:31.698,26625.2323
2026-08-21 16:09:32.112,26641.0267
2026-08-21 16:09:32.525,26817.936
2026-08-21 16:09:32.939,27091.505
2026-08-21 16:09:33.368,27027.4658
2026-08-21 16:09:33.779,26757.3583
2026-08-21 16:09:34.193,26606.7414
2026-08-21 16:09:34.606,26655.115
2026-08-21 16:09:35.021,26850.2506
2026-08-21 16:09:35.434,27122.1598
2026-08-21 16:09:35.941,26936.2644
2026-08-21 16:09:36.366,26698.0519
2026-08-21 16:09:36.792,26586.9307
2026-08-21 16:09:37.290,26583.6053
2026-08-21 16:09:37.704,26585.0234
2026-08-21 16:09:38.142,26586.8964
2026-08-21 16:09:38.563,26586.2307
2026-08-21 16:09:38.976,26586.7109
2026-08-21 16:09:39.388,26587.5833
2026-08-21 16:09:39.801,26588.3285
2026-08-21 16:09:40.212,26589.1504
2026-08-21 16:09:40.674,26589.587
2026-08-21 16:09:41.092,26590.0183
2026-08-21 16:09:41.504,26590.4962
2026-08-21 16:09:41.917,26631.9401
2026-08-21 16:09:42.329,26800.0248
2026-08-21 16:09:42.745,27062.1255
2026-08-21 16:09:43.170,27386.1184
2026-08-21 16:09:43.592,27751.7217
2026-08-21 16:09:44.005,28140.6363
2026-08-21 16:09:44.418,28083.2891
2026-08-21 16:09:44.830,27704.4092
2026-08-21 16:09:45.295,27308.8171
2026-08-21 16:09:45.707,26996.7877
2026-08-21 16:09:46.134,26757.3408
2026-08-21 16:09:46.553,26632.8627
2026-08-21 16:09:46.971,26717.0443
2026-08-21 16:09:47.393,26933.4081
2026-08-21 16:09:47.805,27239.3848
2026-08-21 16:09:48.218,27581.4067
2026-08-21 16:09:48.630,27950.9044
2026-08-21 16:09:49.043,28218.4032
2026-08-21 16:09:49.510,27902.1245
2026-08-21 16:09:49.952,27464.2396
2026-08-21 16:09:50.371,27133.701
2026-08-21 16:09:50.788,26853.0848
2026-08-21 16:09:51.201,26677.3135
2026-08-21 16:09:51.629,26668.3415
2026-08-21 16:09:52.045,26839.7934
2026-08-21 16:09:52.460,27110.3855
2026-08-21 16:09:52.886,27089.613
2026-08-21 16:09:53.300,26813.5063
2026-08-21 16:09:53.733,26649.6169
2026-08-21 16:09:54.159,26702.4926
2026-08-21 16:09:54.572,26895.5426
2026-08-21 16:09:54.987,27158.8498
2026-08-21 16:09:55.413,27022.0189
2026-08-21 16:09:55.831,26761.9261
2026-08-21 16:09:56.244,26625.3014
2026-08-21 16:09:56.664,26609.8947
2026-08-21 16:09:57.079,26611.4504
2026-08-21 16:09:57.492,26613.5243
2026-08-21 16:09:57.959,26614.6288
2026-08-21 16:09:58.370,26614.2307
2026-08-21 16:09:58.783,26614.5628
2026-08-21 16:09:59.209,26614.913
2026-08-21 16:09:59.622,26615.4432
2026-08-21 16:10:00.049,26615.7083
2026-08-21 16:10:00.462,26616.1558
2026-08-21 16:10:00.875,26616.7883
2026-08-21 16:10:01.288,26626.8927
2026-08-21 16:10:01.756,26742.9177
2026-08-21 16:10:02.185,27013.65
2026-08-21 16:10:02.612,27323.6521
2026-08-21 16:10:03.023,27683.7715
2026-08-21 16:10:03.436,28057.1889
2026-08-21 16:10:03.848,28193.4814
2026-08-21 16:10:04.261,27822.7324
2026-08-21 16:10:04.673,27462.7737
2026-08-21 16:10:05.096,27131.5442
2026-08-21 16:10:05.509,26852.0399
2026-08-21 16:10:05.921,26681.5096
2026-08-21 16:10:06.358,26682.4615
2026-08-21 16:10:06.771,26866.282
2026-08-21 16:10:07.201,27152.9036
2026-08-21 16:10:07.613,27486.6544
2026-08-21 16:10:08.026,27845.2089
2026-08-21 16:10:08.454,28210.858
2026-08-21 16:10:08.866,28034.6415
2026-08-21 16:10:09.294,27661.3374
2026-08-21 16:10:09.711,27303.2166
2026-08-21 16:10:10.127,26992.4813
2026-08-21 16:10:10.555,26766.7238
2026-08-21 16:10:10.983,26667.3103
2026-08-21 16:10:11.396,26772.1781
2026-08-21 16:10:11.823,27008.7535
2026-08-21 16:10:12.247,27197.1775
2026-08-21 16:10:12.661,26937.9373
2026-08-21 16:10:13.082,26727.2873
2026-08-21 16:10:13.497,26661.0597
2026-08-21 16:10:13.909,26791.8329
2026-08-21 16:10:14.326,27033.4416
2026-08-21 16:10:14.755,27191.4336
2026-08-21 16:10:15.168,26913.4999
2026-08-21 16:10:15.580,26713.7949
2026-08-21 16:10:16.003,26641.5026
2026-08-21 16:10:16.464,26644.3464
2026-08-21 16:10:16.895,26646.653
2026-08-21 16:10:17.312,26647.726
2026-08-21 16:10:17.725,26649.2564
2026-08-21 16:10:18.153,26647.9393
2026-08-21 16:10:18.569,26647.8464
2026-08-21 16:10:18.982,26648.331
2026-08-21 16:10:19.393,26649.6025
2026-08-21 16:10:19.821,26649.93
2026-08-21 16:10:20.236,26651.0666
2026-08-21 16:10:20.648,26651.5091
2026-08-21 16:10:21.082,26707.0006
2026-08-21 16:10:21.494,26893.0914
2026-08-21 16:10:21.906,27167.0963
2026-08-21 16:10:22.320,27494.8882
2026-08-21 16:10:22.740,27849.584
2026-08-21 16:10:23.154,28226.6478
2026-08-21 16:10:23.581,28078.0684
2026-08-21 16:10:24.015,27689.171
2026-08-21 16:10:24.429,27333.8602
2026-08-21 16:10:24.846,27024.2993
2026-08-21 16:10:25.260,26791.3063
2026-08-21 16:10:25.674,26683.5981
2026-08-21 16:10:26.093,26777.3284
2026-08-21 16:10:26.506,27000.6231
2026-08-21 16:10:26.918,27299.0463
2026-08-21 16:10:27.347,27643.4481
2026-08-21 16:10:27.758,28030.6878
2026-08-21 16:10:28.184,28264.9779
2026-08-21 16:10:28.603,27914.7325
2026-08-21 16:10:29.016,27544.7157
2026-08-21 16:10:29.446,27210.3017
2026-08-21 16:10:29.874,26917.7028
2026-08-21 16:10:30.286,26733.0877
2026-08-21 16:10:30.706,26718.6245
2026-08-21 16:10:31.119,26882.2792
2026-08-21 16:10:31.551,27158.4698
2026-08-21 16:10:31.964,27145.9537
2026-08-21 16:10:32.377,26874.0734
2026-08-21 16:10:32.793,26709.7411
2026-08-21 16:10:33.206,26732.5463
2026-08-21 16:10:33.676,26945.7048
2026-08-21 16:10:34.089,27218.3066
2026-08-21 16:10:34.501,27080.9629
2026-08-21 16:10:34.913,26829.2779
2026-08-21 16:10:35.347,26687.4215
2026-08-21 16:10:35.764,26671.7653
2026-08-21 16:10:36.179,26673.3024
2026-08-21 16:10:36.600,26674.4768
2026-08-21 16:10:37.013,26675.8901
2026-08-21 16:10:37.426,26675.4864
2026-08-21 16:10:37.864,26675.1034
2026-08-21 16:10:38.276,26675.435
2026-08-21 16:10:38.688,26676.059
2026-08-21 16:10:39.115,26676.5805
2026-08-21 16:10:39.541,26676.9442
2026-08-21 16:10:39.966,26677.204
2026-08-21 16:10:40.379,26685.3077
2026-08-21 16:10:40.792,26797.1351
2026-08-21 16:10:41.208,27019.2431
2026-08-21 16:10:41.621,27321.2305
2026-08-21 16:10:42.098,27707.1421
2026-08-21 16:10:42.523,28094.1098
2026-08-21 16:10:42.936,28266.3511
2026-08-21 16:10:43.348,27898.4553
2026-08-21 16:10:43.761,27536.5958
2026-08-21 16:10:44.187,27201.7984
2026-08-21 16:10:44.602,26919.7401
2026-08-21 16:10:45.014,26745.9115
2026-08-21 16:10:45.434,26741.3022
2026-08-21 16:10:45.847,26912.8104
2026-08-21 16:10:46.260,27182.9066
2026-08-21 16:10:46.673,27511.426
2026-08-21 16:10:47.111,27884.3004
2026-08-21 16:10:47.524,28266.6534
2026-08-21 16:10:47.946,28127.102
2026-08-21 16:10:48.359,27741.8024
2026-08-21 16:10:48.783,27390.4602
2026-08-21 16:10:49.197,27069.0577
2026-08-21 16:10:49.610,26834.9614
2026-08-21 16:10:50.026,26724.4394
2026-08-21 16:10:50.438,26809.9794
2026-08-21 16:10:50.851,27023.1964
2026-08-21 16:10:51.264,27261.2972
2026-08-21 16:10:51.759,26997.3581
2026-08-21 16:10:52.176,26788.4132
2026-08-21 16:10:52.589,26726.8209
2026-08-21 16:10:53.001,26863.4858
2026-08-21 16:10:53.442,27110.1227
2026-08-21 16:10:53.868,27233.5091
2026-08-21 16:10:54.293,26955.0428
2026-08-21 16:10:54.712,26761.2417
2026-08-21 16:10:55.124,26704.0622
2026-08-21 16:10:55.545,26706.7465
2026-08-21 16:10:55.958,26707.855
2026-08-21 16:10:56.383,26709.8717
2026-08-21 16:10:56.796,26710.2169
2026-08-21 16:10:57.209,26710.0724
2026-08-21 16:10:57.677,26710.3976
2026-08-21 16:10:58.089,26710.7369
2026-08-21 16:10:58.505,26710.9846
2026-08-21 16:10:58.920,26711.3702
2026-08-21 16:10:59.335,26711.7647
2026-08-21 16:10:59.764,26712.0761
2026-08-21 16:11:00.177,26772.1823
2026-08-21 16:11:00.598,26955.2747
2026-08-21 16:11:01.010,27235.8091
2026-08-21 16:11:01.423,27564.7043
2026-08-21 16:11:01.859,27925.2566
2026-08-21 16:11:02.273,28309.2684
2026-08-21 16:11:02.687,28129.857
2026-08-21 16:11:03.103,27753.7875
2026-08-21 16:11:03.564,27400.9566
2026-08-21 16:11:03.982,27055.2938
2026-08-21 16:11:04.398,26836.9604
2026-08-21 16:11:04.819,26750.5793
2026-08-21 16:11:05.235,26868.3252
2026-08-21 16:11:05.650,27104.3834
2026-08-21 16:11:06.068,27421.2119
2026-08-21 16:11:06.481,27771.4304
2026-08-21 16:11:06.918,28160.6865
2026-08-21 16:11:07.336,28302.4751
2026-08-21 16:11:07.749,27922.178
2026-08-21 16:11:08.164,27560.1268
2026-08-21 16:11:08.577,27227.2794
2026-08-21 16:11:08.990,26953.9247
2026-08-21 16:11:09.417,26785.8589
2026-08-21 16:11:09.829,26790.207
2026-08-21 16:11:10.259,26968.3653
2026-08-21 16:11:10.678,27243.8035
2026-08-21 16:11:11.090,27176.8647
2026-08-21 16:11:11.512,26914.8592
2026-08-21 16:11:11.973,26760.2541
2026-08-21 16:11:12.402,26826.2998
2026-08-21 16:11:12.815,27041.6808
2026-08-21 16:11:13.228,27294.0211
2026-08-21 16:11:13.657,27093.1491
2026-08-21 16:11:14.070,26856.7921
2026-08-21 16:11:14.492,26741.1399
2026-08-21 16:11:14.907,26734.385
2026-08-21 16:11:15.319,26736.0038
2026-08-21 16:11:15.732,26737.1834
2026-08-21 16:11:16.153,26736.2773
2026-08-21 16:11:16.613,26735.6339
2026-08-21 16:11:17.026,26735.1831
2026-08-21 16:11:17.453,26735.2191
2026-08-21 16:11:17.871,26734.5453
2026-08-21 16:11:18.283,26733.8412
2026-08-21 16:11:18.710,26733.7903
2026-08-21 16:11:19.129,26733.8834
2026-08-21 16:11:19.541,26752.5403
2026-08-21 16:11:19.954,26889.4187
2026-08-21 16:11:20.368,27130.8452
2026-08-21 16:11:20.779,27442.4918
2026-08-21 16:11:21.200,27791.0534
2026-08-21 16:11:21.623,28173.6064
2026-08-21 16:11:22.038,28321.1864
2026-08-21 16:11:22.454,27946.6619
2026-08-21 16:11:22.866,27587.4684
2026-08-21 16:11:23.278,27259.8546
2026-08-21 16:11:23.721,26967.1914
2026-08-21 16:11:24.148,26798.7406
2026-08-21 16:11:24.560,26812.6491
2026-08-21 16:11:25.022,26989.7851
2026-08-21 16:11:25.448,27307.4851
2026-08-21 16:11:25.866,27652.9743
2026-08-21 16:11:26.283,28025.834
2026-08-21 16:11:26.695,28365.1323
2026-08-21 16:11:27.118,28119.2754
2026-08-21 16:11:27.545,27737.4693
2026-08-21 16:11:27.972,27369.0734
2026-08-21 16:11:28.400,27069.272
2026-08-21 16:11:28.812,26856.1058
2026-08-21 16:11:29.240,26792.0359
2026-08-21 16:11:29.669,26929.0463
2026-08-21 16:11:30.081,27184.2685
2026-08-21 16:11:30.502,27300.762
2026-08-21 16:11:30.914,27020.0144
2026-08-21 16:11:31.328,26830.4056
2026-08-21 16:11:31.771,26803.882
2026-08-21 16:11:32.183,26978.9631
2026-08-21 16:11:32.611,27248.9746
2026-08-21 16:11:33.024,27256.1029
2026-08-21 16:11:33.447,26980.6279
2026-08-21 16:11:33.883,26807.4435
2026-08-21 16:11:34.309,26771.5048
2026-08-21 16:11:34.723,26774.3289
2026-08-21 16:11:35.136,26777.0001
2026-08-21 16:11:35.557,26778.1659
2026-08-21 16:11:35.969,26778.2283
2026-08-21 16:11:36.382,26778.6477
2026-08-21 16:11:36.824,26779.026
2026-08-21 16:11:37.245,26779.7268
2026-08-21 16:11:37.657,26780.0168
2026-08-21 16:11:38.069,26780.0933
2026-08-21 16:11:38.539,26780.544
2026-08-21 16:11:38.957,26785.0093
2026-08-21 16:11:39.393,26889.4426
2026-08-21 16:11:39.807,27111.2496
2026-08-21 16:11:40.220,27411.1416
2026-08-21 16:11:40.632,27753.4235
2026-08-21 16:11:41.058,28124.476
2026-08-21 16:11:41.475,28409.7684
2026-08-21 16:11:41.894,28089.0184
2026-08-21 16:11:42.307,27713.6522
2026-08-21 16:11:42.721,27372.5586
2026-08-21 16:11:43.143,27079.028
2026-08-21 16:11:43.569,26877.6433
2026-08-21 16:11:43.999,26831.8094
2026-08-21 16:11:44.435,26994.5993
2026-08-21 16:11:44.849,27261.8675
2026-08-21 16:11:45.262,27589.3928
2026-08-21 16:11:45.674,27949.5438
2026-08-21 16:11:46.106,28333.3332
2026-08-21 16:11:46.519,28293.2606
2026-08-21 16:11:46.941,27910.6214
2026-08-21 16:11:47.356,27545.5908
2026-08-21 16:11:47.816,27222.5146
2026-08-21 16:11:48.235,26948.6174
2026-08-21 16:11:48.649,26833.4918
2026-08-21 16:11:49.061,26914.7038
2026-08-21 16:11:49.489,27135.1155
2026-08-21 16:11:49.910,27371.9483
2026-08-21 16:11:50.322,27150.9142
2026-08-21 16:11:50.740,26923.0418
2026-08-21 16:11:51.159,26827.7276
2026-08-21 16:11:51.570,26941.8494
2026-08-21 16:11:51.997,27174.4983
2026-08-21 16:11:52.408,27373.0543
2026-08-21 16:11:52.820,27117.4429
2026-08-21 16:11:53.246,26902.7135
2026-08-21 16:11:53.709,26810.9395
2026-08-21 16:11:54.127,26813.148
2026-08-21 16:11:54.539,26814.8401
2026-08-21 16:11:54.950,26816.2327
2026-08-21 16:11:55.373,26816.0112
2026-08-21 16:11:55.785,26816.5863
2026-08-21 16:11:56.219,26816.8467
2026-08-21 16:11:56.653,26817.0861
2026-08-21 16:11:57.066,26817.4879
2026-08-21 16:11:57.479,26817.7457
2026-08-21 16:11:57.905,26818.0091
2026-08-21 16:11:58.338,26818.3495
2026-08-21 16:11:58.752,26864.7683
2026-08-21 16:11:59.165,27038.265
2026-08-21 16:11:59.586,27306.3524
2026-08-21 16:11:59.998,27640.3204
2026-08-21 16:12:00.463,28046.9453
2026-08-21 16:12:00.876,28418.0437
2026-08-21 16:12:01.289,28259.0586
2026-08-21 16:12:01.715,27867.0296
2026-08-21 16:12:02.127,27515.5664
2026-08-21 16:12:02.596,27202.1792
2026-08-21 16:12:03.042,26931.3461
2026-08-21 16:12:03.454,26856.4216
2026-08-21 16:12:03.866,26979.2696
2026-08-21 16:12:04.279,27217.3744
2026-08-21 16:12:04.692,27531.5267
2026-08-21 16:12:05.128,27896.3719
2026-08-21 16:12:05.540,28284.5635
2026-08-21 16:12:05.965,28412.5884
2026-08-21 16:12:06.383,28023.3394
2026-08-21 16:12:06.801,27655.3253
2026-08-21 16:12:07.213,27319.9914
2026-08-21 16:12:07.645,27049.7577
2026-08-21 16:12:08.058,26882.0424
2026-08-21 16:12:08.470,26904.381
2026-08-21 16:12:08.892,27082.8711
2026-08-21 16:12:09.320,27365.5792
2026-08-21 16:12:09.782,27233.9695
2026-08-21 16:12:10.202,26987.1949
2026-08-21 16:12:10.615,26861.3133
2026-08-21 16:12:11.028,26944.0398
2026-08-21 16:12:11.448,27158.8474
2026-08-21 16:12:11.861,27409.0452
2026-08-21 16:12:12.275,27202.2107
2026-08-21 16:12:12.692,26965.5585
2026-08-21 16:12:13.120,26850.0611
2026-08-21 16:12:13.534,26844.7752
2026-08-21 16:12:13.948,26846.6695
2026-08-21 16:12:14.381,26849.0778
2026-08-21 16:12:14.794,26848.8275
2026-08-21 16:12:15.221,26848.6989
2026-08-21 16:12:15.632,26848.8124
2026-08-21 16:12:16.046,26848.6632
2026-08-21 16:12:16.465,26848.9767
2026-08-21 16:12:16.893,26849.6901
2026-08-21 16:12:17.307,26850.4298
2026-08-21 16:12:17.725,26850.9332
2026-08-21 16:12:18.139,26867.1554
2026-08-21 16:12:18.555,26999.5935
2026-08-21 16:12:18.967,27240.3967
2026-08-21 16:12:19.407,27551.818
2026-08-21 16:12:19.821,27927.545
2026-08-21 16:12:20.233,28308.3229
2026-08-21 16:12:20.646,28453.8433
2026-08-21 16:12:21.059,28076.7923
2026-08-21 16:12:21.472,27710.8144
2026-08-21 16:12:21.898,27376.0219
2026-08-21 16:12:22.377,27062.2453
2026-08-21 16:12:22.790,26903.1807
2026-08-21 16:12:23.217,26943.952
2026-08-21 16:12:23.631,27134.9003
2026-08-21 16:12:24.058,27422.2401
2026-08-21 16:12:24.483,27773.424
2026-08-21 16:12:24.897,28154.4529
2026-08-21 16:12:25.309,28492.7429
2026-08-21 16:12:25.736,28245.6794
2026-08-21 16:12:26.197,27857.1307
2026-08-21 16:12:26.627,27466.1598
2026-08-21 16:12:27.044,27161.7118
2026-08-21 16:12:27.456,26961.2888
2026-08-21 16:12:27.883,26912.4775
2026-08-21 16:12:28.296,27054.3871
2026-08-21 16:12:28.715,27306.7711
2026-08-21 16:12:29.126,27408.7418
2026-08-21 16:12:29.540,27128.4431
2026-08-21 16:12:29.967,26939.4482
2026-08-21 16:12:30.379,26919.819
2026-08-21 16:12:30.855,27114.634
2026-08-21 16:12:31.268,27399.3901
2026-08-21 16:12:31.682,27326.8042
2026-08-21 16:12:32.103,27060.5195
2026-08-21 16:12:32.517,26902.2618
2026-08-21 16:12:32.955,26876.7855
2026-08-21 16:12:33.368,26878.9657
2026-08-21 16:12:33.786,26880.8776
2026-08-21 16:12:34.212,26881.3157
2026-08-21 16:12:34.634,26881.1073
2026-08-21 16:12:35.068,26881.0558
2026-08-21 16:12:35.492,26881.2107
2026-08-21 16:12:35.904,26881.636
2026-08-21 16:12:36.317,26881.8203
2026-08-21 16:12:36.730,26881.6713
2026-08-21 16:12:37.144,26881.5872
2026-08-21 16:12:37.557,26884.6547
2026-08-21 16:12:37.976,26978.6362
2026-08-21 16:12:38.388,27192.0999
2026-08-21 16:12:38.821,27491.3922
2026-08-21 16:12:39.240,27847.0383
2026-08-21 16:12:39.667,28225.3819
2026-08-21 16:12:40.080,28519.9905
2026-08-21 16:12:40.494,28206.1523
2026-08-21 16:12:40.919,27831.998
2026-08-21 16:12:41.332,27477.7381
2026-08-21 16:12:41.744,27182.5666
2026-08-21 16:12:42.166,26982.0162
2026-08-21 16:12:42.580,26927.5151
2026-08-21 16:12:42.993,27068.6326
2026-08-21 16:12:43.406,27320.4209
2026-08-21 16:12:43.820,27642.6055
2026-08-21 16:12:44.233,28000.9543
2026-08-21 16:12:44.660,28384.2377
2026-08-21 16:12:45.072,28458.904
2026-08-21 16:12:45.490,28072.1609
2026-08-21 16:12:45.902,27704.9234
2026-08-21 16:12:46.314,27375.3206
2026-08-21 16:12:46.727,27109.7802
2026-08-21 16:12:47.140,26952.3529
2026-08-21 16:12:47.554,26973.2401
2026-08-21 16:12:47.967,27151.4706
2026-08-21 16:12:48.389,27429.2915
2026-08-21 16:12:48.816,27337.428
2026-08-21 16:12:49.242,27078.297
2026-08-21 16:12:49.654,26932.1956
2026-08-21 16:12:50.080,26999.9062
2026-08-21 16:12:50.499,27210.2751
2026-08-21 16:12:50.916,27471.6883
2026-08-21 16:12:51.343,27288.1104
2026-08-21 16:12:51.759,27039.4356
2026-08-21 16:12:52.172,26919.4891
2026-08-21 16:12:52.599,26912.4054
2026-08-21 16:12:53.029,26914.6645
2026-08-21 16:12:53.447,26916.6906
2026-08-21 16:12:53.860,26916.4245
2026-08-21 16:12:54.273,26916.5467
2026-08-21 16:12:54.695,26917.1662
2026-08-21 16:12:55.108,26917.4681
2026-08-21 16:12:55.537,26917.5199
2026-08-21 16:12:55.951,26917.3987
2026-08-21 16:12:56.365,26916.8263
2026-08-21 16:12:56.779,26916.5571
2026-08-21 16:12:57.191,26928.124
2026-08-21 16:12:57.616,27049.8185
2026-08-21 16:12:58.033,27289.8814
2026-08-21 16:12:58.465,27602.7767
2026-08-21 16:12:58.877,27970.0612
2026-08-21 16:12:59.291,28347.3035
2026-08-21 16:12:59.703,28532.2793
2026-08-21 16:13:00.119,28165.4168
2026-08-21 16:13:00.531,27793.0906
2026-08-21 16:13:00.952,27456.3722
2026-08-21 16:13:01.364,27166.8375
2026-08-21 16:13:01.792,26985.8193
2026-08-21 16:13:02.209,26972.2173
2026-08-21 16:13:02.621,27139.5841
2026-08-21 16:13:03.055,27419.5537
2026-08-21 16:13:03.468,27757.3854
2026-08-21 16:13:03.903,28134.2077
2026-08-21 16:13:04.316,28517.6568
2026-08-21 16:13:04.744,28357.1065
2026-08-21 16:13:05.169,27975.6653
2026-08-21 16:13:05.582,27611.5407
2026-08-21 16:13:05.994,27296.4866
2026-08-21 16:13:06.419,27062.7887
2026-08-21 16:13:06.833,26954.3461
2026-08-21 16:13:07.251,27048.1133
2026-08-21 16:13:07.664,27271.4317
2026-08-21 16:13:08.087,27496.7185
2026-08-21 16:13:08.548,27227.2541
2026-08-21 16:13:08.959,27016.005
2026-08-21 16:13:09.380,26953.4793
2026-08-21 16:13:09.792,27094.1248
2026-08-21 16:13:10.219,27344.5703
2026-08-21 16:13:10.632,27471.2542
2026-08-21 16:13:11.072,27181.5733
2026-08-21 16:13:11.501,26984.8632
2026-08-21 16:13:11.913,26928.8846
2026-08-21 16:13:12.326,26932.2107
2026-08-21 16:13:12.753,26933.957
2026-08-21 16:13:13.166,26935.4356
2026-08-21 16:13:13.598,26934.6508
2026-08-21 16:13:14.012,26934.6202
2026-08-21 16:13:14.435,26934.7512
2026-08-21 16:13:14.850,26934.9025
2026-08-21 16:13:15.264,26934.7017
2026-08-21 16:13:15.676,26934.5465
2026-08-21 16:13:16.089,26934.5309
2026-08-21 16:13:16.504,26934.6044
2026-08-21 16:13:16.923,26985.585
2026-08-21 16:13:17.354,27166.0553
2026-08-21 16:13:17.787,27464.2403
2026-08-21 16:13:18.199,27802.451
2026-08-21 16:13:18.612,28167.8413
2026-08-21 16:13:19.039,28542.4983
2026-08-21 16:13:19.452,28375.4187
2026-08-21 16:13:19.884,27989.408
2026-08-21 16:13:20.317,27623.5989
2026-08-21 16:13:20.731,27295.5772
2026-08-21 16:13:21.143,27067.1215
2026-08-21 16:13:21.570,26966.0737
2026-08-21 16:13:21.981,27067.1058
2026-08-21 16:13:22.393,27290.2697
2026-08-21 16:13:22.805,27596.6996
2026-08-21 16:13:23.226,27945.1213
2026-08-21 16:13:23.646,28329.2974
2026-08-21 16:13:24.060,28566.1399
2026-08-21 16:13:24.485,28217.3135
2026-08-21 16:13:24.901,27835.2921
2026-08-21 16:13:25.312,27493.4579
2026-08-21 16:13:25.748,27198.7324
2026-08-21 16:13:26.164,27014.3513
2026-08-21 16:13:26.582,26996.5211
2026-08-21 16:13:27.008,27157.7479
2026-08-21 16:13:27.422,27434.3838
2026-08-21 16:13:27.834,27442.6746
2026-08-21 16:13:28.301,27136.4903
2026-08-21 16:13:28.718,26981.425
2026-08-21 16:13:29.132,27026.1198
2026-08-21 16:13:29.545,27221.8122
2026-08-21 16:13:29.982,27503.1926
2026-08-21 16:13:30.411,27354.9157
2026-08-21 16:13:30.824,27094.8672
2026-08-21 16:13:31.252,26963.5881
2026-08-21 16:13:31.663,26953.0862
2026-08-21 16:13:32.079,26954.7303
2026-08-21 16:13:32.560,26956.3221
2026-08-21 16:13:32.980,26957.156
2026-08-21 16:13:33.395,26956.6405
2026-08-21 16:13:33.807,26956.2386
2026-08-21 16:13:34.235,26956.2028
2026-08-21 16:13:34.652,26956.5177
2026-08-21 16:13:35.064,26956.7018
2026-08-21 16:13:35.476,26956.836
2026-08-21 16:13:35.892,26957.0099
2026-08-21 16:13:36.303,26970.8253
2026-08-21 16:13:36.771,27097.712
2026-08-21 16:13:37.217,27394.0962
2026-08-21 16:13:37.630,27716.0099
2026-08-21 16:13:38.041,28072.8051
2026-08-21 16:13:38.514,28455.3492
2026-08-21 16:13:38.931,28473.3716
2026-08-21 16:13:39.348,28087.1103
2026-08-21 16:13:39.761,27724.2791
2026-08-21 16:13:40.173,27399.2344
2026-08-21 16:13:40.591,27143.7157
2026-08-21 16:13:41.003,27000.6424
2026-08-21 16:13:41.504,27086.1138
2026-08-21 16:13:41.929,27306.2402
2026-08-21 16:13:42.345,27622.3359
2026-08-21 16:13:42.770,27974.9094
2026-08-21 16:13:43.199,28363.6867
2026-08-21 16:13:43.612,28593.6231
2026-08-21 16:13:44.033,28237.1125
2026-08-21 16:13:44.445,27859.1846
2026-08-21 16:13:44.866,27520.3315
2026-08-21 16:13:45.279,27227.7077
2026-08-21 16:13:45.745,27029.7515
2026-08-21 16:13:46.156,27032.395
2026-08-21 16:13:46.584,27208.6016
2026-08-21 16:13:47.013,27495.4462
2026-08-21 16:13:47.436,27431.2707
2026-08-21 16:13:47.853,27158.9325
2026-08-21 16:13:48.268,27005.6648
2026-08-21 16:13:48.698,27059.081
2026-08-21 16:13:49.114,27260.803
2026-08-21 16:13:49.528,27532.2608
2026-08-21 16:13:49.943,27378.2331
2026-08-21 16:13:50.407,27104.0705
2026-08-21 16:13:50.822,26985.8044
2026-08-21 16:13:51.249,26978.3689
2026-08-21 16:13:51.660,26979.9773
2026-08-21 16:13:52.121,26981.7021
2026-08-21 16:13:52.540,26983.2794
2026-08-21 16:13:52.966,26984.7948
2026-08-21 16:13:53.379,26985.2362
2026-08-21 16:13:53.793,26984.0402
2026-08-21 16:13:54.221,26981.2301
2026-08-21 16:13:54.647,26979.5944
2026-08-21 16:13:55.060,26979.3192
2026-08-21 16:13:55.472,26979.3357
2026-08-21 16:13:55.884,26998.6671
2026-08-21 16:13:56.296,27136.6732
2026-08-21 16:13:56.709,27379.9876
2026-08-21 16:13:57.125,27695.1568
2026-08-21 16:13:57.538,28052.1095
2026-08-21 16:13:57.952,28433.0637
2026-08-21 16:13:58.374,28592.0177
2026-08-21 16:13:58.786,28207.4621
2026-08-21 16:13:59.208,27840.7706
2026-08-21 16:13:59.620,27498.2664
2026-08-21 16:14:00.038,27221.4185
2026-08-21 16:14:00.461,27046.6061
2026-08-21 16:14:00.954,27076.6436
2026-08-21 16:14:01.367,27272.4619
2026-08-21 16:14:01.789,27563.7349
2026-08-21 16:14:02.204,27914.4392
2026-08-21 16:14:02.669,28337.3485
2026-08-21 16:14:03.096,28632.6507
2026-08-21 16:14:03.509,28317.9649
2026-08-21 16:14:03.925,27943.1163
2026-08-21 16:14:04.341,27595.2121
2026-08-21 16:14:04.756,27294.5541
2026-08-21 16:14:05.169,27091.8594
2026-08-21 16:14:05.591,27035.4237
2026-08-21 16:14:06.007,27173.0464
2026-08-21 16:14:06.425,27424.7426
2026-08-21 16:14:06.841,27542.957
2026-08-21 16:14:07.260,27260.4889
2026-08-21 16:14:07.720,27051.5865
2026-08-21 16:14:08.148,27055.9917
2026-08-21 16:14:08.559,27232.4658
2026-08-21 16:14:08.975,27507.5932
2026-08-21 16:14:09.390,27498.0656
2026-08-21 16:14:09.839,27209.1339
2026-08-21 16:14:10.267,27032.4156
2026-08-21 16:14:10.680,26999.4234
2026-08-21 16:14:11.097,27001.1588
2026-08-21 16:14:11.512,27002.7755
2026-08-21 16:14:11.924,27003.3997
2026-08-21 16:14:12.336,27002.7399
2026-08-21 16:14:12.752,27002.7423
2026-08-21 16:14:13.166,27002.8489
2026-08-21 16:14:13.585,27002.9698
2026-08-21 16:14:14.011,27002.9763
2026-08-21 16:14:14.423,27003.0525
2026-08-21 16:14:14.846,27002.9343
2026-08-21 16:14:15.258,27002.8632
2026-08-21 16:14:15.725,27096.3813
2026-08-21 16:14:16.137,27304.6267
2026-08-21 16:14:16.548,27598.2321
2026-08-21 16:14:16.960,27939.1072
2026-08-21 16:14:17.387,28323.1921
2026-08-21 16:14:17.800,28642.433
2026-08-21 16:14:18.218,28361.9162
2026-08-21 16:14:18.665,27984.6819
2026-08-21 16:14:19.085,27609.1562
2026-08-21 16:14:19.496,27305.7458
2026-08-21 16:14:19.922,27101.6713
2026-08-21 16:14:20.340,27043.0256
2026-08-21 16:14:20.776,27183.5859
2026-08-21 16:14:21.190,27451.6668
2026-08-21 16:14:21.616,27777.4854
2026-08-21 16:14:22.027,28148.3216
2026-08-21 16:14:22.487,28533.2342
2026-08-21 16:14:22.907,28507.5463
2026-08-21 16:14:23.349,28090.5318
2026-08-21 16:14:23.761,27733.7406
2026-08-21 16:14:24.227,27377.6988
2026-08-21 16:14:24.639,27147.6361
2026-08-21 16:14:25.053,27045.6904
2026-08-21 16:14:25.465,27140.6638
2026-08-21 16:14:25.877,27361.534
2026-08-21 16:14:26.304,27589.2315
2026-08-21 16:14:26.791,27301.893
2026-08-21 16:14:27.211,27098.0334
2026-08-21 16:14:27.624,27048.276
2026-08-21 16:14:28.034,27195.0766
2026-08-21 16:14:28.449,27450.3325
2026-08-21 16:14:28.912,27529.999
2026-08-21 16:14:29.326,27247.9244
2026-08-21 16:14:29.738,27067.4366
2026-08-21 16:14:30.151,27018.7924
2026-08-21 16:14:30.564,27021.824
2026-08-21 16:14:30.980,27023.1846
2026-08-21 16:14:31.441,27024.6
2026-08-21 16:14:31.853,27024.0221
2026-08-21 16:14:32.277,27023.7931
2026-08-21 16:14:32.691,27023.8831
2026-08-21 16:14:33.159,27024.2268
2026-08-21 16:14:33.585,27024.5886
2026-08-21 16:14:33.998,27024.9247
2026-08-21 16:14:34.411,27025.1002
2026-08-21 16:14:34.826,27026.1506
2026-08-21 16:14:35.242,27109.2039
2026-08-21 16:14:35.682,27312.5092
2026-08-21 16:14:36.095,27623.6995
2026-08-21 16:14:36.507,27966.2164
2026-08-21 16:14:36.923,28336.8949
2026-08-21 16:14:37.336,28665.1527
2026-08-21 16:14:37.756,28396.1556
2026-08-21 16:14:38.168,28011.4568
2026-08-21 16:14:38.595,27651.2231
2026-08-21 16:14:39.008,27348.3828
2026-08-21 16:14:39.425,27134.8844
2026-08-21 16:14:39.851,27063.4067
2026-08-21 16:14:40.262,27195.3564
2026-08-21 16:14:40.675,27440.1378
2026-08-21 16:14:41.088,27759.0476
2026-08-21 16:14:41.501,28116.0197
2026-08-21 16:14:41.917,28498.4273
2026-08-21 16:14:42.343,28634.4082
2026-08-21 16:14:42.758,28240.5477
2026-08-21 16:14:43.170,27872.0845
2026-08-21 16:14:43.582,27538.3172
2026-08-21 16:14:43.995,27263.9122
2026-08-21 16:14:44.408,27096.0343
2026-08-21 16:14:44.821,27100.765
2026-08-21 16:14:45.241,27271.1718
2026-08-21 16:14:45.668,27551.1773
2026-08-21 16:14:46.086,27493.5311
2026-08-21 16:14:46.497,27227.8501
2026-08-21 16:14:46.909,27073.3643
2026-08-21 16:14:47.323,27115.4828
2026-08-21 16:14:47.736,27307.6939
2026-08-21 16:14:48.148,27584.5053
2026-08-21 16:14:48.562,27467.9672
2026-08-21 16:14:48.975,27207.595
2026-08-21 16:14:49.401,27061.9482
2026-08-21 16:14:49.818,27041.9837
2026-08-21 16:14:50.232,27044.2687
2026-08-21 16:14:50.648,27047.298
2026-08-21 16:14:51.076,27048.4514
2026-08-21 16:14:51.491,27048.1311
2026-08-21 16:14:51.903,27048.2479
2026-08-21 16:14:52.317,27048.3705
2026-08-21 16:14:52.760,27048.2759
2026-08-21 16:14:53.188,27048.3586
2026-08-21 16:14:53.613,27047.9872
2026-08-21 16:14:54.035,27047.1976
2026-08-21 16:14:54.451,27053.3158
2026-08-21 16:14:54.880,27164.3242
2026-08-21 16:14:55.293,27398.1374
2026-08-21 16:14:55.705,27703.8989
2026-08-21 16:14:56.123,28051.3998
2026-08-21 16:14:56.536,28431.0067
2026-08-21 16:14:56.973,28677.3912
2026-08-21 16:14:57.527,28246.8675
2026-08-21 16:14:57.944,27824.997
2026-08-21 16:14:58.357,27497.8885
2026-08-21 16:14:58.770,27238.2311
2026-08-21 16:14:59.186,27089.1036
2026-08-21 16:14:59.600,27131.6357
2026-08-21 16:15:00.029,27331.8387
2026-08-21 16:15:00.470,27636.0189
2026-08-21 16:15:00.882,27989.3805
2026-08-21 16:15:01.296,28361.4048
2026-08-21 16:15:01.717,28695.6053
2026-08-21 16:15:02.130,28430.0161
2026-08-21 16:15:02.596,28008.5412
2026-08-21 16:15:03.008,27657.9039
2026-08-21 16:15:03.420,27358.0357
2026-08-21 16:15:03.838,27152.6517
2026-08-21 16:15:04.250,27089.4722
2026-08-21 16:15:04.677,27218.7595
2026-08-21 16:15:05.161,27523.8713
2026-08-21 16:15:05.573,27566.1085
2026-08-21 16:15:05.985,27284.5114
2026-08-21 16:15:06.412,27106.6826
2026-08-21 16:15:06.824,27109.3229
2026-08-21 16:15:07.237,27283.7419
2026-08-21 16:15:07.667,27559.7096
2026-08-21 16:15:08.081,27514.9017
2026-08-21 16:15:08.507,27245.9801
2026-08-21 16:15:08.919,27082.9541
2026-08-21 16:15:09.331,27055.8188
2026-08-21 16:15:09.745,27057.3433
2026-08-21 16:15:10.170,27057.903
2026-08-21 16:15:10.584,27059.4778
2026-08-21 16:15:11.014,27058.8998
2026-08-21 16:15:11.427,27058.0999
2026-08-21 16:15:11.839,27057.7958
2026-08-21 16:15:12.253,27057.5443
2026-08-21 16:15:12.676,27057.2765
2026-08-21 16:15:13.088,27057.2224
2026-08-21 16:15:13.500,27057.0967
2026-08-21 16:15:13.928,27057.405
2026-08-21 16:15:14.344,27139.7848
2026-08-21 16:15:14.757,27341.6711
2026-08-21 16:15:15.176,27631.1316
2026-08-21 16:15:15.589,27975.4862
2026-08-21 16:15:16.001,28345.1756
2026-08-21 16:15:16.414,28688.1268
2026-08-21 16:15:16.827,28449.9968
2026-08-21 16:15:17.272,28071.4831
2026-08-21 16:15:17.688,27694.6924
2026-08-21 16:15:18.101,27387.1017
2026-08-21 16:15:18.514,27171.631
2026-08-21 16:15:18.930,27092.7505
2026-08-21 16:15:19.344,27213.6198
2026-08-21 16:15:19.771,27463.05
2026-08-21 16:15:20.210,27781.0488
2026-08-21 16:15:20.626,28161.1273
2026-08-21 16:15:21.043,28548.2361
2026-08-21 16:15:21.458,28651.0404
2026-08-21 16:15:21.870,28262.9229
2026-08-21 16:15:22.284,27898.1165
2026-08-21 16:15:22.762,27524.7191
2026-08-21 16:15:23.178,27257.4034
2026-08-21 16:15:23.638,27107.6305
2026-08-21 16:15:24.104,27190.3327
2026-08-21 16:15:24.569,27448.6359
2026-08-21 16:15:24.982,27646.4197
2026-08-21 16:15:25.393,27393.8103
2026-08-21 16:15:25.806,27177.5082
2026-08-21 16:15:26.233,27105.0913
2026-08-21 16:15:26.645,27241.3367
2026-08-21 16:15:27.085,27488.9069
2026-08-21 16:15:27.498,27629.7272
2026-08-21 16:15:27.912,27348.98
2026-08-21 16:15:28.339,27151.0037
2026-08-21 16:15:28.750,27083.9912
2026-08-21 16:15:29.162,27087.2343
2026-08-21 16:15:29.575,27089.3945
2026-08-21 16:15:29.988,27090.9872
2026-08-21 16:15:30.415,27090.772
2026-08-21 16:15:30.879,27091.4518
2026-08-21 16:15:31.302,27091.8851
2026-08-21 16:15:31.713,27092.6541
2026-08-21 16:15:32.127,27093.0947
2026-08-21 16:15:32.554,27093.7227
2026-08-21 16:15:32.980,27094.1186
2026-08-21 16:15:33.401,27094.4373
2026-08-21 16:15:33.815,27153.8218
2026-08-21 16:15:34.244,27338.7468
2026-08-21 16:15:34.657,27628.9228
2026-08-21 16:15:35.096,27976.4921
2026-08-21 16:15:35.509,28356.9787
2026-08-21 16:15:35.923,28720.798
2026-08-21 16:15:36.336,28524.9787
2026-08-21 16:15:36.757,28143.0257
2026-08-21 16:15:37.221,27739.7558
2026-08-21 16:15:37.637,27433.8898
2026-08-21 16:15:38.049,27214.9356
2026-08-21 16:15:38.462,27133.1493
2026-08-21 16:15:38.875,27249.6364
2026-08-21 16:15:39.288,27485.197
2026-08-21 16:15:39.712,27800.0276
2026-08-21 16:15:40.133,28164.695
2026-08-21 16:15:40.611,28604.7484
2026-08-21 16:15:41.024,28671.8454
2026-08-21 16:15:41.436,28282.074
2026-08-21 16:15:41.859,27917.9822
2026-08-21 16:15:42.276,27578.1337
2026-08-21 16:15:42.692,27310.027
2026-08-21 16:15:43.114,27155.9433
2026-08-21 16:15:43.540,27192.1591
2026-08-21 16:15:43.955,27386.9405
2026-08-21 16:15:44.368,27661.5773
2026-08-21 16:15:44.831,27529.7093
2026-08-21 16:15:45.250,27249.0435
2026-08-21 16:15:45.666,27132.3422
2026-08-21 16:15:46.078,27217.2201
2026-08-21 16:15:46.490,27430.686
2026-08-21 16:15:46.958,27685.0043
2026-08-21 16:15:47.375,27448.7651
2026-08-21 16:15:47.794,27222.3711
2026-08-21 16:15:48.207,27120.7791
2026-08-21 16:15:48.632,27118.6592
2026-08-21 16:15:49.046,27120.097
2026-08-21 16:15:49.476,27122.1632
2026-08-21 16:15:49.888,27122.4459
2026-08-21 16:15:50.308,27122.523
2026-08-21 16:15:50.720,27122.6951
2026-08-21 16:15:51.134,27123.0935
2026-08-21 16:15:51.547,27123.6909
2026-08-21 16:15:51.965,27124.3909
2026-08-21 16:15:52.411,27124.73
2026-08-21 16:15:52.830,27125.2951
2026-08-21 16:15:53.242,27125.7097
2026-08-21 16:15:53.655,27126.3008
2026-08-21 16:15:54.074,27126.6461
2026-08-21 16:15:54.487,27127.2969
2026-08-21 16:15:54.907,27128.1287
2026-08-21 16:15:55.351,27129.1455
2026-08-21 16:15:55.776,27130.1902
2026-08-21 16:15:56.196,27131.0653
2026-08-21 16:15:56.609,27131.8469
2026-08-21 16:15:57.070,27132.8639
2026-08-21 16:15:57.497,27133.454
2026-08-21 16:15:57.918,27134.2781
2026-08-21 16:15:58.347,27135.1571
2026-08-21 16:15:58.759,27135.8925
2026-08-21 16:15:59.173,27136.4321
2026-08-21 16:15:59.589,27136.9789
2026-08-21 16:16:00.001,27137.783
2026-08-21 16:16:00.416,27138.2449
2026-08-21 16:16:00.830,27139.0087
2026-08-21 16:16:01.261,27139.8473
2026-08-21 16:16:01.701,27140.8944
2026-08-21 16:16:02.114,27141.9517
2026-08-21 16:16:02.535,27143.2044
2026-08-21 16:16:02.949,27144.1289
2026-08-21 16:16:03.375,27145.0158
2026-08-21 16:16:03.841,27146.0631
2026-08-21 16:16:04.259,27146.9029
2026-08-21 16:16:04.671,27147.684
2026-08-21 16:16:05.084,27148.5641
2026-08-21 16:16:05.497,27149.0938
2026-08-21 16:16:05.923,27149.9652
2026-08-21 16:16:06.411,27150.9284
2026-08-21 16:16:06.823,27151.7209
2026-08-21 16:16:07.244,27152.7805
2026-08-21 16:16:07.655,27153.3051
2026-08-21 16:16:08.069,27153.7286
2026-08-21 16:16:08.482,27154.2839
2026-08-21 16:16:08.923,27154.9369
2026-08-21 16:16:09.335,27155.4127
2026-08-21 16:16:09.749,27156.2172
2026-08-21 16:16:10.162,27156.8935
2026-08-21 16:16:10.586,27157.7739
2026-08-21 16:16:11.060,27159.4368
2026-08-21 16:16:11.473,27161.0497
2026-08-21 16:16:11.884,27164.504
2026-08-21 16:16:12.312,27162.8366
2026-08-21 16:16:12.729,27161.6144
2026-08-21 16:16:13.159,27161.468
2026-08-21 16:16:13.573,27161.4907
2026-08-21 16:16:13.985,27161.8265
2026-08-21 16:16:14.398,27161.8091
2026-08-21 16:16:14.811,27161.6812
2026-08-21 16:16:15.225,27161.8688
2026-08-21 16:16:15.638,27162.175
2026-08-21 16:16:16.051,27162.132
2026-08-21 16:16:16.476,27162.0715
2026-08-21 16:16:16.893,27162.1073
2026-08-21 16:16:17.310,27162.148
2026-08-21 16:16:17.737,27162.2604
2026-08-21 16:16:18.150,27162.3543
2026-08-21 16:16:18.564,27162.7715
2026-08-21 16:16:19.003,27163.2777
2026-08-21 16:16:19.415,27163.4887
2026-08-21 16:16:19.827,27164.046
2026-08-21 16:16:20.251,27164.3495
2026-08-21 16:16:20.665,27164.5575
2026-08-21 16:16:21.088,27164.713
2026-08-21 16:16:21.595,27165.1318
2026-08-21 16:16:22.057,27165.1198
2026-08-21 16:16:22.470,27165.2107
